FORECAST_DATE,INFORMATION_DATE,CURRENT_STATE,DYNAMIC_MODEL_ID,FIXED_P_TO_0,DYNAMIC_P_TO_0,FIXED_P_TO_1,DYNAMIC_P_TO_1,FIXED_P_TO_2,DYNAMIC_P_TO_2,FIXED_P_TO_3,DYNAMIC_P_TO_3,FIXED_ROW_SUM,DYNAMIC_ROW_SUM
2017-01-03,2016-12-30,0,group_weighted_multinomial_logistic_gam,0.9505394000413604,0.9735311043485925,0.025470001780594585,0.012328540283403296,0.023757427860250556,0.012666564526056062,0.00023317031779450392,0.001473790841947919,1.0,0.9999999999999997
2017-01-04,2017-01-03,0,group_weighted_multinomial_logistic_gam,0.9505394000413604,0.9746506418945571,0.025470001780594585,0.011192372063894344,0.023757427860250556,0.012678657166951362,0.00023317031779450392,0.0014783288745972268,1.0,1.0
2017-01-05,2017-01-04,0,group_weighted_multinomial_logistic_gam,0.9505394000413604,0.979524659772206,0.025470001780594585,0.009769610592430669,0.023757427860250556,0.009604603538622282,0.00023317031779450392,0.0011011260967408519,1.0,0.9999999999999998
2017-01-06,2017-01-05,0,group_weighted_multinomial_logistic_gam,0.9505394000413604,0.978349682719437,0.025470001780594585,0.008970901680114895,0.023757427860250556,0.01147006013787941,0.00023317031779450392,0.0012093554625687462,1.0,1.0000000000000002
2017-01-09,2017-01-06,0,group_weighted_multinomial_logistic_gam,0.9505394000413604,0.976761108480723,0.025470001780594585,0.012065047417080121,0.023757427860250556,0.009894687051374586,0.00023317031779450392,0.0012791570508222843,1.0,1.0
2017-01-10,2017-01-09,0,group_weighted_multinomial_logistic_gam,0.9505394000413604,0.9729475826547238,0.025470001780594585,0.01209240197864598,0.023757427860250556,0.013442328546100293,0.00023317031779450392,0.0015176868205297451,1.0,0.9999999999999999
2017-01-11,2017-01-10,0,group_weighted_multinomial_logistic_gam,0.9505394000413604,0.975839126727111,0.025470001780594585,0.011885491010049895,0.023757427860250556,0.010983864856406483,0.00023317031779450392,0.0012915174064324017,1.0,0.9999999999999998
2017-01-12,2017-01-11,0,group_weighted_multinomial_logistic_gam,0.9505394000413604,0.9782286208001056,0.025470001780594585,0.010757903360779681,0.023757427860250556,0.009848378252969713,0.00023317031779450392,0.0011650975861449647,1.0,0.9999999999999999
2017-01-13,2017-01-12,0,group_weighted_multinomial_logistic_gam,0.9505394000413604,0.9807925862833646,0.025470001780594585,0.009487431368919831,0.023757427860250556,0.00881466055453736,0.00023317031779450392,0.0009053217931782334,1.0,1.0
2017-01-17,2017-01-13,0,group_weighted_multinomial_logistic_gam,0.9505394000413604,0.978260758784014,0.025470001780594585,0.010736984918807261,0.023757427860250556,0.009893526762407378,0.00023317031779450392,0.0011087295347714118,1.0,1.0
2017-01-18,2017-01-17,0,group_weighted_multinomial_logistic_gam,0.9505394000413604,0.9794682677677621,0.025470001780594585,0.009239318741462367,0.023757427860250556,0.010259914183110265,0.00023317031779450392,0.0010324993076654305,1.0,1.0
2017-01-19,2017-01-18,0,group_weighted_multinomial_logistic_gam,0.9505394000413604,0.976094892484712,0.025470001780594585,0.012505503543459848,0.023757427860250556,0.01013259704248379,0.00023317031779450392,0.0012670069293445106,1.0,1.0000000000000002
2017-01-20,2017-01-19,0,group_weighted_multinomial_logistic_gam,0.9505394000413604,0.9759750199975776,0.025470001780594585,0.01303558030878924,0.023757427860250556,0.009779335099041686,0.00023317031779450392,0.0012100645945915093,1.0,1.0000000000000002
2017-01-23,2017-01-20,0,group_weighted_multinomial_logistic_gam,0.9505394000413604,0.9807520831339822,0.025470001780594585,0.009738552496693685,0.023757427860250556,0.008565349059978862,0.00023317031779450392,0.0009440153093453063,1.0,1.0
2017-01-24,2017-01-23,0,group_weighted_multinomial_logistic_gam,0.9505394000413604,0.9799015621774321,0.025470001780594585,0.008970768986666535,0.023757427860250556,0.010124626285586406,0.00023317031779450392,0.0010030425503150028,1.0,1.0
2017-01-25,2017-01-24,0,group_weighted_multinomial_logistic_gam,0.9505394000413604,0.9809101865541857,0.025470001780594585,0.010134696937610361,0.023757427860250556,0.008017155103419372,0.00023317031779450392,0.0009379614047845231,1.0,1.0
2017-01-26,2017-01-25,0,group_weighted_multinomial_logistic_gam,0.9505394000413604,0.9793978534516377,0.025470001780594585,0.010492790439663873,0.023757427860250556,0.00906005829894371,0.00023317031779450392,0.0010492978097548205,1.0,1.0
2017-01-27,2017-01-26,0,group_weighted_multinomial_logistic_gam,0.9505394000413604,0.98074807165825,0.025470001780594585,0.009480694820624838,0.023757427860250556,0.008850539856513797,0.00023317031779450392,0.0009206936646113376,1.0,1.0
2017-01-30,2017-01-27,0,group_weighted_multinomial_logistic_gam,0.9505394000413604,0.9800331595036375,0.025470001780594585,0.009099913866044359,0.023757427860250556,0.009913969459482586,0.00023317031779450392,0.0009529571708355355,1.0,1.0
2017-01-31,2017-01-30,0,group_weighted_multinomial_logistic_gam,0.9505394000413604,0.9786398856353345,0.025470001780594585,0.010791607292355008,0.023757427860250556,0.009584953254077953,0.00023317031779450392,0.0009835538182323012,1.0,0.9999999999999998
2017-02-01,2017-01-31,0,group_weighted_multinomial_logistic_gam,0.9505394000413604,0.9815874163253636,0.025470001780594585,0.009003055749043762,0.023757427860250556,0.008535840187022298,0.00023317031779450392,0.0008736877385704167,1.0,1.0
2017-02-02,2017-02-01,0,group_weighted_multinomial_logistic_gam,0.9505394000413604,0.982960536946134,0.025470001780594585,0.008973990296837294,0.023757427860250556,0.0073058925686009584,0.00023317031779450392,0.0007595801884276207,1.0,0.9999999999999998
2017-02-03,2017-02-02,0,group_weighted_multinomial_logistic_gam,0.9505394000413604,0.98233005214476,0.025470001780594585,0.008490916611504858,0.023757427860250556,0.008384363612158711,0.00023317031779450392,0.0007946676315762586,1.0,0.9999999999999997
2017-02-06,2017-02-03,0,group_weighted_multinomial_logistic_gam,0.9505394000413604,0.9835130109672868,0.025470001780594585,0.008164374349595426,0.023757427860250556,0.007572666366242539,0.00023317031779450392,0.0007499483168751877,1.0,0.9999999999999999
2017-02-07,2017-02-06,0,group_weighted_multinomial_logistic_gam,0.9505394000413604,0.9813841237191935,0.025470001780594585,0.008085837652150088,0.023757427860250556,0.009643068227637847,0.00023317031779450392,0.0008869704010186898,1.0,1.0
2017-02-08,2017-02-07,0,group_weighted_multinomial_logistic_gam,0.9505394000413604,0.9812223677512413,0.025470001780594585,0.00910156208293714,0.023757427860250556,0.008771778657042277,0.00023317031779450392,0.0009042915087790842,1.0,0.9999999999999998
2017-02-09,2017-02-08,0,group_weighted_multinomial_logistic_gam,0.9505394000413604,0.9832842672599229,0.025470001780594585,0.007945833822671782,0.023757427860250556,0.007966363113008194,0.00023317031779450392,0.0008035358043971235,1.0,1.0
2017-02-10,2017-02-09,0,group_weighted_multinomial_logistic_gam,0.9505394000413604,0.9835746595463744,0.025470001780594585,0.008585971668281967,0.023757427860250556,0.0071120721440139575,0.00023317031779450392,0.0007272966413300207,1.0,1.0000000000000004
2017-02-13,2017-02-10,0,group_weighted_multinomial_logistic_gam,0.9505394000413604,0.9844284457574788,0.025470001780594585,0.007846036851246317,0.023757427860250556,0.00705540063364307,0.00023317031779450392,0.0006701167576319525,1.0,1.0
2017-02-14,2017-02-13,0,group_weighted_multinomial_logistic_gam,0.9505394000413604,0.9828465720979696,0.025470001780594585,0.008332419456567245,0.023757427860250556,0.008046681180489668,0.00023317031779450392,0.000774327264973695,1.0,1.0000000000000002
2017-02-15,2017-02-14,0,group_weighted_multinomial_logistic_gam,0.9505394000413604,0.9835827452479188,0.025470001780594585,0.008561608332731783,0.023757427860250556,0.0071236790793561345,0.00023317031779450392,0.000731967339993472,1.0,1.0000000000000002
2017-02-16,2017-02-15,0,group_weighted_multinomial_logistic_gam,0.9505394000413604,0.9827179039852773,0.025470001780594585,0.008928438491483219,0.023757427860250556,0.007585555647623652,0.00023317031779450392,0.00076810187561572,1.0,0.9999999999999998
2017-02-17,2017-02-16,0,group_weighted_multinomial_logistic_gam,0.9505394000413604,0.9830599793610428,0.025470001780594585,0.007823101276134916,0.023757427860250556,0.008360962753414504,0.00023317031779450392,0.0007559566094079293,1.0,1.0000000000000002
2017-02-21,2017-02-17,0,group_weighted_multinomial_logistic_gam,0.9505394000413604,0.9832312654826907,0.025470001780594585,0.008065226326568488,0.023757427860250556,0.007961057626857802,0.00023317031779450392,0.0007424505638830051,1.0,1.0
2017-02-22,2017-02-21,0,group_weighted_multinomial_logistic_gam,0.9505394000413604,0.984583588907847,0.025470001780594585,0.007503133484587609,0.023757427860250556,0.007245948425049801,0.00023317031779450392,0.0006673291825154521,1.0,0.9999999999999999
2017-02-23,2017-02-22,0,group_weighted_multinomial_logistic_gam,0.9505394000413604,0.983811831666624,0.025470001780594585,0.007829903809337005,0.023757427860250556,0.007694389875100785,0.00023317031779450392,0.0006638746489381054,1.0,0.9999999999999999
2017-02-24,2017-02-23,0,group_weighted_multinomial_logistic_gam,0.9505394000413604,0.9848949862428198,0.025470001780594585,0.00718791304124436,0.023757427860250556,0.007302745661485117,0.00023317031779450392,0.0006143550544509088,1.0,1.0000000000000002
2017-02-27,2017-02-24,0,group_weighted_multinomial_logistic_gam,0.9505394000413604,0.9842133420292246,0.025470001780594585,0.007048163376923245,0.023757427860250556,0.008020565705176468,0.00023317031779450392,0.0007179288886756198,1.0,1.0
2017-02-28,2017-02-27,0,group_weighted_multinomial_logistic_gam,0.9505394000413604,0.9839830704598789,0.025470001780594585,0.008367612532519348,0.023757427860250556,0.006973247648447793,0.00023317031779450392,0.0006760693591539986,1.0,1.0
2017-03-01,2017-02-28,0,group_weighted_multinomial_logistic_gam,0.9505394000413604,0.9845833977639243,0.025470001780594585,0.007726946197209567,0.023757427860250556,0.007054409658327145,0.00023317031779450392,0.0006352463805390153,1.0,1.0
2017-03-02,2017-03-01,0,group_weighted_multinomial_logistic_gam,0.9505394000413604,0.985255356473771,0.025470001780594585,0.008274116279850524,0.023757427860250556,0.005791487339280553,0.00023317031779450392,0.000679039907097661,1.0,0.9999999999999998
2017-03-03,2017-03-02,0,group_weighted_multinomial_logistic_gam,0.9505394000413604,0.9819857116678377,0.025470001780594585,0.009105963125608033,0.023757427860250556,0.008155131603550735,0.00023317031779450392,0.0007531936030037183,1.0,1.0000000000000002
2017-03-06,2017-03-03,0,group_weighted_multinomial_logistic_gam,0.9505394000413604,0.9852798501941659,0.025470001780594585,0.007317967945386025,0.023757427860250556,0.006816966839122854,0.00023317031779450392,0.0005852150213251461,1.0,0.9999999999999998
2017-03-07,2017-03-06,0,group_weighted_multinomial_logistic_gam,0.9505394000413604,0.9846237945226984,0.025470001780594585,0.007883167467633095,0.023757427860250556,0.006889414933409923,0.00023317031779450392,0.000603623076258569,1.0,1.0
2017-03-08,2017-03-07,0,group_weighted_multinomial_logistic_gam,0.9505394000413604,0.9840570840838818,0.025470001780594585,0.00826044478048291,0.023757427860250556,0.007037595062194451,0.00023317031779450392,0.0006448760734406552,1.0,0.9999999999999999
2017-03-09,2017-03-08,0,group_weighted_multinomial_logistic_gam,0.9505394000413604,0.9805425819417775,0.025470001780594585,0.010389144399646957,0.023757427860250556,0.008189555225998584,0.00023317031779450392,0.0008787184325769383,1.0,1.0
2017-03-10,2017-03-09,0,group_weighted_multinomial_logistic_gam,0.9505394000413604,0.9819994384593579,0.025470001780594585,0.00980546857806788,0.023757427860250556,0.007402670183767465,0.00023317031779450392,0.0007924227788069416,1.0,1.0000000000000002
2017-03-13,2017-03-10,0,group_weighted_multinomial_logistic_gam,0.9505394000413604,0.985347972940572,0.025470001780594585,0.006940175628541669,0.023757427860250556,0.007123251618952509,0.00023317031779450392,0.0005885998119337663,1.0,1.0
2017-03-14,2017-03-13,0,group_weighted_multinomial_logistic_gam,0.9505394000413604,0.985249487571009,0.025470001780594585,0.007641471979535728,0.023757427860250556,0.00652536190321032,0.00023317031779450392,0.0005836785462446637,1.0,0.9999999999999997
2017-03-15,2017-03-14,0,group_weighted_multinomial_logistic_gam,0.9505394000413604,0.983464280183125,0.025470001780594585,0.008465075162852241,0.023757427860250556,0.007365857428482937,0.00023317031779450392,0.000704787225539814,1.0,1.0
2017-03-16,2017-03-15,0,group_weighted_multinomial_logistic_gam,0.9505394000413604,0.9878664932275512,0.025470001780594585,0.005107746010674216,0.023757427860250556,0.006534194537255997,0.00023317031779450392,0.0004915662245186794,1.0,1.0
2017-03-17,2017-03-16,0,group_weighted_multinomial_logistic_gam,0.9505394000413604,0.9869196613038469,0.025470001780594585,0.00647952731265709,0.023757427860250556,0.006138461499899199,0.00023317031779450392,0.00046234988359692683,1.0,1.0
2017-03-20,2017-03-17,0,group_weighted_multinomial_logistic_gam,0.9505394000413604,0.9864553400546063,0.025470001780594585,0.006630794390032467,0.023757427860250556,0.006393120008307057,0.00023317031779450392,0.0005207455470542512,1.0,1.0
2017-03-21,2017-03-20,0,group_weighted_multinomial_logistic_gam,0.9505394000413604,0.9860313832553749,0.025470001780594585,0.006751463701197219,0.023757427860250556,0.00668389049577879,0.00023317031779450392,0.0005332625476490025,1.0,0.9999999999999998
2017-03-22,2017-03-21,0,group_weighted_multinomial_logistic_gam,0.9505394000413604,0.9846458911827072,0.025470001780594585,0.0074542331498685145,0.023757427860250556,0.007321737581351565,0.00023317031779450392,0.000578138086072905,1.0,1.0000000000000002
2017-03-23,2017-03-22,0,group_weighted_multinomial_logistic_gam,0.9505394000413604,0.9859847250425139,0.025470001780594585,0.006658536103881738,0.023757427860250556,0.006790406582784092,0.00023317031779450392,0.0005663322708202629,1.0,1.0
2017-03-24,2017-03-23,0,group_weighted_multinomial_logistic_gam,0.9505394000413604,0.9861599149167526,0.025470001780594585,0.007091441201015676,0.023757427860250556,0.006228742832705121,0.00023317031779450392,0.000519901049526589,1.0,1.0
2017-03-27,2017-03-24,0,group_weighted_multinomial_logistic_gam,0.9505394000413604,0.9867993326079684,0.025470001780594585,0.0063103484133401055,0.023757427860250556,0.006402749635236978,0.00023317031779450392,0.00048756934345462556,1.0,1.0000000000000002
2017-03-28,2017-03-27,0,group_weighted_multinomial_logistic_gam,0.9505394000413604,0.9863656203602095,0.025470001780594585,0.006733811846877904,0.023757427860250556,0.006376276845465969,0.00023317031779450392,0.0005242909474468281,1.0,1.0000000000000002
2017-03-29,2017-03-28,0,group_weighted_multinomial_logistic_gam,0.9505394000413604,0.9876616522351488,0.025470001780594585,0.00655996073671987,0.023757427860250556,0.0052996402881654555,0.00023317031779450392,0.0004787467399659182,1.0,1.0
2017-03-30,2017-03-29,0,group_weighted_multinomial_logistic_gam,0.9505394000413604,0.9874841496640594,0.025470001780594585,0.006187227006200968,0.023757427860250556,0.005861171227865227,0.00023317031779450392,0.0004674521018742946,1.0,0.9999999999999999
2017-03-31,2017-03-30,0,group_weighted_multinomial_logistic_gam,0.9505394000413604,0.9871556356011836,0.025470001780594585,0.006822934268590026,0.023757427860250556,0.005539870260315913,0.00023317031779450392,0.0004815598699102651,1.0,0.9999999999999998
2017-04-03,2017-03-31,0,group_weighted_multinomial_logistic_gam,0.9505394000413604,0.9860931271874487,0.025470001780594585,0.007048090877705193,0.023757427860250556,0.006339750176223873,0.00023317031779450392,0.0005190317586221829,1.0,1.0
2017-04-04,2017-04-03,0,group_weighted_multinomial_logistic_gam,0.9505394000413604,0.9863691935688972,0.025470001780594585,0.006449769156721067,0.023757427860250556,0.006663272776276337,0.00023317031779450392,0.0005177644981054496,1.0,1.0
2017-04-05,2017-04-04,0,group_weighted_multinomial_logistic_gam,0.9505394000413604,0.9878206082533234,0.025470001780594585,0.006377807118103198,0.023757427860250556,0.0053606638074315165,0.00023317031779450392,0.0004409208211419355,1.0,1.0
2017-04-06,2017-04-05,0,group_weighted_multinomial_logistic_gam,0.9505394000413604,0.987243239349362,0.025470001780594585,0.0064569994334916034,0.023757427860250556,0.005860236572188638,0.00023317031779450392,0.0004395246449578469,1.0,1.0
2017-04-07,2017-04-06,0,group_weighted_multinomial_logistic_gam,0.9505394000413604,0.9876112318751123,0.025470001780594585,0.006199948061316442,0.023757427860250556,0.005723880881724716,0.00023317031779450392,0.0004649391818465321,1.0,1.0
2017-04-10,2017-04-07,0,group_weighted_multinomial_logistic_gam,0.9505394000413604,0.987189046758691,0.025470001780594585,0.006812866498772282,0.023757427860250556,0.005522197052672582,0.00023317031779450392,0.0004758896898640887,1.0,1.0
2017-04-11,2017-04-10,0,group_weighted_multinomial_logistic_gam,0.9505394000413604,0.9873878518653342,0.025470001780594585,0.006418671263811456,0.023757427860250556,0.0057223021927502535,0.00023317031779450392,0.0004711746781042441,1.0,1.0000000000000002
2017-04-12,2017-04-11,0,group_weighted_multinomial_logistic_gam,0.9505394000413604,0.9874935608116606,0.025470001780594585,0.005870053760472608,0.023757427860250556,0.0061627155228244895,0.00023317031779450392,0.0004736699050423598,1.0,1.0
2017-04-13,2017-04-12,0,group_weighted_multinomial_logistic_gam,0.9505394000413604,0.9871426198517308,0.025470001780594585,0.006465769579029929,0.023757427860250556,0.005945014319493115,0.00023317031779450392,0.00044659624974604096,1.0,0.9999999999999999
2017-04-17,2017-04-13,0,group_weighted_multinomial_logistic_gam,0.9505394000413604,0.9872487210261442,0.025470001780594585,0.006053576907815237,0.023757427860250556,0.006251334013922985,0.00023317031779450392,0.0004463680521174056,1.0,0.9999999999999999
2017-04-18,2017-04-17,0,group_weighted_multinomial_logistic_gam,0.9505394000413604,0.9878625081475229,0.025470001780594585,0.006264493365304382,0.023757427860250556,0.005407487686578291,0.00023317031779450392,0.0004655108005943822,1.0,1.0
2017-04-19,2017-04-18,0,group_weighted_multinomial_logistic_gam,0.9505394000413604,0.9867235575564663,0.025470001780594585,0.005985995311077226,0.023757427860250556,0.006772692619355997,0.00023317031779450392,0.0005177545131003555,1.0,0.9999999999999999
2017-04-20,2017-04-19,0,group_weighted_multinomial_logistic_gam,0.9505394000413604,0.9858805026431963,0.025470001780594585,0.007101940447588508,0.023757427860250556,0.006501583262990255,0.00023317031779450392,0.0005159736462249964,1.0,1.0
2017-04-21,2017-04-20,0,group_weighted_multinomial_logistic_gam,0.9505394000413604,0.9878803388057479,0.025470001780594585,0.0063617029541901,0.023757427860250556,0.005304392688644734,0.00023317031779450392,0.0004535655514174577,1.0,1.0000000000000002
2017-04-24,2017-04-21,0,group_weighted_multinomial_logistic_gam,0.9505394000413604,0.9868324448818362,0.025470001780594585,0.006507872437078458,0.023757427860250556,0.006196948346772919,0.00023317031779450392,0.0004627343343124607,1.0,1.0
2017-04-25,2017-04-24,0,group_weighted_multinomial_logistic_gam,0.9505394000413604,0.988431858790608,0.025470001780594585,0.005806137517498307,0.023757427860250556,0.005337364286653388,0.00023317031779450392,0.0004246394052403068,1.0,1.0
2017-04-26,2017-04-25,0,group_weighted_multinomial_logistic_gam,0.9505394000413604,0.9882013197045044,0.025470001780594585,0.006304612862476867,0.023757427860250556,0.0050754407942569645,0.00023317031779450392,0.00041862663876191973,1.0,1.0000000000000002
2017-04-27,2017-04-26,0,group_weighted_multinomial_logistic_gam,0.9505394000413604,0.9873904998287582,0.025470001780594585,0.006248122691205018,0.023757427860250556,0.005913082171510978,0.00023317031779450392,0.0004482953085257299,1.0,0.9999999999999999
2017-04-28,2017-04-27,0,group_weighted_multinomial_logistic_gam,0.9505394000413604,0.9873311101013191,0.025470001780594585,0.006097818285246323,0.023757427860250556,0.006126077727763941,0.00023317031779450392,0.00044499388567060166,1.0,1.0
2017-05-01,2017-04-28,0,group_weighted_multinomial_logistic_gam,0.9505394000413604,0.9882035630131824,0.025470001780594585,0.005863177214247156,0.023757427860250556,0.005532407385433397,0.00023317031779450392,0.00040085238713725177,1.0,1.0
2017-05-02,2017-05-01,0,group_weighted_multinomial_logistic_gam,0.9505394000413604,0.9878615985533875,0.025470001780594585,0.00661077466244273,0.023757427860250556,0.0050988235365104434,0.00023317031779450392,0.00042880324765934963,1.0,1.0
2017-05-03,2017-05-02,0,group_weighted_multinomial_logistic_gam,0.9505394000413604,0.9875411892474198,0.025470001780594585,0.005872381126802308,0.023757427860250556,0.006129707445777958,0.00023317031779450392,0.00045672217999994806,1.0,1.0000000000000002
2017-05-04,2017-05-03,0,group_weighted_multinomial_logistic_gam,0.9505394000413604,0.9880118249818981,0.025470001780594585,0.006116475864897493,0.023757427860250556,0.005437227965164341,0.00023317031779450392,0.00043447118804020534,1.0,1.0000000000000002
2017-05-05,2017-05-04,0,group_weighted_multinomial_logistic_gam,0.9505394000413604,0.9848902131166044,0.025470001780594585,0.00783347373709913,0.023757427860250556,0.006694006568455343,0.00023317031779450392,0.0005823065778410539,1.0,0.9999999999999999
2017-05-08,2017-05-05,0,group_weighted_multinomial_logistic_gam,0.9505394000413604,0.9888205472563704,0.025470001780594585,0.005815976266364198,0.023757427860250556,0.00496199344199198,0.00023317031779450392,0.00040148303527340464,1.0,1.0
2017-05-09,2017-05-08,0,group_weighted_multinomial_logistic_gam,0.9505394000413604,0.9880457658975256,0.025470001780594585,0.006256776172606436,0.023757427860250556,0.005286978168104038,0.00023317031779450392,0.0004104797617637094,1.0,0.9999999999999998
2017-05-10,2017-05-09,0,group_weighted_multinomial_logistic_gam,0.9505394000413604,0.9873178074215591,0.025470001780594585,0.006631450469671326,0.023757427860250556,0.005608696226395774,0.00023317031779450392,0.00044204588237386426,1.0,1.0
2017-05-11,2017-05-10,0,group_weighted_multinomial_logistic_gam,0.9505394000413604,0.9896593396531346,0.025470001780594585,0.005342819499032817,0.023757427860250556,0.00465701166108565,0.00023317031779450392,0.00034082918674697787,1.0,1.0
2017-05-12,2017-05-11,0,group_weighted_multinomial_logistic_gam,0.9505394000413604,0.9886027078348801,0.025470001780594585,0.005679383144171389,0.023757427860250556,0.0053474180299298915,0.00023317031779450392,0.00037049099101873155,1.0,1.0000000000000002
2017-05-15,2017-05-12,0,group_weighted_multinomial_logistic_gam,0.9505394000413604,0.9884865005617284,0.025470001780594585,0.0054438130000583574,0.023757427860250556,0.005667911436429419,0.00023317031779450392,0.00040177500178393806,1.0,1.0
2017-05-16,2017-05-15,0,group_weighted_multinomial_logistic_gam,0.9505394000413604,0.9893004165794642,0.025470001780594585,0.005516201922944778,0.023757427860250556,0.004814496642012222,0.00023317031779450392,0.00036888485557855314,1.0,0.9999999999999997
2017-05-17,2017-05-16,0,group_weighted_multinomial_logistic_gam,0.9505394000413604,0.9884269647020041,0.025470001780594585,0.0058270668217723035,0.023757427860250556,0.005346316388730067,0.00023317031779450392,0.0003996520874934768,1.0,0.9999999999999999
2017-05-18,2017-05-17,0,group_weighted_multinomial_logistic_gam,0.9505394000413604,0.9869885333124495,0.025470001780594585,0.006066276053369293,0.023757427860250556,0.006488078729884522,0.00023317031779450392,0.00045711190429665097,1.0,1.0
2017-05-19,2017-05-18,0,group_weighted_multinomial_logistic_gam,0.9505394000413604,0.9872581810518063,0.025470001780594585,0.006760206902285658,0.023757427860250556,0.005510022470430362,0.00023317031779450392,0.00047158957547754367,1.0,0.9999999999999998
2017-05-22,2017-05-19,0,group_weighted_multinomial_logistic_gam,0.9505394000413604,0.990407296037231,0.025470001780594585,0.004886188538960555,0.023757427860250556,0.004386837160255315,0.00023317031779450392,0.0003196782635529422,1.0,0.9999999999999998
2017-05-23,2017-05-22,0,group_weighted_multinomial_logistic_gam,0.9505394000413604,0.989344613891174,0.025470001780594585,0.005558605353826779,0.023757427860250556,0.004727448928661254,0.00023317031779450392,0.00036933182633803503,1.0,1.0000000000000002
2017-05-24,2017-05-23,0,group_weighted_multinomial_logistic_gam,0.9505394000413604,0.9883533096775383,0.025470001780594585,0.006050108524718831,0.023757427860250556,0.005204967607339366,0.00023317031779450392,0.0003916141904035705,1.0,1.0000000000000002
2017-05-25,2017-05-24,0,group_weighted_multinomial_logistic_gam,0.9505394000413604,0.9887927450167895,0.025470001780594585,0.00553595987588253,0.023757427860250556,0.0052850667643201815,0.00023317031779450392,0.0003862283430077154,1.0,0.9999999999999999
2017-05-26,2017-05-25,0,group_weighted_multinomial_logistic_gam,0.9505394000413604,0.9873397799656596,0.025470001780594585,0.005996010580947237,0.023757427860250556,0.006199947315290666,0.00023317031779450392,0.000464262138102462,1.0,0.9999999999999999
2017-05-30,2017-05-26,0,group_weighted_multinomial_logistic_gam,0.9505394000413604,0.9890482800204701,0.025470001780594585,0.005592239083446296,0.023757427860250556,0.004997140600654913,0.00023317031779450392,0.000362340295428577,1.0,0.9999999999999999
2017-05-31,2017-05-30,0,group_weighted_multinomial_logistic_gam,0.9505394000413604,0.9877666959586824,0.025470001780594585,0.005804518159389451,0.023757427860250556,0.006005645423709875,0.00023317031779450392,0.000423140458218224,1.0,0.9999999999999999
2017-06-01,2017-05-31,0,group_weighted_multinomial_logistic_gam,0.9505394000413604,0.9873327484768658,0.025470001780594585,0.006084775277188945,0.023757427860250556,0.006130838710294148,0.00023317031779450392,0.0004516375356513449,1.0,1.0000000000000002
2017-06-02,2017-06-01,0,group_weighted_multinomial_logistic_gam,0.9505394000413604,0.9887949795847578,0.025470001780594585,0.005668968593299635,0.023757427860250556,0.005141445842987105,0.00023317031779450392,0.00039460597895551287,1.0,1.0000000000000002
2017-06-05,2017-06-02,0,group_weighted_multinomial_logistic_gam,0.9505394000413604,0.9886401028121908,0.025470001780594585,0.005100835731169413,0.023757427860250556,0.005846239682474474,0.00023317031779450392,0.0004128217741653172,1.0,1.0
2017-06-06,2017-06-05,0,group_weighted_multinomial_logistic_gam,0.9505394000413604,0.9882401682305829,0.025470001780594585,0.006088796049637754,0.023757427860250556,0.005285721354737538,0.00023317031779450392,0.00038531436504166285,1.0,0.9999999999999998
2017-06-07,2017-06-06,0,group_weighted_multinomial_logistic_gam,0.9505394000413604,0.9891115120650732,0.025470001780594585,0.0054267284365769235,0.023757427860250556,0.005101500697056039,0.00023317031779450392,0.00036025880129382255,1.0,1.0
2017-06-08,2017-06-07,0,group_weighted_multinomial_logistic_gam,0.9505394000413604,0.9873742855066364,0.025470001780594585,0.0064572623074619995,0.023757427860250556,0.005727135905666857,0.00023317031779450392,0.0004413162802347926,1.0,1.0
2017-06-09,2017-06-08,0,group_weighted_multinomial_logistic_gam,0.9505394000413604,0.9884500568936433,0.025470001780594585,0.006134896894669845,0.023757427860250556,0.005028148006257702,0.00023317031779450392,0.0003868982054290279,1.0,0.9999999999999999
2017-06-12,2017-06-09,0,group_weighted_multinomial_logistic_gam,0.9505394000413604,0.9886026787998466,0.025470001780594585,0.005956437639685861,0.023757427860250556,0.005057961645671146,0.00023317031779450392,0.0003829219147963209,1.0,1.0
2017-06-13,2017-06-12,0,group_weighted_multinomial_logistic_gam,0.9505394000413604,0.9880071959647282,0.025470001780594585,0.006233796311488845,0.023757427860250556,0.005351868391077689,0.00023317031779450392,0.0004071393327052308,1.0,0.9999999999999999
2017-06-14,2017-06-13,0,group_weighted_multinomial_logistic_gam,0.9505394000413604,0.9890689476662169,0.025470001780594585,0.005520024589038518,0.023757427860250556,0.005035923384671157,0.00023317031779450392,0.0003751043600734422,1.0,1.0
2017-06-15,2017-06-14,0,group_weighted_multinomial_logistic_gam,0.9505394000413604,0.987642969885781,0.025470001780594585,0.00543823146771575,0.023757427860250556,0.006443817447268977,0.00023317031779450392,0.00047498119923416207,1.0,0.9999999999999999
2017-06-16,2017-06-15,0,group_weighted_multinomial_logistic_gam,0.9505394000413604,0.9880357944345012,0.025470001780594585,0.006506991697838891,0.023757427860250556,0.005041430812391139,0.00023317031779450392,0.0004157830552688025,1.0,1.0
2017-06-19,2017-06-16,0,group_weighted_multinomial_logistic_gam,0.9505394000413604,0.9888989782739794,0.025470001780594585,0.005740322316761002,0.023757427860250556,0.0049919533029582006,0.00023317031779450392,0.00036874610630149325,1.0,1.0000000000000002
2017-06-20,2017-06-19,0,group_weighted_multinomial_logistic_gam,0.9505394000413604,0.9884600189759232,0.025470001780594585,0.005851162696150353,0.023757427860250556,0.005270203867571772,0.00023317031779450392,0.00041861446035459807,1.0,1.0
2017-06-21,2017-06-20,0,group_weighted_multinomial_logistic_gam,0.9505394000413604,0.9864056695725131,0.025470001780594585,0.006680273047045199,0.023757427860250556,0.006418650721296737,0.00023317031779450392,0.0004954066591449288,1.0,1.0
2017-06-22,2017-06-21,0,group_weighted_multinomial_logistic_gam,0.9505394000413604,0.9873289591573247,0.025470001780594585,0.006281497234528193,0.023757427860250556,0.005950159723168178,0.00023317031779450392,0.00043938388497895357,1.0,1.0
2017-06-23,2017-06-22,0,group_weighted_multinomial_logistic_gam,0.9505394000413604,0.9885451947753526,0.025470001780594585,0.0058052257694104735,0.023757427860250556,0.005278486419723263,0.00023317031779450392,0.00037109303551366766,1.0,1.0
2017-06-26,2017-06-23,0,group_weighted_multinomial_logistic_gam,0.9505394000413604,0.9892142852155841,0.025470001780594585,0.005375522893946452,0.023757427860250556,0.005056315081967342,0.00023317031779450392,0.0003538768085019554,1.0,0.9999999999999999
2017-06-27,2017-06-26,0,group_weighted_multinomial_logistic_gam,0.9505394000413604,0.9891310198376368,0.025470001780594585,0.005369717472029837,0.023757427860250556,0.005142646762247489,0.00023317031779450392,0.0003566159280857666,1.0,1.0
2017-06-28,2017-06-27,0,group_weighted_multinomial_logistic_gam,0.9505394000413604,0.9883376865799284,0.025470001780594585,0.006702606746443699,0.023757427860250556,0.0045958918974152935,0.00023317031779450392,0.0003638147762127764,1.0,1.0000000000000002
2017-06-29,2017-06-28,0,group_weighted_multinomial_logistic_gam,0.9505394000413604,0.9894762878757577,0.025470001780594585,0.005497598320788131,0.023757427860250556,0.004672587598371232,0.00023317031779450392,0.00035352620508277943,1.0,0.9999999999999998
2017-06-30,2017-06-29,0,group_weighted_multinomial_logistic_gam,0.9505394000413604,0.9878009299377126,0.025470001780594585,0.006902837513045521,0.023757427860250556,0.004908746351761691,0.00023317031779450392,0.00038748619748020367,1.0,1.0
2017-07-03,2017-06-30,0,group_weighted_multinomial_logistic_gam,0.9505394000413604,0.9896267528819643,0.025470001780594585,0.005741955186099138,0.023757427860250556,0.0042912284695807105,0.00023317031779450392,0.0003400634623559153,1.0,1.0
2017-07-05,2017-07-03,0,group_weighted_multinomial_logistic_gam,0.9505394000413604,0.9892179888613681,0.025470001780594585,0.005907636787881045,0.023757427860250556,0.004516531983786289,0.00023317031779450392,0.0003578423669647955,1.0,1.0000000000000004
2017-07-06,2017-07-05,0,group_weighted_multinomial_logistic_gam,0.9505394000413604,0.9867964114953828,0.025470001780594585,0.006389412355503375,0.023757427860250556,0.006343069703846118,0.00023317031779450392,0.00047110644526779475,1.0,1.0
2017-07-07,2017-07-06,0,group_weighted_multinomial_logistic_gam,0.9505394000413604,0.9872303174819332,0.025470001780594585,0.00717676138372364,0.023757427860250556,0.005193320793431263,0.00023317031779450392,0.00039960034091185464,1.0,1.0
2017-07-10,2017-07-07,0,group_weighted_multinomial_logistic_gam,0.9505394000413604,0.9878303253379995,0.025470001780594585,0.006276179190326073,0.023757427860250556,0.005457841654805801,0.00023317031779450392,0.00043565381686866796,1.0,1.0
2017-07-11,2017-07-10,0,group_weighted_multinomial_logistic_gam,0.9505394000413604,0.9896946063964267,0.025470001780594585,0.005103997666696498,0.023757427860250556,0.004869934227904212,0.00023317031779450392,0.00033146170897259414,1.0,0.9999999999999999
2017-07-12,2017-07-11,0,group_weighted_multinomial_logistic_gam,0.9505394000413604,0.989170624391843,0.025470001780594585,0.005564164562184957,0.023757427860250556,0.004921092791397076,0.00023317031779450392,0.0003441182545749799,1.0,1.0
2017-07-13,2017-07-12,0,group_weighted_multinomial_logistic_gam,0.9505394000413604,0.9895860503414476,0.025470001780594585,0.004734019858147488,0.023757427860250556,0.0053294938353579575,0.00023317031779450392,0.00035043596504698147,1.0,1.0
2017-07-14,2017-07-13,0,group_weighted_multinomial_logistic_gam,0.9505394000413604,0.988581192807281,0.025470001780594585,0.005917876408585364,0.023757427860250556,0.0051291356195080386,0.00023317031779450392,0.00037179516462561404,1.0,0.9999999999999999
2017-07-17,2017-07-14,0,group_weighted_multinomial_logistic_gam,0.9505394000413604,0.9899173783942523,0.025470001780594585,0.005042389871920823,0.023757427860250556,0.00470750559854636,0.00023317031779450392,0.0003327261352805004,1.0,1.0
2017-07-18,2017-07-17,0,group_weighted_multinomial_logistic_gam,0.9505394000413604,0.988415340481836,0.025470001780594585,0.005675405362303785,0.023757427860250556,0.005524584129396277,0.00023317031779450392,0.0003846700264640874,1.0,1.0000000000000002
2017-07-19,2017-07-18,0,group_weighted_multinomial_logistic_gam,0.9505394000413604,0.9891697616036279,0.025470001780594585,0.005186396485629156,0.023757427860250556,0.005277972606293729,0.00023317031779450392,0.00036586930444918646,1.0,0.9999999999999999
2017-07-20,2017-07-19,0,group_weighted_multinomial_logistic_gam,0.9505394000413604,0.9897624483149224,0.025470001780594585,0.005222163370497942,0.023757427860250556,0.004674329051238649,0.00023317031779450392,0.0003410592633411151,1.0,1.0000000000000002
2017-07-21,2017-07-20,0,group_weighted_multinomial_logistic_gam,0.9505394000413604,0.9884885024507204,0.025470001780594585,0.005905509938329511,0.023757427860250556,0.0052120963681382745,0.00023317031779450392,0.0003938912428117509,1.0,0.9999999999999999
2017-07-24,2017-07-21,0,group_weighted_multinomial_logistic_gam,0.9505394000413604,0.9877488193769861,0.025470001780594585,0.005691390329504772,0.023757427860250556,0.006139234489359949,0.00023317031779450392,0.00042055580414906616,1.0,0.9999999999999998
2017-07-25,2017-07-24,0,group_weighted_multinomial_logistic_gam,0.9505394000413604,0.9878031959349425,0.025470001780594585,0.00656036156475902,0.023757427860250556,0.0052343907678940845,0.00023317031779450392,0.0004020517324044609,1.0,1.0
2017-07-26,2017-07-25,0,group_weighted_multinomial_logistic_gam,0.9505394000413604,0.9888941784909312,0.025470001780594585,0.006345190620866408,0.023757427860250556,0.004396200840347395,0.00023317031779450392,0.0003644300478549103,1.0,0.9999999999999999
2017-07-27,2017-07-26,0,group_weighted_multinomial_logistic_gam,0.9505394000413604,0.9895009793634899,0.025470001780594585,0.005086901208364412,0.023757427860250556,0.005080778614889119,0.00023317031779450392,0.00033134081325671177,1.0,1.0000000000000002
2017-07-28,2017-07-27,0,group_weighted_multinomial_logistic_gam,0.9505394000413604,0.9889020177302311,0.025470001780594585,0.005912859351122878,0.023757427860250556,0.004836694696929649,0.00023317031779450392,0.00034842822171643625,1.0,1.0
2017-07-31,2017-07-28,0,group_weighted_multinomial_logistic_gam,0.9505394000413604,0.9882865637569006,0.025470001780594585,0.005899151629739393,0.023757427860250556,0.0054112317038259306,0.00023317031779450392,0.00040305290953413425,1.0,1.0000000000000002
2017-08-01,2017-07-31,0,group_weighted_multinomial_logistic_gam,0.9505394000413604,0.9886818853512036,0.025470001780594585,0.005923521208417747,0.023757427860250556,0.0050238398105661814,0.00023317031779450392,0.000370753629812323,1.0,0.9999999999999999
2017-08-02,2017-08-01,0,group_weighted_multinomial_logistic_gam,0.9505394000413604,0.9877720783333805,0.025470001780594585,0.005668175633365013,0.023757427860250556,0.006115097753078544,0.00023317031779450392,0.00044464828017584977,1.0,0.9999999999999999
2017-08-03,2017-08-02,0,group_weighted_multinomial_logistic_gam,0.9505394000413604,0.9889009312269097,0.025470001780594585,0.0057380583380558505,0.023757427860250556,0.004990130348375083,0.00023317031779450392,0.00037088008665942635,1.0,1.0
2017-08-04,2017-08-03,0,group_weighted_multinomial_logistic_gam,0.9505394000413604,0.9878719841565681,0.025470001780594585,0.005776698111268547,0.023757427860250556,0.005938167357837241,0.00023317031779450392,0.0004131503743261978,1.0,1.0
2017-08-07,2017-08-04,0,group_weighted_multinomial_logistic_gam,0.9505394000413604,0.988161746183031,0.025470001780594585,0.006444133762589699,0.023757427860250556,0.005000177836931696,0.00023317031779450392,0.00039394221744778297,1.0,1.0000000000000002
2017-08-08,2017-08-07,0,group_weighted_multinomial_logistic_gam,0.9505394000413604,0.9886261400519541,0.025470001780594585,0.005741677824012668,0.023757427860250556,0.005253628152409423,0.00023317031779450392,0.0003785539716237177,1.0,0.9999999999999999
2017-08-09,2017-08-08,0,group_weighted_multinomial_logistic_gam,0.9505394000413604,0.9878864729740612,0.025470001780594585,0.006430701346684494,0.023757427860250556,0.0052945443978198595,0.00023317031779450392,0.0003882812814345136,1.0,1.0
2017-08-10,2017-08-09,0,group_weighted_multinomial_logistic_gam,0.9505394000413604,0.9878834313182872,0.025470001780594585,0.006103383301831176,0.023757427860250556,0.005576071355999648,0.00023317031779450392,0.00043711402388199036,1.0,1.0
2017-08-11,2017-08-10,0,group_weighted_multinomial_logistic_gam,0.9505394000413604,0.984924326409297,0.025470001780594585,0.0075953122432333995,0.023757427860250556,0.006968990625124715,0.00023317031779450392,0.0005113707223448162,1.0,0.9999999999999999
2017-08-14,2017-08-11,0,group_weighted_multinomial_logistic_gam,0.9505394000413604,0.9881426905075176,0.025470001780594585,0.006152360241994319,0.023757427860250556,0.0052971887664492266,0.00023317031779450392,0.00040776048403904524,1.0,1.0000000000000002
2017-08-15,2017-08-14,0,group_weighted_multinomial_logistic_gam,0.9505394000413604,0.9887675359997812,0.025470001780594585,0.005552070474510092,0.023757427860250556,0.005279758785775462,0.00023317031779450392,0.00040063473993341567,1.0,1.0000000000000002
2017-08-16,2017-08-15,0,group_weighted_multinomial_logistic_gam,0.9505394000413604,0.9876683813657668,0.025470001780594585,0.006540540842338945,0.023757427860250556,0.005380176444936105,0.00023317031779450392,0.0004109013469581915,1.0,1.0
2017-08-17,2017-08-16,0,group_weighted_multinomial_logistic_gam,0.9505394000413604,0.9883436622425934,0.025470001780594585,0.005484373366865898,0.023757427860250556,0.005776892289516965,0.00023317031779450392,0.0003950721010235873,1.0,0.9999999999999999
2017-08-18,2017-08-17,0,group_weighted_multinomial_logistic_gam,0.9505394000413604,0.9869637916754791,0.025470001780594585,0.006717638189111359,0.023757427860250556,0.00591262760786838,0.00023317031779450392,0.00040594252754124003,1.0,1.0
2017-08-21,2017-08-18,0,group_weighted_multinomial_logistic_gam,0.9505394000413604,0.9888829686696156,0.025470001780594585,0.00594911228360476,0.023757427860250556,0.0048015284543267735,0.00023317031779450392,0.0003663905924529448,1.0,1.0
2017-08-22,2017-08-21,0,group_weighted_multinomial_logistic_gam,0.9505394000413604,0.9873806885016957,0.025470001780594585,0.006135191023584172,0.023757427860250556,0.006046961805569029,0.00023317031779450392,0.0004371586691510256,1.0,1.0
2017-08-23,2017-08-22,0,group_weighted_multinomial_logistic_gam,0.9505394000413604,0.988835754757825,0.025470001780594585,0.005842112245639807,0.023757427860250556,0.004929202228648224,0.00023317031779450392,0.00039293076788703195,1.0,1.0
2017-08-24,2017-08-23,0,group_weighted_multinomial_logistic_gam,0.9505394000413604,0.9882145276197435,0.025470001780594585,0.005819328420586532,0.023757427860250556,0.005569884275056364,0.00023317031779450392,0.00039625968461356206,1.0,0.9999999999999999
2017-08-25,2017-08-24,0,group_weighted_multinomial_logistic_gam,0.9505394000413604,0.9880887307391655,0.025470001780594585,0.006188506169719841,0.023757427860250556,0.005337646933130799,0.00023317031779450392,0.00038511615798384553,1.0,1.0
2017-08-28,2017-08-25,0,group_weighted_multinomial_logistic_gam,0.9505394000413604,0.9883411167704561,0.025470001780594585,0.005711691934656254,0.023757427860250556,0.005552126616701081,0.00023317031779450392,0.00039506467818666274,1.0,1.0000000000000002
2017-08-29,2017-08-28,0,group_weighted_multinomial_logistic_gam,0.9505394000413604,0.9875183208367309,0.025470001780594585,0.006305038129508839,0.023757427860250556,0.005752602696498756,0.00023317031779450392,0.0004240383372616033,1.0,1.0000000000000002
2017-08-30,2017-08-29,0,group_weighted_multinomial_logistic_gam,0.9505394000413604,0.9881677956347302,0.025470001780594585,0.005990635722360196,0.023757427860250556,0.005443903556740296,0.00023317031779450392,0.00039766508616925165,1.0,1.0
2017-08-31,2017-08-30,0,group_weighted_multinomial_logistic_gam,0.9505394000413604,0.9879807981168162,0.025470001780594585,0.00591246510011681,0.023757427860250556,0.005690583905817042,0.00023317031779450392,0.00041615287724988545,1.0,0.9999999999999998
2017-09-01,2017-08-31,0,group_weighted_multinomial_logistic_gam,0.9505394000413604,0.9903328539209394,0.025470001780594585,0.004874861802152932,0.023757427860250556,0.004469158272405013,0.00023317031779450392,0.0003231260045026586,1.0,1.0
2017-09-05,2017-09-01,0,group_weighted_multinomial_logistic_gam,0.9505394000413604,0.9878922100143948,0.025470001780594585,0.006448976753233064,0.023757427860250556,0.005256556640081184,0.00023317031779450392,0.00040225659229119827,1.0,1.0000000000000002
2017-09-06,2017-09-05,0,group_weighted_multinomial_logistic_gam,0.9505394000413604,0.9875837233438983,0.025470001780594585,0.005639626235218828,0.023757427860250556,0.006343850379547001,0.00023317031779450392,0.00043280004133576424,1.0,0.9999999999999999
2017-09-07,2017-09-06,0,group_weighted_multinomial_logistic_gam,0.9505394000413604,0.9881903747050467,0.025470001780594585,0.0064038313909766135,0.023757427860250556,0.005005740557627338,0.00023317031779450392,0.0004000533463494843,1.0,1.0000000000000002
2017-09-08,2017-09-07,0,group_weighted_multinomial_logistic_gam,0.9505394000413604,0.9879568314026365,0.025470001780594585,0.005650101998897862,0.023757427860250556,0.005975745199263238,0.00023317031779450392,0.00041732139920233786,1.0,0.9999999999999999
2017-09-11,2017-09-08,0,group_weighted_multinomial_logistic_gam,0.9505394000413604,0.9866144944802142,0.025470001780594585,0.0066411835055567425,0.023757427860250556,0.0062928614297286896,0.00023317031779450392,0.00045146058450024025,1.0,0.9999999999999999
2017-09-12,2017-09-11,0,group_weighted_multinomial_logistic_gam,0.9505394000413604,0.9882573499860919,0.025470001780594585,0.006358588755709427,0.023757427860250556,0.004963052284580317,0.00023317031779450392,0.0004210089736182585,1.0,0.9999999999999999
2017-09-13,2017-09-12,0,group_weighted_multinomial_logistic_gam,0.9505394000413604,0.9874412173474145,0.025470001780594585,0.006715330311152554,0.023757427860250556,0.005406505976935565,0.00023317031779450392,0.0004369463644973891,1.0,1.0
2017-09-14,2017-09-13,0,group_weighted_multinomial_logistic_gam,0.9505394000413604,0.9879404338876548,0.025470001780594585,0.006337776974419543,0.023757427860250556,0.00531772978700562,0.00023317031779450392,0.00040405935091993603,1.0,0.9999999999999999
2017-09-15,2017-09-14,0,group_weighted_multinomial_logistic_gam,0.9505394000413604,0.9875187882432814,0.025470001780594585,0.006322434119718338,0.023757427860250556,0.005732744829699288,0.00023317031779450392,0.0004260328073010352,1.0,1.0000000000000002
2017-09-18,2017-09-15,0,group_weighted_multinomial_logistic_gam,0.9505394000413604,0.987932181626793,0.025470001780594585,0.006136147179051183,0.023757427860250556,0.005514498312300123,0.00023317031779450392,0.0004171728818556644,1.0,0.9999999999999999
2017-09-19,2017-09-18,0,group_weighted_multinomial_logistic_gam,0.9505394000413604,0.9871203091365226,0.025470001780594585,0.006640234081966749,0.023757427860250556,0.0058059617963137486,0.00023317031779450392,0.0004334949851967376,1.0,0.9999999999999999
2017-09-20,2017-09-19,0,group_weighted_multinomial_logistic_gam,0.9505394000413604,0.9867349698513036,0.025470001780594585,0.006835712039383873,0.023757427860250556,0.005961545277640087,0.00023317031779450392,0.0004677728316725753,1.0,1.0
2017-09-21,2017-09-20,0,group_weighted_multinomial_logistic_gam,0.9505394000413604,0.9875878817347815,0.025470001780594585,0.006833256245466443,0.023757427860250556,0.005137760294456638,0.00023317031779450392,0.0004411017252954215,1.0,1.0
2017-09-22,2017-09-21,0,group_weighted_multinomial_logistic_gam,0.9505394000413604,0.9863460392825192,0.025470001780594585,0.007047858717563479,0.023757427860250556,0.006120212394197329,0.00023317031779450392,0.0004858896057200118,1.0,1.0
2017-09-25,2017-09-22,0,group_weighted_multinomial_logistic_gam,0.9505394000413604,0.9875265072392195,0.025470001780594585,0.006178819074015125,0.023757427860250556,0.005870513197010725,0.00023317031779450392,0.00042416048975481,1.0,1.0000000000000002
2017-09-26,2017-09-25,0,group_weighted_multinomial_logistic_gam,0.9505394000413604,0.9878295035504326,0.025470001780594585,0.006125241839832775,0.023757427860250556,0.005621658490132749,0.00023317031779450392,0.00042359611960183006,1.0,1.0
2017-09-27,2017-09-26,0,group_weighted_multinomial_logistic_gam,0.9505394000413604,0.9866239908579914,0.025470001780594585,0.006769861195984303,0.023757427860250556,0.006142233596228715,0.00023317031779450392,0.0004639143497957646,1.0,1.0000000000000002
2017-09-28,2017-09-27,0,group_weighted_multinomial_logistic_gam,0.9505394000413604,0.9862325874731691,0.025470001780594585,0.00765107611888021,0.023757427860250556,0.0056263235327726115,0.00023317031779450392,0.0004900128751779446,1.0,0.9999999999999998
2017-09-29,2017-09-28,0,group_weighted_multinomial_logistic_gam,0.9505394000413604,0.9870456114472473,0.025470001780594585,0.006392671557986555,0.023757427860250556,0.006119543827396776,0.00023317031779450392,0.0004421731673692052,1.0,0.9999999999999998
2017-10-02,2017-09-29,0,group_weighted_multinomial_logistic_gam,0.9505394000413604,0.98749115860185,0.025470001780594585,0.006201842729488175,0.023757427860250556,0.005854305123638393,0.00023317031779450392,0.0004526935450232827,1.0,0.9999999999999999
2017-10-03,2017-10-02,0,group_weighted_multinomial_logistic_gam,0.9505394000413604,0.9866548587173929,0.025470001780594585,0.0066421830705956945,0.023757427860250556,0.006222588019516373,0.00023317031779450392,0.0004803701924949921,1.0,1.0
2017-10-04,2017-10-03,0,group_weighted_multinomial_logistic_gam,0.9505394000413604,0.9873231969222717,0.025470001780594585,0.006296770609524168,0.023757427860250556,0.005948269448875769,0.00023317031779450392,0.0004317630193286529,1.0,1.0000000000000002
2017-10-05,2017-10-04,0,group_weighted_multinomial_logistic_gam,0.9505394000413604,0.98724189016244,0.025470001780594585,0.006475450538504715,0.023757427860250556,0.005845760277180753,0.00023317031779450392,0.00043689902187442884,1.0,0.9999999999999999
2017-10-06,2017-10-05,0,group_weighted_multinomial_logistic_gam,0.9505394000413604,0.987995960398881,0.025470001780594585,0.00632569665689683,0.023757427860250556,0.005255383932685519,0.00023317031779450392,0.0004229590115365659,1.0,1.0
2017-10-10,2017-10-06,0,group_weighted_multinomial_logistic_gam,0.9505394000413604,0.984635208119242,0.025470001780594585,0.0077822415149847845,0.023757427860250556,0.007019600160054397,0.00023317031779450392,0.0005629502057188482,1.0,1.0
2017-10-11,2017-10-10,0,group_weighted_multinomial_logistic_gam,0.9505394000413604,0.9877057024695937,0.025470001780594585,0.006155585204325831,0.023757427860250556,0.005708178796647679,0.00023317031779450392,0.00043053352943304236,1.0,1.0000000000000002
2017-10-12,2017-10-11,0,group_weighted_multinomial_logistic_gam,0.9505394000413604,0.9868073916609174,0.025470001780594585,0.006709100060813915,0.023757427860250556,0.006014234482038546,0.00023317031779450392,0.0004692737962304611,1.0,1.0000000000000002
2017-10-13,2017-10-12,0,group_weighted_multinomial_logistic_gam,0.9505394000413604,0.9863436276550829,0.025470001780594585,0.006667057063991263,0.023757427860250556,0.006509395943709201,0.00023317031779450392,0.0004799193372166464,1.0,1.0
2017-10-16,2017-10-13,0,group_weighted_multinomial_logistic_gam,0.9505394000413604,0.9875697915358783,0.025470001780594585,0.006156276311316519,0.023757427860250556,0.005818892477197629,0.00023317031779450392,0.000455039675607492,1.0,0.9999999999999999
2017-10-17,2017-10-16,0,group_weighted_multinomial_logistic_gam,0.9505394000413604,0.9866865555017265,0.025470001780594585,0.00704848253100691,0.023757427860250556,0.005781698983025499,0.00023317031779450392,0.00048326298424118425,1.0,1.0
2017-10-18,2017-10-17,0,group_weighted_multinomial_logistic_gam,0.9505394000413604,0.9861151700859431,0.025470001780594585,0.006921175192247734,0.023757427860250556,0.006451237144021948,0.00023317031779450392,0.0005124175777872674,1.0,1.0
2017-10-19,2017-10-18,0,group_weighted_multinomial_logistic_gam,0.9505394000413604,0.9863800390827204,0.025470001780594585,0.007222850452250983,0.023757427860250556,0.005931644308430892,0.00023317031779450392,0.0004654661565978176,1.0,1.0000000000000002
2017-10-20,2017-10-19,0,group_weighted_multinomial_logistic_gam,0.9505394000413604,0.9861663259945204,0.025470001780594585,0.0067612521819476095,0.023757427860250556,0.006568315551959208,0.00023317031779450392,0.0005041062715728997,1.0,1.0
2017-10-23,2017-10-20,0,group_weighted_multinomial_logistic_gam,0.9505394000413604,0.9863348004236675,0.025470001780594585,0.007447875602024815,0.023757427860250556,0.005727629815226276,0.00023317031779450392,0.0004896941590811191,1.0,0.9999999999999997
2017-10-24,2017-10-23,0,group_weighted_multinomial_logistic_gam,0.9505394000413604,0.9857506713136722,0.025470001780594585,0.0072230036728912275,0.023757427860250556,0.006529794656742538,0.00023317031779450392,0.0004965303566940457,1.0,1.0
2017-10-25,2017-10-24,0,group_weighted_multinomial_logistic_gam,0.9505394000413604,0.9868539424038835,0.025470001780594585,0.007075163979384273,0.023757427860250556,0.005612132602441561,0.00023317031779450392,0.00045876101429086387,1.0,1.0
2017-10-26,2017-10-25,0,group_weighted_multinomial_logistic_gam,0.9505394000413604,0.9849408334522235,0.025470001780594585,0.008234157363614929,0.023757427860250556,0.006295380589572187,0.00023317031779450392,0.0005296285945892741,1.0,0.9999999999999999
2017-10-27,2017-10-26,0,group_weighted_multinomial_logistic_gam,0.9505394000413604,0.9858716873507913,0.025470001780594585,0.007367482318785701,0.023757427860250556,0.0062475356079032575,0.00023317031779450392,0.0005132947225197541,1.0,1.0
2017-10-30,2017-10-27,0,group_weighted_multinomial_logistic_gam,0.9505394000413604,0.9875835389297117,0.025470001780594585,0.005955114645144314,0.023757427860250556,0.00600395201283416,0.00023317031779450392,0.00045739441230972723,1.0,1.0
2017-10-31,2017-10-30,0,group_weighted_multinomial_logistic_gam,0.9505394000413604,0.9865191239433473,0.025470001780594585,0.006247516906901607,0.023757427860250556,0.006748447497481991,0.00023317031779450392,0.00048491165226943213,1.0,1.0000000000000002
2017-11-01,2017-10-31,0,group_weighted_multinomial_logistic_gam,0.9505394000413604,0.9857751507357705,0.025470001780594585,0.0073129019157837,0.023757427860250556,0.006387479344056385,0.00023317031779450392,0.0005244680043894504,1.0,1.0
2017-11-02,2017-11-01,0,group_weighted_multinomial_logistic_gam,0.9505394000413604,0.986060808004559,0.025470001780594585,0.007013298999483918,0.023757427860250556,0.006412200812229219,0.00023317031779450392,0.0005136921837279386,1.0,1.0
2017-11-03,2017-11-02,0,group_weighted_multinomial_logistic_gam,0.9505394000413604,0.9864057663743012,0.025470001780594585,0.006629288810611272,0.023757427860250556,0.00646910735549692,0.00023317031779450392,0.0004958374595905321,1.0,1.0
2017-11-06,2017-11-03,0,group_weighted_multinomial_logistic_gam,0.9505394000413604,0.9852902434503852,0.025470001780594585,0.007889290624105821,0.023757427860250556,0.00624383749519212,0.00023317031779450392,0.0005766284303168591,1.0,0.9999999999999999
2017-11-07,2017-11-06,0,group_weighted_multinomial_logistic_gam,0.9505394000413604,0.986791250504687,0.025470001780594585,0.006863177380044611,0.023757427860250556,0.005855308001659822,0.00023317031779450392,0.000490264113608459,1.0,0.9999999999999998
2017-11-08,2017-11-07,0,group_weighted_multinomial_logistic_gam,0.9505394000413604,0.9834478234291298,0.025470001780594585,0.008393779239216173,0.023757427860250556,0.007496237152812336,0.00023317031779450392,0.0006621601788415952,1.0,0.9999999999999999
2017-11-09,2017-11-08,0,group_weighted_multinomial_logistic_gam,0.9505394000413604,0.9853056567689975,0.025470001780594585,0.0076498744980944755,0.023757427860250556,0.006505731917665231,0.00023317031779450392,0.0005387368152427761,1.0,1.0
2017-11-10,2017-11-09,0,group_weighted_multinomial_logistic_gam,0.9505394000413604,0.9846235342966901,0.025470001780594585,0.008190939785060157,0.023757427860250556,0.006635284818144532,0.00023317031779450392,0.0005502411001051768,1.0,1.0
2017-11-13,2017-11-10,0,group_weighted_multinomial_logistic_gam,0.9505394000413604,0.98462147302843,0.025470001780594585,0.008565766746204665,0.023757427860250556,0.0062529725169052875,0.00023317031779450392,0.0005597877084601007,1.0,1.0
2017-11-14,2017-11-13,0,group_weighted_multinomial_logistic_gam,0.9505394000413604,0.9854814673012204,0.025470001780594585,0.007198364178501458,0.023757427860250556,0.006784961452927108,0.00023317031779450392,0.0005352070673510318,1.0,1.0
2017-11-15,2017-11-14,0,group_weighted_multinomial_logistic_gam,0.9505394000413604,0.983762877220899,0.025470001780594585,0.007869743276261632,0.023757427860250556,0.0077433280292077715,0.00023317031779450392,0.0006240514736317111,1.0,1.0
2017-11-16,2017-11-15,0,group_weighted_multinomial_logistic_gam,0.9505394000413604,0.9841626798367576,0.025470001780594585,0.00759874982337373,0.023757427860250556,0.007627034110147296,0.00023317031779450392,0.0006115362297211534,1.0,0.9999999999999998
2017-11-17,2017-11-16,0,group_weighted_multinomial_logistic_gam,0.9505394000413604,0.9863633968300455,0.025470001780594585,0.006735133979205929,0.023757427860250556,0.006400251538418276,0.00023317031779450392,0.0005012176523301983,1.0,0.9999999999999999
2017-11-20,2017-11-17,0,group_weighted_multinomial_logistic_gam,0.9505394000413604,0.9867471397544175,0.025470001780594585,0.006797677656138766,0.023757427860250556,0.005990395075125763,0.00023317031779450392,0.00046478751431781813,1.0,0.9999999999999999
2017-11-21,2017-11-20,0,group_weighted_multinomial_logistic_gam,0.9505394000413604,0.984497073148583,0.025470001780594585,0.007816625371777273,0.023757427860250556,0.007094907984554756,0.00023317031779450392,0.00059139349508488,1.0,1.0
2017-11-22,2017-11-21,0,group_weighted_multinomial_logistic_gam,0.9505394000413604,0.9864901251671053,0.025470001780594585,0.0065818723025468,0.023757427860250556,0.006404481926330633,0.00023317031779450392,0.0005235206040171442,1.0,0.9999999999999999
2017-11-24,2017-11-22,0,group_weighted_multinomial_logistic_gam,0.9505394000413604,0.9863112665882664,0.025470001780594585,0.00655209002173577,0.023757427860250556,0.0066629234290622175,0.00023317031779450392,0.0004737199609356691,1.0,1.0
2017-11-27,2017-11-24,0,group_weighted_multinomial_logistic_gam,0.9505394000413604,0.9855251035689776,0.025470001780594585,0.007547353435398912,0.023757427860250556,0.00639141779668822,0.00023317031779450392,0.000536125198935442,1.0,1.0000000000000002
2017-11-28,2017-11-27,0,group_weighted_multinomial_logistic_gam,0.9505394000413604,0.9853343709435527,0.025470001780594585,0.007168010489695655,0.023757427860250556,0.0069781821556493175,0.00023317031779450392,0.0005194364111022663,1.0,0.9999999999999999
2017-11-29,2017-11-28,0,group_weighted_multinomial_logistic_gam,0.9505394000413604,0.9855250073877712,0.025470001780594585,0.007162827519591234,0.023757427860250556,0.006736098402208459,0.00023317031779450392,0.0005760666904291063,1.0,0.9999999999999999
2017-11-30,2017-11-29,0,group_weighted_multinomial_logistic_gam,0.9505394000413604,0.9833370804422937,0.025470001780594585,0.008809413132964374,0.023757427860250556,0.0072320451305267364,0.00023317031779450392,0.0006214612942152847,1.0,1.0000000000000002
2017-12-01,2017-11-30,0,group_weighted_multinomial_logistic_gam,0.9505394000413604,0.9851356443678994,0.025470001780594585,0.007550195238925024,0.023757427860250556,0.006728447364498534,0.00023317031779450392,0.0005857130286771343,1.0,1.0
2017-12-04,2017-12-01,0,group_weighted_multinomial_logistic_gam,0.9505394000413604,0.9855023365258683,0.025470001780594585,0.006832350954497959,0.023757427860250556,0.0070884534014321165,0.00023317031779450392,0.0005768591182015238,1.0,0.9999999999999999
2017-12-05,2017-12-04,0,group_weighted_multinomial_logistic_gam,0.9505394000413604,0.9831115679918841,0.025470001780594585,0.008296142540764417,0.023757427860250556,0.007958421057712588,0.00023317031779450392,0.0006338684096389186,1.0,1.0
2017-12-06,2017-12-05,0,group_weighted_multinomial_logistic_gam,0.9505394000413604,0.9844483636979198,0.025470001780594585,0.007517133102824979,0.023757427860250556,0.007448840380882772,0.00023317031779450392,0.0005856628183726312,1.0,1.0000000000000002
2017-12-07,2017-12-06,0,group_weighted_multinomial_logistic_gam,0.9505394000413604,0.9830874124326209,0.025470001780594585,0.007924213470133619,0.023757427860250556,0.008341072693853271,0.00023317031779450392,0.0006473014033922793,1.0,1.0
2017-12-08,2017-12-07,0,group_weighted_multinomial_logistic_gam,0.9505394000413604,0.9845696035837218,0.025470001780594585,0.008398317607384199,0.023757427860250556,0.006452781077880131,0.00023317031779450392,0.0005792977310137034,1.0,0.9999999999999999
2017-12-11,2017-12-08,0,group_weighted_multinomial_logistic_gam,0.9505394000413604,0.9852445101011921,0.025470001780594585,0.007479591678702952,0.023757427860250556,0.006706143874426698,0.00023317031779450392,0.000569754345678236,1.0,0.9999999999999999
2017-12-12,2017-12-11,0,group_weighted_multinomial_logistic_gam,0.9505394000413604,0.9852933334455252,0.025470001780594585,0.00746694620082445,0.023757427860250556,0.00667875642042115,0.00023317031779450392,0.0005609639332291179,1.0,0.9999999999999999
2017-12-13,2017-12-12,0,group_weighted_multinomial_logistic_gam,0.9505394000413604,0.9833200427211828,0.025470001780594585,0.008164251042060212,0.023757427860250556,0.007883134033140131,0.00023317031779450392,0.0006325722036169058,1.0,1.0
2017-12-14,2017-12-13,0,group_weighted_multinomial_logistic_gam,0.9505394000413604,0.9840338264971328,0.025470001780594585,0.007374321080461302,0.023757427860250556,0.007964306941324368,0.00023317031779450392,0.0006275454810813879,1.0,0.9999999999999998
2017-12-15,2017-12-14,0,group_weighted_multinomial_logistic_gam,0.9505394000413604,0.9845876611509171,0.025470001780594585,0.007741167271009364,0.023757427860250556,0.007096944773405818,0.00023317031779450392,0.000574226804667629,1.0,1.0
2017-12-18,2017-12-15,0,group_weighted_multinomial_logistic_gam,0.9505394000413604,0.9853237850981451,0.025470001780594585,0.007199769448976486,0.023757427860250556,0.006878403959720739,0.00023317031779450392,0.0005980414931578256,1.0,1.0000000000000002
2017-12-19,2017-12-18,0,group_weighted_multinomial_logistic_gam,0.9505394000413604,0.9853910814168519,0.025470001780594585,0.007747365215583583,0.023757427860250556,0.006321442041932566,0.00023317031779450392,0.0005401113256317761,1.0,0.9999999999999999
2017-12-20,2017-12-19,0,group_weighted_multinomial_logistic_gam,0.9505394000413604,0.9836148819997759,0.025470001780594585,0.009232336591869228,0.023757427860250556,0.006557802959093534,0.00023317031779450392,0.0005949784492612738,1.0,0.9999999999999999
2017-12-21,2017-12-20,0,group_weighted_multinomial_logistic_gam,0.9505394000413604,0.9840597439186345,0.025470001780594585,0.008669353654728141,0.023757427860250556,0.006685569493182185,0.00023317031779450392,0.0005853329334552349,1.0,1.0
2017-12-22,2017-12-21,0,group_weighted_multinomial_logistic_gam,0.9505394000413604,0.9845276400059351,0.025470001780594585,0.0074062614191278235,0.023757427860250556,0.007452730214527852,0.00023317031779450392,0.0006133683604093451,1.0,1.0
2017-12-26,2017-12-22,0,group_weighted_multinomial_logistic_gam,0.9505394000413604,0.9843674839147953,0.025470001780594585,0.008073765783641045,0.023757427860250556,0.006973992401748426,0.00023317031779450392,0.0005847578998151354,1.0,1.0
2017-12-27,2017-12-26,0,group_weighted_multinomial_logistic_gam,0.9505394000413604,0.9847897908838306,0.025470001780594585,0.007610226383530646,0.023757427860250556,0.007017366970121995,0.00023317031779450392,0.0005826157625166295,1.0,0.9999999999999998
2017-12-28,2017-12-27,0,group_weighted_multinomial_logistic_gam,0.9505394000413604,0.9844245729925044,0.025470001780594585,0.0071463420597118995,0.023757427860250556,0.007794900418360798,0.00023317031779450392,0.0006341845294231727,1.0,1.0000000000000002
2017-12-29,2017-12-28,0,group_weighted_multinomial_logistic_gam,0.9505394000413604,0.9845104725198655,0.025470001780594585,0.007928164258656214,0.023757427860250556,0.006976324260881811,0.00023317031779450392,0.0005850389605966294,1.0,1.0
2018-01-02,2017-12-29,0,group_weighted_multinomial_logistic_gam,0.9505394000413604,0.9837467661391762,0.025470001780594585,0.008028352113878975,0.023757427860250556,0.007635140337519215,0.00023317031779450392,0.0005897414094256354,1.0,1.0
2018-01-03,2018-01-02,0,group_weighted_multinomial_logistic_gam,0.9505394000413604,0.9842997007554638,0.025470001780594585,0.008511424274438526,0.023757427860250556,0.0065658551403909,0.00023317031779450392,0.0006230198297066052,1.0,0.9999999999999998
2018-01-04,2018-01-03,0,group_weighted_multinomial_logistic_gam,0.9505394000413604,0.9855110384672119,0.025470001780594585,0.00701207408508166,0.023757427860250556,0.006903019171217073,0.00023317031779450392,0.000573868276489394,1.0,1.0
2018-01-05,2018-01-04,0,group_weighted_multinomial_logistic_gam,0.9505394000413604,0.9845038060685207,0.025470001780594585,0.007708743104217006,0.023757427860250556,0.0071912324828796274,0.00023317031779450392,0.000596218344382636,1.0,1.0
2018-01-08,2018-01-05,0,group_weighted_multinomial_logistic_gam,0.9505394000413604,0.984079772432745,0.025470001780594585,0.007915912761313336,0.023757427860250556,0.007383753795531852,0.00023317031779450392,0.0006205610104098598,1.0,1.0
2018-01-09,2018-01-08,0,group_weighted_multinomial_logistic_gam,0.9505394000413604,0.9836146852591753,0.025470001780594585,0.008319233113095698,0.023757427860250556,0.007425331581182821,0.00023317031779450392,0.0006407500465460795,1.0,0.9999999999999999
2018-01-10,2018-01-09,0,group_weighted_multinomial_logistic_gam,0.9505394000413604,0.9837659286043521,0.025470001780594585,0.008972863051377103,0.023757427860250556,0.0066491637160050404,0.00023317031779450392,0.0006120446282656716,1.0,0.9999999999999999
2018-01-12,2018-01-10,0,group_weighted_multinomial_logistic_gam,0.9505394000413604,0.982750375379705,0.025470001780594585,0.008947955148074692,0.023757427860250556,0.007627896179202521,0.00023317031779450392,0.0006737732930177867,1.0,1.0
2018-01-16,2018-01-12,0,group_weighted_multinomial_logistic_gam,0.9505394000413604,0.985610921169399,0.025470001780594585,0.006837567768077711,0.023757427860250556,0.006925078661785793,0.00023317031779450392,0.0006264324007376706,1.0,1.0000000000000002
2018-01-17,2018-01-16,0,group_weighted_multinomial_logistic_gam,0.9505394000413604,0.9828166684399324,0.025470001780594585,0.008293415059527912,0.023757427860250556,0.008240442047805588,0.00023317031779450392,0.0006494744527343546,1.0,1.0000000000000004
2018-01-18,2018-01-17,0,group_weighted_multinomial_logistic_gam,0.9505394000413604,0.9841303237123193,0.025470001780594585,0.00824481214848972,0.023757427860250556,0.00696619124098709,0.00023317031779450392,0.0006586728982040903,1.0,1.0000000000000002
2018-01-19,2018-01-18,0,group_weighted_multinomial_logistic_gam,0.9505394000413604,0.9824045014748827,0.025470001780594585,0.009281072718600458,0.023757427860250556,0.007654280910735986,0.00023317031779450392,0.0006601448957807408,1.0,0.9999999999999998
2018-01-22,2018-01-19,0,group_weighted_multinomial_logistic_gam,0.9505394000413604,0.9823025913092283,0.025470001780594585,0.009280993889467914,0.023757427860250556,0.007691398152801056,0.00023317031779450392,0.0007250166485028613,1.0,1.0
2018-01-23,2018-01-22,0,group_weighted_multinomial_logistic_gam,0.9505394000413604,0.9841292250815812,0.025470001780594585,0.008210171091291796,0.023757427860250556,0.007010778783353024,0.00023317031779450392,0.0006498250437738852,1.0,0.9999999999999999
2018-01-24,2018-01-23,0,group_weighted_multinomial_logistic_gam,0.9505394000413604,0.9842834254832931,0.025470001780594585,0.0075906568481504,0.023757427860250556,0.007512490096730463,0.00023317031779450392,0.0006134275718260329,1.0,1.0
2018-01-25,2018-01-24,0,group_weighted_multinomial_logistic_gam,0.9505394000413604,0.983669287103022,0.025470001780594585,0.008766703562728984,0.023757427860250556,0.006952453594960439,0.00023317031779450392,0.000611555739288444,1.0,0.9999999999999999
2018-01-26,2018-01-25,0,group_weighted_multinomial_logistic_gam,0.9505394000413604,0.9836824068564616,0.025470001780594585,0.007498601757204135,0.023757427860250556,0.008155029083781176,0.00023317031779450392,0.0006639623025531003,1.0,1.0
2018-01-29,2018-01-26,0,group_weighted_multinomial_logistic_gam,0.9505394000413604,0.9846606176411768,0.025470001780594585,0.007814748503486594,0.023757427860250556,0.006902871983830766,0.00023317031779450392,0.0006217618715058923,1.0,1.0000000000000002
2018-01-30,2018-01-29,0,group_weighted_multinomial_logistic_gam,0.9505394000413604,0.9805561614712454,0.025470001780594585,0.010422932615563698,0.023757427860250556,0.008270066231645863,0.00023317031779450392,0.000750839681545015,1.0,0.9999999999999999
2018-01-31,2018-01-30,0,group_weighted_multinomial_logistic_gam,0.9505394000413604,0.9802271129387677,0.025470001780594585,0.010584848128005449,0.023757427860250556,0.008454217072105802,0.00023317031779450392,0.0007338218611210113,1.0,1.0
2018-02-01,2018-01-31,0,group_weighted_multinomial_logistic_gam,0.9505394000413604,0.9831041602393455,0.025470001780594585,0.008056619347886774,0.023757427860250556,0.008157957684841434,0.00023317031779450392,0.0006812627279262345,1.0,1.0
2018-02-02,2018-02-01,0,group_weighted_multinomial_logistic_gam,0.9505394000413604,0.9829166107071238,0.025470001780594585,0.0093442678539359,0.023757427860250556,0.00708872159926365,0.00023317031779450392,0.0006503998396765628,1.0,0.9999999999999999
2018-02-05,2018-02-02,2,group_weighted_multinomial_logistic_gam,0.06274939193076978,0.19076637674129143,9.761755794767467e-34,0.11422739895166853,0.9124496868848444,0.6111165079761143,0.02480092118438586,0.08388971633092573,1.0,1.0
2018-02-06,2018-02-05,1,group_weighted_multinomial_logistic_gam,0.08634199045392929,0.19572887818586954,0.9080779360501346,0.6314481595443397,1.3537108067951995e-76,0.11353359225559584,0.005580073495936052,0.05928937001419476,1.0,0.9999999999999998
2018-02-07,2018-02-06,1,group_weighted_multinomial_logistic_gam,0.08634199045392929,0.2050775174861611,0.9080779360501346,0.6833113771399589,1.3537108067951995e-76,0.06165431271048812,0.005580073495936052,0.04995679266339196,1.0,1.0000000000000002
2018-02-08,2018-02-07,1,group_weighted_multinomial_logistic_gam,0.08634199045392929,0.1373519687030229,0.9080779360501346,0.7986633717571849,1.3537108067951995e-76,0.036458868518993555,0.005580073495936052,0.027525791020798652,1.0,1.0
2018-02-09,2018-02-08,1,group_weighted_multinomial_logistic_gam,0.08634199045392929,0.07379410848255319,0.9080779360501346,0.8865060056223206,1.3537108067951995e-76,0.02105155240093689,0.005580073495936052,0.018648333494189307,1.0,1.0
2018-02-12,2018-02-09,1,group_weighted_multinomial_logistic_gam,0.08634199045392929,0.08538063071548063,0.9080779360501346,0.8717590567590929,1.3537108067951995e-76,0.01938468088263364,0.005580073495936052,0.023475631642792684,1.0,0.9999999999999999
2018-02-13,2018-02-12,1,group_weighted_multinomial_logistic_gam,0.08634199045392929,0.10271380232460958,0.9080779360501346,0.8655086978701271,1.3537108067951995e-76,0.015665783533660046,0.005580073495936052,0.01611171627160319,1.0,0.9999999999999999
2018-02-14,2018-02-13,0,group_weighted_multinomial_logistic_gam,0.9505394000413604,0.748996323381302,0.025470001780594585,0.10430478605931015,0.023757427860250556,0.10517788924569617,0.00023317031779450392,0.04152100131369171,1.0,1.0
2018-02-15,2018-02-14,0,group_weighted_multinomial_logistic_gam,0.9505394000413604,0.8454247983436378,0.025470001780594585,0.0697754667569939,0.023757427860250556,0.06222206252887498,0.00023317031779450392,0.022577672370493306,1.0,1.0
2018-02-16,2018-02-15,0,group_weighted_multinomial_logistic_gam,0.9505394000413604,0.8884104803521253,0.025470001780594585,0.04223953172345338,0.023757427860250556,0.05512166369905784,0.00023317031779450392,0.014228324225363416,1.0,1.0
2018-02-20,2018-02-16,0,group_weighted_multinomial_logistic_gam,0.9505394000413604,0.906837110530767,0.025470001780594585,0.03920085160576188,0.023757427860250556,0.04389319339459579,0.00023317031779450392,0.010068844468875349,1.0,1.0
2018-02-21,2018-02-20,0,group_weighted_multinomial_logistic_gam,0.9505394000413604,0.9060525061329604,0.025470001780594585,0.04372982706182643,0.023757427860250556,0.040513043141994505,0.00023317031779450392,0.009704623663218555,1.0,0.9999999999999999
2018-02-22,2018-02-21,0,group_weighted_multinomial_logistic_gam,0.9505394000413604,0.9186789955110467,0.025470001780594585,0.04010841373244928,0.023757427860250556,0.03341221022967515,0.00023317031779450392,0.007800380526828908,1.0,1.0
2018-02-23,2018-02-22,0,group_weighted_multinomial_logistic_gam,0.9505394000413604,0.9335496666686169,0.025470001780594585,0.029383662380143685,0.023757427860250556,0.030712871407970646,0.00023317031779450392,0.006353799543268673,1.0,0.9999999999999999
2018-02-26,2018-02-23,0,group_weighted_multinomial_logistic_gam,0.9505394000413604,0.9434550557746475,0.025470001780594585,0.023320032014548207,0.023757427860250556,0.02736178198356043,0.00023317031779450392,0.0058631302272438976,1.0,1.0
2018-02-27,2018-02-26,0,group_weighted_multinomial_logistic_gam,0.9505394000413604,0.9500822846827421,0.025470001780594585,0.021564252870427122,0.023757427860250556,0.023906775722773537,0.00023317031779450392,0.004446686724057214,1.0,1.0
2018-02-28,2018-02-27,0,group_weighted_multinomial_logistic_gam,0.9505394000413604,0.9378809906456073,0.025470001780594585,0.030513958697521028,0.023757427860250556,0.026521177823183535,0.00023317031779450392,0.005083872833688202,1.0,1.0
2018-03-01,2018-02-28,0,group_weighted_multinomial_logistic_gam,0.9505394000413604,0.9383636668997475,0.025470001780594585,0.02723276584825329,0.023757427860250556,0.029139691118027364,0.00023317031779450392,0.005263876133971887,1.0,1.0
2018-03-02,2018-03-01,0,group_weighted_multinomial_logistic_gam,0.9505394000413604,0.9450761903795097,0.025470001780594585,0.025282946207840995,0.023757427860250556,0.02529789067937486,0.00023317031779450392,0.004342972733274499,1.0,1.0
2018-03-05,2018-03-02,0,group_weighted_multinomial_logistic_gam,0.9505394000413604,0.9547054010971688,0.025470001780594585,0.022265178851569516,0.023757427860250556,0.01944636814083926,0.00023317031779450392,0.0035830519104224036,1.0,1.0
2018-03-06,2018-03-05,0,group_weighted_multinomial_logistic_gam,0.9505394000413604,0.9623373750195536,0.025470001780594585,0.01807572831271102,0.023757427860250556,0.016642068189466886,0.00023317031779450392,0.0029448284782685775,1.0,1.0
2018-03-07,2018-03-06,0,group_weighted_multinomial_logistic_gam,0.9505394000413604,0.9619841731147211,0.025470001780594585,0.017355811391814534,0.023757427860250556,0.017853513225145543,0.00023317031779450392,0.002806502268318792,1.0,0.9999999999999999
2018-03-08,2018-03-07,0,group_weighted_multinomial_logistic_gam,0.9505394000413604,0.9553477695131488,0.025470001780594585,0.021110936622271384,0.023757427860250556,0.02020521047919178,0.00023317031779450392,0.00333608338538802,1.0,1.0
2018-03-09,2018-03-08,0,group_weighted_multinomial_logistic_gam,0.9505394000413604,0.9627311083392268,0.025470001780594585,0.016721430759011387,0.023757427860250556,0.01782093846588,0.00023317031779450392,0.0027265224358818713,1.0,1.0
2018-03-12,2018-03-09,0,group_weighted_multinomial_logistic_gam,0.9505394000413604,0.9692144424114219,0.025470001780594585,0.015021065997727947,0.023757427860250556,0.013458724051064198,0.00023317031779450392,0.0023057675397858335,1.0,0.9999999999999998
2018-03-13,2018-03-12,0,group_weighted_multinomial_logistic_gam,0.9505394000413604,0.9636737389170633,0.025470001780594585,0.01683580927292747,0.023757427860250556,0.01694556855257132,0.00023317031779450392,0.0025448832574377993,1.0,1.0
2018-03-14,2018-03-13,0,group_weighted_multinomial_logistic_gam,0.9505394000413604,0.963651179775957,0.025470001780594585,0.017434574063666105,0.023757427860250556,0.016467372684603843,0.00023317031779450392,0.0024468734757727944,1.0,0.9999999999999998
2018-03-15,2018-03-14,0,group_weighted_multinomial_logistic_gam,0.9505394000413604,0.9656244250112249,0.025470001780594585,0.015817901127673686,0.023757427860250556,0.016275875213436763,0.00023317031779450392,0.002281798647664643,1.0,1.0
2018-03-16,2018-03-15,0,group_weighted_multinomial_logistic_gam,0.9505394000413604,0.967332406639092,0.025470001780594585,0.015776879052312547,0.023757427860250556,0.014800688822072555,0.00023317031779450392,0.002090025486522976,1.0,1.0
2018-03-19,2018-03-16,0,group_weighted_multinomial_logistic_gam,0.9505394000413604,0.9701533659669497,0.025470001780594585,0.01477573920882091,0.023757427860250556,0.013201587017536948,0.00023317031779450392,0.0018693078066923203,1.0,0.9999999999999999
2018-03-20,2018-03-19,0,group_weighted_multinomial_logistic_gam,0.9505394000413604,0.9635465468121631,0.025470001780594585,0.018013494792010205,0.023757427860250556,0.016268637518913834,0.00023317031779450392,0.002171320876912852,1.0,1.0
2018-03-21,2018-03-20,0,group_weighted_multinomial_logistic_gam,0.9505394000413604,0.9705027186088296,0.025470001780594585,0.015390909974984367,0.023757427860250556,0.012273605472679718,0.00023317031779450392,0.0018327659435062882,1.0,1.0
2018-03-22,2018-03-21,0,group_weighted_multinomial_logistic_gam,0.9505394000413604,0.9732815731998227,0.025470001780594585,0.013826303075118895,0.023757427860250556,0.011343426867235098,0.00023317031779450392,0.0015486968578233568,1.0,1.0
2018-03-23,2018-03-22,0,group_weighted_multinomial_logistic_gam,0.9505394000413604,0.9655641052043172,0.025470001780594585,0.015936051946998955,0.023757427860250556,0.016583880002582395,0.00023317031779450392,0.0019159628461015018,1.0,1.0
2018-03-26,2018-03-23,0,group_weighted_multinomial_logistic_gam,0.9505394000413604,0.9683207570216801,0.025470001780594585,0.01683983007946172,0.023757427860250556,0.013168997916708156,0.00023317031779450392,0.0016704149821500178,1.0,1.0
2018-03-27,2018-03-26,1,group_weighted_multinomial_logistic_gam,0.08634199045392929,0.3163380957539818,0.9080779360501346,0.5039507841096093,1.3537108067951995e-76,0.10893955812014854,0.005580073495936052,0.07077156201626036,1.0,0.9999999999999999
2018-03-28,2018-03-27,1,group_weighted_multinomial_logistic_gam,0.08634199045392929,0.20105537354083378,0.9080779360501346,0.6920798364496177,1.3537108067951995e-76,0.0684753647537259,0.005580073495936052,0.038389425255822576,1.0,1.0
2018-03-29,2018-03-28,0,group_weighted_multinomial_logistic_gam,0.9505394000413604,0.7412265033865854,0.025470001780594585,0.09977655780448956,0.023757427860250556,0.11844977071199789,0.00023317031779450392,0.04054716809692717,1.0,1.0
2018-04-02,2018-03-29,0,group_weighted_multinomial_logistic_gam,0.9505394000413604,0.8551443690176557,0.025470001780594585,0.053781430335508154,0.023757427860250556,0.07011847022994526,0.00023317031779450392,0.020955730416891027,1.0,1.0
2018-04-03,2018-04-02,0,group_weighted_multinomial_logistic_gam,0.9505394000413604,0.8441679381862578,0.025470001780594585,0.06860011675318436,0.023757427860250556,0.06974718201647274,0.00023317031779450392,0.017484763044085295,1.0,1.0000000000000002
2018-04-04,2018-04-03,0,group_weighted_multinomial_logistic_gam,0.9505394000413604,0.9048105481770632,0.025470001780594585,0.04233286382950115,0.023757427860250556,0.041655799935815675,0.00023317031779450392,0.011200788057619973,1.0,1.0
2018-04-05,2018-04-04,0,group_weighted_multinomial_logistic_gam,0.9505394000413604,0.9148685821737711,0.025470001780594585,0.036214428313566,0.023757427860250556,0.03936125611065275,0.00023317031779450392,0.009555733402010323,1.0,1.0000000000000002
2018-04-06,2018-04-05,0,group_weighted_multinomial_logistic_gam,0.9505394000413604,0.9310316114096414,0.025470001780594585,0.03167673458111148,0.023757427860250556,0.030452316925003362,0.00023317031779450392,0.006839337084243843,1.0,1.0000000000000002
2018-04-09,2018-04-06,0,group_weighted_multinomial_logistic_gam,0.9505394000413604,0.917303259042755,0.025470001780594585,0.03483600126814266,0.023757427860250556,0.04044265180258291,0.00023317031779450392,0.00741808788651947,1.0,1.0
2018-04-10,2018-04-09,0,group_weighted_multinomial_logistic_gam,0.9505394000413604,0.9404972083825195,0.025470001780594585,0.028211766582528112,0.023757427860250556,0.025674075645048297,0.00023317031779450392,0.0056169493899040504,1.0,1.0
2018-04-11,2018-04-10,0,group_weighted_multinomial_logistic_gam,0.9505394000413604,0.9507602800401856,0.025470001780594585,0.02268030348380722,0.023757427860250556,0.02180766435507181,0.00023317031779450392,0.004751752120935302,1.0,1.0
2018-04-12,2018-04-11,0,group_weighted_multinomial_logistic_gam,0.9505394000413604,0.9466655504956043,0.025470001780594585,0.024994861826276974,0.023757427860250556,0.024007521452673708,0.00023317031779450392,0.004332066225444975,1.0,1.0
2018-04-13,2018-04-12,0,group_weighted_multinomial_logistic_gam,0.9505394000413604,0.9508042615749296,0.025470001780594585,0.02291815295611264,0.023757427860250556,0.02210999333528609,0.00023317031779450392,0.00416759213367165,1.0,1.0
2018-04-16,2018-04-13,0,group_weighted_multinomial_logistic_gam,0.9505394000413604,0.9521385891939835,0.025470001780594585,0.022282363812499827,0.023757427860250556,0.021869771639163586,0.00023317031779450392,0.003709275354353201,1.0,1.0000000000000002
2018-04-17,2018-04-16,0,group_weighted_multinomial_logistic_gam,0.9505394000413604,0.9538593194578424,0.025470001780594585,0.02112415391113864,0.023757427860250556,0.02110935248749818,0.00023317031779450392,0.00390717414352087,1.0,1.0
2018-04-18,2018-04-17,0,group_weighted_multinomial_logistic_gam,0.9505394000413604,0.9587301954426934,0.025470001780594585,0.018291877046687024,0.023757427860250556,0.019529752081506587,0.00023317031779450392,0.003448175429113009,1.0,1.0
2018-04-19,2018-04-18,0,group_weighted_multinomial_logistic_gam,0.9505394000413604,0.962507144251058,0.025470001780594585,0.019541155377480218,0.023757427860250556,0.01527568441605282,0.00023317031779450392,0.0026760159554091697,1.0,1.0000000000000002
2018-04-20,2018-04-19,0,group_weighted_multinomial_logistic_gam,0.9505394000413604,0.9557725018250317,0.025470001780594585,0.02319671807147624,0.023757427860250556,0.01789393270262517,0.00023317031779450392,0.003136847400866777,1.0,0.9999999999999999
2018-04-23,2018-04-20,0,group_weighted_multinomial_logistic_gam,0.9505394000413604,0.9576068182291533,0.025470001780594585,0.02192913817963953,0.023757427860250556,0.017544667190788683,0.00023317031779450392,0.0029193764004186848,1.0,1.0000000000000002
2018-04-24,2018-04-23,0,group_weighted_multinomial_logistic_gam,0.9505394000413604,0.9604641921758287,0.025470001780594585,0.01941309130409114,0.023757427860250556,0.017255162361175868,0.00023317031779450392,0.0028675541589041676,1.0,0.9999999999999999
2018-04-25,2018-04-24,0,group_weighted_multinomial_logistic_gam,0.9505394000413604,0.9605103533694985,0.025470001780594585,0.019882119316715016,0.023757427860250556,0.017132514824193215,0.00023317031779450392,0.002475012489593473,1.0,1.0000000000000002
2018-04-26,2018-04-25,0,group_weighted_multinomial_logistic_gam,0.9505394000413604,0.9634496693275815,0.025470001780594585,0.01913184806224377,0.023757427860250556,0.01487090943795921,0.00023317031779450392,0.002547573172215577,1.0,1.0
2018-04-27,2018-04-26,0,group_weighted_multinomial_logistic_gam,0.9505394000413604,0.9698981242865785,0.025470001780594585,0.013391171852592301,0.023757427860250556,0.014601136969658094,0.00023317031779450392,0.002109566891171178,1.0,1.0000000000000002
2018-04-30,2018-04-27,0,group_weighted_multinomial_logistic_gam,0.9505394000413604,0.9674326047463344,0.025470001780594585,0.014634103174147714,0.023757427860250556,0.015705965258177877,0.00023317031779450392,0.002227326821339973,1.0,1.0
2018-05-01,2018-04-30,0,group_weighted_multinomial_logistic_gam,0.9505394000413604,0.9675540531588948,0.025470001780594585,0.015748540712070522,0.023757427860250556,0.014685676376886305,0.00023317031779450392,0.002011729752148465,1.0,1.0
2018-05-02,2018-05-01,0,group_weighted_multinomial_logistic_gam,0.9505394000413604,0.9662511018422606,0.025470001780594585,0.017441260118348404,0.023757427860250556,0.014039047784114562,0.00023317031779450392,0.0022685902552764753,1.0,1.0
2018-05-03,2018-05-02,0,group_weighted_multinomial_logistic_gam,0.9505394000413604,0.9666640606281147,0.025470001780594585,0.0168246646575907,0.023757427860250556,0.014475509249704987,0.00023317031779450392,0.0020357654645895597,1.0,1.0
2018-05-04,2018-05-03,0,group_weighted_multinomial_logistic_gam,0.9505394000413604,0.9694594510240048,0.025470001780594585,0.015070431400006058,0.023757427860250556,0.013564613859581876,0.00023317031779450392,0.001905503716407335,1.0,1.0
2018-05-07,2018-05-04,0,group_weighted_multinomial_logistic_gam,0.9505394000413604,0.9751495573299453,0.025470001780594585,0.012068359333726556,0.023757427860250556,0.011173313176162488,0.00023317031779450392,0.001608770160165763,1.0,1.0
2018-05-08,2018-05-07,0,group_weighted_multinomial_logistic_gam,0.9505394000413604,0.9733361515334739,0.025470001780594585,0.012929543965546294,0.023757427860250556,0.012155932581296897,0.00023317031779450392,0.0015783719196827979,1.0,0.9999999999999998
2018-05-09,2018-05-08,0,group_weighted_multinomial_logistic_gam,0.9505394000413604,0.9690411983224845,0.025470001780594585,0.015821719694613646,0.023757427860250556,0.013189016397596348,0.00023317031779450392,0.001948065585305631,1.0,1.0000000000000002
2018-05-10,2018-05-09,0,group_weighted_multinomial_logistic_gam,0.9505394000413604,0.9766086974217218,0.025470001780594585,0.011973724924838428,0.023757427860250556,0.010040606670240362,0.00023317031779450392,0.0013769709831993036,1.0,0.9999999999999999
2018-05-11,2018-05-10,0,group_weighted_multinomial_logistic_gam,0.9505394000413604,0.9801393346766296,0.025470001780594585,0.00849071274829919,0.023757427860250556,0.01027734967885988,0.00023317031779450392,0.0010926028962114113,1.0,1.0
2018-05-14,2018-05-11,0,group_weighted_multinomial_logistic_gam,0.9505394000413604,0.9761504471657846,0.025470001780594585,0.011020633678685018,0.023757427860250556,0.011525731585412728,0.00023317031779450392,0.0013031875701178034,1.0,1.0
2018-05-15,2018-05-14,0,group_weighted_multinomial_logistic_gam,0.9505394000413604,0.9763650777194768,0.025470001780594585,0.011855371273379952,0.023757427860250556,0.01049506889973401,0.00023317031779450392,0.0012844821074093338,1.0,1.0000000000000002
2018-05-16,2018-05-15,0,group_weighted_multinomial_logistic_gam,0.9505394000413604,0.9708353360842025,0.025470001780594585,0.01666188965381982,0.023757427860250556,0.010888788178826672,0.00023317031779450392,0.0016139860831511515,1.0,1.0000000000000002
2018-05-17,2018-05-16,0,group_weighted_multinomial_logistic_gam,0.9505394000413604,0.9780696978975735,0.025470001780594585,0.010726519102402927,0.023757427860250556,0.01002351169004527,0.00023317031779450392,0.0011802713099784005,1.0,1.0
2018-05-18,2018-05-17,0,group_weighted_multinomial_logistic_gam,0.9505394000413604,0.975445634114321,0.025470001780594585,0.012771475559450362,0.023757427860250556,0.010461926227445836,0.00023317031779450392,0.0013209640987829469,1.0,1.0
2018-05-21,2018-05-18,0,group_weighted_multinomial_logistic_gam,0.9505394000413604,0.9757233113385241,0.025470001780594585,0.011616931447017063,0.023757427860250556,0.011318487635804423,0.00023317031779450392,0.001341269578654452,1.0,1.0
2018-05-22,2018-05-21,0,group_weighted_multinomial_logistic_gam,0.9505394000413604,0.9788075411394249,0.025470001780594585,0.010445857475958357,0.023757427860250556,0.009586310812238059,0.00023317031779450392,0.0011602905723787447,1.0,1.0
2018-05-23,2018-05-22,0,group_weighted_multinomial_logistic_gam,0.9505394000413604,0.9796337986916653,0.025470001780594585,0.009900502005689626,0.023757427860250556,0.009493377547312536,0.00023317031779450392,0.0009723217553323426,1.0,0.9999999999999998
2018-05-24,2018-05-23,0,group_weighted_multinomial_logistic_gam,0.9505394000413604,0.979980266176063,0.025470001780594585,0.008951599793476053,0.023757427860250556,0.0100382970579898,0.00023317031779450392,0.001029836972470866,1.0,0.9999999999999997
2018-05-25,2018-05-24,0,group_weighted_multinomial_logistic_gam,0.9505394000413604,0.9786486257911762,0.025470001780594585,0.009743126584617075,0.023757427860250556,0.01051872006694612,0.00023317031779450392,0.001089527557260538,1.0,0.9999999999999999
2018-05-29,2018-05-25,0,group_weighted_multinomial_logistic_gam,0.9505394000413604,0.9771797850674997,0.025470001780594585,0.01023331073411818,0.023757427860250556,0.011405915887271112,0.00023317031779450392,0.0011809883111109937,1.0,1.0
2018-05-30,2018-05-29,0,group_weighted_multinomial_logistic_gam,0.9505394000413604,0.9741115056825599,0.025470001780594585,0.010507620394490836,0.023757427860250556,0.01386656118152155,0.00023317031779450392,0.0015143127414277444,1.0,1.0
2018-05-31,2018-05-30,0,group_weighted_multinomial_logistic_gam,0.9505394000413604,0.9811245771167119,0.025470001780594585,0.010157128354946714,0.023757427860250556,0.007700494152052456,0.00023317031779450392,0.0010178003762891692,1.0,1.0000000000000002
2018-06-01,2018-05-31,0,group_weighted_multinomial_logistic_gam,0.9505394000413604,0.9769617012866522,0.025470001780594585,0.011278092035250683,0.023757427860250556,0.01060836946499638,0.00023317031779450392,0.00115183721310081,1.0,1.0
2018-06-04,2018-06-01,0,group_weighted_multinomial_logistic_gam,0.9505394000413604,0.9793481246128621,0.025470001780594585,0.010877347201828603,0.023757427860250556,0.008666883708758183,0.00023317031779450392,0.0011076444765509045,1.0,0.9999999999999999
2018-06-05,2018-06-04,0,group_weighted_multinomial_logistic_gam,0.9505394000413604,0.9796393479439472,0.025470001780594585,0.009854513455953269,0.023757427860250556,0.00951869270853308,0.00023317031779450392,0.0009874458915664493,1.0,1.0
2018-06-06,2018-06-05,0,group_weighted_multinomial_logistic_gam,0.9505394000413604,0.9807809546253169,0.025470001780594585,0.009364572433537001,0.023757427860250556,0.008938852266715232,0.00023317031779450392,0.000915620674430895,1.0,1.0
2018-06-07,2018-06-06,0,group_weighted_multinomial_logistic_gam,0.9505394000413604,0.9802679752681143,0.025470001780594585,0.010464706635856682,0.023757427860250556,0.008263482666995404,0.00023317031779450392,0.0010038354290336183,1.0,0.9999999999999999
2018-06-08,2018-06-07,0,group_weighted_multinomial_logistic_gam,0.9505394000413604,0.9816175997291235,0.025470001780594585,0.008761211165082107,0.023757427860250556,0.008718606334705607,0.00023317031779450392,0.0009025827710887082,1.0,0.9999999999999999
2018-06-11,2018-06-08,0,group_weighted_multinomial_logistic_gam,0.9505394000413604,0.9805323727687566,0.025470001780594585,0.009888782601160113,0.023757427860250556,0.008616353308932742,0.00023317031779450392,0.0009624913211505701,1.0,1.0
2018-06-12,2018-06-11,0,group_weighted_multinomial_logistic_gam,0.9505394000413604,0.9803196346355404,0.025470001780594585,0.010040910329439632,0.023757427860250556,0.008703163986605755,0.00023317031779450392,0.0009362910484140354,1.0,0.9999999999999999
2018-06-13,2018-06-12,0,group_weighted_multinomial_logistic_gam,0.9505394000413604,0.9810227641441646,0.025470001780594585,0.009563735905075674,0.023757427860250556,0.008503731989803656,0.00023317031779450392,0.0009097679609559723,1.0,0.9999999999999999
2018-06-14,2018-06-13,0,group_weighted_multinomial_logistic_gam,0.9505394000413604,0.9808389978921237,0.025470001780594585,0.010027434993729852,0.023757427860250556,0.008264369046913488,0.00023317031779450392,0.000869198067232912,1.0,1.0
2018-06-15,2018-06-14,0,group_weighted_multinomial_logistic_gam,0.9505394000413604,0.9815340313297731,0.025470001780594585,0.008322541305961535,0.023757427860250556,0.009262557434498657,0.00023317031779450392,0.0008808699297665932,1.0,0.9999999999999999
2018-06-18,2018-06-15,0,group_weighted_multinomial_logistic_gam,0.9505394000413604,0.9781398610810422,0.025470001780594585,0.010011703414689283,0.023757427860250556,0.010783098819416836,0.00023317031779450392,0.0010653366848517088,1.0,1.0
2018-06-19,2018-06-18,0,group_weighted_multinomial_logistic_gam,0.9505394000413604,0.9808053737933485,0.025470001780594585,0.010297319134057107,0.023757427860250556,0.008010789480007337,0.00023317031779450392,0.000886517592587115,1.0,1.0
2018-06-20,2018-06-19,0,group_weighted_multinomial_logistic_gam,0.9505394000413604,0.9787541575466032,0.025470001780594585,0.010561064980767072,0.023757427860250556,0.00965454792746859,0.00023317031779450392,0.001030229545161116,1.0,0.9999999999999999
2018-06-21,2018-06-20,0,group_weighted_multinomial_logistic_gam,0.9505394000413604,0.9842841041174003,0.025470001780594585,0.007916363273067932,0.023757427860250556,0.007140036679206536,0.00023317031779450392,0.0006594959303251516,1.0,0.9999999999999998
2018-06-22,2018-06-21,0,group_weighted_multinomial_logistic_gam,0.9505394000413604,0.9812524541394321,0.025470001780594585,0.009095842072751043,0.023757427860250556,0.008832646448214089,0.00023317031779450392,0.0008190573396028237,1.0,1.0
2018-06-25,2018-06-22,0,group_weighted_multinomial_logistic_gam,0.9505394000413604,0.986182194459825,0.025470001780594585,0.006933621231125216,0.023757427860250556,0.0063219454509063746,0.00023317031779450392,0.0005622388581434181,1.0,1.0
2018-06-26,2018-06-25,0,group_weighted_multinomial_logistic_gam,0.9505394000413604,0.979205983450978,0.025470001780594585,0.010437521930062569,0.023757427860250556,0.009460344210906519,0.00023317031779450392,0.0008961504080530295,1.0,1.0
2018-06-27,2018-06-26,0,group_weighted_multinomial_logistic_gam,0.9505394000413604,0.9840400551372627,0.025470001780594585,0.008154152671635094,0.023757427860250556,0.0071152863797091966,0.00023317031779450392,0.0006905058113928463,1.0,0.9999999999999998
2018-06-28,2018-06-27,0,group_weighted_multinomial_logistic_gam,0.9505394000413604,0.983220592950572,0.025470001780594585,0.008069995048086923,0.023757427860250556,0.007986991293500114,0.00023317031779450392,0.0007224207078408821,1.0,0.9999999999999999
2018-06-29,2018-06-28,0,group_weighted_multinomial_logistic_gam,0.9505394000413604,0.9836841064058465,0.025470001780594585,0.008346873733810203,0.023757427860250556,0.007226999589868768,0.00023317031779450392,0.0007420202704743788,1.0,0.9999999999999998
2018-07-02,2018-06-29,0,group_weighted_multinomial_logistic_gam,0.9505394000413604,0.9851591666629775,0.025470001780594585,0.007439002350347284,0.023757427860250556,0.006796194612448953,0.00023317031779450392,0.0006056363742261945,1.0,1.0
2018-07-03,2018-07-02,0,group_weighted_multinomial_logistic_gam,0.9505394000413604,0.9813863484196199,0.025470001780594585,0.0088079038127903,0.023757427860250556,0.008972542033690075,0.00023317031779450392,0.0008332057338997969,1.0,1.0
2018-07-05,2018-07-03,0,group_weighted_multinomial_logistic_gam,0.9505394000413604,0.9851198383734653,0.025470001780594585,0.006976451136573042,0.023757427860250556,0.007323320434986607,0.00023317031779450392,0.0005803900549751667,1.0,1.0000000000000002
2018-07-06,2018-07-05,0,group_weighted_multinomial_logistic_gam,0.9505394000413604,0.9863571822831474,0.025470001780594585,0.006383533419449747,0.023757427860250556,0.006686337235612428,0.00023317031779450392,0.0005729470617905399,1.0,1.0
2018-07-09,2018-07-06,0,group_weighted_multinomial_logistic_gam,0.9505394000413604,0.9869347928491853,0.025470001780594585,0.0061149425251467845,0.023757427860250556,0.0064154986377222955,0.00023317031779450392,0.0005347659879457115,1.0,1.0
2018-07-10,2018-07-09,0,group_weighted_multinomial_logistic_gam,0.9505394000413604,0.9871558625103862,0.025470001780594585,0.006301526168342541,0.023757427860250556,0.006028234388701049,0.00023317031779450392,0.0005143769325704708,1.0,1.0000000000000002
2018-07-11,2018-07-10,0,group_weighted_multinomial_logistic_gam,0.9505394000413604,0.9851402522276459,0.025470001780594585,0.007463951122059156,0.023757427860250556,0.0067755584705253315,0.00023317031779450392,0.0006202381797695406,1.0,0.9999999999999999
2018-07-12,2018-07-11,0,group_weighted_multinomial_logistic_gam,0.9505394000413604,0.9787299321013077,0.025470001780594585,0.009490073519381682,0.023757427860250556,0.010833740343833385,0.00023317031779450392,0.0009462540354775555,1.0,1.0000000000000002
2018-07-13,2018-07-12,0,group_weighted_multinomial_logistic_gam,0.9505394000413604,0.9869521420138287,0.025470001780594585,0.0065417123475554825,0.023757427860250556,0.005964632856654265,0.00023317031779450392,0.0005415127819614133,1.0,1.0
2018-07-16,2018-07-13,0,group_weighted_multinomial_logistic_gam,0.9505394000413604,0.9863980395530356,0.025470001780594585,0.006418220788756581,0.023757427860250556,0.006659407718954382,0.00023317031779450392,0.0005243319392533484,1.0,0.9999999999999999
2018-07-17,2018-07-16,0,group_weighted_multinomial_logistic_gam,0.9505394000413604,0.9819280866724531,0.025470001780594585,0.009000646402681065,0.023757427860250556,0.00830283018306838,0.00023317031779450392,0.0007684367417975751,1.0,1.0000000000000002
2018-07-18,2018-07-17,0,group_weighted_multinomial_logistic_gam,0.9505394000413604,0.9854207765678512,0.025470001780594585,0.007557331971102714,0.023757427860250556,0.0064128780673100745,0.00023317031779450392,0.0006090133937359925,1.0,1.0
2018-07-19,2018-07-18,0,group_weighted_multinomial_logistic_gam,0.9505394000413604,0.9863638115534358,0.025470001780594585,0.007051950650918362,0.023757427860250556,0.006051329672566846,0.00023317031779450392,0.0005329081230790469,1.0,1.0
2018-07-20,2018-07-19,0,group_weighted_multinomial_logistic_gam,0.9505394000413604,0.9847782685153241,0.025470001780594585,0.007495610870217317,0.023757427860250556,0.007120994748675721,0.00023317031779450392,0.0006051258657826262,1.0,0.9999999999999998
2018-07-23,2018-07-20,0,group_weighted_multinomial_logistic_gam,0.9505394000413604,0.9860620068759904,0.025470001780594585,0.007591449145002722,0.023757427860250556,0.005825995246024518,0.00023317031779450392,0.0005205487329822561,1.0,1.0
2018-07-24,2018-07-23,0,group_weighted_multinomial_logistic_gam,0.9505394000413604,0.9855655701557877,0.025470001780594585,0.008064802863167707,0.023757427860250556,0.005796638032512401,0.00023317031779450392,0.0005729889485319773,1.0,0.9999999999999998
2018-07-25,2018-07-24,0,group_weighted_multinomial_logistic_gam,0.9505394000413604,0.9869685879597312,0.025470001780594585,0.006242284803061762,0.023757427860250556,0.006265996545964989,0.00023317031779450392,0.0005231306912420641,1.0,1.0
2018-07-26,2018-07-25,0,group_weighted_multinomial_logistic_gam,0.9505394000413604,0.988044379263506,0.025470001780594585,0.005778605699260603,0.023757427860250556,0.0057079181338859815,0.00023317031779450392,0.0004690969033473585,1.0,0.9999999999999999
2018-07-27,2018-07-26,0,group_weighted_multinomial_logistic_gam,0.9505394000413604,0.9870726402987068,0.025470001780594585,0.006648464923633843,0.023757427860250556,0.005823667598457886,0.00023317031779450392,0.00045522717920161974,1.0,1.0
2018-07-30,2018-07-27,0,group_weighted_multinomial_logistic_gam,0.9505394000413604,0.9852093422923746,0.025470001780594585,0.007254369113975506,0.023757427860250556,0.006987002144704451,0.00023317031779450392,0.0005492864489454101,1.0,0.9999999999999999
2018-07-31,2018-07-30,0,group_weighted_multinomial_logistic_gam,0.9505394000413604,0.985695553282525,0.025470001780594585,0.007638179799737987,0.023757427860250556,0.006141697071461693,0.00023317031779450392,0.0005245698462753161,1.0,1.0
2018-08-01,2018-07-31,0,group_weighted_multinomial_logistic_gam,0.9505394000413604,0.9860602316681002,0.025470001780594585,0.006644841026349612,0.023757427860250556,0.006728798409134335,0.00023317031779450392,0.0005661288964159243,1.0,1.0
2018-08-02,2018-08-01,0,group_weighted_multinomial_logistic_gam,0.9505394000413604,0.9835086683591372,0.025470001780594585,0.008670608256954667,0.023757427860250556,0.007159755196982265,0.00023317031779450392,0.0006609681869257564,1.0,0.9999999999999999
2018-08-03,2018-08-02,0,group_weighted_multinomial_logistic_gam,0.9505394000413604,0.9870673566395369,0.025470001780594585,0.006573851401879538,0.023757427860250556,0.00585066862576357,0.00023317031779450392,0.0005081233328199448,1.0,0.9999999999999999
2018-08-06,2018-08-03,0,group_weighted_multinomial_logistic_gam,0.9505394000413604,0.9876125141138562,0.025470001780594585,0.0058611569784816995,0.023757427860250556,0.006051675871285361,0.00023317031779450392,0.0004746530363768454,1.0,1.0000000000000002
2018-08-07,2018-08-06,0,group_weighted_multinomial_logistic_gam,0.9505394000413604,0.9869943426331292,0.025470001780594585,0.006521494659545709,0.023757427860250556,0.005977636524113388,0.00023317031779450392,0.000506526183211711,1.0,1.0
2018-08-08,2018-08-07,0,group_weighted_multinomial_logistic_gam,0.9505394000413604,0.9870962487717523,0.025470001780594585,0.006962404281067553,0.023757427860250556,0.005458812874057137,0.00023317031779450392,0.00048253407312286964,1.0,0.9999999999999998
2018-08-09,2018-08-08,0,group_weighted_multinomial_logistic_gam,0.9505394000413604,0.9846769132864183,0.025470001780594585,0.007736797748134328,0.023757427860250556,0.006976115440684187,0.00023317031779450392,0.0006101735247631796,1.0,1.0
2018-08-10,2018-08-09,0,group_weighted_multinomial_logistic_gam,0.9505394000413604,0.985604128844557,0.025470001780594585,0.007174098061661586,0.023757427860250556,0.006643131680367518,0.00023317031779450392,0.0005786414134140583,1.0,1.0000000000000002
2018-08-13,2018-08-10,1,group_weighted_multinomial_logistic_gam,0.08634199045392929,0.23111872430719907,0.9080779360501346,0.5827591059278932,1.3537108067951995e-76,0.11152206930112074,0.005580073495936052,0.0746001004637869,1.0,0.9999999999999998
2018-08-14,2018-08-13,1,group_weighted_multinomial_logistic_gam,0.08634199045392929,0.153382785080679,0.9080779360501346,0.7508206945749526,1.3537108067951995e-76,0.05266780135747654,0.005580073495936052,0.043128718986891676,1.0,0.9999999999999998
2018-08-15,2018-08-14,1,group_weighted_multinomial_logistic_gam,0.08634199045392929,0.18476106360196518,0.9080779360501346,0.7472536678262501,1.3537108067951995e-76,0.04015867720900169,0.005580073495936052,0.027826591362782944,1.0,1.0
2018-08-16,2018-08-15,1,group_weighted_multinomial_logistic_gam,0.08634199045392929,0.11226992617189142,0.9080779360501346,0.8301310435706992,1.3537108067951995e-76,0.032156277837686334,0.005580073495936052,0.025442752419723186,1.0,1.0000000000000002
2018-08-17,2018-08-16,0,group_weighted_multinomial_logistic_gam,0.9505394000413604,0.7819313519588534,0.025470001780594585,0.08661497022878392,0.023757427860250556,0.09752187401002828,0.00023317031779450392,0.03393180380233432,1.0,1.0
2018-08-20,2018-08-17,0,group_weighted_multinomial_logistic_gam,0.9505394000413604,0.8368463832704766,0.025470001780594585,0.06753435594667616,0.023757427860250556,0.07301673518446286,0.00023317031779450392,0.022602525598384254,1.0,0.9999999999999998
2018-08-21,2018-08-20,0,group_weighted_multinomial_logistic_gam,0.9505394000413604,0.8748970514047824,0.025470001780594585,0.0491827420682437,0.023757427860250556,0.059949133593262496,0.00023317031779450392,0.015971072933711552,1.0,1.0
2018-08-22,2018-08-21,0,group_weighted_multinomial_logistic_gam,0.9505394000413604,0.8998614734340856,0.025470001780594585,0.04454056365338553,0.023757427860250556,0.04434228515149475,0.00023317031779450392,0.011255677761034106,1.0,1.0
2018-08-23,2018-08-22,0,group_weighted_multinomial_logistic_gam,0.9505394000413604,0.922017637137256,0.025470001780594585,0.03436499397039174,0.023757427860250556,0.035682653131398734,0.00023317031779450392,0.007934715760953321,1.0,0.9999999999999998
2018-08-24,2018-08-23,0,group_weighted_multinomial_logistic_gam,0.9505394000413604,0.9191278190555355,0.025470001780594585,0.03582861144788255,0.023757427860250556,0.0368330078983746,0.00023317031779450392,0.00821056159820734,1.0,1.0
2018-08-27,2018-08-24,0,group_weighted_multinomial_logistic_gam,0.9505394000413604,0.9350486691135497,0.025470001780594585,0.030081173779763076,0.023757427860250556,0.028419530488933212,0.00023317031779450392,0.006450626617754086,1.0,1.0
2018-08-28,2018-08-27,0,group_weighted_multinomial_logistic_gam,0.9505394000413604,0.9407596818466493,0.025470001780594585,0.027049559123440484,0.023757427860250556,0.02666889542538912,0.00023317031779450392,0.005521863604520953,1.0,0.9999999999999999
2018-08-29,2018-08-28,0,group_weighted_multinomial_logistic_gam,0.9505394000413604,0.940812767506137,0.025470001780594585,0.028110863172601506,0.023757427860250556,0.02591054583576091,0.00023317031779450392,0.005165823485500707,1.0,1.0
2018-08-30,2018-08-29,0,group_weighted_multinomial_logistic_gam,0.9505394000413604,0.9481742841600445,0.025470001780594585,0.024355970020934342,0.023757427860250556,0.022787959734408562,0.00023317031779450392,0.004681786084612714,1.0,1.0000000000000002
2018-08-31,2018-08-30,0,group_weighted_multinomial_logistic_gam,0.9505394000413604,0.9456079427853652,0.025470001780594585,0.025585055527778188,0.023757427860250556,0.024282870356252047,0.00023317031779450392,0.004524131330604475,1.0,1.0
2018-09-04,2018-08-31,0,group_weighted_multinomial_logistic_gam,0.9505394000413604,0.9496342589356911,0.025470001780594585,0.024122783263667517,0.023757427860250556,0.022073584761561616,0.00023317031779450392,0.004169373039079853,1.0,1.0000000000000002
2018-09-05,2018-09-04,0,group_weighted_multinomial_logistic_gam,0.9505394000413604,0.9469172968373865,0.025470001780594585,0.027817453485347036,0.023757427860250556,0.020929926660758696,0.00023317031779450392,0.004335323016507564,1.0,0.9999999999999997
2018-09-06,2018-09-05,0,group_weighted_multinomial_logistic_gam,0.9505394000413604,0.9548138804801294,0.025470001780594585,0.02080372140341582,0.023757427860250556,0.021033955376150788,0.00023317031779450392,0.00334844274030391,1.0,0.9999999999999999
2018-09-07,2018-09-06,0,group_weighted_multinomial_logistic_gam,0.9505394000413604,0.959693432661426,0.025470001780594585,0.017426399183130464,0.023757427860250556,0.02005528063997817,0.00023317031779450392,0.002824887515465395,1.0,1.0000000000000002
2018-09-10,2018-09-07,0,group_weighted_multinomial_logistic_gam,0.9505394000413604,0.9597937184901797,0.025470001780594585,0.02066339145822669,0.023757427860250556,0.0167049160803533,0.00023317031779450392,0.0028379739712404224,1.0,1.0000000000000002
2018-09-11,2018-09-10,0,group_weighted_multinomial_logistic_gam,0.9505394000413604,0.9620045082504031,0.025470001780594585,0.018072712852872302,0.023757427860250556,0.017117211321804122,0.00023317031779450392,0.002805567574920668,1.0,1.0
2018-09-12,2018-09-11,0,group_weighted_multinomial_logistic_gam,0.9505394000413604,0.965048205175922,0.025470001780594585,0.017755230715852475,0.023757427860250556,0.014766809735094347,0.00023317031779450392,0.002429754373131011,1.0,0.9999999999999999
2018-09-13,2018-09-12,0,group_weighted_multinomial_logistic_gam,0.9505394000413604,0.9688233383902934,0.025470001780594585,0.01428166576757437,0.023757427860250556,0.014879792033362533,0.00023317031779450392,0.0020152038087696703,1.0,1.0
2018-09-14,2018-09-13,0,group_weighted_multinomial_logistic_gam,0.9505394000413604,0.968425297897753,0.025470001780594585,0.013706899996864521,0.023757427860250556,0.015780361152019137,0.00023317031779450392,0.0020874409533632433,1.0,0.9999999999999998
2018-09-17,2018-09-14,0,group_weighted_multinomial_logistic_gam,0.9505394000413604,0.9678238854542737,0.025470001780594585,0.015570507247159344,0.023757427860250556,0.014579302370894663,0.00023317031779450392,0.0020263049276721323,1.0,0.9999999999999998
2018-09-18,2018-09-17,0,group_weighted_multinomial_logistic_gam,0.9505394000413604,0.965205270399666,0.025470001780594585,0.017177983553617684,0.023757427860250556,0.01540506960175139,0.00023317031779450392,0.0022116764449649886,1.0,1.0
2018-09-19,2018-09-18,0,group_weighted_multinomial_logistic_gam,0.9505394000413604,0.9704495720324605,0.025470001780594585,0.015271159762536731,0.023757427860250556,0.012409801945816952,0.00023317031779450392,0.0018694662591856662,1.0,0.9999999999999999
2018-09-20,2018-09-19,0,group_weighted_multinomial_logistic_gam,0.9505394000413604,0.971973851989279,0.025470001780594585,0.01416904081361495,0.023757427860250556,0.012194808055680802,0.00023317031779450392,0.0016622991414251638,1.0,0.9999999999999999
2018-09-21,2018-09-20,0,group_weighted_multinomial_logistic_gam,0.9505394000413604,0.974247285821251,0.025470001780594585,0.01129080786339448,0.023757427860250556,0.012882129366271942,0.00023317031779450392,0.00157977694908294,1.0,1.0000000000000002
2018-09-24,2018-09-21,0,group_weighted_multinomial_logistic_gam,0.9505394000413604,0.973001644868183,0.025470001780594585,0.012729641964302653,0.023757427860250556,0.012699162504717722,0.00023317031779450392,0.0015695506627966282,1.0,1.0
2018-09-25,2018-09-24,0,group_weighted_multinomial_logistic_gam,0.9505394000413604,0.9735435555198293,0.025470001780594585,0.013500943833270102,0.023757427860250556,0.011446125965809018,0.00023317031779450392,0.001509374681091687,1.0,1.0
2018-09-26,2018-09-25,0,group_weighted_multinomial_logistic_gam,0.9505394000413604,0.972901030990703,0.025470001780594585,0.013704262930323148,0.023757427860250556,0.011843590826437092,0.00023317031779450392,0.0015511152525367106,1.0,0.9999999999999999
2018-09-27,2018-09-26,0,group_weighted_multinomial_logistic_gam,0.9505394000413604,0.9729411277877441,0.025470001780594585,0.011972274838150623,0.023757427860250556,0.013538184073905614,0.00023317031779450392,0.0015484133001995193,1.0,0.9999999999999999
2018-09-28,2018-09-27,0,group_weighted_multinomial_logistic_gam,0.9505394000413604,0.9766716766895631,0.025470001780594585,0.01088778619650123,0.023757427860250556,0.011147866915534446,0.00023317031779450392,0.001292670198401368,1.0,1.0000000000000002
2018-10-01,2018-09-28,0,group_weighted_multinomial_logistic_gam,0.9505394000413604,0.9757023835373041,0.025470001780594585,0.012338852767114218,0.023757427860250556,0.010614303529771232,0.00023317031779450392,0.0013444601658104821,1.0,1.0
2018-10-02,2018-10-01,0,group_weighted_multinomial_logistic_gam,0.9505394000413604,0.9778876415609449,0.025470001780594585,0.011580332212949318,0.023757427860250556,0.009323970717320823,0.00023317031779450392,0.001208055508784858,1.0,0.9999999999999999
2018-10-03,2018-10-02,0,group_weighted_multinomial_logistic_gam,0.9505394000413604,0.9754566846405655,0.025470001780594585,0.011917303118810542,0.023757427860250556,0.011237656517013576,0.00023317031779450392,0.0013883557236103925,1.0,1.0
2018-10-04,2018-10-03,0,group_weighted_multinomial_logistic_gam,0.9505394000413604,0.9762460169105217,0.025470001780594585,0.013237345933774807,0.023757427860250556,0.009242059754117455,0.00023317031779450392,0.0012745774015860034,1.0,0.9999999999999999
2018-10-05,2018-10-04,0,group_weighted_multinomial_logistic_gam,0.9505394000413604,0.9684952839853992,0.025470001780594585,0.016890239069310142,0.023757427860250556,0.012810611470863952,0.00023317031779450392,0.0018038654744266355,1.0,0.9999999999999999
2018-10-09,2018-10-05,0,group_weighted_multinomial_logistic_gam,0.9505394000413604,0.97406347490716,0.025470001780594585,0.013651354714645899,0.023757427860250556,0.010931304076732536,0.00023317031779450392,0.0013538663014614019,1.0,0.9999999999999998
2018-10-10,2018-10-09,0,group_weighted_multinomial_logistic_gam,0.9505394000413604,0.9765165555613934,0.025470001780594585,0.01133579994599002,0.023757427860250556,0.01087770228707572,0.00023317031779450392,0.001269942205540901,1.0,1.0
2018-10-11,2018-10-10,1,group_weighted_multinomial_logistic_gam,0.08634199045392929,0.2005824659635028,0.9080779360501346,0.6376996445695758,1.3537108067951995e-76,0.10468712884909466,0.005580073495936052,0.05703076061782684,1.0,1.0000000000000002
2018-10-12,2018-10-11,2,group_weighted_multinomial_logistic_gam,0.06274939193076978,0.16657486138807667,9.761755794767467e-34,0.07792220543723324,0.9124496868848444,0.6705578166607615,0.02480092118438586,0.08494511651392846,1.0,0.9999999999999999
2018-10-15,2018-10-12,2,group_weighted_multinomial_logistic_gam,0.06274939193076978,0.17737281600370816,9.761755794767467e-34,0.046198463713809326,0.9124496868848444,0.7182832094861333,0.02480092118438586,0.05814551079634912,1.0,1.0
2018-10-16,2018-10-15,0,group_weighted_multinomial_logistic_gam,0.9505394000413604,0.7523325572817846,0.025470001780594585,0.10613202478757289,0.023757427860250556,0.1046729030531065,0.00023317031779450392,0.03686251487753609,1.0,1.0
2018-10-17,2018-10-16,0,group_weighted_multinomial_logistic_gam,0.9505394000413604,0.8548904756525361,0.025470001780594585,0.05596622106444483,0.023757427860250556,0.06723465379923327,0.00023317031779450392,0.02190864948378595,1.0,1.0
2018-10-18,2018-10-17,0,group_weighted_multinomial_logistic_gam,0.9505394000413604,0.864131161913107,0.025470001780594585,0.05793835516547162,0.023757427860250556,0.061003050981111244,0.00023317031779450392,0.0169274319403102,1.0,1.0
2018-10-19,2018-10-18,0,group_weighted_multinomial_logistic_gam,0.9505394000413604,0.8739036793861795,0.025470001780594585,0.0577819128277575,0.023757427860250556,0.054358644934914456,0.00023317031779450392,0.013955762851148483,1.0,1.0
2018-10-22,2018-10-19,0,group_weighted_multinomial_logistic_gam,0.9505394000413604,0.9089876168468195,0.025470001780594585,0.04309808922546555,0.023757427860250556,0.03813103278209947,0.00023317031779450392,0.009783261145615518,1.0,1.0
2018-10-23,2018-10-22,0,group_weighted_multinomial_logistic_gam,0.9505394000413604,0.9185721618334889,0.025470001780594585,0.03715463180552444,0.023757427860250556,0.03612809268380129,0.00023317031779450392,0.00814511367718524,1.0,0.9999999999999999
2018-10-24,2018-10-23,0,group_weighted_multinomial_logistic_gam,0.9505394000413604,0.9151717289706088,0.025470001780594585,0.036652157548523655,0.023757427860250556,0.039660905907922,0.00023317031779450392,0.008515207572945473,1.0,1.0
2018-10-25,2018-10-24,1,group_weighted_multinomial_logistic_gam,0.08634199045392929,0.23081777395210631,0.9080779360501346,0.5994902744119346,1.3537108067951995e-76,0.11352512554968261,0.005580073495936052,0.05616682608627646,1.0,1.0
2018-10-26,2018-10-25,1,group_weighted_multinomial_logistic_gam,0.08634199045392929,0.2160496267574032,0.9080779360501346,0.6814594980075656,1.3537108067951995e-76,0.056692675777987506,0.005580073495936052,0.04579819945704388,1.0,1.0
2018-10-29,2018-10-26,1,group_weighted_multinomial_logistic_gam,0.08634199045392929,0.14416550499454162,0.9080779360501346,0.7883152123341377,1.3537108067951995e-76,0.04045636153868525,0.005580073495936052,0.027062921132635556,1.0,1.0000000000000002
2018-10-30,2018-10-29,0,group_weighted_multinomial_logistic_gam,0.9505394000413604,0.7330018110535258,0.025470001780594585,0.11053818091262603,0.023757427860250556,0.11543519923541619,0.00023317031779450392,0.04102480879843178,1.0,0.9999999999999998
2018-10-31,2018-10-30,0,group_weighted_multinomial_logistic_gam,0.9505394000413604,0.8276104618289686,0.025470001780594585,0.07103837690683638,0.023757427860250556,0.074562221999305,0.00023317031779450392,0.026788939264890066,1.0,1.0
2018-11-01,2018-10-31,0,group_weighted_multinomial_logistic_gam,0.9505394000413604,0.8702957110291083,0.025470001780594585,0.055602076519086524,0.023757427860250556,0.05702348227489199,0.00023317031779450392,0.017078730176913224,1.0,1.0
2018-11-02,2018-11-01,0,group_weighted_multinomial_logistic_gam,0.9505394000413604,0.8989759464952124,0.025470001780594585,0.04123778940220145,0.023757427860250556,0.047264177707765365,0.00023317031779450392,0.012522086394820822,1.0,1.0
2018-11-05,2018-11-02,0,group_weighted_multinomial_logistic_gam,0.9505394000413604,0.9095530200835873,0.025470001780594585,0.0429767507411303,0.023757427860250556,0.038531389465883734,0.00023317031779450392,0.008938839709398764,1.0,1.0
2018-11-06,2018-11-05,0,group_weighted_multinomial_logistic_gam,0.9505394000413604,0.924415550520113,0.025470001780594585,0.031660986010433795,0.023757427860250556,0.03608173904124,0.00023317031779450392,0.007841724428213126,1.0,1.0
2018-11-07,2018-11-06,0,group_weighted_multinomial_logistic_gam,0.9505394000413604,0.9305647385888651,0.025470001780594585,0.029995251934500755,0.023757427860250556,0.03250347660676511,0.00023317031779450392,0.006936532869869023,1.0,1.0
2018-11-08,2018-11-07,0,group_weighted_multinomial_logistic_gam,0.9505394000413604,0.9452443331339023,0.025470001780594585,0.022910038227590947,0.023757427860250556,0.026307554695633863,0.00023317031779450392,0.005538073942872782,1.0,0.9999999999999999
2018-11-09,2018-11-08,0,group_weighted_multinomial_logistic_gam,0.9505394000413604,0.9356287901033244,0.025470001780594585,0.03009850175802598,0.023757427860250556,0.02838940392175836,0.00023317031779450392,0.005883304216891252,1.0,1.0
2018-11-13,2018-11-09,0,group_weighted_multinomial_logistic_gam,0.9505394000413604,0.9374177041785119,0.025470001780594585,0.0280221017709117,0.023757427860250556,0.02914589790341602,0.00023317031779450392,0.005414296147160442,1.0,1.0
2018-11-14,2018-11-13,0,group_weighted_multinomial_logistic_gam,0.9505394000413604,0.9230585673191625,0.025470001780594585,0.03431632599294071,0.023757427860250556,0.03611888659544406,0.00023317031779450392,0.006506220092452643,1.0,0.9999999999999998
2018-11-15,2018-11-14,0,group_weighted_multinomial_logistic_gam,0.9505394000413604,0.9495144694101442,0.025470001780594585,0.024727077356392978,0.023757427860250556,0.02175330615394832,0.00023317031779450392,0.004005147079514458,1.0,1.0
2018-11-16,2018-11-15,2,group_weighted_multinomial_logistic_gam,0.06274939193076978,0.23211341381771738,9.761755794767467e-34,0.0910121729610513,0.9124496868848444,0.5887961743847681,0.02480092118438586,0.08807823883646335,1.0,1.0
2018-11-19,2018-11-16,0,group_weighted_multinomial_logistic_gam,0.9505394000413604,0.7579377524089612,0.025470001780594585,0.08889627299784889,0.023757427860250556,0.11501777056430088,0.00023317031779450392,0.038148204028889035,1.0,1.0
2018-11-20,2018-11-19,0,group_weighted_multinomial_logistic_gam,0.9505394000413604,0.8130976218987221,0.025470001780594585,0.08242477631839752,0.023757427860250556,0.08036203358552237,0.00023317031779450392,0.02411556819735805,1.0,1.0
2018-11-21,2018-11-20,2,group_weighted_multinomial_logistic_gam,0.06274939193076978,0.15527997699018095,9.761755794767467e-34,0.09625879435196812,0.9124496868848444,0.6553291147931233,0.02480092118438586,0.09313211386472758,1.0,1.0
2018-11-23,2018-11-21,0,group_weighted_multinomial_logistic_gam,0.9505394000413604,0.7759750912853565,0.025470001780594585,0.08950544301952013,0.023757427860250556,0.10050391687746539,0.00023317031779450392,0.03401554881765806,1.0,1.0
2018-11-26,2018-11-23,0,group_weighted_multinomial_logistic_gam,0.9505394000413604,0.7873395337696871,0.025470001780594585,0.08138931215509596,0.023757427860250556,0.10098519719998768,0.00023317031779450392,0.030285956875229284,1.0,1.0
2018-11-27,2018-11-26,2,group_weighted_multinomial_logistic_gam,0.06274939193076978,0.24923937570980068,9.761755794767467e-34,0.08374253744428267,0.9124496868848444,0.5841700305624836,0.02480092118438586,0.08284805628343293,1.0,0.9999999999999999
2018-11-28,2018-11-27,0,group_weighted_multinomial_logistic_gam,0.9505394000413604,0.7368157223091925,0.025470001780594585,0.10869579815523892,0.023757427860250556,0.10956631039410651,0.00023317031779450392,0.04492216914146226,1.0,1.0
2018-11-29,2018-11-28,0,group_weighted_multinomial_logistic_gam,0.9505394000413604,0.8543253931826984,0.025470001780594585,0.0550479306841757,0.023757427860250556,0.06940117159577078,0.00023317031779450392,0.021225504537355316,1.0,1.0000000000000002
2018-11-30,2018-11-29,2,group_weighted_multinomial_logistic_gam,0.06274939193076978,0.2427571366087507,9.761755794767467e-34,0.0800892019249129,0.9124496868848444,0.6093194411779541,0.02480092118438586,0.06783422028838235,1.0,1.0
2018-12-03,2018-11-30,0,group_weighted_multinomial_logistic_gam,0.9505394000413604,0.7593320744062636,0.025470001780594585,0.09151586539708056,0.023757427860250556,0.10970959620667355,0.00023317031779450392,0.03944246398998228,1.0,1.0
2018-12-04,2018-12-03,0,group_weighted_multinomial_logistic_gam,0.9505394000413604,0.8724997218350835,0.025470001780594585,0.048785081208423266,0.023757427860250556,0.061504496721579524,0.00023317031779450392,0.01721070023491374,1.0,1.0
2018-12-06,2018-12-04,2,group_weighted_multinomial_logistic_gam,0.06274939193076978,0.1795467119724309,9.761755794767467e-34,0.09149389817588578,0.9124496868848444,0.644105660993317,0.02480092118438586,0.08485372885836626,1.0,1.0
2018-12-07,2018-12-06,2,group_weighted_multinomial_logistic_gam,0.06274939193076978,0.13535668015404934,9.761755794767467e-34,0.048027040314691634,0.9124496868848444,0.7515006846497405,0.02480092118438586,0.06511559488151858,1.0,1.0
2018-12-10,2018-12-07,2,group_weighted_multinomial_logistic_gam,0.06274939193076978,0.12252490513410533,9.761755794767467e-34,0.03499385709017402,0.9124496868848444,0.8042865364234792,0.02480092118438586,0.038194701352241484,1.0,1.0
2018-12-11,2018-12-10,2,group_weighted_multinomial_logistic_gam,0.06274939193076978,0.08499027554609881,9.761755794767467e-34,0.023863924603733783,0.9124496868848444,0.8477042887004069,0.02480092118438586,0.043441511149760366,1.0,0.9999999999999999
2018-12-12,2018-12-11,2,group_weighted_multinomial_logistic_gam,0.06274939193076978,0.08787052049815298,9.761755794767467e-34,0.01998328843027473,0.9124496868848444,0.8570391855397915,0.02480092118438586,0.035107005531780894,1.0,1.0
2018-12-13,2018-12-12,2,group_weighted_multinomial_logistic_gam,0.06274939193076978,0.0735153766027005,9.761755794767467e-34,0.013890078982386844,0.9124496868848444,0.8850775754476436,0.02480092118438586,0.027516968967268993,1.0,1.0
2018-12-14,2018-12-13,0,group_weighted_multinomial_logistic_gam,0.9505394000413604,0.7785675499207244,0.025470001780594585,0.0890758321976284,0.023757427860250556,0.10027810922441012,0.00023317031779450392,0.032078508657236944,1.0,0.9999999999999999
2018-12-17,2018-12-14,0,group_weighted_multinomial_logistic_gam,0.9505394000413604,0.8002282356756907,0.025470001780594585,0.0822627694722244,0.023757427860250556,0.0919579251740317,0.00023317031779450392,0.025551069678053234,1.0,1.0
2018-12-18,2018-12-17,0,group_weighted_multinomial_logistic_gam,0.9505394000413604,0.8496718516412449,0.025470001780594585,0.06337130010575136,0.023757427860250556,0.06980191578746384,0.00023317031779450392,0.017154932465539778,1.0,0.9999999999999999
2018-12-19,2018-12-18,0,group_weighted_multinomial_logistic_gam,0.9505394000413604,0.873758317192099,0.025470001780594585,0.04813061385328407,0.023757427860250556,0.06260011452802212,0.00023317031779450392,0.015510954426594843,1.0,1.0
2018-12-20,2018-12-19,0,group_weighted_multinomial_logistic_gam,0.9505394000413604,0.9054639900340201,0.025470001780594585,0.04089556097982396,0.023757427860250556,0.04367149031112781,0.00023317031779450392,0.009968958675028197,1.0,1.0
2018-12-21,2018-12-20,1,group_weighted_multinomial_logistic_gam,0.08634199045392929,0.21156604125186299,0.9080779360501346,0.6207988888509405,1.3537108067951995e-76,0.10057072017649037,0.005580073495936052,0.067064349720706,1.0,0.9999999999999998
2018-12-24,2018-12-21,1,group_weighted_multinomial_logistic_gam,0.08634199045392929,0.16047038211861497,0.9080779360501346,0.7461493526786406,1.3537108067951995e-76,0.05643741805117533,0.005580073495936052,0.03694284715156909,1.0,1.0
2018-12-26,2018-12-24,1,group_weighted_multinomial_logistic_gam,0.08634199045392929,0.11897610318049276,0.9080779360501346,0.8064037628156575,1.3537108067951995e-76,0.045007773473536926,0.005580073495936052,0.029612360530312572,1.0,0.9999999999999998
2018-12-27,2018-12-26,1,group_weighted_multinomial_logistic_gam,0.08634199045392929,0.17652905673786376,0.9080779360501346,0.7732257667844598,1.3537108067951995e-76,0.023176518878240196,0.005580073495936052,0.02706865759943627,1.0,1.0
2018-12-28,2018-12-27,1,group_weighted_multinomial_logistic_gam,0.08634199045392929,0.11129911764048937,0.9080779360501346,0.8444979365535427,1.3537108067951995e-76,0.023250478554236592,0.005580073495936052,0.02095246725173125,1.0,0.9999999999999999
2018-12-31,2018-12-28,0,group_weighted_multinomial_logistic_gam,0.9505394000413604,0.7573758983711464,0.025470001780594585,0.09852995994208268,0.023757427860250556,0.10752482314011491,0.00023317031779450392,0.03656931854665614,1.0,1.0000000000000002
2019-01-02,2018-12-31,0,group_weighted_multinomial_logistic_gam,0.9505394000413604,0.8370892531856058,0.025470001780594585,0.06264475215059674,0.023757427860250556,0.07697757986286322,0.00023317031779450392,0.02328841480093417,1.0,0.9999999999999999
2019-01-03,2019-01-02,0,group_weighted_multinomial_logistic_gam,0.9505394000413604,0.8764132152396633,0.025470001780594585,0.0511839727751778,0.023757427860250556,0.056486916877764255,0.00023317031779450392,0.01591589510739445,1.0,0.9999999999999999
2019-01-04,2019-01-03,1,group_weighted_multinomial_logistic_gam,0.08634199045392929,0.26383031296863635,0.9080779360501346,0.5518653967753248,1.3537108067951995e-76,0.12302996823578484,0.005580073495936052,0.061274322020254034,1.0,1.0
2019-01-07,2019-01-04,1,group_weighted_multinomial_logistic_gam,0.08634199045392929,0.2653381934689768,0.9080779360501346,0.6398953024779156,1.3537108067951995e-76,0.053307576670909795,0.005580073495936052,0.04145892738219778,1.0,1.0
2019-01-08,2019-01-07,1,group_weighted_multinomial_logistic_gam,0.08634199045392929,0.1889629886491571,0.9080779360501346,0.7430382266869017,1.3537108067951995e-76,0.040125593357329514,0.005580073495936052,0.027873191306611755,1.0,1.0
2019-01-09,2019-01-08,0,group_weighted_multinomial_logistic_gam,0.9505394000413604,0.7744472447823305,0.025470001780594585,0.09117383723874505,0.023757427860250556,0.09859844272606401,0.00023317031779450392,0.03578047525286042,1.0,1.0
2019-01-10,2019-01-09,0,group_weighted_multinomial_logistic_gam,0.9505394000413604,0.8671097184291805,0.025470001780594585,0.05572423748294206,0.023757427860250556,0.060790188994684885,0.00023317031779450392,0.01637585509319237,1.0,0.9999999999999999
2019-01-11,2019-01-10,0,group_weighted_multinomial_logistic_gam,0.9505394000413604,0.8696434843563403,0.025470001780594585,0.05775722428536216,0.023757427860250556,0.05585479508429171,0.00023317031779450392,0.016744496274005653,1.0,0.9999999999999998
2019-01-14,2019-01-11,0,group_weighted_multinomial_logistic_gam,0.9505394000413604,0.8927157487456868,0.025470001780594585,0.043478879364711204,0.023757427860250556,0.05179703253968029,0.00023317031779450392,0.012008339349921612,1.0,0.9999999999999999
2019-01-15,2019-01-14,0,group_weighted_multinomial_logistic_gam,0.9505394000413604,0.9028211791932669,0.025470001780594585,0.044295552494242246,0.023757427860250556,0.04267253835453417,0.00023317031779450392,0.010210729957956766,1.0,1.0
2019-01-16,2019-01-15,0,group_weighted_multinomial_logistic_gam,0.9505394000413604,0.9329952900691708,0.025470001780594585,0.02975938328547158,0.023757427860250556,0.030325235928854524,0.00023317031779450392,0.006920090716503117,1.0,1.0
2019-01-17,2019-01-16,0,group_weighted_multinomial_logistic_gam,0.9505394000413604,0.9367893759081338,0.025470001780594585,0.028188541285787114,0.023757427860250556,0.02919407967081927,0.00023317031779450392,0.005828003135259764,1.0,0.9999999999999999
2019-01-18,2019-01-17,0,group_weighted_multinomial_logistic_gam,0.9505394000413604,0.9399958506797607,0.025470001780594585,0.026771354832873764,0.023757427860250556,0.0275055276602652,0.00023317031779450392,0.005727266827100239,1.0,0.9999999999999998
2019-01-22,2019-01-18,0,group_weighted_multinomial_logistic_gam,0.9505394000413604,0.9552383221701222,0.025470001780594585,0.019720183506689772,0.023757427860250556,0.02120283599019635,0.00023317031779450392,0.0038386583329915553,1.0,0.9999999999999999
2019-01-23,2019-01-22,0,group_weighted_multinomial_logistic_gam,0.9505394000413604,0.937841387312676,0.025470001780594585,0.026817524724835062,0.023757427860250556,0.030202034467456736,0.00023317031779450392,0.0051390534950324805,1.0,1.0000000000000002
2019-01-24,2019-01-23,0,group_weighted_multinomial_logistic_gam,0.9505394000413604,0.954878902504124,0.025470001780594585,0.020348192919283428,0.023757427860250556,0.02126053697703518,0.00023317031779450392,0.003512367599557532,1.0,1.0000000000000002
2019-01-25,2019-01-24,0,group_weighted_multinomial_logistic_gam,0.9505394000413604,0.9560863202297271,0.025470001780594585,0.01878019151765064,0.023757427860250556,0.02165952503084691,0.00023317031779450392,0.0034739632217755524,1.0,1.0000000000000002
2019-01-28,2019-01-25,0,group_weighted_multinomial_logistic_gam,0.9505394000413604,0.9593317791290074,0.025470001780594585,0.01936260187042488,0.023757427860250556,0.018111297262281126,0.00023317031779450392,0.00319432173828689,1.0,1.0000000000000002
2019-01-29,2019-01-28,0,group_weighted_multinomial_logistic_gam,0.9505394000413604,0.9486639294452893,0.025470001780594585,0.023900392983585268,0.023757427860250556,0.023509339063289815,0.00023317031779450392,0.003926338507835455,1.0,0.9999999999999998
2019-01-30,2019-01-29,0,group_weighted_multinomial_logistic_gam,0.9505394000413604,0.9600092342020213,0.025470001780594585,0.018850534788083552,0.023757427860250556,0.018191637558268033,0.00023317031779450392,0.002948593451627052,1.0,0.9999999999999999
2019-01-31,2019-01-30,0,group_weighted_multinomial_logistic_gam,0.9505394000413604,0.9658825201188004,0.025470001780594585,0.014966121663090125,0.023757427860250556,0.016673198361165677,0.00023317031779450392,0.002478159856943867,1.0,1.0
2019-02-01,2019-01-31,0,group_weighted_multinomial_logistic_gam,0.9505394000413604,0.9689813550481241,0.025470001780594585,0.01132608974952673,0.023757427860250556,0.017651843340748305,0.00023317031779450392,0.0020407118616008538,1.0,1.0
2019-02-04,2019-02-01,0,group_weighted_multinomial_logistic_gam,0.9505394000413604,0.966551182371557,0.025470001780594585,0.016900778064008717,0.023757427860250556,0.014308938169218816,0.00023317031779450392,0.0022391013952153707,1.0,0.9999999999999999
2019-02-05,2019-02-04,0,group_weighted_multinomial_logistic_gam,0.9505394000413604,0.9661653988150486,0.025470001780594585,0.016364256614662072,0.023757427860250556,0.015106092165187119,0.00023317031779450392,0.002364252405102175,1.0,1.0
2019-02-06,2019-02-05,0,group_weighted_multinomial_logistic_gam,0.9505394000413604,0.969099563359888,0.025470001780594585,0.013255120185908045,0.023757427860250556,0.015617277048994425,0.00023317031779450392,0.0020280394052096472,1.0,1.0
2019-02-07,2019-02-06,0,group_weighted_multinomial_logistic_gam,0.9505394000413604,0.966748370409835,0.025470001780594585,0.016412958436870337,0.023757427860250556,0.014683973795086321,0.00023317031779450392,0.002154697358208372,1.0,1.0
2019-02-08,2019-02-07,0,group_weighted_multinomial_logistic_gam,0.9505394000413604,0.9608878391027013,0.025470001780594585,0.018262706609847554,0.023757427860250556,0.01817850184892373,0.00023317031779450392,0.0026709524385275015,1.0,1.0
2019-02-11,2019-02-08,0,group_weighted_multinomial_logistic_gam,0.9505394000413604,0.9679797104514946,0.025470001780594585,0.015275535164880658,0.023757427860250556,0.014612272419709587,0.00023317031779450392,0.0021324819639151615,1.0,1.0
2019-02-12,2019-02-11,0,group_weighted_multinomial_logistic_gam,0.9505394000413604,0.9677616004150025,0.025470001780594585,0.016076651916686325,0.023757427860250556,0.01409653852717561,0.00023317031779450392,0.0020652091411355886,1.0,1.0
2019-02-13,2019-02-12,0,group_weighted_multinomial_logistic_gam,0.9505394000413604,0.9749103531589035,0.025470001780594585,0.012023821528408004,0.023757427860250556,0.011495838113630466,0.00023317031779450392,0.0015699871990578636,1.0,0.9999999999999998
2019-02-14,2019-02-13,0,group_weighted_multinomial_logistic_gam,0.9505394000413604,0.9739763880281184,0.025470001780594585,0.01262039872737959,0.023757427860250556,0.011882366647009274,0.00023317031779450392,0.0015208465974928095,1.0,1.0
2019-02-15,2019-02-14,0,group_weighted_multinomial_logistic_gam,0.9505394000413604,0.9715896947923155,0.025470001780594585,0.01336320760167776,0.023757427860250556,0.013365996078812847,0.00023317031779450392,0.001681101527193881,1.0,1.0
2019-02-19,2019-02-15,0,group_weighted_multinomial_logistic_gam,0.9505394000413604,0.9764532977759176,0.025470001780594585,0.011628596452029022,0.023757427860250556,0.010440392071231581,0.00023317031779450392,0.001477713700821575,1.0,0.9999999999999999
2019-02-20,2019-02-19,0,group_weighted_multinomial_logistic_gam,0.9505394000413604,0.9747449041166647,0.025470001780594585,0.01182632242407074,0.023757427860250556,0.012003532620693655,0.00023317031779450392,0.001425240838570831,1.0,1.0
2019-02-21,2019-02-20,0,group_weighted_multinomial_logistic_gam,0.9505394000413604,0.9752094501166224,0.025470001780594585,0.012301935868397729,0.023757427860250556,0.011095832674002291,0.00023317031779450392,0.0013927813409775433,1.0,1.0
2019-02-22,2019-02-21,0,group_weighted_multinomial_logistic_gam,0.9505394000413604,0.973913535044938,0.025470001780594585,0.013479419262985327,0.023757427860250556,0.011213003765394212,0.00023317031779450392,0.0013940419266825577,1.0,1.0000000000000002
2019-02-25,2019-02-22,0,group_weighted_multinomial_logistic_gam,0.9505394000413604,0.9773175014987502,0.025470001780594585,0.010200055023867985,0.023757427860250556,0.011209269181342116,0.00023317031779450392,0.0012731742960398681,1.0,1.0000000000000002
2019-02-26,2019-02-25,0,group_weighted_multinomial_logistic_gam,0.9505394000413604,0.97361470093749,0.025470001780594585,0.012214783153329172,0.023757427860250556,0.01269992229231452,0.00023317031779450392,0.0014705936168661255,1.0,0.9999999999999998
2019-02-27,2019-02-26,0,group_weighted_multinomial_logistic_gam,0.9505394000413604,0.9762673790088412,0.025470001780594585,0.01114274520410723,0.023757427860250556,0.011300729831701889,0.00023317031779450392,0.0012891459553498437,1.0,1.0000000000000002
2019-02-28,2019-02-27,0,group_weighted_multinomial_logistic_gam,0.9505394000413604,0.9773132020034205,0.025470001780594585,0.012045501261785175,0.023757427860250556,0.009471564531764702,0.00023317031779450392,0.001169732203029658,1.0,1.0
2019-03-01,2019-02-28,0,group_weighted_multinomial_logistic_gam,0.9505394000413604,0.9759676031724707,0.025470001780594585,0.011867682257260533,0.023757427860250556,0.010933450917554335,0.00023317031779450392,0.0012312636527146415,1.0,1.0000000000000002
2019-03-04,2019-03-01,0,group_weighted_multinomial_logistic_gam,0.9505394000413604,0.9760347716809732,0.025470001780594585,0.011901979618546303,0.023757427860250556,0.010727066261757566,0.00023317031779450392,0.0013361824387229824,1.0,1.0
2019-03-05,2019-03-04,0,group_weighted_multinomial_logistic_gam,0.9505394000413604,0.9763751526813526,0.025470001780594585,0.011270890562042238,0.023757427860250556,0.011090257561756264,0.00023317031779450392,0.001263699194848888,1.0,1.0
2019-03-06,2019-03-05,0,group_weighted_multinomial_logistic_gam,0.9505394000413604,0.9769827657817699,0.025470001780594585,0.01173275307149012,0.023757427860250556,0.010058726125934647,0.00023317031779450392,0.0012257550208053807,1.0,1.0
2019-03-07,2019-03-06,0,group_weighted_multinomial_logistic_gam,0.9505394000413604,0.9770717693655774,0.025470001780594585,0.01092394193705574,0.023757427860250556,0.010866281761020054,0.00023317031779450392,0.0011380069363467649,1.0,0.9999999999999999
2019-03-08,2019-03-07,0,group_weighted_multinomial_logistic_gam,0.9505394000413604,0.9762116024760203,0.025470001780594585,0.01114868810644042,0.023757427860250556,0.011413357830258661,0.00023317031779450392,0.0012263515872806548,1.0,1.0
2019-03-11,2019-03-08,0,group_weighted_multinomial_logistic_gam,0.9505394000413604,0.9770631382593211,0.025470001780594585,0.011339848001529528,0.023757427860250556,0.010400068705952724,0.00023317031779450392,0.0011969450331964337,1.0,0.9999999999999998
2019-03-12,2019-03-11,0,group_weighted_multinomial_logistic_gam,0.9505394000413604,0.9821705945853135,0.025470001780594585,0.008390114081053932,0.023757427860250556,0.008531549274149048,0.00023317031779450392,0.0009077420594835835,1.0,1.0
2019-03-13,2019-03-12,0,group_weighted_multinomial_logistic_gam,0.9505394000413604,0.981559141746184,0.025470001780594585,0.008452437292257616,0.023757427860250556,0.009062820768604062,0.00023317031779450392,0.0009256001929542761,1.0,1.0
2019-03-14,2019-03-13,0,group_weighted_multinomial_logistic_gam,0.9505394000413604,0.9812451404096065,0.025470001780594585,0.009412498128100332,0.023757427860250556,0.0084145152050108,0.00023317031779450392,0.0009278462572823073,1.0,0.9999999999999999
2019-03-15,2019-03-14,0,group_weighted_multinomial_logistic_gam,0.9505394000413604,0.9798894059325721,0.025470001780594585,0.00998220432472981,0.023757427860250556,0.009204793773763412,0.00023317031779450392,0.0009235959689348475,1.0,1.0000000000000002
2019-03-18,2019-03-15,0,group_weighted_multinomial_logistic_gam,0.9505394000413604,0.9815273536463617,0.025470001780594585,0.008426387054500047,0.023757427860250556,0.009140609880633458,0.00023317031779450392,0.000905649418505011,1.0,1.0000000000000002
2019-03-19,2019-03-18,0,group_weighted_multinomial_logistic_gam,0.9505394000413604,0.9817306600858086,0.025470001780594585,0.008812574692620423,0.023757427860250556,0.008583753357925494,0.00023317031779450392,0.0008730118636457011,1.0,1.0000000000000002
2019-03-20,2019-03-19,0,group_weighted_multinomial_logistic_gam,0.9505394000413604,0.9815328453038981,0.025470001780594585,0.009341785719033277,0.023757427860250556,0.008275684383700641,0.00023317031779450392,0.0008496845933678241,1.0,0.9999999999999999
2019-03-21,2019-03-20,0,group_weighted_multinomial_logistic_gam,0.9505394000413604,0.9808656237686532,0.025470001780594585,0.008730457772360674,0.023757427860250556,0.00949948902055411,0.00023317031779450392,0.0009044294384321295,1.0,1.0
2019-03-22,2019-03-21,0,group_weighted_multinomial_logistic_gam,0.9505394000413604,0.9833334076156064,0.025470001780594585,0.007581817065466386,0.023757427860250556,0.00827948695667651,0.00023317031779450392,0.0008052883622505926,1.0,0.9999999999999998
2019-03-25,2019-03-22,0,group_weighted_multinomial_logistic_gam,0.9505394000413604,0.9765929840680825,0.025470001780594585,0.010729130723926707,0.023757427860250556,0.011551621394364593,0.00023317031779450392,0.0011262638136262796,1.0,1.0
2019-03-26,2019-03-25,0,group_weighted_multinomial_logistic_gam,0.9505394000413604,0.9814873190868331,0.025470001780594585,0.00899762775059435,0.023757427860250556,0.008646617350233955,0.00023317031779450392,0.0008684358123384942,1.0,0.9999999999999999
2019-03-27,2019-03-26,0,group_weighted_multinomial_logistic_gam,0.9505394000413604,0.9836860737436098,0.025470001780594585,0.007885147317232504,0.023757427860250556,0.007669605174869315,0.00023317031779450392,0.0007591737642883436,1.0,1.0
2019-03-28,2019-03-27,0,group_weighted_multinomial_logistic_gam,0.9505394000413604,0.9801890980979522,0.025470001780594585,0.009521331085326669,0.023757427860250556,0.009326062098775966,0.00023317031779450392,0.0009635087179452523,1.0,1.0
2019-03-29,2019-03-28,0,group_weighted_multinomial_logistic_gam,0.9505394000413604,0.9817554182279293,0.025470001780594585,0.009019376111843535,0.023757427860250556,0.008347906369178823,0.00023317031779450392,0.0008772992910482176,1.0,0.9999999999999999
2019-04-01,2019-03-29,0,group_weighted_multinomial_logistic_gam,0.9505394000413604,0.9839494949960884,0.025470001780594585,0.007790386483266655,0.023757427860250556,0.007552090267519944,0.00023317031779450392,0.0007080282531250343,1.0,1.0
2019-04-02,2019-04-01,0,group_weighted_multinomial_logistic_gam,0.9505394000413604,0.9848903885738928,0.025470001780594585,0.008038246372218826,0.023757427860250556,0.006386176947517789,0.00023317031779450392,0.0006851881063707034,1.0,1.0
2019-04-03,2019-04-02,0,group_weighted_multinomial_logistic_gam,0.9505394000413604,0.9827883521924953,0.025470001780594585,0.008481180507449112,0.023757427860250556,0.007974735450633128,0.00023317031779450392,0.0007557318494225486,1.0,1.0
2019-04-04,2019-04-03,0,group_weighted_multinomial_logistic_gam,0.9505394000413604,0.9832571113612544,0.025470001780594585,0.008707175259865299,0.023757427860250556,0.007310675244415197,0.00023317031779450392,0.0007250381344648626,1.0,0.9999999999999998
2019-04-05,2019-04-04,0,group_weighted_multinomial_logistic_gam,0.9505394000413604,0.9835288805628605,0.025470001780594585,0.008060566124031611,0.023757427860250556,0.007682900000347636,0.00023317031779450392,0.0007276533127602042,1.0,1.0
2019-04-08,2019-04-05,0,group_weighted_multinomial_logistic_gam,0.9505394000413604,0.9844176242756472,0.025470001780594585,0.007592246305238367,0.023757427860250556,0.0073035805074263,0.00023317031779450392,0.0006865489116883388,1.0,1.0000000000000002
2019-04-09,2019-04-08,0,group_weighted_multinomial_logistic_gam,0.9505394000413604,0.9834719214277197,0.025470001780594585,0.008493532261007393,0.023757427860250556,0.00732381551255572,0.00023317031779450392,0.0007107307987171609,1.0,0.9999999999999999
2019-04-10,2019-04-09,0,group_weighted_multinomial_logistic_gam,0.9505394000413604,0.9831405811843275,0.025470001780594585,0.008111381289237355,0.023757427860250556,0.008058281989538243,0.00023317031779450392,0.0006897555368967934,1.0,0.9999999999999999
2019-04-11,2019-04-10,0,group_weighted_multinomial_logistic_gam,0.9505394000413604,0.9848109759073462,0.025470001780594585,0.007423598592982773,0.023757427860250556,0.007125642479166093,0.00023317031779450392,0.0006397830205048625,1.0,1.0
2019-04-12,2019-04-11,0,group_weighted_multinomial_logistic_gam,0.9505394000413604,0.9826756634074776,0.025470001780594585,0.008815780248736969,0.023757427860250556,0.0077689574310779485,0.00023317031779450392,0.00073959891270744,1.0,1.0
2019-04-15,2019-04-12,0,group_weighted_multinomial_logistic_gam,0.9505394000413604,0.9848318063077195,0.025470001780594585,0.00791449184230314,0.023757427860250556,0.0066016265004361025,0.00023317031779450392,0.0006520753495412461,1.0,0.9999999999999999
2019-04-16,2019-04-15,0,group_weighted_multinomial_logistic_gam,0.9505394000413604,0.9837753183707323,0.025470001780594585,0.007958250148201531,0.023757427860250556,0.007583308034322165,0.00023317031779450392,0.0006831234467438813,1.0,0.9999999999999999
2019-04-17,2019-04-16,0,group_weighted_multinomial_logistic_gam,0.9505394000413604,0.9841166891235565,0.025470001780594585,0.00821346460164519,0.023757427860250556,0.007013048866217353,0.00023317031779450392,0.0006567974085807477,1.0,0.9999999999999998
2019-04-18,2019-04-17,0,group_weighted_multinomial_logistic_gam,0.9505394000413604,0.9840078144782255,0.025470001780594585,0.007971323443361617,0.023757427860250556,0.007366736834471315,0.00023317031779450392,0.0006541252439416335,1.0,1.0
2019-04-22,2019-04-18,0,group_weighted_multinomial_logistic_gam,0.9505394000413604,0.9843761104493717,0.025470001780594585,0.00756399972739464,0.023757427860250556,0.0073872533450726335,0.00023317031779450392,0.000672636478161089,1.0,1.0
2019-04-23,2019-04-22,0,group_weighted_multinomial_logistic_gam,0.9505394000413604,0.9848495290338957,0.025470001780594585,0.008076537024209601,0.023757427860250556,0.006459105846295637,0.00023317031779450392,0.000614828095599072,1.0,1.0
2019-04-24,2019-04-23,0,group_weighted_multinomial_logistic_gam,0.9505394000413604,0.9860464183734834,0.025470001780594585,0.0066126551566325475,0.023757427860250556,0.0067538390778474336,0.00023317031779450392,0.000587087392036547,1.0,0.9999999999999999
2019-04-25,2019-04-24,0,group_weighted_multinomial_logistic_gam,0.9505394000413604,0.9841764233501573,0.025470001780594585,0.007420319495062287,0.023757427860250556,0.00774618941555362,0.00023317031779450392,0.0006570677392267948,1.0,1.0
2019-04-26,2019-04-25,0,group_weighted_multinomial_logistic_gam,0.9505394000413604,0.983798233644115,0.025470001780594585,0.008354401470106795,0.023757427860250556,0.0071760026472705235,0.00023317031779450392,0.0006713622385075439,1.0,0.9999999999999998
2019-04-29,2019-04-26,0,group_weighted_multinomial_logistic_gam,0.9505394000413604,0.9851714660147209,0.025470001780594585,0.006760025444664274,0.023757427860250556,0.007456795723173257,0.00023317031779450392,0.0006117128174413525,1.0,0.9999999999999998
2019-04-30,2019-04-29,0,group_weighted_multinomial_logistic_gam,0.9505394000413604,0.984970356611925,0.025470001780594585,0.007850831465685786,0.023757427860250556,0.006580229879251885,0.00023317031779450392,0.0005985820431372364,1.0,0.9999999999999999
2019-05-01,2019-04-30,0,group_weighted_multinomial_logistic_gam,0.9505394000413604,0.9860023287442654,0.025470001780594585,0.006828942155615826,0.023757427860250556,0.006604353068195886,0.00023317031779450392,0.0005643760319228269,1.0,0.9999999999999999
2019-05-02,2019-05-01,0,group_weighted_multinomial_logistic_gam,0.9505394000413604,0.9847978204934463,0.025470001780594585,0.00768748863418357,0.023757427860250556,0.006921391341626982,0.00023317031779450392,0.0005932995307430554,1.0,0.9999999999999999
2019-05-03,2019-05-02,0,group_weighted_multinomial_logistic_gam,0.9505394000413604,0.983579663168612,0.025470001780594585,0.008909189212259822,0.023757427860250556,0.006810645459568172,0.00023317031779450392,0.0007005021595599418,1.0,1.0
2019-05-06,2019-05-03,0,group_weighted_multinomial_logistic_gam,0.9505394000413604,0.986859825881899,0.025470001780594585,0.006134852242207583,0.023757427860250556,0.006471769016947826,0.00023317031779450392,0.0005335528589457648,1.0,1.0000000000000002
2019-05-07,2019-05-06,0,group_weighted_multinomial_logistic_gam,0.9505394000413604,0.9850460469152711,0.025470001780594585,0.007357501770213664,0.023757427860250556,0.007020018482744518,0.00023317031779450392,0.0005764328317706626,1.0,0.9999999999999999
2019-05-08,2019-05-07,0,group_weighted_multinomial_logistic_gam,0.9505394000413604,0.982652952591826,0.025470001780594585,0.008511555253506846,0.023757427860250556,0.008159751761386015,0.00023317031779450392,0.0006757403932813954,1.0,1.0000000000000002
2019-05-09,2019-05-08,0,group_weighted_multinomial_logistic_gam,0.9505394000413604,0.9854679850642267,0.025470001780594585,0.007880021280166304,0.023757427860250556,0.006084639233680316,0.00023317031779450392,0.0005673544219265177,1.0,0.9999999999999999
2019-05-10,2019-05-09,0,group_weighted_multinomial_logistic_gam,0.9505394000413604,0.9844428035163943,0.025470001780594585,0.007782103355238663,0.023757427860250556,0.007155930021432972,0.00023317031779450392,0.0006191631069341093,1.0,1.0000000000000002
2019-05-13,2019-05-10,0,group_weighted_multinomial_logistic_gam,0.9505394000413604,0.986708343999698,0.025470001780594585,0.00653479554468043,0.023757427860250556,0.006243567886098373,0.00023317031779450392,0.0005132925695233159,1.0,1.0
2019-05-14,2019-05-13,0,group_weighted_multinomial_logistic_gam,0.9505394000413604,0.9819867671529239,0.025470001780594585,0.009361460266879172,0.023757427860250556,0.00799535815484728,0.00023317031779450392,0.0006564144253496736,1.0,1.0
2019-05-15,2019-05-14,0,group_weighted_multinomial_logistic_gam,0.9505394000413604,0.9883233655175496,0.025470001780594585,0.005938615187806175,0.023757427860250556,0.005298110991109754,0.00023317031779450392,0.0004399083035343726,1.0,0.9999999999999999
2019-05-16,2019-05-15,0,group_weighted_multinomial_logistic_gam,0.9505394000413604,0.9877574341129906,0.025470001780594585,0.005854982367532721,0.023757427860250556,0.00590924717611315,0.00023317031779450392,0.00047833634336354045,1.0,1.0
2019-05-17,2019-05-16,0,group_weighted_multinomial_logistic_gam,0.9505394000413604,0.9882184530189598,0.025470001780594585,0.006047061804907326,0.023757427860250556,0.005281539574036609,0.00023317031779450392,0.00045294560209628126,1.0,1.0
2019-05-20,2019-05-17,0,group_weighted_multinomial_logistic_gam,0.9505394000413604,0.9850239938674163,0.025470001780594585,0.00755688320549599,0.023757427860250556,0.006843563412796456,0.00023317031779450392,0.0005755595142911706,1.0,1.0
2019-05-21,2019-05-20,0,group_weighted_multinomial_logistic_gam,0.9505394000413604,0.9860577939304349,0.025470001780594585,0.007398444459127281,0.023757427860250556,0.006041490112271916,0.00023317031779450392,0.0005022714981659068,1.0,1.0
2019-05-22,2019-05-21,0,group_weighted_multinomial_logistic_gam,0.9505394000413604,0.987776386861309,0.025470001780594585,0.006099987199592495,0.023757427860250556,0.005656082384593849,0.00023317031779450392,0.0004675435545047225,1.0,1.0
2019-05-23,2019-05-22,0,group_weighted_multinomial_logistic_gam,0.9505394000413604,0.985518028441186,0.025470001780594585,0.006973846091545807,0.023757427860250556,0.0069523781167168865,0.00023317031779450392,0.0005557473505511518,1.0,0.9999999999999999
2019-05-24,2019-05-23,0,group_weighted_multinomial_logistic_gam,0.9505394000413604,0.9822262353132081,0.025470001780594585,0.00785279093253502,0.023757427860250556,0.00916636669802975,0.00023317031779450392,0.0007546070562273095,1.0,1.0
2019-05-28,2019-05-24,0,group_weighted_multinomial_logistic_gam,0.9505394000413604,0.9879804266890156,0.025470001780594585,0.00641512801177859,0.023757427860250556,0.00517448795961556,0.00023317031779450392,0.00042995733959032983,1.0,1.0000000000000002
2019-05-29,2019-05-28,0,group_weighted_multinomial_logistic_gam,0.9505394000413604,0.9872729785580582,0.025470001780594585,0.0063572153650859105,0.023757427860250556,0.005903846714208224,0.00023317031779450392,0.00046595936264756167,1.0,0.9999999999999999
2019-05-30,2019-05-29,0,group_weighted_multinomial_logistic_gam,0.9505394000413604,0.9853663376263851,0.025470001780594585,0.007271519856368197,0.023757427860250556,0.0068157264042590015,0.00023317031779450392,0.0005464161129876296,1.0,1.0
2019-05-31,2019-05-30,0,group_weighted_multinomial_logistic_gam,0.9505394000413604,0.9871823546794638,0.025470001780594585,0.005939381848591032,0.023757427860250556,0.006404378325588934,0.00023317031779450392,0.0004738851463561779,1.0,0.9999999999999999
2019-06-03,2019-05-31,0,group_weighted_multinomial_logistic_gam,0.9505394000413604,0.9826327463524315,0.025470001780594585,0.0076696730579607925,0.023757427860250556,0.009026045237530807,0.00023317031779450392,0.0006715353520770151,1.0,1.0000000000000002
2019-06-04,2019-06-03,0,group_weighted_multinomial_logistic_gam,0.9505394000413604,0.9868799532143884,0.025470001780594585,0.006110445236679431,0.023757427860250556,0.006536463189647539,0.00023317031779450392,0.00047313835928480444,1.0,1.0000000000000002
2019-06-05,2019-06-04,0,group_weighted_multinomial_logistic_gam,0.9505394000413604,0.9898807178333595,0.025470001780594585,0.0050387308419148815,0.023757427860250556,0.004695967174237802,0.00023317031779450392,0.00038458415048777886,1.0,1.0
2019-06-06,2019-06-05,0,group_weighted_multinomial_logistic_gam,0.9505394000413604,0.9876401653970476,0.025470001780594585,0.005687803850575199,0.023757427860250556,0.0062305518294610215,0.00023317031779450392,0.00044147892291617445,1.0,0.9999999999999999
2019-06-07,2019-06-06,0,group_weighted_multinomial_logistic_gam,0.9505394000413604,0.9891589933164372,0.025470001780594585,0.005568156512402955,0.023757427860250556,0.004868972662856153,0.00023317031779450392,0.0004038775083036358,1.0,0.9999999999999999
2019-06-10,2019-06-07,0,group_weighted_multinomial_logistic_gam,0.9505394000413604,0.9895768516661916,0.025470001780594585,0.004755022931058887,0.023757427860250556,0.00527305950585972,0.00023317031779450392,0.0003950658968897852,1.0,1.0
2019-06-11,2019-06-10,0,group_weighted_multinomial_logistic_gam,0.9505394000413604,0.9881482745036405,0.025470001780594585,0.006156719848299208,0.023757427860250556,0.005272846012263176,0.00023317031779450392,0.0004221596357970641,1.0,1.0
2019-06-12,2019-06-11,0,group_weighted_multinomial_logistic_gam,0.9505394000413604,0.9880269887877863,0.025470001780594585,0.0062086278375469706,0.023757427860250556,0.0053373535235182595,0.00023317031779450392,0.00042702985114848274,1.0,1.0
2019-06-13,2019-06-12,0,group_weighted_multinomial_logistic_gam,0.9505394000413604,0.9865759129032358,0.025470001780594585,0.006712001033125606,0.023757427860250556,0.006232637466960792,0.00023317031779450392,0.00047944859667769764,1.0,0.9999999999999999
2019-06-14,2019-06-13,0,group_weighted_multinomial_logistic_gam,0.9505394000413604,0.9889225621465788,0.025470001780594585,0.00551746910736532,0.023757427860250556,0.005156391889358104,0.00023317031779450392,0.0004035768566977937,1.0,1.0
2019-06-17,2019-06-14,0,group_weighted_multinomial_logistic_gam,0.9505394000413604,0.9877350734631573,0.025470001780594585,0.006525401247760571,0.023757427860250556,0.005287542026218106,0.00023317031779450392,0.0004519832628641059,1.0,1.0
2019-06-18,2019-06-17,0,group_weighted_multinomial_logistic_gam,0.9505394000413604,0.9874553565267581,0.025470001780594585,0.0062512604940690416,0.023757427860250556,0.0058337741364193835,0.00023317031779450392,0.00045960884275361485,1.0,1.0
2019-06-19,2019-06-18,0,group_weighted_multinomial_logistic_gam,0.9505394000413604,0.9905685201053654,0.025470001780594585,0.004255602634330965,0.023757427860250556,0.004858979187086602,0.00023317031779450392,0.0003168980732168558,1.0,0.9999999999999999
2019-06-20,2019-06-19,0,group_weighted_multinomial_logistic_gam,0.9505394000413604,0.9882786028608057,0.025470001780594585,0.005248232158217751,0.023757427860250556,0.006083856389696755,0.00023317031779450392,0.0003893085912796215,1.0,0.9999999999999999
2019-06-21,2019-06-20,0,group_weighted_multinomial_logistic_gam,0.9505394000413604,0.9918969962533537,0.025470001780594585,0.003558356939606145,0.023757427860250556,0.004299798908204929,0.00023317031779450392,0.0002448478988352793,1.0,1.0000000000000002
2019-06-24,2019-06-21,0,group_weighted_multinomial_logistic_gam,0.9505394000413604,0.9871186014147371,0.025470001780594585,0.007279186087720603,0.023757427860250556,0.005142584042859352,0.00023317031779450392,0.00045962845468317925,1.0,1.0000000000000002
2019-06-25,2019-06-24,0,group_weighted_multinomial_logistic_gam,0.9505394000413604,0.9884955548994653,0.025470001780594585,0.005511152220082165,0.023757427860250556,0.005590179528723078,0.00023317031779450392,0.0004031133517294376,1.0,1.0
2019-06-26,2019-06-25,0,group_weighted_multinomial_logistic_gam,0.9505394000413604,0.9869412068231165,0.025470001780594585,0.006988631061030822,0.023757427860250556,0.005609759934250776,0.00023317031779450392,0.0004604021816019045,1.0,1.0
2019-06-27,2019-06-26,0,group_weighted_multinomial_logistic_gam,0.9505394000413604,0.9881018611716793,0.025470001780594585,0.006512345934570742,0.023757427860250556,0.004986268822209486,0.00023317031779450392,0.00039952407154039563,1.0,1.0
2019-06-28,2019-06-27,0,group_weighted_multinomial_logistic_gam,0.9505394000413604,0.9886983552096661,0.025470001780594585,0.005240881275932322,0.023757427860250556,0.005653068056280544,0.00023317031779450392,0.00040769545812122923,1.0,1.0000000000000002
2019-07-01,2019-06-28,0,group_weighted_multinomial_logistic_gam,0.9505394000413604,0.9882176868489569,0.025470001780594585,0.005671159257283485,0.023757427860250556,0.005693302498912594,0.00023317031779450392,0.0004178513948469994,1.0,1.0
2019-07-02,2019-07-01,0,group_weighted_multinomial_logistic_gam,0.9505394000413604,0.9896141376314153,0.025470001780594585,0.005168555915843628,0.023757427860250556,0.004867520282361247,0.00023317031779450392,0.0003497861703798919,1.0,1.0
2019-07-03,2019-07-02,0,group_weighted_multinomial_logistic_gam,0.9505394000413604,0.9871171661987682,0.025470001780594585,0.0057341874332539865,0.023757427860250556,0.006657786128859203,0.00023317031779450392,0.0004908602391184722,1.0,0.9999999999999999
2019-07-05,2019-07-03,0,group_weighted_multinomial_logistic_gam,0.9505394000413604,0.9902095897931694,0.025470001780594585,0.004789630735615068,0.023757427860250556,0.004650672495164525,0.00023317031779450392,0.0003501069760508133,1.0,0.9999999999999999
2019-07-08,2019-07-05,0,group_weighted_multinomial_logistic_gam,0.9505394000413604,0.9869705973073956,0.025470001780594585,0.007410636113395272,0.023757427860250556,0.005168682546647368,0.00023317031779450392,0.00045008403256187877,1.0,1.0000000000000002
2019-07-09,2019-07-08,0,group_weighted_multinomial_logistic_gam,0.9505394000413604,0.9872737365024692,0.025470001780594585,0.006488078684369483,0.023757427860250556,0.005790705452289209,0.00023317031779450392,0.00044747936087196916,1.0,0.9999999999999999
2019-07-10,2019-07-09,0,group_weighted_multinomial_logistic_gam,0.9505394000413604,0.9878115437740076,0.025470001780594585,0.006516655045889997,0.023757427860250556,0.00524121425285092,0.00023317031779450392,0.00043058692725134965,1.0,1.0
2019-07-11,2019-07-10,0,group_weighted_multinomial_logistic_gam,0.9505394000413604,0.9902272134953126,0.025470001780594585,0.0052091587877389645,0.023757427860250556,0.004252917081181252,0.00023317031779450392,0.00031071063576729196,1.0,1.0000000000000002
2019-07-12,2019-07-11,0,group_weighted_multinomial_logistic_gam,0.9505394000413604,0.9883208893911094,0.025470001780594585,0.006319092350136352,0.023757427860250556,0.004969445479394536,0.00023317031779450392,0.000390572779359804,1.0,1.0
2019-07-15,2019-07-12,0,group_weighted_multinomial_logistic_gam,0.9505394000413604,0.9887791726634613,0.025470001780594585,0.005636213887278851,0.023757427860250556,0.005193753295426588,0.00023317031779450392,0.00039086015383313697,1.0,0.9999999999999999
2019-07-16,2019-07-15,0,group_weighted_multinomial_logistic_gam,0.9505394000413604,0.987964943523961,0.025470001780594585,0.005740925850899444,0.023757427860250556,0.005878439736033911,0.00023317031779450392,0.00041569088910567984,1.0,1.0
2019-07-17,2019-07-16,0,group_weighted_multinomial_logistic_gam,0.9505394000413604,0.9867647965841295,0.025470001780594585,0.00676652946508745,0.023757427860250556,0.0060177602760559945,0.00023317031779450392,0.0004509136747268517,1.0,0.9999999999999998
2019-07-18,2019-07-17,0,group_weighted_multinomial_logistic_gam,0.9505394000413604,0.987748576985392,0.025470001780594585,0.005723869792991029,0.023757427860250556,0.0061013378005417085,0.00023317031779450392,0.00042621542107522295,1.0,0.9999999999999999
2019-07-19,2019-07-18,0,group_weighted_multinomial_logistic_gam,0.9505394000413604,0.9875590476104963,0.025470001780594585,0.006011658514959051,0.023757427860250556,0.005986724573870099,0.00023317031779450392,0.00044256930067454464,1.0,0.9999999999999999
2019-07-22,2019-07-19,0,group_weighted_multinomial_logistic_gam,0.9505394000413604,0.9888992047615416,0.025470001780594585,0.005757465050031456,0.023757427860250556,0.005001085445158018,0.00023317031779450392,0.00034224474326879353,1.0,0.9999999999999999
2019-07-23,2019-07-22,0,group_weighted_multinomial_logistic_gam,0.9505394000413604,0.9889667303039109,0.025470001780594585,0.005444279288449615,0.023757427860250556,0.005215696591226905,0.00023317031779450392,0.00037329381641261716,1.0,1.0
2019-07-24,2019-07-23,0,group_weighted_multinomial_logistic_gam,0.9505394000413604,0.9897790076932121,0.025470001780594585,0.00534346883249776,0.023757427860250556,0.004539177824523004,0.00023317031779450392,0.00033834564976717647,1.0,1.0
2019-07-25,2019-07-24,0,group_weighted_multinomial_logistic_gam,0.9505394000413604,0.9890033067630801,0.025470001780594585,0.0052696240352751575,0.023757427860250556,0.005339117773520848,0.00023317031779450392,0.0003879514281239018,1.0,1.0
2019-07-26,2019-07-25,0,group_weighted_multinomial_logistic_gam,0.9505394000413604,0.9880521232862869,0.025470001780594585,0.006307736294080483,0.023757427860250556,0.0052592891930591905,0.00023317031779450392,0.0003808512265735017,1.0,1.0
2019-07-29,2019-07-26,0,group_weighted_multinomial_logistic_gam,0.9505394000413604,0.9889155892974052,0.025470001780594585,0.005634831280577492,0.023757427860250556,0.005050243555382064,0.00023317031779450392,0.0003993358666352632,1.0,1.0
2019-07-30,2019-07-29,0,group_weighted_multinomial_logistic_gam,0.9505394000413604,0.9887686094412862,0.025470001780594585,0.0056642956645914806,0.023757427860250556,0.005192195201991311,0.00023317031779450392,0.0003748996921310617,1.0,1.0
2019-07-31,2019-07-30,0,group_weighted_multinomial_logistic_gam,0.9505394000413604,0.9881814462289479,0.025470001780594585,0.006341152123723103,0.023757427860250556,0.005081762129256231,0.00023317031779450392,0.00039563951807289165,1.0,1.0000000000000002
2019-08-01,2019-07-31,0,group_weighted_multinomial_logistic_gam,0.9505394000413604,0.9876446082741749,0.025470001780594585,0.006069136607869631,0.023757427860250556,0.005871449066566462,0.00023317031779450392,0.00041480605138886185,1.0,0.9999999999999999
2019-08-02,2019-08-01,0,group_weighted_multinomial_logistic_gam,0.9505394000413604,0.9836693497652044,0.025470001780594585,0.006593928489715814,0.023757427860250556,0.009087432650751466,0.00023317031779450392,0.0006492890943283541,1.0,1.0
2019-08-05,2019-08-02,2,group_weighted_multinomial_logistic_gam,0.06274939193076978,0.22740616233072777,9.761755794767467e-34,0.08962012710949785,0.9124496868848444,0.6003150516536792,0.02480092118438586,0.08265865890609521,1.0,1.0
2019-08-06,2019-08-05,2,group_weighted_multinomial_logistic_gam,0.06274939193076978,0.10490250606216432,9.761755794767467e-34,0.04831818355250538,0.9124496868848444,0.7815364109312388,0.02480092118438586,0.06524289945409154,1.0,1.0
2019-08-07,2019-08-06,2,group_weighted_multinomial_logistic_gam,0.06274939193076978,0.11785310441224207,9.761755794767467e-34,0.028405831611086698,0.9124496868848444,0.8057564696574172,0.02480092118438586,0.04798459431925406,1.0,1.0
2019-08-08,2019-08-07,2,group_weighted_multinomial_logistic_gam,0.06274939193076978,0.07950438259536989,9.761755794767467e-34,0.018228871488214855,0.9124496868848444,0.864364983605802,0.02480092118438586,0.03790176231061328,1.0,1.0
2019-08-09,2019-08-08,2,group_weighted_multinomial_logistic_gam,0.06274939193076978,0.10081889105702573,9.761755794767467e-34,0.019135235700871125,0.9124496868848444,0.8447107430400778,0.02480092118438586,0.035335130202025195,1.0,0.9999999999999998
2019-08-12,2019-08-09,2,group_weighted_multinomial_logistic_gam,0.06274939193076978,0.07636791570860499,9.761755794767467e-34,0.015102188898111544,0.9124496868848444,0.8820547079213049,0.02480092118438586,0.02647518747197859,1.0,1.0
2019-08-13,2019-08-12,3,group_weighted_multinomial_logistic_gam,3.588076004044579e-58,0.17462799710318974,0.040768212481828964,0.15443464905708973,0.1494489951407803,0.28012211845279095,0.8097827923773908,0.3908152353869295,1.0,0.9999999999999999
2019-08-14,2019-08-13,2,group_weighted_multinomial_logistic_gam,0.06274939193076978,0.2715175258223559,9.761755794767467e-34,0.09111627345130377,0.9124496868848444,0.5528371109346795,0.02480092118438586,0.08452908979166096,1.0,1.0
2019-08-15,2019-08-14,2,group_weighted_multinomial_logistic_gam,0.06274939193076978,0.1082739447659662,9.761755794767467e-34,0.04563592749820883,0.9124496868848444,0.7823392569590931,0.02480092118438586,0.06375087077673197,1.0,1.0000000000000002
2019-08-16,2019-08-15,2,group_weighted_multinomial_logistic_gam,0.06274939193076978,0.10860918285464113,9.761755794767467e-34,0.028433473268097382,0.9124496868848444,0.816285344076939,0.02480092118438586,0.04667199980032249,1.0,1.0
2019-08-19,2019-08-16,0,group_weighted_multinomial_logistic_gam,0.9505394000413604,0.7858004741268517,0.025470001780594585,0.08215457866259149,0.023757427860250556,0.0981672828856698,0.00023317031779450392,0.03387766432488705,1.0,1.0
2019-08-20,2019-08-19,2,group_weighted_multinomial_logistic_gam,0.06274939193076978,0.2468885671216699,9.761755794767467e-34,0.09321223719351922,0.9124496868848444,0.5769388376521197,0.02480092118438586,0.08296035803269111,1.0,0.9999999999999999
2019-08-21,2019-08-20,2,group_weighted_multinomial_logistic_gam,0.06274939193076978,0.14920250550172198,9.761755794767467e-34,0.04790961126149266,0.9124496868848444,0.7449712997215227,0.02480092118438586,0.05791658351526283,1.0,1.0
2019-08-22,2019-08-21,0,group_weighted_multinomial_logistic_gam,0.9505394000413604,0.7748930890893735,0.025470001780594585,0.087518828117624,0.023757427860250556,0.10246449990755291,0.00023317031779450392,0.03512358288544949,1.0,0.9999999999999999
2019-08-23,2019-08-22,0,group_weighted_multinomial_logistic_gam,0.9505394000413604,0.834136791958889,0.025470001780594585,0.07079301894855923,0.023757427860250556,0.07350413090134045,0.00023317031779450392,0.02156605819121136,1.0,1.0
2019-08-26,2019-08-23,2,group_weighted_multinomial_logistic_gam,0.06274939193076978,0.17576923090238802,9.761755794767467e-34,0.07870719539267057,0.9124496868848444,0.6701173431755331,0.02480092118438586,0.07540623052940838,1.0,1.0
2019-08-27,2019-08-26,0,group_weighted_multinomial_logistic_gam,0.9505394000413604,0.7586298745132956,0.025470001780594585,0.09599142799134198,0.023757427860250556,0.10518460090224406,0.00023317031779450392,0.040194096593118435,1.0,1.0
2019-08-28,2019-08-27,0,group_weighted_multinomial_logistic_gam,0.9505394000413604,0.8327841742657227,0.025470001780594585,0.06335485185203375,0.023757427860250556,0.08007720066286787,0.00023317031779450392,0.02378377321937582,1.0,1.0
2019-08-29,2019-08-28,0,group_weighted_multinomial_logistic_gam,0.9505394000413604,0.883589158561477,0.025470001780594585,0.04774401907039745,0.023757427860250556,0.054034110464451515,0.00023317031779450392,0.014632711903673991,1.0,1.0
2019-08-30,2019-08-29,0,group_weighted_multinomial_logistic_gam,0.9505394000413604,0.9044357371585423,0.025470001780594585,0.042399674358556495,0.023757427860250556,0.04192580544375156,0.00023317031779450392,0.011238783039149557,1.0,1.0
2019-09-03,2019-08-30,0,group_weighted_multinomial_logistic_gam,0.9505394000413604,0.9071732205422417,0.025470001780594585,0.03901394951581091,0.023757427860250556,0.043658631215511494,0.00023317031779450392,0.010154198726435651,1.0,0.9999999999999998
2019-09-04,2019-09-03,0,group_weighted_multinomial_logistic_gam,0.9505394000413604,0.9181413067996909,0.025470001780594585,0.035538482931791376,0.023757427860250556,0.038067731799710285,0.00023317031779450392,0.008252478468807369,1.0,0.9999999999999999
2019-09-05,2019-09-04,0,group_weighted_multinomial_logistic_gam,0.9505394000413604,0.9482109646476218,0.025470001780594585,0.022971572614764894,0.023757427860250556,0.02404141710584458,0.00023317031779450392,0.004776045631768597,1.0,0.9999999999999999
2019-09-06,2019-09-05,0,group_weighted_multinomial_logistic_gam,0.9505394000413604,0.9401840081339599,0.025470001780594585,0.029570406499286717,0.023757427860250556,0.024328321158584337,0.00023317031779450392,0.0059172642081692164,1.0,1.0000000000000002
2019-09-09,2019-09-06,0,group_weighted_multinomial_logistic_gam,0.9505394000413604,0.9415304200398541,0.025470001780594585,0.025737520849123383,0.023757427860250556,0.027340249721696762,0.00023317031779450392,0.00539180938932578,1.0,1.0
2019-09-10,2019-09-09,0,group_weighted_multinomial_logistic_gam,0.9505394000413604,0.9456054171846783,0.025470001780594585,0.028174750625019642,0.023757427860250556,0.02164590356688514,0.00023317031779450392,0.0045739286234168855,1.0,0.9999999999999999
2019-09-11,2019-09-10,0,group_weighted_multinomial_logistic_gam,0.9505394000413604,0.9447878155938061,0.025470001780594585,0.029381732166455187,0.023757427860250556,0.021089327862847018,0.00023317031779450392,0.004741124376891745,1.0,1.0
2019-09-12,2019-09-11,0,group_weighted_multinomial_logistic_gam,0.9505394000413604,0.9494696375775996,0.025470001780594585,0.023741696111330448,0.023757427860250556,0.022449897170470884,0.00023317031779450392,0.004338769140599061,1.0,1.0
2019-09-13,2019-09-12,0,group_weighted_multinomial_logistic_gam,0.9505394000413604,0.9570619785119877,0.025470001780594585,0.02068305560597637,0.023757427860250556,0.01905003519220435,0.00023317031779450392,0.0032049306898316887,1.0,1.0000000000000002
2019-09-16,2019-09-13,0,group_weighted_multinomial_logistic_gam,0.9505394000413604,0.9486198358971916,0.025470001780594585,0.028331749434472857,0.023757427860250556,0.018862679204317293,0.00023317031779450392,0.004185735464018278,1.0,0.9999999999999999
2019-09-17,2019-09-16,1,group_weighted_multinomial_logistic_gam,0.08634199045392929,0.3250256486846617,0.9080779360501346,0.5179704949633859,1.3537108067951995e-76,0.09769021097738151,0.005580073495936052,0.059313645374570845,1.0,0.9999999999999999
2019-09-18,2019-09-17,1,group_weighted_multinomial_logistic_gam,0.08634199045392929,0.1932237658584808,0.9080779360501346,0.6852241556040211,1.3537108067951995e-76,0.07340411652917259,0.005580073495936052,0.0481479620083255,1.0,0.9999999999999999
2019-09-19,2019-09-18,0,group_weighted_multinomial_logistic_gam,0.9505394000413604,0.7535046143167623,0.025470001780594585,0.09044543995690407,0.023757427860250556,0.11617301769549997,0.00023317031779450392,0.03987692803083368,1.0,1.0
2019-09-20,2019-09-19,0,group_weighted_multinomial_logistic_gam,0.9505394000413604,0.8368108107525212,0.025470001780594585,0.06539706872197429,0.023757427860250556,0.07541580748796729,0.00023317031779450392,0.022376313037537218,1.0,0.9999999999999999
2019-09-23,2019-09-20,0,group_weighted_multinomial_logistic_gam,0.9505394000413604,0.8715150554582756,0.025470001780594585,0.05186003799162632,0.023757427860250556,0.061861020198023524,0.00023317031779450392,0.014763886352074764,1.0,1.0000000000000002
2019-09-24,2019-09-23,0,group_weighted_multinomial_logistic_gam,0.9505394000413604,0.8996279680586391,0.025470001780594585,0.041319021522764204,0.023757427860250556,0.047421260484033695,0.00023317031779450392,0.011631749934563215,1.0,1.0000000000000002
2019-09-25,2019-09-24,0,group_weighted_multinomial_logistic_gam,0.9505394000413604,0.8921636531700765,0.025470001780594585,0.044067205639885865,0.023757427860250556,0.05140925578582879,0.00023317031779450392,0.012359885404208735,1.0,0.9999999999999999
2019-09-26,2019-09-25,0,group_weighted_multinomial_logistic_gam,0.9505394000413604,0.9133432039156429,0.025470001780594585,0.04354744621775731,0.023757427860250556,0.03333875153736738,0.00023317031779450392,0.009770598329232383,1.0,1.0
2019-09-27,2019-09-26,0,group_weighted_multinomial_logistic_gam,0.9505394000413604,0.9295237491424481,0.025470001780594585,0.02930327094475367,0.023757427860250556,0.03413709920149422,0.00023317031779450392,0.007035880711304157,1.0,1.0000000000000002
2019-09-30,2019-09-27,0,group_weighted_multinomial_logistic_gam,0.9505394000413604,0.9330114215002272,0.025470001780594585,0.030392468357853555,0.023757427860250556,0.030516595997459196,0.00023317031779450392,0.006079514144460157,1.0,1.0
2019-10-01,2019-09-30,0,group_weighted_multinomial_logistic_gam,0.9505394000413604,0.9388218003631775,0.025470001780594585,0.027181223998942773,0.023757427860250556,0.028195232967490103,0.00023317031779450392,0.005801742670389647,1.0,1.0
2019-10-02,2019-10-01,0,group_weighted_multinomial_logistic_gam,0.9505394000413604,0.9410744425659833,0.025470001780594585,0.02687122926952062,0.023757427860250556,0.02739613007333256,0.00023317031779450392,0.004658198091163338,1.0,0.9999999999999997
2019-10-03,2019-10-02,0,group_weighted_multinomial_logistic_gam,0.9505394000413604,0.9370639483519999,0.025470001780594585,0.029584120832258587,0.023757427860250556,0.028353142714479064,0.00023317031779450392,0.0049987881012625215,1.0,1.0
2019-10-04,2019-10-03,0,group_weighted_multinomial_logistic_gam,0.9505394000413604,0.9558347727289274,0.025470001780594585,0.018195933698021458,0.023757427860250556,0.022213645033386388,0.00023317031779450392,0.0037556485396648747,1.0,1.0
2019-10-07,2019-10-04,0,group_weighted_multinomial_logistic_gam,0.9505394000413604,0.9621549270171286,0.025470001780594585,0.016007129230412028,0.023757427860250556,0.018789757370820906,0.00023317031779450392,0.003048186381638684,1.0,1.0000000000000002
2019-10-08,2019-10-07,0,group_weighted_multinomial_logistic_gam,0.9505394000413604,0.9563739156951061,0.025470001780594585,0.021638005729789554,0.023757427860250556,0.018816588313949376,0.00023317031779450392,0.003171490261154911,1.0,1.0
2019-10-09,2019-10-08,0,group_weighted_multinomial_logistic_gam,0.9505394000413604,0.9527796847900503,0.025470001780594585,0.02371528356687018,0.023757427860250556,0.020178238468639455,0.00023317031779450392,0.0033267931744400472,1.0,0.9999999999999999
2019-10-10,2019-10-09,0,group_weighted_multinomial_logistic_gam,0.9505394000413604,0.9625543564434245,0.025470001780594585,0.01859049380882025,0.023757427860250556,0.01600072112472084,0.00023317031779450392,0.0028544286230344487,1.0,1.0
2019-10-11,2019-10-10,0,group_weighted_multinomial_logistic_gam,0.9505394000413604,0.9644041240866467,0.025470001780594585,0.018235334165711627,0.023757427860250556,0.014842386295124698,0.00023317031779450392,0.0025181554525171017,1.0,1.0000000000000002
2019-10-15,2019-10-11,0,group_weighted_multinomial_logistic_gam,0.9505394000413604,0.9683090832922733,0.025470001780594585,0.016138328394009083,0.023757427860250556,0.013337650004073626,0.00023317031779450392,0.002214938309644042,1.0,1.0
2019-10-16,2019-10-15,0,group_weighted_multinomial_logistic_gam,0.9505394000413604,0.9655531948017892,0.025470001780594585,0.015786143001979978,0.023757427860250556,0.016245478910457526,0.00023317031779450392,0.0024151832857732107,1.0,1.0
2019-10-17,2019-10-16,0,group_weighted_multinomial_logistic_gam,0.9505394000413604,0.9663625228137694,0.025470001780594585,0.01590824988260827,0.023757427860250556,0.015585762833709204,0.00023317031779450392,0.002143464469912917,1.0,0.9999999999999998
2019-10-18,2019-10-17,0,group_weighted_multinomial_logistic_gam,0.9505394000413604,0.9692300690342147,0.025470001780594585,0.014634100860387671,0.023757427860250556,0.014177126616153926,0.00023317031779450392,0.0019587034892438186,1.0,1.0
2019-10-21,2019-10-18,0,group_weighted_multinomial_logistic_gam,0.9505394000413604,0.9677229702854002,0.025470001780594585,0.01520712858201427,0.023757427860250556,0.0151216461031986,0.00023317031779450392,0.001948255029386986,1.0,1.0
2019-10-22,2019-10-21,0,group_weighted_multinomial_logistic_gam,0.9505394000413604,0.9686899693678362,0.025470001780594585,0.015473744633139377,0.023757427860250556,0.013771723999373417,0.00023317031779450392,0.0020645619996508286,1.0,0.9999999999999999
2019-10-23,2019-10-22,0,group_weighted_multinomial_logistic_gam,0.9505394000413604,0.9700260599671703,0.025470001780594585,0.013856155922505945,0.023757427860250556,0.014274805560227196,0.00023317031779450392,0.001842978550096443,1.0,0.9999999999999999
2019-10-24,2019-10-23,0,group_weighted_multinomial_logistic_gam,0.9505394000413604,0.9732896690331252,0.025470001780594585,0.013136300579350077,0.023757427860250556,0.011957829320944866,0.00023317031779450392,0.0016162010665799007,1.0,1.0000000000000002
2019-10-25,2019-10-24,0,group_weighted_multinomial_logistic_gam,0.9505394000413604,0.9735375553699485,0.025470001780594585,0.012710124004146277,0.023757427860250556,0.012217822339745261,0.00023317031779450392,0.0015344982861599647,1.0,0.9999999999999999
2019-10-28,2019-10-25,0,group_weighted_multinomial_logistic_gam,0.9505394000413604,0.9736180911593134,0.025470001780594585,0.013059926257442024,0.023757427860250556,0.011788824610226322,0.00023317031779450392,0.0015331579730181962,1.0,1.0
2019-10-29,2019-10-28,0,group_weighted_multinomial_logistic_gam,0.9505394000413604,0.9724277487790899,0.025470001780594585,0.014043669022881526,0.023757427860250556,0.011862742500706331,0.00023317031779450392,0.0016658396973223014,1.0,1.0
2019-10-30,2019-10-29,0,group_weighted_multinomial_logistic_gam,0.9505394000413604,0.9724340745696031,0.025470001780594585,0.01354312797648512,0.023757427860250556,0.012349090338534043,0.00023317031779450392,0.0016737071153776382,1.0,0.9999999999999999
2019-10-31,2019-10-30,0,group_weighted_multinomial_logistic_gam,0.9505394000413604,0.9717856251298654,0.025470001780594585,0.012900622397699789,0.023757427860250556,0.013465000621777821,0.00023317031779450392,0.0018487518506570234,1.0,1.0
2019-11-01,2019-10-31,0,group_weighted_multinomial_logistic_gam,0.9505394000413604,0.9734948137094772,0.025470001780594585,0.010680940226701487,0.023757427860250556,0.01419338495782692,0.00023317031779450392,0.0016308611059945059,1.0,1.0000000000000002
2019-11-04,2019-11-01,0,group_weighted_multinomial_logistic_gam,0.9505394000413604,0.9800401699283368,0.025470001780594585,0.009941437160856876,0.023757427860250556,0.008953626157440463,0.00023317031779450392,0.0010647667533659644,1.0,1.0
2019-11-05,2019-11-04,0,group_weighted_multinomial_logistic_gam,0.9505394000413604,0.9761261192066768,0.025470001780594585,0.012278793298356272,0.023757427860250556,0.010319136168209732,0.00023317031779450392,0.001275951326757246,1.0,1.0
2019-11-06,2019-11-05,0,group_weighted_multinomial_logistic_gam,0.9505394000413604,0.9735951191924753,0.025470001780594585,0.014452116778464972,0.023757427860250556,0.010506656072061487,0.00023317031779450392,0.0014461079569980336,1.0,0.9999999999999998
2019-11-07,2019-11-06,0,group_weighted_multinomial_logistic_gam,0.9505394000413604,0.9746430438247193,0.025470001780594585,0.010874833462656608,0.023757427860250556,0.01304201408326191,0.00023317031779450392,0.0014401086293622037,1.0,1.0
2019-11-08,2019-11-07,0,group_weighted_multinomial_logistic_gam,0.9505394000413604,0.97582797694016,0.025470001780594585,0.01334493892188159,0.023757427860250556,0.00949368191360035,0.00023317031779450392,0.001333402224358012,1.0,0.9999999999999999
2019-11-12,2019-11-08,0,group_weighted_multinomial_logistic_gam,0.9505394000413604,0.9771716348889711,0.025470001780594585,0.011313688524157893,0.023757427860250556,0.010314827109648768,0.00023317031779450392,0.001199849477222185,1.0,1.0
2019-11-13,2019-11-12,0,group_weighted_multinomial_logistic_gam,0.9505394000413604,0.9756873360144456,0.025470001780594585,0.011437743207079734,0.023757427860250556,0.011521541845762808,0.00023317031779450392,0.0013533789327117454,1.0,0.9999999999999998
2019-11-14,2019-11-13,0,group_weighted_multinomial_logistic_gam,0.9505394000413604,0.9778248258740508,0.025470001780594585,0.010658625749755866,0.023757427860250556,0.010298484350826049,0.00023317031779450392,0.001218064025367249,1.0,1.0
2019-11-15,2019-11-14,0,group_weighted_multinomial_logistic_gam,0.9505394000413604,0.9787751770630237,0.025470001780594585,0.009408624467625883,0.023757427860250556,0.010682346623483071,0.00023317031779450392,0.001133851845867477,1.0,1.0000000000000002
2019-11-18,2019-11-15,0,group_weighted_multinomial_logistic_gam,0.9505394000413604,0.9800622706180478,0.025470001780594585,0.010118910063866355,0.023757427860250556,0.00876409099054311,0.00023317031779450392,0.001054728327542595,1.0,0.9999999999999999
2019-11-19,2019-11-18,0,group_weighted_multinomial_logistic_gam,0.9505394000413604,0.9764023304713408,0.025470001780594585,0.01109476826097449,0.023757427860250556,0.011259582276228778,0.00023317031779450392,0.0012433189914559696,1.0,1.0
2019-11-20,2019-11-19,0,group_weighted_multinomial_logistic_gam,0.9505394000413604,0.9763326617236631,0.025470001780594585,0.011084401289545878,0.023757427860250556,0.011294807964103568,0.00023317031779450392,0.0012881290226875437,1.0,1.0
2019-11-21,2019-11-20,0,group_weighted_multinomial_logistic_gam,0.9505394000413604,0.9800389575423237,0.025470001780594585,0.00972838239786739,0.023757427860250556,0.009212264281503374,0.00023317031779450392,0.001020395778305681,1.0,1.0000000000000002
2019-11-22,2019-11-21,0,group_weighted_multinomial_logistic_gam,0.9505394000413604,0.9805213490971456,0.025470001780594585,0.010247139531327821,0.023757427860250556,0.008317616771005091,0.00023317031779450392,0.0009138946005214747,1.0,1.0
2019-11-25,2019-11-22,0,group_weighted_multinomial_logistic_gam,0.9505394000413604,0.9804738860631131,0.025470001780594585,0.009257470926136225,0.023757427860250556,0.009318229029135063,0.00023317031779450392,0.0009504139816155692,1.0,1.0
2019-11-26,2019-11-25,0,group_weighted_multinomial_logistic_gam,0.9505394000413604,0.9816242878415186,0.025470001780594585,0.008601435534536565,0.023757427860250556,0.00885788013473399,0.00023317031779450392,0.0009163964892109932,1.0,1.0
2019-11-27,2019-11-26,0,group_weighted_multinomial_logistic_gam,0.9505394000413604,0.9820040995636766,0.025470001780594585,0.008401965194931459,0.023757427860250556,0.008733322596858502,0.00023317031779450392,0.0008606126445334768,1.0,1.0
2019-11-29,2019-11-27,0,group_weighted_multinomial_logistic_gam,0.9505394000413604,0.9802782680488785,0.025470001780594585,0.009904614801649596,0.023757427860250556,0.00884171903671845,0.00023317031779450392,0.0009753981127532588,1.0,0.9999999999999999
2019-12-02,2019-11-29,0,group_weighted_multinomial_logistic_gam,0.9505394000413604,0.9771485382407441,0.025470001780594585,0.011023831484718303,0.023757427860250556,0.010704829909697742,0.00023317031779450392,0.0011228003648398974,1.0,1.0
2019-12-03,2019-12-02,0,group_weighted_multinomial_logistic_gam,0.9505394000413604,0.9782474968272757,0.025470001780594585,0.012095312258365798,0.023757427860250556,0.008695595396259213,0.00023317031779450392,0.0009615955180992672,1.0,1.0
2019-12-04,2019-12-03,0,group_weighted_multinomial_logistic_gam,0.9505394000413604,0.9792706270312619,0.025470001780594585,0.008375550585114636,0.023757427860250556,0.011227171635121519,0.00023317031779450392,0.0011266507485021555,1.0,1.0000000000000002
2019-12-05,2019-12-04,0,group_weighted_multinomial_logistic_gam,0.9505394000413604,0.984469058814921,0.025470001780594585,0.00831666160547491,0.023757427860250556,0.006530135100223567,0.00023317031779450392,0.0006841444793807627,1.0,1.0000000000000002
2019-12-06,2019-12-05,0,group_weighted_multinomial_logistic_gam,0.9505394000413604,0.9827623902860587,0.025470001780594585,0.0086624046072227,0.023757427860250556,0.00780244231474962,0.00023317031779450392,0.0007727627919688034,1.0,0.9999999999999998
2019-12-09,2019-12-06,0,group_weighted_multinomial_logistic_gam,0.9505394000413604,0.9842192973549686,0.025470001780594585,0.007912303085274408,0.023757427860250556,0.007160763550009378,0.00023317031779450392,0.0007076360097475759,1.0,0.9999999999999999
2019-12-10,2019-12-09,0,group_weighted_multinomial_logistic_gam,0.9505394000413604,0.9826298482660107,0.025470001780594585,0.00832866167959666,0.023757427860250556,0.008279466827193762,0.00023317031779450392,0.0007620232271989544,1.0,1.0
2019-12-11,2019-12-10,0,group_weighted_multinomial_logistic_gam,0.9505394000413604,0.9826595917644008,0.025470001780594585,0.008652502395059053,0.023757427860250556,0.007912430596777523,0.00023317031779450392,0.000775475243762744,1.0,1.0
2019-12-12,2019-12-11,0,group_weighted_multinomial_logistic_gam,0.9505394000413604,0.9829484846592584,0.025470001780594585,0.007654394300189778,0.023757427860250556,0.008625304844013967,0.00023317031779450392,0.00077181619653777,1.0,0.9999999999999999
2019-12-13,2019-12-12,0,group_weighted_multinomial_logistic_gam,0.9505394000413604,0.9847058156850576,0.025470001780594585,0.008371227797674251,0.023757427860250556,0.006242096956086854,0.00023317031779450392,0.0006808595611814079,1.0,1.0000000000000002
2019-12-16,2019-12-13,0,group_weighted_multinomial_logistic_gam,0.9505394000413604,0.9842241374055709,0.025470001780594585,0.006926410856754801,0.023757427860250556,0.008128414857132825,0.00023317031779450392,0.0007210368805413422,1.0,0.9999999999999999
2019-12-17,2019-12-16,0,group_weighted_multinomial_logistic_gam,0.9505394000413604,0.9844966528802561,0.025470001780594585,0.008211223236410175,0.023757427860250556,0.006616319564504682,0.00023317031779450392,0.0006758043188289087,1.0,0.9999999999999999
2019-12-18,2019-12-17,0,group_weighted_multinomial_logistic_gam,0.9505394000413604,0.9847999618698098,0.025470001780594585,0.007450011477741922,0.023757427860250556,0.007134928993884616,0.00023317031779450392,0.0006150976585636742,1.0,1.0
2019-12-19,2019-12-18,0,group_weighted_multinomial_logistic_gam,0.9505394000413604,0.9835160479320852,0.025470001780594585,0.00840480294457321,0.023757427860250556,0.007400781074111265,0.00023317031779450392,0.0006783680492303016,1.0,1.0
2019-12-20,2019-12-19,0,group_weighted_multinomial_logistic_gam,0.9505394000413604,0.9841298430952071,0.025470001780594585,0.00775463895123922,0.023757427860250556,0.007420098190768216,0.00023317031779450392,0.0006954197627853668,1.0,0.9999999999999999
2019-12-23,2019-12-20,0,group_weighted_multinomial_logistic_gam,0.9505394000413604,0.9839268085977343,0.025470001780594585,0.008015998972571313,0.023757427860250556,0.007343107479869608,0.00023317031779450392,0.0007140849498245871,1.0,0.9999999999999999
2019-12-24,2019-12-23,0,group_weighted_multinomial_logistic_gam,0.9505394000413604,0.9842598568250807,0.025470001780594585,0.00803937449300488,0.023757427860250556,0.007036397051159131,0.00023317031779450392,0.0006643716307551045,1.0,0.9999999999999997
2019-12-26,2019-12-24,0,group_weighted_multinomial_logistic_gam,0.9505394000413604,0.9844825377918794,0.025470001780594585,0.007540836777096663,0.023757427860250556,0.007321081381906745,0.00023317031779450392,0.0006555440491171971,1.0,1.0000000000000002
2019-12-27,2019-12-26,0,group_weighted_multinomial_logistic_gam,0.9505394000413604,0.9853333006379953,0.025470001780594585,0.00744636355048016,0.023757427860250556,0.0065911134235507145,0.00023317031779450392,0.0006292223879738853,1.0,1.0
2019-12-30,2019-12-27,0,group_weighted_multinomial_logistic_gam,0.9505394000413604,0.9850039910537599,0.025470001780594585,0.007153787804557175,0.023757427860250556,0.007220012702174381,0.00023317031779450392,0.0006222084395088103,1.0,1.0000000000000004
2019-12-31,2019-12-30,0,group_weighted_multinomial_logistic_gam,0.9505394000413604,0.9832939492815815,0.025470001780594585,0.008686122919423504,0.023757427860250556,0.007365940002203259,0.00023317031779450392,0.0006539877967917001,1.0,1.0
2020-01-02,2019-12-31,0,group_weighted_multinomial_logistic_gam,0.9505394000413604,0.9840130477503533,0.025470001780594585,0.008131300059619387,0.023757427860250556,0.007190267872885559,0.00023317031779450392,0.0006653843171418219,1.0,1.0
2020-01-03,2020-01-02,0,group_weighted_multinomial_logistic_gam,0.9505394000413604,0.9858782285704295,0.025470001780594585,0.006412508525758805,0.023757427860250556,0.007102309589927491,0.00023317031779450392,0.0006069533138842724,1.0,1.0
2020-01-06,2020-01-03,0,group_weighted_multinomial_logistic_gam,0.9505394000413604,0.9847318290233972,0.025470001780594585,0.0072051008489877645,0.023757427860250556,0.007387236726886742,0.00023317031779450392,0.0006758334007284338,1.0,1.0000000000000002
2020-01-07,2020-01-06,0,group_weighted_multinomial_logistic_gam,0.9505394000413604,0.9850872178145481,0.025470001780594585,0.008033795689883055,0.023757427860250556,0.0062540906701471595,0.00023317031779450392,0.0006248958254217649,1.0,1.0
2020-01-08,2020-01-07,0,group_weighted_multinomial_logistic_gam,0.9505394000413604,0.9845539759004186,0.025470001780594585,0.0080495032764718,0.023757427860250556,0.006783121612723072,0.00023317031779450392,0.0006133992103863361,1.0,0.9999999999999999
2020-01-09,2020-01-08,0,group_weighted_multinomial_logistic_gam,0.9505394000413604,0.9836284672944584,0.025470001780594585,0.008087858232250111,0.023757427860250556,0.007601392152683373,0.00023317031779450392,0.0006822823206080664,1.0,1.0
2020-01-10,2020-01-09,0,group_weighted_multinomial_logistic_gam,0.9505394000413604,0.9860314382181544,0.025470001780594585,0.006626772641562525,0.023757427860250556,0.0067461020975072275,0.00023317031779450392,0.0005956870427757343,1.0,0.9999999999999999
2020-01-13,2020-01-10,0,group_weighted_multinomial_logistic_gam,0.9505394000413604,0.9852146232692943,0.025470001780594585,0.006856262497784024,0.023757427860250556,0.007333120095119183,0.00023317031779450392,0.0005959941378024991,1.0,1.0
2020-01-14,2020-01-13,0,group_weighted_multinomial_logistic_gam,0.9505394000413604,0.9853701422008159,0.025470001780594585,0.007346844385277669,0.023757427860250556,0.006679629464090899,0.00023317031779450392,0.0006033839498154681,1.0,1.0
2020-01-15,2020-01-14,0,group_weighted_multinomial_logistic_gam,0.9505394000413604,0.9853396361953947,0.025470001780594585,0.007218574441336334,0.023757427860250556,0.0068459347830189055,0.00023317031779450392,0.0005958545802499964,1.0,0.9999999999999999
2020-01-16,2020-01-15,0,group_weighted_multinomial_logistic_gam,0.9505394000413604,0.9860026959378425,0.025470001780594585,0.0065549533821551076,0.023757427860250556,0.006876315037639044,0.00023317031779450392,0.0005660356423634384,1.0,1.0
2020-01-17,2020-01-16,0,group_weighted_multinomial_logistic_gam,0.9505394000413604,0.9870978130168713,0.025470001780594585,0.006426100833907267,0.023757427860250556,0.005965217117452702,0.00023317031779450392,0.000510869031768834,1.0,1.0
2020-01-21,2020-01-17,0,group_weighted_multinomial_logistic_gam,0.9505394000413604,0.9864780853449094,0.025470001780594585,0.007018146931288661,0.023757427860250556,0.005989890436658814,0.00023317031779450392,0.0005138772871431509,1.0,1.0
2020-01-22,2020-01-21,0,group_weighted_multinomial_logistic_gam,0.9505394000413604,0.9852144873697158,0.025470001780594585,0.006685223663911424,0.023757427860250556,0.00748700240103241,0.00023317031779450392,0.0006132865653405541,1.0,1.0000000000000002
2020-01-23,2020-01-22,0,group_weighted_multinomial_logistic_gam,0.9505394000413604,0.9849779073534067,0.025470001780594585,0.0072350364227740105,0.023757427860250556,0.007177906410033075,0.00023317031779450392,0.0006091498137860326,1.0,0.9999999999999999
2020-01-24,2020-01-23,0,group_weighted_multinomial_logistic_gam,0.9505394000413604,0.9847786928692942,0.025470001780594585,0.007323337910018493,0.023757427860250556,0.007253347488405211,0.00023317031779450392,0.0006446217322820029,1.0,0.9999999999999999
2020-01-27,2020-01-24,0,group_weighted_multinomial_logistic_gam,0.9505394000413604,0.9835095570580915,0.025470001780594585,0.007605192889477511,0.023757427860250556,0.008228046320178678,0.00023317031779450392,0.0006572037322522232,1.0,0.9999999999999999
2020-01-28,2020-01-27,0,group_weighted_multinomial_logistic_gam,0.9505394000413604,0.9814662410171074,0.025470001780594585,0.008917981955512648,0.023757427860250556,0.00882898323127777,0.00023317031779450392,0.0007867937961021871,1.0,1.0
2020-01-29,2020-01-28,0,group_weighted_multinomial_logistic_gam,0.9505394000413604,0.9882318220343889,0.025470001780594585,0.00595921221197195,0.023757427860250556,0.005368447386129068,0.00023317031779450392,0.0004405183675100872,1.0,1.0
2020-01-30,2020-01-29,0,group_weighted_multinomial_logistic_gam,0.9505394000413604,0.9866773436077401,0.025470001780594585,0.00606281086775418,0.023757427860250556,0.006754672705482049,0.00023317031779450392,0.0005051728190237381,1.0,1.0
2020-01-31,2020-01-30,0,group_weighted_multinomial_logistic_gam,0.9505394000413604,0.9854441238295684,0.025470001780594585,0.006871107575491224,0.023757427860250556,0.007096507179297171,0.00023317031779450392,0.0005882614156432085,1.0,1.0
2020-02-03,2020-01-31,0,group_weighted_multinomial_logistic_gam,0.9505394000413604,0.9847204470915333,0.025470001780594585,0.007561150308793518,0.023757427860250556,0.007207648728452913,0.00023317031779450392,0.0005107538712202823,1.0,1.0
2020-02-04,2020-02-03,0,group_weighted_multinomial_logistic_gam,0.9505394000413604,0.9859958130614588,0.025470001780594585,0.006691243013111562,0.023757427860250556,0.006726761342900195,0.00023317031779450392,0.000586182582529488,1.0,1.0
2020-02-05,2020-02-04,0,group_weighted_multinomial_logistic_gam,0.9505394000413604,0.9876847739238047,0.025470001780594585,0.006642401003311468,0.023757427860250556,0.00517427608332622,0.00023317031779450392,0.000498548989557591,1.0,1.0
2020-02-06,2020-02-05,0,group_weighted_multinomial_logistic_gam,0.9505394000413604,0.9891174061984463,0.025470001780594585,0.0057468181945044975,0.023757427860250556,0.004734106855633117,0.00023317031779450392,0.00040166875141586805,1.0,0.9999999999999999
2020-02-07,2020-02-06,0,group_weighted_multinomial_logistic_gam,0.9505394000413604,0.987663744799511,0.025470001780594585,0.006051249847381548,0.023757427860250556,0.005818850972281661,0.00023317031779450392,0.00046615438082565637,1.0,0.9999999999999999
2020-02-10,2020-02-07,0,group_weighted_multinomial_logistic_gam,0.9505394000413604,0.9860851190009329,0.025470001780594585,0.006358235978272689,0.023757427860250556,0.00701327579103749,0.00023317031779450392,0.0005433692297568259,1.0,0.9999999999999999
2020-02-11,2020-02-10,0,group_weighted_multinomial_logistic_gam,0.9505394000413604,0.9867601808261864,0.025470001780594585,0.006307864073972212,0.023757427860250556,0.00640457790326109,0.00023317031779450392,0.0005273771965802455,1.0,1.0
2020-02-12,2020-02-11,0,group_weighted_multinomial_logistic_gam,0.9505394000413604,0.987776971324866,0.025470001780594585,0.006508422413926619,0.023757427860250556,0.00527116352629039,0.00023317031779450392,0.0004434427349168414,1.0,0.9999999999999998
2020-02-13,2020-02-12,0,group_weighted_multinomial_logistic_gam,0.9505394000413604,0.9888466022914266,0.025470001780594585,0.005940383216271834,0.023757427860250556,0.004816479530539624,0.00023317031779450392,0.00039653496176193657,1.0,1.0
2020-02-14,2020-02-13,0,group_weighted_multinomial_logistic_gam,0.9505394000413604,0.9872787958353838,0.025470001780594585,0.006329210007594632,0.023757427860250556,0.005932345006486002,0.00023317031779450392,0.0004596491505356127,1.0,1.0
2020-02-18,2020-02-14,0,group_weighted_multinomial_logistic_gam,0.9505394000413604,0.987996786411512,0.025470001780594585,0.00573284858283618,0.023757427860250556,0.005828398545359196,0.00023317031779450392,0.0004419664602926675,1.0,1.0
2020-02-19,2020-02-18,0,group_weighted_multinomial_logistic_gam,0.9505394000413604,0.9877055612539657,0.025470001780594585,0.006118658877539555,0.023757427860250556,0.005726526268917209,0.00023317031779450392,0.00044925359957762273,1.0,1.0000000000000002
2020-02-20,2020-02-19,0,group_weighted_multinomial_logistic_gam,0.9505394000413604,0.9885964881727574,0.025470001780594585,0.005935545233702085,0.023757427860250556,0.005055971316032553,0.00023317031779450392,0.00041199527750802417,1.0,1.0
2020-02-21,2020-02-20,0,group_weighted_multinomial_logistic_gam,0.9505394000413604,0.9867715101715302,0.025470001780594585,0.006408096579317065,0.023757427860250556,0.006326602046303081,0.00023317031779450392,0.0004937912028497175,1.0,1.0
2020-02-24,2020-02-21,0,group_weighted_multinomial_logistic_gam,0.9505394000413604,0.9864934944666153,0.025470001780594585,0.0064379935075760735,0.023757427860250556,0.0065874521307261276,0.00023317031779450392,0.00048105989508252664,1.0,1.0
2020-02-25,2020-02-24,2,group_weighted_multinomial_logistic_gam,0.06274939193076978,0.1519914516298398,9.761755794767467e-34,0.08564048767896379,0.9124496868848444,0.6782987248919731,0.02480092118438586,0.08406933579922335,1.0,1.0
2020-02-26,2020-02-25,2,group_weighted_multinomial_logistic_gam,0.06274939193076978,0.11433095493753873,9.761755794767467e-34,0.054772049631804015,0.9124496868848444,0.7701195513977219,0.02480092118438586,0.06077744403293533,1.0,0.9999999999999999
2020-02-27,2020-02-26,2,group_weighted_multinomial_logistic_gam,0.06274939193076978,0.10122952644389693,9.761755794767467e-34,0.033410998918233806,0.9124496868848444,0.8157180378570884,0.02480092118438586,0.049641436780780736,1.0,0.9999999999999998
2020-02-28,2020-02-27,1,group_weighted_multinomial_logistic_gam,0.08634199045392929,0.15719705582762622,0.9080779360501346,0.6818983001868513,1.3537108067951995e-76,0.0977978232926955,0.005580073495936052,0.06310682069282689,1.0,0.9999999999999999
2020-03-02,2020-02-28,2,group_weighted_multinomial_logistic_gam,0.06274939193076978,0.15299034510294787,9.761755794767467e-34,0.07243368433363695,0.9124496868848444,0.6743192060075442,0.02480092118438586,0.10025676455587088,1.0,0.9999999999999999
2020-03-03,2020-03-02,1,group_weighted_multinomial_logistic_gam,0.08634199045392929,0.39419553267427687,0.9080779360501346,0.43851763620942724,1.3537108067951995e-76,0.09866051202350452,0.005580073495936052,0.0686263190927912,1.0,0.9999999999999999
2020-03-04,2020-03-03,1,group_weighted_multinomial_logistic_gam,0.08634199045392929,0.2174910533365859,0.9080779360501346,0.6747691254756603,1.3537108067951995e-76,0.07564838347540655,0.005580073495936052,0.032091437712347404,1.0,1.0000000000000002
2020-03-05,2020-03-04,1,group_weighted_multinomial_logistic_gam,0.08634199045392929,0.2407655177925799,0.9080779360501346,0.6772191922480214,1.3537108067951995e-76,0.04730449301540167,0.005580073495936052,0.03471079694399699,1.0,1.0
2020-03-06,2020-03-05,1,group_weighted_multinomial_logistic_gam,0.08634199045392929,0.08242461398151366,0.9080779360501346,0.8679167214393354,1.3537108067951995e-76,0.02628945347935966,0.005580073495936052,0.023369211099791447,1.0,1.0000000000000002
2020-03-09,2020-03-06,3,group_weighted_multinomial_logistic_gam,3.588076004044579e-58,0.14693984469343319,0.040768212481828964,0.1189872596702945,0.1494489951407803,0.33362844822855364,0.8097827923773908,0.4004444474077187,1.0,1.0
2020-03-10,2020-03-09,3,group_weighted_multinomial_logistic_gam,3.588076004044579e-58,0.01216944744234493,0.040768212481828964,0.10038358034663955,0.1494489951407803,0.08326177934028935,0.8097827923773908,0.8041851928707262,1.0,1.0
2020-03-11,2020-03-10,3,group_weighted_multinomial_logistic_gam,3.588076004044579e-58,0.09064834272966063,0.040768212481828964,0.08716251319742481,0.1494489951407803,0.0835743623117987,0.8097827923773908,0.7386147817611158,1.0,1.0
2020-03-12,2020-03-11,3,group_weighted_multinomial_logistic_gam,3.588076004044579e-58,0.03569363866180583,0.040768212481828964,0.11256741626886956,0.1494489951407803,0.12248464303236895,0.8097827923773908,0.7292543020369556,1.0,1.0
2020-03-13,2020-03-12,3,group_weighted_multinomial_logistic_gam,3.588076004044579e-58,0.0065932648562691595,0.040768212481828964,0.0954652457848804,0.1494489951407803,0.052888048855320495,0.8097827923773908,0.8450534405035298,1.0,0.9999999999999999
2020-03-16,2020-03-13,3,group_weighted_multinomial_logistic_gam,3.588076004044579e-58,0.04747752126750943,0.040768212481828964,0.03016232564784814,0.1494489951407803,0.09334133029755329,0.8097827923773908,0.8290188227870892,1.0,1.0
2020-03-17,2020-03-16,3,group_weighted_multinomial_logistic_gam,3.588076004044579e-58,0.004430505163419133,0.040768212481828964,0.039978383223971285,0.1494489951407803,0.07515061473628974,0.8097827923773908,0.8804404968763199,1.0,1.0
2020-03-18,2020-03-17,3,group_weighted_multinomial_logistic_gam,3.588076004044579e-58,0.012201605227359283,0.040768212481828964,0.022960520146401184,0.1494489951407803,0.02867659583896242,0.8097827923773908,0.9361612787872771,1.0,1.0
2020-03-19,2020-03-18,3,group_weighted_multinomial_logistic_gam,3.588076004044579e-58,0.0016775507708086277,0.040768212481828964,0.030194893849281212,0.1494489951407803,0.016018233941884508,0.8097827923773908,0.9521093214380257,1.0,1.0
2020-03-20,2020-03-19,3,group_weighted_multinomial_logistic_gam,3.588076004044579e-58,0.006183405141103872,0.040768212481828964,0.019118827686424054,0.1494489951407803,0.026183116127132044,0.8097827923773908,0.9485146510453399,1.0,0.9999999999999999
2020-03-23,2020-03-20,3,group_weighted_multinomial_logistic_gam,3.588076004044579e-58,0.013921369272603732,0.040768212481828964,0.018809932355748953,0.1494489951407803,0.11100191691763894,0.8097827923773908,0.8562667814540084,1.0,1.0
2020-03-24,2020-03-23,3,group_weighted_multinomial_logistic_gam,3.588076004044579e-58,0.007165276574894996,0.040768212481828964,0.01463137903278724,0.1494489951407803,0.06602945044615532,0.8097827923773908,0.9121738939461624,1.0,1.0
2020-03-25,2020-03-24,3,group_weighted_multinomial_logistic_gam,3.588076004044579e-58,0.03560329249699157,0.040768212481828964,0.010822499842441307,0.1494489951407803,0.10010476612886991,0.8097827923773908,0.8534694415316971,1.0,0.9999999999999999
2020-03-26,2020-03-25,3,group_weighted_multinomial_logistic_gam,3.588076004044579e-58,0.05220714386975906,0.040768212481828964,0.018812152125551054,0.1494489951407803,0.16822534717155538,0.8097827923773908,0.7607553568331346,1.0,1.0
2020-03-27,2020-03-26,3,group_weighted_multinomial_logistic_gam,3.588076004044579e-58,0.0251791191821428,0.040768212481828964,0.009772322282063352,0.1494489951407803,0.1069964520397922,0.8097827923773908,0.8580521064960016,1.0,1.0
2020-03-30,2020-03-27,3,group_weighted_multinomial_logistic_gam,3.588076004044579e-58,0.007755042794599773,0.040768212481828964,0.017299545458221936,0.1494489951407803,0.05753974404626142,0.8097827923773908,0.9174056677009169,1.0,1.0
2020-03-31,2020-03-30,3,group_weighted_multinomial_logistic_gam,3.588076004044579e-58,0.008451627139891369,0.040768212481828964,0.010032134103778716,0.1494489951407803,0.05518322563782154,0.8097827923773908,0.9263330131185084,1.0,1.0
2020-04-01,2020-03-31,3,group_weighted_multinomial_logistic_gam,3.588076004044579e-58,0.013777016897191461,0.040768212481828964,0.01852980938139239,0.1494489951407803,0.07961126246239161,0.8097827923773908,0.8880819112590246,1.0,1.0
2020-04-02,2020-04-01,3,group_weighted_multinomial_logistic_gam,3.588076004044579e-58,0.0031802096595084034,0.040768212481828964,0.013195759327087013,0.1494489951407803,0.04433494400753127,0.8097827923773908,0.9392890870058732,1.0,0.9999999999999999
2020-04-03,2020-04-02,3,group_weighted_multinomial_logistic_gam,3.588076004044579e-58,0.010008416243982493,0.040768212481828964,0.01158079138565588,0.1494489951407803,0.05364102747942782,0.8097827923773908,0.9247697648909339,1.0,1.0
2020-04-06,2020-04-03,2,group_weighted_multinomial_logistic_gam,0.06274939193076978,0.22612304933814398,9.761755794767467e-34,0.08519968190842371,0.9124496868848444,0.6160781304138997,0.02480092118438586,0.07259913833953267,1.0,1.0
2020-04-07,2020-04-06,3,group_weighted_multinomial_logistic_gam,3.588076004044579e-58,0.32138951693624446,0.040768212481828964,0.11379054184923049,0.1494489951407803,0.24012074173856432,0.8097827923773908,0.3246991994759607,1.0,1.0
2020-04-08,2020-04-07,3,group_weighted_multinomial_logistic_gam,3.588076004044579e-58,0.20466049953139656,0.040768212481828964,0.11891182516745732,0.1494489951407803,0.28325853247197863,0.8097827923773908,0.39316914282916743,1.0,1.0
2020-04-09,2020-04-08,3,group_weighted_multinomial_logistic_gam,3.588076004044579e-58,0.12700419924413375,0.040768212481828964,0.07736507376528234,0.1494489951407803,0.2148528350084517,0.8097827923773908,0.5807778919821321,1.0,1.0
2020-04-13,2020-04-09,3,group_weighted_multinomial_logistic_gam,3.588076004044579e-58,0.1305662395968682,0.040768212481828964,0.05368076320092556,0.1494489951407803,0.25981615414421694,0.8097827923773908,0.5559368430579892,1.0,0.9999999999999999
2020-04-14,2020-04-13,2,group_weighted_multinomial_logistic_gam,0.06274939193076978,0.2432817553831815,9.761755794767467e-34,0.07618979227304157,0.9124496868848444,0.6234549196590123,0.02480092118438586,0.057073532684764616,1.0,1.0
2020-04-15,2020-04-14,2,group_weighted_multinomial_logistic_gam,0.06274939193076978,0.18784166447488052,9.761755794767467e-34,0.03575214531040371,0.9124496868848444,0.7251646190516896,0.02480092118438586,0.05124157116302622,1.0,1.0
2020-04-16,2020-04-15,2,group_weighted_multinomial_logistic_gam,0.06274939193076978,0.06913598815940317,9.761755794767467e-34,0.03126768373418542,0.9124496868848444,0.831805461957156,0.02480092118438586,0.0677908661492554,1.0,1.0
2020-04-17,2020-04-16,3,group_weighted_multinomial_logistic_gam,3.588076004044579e-58,0.23154118854287867,0.040768212481828964,0.15866741708111534,0.1494489951407803,0.23775652591285007,0.8097827923773908,0.372034868463156,1.0,1.0
2020-04-20,2020-04-17,2,group_weighted_multinomial_logistic_gam,0.06274939193076978,0.2732293984703938,9.761755794767467e-34,0.08174461606514465,0.9124496868848444,0.5643970599941838,0.02480092118438586,0.08062892547027778,1.0,1.0
2020-04-21,2020-04-20,2,group_weighted_multinomial_logistic_gam,0.06274939193076978,0.12200707371357836,9.761755794767467e-34,0.057984471491099705,0.9124496868848444,0.7486463018435269,0.02480092118438586,0.07136215295179517,1.0,1.0000000000000002
2020-04-22,2020-04-21,3,group_weighted_multinomial_logistic_gam,3.588076004044579e-58,0.10802560202032048,0.040768212481828964,0.16059511153653255,0.1494489951407803,0.31301662594232105,0.8097827923773908,0.41836266050082593,1.0,1.0
2020-04-23,2020-04-22,3,group_weighted_multinomial_logistic_gam,3.588076004044579e-58,0.20116503614713568,0.040768212481828964,0.12229420931209124,0.1494489951407803,0.22696887892095632,0.8097827923773908,0.44957187561981665,1.0,1.0
2020-04-24,2020-04-23,2,group_weighted_multinomial_logistic_gam,0.06274939193076978,0.22512835001778972,9.761755794767467e-34,0.07483245204138363,0.9124496868848444,0.6296593463889243,0.02480092118438586,0.07037985155190228,1.0,1.0
2020-04-27,2020-04-24,2,group_weighted_multinomial_logistic_gam,0.06274939193076978,0.14418146815060684,9.761755794767467e-34,0.0426703866544096,0.9124496868848444,0.7514824567918781,0.02480092118438586,0.06166568840310547,1.0,1.0
2020-04-28,2020-04-27,2,group_weighted_multinomial_logistic_gam,0.06274939193076978,0.11540475083870116,9.761755794767467e-34,0.03419480256639312,0.9124496868848444,0.798780500133437,0.02480092118438586,0.051619946461468634,1.0,1.0
2020-04-29,2020-04-28,2,group_weighted_multinomial_logistic_gam,0.06274939193076978,0.09054025877129065,9.761755794767467e-34,0.022358355360390807,0.9124496868848444,0.8488592316980269,0.02480092118438586,0.03824215417029149,1.0,0.9999999999999999
2020-04-30,2020-04-29,2,group_weighted_multinomial_logistic_gam,0.06274939193076978,0.1131487475654328,9.761755794767467e-34,0.01602388136969091,0.9124496868848444,0.8397147553008332,0.02480092118438586,0.031112615764043217,1.0,1.0
2020-05-01,2020-04-30,1,group_weighted_multinomial_logistic_gam,0.08634199045392929,0.32153203591950186,0.9080779360501346,0.5377696170837091,1.3537108067951995e-76,0.09265608664534362,0.005580073495936052,0.04804226035144544,1.0,1.0
2020-05-04,2020-05-01,1,group_weighted_multinomial_logistic_gam,0.08634199045392929,0.1478278084951896,0.9080779360501346,0.7602166361325038,1.3537108067951995e-76,0.054520386892061755,0.005580073495936052,0.03743516848024479,1.0,0.9999999999999999
2020-05-05,2020-05-04,1,group_weighted_multinomial_logistic_gam,0.08634199045392929,0.15030467933211752,0.9080779360501346,0.7850449713439182,1.3537108067951995e-76,0.03566023580173901,0.005580073495936052,0.02899011352222536,1.0,1.0000000000000002
2020-05-06,2020-05-05,1,group_weighted_multinomial_logistic_gam,0.08634199045392929,0.18288258775733118,0.9080779360501346,0.7730284067963823,1.3537108067951995e-76,0.025705624853658498,0.005580073495936052,0.018383380592628125,1.0,1.0
2020-05-07,2020-05-06,1,group_weighted_multinomial_logistic_gam,0.08634199045392929,0.08199459534638184,0.9080779360501346,0.882490213930056,1.3537108067951995e-76,0.01816064766444093,0.005580073495936052,0.017354543059121295,1.0,1.0
2020-05-08,2020-05-07,1,group_weighted_multinomial_logistic_gam,0.08634199045392929,0.12091422396859532,0.9080779360501346,0.8390003402205426,1.3537108067951995e-76,0.02034859077658884,0.005580073495936052,0.019736845034273233,1.0,0.9999999999999999
2020-05-11,2020-05-08,1,group_weighted_multinomial_logistic_gam,0.08634199045392929,0.09272311194203489,0.9080779360501346,0.8845459120789521,1.3537108067951995e-76,0.01061872038397699,0.005580073495936052,0.012112255595035967,1.0,0.9999999999999999
2020-05-12,2020-05-11,1,group_weighted_multinomial_logistic_gam,0.08634199045392929,0.07094164565079294,0.9080779360501346,0.9078609894225946,1.3537108067951995e-76,0.010587043544301452,0.005580073495936052,0.01061032138231106,1.0,1.0
2020-05-13,2020-05-12,1,group_weighted_multinomial_logistic_gam,0.08634199045392929,0.0667787123492186,0.9080779360501346,0.9121949685416212,1.3537108067951995e-76,0.011003178479329533,0.005580073495936052,0.010023140629830738,1.0,1.0
2020-05-14,2020-05-13,1,group_weighted_multinomial_logistic_gam,0.08634199045392929,0.0484304671726239,0.9080779360501346,0.9341436150244369,1.3537108067951995e-76,0.008276140186708641,0.005580073495936052,0.00914977761623057,1.0,1.0
2020-05-15,2020-05-14,1,group_weighted_multinomial_logistic_gam,0.08634199045392929,0.06042017838805333,0.9080779360501346,0.9232505586323924,1.3537108067951995e-76,0.006770667777906623,0.005580073495936052,0.00955859520164775,1.0,1.0
2020-05-18,2020-05-15,1,group_weighted_multinomial_logistic_gam,0.08634199045392929,0.07057601213880776,0.9080779360501346,0.9160783697012789,1.3537108067951995e-76,0.006864105361836393,0.005580073495936052,0.006481512798076998,1.0,0.9999999999999999
2020-05-19,2020-05-18,3,group_weighted_multinomial_logistic_gam,3.588076004044579e-58,0.38267597156731065,0.040768212481828964,0.1325986434907394,0.1494489951407803,0.2458090953338523,0.8097827923773908,0.23891628960809766,1.0,1.0
2020-05-20,2020-05-19,2,group_weighted_multinomial_logistic_gam,0.06274939193076978,0.2240471219760269,9.761755794767467e-34,0.07258735753078668,0.9124496868848444,0.6400277902748648,0.02480092118438586,0.06333773021832162,1.0,1.0
2020-05-21,2020-05-20,2,group_weighted_multinomial_logistic_gam,0.06274939193076978,0.19490321082785567,9.761755794767467e-34,0.03335244303804742,0.9124496868848444,0.7257415824191011,0.02480092118438586,0.04600276371499573,1.0,1.0
2020-05-22,2020-05-21,1,group_weighted_multinomial_logistic_gam,0.08634199045392929,0.2944000381962377,0.9080779360501346,0.5373341011648731,1.3537108067951995e-76,0.11230403521270348,0.005580073495936052,0.05596182542618576,1.0,1.0
2020-05-26,2020-05-22,1,group_weighted_multinomial_logistic_gam,0.08634199045392929,0.18677712014700085,0.9080779360501346,0.7062594103576093,1.3537108067951995e-76,0.06097425325429797,0.005580073495936052,0.045989216241091674,1.0,0.9999999999999998
2020-05-27,2020-05-26,2,group_weighted_multinomial_logistic_gam,0.06274939193076978,0.274346952261819,9.761755794767467e-34,0.0787806689262986,0.9124496868848444,0.5796657753469764,0.02480092118438586,0.06720660346490599,1.0,1.0
2020-05-28,2020-05-27,2,group_weighted_multinomial_logistic_gam,0.06274939193076978,0.15026980254343286,9.761755794767467e-34,0.04234840266358826,0.9124496868848444,0.7468642028350178,0.02480092118438586,0.06051759195796115,1.0,1.0
2020-05-29,2020-05-28,2,group_weighted_multinomial_logistic_gam,0.06274939193076978,0.12571647365541128,9.761755794767467e-34,0.03610574285625144,0.9124496868848444,0.7935323070895091,0.02480092118438586,0.04464547639882815,1.0,0.9999999999999999
2020-06-01,2020-05-29,2,group_weighted_multinomial_logistic_gam,0.06274939193076978,0.10540482044765334,9.761755794767467e-34,0.023438200584498012,0.9124496868848444,0.8269537080514091,0.02480092118438586,0.044203270916439386,1.0,0.9999999999999999
2020-06-02,2020-06-01,2,group_weighted_multinomial_logistic_gam,0.06274939193076978,0.0855904281406967,9.761755794767467e-34,0.017319140526732793,0.9124496868848444,0.8680334579279017,0.02480092118438586,0.02905697340466889,1.0,1.0
2020-06-03,2020-06-02,2,group_weighted_multinomial_logistic_gam,0.06274939193076978,0.08659774068014306,9.761755794767467e-34,0.014114939902170383,0.9124496868848444,0.8726568503519476,0.02480092118438586,0.02663046906573895,1.0,1.0
2020-06-04,2020-06-03,2,group_weighted_multinomial_logistic_gam,0.06274939193076978,0.07954268665102675,9.761755794767467e-34,0.011049877079248526,0.9124496868848444,0.8871538908917213,0.02480092118438586,0.022253545378003496,1.0,1.0
2020-06-05,2020-06-04,2,group_weighted_multinomial_logistic_gam,0.06274939193076978,0.0631559324299952,9.761755794767467e-34,0.012407045434454122,0.9124496868848444,0.9008583478380531,0.02480092118438586,0.02357867429749766,1.0,1.0
2020-06-08,2020-06-05,2,group_weighted_multinomial_logistic_gam,0.06274939193076978,0.06973423901957079,9.761755794767467e-34,0.007601497544787183,0.9124496868848444,0.9033152462090295,0.02480092118438586,0.019349017226612673,1.0,1.0000000000000002
2020-06-09,2020-06-08,2,group_weighted_multinomial_logistic_gam,0.06274939193076978,0.04658105118534925,9.761755794767467e-34,0.006045686376998116,0.9124496868848444,0.9292081692528623,0.02480092118438586,0.018165093184790256,1.0,0.9999999999999999
2020-06-10,2020-06-09,2,group_weighted_multinomial_logistic_gam,0.06274939193076978,0.039345580733969134,9.761755794767467e-34,0.007045776506430489,0.9124496868848444,0.9328579619983348,0.02480092118438586,0.020750680761265558,1.0,1.0
2020-06-11,2020-06-10,2,group_weighted_multinomial_logistic_gam,0.06274939193076978,0.03642638247091708,9.761755794767467e-34,0.005692571473179405,0.9124496868848444,0.9403934481132312,0.02480092118438586,0.017487597942672337,1.0,1.0
2020-06-12,2020-06-11,3,group_weighted_multinomial_logistic_gam,3.588076004044579e-58,0.1154343479789123,0.040768212481828964,0.19415836405515963,0.1494489951407803,0.2855312635400571,0.8097827923773908,0.404876024425871,1.0,1.0
2020-06-15,2020-06-12,2,group_weighted_multinomial_logistic_gam,0.06274939193076978,0.24404231600920845,9.761755794767467e-34,0.08763978452499001,0.9124496868848444,0.5853908136726922,0.02480092118438586,0.08292708579310941,1.0,1.0
2020-06-16,2020-06-15,2,group_weighted_multinomial_logistic_gam,0.06274939193076978,0.1656903541056818,9.761755794767467e-34,0.052528381696091,0.9124496868848444,0.7171525359549672,0.02480092118438586,0.06462872824325996,1.0,0.9999999999999999
2020-06-17,2020-06-16,2,group_weighted_multinomial_logistic_gam,0.06274939193076978,0.16319669665614747,9.761755794767467e-34,0.02416385607849925,0.9124496868848444,0.7796572605947346,0.02480092118438586,0.03298218667061859,1.0,0.9999999999999999
2020-06-18,2020-06-17,2,group_weighted_multinomial_logistic_gam,0.06274939193076978,0.09081899635975156,9.761755794767467e-34,0.024449273873213537,0.9124496868848444,0.8447388966572281,0.02480092118438586,0.039992833109806815,1.0,1.0
2020-06-19,2020-06-18,2,group_weighted_multinomial_logistic_gam,0.06274939193076978,0.0766276135566783,9.761755794767467e-34,0.017309381605003987,0.9124496868848444,0.8701991789369261,0.02480092118438586,0.03586382590139153,1.0,1.0
2020-06-22,2020-06-19,2,group_weighted_multinomial_logistic_gam,0.06274939193076978,0.07445260877006094,9.761755794767467e-34,0.014667571782090025,0.9124496868848444,0.885132752880685,0.02480092118438586,0.02574706656716385,1.0,0.9999999999999999
2020-06-23,2020-06-22,2,group_weighted_multinomial_logistic_gam,0.06274939193076978,0.06788287960990273,9.761755794767467e-34,0.012742474554305695,0.9124496868848444,0.891862716391511,0.02480092118438586,0.02751192944428057,1.0,1.0
2020-06-24,2020-06-23,0,group_weighted_multinomial_logistic_gam,0.9505394000413604,0.7615317761966062,0.025470001780594585,0.0926131535752848,0.023757427860250556,0.11026631855054879,0.00023317031779450392,0.03558875167756035,1.0,1.0
2020-06-25,2020-06-24,2,group_weighted_multinomial_logistic_gam,0.06274939193076978,0.16168607638787688,9.761755794767467e-34,0.09563170212352991,0.9124496868848444,0.6523471607410629,0.02480092118438586,0.09033506074753024,1.0,1.0
2020-06-26,2020-06-25,2,group_weighted_multinomial_logistic_gam,0.06274939193076978,0.16208497060505808,9.761755794767467e-34,0.04841208731856503,0.9124496868848444,0.7243585805109185,0.02480092118438586,0.06514436156545846,1.0,1.0000000000000002
2020-06-29,2020-06-26,2,group_weighted_multinomial_logistic_gam,0.06274939193076978,0.0961010850523452,9.761755794767467e-34,0.03279307814329674,0.9124496868848444,0.8269320113931947,0.02480092118438586,0.04417382541116344,1.0,1.0000000000000002
2020-06-30,2020-06-29,2,group_weighted_multinomial_logistic_gam,0.06274939193076978,0.11575870324880452,9.761755794767467e-34,0.0251038003284998,0.9124496868848444,0.8175205000927298,0.02480092118438586,0.04161699632996582,1.0,1.0
2020-07-01,2020-06-30,2,group_weighted_multinomial_logistic_gam,0.06274939193076978,0.09315645221907211,9.761755794767467e-34,0.017770492521677842,0.9124496868848444,0.8552577759264065,0.02480092118438586,0.03381527933284345,1.0,0.9999999999999999
2020-07-02,2020-07-01,2,group_weighted_multinomial_logistic_gam,0.06274939193076978,0.08046171785573925,9.761755794767467e-34,0.014135734113733978,0.9124496868848444,0.8790228614291379,0.02480092118438586,0.026379686601388976,1.0,1.0
2020-07-06,2020-07-02,2,group_weighted_multinomial_logistic_gam,0.06274939193076978,0.06827470945648537,9.761755794767467e-34,0.010264339489112553,0.9124496868848444,0.8998321860745719,0.02480092118438586,0.021628764979830184,1.0,1.0
2020-07-07,2020-07-06,2,group_weighted_multinomial_logistic_gam,0.06274939193076978,0.061757272884597605,9.761755794767467e-34,0.008526950621196242,0.9124496868848444,0.9087547119118878,0.02480092118438586,0.020961064582318223,1.0,1.0
2020-07-08,2020-07-07,2,group_weighted_multinomial_logistic_gam,0.06274939193076978,0.04722786321200424,9.761755794767467e-34,0.009242157126592663,0.9124496868848444,0.9205217982697383,0.02480092118438586,0.023008181391664738,1.0,1.0
2020-07-09,2020-07-08,2,group_weighted_multinomial_logistic_gam,0.06274939193076978,0.05270856024854551,9.761755794767467e-34,0.008704307409735863,0.9124496868848444,0.9160807986921468,0.02480092118438586,0.02250633364957199,1.0,1.0
2020-07-10,2020-07-09,2,group_weighted_multinomial_logistic_gam,0.06274939193076978,0.035014315088904235,9.761755794767467e-34,0.006046387612100691,0.9124496868848444,0.9386938951737115,0.02480092118438586,0.02024540212528341,1.0,0.9999999999999998
2020-07-13,2020-07-10,2,group_weighted_multinomial_logistic_gam,0.06274939193076978,0.045297811344374606,9.761755794767467e-34,0.007241512511785221,0.9124496868848444,0.9270715907885411,0.02480092118438586,0.020389085355299024,1.0,0.9999999999999999
2020-07-14,2020-07-13,0,group_weighted_multinomial_logistic_gam,0.9505394000413604,0.7446005643562812,0.025470001780594585,0.10024871391136893,0.023757427860250556,0.11895452763683668,0.00023317031779450392,0.03619619409551329,1.0,1.0
2020-07-15,2020-07-14,0,group_weighted_multinomial_logistic_gam,0.9505394000413604,0.8320754518626305,0.025470001780594585,0.06485316263882691,0.023757427860250556,0.07669276916977295,0.00023317031779450392,0.02637861632876947,1.0,0.9999999999999999
2020-07-16,2020-07-15,0,group_weighted_multinomial_logistic_gam,0.9505394000413604,0.8957234038671856,0.025470001780594585,0.043691188471023996,0.023757427860250556,0.048501683971077264,0.00023317031779450392,0.012083723690713224,1.0,1.0000000000000002
2020-07-17,2020-07-16,0,group_weighted_multinomial_logistic_gam,0.9505394000413604,0.8910119609484233,0.025470001780594585,0.04438359831188735,0.023757427860250556,0.052196385959781925,0.00023317031779450392,0.012408054779907437,1.0,1.0
2020-07-20,2020-07-17,0,group_weighted_multinomial_logistic_gam,0.9505394000413604,0.9158502919366815,0.025470001780594585,0.036040572312840934,0.023757427860250556,0.0396913958930392,0.00023317031779450392,0.00841773985743824,1.0,0.9999999999999999
2020-07-21,2020-07-20,0,group_weighted_multinomial_logistic_gam,0.9505394000413604,0.9312934899472738,0.025470001780594585,0.028214278557867883,0.023757427860250556,0.033635811859878385,0.00023317031779450392,0.006856419634979907,1.0,1.0
2020-07-22,2020-07-21,0,group_weighted_multinomial_logistic_gam,0.9505394000413604,0.944644028708539,0.025470001780594585,0.023407326115678636,0.023757427860250556,0.027212793817472256,0.00023317031779450392,0.004735851358309914,1.0,0.9999999999999998
2020-07-23,2020-07-22,0,group_weighted_multinomial_logistic_gam,0.9505394000413604,0.9441268107723948,0.025470001780594585,0.02400340553709862,0.023757427860250556,0.026716434918203448,0.00023317031779450392,0.005153348772302989,1.0,0.9999999999999998
2020-07-24,2020-07-23,0,group_weighted_multinomial_logistic_gam,0.9505394000413604,0.9357251764369363,0.025470001780594585,0.028703099420433812,0.023757427860250556,0.02991493933697937,0.00023317031779450392,0.005656784805650409,1.0,1.0
2020-07-27,2020-07-24,0,group_weighted_multinomial_logistic_gam,0.9505394000413604,0.9406820177367784,0.025470001780594585,0.028696563923616088,0.023757427860250556,0.02550502250689634,0.00023317031779450392,0.005116395832709186,1.0,1.0
2020-07-28,2020-07-27,0,group_weighted_multinomial_logistic_gam,0.9505394000413604,0.954782969150724,0.025470001780594585,0.021509239604449563,0.023757427860250556,0.019932513612203773,0.00023317031779450392,0.0037752776326227112,1.0,1.0000000000000002
2020-07-29,2020-07-28,0,group_weighted_multinomial_logistic_gam,0.9505394000413604,0.9473266571208018,0.025470001780594585,0.024038881521452265,0.023757427860250556,0.02435207780500007,0.00023317031779450392,0.004282383552745906,1.0,1.0
2020-07-30,2020-07-29,0,group_weighted_multinomial_logistic_gam,0.9505394000413604,0.960805060909352,0.025470001780594585,0.017767719393777366,0.023757427860250556,0.018392315764958513,0.00023317031779450392,0.0030349039319120833,1.0,1.0
2020-07-31,2020-07-30,0,group_weighted_multinomial_logistic_gam,0.9505394000413604,0.9516039484612274,0.025470001780594585,0.02090500912512593,0.023757427860250556,0.0235800424576715,0.00023317031779450392,0.003910999955975328,1.0,1.0000000000000002
2020-08-03,2020-07-31,0,group_weighted_multinomial_logistic_gam,0.9505394000413604,0.9648121963149948,0.025470001780594585,0.01580537283743288,0.023757427860250556,0.01687040912806607,0.00023317031779450392,0.0025120217195060907,1.0,0.9999999999999998
2020-08-04,2020-08-03,0,group_weighted_multinomial_logistic_gam,0.9505394000413604,0.9658426773766031,0.025470001780594585,0.01650913648395904,0.023757427860250556,0.01531390380373358,0.00023317031779450392,0.002334282335704323,1.0,1.0
2020-08-05,2020-08-04,0,group_weighted_multinomial_logistic_gam,0.9505394000413604,0.9662037014325515,0.025470001780594585,0.014400919257617226,0.023757427860250556,0.016908963202887112,0.00023317031779450392,0.0024864161069441467,1.0,1.0
2020-08-06,2020-08-05,0,group_weighted_multinomial_logistic_gam,0.9505394000413604,0.9695845415983584,0.025470001780594585,0.01406268328740886,0.023757427860250556,0.014418896055618403,0.00023317031779450392,0.0019338790586144465,1.0,1.0000000000000002
2020-08-07,2020-08-06,0,group_weighted_multinomial_logistic_gam,0.9505394000413604,0.9688543982449201,0.025470001780594585,0.014074002918325874,0.023757427860250556,0.014938614350533124,0.00023317031779450392,0.0021329844862207144,1.0,0.9999999999999998
2020-08-10,2020-08-07,0,group_weighted_multinomial_logistic_gam,0.9505394000413604,0.9638004982192082,0.025470001780594585,0.01718036563574559,0.023757427860250556,0.016588683306968697,0.00023317031779450392,0.002430452838077552,1.0,1.0
2020-08-11,2020-08-10,0,group_weighted_multinomial_logistic_gam,0.9505394000413604,0.9701634364461592,0.025470001780594585,0.014617305592648823,0.023757427860250556,0.013341767772563209,0.00023317031779450392,0.0018774901886289448,1.0,1.0000000000000002
2020-08-12,2020-08-11,2,group_weighted_multinomial_logistic_gam,0.06274939193076978,0.21114530344093665,9.761755794767467e-34,0.10174085394587355,0.9124496868848444,0.6064543254546991,0.02480092118438586,0.08065951715849068,1.0,1.0
2020-08-13,2020-08-12,2,group_weighted_multinomial_logistic_gam,0.06274939193076978,0.17594845573372928,9.761755794767467e-34,0.0511552679389901,0.9124496868848444,0.7104514787706353,0.02480092118438586,0.062444797556645434,1.0,1.0
2020-08-14,2020-08-13,2,group_weighted_multinomial_logistic_gam,0.06274939193076978,0.12674568486537685,9.761755794767467e-34,0.039966310220290395,0.9124496868848444,0.7836373002968785,0.02480092118438586,0.049650704617454085,1.0,0.9999999999999999
2020-08-17,2020-08-14,0,group_weighted_multinomial_logistic_gam,0.9505394000413604,0.7307655866542916,0.025470001780594585,0.11540394954913753,0.023757427860250556,0.1088836219066605,0.00023317031779450392,0.044946841889910355,1.0,1.0
2020-08-18,2020-08-17,0,group_weighted_multinomial_logistic_gam,0.9505394000413604,0.8420482957342548,0.025470001780594585,0.06806315757406828,0.023757427860250556,0.06764802595963659,0.00023317031779450392,0.02224052073204035,1.0,0.9999999999999999
2020-08-19,2020-08-18,0,group_weighted_multinomial_logistic_gam,0.9505394000413604,0.8692528184014899,0.025470001780594585,0.05485725300055085,0.023757427860250556,0.0590772648273588,0.00023317031779450392,0.0168126637706005,1.0,1.0
2020-08-20,2020-08-19,0,group_weighted_multinomial_logistic_gam,0.9505394000413604,0.8959675639356659,0.025470001780594585,0.04661438234508063,0.023757427860250556,0.046120266587759626,0.00023317031779450392,0.011297787131493885,1.0,1.0
2020-08-21,2020-08-20,0,group_weighted_multinomial_logistic_gam,0.9505394000413604,0.9050723898924411,0.025470001780594585,0.03992127805581629,0.023757427860250556,0.04363959931660882,0.00023317031779450392,0.011366732735133753,1.0,0.9999999999999999
2020-08-24,2020-08-21,0,group_weighted_multinomial_logistic_gam,0.9505394000413604,0.9206102463071679,0.025470001780594585,0.03286126918674284,0.023757427860250556,0.038284110850250005,0.00023317031779450392,0.008244373655839179,1.0,0.9999999999999999
2020-08-25,2020-08-24,0,group_weighted_multinomial_logistic_gam,0.9505394000413604,0.9384997869632635,0.025470001780594585,0.026372563441304158,0.023757427860250556,0.02921563456187566,0.00023317031779450392,0.005912015033556713,1.0,1.0
2020-08-26,2020-08-25,0,group_weighted_multinomial_logistic_gam,0.9505394000413604,0.9375638107644904,0.025470001780594585,0.03039514785186238,0.023757427860250556,0.026307040791212554,0.00023317031779450392,0.005734000592434637,1.0,1.0
2020-08-27,2020-08-26,0,group_weighted_multinomial_logistic_gam,0.9505394000413604,0.9434672170735472,0.025470001780594585,0.02630536280396257,0.023757427860250556,0.02500816329778235,0.00023317031779450392,0.005219256824707896,1.0,1.0
2020-08-28,2020-08-27,0,group_weighted_multinomial_logistic_gam,0.9505394000413604,0.9425339179632128,0.025470001780594585,0.029266594427806984,0.023757427860250556,0.02321842216763999,0.00023317031779450392,0.004981065441340048,1.0,0.9999999999999999
2020-08-31,2020-08-28,0,group_weighted_multinomial_logistic_gam,0.9505394000413604,0.9532821117956277,0.025470001780594585,0.021190239773909245,0.023757427860250556,0.02170719991769235,0.00023317031779450392,0.003820448512770771,1.0,1.0
2020-09-01,2020-08-31,0,group_weighted_multinomial_logistic_gam,0.9505394000413604,0.9501445806824178,0.025470001780594585,0.020445344409889103,0.023757427860250556,0.025296852380999477,0.00023317031779450392,0.004113222526693629,1.0,1.0
2020-09-02,2020-09-01,0,group_weighted_multinomial_logistic_gam,0.9505394000413604,0.9640135461194308,0.025470001780594585,0.014939971871589183,0.023757427860250556,0.018323093610809454,0.00023317031779450392,0.002723388398170628,1.0,1.0
2020-09-03,2020-09-02,1,group_weighted_multinomial_logistic_gam,0.08634199045392929,0.3182207096890362,0.9080779360501346,0.4799090396031386,1.3537108067951995e-76,0.1293303014067551,0.005580073495936052,0.07253994930107015,1.0,1.0
2020-09-04,2020-09-03,1,group_weighted_multinomial_logistic_gam,0.08634199045392929,0.1503761235402167,0.9080779360501346,0.7530243725403584,1.3537108067951995e-76,0.05836396852998976,0.005580073495936052,0.03823553538943524,1.0,1.0
2020-09-08,2020-09-04,1,group_weighted_multinomial_logistic_gam,0.08634199045392929,0.10711718020959737,0.9080779360501346,0.8363474132234031,1.3537108067951995e-76,0.02866503813138218,0.005580073495936052,0.02787036843561734,1.0,1.0
2020-09-09,2020-09-08,1,group_weighted_multinomial_logistic_gam,0.08634199045392929,0.08622532627985245,0.9080779360501346,0.8588307428787513,1.3537108067951995e-76,0.030301232801807233,0.005580073495936052,0.024642698039589198,1.0,1.0000000000000002
2020-09-10,2020-09-09,1,group_weighted_multinomial_logistic_gam,0.08634199045392929,0.12022148132225305,0.9080779360501346,0.8422904860024355,1.3537108067951995e-76,0.018686359885007265,0.005580073495936052,0.018801672790304313,1.0,1.0
2020-09-11,2020-09-10,1,group_weighted_multinomial_logistic_gam,0.08634199045392929,0.08077111075319536,0.9080779360501346,0.8880013936626049,1.3537108067951995e-76,0.016799133354226385,0.005580073495936052,0.014428362229973297,1.0,0.9999999999999999
2020-09-14,2020-09-11,0,group_weighted_multinomial_logistic_gam,0.9505394000413604,0.7500212797676785,0.025470001780594585,0.0985554087096831,0.023757427860250556,0.11112694491096965,0.00023317031779450392,0.04029636661166866,1.0,0.9999999999999999
2020-09-15,2020-09-14,0,group_weighted_multinomial_logistic_gam,0.9505394000413604,0.8445099911697231,0.025470001780594585,0.06281643598291828,0.023757427860250556,0.06960255891702857,0.00023317031779450392,0.023071013930330217,1.0,1.0000000000000002
2020-09-16,2020-09-15,0,group_weighted_multinomial_logistic_gam,0.9505394000413604,0.8829937808518123,0.025470001780594585,0.049899256062243165,0.023757427860250556,0.053134354679063064,0.00023317031779450392,0.013972608406881531,1.0,1.0000000000000002
2020-09-17,2020-09-16,0,group_weighted_multinomial_logistic_gam,0.9505394000413604,0.9026944355409825,0.025470001780594585,0.04509137021457108,0.023757427860250556,0.041942374746015795,0.00023317031779450392,0.010271819498430626,1.0,1.0
2020-09-18,2020-09-17,0,group_weighted_multinomial_logistic_gam,0.9505394000413604,0.9051085045797345,0.025470001780594585,0.04449667863264062,0.023757427860250556,0.040135576573008376,0.00023317031779450392,0.01025924021461632,1.0,0.9999999999999998
2020-09-21,2020-09-18,0,group_weighted_multinomial_logistic_gam,0.9505394000413604,0.9169926950723417,0.025470001780594585,0.04005970584033443,0.023757427860250556,0.03519550439153226,0.00023317031779450392,0.0077520946957916285,1.0,1.0
2020-09-22,2020-09-21,1,group_weighted_multinomial_logistic_gam,0.08634199045392929,0.18510074310689192,0.9080779360501346,0.623856865185489,1.3537108067951995e-76,0.11007725715956226,0.005580073495936052,0.08096513454805677,1.0,1.0
2020-09-23,2020-09-22,1,group_weighted_multinomial_logistic_gam,0.08634199045392929,0.20215695378823845,0.9080779360501346,0.6933438453479175,1.3537108067951995e-76,0.059138930775715505,0.005580073495936052,0.045360270088128554,1.0,1.0
2020-09-24,2020-09-23,1,group_weighted_multinomial_logistic_gam,0.08634199045392929,0.10743438118120649,0.9080779360501346,0.8319733725218821,1.3537108067951995e-76,0.03368477004511878,0.005580073495936052,0.026907476251792718,1.0,1.0000000000000002
2020-09-25,2020-09-24,1,group_weighted_multinomial_logistic_gam,0.08634199045392929,0.11265636024074528,0.9080779360501346,0.8382045435716026,1.3537108067951995e-76,0.02450842407308718,0.005580073495936052,0.02463067211456498,1.0,1.0
2020-09-28,2020-09-25,1,group_weighted_multinomial_logistic_gam,0.08634199045392929,0.11952964123950192,0.9080779360501346,0.8405752145746153,1.3537108067951995e-76,0.020335295056112354,0.005580073495936052,0.01955984912977028,1.0,0.9999999999999998
2020-09-29,2020-09-28,1,group_weighted_multinomial_logistic_gam,0.08634199045392929,0.11188395953919253,0.9080779360501346,0.8559522124255619,1.3537108067951995e-76,0.016790951934094456,0.005580073495936052,0.015372876101151092,1.0,0.9999999999999999
2020-09-30,2020-09-29,1,group_weighted_multinomial_logistic_gam,0.08634199045392929,0.07678940782454306,0.9080779360501346,0.8955097718627953,1.3537108067951995e-76,0.014341709721237779,0.005580073495936052,0.013359110591423626,1.0,0.9999999999999998
2020-10-01,2020-09-30,0,group_weighted_multinomial_logistic_gam,0.9505394000413604,0.7819655699425991,0.025470001780594585,0.09209081898346118,0.023757427860250556,0.09219083317615948,0.00023317031779450392,0.033752777897780306,1.0,1.0
2020-10-02,2020-10-01,0,group_weighted_multinomial_logistic_gam,0.9505394000413604,0.8307839249340176,0.025470001780594585,0.0648216470702753,0.023757427860250556,0.08111538054236093,0.00023317031779450392,0.02327904745334606,1.0,0.9999999999999999
2020-10-05,2020-10-02,0,group_weighted_multinomial_logistic_gam,0.9505394000413604,0.8504806015865987,0.025470001780594585,0.06562264055829924,0.023757427860250556,0.06608423634854148,0.00023317031779450392,0.017812521506560687,1.0,1.0
2020-10-06,2020-10-05,2,group_weighted_multinomial_logistic_gam,0.06274939193076978,0.2948623810241072,9.761755794767467e-34,0.08626325248947063,0.9124496868848444,0.5453573020908917,0.02480092118438586,0.07351706439553043,1.0,1.0
2020-10-07,2020-10-06,2,group_weighted_multinomial_logistic_gam,0.06274939193076978,0.1629584751973403,9.761755794767467e-34,0.04892160573715141,0.9124496868848444,0.735482318444267,0.02480092118438586,0.0526376006212413,1.0,1.0
2020-10-08,2020-10-07,2,group_weighted_multinomial_logistic_gam,0.06274939193076978,0.12961499817219485,9.761755794767467e-34,0.03276308468559821,0.9124496868848444,0.7884075104431818,0.02480092118438586,0.049214406699025076,1.0,1.0
2020-10-09,2020-10-08,2,group_weighted_multinomial_logistic_gam,0.06274939193076978,0.10888133883118298,9.761755794767467e-34,0.02053583553547757,0.9124496868848444,0.8355546464156254,0.02480092118438586,0.03502817921771421,1.0,1.0000000000000002
2020-10-13,2020-10-09,0,group_weighted_multinomial_logistic_gam,0.9505394000413604,0.780887536636312,0.025470001780594585,0.0850076837675285,0.023757427860250556,0.10027798189364791,0.00023317031779450392,0.03382679770251167,1.0,1.0000000000000002
2020-10-14,2020-10-13,0,group_weighted_multinomial_logistic_gam,0.9505394000413604,0.8341438833558166,0.025470001780594585,0.05743364263340245,0.023757427860250556,0.08336039442123061,0.00023317031779450392,0.025062079589550295,1.0,0.9999999999999999
2020-10-15,2020-10-14,0,group_weighted_multinomial_logistic_gam,0.9505394000413604,0.8688856541385537,0.025470001780594585,0.05895055779256609,0.023757427860250556,0.056025367925603524,0.00023317031779450392,0.0161384201432767,1.0,1.0
2020-10-16,2020-10-15,0,group_weighted_multinomial_logistic_gam,0.9505394000413604,0.8890396598103205,0.025470001780594585,0.05033350378673131,0.023757427860250556,0.04776991328939583,0.00023317031779450392,0.012856923113552469,1.0,1.0000000000000002
2020-10-19,2020-10-16,0,group_weighted_multinomial_logistic_gam,0.9505394000413604,0.9141575517138243,0.025470001780594585,0.03738032156894358,0.023757427860250556,0.03981681560486001,0.00023317031779450392,0.008645311112372165,1.0,1.0
2020-10-20,2020-10-19,0,group_weighted_multinomial_logistic_gam,0.9505394000413604,0.9129507557434677,0.025470001780594585,0.04186478466193603,0.023757427860250556,0.03715319053973875,0.00023317031779450392,0.008031269054857515,1.0,1.0
2020-10-21,2020-10-20,0,group_weighted_multinomial_logistic_gam,0.9505394000413604,0.9318462390570722,0.025470001780594585,0.033739377144281726,0.023757427860250556,0.027790900891898992,0.00023317031779450392,0.006623482906746865,1.0,0.9999999999999998
2020-10-22,2020-10-21,0,group_weighted_multinomial_logistic_gam,0.9505394000413604,0.9286790632285441,0.025470001780594585,0.032914653216589554,0.023757427860250556,0.03183090961831905,0.00023317031779450392,0.006575373936547242,1.0,1.0
2020-10-23,2020-10-22,0,group_weighted_multinomial_logistic_gam,0.9505394000413604,0.9417078683413186,0.025470001780594585,0.02800110674934833,0.023757427860250556,0.025003612994942023,0.00023317031779450392,0.005287411914391116,1.0,1.0
2020-10-26,2020-10-23,0,group_weighted_multinomial_logistic_gam,0.9505394000413604,0.9437409758220864,0.025470001780594585,0.02486996297273683,0.023757427860250556,0.026356235360238494,0.00023317031779450392,0.005032825844938495,1.0,1.0000000000000002
2020-10-27,2020-10-26,0,group_weighted_multinomial_logistic_gam,0.9505394000413604,0.9356823284017158,0.025470001780594585,0.028349447308669413,0.023757427860250556,0.03061796171801021,0.00023317031779450392,0.005350262571604529,1.0,1.0
2020-10-28,2020-10-27,0,group_weighted_multinomial_logistic_gam,0.9505394000413604,0.9557648029125398,0.025470001780594585,0.01978343748504185,0.023757427860250556,0.021069419908620098,0.00023317031779450392,0.0033823396937981568,1.0,1.0
2020-10-29,2020-10-28,1,group_weighted_multinomial_logistic_gam,0.08634199045392929,0.17881935575529587,0.9080779360501346,0.6455402255450496,1.3537108067951995e-76,0.11124596283719436,0.005580073495936052,0.06439445586246025,1.0,1.0
2020-10-30,2020-10-29,1,group_weighted_multinomial_logistic_gam,0.08634199045392929,0.18506431496578457,0.9080779360501346,0.7128047753407618,1.3537108067951995e-76,0.056767544234526554,0.005580073495936052,0.04536336545892689,1.0,0.9999999999999999
2020-11-02,2020-10-30,0,group_weighted_multinomial_logistic_gam,0.9505394000413604,0.7339180711313905,0.025470001780594585,0.11648155667654865,0.023757427860250556,0.10953655381154245,0.00023317031779450392,0.0400638183805185,1.0,1.0000000000000002
2020-11-03,2020-11-02,0,group_weighted_multinomial_logistic_gam,0.9505394000413604,0.8556929738578533,0.025470001780594585,0.057565503924440466,0.023757427860250556,0.06632623314647511,0.00023317031779450392,0.020415289071231142,1.0,1.0
2020-11-04,2020-11-03,0,group_weighted_multinomial_logistic_gam,0.9505394000413604,0.8994942198502472,0.025470001780594585,0.04185810640023281,0.023757427860250556,0.046239660070552746,0.00023317031779450392,0.01240801367896729,1.0,1.0
2020-11-05,2020-11-04,1,group_weighted_multinomial_logistic_gam,0.08634199045392929,0.39153748537766103,0.9080779360501346,0.40818687001670806,1.3537108067951995e-76,0.1275884837754165,0.005580073495936052,0.07268716083021436,1.0,1.0
2020-11-06,2020-11-05,1,group_weighted_multinomial_logistic_gam,0.08634199045392929,0.2844603144761557,0.9080779360501346,0.6069814690904971,1.3537108067951995e-76,0.06884106328093897,0.005580073495936052,0.03971715315240821,1.0,1.0
2020-11-09,2020-11-06,1,group_weighted_multinomial_logistic_gam,0.08634199045392929,0.13641178381639382,0.9080779360501346,0.7997767174505904,1.3537108067951995e-76,0.03488076540140342,0.005580073495936052,0.028930733331612238,1.0,0.9999999999999999
2020-11-10,2020-11-09,2,group_weighted_multinomial_logistic_gam,0.06274939193076978,0.29063261308831273,9.761755794767467e-34,0.08390041260873139,0.9124496868848444,0.5585737121042204,0.02480092118438586,0.06689326219873548,1.0,1.0
2020-11-12,2020-11-10,2,group_weighted_multinomial_logistic_gam,0.06274939193076978,0.1713540281344897,9.761755794767467e-34,0.05702510308622017,0.9124496868848444,0.7106016456356936,0.02480092118438586,0.06101922314359664,1.0,1.0
2020-11-13,2020-11-12,2,group_weighted_multinomial_logistic_gam,0.06274939193076978,0.10296217377108433,9.761755794767467e-34,0.025420231183821453,0.9124496868848444,0.8216807871406294,0.02480092118438586,0.0499368079044649,1.0,1.0
2020-11-16,2020-11-13,2,group_weighted_multinomial_logistic_gam,0.06274939193076978,0.09568756709992436,9.761755794767467e-34,0.021842636940203476,0.9124496868848444,0.8417954828318468,0.02480092118438586,0.04067431312802536,1.0,1.0
2020-11-17,2020-11-16,0,group_weighted_multinomial_logistic_gam,0.9505394000413604,0.7860342431372771,0.025470001780594585,0.08497777601893401,0.023757427860250556,0.09508265395467064,0.00023317031779450392,0.03390532688911833,1.0,1.0
2020-11-18,2020-11-17,0,group_weighted_multinomial_logistic_gam,0.9505394000413604,0.8255396446879845,0.025470001780594585,0.0701494695433625,0.023757427860250556,0.08034200130167482,0.00023317031779450392,0.023968884466978046,1.0,0.9999999999999999
2020-11-19,2020-11-18,0,group_weighted_multinomial_logistic_gam,0.9505394000413604,0.8708176590867543,0.025470001780594585,0.056560590004482485,0.023757427860250556,0.058004731973871154,0.00023317031779450392,0.014617018934892157,1.0,1.0
2020-11-20,2020-11-19,0,group_weighted_multinomial_logistic_gam,0.9505394000413604,0.8949272159697869,0.025470001780594585,0.0417300104822467,0.023757427860250556,0.05061607868243295,0.00023317031779450392,0.01272669486553358,1.0,1.0
2020-11-23,2020-11-20,0,group_weighted_multinomial_logistic_gam,0.9505394000413604,0.9126848302331191,0.025470001780594585,0.03715051213418763,0.023757427860250556,0.0410467336699196,0.00023317031779450392,0.00911792396277381,1.0,1.0000000000000002
2020-11-24,2020-11-23,0,group_weighted_multinomial_logistic_gam,0.9505394000413604,0.9261708545379856,0.025470001780594585,0.0344726649188832,0.023757427860250556,0.03184582238003406,0.00023317031779450392,0.007510658163097191,1.0,1.0000000000000002
2020-11-25,2020-11-24,0,group_weighted_multinomial_logistic_gam,0.9505394000413604,0.945282862990665,0.025470001780594585,0.025146239303081977,0.023757427860250556,0.024334864929635748,0.00023317031779450392,0.005236032776617391,1.0,1.0000000000000002
2020-11-27,2020-11-25,0,group_weighted_multinomial_logistic_gam,0.9505394000413604,0.9389092003551127,0.025470001780594585,0.02832163601276289,0.023757427860250556,0.027456234177036448,0.00023317031779450392,0.0053129294550879665,1.0,1.0
2020-11-30,2020-11-27,0,group_weighted_multinomial_logistic_gam,0.9505394000413604,0.9433926701298108,0.025470001780594585,0.02389669155196921,0.023757427860250556,0.027496685053014107,0.00023317031779450392,0.005213953265206005,1.0,1.0
2020-12-01,2020-11-30,0,group_weighted_multinomial_logistic_gam,0.9505394000413604,0.9407640575115757,0.025470001780594585,0.026394233265928574,0.023757427860250556,0.02794014399174742,0.00023317031779450392,0.004901565230748321,1.0,1.0
2020-12-02,2020-12-01,0,group_weighted_multinomial_logistic_gam,0.9505394000413604,0.9524645238586442,0.025470001780594585,0.022799299448759233,0.023757427860250556,0.02075677905147583,0.00023317031779450392,0.003979397641120633,1.0,1.0
2020-12-03,2020-12-02,0,group_weighted_multinomial_logistic_gam,0.9505394000413604,0.9556810622499289,0.025470001780594585,0.020844778807750805,0.023757427860250556,0.02015672344244873,0.00023317031779450392,0.0033174354998718263,1.0,1.0000000000000002
2020-12-04,2020-12-03,0,group_weighted_multinomial_logistic_gam,0.9505394000413604,0.9576364987632174,0.025470001780594585,0.017866790332356337,0.023757427860250556,0.021304106723076466,0.00023317031779450392,0.0031926041813498526,1.0,1.0000000000000002
2020-12-07,2020-12-04,0,group_weighted_multinomial_logistic_gam,0.9505394000413604,0.9613733747061437,0.025470001780594585,0.01909606715643793,0.023757427860250556,0.016632072998877475,0.00023317031779450392,0.0028984851385408885,1.0,1.0
2020-12-08,2020-12-07,0,group_weighted_multinomial_logistic_gam,0.9505394000413604,0.9569925115531175,0.025470001780594585,0.019142918798766232,0.023757427860250556,0.020532780097636923,0.00023317031779450392,0.0033317895504792155,1.0,0.9999999999999999
2020-12-09,2020-12-08,0,group_weighted_multinomial_logistic_gam,0.9505394000413604,0.9595436635356106,0.025470001780594585,0.018840439604892862,0.023757427860250556,0.01847884683043662,0.00023317031779450392,0.0031370500290600475,1.0,1.0000000000000002
2020-12-10,2020-12-09,0,group_weighted_multinomial_logistic_gam,0.9505394000413604,0.9591444080436613,0.025470001780594585,0.02111000233112082,0.023757427860250556,0.016975781890127207,0.00023317031779450392,0.002769807735090526,1.0,0.9999999999999998
2020-12-11,2020-12-10,0,group_weighted_multinomial_logistic_gam,0.9505394000413604,0.9670037635100466,0.025470001780594585,0.015044206504301995,0.023757427860250556,0.01561220592158757,0.00023317031779450392,0.0023398240640637377,1.0,0.9999999999999999
2020-12-14,2020-12-11,0,group_weighted_multinomial_logistic_gam,0.9505394000413604,0.9645464975550501,0.025470001780594585,0.016693542355637768,0.023757427860250556,0.016349015413204,0.00023317031779450392,0.0024109446761080575,1.0,0.9999999999999999
2020-12-15,2020-12-14,0,group_weighted_multinomial_logistic_gam,0.9505394000413604,0.9666114660468651,0.025470001780594585,0.016038596375884877,0.023757427860250556,0.015253669515032703,0.00023317031779450392,0.0020962680622171772,1.0,0.9999999999999999
2020-12-16,2020-12-15,0,group_weighted_multinomial_logistic_gam,0.9505394000413604,0.9717372222825751,0.025470001780594585,0.013531750371008022,0.023757427860250556,0.0128827253157266,0.00023317031779450392,0.001848302030690264,1.0,1.0
2020-12-17,2020-12-16,0,group_weighted_multinomial_logistic_gam,0.9505394000413604,0.9705917348696451,0.025470001780594585,0.013874249820671255,0.023757427860250556,0.013711654945024413,0.00023317031779450392,0.0018223603646591628,1.0,1.0
2020-12-18,2020-12-17,0,group_weighted_multinomial_logistic_gam,0.9505394000413604,0.9733146443366425,0.025470001780594585,0.012656017340964953,0.023757427860250556,0.01241335793874521,0.00023317031779450392,0.0016159803836472287,1.0,0.9999999999999999
2020-12-21,2020-12-18,0,group_weighted_multinomial_logistic_gam,0.9505394000413604,0.9704753969367661,0.025470001780594585,0.014931881483228491,0.023757427860250556,0.012859219847465036,0.00023317031779450392,0.0017335017325405344,1.0,1.0000000000000002
2020-12-22,2020-12-21,0,group_weighted_multinomial_logistic_gam,0.9505394000413604,0.965686328953105,0.025470001780594585,0.016441771762537218,0.023757427860250556,0.01564647837651341,0.00023317031779450392,0.0022254209078443297,1.0,1.0
2020-12-23,2020-12-22,0,group_weighted_multinomial_logistic_gam,0.9505394000413604,0.9694788590548087,0.025470001780594585,0.013730212171577563,0.023757427860250556,0.0149012772044066,0.00023317031779450392,0.0018896515692071582,1.0,1.0
2020-12-24,2020-12-23,0,group_weighted_multinomial_logistic_gam,0.9505394000413604,0.9739731789205079,0.025470001780594585,0.013385351066559855,0.023757427860250556,0.011187107446970018,0.00023317031779450392,0.001454362565962122,1.0,0.9999999999999999
2020-12-28,2020-12-24,0,group_weighted_multinomial_logistic_gam,0.9505394000413604,0.9736016821597735,0.025470001780594585,0.012023581654887417,0.023757427860250556,0.012758690937771327,0.00023317031779450392,0.0016160452475677959,1.0,1.0
2020-12-29,2020-12-28,0,group_weighted_multinomial_logistic_gam,0.9505394000413604,0.9736863456343664,0.025470001780594585,0.012216002818601973,0.023757427860250556,0.012493443090754692,0.00023317031779450392,0.0016042084562770656,1.0,1.0000000000000002
2020-12-30,2020-12-29,0,group_weighted_multinomial_logistic_gam,0.9505394000413604,0.9750155178458133,0.025470001780594585,0.012256105821303633,0.023757427860250556,0.011369056149846497,0.00023317031779450392,0.0013593201830365996,1.0,1.0
2020-12-31,2020-12-30,0,group_weighted_multinomial_logistic_gam,0.9505394000413604,0.9758448944279761,0.025470001780594585,0.011693371900756082,0.023757427860250556,0.01109761809111837,0.00023317031779450392,0.0013641155801494807,1.0,1.0
2021-01-04,2020-12-31,0,group_weighted_multinomial_logistic_gam,0.9505394000413604,0.9765875917023371,0.025470001780594585,0.010625038467120108,0.023757427860250556,0.011462808680038442,0.00023317031779450392,0.001324561150504319,1.0,1.0
2021-01-05,2021-01-04,0,group_weighted_multinomial_logistic_gam,0.9505394000413604,0.9722486725243296,0.025470001780594585,0.014171946953081497,0.023757427860250556,0.01219231074072936,0.00023317031779450392,0.0013870697818596726,1.0,1.0000000000000002
2021-01-06,2021-01-05,0,group_weighted_multinomial_logistic_gam,0.9505394000413604,0.9785770690277578,0.025470001780594585,0.011909492480949503,0.023757427860250556,0.008317839649464354,0.00023317031779450392,0.0011955988418283277,1.0,0.9999999999999999
2021-01-07,2021-01-06,2,group_weighted_multinomial_logistic_gam,0.06274939193076978,0.23246049793905718,9.761755794767467e-34,0.1096199270179902,0.9124496868848444,0.5659598521298889,0.02480092118438586,0.09195972291306377,1.0,1.0
2021-01-08,2021-01-07,2,group_weighted_multinomial_logistic_gam,0.06274939193076978,0.1675251204507599,9.761755794767467e-34,0.04831938863336707,0.9124496868848444,0.7232221678376372,0.02480092118438586,0.06093332307823595,1.0,1.0
2021-01-11,2021-01-08,2,group_weighted_multinomial_logistic_gam,0.06274939193076978,0.1370843077554306,9.761755794767467e-34,0.03679334306161395,0.9124496868848444,0.7751212592205571,0.02480092118438586,0.05100108996239846,1.0,1.0
2021-01-12,2021-01-11,2,group_weighted_multinomial_logistic_gam,0.06274939193076978,0.08978624758989101,9.761755794767467e-34,0.027630660188763475,0.9124496868848444,0.8408460856233417,0.02480092118438586,0.041737006598003765,1.0,0.9999999999999999
2021-01-13,2021-01-12,1,group_weighted_multinomial_logistic_gam,0.08634199045392929,0.2606150954698182,0.9080779360501346,0.5831945461428983,1.3537108067951995e-76,0.09434381643986382,0.005580073495936052,0.06184654194741963,1.0,1.0
2021-01-14,2021-01-13,1,group_weighted_multinomial_logistic_gam,0.08634199045392929,0.22882821823255337,0.9080779360501346,0.6518832711549016,1.3537108067951995e-76,0.07288633006616226,0.005580073495936052,0.04640218054638259,1.0,0.9999999999999999
2021-01-15,2021-01-14,1,group_weighted_multinomial_logistic_gam,0.08634199045392929,0.1523857357341786,0.9080779360501346,0.7879588054142805,1.3537108067951995e-76,0.034417049580496704,0.005580073495936052,0.02523840927104409,1.0,0.9999999999999999
2021-01-19,2021-01-15,0,group_weighted_multinomial_logistic_gam,0.9505394000413604,0.7251533100890586,0.025470001780594585,0.1049863913800886,0.023757427860250556,0.12720895446164202,0.00023317031779450392,0.04265134406921074,1.0,1.0
2021-01-20,2021-01-19,0,group_weighted_multinomial_logistic_gam,0.9505394000413604,0.8369476985474851,0.025470001780594585,0.06370971931689302,0.023757427860250556,0.07616122126632867,0.00023317031779450392,0.0231813608692932,1.0,1.0
2021-01-21,2021-01-20,0,group_weighted_multinomial_logistic_gam,0.9505394000413604,0.8833770718495687,0.025470001780594585,0.047830391553490365,0.023757427860250556,0.0535705146048357,0.00023317031779450392,0.015222021992105216,1.0,1.0
2021-01-22,2021-01-21,0,group_weighted_multinomial_logistic_gam,0.9505394000413604,0.8946563475475269,0.025470001780594585,0.047063272944372084,0.023757427860250556,0.04679155677484217,0.00023317031779450392,0.011488822733258915,1.0,1.0
2021-01-25,2021-01-22,0,group_weighted_multinomial_logistic_gam,0.9505394000413604,0.8993464616407643,0.025470001780594585,0.04307037074933723,0.023757427860250556,0.04635461680925613,0.00023317031779450392,0.011228550800642369,1.0,0.9999999999999999
2021-01-26,2021-01-25,0,group_weighted_multinomial_logistic_gam,0.9505394000413604,0.9280588326317278,0.025470001780594585,0.029857161485944587,0.023757427860250556,0.0342604737039834,0.00023317031779450392,0.007823532178344023,1.0,0.9999999999999999
2021-01-27,2021-01-26,0,group_weighted_multinomial_logistic_gam,0.9505394000413604,0.9314402035554147,0.025470001780594585,0.03169869778038962,0.023757427860250556,0.030397675561629395,0.00023317031779450392,0.006463423102566399,1.0,1.0
2021-01-28,2021-01-27,0,group_weighted_multinomial_logistic_gam,0.9505394000413604,0.9219148382480457,0.025470001780594585,0.03764457820868781,0.023757427860250556,0.033910825193439326,0.00023317031779450392,0.006529758349827303,1.0,1.0000000000000002
2021-01-29,2021-01-28,0,group_weighted_multinomial_logistic_gam,0.9505394000413604,0.9426027125128735,0.025470001780594585,0.025670460963040636,0.023757427860250556,0.02655736937450049,0.00023317031779450392,0.005169457149585499,1.0,1.0
2021-02-01,2021-01-29,0,group_weighted_multinomial_logistic_gam,0.9505394000413604,0.9379858659983802,0.025470001780594585,0.03096204030909434,0.023757427860250556,0.026394461091967896,0.00023317031779450392,0.004657632600557662,1.0,1.0
2021-02-02,2021-02-01,0,group_weighted_multinomial_logistic_gam,0.9505394000413604,0.9598012208543875,0.025470001780594585,0.01876814069320149,0.023757427860250556,0.017852606083689153,0.00023317031779450392,0.00357803236872202,1.0,1.0000000000000002
2021-02-03,2021-02-02,0,group_weighted_multinomial_logistic_gam,0.9505394000413604,0.9585170923555318,0.025470001780594585,0.01930241258893505,0.023757427860250556,0.018809670969895255,0.00023317031779450392,0.0033708240856378338,1.0,1.0
2021-02-04,2021-02-03,0,group_weighted_multinomial_logistic_gam,0.9505394000413604,0.9574508372288241,0.025470001780594585,0.02094795840075975,0.023757427860250556,0.018492010515832664,0.00023317031779450392,0.0031091938545834124,1.0,1.0
2021-02-05,2021-02-04,0,group_weighted_multinomial_logistic_gam,0.9505394000413604,0.9618762357355137,0.025470001780594585,0.017648332474943407,0.023757427860250556,0.017516747537842957,0.00023317031779450392,0.0029586842516998346,1.0,1.0
2021-02-08,2021-02-05,0,group_weighted_multinomial_logistic_gam,0.9505394000413604,0.9641187223247047,0.025470001780594585,0.017217450205796535,0.023757427860250556,0.016203431066282904,0.00023317031779450392,0.0024603964032158965,1.0,1.0
2021-02-09,2021-02-08,0,group_weighted_multinomial_logistic_gam,0.9505394000413604,0.9648928933533135,0.025470001780594585,0.016443906797779267,0.023757427860250556,0.015984039994956734,0.00023317031779450392,0.002679159853950317,1.0,0.9999999999999999
2021-02-10,2021-02-09,0,group_weighted_multinomial_logistic_gam,0.9505394000413604,0.9616004821160651,0.025470001780594585,0.018745191103388244,0.023757427860250556,0.016919423014314115,0.00023317031779450392,0.0027349037662326194,1.0,1.0
2021-02-11,2021-02-10,0,group_weighted_multinomial_logistic_gam,0.9505394000413604,0.9639172063722498,0.025470001780594585,0.016446666879324282,0.023757427860250556,0.01707009202194985,0.00023317031779450392,0.002566034726476094,1.0,1.0
2021-02-12,2021-02-11,0,group_weighted_multinomial_logistic_gam,0.9505394000413604,0.9653607228000732,0.025470001780594585,0.016819169660978944,0.023757427860250556,0.015504747666350235,0.00023317031779450392,0.002315359872597461,1.0,0.9999999999999999
2021-02-16,2021-02-12,0,group_weighted_multinomial_logistic_gam,0.9505394000413604,0.9675056131139464,0.025470001780594585,0.016939320071566417,0.023757427860250556,0.013411627081407015,0.00023317031779450392,0.002143439733080059,1.0,0.9999999999999999
2021-02-17,2021-02-16,0,group_weighted_multinomial_logistic_gam,0.9505394000413604,0.9642891660017675,0.025470001780594585,0.02017542233969272,0.023757427860250556,0.013118973337770717,0.00023317031779450392,0.002416438320768939,1.0,0.9999999999999999
2021-02-18,2021-02-17,0,group_weighted_multinomial_logistic_gam,0.9505394000413604,0.9675577474001623,0.025470001780594585,0.01564269838204099,0.023757427860250556,0.014584677703498502,0.00023317031779450392,0.0022148765142982955,1.0,1.0
2021-02-19,2021-02-18,0,group_weighted_multinomial_logistic_gam,0.9505394000413604,0.9695386307527992,0.025470001780594585,0.015052731649210881,0.023757427860250556,0.013566909449620503,0.00023317031779450392,0.0018417281483693263,1.0,0.9999999999999999
2021-02-22,2021-02-19,0,group_weighted_multinomial_logistic_gam,0.9505394000413604,0.9672971586108425,0.025470001780594585,0.01746968453576225,0.023757427860250556,0.013189468477102834,0.00023317031779450392,0.002043688376292535,1.0,1.0
2021-02-23,2021-02-22,1,group_weighted_multinomial_logistic_gam,0.08634199045392929,0.2400177247996892,0.9080779360501346,0.6202257290483612,1.3537108067951995e-76,0.08267106275071831,0.005580073495936052,0.05708548340123133,1.0,1.0
2021-02-24,2021-02-23,0,group_weighted_multinomial_logistic_gam,0.9505394000413604,0.7455021196987878,0.025470001780594585,0.10637775081070991,0.023757427860250556,0.10753911410385154,0.00023317031779450392,0.04058101538665073,1.0,0.9999999999999999
2021-02-25,2021-02-24,0,group_weighted_multinomial_logistic_gam,0.9505394000413604,0.8560831258952685,0.025470001780594585,0.06251770943420668,0.023757427860250556,0.06157640691464919,0.00023317031779450392,0.019822757755875726,1.0,1.0
2021-02-26,2021-02-25,1,group_weighted_multinomial_logistic_gam,0.08634199045392929,0.18460610181879727,0.9080779360501346,0.6819232201783502,1.3537108067951995e-76,0.07320394852162716,0.005580073495936052,0.060266729481225516,1.0,1.0000000000000002
2021-03-01,2021-02-26,2,group_weighted_multinomial_logistic_gam,0.06274939193076978,0.1415982955881934,9.761755794767467e-34,0.05977881080812282,0.9124496868848444,0.689333855894323,0.02480092118438586,0.10928903770936063,1.0,0.9999999999999999
2021-03-02,2021-03-01,2,group_weighted_multinomial_logistic_gam,0.06274939193076978,0.17934715022442654,9.761755794767467e-34,0.04128690769852733,0.9124496868848444,0.7253921289583831,0.02480092118438586,0.05397381311866292,1.0,0.9999999999999999
2021-03-03,2021-03-02,2,group_weighted_multinomial_logistic_gam,0.06274939193076978,0.11471689189428848,9.761755794767467e-34,0.03228450849720554,0.9124496868848444,0.8111175257031672,0.02480092118438586,0.04188107390533885,1.0,1.0
2021-03-04,2021-03-03,2,group_weighted_multinomial_logistic_gam,0.06274939193076978,0.0976599265000849,9.761755794767467e-34,0.032233563321095296,0.9124496868848444,0.8282096627329292,0.02480092118438586,0.04189684744589058,1.0,1.0
2021-03-05,2021-03-04,2,group_weighted_multinomial_logistic_gam,0.06274939193076978,0.08688127146973584,9.761755794767467e-34,0.026990756169459357,0.9124496868848444,0.846463735623638,0.02480092118438586,0.03966423673716685,1.0,1.0
2021-03-08,2021-03-05,2,group_weighted_multinomial_logistic_gam,0.06274939193076978,0.08268751949968672,9.761755794767467e-34,0.01836129170469616,0.9124496868848444,0.8579942823118901,0.02480092118438586,0.040956906483727115,1.0,1.0000000000000002
2021-03-09,2021-03-08,1,group_weighted_multinomial_logistic_gam,0.08634199045392929,0.2059961386473808,0.9080779360501346,0.6392550749488064,1.3537108067951995e-76,0.08647150853122207,0.005580073495936052,0.06827727787259073,1.0,1.0
2021-03-10,2021-03-09,1,group_weighted_multinomial_logistic_gam,0.08634199045392929,0.23859575575075664,0.9080779360501346,0.6370429578153055,1.3537108067951995e-76,0.07418652607275664,0.005580073495936052,0.05017476036118118,1.0,1.0
2021-03-11,2021-03-10,0,group_weighted_multinomial_logistic_gam,0.9505394000413604,0.7782256893161943,0.025470001780594585,0.07938269325361244,0.023757427860250556,0.10998185113321682,0.00023317031779450392,0.03240976629697639,1.0,0.9999999999999999
2021-03-12,2021-03-11,2,group_weighted_multinomial_logistic_gam,0.06274939193076978,0.2777578429339164,9.761755794767467e-34,0.07530430377424517,0.9124496868848444,0.5829496203257101,0.02480092118438586,0.06398823296612843,1.0,1.0
2021-03-15,2021-03-12,2,group_weighted_multinomial_logistic_gam,0.06274939193076978,0.15934556326335,9.761755794767467e-34,0.06929513260045134,0.9124496868848444,0.695491059275504,0.02480092118438586,0.07586824486069457,1.0,0.9999999999999999
2021-03-16,2021-03-15,0,group_weighted_multinomial_logistic_gam,0.9505394000413604,0.7589323752282772,0.025470001780594585,0.08846949539506262,0.023757427860250556,0.11375994281492059,0.00023317031779450392,0.03883818656173977,1.0,1.0000000000000002
2021-03-17,2021-03-16,0,group_weighted_multinomial_logistic_gam,0.9505394000413604,0.8396089288068495,0.025470001780594585,0.06445178590560748,0.023757427860250556,0.07606022484309707,0.00023317031779450392,0.019879060444445915,1.0,0.9999999999999999
2021-03-18,2021-03-17,0,group_weighted_multinomial_logistic_gam,0.9505394000413604,0.8663123423100847,0.025470001780594585,0.0592258232084071,0.023757427860250556,0.057775903342034834,0.00023317031779450392,0.016685931139473184,1.0,0.9999999999999998
2021-03-19,2021-03-18,2,group_weighted_multinomial_logistic_gam,0.06274939193076978,0.17008023111737897,9.761755794767467e-34,0.0944875705815666,0.9124496868848444,0.6489968205598816,0.02480092118438586,0.08643537774117273,1.0,0.9999999999999999
2021-03-22,2021-03-19,0,group_weighted_multinomial_logistic_gam,0.9505394000413604,0.7664314426357305,0.025470001780594585,0.09280516613664214,0.023757427860250556,0.10401280801078765,0.00023317031779450392,0.03675058321683966,1.0,0.9999999999999999
2021-03-23,2021-03-22,0,group_weighted_multinomial_logistic_gam,0.9505394000413604,0.8358265347071132,0.025470001780594585,0.06083475421864404,0.023757427860250556,0.07904692767257156,0.00023317031779450392,0.024291783401671187,1.0,1.0
2021-03-24,2021-03-23,0,group_weighted_multinomial_logistic_gam,0.9505394000413604,0.8429150979897543,0.025470001780594585,0.05794531106981028,0.023757427860250556,0.07892281763365987,0.00023317031779450392,0.020216773306775578,1.0,1.0
2021-03-25,2021-03-24,0,group_weighted_multinomial_logistic_gam,0.9505394000413604,0.905625951164643,0.025470001780594585,0.042529711688399835,0.023757427860250556,0.041447694759607696,0.00023317031779450392,0.010396642387349624,1.0,1.0000000000000002
2021-03-26,2021-03-25,0,group_weighted_multinomial_logistic_gam,0.9505394000413604,0.8983938915381777,0.025470001780594585,0.04252029600557289,0.023757427860250556,0.04778016488072918,0.00023317031779450392,0.011305647575520168,1.0,1.0
2021-03-29,2021-03-26,0,group_weighted_multinomial_logistic_gam,0.9505394000413604,0.9360598360839891,0.025470001780594585,0.02992652176547129,0.023757427860250556,0.027133934052109662,0.00023317031779450392,0.006879708098429904,1.0,0.9999999999999999
2021-03-30,2021-03-29,0,group_weighted_multinomial_logistic_gam,0.9505394000413604,0.9282696756312901,0.025470001780594585,0.0345056627601249,0.023757427860250556,0.03043947167834144,0.00023317031779450392,0.006785189930243651,1.0,1.0000000000000002
2021-03-31,2021-03-30,0,group_weighted_multinomial_logistic_gam,0.9505394000413604,0.9252646734707616,0.025470001780594585,0.03332290239721674,0.023757427860250556,0.033862847368842035,0.00023317031779450392,0.007549576763179685,1.0,1.0
2021-04-01,2021-03-31,0,group_weighted_multinomial_logistic_gam,0.9505394000413604,0.9468409111523877,0.025470001780594585,0.02323443956325091,0.023757427860250556,0.025531293982365744,0.00023317031779450392,0.004393355301995807,1.0,1.0000000000000002
2021-04-05,2021-04-01,2,group_weighted_multinomial_logistic_gam,0.06274939193076978,0.26365785370766825,9.761755794767467e-34,0.06841829056911364,0.9124496868848444,0.5902893602473869,0.02480092118438586,0.07763449547583115,1.0,0.9999999999999999
2021-04-06,2021-04-05,0,group_weighted_multinomial_logistic_gam,0.9505394000413604,0.7411089781350266,0.025470001780594585,0.096888477245019,0.023757427860250556,0.11700356928015855,0.00023317031779450392,0.04499897533979587,1.0,1.0
2021-04-07,2021-04-06,0,group_weighted_multinomial_logistic_gam,0.9505394000413604,0.8455199979243428,0.025470001780594585,0.06188770889272947,0.023757427860250556,0.07165280365856769,0.00023317031779450392,0.02093948952436007,1.0,1.0
2021-04-08,2021-04-07,0,group_weighted_multinomial_logistic_gam,0.9505394000413604,0.8784644404602262,0.025470001780594585,0.05275555392063926,0.023757427860250556,0.05465496464298411,0.00023317031779450392,0.014125040976150492,1.0,1.0
2021-04-09,2021-04-08,0,group_weighted_multinomial_logistic_gam,0.9505394000413604,0.9012639704916119,0.025470001780594585,0.039856079299905846,0.023757427860250556,0.04710578315673733,0.00023317031779450392,0.011774167051744833,1.0,0.9999999999999999
2021-04-12,2021-04-09,0,group_weighted_multinomial_logistic_gam,0.9505394000413604,0.9131778300798775,0.025470001780594585,0.03938366136754304,0.023757427860250556,0.03763889725293197,0.00023317031779450392,0.009799611299647579,1.0,1.0000000000000002
2021-04-13,2021-04-12,0,group_weighted_multinomial_logistic_gam,0.9505394000413604,0.9258037382891018,0.025470001780594585,0.03243701832084519,0.023757427860250556,0.034602733796912956,0.00023317031779450392,0.007156509593140041,1.0,1.0
2021-04-14,2021-04-13,0,group_weighted_multinomial_logistic_gam,0.9505394000413604,0.9337500537763679,0.025470001780594585,0.028302321677994863,0.023757427860250556,0.0313862243157643,0.00023317031779450392,0.00656140022987277,1.0,0.9999999999999998
2021-04-15,2021-04-14,0,group_weighted_multinomial_logistic_gam,0.9505394000413604,0.9473537922030654,0.025470001780594585,0.025542600440730444,0.023757427860250556,0.022743557753699652,0.00023317031779450392,0.004360049602504535,1.0,1.0
2021-04-16,2021-04-15,0,group_weighted_multinomial_logistic_gam,0.9505394000413604,0.9498714307177657,0.025470001780594585,0.018937922411578056,0.023757427860250556,0.02628280925234599,0.00023317031779450392,0.004907837618310461,1.0,1.0000000000000002
2021-04-19,2021-04-16,0,group_weighted_multinomial_logistic_gam,0.9505394000413604,0.9478924931966962,0.025470001780594585,0.02477607354558042,0.023757427860250556,0.02297674125741254,0.00023317031779450392,0.004354692000310991,1.0,1.0000000000000002
2021-04-20,2021-04-19,0,group_weighted_multinomial_logistic_gam,0.9505394000413604,0.9476350346426847,0.025470001780594585,0.025539856096045456,0.023757427860250556,0.02264427973813473,0.00023317031779450392,0.0041808295231351815,1.0,1.0000000000000002
2021-04-21,2021-04-20,0,group_weighted_multinomial_logistic_gam,0.9505394000413604,0.9473715458622874,0.025470001780594585,0.024324108264982595,0.023757427860250556,0.024037652668079036,0.00023317031779450392,0.004266693204650814,1.0,0.9999999999999998
2021-04-22,2021-04-21,0,group_weighted_multinomial_logistic_gam,0.9505394000413604,0.9562638977974229,0.025470001780594585,0.019460569020867183,0.023757427860250556,0.020674939169131382,0.00023317031779450392,0.0036005940125784755,1.0,1.0
2021-04-23,2021-04-22,0,group_weighted_multinomial_logistic_gam,0.9505394000413604,0.9575625728102608,0.025470001780594585,0.01980827882930973,0.023757427860250556,0.019622007566748513,0.00023317031779450392,0.0030071407936809657,1.0,0.9999999999999999
2021-04-26,2021-04-23,0,group_weighted_multinomial_logistic_gam,0.9505394000413604,0.9635064502946503,0.025470001780594585,0.01709639714780222,0.023757427860250556,0.016622349524493738,0.00023317031779450392,0.0027748030330537643,1.0,1.0
2021-04-27,2021-04-26,0,group_weighted_multinomial_logistic_gam,0.9505394000413604,0.9618023195926363,0.025470001780594585,0.018414112542211297,0.023757427860250556,0.017043583854745286,0.00023317031779450392,0.0027399840104072102,1.0,1.0
2021-04-28,2021-04-27,0,group_weighted_multinomial_logistic_gam,0.9505394000413604,0.9619773359082969,0.025470001780594585,0.019665167445543717,0.023757427860250556,0.015737988661354257,0.00023317031779450392,0.002619507984804973,1.0,0.9999999999999998
2021-04-29,2021-04-28,0,group_weighted_multinomial_logistic_gam,0.9505394000413604,0.9627364293347576,0.025470001780594585,0.017546628455572012,0.023757427860250556,0.017191758218278997,0.00023317031779450392,0.0025251839913915243,1.0,1.0
2021-04-30,2021-04-29,0,group_weighted_multinomial_logistic_gam,0.9505394000413604,0.9684898364137369,0.025470001780594585,0.015277487730949979,0.023757427860250556,0.014096898771441156,0.00023317031779450392,0.0021357770838719174,1.0,0.9999999999999999
2021-05-03,2021-04-30,0,group_weighted_multinomial_logistic_gam,0.9505394000413604,0.963482840520465,0.025470001780594585,0.017081476515008,0.023757427860250556,0.0170518277257459,0.00023317031779450392,0.0023838552387808794,1.0,0.9999999999999998
2021-05-04,2021-05-03,0,group_weighted_multinomial_logistic_gam,0.9505394000413604,0.9691927401242567,0.025470001780594585,0.014537540405278368,0.023757427860250556,0.014302895475700931,0.00023317031779450392,0.0019668239947641056,1.0,1.0
2021-05-05,2021-05-04,0,group_weighted_multinomial_logistic_gam,0.9505394000413604,0.9700816569677948,0.025470001780594585,0.01455181339735763,0.023757427860250556,0.013510858996913911,0.00023317031779450392,0.001855670637933656,1.0,1.0
2021-05-06,2021-05-05,0,group_weighted_multinomial_logistic_gam,0.9505394000413604,0.9706787585105205,0.025470001780594585,0.013474356170414724,0.023757427860250556,0.01408509486643454,0.00023317031779450392,0.0017617904526300993,1.0,0.9999999999999999
2021-05-07,2021-05-06,0,group_weighted_multinomial_logistic_gam,0.9505394000413604,0.9731776582126634,0.025470001780594585,0.012462228955788218,0.023757427860250556,0.012647301880925995,0.00023317031779450392,0.001712810950622387,1.0,1.0
2021-05-10,2021-05-07,0,group_weighted_multinomial_logistic_gam,0.9505394000413604,0.9752425424928843,0.025470001780594585,0.011776577783264502,0.023757427860250556,0.011550413757753494,0.00023317031779450392,0.0014304659660975,1.0,0.9999999999999998
2021-05-11,2021-05-10,0,group_weighted_multinomial_logistic_gam,0.9505394000413604,0.9684715762841617,0.025470001780594585,0.015912356760753296,0.023757427860250556,0.013925265609478073,0.00023317031779450392,0.0016908013456071035,1.0,1.0000000000000002
2021-05-12,2021-05-11,0,group_weighted_multinomial_logistic_gam,0.9505394000413604,0.9697913600330993,0.025470001780594585,0.016296267945717657,0.023757427860250556,0.012182701006501142,0.00023317031779450392,0.0017296710146816187,1.0,0.9999999999999997
2021-05-13,2021-05-12,0,group_weighted_multinomial_logistic_gam,0.9505394000413604,0.9656048546497321,0.025470001780594585,0.019107121595539043,0.023757427860250556,0.013475143813459486,0.00023317031779450392,0.0018128799412693683,1.0,1.0
2021-05-14,2021-05-13,1,group_weighted_multinomial_logistic_gam,0.08634199045392929,0.2675286373464178,0.9080779360501346,0.5266386753233987,1.3537108067951995e-76,0.1297924423485998,0.005580073495936052,0.07604024498158363,1.0,1.0
2021-05-17,2021-05-14,1,group_weighted_multinomial_logistic_gam,0.08634199045392929,0.24987991387568478,0.9080779360501346,0.6378920183960749,1.3537108067951995e-76,0.06724104399070695,0.005580073495936052,0.04498702373753344,1.0,1.0
2021-05-18,2021-05-17,0,group_weighted_multinomial_logistic_gam,0.9505394000413604,0.7676640479582559,0.025470001780594585,0.09422817956992857,0.023757427860250556,0.1045015904847739,0.00023317031779450392,0.03360618198704161,1.0,1.0
2021-05-19,2021-05-18,0,group_weighted_multinomial_logistic_gam,0.9505394000413604,0.8231416695579918,0.025470001780594585,0.0771920796151261,0.023757427860250556,0.07659156931130306,0.00023317031779450392,0.02307468151557894,1.0,0.9999999999999999
2021-05-20,2021-05-19,0,group_weighted_multinomial_logistic_gam,0.9505394000413604,0.8431877178479674,0.025470001780594585,0.0693212613158879,0.023757427860250556,0.065731345025894,0.00023317031779450392,0.021759675810250814,1.0,1.0
2021-05-21,2021-05-20,0,group_weighted_multinomial_logistic_gam,0.9505394000413604,0.8981608940164424,0.025470001780594585,0.03835963553057632,0.023757427860250556,0.05073008650561202,0.00023317031779450392,0.012749383947369238,1.0,1.0
2021-05-24,2021-05-21,0,group_weighted_multinomial_logistic_gam,0.9505394000413604,0.9150123702169883,0.025470001780594585,0.03697381261867051,0.023757427860250556,0.039127241655177745,0.00023317031779450392,0.008886575509163337,1.0,1.0
2021-05-25,2021-05-24,0,group_weighted_multinomial_logistic_gam,0.9505394000413604,0.9337627557375975,0.025470001780594585,0.02858797984980815,0.023757427860250556,0.030805192323208455,0.00023317031779450392,0.006844072089386047,1.0,1.0
2021-05-26,2021-05-25,0,group_weighted_multinomial_logistic_gam,0.9505394000413604,0.9293988537074029,0.025470001780594585,0.028752154954453615,0.023757427860250556,0.034949906591191446,0.00023317031779450392,0.00689908474695194,1.0,0.9999999999999999
2021-05-27,2021-05-26,0,group_weighted_multinomial_logistic_gam,0.9505394000413604,0.9397331207843531,0.025470001780594585,0.02819647129277161,0.023757427860250556,0.026503324556427107,0.00023317031779450392,0.0055670833664481206,1.0,0.9999999999999999
2021-05-28,2021-05-27,0,group_weighted_multinomial_logistic_gam,0.9505394000413604,0.9459964156231915,0.025470001780594585,0.02637052001978542,0.023757427860250556,0.02298576586605802,0.00023317031779450392,0.004647298490965153,1.0,1.0000000000000002
2021-06-01,2021-05-28,0,group_weighted_multinomial_logistic_gam,0.9505394000413604,0.9444273755609641,0.025470001780594585,0.024026801459165976,0.023757427860250556,0.02675280331918698,0.00023317031779450392,0.004793019660682771,1.0,0.9999999999999999
2021-06-02,2021-06-01,0,group_weighted_multinomial_logistic_gam,0.9505394000413604,0.9548752137070347,0.025470001780594585,0.02230341935236737,0.023757427860250556,0.019368193446402705,0.00023317031779450392,0.003453173494195116,1.0,0.9999999999999999
2021-06-03,2021-06-02,0,group_weighted_multinomial_logistic_gam,0.9505394000413604,0.9563865757505835,0.025470001780594585,0.0200813355906455,0.023757427860250556,0.020092335564615094,0.00023317031779450392,0.003439753094155912,1.0,1.0
2021-06-04,2021-06-03,0,group_weighted_multinomial_logistic_gam,0.9505394000413604,0.9498936601985327,0.025470001780594585,0.02472288690661141,0.023757427860250556,0.021376022805978234,0.00023317031779450392,0.00400743008887763,1.0,1.0
2021-06-07,2021-06-04,0,group_weighted_multinomial_logistic_gam,0.9505394000413604,0.9629063883340258,0.025470001780594585,0.015450033390236493,0.023757427860250556,0.018552881703318494,0.00023317031779450392,0.0030906965724192517,1.0,1.0
2021-06-08,2021-06-07,0,group_weighted_multinomial_logistic_gam,0.9505394000413604,0.9587322603579267,0.025470001780594585,0.019834888338856594,0.023757427860250556,0.018426129249717513,0.00023317031779450392,0.003006722053499252,1.0,1.0
2021-06-09,2021-06-08,0,group_weighted_multinomial_logistic_gam,0.9505394000413604,0.964701594709314,0.025470001780594585,0.01595870366796816,0.023757427860250556,0.016799363579340313,0.00023317031779450392,0.0025403380433773677,1.0,0.9999999999999999
2021-06-10,2021-06-09,0,group_weighted_multinomial_logistic_gam,0.9505394000413604,0.9637057744635854,0.025470001780594585,0.015887296185882575,0.023757427860250556,0.017797573895517525,0.00023317031779450392,0.002609355455014445,1.0,0.9999999999999999
2021-06-11,2021-06-10,0,group_weighted_multinomial_logistic_gam,0.9505394000413604,0.9652592582106092,0.025470001780594585,0.014972122178802746,0.023757427860250556,0.017352612683427235,0.00023317031779450392,0.002416006927160841,1.0,1.0
2021-06-14,2021-06-11,0,group_weighted_multinomial_logistic_gam,0.9505394000413604,0.9663541481915651,0.025470001780594585,0.016018221887109448,0.023757427860250556,0.015338508622506915,0.00023317031779450392,0.002289121298818585,1.0,1.0
2021-06-15,2021-06-14,0,group_weighted_multinomial_logistic_gam,0.9505394000413604,0.9634681378658323,0.025470001780594585,0.01800929830496093,0.023757427860250556,0.01607227270205752,0.00023317031779450392,0.0024502911271491144,1.0,0.9999999999999998
2021-06-16,2021-06-15,0,group_weighted_multinomial_logistic_gam,0.9505394000413604,0.9642847578112482,0.025470001780594585,0.017192440944696755,0.023757427860250556,0.01620777150536748,0.00023317031779450392,0.0023150297386877383,1.0,1.0000000000000002
2021-06-17,2021-06-16,1,group_weighted_multinomial_logistic_gam,0.08634199045392929,0.24841938577750242,0.9080779360501346,0.5964900706269869,1.3537108067951995e-76,0.09030378132124338,0.005580073495936052,0.06478676227426723,1.0,1.0
2021-06-18,2021-06-17,2,group_weighted_multinomial_logistic_gam,0.06274939193076978,0.17147809733043937,9.761755794767467e-34,0.06527827516095987,0.9124496868848444,0.6785728001001353,0.02480092118438586,0.08467082740846553,1.0,1.0
2021-06-21,2021-06-18,2,group_weighted_multinomial_logistic_gam,0.06274939193076978,0.14969357043305648,9.761755794767467e-34,0.044973551210733174,0.9124496868848444,0.7438417843359327,0.02480092118438586,0.06149109402027777,1.0,1.0000000000000002
2021-06-22,2021-06-21,2,group_weighted_multinomial_logistic_gam,0.06274939193076978,0.1432334222792395,9.761755794767467e-34,0.03895538598946213,0.9124496868848444,0.7655185117955375,0.02480092118438586,0.052292679935760804,1.0,1.0
2021-06-23,2021-06-22,2,group_weighted_multinomial_logistic_gam,0.06274939193076978,0.09316344075106667,9.761755794767467e-34,0.022805675493827327,0.9124496868848444,0.8453585918291635,0.02480092118438586,0.03867229192594254,1.0,1.0
2021-06-24,2021-06-23,2,group_weighted_multinomial_logistic_gam,0.06274939193076978,0.08703311792014323,9.761755794767467e-34,0.019995903824717103,0.9124496868848444,0.8597883750241951,0.02480092118438586,0.03318260323094452,1.0,1.0
2021-06-25,2021-06-24,0,group_weighted_multinomial_logistic_gam,0.9505394000413604,0.7625275346627642,0.025470001780594585,0.09398826169893981,0.023757427860250556,0.10471113033633486,0.00023317031779450392,0.03877307330196113,1.0,1.0
2021-06-28,2021-06-25,0,group_weighted_multinomial_logistic_gam,0.9505394000413604,0.8310592469978276,0.025470001780594585,0.07243160512401466,0.023757427860250556,0.07402944655004344,0.00023317031779450392,0.022479701328114166,1.0,0.9999999999999999
2021-06-29,2021-06-28,0,group_weighted_multinomial_logistic_gam,0.9505394000413604,0.8713891477882855,0.025470001780594585,0.04934448880315329,0.023757427860250556,0.06247944879441567,0.00023317031779450392,0.016786914614145512,1.0,1.0
2021-06-30,2021-06-29,0,group_weighted_multinomial_logistic_gam,0.9505394000413604,0.8961186952690186,0.025470001780594585,0.045124010777382755,0.023757427860250556,0.04681367663115097,0.00023317031779450392,0.011943617322447796,1.0,1.0
2021-07-01,2021-06-30,0,group_weighted_multinomial_logistic_gam,0.9505394000413604,0.9175790695993411,0.025470001780594585,0.036090338222748874,0.023757427860250556,0.037510752865532404,0.00023317031779450392,0.008819839312377675,1.0,1.0
2021-07-02,2021-07-01,0,group_weighted_multinomial_logistic_gam,0.9505394000413604,0.9254724614085783,0.025470001780594585,0.034043157555031615,0.023757427860250556,0.03271305736858251,0.00023317031779450392,0.00777132366780758,1.0,1.0
2021-07-06,2021-07-02,0,group_weighted_multinomial_logistic_gam,0.9505394000413604,0.9353971711766135,0.025470001780594585,0.0277496182276783,0.023757427860250556,0.030350632180111956,0.00023317031779450392,0.006502578415596203,1.0,0.9999999999999999
2021-07-07,2021-07-06,0,group_weighted_multinomial_logistic_gam,0.9505394000413604,0.9213360323087938,0.025470001780594585,0.02911353688032345,0.023757427860250556,0.04158007598953634,0.00023317031779450392,0.00797035482134644,1.0,1.0
2021-07-08,2021-07-07,0,group_weighted_multinomial_logistic_gam,0.9505394000413604,0.9425315386304879,0.025470001780594585,0.024233039845191824,0.023757427860250556,0.02773317232824205,0.00023317031779450392,0.005502249196078332,1.0,1.0
2021-07-09,2021-07-08,0,group_weighted_multinomial_logistic_gam,0.9505394000413604,0.9439933086331851,0.025470001780594585,0.02645266766315087,0.023757427860250556,0.024844807458951308,0.00023317031779450392,0.004709216244712778,1.0,1.0000000000000002
2021-07-12,2021-07-09,0,group_weighted_multinomial_logistic_gam,0.9505394000413604,0.9550114613033733,0.025470001780594585,0.02244178339602481,0.023757427860250556,0.018817307313480348,0.00023317031779450392,0.0037294479871215896,1.0,1.0
2021-07-13,2021-07-12,0,group_weighted_multinomial_logistic_gam,0.9505394000413604,0.9527139146136752,0.025470001780594585,0.02158890951721445,0.023757427860250556,0.021968002474534867,0.00023317031779450392,0.0037291733945756496,1.0,1.0000000000000002
2021-07-14,2021-07-13,0,group_weighted_multinomial_logistic_gam,0.9505394000413604,0.9554081741861917,0.025470001780594585,0.022667288628357127,0.023757427860250556,0.018679587848458638,0.00023317031779450392,0.003244949336992722,1.0,1.0000000000000002
2021-07-15,2021-07-14,0,group_weighted_multinomial_logistic_gam,0.9505394000413604,0.9553484652783573,0.025470001780594585,0.018330867746124573,0.023757427860250556,0.022654090363845265,0.00023317031779450392,0.00366657661167284,1.0,0.9999999999999999
2021-07-16,2021-07-15,0,group_weighted_multinomial_logistic_gam,0.9505394000413604,0.9570067876473479,0.025470001780594585,0.018331434104502185,0.023757427860250556,0.021374654020558086,0.00023317031779450392,0.0032871242275917213,1.0,0.9999999999999999
2021-07-19,2021-07-16,0,group_weighted_multinomial_logistic_gam,0.9505394000413604,0.9595026824270092,0.025470001780594585,0.01987764376629732,0.023757427860250556,0.01786317805590733,0.00023317031779450392,0.002756495750786269,1.0,1.0
2021-07-20,2021-07-19,2,group_weighted_multinomial_logistic_gam,0.06274939193076978,0.13949383971920967,9.761755794767467e-34,0.0661282018010946,0.9124496868848444,0.6994939425865575,0.02480092118438586,0.094884015893138,1.0,0.9999999999999998
2021-07-21,2021-07-20,2,group_weighted_multinomial_logistic_gam,0.06274939193076978,0.1868103789722216,9.761755794767467e-34,0.051195816412663124,0.9124496868848444,0.702400565514056,0.02480092118438586,0.05959323910105921,1.0,1.0
2021-07-22,2021-07-21,2,group_weighted_multinomial_logistic_gam,0.06274939193076978,0.15118059182042992,9.761755794767467e-34,0.03987213189685077,0.9124496868848444,0.7589804825860721,0.02480092118438586,0.04996679369664733,1.0,1.0
2021-07-23,2021-07-22,2,group_weighted_multinomial_logistic_gam,0.06274939193076978,0.0990460335844584,9.761755794767467e-34,0.02223407541338407,0.9124496868848444,0.8393637364905544,0.02480092118438586,0.039356154511603125,1.0,1.0
2021-07-26,2021-07-23,2,group_weighted_multinomial_logistic_gam,0.06274939193076978,0.08494005265798116,9.761755794767467e-34,0.017878978278364373,0.9124496868848444,0.8650846531560508,0.02480092118438586,0.03209631590760368,1.0,0.9999999999999999
2021-07-27,2021-07-26,2,group_weighted_multinomial_logistic_gam,0.06274939193076978,0.07173912441677346,9.761755794767467e-34,0.014964107746726895,0.9124496868848444,0.8851627871924579,0.02480092118438586,0.02813398064404178,1.0,1.0
2021-07-28,2021-07-27,2,group_weighted_multinomial_logistic_gam,0.06274939193076978,0.05550970264978198,9.761755794767467e-34,0.011716410940486652,0.9124496868848444,0.9048397558397265,0.02480092118438586,0.02793413057000484,1.0,1.0
2021-07-29,2021-07-28,2,group_weighted_multinomial_logistic_gam,0.06274939193076978,0.05622930118032817,9.761755794767467e-34,0.010536554790839547,0.9124496868848444,0.9099984674444728,0.02480092118438586,0.02323567658435957,1.0,1.0
2021-07-30,2021-07-29,0,group_weighted_multinomial_logistic_gam,0.9505394000413604,0.7810241404025516,0.025470001780594585,0.09294786267126048,0.023757427860250556,0.09282539338010688,0.00023317031779450392,0.03320260354608086,1.0,0.9999999999999998
2021-08-02,2021-07-30,0,group_weighted_multinomial_logistic_gam,0.9505394000413604,0.8239601233429704,0.025470001780594585,0.07105390873646536,0.023757427860250556,0.0811836889869243,0.00023317031779450392,0.02380227893363978,1.0,0.9999999999999998
2021-08-03,2021-08-02,0,group_weighted_multinomial_logistic_gam,0.9505394000413604,0.8621170129030628,0.025470001780594585,0.05318033458213539,0.023757427860250556,0.06672717163050186,0.00023317031779450392,0.01797548088429992,1.0,1.0
2021-08-04,2021-08-03,0,group_weighted_multinomial_logistic_gam,0.9505394000413604,0.8975187388552818,0.025470001780594585,0.04254831201084803,0.023757427860250556,0.04782241927493662,0.00023317031779450392,0.012110529858933466,1.0,0.9999999999999999
2021-08-05,2021-08-04,0,group_weighted_multinomial_logistic_gam,0.9505394000413604,0.9018293773193176,0.025470001780594585,0.04235514403708134,0.023757427860250556,0.04510161352201152,0.00023317031779450392,0.010713865121589635,1.0,1.0
2021-08-06,2021-08-05,0,group_weighted_multinomial_logistic_gam,0.9505394000413604,0.9289470969621643,0.025470001780594585,0.03455710119624718,0.023757427860250556,0.029056481795433013,0.00023317031779450392,0.007439320046155578,1.0,1.0
2021-08-09,2021-08-06,0,group_weighted_multinomial_logistic_gam,0.9505394000413604,0.9235157857863491,0.025470001780594585,0.03815519932233987,0.023757427860250556,0.030786306272926785,0.00023317031779450392,0.007542708618384404,1.0,1.0000000000000002
2021-08-10,2021-08-09,0,group_weighted_multinomial_logistic_gam,0.9505394000413604,0.9262263359844196,0.025470001780594585,0.03369554492518139,0.023757427860250556,0.03299829879871683,0.00023317031779450392,0.007079820291682244,1.0,1.0
2021-08-11,2021-08-10,0,group_weighted_multinomial_logistic_gam,0.9505394000413604,0.9458869391494787,0.025470001780594585,0.026741915639418995,0.023757427860250556,0.022729225304140795,0.00023317031779450392,0.004641919906961499,1.0,1.0
2021-08-12,2021-08-11,0,group_weighted_multinomial_logistic_gam,0.9505394000413604,0.9483301216516634,0.025470001780594585,0.02421804756215033,0.023757427860250556,0.023092718478855013,0.00023317031779450392,0.004359112307331344,1.0,1.0
2021-08-13,2021-08-12,0,group_weighted_multinomial_logistic_gam,0.9505394000413604,0.9511771510860301,0.025470001780594585,0.02226165447013435,0.023757427860250556,0.022555714994745454,0.00023317031779450392,0.004005479449090362,1.0,1.0000000000000002
2021-08-16,2021-08-13,0,group_weighted_multinomial_logistic_gam,0.9505394000413604,0.9521844298563196,0.025470001780594585,0.01927667377806909,0.023757427860250556,0.02426887354273787,0.00023317031779450392,0.004270022822873682,1.0,1.0000000000000002
2021-08-17,2021-08-16,0,group_weighted_multinomial_logistic_gam,0.9505394000413604,0.9538845878590909,0.025470001780594585,0.020160877803346258,0.023757427860250556,0.02232304629050654,0.00023317031779450392,0.003631488047056436,1.0,1.0000000000000002
2021-08-18,2021-08-17,0,group_weighted_multinomial_logistic_gam,0.9505394000413604,0.9520235915178836,0.025470001780594585,0.02320239302695054,0.023757427860250556,0.021105442036711063,0.00023317031779450392,0.0036685734184546334,1.0,0.9999999999999998
2021-08-19,2021-08-18,0,group_weighted_multinomial_logistic_gam,0.9505394000413604,0.9531635003408754,0.025470001780594585,0.021934014209767413,0.023757427860250556,0.02150208738364255,0.00023317031779450392,0.0034003980657146397,1.0,1.0
2021-08-20,2021-08-19,0,group_weighted_multinomial_logistic_gam,0.9505394000413604,0.9547077481171118,0.025470001780594585,0.019414694393207806,0.023757427860250556,0.02226722627216148,0.00023317031779450392,0.0036103312175189113,1.0,0.9999999999999999
2021-08-23,2021-08-20,0,group_weighted_multinomial_logistic_gam,0.9505394000413604,0.9604001861564876,0.025470001780594585,0.01770531507107802,0.023757427860250556,0.018803880609539,0.00023317031779450392,0.003090618162895449,1.0,1.0
2021-08-24,2021-08-23,0,group_weighted_multinomial_logistic_gam,0.9505394000413604,0.9725693434481044,0.025470001780594585,0.013274708987118989,0.023757427860250556,0.01231624953054559,0.00023317031779450392,0.0018396980342309244,1.0,0.9999999999999999
2021-08-25,2021-08-24,0,group_weighted_multinomial_logistic_gam,0.9505394000413604,0.9700337058666748,0.025470001780594585,0.015338983660090842,0.023757427860250556,0.012737220013435675,0.00023317031779450392,0.001890090459798596,1.0,0.9999999999999999
2021-08-26,2021-08-25,0,group_weighted_multinomial_logistic_gam,0.9505394000413604,0.9685911683036634,0.025470001780594585,0.015897209872474446,0.023757427860250556,0.013526534314274731,0.00023317031779450392,0.0019850875095874477,1.0,1.0
2021-08-27,2021-08-26,0,group_weighted_multinomial_logistic_gam,0.9505394000413604,0.9630640655230267,0.025470001780594585,0.01723302070497259,0.023757427860250556,0.017269502771079987,0.00023317031779450392,0.002433411000920609,1.0,0.9999999999999999
2021-08-30,2021-08-27,0,group_weighted_multinomial_logistic_gam,0.9505394000413604,0.972923831507679,0.025470001780594585,0.011838458797815928,0.023757427860250556,0.013500443572235718,0.00023317031779450392,0.0017372661222693916,1.0,1.0
2021-08-31,2021-08-30,0,group_weighted_multinomial_logistic_gam,0.9505394000413604,0.9716781369131385,0.025470001780594585,0.013020489255337586,0.023757427860250556,0.013512208510309785,0.00023317031779450392,0.0017891653212140273,1.0,0.9999999999999999
2021-09-01,2021-08-31,0,group_weighted_multinomial_logistic_gam,0.9505394000413604,0.9700948834900986,0.025470001780594585,0.014900737984441751,0.023757427860250556,0.013197106623299317,0.00023317031779450392,0.0018072719021603096,1.0,1.0
2021-09-02,2021-09-01,0,group_weighted_multinomial_logistic_gam,0.9505394000413604,0.9703787005565755,0.025470001780594585,0.014115255669695443,0.023757427860250556,0.013692127907641035,0.00023317031779450392,0.0018139158660881213,1.0,1.0
2021-09-03,2021-09-02,0,group_weighted_multinomial_logistic_gam,0.9505394000413604,0.9742068428414932,0.025470001780594585,0.012280181572387163,0.023757427860250556,0.011936934935358863,0.00023317031779450392,0.001576040650760719,1.0,0.9999999999999999
2021-09-07,2021-09-03,0,group_weighted_multinomial_logistic_gam,0.9505394000413604,0.971395877791515,0.025470001780594585,0.014626429240978657,0.023757427860250556,0.012320221799586186,0.00023317031779450392,0.0016574711679200303,1.0,0.9999999999999999
2021-09-08,2021-09-07,0,group_weighted_multinomial_logistic_gam,0.9505394000413604,0.9690373034155084,0.025470001780594585,0.01564967138781947,0.023757427860250556,0.01351102150949356,0.00023317031779450392,0.0018020036871785675,1.0,1.0
2021-09-09,2021-09-08,0,group_weighted_multinomial_logistic_gam,0.9505394000413604,0.9736036368841875,0.025470001780594585,0.012357077489227764,0.023757427860250556,0.012506745289258804,0.00023317031779450392,0.0015325403373259365,1.0,1.0
2021-09-10,2021-09-09,0,group_weighted_multinomial_logistic_gam,0.9505394000413604,0.9716901484274627,0.025470001780594585,0.011926103099407205,0.023757427860250556,0.014715303313679769,0.00023317031779450392,0.0016684451594506148,1.0,1.0000000000000002
2021-09-13,2021-09-10,0,group_weighted_multinomial_logistic_gam,0.9505394000413604,0.9754268117408073,0.025470001780594585,0.013185780813189623,0.023757427860250556,0.01012519277214507,0.00023317031779450392,0.00126221467385804,1.0,1.0
2021-09-14,2021-09-13,0,group_weighted_multinomial_logistic_gam,0.9505394000413604,0.9757981661177348,0.025470001780594585,0.01148891892414098,0.023757427860250556,0.011282382286328317,0.00023317031779450392,0.0014305326717956933,1.0,0.9999999999999998
2021-09-15,2021-09-14,0,group_weighted_multinomial_logistic_gam,0.9505394000413604,0.9742328511307098,0.025470001780594585,0.011953864910862559,0.023757427860250556,0.012306127416400756,0.00023317031779450392,0.0015071565420267754,1.0,1.0
2021-09-16,2021-09-15,0,group_weighted_multinomial_logistic_gam,0.9505394000413604,0.9791989851762593,0.025470001780594585,0.010553077069381066,0.023757427860250556,0.00910588150394695,0.00023317031779450392,0.0011420562504127604,1.0,1.0
2021-09-17,2021-09-16,0,group_weighted_multinomial_logistic_gam,0.9505394000413604,0.9744411289508538,0.025470001780594585,0.012955854815077498,0.023757427860250556,0.011219615913623556,0.00023317031779450392,0.0013834003204451122,1.0,1.0
2021-09-20,2021-09-17,0,group_weighted_multinomial_logistic_gam,0.9505394000413604,0.9729627910201198,0.025470001780594585,0.014051301750253173,0.023757427860250556,0.011568531009185399,0.00023317031779450392,0.0014173762204414255,1.0,0.9999999999999999
2021-09-21,2021-09-20,0,group_weighted_multinomial_logistic_gam,0.9505394000413604,0.9683603961518662,0.025470001780594585,0.014633956362329633,0.023757427860250556,0.015170469543260895,0.00023317031779450392,0.00183517794254305,1.0,0.9999999999999998
2021-09-22,2021-09-21,0,group_weighted_multinomial_logistic_gam,0.9505394000413604,0.9780227300301966,0.025470001780594585,0.010927693835696327,0.023757427860250556,0.009924425691053855,0.00023317031779450392,0.0011251504430531795,1.0,1.0
2021-09-23,2021-09-22,0,group_weighted_multinomial_logistic_gam,0.9505394000413604,0.9809913113763186,0.025470001780594585,0.009342849898339115,0.023757427860250556,0.00858943726007236,0.00023317031779450392,0.0010764014652698947,1.0,0.9999999999999999
2021-09-24,2021-09-23,2,group_weighted_multinomial_logistic_gam,0.06274939193076978,0.2591874147182858,9.761755794767467e-34,0.10233979736273585,0.9124496868848444,0.5518308131482232,0.02480092118438586,0.08664197477075515,1.0,1.0
2021-09-27,2021-09-24,2,group_weighted_multinomial_logistic_gam,0.06274939193076978,0.16212060666682354,9.761755794767467e-34,0.06069457683246186,0.9124496868848444,0.7109585837352645,0.02480092118438586,0.06622623276544991,1.0,0.9999999999999999
2021-09-28,2021-09-27,0,group_weighted_multinomial_logistic_gam,0.9505394000413604,0.7550607849315345,0.025470001780594585,0.10606064789364808,0.023757427860250556,0.10167586940211772,0.00023317031779450392,0.03720269777269985,1.0,1.0000000000000002
2021-09-29,2021-09-28,2,group_weighted_multinomial_logistic_gam,0.06274939193076978,0.1935625984352147,9.761755794767467e-34,0.11832137331753952,0.9124496868848444,0.6023164221339139,0.02480092118438586,0.08579960611333197,1.0,1.0
2021-09-30,2021-09-29,0,group_weighted_multinomial_logistic_gam,0.9505394000413604,0.7570848535576898,0.025470001780594585,0.09455443700136361,0.023757427860250556,0.11013215732885714,0.00023317031779450392,0.03822855211208944,1.0,1.0
2021-10-01,2021-09-30,0,group_weighted_multinomial_logistic_gam,0.9505394000413604,0.8195049623396599,0.025470001780594585,0.08048722992870637,0.023757427860250556,0.07661660771055417,0.00023317031779450392,0.0233912000210794,1.0,0.9999999999999998
2021-10-04,2021-10-01,0,group_weighted_multinomial_logistic_gam,0.9505394000413604,0.8852752994096881,0.025470001780594585,0.04543123042538229,0.023757427860250556,0.05402511321573948,0.00023317031779450392,0.015268356949190315,1.0,1.0000000000000002
2021-10-05,2021-10-04,0,group_weighted_multinomial_logistic_gam,0.9505394000413604,0.89373873361663,0.025470001780594585,0.05128430480477564,0.023757427860250556,0.043781484753463044,0.00023317031779450392,0.011195476825131102,1.0,0.9999999999999998
2021-10-06,2021-10-05,0,group_weighted_multinomial_logistic_gam,0.9505394000413604,0.919018735479634,0.025470001780594585,0.03779471406799273,0.023757427860250556,0.03448107585792807,0.00023317031779450392,0.008705474594445133,1.0,0.9999999999999999
2021-10-07,2021-10-06,0,group_weighted_multinomial_logistic_gam,0.9505394000413604,0.9112582076108969,0.025470001780594585,0.037890241533220195,0.023757427860250556,0.040685360397466966,0.00023317031779450392,0.010166190458415892,1.0,1.0
2021-10-08,2021-10-07,0,group_weighted_multinomial_logistic_gam,0.9505394000413604,0.939289929643342,0.025470001780594585,0.028696799312997432,0.023757427860250556,0.026321042397491414,0.00023317031779450392,0.00569222864616925,1.0,1.0
2021-10-12,2021-10-08,0,group_weighted_multinomial_logistic_gam,0.9505394000413604,0.9344804353783405,0.025470001780594585,0.03239755178645231,0.023757427860250556,0.027223107146559216,0.00023317031779450392,0.005898905688647963,1.0,0.9999999999999999
2021-10-13,2021-10-12,0,group_weighted_multinomial_logistic_gam,0.9505394000413604,0.9366413242733375,0.025470001780594585,0.028497098818457873,0.023757427860250556,0.02868048768076776,0.00023317031779450392,0.006181089227437101,1.0,1.0000000000000002
2021-10-14,2021-10-13,0,group_weighted_multinomial_logistic_gam,0.9505394000413604,0.9498763202646461,0.025470001780594585,0.02063719505495616,0.023757427860250556,0.02515351555678326,0.00023317031779450392,0.004332969123614654,1.0,1.0000000000000002
2021-10-15,2021-10-14,0,group_weighted_multinomial_logistic_gam,0.9505394000413604,0.9604410913933757,0.025470001780594585,0.01666666589325705,0.023757427860250556,0.019519849764210076,0.00023317031779450392,0.0033723929491570512,1.0,0.9999999999999999
2021-10-18,2021-10-15,0,group_weighted_multinomial_logistic_gam,0.9505394000413604,0.9572552617384508,0.025470001780594585,0.021141919614517227,0.023757427860250556,0.018135199055533995,0.00023317031779450392,0.003467619591498063,1.0,1.0
2021-10-19,2021-10-18,0,group_weighted_multinomial_logistic_gam,0.9505394000413604,0.9524432639396987,0.025470001780594585,0.022027438048479904,0.023757427860250556,0.0214567229891522,0.00023317031779450392,0.004072575022669244,1.0,1.0000000000000002
2021-10-20,2021-10-19,0,group_weighted_multinomial_logistic_gam,0.9505394000413604,0.9590172134658226,0.025470001780594585,0.020401666166537685,0.023757427860250556,0.017450359003656706,0.00023317031779450392,0.003130761363983237,1.0,1.0000000000000002
2021-10-21,2021-10-20,0,group_weighted_multinomial_logistic_gam,0.9505394000413604,0.9610112174143904,0.025470001780594585,0.019165579251596926,0.023757427860250556,0.0170391588395127,0.00023317031779450392,0.0027840444944999304,1.0,1.0
2021-10-22,2021-10-21,0,group_weighted_multinomial_logistic_gam,0.9505394000413604,0.9555590382800169,0.025470001780594585,0.020421738657247317,0.023757427860250556,0.0206642365198854,0.00023317031779450392,0.003354986542850516,1.0,1.0
2021-10-25,2021-10-22,0,group_weighted_multinomial_logistic_gam,0.9505394000413604,0.9623736131987842,0.025470001780594585,0.01675184059764131,0.023757427860250556,0.018044372651787727,0.00023317031779450392,0.002830173551786871,1.0,1.0000000000000002
2021-10-26,2021-10-25,0,group_weighted_multinomial_logistic_gam,0.9505394000413604,0.9672516606924831,0.025470001780594585,0.015343712689795523,0.023757427860250556,0.015223929123050655,0.00023317031779450392,0.0021806974946707697,1.0,1.0000000000000002
2021-10-27,2021-10-26,0,group_weighted_multinomial_logistic_gam,0.9505394000413604,0.9662480494883571,0.025470001780594585,0.0146796914365176,0.023757427860250556,0.016737536049011976,0.00023317031779450392,0.002334723026113344,1.0,1.0
2021-10-28,2021-10-27,0,group_weighted_multinomial_logistic_gam,0.9505394000413604,0.9625050400283727,0.025470001780594585,0.014411501520347713,0.023757427860250556,0.020373258159706437,0.00023317031779450392,0.0027102002915732133,1.0,1.0000000000000002
2021-10-29,2021-10-28,0,group_weighted_multinomial_logistic_gam,0.9505394000413604,0.9687724161940754,0.025470001780594585,0.016011916500527856,0.023757427860250556,0.01287756006094072,0.00023317031779450392,0.002338107244455989,1.0,1.0
2021-11-01,2021-10-29,0,group_weighted_multinomial_logistic_gam,0.9505394000413604,0.9667751925661479,0.025470001780594585,0.01606943693196754,0.023757427860250556,0.014856912832397958,0.00023317031779450392,0.0022984576694866287,1.0,1.0
2021-11-02,2021-11-01,0,group_weighted_multinomial_logistic_gam,0.9505394000413604,0.9696697334187843,0.025470001780594585,0.015877164675355045,0.023757427860250556,0.012494910214683071,0.00023317031779450392,0.0019581916911774306,1.0,0.9999999999999998
2021-11-03,2021-11-02,0,group_weighted_multinomial_logistic_gam,0.9505394000413604,0.9712359621884967,0.025470001780594585,0.01319597778879379,0.023757427860250556,0.0137732091326356,0.00023317031779450392,0.001794850890073829,1.0,0.9999999999999999
2021-11-04,2021-11-03,0,group_weighted_multinomial_logistic_gam,0.9505394000413604,0.9677488403788479,0.025470001780594585,0.014741787722262131,0.023757427860250556,0.015493964208079072,0.00023317031779450392,0.002015407690811091,1.0,1.0
2021-11-05,2021-11-04,0,group_weighted_multinomial_logistic_gam,0.9505394000413604,0.9708761512683327,0.025470001780594585,0.011691051750456764,0.023757427860250556,0.015613702394422474,0.00023317031779450392,0.0018190945867879265,1.0,1.0
2021-11-08,2021-11-05,0,group_weighted_multinomial_logistic_gam,0.9505394000413604,0.976717758232203,0.025470001780594585,0.009846700241709047,0.023757427860250556,0.011980668321501069,0.00023317031779450392,0.001454873204587059,1.0,1.0000000000000002
2021-11-09,2021-11-08,0,group_weighted_multinomial_logistic_gam,0.9505394000413604,0.9739311595396599,0.025470001780594585,0.012614705860651663,0.023757427860250556,0.01199275252025407,0.00023317031779450392,0.0014613820794343241,1.0,1.0
2021-11-10,2021-11-09,0,group_weighted_multinomial_logistic_gam,0.9505394000413604,0.9737954275637595,0.025470001780594585,0.0116984953703624,0.023757427860250556,0.012938232353745124,0.00023317031779450392,0.001567844712132899,1.0,0.9999999999999999
2021-11-12,2021-11-10,2,group_weighted_multinomial_logistic_gam,0.06274939193076978,0.2025625026430532,9.761755794767467e-34,0.1130523898043994,0.9124496868848444,0.5935879306790133,0.02480092118438586,0.09079717687353409,1.0,1.0
2021-11-15,2021-11-12,2,group_weighted_multinomial_logistic_gam,0.06274939193076978,0.16423643339352106,9.761755794767467e-34,0.05614175452820008,0.9124496868848444,0.7139691942149967,0.02480092118438586,0.06565261786328207,1.0,0.9999999999999999
2021-11-16,2021-11-15,2,group_weighted_multinomial_logistic_gam,0.06274939193076978,0.12182826386155238,9.761755794767467e-34,0.03952002164784343,0.9124496868848444,0.7885945950172684,0.02480092118438586,0.050057119473335944,1.0,1.0000000000000002
2021-11-17,2021-11-16,2,group_weighted_multinomial_logistic_gam,0.06274939193076978,0.09866826476085819,9.761755794767467e-34,0.026885945940921904,0.9124496868848444,0.8306434019021526,0.02480092118438586,0.04380238739606732,1.0,1.0
2021-11-18,2021-11-17,0,group_weighted_multinomial_logistic_gam,0.9505394000413604,0.7264306619224444,0.025470001780594585,0.10077641405896279,0.023757427860250556,0.12783263558003385,0.00023317031779450392,0.04496028843855895,1.0,1.0
2021-11-19,2021-11-18,0,group_weighted_multinomial_logistic_gam,0.9505394000413604,0.8397883201092856,0.025470001780594585,0.06447332998399662,0.023757427860250556,0.07357883883547017,0.00023317031779450392,0.02215951107124762,1.0,1.0
2021-11-22,2021-11-19,0,group_weighted_multinomial_logistic_gam,0.9505394000413604,0.8618660425465988,0.025470001780594585,0.054009060375346904,0.023757427860250556,0.0653161191880514,0.00023317031779450392,0.018808777890002824,1.0,0.9999999999999999
2021-11-23,2021-11-22,0,group_weighted_multinomial_logistic_gam,0.9505394000413604,0.8876137301566979,0.025470001780594585,0.058139420627775815,0.023757427860250556,0.04067332758598816,0.00023317031779450392,0.013573521629538178,1.0,1.0
2021-11-24,2021-11-23,0,group_weighted_multinomial_logistic_gam,0.9505394000413604,0.9039130622320493,0.025470001780594585,0.050933417074877134,0.023757427860250556,0.034177155992976646,0.00023317031779450392,0.01097636470009692,1.0,0.9999999999999999
2021-11-26,2021-11-24,0,group_weighted_multinomial_logistic_gam,0.9505394000413604,0.9184724469524652,0.025470001780594585,0.03255260995490564,0.023757427860250556,0.039485977058859034,0.00023317031779450392,0.009488966033770174,1.0,1.0
2021-11-29,2021-11-26,3,group_weighted_multinomial_logistic_gam,3.588076004044579e-58,0.118546606962972,0.040768212481828964,0.12001777738041033,0.1494489951407803,0.34902984996535025,0.8097827923773908,0.4124057656912675,1.0,1.0
2021-11-30,2021-11-29,2,group_weighted_multinomial_logistic_gam,0.06274939193076978,0.2550678111567171,9.761755794767467e-34,0.0877701314600689,0.9124496868848444,0.5768284875780861,0.02480092118438586,0.08033356980512786,1.0,1.0
2021-12-01,2021-11-30,2,group_weighted_multinomial_logistic_gam,0.06274939193076978,0.10446861354115615,9.761755794767467e-34,0.0407547541269081,0.9124496868848444,0.7934231113555994,0.02480092118438586,0.06135352097633648,1.0,1.0000000000000002
2021-12-02,2021-12-01,2,group_weighted_multinomial_logistic_gam,0.06274939193076978,0.11723226415820957,9.761755794767467e-34,0.03376345286111759,0.9124496868848444,0.8031145694501571,0.02480092118438586,0.045889713530515595,1.0,1.0
2021-12-03,2021-12-02,2,group_weighted_multinomial_logistic_gam,0.06274939193076978,0.10513396735933353,9.761755794767467e-34,0.021536381926213027,0.9124496868848444,0.8349343291768052,0.02480092118438586,0.03839532153764825,1.0,1.0
2021-12-06,2021-12-03,2,group_weighted_multinomial_logistic_gam,0.06274939193076978,0.07559982458324135,9.761755794767467e-34,0.015464011084625421,0.9124496868848444,0.8785529500834185,0.02480092118438586,0.03038321424871475,1.0,1.0
2021-12-07,2021-12-06,2,group_weighted_multinomial_logistic_gam,0.06274939193076978,0.09003691534863878,9.761755794767467e-34,0.017310009709069395,0.9124496868848444,0.8611974770464402,0.02480092118438586,0.03145559789585174,1.0,1.0000000000000002
2021-12-08,2021-12-07,2,group_weighted_multinomial_logistic_gam,0.06274939193076978,0.08415141500508636,9.761755794767467e-34,0.012098985721265224,0.9124496868848444,0.8779680406644316,0.02480092118438586,0.025781558609216985,1.0,1.0000000000000002
2021-12-09,2021-12-08,2,group_weighted_multinomial_logistic_gam,0.06274939193076978,0.06483318364401222,9.761755794767467e-34,0.012940679831876196,0.9124496868848444,0.8967545846813694,0.02480092118438586,0.025471551842742284,1.0,1.0
2021-12-10,2021-12-09,2,group_weighted_multinomial_logistic_gam,0.06274939193076978,0.0460724652508586,9.761755794767467e-34,0.009289434643825093,0.9124496868848444,0.9212986894887631,0.02480092118438586,0.023339410616553136,1.0,0.9999999999999999
2021-12-13,2021-12-10,2,group_weighted_multinomial_logistic_gam,0.06274939193076978,0.051551791156229876,9.761755794767467e-34,0.00831552014253947,0.9124496868848444,0.9185665797040597,0.02480092118438586,0.021566108997171124,1.0,1.0000000000000002
2021-12-14,2021-12-13,2,group_weighted_multinomial_logistic_gam,0.06274939193076978,0.03596163914477679,9.761755794767467e-34,0.00610088363182164,0.9124496868848444,0.9388915616635508,0.02480092118438586,0.019045915559850718,1.0,0.9999999999999999
2021-12-15,2021-12-14,2,group_weighted_multinomial_logistic_gam,0.06274939193076978,0.038705558906046635,9.761755794767467e-34,0.00741217431394897,0.9124496868848444,0.9345442105541543,0.02480092118438586,0.019338056225850175,1.0,1.0
2021-12-16,2021-12-15,2,group_weighted_multinomial_logistic_gam,0.06274939193076978,0.039549988062997164,9.761755794767467e-34,0.005921201071199803,0.9124496868848444,0.9362048827396274,0.02480092118438586,0.018323928126175656,1.0,1.0
2021-12-17,2021-12-16,0,group_weighted_multinomial_logistic_gam,0.9505394000413604,0.7667062958235503,0.025470001780594585,0.09643206961734876,0.023757427860250556,0.10398916604657459,0.00023317031779450392,0.032872468512526204,1.0,0.9999999999999999
2021-12-20,2021-12-17,0,group_weighted_multinomial_logistic_gam,0.9505394000413604,0.8005227534595937,0.025470001780594585,0.07850618831777569,0.023757427860250556,0.09161191006502409,0.00023317031779450392,0.02935914815760663,1.0,1.0
2021-12-21,2021-12-20,2,group_weighted_multinomial_logistic_gam,0.06274939193076978,0.19532985582251555,9.761755794767467e-34,0.09992731779409927,0.9124496868848444,0.6222485996730934,0.02480092118438586,0.08249422671029169,1.0,1.0
2021-12-22,2021-12-21,2,group_weighted_multinomial_logistic_gam,0.06274939193076978,0.19581377195630684,9.761755794767467e-34,0.049296240824390936,0.9124496868848444,0.6957803085968205,0.02480092118438586,0.05910967862248171,1.0,1.0
2021-12-23,2021-12-22,0,group_weighted_multinomial_logistic_gam,0.9505394000413604,0.7815619894062411,0.025470001780594585,0.08223413463198427,0.023757427860250556,0.10123235746377651,0.00023317031779450392,0.03497151849799809,1.0,0.9999999999999999
2021-12-27,2021-12-23,0,group_weighted_multinomial_logistic_gam,0.9505394000413604,0.8466738939606117,0.025470001780594585,0.06810568259450983,0.023757427860250556,0.06445884105271718,0.00023317031779450392,0.020761582392161262,1.0,0.9999999999999999
2021-12-28,2021-12-27,0,group_weighted_multinomial_logistic_gam,0.9505394000413604,0.888027906797401,0.025470001780594585,0.044732862620395705,0.023757427860250556,0.05273087149525617,0.00023317031779450392,0.014508359086947059,1.0,0.9999999999999998
2021-12-29,2021-12-28,0,group_weighted_multinomial_logistic_gam,0.9505394000413604,0.8963992584948695,0.025470001780594585,0.045395402619376864,0.023757427860250556,0.04689039267419319,0.00023317031779450392,0.011314946211560595,1.0,1.0
2021-12-30,2021-12-29,0,group_weighted_multinomial_logistic_gam,0.9505394000413604,0.9132174356175676,0.025470001780594585,0.04091244698001077,0.023757427860250556,0.037005141081169146,0.00023317031779450392,0.008864976321252561,1.0,1.0
2021-12-31,2021-12-30,0,group_weighted_multinomial_logistic_gam,0.9505394000413604,0.9188824958213856,0.025470001780594585,0.032879002475718976,0.023757427860250556,0.04007463238044307,0.00023317031779450392,0.008163869322452449,1.0,1.0
2022-01-03,2021-12-31,0,group_weighted_multinomial_logistic_gam,0.9505394000413604,0.9244909841268865,0.025470001780594585,0.03266849172006596,0.023757427860250556,0.035183290500189715,0.00023317031779450392,0.0076572336528578115,1.0,1.0
2022-01-04,2022-01-03,2,group_weighted_multinomial_logistic_gam,0.06274939193076978,0.2482744491374433,9.761755794767467e-34,0.11052916555222578,0.9124496868848444,0.5503073359692987,0.02480092118438586,0.09088904934103222,1.0,1.0
2022-01-05,2022-01-04,2,group_weighted_multinomial_logistic_gam,0.06274939193076978,0.17110805825623013,9.761755794767467e-34,0.05883231705337004,0.9124496868848444,0.7063959012768691,0.02480092118438586,0.06366372341353067,1.0,1.0
2022-01-06,2022-01-05,2,group_weighted_multinomial_logistic_gam,0.06274939193076978,0.11933711579995877,9.761755794767467e-34,0.04460446611956637,0.9124496868848444,0.7844153820238864,0.02480092118438586,0.05164303605658852,1.0,1.0
2022-01-07,2022-01-06,2,group_weighted_multinomial_logistic_gam,0.06274939193076978,0.09213297589343841,9.761755794767467e-34,0.03028977055755576,0.9124496868848444,0.8260753656892027,0.02480092118438586,0.05150188785980323,1.0,1.0
2022-01-10,2022-01-07,2,group_weighted_multinomial_logistic_gam,0.06274939193076978,0.08239395060829506,9.761755794767467e-34,0.022033354674710338,0.9124496868848444,0.8600240472683535,0.02480092118438586,0.03554864744864107,1.0,0.9999999999999999
2022-01-11,2022-01-10,2,group_weighted_multinomial_logistic_gam,0.06274939193076978,0.06327938582173312,9.761755794767467e-34,0.016697995596557373,0.9124496868848444,0.8856517892599779,0.02480092118438586,0.034370829321731626,1.0,1.0
2022-01-12,2022-01-11,2,group_weighted_multinomial_logistic_gam,0.06274939193076978,0.07002162222491487,9.761755794767467e-34,0.011111765339151208,0.9124496868848444,0.8934402557676259,0.02480092118438586,0.02542635666830824,1.0,1.0000000000000002
2022-01-13,2022-01-12,2,group_weighted_multinomial_logistic_gam,0.06274939193076978,0.06556863072344175,9.761755794767467e-34,0.012000766394892295,0.9124496868848444,0.8966413869095649,0.02480092118438586,0.02578921597210109,1.0,0.9999999999999999
2022-01-14,2022-01-13,2,group_weighted_multinomial_logistic_gam,0.06274939193076978,0.0416742447187589,9.761755794767467e-34,0.009329451793743953,0.9124496868848444,0.9256701783450649,0.02480092118438586,0.023326125142432222,1.0,1.0
2022-01-18,2022-01-14,0,group_weighted_multinomial_logistic_gam,0.9505394000413604,0.7346753478879121,0.025470001780594585,0.12523503178840675,0.023757427860250556,0.09587280704743056,0.00023317031779450392,0.0442168132762505,1.0,0.9999999999999999
2022-01-19,2022-01-18,2,group_weighted_multinomial_logistic_gam,0.06274939193076978,0.20792198050133912,9.761755794767467e-34,0.13234770846340652,0.9124496868848444,0.5653996023479165,0.02480092118438586,0.09433070868733778,1.0,1.0
2022-01-20,2022-01-19,1,group_weighted_multinomial_logistic_gam,0.08634199045392929,0.2900702048184846,0.9080779360501346,0.5434033096157203,1.3537108067951995e-76,0.10751270959674611,0.005580073495936052,0.059013775969049075,1.0,1.0
2022-01-21,2022-01-20,1,group_weighted_multinomial_logistic_gam,0.08634199045392929,0.19390163774158148,0.9080779360501346,0.7052602219985127,1.3537108067951995e-76,0.06115777162351672,0.005580073495936052,0.03968036863638899,1.0,0.9999999999999999
2022-01-24,2022-01-21,1,group_weighted_multinomial_logistic_gam,0.08634199045392929,0.14749693458970456,0.9080779360501346,0.7763658523339669,1.3537108067951995e-76,0.04624792842931215,0.005580073495936052,0.02988928464701628,1.0,0.9999999999999999
2022-01-25,2022-01-24,1,group_weighted_multinomial_logistic_gam,0.08634199045392929,0.10840848144499496,0.9080779360501346,0.8433607839863462,1.3537108067951995e-76,0.025572867470102695,0.005580073495936052,0.02265786709855624,1.0,1.0
2022-01-26,2022-01-25,1,group_weighted_multinomial_logistic_gam,0.08634199045392929,0.09593277256934744,0.9080779360501346,0.8713550040891926,1.3537108067951995e-76,0.017210479201732225,0.005580073495936052,0.015501744139727741,1.0,1.0
2022-01-27,2022-01-26,1,group_weighted_multinomial_logistic_gam,0.08634199045392929,0.08795318825156095,0.9080779360501346,0.8865550528523117,1.3537108067951995e-76,0.012462500761430075,0.005580073495936052,0.01302925813469733,1.0,1.0
2022-01-28,2022-01-27,2,group_weighted_multinomial_logistic_gam,0.06274939193076978,0.19513899444399999,9.761755794767467e-34,0.07697723013885,0.9124496868848444,0.6381855199520825,0.02480092118438586,0.08969825546506742,1.0,0.9999999999999999
2022-01-31,2022-01-28,2,group_weighted_multinomial_logistic_gam,0.06274939193076978,0.17141066920691594,9.761755794767467e-34,0.04512427961212179,0.9124496868848444,0.7197201582473207,0.02480092118438586,0.06374489293364176,1.0,1.0000000000000002
2022-02-01,2022-01-31,2,group_weighted_multinomial_logistic_gam,0.06274939193076978,0.13298142336747654,9.761755794767467e-34,0.030113025613558546,0.9124496868848444,0.7908925710290272,0.02480092118438586,0.046012979989937655,1.0,1.0
2022-02-02,2022-02-01,2,group_weighted_multinomial_logistic_gam,0.06274939193076978,0.10923586014274961,9.761755794767467e-34,0.025464032209588143,0.9124496868848444,0.8237078330041072,0.02480092118438586,0.04159227464355514,1.0,1.0
2022-02-03,2022-02-02,2,group_weighted_multinomial_logistic_gam,0.06274939193076978,0.09189115107081867,9.761755794767467e-34,0.01676050921926356,0.9124496868848444,0.8593553646587985,0.02480092118438586,0.031992975051119324,1.0,1.0
2022-02-04,2022-02-03,2,group_weighted_multinomial_logistic_gam,0.06274939193076978,0.06742462742858232,9.761755794767467e-34,0.022430470130928665,0.9124496868848444,0.875657015012315,0.02480092118438586,0.03448788742817406,1.0,1.0
2022-02-07,2022-02-04,1,group_weighted_multinomial_logistic_gam,0.08634199045392929,0.23574727283077498,0.9080779360501346,0.6210318183606554,1.3537108067951995e-76,0.07839950617766094,0.005580073495936052,0.06482140263090864,1.0,0.9999999999999999
2022-02-08,2022-02-07,1,group_weighted_multinomial_logistic_gam,0.08634199045392929,0.18362206811879928,0.9080779360501346,0.7176005853963482,1.3537108067951995e-76,0.05751768018478388,0.005580073495936052,0.041259666300068644,1.0,1.0
2022-02-09,2022-02-08,0,group_weighted_multinomial_logistic_gam,0.9505394000413604,0.7439307080494946,0.025470001780594585,0.10451768138601233,0.023757427860250556,0.10917249475094323,0.00023317031779450392,0.04237911581354981,1.0,1.0
2022-02-10,2022-02-09,0,group_weighted_multinomial_logistic_gam,0.9505394000413604,0.8604572172037052,0.025470001780594585,0.054257374067184706,0.023757427860250556,0.06588180434042057,0.00023317031779450392,0.01940360438868957,1.0,1.0
2022-02-11,2022-02-10,1,group_weighted_multinomial_logistic_gam,0.08634199045392929,0.20331472994069846,0.9080779360501346,0.6593585893673383,1.3537108067951995e-76,0.07807799643556398,0.005580073495936052,0.059248684256399335,1.0,1.0
2022-02-14,2022-02-11,1,group_weighted_multinomial_logistic_gam,0.08634199045392929,0.1769803219922134,0.9080779360501346,0.7107623361608518,1.3537108067951995e-76,0.0675053934707253,0.005580073495936052,0.04475194837620955,1.0,1.0
2022-02-15,2022-02-14,1,group_weighted_multinomial_logistic_gam,0.08634199045392929,0.12624466085296718,0.9080779360501346,0.8191470855664704,1.3537108067951995e-76,0.028333119814441022,0.005580073495936052,0.02627513376612119,1.0,0.9999999999999998
2022-02-16,2022-02-15,1,group_weighted_multinomial_logistic_gam,0.08634199045392929,0.12900586834513736,0.9080779360501346,0.8184438943868994,1.3537108067951995e-76,0.027519170668421647,0.005580073495936052,0.025031066599541595,1.0,1.0
2022-02-17,2022-02-16,1,group_weighted_multinomial_logistic_gam,0.08634199045392929,0.11251725223737892,0.9080779360501346,0.8501052266224893,1.3537108067951995e-76,0.01933436148272009,0.005580073495936052,0.018043159657411826,1.0,1.0000000000000002
2022-02-18,2022-02-17,1,group_weighted_multinomial_logistic_gam,0.08634199045392929,0.07363604877355671,0.9080779360501346,0.8956700053322427,1.3537108067951995e-76,0.016093359010780326,0.005580073495936052,0.014600586883420327,1.0,1.0
2022-02-22,2022-02-18,1,group_weighted_multinomial_logistic_gam,0.08634199045392929,0.07768128261095465,0.9080779360501346,0.8952444186809125,1.3537108067951995e-76,0.013398350092322962,0.005580073495936052,0.013675948615809902,1.0,1.0
2022-02-23,2022-02-22,1,group_weighted_multinomial_logistic_gam,0.08634199045392929,0.06079425305918735,0.9080779360501346,0.9200257901412334,1.3537108067951995e-76,0.008992965102191764,0.005580073495936052,0.010186991697387283,1.0,0.9999999999999998
2022-02-24,2022-02-23,1,group_weighted_multinomial_logistic_gam,0.08634199045392929,0.04125569992632151,0.9080779360501346,0.94470122184889,1.3537108067951995e-76,0.006179100387950865,0.005580073495936052,0.007863977836837403,1.0,0.9999999999999999
2022-02-25,2022-02-24,3,group_weighted_multinomial_logistic_gam,3.588076004044579e-58,0.17019969354198541,0.040768212481828964,0.1869509571947792,0.1494489951407803,0.2188002993541524,0.8097827923773908,0.424049049909083,1.0,1.0
2022-02-28,2022-02-25,3,group_weighted_multinomial_logistic_gam,3.588076004044579e-58,0.20598498518740402,0.040768212481828964,0.09057945070155914,0.1494489951407803,0.2889643210396488,0.8097827923773908,0.41447124307138805,1.0,1.0
2022-03-01,2022-02-28,3,group_weighted_multinomial_logistic_gam,3.588076004044579e-58,0.07089526205309216,0.040768212481828964,0.0746053307203239,0.1494489951407803,0.18803904868416307,0.8097827923773908,0.6664603585424209,1.0,1.0
2022-03-02,2022-03-01,3,group_weighted_multinomial_logistic_gam,3.588076004044579e-58,0.08942038204125694,0.040768212481828964,0.07940113175099717,0.1494489951407803,0.19622848214540872,0.8097827923773908,0.6349500040623371,1.0,1.0
2022-03-03,2022-03-02,3,group_weighted_multinomial_logistic_gam,3.588076004044579e-58,0.061843928627073774,0.040768212481828964,0.07177230031085412,0.1494489951407803,0.1022741227373635,0.8097827923773908,0.7641096483247086,1.0,1.0
2022-03-04,2022-03-03,2,group_weighted_multinomial_logistic_gam,0.06274939193076978,0.22826737698636262,9.761755794767467e-34,0.08083949198788631,0.9124496868848444,0.611608978570913,0.02480092118438586,0.07928415245483807,1.0,1.0
2022-03-07,2022-03-04,3,group_weighted_multinomial_logistic_gam,3.588076004044579e-58,0.2225145793106203,0.040768212481828964,0.17914380437192148,0.1494489951407803,0.2277290270976376,0.8097827923773908,0.3706125892198206,1.0,1.0
2022-03-08,2022-03-07,3,group_weighted_multinomial_logistic_gam,3.588076004044579e-58,0.12234536751320221,0.040768212481828964,0.17812378628341188,0.1494489951407803,0.21794093449371127,0.8097827923773908,0.4815899117096746,1.0,0.9999999999999999
2022-03-09,2022-03-08,3,group_weighted_multinomial_logistic_gam,3.588076004044579e-58,0.10329463164120971,0.040768212481828964,0.12105118388958211,0.1494489951407803,0.18912203542569864,0.8097827923773908,0.5865321490435095,1.0,0.9999999999999999
2022-03-10,2022-03-09,3,group_weighted_multinomial_logistic_gam,3.588076004044579e-58,0.05314577674408534,0.040768212481828964,0.04773746681725266,0.1494489951407803,0.19070288238468597,0.8097827923773908,0.7084138740539759,1.0,0.9999999999999999
2022-03-11,2022-03-10,3,group_weighted_multinomial_logistic_gam,3.588076004044579e-58,0.05749904241802776,0.040768212481828964,0.07286415134014522,0.1494489951407803,0.15178164977625402,0.8097827923773908,0.717855156465573,1.0,1.0
2022-03-14,2022-03-11,1,group_weighted_multinomial_logistic_gam,0.08634199045392929,0.2741534854128231,0.9080779360501346,0.5686969702682839,1.3537108067951995e-76,0.10232110838623046,0.005580073495936052,0.054828435932662456,1.0,0.9999999999999998
2022-03-15,2022-03-14,1,group_weighted_multinomial_logistic_gam,0.08634199045392929,0.13463801385740073,0.9080779360501346,0.7724859382549013,1.3537108067951995e-76,0.04768621010782621,0.005580073495936052,0.045189837779871726,1.0,1.0
2022-03-16,2022-03-15,1,group_weighted_multinomial_logistic_gam,0.08634199045392929,0.16635492664855014,0.9080779360501346,0.7544067474400606,1.3537108067951995e-76,0.041716453198529894,0.005580073495936052,0.037521872712859304,1.0,1.0
2022-03-17,2022-03-16,3,group_weighted_multinomial_logistic_gam,3.588076004044579e-58,0.2907912175276257,0.040768212481828964,0.11473087542882311,0.1494489951407803,0.2910273667190899,0.8097827923773908,0.30345054032446134,1.0,1.0
2022-03-18,2022-03-17,3,group_weighted_multinomial_logistic_gam,3.588076004044579e-58,0.26816848831608814,0.040768212481828964,0.10637153705486092,0.1494489951407803,0.2755723890980581,0.8097827923773908,0.3498875855309928,1.0,1.0
2022-03-21,2022-03-18,3,group_weighted_multinomial_logistic_gam,3.588076004044579e-58,0.10788681395137026,0.040768212481828964,0.08177172248236175,0.1494489951407803,0.19633567131572877,0.8097827923773908,0.6140057922505392,1.0,1.0
2022-03-22,2022-03-21,3,group_weighted_multinomial_logistic_gam,3.588076004044579e-58,0.08100622678191252,0.040768212481828964,0.09965544405496714,0.1494489951407803,0.13132070393719406,0.8097827923773908,0.6880176252259264,1.0,1.0
2022-03-23,2022-03-22,2,group_weighted_multinomial_logistic_gam,0.06274939193076978,0.23535616822439642,9.761755794767467e-34,0.10112240847356613,0.9124496868848444,0.570878048108023,0.02480092118438586,0.09264337519401455,1.0,1.0
2022-03-24,2022-03-23,1,group_weighted_multinomial_logistic_gam,0.08634199045392929,0.2786225508399877,0.9080779360501346,0.5326017194453295,1.3537108067951995e-76,0.1167716536414462,0.005580073495936052,0.07200407607323656,1.0,1.0
2022-03-25,2022-03-24,1,group_weighted_multinomial_logistic_gam,0.08634199045392929,0.2013197345826569,0.9080779360501346,0.6995409979340727,1.3537108067951995e-76,0.054719937314098646,0.005580073495936052,0.04441933016917182,1.0,1.0
2022-03-28,2022-03-25,1,group_weighted_multinomial_logistic_gam,0.08634199045392929,0.14473452685436966,0.9080779360501346,0.7989153941129854,1.3537108067951995e-76,0.028825414181657242,0.005580073495936052,0.02752466485098758,1.0,0.9999999999999999
2022-03-29,2022-03-28,1,group_weighted_multinomial_logistic_gam,0.08634199045392929,0.12910823947396532,0.9080779360501346,0.8023396318061203,1.3537108067951995e-76,0.03787328884338136,0.005580073495936052,0.030678839876533047,1.0,1.0
2022-03-30,2022-03-29,1,group_weighted_multinomial_logistic_gam,0.08634199045392929,0.14942771128260438,0.9080779360501346,0.7998869111375616,1.3537108067951995e-76,0.028644173674420428,0.005580073495936052,0.02204120390541369,1.0,1.0
2022-03-31,2022-03-30,1,group_weighted_multinomial_logistic_gam,0.08634199045392929,0.10950206104629279,0.9080779360501346,0.8602495751699776,1.3537108067951995e-76,0.016443087602449884,0.005580073495936052,0.013805276181279812,1.0,1.0
2022-04-01,2022-03-31,1,group_weighted_multinomial_logistic_gam,0.08634199045392929,0.05826681089216898,0.9080779360501346,0.9157015149327372,1.3537108067951995e-76,0.012524654049623683,0.005580073495936052,0.013507020125470299,1.0,1.0000000000000002
2022-04-04,2022-04-01,1,group_weighted_multinomial_logistic_gam,0.08634199045392929,0.06779147346610198,0.9080779360501346,0.9113423217908094,1.3537108067951995e-76,0.00912597859696567,0.005580073495936052,0.011740226146123016,1.0,1.0
2022-04-05,2022-04-04,1,group_weighted_multinomial_logistic_gam,0.08634199045392929,0.08511571452763028,0.9080779360501346,0.8971067698440588,1.3537108067951995e-76,0.008967397693390193,0.005580073495936052,0.008810117934920586,1.0,0.9999999999999999
2022-04-06,2022-04-05,1,group_weighted_multinomial_logistic_gam,0.08634199045392929,0.03961107562795533,0.9080779360501346,0.9481025049577966,1.3537108067951995e-76,0.004898714225380796,0.005580073495936052,0.007387705188867482,1.0,1.0000000000000002
2022-04-07,2022-04-06,1,group_weighted_multinomial_logistic_gam,0.08634199045392929,0.03542969794612348,0.9080779360501346,0.9511610456984053,1.3537108067951995e-76,0.005487756975114005,0.005580073495936052,0.007921499380357017,1.0,0.9999999999999999
2022-04-08,2022-04-07,0,group_weighted_multinomial_logistic_gam,0.9505394000413604,0.756936965358512,0.025470001780594585,0.10379532607259126,0.023757427860250556,0.10093404737967447,0.00023317031779450392,0.038333661189222205,1.0,0.9999999999999999
2022-04-11,2022-04-08,1,group_weighted_multinomial_logistic_gam,0.08634199045392929,0.23606134228660522,0.9080779360501346,0.623835269944701,1.3537108067951995e-76,0.0808462786023565,0.005580073495936052,0.05925710916633745,1.0,1.0000000000000002
2022-04-12,2022-04-11,1,group_weighted_multinomial_logistic_gam,0.08634199045392929,0.12553660723519863,0.9080779360501346,0.7879187352935254,1.3537108067951995e-76,0.04712973769593449,0.005580073495936052,0.039414919775341305,1.0,0.9999999999999999
2022-04-13,2022-04-12,1,group_weighted_multinomial_logistic_gam,0.08634199045392929,0.17044262787257017,0.9080779360501346,0.77164014467621,1.3537108067951995e-76,0.03281760535996902,0.005580073495936052,0.02509962209125065,1.0,0.9999999999999998
2022-04-14,2022-04-13,1,group_weighted_multinomial_logistic_gam,0.08634199045392929,0.15185777274888634,0.9080779360501346,0.8008046856945332,1.3537108067951995e-76,0.02494615898138409,0.005580073495936052,0.022391382575196267,1.0,0.9999999999999999
2022-04-18,2022-04-14,1,group_weighted_multinomial_logistic_gam,0.08634199045392929,0.08393324605652859,0.9080779360501346,0.8868224271692728,1.3537108067951995e-76,0.01484596918135036,0.005580073495936052,0.01439835759284826,1.0,1.0000000000000002
2022-04-19,2022-04-18,1,group_weighted_multinomial_logistic_gam,0.08634199045392929,0.0847917576069522,0.9080779360501346,0.8878134956823784,1.3537108067951995e-76,0.013640140621582962,0.005580073495936052,0.013754606089086272,1.0,0.9999999999999999
2022-04-20,2022-04-19,1,group_weighted_multinomial_logistic_gam,0.08634199045392929,0.06392154355124388,0.9080779360501346,0.9088153800711631,1.3537108067951995e-76,0.011295872182021134,0.005580073495936052,0.015967204195571814,1.0,1.0
2022-04-21,2022-04-20,1,group_weighted_multinomial_logistic_gam,0.08634199045392929,0.08583760414960773,0.9080779360501346,0.8841944008935013,1.3537108067951995e-76,0.015144679567684807,0.005580073495936052,0.01482331538920619,1.0,1.0
2022-04-22,2022-04-21,1,group_weighted_multinomial_logistic_gam,0.08634199045392929,0.049758732634665945,0.9080779360501346,0.9344405187890503,1.3537108067951995e-76,0.007520052534228233,0.005580073495936052,0.008280696042055594,1.0,1.0
2022-04-25,2022-04-22,1,group_weighted_multinomial_logistic_gam,0.08634199045392929,0.035902415901087406,0.9080779360501346,0.9503322209494263,1.3537108067951995e-76,0.0061440689665027,0.005580073495936052,0.007621294182983557,1.0,0.9999999999999999
2022-04-26,2022-04-25,1,group_weighted_multinomial_logistic_gam,0.08634199045392929,0.05777771797254792,0.9080779360501346,0.9233971626422723,1.3537108067951995e-76,0.008609026572561329,0.005580073495936052,0.010216092812618411,1.0,1.0
2022-04-27,2022-04-26,1,group_weighted_multinomial_logistic_gam,0.08634199045392929,0.05092131568400445,0.9080779360501346,0.9365570315355941,1.3537108067951995e-76,0.0062810899489571265,0.005580073495936052,0.0062405628314442865,1.0,1.0
2022-04-28,2022-04-27,1,group_weighted_multinomial_logistic_gam,0.08634199045392929,0.04302627240786106,0.9080779360501346,0.94685418013988,1.3537108067951995e-76,0.004180066210054803,0.005580073495936052,0.005939481242204158,1.0,1.0
2022-04-29,2022-04-28,1,group_weighted_multinomial_logistic_gam,0.08634199045392929,0.05262303386908138,0.9080779360501346,0.9350270006497495,1.3537108067951995e-76,0.00504016259459297,0.005580073495936052,0.0073098028865761595,1.0,1.0
2022-05-02,2022-04-29,1,group_weighted_multinomial_logistic_gam,0.08634199045392929,0.024159636456231513,0.9080779360501346,0.9688380796850482,1.3537108067951995e-76,0.002814184370257943,0.005580073495936052,0.004188099488462233,1.0,0.9999999999999999
2022-05-03,2022-05-02,1,group_weighted_multinomial_logistic_gam,0.08634199045392929,0.03278297144343503,0.9080779360501346,0.9597151722971329,1.3537108067951995e-76,0.0023851445357033567,0.005580073495936052,0.005116711723728733,1.0,1.0
2022-05-04,2022-05-03,1,group_weighted_multinomial_logistic_gam,0.08634199045392929,0.042314203882537454,0.9080779360501346,0.9468924852681612,1.3537108067951995e-76,0.004828356998006712,0.005580073495936052,0.005964953851294711,1.0,1.0000000000000002
2022-05-05,2022-05-04,1,group_weighted_multinomial_logistic_gam,0.08634199045392929,0.06719913320384854,0.9080779360501346,0.9227772765481936,1.3537108067951995e-76,0.004484287569299899,0.005580073495936052,0.0055393026786577405,1.0,0.9999999999999998
2022-05-06,2022-05-05,1,group_weighted_multinomial_logistic_gam,0.08634199045392929,0.020425381366414325,0.9080779360501346,0.9745071804352072,1.3537108067951995e-76,0.001919380176701432,0.005580073495936052,0.00314805802167671,1.0,0.9999999999999998
2022-05-09,2022-05-06,1,group_weighted_multinomial_logistic_gam,0.08634199045392929,0.024932475349762305,0.9080779360501346,0.9691503011421887,1.3537108067951995e-76,0.0021860875515584918,0.005580073495936052,0.0037311359564906168,1.0,1.0
2022-05-10,2022-05-09,1,group_weighted_multinomial_logistic_gam,0.08634199045392929,0.019021506723230802,0.9080779360501346,0.9736253523796518,1.3537108067951995e-76,0.0029010060485705528,0.005580073495936052,0.004452134848546959,1.0,1.0
2022-05-11,2022-05-10,1,group_weighted_multinomial_logistic_gam,0.08634199045392929,0.03532962420796988,0.9080779360501346,0.9572284261414749,1.3537108067951995e-76,0.0029569450793918485,0.005580073495936052,0.00448500457116327,1.0,0.9999999999999999
2022-05-12,2022-05-11,1,group_weighted_multinomial_logistic_gam,0.08634199045392929,0.036357516298506275,0.9080779360501346,0.9567983430053226,1.3537108067951995e-76,0.0030017763641748633,0.005580073495936052,0.003842364331996154,1.0,0.9999999999999999
2022-05-13,2022-05-12,1,group_weighted_multinomial_logistic_gam,0.08634199045392929,0.030835276500167787,0.9080779360501346,0.9635929505845652,1.3537108067951995e-76,0.0022333773987287878,0.005580073495936052,0.003338395516538332,1.0,1.0
2022-05-16,2022-05-13,1,group_weighted_multinomial_logistic_gam,0.08634199045392929,0.03574503294439316,0.9080779360501346,0.9588640405332555,1.3537108067951995e-76,0.0020529073359411153,0.005580073495936052,0.0033380191864102126,1.0,0.9999999999999999
2022-05-17,2022-05-16,1,group_weighted_multinomial_logistic_gam,0.08634199045392929,0.02989995670994471,0.9080779360501346,0.9652800808161801,1.3537108067951995e-76,0.0019721497480734668,0.005580073495936052,0.0028478127258018842,1.0,1.0000000000000002
2022-05-18,2022-05-17,1,group_weighted_multinomial_logistic_gam,0.08634199045392929,0.028369925197780366,0.9080779360501346,0.966652320783884,1.3537108067951995e-76,0.00169000523663514,0.005580073495936052,0.0032877487817005208,1.0,1.0
2022-05-19,2022-05-18,1,group_weighted_multinomial_logistic_gam,0.08634199045392929,0.01834974049879177,0.9080779360501346,0.9758170908290398,1.3537108067951995e-76,0.002398024373626479,0.005580073495936052,0.003435144298542065,1.0,1.0
2022-05-20,2022-05-19,1,group_weighted_multinomial_logistic_gam,0.08634199045392929,0.02638039907034245,0.9080779360501346,0.9693821964673176,1.3537108067951995e-76,0.0015882778027447365,0.005580073495936052,0.0026491266595952572,1.0,1.0
2022-05-23,2022-05-20,2,group_weighted_multinomial_logistic_gam,0.06274939193076978,0.21830662791048544,9.761755794767467e-34,0.07459223012546244,0.9124496868848444,0.6265595157598903,0.02480092118438586,0.08054162620416176,1.0,0.9999999999999999
2022-05-24,2022-05-23,2,group_weighted_multinomial_logistic_gam,0.06274939193076978,0.19503776131017986,9.761755794767467e-34,0.05075073725339941,0.9124496868848444,0.6954649526649427,0.02480092118438586,0.05874654877147801,1.0,1.0
2022-05-25,2022-05-24,2,group_weighted_multinomial_logistic_gam,0.06274939193076978,0.10220248951157919,9.761755794767467e-34,0.023568435487722195,0.9124496868848444,0.8311947749446477,0.02480092118438586,0.04303430005605091,1.0,1.0
2022-05-26,2022-05-25,2,group_weighted_multinomial_logistic_gam,0.06274939193076978,0.11051377582800213,9.761755794767467e-34,0.018199618983691917,0.9124496868848444,0.8395479743333616,0.02480092118438586,0.031738630854944376,1.0,1.0
2022-05-27,2022-05-26,2,group_weighted_multinomial_logistic_gam,0.06274939193076978,0.10112822565594291,9.761755794767467e-34,0.014734903413519478,0.9124496868848444,0.8564546420975019,0.02480092118438586,0.02768222883303574,1.0,1.0
2022-05-31,2022-05-27,2,group_weighted_multinomial_logistic_gam,0.06274939193076978,0.0896218466148516,9.761755794767467e-34,0.01252167096409346,0.9124496868848444,0.8696913748138124,0.02480092118438586,0.028165107607242487,1.0,0.9999999999999999
2022-06-01,2022-05-31,2,group_weighted_multinomial_logistic_gam,0.06274939193076978,0.056578486489014645,9.761755794767467e-34,0.015302230067248708,0.9124496868848444,0.8988622589973709,0.02480092118438586,0.029257024446365805,1.0,1.0000000000000002
2022-06-02,2022-06-01,2,group_weighted_multinomial_logistic_gam,0.06274939193076978,0.06065950834843098,9.761755794767467e-34,0.01355386458084854,0.9124496868848444,0.8982282362037953,0.02480092118438586,0.0275583908669251,1.0,1.0
2022-06-03,2022-06-02,2,group_weighted_multinomial_logistic_gam,0.06274939193076978,0.059566497917392144,9.761755794767467e-34,0.008762989963052576,0.9124496868848444,0.9085961077607346,0.02480092118438586,0.023074404358820605,1.0,0.9999999999999999
2022-06-06,2022-06-03,2,group_weighted_multinomial_logistic_gam,0.06274939193076978,0.04320422600167525,9.761755794767467e-34,0.00898347137926984,0.9124496868848444,0.9289466354190236,0.02480092118438586,0.01886566720003145,1.0,1.0
2022-06-07,2022-06-06,2,group_weighted_multinomial_logistic_gam,0.06274939193076978,0.05238411945255932,9.761755794767467e-34,0.010009535316543458,0.9124496868848444,0.9141622186396927,0.02480092118438586,0.023444126591204678,1.0,1.0000000000000002
2022-06-08,2022-06-07,2,group_weighted_multinomial_logistic_gam,0.06274939193076978,0.04039921980049461,9.761755794767467e-34,0.005688285309127345,0.9124496868848444,0.9346880838296546,0.02480092118438586,0.019224411060723454,1.0,1.0
2022-06-09,2022-06-08,2,group_weighted_multinomial_logistic_gam,0.06274939193076978,0.03917623795682441,9.761755794767467e-34,0.007703831056384883,0.9124496868848444,0.9346270904239204,0.02480092118438586,0.018492840562870164,1.0,0.9999999999999999
2022-06-10,2022-06-09,2,group_weighted_multinomial_logistic_gam,0.06274939193076978,0.030429423364036954,9.761755794767467e-34,0.006938450450463672,0.9124496868848444,0.9446809878966423,0.02480092118438586,0.017951138288857242,1.0,1.0000000000000002
2022-06-13,2022-06-10,2,group_weighted_multinomial_logistic_gam,0.06274939193076978,0.02670681174798124,9.761755794767467e-34,0.008276938970798188,0.9124496868848444,0.9435493370193373,0.02480092118438586,0.021466912261883308,1.0,1.0
2022-06-14,2022-06-13,3,group_weighted_multinomial_logistic_gam,3.588076004044579e-58,0.10606175859092407,0.040768212481828964,0.2909952686516088,0.1494489951407803,0.1521828002502449,0.8097827923773908,0.4507601725072222,1.0,1.0
2022-06-15,2022-06-14,3,group_weighted_multinomial_logistic_gam,3.588076004044579e-58,0.13509498250302107,0.040768212481828964,0.14598339797762097,0.1494489951407803,0.19654095959663195,0.8097827923773908,0.522380659922726,1.0,1.0
2022-06-16,2022-06-15,3,group_weighted_multinomial_logistic_gam,3.588076004044579e-58,0.1175597504721245,0.040768212481828964,0.06057656000119687,0.1494489951407803,0.2635636238773418,0.8097827923773908,0.5583000656493369,1.0,1.0
2022-06-17,2022-06-16,1,group_weighted_multinomial_logistic_gam,0.08634199045392929,0.20929147948680663,0.9080779360501346,0.6324528162260684,1.3537108067951995e-76,0.09778083965364791,0.005580073495936052,0.06047486463347709,1.0,1.0
2022-06-21,2022-06-17,1,group_weighted_multinomial_logistic_gam,0.08634199045392929,0.17953986861918597,0.9080779360501346,0.6911465167328433,1.3537108067951995e-76,0.07634033672697857,0.005580073495936052,0.05297327792099219,1.0,1.0
2022-06-22,2022-06-21,1,group_weighted_multinomial_logistic_gam,0.08634199045392929,0.16478354782508564,0.9080779360501346,0.7682065047326232,1.3537108067951995e-76,0.0352400475341615,0.005580073495936052,0.03176989990812971,1.0,1.0
2022-06-23,2022-06-22,2,group_weighted_multinomial_logistic_gam,0.06274939193076978,0.18111814573450358,9.761755794767467e-34,0.06383734049691202,0.9124496868848444,0.6600059394971863,0.02480092118438586,0.09503857427139815,1.0,1.0
2022-06-24,2022-06-23,2,group_weighted_multinomial_logistic_gam,0.06274939193076978,0.1345113312678062,9.761755794767467e-34,0.03695158529180197,0.9124496868848444,0.7702874547815028,0.02480092118438586,0.05824962865888889,1.0,1.0
2022-06-27,2022-06-24,2,group_weighted_multinomial_logistic_gam,0.06274939193076978,0.1456032270013056,9.761755794767467e-34,0.03132637248100164,0.9124496868848444,0.7737098917015985,0.02480092118438586,0.049360508816094405,1.0,1.0000000000000002
2022-06-28,2022-06-27,2,group_weighted_multinomial_logistic_gam,0.06274939193076978,0.09764136591726628,9.761755794767467e-34,0.030499473915128823,0.9124496868848444,0.8261523929818912,0.02480092118438586,0.045706767185713745,1.0,1.0
2022-06-29,2022-06-28,1,group_weighted_multinomial_logistic_gam,0.08634199045392929,0.20929867582637368,0.9080779360501346,0.6413378349524902,1.3537108067951995e-76,0.08552268594332882,0.005580073495936052,0.0638408032778073,1.0,0.9999999999999999
2022-06-30,2022-06-29,2,group_weighted_multinomial_logistic_gam,0.06274939193076978,0.18885602015993394,9.761755794767467e-34,0.0774330521471753,0.9124496868848444,0.6379262178965172,0.02480092118438586,0.09578470979637373,1.0,1.0000000000000002
2022-07-01,2022-06-30,2,group_weighted_multinomial_logistic_gam,0.06274939193076978,0.11153080402725105,9.761755794767467e-34,0.04337189489931718,0.9124496868848444,0.7814737739710246,0.02480092118438586,0.06362352710240718,1.0,0.9999999999999999
2022-07-05,2022-07-01,2,group_weighted_multinomial_logistic_gam,0.06274939193076978,0.12867363438445012,9.761755794767467e-34,0.021996940713613182,0.9124496868848444,0.814438396566747,0.02480092118438586,0.03489102833518979,1.0,1.0
2022-07-06,2022-07-05,3,group_weighted_multinomial_logistic_gam,3.588076004044579e-58,0.14929299825070316,0.040768212481828964,0.12330742559502818,0.1494489951407803,0.33679647284956854,0.8097827923773908,0.3906031033047002,1.0,1.0
2022-07-07,2022-07-06,2,group_weighted_multinomial_logistic_gam,0.06274939193076978,0.21389678351215324,9.761755794767467e-34,0.10132459044943821,0.9124496868848444,0.591034327305674,0.02480092118438586,0.09374429873273461,1.0,1.0
2022-07-08,2022-07-07,2,group_weighted_multinomial_logistic_gam,0.06274939193076978,0.22224380859537807,9.761755794767467e-34,0.05466448452202498,0.9124496868848444,0.6633998417227919,0.02480092118438586,0.05969186515980502,1.0,1.0
2022-07-11,2022-07-08,2,group_weighted_multinomial_logistic_gam,0.06274939193076978,0.1361494934452836,9.761755794767467e-34,0.040119165332323875,0.9124496868848444,0.7754785037627058,0.02480092118438586,0.04825283745968659,1.0,0.9999999999999998
2022-07-12,2022-07-11,2,group_weighted_multinomial_logistic_gam,0.06274939193076978,0.08056244758903437,9.761755794767467e-34,0.021766842129453345,0.9124496868848444,0.8555836377536314,0.02480092118438586,0.04208707252788067,1.0,0.9999999999999999
2022-07-13,2022-07-12,2,group_weighted_multinomial_logistic_gam,0.06274939193076978,0.04860035732013943,9.761755794767467e-34,0.016335584931210016,0.9124496868848444,0.8976073904401859,0.02480092118438586,0.03745666730846461,1.0,1.0
2022-07-14,2022-07-13,1,group_weighted_multinomial_logistic_gam,0.08634199045392929,0.23557024752268116,0.9080779360501346,0.5811158414647821,1.3537108067951995e-76,0.10795884505292296,0.005580073495936052,0.07535506595961379,1.0,1.0
2022-07-15,2022-07-14,1,group_weighted_multinomial_logistic_gam,0.08634199045392929,0.15165001933105599,0.9080779360501346,0.7541270951444479,1.3537108067951995e-76,0.051279391088763955,0.005580073495936052,0.04294349443573234,1.0,1.0000000000000002
2022-07-18,2022-07-15,1,group_weighted_multinomial_logistic_gam,0.08634199045392929,0.2059861259735043,0.9080779360501346,0.7162307350070288,1.3537108067951995e-76,0.04528448237890844,0.005580073495936052,0.032498656640558614,1.0,1.0000000000000002
2022-07-19,2022-07-18,1,group_weighted_multinomial_logistic_gam,0.08634199045392929,0.1425960333297248,0.9080779360501346,0.8162222451517694,1.3537108067951995e-76,0.024128106176910857,0.005580073495936052,0.017053615341594795,1.0,0.9999999999999999
2022-07-20,2022-07-19,1,group_weighted_multinomial_logistic_gam,0.08634199045392929,0.13002866155170667,0.9080779360501346,0.8287353531936927,1.3537108067951995e-76,0.02077365365463488,0.005580073495936052,0.020462331599965675,1.0,1.0
2022-07-21,2022-07-20,1,group_weighted_multinomial_logistic_gam,0.08634199045392929,0.11723182922661751,0.9080779360501346,0.8498303419341442,1.3537108067951995e-76,0.017841764372894107,0.005580073495936052,0.015096064466344187,1.0,0.9999999999999999
2022-07-22,2022-07-21,1,group_weighted_multinomial_logistic_gam,0.08634199045392929,0.11021756357706618,0.9080779360501346,0.8489089248022503,1.3537108067951995e-76,0.022121267298304353,0.005580073495936052,0.01875224432237904,1.0,0.9999999999999998
2022-07-25,2022-07-22,1,group_weighted_multinomial_logistic_gam,0.08634199045392929,0.08948457323340704,0.9080779360501346,0.8802661566449395,1.3537108067951995e-76,0.016846469663908677,0.005580073495936052,0.013402800457744904,1.0,1.0000000000000002
2022-07-26,2022-07-25,1,group_weighted_multinomial_logistic_gam,0.08634199045392929,0.06745933503999105,0.9080779360501346,0.9167589308376907,1.3537108067951995e-76,0.007413983874970924,0.005580073495936052,0.008367750247347403,1.0,1.0
2022-07-27,2022-07-26,1,group_weighted_multinomial_logistic_gam,0.08634199045392929,0.05289420512128669,0.9080779360501346,0.932118786897872,1.3537108067951995e-76,0.007030116507581404,0.005580073495936052,0.007956891473259935,1.0,1.0
2022-07-28,2022-07-27,1,group_weighted_multinomial_logistic_gam,0.08634199045392929,0.08316635603875532,0.9080779360501346,0.9001708646587341,1.3537108067951995e-76,0.008202597412908873,0.005580073495936052,0.008460181889601615,1.0,0.9999999999999999
2022-07-29,2022-07-28,1,group_weighted_multinomial_logistic_gam,0.08634199045392929,0.09167837749183157,0.9080779360501346,0.8905830261488189,1.3537108067951995e-76,0.009822887314171308,0.005580073495936052,0.007915709045178326,1.0,1.0000000000000002
2022-08-01,2022-07-29,1,group_weighted_multinomial_logistic_gam,0.08634199045392929,0.07398895428982138,0.9080779360501346,0.9124609062188298,1.3537108067951995e-76,0.006985431525314667,0.005580073495936052,0.006564707966034106,1.0,0.9999999999999999
2022-08-02,2022-08-01,1,group_weighted_multinomial_logistic_gam,0.08634199045392929,0.05045389239978047,0.9080779360501346,0.9327942917149252,1.3537108067951995e-76,0.007211031293862833,0.005580073495936052,0.009540784591431511,1.0,1.0
2022-08-03,2022-08-02,1,group_weighted_multinomial_logistic_gam,0.08634199045392929,0.03009932664037999,0.9080779360501346,0.9620394287729975,1.3537108067951995e-76,0.0027055232857361574,0.005580073495936052,0.005155721300886342,1.0,1.0
2022-08-04,2022-08-03,1,group_weighted_multinomial_logistic_gam,0.08634199045392929,0.0506598855706536,0.9080779360501346,0.9352293823076446,1.3537108067951995e-76,0.006058954443936192,0.005580073495936052,0.008051777677765479,1.0,0.9999999999999999
2022-08-05,2022-08-04,1,group_weighted_multinomial_logistic_gam,0.08634199045392929,0.04935640713581393,0.9080779360501346,0.9412134837140227,1.3537108067951995e-76,0.00460999774408488,0.005580073495936052,0.004820111406078503,1.0,1.0
2022-08-08,2022-08-05,1,group_weighted_multinomial_logistic_gam,0.08634199045392929,0.027998936927953168,0.9080779360501346,0.9655678315535924,1.3537108067951995e-76,0.002168553129628188,0.005580073495936052,0.004264678388826414,1.0,1.0000000000000002
2022-08-09,2022-08-08,1,group_weighted_multinomial_logistic_gam,0.08634199045392929,0.04875052205078578,0.9080779360501346,0.9417008751200336,1.3537108067951995e-76,0.004409075204707109,0.005580073495936052,0.005139527624473604,1.0,1.0000000000000002
2022-08-10,2022-08-09,0,group_weighted_multinomial_logistic_gam,0.9505394000413604,0.7521168567878036,0.025470001780594585,0.11022472806971947,0.023757427860250556,0.09890856885775831,0.00023317031779450392,0.03874984628471866,1.0,1.0
2022-08-11,2022-08-10,1,group_weighted_multinomial_logistic_gam,0.08634199045392929,0.36196932701480544,0.9080779360501346,0.4811374472966179,1.3537108067951995e-76,0.10138052701706848,0.005580073495936052,0.055512698671508036,1.0,0.9999999999999998
2022-08-12,2022-08-11,2,group_weighted_multinomial_logistic_gam,0.06274939193076978,0.27474445643873335,9.761755794767467e-34,0.09519298468214245,0.9124496868848444,0.5608929453630283,0.02480092118438586,0.06916961351609596,1.0,1.0
2022-08-15,2022-08-12,1,group_weighted_multinomial_logistic_gam,0.08634199045392929,0.3027055434632156,0.9080779360501346,0.49558031110561634,1.3537108067951995e-76,0.12608077332932308,0.005580073495936052,0.07563337210184501,1.0,1.0
2022-08-16,2022-08-15,2,group_weighted_multinomial_logistic_gam,0.06274939193076978,0.2094235180164054,9.761755794767467e-34,0.07790710167476939,0.9124496868848444,0.6352613428615812,0.02480092118438586,0.07740803744724392,1.0,0.9999999999999999
2022-08-17,2022-08-16,2,group_weighted_multinomial_logistic_gam,0.06274939193076978,0.14155625018061116,9.761755794767467e-34,0.05202686485308129,0.9124496868848444,0.7381886269948122,0.02480092118438586,0.06822825797149537,1.0,1.0000000000000002
2022-08-18,2022-08-17,1,group_weighted_multinomial_logistic_gam,0.08634199045392929,0.21877598745786647,0.9080779360501346,0.6367994463584271,1.3537108067951995e-76,0.08280605022419082,0.005580073495936052,0.06161851595951556,1.0,1.0
2022-08-19,2022-08-18,0,group_weighted_multinomial_logistic_gam,0.9505394000413604,0.7701983387562159,0.025470001780594585,0.08917123958407884,0.023757427860250556,0.10638979198139384,0.00023317031779450392,0.03424062967831134,1.0,0.9999999999999999
2022-08-22,2022-08-19,1,group_weighted_multinomial_logistic_gam,0.08634199045392929,0.2029852963730434,0.9080779360501346,0.6581351470880615,1.3537108067951995e-76,0.07908986114274386,0.005580073495936052,0.059789695396151095,1.0,0.9999999999999999
2022-08-23,2022-08-22,1,group_weighted_multinomial_logistic_gam,0.08634199045392929,0.1299035818938734,0.9080779360501346,0.7867954397587122,1.3537108067951995e-76,0.0448743766277129,0.005580073495936052,0.03842660171970149,1.0,1.0
2022-08-24,2022-08-23,1,group_weighted_multinomial_logistic_gam,0.08634199045392929,0.1717629431315504,0.9080779360501346,0.7681245497392482,1.3537108067951995e-76,0.03538274954747448,0.005580073495936052,0.024729757581727057,1.0,1.0
2022-08-25,2022-08-24,0,group_weighted_multinomial_logistic_gam,0.9505394000413604,0.7720901288927592,0.025470001780594585,0.0943266753819856,0.023757427860250556,0.09996086512338676,0.00023317031779450392,0.03362233060186851,1.0,1.0
2022-08-26,2022-08-25,1,group_weighted_multinomial_logistic_gam,0.08634199045392929,0.3166138310252189,0.9080779360501346,0.4700882383370329,1.3537108067951995e-76,0.13750763610015004,0.005580073495936052,0.07579029453759825,1.0,1.0
2022-08-29,2022-08-26,1,group_weighted_multinomial_logistic_gam,0.08634199045392929,0.15144763563016256,0.9080779360501346,0.7577336348794957,1.3537108067951995e-76,0.053469870218181156,0.005580073495936052,0.03734885927216059,1.0,1.0
2022-08-30,2022-08-29,1,group_weighted_multinomial_logistic_gam,0.08634199045392929,0.1191964844439594,0.9080779360501346,0.8277473774309644,1.3537108067951995e-76,0.026367480563742614,0.005580073495936052,0.026688657561333602,1.0,1.0
2022-08-31,2022-08-30,1,group_weighted_multinomial_logistic_gam,0.08634199045392929,0.09252830359773787,0.9080779360501346,0.852529092435901,1.3537108067951995e-76,0.028888584635963745,0.005580073495936052,0.02605401933039734,1.0,1.0
2022-09-01,2022-08-31,1,group_weighted_multinomial_logistic_gam,0.08634199045392929,0.07233867450432663,0.9080779360501346,0.8944133276935609,1.3537108067951995e-76,0.015092316162178852,0.005580073495936052,0.01815568163993358,1.0,0.9999999999999999
2022-09-02,2022-09-01,1,group_weighted_multinomial_logistic_gam,0.08634199045392929,0.05957845299648269,0.9080779360501346,0.9122289790743656,1.3537108067951995e-76,0.011632713132535926,0.005580073495936052,0.016559854796615828,1.0,1.0
2022-09-06,2022-09-02,1,group_weighted_multinomial_logistic_gam,0.08634199045392929,0.09004103536027719,0.9080779360501346,0.8823347073735637,1.3537108067951995e-76,0.015561660682249541,0.005580073495936052,0.012062596583909343,1.0,0.9999999999999997
2022-09-07,2022-09-06,1,group_weighted_multinomial_logistic_gam,0.08634199045392929,0.04943679804963545,0.9080779360501346,0.9334457441820176,1.3537108067951995e-76,0.006834994347386479,0.005580073495936052,0.010282463420960508,1.0,1.0
2022-09-08,2022-09-07,1,group_weighted_multinomial_logistic_gam,0.08634199045392929,0.08457778750676401,0.9080779360501346,0.8845507689054714,1.3537108067951995e-76,0.015035139646048069,0.005580073495936052,0.01583630394171666,1.0,1.0000000000000002
2022-09-09,2022-09-08,1,group_weighted_multinomial_logistic_gam,0.08634199045392929,0.06905571294370795,0.9080779360501346,0.9156863973159626,1.3537108067951995e-76,0.007137050612534409,0.005580073495936052,0.008120839127795067,1.0,1.0
2022-09-12,2022-09-09,1,group_weighted_multinomial_logistic_gam,0.08634199045392929,0.08132375089596983,0.9080779360501346,0.9035711395904649,1.3537108067951995e-76,0.007181547232391836,0.005580073495936052,0.007923562281173597,1.0,1.0000000000000002
2022-09-13,2022-09-12,1,group_weighted_multinomial_logistic_gam,0.08634199045392929,0.06579492405348718,0.9080779360501346,0.9217370195013314,1.3537108067951995e-76,0.005797181653453937,0.005580073495936052,0.006670874791727366,1.0,0.9999999999999998
2022-09-14,2022-09-13,1,group_weighted_multinomial_logistic_gam,0.08634199045392929,0.023536340757244353,0.9080779360501346,0.9673647975858689,1.3537108067951995e-76,0.0036622603711652384,0.005580073495936052,0.005436601285721516,1.0,1.0
2022-09-15,2022-09-14,1,group_weighted_multinomial_logistic_gam,0.08634199045392929,0.0471451554573353,0.9080779360501346,0.9413974488864696,1.3537108067951995e-76,0.005035799899439979,0.005580073495936052,0.006421595756755144,1.0,1.0
2022-09-16,2022-09-15,1,group_weighted_multinomial_logistic_gam,0.08634199045392929,0.03349350447271912,0.9080779360501346,0.9561934795228313,1.3537108067951995e-76,0.004392251003933233,0.005580073495936052,0.005920765000516351,1.0,1.0
2022-09-19,2022-09-16,1,group_weighted_multinomial_logistic_gam,0.08634199045392929,0.03012387839695447,0.9080779360501346,0.9617815439460276,1.3537108067951995e-76,0.003138688042253635,0.005580073495936052,0.004955889614764291,1.0,1.0
2022-09-20,2022-09-19,1,group_weighted_multinomial_logistic_gam,0.08634199045392929,0.04255510608537594,0.9080779360501346,0.9486358467474456,1.3537108067951995e-76,0.0035559118973146754,0.005580073495936052,0.005253135269863963,1.0,1.0000000000000002
2022-09-21,2022-09-20,1,group_weighted_multinomial_logistic_gam,0.08634199045392929,0.028149326074358397,0.9080779360501346,0.9651278493079063,1.3537108067951995e-76,0.0027057876244901916,0.005580073495936052,0.004017036993245142,1.0,1.0
2022-09-22,2022-09-21,1,group_weighted_multinomial_logistic_gam,0.08634199045392929,0.03517411190563656,0.9080779360501346,0.9558754599292922,1.3537108067951995e-76,0.0039011482181761934,0.005580073495936052,0.005049279946894992,1.0,1.0
2022-09-23,2022-09-22,1,group_weighted_multinomial_logistic_gam,0.08634199045392929,0.021116654997669623,0.9080779360501346,0.9736105056960892,1.3537108067951995e-76,0.0015996583842215013,0.005580073495936052,0.0036731809220196354,1.0,0.9999999999999999
2022-09-26,2022-09-23,1,group_weighted_multinomial_logistic_gam,0.08634199045392929,0.019100201077974062,0.9080779360501346,0.9737256320310431,1.3537108067951995e-76,0.0025536380821116994,0.005580073495936052,0.004620528808871192,1.0,1.0
2022-09-27,2022-09-26,1,group_weighted_multinomial_logistic_gam,0.08634199045392929,0.014623103955308392,0.9080779360501346,0.9801092005353126,1.3537108067951995e-76,0.0013431898970865943,0.005580073495936052,0.003924505612292353,1.0,1.0
2022-09-28,2022-09-27,1,group_weighted_multinomial_logistic_gam,0.08634199045392929,0.02057015673214452,0.9080779360501346,0.9748771123893192,1.3537108067951995e-76,0.0013958168042077863,0.005580073495936052,0.003156914074328622,1.0,1.0000000000000002
2022-09-29,2022-09-28,3,group_weighted_multinomial_logistic_gam,3.588076004044579e-58,0.2327932597002481,0.040768212481828964,0.09889097311632677,0.1494489951407803,0.2816887973090973,0.8097827923773908,0.38662696987432776,1.0,0.9999999999999999
2022-09-30,2022-09-29,3,group_weighted_multinomial_logistic_gam,3.588076004044579e-58,0.11942751185166231,0.040768212481828964,0.1639979398944406,0.1494489951407803,0.18636435533098603,0.8097827923773908,0.530210192922911,1.0,1.0
2022-10-03,2022-09-30,2,group_weighted_multinomial_logistic_gam,0.06274939193076978,0.21190045721891024,9.761755794767467e-34,0.09104947589917378,0.9124496868848444,0.6265090809920573,0.02480092118438586,0.07054098588985859,1.0,0.9999999999999999
2022-10-04,2022-10-03,3,group_weighted_multinomial_logistic_gam,3.588076004044579e-58,0.316612784539613,0.040768212481828964,0.10197972588909435,0.1494489951407803,0.3008931322814036,0.8097827923773908,0.2805143572898891,1.0,1.0
2022-10-05,2022-10-04,3,group_weighted_multinomial_logistic_gam,3.588076004044579e-58,0.2701380348347697,0.040768212481828964,0.09455053550574478,0.1494489951407803,0.25798957069169975,0.8097827923773908,0.37732185896778575,1.0,1.0
2022-10-06,2022-10-05,1,group_weighted_multinomial_logistic_gam,0.08634199045392929,0.2239028773289497,0.9080779360501346,0.6393404458648523,1.3537108067951995e-76,0.07291557729805698,0.005580073495936052,0.06384109950814111,1.0,1.0
2022-10-07,2022-10-06,1,group_weighted_multinomial_logistic_gam,0.08634199045392929,0.18437471534323643,0.9080779360501346,0.727155146104192,1.3537108067951995e-76,0.052202467389992194,0.005580073495936052,0.036267671162579514,1.0,1.0000000000000002
2022-10-11,2022-10-07,1,group_weighted_multinomial_logistic_gam,0.08634199045392929,0.10317452129519242,0.9080779360501346,0.8468709460461642,1.3537108067951995e-76,0.026995053173332176,0.005580073495936052,0.022959479485311185,1.0,1.0
2022-10-12,2022-10-11,1,group_weighted_multinomial_logistic_gam,0.08634199045392929,0.07367886249589856,0.9080779360501346,0.8828443738939921,1.3537108067951995e-76,0.021111285724831036,0.005580073495936052,0.02236547788527833,1.0,0.9999999999999999
2022-10-13,2022-10-12,1,group_weighted_multinomial_logistic_gam,0.08634199045392929,0.0923278747481957,0.9080779360501346,0.8676191374030185,1.3537108067951995e-76,0.020421852644371262,0.005580073495936052,0.019631135204414694,1.0,1.0000000000000002
2022-10-14,2022-10-13,1,group_weighted_multinomial_logistic_gam,0.08634199045392929,0.09296933224289732,0.9080779360501346,0.877963659994844,1.3537108067951995e-76,0.01264716076257811,0.005580073495936052,0.01641984699968045,1.0,0.9999999999999999
2022-10-17,2022-10-14,1,group_weighted_multinomial_logistic_gam,0.08634199045392929,0.05762005641674941,0.9080779360501346,0.9185697626335318,1.3537108067951995e-76,0.012595905051712444,0.005580073495936052,0.011214275898006089,1.0,0.9999999999999998
2022-10-18,2022-10-17,1,group_weighted_multinomial_logistic_gam,0.08634199045392929,0.0984813041953336,0.9080779360501346,0.8761916815664976,1.3537108067951995e-76,0.012833085910232396,0.005580073495936052,0.012493928327936409,1.0,1.0
2022-10-19,2022-10-18,1,group_weighted_multinomial_logistic_gam,0.08634199045392929,0.07744757158805674,0.9080779360501346,0.8999228650946077,1.3537108067951995e-76,0.011083751400383549,0.005580073495936052,0.011545811916952182,1.0,1.0000000000000002
2022-10-20,2022-10-19,1,group_weighted_multinomial_logistic_gam,0.08634199045392929,0.041265417703206096,0.9080779360501346,0.9459688627881795,1.3537108067951995e-76,0.005104917762865732,0.005580073495936052,0.007660801745748778,1.0,1.0
2022-10-21,2022-10-20,1,group_weighted_multinomial_logistic_gam,0.08634199045392929,0.042159815804583056,0.9080779360501346,0.9456777937122037,1.3537108067951995e-76,0.005332621984733621,0.005580073495936052,0.006829768498479648,1.0,1.0
2022-10-24,2022-10-21,1,group_weighted_multinomial_logistic_gam,0.08634199045392929,0.05726278763146085,0.9080779360501346,0.9291933538331929,1.3537108067951995e-76,0.005948218714160843,0.005580073495936052,0.007595639821185578,1.0,1.0000000000000002
2022-10-25,2022-10-24,1,group_weighted_multinomial_logistic_gam,0.08634199045392929,0.0627059850710557,0.9080779360501346,0.9245441902006689,1.3537108067951995e-76,0.006278803304033763,0.005580073495936052,0.006471021424241748,1.0,1.0000000000000002
2022-10-26,2022-10-25,3,group_weighted_multinomial_logistic_gam,3.588076004044579e-58,0.2845445930772458,0.040768212481828964,0.09822805625729264,0.1494489951407803,0.2952812587417105,0.8097827923773908,0.3219460919237511,1.0,1.0
2022-10-27,2022-10-26,3,group_weighted_multinomial_logistic_gam,3.588076004044579e-58,0.18771360819032182,0.040768212481828964,0.112298096791727,0.1494489951407803,0.2607605710049833,0.8097827923773908,0.439227724012968,1.0,1.0000000000000002
2022-10-28,2022-10-27,2,group_weighted_multinomial_logistic_gam,0.06274939193076978,0.22067408359803845,9.761755794767467e-34,0.06766443995531671,0.9124496868848444,0.6455915771899478,0.02480092118438586,0.06606989925669715,1.0,1.0
2022-10-31,2022-10-28,1,group_weighted_multinomial_logistic_gam,0.08634199045392929,0.3035383528994442,0.9080779360501346,0.5161335368179095,1.3537108067951995e-76,0.11127608930070147,0.005580073495936052,0.06905202098194482,1.0,1.0
2022-11-01,2022-10-31,1,group_weighted_multinomial_logistic_gam,0.08634199045392929,0.16350722999202555,0.9080779360501346,0.7453950112711608,1.3537108067951995e-76,0.052173488627331906,0.005580073495936052,0.038924270109481844,1.0,1.0000000000000002
2022-11-02,2022-11-01,1,group_weighted_multinomial_logistic_gam,0.08634199045392929,0.18124488357450008,0.9080779360501346,0.7468108107941989,1.3537108067951995e-76,0.04199527394713653,0.005580073495936052,0.029949031684164563,1.0,1.0
2022-11-03,2022-11-02,1,group_weighted_multinomial_logistic_gam,0.08634199045392929,0.10400876275619618,0.9080779360501346,0.8560764141036296,1.3537108067951995e-76,0.022278943173465078,0.005580073495936052,0.017635879966709195,1.0,1.0
2022-11-04,2022-11-03,1,group_weighted_multinomial_logistic_gam,0.08634199045392929,0.07400366236678914,0.9080779360501346,0.8944719338095316,1.3537108067951995e-76,0.014058300342421457,0.005580073495936052,0.017466103481257624,1.0,0.9999999999999999
2022-11-07,2022-11-04,2,group_weighted_multinomial_logistic_gam,0.06274939193076978,0.301958449850537,9.761755794767467e-34,0.07733295476212734,0.9124496868848444,0.5592261877450484,0.02480092118438586,0.06148240764228736,1.0,1.0
2022-11-08,2022-11-07,2,group_weighted_multinomial_logistic_gam,0.06274939193076978,0.17076843389388974,9.761755794767467e-34,0.043736262802164694,0.9124496868848444,0.7348280802447941,0.02480092118438586,0.05066722305915156,1.0,1.0
2022-11-09,2022-11-08,2,group_weighted_multinomial_logistic_gam,0.06274939193076978,0.10663958615415643,9.761755794767467e-34,0.025425841524468914,0.9124496868848444,0.8224774184124264,0.02480092118438586,0.04545715390894825,1.0,0.9999999999999999
2022-11-10,2022-11-09,2,group_weighted_multinomial_logistic_gam,0.06274939193076978,0.07412733831401572,9.761755794767467e-34,0.024800724335657106,0.9124496868848444,0.8624804970865085,0.02480092118438586,0.03859144026381868,1.0,1.0
2022-11-14,2022-11-10,3,group_weighted_multinomial_logistic_gam,3.588076004044579e-58,0.3090798094057915,0.040768212481828964,0.056576463872252736,0.1494489951407803,0.3095195120230915,0.8097827923773908,0.32482421469886424,1.0,1.0
2022-11-15,2022-11-14,3,group_weighted_multinomial_logistic_gam,3.588076004044579e-58,0.21033731412141457,0.040768212481828964,0.12417245006679335,0.1494489951407803,0.25646536771280387,0.8097827923773908,0.40902486809898814,1.0,1.0
2022-11-16,2022-11-15,2,group_weighted_multinomial_logistic_gam,0.06274939193076978,0.24042539718132652,9.761755794767467e-34,0.05833780257756268,0.9124496868848444,0.6316288904360386,0.02480092118438586,0.06960790980507217,1.0,1.0
2022-11-17,2022-11-16,2,group_weighted_multinomial_logistic_gam,0.06274939193076978,0.13076449228929735,9.761755794767467e-34,0.03632482909914994,0.9124496868848444,0.7735388429328096,0.02480092118438586,0.05937183567874314,1.0,1.0
2022-11-18,2022-11-17,2,group_weighted_multinomial_logistic_gam,0.06274939193076978,0.10282389806999674,9.761755794767467e-34,0.042208703381099,0.9124496868848444,0.7943692781627929,0.02480092118438586,0.06059812038611142,1.0,1.0
2022-11-21,2022-11-18,2,group_weighted_multinomial_logistic_gam,0.06274939193076978,0.0987501741644286,9.761755794767467e-34,0.02587665550402962,0.9124496868848444,0.8331131889342717,0.02480092118438586,0.04225998139727009,1.0,0.9999999999999999
2022-11-22,2022-11-21,2,group_weighted_multinomial_logistic_gam,0.06274939193076978,0.07175060431077081,9.761755794767467e-34,0.01717988673964733,0.9124496868848444,0.8792862904079635,0.02480092118438586,0.031783218541618335,1.0,1.0
2022-11-23,2022-11-22,2,group_weighted_multinomial_logistic_gam,0.06274939193076978,0.07593906435068726,9.761755794767467e-34,0.011054013088757938,0.9124496868848444,0.884864807336717,0.02480092118438586,0.02814211522383777,1.0,1.0
2022-11-25,2022-11-23,2,group_weighted_multinomial_logistic_gam,0.06274939193076978,0.05360005892287323,9.761755794767467e-34,0.008243758219128877,0.9124496868848444,0.9135460677333493,0.02480092118438586,0.0246101151246486,1.0,1.0
2022-11-28,2022-11-25,2,group_weighted_multinomial_logistic_gam,0.06274939193076978,0.05140304816262563,9.761755794767467e-34,0.00881224262339994,0.9124496868848444,0.9195045938536098,0.02480092118438586,0.020280115360364677,1.0,1.0000000000000002
2022-11-29,2022-11-28,2,group_weighted_multinomial_logistic_gam,0.06274939193076978,0.048491441253488636,9.761755794767467e-34,0.010587723292739775,0.9124496868848444,0.9177776095346218,0.02480092118438586,0.023143225919149763,1.0,1.0
2022-11-30,2022-11-29,2,group_weighted_multinomial_logistic_gam,0.06274939193076978,0.05424129045840614,9.761755794767467e-34,0.01010480019294023,0.9124496868848444,0.9135590856935905,0.02480092118438586,0.022094823655063066,1.0,0.9999999999999999
2022-12-01,2022-11-30,1,group_weighted_multinomial_logistic_gam,0.08634199045392929,0.3828445561413514,0.9080779360501346,0.43094219238924114,1.3537108067951995e-76,0.12270687941439692,0.005580073495936052,0.06350637205501053,1.0,1.0
2022-12-02,2022-12-01,3,group_weighted_multinomial_logistic_gam,3.588076004044579e-58,0.2456080611923742,0.040768212481828964,0.09785845727300475,0.1494489951407803,0.338888250474484,0.8097827923773908,0.3176452310601372,1.0,1.0000000000000002
2022-12-05,2022-12-02,2,group_weighted_multinomial_logistic_gam,0.06274939193076978,0.19210189917198908,9.761755794767467e-34,0.06627750135448258,0.9124496868848444,0.6663254567754897,0.02480092118438586,0.07529514269803855,1.0,1.0
2022-12-06,2022-12-05,1,group_weighted_multinomial_logistic_gam,0.08634199045392929,0.19985421195482012,0.9080779360501346,0.6413646558502383,1.3537108067951995e-76,0.09348246249002343,0.005580073495936052,0.0652986697049181,1.0,1.0
2022-12-07,2022-12-06,2,group_weighted_multinomial_logistic_gam,0.06274939193076978,0.1728037566465988,9.761755794767467e-34,0.08150813057541215,0.9124496868848444,0.6570001201334017,0.02480092118438586,0.08868799264458739,1.0,1.0
2022-12-08,2022-12-07,2,group_weighted_multinomial_logistic_gam,0.06274939193076978,0.1308106997896439,9.761755794767467e-34,0.035846777681096176,0.9124496868848444,0.7709636218472674,0.02480092118438586,0.06237890068199242,1.0,1.0
2022-12-09,2022-12-08,2,group_weighted_multinomial_logistic_gam,0.06274939193076978,0.1332373276125276,9.761755794767467e-34,0.03233484746841573,0.9124496868848444,0.7888926311406165,0.02480092118438586,0.04553519377844007,1.0,0.9999999999999999
2022-12-12,2022-12-09,2,group_weighted_multinomial_logistic_gam,0.06274939193076978,0.10312541279537141,9.761755794767467e-34,0.03385880108994813,0.9124496868848444,0.8169148075039454,0.02480092118438586,0.046100978610734984,1.0,1.0
2022-12-13,2022-12-12,2,group_weighted_multinomial_logistic_gam,0.06274939193076978,0.09241903798446832,9.761755794767467e-34,0.018826600999507517,0.9124496868848444,0.8513757968452127,0.02480092118438586,0.03737856417081153,1.0,1.0
2022-12-14,2022-12-13,2,group_weighted_multinomial_logistic_gam,0.06274939193076978,0.08475924548975618,9.761755794767467e-34,0.011393098874701604,0.9124496868848444,0.8792619722321442,0.02480092118438586,0.024585683403398017,1.0,1.0
2022-12-15,2022-12-14,2,group_weighted_multinomial_logistic_gam,0.06274939193076978,0.06332070589894612,9.761755794767467e-34,0.013577763088757843,0.9124496868848444,0.8946774647243657,0.02480092118438586,0.028424066287930476,1.0,1.0
2022-12-16,2022-12-15,2,group_weighted_multinomial_logistic_gam,0.06274939193076978,0.04261090542878012,9.761755794767467e-34,0.010966230651747942,0.9124496868848444,0.9237380299863927,0.02480092118438586,0.02268483393307924,1.0,1.0
2022-12-19,2022-12-16,2,group_weighted_multinomial_logistic_gam,0.06274939193076978,0.04381749973623617,9.761755794767467e-34,0.01151068063919702,0.9124496868848444,0.9193639220875066,0.02480092118438586,0.02530789753706019,1.0,1.0
2022-12-20,2022-12-19,2,group_weighted_multinomial_logistic_gam,0.06274939193076978,0.04444249232849507,9.761755794767467e-34,0.011212652684767307,0.9124496868848444,0.9200068615153518,0.02480092118438586,0.02433799347138599,1.0,1.0000000000000002
2022-12-21,2022-12-20,2,group_weighted_multinomial_logistic_gam,0.06274939193076978,0.04557811875797383,9.761755794767467e-34,0.00992684330164061,0.9124496868848444,0.9210592330970941,0.02480092118438586,0.023435804843291563,1.0,1.0000000000000002
2022-12-22,2022-12-21,2,group_weighted_multinomial_logistic_gam,0.06274939193076978,0.04637061091418907,9.761755794767467e-34,0.005399744744909317,0.9124496868848444,0.9319804735803706,0.02480092118438586,0.01624917076053113,1.0,1.0000000000000002
2022-12-23,2022-12-22,2,group_weighted_multinomial_logistic_gam,0.06274939193076978,0.0335166107242846,9.761755794767467e-34,0.006114254330343319,0.9124496868848444,0.9436545903992603,0.02480092118438586,0.016714544546111834,1.0,1.0
2022-12-27,2022-12-23,2,group_weighted_multinomial_logistic_gam,0.06274939193076978,0.045033112845219145,9.761755794767467e-34,0.006834353799585048,0.9124496868848444,0.9301531327571935,0.02480092118438586,0.017979400598002397,1.0,1.0
2022-12-28,2022-12-27,2,group_weighted_multinomial_logistic_gam,0.06274939193076978,0.035715748077590745,9.761755794767467e-34,0.006571113005336561,0.9124496868848444,0.940417423545651,0.02480092118438586,0.01729571537142146,1.0,0.9999999999999999
2022-12-29,2022-12-28,2,group_weighted_multinomial_logistic_gam,0.06274939193076978,0.030158722249696315,9.761755794767467e-34,0.0050216363413580975,0.9124496868848444,0.9509196766798926,0.02480092118438586,0.013899964729053103,1.0,1.0000000000000002
2022-12-30,2022-12-29,2,group_weighted_multinomial_logistic_gam,0.06274939193076978,0.02916812649246056,9.761755794767467e-34,0.0033248605094743887,0.9124496868848444,0.9524911604880892,0.02480092118438586,0.015015852509975825,1.0,1.0
2023-01-03,2022-12-30,2,group_weighted_multinomial_logistic_gam,0.06274939193076978,0.031953164508342985,9.761755794767467e-34,0.004676049407045359,0.9124496868848444,0.949143465863355,0.02480092118438586,0.014227320221256652,1.0,0.9999999999999999
2023-01-04,2023-01-03,2,group_weighted_multinomial_logistic_gam,0.06274939193076978,0.02099797045897529,9.761755794767467e-34,0.0026162044072882665,0.9124496868848444,0.9646139130716526,0.02480092118438586,0.011771912062083898,1.0,1.0
2023-01-05,2023-01-04,2,group_weighted_multinomial_logistic_gam,0.06274939193076978,0.022391082847924113,9.761755794767467e-34,0.0023970263072839158,0.9124496868848444,0.9631008173829704,0.02480092118438586,0.012111073461821434,1.0,0.9999999999999998
2023-01-06,2023-01-05,2,group_weighted_multinomial_logistic_gam,0.06274939193076978,0.022245503426487512,9.761755794767467e-34,0.003604463948542195,0.9124496868848444,0.9611510810651446,0.02480092118438586,0.012998951559825625,1.0,1.0
2023-01-09,2023-01-06,2,group_weighted_multinomial_logistic_gam,0.06274939193076978,0.025401369380552537,9.761755794767467e-34,0.0016386927898319964,0.9124496868848444,0.9631160286280761,0.02480092118438586,0.009843909201539412,1.0,1.0
2023-01-10,2023-01-09,2,group_weighted_multinomial_logistic_gam,0.06274939193076978,0.027522675060829747,9.761755794767467e-34,0.002467973958103749,0.9124496868848444,0.9606629707027722,0.02480092118438586,0.00934638027829431,1.0,0.9999999999999999
2023-01-11,2023-01-10,2,group_weighted_multinomial_logistic_gam,0.06274939193076978,0.025218793980504594,9.761755794767467e-34,0.0033494317111288727,0.9124496868848444,0.9588551010726626,0.02480092118438586,0.01257667323570405,1.0,1.0
2023-01-12,2023-01-11,2,group_weighted_multinomial_logistic_gam,0.06274939193076978,0.025410897871359216,9.761755794767467e-34,0.0018188414001658675,0.9124496868848444,0.9631135631444756,0.02480092118438586,0.009656697583999287,1.0,1.0
2023-01-13,2023-01-12,2,group_weighted_multinomial_logistic_gam,0.06274939193076978,0.02177104094886253,9.761755794767467e-34,0.0015898424607387743,0.9124496868848444,0.9679551413705829,0.02480092118438586,0.008683975219815903,1.0,1.0000000000000002
2023-01-17,2023-01-13,2,group_weighted_multinomial_logistic_gam,0.06274939193076978,0.026793964241048223,9.761755794767467e-34,0.002823483845460129,0.9124496868848444,0.9596508769810843,0.02480092118438586,0.01073167493240726,1.0,0.9999999999999999
2023-01-18,2023-01-17,2,group_weighted_multinomial_logistic_gam,0.06274939193076978,0.02234305878591922,9.761755794767467e-34,0.0024502244537756577,0.9124496868848444,0.9657321693453857,0.02480092118438586,0.009474547414919302,1.0,0.9999999999999999
2023-01-19,2023-01-18,2,group_weighted_multinomial_logistic_gam,0.06274939193076978,0.01632911787980122,9.761755794767467e-34,0.001294811144595287,0.9124496868848444,0.9750981804262966,0.02480092118438586,0.007277890549306798,1.0,0.9999999999999999
2023-01-20,2023-01-19,2,group_weighted_multinomial_logistic_gam,0.06274939193076978,0.019635046423801525,9.761755794767467e-34,0.0023552547765981605,0.9124496868848444,0.9691938643850233,0.02480092118438586,0.008815834414577131,1.0,1.0000000000000002
2023-01-23,2023-01-20,2,group_weighted_multinomial_logistic_gam,0.06274939193076978,0.0240525686028556,9.761755794767467e-34,0.002474754636597375,0.9124496868848444,0.9622226951604326,0.02480092118438586,0.011249981600114605,1.0,1.0000000000000002
2023-01-24,2023-01-23,2,group_weighted_multinomial_logistic_gam,0.06274939193076978,0.02141105853472631,9.761755794767467e-34,0.0019361962427894932,0.9124496868848444,0.9677569298789499,0.02480092118438586,0.00889581534353429,1.0,1.0
2023-01-25,2023-01-24,0,group_weighted_multinomial_logistic_gam,0.9505394000413604,0.7369651829038181,0.025470001780594585,0.08862672449755057,0.023757427860250556,0.1304302983528028,0.00023317031779450392,0.043977794245828504,1.0,0.9999999999999999
2023-01-26,2023-01-25,0,group_weighted_multinomial_logistic_gam,0.9505394000413604,0.825029052913186,0.025470001780594585,0.0707875828654163,0.023757427860250556,0.08012645563098678,0.00023317031779450392,0.024056908590410882,1.0,0.9999999999999999
2023-01-27,2023-01-26,0,group_weighted_multinomial_logistic_gam,0.9505394000413604,0.8861463577807954,0.025470001780594585,0.04821146757965168,0.023757427860250556,0.05155141550104002,0.00023317031779450392,0.014090759138512812,1.0,0.9999999999999999
2023-01-30,2023-01-27,0,group_weighted_multinomial_logistic_gam,0.9505394000413604,0.8888450829388828,0.025470001780594585,0.048355746072173814,0.023757427860250556,0.04954959355242833,0.00023317031779450392,0.013249577436515178,1.0,1.0
2023-01-31,2023-01-30,0,group_weighted_multinomial_logistic_gam,0.9505394000413604,0.8867136098072833,0.025470001780594585,0.05536145232285033,0.023757427860250556,0.04537213074991214,0.00023317031779450392,0.012552807119953945,1.0,0.9999999999999997
2023-02-01,2023-01-31,1,group_weighted_multinomial_logistic_gam,0.08634199045392929,0.3145401243256765,0.9080779360501346,0.510502187320911,1.3537108067951995e-76,0.10649603612249009,0.005580073495936052,0.0684616522309223,1.0,0.9999999999999998
2023-02-02,2023-02-01,1,group_weighted_multinomial_logistic_gam,0.08634199045392929,0.24685468366627383,0.9080779360501346,0.6115903671449858,1.3537108067951995e-76,0.09166727450383678,0.005580073495936052,0.04988767468490356,1.0,1.0
2023-02-03,2023-02-02,1,group_weighted_multinomial_logistic_gam,0.08634199045392929,0.21827838112454354,0.9080779360501346,0.706094489033466,1.3537108067951995e-76,0.0460806336235769,0.005580073495936052,0.029546496218413654,1.0,1.0000000000000002
2023-02-06,2023-02-03,1,group_weighted_multinomial_logistic_gam,0.08634199045392929,0.07405966916741175,0.9080779360501346,0.8826677722854528,1.3537108067951995e-76,0.019609131759689757,0.005580073495936052,0.023663426787445586,1.0,1.0
2023-02-07,2023-02-06,1,group_weighted_multinomial_logistic_gam,0.08634199045392929,0.07140253332633523,0.9080779360501346,0.8968948938616208,1.3537108067951995e-76,0.014163515654195515,0.005580073495936052,0.01753905715784838,1.0,1.0
2023-02-08,2023-02-07,1,group_weighted_multinomial_logistic_gam,0.08634199045392929,0.09587343069044817,0.9080779360501346,0.8760859034483572,1.3537108067951995e-76,0.013628542642483938,0.005580073495936052,0.014412123218710647,1.0,1.0
2023-02-09,2023-02-08,1,group_weighted_multinomial_logistic_gam,0.08634199045392929,0.07613030463202741,0.9080779360501346,0.8982925619340385,1.3537108067951995e-76,0.013445556874116148,0.005580073495936052,0.012131576559817859,1.0,1.0
2023-02-10,2023-02-09,1,group_weighted_multinomial_logistic_gam,0.08634199045392929,0.05815554908379734,0.9080779360501346,0.9232694122430736,1.3537108067951995e-76,0.008597649296184486,0.005580073495936052,0.009977389376944807,1.0,1.0000000000000002
2023-02-13,2023-02-10,1,group_weighted_multinomial_logistic_gam,0.08634199045392929,0.04974303278881745,0.9080779360501346,0.9348675440442195,1.3537108067951995e-76,0.006196277189824374,0.005580073495936052,0.009193145977138634,1.0,0.9999999999999999
2023-02-14,2023-02-13,1,group_weighted_multinomial_logistic_gam,0.08634199045392929,0.06863997076126883,0.9080779360501346,0.9124001701747788,1.3537108067951995e-76,0.008536052926358029,0.005580073495936052,0.01042380613759426,1.0,1.0
2023-02-15,2023-02-14,0,group_weighted_multinomial_logistic_gam,0.9505394000413604,0.7554817911057927,0.025470001780594585,0.1026158336894124,0.023757427860250556,0.10322059066379206,0.00023317031779450392,0.03868178454100281,1.0,1.0
2023-02-16,2023-02-15,1,group_weighted_multinomial_logistic_gam,0.08634199045392929,0.24594589739975944,0.9080779360501346,0.5847817881418669,1.3537108067951995e-76,0.10430071459525231,0.005580073495936052,0.0649715998631214,1.0,1.0
2023-02-17,2023-02-16,1,group_weighted_multinomial_logistic_gam,0.08634199045392929,0.16188930204510096,0.9080779360501346,0.7529704940235106,1.3537108067951995e-76,0.0495574308008868,0.005580073495936052,0.035582773130501684,1.0,1.0
2023-02-21,2023-02-17,1,group_weighted_multinomial_logistic_gam,0.08634199045392929,0.13603961796757605,0.9080779360501346,0.7885409869156612,1.3537108067951995e-76,0.041526611358540376,0.005580073495936052,0.033892783758222286,1.0,0.9999999999999999
2023-02-22,2023-02-21,1,group_weighted_multinomial_logistic_gam,0.08634199045392929,0.0757726574625781,0.9080779360501346,0.88859626100236,1.3537108067951995e-76,0.01683606867199846,0.005580073495936052,0.018795012863063523,1.0,1.0000000000000002
2023-02-23,2023-02-22,1,group_weighted_multinomial_logistic_gam,0.08634199045392929,0.10657634132696205,0.9080779360501346,0.8482751846091406,1.3537108067951995e-76,0.02399349382646075,0.005580073495936052,0.021154980237436605,1.0,1.0
2023-02-24,2023-02-23,1,group_weighted_multinomial_logistic_gam,0.08634199045392929,0.12023411004110894,0.9080779360501346,0.8437208063886903,1.3537108067951995e-76,0.019801390891592278,0.005580073495936052,0.016243692678608403,1.0,0.9999999999999999
2023-02-27,2023-02-24,1,group_weighted_multinomial_logistic_gam,0.08634199045392929,0.06094104693428818,0.9080779360501346,0.918369828929012,1.3537108067951995e-76,0.009512966882706943,0.005580073495936052,0.011176157253992866,1.0,1.0
2023-02-28,2023-02-27,0,group_weighted_multinomial_logistic_gam,0.9505394000413604,0.7641715027039213,0.025470001780594585,0.09005925694457399,0.023757427860250556,0.10904040542111496,0.00023317031779450392,0.036728834930389684,1.0,0.9999999999999999
2023-03-01,2023-02-28,0,group_weighted_multinomial_logistic_gam,0.9505394000413604,0.8241143678780306,0.025470001780594585,0.07381432990570873,0.023757427860250556,0.07774710245336479,0.00023317031779450392,0.024324199762895835,1.0,0.9999999999999999
2023-03-02,2023-03-01,0,group_weighted_multinomial_logistic_gam,0.9505394000413604,0.8674237069726355,0.025470001780594585,0.06609310511493129,0.023757427860250556,0.050271314338203275,0.00023317031779450392,0.016211873574229804,1.0,0.9999999999999999
2023-03-03,2023-03-02,1,group_weighted_multinomial_logistic_gam,0.08634199045392929,0.2577369381252635,0.9080779360501346,0.5773570812336101,1.3537108067951995e-76,0.10055085442665501,0.005580073495936052,0.06435512621447141,1.0,1.0
2023-03-06,2023-03-03,1,group_weighted_multinomial_logistic_gam,0.08634199045392929,0.28945492117912475,0.9080779360501346,0.5737761286605402,1.3537108067951995e-76,0.08298388014665325,0.005580073495936052,0.05378507001368197,1.0,1.0000000000000002
2023-03-07,2023-03-06,1,group_weighted_multinomial_logistic_gam,0.08634199045392929,0.16524049500194316,0.9080779360501346,0.7682123777260469,1.3537108067951995e-76,0.03913454186771945,0.005580073495936052,0.027412585404290635,1.0,1.0000000000000002
2023-03-08,2023-03-07,1,group_weighted_multinomial_logistic_gam,0.08634199045392929,0.09327353912611308,0.9080779360501346,0.8570435541730314,1.3537108067951995e-76,0.025055403588441896,0.005580073495936052,0.02462750311241365,1.0,1.0
2023-03-09,2023-03-08,2,group_weighted_multinomial_logistic_gam,0.06274939193076978,0.21283290795319754,9.761755794767467e-34,0.0964562518842426,0.9124496868848444,0.5963585749968946,0.02480092118438586,0.09435226516566522,1.0,1.0
2023-03-10,2023-03-09,2,group_weighted_multinomial_logistic_gam,0.06274939193076978,0.12774860217371134,9.761755794767467e-34,0.05117640641444502,0.9124496868848444,0.7644579198578526,0.02480092118438586,0.056617071553990934,1.0,0.9999999999999999
2023-03-13,2023-03-10,2,group_weighted_multinomial_logistic_gam,0.06274939193076978,0.09371473133255308,9.761755794767467e-34,0.02058161100688155,0.9124496868848444,0.8389295524039041,0.02480092118438586,0.04677410525666126,1.0,1.0
2023-03-14,2023-03-13,2,group_weighted_multinomial_logistic_gam,0.06274939193076978,0.08939058759355258,9.761755794767467e-34,0.020966748049533537,0.9124496868848444,0.8551710763211784,0.02480092118438586,0.03447158803573539,1.0,0.9999999999999999
2023-03-15,2023-03-14,2,group_weighted_multinomial_logistic_gam,0.06274939193076978,0.07962394903935052,9.761755794767467e-34,0.02004180464487272,0.9124496868848444,0.8606998327018947,0.02480092118438586,0.03963441361388225,1.0,1.0000000000000002
2023-03-16,2023-03-15,2,group_weighted_multinomial_logistic_gam,0.06274939193076978,0.04283046807245185,9.761755794767467e-34,0.010184822894275433,0.9124496868848444,0.9169616239070006,0.02480092118438586,0.03002308512627224,1.0,1.0000000000000002
2023-03-17,2023-03-16,2,group_weighted_multinomial_logistic_gam,0.06274939193076978,0.08003596093024258,9.761755794767467e-34,0.014700650067037043,0.9124496868848444,0.8719290266738244,0.02480092118438586,0.03333436232889586,1.0,0.9999999999999999
2023-03-20,2023-03-17,2,group_weighted_multinomial_logistic_gam,0.06274939193076978,0.04724818062358315,9.761755794767467e-34,0.008476237987494932,0.9124496868848444,0.9216613325343787,0.02480092118438586,0.022614248854543276,1.0,1.0
2023-03-21,2023-03-20,2,group_weighted_multinomial_logistic_gam,0.06274939193076978,0.052768080878207425,9.761755794767467e-34,0.010237130993893876,0.9124496868848444,0.9127461296417643,0.02480092118438586,0.024248658486134566,1.0,1.0000000000000002
2023-03-22,2023-03-21,2,group_weighted_multinomial_logistic_gam,0.06274939193076978,0.05458449229246442,9.761755794767467e-34,0.007545709262341739,0.9124496868848444,0.9188637191934291,0.02480092118438586,0.019006079251764632,1.0,1.0
2023-03-23,2023-03-22,2,group_weighted_multinomial_logistic_gam,0.06274939193076978,0.03453497091736024,9.761755794767467e-34,0.0049462941969783646,0.9124496868848444,0.946339653798987,0.02480092118438586,0.014179081086674403,1.0,1.0
2023-03-24,2023-03-23,2,group_weighted_multinomial_logistic_gam,0.06274939193076978,0.041547918801326716,9.761755794767467e-34,0.005637477874549758,0.9124496868848444,0.9372155610801541,0.02480092118438586,0.01559904224396942,1.0,1.0
2023-03-27,2023-03-24,2,group_weighted_multinomial_logistic_gam,0.06274939193076978,0.03918273304671754,9.761755794767467e-34,0.005888106388612173,0.9124496868848444,0.936434075138822,0.02480092118438586,0.018495085425848188,1.0,1.0
2023-03-28,2023-03-27,2,group_weighted_multinomial_logistic_gam,0.06274939193076978,0.046031413966803915,9.761755794767467e-34,0.00762464282262041,0.9124496868848444,0.9270377825376748,0.02480092118438586,0.01930616067290089,1.0,1.0
2023-03-29,2023-03-28,2,group_weighted_multinomial_logistic_gam,0.06274939193076978,0.03328875558884768,9.761755794767467e-34,0.005322668738444713,0.9124496868848444,0.9452284560554256,0.02480092118438586,0.01616011961728203,1.0,1.0
2023-03-30,2023-03-29,2,group_weighted_multinomial_logistic_gam,0.06274939193076978,0.03293338282913409,9.761755794767467e-34,0.003815955723980797,0.9124496868848444,0.9497086156911964,0.02480092118438586,0.013542045755688799,1.0,1.0
2023-03-31,2023-03-30,0,group_weighted_multinomial_logistic_gam,0.9505394000413604,0.7773559374411516,0.025470001780594585,0.08253936909663907,0.023757427860250556,0.10547771148172297,0.00023317031779450392,0.03462698198048623,1.0,0.9999999999999999
2023-04-03,2023-03-31,2,group_weighted_multinomial_logistic_gam,0.06274939193076978,0.2453111527965342,9.761755794767467e-34,0.06308565211623415,0.9124496868848444,0.6153165896498004,0.02480092118438586,0.07628660543743127,1.0,1.0
2023-04-04,2023-04-03,0,group_weighted_multinomial_logistic_gam,0.9505394000413604,0.7937830567734628,0.025470001780594585,0.07571762859977291,0.023757427860250556,0.1002904354995566,0.00023317031779450392,0.030208879127207662,1.0,1.0
2023-04-05,2023-04-04,0,group_weighted_multinomial_logistic_gam,0.9505394000413604,0.8278579551830354,0.025470001780594585,0.06754533010511873,0.023757427860250556,0.08175417206641603,0.00023317031779450392,0.022842542645429946,1.0,1.0
2023-04-06,2023-04-05,0,group_weighted_multinomial_logistic_gam,0.9505394000413604,0.8663465031801963,0.025470001780594585,0.05580513927954996,0.023757427860250556,0.06028626435745967,0.00023317031779450392,0.01756209318279411,1.0,1.0
2023-04-10,2023-04-06,0,group_weighted_multinomial_logistic_gam,0.9505394000413604,0.8942192605597795,0.025470001780594585,0.044175725312774486,0.023757427860250556,0.04917329069053232,0.00023317031779450392,0.012431723436913648,1.0,1.0
2023-04-11,2023-04-10,0,group_weighted_multinomial_logistic_gam,0.9505394000413604,0.9033249800764266,0.025470001780594585,0.048863870644378415,0.023757427860250556,0.03691678000117187,0.00023317031779450392,0.010894369278023274,1.0,1.0
2023-04-12,2023-04-11,0,group_weighted_multinomial_logistic_gam,0.9505394000413604,0.9258950654799624,0.025470001780594585,0.03300177150341644,0.023757427860250556,0.03378130468026759,0.00023317031779450392,0.007321858336353513,1.0,0.9999999999999999
2023-04-13,2023-04-12,0,group_weighted_multinomial_logistic_gam,0.9505394000413604,0.9331846640545017,0.025470001780594585,0.03042809433326485,0.023757427860250556,0.030392171989075963,0.00023317031779450392,0.005995069623157572,1.0,1.0000000000000002
2023-04-14,2023-04-13,0,group_weighted_multinomial_logistic_gam,0.9505394000413604,0.9416449549830115,0.025470001780594585,0.026869847809112266,0.023757427860250556,0.025865947175285307,0.00023317031779450392,0.005619250032590854,1.0,1.0
2023-04-17,2023-04-14,0,group_weighted_multinomial_logistic_gam,0.9505394000413604,0.9409013113396113,0.025470001780594585,0.029298951583184147,0.023757427860250556,0.024702138738465187,0.00023317031779450392,0.00509759833873932,1.0,1.0
2023-04-18,2023-04-17,0,group_weighted_multinomial_logistic_gam,0.9505394000413604,0.9406465107783696,0.025470001780594585,0.030115041371564098,0.023757427860250556,0.023839458554009138,0.00023317031779450392,0.005398989296057154,1.0,1.0
2023-04-19,2023-04-18,0,group_weighted_multinomial_logistic_gam,0.9505394000413604,0.9511503966361782,0.025470001780594585,0.02206688118576421,0.023757427860250556,0.022715703175697478,0.00023317031779450392,0.004067019002360134,1.0,1.0
2023-04-20,2023-04-19,0,group_weighted_multinomial_logistic_gam,0.9505394000413604,0.9425439019067734,0.025470001780594585,0.027356068578397674,0.023757427860250556,0.02508431404087822,0.00023317031779450392,0.005015715473950901,1.0,1.0000000000000002
2023-04-21,2023-04-20,0,group_weighted_multinomial_logistic_gam,0.9505394000413604,0.9496997113284086,0.025470001780594585,0.021656151159484195,0.023757427860250556,0.02466336440031263,0.00023317031779450392,0.003980773111794807,1.0,1.0000000000000002
2023-04-24,2023-04-21,0,group_weighted_multinomial_logistic_gam,0.9505394000413604,0.9560501899479275,0.025470001780594585,0.021139772970447765,0.023757427860250556,0.019514092447530593,0.00023317031779450392,0.003295944634094248,1.0,1.0
2023-04-25,2023-04-24,0,group_weighted_multinomial_logistic_gam,0.9505394000413604,0.961316803710427,0.025470001780594585,0.016648190080645144,0.023757427860250556,0.01914459783752555,0.00023317031779450392,0.002890408371401983,1.0,0.9999999999999997
2023-04-26,2023-04-25,0,group_weighted_multinomial_logistic_gam,0.9505394000413604,0.9552630316673446,0.025470001780594585,0.017267272192897143,0.023757427860250556,0.024383843437313278,0.00023317031779450392,0.0030858527024450635,1.0,1.0
2023-04-27,2023-04-26,0,group_weighted_multinomial_logistic_gam,0.9505394000413604,0.9563800801156198,0.025470001780594585,0.02161583051884794,0.023757427860250556,0.018931965680101772,0.00023317031779450392,0.0030721236854305573,1.0,1.0000000000000002
2023-04-28,2023-04-27,0,group_weighted_multinomial_logistic_gam,0.9505394000413604,0.966631644955126,0.025470001780594585,0.016485803930584464,0.023757427860250556,0.014263961394173118,0.00023317031779450392,0.0026185897201165447,1.0,1.0
2023-05-01,2023-04-28,2,group_weighted_multinomial_logistic_gam,0.06274939193076978,0.24682955843955767,9.761755794767467e-34,0.06691298422934518,0.9124496868848444,0.6087456231028199,0.02480092118438586,0.07751183422827729,1.0,1.0
2023-05-02,2023-05-01,2,group_weighted_multinomial_logistic_gam,0.06274939193076978,0.1552593156686108,9.761755794767467e-34,0.0715553906019287,0.9124496868848444,0.6943048845107339,0.02480092118438586,0.0788804092187266,1.0,1.0
2023-05-03,2023-05-02,2,group_weighted_multinomial_logistic_gam,0.06274939193076978,0.0782721344505892,9.761755794767467e-34,0.022279808924485497,0.9124496868848444,0.8512336057529228,0.02480092118438586,0.04821445087200252,1.0,1.0
2023-05-04,2023-05-03,2,group_weighted_multinomial_logistic_gam,0.06274939193076978,0.0820543489949092,9.761755794767467e-34,0.019420543726904986,0.9124496868848444,0.865217882839761,0.02480092118438586,0.03330722443842489,1.0,1.0
2023-05-05,2023-05-04,2,group_weighted_multinomial_logistic_gam,0.06274939193076978,0.08269533456002001,9.761755794767467e-34,0.02275779848190863,0.9124496868848444,0.8595575908638866,0.02480092118438586,0.03498927609418482,1.0,1.0
2023-05-08,2023-05-05,2,group_weighted_multinomial_logistic_gam,0.06274939193076978,0.09118073190604584,9.761755794767467e-34,0.016805742350920534,0.9124496868848444,0.8577764072251401,0.02480092118438586,0.03423711851789358,1.0,1.0000000000000002
2023-05-09,2023-05-08,2,group_weighted_multinomial_logistic_gam,0.06274939193076978,0.07007794394007465,9.761755794767467e-34,0.016528742001879766,0.9124496868848444,0.8826436545249289,0.02480092118438586,0.03074965953311661,1.0,0.9999999999999999
2023-05-10,2023-05-09,2,group_weighted_multinomial_logistic_gam,0.06274939193076978,0.05646388835645417,9.761755794767467e-34,0.011769436789466244,0.9124496868848444,0.9072888299284574,0.02480092118438586,0.024477844925622057,1.0,0.9999999999999999
2023-05-11,2023-05-10,2,group_weighted_multinomial_logistic_gam,0.06274939193076978,0.04619459875638908,9.761755794767467e-34,0.006816642683131581,0.9124496868848444,0.9270429517617507,0.02480092118438586,0.019945806798728698,1.0,1.0
2023-05-12,2023-05-11,2,group_weighted_multinomial_logistic_gam,0.06274939193076978,0.037633822474855236,9.761755794767467e-34,0.0061477118664543026,0.9124496868848444,0.9372149622102299,0.02480092118438586,0.019003503448460593,1.0,1.0
2023-05-15,2023-05-12,0,group_weighted_multinomial_logistic_gam,0.9505394000413604,0.7350155411497054,0.025470001780594585,0.11489558563038563,0.023757427860250556,0.10757388778787161,0.00023317031779450392,0.04251498543203749,1.0,1.0
2023-05-16,2023-05-15,0,group_weighted_multinomial_logistic_gam,0.9505394000413604,0.8268008739148498,0.025470001780594585,0.08213891121739537,0.023757427860250556,0.06645395439759123,0.00023317031779450392,0.024606260470163725,1.0,1.0000000000000002
2023-05-17,2023-05-16,0,group_weighted_multinomial_logistic_gam,0.9505394000413604,0.8537137986745255,0.025470001780594585,0.0663536925818215,0.023757427860250556,0.061588609096087155,0.00023317031779450392,0.018343899647565977,1.0,1.0
2023-05-18,2023-05-17,0,group_weighted_multinomial_logistic_gam,0.9505394000413604,0.9041114328426977,0.025470001780594585,0.0433022129441068,0.023757427860250556,0.04083367013668726,0.00023317031779450392,0.01175268407650808,1.0,0.9999999999999999
2023-05-19,2023-05-18,0,group_weighted_multinomial_logistic_gam,0.9505394000413604,0.9066818497666129,0.025470001780594585,0.042982679688724636,0.023757427860250556,0.03934072737666209,0.00023317031779450392,0.01099474316800013,1.0,0.9999999999999997
2023-05-22,2023-05-19,0,group_weighted_multinomial_logistic_gam,0.9505394000413604,0.9204806047180362,0.025470001780594585,0.037110471556153435,0.023757427860250556,0.034576378220051676,0.00023317031779450392,0.007832545505758706,1.0,1.0
2023-05-23,2023-05-22,0,group_weighted_multinomial_logistic_gam,0.9505394000413604,0.9311279363651765,0.025470001780594585,0.031807002422883826,0.023757427860250556,0.030581134823495813,0.00023317031779450392,0.006483926388443882,1.0,1.0
2023-05-24,2023-05-23,0,group_weighted_multinomial_logistic_gam,0.9505394000413604,0.9321828391063127,0.025470001780594585,0.030682045134986468,0.023757427860250556,0.0313668540251484,0.00023317031779450392,0.005768261733552439,1.0,1.0
2023-05-25,2023-05-24,0,group_weighted_multinomial_logistic_gam,0.9505394000413604,0.9383920511669838,0.025470001780594585,0.030927790564201797,0.023757427860250556,0.02534200562473836,0.00023317031779450392,0.005338152644076104,1.0,1.0
2023-05-26,2023-05-25,0,group_weighted_multinomial_logistic_gam,0.9505394000413604,0.9418389096153464,0.025470001780594585,0.026667934947508506,0.023757427860250556,0.02587958904383172,0.00023317031779450392,0.005613566393313551,1.0,1.0000000000000002
2023-05-30,2023-05-26,0,group_weighted_multinomial_logistic_gam,0.9505394000413604,0.9566335562015466,0.025470001780594585,0.019939514218695418,0.023757427860250556,0.01956056029594338,0.00023317031779450392,0.003866369283814678,1.0,1.0
2023-05-31,2023-05-30,0,group_weighted_multinomial_logistic_gam,0.9505394000413604,0.9494292400226761,0.025470001780594585,0.017295024438193085,0.023757427860250556,0.02914310448004075,0.00023317031779450392,0.004132631059090086,1.0,1.0
2023-06-01,2023-05-31,0,group_weighted_multinomial_logistic_gam,0.9505394000413604,0.9496761995357641,0.025470001780594585,0.022027708528813736,0.023757427860250556,0.024166939499182465,0.00023317031779450392,0.004129152436239469,1.0,0.9999999999999998
2023-06-02,2023-06-01,0,group_weighted_multinomial_logistic_gam,0.9505394000413604,0.964016007845608,0.025470001780594585,0.016248270846965184,0.023757427860250556,0.016959111568907025,0.00023317031779450392,0.0027766097385195716,1.0,0.9999999999999999
2023-06-05,2023-06-02,0,group_weighted_multinomial_logistic_gam,0.9505394000413604,0.9672162463746405,0.025470001780594585,0.016284756067157687,0.023757427860250556,0.01399943655469842,0.00023317031779450392,0.0024995610035034995,1.0,1.0000000000000002
2023-06-06,2023-06-05,0,group_weighted_multinomial_logistic_gam,0.9505394000413604,0.9609253716621511,0.025470001780594585,0.018240094792534287,0.023757427860250556,0.018168995172932353,0.00023317031779450392,0.0026655383723823605,1.0,1.0
2023-06-07,2023-06-06,0,group_weighted_multinomial_logistic_gam,0.9505394000413604,0.9635717483316234,0.025470001780594585,0.016666230977516898,0.023757427860250556,0.017098072539451406,0.00023317031779450392,0.0026639481514083925,1.0,1.0
2023-06-08,2023-06-07,0,group_weighted_multinomial_logistic_gam,0.9505394000413604,0.962095532374939,0.025470001780594585,0.020339081299590528,0.023757427860250556,0.015010311515605584,0.00023317031779450392,0.0025550748098649902,1.0,1.0000000000000002
2023-06-09,2023-06-08,0,group_weighted_multinomial_logistic_gam,0.9505394000413604,0.966081264746376,0.025470001780594585,0.01439483627207878,0.023757427860250556,0.017033854152336807,0.00023317031779450392,0.0024900448292085302,1.0,1.0000000000000002
2023-06-12,2023-06-09,0,group_weighted_multinomial_logistic_gam,0.9505394000413604,0.9653212574287431,0.025470001780594585,0.016806076707666977,0.023757427860250556,0.015480453366560327,0.00023317031779450392,0.0023922124970296855,1.0,1.0
2023-06-13,2023-06-12,0,group_weighted_multinomial_logistic_gam,0.9505394000413604,0.9671102733369469,0.025470001780594585,0.014227526161485891,0.023757427860250556,0.016381267587566844,0.00023317031779450392,0.0022809329140002733,1.0,0.9999999999999999
2023-06-14,2023-06-13,0,group_weighted_multinomial_logistic_gam,0.9505394000413604,0.9724622548278625,0.025470001780594585,0.014524268001461811,0.023757427860250556,0.01122807472542434,0.00023317031779450392,0.0017854024452513737,1.0,1.0
2023-06-15,2023-06-14,0,group_weighted_multinomial_logistic_gam,0.9505394000413604,0.9691446708503315,0.025470001780594585,0.013761208480214419,0.023757427860250556,0.015069302539749453,0.00023317031779450392,0.002024818129704529,1.0,1.0
2023-06-16,2023-06-15,0,group_weighted_multinomial_logistic_gam,0.9505394000413604,0.9766250135931992,0.025470001780594585,0.010062134128441954,0.023757427860250556,0.011814516802498608,0.00023317031779450392,0.0014983354758602006,1.0,0.9999999999999999
2023-06-20,2023-06-16,0,group_weighted_multinomial_logistic_gam,0.9505394000413604,0.9726146356488548,0.025470001780594585,0.014176967611049902,0.023757427860250556,0.011601609117211892,0.00023317031779450392,0.001606787622883605,1.0,1.0000000000000002
2023-06-21,2023-06-20,0,group_weighted_multinomial_logistic_gam,0.9505394000413604,0.9678473078194619,0.025470001780594585,0.014226749276007563,0.023757427860250556,0.015953038884304604,0.00023317031779450392,0.0019729040202260627,1.0,1.0000000000000002
2023-06-22,2023-06-21,0,group_weighted_multinomial_logistic_gam,0.9505394000413604,0.9739638668833145,0.025470001780594585,0.012953769393712644,0.023757427860250556,0.011604526669544644,0.00023317031779450392,0.0014778370534281895,1.0,0.9999999999999999
2023-06-23,2023-06-22,0,group_weighted_multinomial_logistic_gam,0.9505394000413604,0.9694429689908494,0.025470001780594585,0.015277631381057317,0.023757427860250556,0.013392540254210675,0.00023317031779450392,0.001886859373882437,1.0,0.9999999999999998
2023-06-26,2023-06-23,0,group_weighted_multinomial_logistic_gam,0.9505394000413604,0.9700524097849615,0.025470001780594585,0.013217422569595983,0.023757427860250556,0.01496774370507824,0.00023317031779450392,0.0017624239403641181,1.0,0.9999999999999999
2023-06-27,2023-06-26,0,group_weighted_multinomial_logistic_gam,0.9505394000413604,0.9741721300159425,0.025470001780594585,0.012272889113473793,0.023757427860250556,0.012153986583941847,0.00023317031779450392,0.0014009942866418728,1.0,1.0
2023-06-28,2023-06-27,0,group_weighted_multinomial_logistic_gam,0.9505394000413604,0.9735578742334987,0.025470001780594585,0.01250657255668252,0.023757427860250556,0.01226834673008721,0.00023317031779450392,0.0016672064797318355,1.0,1.0000000000000002
2023-06-29,2023-06-28,0,group_weighted_multinomial_logistic_gam,0.9505394000413604,0.975220482081007,0.025470001780594585,0.011344362305772421,0.023757427860250556,0.012068397956035893,0.00023317031779450392,0.0013667576571846653,1.0,0.9999999999999999
2023-06-30,2023-06-29,0,group_weighted_multinomial_logistic_gam,0.9505394000413604,0.9732713967598453,0.025470001780594585,0.014843254709237114,0.023757427860250556,0.010282028473836746,0.00023317031779450392,0.0016033200570808271,1.0,1.0
2023-07-03,2023-06-30,0,group_weighted_multinomial_logistic_gam,0.9505394000413604,0.9798024882729929,0.025470001780594585,0.008594019709669012,0.023757427860250556,0.010405331331212976,0.00023317031779450392,0.0011981606861250574,1.0,1.0
2023-07-05,2023-07-03,0,group_weighted_multinomial_logistic_gam,0.9505394000413604,0.975899654956986,0.025470001780594585,0.01183363833415001,0.023757427860250556,0.010990581252095033,0.00023317031779450392,0.0012761254567690548,1.0,1.0000000000000002
2023-07-06,2023-07-05,0,group_weighted_multinomial_logistic_gam,0.9505394000413604,0.9772131354179695,0.025470001780594585,0.01264070998529941,0.023757427860250556,0.008950732263161227,0.00023317031779450392,0.001195422333569934,1.0,1.0
2023-07-07,2023-07-06,0,group_weighted_multinomial_logistic_gam,0.9505394000413604,0.9687911748234912,0.025470001780594585,0.018485270074652983,0.023757427860250556,0.010917381027638099,0.00023317031779450392,0.0018061740742177053,1.0,0.9999999999999999
2023-07-10,2023-07-07,0,group_weighted_multinomial_logistic_gam,0.9505394000413604,0.9769732090416905,0.025470001780594585,0.012157823113946975,0.023757427860250556,0.009705569416042477,0.00023317031779450392,0.0011633984283201655,1.0,1.0000000000000002
2023-07-11,2023-07-10,0,group_weighted_multinomial_logistic_gam,0.9505394000413604,0.9786652478149228,0.025470001780594585,0.009883512574508504,0.023757427860250556,0.01037646952215103,0.00023317031779450392,0.0010747700884176376,1.0,0.9999999999999999
2023-07-12,2023-07-11,0,group_weighted_multinomial_logistic_gam,0.9505394000413604,0.982612564429625,0.025470001780594585,0.008029686287913926,0.023757427860250556,0.008475110149850926,0.00023317031779450392,0.0008826391326100659,1.0,0.9999999999999999
2023-07-13,2023-07-12,0,group_weighted_multinomial_logistic_gam,0.9505394000413604,0.9827966101692933,0.025470001780594585,0.006443012348213709,0.023757427860250556,0.009948749741740719,0.00023317031779450392,0.0008116277407522601,1.0,1.0
2023-07-14,2023-07-13,0,group_weighted_multinomial_logistic_gam,0.9505394000413604,0.9838883321624617,0.025470001780594585,0.006705475053431133,0.023757427860250556,0.008621129008246572,0.00023317031779450392,0.0007850637758606349,1.0,1.0
2023-07-17,2023-07-14,0,group_weighted_multinomial_logistic_gam,0.9505394000413604,0.9781198342014761,0.025470001780594585,0.011614459052654916,0.023757427860250556,0.009130230341414702,0.00023317031779450392,0.001135476404454208,1.0,0.9999999999999999
2023-07-18,2023-07-17,0,group_weighted_multinomial_logistic_gam,0.9505394000413604,0.9782708911144947,0.025470001780594585,0.010269493349376482,0.023757427860250556,0.010352257993815867,0.00023317031779450392,0.0011073575423128548,1.0,0.9999999999999999
2023-07-19,2023-07-18,0,group_weighted_multinomial_logistic_gam,0.9505394000413604,0.9828864963288215,0.025470001780594585,0.008242795028573726,0.023757427860250556,0.008004823863300665,0.00023317031779450392,0.0008658847793042087,1.0,1.0000000000000002
2023-07-20,2023-07-19,0,group_weighted_multinomial_logistic_gam,0.9505394000413604,0.9809501769406027,0.025470001780594585,0.008589901170006839,0.023757427860250556,0.009466608595854385,0.00023317031779450392,0.0009933132935358666,1.0,0.9999999999999998
2023-07-21,2023-07-20,0,group_weighted_multinomial_logistic_gam,0.9505394000413604,0.9771261799656317,0.025470001780594585,0.012849277026945403,0.023757427860250556,0.00895009554475587,0.00023317031779450392,0.0010744474626672308,1.0,1.0000000000000002
2023-07-24,2023-07-21,0,group_weighted_multinomial_logistic_gam,0.9505394000413604,0.9814100606735329,0.025470001780594585,0.009170281288415424,0.023757427860250556,0.008545410906984885,0.00023317031779450392,0.0008742471310669592,1.0,1.0000000000000002
2023-07-25,2023-07-24,0,group_weighted_multinomial_logistic_gam,0.9505394000413604,0.9829775643085275,0.025470001780594585,0.008737239300245255,0.023757427860250556,0.007503080057641445,0.00023317031779450392,0.0007821163335858533,1.0,1.0
2023-07-26,2023-07-25,0,group_weighted_multinomial_logistic_gam,0.9505394000413604,0.9815289262250678,0.025470001780594585,0.009424957253595833,0.023757427860250556,0.008162155315120255,0.00023317031779450392,0.0008839612062160816,1.0,0.9999999999999999
2023-07-27,2023-07-26,0,group_weighted_multinomial_logistic_gam,0.9505394000413604,0.981075957792632,0.025470001780594585,0.008880317335748204,0.023757427860250556,0.009178847018451208,0.00023317031779450392,0.0008648778531685744,1.0,1.0
2023-07-28,2023-07-27,0,group_weighted_multinomial_logistic_gam,0.9505394000413604,0.9799940817335143,0.025470001780594585,0.011446767486763395,0.023757427860250556,0.0076507521426433375,0.00023317031779450392,0.0009083986370788774,1.0,1.0
2023-07-31,2023-07-28,0,group_weighted_multinomial_logistic_gam,0.9505394000413604,0.98347439107517,0.025470001780594585,0.007432591465969774,0.023757427860250556,0.008308783646320796,0.00023317031779450392,0.0007842338125394713,1.0,1.0
2023-08-01,2023-07-31,0,group_weighted_multinomial_logistic_gam,0.9505394000413604,0.9832002281663758,0.025470001780594585,0.007960559963754601,0.023757427860250556,0.008087141508546,0.00023317031779450392,0.0007520703613236108,1.0,0.9999999999999999
2023-08-02,2023-08-01,0,group_weighted_multinomial_logistic_gam,0.9505394000413604,0.9781133114721008,0.025470001780594585,0.01267532751383274,0.023757427860250556,0.008142440044955873,0.00023317031779450392,0.0010689209691107893,1.0,1.0000000000000002
2023-08-03,2023-08-02,0,group_weighted_multinomial_logistic_gam,0.9505394000413604,0.9748792376253292,0.025470001780594585,0.013905644446367542,0.023757427860250556,0.010076814023872067,0.00023317031779450392,0.0011383039044312003,1.0,1.0
2023-08-04,2023-08-03,2,group_weighted_multinomial_logistic_gam,0.06274939193076978,0.2324627570618452,9.761755794767467e-34,0.11977672486929061,0.9124496868848444,0.5541133287159612,0.02480092118438586,0.09364718935290307,1.0,1.0000000000000002
2023-08-07,2023-08-04,2,group_weighted_multinomial_logistic_gam,0.06274939193076978,0.14430935621918337,9.761755794767467e-34,0.0339598895282977,0.9124496868848444,0.7720768435988662,0.02480092118438586,0.04965391065365265,1.0,0.9999999999999999
2023-08-08,2023-08-07,2,group_weighted_multinomial_logistic_gam,0.06274939193076978,0.12240013432710886,9.761755794767467e-34,0.03411013551715642,0.9124496868848444,0.7954621867944636,0.02480092118438586,0.04802754336127124,1.0,1.0
2023-08-09,2023-08-08,2,group_weighted_multinomial_logistic_gam,0.06274939193076978,0.09374248121065841,9.761755794767467e-34,0.02181884932739171,0.9124496868848444,0.8455058131630172,0.02480092118438586,0.03893285629893265,1.0,1.0
2023-08-10,2023-08-09,0,group_weighted_multinomial_logistic_gam,0.9505394000413604,0.7543931788952697,0.025470001780594585,0.09868693295286546,0.023757427860250556,0.10910864102017774,0.00023317031779450392,0.03781124713168705,1.0,0.9999999999999999
2023-08-11,2023-08-10,2,group_weighted_multinomial_logistic_gam,0.06274939193076978,0.23084224382903937,9.761755794767467e-34,0.10155978697432917,0.9124496868848444,0.5829815506021919,0.02480092118438586,0.08461641859443966,1.0,1.0
2023-08-14,2023-08-11,0,group_weighted_multinomial_logistic_gam,0.9505394000413604,0.7373569913731949,0.025470001780594585,0.11188036518265052,0.023757427860250556,0.10839316391697829,0.00023317031779450392,0.042369479527176374,1.0,1.0
2023-08-15,2023-08-14,0,group_weighted_multinomial_logistic_gam,0.9505394000413604,0.815150434365013,0.025470001780594585,0.07927266616077808,0.023757427860250556,0.0774911886517571,0.00023317031779450392,0.028085710822451922,1.0,1.0
2023-08-16,2023-08-15,0,group_weighted_multinomial_logistic_gam,0.9505394000413604,0.8346809719273496,0.025470001780594585,0.07847157784217068,0.023757427860250556,0.06566011423069981,0.00023317031779450392,0.02118733599977999,1.0,1.0000000000000002
2023-08-17,2023-08-16,0,group_weighted_multinomial_logistic_gam,0.9505394000413604,0.8830746531240987,0.025470001780594585,0.05574161082689931,0.023757427860250556,0.048030647797922536,0.00023317031779450392,0.013153088251079383,1.0,1.0
2023-08-18,2023-08-17,0,group_weighted_multinomial_logistic_gam,0.9505394000413604,0.9030231976945433,0.025470001780594585,0.046586760915755296,0.023757427860250556,0.04035865773353708,0.00023317031779450392,0.010031383656164327,1.0,1.0
2023-08-21,2023-08-18,0,group_weighted_multinomial_logistic_gam,0.9505394000413604,0.9235654336946691,0.025470001780594585,0.0336645674835709,0.023757427860250556,0.03503394326682293,0.00023317031779450392,0.0077360555549370255,1.0,1.0
2023-08-22,2023-08-21,0,group_weighted_multinomial_logistic_gam,0.9505394000413604,0.9264871320071152,0.025470001780594585,0.03586189799504398,0.023757427860250556,0.030203695532087918,0.00023317031779450392,0.00744727446575285,1.0,1.0
2023-08-23,2023-08-22,0,group_weighted_multinomial_logistic_gam,0.9505394000413604,0.9367426734280014,0.025470001780594585,0.027164946902279292,0.023757427860250556,0.030253715612415084,0.00023317031779450392,0.005838664057304173,1.0,1.0
2023-08-24,2023-08-23,0,group_weighted_multinomial_logistic_gam,0.9505394000413604,0.9498649877916114,0.025470001780594585,0.0159001879340925,0.023757427860250556,0.02919611229854585,0.00023317031779450392,0.005038711975750248,1.0,1.0
2023-08-25,2023-08-24,1,group_weighted_multinomial_logistic_gam,0.08634199045392929,0.2556451679317756,0.9080779360501346,0.5925301822374762,1.3537108067951995e-76,0.09639859836844723,0.005580073495936052,0.05542605146230106,1.0,1.0
2023-08-28,2023-08-25,0,group_weighted_multinomial_logistic_gam,0.9505394000413604,0.7625805984909102,0.025470001780594585,0.09524579487163147,0.023757427860250556,0.10266824843872972,0.00023317031779450392,0.039505358198728545,1.0,0.9999999999999999
2023-08-29,2023-08-28,0,group_weighted_multinomial_logistic_gam,0.9505394000413604,0.839839491322685,0.025470001780594585,0.06286258595650948,0.023757427860250556,0.07527557649817218,0.00023317031779450392,0.022022346222633434,1.0,1.0
2023-08-30,2023-08-29,0,group_weighted_multinomial_logistic_gam,0.9505394000413604,0.8915249717432355,0.025470001780594585,0.038333511238420485,0.023757427860250556,0.05613763048461937,0.00023317031779450392,0.014003886533724334,1.0,0.9999999999999997
2023-08-31,2023-08-30,0,group_weighted_multinomial_logistic_gam,0.9505394000413604,0.9025825142169525,0.025470001780594585,0.04211694661201847,0.023757427860250556,0.04422381659312055,0.00023317031779450392,0.011076722577908425,1.0,0.9999999999999999
2023-09-01,2023-08-31,0,group_weighted_multinomial_logistic_gam,0.9505394000413604,0.9111521857424241,0.025470001780594585,0.03866497130652647,0.023757427860250556,0.04063908373283618,0.00023317031779450392,0.00954375921821321,1.0,1.0
2023-09-05,2023-09-01,0,group_weighted_multinomial_logistic_gam,0.9505394000413604,0.9230198771253207,0.025470001780594585,0.03964498899065574,0.023757427860250556,0.029452666153143257,0.00023317031779450392,0.007882467730880175,1.0,0.9999999999999999
2023-09-06,2023-09-05,0,group_weighted_multinomial_logistic_gam,0.9505394000413604,0.9231639935831845,0.025470001780594585,0.03978669488430563,0.023757427860250556,0.029755816219394254,0.00023317031779450392,0.007293495313115789,1.0,1.0000000000000002
2023-09-07,2023-09-06,0,group_weighted_multinomial_logistic_gam,0.9505394000413604,0.9277410524265214,0.025470001780594585,0.03531367918270185,0.023757427860250556,0.029966236182318695,0.00023317031779450392,0.006979032208458118,1.0,1.0000000000000002
2023-09-08,2023-09-07,0,group_weighted_multinomial_logistic_gam,0.9505394000413604,0.9418731512497021,0.025470001780594585,0.024830932326641134,0.023757427860250556,0.028499015113630025,0.00023317031779450392,0.00479690131002684,1.0,1.0
2023-09-11,2023-09-08,0,group_weighted_multinomial_logistic_gam,0.9505394000413604,0.9497428234969932,0.025470001780594585,0.021832028805960933,0.023757427860250556,0.02424853005495384,0.00023317031779450392,0.00417661764209205,1.0,1.0
2023-09-12,2023-09-11,0,group_weighted_multinomial_logistic_gam,0.9505394000413604,0.9519689300938606,0.025470001780594585,0.023250841857388887,0.023757427860250556,0.02078167905689024,0.00023317031779450392,0.003998548991860251,1.0,1.0
2023-09-13,2023-09-12,0,group_weighted_multinomial_logistic_gam,0.9505394000413604,0.9500140643907912,0.025470001780594585,0.02342705145958609,0.023757427860250556,0.02250842561427552,0.00023317031779450392,0.004050458535347219,1.0,1.0
2023-09-14,2023-09-13,0,group_weighted_multinomial_logistic_gam,0.9505394000413604,0.9562262623713816,0.025470001780594585,0.020245792928174,0.023757427860250556,0.020186193939326923,0.00023317031779450392,0.003341750761117486,1.0,1.0
2023-09-15,2023-09-14,0,group_weighted_multinomial_logistic_gam,0.9505394000413604,0.9633244277440267,0.025470001780594585,0.017672524753153878,0.023757427860250556,0.016280989062779205,0.00023317031779450392,0.0027220584400402576,1.0,1.0
2023-09-18,2023-09-15,0,group_weighted_multinomial_logistic_gam,0.9505394000413604,0.9533067290199333,0.025470001780594585,0.023648964060579685,0.023757427860250556,0.01979128294947599,0.00023317031779450392,0.0032530239700110817,1.0,1.0
2023-09-19,2023-09-18,0,group_weighted_multinomial_logistic_gam,0.9505394000413604,0.9594673748816411,0.025470001780594585,0.01844943048581281,0.023757427860250556,0.019048446828829474,0.00023317031779450392,0.003034747803716475,1.0,0.9999999999999999
2023-09-20,2023-09-19,0,group_weighted_multinomial_logistic_gam,0.9505394000413604,0.9608394806429702,0.025470001780594585,0.019636364019206844,0.023757427860250556,0.01680777001377369,0.00023317031779450392,0.0027163853240492006,1.0,0.9999999999999999
2023-09-21,2023-09-20,0,group_weighted_multinomial_logistic_gam,0.9505394000413604,0.9618882158875015,0.025470001780594585,0.018205721729249544,0.023757427860250556,0.017361876632249005,0.00023317031779450392,0.002544185751000095,1.0,1.0
2023-09-22,2023-09-21,2,group_weighted_multinomial_logistic_gam,0.06274939193076978,0.19410829136463123,9.761755794767467e-34,0.1270376960089018,0.9124496868848444,0.5836252913652106,0.02480092118438586,0.0952287212612563,1.0,0.9999999999999999
2023-09-25,2023-09-22,2,group_weighted_multinomial_logistic_gam,0.06274939193076978,0.14450251265975228,9.761755794767467e-34,0.042401169170335505,0.9124496868848444,0.7579348748184132,0.02480092118438586,0.05516144335149914,1.0,1.0
2023-09-26,2023-09-25,2,group_weighted_multinomial_logistic_gam,0.06274939193076978,0.12553170022800758,9.761755794767467e-34,0.044710276348343035,0.9124496868848444,0.7705492046606123,0.02480092118438586,0.05920881876303703,1.0,1.0
2023-09-27,2023-09-26,2,group_weighted_multinomial_logistic_gam,0.06274939193076978,0.08973834106133281,9.761755794767467e-34,0.029560096974705217,0.9124496868848444,0.8392853761528452,0.02480092118438586,0.041416185811116994,1.0,1.0000000000000002
2023-09-28,2023-09-27,2,group_weighted_multinomial_logistic_gam,0.06274939193076978,0.08570954272552588,9.761755794767467e-34,0.023300545693860517,0.9124496868848444,0.8519626264916006,0.02480092118438586,0.03902728508901294,1.0,1.0
2023-09-29,2023-09-28,2,group_weighted_multinomial_logistic_gam,0.06274939193076978,0.06307755817232784,9.761755794767467e-34,0.014605349125446787,0.9124496868848444,0.890450944512037,0.02480092118438586,0.03186614819018842,1.0,1.0
2023-10-02,2023-09-29,1,group_weighted_multinomial_logistic_gam,0.08634199045392929,0.2728989362836453,0.9080779360501346,0.552829805757663,1.3537108067951995e-76,0.11163090813225555,0.005580073495936052,0.06264034982643599,1.0,0.9999999999999999
2023-10-03,2023-10-02,1,group_weighted_multinomial_logistic_gam,0.08634199045392929,0.14734176179684078,0.9080779360501346,0.765825416365235,1.3537108067951995e-76,0.04418335450382653,0.005580073495936052,0.042649467334097836,1.0,1.0000000000000002
2023-10-04,2023-10-03,1,group_weighted_multinomial_logistic_gam,0.08634199045392929,0.09332034801017997,0.9080779360501346,0.8538718845819563,1.3537108067951995e-76,0.025285119615309777,0.005580073495936052,0.0275226477925538,1.0,0.9999999999999998
2023-10-05,2023-10-04,1,group_weighted_multinomial_logistic_gam,0.08634199045392929,0.12587431674985564,0.9080779360501346,0.8008268049648674,1.3537108067951995e-76,0.03969098134649739,0.005580073495936052,0.03360789693877958,1.0,1.0
2023-10-06,2023-10-05,1,group_weighted_multinomial_logistic_gam,0.08634199045392929,0.10435559195975594,0.9080779360501346,0.8582852115023868,1.3537108067951995e-76,0.020130172339522464,0.005580073495936052,0.017229024198334875,1.0,1.0
2023-10-10,2023-10-06,0,group_weighted_multinomial_logistic_gam,0.9505394000413604,0.761993772637088,0.025470001780594585,0.10430787069243028,0.023757427860250556,0.09362827129114938,0.00023317031779450392,0.0400700853793324,1.0,1.0
2023-10-11,2023-10-10,1,group_weighted_multinomial_logistic_gam,0.08634199045392929,0.3813478132649507,0.9080779360501346,0.41024548154620577,1.3537108067951995e-76,0.14001166852426997,0.005580073495936052,0.06839503666457339,1.0,0.9999999999999998
2023-10-12,2023-10-11,1,group_weighted_multinomial_logistic_gam,0.08634199045392929,0.23091523385152293,0.9080779360501346,0.6336017460657016,1.3537108067951995e-76,0.08128731275967509,0.005580073495936052,0.05419570732310045,1.0,1.0
2023-10-13,2023-10-12,2,group_weighted_multinomial_logistic_gam,0.06274939193076978,0.2198234872578875,9.761755794767467e-34,0.12022589782194117,0.9124496868848444,0.5658813723577872,0.02480092118438586,0.09406924256238408,1.0,1.0
2023-10-16,2023-10-13,2,group_weighted_multinomial_logistic_gam,0.06274939193076978,0.165057450065069,9.761755794767467e-34,0.04397092360631455,0.9124496868848444,0.7310594805339118,0.02480092118438586,0.059912145794704774,1.0,1.0
2023-10-17,2023-10-16,2,group_weighted_multinomial_logistic_gam,0.06274939193076978,0.12422139654902706,9.761755794767467e-34,0.03780755813898974,0.9124496868848444,0.7849467775460106,0.02480092118438586,0.053024267765972605,1.0,1.0
2023-10-18,2023-10-17,2,group_weighted_multinomial_logistic_gam,0.06274939193076978,0.10258651577355327,9.761755794767467e-34,0.0338416329095576,0.9124496868848444,0.8134773301693129,0.02480092118438586,0.0500945211475761,1.0,0.9999999999999998
2023-10-19,2023-10-18,1,group_weighted_multinomial_logistic_gam,0.08634199045392929,0.2227921386784148,0.9080779360501346,0.6371990495127476,1.3537108067951995e-76,0.08264625842776904,0.005580073495936052,0.05736255338106855,1.0,1.0
2023-10-20,2023-10-19,2,group_weighted_multinomial_logistic_gam,0.06274939193076978,0.21919220634358413,9.761755794767467e-34,0.10988294480657723,0.9124496868848444,0.589256397159459,0.02480092118438586,0.08166845169037969,1.0,1.0
2023-10-23,2023-10-20,2,group_weighted_multinomial_logistic_gam,0.06274939193076978,0.1429007865751363,9.761755794767467e-34,0.04741899083287059,0.9124496868848444,0.7559149958290986,0.02480092118438586,0.05376522676289453,1.0,1.0
2023-10-24,2023-10-23,2,group_weighted_multinomial_logistic_gam,0.06274939193076978,0.10350524018474092,9.761755794767467e-34,0.026983744266030996,0.9124496868848444,0.8220628543517668,0.02480092118438586,0.04744816119746119,1.0,1.0
2023-10-25,2023-10-24,2,group_weighted_multinomial_logistic_gam,0.06274939193076978,0.09386404844582244,9.761755794767467e-34,0.017501548135818307,0.9124496868848444,0.8525775978606873,0.02480092118438586,0.03605680555767193,1.0,0.9999999999999999
2023-10-26,2023-10-25,2,group_weighted_multinomial_logistic_gam,0.06274939193076978,0.08582326507994627,9.761755794767467e-34,0.02743121380507206,0.9124496868848444,0.8489376392749097,0.02480092118438586,0.03780788184007195,1.0,1.0
2023-10-27,2023-10-26,2,group_weighted_multinomial_logistic_gam,0.06274939193076978,0.05285851043934749,9.761755794767467e-34,0.011586948797363047,0.9124496868848444,0.9081302386522314,0.02480092118438586,0.027424302111058035,1.0,1.0
2023-10-30,2023-10-27,2,group_weighted_multinomial_logistic_gam,0.06274939193076978,0.06836078435393689,9.761755794767467e-34,0.013202489152585073,0.9124496868848444,0.8941486649974444,0.02480092118438586,0.024288061496033492,1.0,0.9999999999999998
2023-10-31,2023-10-30,0,group_weighted_multinomial_logistic_gam,0.9505394000413604,0.746110223843957,0.025470001780594585,0.09728721864648754,0.023757427860250556,0.11357335931071125,0.00023317031779450392,0.043029198198844064,1.0,0.9999999999999998
2023-11-01,2023-10-31,0,group_weighted_multinomial_logistic_gam,0.9505394000413604,0.8393205245659199,0.025470001780594585,0.06724486152835847,0.023757427860250556,0.07120242788330583,0.00023317031779450392,0.022232186022415674,1.0,1.0
2023-11-02,2023-11-01,0,group_weighted_multinomial_logistic_gam,0.9505394000413604,0.8791502505154892,0.025470001780594585,0.03730811007511948,0.023757427860250556,0.06660770951791924,0.00023317031779450392,0.016933929891472063,1.0,1.0
2023-11-03,2023-11-02,1,group_weighted_multinomial_logistic_gam,0.08634199045392929,0.3970823640306508,0.9080779360501346,0.40083555028225976,1.3537108067951995e-76,0.13206370954630528,0.005580073495936052,0.07001837614078411,1.0,0.9999999999999999
2023-11-06,2023-11-03,1,group_weighted_multinomial_logistic_gam,0.08634199045392929,0.2624467193860193,0.9080779360501346,0.6138421076675363,1.3537108067951995e-76,0.08100035980340634,0.005580073495936052,0.042710813143037964,1.0,0.9999999999999999
2023-11-07,2023-11-06,1,group_weighted_multinomial_logistic_gam,0.08634199045392929,0.13724536612467145,0.9080779360501346,0.8036873491356145,1.3537108067951995e-76,0.03111526161094208,0.005580073495936052,0.027952023128771996,1.0,1.0
2023-11-08,2023-11-07,1,group_weighted_multinomial_logistic_gam,0.08634199045392929,0.12707286826988237,0.9080779360501346,0.8048371015446392,1.3537108067951995e-76,0.037256063943155816,0.005580073495936052,0.03083396624232258,1.0,1.0
2023-11-09,2023-11-08,0,group_weighted_multinomial_logistic_gam,0.9505394000413604,0.736595532305525,0.025470001780594585,0.08679306948425392,0.023757427860250556,0.1301236116064032,0.00023317031779450392,0.04648778660381809,1.0,1.0000000000000002
2023-11-10,2023-11-09,1,group_weighted_multinomial_logistic_gam,0.08634199045392929,0.218403333463787,0.9080779360501346,0.6432977802957685,1.3537108067951995e-76,0.07746295599827929,0.005580073495936052,0.06083593024216512,1.0,0.9999999999999999
2023-11-13,2023-11-10,1,group_weighted_multinomial_logistic_gam,0.08634199045392929,0.22265494538598748,0.9080779360501346,0.6662805294158265,1.3537108067951995e-76,0.06359329391080251,0.005580073495936052,0.04747123128738345,1.0,1.0
2023-11-14,2023-11-13,1,group_weighted_multinomial_logistic_gam,0.08634199045392929,0.1549954550448129,0.9080779360501346,0.7826513819623369,1.3537108067951995e-76,0.03487416220136413,0.005580073495936052,0.027479000791486092,1.0,1.0
2023-11-15,2023-11-14,1,group_weighted_multinomial_logistic_gam,0.08634199045392929,0.21631641528661064,0.9080779360501346,0.702543066433577,1.3537108067951995e-76,0.04840046998060588,0.005580073495936052,0.03274004829920637,1.0,0.9999999999999999
2023-11-16,2023-11-15,1,group_weighted_multinomial_logistic_gam,0.08634199045392929,0.09294000713225432,0.9080779360501346,0.8731220972459157,1.3537108067951995e-76,0.01678319134839783,0.005580073495936052,0.017154704273432148,1.0,1.0
2023-11-17,2023-11-16,1,group_weighted_multinomial_logistic_gam,0.08634199045392929,0.10351426019280206,0.9080779360501346,0.8529216273710162,1.3537108067951995e-76,0.02408186512522836,0.005580073495936052,0.019482247310953403,1.0,1.0
2023-11-20,2023-11-17,0,group_weighted_multinomial_logistic_gam,0.9505394000413604,0.7796620519620991,0.025470001780594585,0.08564516474514923,0.023757427860250556,0.10105223770873344,0.00023317031779450392,0.0336405455840181,1.0,0.9999999999999999
2023-11-21,2023-11-20,0,group_weighted_multinomial_logistic_gam,0.9505394000413604,0.8531683976718849,0.025470001780594585,0.05666299811946383,0.023757427860250556,0.06996135394361266,0.00023317031779450392,0.020207250265038515,1.0,1.0
2023-11-22,2023-11-21,0,group_weighted_multinomial_logistic_gam,0.9505394000413604,0.8847751357789609,0.025470001780594585,0.04919926674852892,0.023757427860250556,0.05267043859806119,0.00023317031779450392,0.013355158874448804,1.0,0.9999999999999999
2023-11-24,2023-11-22,0,group_weighted_multinomial_logistic_gam,0.9505394000413604,0.8968048654621158,0.025470001780594585,0.04134364147859942,0.023757427860250556,0.04991368382532268,0.00023317031779450392,0.01193780923396227,1.0,1.0000000000000002
2023-11-27,2023-11-24,0,group_weighted_multinomial_logistic_gam,0.9505394000413604,0.9057293457262572,0.025470001780594585,0.043611383535629024,0.023757427860250556,0.04053776190692185,0.00023317031779450392,0.010121508831191842,1.0,0.9999999999999999
2023-11-28,2023-11-27,0,group_weighted_multinomial_logistic_gam,0.9505394000413604,0.9185848447215146,0.025470001780594585,0.030562039993389974,0.023757427860250556,0.04187937848426179,0.00023317031779450392,0.008973736800833592,1.0,1.0
2023-11-29,2023-11-28,0,group_weighted_multinomial_logistic_gam,0.9505394000413604,0.937369226202501,0.025470001780594585,0.027399695262148093,0.023757427860250556,0.029546218887731852,0.00023317031779450392,0.005684859647619005,1.0,1.0
2023-11-30,2023-11-29,0,group_weighted_multinomial_logistic_gam,0.9505394000413604,0.9473233705241403,0.025470001780594585,0.01977772419438607,0.023757427860250556,0.0283208680753639,0.00023317031779450392,0.004578037206109694,1.0,1.0
2023-12-01,2023-11-30,0,group_weighted_multinomial_logistic_gam,0.9505394000413604,0.93714907577709,0.025470001780594585,0.029752086343783,0.023757427860250556,0.02735738875918856,0.00023317031779450392,0.0057414491199385366,1.0,1.0
2023-12-04,2023-12-01,0,group_weighted_multinomial_logistic_gam,0.9505394000413604,0.9459559649586179,0.025470001780594585,0.018677553399743547,0.023757427860250556,0.03035195300431033,0.00023317031779450392,0.005014528637328053,1.0,0.9999999999999999
2023-12-05,2023-12-04,0,group_weighted_multinomial_logistic_gam,0.9505394000413604,0.9460667287444089,0.025470001780594585,0.026108180128963498,0.023757427860250556,0.023400378712981274,0.00023317031779450392,0.004424712413646495,1.0,1.0000000000000002
2023-12-06,2023-12-05,0,group_weighted_multinomial_logistic_gam,0.9505394000413604,0.9509114553419715,0.025470001780594585,0.018166079413244836,0.023757427860250556,0.026445237561525958,0.00023317031779450392,0.004477227683257482,1.0,0.9999999999999999
