DATE,SPXT,DBLCIX,IBOXIG,JPEICORE,LT11TRUU,LBUTTRUU
2000-01-03,-0.00959,-0.00138,0.00021,0.00094,-0.01142,-0.00166
2000-01-04,-0.03906,-0.00509,-0.00105,-0.00741,0.00873,0.00065
2000-01-05,0.00201,-0.00771,0.0,-0.00179,-0.0099,-0.00065
2000-01-06,0.00116,-0.00261,-0.00084,-0.00236,0.0078,-0.00212
2000-01-07,0.02673,-0.00221,0.00021,0.00641,0.00555,-9e-05
2000-01-10,0.01115,0.01028,-0.00199,0.00085,-0.00346,-0.00065
2000-01-11,-0.01312,0.01842,-0.0041,-0.00905,-0.00995,-0.00074
2000-01-12,-0.00433,0.01552,-0.00147,-0.0037,-0.00178,0.00213
2000-01-13,0.0121,0.00716,0.00179,0.00644,0.00969,0.00018
2000-01-14,0.01061,0.02654,-0.00263,0.00142,-0.00436,-0.00231
2000-01-18,-0.00684,0.01564,-0.00127,-0.00161,-0.00422,-0.00176
2000-01-19,0.00056,0.00183,0.00063,0.00283,0.00322,-0.00037
2000-01-20,-0.00712,0.00024,-0.00095,-0.00094,-0.00161,0.00056
2000-01-21,-0.00292,-0.00415,0.00021,0.00198,0.00261,0.00204
2000-01-24,-0.02801,0.00245,0.00295,0.0032,0.00673,0.00139
2000-01-25,0.00605,0.00487,0.00074,-0.00282,0.00247,0.0024
2000-01-26,-0.00419,-0.01205,0.00126,0.00113,0.00683,0.00129
2000-01-27,-0.00387,-0.0058,-0.00032,-0.00132,0.007,0.00037
2000-01-28,-0.02775,-0.00446,0.00074,-0.00775,0.01023,-0.0011
2000-01-31,0.02491,0.00731,-0.00242,-0.00361,-0.00693,0.00496
2000-02-01,0.01057,0.01549,0.00063,0.00371,0.00666,-0.00082
2000-02-02,-2e-05,-0.01247,-0.00211,0.00133,0.00736,0.00603
2000-02-03,0.01128,0.00668,0.00851,0.00858,0.01221,0.00346
2000-02-04,-0.00039,0.02038,-0.00052,0.00888,-0.00326,-0.00209
2000-02-07,-7e-05,-0.00781,-0.00356,0.00464,-0.00847,-0.00027
2000-02-08,0.01226,-0.01074,0.00105,0.00527,0.01288,0.00018
2000-02-09,-0.02082,0.01651,-0.002,-0.00157,-0.01002,-0.00182
2000-02-10,0.00363,0.0153,-0.0039,0.00433,-0.00975,-9e-05
2000-02-11,-0.02109,-0.00254,0.00148,-0.0012,0.00534,0.00036
2000-02-14,0.00207,0.01324,0.00431,0.00395,0.00932,0.00055
2000-02-15,0.00868,-0.00375,-0.00442,0.00567,-0.00349,0.00109
2000-02-16,-0.01013,0.00544,0.00053,-0.00036,-0.00116,-0.00055
2000-02-17,0.00044,-0.01475,0.00063,-0.00146,0.00528,-0.00027
2000-02-18,-0.03085,-0.00249,0.00368,-0.00174,0.00834,0.00191
2000-02-22,0.00452,0.00456,0.00052,0.00027,0.01112,0.00154
2000-02-23,0.00637,-0.00112,0.00126,0.00329,-0.00742,-0.001
2000-02-24,-0.00533,0.00519,0.00241,0.00018,0.00312,0.00127
2000-02-25,-0.01485,-0.001,0.00042,0.004,-0.0062,-0.00036
2000-02-28,0.01108,-0.0049,-0.00366,-0.00036,-0.00445,-0.00045
2000-02-29,0.01354,0.01037,0.00136,0.0048,0.00742,0.00027
2000-03-01,0.00952,0.02477,0.0024,0.00235,-0.00219,0.00073
2000-03-02,0.00188,-0.00183,0.00146,0.00862,0.00245,0.00199
2000-03-03,0.01965,-0.00224,0.00208,0.0033,0.00452,0.00081
2000-03-06,-0.01266,0.01345,-0.00229,0.0008,-0.00353,0.00045
2000-03-07,-0.02593,0.03363,-0.00073,0.00444,-0.0001,0.00172
2000-03-08,0.00825,-0.05163,-0.00188,0.00574,-0.00172,0.00018
2000-03-09,0.0253,0.00701,-0.00052,0.00132,0.00036,0.00072
2000-03-10,-0.00473,-0.00816,-0.00398,-0.00176,-0.00402,-0.00045
2000-03-13,-0.00812,0.00604,0.00105,-0.00468,0.00188,0.00117
2000-03-14,-0.01783,-0.00213,0.00147,0.00106,0.00775,0.00162
2000-03-15,0.02403,-0.01553,0.00356,-0.00532,0.00475,0.00054
2000-03-16,0.04667,0.00344,0.00614,0.00532,0.00329,0.00081
2000-03-17,0.00411,-0.00134,0.00218,0.00432,0.00502,0.00081
2000-03-20,-0.00535,-0.03474,-0.00021,9e-05,0.00153,0.00099
2000-03-21,0.02524,0.00661,-0.00124,0.00317,0.00255,0.00161
2000-03-22,0.00454,-0.00547,-0.00145,0.00682,-0.0001,0.00358
2000-03-23,0.01765,-0.00471,0.00652,-0.00341,0.00548,0.00294
2000-03-24,7e-05,0.01257,-0.00393,0.00105,-0.01054,0.00036
2000-03-27,-0.00236,-0.00606,-0.00124,0.00035,0.00107,0.00036
2000-03-28,-0.01063,-0.01405,-0.00031,-0.00052,5e-05,0.00178
2000-03-29,0.00066,-0.01271,-0.00114,-0.00079,0.0001,0.00089
2000-03-30,-0.01374,0.00886,0.00631,-0.01374,0.01234,0.00398
2000-03-31,0.00714,0.00702,0.00258,0.00398,0.00579,0.00124
2000-04-03,0.00493,-0.01316,-0.00021,-0.00283,0.00181,0.00317
2000-04-04,-0.00746,-0.0213,0.00421,-0.0114,0.00957,0.00123
2000-04-05,-0.00487,0.00884,0.0,-0.00449,-0.00393,9e-05
2000-04-06,0.00952,-0.00802,-0.00051,0.00556,0.00105,-0.00088
2000-04-07,0.00994,-0.01119,0.00328,0.00473,0.0105,0.00097
2000-04-10,-0.00787,-0.02701,-0.00164,0.00151,0.00143,0.00114
2000-04-11,-0.00253,0.00202,-0.00236,-0.00598,-0.01113,0.00053
2000-04-12,-0.02245,0.03385,-0.0035,0.00089,-0.00769,-0.00211
2000-04-13,-0.01834,-0.0017,0.00267,0.0017,0.0047,-0.00053
2000-04-14,-0.06004,-0.01162,-0.00175,-0.00851,0.0012,0.00325
2000-04-17,0.03255,0.00745,-0.00299,-0.01013,-0.01486,0.00166
2000-04-18,0.02831,0.00525,0.00237,0.00643,0.00106,0.0007
2000-04-19,-0.00983,0.02903,0.00072,-0.00018,0.0099,0.00035
2000-04-20,0.00495,-0.00227,0.00318,0.00135,0.00125,0.00017
2000-04-24,-0.00326,0.003,-0.00133,-0.00353,-0.00395,0.00131
2000-04-25,0.03274,-0.01102,-0.00473,0.00325,-0.00679,-0.0007
2000-04-26,-0.01112,-0.01616,-0.0001,-0.00244,-0.00116,0.00017
2000-04-27,0.00279,0.01139,-0.00548,-0.00344,-0.00705,0.00148
2000-04-28,-0.00851,0.00224,0.00093,0.00516,0.00412,0.00122
2000-05-01,0.01084,0.01086,-0.00208,0.00135,-0.00112,0.00096
2000-05-02,-0.01506,0.02378,-0.00083,-0.00126,-0.00677,0.00043
2000-05-03,-0.02169,-0.00451,-0.00992,-0.01135,-0.01125,-0.00035
2000-05-04,-0.00389,0.00553,-0.004,-0.00936,-0.00992,-0.00139
2000-05-05,0.01624,0.0,-0.00338,-0.00861,-0.0023,-0.00585
2000-05-08,-0.00583,0.01291,-0.00339,-0.00766,-0.00725,-0.00053
2000-05-09,-0.00843,0.01461,0.00011,9e-05,0.00588,-0.00175
2000-05-10,-0.02057,0.00424,0.00223,-0.00639,0.00668,9e-05
2000-05-11,0.01794,0.02175,-0.00042,0.00198,0.00234,-0.00158
2000-05-12,0.00932,0.00735,-0.00425,-0.01079,-0.00766,-0.00308
2000-05-15,0.02188,0.00444,0.00202,0.00872,0.00631,0.0015
2000-05-16,0.00939,-0.00062,0.00477,0.00386,0.00544,0.00167
2000-05-17,-0.01243,-0.00236,-0.00445,-0.00019,-0.00607,-0.00106
2000-05-18,-0.00729,0.01552,-0.00415,0.00113,-0.00941,-0.00291
2000-05-19,-0.02124,-0.00494,0.00245,-0.01028,0.00246,0.00035
2000-05-22,-0.00444,-0.02048,0.00477,-0.00695,0.00772,0.0022
2000-05-23,-0.01935,-0.00307,-0.00011,0.0021,-0.0001,0.00141
2000-05-24,0.01822,0.01875,0.00148,0.00627,-0.00229,0.00167
2000-05-25,-0.01258,0.00619,0.00537,0.0052,0.0116,0.00175
2000-05-26,-0.00246,-0.01332,0.00283,0.00094,0.00519,0.00035
2000-05-30,0.03183,-0.00068,-0.00252,0.0075,-0.00467,0.0014
2000-05-31,-0.00111,-0.0212,0.00451,0.00791,0.01014,0.00218
2000-06-01,0.01968,0.02311,0.00958,0.01271,0.00837,0.00262
2000-06-02,0.01945,0.00259,0.0065,0.01508,0.00247,0.00304
2000-06-05,-0.00653,-0.0114,0.00523,-0.00289,0.00417,-0.00017
2000-06-06,-0.00668,0.00408,-0.00154,-0.00335,-0.00035,0.00026
2000-06-07,0.00935,0.00096,-0.00021,0.0048,0.00331,0.00035
2000-06-08,-0.00658,-0.00374,-0.00164,0.00189,0.0016,0.00017
2000-06-09,-0.00324,0.00453,0.00441,0.00557,-0.00065,0.00078
2000-06-12,-0.00753,0.01818,0.00357,-0.0017,0.0024,0.00087
2000-06-13,0.0162,0.01393,-0.00133,0.0043,-0.00806,0.00087
2000-06-14,0.00079,-0.00263,0.00377,0.00757,0.00572,-0.00026
2000-06-15,0.00555,-0.00181,-0.00071,-0.00195,-0.00165,0.00017
2000-06-16,-0.00959,-0.01873,0.00274,0.0016,0.00644,0.00121
2000-06-19,0.01462,-0.00516,-0.00264,0.00089,-0.00229,0.00043
2000-06-20,-0.00678,0.01844,-0.00122,0.00283,-0.0013,-0.00026
2000-06-21,0.00216,0.01615,-0.005,-0.00248,-0.00747,-0.00026
2000-06-22,-0.01836,0.01558,-0.0041,-0.00284,-0.00121,0.00017
2000-06-23,-0.00739,-0.00509,-0.00216,-0.00749,-0.00642,-0.00035
2000-06-26,0.00955,-0.00902,0.00462,0.0025,0.00622,0.0006
2000-06-27,-0.00328,0.00719,0.00164,0.00543,0.00362,-9e-05
2000-06-28,0.00308,-0.00162,-0.00082,0.00257,-0.00312,-9e-05
2000-06-29,-0.00858,0.01472,0.00592,0.00274,0.01107,0.00121
2000-06-30,0.00845,-0.01494,0.0,0.00062,-0.0014,0.00121
2000-07-03,0.01026,0.00102,0.00417,0.00414,0.00358,0.00241
2000-07-05,-0.0158,-0.03661,0.00223,0.00596,0.00119,0.00138
2000-07-06,0.00732,-0.01476,-0.00223,-0.00087,-0.00547,-0.00017
2000-07-07,0.01515,0.00797,0.00324,0.00262,0.00493,0.00094
2000-07-10,-0.00222,-0.00723,-0.00081,0.00052,-0.00065,-0.00026
2000-07-11,0.00359,0.00717,-0.00051,-0.00271,0.00025,0.00017
2000-07-12,0.00816,0.00964,0.0002,0.00515,-0.0001,-0.00052
2000-07-13,0.00197,0.015,-0.00213,0.00373,0.00964,0.0012
2000-07-14,0.00941,-0.00479,0.00233,-0.00174,-0.00865,-0.00034
2000-07-17,0.00033,-0.01344,-0.00334,-0.00026,-0.00533,-0.00069
2000-07-18,-0.01114,0.01686,0.0003,-0.00043,0.00035,0.00129
2000-07-19,-0.00787,-0.00607,0.0001,-0.00122,0.0,-0.00034
2000-07-20,0.00915,-0.00622,0.00919,0.00642,0.01618,0.00197
2000-07-21,-0.01034,-0.02247,0.0007,0.0025,0.0024,0.00034
2000-07-24,-0.01074,-0.00978,-0.00241,0.00078,-0.00196,-0.0006
2000-07-25,0.00693,-0.0034,0.0007,-0.0006,0.00132,0.0006
2000-07-26,-0.01505,-0.00382,0.0003,0.00034,-0.00098,0.00026
2000-07-27,-0.00185,0.00474,-0.00272,0.00267,0.00543,0.00017
2000-07-28,-0.02068,0.00299,0.00192,0.00206,-0.00166,-0.00026
2000-07-31,0.00768,-0.01587,-0.00091,0.00214,-0.00088,0.00103
2000-08-01,0.00507,0.00739,0.00171,0.00162,0.00493,0.00103
2000-08-02,0.00049,0.00946,0.00331,0.00222,-0.00019,0.00077
2000-08-03,0.00968,0.00373,0.0029,0.0023,0.00379,9e-05
2000-08-04,0.00723,0.01628,0.00359,0.00518,0.00329,0.00026
2000-08-07,0.01116,-0.01886,-0.0011,0.00051,-0.00363,0.00017
2000-08-08,0.00242,0.0064,0.00249,0.00068,0.00344,9e-05
2000-08-09,-0.00662,0.00953,-0.00189,0.00312,0.00135,0.00026
2000-08-10,-0.00847,0.01044,0.0013,0.00093,0.00366,0.00051
2000-08-11,0.00796,-0.01056,-0.00229,0.00428,-0.00395,-0.00051
2000-08-14,0.01334,0.0086,0.001,-0.00126,0.0039,0.00051
2000-08-15,-0.00479,-0.00106,-0.0016,-0.00134,-0.00241,-0.00077
2000-08-16,-0.00297,0.00614,-0.0015,-0.00413,-0.00237,-0.00026
2000-08-17,0.01092,0.00267,-0.0016,0.00438,0.00323,0.00026
2000-08-18,-0.00288,0.00592,0.002,-0.00455,0.00332,0.00017
2000-08-21,0.0052,0.00583,-0.0007,-0.00245,-0.00236,0.00128
2000-08-22,-0.0009,-0.006,0.0014,0.00439,0.00043,0.00051
2000-08-23,0.00529,0.00863,0.00478,0.00378,0.00437,0.00077
2000-08-24,0.00156,-0.00274,0.0003,0.00268,0.00215,0.00102
2000-08-25,-0.00123,0.0011,0.0004,0.00451,5e-05,0.00025
2000-08-28,0.00507,0.01529,-0.00328,-0.001,-0.0057,0.00059
2000-08-29,-0.00273,0.00399,-0.00319,-0.00075,-0.00342,0.00017
2000-08-30,-0.00455,0.01648,0.0005,0.003,0.00159,-0.00085
2000-08-31,0.01001,-0.00254,0.00439,0.00581,0.00863,0.0011
2000-09-01,0.00206,-0.00143,0.00308,0.00289,0.00119,0.00017
2000-09-05,-0.00905,0.01272,0.00089,0.00115,0.00095,0.00119
2000-09-06,-0.0098,0.00872,-0.00218,0.00247,-0.00525,8e-05
2000-09-07,0.00688,0.00699,-0.00239,-0.00577,-0.00216,-0.00059
2000-09-08,-0.00534,-0.02462,0.00259,-0.00174,0.00307,0.00144
2000-09-11,-0.0035,0.02539,-0.00079,-0.00407,-0.00374,0.00051
2000-09-12,-0.00489,-0.00668,0.00109,-0.00183,-0.00192,0.00025
2000-09-13,0.00219,-0.00526,0.00287,-0.00025,0.00307,0.00059
2000-09-14,-0.0027,0.00464,-0.00079,0.00025,-0.0093,-0.00093
2000-09-15,-0.01022,0.01511,0.00069,-0.00744,-0.00929,-0.00297
2000-09-18,-0.01462,0.0078,-0.00139,-0.01565,-0.00505,0.0
2000-09-19,0.0106,-0.01242,0.0004,0.00298,0.00343,0.00051
2000-09-20,-0.00586,-0.00386,-0.00139,-0.00349,-0.00496,0.00051
2000-09-21,-0.00156,-0.00362,0.00149,0.00663,0.00559,0.00051
2000-09-22,-0.00022,-0.00603,0.00267,-0.00246,0.00108,0.00144
2000-09-25,-0.00671,0.00042,0.00168,0.00568,0.00229,0.00025
2000-09-26,-0.00825,-0.0013,0.00345,0.00025,0.00501,0.00042
2000-09-27,-0.00031,0.00515,-0.00108,0.00312,-0.0052,0.00118
2000-09-28,0.022,-0.01669,-0.0001,0.0042,0.00185,8e-05
2000-09-29,-0.01494,0.00836,0.00167,0.0,0.00204,0.00051
2000-10-02,-0.0002,0.018,-0.00167,-0.00302,-0.00594,-8e-05
2000-10-03,-0.0068,0.00293,-0.00148,0.00512,-0.00176,-8e-05
2000-10-04,0.00563,-0.00581,-0.00247,0.00159,-0.00069,-0.00017
2000-10-05,0.00155,-0.00361,-0.00089,0.00092,0.00532,0.00017
2000-10-06,-0.01918,0.00134,0.00138,-0.00351,0.00675,0.00017
2000-10-10,-0.01567,0.03228,-0.00475,-0.00126,0.00324,0.00093
2000-10-11,-0.01625,0.00424,0.00109,-0.00344,0.00034,-0.00025
2000-10-12,-0.02582,0.02061,0.00119,-0.01125,0.00265,0.00286
2000-10-13,0.03284,-0.03445,0.00089,-0.00572,0.00077,0.00109
2000-10-16,0.00033,-0.0249,-0.00079,0.00325,-0.0012,-0.00076
2000-10-17,-0.01809,0.00388,-0.0005,-0.01037,0.00753,0.00185
2000-10-18,-0.00576,-0.00564,0.00089,-0.00779,-0.00062,0.00251
2000-10-19,0.03416,-0.01595,0.00277,0.00779,0.00243,0.0005
2000-10-20,0.00586,0.01761,0.00177,-0.0025,0.00376,0.00059
2000-10-23,-0.00082,0.00877,0.00364,-0.00494,0.00639,0.00226
2000-10-24,0.00169,-0.01203,0.0002,0.00147,-0.00355,0.0
2000-10-25,-0.02404,-0.00798,-0.00157,-0.00775,-0.00456,-0.00058
2000-10-26,-0.00032,0.00715,-0.0002,0.0007,0.00195,0.00058
2000-10-27,0.01109,-0.02853,0.0001,0.00679,-0.00071,8e-05
2000-10-30,0.01382,-0.00311,-0.00069,0.00424,-0.00043,0.00125
2000-10-31,0.02175,0.00343,0.00039,0.00834,-0.00515,-0.00092
2000-11-01,-0.00565,-0.00075,0.00334,0.00017,0.00186,0.00067
2000-11-02,0.00506,-0.00693,0.0001,0.00751,-0.00062,0.00025
2000-11-03,-0.00112,0.00725,-0.00462,-0.00879,-0.00925,-0.00083
2000-11-06,0.00387,0.00176,-0.00167,-0.00232,-0.00222,-0.00042
2000-11-07,-0.0002,0.00936,-0.0002,-0.00794,-5e-05,-0.00025
2000-11-08,-0.0158,0.00185,0.00079,-0.00687,0.00256,0.00033
2000-11-09,-0.00634,0.00805,0.00256,-0.00131,0.00399,0.00083
2000-11-13,-0.03544,-0.00694,0.00088,0.01198,0.00345,0.00158
2000-11-14,0.02325,0.00021,0.00265,0.00508,0.00339,0.00091
2000-11-15,0.00507,0.00552,0.00108,0.00753,0.00532,0.00166
2000-11-16,-0.01263,-0.00457,-0.00049,-9e-05,0.00312,0.00017
2000-11-17,-0.00332,0.00939,-0.00412,-0.00196,-0.0035,0.00025
2000-11-20,-0.01851,-0.00466,-0.00029,0.00341,0.00246,0.00083
2000-11-21,0.00359,0.00361,-0.00187,0.00119,0.00236,0.00058
2000-11-22,-0.01871,0.00042,0.00383,-0.00375,0.01149,0.00108
2000-11-24,0.01458,0.00271,-0.00108,-0.00154,-0.00313,0.00033
2000-11-27,0.00535,0.00302,-0.00118,-0.0006,-0.00276,0.00198
2000-11-28,-0.00949,-0.01318,0.00167,-0.00643,0.00337,0.00017
2000-11-29,0.00461,0.00305,0.00216,0.00558,0.00271,0.0014
2000-11-30,-0.02029,-0.00706,0.00625,-0.00644,0.00877,0.00288
2000-12-01,0.00021,-0.01587,-0.00175,0.00335,-0.00575,-0.00107
2000-12-04,0.00738,-0.00717,-0.00225,-0.00404,-0.002,0.00033
2000-12-05,0.03819,-0.01235,0.00614,0.01097,0.00909,0.00041
2000-12-06,-0.01819,0.01073,0.0062,0.00536,0.00891,0.00099
2000-12-07,-0.00584,-0.00478,0.00106,0.00102,0.00224,0.00197
2000-12-08,0.01942,-0.00131,-0.00145,0.00465,-0.00389,0.00016
2000-12-11,0.00751,0.01423,0.00058,0.0011,0.00018,0.00041
2000-12-12,-0.00656,-0.00609,0.00135,-0.0027,0.00146,-0.00016
2000-12-13,-0.00799,-0.01965,0.00673,0.00025,0.00711,0.00041
2000-12-14,-0.0141,-0.00975,0.00296,0.00488,0.00458,0.00237
2000-12-15,-0.02169,0.01074,0.00057,-0.00185,0.00217,-0.00025
2000-12-18,0.00805,0.00806,0.00162,0.00487,-0.0014,0.00114
2000-12-19,-0.01303,-0.00718,-0.00181,0.00726,-0.00226,0.00098
2000-12-20,-0.03174,-0.03374,0.00286,0.00241,0.00627,0.00236
2000-12-21,0.00798,0.01014,-0.00048,0.00066,0.00288,0.00106
2000-12-22,0.02411,-0.00096,0.00285,0.00099,0.00202,0.00033
2000-12-26,0.00704,0.00809,-0.00133,0.00174,-0.00202,0.00089
2000-12-27,0.01061,-0.0019,-0.00295,0.00041,-0.00513,-0.00114
2000-12-28,0.004,-0.00957,-0.00048,0.00173,0.0005,-0.00081
2000-12-29,-0.0105,0.01633,0.00095,0.00074,-0.00185,0.00041
2001-01-02,-0.02844,0.00033,0.00835,0.00091,0.01661,0.00842
2001-01-03,0.04901,0.00815,-0.0055,0.00599,-0.01725,-0.00234
2001-01-04,-0.01058,0.00237,0.01049,0.00677,0.00644,0.00427
2001-01-05,-0.02659,-0.00852,0.00712,0.00503,0.00457,0.00746
2001-01-08,-0.00171,-0.01106,0.00289,-0.00032,0.0004,0.00072
2001-01-09,0.00384,0.00437,-0.00149,0.00194,-0.00264,0.0
2001-01-10,0.00963,0.02348,-0.00383,-0.00137,-0.00742,-0.00376
2001-01-11,0.01027,-0.00399,-0.00178,0.00226,-0.00797,0.00016
2001-01-12,-0.00642,0.0029,-0.00583,0.00193,-0.00873,-0.00144
2001-01-16,0.00629,-0.00989,0.00217,-0.00274,0.00385,0.00104
2001-01-17,0.00218,-0.00515,0.00647,0.00604,0.01023,0.00024
2001-01-18,0.01383,0.01257,0.00671,0.00329,0.0073,0.00136
2001-01-19,-0.00404,0.01986,-0.00503,0.00288,-0.01066,0.00104
2001-01-22,0.00027,-0.01086,-0.00234,-0.00048,-0.00592,0.00064
2001-01-23,0.01294,0.00401,-0.00234,0.00048,-0.00536,0.00072
2001-01-24,0.00288,-0.00891,0.00206,0.00128,-0.00175,-0.0004
2001-01-25,-0.00498,0.00316,0.00383,0.00032,0.00564,-0.00144
2001-01-26,-0.00184,0.00109,-0.00131,0.00397,-0.00197,-0.00032
2001-01-29,0.00684,-0.01164,-0.0014,0.0042,-0.00349,-0.00112
2001-01-30,0.00702,0.00516,0.00522,0.00166,0.01116,0.00048
2001-01-31,-0.00555,-0.0056,0.00649,0.00378,0.00689,0.00495
2001-02-01,0.00554,0.01431,0.00571,0.00572,0.01087,0.00421
2001-02-02,-0.01762,0.02135,-0.00617,-0.00376,-0.00722,-0.00143
2001-02-05,0.00361,-0.01062,-0.00268,-0.00527,0.00328,0.00293
2001-02-06,-0.00146,-0.00301,-0.00614,-0.00189,-0.00337,-0.00095
2001-02-07,-0.00822,0.01818,0.00019,-0.00388,-0.00045,0.00095
2001-02-08,-0.00624,0.00627,0.00093,0.00372,-0.00027,0.0004
2001-02-09,-0.01339,-0.0096,0.00326,0.00292,0.00651,0.00206
2001-02-12,0.01177,-0.0083,-0.00139,-0.00063,-0.00574,0.00079
2001-02-13,-0.0086,0.0048,-0.00223,0.00197,-0.00153,-8e-05
2001-02-14,-0.002,-0.01091,-0.00299,0.00071,-0.00153,-0.00087
2001-02-15,0.00817,-0.00978,-0.00412,0.00157,-0.00793,-0.00293
2001-02-16,-0.01907,0.00325,0.00403,-0.00024,0.0054,0.00348
2001-02-20,-0.0175,-0.00434,-0.00056,-0.01097,0.00086,0.00047
2001-02-21,-0.01862,-0.01154,-0.00365,-0.01214,-0.00485,-0.00055
2001-02-22,-0.00192,0.00017,0.0,0.00289,-0.0015,0.00039
2001-02-23,-0.00556,0.00483,0.00197,0.00128,0.00594,0.00244
2001-02-26,0.01739,-0.00214,0.00449,0.00439,0.00519,0.00165
2001-02-27,-0.00762,0.00175,0.00753,0.00119,0.01256,0.00267
2001-02-28,-0.01424,-0.00522,0.00499,-0.00032,0.0012,0.00102
2001-03-01,0.00106,0.00472,0.00359,0.00777,0.00699,0.00219
2001-03-02,-0.0057,0.00415,-0.00635,0.00347,-0.01126,-0.00031
2001-03-05,0.00598,0.01107,-0.00018,0.00557,0.00089,-0.00133
2001-03-06,0.00995,-0.00281,0.00166,-0.00039,-0.00209,0.00125
2001-03-07,0.00662,0.01092,0.00561,0.00476,0.00884,0.00289
2001-03-08,0.00229,-0.00704,0.00247,-0.00226,0.00225,0.00062
2001-03-09,-0.02507,-0.0014,-0.00275,0.00211,-0.00212,-0.00016
2001-03-12,-0.04413,0.00399,-0.0011,-0.00414,0.00155,0.00047
2001-03-13,0.01493,-0.0081,-0.00211,-0.00196,-0.00239,-0.00164
2001-03-14,-0.02617,-0.02319,0.0034,-0.00157,0.00697,0.00117
2001-03-15,0.00587,-0.00239,0.00266,-0.00362,0.00044,0.00171
2001-03-16,-0.01982,-0.00742,0.00283,-0.00355,0.00386,0.00155
2001-03-19,0.01749,-0.00584,-0.00247,-0.00794,-0.00408,0.00047
2001-03-20,-0.02435,-0.00254,0.00301,0.00247,0.00307,-0.00132
2001-03-21,-0.01805,0.00933,-0.00036,0.00397,0.00013,0.00225
2001-03-22,-0.00405,-0.00956,0.00064,-0.01115,0.0055,0.0031
2001-03-23,0.01971,0.01675,-0.00265,-0.01055,-0.0073,-0.00124
2001-03-26,0.01122,0.00305,-0.0011,0.01287,-0.00572,-0.00271
2001-03-27,0.02525,0.00882,-0.00578,0.00478,-0.01333,-0.00483
2001-03-28,-0.02462,-0.02885,0.00055,0.00254,-0.00179,0.00016
2001-03-29,-0.00461,0.00457,0.0022,-0.00781,-0.00117,0.00109
2001-03-30,0.01073,-0.00417,0.00321,-0.00208,0.00273,0.00412
2001-04-02,-0.01254,-0.01365,-0.0011,-0.00024,-0.00255,-0.00148
2001-04-03,-0.035,0.01269,-0.00082,-0.0008,0.00112,0.0014
2001-04-04,-0.00271,0.01843,0.00101,0.00416,-0.0009,-0.00109
2001-04-05,0.04276,0.00443,-0.00147,0.00391,-0.00319,-0.00117
2001-04-06,-0.01995,-0.00443,0.00503,0.00365,0.0102,0.00179
2001-04-09,0.00808,0.00614,-0.00265,0.00372,-0.00469,-0.00085
2001-04-10,0.02683,0.02544,-0.00707,0.00189,-0.01724,-0.00265
2001-04-11,-0.00212,0.00081,-9e-05,-0.00379,0.00132,-0.00078
2001-04-12,0.015,0.00284,-0.0024,-0.00174,-0.00077,-0.00016
2001-04-16,-0.00323,0.01842,-0.00639,-0.00604,-0.01112,-0.00078
2001-04-17,0.01023,-0.01015,0.00417,0.00096,0.00715,0.00203
2001-04-18,0.0382,-0.00234,0.00673,0.00643,0.00132,0.00451
2001-04-19,0.01248,-0.00486,-0.00525,-0.00851,-0.01466,-0.00287
2001-04-20,-0.00858,-0.01163,0.0,-0.01723,5e-05,0.00016
2001-04-23,-0.0151,-0.00521,0.00351,-0.02018,0.00811,0.00264
2001-04-24,-0.01223,-0.00809,-9e-05,0.00957,-0.00294,0.00248
2001-04-25,0.01582,0.01292,-0.00046,0.00041,-0.00309,0.00216
2001-04-26,0.00477,0.01687,0.00734,0.01547,0.0091,0.0027
2001-04-27,0.01493,-0.00727,-0.00468,0.00588,-0.01211,-0.00208
2001-04-30,-0.00282,0.00439,0.00156,-0.00088,0.00291,-0.00031
2001-05-01,0.0135,0.00851,0.00412,-0.00217,0.00525,0.00185
2001-05-02,0.00087,-0.0143,0.00256,0.00048,0.00518,0.00062
2001-05-03,-0.01486,0.01005,0.00455,0.00722,0.00915,0.00185
2001-05-04,0.01436,-5e-05,0.00073,0.00606,-0.00068,0.00238
2001-05-07,-0.00243,-0.00946,-0.00145,0.00262,-0.00309,0.00123
2001-05-08,-0.00175,-0.0007,-0.00164,0.00269,-0.00419,-8e-05
2001-05-09,-0.00437,0.00632,0.00309,-0.00047,0.00533,0.00367
2001-05-10,-0.00015,-0.00369,-0.00591,0.00198,-0.01077,-0.00092
2001-05-11,-0.00751,-0.00241,-0.00916,-0.01031,-0.01788,-0.00329
2001-05-14,0.00268,0.00397,0.00358,-0.00104,0.00494,0.00184
2001-05-15,0.00042,0.00225,-0.00147,0.00048,-0.00578,0.00023
2001-05-16,0.02821,-0.00128,0.00312,0.00961,0.00429,0.00168
2001-05-17,0.00273,0.00235,0.00393,0.00685,0.00687,0.00023
2001-05-18,0.00288,0.0209,0.0021,0.00642,0.00379,0.00015
2001-05-21,0.01603,-0.00566,-9e-05,0.00164,0.00124,0.00031
2001-05-22,-0.00263,-0.00611,-0.00219,0.00559,-0.00207,-0.0026
2001-05-23,-0.01561,-0.00339,0.00055,-0.00062,-0.00189,-0.0046
2001-05-24,0.00321,-0.01388,-0.00484,-0.00132,-0.00863,0.00031
2001-05-25,-0.01188,-0.00296,-9e-05,-0.00233,-5e-05,0.00383
2001-05-29,-0.00776,-0.00108,0.00027,-0.00093,0.00028,0.00069
2001-05-30,-0.01554,-0.002,0.00137,-0.00656,0.00093,0.00076
2001-05-31,0.00627,-0.00114,0.00666,0.00133,0.0095,0.00168
2001-06-01,0.00385,0.00054,0.0029,0.00117,0.00868,0.00076
2001-06-04,0.00512,-0.00049,0.00335,0.0132,0.00274,0.00137
2001-06-05,0.01291,0.00449,0.0045,0.00745,0.00428,0.0003
2001-06-06,-0.01047,-0.00313,-0.00018,0.00176,-9e-05,-0.0032
2001-06-07,0.00547,-0.00124,-0.00189,0.00214,-0.00642,0.00175
2001-06-08,-0.00943,0.00788,-0.00406,0.00661,-0.0016,-0.00206
2001-06-11,-0.00838,0.00397,0.00271,0.00159,0.00584,0.00221
2001-06-12,0.00117,0.0063,0.00045,8e-05,0.00495,0.00175
2001-06-13,-0.01118,-0.00416,-0.00063,-0.00189,9e-05,0.00046
2001-06-14,-0.01764,0.00059,0.00189,-0.00364,0.00289,0.00122
2001-06-15,-0.00453,-0.01479,-0.00234,-0.00038,-0.00434,0.00038
2001-06-18,-0.00487,-0.0121,-0.00325,-0.00925,-0.00113,-0.00023
2001-06-19,0.00343,-5e-05,0.00154,-8e-05,0.00127,0.00023
2001-06-20,0.00871,-0.02139,0.00145,0.00536,0.00317,-0.00046
2001-06-21,0.01132,-0.00393,0.00279,0.00389,0.00347,0.0
2001-06-22,-0.0095,0.00107,0.00592,0.0016,0.00874,0.00061
2001-06-25,-0.00552,0.00504,-0.00063,0.00341,-0.00152,0.00038
2001-06-26,-0.00151,-0.00269,-0.00521,-0.00258,-0.00745,8e-05
2001-06-27,-0.00457,-0.01947,0.00018,-0.00076,0.00292,-0.00038
2001-06-28,0.01243,-0.00309,-0.00451,-0.00441,-0.00802,-0.0035
2001-06-29,-0.00145,0.00953,-0.00344,-0.0052,-0.00818,-0.00297
2001-07-02,0.00999,-0.00142,0.00471,0.00077,0.00623,0.00061
2001-07-03,-0.00166,0.00465,-0.00145,-0.00199,-0.0045,0.00023
2001-07-05,-0.01221,0.01103,-0.00208,-0.00957,-0.00374,0.00198
2001-07-06,-0.02357,0.01814,0.00253,-0.00809,0.00288,0.00069
2001-07-09,0.00687,-0.00817,0.00172,0.0067,0.00559,-0.00061
2001-07-10,-0.01445,0.00194,0.00306,-0.00615,0.00416,-0.00076
2001-07-11,-0.00107,-0.0041,-0.00225,-0.02195,-0.00249,-0.00359
2001-07-12,0.02342,0.00808,0.00207,-0.03328,0.00591,0.00298
2001-07-13,0.00623,-0.01281,0.00117,0.00781,0.00198,0.0003
2001-07-16,-0.01094,-0.00666,0.00278,-0.00148,0.00582,0.00175
2001-07-17,0.00992,0.00286,0.00072,0.02278,0.00147,0.00099
2001-07-18,-0.00548,-0.01604,0.00803,-0.00361,0.00901,0.00493
2001-07-19,0.00604,-0.00434,0.00027,-0.00153,-0.00124,-0.00045
2001-07-20,-0.00344,0.01289,0.00071,0.01273,-0.00133,-0.00023
2001-07-23,-0.0165,0.0018,0.00204,0.01116,0.00265,0.00023
2001-07-24,-0.0164,0.00528,0.00089,0.00047,0.00221,-0.00076
2001-07-25,0.01595,0.0092,-0.00372,-0.00323,-0.00743,-0.00068
2001-07-26,0.01041,-0.00217,0.00124,-0.00284,-0.00071,-0.00038
2001-07-27,0.00247,0.00278,0.00416,-0.01058,0.00585,0.0022
2001-07-30,-0.00104,-0.00965,0.00212,0.00359,0.00348,0.00151
2001-07-31,0.00556,-0.00275,0.00326,0.00024,0.0029,0.00565
2001-08-01,0.00399,0.00437,-0.00053,-0.00864,-0.0022,8e-05
2001-08-02,0.00406,0.01416,-0.0037,0.01254,-0.00591,-0.00218
2001-08-03,-0.00512,-0.00492,-0.00159,0.00166,-0.0012,-0.00068
2001-08-06,-0.01146,0.00183,0.00027,0.00087,-0.00071,0.00068
2001-08-07,0.0033,0.00585,0.0,0.00482,-0.00027,-0.00158
2001-08-08,-0.01734,-0.00574,0.00652,0.01058,0.01019,0.00166
2001-08-09,0.00011,0.00612,-0.00132,0.00187,-0.00211,0.00301
2001-08-10,0.00568,0.0063,0.00053,-0.00023,0.00294,-0.00015
2001-08-13,0.00105,-0.00115,0.00167,-0.00132,0.00123,0.00232
2001-08-14,-0.00381,0.0018,-0.00097,-0.00539,-9e-05,0.00247
2001-08-15,-0.00717,-0.01087,-0.00317,0.00461,-0.00061,-0.00082
2001-08-16,0.00312,-0.00398,0.00194,0.00792,0.00429,-0.00337
2001-08-17,-0.01674,-0.0175,0.00412,-0.00979,0.00774,0.00015
2001-08-20,0.00809,0.00736,-0.00333,-0.0065,-0.00395,-0.0015
2001-08-21,-0.01215,0.01119,0.00211,-0.00694,0.00165,-0.00248
2001-08-22,0.00701,-0.00422,0.00105,0.01999,0.00091,0.00098
2001-08-23,-0.00275,0.00896,0.0021,0.0055,0.00454,0.00105
2001-08-24,0.01948,0.00055,-0.0014,-0.00271,-0.00441,-0.00023
2001-08-27,-0.00484,-0.00243,-0.0007,0.00031,-0.00195,0.0
2001-08-28,-0.01511,0.00792,0.00515,0.00916,0.00749,0.00113
2001-08-29,-0.01102,5e-05,0.00409,0.00657,0.00628,0.00023
2001-08-30,-0.01707,-0.01195,-0.00035,-0.0042,-0.00124,0.00053
2001-08-31,0.00404,0.01441,-0.00078,-0.00015,0.00112,7e-05
2001-09-04,-0.00056,-0.00894,-0.01179,0.00633,-0.01634,-0.00526
2001-09-05,-0.00086,0.00066,0.00202,-0.00084,0.00131,0.00121
2001-09-06,-0.02261,0.00522,0.00507,-0.00389,0.00957,0.00293
2001-09-07,-0.01881,0.00661,0.00444,-0.00214,0.00473,0.00315
2001-09-10,0.00622,-0.00524,-0.00366,-0.00123,-0.00387,0.0
2001-09-14,0.0,0.02106,0.00478,-0.02719,0.01054,0.00456
2001-09-17,-0.05011,-0.00569,-0.00487,0.00205,-0.00787,0.0
2001-09-18,-0.00582,-0.01997,-0.00577,0.00463,-0.01593,-0.00164
2001-09-19,-0.01619,-0.00712,0.00368,0.00266,4e-05,0.0
2001-09-20,-0.03155,-0.00455,-0.00517,-0.00752,-0.00886,0.00216
2001-09-21,-0.01922,-0.00854,-0.00114,-0.00829,0.00545,0.00498
2001-09-24,0.03825,-0.05381,0.00132,0.00198,0.00136,0.0
2001-09-25,0.00877,-0.00101,0.00175,-0.00032,0.00118,-0.00431
2001-09-26,-0.00486,0.01669,0.00586,-0.00762,0.01078,-0.00209
2001-09-27,0.01144,0.00506,0.00496,0.00239,0.00753,0.0
2001-09-28,0.0217,0.00975,0.00268,0.00974,0.00274,0.00015
2001-10-01,-0.0023,-0.00172,0.00285,-0.0015,0.00559,0.00067
2001-10-02,0.01223,-0.01203,0.00215,-0.00498,0.00496,0.00067
2001-10-03,0.01993,-0.00765,0.00301,0.00016,0.00182,0.00208
2001-10-04,-0.00247,0.00928,0.00171,-0.00852,0.00144,7e-05
2001-10-05,0.00186,-0.00396,-0.00197,-0.00208,-0.0008,-0.00067
2001-10-09,-0.01369,0.00344,-0.00439,0.00168,-0.00784,-0.00223
2001-10-10,0.02272,0.00041,0.00052,0.00812,0.00353,-0.00157
2001-10-11,0.01516,0.00747,-0.00259,0.00971,-0.00741,-0.00232
2001-10-12,-0.00528,-0.02034,0.00112,-0.0052,-0.0018,0.00239
2001-10-15,-0.00153,-0.00632,0.00413,0.00904,0.00721,0.00164
2001-10-16,0.00691,-0.00261,0.0024,0.01035,0.00369,7e-05
2001-10-17,-0.01874,0.00397,0.00137,0.00479,0.00359,0.00082
2001-10-18,-0.00788,-0.01328,0.00051,-0.0044,0.00118,0.00097
2001-10-19,0.00455,0.01085,-0.00197,0.00525,-0.00592,0.00119
2001-10-22,0.01518,-0.00428,-0.00103,0.00591,0.00174,0.00022
2001-10-23,-0.00471,-0.00418,-0.00094,-0.0013,-0.00199,0.00015
2001-10-24,0.0004,0.00691,0.00274,-0.00238,0.00861,0.00089
2001-10-25,0.01363,-0.00297,0.00128,0.00184,0.00457,0.00082
2001-10-26,0.0041,0.0022,0.00026,-0.00446,0.00142,0.00348
2001-10-29,-0.02402,-0.0003,0.00205,-0.01553,0.00379,0.00103
2001-10-30,-0.01726,-0.0019,0.00171,0.00211,0.00245,0.00059
2001-10-31,9e-05,-0.01404,0.0111,0.00553,0.02792,0.01246
2001-11-01,0.0228,-0.01522,-0.00329,-0.00397,0.00768,0.00653
2001-11-02,0.00287,-0.00313,-0.00296,-0.0094,-0.01783,-0.00493
2001-11-05,0.01431,-0.00568,0.00415,0.01259,0.01107,0.00094
2001-11-06,0.01442,-0.00353,0.00447,0.00303,0.00101,0.00261
2001-11-07,-0.0024,0.00099,0.00754,0.0153,0.01222,0.00347
2001-11-08,0.0025,0.01777,-0.00259,0.0,-0.01085,-0.00253
2001-11-09,0.0016,0.02355,-0.00084,-0.00206,-0.00068,-0.00217
2001-11-13,0.01677,-0.00765,-0.00134,0.00473,-0.00577,-0.00138
2001-11-14,0.00209,-0.02959,-0.00546,-0.00488,-0.01313,-0.00327
2001-11-15,0.0009,-0.03817,-0.01127,-0.00237,-0.02379,-0.00901
2001-11-16,-0.00306,0.01819,-0.00556,-0.00909,-0.01379,-0.00931
2001-11-19,0.01085,0.00415,0.00649,0.00023,0.01388,0.00385
2001-11-20,-0.00728,0.00782,-0.00299,-0.00085,-0.01388,-0.00318
2001-11-21,-0.00491,-0.00449,-0.00162,0.00116,-0.0083,-0.00625
2001-11-23,0.01165,-0.00226,-0.00515,0.00278,-0.00452,0.00045
2001-11-26,0.00614,-0.00894,0.00138,0.00944,-0.00056,0.00127
2001-11-27,-0.00686,0.01445,0.00642,-0.0026,0.00168,0.0003
2001-11-28,-0.01823,-0.00281,-0.00162,-0.00268,4e-05,-0.0074
2001-11-29,0.0104,-0.00294,0.00724,-0.00539,0.01336,0.00658
2001-11-30,-0.00067,0.02123,-0.0017,-0.00062,-0.0023,0.00089
2001-12-03,-0.00841,0.00545,-0.00068,0.01244,0.00383,0.0
2001-12-04,0.0131,-0.01087,0.00433,-0.0026,0.00888,0.00179
2001-12-05,0.02241,-0.00297,-0.01022,0.00587,-0.02368,-0.00851
2001-12-06,-0.00274,-0.01932,-0.00412,-0.00503,-0.01227,-0.00617
2001-12-07,-0.00756,0.01317,-0.00794,-0.00329,-0.01956,-0.00583
2001-12-10,-0.01598,-0.01545,0.00138,0.00153,0.00471,0.00015
2001-12-11,-0.00279,-0.00641,0.00319,0.00801,0.00499,0.0
2001-12-12,0.00043,0.00051,0.00353,0.00719,0.00965,0.00318
2001-12-13,-0.01564,-0.00549,-0.00638,-0.00651,-0.0093,-0.00204
2001-12-14,0.00331,0.02209,-0.00607,-0.00152,-0.00331,-0.00121
2001-12-17,0.01001,0.00081,-0.00052,-0.00388,-0.00973,-0.00464
2001-12-18,0.00753,0.00237,0.00555,0.00297,0.01418,0.00076
2001-12-19,0.00584,0.00436,0.00561,0.00061,0.01046,0.00842
2001-12-20,-0.00827,-0.01471,0.00103,-0.00587,-0.00039,0.00482
2001-12-21,0.00436,0.00491,-0.00129,0.00222,-0.00201,0.00368
2001-12-24,-0.00021,0.0,-0.00267,-0.00666,-0.00525,-0.00097
2001-12-26,0.00412,0.03375,-0.0013,-8e-05,-0.00299,-0.0024
2001-12-27,0.00703,-0.00761,0.00517,0.00666,0.00588,-0.00135
2001-12-28,0.00339,-0.01125,-0.0012,0.00639,-0.00597,-0.00105
2001-12-31,-0.01121,-0.01257,0.00524,-0.00243,0.01007,-0.0003
2002-01-02,0.00587,0.02369,-0.00292,0.00644,-0.01373,-0.00113
2002-01-03,0.00915,-0.01199,0.00017,0.01022,0.00401,0.00354
2002-01-04,0.00619,0.0277,0.00326,0.00276,-0.00317,-0.00181
2002-01-07,-0.00652,0.00072,0.00436,0.00209,0.01237,0.00271
2002-01-08,-0.00333,-0.00398,-0.00102,-0.00298,-0.00092,8e-05
2002-01-09,-0.00476,-0.01582,0.00196,0.00067,0.0007,0.00045
2002-01-10,0.00124,0.0091,0.00501,-0.00396,0.01369,0.00345
2002-01-11,-0.00946,-0.00873,0.00076,0.00344,0.00656,0.00232
2002-01-14,-0.0063,-0.01545,0.00254,-0.00105,-0.00141,0.00127
2002-01-15,0.00681,-0.00249,0.00228,-0.00075,0.00627,-0.00022
2002-01-16,-0.0163,0.00951,-0.00118,0.00075,-0.0017,-0.00269
2002-01-17,0.00999,-0.01936,-0.00465,0.00321,-0.00787,-0.00195
2002-01-18,-0.00997,-0.0029,0.00305,0.00268,0.00625,0.00157
2002-01-23,0.00054,0.00982,-0.00271,0.00467,-0.01448,-0.00105
2002-01-24,0.00352,0.004,0.00127,-0.00037,0.00043,-0.00195
2002-01-25,0.00099,0.00616,-0.00203,-0.00378,-0.00078,-0.00248
2002-01-28,-0.00018,-0.00653,-0.00034,-0.00067,0.00147,-0.00053
2002-01-29,-0.02895,-0.00852,0.00474,-0.00327,0.01007,0.00225
2002-01-30,0.01181,-0.00555,-0.00559,-0.00134,-0.00073,0.00203
2002-01-31,0.01494,0.01326,-0.00204,0.00082,-0.00309,0.0
2002-02-01,-0.0071,0.01745,0.00221,-0.00052,0.00454,0.00187
2002-02-04,-0.02504,-0.00993,-0.00085,0.00194,0.00809,0.00261
2002-02-05,-0.00401,0.00359,-0.00511,0.00305,-0.00098,-0.00022
2002-02-06,-0.00588,-0.01155,-0.00256,0.00156,-0.00387,-0.00127
2002-02-07,-0.00289,0.00106,0.00051,-0.00275,-0.00444,-0.00112
2002-02-08,0.01476,0.01302,0.00707,0.00223,0.00534,0.00246
2002-02-11,0.01428,0.02259,-0.00434,0.00222,-0.0026,-0.00209
2002-02-12,-0.00399,-0.01492,-0.00231,0.0034,-0.00742,-0.00329
2002-02-13,0.01023,0.01143,0.00077,0.008,-0.00125,0.00195
2002-02-14,-0.00174,-0.00381,0.00282,0.00278,0.00695,0.00359
2002-02-15,-0.01104,-0.00091,0.00357,0.00124,0.00703,0.00328
2002-02-19,-0.01903,-0.01252,-0.00136,0.00167,-0.00221,0.00171
2002-02-20,0.01349,-0.01051,-0.00034,0.00312,0.00021,0.00222
2002-02-21,-0.01561,0.01174,0.00187,-0.00065,0.00272,-7e-05
2002-02-22,0.0082,-0.00141,0.00195,0.00217,0.00428,0.00215
2002-02-25,0.01782,-0.01568,-0.0022,0.00181,-0.00161,0.0014
2002-02-26,4e-05,0.02052,-0.00119,-0.00058,-0.00761,-0.00244
2002-02-27,0.00087,0.00275,0.00737,0.00404,0.00807,0.00295
2002-02-28,-0.00282,0.01243,-0.00169,0.00302,-0.00433,-0.00066
2002-03-01,0.02239,0.0178,-0.00687,0.00057,-0.01107,-0.00199
2002-03-04,0.01933,-0.0013,0.00128,0.00086,-0.00086,-0.00059
2002-03-05,-0.00669,0.01664,0.00136,0.00258,0.00215,-0.00178
2002-03-06,0.0146,0.00035,-0.00519,-0.00186,-0.00585,-0.00223
2002-03-07,-0.00447,0.01263,-0.00496,-0.00467,-0.01702,-0.00641
2002-03-08,0.00584,0.00305,-0.00611,-0.00079,-0.00811,-0.0024
2002-03-11,0.0034,0.01271,0.00017,0.00151,-4e-05,0.00165
2002-03-12,-0.00228,0.00017,-0.00147,-0.00029,0.00018,0.00067
2002-03-13,-0.00964,0.00011,0.0019,0.00151,0.00203,0.00067
2002-03-14,-0.00089,0.00255,-0.0097,0.00101,-0.01325,-0.00247
2002-03-15,0.01132,-0.0017,0.00261,0.00136,0.00745,0.00307
2002-03-18,-0.0005,0.01299,0.00225,0.001,0.00572,0.0003
2002-03-19,0.00406,0.00022,0.0,0.0,-0.00367,0.00015
2002-03-20,-0.01584,-0.00627,-0.00365,-0.00179,-0.00806,-0.00404
2002-03-21,0.00153,0.01184,0.00148,-0.00215,0.0041,0.00217
2002-03-22,-0.00424,-0.00831,-0.00078,-0.00201,-0.00218,0.00097
2002-03-25,-0.01476,-0.00624,-0.00043,-0.00187,0.0012,0.00022
2002-03-26,0.00598,0.01154,0.0007,0.00468,0.00733,0.00269
2002-03-27,0.00535,0.01246,-0.00043,0.00115,0.00057,0.0035
2002-03-28,0.00245,0.00253,-0.00331,0.00057,-0.00795,-0.0003
2002-04-01,-0.00074,0.01075,-0.00096,0.0005,0.00018,0.00097
2002-04-02,-0.00857,0.01701,0.00574,0.00336,0.00949,0.00319
2002-04-03,-0.00987,-0.00541,0.00467,0.00143,0.00585,0.00318
2002-04-04,0.00085,-0.01858,-0.00086,0.00093,0.00184,0.00302
2002-04-05,-0.00319,-0.01005,0.00337,0.00164,0.00616,0.00286
2002-04-08,0.00251,0.00391,-0.00224,-0.00192,-0.00366,0.00051
2002-04-09,-0.00663,-0.01374,0.00155,0.00249,0.00323,-0.00044
2002-04-10,0.01131,0.00206,-0.0025,0.00397,-0.00283,0.00022
2002-04-11,-0.02393,-0.02331,0.00121,0.00438,0.00362,0.00234
2002-04-12,0.00661,-0.03354,0.00078,0.00779,0.00295,0.00095
2002-04-15,-0.00764,0.02427,0.00207,-0.00779,0.00403,0.00314
2002-04-16,0.02315,0.00745,-0.0019,0.00197,-0.00407,-0.00131
2002-04-17,-0.00198,0.01989,-0.00035,0.00197,-0.00885,0.00269
2002-04-18,-0.00141,-0.00291,0.00103,0.00021,0.00214,0.0024
2002-04-19,0.00062,0.0037,0.00378,0.00203,0.00305,0.00167
2002-04-22,-0.01553,0.00229,-0.00206,-0.00105,0.00213,0.00065
2002-04-23,-0.00622,0.00345,-0.00069,-0.00168,0.00191,-0.00116
2002-04-24,-0.00711,-0.00479,0.0043,-0.00105,0.00795,0.0008
2002-04-25,-0.00151,0.00707,0.00017,-0.00099,9e-05,0.00036
2002-04-26,-0.01389,0.00663,0.0012,0.00028,0.00382,0.00043
2002-04-29,-0.01011,0.00697,-0.00403,-0.00056,-0.00245,0.00022
2002-04-30,0.01071,-0.00164,-0.00129,-0.0036,0.00365,0.00022
2002-05-01,0.00891,-0.01052,-0.00069,-0.00127,0.00372,0.0031
2002-05-02,-0.00162,-0.01405,-0.00371,-0.00354,-0.00517,-0.00253
2002-05-03,-0.01029,0.00727,0.00354,0.00064,0.00607,0.0018
2002-05-06,-0.01952,-0.00902,-0.00354,-0.00192,-0.00038,0.0005
2002-05-07,-0.00301,0.01147,-0.00104,0.00163,-0.0003,0.0013
2002-05-08,0.03695,0.01139,-0.00434,-0.00021,-0.01486,-0.00274
2002-05-09,-0.01446,0.00351,0.00425,-0.00584,0.00406,0.00159
2002-05-10,-0.01693,0.00377,0.00328,0.00186,0.00486,0.00122
2002-05-13,0.01851,0.01226,-0.00458,-0.00221,-0.00987,-0.00079
2002-05-14,0.02095,0.01137,-0.00626,0.00121,-0.00892,-0.00303
2002-05-15,-0.00536,-0.02423,0.00366,0.00633,0.00214,0.00217
2002-05-16,0.00657,0.00229,0.00425,0.00417,0.00526,0.00094
2002-05-17,0.00783,-0.00022,-0.00225,-0.00467,-0.00683,-0.00123
2002-05-20,-0.01338,0.00527,0.00199,-0.00014,0.00631,0.00159
2002-05-21,-0.01103,-0.01398,0.00492,-0.00085,0.00424,0.00209
2002-05-22,0.00573,-0.00088,0.0049,7e-05,0.00565,0.00251
2002-05-23,0.01014,-0.00028,-0.00223,-0.00199,-0.00483,0.00122
2002-05-24,-0.01216,-0.00546,0.00043,0.00028,0.00164,0.00086
2002-05-28,-0.00858,-0.00767,0.00094,-0.00071,4e-05,0.001
2002-05-29,-0.00629,0.0139,0.00317,0.00156,0.00525,0.00328
2002-05-30,-0.0027,-0.02022,0.00307,0.00043,0.0039,0.00121
2002-05-31,0.00233,0.01283,-0.0006,0.00043,-0.00188,-0.00028
2002-06-03,-0.02509,-0.00277,0.00383,-0.00156,0.00081,0.00085
2002-06-04,1e-05,0.00455,0.00025,-0.00478,0.00175,0.00092
2002-06-05,0.00917,-0.00577,-0.00085,-0.00444,-0.00488,0.00036
2002-06-06,-0.01992,0.00211,0.00119,-0.00937,0.00445,0.00014
2002-06-07,-0.00157,-0.00389,-0.00178,0.00065,-0.0051,-0.00078
2002-06-10,0.00313,-0.00862,-0.00102,0.00304,0.00454,-0.00036
2002-06-11,-0.01676,-0.00248,0.00272,-0.00514,0.00656,-7e-05
2002-06-12,0.00671,0.00981,0.0011,-0.00633,0.00369,0.00178
2002-06-13,-0.01052,0.01907,0.00186,0.00865,0.00355,0.00177
2002-06-14,-0.00226,0.00317,-0.00059,-0.00595,0.01257,0.00509
2002-06-17,0.02831,-0.00366,0.00051,0.00371,-0.00731,-0.00092
2002-06-18,0.00096,-0.01068,0.00127,-0.00203,0.00101,0.00021
2002-06-19,-0.01662,-0.00122,0.00674,-0.0073,0.01083,0.00225
2002-06-20,-0.01351,0.01119,-0.00607,-0.02191,-0.0097,0.00035
2002-06-21,-0.01719,-0.00561,0.00371,-0.01965,0.00788,-0.00021
2002-06-24,0.00362,0.01597,-0.01732,0.01071,-0.00809,-0.00113
2002-06-25,-0.01684,-0.00299,0.00171,0.0049,-0.001,-0.00134
2002-06-26,-0.00216,0.00656,-0.0036,-0.00838,0.01009,0.00766
2002-06-27,0.01744,0.00904,-0.00525,0.0089,-0.01315,-0.00273
2002-06-28,-0.00083,0.00075,-0.00536,0.00927,-0.00097,0.00021
2002-07-01,-0.02161,0.00507,-0.00391,-0.00104,0.00164,7e-05
2002-07-02,-0.02124,-0.00235,-0.00105,-0.0083,0.00757,0.0007
2002-07-03,0.00625,-0.00267,0.00044,-0.00527,0.00029,0.00049
2002-07-05,0.03608,0.0039,-0.00559,0.00196,-0.01051,-0.00246
2002-07-08,-0.012,-0.01775,0.00568,-0.00317,0.00399,-0.00415
2002-07-09,-0.02495,0.00385,0.00876,0.00678,0.00794,0.00169
2002-07-10,-0.0345,0.01006,0.00543,0.00778,0.00928,0.00653
2002-07-11,0.00752,0.00027,-0.00793,0.0006,0.00268,0.00286
2002-07-12,-0.00647,0.01006,0.0032,0.01074,0.00144,0.003
2002-07-15,-0.00376,-0.00366,-0.00554,-0.00539,-0.00362,0.00208
2002-07-16,-0.01855,0.01927,-0.00487,-0.00044,-0.01039,-0.00146
2002-07-17,0.00561,-0.00016,0.00522,0.00229,0.0044,0.00049
2002-07-18,-0.02737,-0.00686,0.00303,0.00546,0.0029,0.00194
2002-07-19,-0.0391,0.00419,-0.00052,0.0,0.00602,0.00201
2002-07-22,-0.03348,-0.01475,0.0044,-0.00206,0.0092,0.00642
2002-07-23,-0.02739,-0.01535,-0.0057,-0.01007,0.00098,0.00041
2002-07-24,0.05575,0.01152,-0.00722,-0.00418,-0.00314,-0.00213
2002-07-25,-0.00563,-0.00304,0.00052,-0.00939,0.00224,0.00083
2002-07-26,0.01674,-0.00724,-0.00612,-0.0075,-0.00277,0.00076
2002-07-29,0.05276,-0.00735,-0.00599,-0.01772,-0.01207,-0.00476
2002-07-30,0.00431,0.01651,0.00432,-0.0087,0.00128,-0.00131
2002-07-31,0.00986,-0.00267,0.01032,0.00716,0.01185,0.00242
2002-08-01,-0.02985,-0.00606,0.00642,0.01569,0.00281,0.00241
2002-08-02,-0.02334,0.00937,0.00354,0.00813,0.01321,0.00679
2002-08-05,-0.03487,-0.0061,-0.00631,-0.00546,0.0026,0.00369
2002-08-06,0.02948,0.01104,-0.00373,-0.00107,-0.00973,-0.00334
2002-08-07,0.01999,-0.00847,0.00694,0.01369,0.00636,0.00484
2002-08-08,0.03222,0.00021,-0.00364,0.01113,-0.00451,-0.00211
2002-08-09,0.00373,0.00666,0.00623,-0.01188,0.01505,0.00646
2002-08-12,-0.00531,0.0215,-9e-05,-0.01066,0.0072,0.00581
2002-08-13,-0.0218,0.0028,0.00524,-0.00167,0.00876,0.00631
2002-08-14,0.03948,0.00538,0.00291,0.00758,0.01139,0.00454
2002-08-15,0.01161,0.02042,-0.00034,0.00174,-0.01057,-0.00481
2002-08-16,-0.00148,-0.00192,-0.00755,0.00339,-0.01468,-0.00631
2002-08-19,0.02337,-0.00106,0.00636,0.00704,0.00423,-0.00054
2002-08-20,-0.01408,-0.00193,0.01082,0.00528,0.01107,0.00739
2002-08-21,0.01275,0.00592,0.00093,0.00644,-0.0027,-0.00033
2002-08-22,0.01398,-0.00603,-0.00254,-0.00592,-0.01007,-0.00302
2002-08-23,-0.02292,-0.00061,0.00423,0.00783,0.00882,0.00235
2002-08-26,0.0075,0.01348,0.00034,0.00309,0.00266,0.0008
2002-08-27,-0.01393,-0.0077,-0.00338,0.00257,-0.00903,-0.00174
2002-08-28,-0.01813,-0.00802,0.00406,-0.00198,0.00758,0.0004
2002-08-29,0.0,0.00837,8e-05,0.00308,0.00621,0.00341
2002-08-30,-0.00185,0.00328,0.00135,0.00569,0.00423,0.00213
2002-09-03,-0.04241,-0.01967,0.00647,-0.00211,0.01698,0.0079
2002-09-04,0.01771,0.01523,0.00067,0.00131,0.00221,0.00145
2002-09-05,-0.01604,0.01506,0.00276,0.00145,0.00425,0.00112
2002-09-06,0.01671,0.01139,-0.00779,0.00087,-0.01495,-0.00383
2002-09-09,0.01008,0.0057,-0.00059,0.00384,0.00092,-0.00046
2002-09-10,0.00731,-0.00319,0.00571,-0.00203,0.00513,0.00185
2002-09-11,2e-05,-0.00029,-0.00369,0.00051,-0.00694,-0.00271
2002-09-12,-0.02486,-0.01615,0.00836,0.00311,0.00999,0.00304
2002-09-13,0.00328,0.00145,0.00416,-0.00022,0.00838,0.00422
2002-09-16,0.00148,-0.0014,0.00249,-0.00478,0.00362,0.00158
2002-09-17,-0.01992,-0.00968,0.00289,-0.00502,0.00094,-0.0002
2002-09-18,-0.00458,-0.00076,-0.00314,-0.00453,-0.00064,0.00217
2002-09-19,-0.0305,-0.00253,0.00264,-0.00264,0.00589,0.00183
2002-09-20,0.00246,-0.00695,-0.00223,0.00059,-0.00371,-0.00039
2002-09-23,-0.01392,-0.00209,0.00289,-0.00596,0.00941,0.00425
2002-09-24,-0.01743,0.00357,-0.00306,0.00022,0.00456,0.00286
2002-09-25,0.0248,-0.00306,-0.00498,0.00501,-0.01292,-0.0041
2002-09-26,0.01824,0.00529,0.00108,-0.00221,-0.00094,-0.00235
2002-09-27,-0.03277,-0.00432,0.00547,-0.00962,0.00628,0.00248
2002-09-30,-0.01471,-0.0002,-0.00033,0.00163,0.00487,0.00423
2002-10-01,0.03924,0.00356,-0.00207,0.00666,-0.00981,-0.00508
2002-10-02,-0.02365,-0.00122,0.00058,0.00581,0.00198,-0.0002
2002-10-03,-0.01085,-0.00556,-0.0024,0.0041,-0.0012,0.00085
2002-10-04,-0.02268,0.0048,-0.00441,0.00284,0.00131,0.00117
2002-10-07,-0.0193,0.0029,-0.00133,-0.00248,0.0031,0.00156
2002-10-08,0.01715,-0.00274,-0.00905,-0.00073,-0.00082,0.00046
2002-10-09,-0.02756,0.00025,-0.00278,-0.00726,0.00706,-0.00319
2002-10-10,0.03447,-0.00566,-0.00169,-0.00273,-0.00725,-0.00327
2002-10-11,0.03831,0.00092,8e-05,0.0042,-0.01417,-0.00486
2002-10-15,0.05355,0.00627,-0.00441,-0.00184,-0.01976,-0.008
2002-10-16,-0.02432,-0.00188,-0.00494,0.00147,-0.00406,-0.00272
2002-10-17,0.02208,0.00442,-0.00462,0.00433,-0.01024,-0.00922
2002-10-18,0.00589,-0.00366,0.0,0.00555,-0.0011,-0.00134
2002-10-21,0.01719,-0.01367,-0.00369,7e-05,-0.00542,-0.0029
2002-10-22,-0.01068,-0.00041,0.0012,0.00102,-0.00355,-0.00372
2002-10-23,0.0067,-0.00124,0.00103,0.00428,-0.00131,-0.00074
2002-10-24,-0.01532,-5e-05,0.00625,0.00332,0.00789,0.00318
2002-10-25,0.01703,-0.01987,0.00502,0.00382,0.00482,0.00135
2002-10-28,-0.00831,0.00693,0.00398,0.00187,-0.00106,0.00256
2002-10-29,-0.00902,-0.00856,0.00666,-0.00129,0.01473,0.00757
2002-10-30,0.00984,0.00374,0.00268,0.01107,-0.00297,-0.0004
2002-10-31,-0.00539,0.00812,0.00626,0.0075,0.00382,-0.00013
2002-11-01,0.01702,-0.00308,-0.00426,0.00134,-0.00255,-0.00187
2002-11-04,0.00817,-0.0054,0.00059,0.00042,-0.00573,-0.00161
2002-11-05,0.00776,-0.00845,0.00025,-0.00099,-0.00272,0.00107
2002-11-06,0.00932,-0.00383,0.00724,-0.00275,0.00463,0.00201
2002-11-07,-0.0229,-0.00673,0.00966,0.00942,0.02058,0.0107
2002-11-08,-0.00873,-0.00145,0.00213,0.00405,0.01103,0.00277
2002-11-12,-0.01322,0.00509,-0.00361,-0.00237,4e-05,0.00112
2002-11-13,-0.00013,-0.0102,0.00099,-0.0007,0.0018,0.00105
2002-11-14,0.02445,0.00129,-0.0042,0.0023,-0.01817,-0.00726
2002-11-15,0.00622,0.00495,0.00461,0.00529,-0.00073,-0.00239
2002-11-18,-0.01042,0.01511,0.00508,0.00616,0.00473,0.00133
2002-11-19,-0.00403,-0.00476,0.0009,0.00529,0.00554,0.00205
2002-11-20,0.0193,0.00861,-0.00376,0.00267,-0.01034,-0.00278
2002-11-21,0.02129,0.00257,-0.00205,0.00116,-0.00868,-0.00519
2002-11-22,-0.00343,0.0057,-0.00222,-0.00062,-0.00259,-0.00067
2002-11-25,0.00251,-0.01176,-0.00107,-0.00267,-0.00039,0.0004
2002-11-26,-0.021,0.00521,0.00624,-0.00275,0.01031,0.00459
2002-11-27,0.02768,0.00508,-0.01037,0.00082,-0.02038,-0.00626
2002-11-29,-0.00267,0.00016,0.00264,0.00404,0.00545,0.00027
2002-12-02,-0.0019,0.00204,0.00346,0.00709,0.00085,0.00053
2002-12-03,-0.01484,-0.00078,-0.00165,-0.0034,-0.00093,0.0
2002-12-04,-0.00312,-0.0066,0.00148,-0.00034,0.00581,0.00293
2002-12-05,-0.01206,0.00712,0.00353,-0.00335,0.00647,0.00239
2002-12-06,0.00628,0.00016,0.00033,0.00335,-0.00058,0.00093
2002-12-09,-0.0224,0.00406,0.00221,0.00476,0.00571,0.00212
2002-12-10,0.01389,0.00683,0.00057,-0.00115,0.00343,0.00066
2002-12-11,0.00077,-0.0073,0.00481,0.00461,0.00702,0.00271
2002-12-12,-0.00367,0.01018,-0.00081,0.0025,-0.00049,0.00073
2002-12-13,-0.01351,0.00405,-0.00334,0.00027,-0.00877,-0.00125
2002-12-16,0.02329,0.01903,-0.00286,0.00061,-0.00889,-0.00159
2002-12-17,-0.00816,-0.00544,0.00335,-0.00196,0.00019,0.00198
2002-12-18,-0.01315,0.00444,0.00513,0.0035,0.00591,0.0033
2002-12-19,-0.00753,-0.00222,0.00559,0.00255,0.01027,0.00577
2002-12-20,0.01292,-0.00642,0.00048,0.00114,0.00083,0.00163
2002-12-23,0.00182,0.01376,-0.00105,0.00127,-0.00117,-0.0002
2002-12-24,-0.00548,-0.00246,0.00299,0.00107,0.00593,0.00222
2002-12-26,-0.00315,0.0059,0.00072,-0.0006,0.00154,-7e-05
2002-12-27,-0.01574,-0.00185,0.00626,0.00107,0.01047,0.00299
2002-12-30,0.00458,-0.02009,0.00168,-0.00067,0.00286,0.00376
2002-12-31,0.0006,0.0062,-0.00176,0.00274,-0.00405,0.00149
2003-01-02,0.03275,0.00465,-0.009,-0.0014,-0.02325,-0.0087
2003-01-03,-0.00048,0.01173,0.00161,0.00313,0.00076,0.0
2003-01-06,0.02222,-0.00916,-0.00024,0.00518,-0.00202,-0.00333
2003-01-07,-0.00652,0.0,0.00386,0.00113,0.00293,0.00039
2003-01-08,-0.01387,0.00762,0.00361,0.00284,0.00592,0.00626
2003-01-09,0.01925,0.00994,-0.01054,-0.00543,-0.0191,-0.00639
2003-01-10,-2e-05,-0.00984,0.00186,0.00417,0.00015,0.00039
2003-01-13,-0.00135,0.00815,0.00419,0.00323,0.00469,0.00255
2003-01-14,0.00582,0.00642,0.00193,7e-05,0.00398,0.00384
2003-01-15,-0.01437,0.00408,-0.00064,-0.00171,0.00347,0.00234
2003-01-16,-0.00393,0.00868,-8e-05,0.00053,0.00126,-0.00071
2003-01-17,-0.01411,0.0032,0.00032,-0.00125,0.00595,0.00518
2003-01-21,-0.01583,0.00097,0.00096,-0.00516,0.00325,0.00161
2003-01-22,-0.01038,0.00131,0.00248,-0.00113,0.00594,0.00354
2003-01-23,0.01017,-0.00102,0.0,0.00192,-0.00447,-0.00071
2003-01-24,-0.02966,0.01388,0.00391,-0.00186,0.0078,0.00455
2003-01-27,-0.0163,-0.01272,-0.00575,-0.0004,-0.00472,-0.00109
2003-01-28,0.01298,0.01296,0.00136,0.0051,-0.00045,-0.00244
2003-01-29,0.00693,0.01147,-0.00321,0.00264,-0.00587,-0.0018
2003-01-30,-0.0229,0.00484,0.00369,0.00073,0.0058,0.00116
2003-01-31,0.01304,-0.00141,0.00088,0.00309,0.00483,0.00083
2003-02-03,0.0054,-0.00282,0.00056,0.00203,0.00041,-0.00045
2003-02-04,-0.01418,0.01538,0.00383,-0.00203,0.00599,0.00685
2003-02-05,-0.00524,0.00541,-0.00383,0.00059,-0.00974,-0.00038
2003-02-06,-0.00618,-0.00217,0.00399,0.00105,0.00825,0.00446
2003-02-07,-0.01012,0.01012,0.00175,0.00164,0.00286,0.00114
2003-02-10,0.00757,-0.00735,-0.00358,0.00131,-0.00714,0.00013
2003-02-11,-0.0081,0.009,0.00127,0.00157,-4e-05,0.00222
2003-02-12,-0.0124,-0.00513,0.00199,-0.00111,0.00268,0.00114
2003-02-13,-0.00146,0.00504,0.00111,-0.00072,0.00579,0.00297
2003-02-14,0.02121,-0.00096,-0.00509,0.00072,-0.00971,-0.00221
2003-02-18,0.0194,-0.00367,0.00167,0.00378,0.00284,-0.00063
2003-02-19,-0.00693,0.00101,0.00635,0.00338,0.00739,0.00316
2003-02-20,-0.0095,-0.0088,0.00324,0.00363,0.00288,0.00622
2003-02-21,0.01314,0.01461,-0.00245,0.0009,-0.00663,-0.00113
2003-02-24,-0.01854,0.01093,0.00253,0.00432,0.00522,0.00469
2003-02-25,0.00717,-0.01025,0.00079,0.00135,0.0045,0.00299
2003-02-26,-0.01281,0.01497,0.00464,0.00186,0.00616,-0.0005
2003-02-27,0.0118,-0.00916,0.00219,0.00167,0.00212,0.001
2003-02-28,0.00464,-0.0024,0.00398,0.00345,0.00727,0.00515
2003-03-03,-0.00756,-0.00391,0.00171,-0.0007,0.00058,0.00068
2003-03-04,-0.01547,0.00858,0.00078,-0.00026,0.00159,0.00124
2003-03-05,0.00985,0.00036,-0.00023,0.00382,0.0022,0.00086
2003-03-06,-0.0093,0.00891,-0.00062,0.00558,-0.00325,0.00056
2003-03-07,0.00825,0.01069,8e-05,0.00164,0.00275,0.00222
2003-03-10,-0.02614,-0.0072,0.00194,-0.0019,0.00374,0.00258
2003-03-11,-0.00838,-0.0051,-0.00171,0.00063,-0.00068,6e-05
2003-03-12,0.00473,0.00902,-0.00101,0.00095,0.0038,-0.00037
2003-03-13,0.03393,-0.02836,-0.00774,-0.00209,-0.01596,-0.0095
2003-03-14,0.00166,-0.01642,0.0029,0.00089,0.0028,-0.00466
2003-03-17,0.03485,-0.02029,-0.00659,-0.00622,-0.01179,-0.00687
2003-03-18,0.00427,-0.03387,-0.00482,0.00419,-0.00837,-0.0061
2003-03-19,0.00876,-0.00714,-0.00269,-0.01122,-0.00699,-0.00747
2003-03-20,0.00191,-0.02148,-0.00135,-0.00147,-0.00674,-0.0035
2003-03-21,0.02272,-0.02905,-0.00382,0.00295,-0.00955,-0.00543
2003-03-24,-0.03586,0.02038,0.00763,-0.00513,0.01348,0.00715
2003-03-25,0.01209,-0.02189,0.00127,0.00699,0.0,0.00076
2003-03-26,-0.00545,0.00788,0.0045,0.00172,0.00116,0.00146
2003-03-27,-0.0015,0.0251,0.00126,-0.00204,0.00056,0.00273
2003-03-28,-0.00577,-0.00647,0.00314,0.0058,0.00328,0.00196
2003-03-31,-0.01789,0.02197,0.00391,0.00526,0.01055,0.0053
2003-04-01,0.01208,-0.01641,0.00211,0.00649,-4e-05,0.00101
2003-04-02,0.02596,-0.0155,-0.00242,0.00476,-0.01111,-0.00611
2003-04-03,-0.00505,-0.00251,0.00211,0.00629,-0.00101,0.00069
2003-04-04,0.00274,-0.0036,-0.00179,6e-05,-0.00287,-0.00196
2003-04-07,0.00126,-0.00418,-0.00321,0.00217,-0.00435,-0.0059
2003-04-08,-0.00152,0.00171,0.00321,-0.00118,0.00979,0.004
2003-04-09,-0.01399,0.02126,0.00203,-0.00105,0.00241,0.00165
2003-04-10,0.00643,-0.01909,-0.00203,-0.00305,-0.00316,-0.00158
2003-04-11,-0.00369,0.0098,-0.00242,0.00205,-0.00276,-0.00254
2003-04-14,0.01932,-0.0065,-0.00172,0.00595,-0.0025,-0.00134
2003-04-15,0.00636,0.01362,0.00594,0.00775,0.00574,0.00235
2003-04-16,-0.01229,-0.00066,0.00373,0.00123,0.00401,0.00025
2003-04-17,0.01542,0.01814,8e-05,0.00403,0.00155,-0.00133
2003-04-21,-0.00176,0.0071,-0.00062,-0.00024,-0.00137,-0.00114
2003-04-22,0.02148,-0.01575,-0.0014,0.00219,-0.00037,-0.00127
2003-04-23,0.00838,-0.02179,0.00698,0.00195,0.00074,-0.00134
2003-04-24,-0.00829,0.00215,0.00716,0.00109,0.01064,0.00598
2003-04-25,-0.01393,-0.00771,0.00123,0.00146,0.00092,0.00342
2003-04-28,0.01781,-0.01781,-0.00222,0.00182,0.00048,0.00145
2003-04-29,0.00334,-0.00522,-0.00046,0.00386,-0.00289,-0.00398
2003-04-30,-0.0009,0.01129,0.00582,0.01049,0.00884,0.00512
2003-05-01,-0.00051,0.00739,0.00153,0.00286,-0.00033,0.00283
2003-05-02,0.01494,-0.00812,-0.00344,0.00545,-0.0054,-0.00239
2003-05-05,-0.00376,0.02259,0.00427,0.00035,0.00391,0.00402
2003-05-06,0.00842,-0.01322,0.0063,-0.00172,0.00664,0.00557
2003-05-07,-0.00496,0.01557,0.00686,0.00872,0.01062,0.00697
2003-05-08,-0.01008,0.01186,0.0,0.00521,0.00368,0.00476
2003-05-09,0.01441,0.01892,-0.00166,0.00192,-0.00125,0.00074
2003-05-12,0.01249,-0.00178,0.00278,0.00622,0.00559,0.00363
2003-05-13,-0.00284,0.01928,-0.00075,0.00474,0.00277,0.00061
2003-05-14,-0.00293,0.01255,0.00487,-0.00237,0.01417,0.00569
2003-05-15,0.00796,-0.00245,-0.00217,-0.00667,0.00328,0.00091
2003-05-16,-0.0024,0.00288,0.00575,0.00017,0.00721,0.0028
2003-05-19,-0.02521,-0.01396,-0.00119,-0.00023,-0.00218,0.00213
2003-05-20,-0.00114,0.00379,0.00424,-0.0035,0.01345,0.00024
2003-05-21,0.0041,0.01127,-0.00275,0.00808,0.00225,0.00695
2003-05-22,0.00911,-0.00832,0.00579,0.00807,0.00713,0.00199
2003-05-23,0.00146,0.00188,0.00222,0.00533,0.00331,-0.00012
2003-05-27,0.01938,0.00323,-0.00392,-0.0012,-0.0142,-0.00609
2003-05-28,0.00198,-0.01814,-0.00059,-0.00384,-0.0057,-0.00273
2003-05-29,-0.00369,0.01482,0.00614,0.00687,0.00877,0.00773
2003-05-30,0.01463,0.00495,-0.00148,-0.00063,-0.00157,6e-05
2003-06-02,0.00357,0.01647,-0.00348,-0.00108,-0.0093,-0.00477
2003-06-03,0.00471,-0.00156,0.00584,0.00501,0.01012,0.00657
2003-06-04,0.01529,-0.01428,0.00191,0.00736,0.00293,0.00204
2003-06-05,0.00401,0.01561,-0.00155,0.00585,-0.00628,-0.00168
2003-06-06,-0.00235,0.0093,0.00103,0.00207,0.0011,-0.00198
2003-06-09,-0.01203,0.00061,0.00507,0.00196,0.00709,0.00612
2003-06-10,0.00911,0.00107,0.0057,0.00212,0.01196,0.0059
2003-06-11,0.01309,0.00726,7e-05,-0.00039,0.00151,-0.00012
2003-06-12,0.00107,-0.00889,0.00284,0.00379,0.00368,0.00315
2003-06-13,-0.00996,-0.01712,0.00485,0.00587,0.00855,0.00467
2003-06-16,0.02217,0.00332,-0.00471,0.00281,-0.00758,-0.00598
2003-06-17,0.00091,0.00572,-0.00466,-0.00088,-0.0108,-0.00739
2003-06-18,-0.00148,-0.00634,-0.00461,-0.01148,-0.01235,-0.00732
2003-06-19,-0.01534,-0.00242,0.00051,-0.00509,-0.00294,0.00217
2003-06-20,0.00101,0.01102,-0.00433,-0.00596,-0.00567,-0.00319
2003-06-23,-0.0142,-0.00803,0.00404,-0.0009,0.00905,0.00445
2003-06-24,0.00184,-0.00953,0.00307,0.00602,0.0065,0.00312
2003-06-25,-0.00831,0.0185,-0.00615,-0.00478,-0.01297,-0.0042
2003-06-26,0.01109,-0.02157,-0.0096,-0.01168,-0.01652,-0.00984
2003-06-27,-0.00976,0.00846,-0.00238,-0.00509,-0.0048,-0.00304
2003-06-30,-0.00177,0.01451,0.00267,0.00497,0.00605,0.0011
2003-07-01,0.00816,0.00757,-0.00275,0.00313,-0.00304,-0.00317
2003-07-02,0.0116,-0.00294,0.00178,-0.00171,0.0021,-0.00128
2003-07-03,-0.00813,-0.00304,-0.00588,-0.00772,-0.01357,-0.00729
2003-07-07,0.01883,-0.00361,-0.00284,-0.01154,-0.00532,-0.00462
2003-07-08,0.00374,0.00525,-0.00082,-0.00046,-0.00142,-0.00161
2003-07-09,-0.0055,0.01334,0.00255,0.00313,0.00285,0.00476
2003-07-10,-0.01357,-0.00333,0.00172,0.00254,0.00082,0.00602
2003-07-11,0.00956,0.00393,0.00261,0.0,0.00337,0.00294
2003-07-14,0.00573,0.00249,-0.00425,0.00225,-0.01107,-0.00373
2003-07-15,-0.00343,-0.0017,-0.01181,-0.0081,-0.02068,-0.01227
2003-07-16,-0.00635,-0.01187,-0.00023,-0.00145,0.00102,0.00062
2003-07-17,-0.01241,0.00656,0.0,0.00673,-0.00011,-0.00012
2003-07-18,0.01174,0.00647,-0.00068,0.0034,-0.0011,0.0018
2003-07-21,-0.01472,-0.0012,-0.01204,-0.00208,-0.02205,-0.01327
2003-07-22,0.00946,-0.02497,0.0023,0.00121,0.00384,0.00125
2003-07-23,0.00052,0.01067,0.00343,0.00127,0.00305,0.00606
2003-07-24,-0.00711,0.01329,-0.00298,-0.00433,-0.00718,-0.00362
2003-07-25,0.01726,-0.00074,-0.00161,0.00168,-0.00311,0.00144
2003-07-28,-0.00216,0.00102,-0.00691,-0.0048,-0.01241,-0.00928
2003-07-29,-0.00714,0.00166,-0.00844,-0.00728,-0.01149,-0.00918
2003-07-30,-0.00168,0.00432,0.00202,-0.00058,0.00898,0.00741
2003-07-31,0.00309,-0.00119,-0.01186,-0.0107,-0.02219,-0.01008
2003-08-01,-0.01029,0.02927,8e-05,-0.01117,0.005,0.00242
2003-08-04,0.00272,-0.00941,0.00446,-0.00114,0.0064,0.00722
2003-08-05,-0.01778,0.0048,-0.00706,0.00203,-0.01296,-0.01047
2003-08-06,0.00185,-0.00431,0.00698,-0.0009,0.01959,0.00896
2003-08-07,0.0073,0.01265,0.00351,0.00815,0.00328,0.00429
2003-08-08,0.00356,-0.00062,0.0021,0.01049,-0.00156,0.00076
2003-08-11,0.00332,-0.002,-0.00467,-0.00247,-0.00723,-0.00113
2003-08-12,0.00992,0.00347,0.00117,0.00252,0.00077,0.00258
2003-08-13,-0.00602,-0.01188,-0.01248,-0.00736,-0.02251,-0.00985
2003-08-14,0.00657,0.00685,-0.00174,-0.0003,0.0029,0.00063
2003-08-15,0.00033,-0.00281,0.00316,0.00047,0.00293,0.00222
2003-08-18,0.00916,0.00107,0.00338,0.00671,0.00591,0.00385
2003-08-19,0.00262,-0.00174,0.00814,0.00888,0.01521,0.00947
2003-08-20,-0.00196,0.00723,-0.00156,0.00163,-0.00586,-0.001
2003-08-21,0.00301,0.00563,-0.00321,-0.00186,-0.00316,-0.00144
2003-08-22,-0.01023,0.00366,0.00367,0.00424,0.00703,0.00119
2003-08-25,0.00065,-0.00499,-0.00493,-0.00273,-0.00699,-0.00332
2003-08-26,0.00305,0.0049,0.00258,0.00417,0.00504,-0.00157
2003-08-27,0.00023,-0.00658,-0.00102,6e-05,-0.00477,-0.00302
2003-08-28,0.00611,0.00526,0.00694,0.00271,0.0123,0.00572
2003-08-29,0.00521,0.00339,-0.00047,-0.00098,0.00023,0.00025
2003-09-02,0.01379,-0.02826,-0.00687,-0.00179,-0.01685,-0.00963
2003-09-03,0.00447,0.00882,0.00078,0.0022,-0.00128,6e-05
2003-09-04,0.00169,-0.00553,0.00445,0.00759,0.00541,0.00372
2003-09-05,-0.00641,-0.00284,0.00977,0.00884,0.01595,0.01184
2003-09-08,0.01006,-0.00131,-0.00224,0.0013,-0.00251,-0.00199
2003-09-09,-0.00824,0.00451,0.00139,-0.00267,0.00099,0.00025
2003-09-10,-0.01195,0.00243,0.00731,0.00759,0.01126,0.0051
2003-09-11,0.00573,-0.00826,-0.00384,-0.00017,-0.00724,-0.00385
2003-09-12,0.00218,-0.0086,0.0056,0.00287,0.00638,0.00528
2003-09-15,-0.00373,-0.00137,0.00084,0.00112,0.0006,0.00142
2003-09-16,0.0142,-0.00915,-0.0013,-0.00169,-0.00645,-0.00471
2003-09-17,-0.00322,-0.0076,0.00725,0.005,0.01416,0.00323
2003-09-18,0.01318,0.00144,0.00061,0.00146,0.00175,0.0005
2003-09-19,-0.00314,0.00172,0.00175,0.0029,0.00461,0.00328
2003-09-22,-0.0131,0.00407,-0.00555,-0.00716,-0.01043,-0.0047
2003-09-23,0.00606,-0.00612,0.00152,-0.00062,0.00553,0.00378
2003-09-24,-0.01928,0.01668,0.00554,0.00778,0.01052,0.0069
2003-09-25,-0.00586,0.00219,0.00197,0.00162,0.00452,0.00429
2003-09-26,-0.00624,-0.00659,0.0043,0.00156,0.00676,0.00512
2003-09-29,0.00974,0.00412,-0.00218,-0.00195,-0.00665,-0.00225
2003-09-30,-0.01061,0.01268,0.00811,0.00273,0.01644,0.00492
2003-10-01,0.02219,0.0032,0.00037,0.00028,-0.00014,-0.00103
2003-10-02,0.00211,0.00391,-0.00442,-0.00178,-0.00681,-0.00474
2003-10-03,0.00937,0.00474,-0.01179,-0.00234,-0.02219,-0.00993
2003-10-06,0.00436,0.0008,0.00432,0.00373,0.00633,0.00424
2003-10-07,0.00477,0.00737,-0.00531,-6e-05,-0.01207,-0.00344
2003-10-08,-0.00491,-0.00626,0.00076,0.00692,-0.0015,-0.00209
2003-10-09,0.00479,0.01866,-0.00122,-0.00077,-0.00672,-0.00099
2003-10-10,-0.00057,0.00805,0.00357,0.0032,0.00563,0.00621
2003-10-14,0.01094,0.00165,-0.00563,0.00017,-0.01081,-0.00363
2003-10-15,-0.0024,9e-05,-0.00114,-0.00039,-0.00497,-0.0021
2003-10-16,0.00318,-0.00247,-0.00206,-0.00105,-0.00278,0.00111
2003-10-17,-0.01028,-0.01451,0.00511,-0.00492,0.00745,0.00437
2003-10-20,0.00514,-0.00437,0.00152,-0.00028,0.00359,0.00312
2003-10-21,0.00129,0.00071,-0.00114,0.00266,0.00064,-0.00037
2003-10-22,-0.015,-0.00013,0.00342,-0.00243,0.01021,0.0044
2003-10-23,0.00332,0.01282,-0.00319,-0.00294,-0.0049,0.00128
2003-10-24,-0.00471,-0.00293,0.00773,0.00161,0.01212,0.00848
2003-10-27,0.00216,-0.00153,-0.00257,-0.00261,-0.0039,-0.00175
2003-10-28,0.01508,-0.00184,0.00491,0.00244,0.00675,0.00422
2003-10-29,0.00144,-0.00215,-0.00513,0.00155,-0.00898,-0.00428
2003-10-30,-0.00085,-0.00795,-0.00318,-0.00216,-0.00505,-0.00218
2003-10-31,0.0036,0.01124,0.00212,0.00537,0.00665,0.00453
2003-11-03,0.00788,-0.01045,-0.00425,0.00138,-0.00489,-0.00193
2003-11-04,-0.00545,-0.00422,0.00304,0.00479,0.00664,0.00434
2003-11-05,-0.00118,0.03132,-0.00441,-0.00297,-0.00608,-0.0064
2003-11-06,0.006,-0.00701,-0.00435,-0.00237,-0.00796,-0.00437
2003-11-07,-0.00438,0.00839,-0.00138,-0.00188,-0.00249,-6e-05
2003-11-10,-0.00573,0.00052,-0.00054,0.0021,-0.00136,0.00122
2003-11-12,0.01124,0.01487,0.00573,0.0038,0.00758,0.00291
2003-11-13,-0.00012,0.00777,0.01032,0.0034,0.01572,0.0088
2003-11-14,-0.00746,0.00483,0.00354,0.00241,0.00619,0.00371
2003-11-17,-0.00641,-0.00786,0.00248,0.00011,0.00392,0.00519
2003-11-18,-0.00909,0.02245,0.00187,0.00055,0.00311,0.0
2003-11-19,0.00806,-0.01757,-0.00533,-0.00301,-0.00835,-0.00704
2003-11-20,-0.00843,-0.00552,0.00391,0.00202,0.00813,-0.00072
2003-11-21,0.00163,0.0008,0.00022,0.00338,0.00219,-0.0018
2003-11-24,0.0161,-0.0282,-0.00466,-0.00114,-0.00815,-0.00325
2003-11-25,0.00183,0.00472,0.00368,0.00131,0.00454,0.00571
2003-11-26,0.00449,0.01335,-0.00316,-0.00016,-0.00454,-0.00192
2003-11-28,-0.00021,0.00404,-0.00483,-0.00273,-0.00837,-0.00379
2003-12-01,0.01124,-0.00153,-0.00273,0.00071,-0.00453,-0.00157
2003-12-02,-0.00326,0.01381,0.00227,0.0024,0.00193,0.00223
2003-12-03,-0.0015,0.00794,-0.00038,0.00304,-0.00469,-0.00139
2003-12-04,0.00474,0.00278,0.0028,0.00406,0.00454,0.00277
2003-12-05,-0.00769,-0.00967,0.00887,0.0055,0.01605,0.00981
2003-12-08,0.00737,0.02385,-0.00487,0.00284,-0.00869,-0.00346
2003-12-09,-0.00855,-0.00817,-0.00377,0.00129,-0.00699,-0.00287
2003-12-10,-0.00089,0.00227,0.00249,-0.00214,0.00289,0.00353
2003-12-11,0.01154,-0.00404,0.00383,-0.00113,0.00645,0.00399
2003-12-12,0.00273,0.01996,0.00037,0.00231,0.00151,-0.00042
2003-12-15,-0.00566,0.00291,-0.00105,0.00107,-0.0014,-0.00376
2003-12-16,0.00663,-0.00303,0.00225,0.00273,0.00425,-0.00024
2003-12-17,0.00136,0.00743,0.00344,0.00442,0.00664,-6e-05
2003-12-18,0.01187,0.00952,0.00343,0.00281,0.00894,0.00376
2003-12-19,-0.00045,-0.01258,0.00141,0.00058,-0.0004,-0.00018
2003-12-22,0.00392,-0.0186,-0.00163,0.00053,-0.00274,-0.00143
2003-12-23,0.00282,0.00016,-0.00567,-0.00132,-0.00955,-0.00316
2003-12-24,-0.0018,0.01034,0.00478,-0.00106,0.00684,0.00394
2003-12-26,0.00169,0.00236,0.00305,0.00058,0.00578,0.00297
2003-12-29,0.01269,-0.00358,-0.00431,0.0008,-0.0092,-0.00411
2003-12-30,0.00027,0.00625,-0.00209,-0.00042,-0.00653,-0.00251
2003-12-31,0.00207,0.00251,0.00157,0.00095,0.00073,0.00227
2004-01-02,-0.00302,0.01633,-0.00636,-0.00048,-0.01252,-0.00466
2004-01-05,0.01232,0.01427,0.00098,0.00639,0.00015,0.00048
2004-01-06,0.00135,-0.00023,0.0068,0.00656,0.01028,0.00603
2004-01-07,0.00261,-0.00149,0.00223,0.00386,0.0034,0.00089
2004-01-08,0.00499,0.00832,0.00045,0.00317,0.00029,-0.00364
2004-01-09,-0.00893,0.00311,0.01042,0.00725,0.01634,0.0072
2004-01-12,0.0048,0.01102,-0.00074,0.0017,0.00014,0.00047
2004-01-13,-0.0053,-0.00627,0.00316,-0.00211,0.00441,0.00396
2004-01-14,0.00829,-0.00012,0.00315,-0.00253,0.00727,0.00018
2004-01-15,0.00136,-0.02504,0.00117,0.00279,0.00312,0.00083
2004-01-16,0.00685,0.02527,-0.00234,-0.00367,-0.0023,0.00012
2004-01-20,-0.00093,0.01516,-0.00256,-0.00207,-0.00519,-0.00012
2004-01-21,0.00781,-0.004,0.00169,0.00197,0.0015,0.00377
2004-01-22,-0.00319,0.00396,0.0049,0.00238,0.00809,0.00194
2004-01-26,0.00995,-0.01277,-0.0107,-0.00627,-0.01847,-0.01073
2004-01-27,-0.00984,-0.00664,0.00426,0.00234,0.00588,0.00384
2004-01-28,-0.01354,-0.01012,-0.00699,-0.00655,-0.01122,-0.00663
2004-01-29,0.00523,-0.01443,-0.0014,-0.01372,0.00202,0.0022
2004-01-30,-0.00263,0.00748,0.00318,0.00465,0.00673,0.00526
2004-02-02,0.00366,0.01781,-0.00148,-0.0065,-0.00223,0.00147
2004-02-03,0.00068,-0.01133,0.00324,0.00639,0.00434,0.00265
2004-02-04,-0.00825,-0.01284,-0.00155,-0.00032,-0.00093,-0.00018
2004-02-05,0.00186,0.00491,-0.00207,-0.00634,-0.00388,-0.00371
2004-02-06,0.01253,-0.00546,0.00472,0.0036,0.00966,0.00435
2004-02-09,-0.00239,0.0083,0.00235,0.0049,0.00228,0.00211
2004-02-10,0.00502,0.01573,-0.00235,-0.00311,-0.00392,-0.00258
2004-02-11,0.01098,0.0081,0.00601,0.00704,0.00796,0.00369
2004-02-12,-0.0048,0.00426,-0.0022,0.00267,-0.00543,-0.0024
2004-02-13,-0.00539,0.00899,0.00234,0.00052,0.00231,0.00351
2004-02-17,0.00971,0.0109,0.00073,-0.00188,0.00078,-0.00105
2004-02-18,-0.00434,-0.00935,-0.00029,-0.00162,0.00128,0.00012
2004-02-19,-0.0041,0.00382,0.00058,-0.00425,0.00067,0.00041
2004-02-20,-0.00257,-0.00974,-0.00344,-0.00284,-0.00618,-0.00217
2004-02-23,-0.0027,0.00725,0.00271,0.00421,0.00572,0.00252
2004-02-24,-0.00167,0.00783,0.00029,0.00257,0.00265,0.00199
2004-02-25,0.00414,0.01386,0.00131,-0.00131,0.00078,0.00309
2004-02-26,0.00137,0.00018,-0.00153,0.00016,-0.00354,0.00192
2004-02-27,4e-05,0.011,0.00416,0.00147,0.00913,0.00711
2004-03-01,0.00962,0.012,-0.00029,0.00225,-7e-05,0.00414
2004-03-02,-0.00594,-0.00922,-0.00343,-0.00298,-0.00599,-0.0027
2004-03-03,0.00195,-0.01953,-0.00051,0.00251,-0.00141,-0.00075
2004-03-04,0.00335,0.01272,0.00219,0.00303,0.00381,0.00012
2004-03-05,0.00173,0.00965,0.0121,0.00893,0.02057,0.01094
2004-03-08,-0.00831,-0.0154,0.00359,0.00639,0.00509,0.0025
2004-03-09,-0.00577,-0.00052,0.00315,0.00246,0.00637,0.00289
2004-03-10,-0.01465,-0.00586,-0.00115,-0.00303,-0.00096,-0.00397
2004-03-11,-0.01505,0.01197,-0.00186,-0.00242,-0.00099,-0.00251
2004-03-12,0.01239,-0.00808,-0.00101,0.00041,-0.0027,-0.00148
2004-03-15,-0.01443,0.0244,-0.00101,0.00129,0.00048,0.00314
2004-03-16,0.00562,-0.00025,0.00552,0.00164,0.00887,0.00658
2004-03-17,0.01177,0.02139,0.00086,0.00246,0.00037,0.0035
2004-03-18,-0.00126,0.00057,-0.00336,-0.00041,-0.00606,-0.0022
2004-03-19,-0.01124,0.0024,-0.00244,0.00302,-0.00431,-0.00584
2004-03-22,-0.01303,0.00398,0.0038,-0.00066,0.00724,0.00278
2004-03-23,-0.00133,0.0027,0.00064,0.00107,0.00082,0.00142
2004-03-24,-0.00239,-0.00795,0.00014,-0.00036,0.00078,0.00232
2004-03-25,0.01623,-0.02725,-0.00165,0.00031,-0.00399,-0.00068
2004-03-26,-0.00102,0.00319,-0.00625,-0.00271,-0.01188,-0.00515
2004-03-29,0.01309,-0.0053,-0.00267,-0.00282,-0.00519,-0.00068
2004-03-30,0.00405,0.02095,7e-05,0.00343,-0.00139,-0.00125
2004-03-31,-0.00061,0.0016,0.00476,0.0024,0.00575,0.00278
2004-04-01,0.00528,-0.01994,-0.00396,0.00107,-0.00513,-0.00108
2004-04-02,0.00855,0.0077,-0.01448,-0.01293,-0.02306,-0.01493
2004-04-07,-0.00076,0.02927,0.00015,0.00129,-0.0051,-0.00938
2004-04-08,-0.00107,0.01365,-0.00125,-0.00077,-0.00265,0.00047
2004-04-12,0.00517,0.00478,-0.00162,-0.0017,-0.00276,0.00186
2004-04-13,-0.01381,-0.01896,-0.00619,-0.00295,-0.01157,-0.00588
2004-04-14,-0.0011,0.00231,-0.00311,-0.00499,-0.00317,-0.00251
2004-04-15,0.00059,0.0016,-0.00193,-0.01095,-0.00435,-0.00246
2004-04-16,0.0051,0.00369,0.00341,0.00484,0.00417,0.00574
2004-04-19,0.00107,-0.00505,-0.0017,0.00026,-0.00226,-0.00018
2004-04-20,-0.01568,-0.00472,-0.00253,-0.00526,-0.00363,-0.00327
2004-04-21,0.00537,-0.02496,-0.00112,-0.00762,0.00029,-0.00387
2004-04-22,0.01405,0.01594,0.00364,0.00445,0.00563,-0.00118
2004-04-23,0.00059,-0.00767,-0.00491,-0.00011,-0.00758,-0.0113
2004-04-26,-0.00445,0.00944,0.00171,0.0,0.00378,0.00605
2004-04-27,0.00227,0.01448,0.00134,-0.00604,0.00241,0.00313
2004-04-28,-0.01374,-0.00962,-0.00447,-0.01479,-0.00718,-0.0077
2004-04-29,-0.00734,0.00197,-0.00471,-0.00786,-0.00701,-0.0062
2004-04-30,-0.00592,0.0034,0.00277,0.00597,0.00466,0.00293
2004-05-03,0.00916,0.01613,-0.00045,-0.00973,0.00111,0.00256
2004-05-04,0.00185,0.01753,-0.003,0.0006,-0.00558,-0.00131
2004-05-05,0.00192,0.00455,-0.00278,0.00087,-0.00226,0.0003
2004-05-06,-0.00665,-0.00774,-0.00385,-0.01949,-0.00402,-0.00436
2004-05-07,-0.01382,0.00463,-0.01117,-0.02118,-0.01355,-0.00618
2004-05-10,-0.01056,-0.02644,-0.00344,-0.01407,-0.00098,0.00048
2004-05-11,0.00784,0.01718,0.00146,0.01764,0.00185,0.00384
2004-05-12,0.00199,0.00323,-0.00054,-0.00147,-0.0039,0.00353
2004-05-13,-0.00068,0.00265,-0.00368,0.00062,-0.00627,0.00012
2004-05-17,-0.01113,0.00608,0.00987,0.01924,0.01701,0.00974
2004-05-18,0.00683,-0.01022,-0.00099,0.00277,-0.00229,0.00177
2004-05-19,-0.0024,0.01977,-0.00236,-0.001,-0.00595,0.00248
2004-05-20,0.00048,-0.01502,0.0048,-0.00718,0.00877,0.0047
2004-05-21,0.00401,-0.00775,-0.00213,0.00262,-0.0039,-0.00623
2004-05-24,0.0017,0.02699,0.0019,0.00367,0.00368,0.00488
2004-05-25,0.01598,-0.00313,0.0003,0.00691,0.00281,-0.00117
2004-05-26,0.00185,-0.0015,0.00387,6e-05,0.00477,0.00276
2004-05-27,0.00578,-0.01293,0.00566,0.00391,0.00937,0.00345
2004-05-28,-0.00052,0.00888,-0.00385,-0.00104,-0.0048,-0.00351
2004-06-01,0.00047,0.04732,-0.0031,-0.00419,-0.00672,0.00438
2004-06-02,0.0037,-0.03345,0.00061,0.00347,-0.0025,-0.00544
2004-06-03,-0.00743,-0.00919,-0.00121,-0.00094,0.00134,-0.00141
2004-06-04,0.00526,-0.00612,-0.00258,0.00357,-0.00663,-0.00341
2004-06-07,0.01587,0.00425,0.0,0.00781,0.00139,0.00035
2004-06-08,0.00163,-0.02048,0.00061,-0.00174,0.00053,-0.00354
2004-06-09,-0.00947,0.00984,-0.0019,-0.00371,-0.00406,-0.00361
2004-06-10,0.00458,0.0028,0.00114,-0.00312,0.00274,0.00142
2004-06-14,-0.00963,-0.00961,-0.00534,-0.0091,-0.00833,-0.00517
2004-06-15,0.00598,-0.00603,0.01156,0.01069,0.02113,0.01007
2004-06-16,0.00139,0.00566,-0.00242,0.00115,-0.00524,-0.00159
2004-06-17,-0.00133,0.01645,0.00303,0.00415,0.00668,0.00248
2004-06-18,0.00262,-0.00144,-0.00076,0.0,-0.00233,0.00135
2004-06-21,-0.00416,-0.01308,0.00113,0.0043,0.00152,0.00059
2004-06-22,0.00366,0.00291,-0.00053,-0.00054,-0.00193,-0.00118
2004-06-23,0.00847,-0.0023,0.00076,0.00282,0.00141,-6e-05
2004-06-24,-0.00279,0.00636,0.00294,0.0026,0.00694,0.00206
2004-06-25,-0.00546,-0.00162,0.00045,-0.00602,0.00011,-0.002
2004-06-28,-0.00079,-0.01304,-0.00611,-0.00381,-0.00984,-0.00655
2004-06-29,0.00253,-0.01086,0.00272,0.00234,0.00537,0.00343
2004-06-30,0.00417,0.01724,0.00475,0.00462,0.00806,0.00829
2004-07-01,-0.01036,0.01831,0.00293,0.00352,0.00388,0.0059
2004-07-02,-0.00313,-0.00703,0.00635,0.01122,0.0113,0.00638
2004-07-06,-0.00818,0.01205,-0.00089,0.0008,-0.0017,6e-05
2004-07-07,0.00214,-0.00216,0.00074,-0.00149,0.00036,-0.00145
2004-07-08,-0.00822,0.01115,0.00037,-0.00326,0.00029,6e-05
2004-07-09,0.00338,-0.00952,0.00045,0.00225,0.00076,-0.00081
2004-07-12,0.00141,-0.00409,0.00156,0.00464,0.00253,-0.00122
2004-07-13,0.00075,-0.00351,-0.00201,0.00181,-0.00372,-0.00151
2004-07-14,-0.00326,0.02119,0.00045,0.0034,0.00058,0.00035
2004-07-15,-0.00431,-0.00473,0.0,0.00206,0.0004,0.00168
2004-07-16,-0.00478,0.00601,0.00786,0.01067,0.01325,0.00411
2004-07-19,-0.00044,0.00023,0.00022,0.00125,0.00064,0.00017
2004-07-20,0.00703,-0.01523,-0.00473,-0.00534,-0.00888,-0.00724
2004-07-21,-0.01334,-0.0019,-0.00193,-0.00706,-0.00357,0.00093
2004-07-22,0.00272,0.01056,0.00156,0.00148,0.00223,0.0011
2004-07-23,-0.00974,0.0066,0.00163,0.00179,0.00341,0.00157
2004-07-26,-0.00196,-0.00587,-0.0023,-0.00513,-0.00356,-0.00284
2004-07-27,0.00988,0.00315,-0.00708,-0.006,-0.01411,-0.00917
2004-07-28,0.00073,0.01381,0.0009,0.0025,0.00044,0.00322
2004-07-29,0.00485,-0.00282,0.00112,0.00646,0.00146,0.00257
2004-07-30,0.00118,0.01244,0.00662,0.00574,0.01217,0.00541
2004-08-02,0.00444,0.00282,0.00126,-0.00026,0.00194,0.00203
2004-08-03,-0.00628,0.00846,0.00126,0.00262,0.00352,0.00145
2004-08-04,-0.00079,-0.01745,7e-05,0.00152,-0.00047,-0.00121
2004-08-05,-0.01642,0.01979,0.00177,0.00214,0.00272,0.00352
2004-08-06,-0.01555,-0.00396,0.01137,0.01054,0.01637,0.01084
2004-08-09,0.0012,0.01023,-0.00146,0.00103,-0.00102,-0.00063
2004-08-10,0.0129,-0.007,-0.003,0.00067,-0.00275,-0.00274
2004-08-11,-0.00247,0.00268,0.00132,-0.00129,0.0013,0.0032
2004-08-12,-0.01172,0.00848,0.00168,0.00263,0.00183,0.00467
2004-08-13,0.00159,0.01518,0.00292,0.00493,0.00547,0.00425
2004-08-16,0.0136,0.00182,-0.00248,-0.00128,-0.00554,-0.00419
2004-08-17,0.00228,0.00854,0.0035,0.00461,0.0053,-0.00017
2004-08-18,0.01255,-0.00061,-0.00095,0.00077,-0.00196,-0.00222
2004-08-19,-0.00357,0.02143,0.0016,-0.00036,0.00095,0.00556
2004-08-20,0.0065,-0.0119,-0.00065,0.00392,-0.00053,-0.00198
2004-08-23,-0.00234,-0.00631,-0.00255,-0.00081,-0.00552,-0.00455
2004-08-24,0.00048,-0.01153,0.00044,0.00264,4e-05,-0.00108
2004-08-25,0.00802,-0.02735,0.00168,0.00091,0.00289,-0.00046
2004-08-26,0.00012,-0.00494,0.00284,-0.00056,0.004,0.00148
2004-08-27,0.00254,0.00146,0.00029,0.00193,0.00073,0.00063
2004-08-30,-0.00771,-0.00899,0.00297,0.00278,0.00412,0.00228
2004-08-31,0.00464,0.00371,0.00376,0.00101,0.00711,0.00578
2004-09-01,0.00183,0.03062,0.00108,0.0003,0.00073,0.00034
2004-09-02,0.01116,-0.00474,-0.0039,-0.00222,-0.00673,-0.00396
2004-09-07,0.00273,-0.0149,-0.00203,0.00273,-0.00352,-0.00335
2004-09-08,-0.00432,-0.00497,0.00585,0.00342,0.00845,0.0038
2004-09-09,0.0019,0.02291,-0.00195,0.00065,-0.00409,-0.00153
2004-09-10,0.00495,-0.02586,0.00101,-0.0001,0.00243,-0.00068
2004-09-13,0.00196,0.0144,0.00259,-5e-05,0.00388,0.00233
2004-09-14,0.00223,0.00525,0.00151,0.00276,0.00173,0.00074
2004-09-15,-0.00706,-0.01025,-0.00165,0.00275,-0.00377,-0.00403
2004-09-16,0.00282,0.00909,0.00652,0.00518,0.0119,0.00386
2004-09-17,0.00449,0.01358,-0.00358,-0.0005,-0.00562,-0.00369
2004-09-20,-0.00564,0.00663,0.00451,0.00397,0.00754,0.00437
2004-09-21,0.00632,0.01277,0.00136,0.00045,0.00399,-0.00034
2004-09-22,-0.01402,0.01573,0.00349,0.00306,0.00887,0.00412
2004-09-23,-0.00448,0.0016,-0.00292,-0.00114,-0.00327,-0.00198
2004-09-24,0.00157,0.00267,-0.0005,-0.00406,0.00017,-0.00062
2004-09-27,-0.00595,0.01192,0.00242,-5e-05,0.00385,0.00389
2004-09-28,0.00608,0.00243,-0.00085,0.0001,-0.00314,0.00298
2004-09-29,0.00436,-6e-05,-0.00456,-0.00074,-0.00845,-0.00484
2004-09-30,-0.00019,0.00169,-0.00086,-0.0003,-0.00413,0.00056
2004-10-01,0.01507,0.00561,-0.0043,-0.00094,-0.00766,-0.00548
2004-10-04,0.00335,-0.00363,0.00136,0.00515,0.00255,-0.00148
2004-10-05,-0.0006,0.01535,0.00036,0.00193,0.00038,0.00153
2004-10-06,0.00698,0.01212,-0.0028,-0.00049,-0.00524,-0.0058
2004-10-07,-0.00997,0.00811,-0.00122,-0.00099,-0.00325,0.00085
2004-10-08,-0.00755,0.01343,0.00746,0.00895,0.0125,0.00783
2004-10-12,-0.00027,-0.00904,0.00221,0.00323,0.00311,0.00293
2004-10-13,-0.00722,0.00893,0.00192,-0.00244,0.00191,0.00169
2004-10-14,-0.00934,0.01159,0.00419,-0.00309,0.00648,0.00365
2004-10-15,0.00445,0.00033,-0.00263,0.00069,-0.00366,-0.0009
2004-10-18,0.00525,-0.01611,0.0005,0.00113,0.00136,-0.00073
2004-10-19,-0.00973,0.00566,0.00078,-0.00309,0.00268,0.00045
2004-10-20,0.00046,0.02085,0.00269,0.00064,0.0059,0.00398
2004-10-21,0.00261,0.00189,7e-05,0.0026,0.00145,0.00296
2004-10-22,-0.00977,0.00531,0.00113,0.00073,0.00128,-6e-05
2004-10-25,-0.00085,-0.00231,0.00205,-0.00378,0.00164,0.00045
2004-10-26,0.01477,0.01128,-0.00177,0.00177,-0.00134,-0.00061
2004-10-27,0.01296,-0.02547,-0.00546,0.00083,-0.01069,-0.0075
2004-10-28,0.00212,-0.01606,0.00156,0.00044,0.00054,0.00331
2004-10-29,0.00245,0.01264,0.00319,0.00333,0.00689,0.00285
2004-11-01,0.00027,-0.0251,-0.00312,0.00068,-0.00716,-0.00319
2004-11-02,3e-05,-0.00708,0.00064,0.0038,0.00098,0.00508
2004-11-03,0.01133,0.01504,0.0012,0.00126,0.00183,0.00245
2004-11-04,0.01607,-0.0228,0.00106,0.00446,0.00179,-0.00301
2004-11-05,0.00389,0.01397,-0.00767,-0.00586,-0.01297,-0.00565
2004-11-08,-0.00101,-0.00536,-0.00064,-0.0018,-0.0027,-0.00118
2004-11-09,-0.0003,-0.01471,0.00107,0.00015,-0.00062,-0.00107
2004-11-10,-0.00082,0.01159,-0.00228,-0.00132,-0.00467,-0.00124
2004-11-12,0.01821,-0.01265,0.00399,0.00656,0.00881,0.00415
2004-11-15,-0.00019,-0.00271,0.00092,0.00121,0.00218,0.00336
2004-11-16,-0.00702,-0.00474,-0.00092,0.00053,-0.00048,-0.00022
2004-11-17,0.00564,0.01729,0.00461,0.00482,0.00787,0.00429
2004-11-18,0.00137,-0.00746,0.0012,0.00202,0.00435,0.00094
2004-11-19,-0.01119,0.01715,-0.00461,-0.00457,-0.00852,-0.00306
2004-11-22,0.0059,-0.00483,0.00256,0.00048,0.00673,0.00534
2004-11-23,-0.00023,0.00559,-0.00057,0.00183,-0.00061,-0.00294
2004-11-24,0.00414,0.00649,-0.00064,0.00149,-0.00061,0.00067
2004-11-26,0.00088,-0.00123,-0.00277,-0.00241,-0.00542,-0.00178
2004-11-29,-0.00329,0.00255,-0.00542,-0.0073,-0.01154,-0.00446
2004-11-30,-0.00402,-0.00634,0.0,0.00039,-0.00437,-0.00089
2004-12-01,0.01515,-0.03469,-0.0015,0.00242,-0.00231,-0.00235
2004-12-02,-0.00087,-0.02851,-0.00093,-0.00131,-0.00298,-0.0018
2004-12-03,0.00071,-0.00348,0.01056,0.00483,0.01439,0.00828
2004-12-06,-0.00074,0.00695,0.00064,0.0038,0.0045,0.00217
2004-12-07,-0.0111,-0.01647,0.00035,0.00125,0.00214,0.00028
2004-12-08,0.00509,0.00055,0.00396,0.00273,0.01463,0.00676
2004-12-09,0.00546,0.00713,0.00289,-0.0022,-0.00527,-0.00199
2004-12-10,-0.00104,-0.02264,-0.00162,-0.00024,0.00104,-0.00216
2004-12-13,0.00905,0.01411,0.00028,0.00158,0.00225,0.00255
2004-12-14,0.00391,0.00539,0.00113,0.0023,0.00405,0.00166
2004-12-15,0.00203,0.02783,0.00394,0.006,0.00907,0.00688
2004-12-16,-0.00203,-0.00717,-0.00662,-0.00285,-0.0148,-0.00561
2004-12-17,-0.00749,0.02473,-0.00092,0.00062,-0.00229,-6e-05
2004-12-20,0.00038,-0.00597,0.00064,0.00209,0.00175,0.00209
2004-12-21,0.00902,0.00058,0.00275,0.00209,0.00399,0.00604
2004-12-22,0.00375,-0.01215,-0.00141,0.00019,-0.00416,-0.004
2004-12-23,0.00046,0.00038,-0.00085,-0.00014,-0.00198,0.00011
2004-12-27,-0.00431,-0.02967,-0.00453,-0.00038,-0.0093,-0.00176
2004-12-28,0.00714,0.00522,0.00014,-0.00242,0.00075,-0.00143
2004-12-29,7e-05,0.01855,-0.00149,0.00076,-0.00306,-0.00353
2004-12-30,0.00015,-0.00092,0.00411,0.00142,0.00726,0.00331
2004-12-31,-0.00135,-0.00044,0.00304,0.00104,0.00755,0.00187
2005-01-03,-0.00814,-0.01822,0.0007,0.00066,0.00131,-0.00099
2005-01-04,-0.01164,0.00532,-0.00424,-0.00441,-0.00757,-0.00425
2005-01-05,-0.00354,-0.00339,0.00106,-0.00391,0.00364,-0.00249
2005-01-06,0.00372,0.02477,-0.00057,-0.00134,-0.00017,0.00066
2005-01-07,-0.00142,-0.0027,-0.00106,0.00139,0.00057,-0.00322
2005-01-10,0.00343,-0.0033,0.00035,-0.00162,0.00346,0.00205
2005-01-11,-0.00605,0.00759,0.00198,0.00158,0.00618,0.00133
2005-01-12,0.00409,0.00698,0.00099,0.00429,0.0015,0.00177
2005-01-13,-0.00867,0.01456,0.00331,0.00285,0.00749,0.00337
2005-01-14,0.00598,-0.00103,-0.00239,-0.00389,-0.00178,-0.0016
2005-01-18,0.00965,0.00057,0.00162,-0.00229,0.00587,0.00198
2005-01-19,-0.00948,-0.0033,0.00113,0.002,0.00223,-0.00132
2005-01-20,-0.0078,-0.00531,0.00119,0.00152,0.00216,0.00121
2005-01-21,-0.00642,0.0186,0.00105,0.00332,0.0016,0.00094
2005-01-24,-0.00352,0.00436,0.00182,0.00279,0.00499,0.00198
2005-01-25,0.00399,0.00803,-0.00372,0.00033,-0.00846,-0.00656
2005-01-26,0.00487,-0.00557,0.00119,0.00109,0.00072,0.00099
2005-01-27,0.00049,-0.00127,-0.00035,-0.00038,-0.00049,-0.00011
2005-01-28,-0.00265,-0.01741,0.004,0.00179,0.00813,0.00386
2005-01-31,0.00842,0.01308,-0.00021,0.00132,0.00318,0.00044
2005-02-01,0.00687,-0.00978,0.0,-0.00024,-0.00049,-0.00149
2005-02-02,0.0033,-0.0084,0.00035,-9e-05,0.0012,-0.00187
2005-02-03,-0.00247,-0.00365,-0.00028,0.0016,0.00039,-0.0016
2005-02-04,0.01099,-0.00296,0.00558,0.00772,0.01297,0.00749
2005-02-07,-0.00106,-0.00897,0.00209,0.00317,0.00717,0.00279
2005-02-08,0.00069,0.001,0.00243,0.00079,0.00431,0.00431
2005-02-09,-0.00836,0.00085,0.0027,0.00218,0.00397,0.00641
2005-02-10,0.00423,0.02404,-0.00596,-0.00278,-0.01318,-0.00543
2005-02-11,0.00713,-0.00043,-0.00188,0.00014,-0.00236,0.00049
2005-02-14,0.0008,0.00653,0.00236,0.00093,0.00517,0.00293
2005-02-15,0.00338,-0.00085,-0.00188,-0.00116,-0.00421,-0.00522
2005-02-16,0.00029,0.01125,-0.00321,-0.00167,-0.00564,-0.00311
2005-02-17,-0.0079,-0.00253,-0.00112,0.00209,-0.00586,-0.00093
2005-02-18,0.00069,0.01141,-0.00469,-0.00466,-0.00942,-0.00186
2005-02-22,-0.01458,0.03865,-0.00063,-0.00369,-0.00389,-0.00209
2005-02-23,0.00566,0.00217,0.00042,0.00215,0.00245,0.00181
2005-02-24,0.00819,-0.0023,-0.00035,0.00243,-0.00023,-0.00159
2005-02-25,0.00937,0.00385,0.00112,0.0007,0.00241,-0.00071
2005-02-28,-0.00642,0.01216,-0.00542,-0.00238,-0.00802,-0.00457
2005-03-01,0.00565,-0.00211,-0.0041,-0.00103,-0.00161,0.00039
2005-03-02,7e-05,0.01501,0.00071,0.00149,-0.00227,0.00154
2005-03-03,0.00033,0.00354,0.00283,0.00103,-0.00016,-0.00017
2005-03-04,0.00959,0.00244,0.00465,0.00549,0.01142,0.00528
2005-03-07,0.00264,0.00034,0.00105,0.00384,0.00462,0.00307
2005-03-08,-0.00471,0.01404,-0.00436,-0.00217,-0.00966,-0.00296
2005-03-09,-0.01014,0.00547,-0.00814,-0.00823,-0.01776,-0.00754
2005-03-10,0.00189,-0.0066,0.00397,-0.00238,0.00791,0.00033
2005-03-11,-0.00735,0.01345,-0.00554,-0.00314,-0.00738,-0.00537
2005-03-14,0.00565,-0.00048,0.00128,-0.00579,0.00383,0.00033
2005-03-15,-0.00755,0.00929,-0.00278,-0.00649,-0.00329,0.0
2005-03-16,-0.00802,0.01321,0.00093,-0.00147,0.0022,0.00233
2005-03-17,0.0018,-0.00059,-0.00014,0.00446,0.00435,0.00541
2005-03-18,-0.00047,-0.00089,-0.00093,-0.00161,-0.00535,-0.00259
2005-03-21,-0.00494,-0.00582,-0.00136,-0.00476,-0.00207,-0.00144
2005-03-22,-0.01022,-0.01122,-0.00623,-0.00598,-0.00834,-0.00555
2005-03-23,0.00072,-0.02372,-0.00252,-0.008,0.00205,-0.00457
2005-03-24,-0.00095,0.00815,0.00201,-0.00223,0.00282,0.00179
2005-03-28,0.00244,-0.00918,-0.00216,-0.00257,-0.00376,0.00056
2005-03-29,-0.00742,0.00273,0.00187,0.0018,0.00319,-0.00022
2005-03-30,0.0138,0.00553,0.00115,0.00672,0.00604,0.00356
2005-03-31,-0.00068,0.0188,0.00308,0.00529,0.00644,0.0067
2005-04-01,-0.00652,0.01508,0.00186,0.00177,0.00426,0.00375
2005-04-04,0.00284,-0.00704,0.00064,-0.0046,0.00026,-0.00044
2005-04-05,0.00449,-0.01203,-0.00143,0.00125,-0.00241,-0.00297
2005-04-06,0.00248,-0.00356,0.00214,0.00832,0.00155,0.00105
2005-04-07,0.00602,-0.01794,-0.00164,-0.00076,-0.00549,-0.00469
2005-04-08,-0.00838,-0.01037,-7e-05,-0.0011,0.00106,0.00094
2005-04-11,2e-05,0.00521,0.00071,0.00172,0.00558,0.00298
2005-04-12,0.00559,-0.01466,0.00534,0.00418,0.01022,0.00583
2005-04-13,-0.01173,-0.0136,-0.00107,0.00166,-0.00336,-0.00148
2005-04-14,-0.01005,0.00507,0.0005,-0.00708,-0.00262,0.0017
2005-04-15,-0.01686,-0.00885,0.00263,-0.00511,0.01177,0.00443
2005-04-18,0.00293,-0.00863,-0.0005,0.00191,0.00494,0.00376
2005-04-19,0.00592,0.02578,0.00347,0.00653,0.00646,0.00342
2005-04-20,-0.01328,0.01179,0.00092,-0.00076,-0.00276,0.00162
2005-04-21,0.01956,0.0068,-0.00368,0.00294,-0.00845,-0.00542
2005-04-22,-0.00673,0.00726,0.0053,-0.00028,0.00726,0.00369
2005-04-25,0.00863,-0.00346,-0.00042,-0.00033,0.00372,-0.00054
2005-04-26,-0.00896,-0.00033,-0.00127,0.00024,-0.00131,-0.00326
2005-04-27,0.00413,-0.02172,0.00212,0.00142,0.00218,-0.00011
2005-04-28,-0.01111,0.00212,0.00331,-0.00142,0.00648,0.00667
2005-04-29,0.01186,-0.01759,-0.00239,0.00123,-0.00099,-0.002
2005-05-02,0.00459,0.00867,-0.00028,0.00066,0.00029,0.00011
2005-05-03,-0.00085,-0.01831,7e-05,0.00369,0.00013,-0.00266
2005-05-04,0.01259,0.00606,0.00021,0.00344,-0.00517,0.00043
2005-05-05,-0.00254,5e-05,0.00218,0.00272,0.0009,0.00103
2005-05-06,-0.00104,-0.0026,-0.00762,-0.00225,-0.00754,-0.00478
2005-05-09,0.00639,3e-05,-0.0005,0.00131,0.0019,0.00136
2005-05-10,-0.01074,0.00407,0.00382,-0.00291,0.00567,0.0038
2005-05-11,0.0047,-0.01669,0.00071,-9e-05,0.00411,0.00097
2005-05-12,-0.00997,-0.01221,0.0012,0.00108,0.00242,-0.00087
2005-05-13,-0.00448,-0.00476,0.00225,0.00042,0.00586,0.00103
2005-05-16,0.01014,-0.00249,-0.00211,-0.00056,0.0,0.00049
2005-05-17,0.00707,0.00673,0.00084,-0.00231,0.00208,0.00184
2005-05-18,0.01015,-0.0056,0.00239,0.00587,0.00543,0.00011
2005-05-19,0.00465,-0.00127,-0.00014,0.00126,-0.00191,-0.00357
2005-05-20,-0.00151,0.00329,-0.00021,0.00164,0.00066,0.00227
2005-05-23,0.00386,0.01539,0.00435,0.00298,0.00753,0.00383
2005-05-24,0.00019,0.0016,0.00119,-0.00014,0.00317,0.00221
2005-05-25,-0.00336,0.01063,0.0,0.00455,-0.00607,-0.00339
2005-05-26,0.0065,0.00621,-0.00014,-9e-05,-0.00137,-0.00346
2005-05-27,0.00108,-0.00075,0.00202,0.00093,3e-05,0.00178
2005-05-31,-0.00609,0.00093,0.00459,0.00559,0.01203,0.00431
2005-06-01,0.00932,0.0308,0.0063,0.00524,0.01133,0.00899
2005-06-02,0.00169,-0.00599,0.00275,0.00494,0.00491,-0.00075
2005-06-03,-0.00688,0.01991,-0.00496,-0.00279,-0.0079,-0.0047
2005-06-06,0.00129,0.00453,0.0009,-0.00366,0.00449,0.0015
2005-06-07,-0.00014,-0.00524,0.00352,0.00037,0.00754,0.00171
2005-06-08,-0.00201,-0.01356,-0.00227,-0.00092,-0.00391,-0.00283
2005-06-09,0.00525,0.01845,-0.00207,-0.00248,-0.00283,-0.0015
2005-06-10,-0.00234,-0.01111,-0.00568,0.0006,-0.01001,-0.00684
2005-06-13,0.00254,0.02302,-0.00244,-0.00032,-0.00577,-0.00254
2005-06-14,0.00259,-0.00551,-0.00244,-0.00055,-0.00758,-0.00179
2005-06-15,0.00224,0.00493,0.00119,0.00083,0.00081,0.00027
2005-06-16,0.00363,0.00974,0.00313,0.00354,0.00671,0.00465
2005-06-17,0.00495,0.01466,0.00028,0.00224,0.00046,0.00092
2005-06-20,-0.00071,0.01126,-0.00195,-0.0005,-0.00217,-0.00097
2005-06-21,-0.00203,-0.01202,0.00327,0.00233,0.00729,0.0021
2005-06-22,0.00024,-0.00445,0.00685,0.00428,0.01133,0.00333
2005-06-23,-0.01068,0.01039,-0.00076,-0.00173,-0.00067,5e-05
2005-06-24,-0.00766,0.00515,0.00296,0.00164,0.00589,0.00268
2005-06-27,-0.00074,0.00206,0.00096,0.00073,0.00384,0.00347
2005-06-28,0.00928,-0.01731,-0.00379,0.00068,-0.00742,-0.00358
2005-06-29,-0.0013,-0.00261,-0.00138,0.00091,-0.0028,-0.00182
2005-06-30,-0.00711,-0.00617,0.00372,0.00371,0.00659,0.00188
2005-07-01,0.00272,0.0168,-0.00656,-0.00163,-0.0109,-0.00472
2005-07-05,0.00881,0.0227,-0.00396,-0.0059,-0.00762,-0.00529
2005-07-06,-0.00814,0.01401,0.00222,0.00082,0.00425,0.00184
2005-07-07,0.00251,-0.00278,0.00319,0.00082,0.00359,0.00092
2005-07-08,0.01161,-0.01274,-0.00472,0.00127,-0.00786,-0.00525
2005-07-11,0.00625,-0.00194,0.00042,-0.00014,0.00323,0.00163
2005-07-12,0.00232,0.01427,-0.00139,0.00399,-0.00524,-0.00135
2005-07-13,0.001,-0.0026,-0.00056,-9e-05,-0.00189,-0.00331
2005-07-14,0.00262,-0.01648,-0.00063,0.00027,-0.00242,-0.006
2005-07-15,0.00116,0.00507,0.00063,-0.00018,0.0018,-0.0017
2005-07-18,-0.00555,-0.00456,-0.00321,-0.00172,-0.00725,-0.00362
2005-07-19,0.00671,-0.00536,0.00216,-0.00077,0.0042,0.00494
2005-07-20,0.00484,-0.00745,0.00271,0.00204,0.0053,0.00251
2005-07-21,-0.00662,-0.00911,-0.00711,-0.00313,-0.01423,-0.00454
2005-07-22,0.00543,0.01288,0.00377,-0.00014,0.00756,0.00449
2005-07-25,-0.00377,0.00209,-0.00063,-0.00186,-0.00246,-0.00366
2005-07-26,0.00173,0.00312,0.00049,-0.00032,0.00109,0.0006
2005-07-27,0.00469,0.00679,-0.00161,0.00186,-0.002,-0.00033
2005-07-28,0.00587,0.01415,0.00495,0.00485,0.00976,0.00394
2005-07-29,-0.00768,0.00222,-0.00516,-0.00149,-0.00938,-0.00229
2005-08-01,0.00095,0.01222,-0.00252,-0.00091,-0.00469,-0.00356
2005-08-02,0.00707,0.00521,-0.00154,0.00145,-0.00364,-0.00209
2005-08-03,0.00095,-0.01202,0.00224,0.0037,0.00512,0.00466
2005-08-04,-0.00739,0.00145,-0.0014,0.00045,-0.00245,0.0
2005-08-05,-0.00764,0.00482,-0.00485,-0.00131,-0.00728,-0.00444
2005-08-08,-0.00262,0.01125,-0.00169,-0.0042,-0.0018,-0.00083
2005-08-09,0.00673,-0.00869,0.00113,0.00086,0.00278,-0.00055
2005-08-10,-0.00141,0.02077,0.00035,0.00393,-0.00047,-0.00061
2005-08-11,0.00717,0.01036,0.00408,-0.00126,0.00702,0.00456
2005-08-12,-0.006,-0.00507,0.00504,0.00221,0.01151,0.00509
2005-08-15,0.00296,-0.00152,-0.0014,0.00171,-0.00354,-0.00022
2005-08-16,-0.01183,-0.00025,0.00258,0.0018,0.00559,0.00343
2005-08-17,0.001,-0.0273,-0.00293,-0.00162,-0.00596,-0.00349
2005-08-18,-0.00094,0.00277,0.00398,0.00094,0.00683,0.00343
2005-08-19,0.00066,0.0118,0.00035,-0.00279,0.00046,0.00092
2005-08-22,0.00165,0.00184,0.00014,0.0018,3e-05,-0.00038
2005-08-23,-0.00339,0.00188,0.00195,0.00117,0.00299,0.00201
2005-08-24,-0.00652,0.01445,0.00069,-0.00135,0.00083,0.00228
2005-08-25,0.00233,0.00181,0.00111,0.00216,0.00485,0.00092
2005-08-26,-0.00602,-0.01328,-0.00187,-9e-05,-0.00242,-0.0006
2005-08-29,0.00608,0.00772,0.00069,0.00121,0.00276,0.00227
2005-08-30,-0.00307,0.01715,0.00485,0.00246,0.00772,0.00576
2005-08-31,0.01014,-0.00729,0.00503,0.00699,0.00664,0.00423
2005-09-01,0.00103,0.01906,-0.00041,0.00324,-0.00315,0.00533
2005-09-02,-0.0029,-0.02117,-0.00117,0.00181,-0.00185,-0.00074
2005-09-06,0.01257,-0.00729,-0.00338,-0.00128,-0.00627,-0.00534
2005-09-07,0.00257,-0.01813,-0.00318,-0.00199,-0.00896,-0.00295
2005-09-08,-0.00377,0.0009,0.0,0.00385,6e-05,0.00134
2005-09-09,0.00793,-0.00444,0.00104,0.00225,0.00314,0.00316
2005-09-12,-0.00069,-0.01115,-0.00257,-0.00198,-0.00524,-0.00241
2005-09-13,-0.00731,0.00082,0.00243,0.00132,0.00284,0.00235
2005-09-14,-0.00326,0.01758,-0.00194,0.00145,-0.00355,-0.00048
2005-09-15,0.0005,-0.00484,-0.00313,0.00106,-0.00785,-0.00198
2005-09-16,0.00828,-0.01497,-0.00349,-0.00075,-0.00547,-0.00268
2005-09-19,-0.00558,0.03814,0.00056,0.00198,0.00131,0.00402
2005-09-20,-0.00788,-0.0083,0.00035,-0.00048,0.00322,-0.00225
2005-09-21,-0.00914,0.00477,0.00369,0.00521,0.00702,0.00407
2005-09-23,0.00441,-0.01476,-0.00306,-0.00249,-0.00534,-0.00337
2005-09-26,0.00028,0.01642,-0.00258,0.00039,-0.00534,-0.00161
2005-09-27,4e-05,-0.00886,-0.00042,-0.00031,-0.00085,0.00038
2005-09-28,0.0012,0.0106,0.00259,0.00337,0.00752,0.00449
2005-09-29,0.00886,-0.00208,-0.00182,0.00314,-0.00408,-0.00085
2005-09-30,0.00093,0.00249,-0.00252,-0.0003,-0.00363,-0.00187
2005-10-03,-0.00171,-0.00709,-0.00365,-0.00118,-0.00685,-0.00623
2005-10-04,-0.00991,-0.01099,0.00084,-0.0038,0.00236,-0.00097
2005-10-05,-0.01464,-0.00736,0.00162,-0.00136,0.00286,0.00059
2005-10-06,-0.00409,-0.01535,-0.00042,-0.01146,-0.00047,-0.0034
2005-10-07,0.00371,0.00649,0.00021,0.00658,0.00198,0.00081
2005-10-11,-0.0092,0.0156,-0.00162,-0.00101,-0.00185,0.00032
2005-10-12,-0.00597,0.00427,-0.00409,-0.01041,-0.0088,-0.00438
2005-10-13,-0.0007,-0.01082,-0.0029,-0.00612,-0.00626,0.0006
2005-10-14,0.00823,-0.01239,-0.00113,-0.00166,-0.00064,-0.00027
2005-10-17,0.00297,0.00989,0.00021,0.00551,0.00038,0.00298
2005-10-18,-0.0101,-0.01949,0.00127,0.00401,0.00035,0.00135
2005-10-19,0.01493,-0.01042,0.00085,-0.00044,0.00124,-0.00097
2005-10-20,-0.0151,-0.00958,0.00028,-0.00098,0.00102,0.00016
2005-10-21,0.00153,0.0065,0.00437,0.00129,0.00943,0.00211
2005-10-24,0.01667,-0.0085,-0.0036,0.00093,-0.00619,-0.00373
2005-10-25,-0.00238,0.02802,-0.00481,0.00262,-0.00674,-0.00439
2005-10-26,-0.0043,-0.01569,-0.00555,-0.00377,-0.01049,-0.00316
2005-10-27,-0.01039,0.00291,0.00193,-0.00134,0.00386,0.00376
2005-10-28,0.0165,-0.0021,-0.00071,0.00316,0.00019,0.00033
2005-10-31,0.00714,-0.01181,0.00057,0.00474,0.00253,0.00163
2005-11-01,-0.00352,0.00034,-0.00078,0.00049,-0.00183,-0.00016
2005-11-02,0.01006,0.00014,-0.00178,-0.00057,-0.00508,-0.00109
2005-11-03,0.00459,0.01932,-0.00193,-0.00274,-0.00553,-0.00239
2005-11-04,0.00016,-0.01035,-0.00086,-0.00266,-0.00237,-0.00038
2005-11-07,0.00223,-0.00624,0.00143,0.00169,0.00373,0.00348
2005-11-08,-0.00297,0.0019,0.00507,0.00491,0.00848,0.00119
2005-11-09,0.00174,-0.00446,-0.00428,-0.00159,-0.00796,-0.00391
2005-11-10,0.0086,-0.01087,0.00478,0.00252,0.01043,0.00076
2005-11-14,0.00234,0.00197,-0.00299,-0.00177,-0.00607,-0.0043
2005-11-15,-0.00375,-0.01144,0.00271,0.00362,0.00719,0.00289
2005-11-16,0.00199,0.00773,0.00447,0.00579,0.00876,0.00516
2005-11-17,0.00939,-0.00766,0.00191,0.00341,0.00348,0.00195
2005-11-18,0.00452,0.00175,-0.00283,-0.00262,-0.00596,-0.0039
2005-11-21,0.00526,0.00491,0.00283,0.00397,0.00438,0.00309
2005-11-22,0.00512,0.00605,0.00233,0.00231,0.00047,0.00367
2005-11-23,0.00353,-0.00361,-0.00226,0.00126,-0.00692,-0.00427
2005-11-25,0.0021,0.00137,0.00282,0.00251,0.00629,0.00313
2005-11-28,-0.00841,-0.00837,0.00225,-0.00035,0.00581,0.0028
2005-11-29,0.00019,-0.00468,-0.0043,-0.00382,-0.00904,-0.00442
2005-11-30,-0.00605,0.01095,-0.00092,-0.00205,-0.00143,-0.00157
2005-12-01,0.01209,0.01707,-0.0017,0.00118,-0.00223,-0.00163
2005-12-02,0.00033,0.00601,7e-05,0.00148,0.00092,0.00011
2005-12-05,-0.00233,0.01153,-0.00277,-0.0027,-0.00479,-0.00071
2005-12-06,0.00129,-0.00194,0.00432,0.00482,0.00949,0.00325
2005-12-07,-0.00483,-0.00294,-0.00085,-0.00147,-0.00311,-0.00401
2005-12-08,-0.00112,0.01385,0.00339,0.00013,0.00666,0.00406
2005-12-09,0.00282,-0.00772,-0.00481,-0.00109,-0.00856,-0.00379
2005-12-12,0.00088,0.01604,-7e-05,-0.00061,-0.0001,0.00109
2005-12-13,0.00561,0.005,0.00113,0.00152,0.00108,0.00163
2005-12-14,0.00424,-0.00809,0.00572,0.00597,0.01079,0.00362
2005-12-15,-0.00135,-0.01201,-0.0007,-0.00255,-0.00208,-0.00038
2005-12-16,-0.00284,-0.01521,0.0019,-0.00017,0.00359,0.00156
2005-12-19,-0.00586,-0.00611,0.00028,0.0003,0.00135,0.00108
2005-12-20,-0.00021,0.00063,-0.00113,0.00035,-0.00176,-0.0007
2005-12-21,0.00254,0.00537,-0.00077,0.00121,-0.0017,-0.00092
2005-12-22,0.00445,-2e-05,0.00344,0.00452,0.00731,0.00237
2005-12-23,0.00057,0.0016,0.00371,0.00043,0.00853,0.00338
2005-12-27,-0.0096,-0.00239,0.00258,0.00185,0.00668,0.00262
2005-12-28,0.00148,0.01811,-0.00167,0.00261,-0.00389,-0.00214
2005-12-29,-0.00292,0.00427,0.00084,0.0,0.00139,0.00054
2005-12-30,-0.00489,0.01068,-0.0021,0.00034,-0.00124,0.00118
2006-01-03,0.0163,0.0208,0.00147,0.00175,-0.00028,0.00107
2006-01-04,0.00386,0.00608,0.0016,0.00532,0.00096,0.00027
2006-01-05,3e-05,-0.00812,7e-05,-0.00102,-9e-05,-0.00235
2006-01-06,0.0096,0.0092,-0.00147,0.00225,-0.00244,-0.00054
2006-01-09,0.00365,-0.00325,-0.00014,-4e-05,0.00062,-0.00059
2006-01-10,-0.00031,-0.00063,-0.00287,-0.00297,-0.00571,-0.0015
2006-01-12,-0.00269,0.00419,0.0014,9e-05,0.00289,0.00263
2006-01-13,0.00121,0.00617,0.0044,0.00293,0.00881,0.00385
2006-01-17,-0.00363,0.01567,0.00104,0.00059,0.00246,0.00192
2006-01-18,-0.0038,-0.00913,-0.00028,0.00157,-0.00114,-0.00112
2006-01-19,0.00555,0.01309,-0.00181,0.00283,-0.00332,-0.00107
2006-01-20,-0.01849,0.00941,0.00104,0.00169,0.00243,0.00304
2006-01-23,0.00186,0.0018,0.00049,0.00025,0.00061,-0.0016
2006-01-24,0.00242,-0.00311,-0.00132,0.00114,-0.00462,-0.0039
2006-01-25,-0.0017,-0.00159,-0.00475,-0.00295,-0.01096,-0.00611
2006-01-26,0.00723,0.00242,-0.00189,-0.00093,-0.00586,-0.00092
2006-01-27,0.00784,0.01266,7e-05,0.00232,0.00292,0.00425
2006-01-30,0.00119,0.00846,-0.0007,-0.00173,-0.00288,-0.00156
2006-01-31,-0.00398,-0.00092,0.00126,-0.00101,0.00292,0.00413
2006-02-01,0.00197,0.0203,-0.00196,0.00059,-0.00329,-0.00316
2006-02-02,-0.00884,-0.00794,0.00028,0.0011,0.00185,-0.00021
2006-02-03,-0.0053,0.00848,0.00294,0.00202,0.00734,0.00412
2006-02-06,0.0008,-0.00071,-0.00091,0.00261,0.00199,0.00101
2006-02-07,-0.0081,-0.02554,-0.00168,-0.00231,-0.00427,-0.00369
2006-02-08,0.00904,-0.00498,-0.00119,-0.00051,-0.00359,-0.00333
2006-02-09,-0.00143,0.00883,0.00154,0.00299,0.00428,0.0029
2006-02-10,0.00256,-0.01956,-0.00204,0.00482,-0.00431,-0.00306
2006-02-13,-0.00312,-0.01259,0.00056,-0.00025,-0.00075,-0.0014
2006-02-14,0.01011,-0.0085,-0.00162,-0.00079,-0.00367,-0.00453
2006-02-15,0.00373,-0.01721,0.0012,0.00025,0.00264,0.00124
2006-02-16,0.00738,0.00898,0.00077,0.00067,0.00094,0.00329
2006-02-17,-0.00165,0.01275,0.00386,0.00338,0.00836,0.00451
2006-02-21,-0.00327,0.0166,-0.00112,-0.00096,-0.00124,-0.00172
2006-02-22,0.00758,-0.01417,0.00287,0.00183,0.00559,0.00231
2006-02-23,-0.00352,-0.00347,-0.00168,0.00254,-0.00288,-0.00215
2006-02-24,0.00142,0.02618,-7e-05,0.00066,6e-05,0.00263
2006-02-27,0.0038,-0.01725,-0.00098,0.00294,-0.00329,-0.00333
2006-02-28,-0.01044,0.0093,0.00259,0.00058,0.00642,0.00413
2006-03-01,0.0085,-0.0007,-0.00182,0.00029,-0.00817,-0.0022
2006-03-02,-0.00162,0.01992,-0.00351,-0.00257,-0.00629,-0.00118
2006-03-03,-0.00146,0.00765,-0.00239,-0.00324,-0.00623,-0.00124
2006-03-06,-0.00695,-0.02038,-0.00346,-0.00625,-0.00786,-0.00626
2006-03-07,-0.00182,-0.01418,-0.00014,-0.0065,0.00029,-0.0006
2006-03-08,0.00232,-0.01379,0.00021,-0.00156,-0.00089,-0.00363
2006-03-09,-0.00487,0.00944,0.00049,0.00181,0.00076,5e-05
2006-03-13,0.00961,0.00656,-0.00233,0.00181,-0.00552,-0.00228
2006-03-14,0.01034,0.0182,0.00494,0.00277,0.00832,0.00624
2006-03-15,0.00433,-0.01172,-0.00141,0.00138,-0.00551,-0.00146
2006-03-16,0.00179,0.00662,0.00577,0.00413,0.00833,0.00503
2006-03-17,0.00148,-0.00409,-0.00147,-0.00038,-0.00339,-0.00221
2006-03-20,-0.00166,-0.0213,0.00119,-0.00092,0.00308,0.00016
2006-03-21,-0.00602,0.00699,-0.00394,-0.00426,-0.00587,-0.00558
2006-03-22,0.00602,-0.0077,0.0012,0.00109,0.00197,0.00141
2006-03-23,-0.00258,0.01647,-0.00183,-0.00176,-0.00344,-0.00076
2006-03-24,0.00099,0.00426,0.00408,0.00251,0.00766,0.00352
2006-03-27,-0.00104,0.00156,-0.00211,-0.00159,-0.00368,-0.00222
2006-03-28,-0.00645,0.01389,-0.00465,-0.00319,-0.00881,-0.00462
2006-03-29,0.00763,0.00486,-0.00198,-0.00109,-0.00591,-0.00202
2006-03-30,-0.00198,0.01274,-0.0017,-0.0005,-0.00614,-0.00186
2006-03-31,-0.00417,-0.00435,-0.00071,0.00046,-0.00039,-0.00049
2006-04-03,0.00231,0.00282,-0.00099,-0.00088,-0.00049,-0.00011
2006-04-04,0.00634,-0.0076,0.00085,0.00051,-0.00075,-0.00126
2006-04-05,0.00439,0.01007,0.00206,-0.00063,0.00237,0.00366
2006-04-06,-0.00168,0.01531,-0.00298,-0.0035,-0.00827,-0.0035
2006-04-07,-0.01039,-0.00663,-0.00406,-0.00534,-0.00929,-0.00434
2006-04-10,0.00088,0.01841,-7e-05,-0.00064,0.00049,0.00192
2006-04-11,-0.00759,0.00363,0.00285,0.00191,0.00382,0.00274
2006-04-12,0.00121,-0.00102,-0.00264,-0.00034,-0.00573,-0.00313
2006-04-13,0.00078,0.00222,-0.00357,-0.00268,-0.00676,-0.00462
2006-04-17,-0.00294,0.01089,0.00236,0.00128,0.00405,0.00435
2006-04-18,0.01721,0.01725,0.00235,0.00597,0.00258,0.00444
2006-04-21,0.00292,0.01614,-0.00043,0.00291,-0.00338,-0.00088
2006-04-24,-0.00241,-0.01847,0.00178,0.00143,0.00509,-0.00055
2006-04-25,-0.00488,0.00417,-0.00485,-0.00371,-0.01111,-0.0072
2006-04-26,0.00292,-0.00435,-0.00157,-0.00051,-0.00291,-0.00138
2006-04-27,0.00357,-0.01528,0.0025,0.00257,3e-05,0.0043
2006-04-28,0.0007,0.01342,0.00128,0.00147,0.0019,0.00467
2006-05-01,-0.00414,0.01506,-0.00364,-0.00097,-0.00727,-0.00225
2006-05-02,0.00613,0.00819,0.00179,0.00051,0.00339,0.0
2006-05-03,-0.0039,-0.01933,-0.00093,-0.00093,-0.0044,-0.00341
2006-05-04,0.0034,-0.01068,-0.00036,-0.00025,0.00061,-0.00143
2006-05-05,0.01026,0.01072,0.00243,0.00177,0.00533,0.00446
2006-05-08,-0.00074,-0.00449,-0.00014,0.00013,0.0014,0.0
2006-05-09,0.00038,0.01901,-0.00029,-0.00126,-0.00114,0.00186
2006-05-10,-0.0013,0.01718,0.0005,0.00126,0.00107,0.00088
2006-05-11,-0.01271,0.01954,-0.00164,-0.004,-0.00462,0.0012
2006-05-15,-0.00864,-0.04236,-0.00086,-0.01391,-0.00367,-0.00389
2006-05-17,-0.01857,0.00043,-0.00072,-0.00064,-0.0002,0.00137
2006-05-18,-0.00667,-0.00063,0.00578,0.00338,0.01226,0.00459
2006-05-19,0.00413,-0.02114,0.00121,0.00056,0.00564,-0.00071
2006-05-22,-0.00392,0.00955,0.00014,-0.00595,0.00093,0.00191
2006-05-23,-0.00435,0.02061,-0.00164,0.00069,-0.00272,-0.00076
2006-05-24,0.00162,-0.0309,0.00242,-0.00538,0.00298,0.00033
2006-05-25,0.01143,0.01535,0.0,0.00568,-0.00474,-0.00191
2006-05-26,0.00583,0.00297,-0.00064,0.00287,0.00173,0.00115
2006-05-30,-0.0159,0.00047,-0.00199,-0.00489,-0.00306,0.00011
2006-06-02,0.02267,-0.00553,0.00554,0.0051,0.01249,0.00685
2006-06-05,-0.01792,-0.002,-0.00163,0.00098,-0.00066,-0.00152
2006-06-06,-0.00109,-0.01149,0.00071,-0.00205,0.00328,-0.00261
2006-06-07,-0.00591,-0.00608,-0.00078,0.00192,-0.00161,-0.00387
2006-06-08,0.00147,-0.01577,0.0017,-0.00205,0.00498,0.00289
2006-06-09,-0.00448,0.00394,0.0012,0.00257,0.00345,0.00125
2006-06-12,-0.01275,-0.00928,-0.00042,-0.00209,0.00055,0.00087
2006-06-13,-0.01007,-0.02557,0.00149,-0.00369,0.00286,0.00103
2006-06-14,0.00521,6e-05,-0.00567,-0.00069,-0.00955,-0.00332
2006-06-15,0.02103,0.00249,-0.00256,0.0018,-0.00601,-0.00142
2006-06-16,-0.00368,0.00437,-0.00157,-0.00082,-0.00426,-0.00175
2006-06-19,-0.00915,-0.01202,-0.001,-0.00236,-0.00109,-0.00153
2006-06-20,1e-05,0.00318,-0.00107,-0.00172,-0.00126,-0.00071
2006-06-21,0.00972,0.01183,7e-05,-0.00129,0.00053,-0.00016
2006-06-22,-0.00506,0.00213,-0.00251,-0.00402,-0.00475,-0.00148
2006-06-23,-0.00087,-0.00366,0.0,-0.00478,-0.0035,-0.00203
2006-06-26,0.00485,0.01058,-0.00323,-0.00428,-0.00157,-0.00027
2006-06-27,-0.00912,-0.00153,0.0005,-0.0014,0.00451,0.00165
2006-06-28,0.00566,-0.00025,-0.00029,0.00293,-0.00508,-0.00297
2006-06-29,0.02138,0.01638,0.00395,0.0054,0.00418,0.00653
2006-06-30,-0.00209,0.01181,0.00357,0.00775,0.00942,0.00486
2006-07-03,0.00794,0.00306,-7e-05,0.004,-0.00136,-0.00103
2006-07-05,-0.00716,0.00555,-0.00386,-0.00404,-0.00824,-0.00486
2006-07-06,0.00275,0.01268,0.00272,0.00524,0.00545,0.00333
2006-07-07,-0.00678,-0.01086,0.00342,0.00321,0.00704,0.00349
2006-07-10,0.00148,-0.00158,0.00078,0.00286,0.00112,0.00011
2006-07-11,0.00415,0.01528,0.00164,0.00281,0.00348,0.00125
2006-07-12,-0.01088,0.00999,0.0005,-0.00149,0.00131,-0.00071
2006-07-13,-0.01303,0.00257,0.00192,-0.00286,0.00262,0.00369
2006-07-17,-0.0063,-0.0129,0.00064,0.00043,0.00173,0.00184
2006-07-19,0.02043,-0.01276,0.00149,0.00718,0.00059,0.00086
2006-07-20,-0.00852,-0.00847,0.00212,0.00338,0.00348,0.00307
2006-07-21,-0.00709,-0.00492,-0.00071,0.00114,-0.00247,-0.00264
2006-07-24,0.01652,0.00492,-0.00141,0.0016,7e-05,0.00022
2006-07-25,0.0063,-0.0066,-0.00134,0.00063,-0.00326,0.0014
2006-07-26,-0.00037,-0.00132,0.00276,0.00466,0.00336,0.00291
2006-07-27,-0.00395,0.01153,7e-05,0.0023,-0.00104,-0.00016
2006-07-28,0.01212,-0.00726,0.0031,0.002,0.00649,0.00327
2006-07-31,-0.00146,0.01392,0.00218,0.0005,0.00042,0.00011
2006-08-01,-0.00451,0.00471,0.00014,-0.00063,0.00026,0.00118
2006-08-02,0.00614,0.01004,0.00175,0.00346,0.00268,0.00235
2006-08-03,0.00165,-0.00748,0.00042,0.0012,0.00229,0.00155
2006-08-04,-0.0007,-0.00042,0.00322,0.00542,0.00613,0.00479
2006-08-07,-0.00277,0.00988,-0.0007,0.0005,-0.00112,0.00027
2006-08-08,-0.00329,-0.00836,0.00014,0.00087,-0.00199,0.00175
2006-08-09,-0.00408,0.00193,-0.00028,0.00222,-0.00247,0.00064
2006-08-10,0.0048,-0.01549,-0.00042,-0.0014,-0.00187,-0.00297
2006-08-11,-0.00385,-0.00628,-0.00217,-0.00021,-0.00368,-0.00154
2006-08-15,0.01492,-0.01418,0.00301,0.00235,0.00632,0.00112
2006-08-16,0.00787,-0.00531,0.00418,0.00586,0.00644,0.00276
2006-08-17,0.00163,-0.01788,0.00028,0.00086,0.00035,-0.0009
2006-08-18,0.00371,0.00257,0.00208,-0.00053,0.00335,0.00238
2006-08-21,-0.00368,0.01221,0.0009,0.00049,0.002,0.00222
2006-08-22,0.001,-0.00328,0.00062,8e-05,0.00162,0.00184
2006-08-23,-0.00441,-0.00263,0.00035,-0.00196,0.00019,-0.00242
2006-08-28,0.0069,-0.00467,0.00187,-0.00102,0.00348,-0.00185
2006-08-29,0.00208,-0.00681,0.00035,8e-05,0.00104,0.00048
2006-08-30,0.00044,0.01124,0.00242,0.00486,0.00192,0.00079
2006-08-31,-0.00033,0.00918,0.00159,0.00317,0.0044,0.00274
2006-09-01,0.00552,-0.01136,0.00083,0.00032,0.00085,-0.0009
2006-09-05,0.00176,0.00344,-0.0031,0.00158,-0.00692,-0.00401
2006-09-06,-0.00978,-0.00631,-0.00076,-0.00207,-0.00253,-0.00154
2006-09-07,-0.00477,0.00012,0.00104,-0.00098,0.0018,-0.00095
2006-09-08,0.00378,-0.01121,0.00138,0.00138,0.00274,-0.00011
2006-09-11,0.00053,-0.02084,-0.00166,-0.00354,-0.0029,-0.00324
2006-09-12,0.01041,-0.02032,0.00214,0.00122,0.00485,0.00255
2006-09-13,0.00405,0.00232,0.00096,0.00252,0.0011,0.00159
2006-09-14,-0.0013,-0.00794,-0.00131,-0.0011,-0.00239,0.00021
2006-09-15,0.00272,-0.00345,-0.00028,0.00126,-3e-05,-0.00308
2006-09-18,0.00101,0.00876,-0.00069,-0.00041,-0.0012,-0.00032
2006-09-19,-0.00216,-0.01344,0.00475,0.00077,0.00891,0.00255
2006-09-20,0.00522,-0.00937,0.00075,0.00032,0.0019,-0.00234
2006-09-21,-0.00519,0.01616,0.0052,-0.00411,0.00859,0.0053
2006-09-22,-0.00247,-0.00705,0.00293,0.00147,0.00585,0.00406
2006-09-25,0.00878,0.0012,0.00299,0.00223,0.00597,0.00316
2006-09-26,0.00751,0.00189,-0.00197,0.00263,-0.00165,-0.0011
2006-09-27,0.00038,0.0125,-0.00027,0.00182,-0.0023,-5e-05
2006-09-28,0.00193,0.01484,-0.00122,0.00085,-0.00399,-0.00074
2006-09-29,-0.00246,-0.00024,-0.00041,-0.00105,0.00046,0.00058
2006-10-02,-0.00337,-0.00805,0.00061,0.0023,0.00058,-0.001
2006-10-03,0.0021,-0.01937,0.00034,-0.00174,0.00114,-0.00084
2006-10-04,0.01223,0.00372,0.00394,0.00411,0.00472,0.00252
2006-10-05,0.0025,0.00631,-0.00278,0.00157,-0.00545,-0.00174
2006-10-06,-0.00269,0.00018,-0.00525,-0.00193,-0.01053,-0.00554
2006-10-10,0.00287,-0.00737,-0.00356,-0.00089,-0.00514,-0.00329
2006-10-11,-0.00246,-0.00233,-0.00137,-0.00117,-0.00441,-0.00346
2006-10-12,0.00951,0.01044,0.00069,0.00218,0.00053,0.00011
2006-10-13,0.00204,0.01838,-0.00137,0.0002,-0.00323,-0.00123
2006-10-16,0.00253,0.01232,0.00124,0.00301,0.00273,0.00155
2006-10-17,-0.00367,-0.00324,0.0013,0.00012,0.00147,-0.00123
2006-10-18,0.00149,-0.01007,0.00116,0.00292,0.00203,-0.00021
2006-10-19,0.00077,0.00926,-0.00103,0.00064,-0.00191,-0.00176
2006-10-20,0.00121,-0.00824,0.00014,-0.00056,0.00059,-5e-05
2006-10-23,0.00615,-0.00214,-0.00233,-0.00292,-0.00539,-0.00267
2006-10-24,0.00026,0.00678,0.00048,0.00096,0.00053,0.00145
2006-10-25,0.00353,0.01748,0.00384,0.0038,0.00642,0.00549
2006-10-26,0.00496,-0.00683,0.00239,0.00418,0.00737,0.00382
2006-10-27,-0.00835,0.00907,0.00436,0.00179,0.00575,0.00228
2006-10-30,0.00046,-0.01535,0.00054,-0.00052,0.00154,-0.00111
2006-10-31,1e-05,-0.00216,0.004,0.00222,0.00907,0.00523
2006-11-01,-0.00725,0.00615,0.00277,0.00324,0.00551,0.00305
2006-11-02,-7e-05,0.00266,-0.00209,-0.00118,-0.00453,-0.00247
2006-11-03,-0.00216,0.01026,-0.00664,-0.00277,-0.01239,-0.00512
2006-11-06,0.01132,0.01151,0.00095,0.00115,0.00191,0.00296
2006-11-07,0.00224,-0.00596,0.00366,0.0021,0.00519,0.00227
2006-11-08,0.00232,0.00294,0.00156,0.00118,0.00394,0.00294
2006-11-09,-0.00513,0.01209,0.00074,0.00055,-9e-05,0.00079
2006-11-10,0.00186,-0.0197,0.00243,0.00095,0.00508,0.00115
2006-11-13,0.00278,-0.0075,-0.00067,-0.00047,-0.00131,-0.00241
2006-11-14,0.00645,8e-05,0.00296,0.00276,0.00561,0.00184
2006-11-15,0.00263,0.00599,-0.00242,-8e-05,-0.00509,-0.00336
2006-11-16,0.00231,-0.01798,-0.0025,-0.00169,-0.00484,-0.00532
2006-11-17,0.00104,0.00325,0.00337,0.00016,0.00594,0.00269
2006-11-20,-0.00048,0.00085,0.00121,4e-05,0.00164,0.00016
2006-11-21,0.0017,0.01474,0.00121,0.00173,0.00266,0.00116
2006-11-22,0.00242,-0.0048,0.00094,-0.00043,0.00082,0.00074
2006-11-24,-0.00356,0.00914,0.00141,0.00063,0.00286,0.00341
2006-11-27,-0.01369,0.00895,0.00167,-0.00323,0.00205,0.00121
2006-11-28,0.00369,0.00201,0.00114,0.00138,0.00288,0.00188
2006-11-29,0.0096,0.01149,-0.0002,0.00275,-0.00189,-0.00063
2006-11-30,0.00084,0.01225,0.0034,0.00404,0.00768,0.00537
2006-12-01,-0.00281,0.00498,0.00126,-0.00129,0.00232,0.00379
2006-12-04,0.00887,-0.00994,0.00153,0.00235,-0.00021,-0.00114
2006-12-05,0.00403,-0.00097,-0.00027,0.00238,-0.00211,-0.00026
2006-12-06,-0.00106,-0.01356,-0.00186,0.00132,-0.00403,-0.00322
2006-12-07,-0.00395,-0.00058,-7e-05,0.00121,-0.00078,-0.0012
2006-12-08,0.00183,-0.00713,-0.0032,0.00012,-0.00742,-0.00423
2006-12-11,0.00228,-0.00306,0.0014,0.00217,0.00457,0.0024
2006-12-12,-0.00102,-0.00208,0.00193,0.00023,0.00288,0.0012
2006-12-13,0.00135,0.00088,-0.00467,-0.00023,-0.01071,-0.0056
2006-12-14,0.00872,0.01467,-0.00154,0.00043,-0.0027,-0.00031
2006-12-15,0.00113,-0.00023,-7e-05,0.00077,0.00021,-0.00452
2006-12-18,-0.00324,-0.01423,0.0006,-0.00085,0.00061,-0.00237
2006-12-19,0.0022,0.00917,-0.00027,0.00093,-0.00152,-0.00037
2006-12-20,-0.00139,0.00437,0.0,0.0019,9e-05,-0.00053
2006-12-21,-0.00345,-0.00513,0.00241,0.00085,0.00487,0.00169
2006-12-22,-0.00519,0.00256,-0.00348,-0.00251,-0.00877,-0.00455
2006-12-26,0.00435,-0.0095,0.00127,0.00023,0.00426,0.00027
2006-12-27,0.0072,-0.00446,-0.00248,0.00054,-0.00593,-0.00425
2006-12-28,-0.00143,0.00346,-0.00235,-0.00186,-0.0041,-0.00048
2006-12-29,-0.0045,0.00306,-7e-05,-0.00081,0.00055,5e-05
2007-01-03,-0.00101,-0.03385,0.00282,0.00592,0.00586,0.00346
2007-01-04,0.00123,-0.02538,0.00328,-0.00042,0.00553,0.00058
2007-01-05,-0.00611,0.00244,-0.00161,-0.00348,-0.00224,-0.00138
2007-01-08,0.00253,-0.00132,0.0002,-0.00043,0.00036,-0.00085
2007-01-09,-0.00051,-0.00499,0.00027,-0.00217,0.00012,-0.00032
2007-01-10,0.00206,-0.01396,-0.00147,-0.00066,-0.00368,-0.00245
2007-01-11,0.00633,-0.01296,-0.00302,-4e-05,-0.007,-0.00422
2007-01-12,0.00484,0.02035,-0.00222,-8e-05,-0.00486,-0.00236
2007-01-16,0.00082,-0.02126,0.00209,0.0021,0.00262,0.00172
2007-01-17,-0.00081,0.01299,-0.00175,0.00151,-0.00468,-0.00134
2007-01-18,-0.00295,-0.00816,0.00188,-0.00124,0.0049,0.00241
2007-01-19,0.0029,0.01578,-0.00094,0.00128,-0.00169,0.00086
2007-01-22,-0.00527,-0.00178,0.00134,-0.00031,0.00227,0.00192
2007-01-23,0.00353,0.02957,-0.00209,-0.00097,-0.00681,0.00037
2007-01-24,0.00849,-0.00369,-7e-05,-0.00019,-0.00121,0.00123
2007-01-25,-0.01133,-0.00889,-0.00331,-0.00365,-0.00696,-0.00416
2007-01-26,-0.00121,0.00876,-0.00074,-0.00257,-0.0019,-0.00048
2007-01-29,-0.00099,-0.02068,-0.00041,-0.00141,-0.00131,-0.00161
2007-01-30,0.00577,0.0267,0.00101,0.00148,0.00178,0.00294
2007-01-31,0.00669,0.01344,0.00324,0.00238,0.00799,0.00501
2007-02-01,0.00558,-0.0062,7e-05,0.00369,-0.00136,-0.00272
2007-02-02,0.00169,0.01197,0.00074,0.00108,0.00077,0.00128
2007-02-05,-0.00087,-0.00431,0.00141,0.00077,0.00257,0.0008
2007-02-06,0.00071,-0.00243,0.00302,0.00321,0.00542,0.00064
2007-02-07,0.0018,-0.01119,0.00187,-0.00131,0.00255,0.00117
2007-02-08,-0.00116,0.02326,0.0008,8e-05,0.0019,0.00032
2007-02-09,-0.00706,0.00455,-0.00274,-0.00112,-0.00719,-0.00293
2007-02-12,-0.00322,-0.01901,-0.00087,-0.00046,-0.00167,-0.00261
2007-02-13,0.00775,0.01914,-0.0006,0.00147,-0.00189,0.00032
2007-02-14,0.00786,-0.01402,0.00549,0.00547,0.01,0.00554
2007-02-15,0.00114,-0.00096,0.00227,0.00165,0.00303,5e-05
2007-02-16,-0.00085,0.01755,0.00093,0.00058,0.0022,0.00202
2007-02-20,0.00285,-0.01192,0.00133,0.00023,0.00198,0.00101
2007-02-21,-0.00135,0.0213,-0.00047,0.00092,-0.00137,0.00185
2007-02-22,-0.00062,0.01581,-0.00166,-0.00015,-0.00498,-0.00085
2007-02-23,-0.00346,0.00511,0.00266,0.00187,0.00622,0.00417
2007-02-26,-0.00113,0.00047,0.00292,0.00046,0.00706,0.00405
2007-02-27,-0.03525,-0.00391,0.00416,-0.00352,0.01362,0.0096
2007-02-28,0.00584,0.00307,0.00145,0.00199,-0.00412,-0.0026
2007-03-01,-0.00258,-0.00556,-0.00046,-0.00092,-0.00141,0.00042
2007-03-02,-0.01147,-0.01101,0.00112,-0.00069,0.00383,0.00234
2007-03-05,-0.00941,-0.01413,0.00046,-0.00184,0.00063,-0.00088
2007-03-06,0.01542,0.00668,-0.00099,0.00215,-0.00072,-0.00083
2007-03-07,-0.00218,0.01399,0.00132,0.00184,0.0031,0.00125
2007-03-08,0.00717,0.00047,0.00039,0.00191,-0.00158,-0.00073
2007-03-09,0.00068,-0.01563,-0.00362,-0.00027,-0.00928,-0.00579
2007-03-12,0.00271,-0.00936,0.00204,0.00191,0.00423,0.00167
2007-03-13,-0.0203,-0.00587,0.00151,-0.00118,0.00517,0.00536
2007-03-14,0.00674,0.00066,-0.00066,0.0005,-0.00445,-0.00052
2007-03-15,0.00372,-0.0039,-0.00105,0.00103,0.00027,0.00031
2007-03-16,-0.00384,0.00242,-0.00053,-8e-05,-0.00039,0.00073
2007-03-19,0.01084,0.00078,-0.00145,0.00103,-0.00276,-0.00135
2007-03-20,0.00632,-0.00214,0.00046,0.00106,0.00171,0.00068
2007-03-21,0.01696,0.00195,0.00138,0.00228,0.00212,0.00492
2007-03-22,-0.00035,0.01924,-0.00178,-4e-05,-0.01103,-0.0043
2007-03-23,0.0011,-0.00042,-0.00244,-0.00019,-0.00221,-0.00078
2007-03-26,0.00096,0.00532,0.00099,0.0008,0.00203,0.00373
2007-03-27,-0.00619,0.00173,-0.00086,-0.00027,-0.00294,-0.00078
2007-03-28,-0.00778,0.01163,-0.00046,-0.00053,-0.00246,-0.00119
2007-03-29,0.00378,0.0179,-0.0006,-8e-05,0.00027,-0.00031
2007-03-30,-0.00116,-0.01186,-0.00099,0.00106,-0.00176,-0.00156
2007-04-02,0.0026,-0.00904,-7e-05,0.00027,0.00097,0.00021
2007-04-03,0.00943,-0.00784,-0.00046,0.00106,-0.00152,-0.00343
2007-04-04,0.00112,0.01095,0.00066,0.00098,0.00061,0.00255
2007-04-05,0.00334,0.00372,-0.00146,0.00019,-0.00271,-0.0001
2007-04-09,0.00059,-0.01191,-0.00246,-0.00185,-0.0064,-0.00448
2007-04-10,0.00263,0.01311,0.0,0.0003,0.0019,0.00224
2007-04-11,-0.00648,-0.00075,7e-05,0.00053,-0.00104,-0.00052
2007-04-12,0.0062,0.00648,0.00027,-0.00208,0.00067,-5e-05
2007-04-13,0.00348,0.00557,-0.00113,-0.00175,-0.00218,-0.00282
2007-04-16,0.01071,-0.01024,0.0016,0.00247,0.00506,0.00245
2007-04-17,0.00205,-0.01076,0.00246,0.00212,0.00598,0.00115
2007-04-18,0.0007,0.00139,0.00172,0.00234,0.00394,0.00187
2007-04-19,-0.00118,-0.00102,0.00086,0.0003,-0.00215,-5e-05
2007-04-20,0.00925,0.00677,0.0,0.00166,-0.00082,0.00052
2007-04-23,-0.00229,0.01002,0.00152,0.00049,0.00276,0.00285
2007-04-24,-0.00035,-0.01313,0.00191,0.0015,0.00324,0.00192
2007-04-25,0.01018,0.01855,-0.00105,0.00056,-0.00321,0.00026
2007-04-26,-0.00069,-0.00802,-0.00172,-0.00222,-0.0048,-0.0029
2007-04-27,-9e-05,0.00698,-0.00086,-0.00056,-0.00216,5e-05
2007-04-30,-0.00786,-0.00835,0.00337,0.00053,0.01001,0.00533
2007-05-01,0.00266,0.0002,0.00053,0.00053,0.00048,-0.00046
2007-05-02,0.00656,-0.00732,-0.00013,0.00011,-0.00012,-0.0001
2007-05-03,0.0046,0.00321,-0.00119,-0.00166,-0.00287,-0.00253
2007-05-04,0.00217,-0.00032,0.00125,-0.00083,0.00489,0.00026
2007-05-07,0.0026,-0.00762,0.00092,0.00124,0.00178,-0.0001
2007-05-08,-0.00109,-0.00527,0.00026,0.00214,-0.00108,0.00093
2007-05-09,0.00348,-0.00478,-0.00138,-0.00026,-0.00489,-0.003
2007-05-10,-0.01389,-0.00524,0.00072,-0.00124,0.00199,0.00264
2007-05-11,0.00969,0.01476,-0.00072,-0.00041,-0.00281,-0.00217
2007-05-14,-0.00173,-0.00494,0.0002,-0.00064,-0.0013,-0.00078
2007-05-15,-0.00121,0.01127,-0.00086,0.00026,-0.00243,-0.00332
2007-05-16,0.00888,-0.00614,-0.00013,0.00271,0.00109,-0.00026
2007-05-17,-0.00083,0.00569,-0.00185,-0.0009,-0.00517,-0.00177
2007-05-18,0.00659,-0.00504,-0.00265,-0.00068,-0.006,-0.00287
2007-05-21,0.00155,0.01276,7e-05,-0.00038,0.00257,0.00298
2007-05-22,-0.00065,-0.01581,-0.00152,-0.0006,-0.00537,-0.0036
2007-05-23,-0.00119,0.00503,-0.00173,-0.00083,-0.00379,-0.00058
2007-05-24,-0.00963,-0.00386,-0.00033,-0.00302,0.00077,0.00167
2007-05-25,0.00545,0.0091,-0.0002,0.00049,-0.00022,-0.00052
2007-05-29,0.00169,-0.01923,-0.00033,-0.00151,-0.00046,-0.00136
2007-05-30,0.00832,0.00882,-7e-05,-0.00053,0.00053,0.00079
2007-05-31,0.00028,0.00607,-0.00073,0.00095,0.00065,0.00105
2007-06-01,0.00373,0.00907,-0.00273,-0.00136,-0.00672,-0.00372
2007-06-04,0.00188,0.00761,0.0006,0.00045,0.0053,0.00309
2007-06-05,-0.00532,-0.00175,-0.00194,-0.00315,-0.00583,-0.00393
2007-06-06,-0.00865,-0.00272,-0.00027,-0.00308,-0.0019,0.00131
2007-06-07,-0.01768,0.00733,-0.00577,-0.01034,-0.01525,-0.00779
2007-06-08,0.01131,-0.01965,-0.0033,-0.00258,-0.00196,-0.00037
2007-06-11,0.00098,0.01919,0.00115,-0.00135,-0.00238,-0.00037
2007-06-12,-0.01074,-0.00347,-0.00236,-0.00675,-0.01472,-0.00621
2007-06-13,0.01531,0.01098,-0.00101,0.00093,0.01023,0.00504
2007-06-14,0.00487,0.00893,0.0002,0.00376,-0.00294,-0.00207
2007-06-15,0.0065,0.00457,0.00088,0.00525,0.00514,0.00196
2007-06-18,-0.00121,0.00202,0.00115,0.003,0.00181,0.00185
2007-06-19,0.00175,-0.00903,0.00249,0.00349,0.00687,0.00406
2007-06-20,-0.01368,-0.00016,-0.00067,-0.00245,-0.00468,-0.00258
2007-06-21,0.00638,-0.00836,-0.00094,-0.00438,-0.00633,-0.00137
2007-06-22,-0.01297,-0.00215,0.00047,-0.00135,0.00385,0.00422
2007-06-25,-0.00322,-0.00016,0.00215,-0.00027,0.00836,0.00336
2007-06-26,-0.0032,-0.0126,-0.00027,-0.00247,-0.00328,-0.00342
2007-06-27,0.00917,-0.00332,0.00101,4e-05,0.00495,0.00221
2007-06-28,-0.0004,0.00051,-0.00067,0.0017,-0.00388,-0.00273
2007-06-29,-0.00156,0.00162,0.00141,-0.0012,0.0129,0.00593
2007-07-02,0.01065,0.0083,0.00201,0.00432,0.00352,0.00267
2007-07-03,0.00378,-0.0049,-0.0006,0.00073,-0.00608,-0.00377
2007-07-05,0.00036,0.00779,-0.00268,-0.00297,-0.01091,-0.00468
2007-07-06,0.00358,0.00777,-0.00269,-0.001,-0.00596,-0.00274
2007-07-09,0.00093,-0.00034,0.00067,0.00127,0.00463,0.004
2007-07-10,-0.01429,0.00875,0.00524,0.00035,0.01573,0.00744
2007-07-11,0.00583,-0.00071,-0.00188,-0.00042,-0.00631,-0.00335
2007-07-12,0.01889,0.00208,-0.00235,0.00112,-0.00374,-0.00262
2007-07-13,0.0031,0.0019,0.00061,-0.00019,0.00264,0.00021
2007-07-16,-0.00192,-0.01657,0.00235,0.00166,0.00875,0.00362
2007-07-17,-0.0001,-0.00726,-7e-05,0.00012,-0.00455,-0.00267
2007-07-18,-0.00196,0.01235,0.00121,-0.00104,0.00794,0.00622
2007-07-19,0.00448,0.00202,-0.00067,0.00185,-0.00199,0.00042
2007-07-20,-0.01229,-0.00069,0.00127,-0.00135,0.0069,0.00271
2007-07-23,0.00488,-0.00652,0.0002,-0.00177,0.00025,-0.00177
2007-07-24,-0.02,-0.00292,7e-05,-0.0051,0.00052,0.00359
2007-07-25,0.00467,0.00489,0.00047,-0.0007,0.00504,0.00352
2007-07-26,-0.02361,-0.00897,0.00087,-0.01371,0.01068,0.00582
2007-07-27,-0.01597,0.00854,-0.0006,0.00098,-0.00094,-0.00041
2007-07-30,0.01022,-0.00675,0.0,0.00122,-0.00116,0.00087
2007-07-31,-0.01272,0.00755,0.00054,0.00353,0.00609,0.00344
2007-08-01,0.00728,-0.00763,0.00033,-0.00031,0.00091,-0.00179
2007-08-02,0.00459,0.0034,7e-05,0.00344,0.00151,-0.00041
2007-08-03,-0.02688,-0.00774,0.00154,0.00265,0.00385,0.00123
2007-08-06,0.02388,-0.01882,-0.00013,-0.00078,-0.00506,-0.00421
2007-08-07,0.00618,0.00772,-0.00033,0.00272,0.00075,0.00087
2007-08-08,0.01431,-0.00106,-0.00134,0.00577,-0.01551,-0.0066
2007-08-09,-0.0299,-0.00755,0.001,-0.00495,0.00025,0.00325
2007-08-10,0.00038,-0.00127,-0.00027,-0.0014,0.0019,0.00129
2007-08-13,-0.00035,-0.00187,0.0006,0.00225,0.00098,0.00072
2007-08-14,-0.01821,0.0013,0.00113,-0.00423,0.00345,0.00231
2007-08-15,-0.01372,0.00681,0.00027,-0.00538,-0.00274,-0.00087
2007-08-16,0.00328,-0.02474,0.00027,-0.01216,0.01211,0.0062
2007-08-17,0.02427,0.01029,-0.00107,0.00513,-0.00994,-0.00138
2007-08-20,-0.00027,-0.00467,-0.0022,-0.00162,0.00504,0.00066
2007-08-21,0.00109,-0.00432,0.0002,0.00106,0.0036,0.00388
2007-08-22,0.0117,0.00652,7e-05,0.00593,-0.00139,-0.00158
2007-08-23,-0.00106,0.00228,0.00053,0.00239,0.00459,0.00127
2007-08-24,0.01157,0.01017,0.00027,0.00191,0.00325,-0.00133
2007-08-27,-0.00853,0.00279,0.00194,0.00347,0.00515,0.00133
2007-08-28,-0.0237,-0.00911,0.00253,-0.00109,0.00116,0.00244
2007-08-29,0.02194,0.00771,-0.00067,0.00229,-0.00266,-0.00153
2007-08-30,-0.00413,-0.00125,0.00173,0.0014,0.00807,0.00447
2007-08-31,0.01117,0.00403,-0.00047,0.00348,-0.00092,-0.00162
2007-09-04,0.01043,0.01106,7e-05,0.00154,-0.00024,-0.00025
2007-09-05,-0.0111,-0.0021,0.00279,-0.00012,0.00881,0.00542
2007-09-06,0.00442,0.00204,-0.00073,0.00093,-0.00221,-0.00177
2007-09-07,-0.01705,0.00218,0.00503,0.00062,0.01403,0.01121
2007-09-10,-0.00124,0.00244,0.00283,0.001,0.00724,0.00305
2007-09-11,0.01354,0.00736,-0.00072,0.00315,-0.00052,0.0005
2007-09-12,0.00032,0.01197,-0.00185,0.00169,-0.00518,-0.0012
2007-09-13,0.00845,-0.00395,-0.00158,0.00264,-0.00778,-0.0039
2007-09-14,0.00021,-0.00252,-0.0002,0.00244,0.00248,0.00195
2007-09-17,-0.00513,0.00783,0.00033,0.00019,0.00149,0.0015
2007-09-18,0.0288,0.00407,0.00079,0.00657,-0.00532,0.00214
2007-09-19,0.0061,0.01175,0.0004,0.00423,-0.00901,-0.00364
2007-09-20,-0.00653,0.01303,-0.00317,-0.00419,-0.01694,-0.00909
2007-09-21,0.0046,0.00666,0.00053,0.00348,0.00686,0.00161
2007-09-24,-0.00527,0.00034,0.00172,-0.00075,0.00248,-0.00101
2007-09-25,-0.00032,-0.00855,0.00079,0.00038,-0.00149,-0.00126
2007-09-26,0.00558,0.00063,0.00079,-0.00026,-0.00087,0.00187
2007-09-27,0.00393,0.02259,0.0027,0.00136,0.00839,0.00452
2007-09-28,-0.00301,-0.00599,0.00125,-0.00049,0.00083,0.0016
2007-10-01,0.01321,-0.00406,0.00033,0.00237,0.00463,0.0009
2007-10-02,-0.00025,-0.01889,0.0023,0.00244,0.00282,0.00055
2007-10-03,-0.00437,0.00083,0.00085,-0.00011,-0.00147,-0.0012
2007-10-04,0.00212,0.0114,0.00157,0.00094,0.00302,0.00115
2007-10-05,0.0098,0.00378,-0.00314,-0.00071,-0.01456,-0.00748
2007-10-09,0.00486,-0.01349,0.00059,0.00281,0.00104,0.0
2007-10-10,-0.00164,0.01131,0.00072,0.00123,0.00051,0.00025
2007-10-11,-0.00512,0.0118,-7e-05,0.00205,-0.00262,-0.00121
2007-10-12,0.00475,0.00362,-0.00079,0.00041,-0.00313,-0.00177
2007-10-15,-0.00841,0.01509,0.00059,-0.0006,0.00069,0.00177
2007-10-16,-0.00659,0.00565,0.00118,0.00067,-0.00093,0.00066
2007-10-17,0.00185,-0.0055,0.00294,0.00194,0.01463,0.00773
2007-10-18,-0.00073,0.01529,0.00124,0.00208,0.00479,0.0032
2007-10-19,-0.02594,0.00125,0.00371,7e-05,0.01206,0.00671
2007-10-22,0.00381,-0.00644,0.00078,-0.00134,0.00289,0.00045
2007-10-23,0.00877,-0.00661,0.00058,0.00182,-0.00252,-0.00159
2007-10-24,-0.00243,0.00404,0.00155,0.00082,0.00776,0.00583
2007-10-25,-0.00096,0.01875,0.00026,0.00222,-0.00196,0.00167
2007-10-29,0.01754,0.03342,6e-05,0.00461,-0.00055,-0.00177
2007-10-30,-0.00646,-0.02026,-6e-05,0.00096,-0.00115,-0.00069
2007-10-31,0.01198,0.02043,-0.00233,0.00191,-0.01064,-0.004
2007-11-01,-0.02653,-0.00855,0.00058,-0.00011,0.01467,0.00784
2007-11-02,0.00085,0.02081,0.00026,-7e-05,0.00724,0.00871
2007-11-05,-0.00489,-0.00813,-6e-05,-0.00327,-0.00268,-0.00034
2007-11-06,0.01199,0.02218,-0.00169,0.00092,-0.00484,-0.00063
2007-11-07,-0.02928,0.00378,-0.00156,-0.00413,-0.00152,0.00024
2007-11-08,-0.00053,-0.00365,-0.00052,-0.00285,0.00149,0.00341
2007-11-09,-0.01436,0.00059,0.00078,0.00133,0.00838,0.00552
2007-11-13,0.01897,-0.04045,-0.00013,-0.00085,-0.00046,-0.00387
2007-11-14,-0.00683,0.01946,-0.00182,0.00252,0.0002,-0.00063
2007-11-16,-0.00801,-0.00547,0.00254,-0.00281,0.0119,0.00523
2007-11-19,-0.01759,0.00393,0.00156,-0.00141,0.00682,0.00664
2007-11-21,-0.01146,0.02435,0.00117,-0.0045,0.00145,0.00564
2007-11-23,0.01686,0.00359,0.00071,-0.00045,0.00471,0.00167
2007-11-26,-0.02351,0.00309,0.00529,0.00071,0.02177,0.01098
2007-11-27,0.01487,-0.01478,-0.00071,0.00022,-0.01165,-0.00799
2007-11-28,0.02847,-0.01547,-0.00219,0.00483,-0.00674,-0.00738
2007-11-29,0.00055,0.00373,-0.00026,0.00193,0.00784,0.0062
2007-11-30,0.00774,-0.00948,0.00071,0.00432,-0.00637,-0.00233
2007-12-04,-0.01243,0.00865,0.00386,0.00136,0.00804,0.00109
2007-12-05,0.0156,-0.00532,-0.00161,0.00151,-0.00616,-0.00644
2007-12-06,0.01502,0.01407,-0.00407,0.00011,-0.01239,-0.00389
2007-12-07,-0.00177,-0.00186,-0.00831,0.00011,-0.01518,-0.00719
2007-12-10,0.00752,0.00109,-0.00144,-7e-05,-0.00321,-0.00131
2007-12-11,-0.02558,0.00975,0.00514,0.00125,0.01817,0.00855
2007-12-12,0.00616,0.02823,0.00026,0.00051,-0.00665,-0.0012
2007-12-13,0.00126,-0.01457,-0.00358,-0.00209,-0.01163,-0.00511
2007-12-14,-0.01379,-0.00733,-0.00418,-0.00143,-0.0068,-0.00232
2007-12-17,-0.01511,-0.00416,0.00052,-0.00188,0.00569,0.00281
2007-12-18,0.00626,-0.00687,0.00268,0.00184,0.01108,0.00598
2007-12-19,-0.00133,0.01009,0.00443,0.00136,0.00691,0.00274
2007-12-20,0.00514,-0.00349,0.00246,0.00085,0.0067,0.00292
2007-12-21,0.01669,0.0133,-0.00279,0.00044,-0.01722,-0.00753
2007-12-24,0.00805,0.00057,-0.0041,0.00026,-0.0059,-0.00299
2007-12-26,0.00083,0.01699,-0.00222,-7e-05,-0.00857,-0.00445
2007-12-27,-0.01408,0.00531,0.00346,0.00022,0.00934,0.00556
2007-12-28,0.00146,-0.00613,0.00299,0.00117,0.01417,0.00525
2007-12-31,-0.00686,0.00172,0.0046,0.00106,0.00815,0.00598
2008-01-02,-0.01433,0.0271,0.0058,0.00212,0.01592,0.01138
2008-01-03,0.0,0.00634,0.00276,0.00015,-0.00271,0.00038
2008-01-04,-0.02486,-0.00639,0.00231,0.00033,0.00195,0.00193
2008-01-07,0.00323,-0.01806,0.00102,0.00131,0.00377,0.0
2008-01-08,-0.01818,0.01331,-0.00038,0.00186,-0.00243,-0.00024
2008-01-09,0.01361,-0.00962,0.0,-0.00138,0.00516,0.00254
2008-01-10,0.00794,-0.01257,-0.00371,-0.00058,-0.01713,-0.00622
2008-01-11,-0.01363,0.00552,0.00205,0.00084,0.00742,0.00678
2008-01-14,0.01082,0.02051,0.00192,0.00077,0.00337,0.00361
2008-01-15,-0.02524,-0.01086,0.00294,0.00091,0.01154,0.00518
2008-01-16,-0.00552,-0.01223,6e-05,0.00145,-0.00415,-0.00377
2008-01-17,-0.02948,-0.00355,0.0021,-0.00127,0.00963,0.00457
2008-01-18,-0.00604,0.00294,0.00095,-0.00226,-0.00621,-5e-05
2008-01-22,-0.01115,-0.00552,0.00323,-0.00175,0.01129,0.00948
2008-01-23,0.02124,-0.02428,0.00303,0.00164,0.00715,0.00414
2008-01-24,0.01004,0.02218,-0.00595,0.00149,-0.02597,-0.01199
2008-01-25,-0.016,0.01768,-0.00013,-0.00029,0.01026,0.00481
2008-01-28,0.01742,0.0086,0.0014,0.00076,0.00103,0.00185
2008-01-29,0.00619,0.00419,-0.00095,4e-05,-0.00756,-0.00055
2008-01-30,-0.00471,-0.00034,-0.00324,0.00047,-0.01308,-0.00309
2008-01-31,0.0168,0.00381,0.00121,0.00062,0.01091,0.00811
2008-02-01,0.01216,-0.01715,0.00311,0.00113,0.00595,-0.00106
2008-02-04,-0.0105,0.01465,-6e-05,0.00018,-0.00764,-0.00451
2008-02-05,-0.03242,-0.00768,0.00228,-0.00145,0.00482,0.00281
2008-02-06,-0.00725,-0.00233,-0.00038,-0.00036,-0.00403,-0.0012
2008-02-07,0.0081,0.00706,-0.00406,-0.00379,-0.01753,-0.00879
2008-02-08,-0.0042,0.02711,-0.00032,-0.00659,0.00915,0.00736
2008-02-11,0.00592,0.0082,0.00146,0.00055,0.00543,0.00405
2008-02-12,0.00728,-0.01521,-0.0014,0.00231,-0.00824,-0.00419
2008-02-13,0.01389,0.00099,-0.00134,0.00139,-0.00584,-0.00472
2008-02-14,-0.01348,0.02225,-0.00421,-0.00198,-0.01876,-0.00866
2008-02-15,0.0009,0.00025,-0.00096,-0.00172,0.00752,0.00364
2008-02-19,-0.00081,0.03174,-0.00404,-0.00062,-0.00789,-0.0043
2008-02-20,0.00836,0.00058,-0.00264,-0.00169,0.00122,0.00094
2008-02-21,-0.0126,9e-05,0.00296,0.00246,0.01297,0.00638
2008-02-22,0.00795,0.00402,0.00192,0.00143,-0.00397,0.00028
2008-02-25,0.01374,0.0112,-0.0034,0.00011,-0.01129,-0.00475
2008-02-26,0.0069,0.024,-0.00077,0.00271,0.00108,0.00544
2008-02-27,-0.00068,-0.00141,0.00071,-7e-05,0.00102,0.00023
2008-02-28,-0.00887,0.00901,0.00295,0.0023,0.014,0.01259
2008-02-29,-0.02743,-0.01208,0.0076,0.00117,0.02035,0.01066
2008-03-03,0.00055,0.01106,0.00203,-0.00168,-0.00087,0.00186
2008-03-04,-0.00345,-0.01959,-0.00076,0.00062,-0.00859,-0.00091
2008-03-05,0.00572,0.03723,-0.00376,0.00106,-0.01667,-0.00231
2008-03-06,-0.0221,0.00784,-0.00153,-0.00197,0.00459,0.00295
2008-03-07,-0.00843,-0.00819,0.00026,-0.003,0.00479,0.00749
2008-03-10,-0.01554,0.0168,0.00089,0.00011,0.0142,0.006
2008-03-11,0.03649,0.0112,-0.01046,0.00073,-0.01245,-0.01087
2008-03-12,-0.00875,0.01459,-0.002,0.00234,0.01821,0.00867
2008-03-13,0.00515,0.00313,-0.00337,-0.00267,-0.0059,-0.00449
2008-03-14,-0.02098,-0.01057,0.00026,-0.00092,0.0154,0.00139
2008-03-17,-0.00885,-0.03468,0.00097,-0.00301,0.00883,-0.00884
2008-03-19,0.01699,-0.02346,0.00323,0.00824,0.00865,0.00018
2008-03-20,0.02366,-0.02322,0.00013,0.00062,0.00768,0.00398
2008-03-24,0.01521,0.00599,-0.00136,4e-05,-0.02064,-0.01674
2008-03-25,0.00231,0.01204,0.0,0.00055,0.00182,-0.00124
2008-03-26,-0.00875,0.02183,0.00045,-0.00109,-0.00448,0.00046
2008-03-27,-0.01132,0.01129,-0.00136,-0.00069,-0.00661,0.00321
2008-03-28,-0.00794,-0.01265,0.00155,-0.00051,0.00414,0.00475
2008-03-31,0.0057,-0.02789,0.0029,-0.00088,0.00439,0.00386
2008-04-01,0.03526,-0.00855,-0.00432,-0.00033,-0.01028,-0.00701
2008-04-02,-0.00173,0.02573,-0.00117,0.00186,-0.00092,-0.00087
2008-04-03,0.00131,-0.00341,0.00065,0.00146,0.00022,-0.00192
2008-04-04,0.00081,0.01922,0.00684,0.00374,0.01163,0.00698
2008-04-07,0.00157,0.0091,0.00122,0.00116,-0.0073,-0.00269
2008-04-08,-0.00478,-0.00037,0.00096,0.00076,-0.00216,-0.00151
2008-04-09,-0.00805,0.02328,0.00384,0.00159,0.01177,0.00724
2008-04-10,0.00451,-0.00738,-0.00115,0.00116,-0.00451,-0.00427
2008-04-11,-0.02052,-0.00382,0.00479,0.00195,0.00598,0.00631
2008-04-14,-0.00337,0.0053,-0.00064,0.00029,-0.00509,-0.00154
2008-04-15,0.0046,0.01219,-0.0021,-0.00011,-0.00948,-0.00354
2008-04-16,0.02255,0.012,-0.00615,0.00014,-0.01663,-0.00873
2008-04-17,0.00065,-0.00311,-0.0038,-0.00198,-0.00041,-0.00409
2008-04-18,0.01798,-0.00101,-0.00019,-0.00116,0.0,-0.00037
2008-04-21,-0.00153,-0.00489,0.00399,-0.00076,0.00682,0.00221
2008-04-22,-0.00883,0.01117,0.00128,-0.00152,0.00038,0.00064
2008-04-23,0.0029,-0.00568,6e-05,-4e-05,-0.00121,-0.00129
2008-04-24,0.00642,-0.01904,-0.00045,-0.0021,-0.00854,-0.00934
2008-04-25,0.00649,0.00991,-0.00193,-0.00243,-0.00644,-0.0026
2008-04-28,-0.00101,0.00964,-6e-05,0.00156,0.00322,0.00214
2008-04-29,-0.00387,-0.02253,0.0009,0.002,0.00194,-0.00056
2008-04-30,-0.00381,-0.01458,0.00366,0.00253,0.00748,0.00348
2008-05-01,0.01718,-0.01041,0.00275,0.0053,0.00299,0.00305
2008-05-02,0.00323,0.02443,0.00325,-0.00072,-0.01119,-0.00342
2008-05-05,-0.00445,0.01232,-0.00038,-0.00032,-0.00191,0.00287
2008-05-06,0.00765,0.01713,-0.00236,-0.00032,-0.00912,-0.00208
2008-05-07,-0.01786,0.00864,-0.00064,-0.00151,0.00322,0.00088
2008-05-08,0.00371,0.00882,0.00217,0.00022,0.00932,0.00715
2008-05-09,-0.00654,0.01317,0.00426,-0.00029,0.00552,0.00376
2008-05-12,0.01099,-0.01004,0.00101,7e-05,0.0005,-0.00027
2008-05-13,-0.00016,0.00768,-0.00311,-0.00235,-0.01394,-0.00786
2008-05-14,0.00417,-0.01519,-0.00388,-0.00156,-0.00288,-0.0006
2008-05-15,0.01071,0.00435,0.00147,0.00228,0.00936,0.00617
2008-05-16,0.00128,0.01327,0.00172,0.00447,-0.00017,0.00225
2008-05-19,0.00093,0.00252,0.00095,0.00079,0.00089,0.00338
2008-05-20,-0.00932,0.0156,0.00248,0.00126,0.00599,0.00601
2008-05-21,-0.01611,0.02479,-0.00082,0.00097,-0.00292,0.00027
2008-05-22,0.0028,-0.01067,-0.00534,-0.00334,-0.00977,-0.00705
2008-05-23,-0.01329,0.00014,0.00229,-0.0005,0.00968,0.00356
2008-05-27,0.00683,-0.01374,-0.00568,-0.00177,-0.01228,-0.00708
2008-05-28,0.00415,0.00462,-0.00629,-0.00181,-0.00775,-0.00782
2008-05-29,0.00544,-0.02712,-0.0029,-0.00152,-0.0094,-0.00435
2008-05-30,0.00152,0.00976,0.00097,0.00249,0.00912,0.00449
2008-06-02,-0.01053,0.00981,0.00348,0.00206,0.00338,0.00304
2008-06-03,-0.00577,-0.02113,0.00289,0.00176,0.00834,0.00193
2008-06-04,0.00016,-0.01171,-0.00103,-7e-05,-0.00862,-0.00544
2008-06-05,0.01938,0.03192,-0.0027,-0.00173,-0.00699,-0.00421
2008-06-06,-0.03126,0.05003,0.00385,0.00097,0.01139,0.01057
2008-06-09,0.00083,-0.01552,-0.00045,-0.00086,0.0029,-0.00303
2008-06-10,-0.00244,-0.00503,-0.00534,-0.00422,-0.01125,-0.00707
2008-06-11,-0.01682,0.03716,-0.00052,-0.00029,0.00028,0.00204
2008-06-12,0.00335,-0.00093,-0.00615,-0.00457,-0.00986,-0.00771
2008-06-13,0.01496,-0.0021,-0.00442,-0.00247,-0.0054,-0.00276
2008-06-16,8e-05,0.00438,0.0,-0.00142,0.0038,0.00425
2008-06-17,-0.00679,0.00365,0.00085,0.00066,-0.00111,0.00051
2008-06-18,-0.00974,0.01015,0.00345,0.00222,0.00842,0.00552
2008-06-19,0.00401,-0.0231,-0.00149,-0.00259,-0.00275,-0.00399
2008-06-20,-0.01871,0.00705,0.00136,-0.00197,0.00719,0.00278
2008-06-23,6e-05,0.00495,-0.0013,-0.00143,-0.0009,-0.0013
2008-06-24,-0.00281,0.00106,0.00169,-0.00143,0.0072,0.00657
2008-06-25,0.00587,-0.00384,0.00019,-0.00136,-0.00028,-9e-05
2008-06-26,-0.0295,0.03019,-0.00071,-0.00489,0.00837,0.01028
2008-06-27,-0.00369,0.00225,-0.00241,-0.00126,0.00929,0.00141
2008-06-30,0.00127,-0.00898,0.00163,0.00107,0.00058,0.00191
2008-07-01,0.00402,0.00807,-0.00182,-0.00347,-0.00173,0.00155
2008-07-02,-0.01832,0.02112,0.00273,0.001,0.00605,0.00702
2008-07-03,0.00111,-0.00145,-0.00065,-0.00041,-0.00299,0.00131
2008-07-07,-0.0084,-0.01573,0.00091,0.00211,0.0043,5e-05
2008-07-08,0.01732,-0.02949,0.00537,-0.001,0.00695,-0.00014
2008-07-09,-0.02293,0.00054,0.00264,0.00362,0.00369,0.00427
2008-07-10,0.00696,0.02366,0.00077,0.00026,0.00092,0.00081
2008-07-11,-0.01107,0.01296,-0.00484,-0.00217,-0.01419,-0.00796
2008-07-15,-0.02001,-0.03411,0.00149,-0.00055,0.00716,0.00671
2008-07-16,0.02488,-0.01273,-0.00362,0.00111,-0.01534,-0.00405
2008-07-17,0.01197,-0.02657,-0.00461,0.00228,-0.00797,-0.00805
2008-07-18,0.00029,-0.01388,-0.00372,0.00055,-0.00271,-0.00419
2008-07-21,-0.00051,0.00562,-0.00268,0.00143,0.00201,-0.00064
2008-07-22,0.01342,-0.0167,-0.00381,0.00062,-0.00265,-0.00352
2008-07-23,0.00405,-0.02328,-0.00204,0.00224,-0.0053,-0.00957
2008-07-24,-0.02337,-0.00091,0.00375,0.0007,0.01282,0.00852
2008-07-25,0.00417,-0.0037,-0.00197,-0.00128,-0.01195,-0.00644
2008-07-28,-0.01878,0.0069,0.00243,0.00117,0.01245,0.00868
2008-07-29,0.02317,-0.0136,-0.00026,0.00051,-0.00108,-0.00436
2008-07-30,0.0166,0.01404,0.00026,0.00212,-0.00209,0.00161
2008-07-31,-0.01303,-0.01424,0.00354,0.0027,0.00541,0.0033
2008-08-01,-0.00559,-0.00257,0.00203,-0.00073,0.00486,0.00361
2008-08-04,-0.00899,-0.02961,0.00013,-4e-05,-0.00179,-0.00155
2008-08-05,0.02841,-0.01539,0.00124,0.0004,-0.00565,-0.00485
2008-08-06,0.00381,-0.00991,-0.00235,0.00029,-0.00763,-0.00427
2008-08-07,-0.018,0.01173,0.00222,-0.00015,0.0175,0.01072
2008-08-08,0.02361,-0.03082,0.00169,-0.00295,0.0014,-0.00292
2008-08-11,0.00716,-0.00299,-0.00033,0.00088,-0.00766,-0.00573
2008-08-12,-0.01208,-0.00952,0.00241,0.0019,0.00925,0.00477
2008-08-13,-0.00259,0.02807,0.00026,0.00069,-0.00384,-0.00142
2008-08-14,0.00554,-0.00181,0.00032,0.00073,0.00836,0.00598
2008-08-15,0.00419,-0.01289,0.00194,0.00178,0.00628,0.001
2008-08-18,-0.01515,0.00319,0.00259,-0.00011,0.00525,0.00145
2008-08-19,-0.00927,0.00954,6e-05,-0.00076,-0.00403,-0.00123
2008-08-20,0.00624,0.01277,0.00045,0.00091,0.004,0.00485
2008-08-21,0.00256,0.04104,-0.0011,-0.00047,-0.00321,0.00122
2008-08-22,0.01138,-0.03738,-0.00207,0.00029,0.00092,-0.00412
2008-08-25,-0.01981,-0.00102,0.00142,0.00054,0.00864,0.00417
2008-08-26,0.00369,-0.00018,0.00078,-0.00051,0.00102,0.00036
2008-08-27,0.00813,0.00422,0.00142,0.00123,0.00158,0.00244
2008-08-28,0.01489,-0.01483,-0.0011,0.0025,-0.00032,-0.0033
2008-08-29,-0.01377,-0.00442,-0.00045,0.0013,-0.00356,-0.00303
2008-09-02,-0.00406,-0.02904,0.00168,-0.00029,0.00772,-0.00068
2008-09-03,-0.00153,-0.0051,0.00174,-0.00011,0.00608,-0.00118
2008-09-04,-0.03036,-0.00842,0.00277,-0.00188,0.00533,-0.00218
2008-09-05,0.00446,-0.01742,-0.00071,-0.00167,0.00066,5e-05
2008-09-08,0.02047,-0.00126,0.00135,0.00181,0.00176,0.00327
2008-09-09,-0.03473,-0.02284,0.00218,-0.00163,0.01084,0.00218
2008-09-10,0.00618,-0.01079,-0.00289,-0.00065,-0.00474,-0.00023
2008-09-11,0.01403,-0.00896,-0.00322,-0.00476,0.00268,0.00285
2008-09-12,0.00214,0.01115,-0.00452,-0.00362,-0.01683,-0.00948
2008-09-15,-0.04828,-0.03065,-0.03164,-0.01872,0.02649,0.00632
2008-09-16,0.01737,-0.04231,-0.02196,-0.01809,0.00609,-0.00951
2008-09-17,-0.04826,0.04406,-0.01584,-0.01015,0.00192,0.00388
2008-09-18,0.04274,-0.00289,0.0,0.0057,-0.00377,-0.0064
2008-09-19,0.03946,0.02968,0.00492,0.01611,-0.03911,0.00037
2008-09-22,-0.03893,0.04197,0.0011,-0.00135,-0.00551,-0.00014
2008-09-23,-0.01574,-0.01911,-0.00262,-0.00573,-0.00304,-0.01
2008-09-24,-0.00197,-0.00186,0.00393,-0.00246,0.00866,-0.00362
2008-09-25,0.01947,0.00989,-0.01373,-0.00341,-0.00358,-0.00261
2008-09-26,0.00339,-0.00961,-0.01166,-0.00404,0.00798,5e-05
2008-09-29,-0.09196,-0.06171,0.00332,-0.0114,0.02884,0.00627
2008-09-30,0.05279,0.01598,0.00162,-0.00798,-0.02486,-0.01827
2008-10-01,-0.0044,-0.0159,-0.00296,0.00109,0.00888,0.00174
2008-10-02,-0.04095,-0.04943,-0.00127,-0.00882,0.0135,0.00909
2008-10-03,-0.01358,-0.00532,-0.0017,-0.00165,0.00308,0.00112
2008-10-06,-0.03926,-0.05199,-0.0022,-0.02828,0.02844,0.00293
2008-10-07,-0.0591,0.01428,-0.00469,-0.00567,-0.01173,-0.01361
2008-10-08,-0.01085,0.00271,-0.00844,-0.02693,-0.01249,-0.02451
2008-10-09,-0.07921,-0.0056,-0.01156,-0.01726,-0.00999,-0.00673
2008-10-10,-0.01174,-0.07,-0.01974,-0.06446,-0.00236,-0.00996
2008-10-14,0.10425,0.0093,0.00178,0.0497,-0.01806,-0.00211
2008-10-15,-0.0946,-0.03905,0.00332,-0.02602,-0.00106,-0.00148
2008-10-16,0.04166,-0.03609,-0.00733,-0.01938,0.00262,-0.00702
2008-10-17,-0.00622,0.01967,-0.00126,-0.00515,-0.01042,0.005
2008-10-20,0.04658,0.01498,0.00445,-0.01154,0.00557,0.00261
2008-10-21,-0.03127,-0.02117,-0.0017,-0.01772,0.0142,0.00486
2008-10-22,-0.06274,-0.06167,0.00496,-0.06384,0.01338,-0.00024
2008-10-23,0.01258,0.00554,0.00258,-0.02601,0.01766,-0.00457
2008-10-24,-0.03511,-0.0326,-0.0048,-0.01523,-0.01874,-0.02871
2008-10-27,-0.03228,0.00504,-0.00393,0.00888,-0.00192,-0.01136
2008-10-28,0.10246,-0.00104,0.0,0.02462,-0.01037,-0.00344
2008-10-29,-0.01099,0.0547,-0.00193,0.02642,-0.01223,0.00113
2008-10-30,0.02566,-0.02028,-0.0053,0.03238,-0.00484,0.00164
2008-10-31,0.01525,0.00934,-0.0009,0.02165,-0.01352,-0.00731
2008-11-03,-0.00252,-0.01929,0.00172,0.01237,0.00676,0.00515
2008-11-04,0.04003,0.06338,0.01078,0.03956,0.01592,0.01322
2008-11-05,-0.05351,-0.04766,0.0067,-0.00816,0.00839,0.00904
2008-11-06,-0.05129,-0.04267,0.00608,-0.0106,-0.0047,-0.00121
2008-11-07,0.02879,-0.00026,-0.00205,0.00348,-0.0084,-0.00545
2008-11-10,-0.01261,0.0124,0.00729,0.00844,0.00906,0.00328
2008-11-12,-0.07511,-0.059,0.00312,-0.02336,0.00446,0.00392
2008-11-13,0.06705,0.01753,7e-05,-0.01285,-0.01751,-0.00721
2008-11-14,-0.04241,-0.00326,0.00246,0.00247,0.01654,0.00821
2008-11-18,-0.01612,-0.03295,0.00576,-0.01164,0.01322,0.0
2008-11-19,-0.063,-0.00441,0.0068,-0.00869,0.02404,-0.00307
2008-11-20,-0.06944,-0.04562,0.00555,-0.01103,0.03906,-0.01588
2008-11-21,0.06154,0.00022,-0.01033,0.00099,0.00368,-0.00899
2008-11-25,0.06942,0.02885,0.0025,0.03771,0.00615,-0.00912
2008-11-26,0.0351,0.02575,0.00114,0.00561,0.00907,0.00576
2008-11-28,0.00963,-0.00086,0.00321,0.00477,0.00986,0.00938
2008-12-01,-0.09347,-0.05941,0.00907,0.00013,0.03816,0.01466
2008-12-02,0.03924,-0.01601,0.00584,-0.00414,0.00548,0.00966
2008-12-03,0.02604,-0.00792,0.00035,0.00419,0.00203,0.01095
2008-12-04,-0.02971,-0.03972,0.00238,0.00166,0.01428,0.0125
2008-12-05,0.03587,-0.04428,0.00426,-0.00166,-0.00611,-0.00928
2008-12-08,0.03784,0.04908,-0.00593,0.00698,-0.00596,-0.00753
2008-12-09,-0.02336,-0.01801,0.00482,0.00698,0.01185,0.00144
2008-12-10,0.01193,0.01514,0.0016,0.00821,-0.00245,-0.00378
2008-12-11,-0.02866,0.04852,0.00479,0.00478,0.00178,0.00809
2008-12-12,0.00701,-0.00645,0.00159,-0.00333,0.00408,-0.00401
2008-12-15,-0.01272,-0.00743,0.00565,-0.00123,0.00941,-0.00363
2008-12-16,0.05009,0.00423,0.01338,0.0057,0.02303,0.0137
2008-12-17,-0.00958,-0.00257,0.01314,0.02817,0.03304,0.02815
2008-12-18,-0.02135,-0.02046,0.01864,0.00993,0.02081,0.00534
2008-12-19,0.00295,-0.0005,0.00341,0.00298,-0.00199,-0.00648
2008-12-22,-0.01837,-0.01696,0.00216,0.00147,-0.00463,-0.00465
2008-12-23,-0.00957,-0.00443,0.00215,0.00405,-0.00465,-0.00298
2008-12-24,0.00624,-0.01927,-0.00589,0.00025,-0.00021,-0.00217
2008-12-26,0.00533,0.01801,0.00393,4e-05,0.00422,0.00256
2008-12-29,-0.00355,0.01135,0.00124,0.00271,-0.00244,-0.0013
2008-12-30,0.0243,0.00334,0.01193,0.00253,0.00664,-0.0015
2008-12-31,0.01409,0.05737,0.00662,0.00046,-0.02032,-0.01127
2009-01-02,0.0313,0.01418,-0.00655,0.00062,-0.02053,-0.00997
2009-01-05,-0.00465,0.01897,-0.0053,0.00496,-0.0355,-0.00376
2009-01-07,-0.02211,-0.02667,0.0071,0.01017,-0.00565,0.00721
2009-01-08,0.00343,-0.00784,0.00347,-0.00667,0.00353,0.01057
2009-01-09,-0.02153,0.00276,0.00211,0.00443,0.00037,0.00949
2009-01-12,-0.02282,-0.0465,0.00332,-0.00266,0.01287,0.00481
2009-01-13,0.00183,0.00958,-0.00057,-0.00205,-0.00412,0.00407
2009-01-14,-0.03394,-0.00599,0.00338,-0.00267,0.01987,0.0001
2009-01-15,0.00136,-0.00085,0.00076,-0.00591,0.00363,-0.00652
2009-01-16,0.00754,0.00578,-0.00388,0.00583,-0.0067,0.00211
2009-01-20,-0.05425,-0.04037,-0.00769,-0.00562,-0.00815,-0.00082
2009-01-21,0.0428,0.00311,-0.00529,-0.00403,-0.03369,-0.01969
2009-01-22,-0.01526,-0.00236,-0.00948,0.00154,-0.01559,0.00528
2009-01-23,0.00537,0.04049,-0.00688,-0.00275,-0.01054,0.00437
2009-01-26,0.00554,-0.00092,-0.00145,0.00627,-0.00669,0.0017
2009-01-27,0.01086,-0.03045,0.01255,0.00561,0.02301,0.01184
2009-01-28,0.03313,0.01788,-0.00019,0.0048,-0.03082,-0.00648
2009-01-29,-0.0336,-0.00078,0.00532,-0.00378,-0.01993,-0.00125
2009-01-30,-0.02305,-0.002,-0.00168,-0.00086,-0.00573,0.00366
2009-02-02,-0.00053,-0.02824,0.00116,-0.0035,0.02088,0.00565
2009-02-03,0.01573,-0.00916,-0.00415,-0.0007,-0.02247,-0.00517
2009-02-04,-0.00677,0.0048,-0.00593,-0.00165,-0.00635,-0.00226
2009-02-06,0.04324,0.03215,0.00111,0.00215,-0.00113,0.0024
2009-02-09,0.00152,-0.00434,-0.00078,0.00215,-0.00196,0.01179
2009-02-10,-0.05034,-0.01926,0.00372,-0.00372,0.02695,0.00322
2009-02-11,0.00836,-0.00338,0.00636,-0.00307,0.01124,-0.00156
2009-02-12,0.00197,-0.00229,0.00155,-0.00637,-0.00154,-0.00062
2009-02-13,-0.00993,-0.0135,-0.00589,0.00121,-0.03438,-0.00671
2009-02-17,-0.04644,-0.04839,0.01034,-0.00863,0.03221,0.0068
2009-02-18,-0.00076,-0.01902,-0.00283,0.0016,-0.00814,-0.00504
2009-02-19,-0.01143,0.03187,-0.01363,0.00682,-0.02571,-0.00482
2009-02-20,-0.01126,-0.00538,-0.00052,-0.00338,0.01899,0.00425
2009-02-23,-0.03529,-0.01214,-0.00026,0.00017,0.00535,-0.00129
2009-02-24,0.03933,0.01304,-0.004,-4e-05,0.00405,-0.00483
2009-02-25,-0.01047,0.01948,-0.00963,0.0023,-0.01623,-0.0093
2009-02-26,-0.01569,0.02014,0.00013,0.00179,-0.00611,-0.00675
2009-02-27,-0.02381,-0.01323,-0.00685,-0.0015,-0.01112,-0.00562
2009-03-02,-0.04773,-0.05316,0.00473,-0.00868,0.01277,0.00659
2009-03-03,-0.00642,0.00698,-0.00226,-0.00354,-0.005,-0.00288
2009-03-04,0.02384,0.03635,-0.0036,0.00468,-0.00299,-0.00347
2009-03-05,-0.04339,-0.01772,0.00433,-0.004,0.03222,0.00839
2009-03-06,0.00147,0.02629,-0.01164,-0.00199,-0.00037,-0.00355
2009-03-09,-0.00996,-0.00757,-0.00913,-0.0025,-0.01465,-0.00508
2009-03-11,0.06456,-0.03178,-0.00729,0.01126,-0.0079,0.0022
2009-03-12,0.04011,0.04753,-0.00199,0.00723,0.00392,0.01133
2009-03-13,0.00774,-0.00904,-0.00048,0.00581,-0.00541,-0.00029
2009-03-16,-0.00351,0.01506,0.00048,0.00393,-0.01333,-5e-05
2009-03-17,0.03165,0.02345,-0.00062,-0.00058,-0.00656,0.0001
2009-03-18,0.02068,-0.01447,0.00663,0.00879,0.0426,0.03329
2009-03-19,-0.01306,0.05625,0.00293,0.01127,-0.00501,0.00425
2009-03-20,-0.01994,0.00371,-0.00082,-0.00255,-0.00522,-0.00275
2009-03-23,0.06857,0.01927,-0.00143,0.0053,-0.00575,0.00126
2009-03-24,-0.0206,-0.00859,-0.00034,0.00197,0.01314,0.00739
2009-03-25,0.00959,-0.02014,-0.00327,-0.00302,-0.01692,-0.00515
2009-03-26,0.02306,0.01639,0.00396,0.0052,0.01137,0.01083
2009-03-27,-0.02035,-0.02171,0.00136,-0.00024,0.00413,-0.00175
2009-03-30,-0.03539,-0.0354,0.00278,-0.00681,0.00395,0.0012
2009-03-31,0.01305,0.02035,0.005,0.00416,0.00562,-0.00503
2009-04-01,0.01661,-0.01375,0.00034,0.00478,0.01199,0.00462
2009-04-02,0.02838,0.04533,-0.00412,0.00946,-0.01349,-0.00754
2009-04-03,0.00971,0.00835,-0.00632,0.00862,-0.02295,-0.00727
2009-04-06,-0.00831,-0.01607,0.00272,0.00413,-0.00547,5e-05
2009-04-07,-0.0235,-0.01411,0.00244,-0.00122,0.00571,5e-05
2009-04-08,0.01174,0.00176,0.00662,0.00548,0.01077,0.00341
2009-04-09,0.03736,0.01654,-0.00337,0.00421,-0.0159,-0.00374
2009-04-14,-0.01764,-0.01438,0.01821,0.00512,0.01647,0.00416
2009-04-15,0.01249,-0.00951,0.00364,0.0034,0.00196,0.00391
2009-04-16,0.01545,0.00215,0.0004,0.00389,-0.0107,-0.00531
2009-04-17,0.00495,-0.0038,-0.00517,0.00019,-0.0125,-0.00872
2009-04-20,-0.0437,-0.04184,0.01366,-0.00767,0.01586,0.00188
2009-04-21,0.02103,0.00364,-0.00486,-0.00089,-0.00931,-0.00395
2009-04-22,-0.0075,0.00219,-0.00092,0.00193,-0.01333,-0.00104
2009-04-23,0.00989,0.00757,0.00329,0.00027,0.0062,0.00907
2009-04-24,0.01666,0.01862,-0.00672,0.00343,-0.01235,0.00023
2009-04-27,-0.01012,-0.02344,0.00869,-0.00231,0.00758,0.00439
2009-04-28,-0.00271,-0.00539,-0.00401,0.0012,-0.01756,-0.00299
2009-04-29,0.02151,0.01928,-0.00231,0.00458,-0.01068,-0.00412
2009-04-30,-0.00089,0.00181,0.00217,0.00589,-0.00308,-0.00593
2009-05-01,0.00541,0.03355,-0.00211,0.00061,-0.00605,-0.00639
2009-05-04,0.0333,0.0093,0.00677,0.00748,0.00392,0.00081
2009-05-05,-0.00367,-0.00297,0.00353,0.00923,0.00191,5e-05
2009-05-06,0.01761,0.02199,0.00274,0.01289,-0.00364,0.0053
2009-05-07,-0.01325,0.00747,-0.0047,0.002,-0.02541,-0.00033
2009-05-08,0.02379,0.01791,0.00098,0.00044,0.00165,-0.00118
2009-05-11,-0.02139,-0.00446,0.01195,-0.0037,0.01482,0.00641
2009-05-12,-0.00093,0.0072,0.00329,-0.00267,0.0036,0.00249
2009-05-13,-0.02684,-0.00789,0.00308,-0.00301,0.01201,0.00243
2009-05-14,0.01042,0.00522,-0.00154,0.0013,0.00242,0.00182
2009-05-15,-0.0113,-0.02715,0.00013,0.00019,-0.00327,0.00438
2009-05-18,0.03003,0.02277,-0.00722,0.00271,-0.01415,0.00051
2009-05-19,-0.00156,0.0037,0.0022,0.00544,-0.00452,0.00019
2009-05-20,-0.00507,0.0174,0.00425,0.00666,0.00807,0.00542
2009-05-21,-0.0166,-0.00792,-0.00995,-0.00574,-0.02346,-0.00811
2009-05-22,-0.00148,0.01127,-0.00045,-0.001,-0.01273,-0.00121
2009-05-26,0.02596,0.00474,0.00221,0.00133,-0.00747,0.00023
2009-05-27,-0.01896,0.0072,-0.01502,0.00192,-0.02455,-0.0042
2009-05-28,0.01547,0.01574,0.01021,-0.00188,0.0113,-0.00267
2009-05-29,0.01348,0.01705,0.02293,0.005,0.02943,0.0149
2009-06-01,0.02553,0.03037,-0.00396,0.00735,-0.03576,-0.00961
2009-06-02,0.00198,0.00095,-0.00365,0.00058,0.01297,0.00966
2009-06-03,-0.01363,-0.03096,0.01275,-0.00051,0.00717,-0.00023
2009-06-04,0.01161,0.03162,-0.01012,-0.00106,-0.02289,-0.00985
2009-06-05,-0.00246,-0.00593,-0.00693,-0.00011,-0.00949,-0.00398
2009-06-08,-0.0008,-0.00527,0.00591,-0.00248,0.00373,-0.00286
2009-06-09,0.00355,0.01492,0.00848,0.00314,-0.00209,0.00511
2009-06-10,-0.00344,-0.00304,-0.00592,-0.00146,-0.01386,0.00093
2009-06-11,0.00635,0.00972,0.00852,0.00277,0.01002,0.00126
2009-06-12,0.00143,-0.01592,0.0077,0.00178,0.00854,-0.00135
2009-06-15,-0.02405,-0.0182,0.00195,-0.00214,0.01235,0.00126
2009-06-16,-0.0128,-0.00364,0.01383,-0.00211,0.00788,-0.00201
2009-06-17,-0.00136,0.0073,-0.00378,-0.00673,0.00585,-0.00136
2009-06-18,0.00852,-0.00305,-0.02014,-0.00364,-0.02338,-0.0045
2009-06-19,0.00311,-0.00968,0.01291,0.00162,0.01418,0.00666
2009-06-22,-0.03092,-0.02937,0.00736,-0.00509,0.0149,0.00163
2009-06-23,0.00232,0.01335,0.00081,-0.00089,0.00859,0.00512
2009-06-24,0.00653,-0.0005,-0.00242,0.00524,-0.00752,-0.0054
2009-06-25,0.02122,0.00805,0.01267,0.00445,0.01487,0.00554
2009-06-26,-0.00127,-0.00861,-0.03564,0.00548,0.0043,-0.00028
2009-06-29,0.00905,0.01094,0.02991,0.00484,-0.00049,0.00218
2009-06-30,-0.00848,-0.02263,-0.00111,0.00091,-0.00165,0.00665
2009-07-01,0.00446,0.00094,0.00111,0.00239,-0.00493,-0.00295
2009-07-02,-0.02955,-0.02202,0.00345,-0.00148,0.00575,-0.00282
2009-07-06,0.00258,-0.02756,-0.00092,-0.00167,-0.00353,-0.00213
2009-07-07,-0.01987,-0.01012,0.00135,0.0004,0.00615,0.00195
2009-07-08,-0.00107,-0.02301,0.00668,-0.00167,0.02233,0.00545
2009-07-09,0.00355,0.01092,-0.0011,0.00268,-0.02377,-0.01101
2009-07-10,-0.00404,-0.0081,0.00385,0.00047,0.01753,0.00418
2009-07-13,0.02474,0.00166,0.00116,0.00036,-0.00486,-0.00246
2009-07-14,0.0053,0.00116,-0.00623,0.00199,-0.01761,-0.00065
2009-07-15,0.02923,0.02224,-0.00849,0.00191,-0.0208,-0.00186
2009-07-16,0.00864,0.00577,0.00499,0.00259,0.00544,0.00455
2009-07-17,-0.00038,0.01659,-0.00123,0.0028,-0.01256,-9e-05
2009-07-20,0.01137,0.01249,0.00669,0.00211,0.00978,0.00707
2009-07-21,0.00363,-0.00224,0.00719,0.00204,0.0146,0.00152
2009-07-22,-0.00035,0.00779,-0.00097,0.00264,-0.01441,-0.00401
2009-07-23,0.02303,0.0223,-0.00585,0.00309,-0.01957,-0.00453
2009-07-24,0.00304,-0.00136,0.00518,0.00163,0.00666,0.00037
2009-07-27,0.00297,0.0019,-0.00091,0.00174,-0.00875,-0.00144
2009-07-28,-0.0026,-0.01063,0.00328,0.00053,0.00848,-0.00084
2009-07-29,-0.00444,-0.02448,0.00176,-0.00039,0.0086,0.00037
2009-07-30,0.01195,0.03605,0.0055,0.00318,0.00792,0.00436
2009-07-31,0.00073,0.01555,0.01281,0.00422,0.02203,0.00572
2009-08-03,0.01523,0.02456,-0.00095,0.00798,-0.0173,-0.00692
2009-08-04,0.00303,0.00576,-0.00155,0.00556,-0.00683,-0.00181
2009-08-05,-0.00257,0.00569,-0.00209,0.00304,-0.01383,9e-05
2009-08-06,-0.0055,-0.01585,0.00245,-0.0018,0.00714,-0.00144
2009-08-07,0.01336,-0.01254,-0.00406,0.00076,-0.01304,0.00139
2009-08-10,-0.00332,-0.00066,0.00686,-0.00183,0.01323,0.00403
2009-08-11,-0.01245,-0.01192,0.0032,-0.00344,0.01002,0.00277
2009-08-12,0.01182,0.00711,-0.00184,-0.00108,-0.00952,-0.00272
2009-08-13,0.00693,0.0041,0.00249,0.00229,0.01661,0.00452
2009-08-14,-0.00856,-0.02319,0.00708,0.00066,0.00322,-0.00212
2009-08-17,-0.02434,-0.01162,-0.00047,-0.00208,0.00939,0.00377
2009-08-18,0.01027,0.01548,-0.00094,0.00281,-0.00288,0.00174
2009-08-19,0.00697,0.01122,0.0,0.00114,0.01093,0.00557
2009-08-20,0.01094,-0.01237,0.00182,0.00104,0.00723,0.00509
2009-08-21,0.01863,0.00747,-0.00212,0.00373,-0.0186,-0.00468
2009-08-24,-0.00054,0.00521,0.00347,0.00234,0.01203,0.00277
2009-08-25,0.00237,-0.01875,0.00357,0.00014,0.00864,-0.0015
2009-08-26,0.00022,-0.00205,0.00292,-0.001,0.00488,0.00159
2009-08-27,0.00289,0.00665,0.0,-0.00038,-0.00478,-0.00186
2009-08-28,-0.00185,0.00142,0.00105,0.00114,0.00307,-0.00178
2009-08-31,-0.00807,-0.02047,0.00204,-0.00165,0.00336,0.00023
2009-09-01,-0.02233,-0.01911,0.00012,-0.00028,-0.00163,0.00237
2009-09-02,-0.00305,-0.00188,0.00232,0.00182,0.0144,0.00263
2009-09-03,0.00857,-0.00021,0.00075,0.00391,-0.00695,0.00027
2009-09-04,0.0131,-0.00602,-0.00325,0.0026,-0.01866,0.0
2009-09-08,0.00896,0.02044,-0.00087,0.00695,-0.00591,0.00159
2009-09-09,0.00781,0.00063,-0.00122,0.002,-0.00345,0.00095
2009-09-10,0.01038,0.00252,0.00806,0.00291,0.0258,0.00582
2009-09-11,-0.00115,-0.011,0.00283,0.00559,0.00015,0.00036
2009-09-14,0.00634,-0.00452,0.00023,0.00248,-0.00696,-0.00126
2009-09-15,0.00314,0.02318,-0.00046,0.00738,-0.00694,0.00022
2009-09-16,0.01523,0.01271,0.00063,0.01042,-0.00051,0.00211
2009-09-17,-0.00292,0.00163,0.00494,0.00122,0.01378,-4e-05
2009-09-18,0.00265,-0.00973,-0.00057,-0.00151,-0.00886,-0.00414
2009-09-21,-0.00341,-0.02258,-0.00103,-0.00175,-0.00156,-0.00203
2009-09-22,0.00658,0.01676,0.00138,0.00231,0.00649,0.0032
2009-09-23,-0.01011,-0.01489,0.00149,0.00135,0.00285,0.00148
2009-09-24,-0.00942,-0.02053,0.00114,-0.00309,0.00272,-4e-05
2009-09-25,-0.00611,-0.00849,0.00171,-0.00168,0.01311,0.00207
2009-09-28,0.01783,0.00801,0.00239,0.00059,0.00716,0.00202
2009-09-29,-0.00221,-0.00017,0.00154,0.00323,0.00298,0.00067
2009-09-30,-0.00324,0.03277,-0.00222,0.00541,-0.00371,0.00259
2009-10-01,-0.02609,-0.00499,-6e-05,-0.00141,0.01389,0.00419
2009-10-02,-0.00448,-0.01363,-0.00148,0.00059,-0.00758,-0.00329
2009-10-05,0.01478,0.00359,0.00051,0.00925,-0.00153,0.00018
2009-10-06,0.01363,0.01665,6e-05,0.00508,-0.00549,0.00027
2009-10-07,0.00323,-0.00524,0.00165,0.00045,0.01049,0.00436
2009-10-08,0.00744,0.02722,0.00182,0.00547,-0.01601,-0.00267
2009-10-09,0.00565,-0.00077,-0.00782,-0.00045,-0.02157,-0.00428
2009-10-13,0.00165,0.03144,-0.00178,-0.00019,0.0122,0.00828
2009-10-14,0.01743,0.0054,-6e-05,0.00154,-0.01941,-0.00417
2009-10-15,0.00414,0.01111,-0.00454,-0.00385,-0.00635,-0.0004
2009-10-16,-0.00813,0.0035,0.00069,-0.00023,0.01138,0.00382
2009-10-19,0.00935,0.01329,0.00311,-0.00039,0.0047,0.00553
2009-10-20,-0.00623,-0.00464,0.00538,0.0009,0.00951,0.0026
2009-10-21,-0.00875,0.02515,0.0004,-0.00367,-0.01109,-0.00551
2009-10-22,0.01066,-0.00328,-0.00177,-0.00323,-0.00272,-0.00443
2009-10-23,-0.01225,-0.00131,-0.00023,-0.00019,-0.00611,-0.00156
2009-10-26,-0.01178,-0.01392,-0.00235,-0.0049,-0.01157,-0.00303
2009-10-27,-0.00332,-0.00143,-0.00046,-0.00643,0.01307,0.00645
2009-10-28,-0.0196,-0.02608,0.00515,-0.00526,0.00746,0.00173
2009-10-29,0.02235,0.0253,-0.00046,0.00424,-0.01626,-0.00191
2009-10-30,-0.02846,-0.02558,0.00097,0.00406,0.01849,0.00606
2009-11-02,0.00644,0.01726,0.00074,-0.00353,-0.00543,0.00071
2009-11-03,0.00243,0.01237,-0.00314,-0.00424,-0.01069,-0.0019
2009-11-04,0.0014,0.00542,-0.00361,0.00243,-0.01566,-0.00057
2009-11-05,0.01916,-0.01082,-0.00218,0.00161,0.00439,0.00449
2009-11-06,0.00263,-0.01731,0.00172,0.00219,0.00311,0.00193
2009-11-09,0.02224,0.01695,0.00275,0.00665,-0.00074,0.00534
2009-11-10,0.00019,-0.04936,0.00057,0.00276,-0.0019,-0.00179
2009-11-12,-0.00516,0.0379,0.00057,0.00146,0.00496,-0.00144
2009-11-13,0.00573,-0.00075,0.00189,0.0011,0.00506,0.00236
2009-11-16,0.01456,0.02981,0.00518,0.00207,0.01573,0.00757
2009-11-17,0.00104,0.00343,0.00391,0.00145,0.00093,0.00147
2009-11-18,-0.00031,-0.00091,0.00023,0.00212,-0.00785,0.00026
2009-11-19,-0.01351,-0.01303,-0.00062,-0.00257,0.00247,0.0003
2009-11-20,-0.00304,-0.00116,-0.00045,0.00039,-0.00111,-0.00017
2009-11-23,0.01357,0.00225,-0.00045,0.00241,0.00146,0.00169
2009-11-24,-0.00047,-0.01145,0.00147,0.00132,0.00478,0.00117
2009-11-25,0.00463,0.02546,0.00237,0.00228,0.00345,0.00263
2009-11-27,-0.01714,-0.00788,0.00203,-0.00617,0.00543,0.00159
2009-11-30,0.00388,0.00866,0.00158,-0.0031,0.00164,0.0018
2009-12-01,0.01205,0.00869,-0.00124,0.00352,-0.01196,-0.00172
2009-12-02,0.00047,-0.00782,-0.00079,-0.00132,-0.00018,-0.00198
2009-12-03,-0.0084,0.00101,-0.00316,-0.00152,-0.00865,-0.00341
2009-12-04,0.0055,-0.0122,-0.00232,0.0,-0.01352,-0.0082
2009-12-07,-0.00243,-0.00579,-0.0017,0.00174,0.00256,0.00118
2009-12-08,-0.01018,-0.01089,0.00345,-0.00071,0.00399,0.00096
2009-12-09,0.00377,-0.02148,0.00158,-0.00107,-0.00429,-0.00414
2009-12-10,0.00592,0.00275,-0.00124,0.00045,-0.01269,-0.00359
2009-12-11,0.00384,0.00279,-0.0017,0.00171,-0.0008,-4e-05
2009-12-14,0.00697,0.00624,0.00096,0.00286,0.00324,0.00354
2009-12-15,-0.00556,-0.00234,0.00023,-0.00103,-0.00871,-0.00114
2009-12-16,0.00114,0.01522,-0.00153,0.00026,0.00073,0.0021
2009-12-17,-0.01184,-0.01198,0.00418,-0.00068,0.01866,0.00557
2009-12-18,0.00582,0.00428,0.00501,3e-05,-0.0065,-0.00243
2009-12-21,0.01046,-0.00733,-0.00275,-0.00035,-0.01658,-0.00479
2009-12-22,0.00358,0.00211,-0.00746,-0.00058,-0.00541,-0.00192
2009-12-23,0.00251,0.01867,-0.00062,0.00019,-8e-05,-0.00188
2009-12-24,0.00524,0.00374,-0.00187,0.0,-0.0123,-0.00307
2009-12-28,0.00129,0.01462,-0.00199,-0.00064,-0.00216,-0.00026
2009-12-29,-0.00123,0.00141,-0.00063,0.00084,0.00862,0.00303
2009-12-30,0.00029,6e-05,0.00103,-0.00016,0.00737,0.00298
2009-12-31,-0.01009,-0.00176,0.0025,0.00045,-0.00557,-0.00293
2010-01-04,0.01596,0.02167,0.00045,0.0035,-0.00297,0.00162
2010-01-05,0.00312,0.0014,0.00312,0.00419,0.0103,0.00411
2010-01-06,0.00098,0.01827,0.00457,0.00048,-0.01231,-0.0007
2010-01-07,0.00405,-0.01168,-0.0009,-0.00032,-0.00229,0.00109
2010-01-08,0.00288,-0.00088,-6e-05,0.00048,-0.00029,0.00187
2010-01-11,0.00174,-0.00185,-6e-05,0.00376,-0.00441,-0.00144
2010-01-12,-0.00943,-0.02224,0.00287,0.00143,0.01654,0.00482
2010-01-13,0.00839,-0.00103,0.00197,-0.00273,-0.01259,-0.00548
2010-01-14,0.00244,-0.00279,-0.00129,-0.00156,0.01277,0.00257
2010-01-15,-0.01084,-0.01309,0.00432,0.00032,0.00763,0.00204
2010-01-19,0.01242,0.00403,-0.00062,0.00092,-0.00322,-0.0013
2010-01-20,-0.0105,-0.01409,-0.00017,-0.00029,0.00924,0.00325
2010-01-21,-0.0191,-0.01147,0.00263,-0.00357,0.00562,0.00212
2010-01-22,-0.0224,-0.01336,0.0005,-0.00237,-0.00021,-0.00143
2010-01-25,0.00461,0.00569,-0.00145,0.00269,-0.00625,-0.00191
2010-01-26,-0.0042,-0.00823,-0.00235,-0.00141,-0.00164,0.00143
2010-01-27,0.00491,-0.01675,-0.00045,-0.00202,0.00226,-0.00238
2010-01-28,-0.0118,-0.00456,-0.00151,-0.00234,-0.00208,0.0013
2010-01-29,-0.00987,-0.00789,0.00034,-0.00013,0.00946,0.00437
2010-02-01,0.01416,0.01561,0.00247,0.00023,-0.00878,0.00052
2010-02-02,0.0129,0.0235,-0.0023,0.00138,0.00288,0.00103
2010-02-03,-0.00515,-0.01008,-6e-05,-0.00064,-0.01248,-0.00302
2010-02-04,-0.03161,-0.03141,-0.00112,-0.00515,0.0138,0.00229
2010-02-05,0.00289,-0.02302,0.00163,-0.00259,0.00844,-0.00177
2010-02-08,-0.00857,0.01117,0.00123,0.00071,-0.00425,-0.00247
2010-02-09,0.01299,0.01704,-0.00353,0.00019,-0.00699,-0.00212
2010-02-10,-0.00198,0.00283,-0.00349,0.00204,-0.0106,-0.00383
2010-02-11,0.00977,0.01417,-0.00401,0.00338,-0.00651,-0.00262
2010-02-12,-0.00254,-0.01046,-0.00096,-0.00129,0.00361,0.00127
2010-02-16,0.01797,0.03053,0.00266,0.00045,0.00323,0.002
2010-02-17,0.0044,-0.00345,0.0,0.00122,-0.01196,-0.00209
2010-02-18,0.00664,0.00757,-0.00334,-0.00029,-0.00608,-0.00153
2010-02-19,0.00234,0.00564,-0.00034,0.0009,0.00828,-0.00149
2010-02-22,-0.00103,-0.00245,0.00289,0.00202,-0.00404,-0.00276
2010-02-23,-0.01218,-0.0173,0.00226,-0.0009,0.0155,0.00298
2010-02-24,0.00987,0.00915,0.00445,0.00311,-0.00031,-0.00105
2010-02-25,-0.00184,-0.01877,0.00084,0.00335,0.00853,0.00136
2010-02-26,0.00144,0.01716,0.00381,0.00655,0.00877,0.00166
2010-03-01,0.01013,-0.00964,0.00318,0.00525,-0.00444,0.0
2010-03-02,0.00233,0.01016,0.00011,0.00085,-0.00163,0.00044
2010-03-03,0.00058,0.0121,6e-05,-0.00054,-0.00249,0.00031
2010-03-04,0.00375,-0.01126,0.00084,0.00211,0.00472,0.00174
2010-03-05,0.01394,0.01062,-0.00067,0.0032,-0.01249,-0.00231
2010-03-08,1e-05,0.0007,-0.00145,0.0035,-0.00525,-0.00048
2010-03-09,0.00176,-0.00789,-0.00033,0.00218,-0.001,-0.00031
2010-03-10,0.00464,0.00013,0.00022,0.00187,-0.00153,0.0
2010-03-11,0.00437,-0.00445,-0.00067,-9e-05,0.00477,0.0007
2010-03-12,-0.0002,-0.00462,0.00128,0.00351,0.00453,0.00235
2010-03-15,0.00047,-0.01216,0.00206,0.00115,-0.00021,0.00048
2010-03-16,0.00776,0.01293,0.00134,0.0009,0.00709,0.00339
2010-03-17,0.00582,0.01249,0.00438,0.00389,0.00319,0.00186
2010-03-18,-0.00031,-0.0045,0.00149,-0.00148,-0.00254,-0.00252
2010-03-19,-0.00511,-0.01335,-0.00122,-0.00028,0.0014,-0.00256
2010-03-22,0.00511,-0.00122,0.00039,-0.00105,0.0021,0.00091
2010-03-23,0.00726,-0.00369,0.00094,0.00117,-0.00402,-0.00043
2010-03-24,-0.0055,-0.0079,-0.00188,-0.00167,-0.01929,-0.00799
2010-03-25,-0.0017,-0.00431,-0.00856,-0.0009,-0.00853,-0.00246
2010-03-26,0.00074,-0.00224,-0.00173,-0.00077,0.00421,0.00277
2010-03-29,0.00585,0.01981,0.00257,0.00022,-0.00096,-9e-05
2010-03-30,0.00015,0.00447,0.00022,0.00139,0.00067,-0.00031
2010-03-31,-0.00326,0.00216,0.00178,0.00074,0.00671,0.00582
2010-04-01,0.00742,0.01473,-0.00039,0.00105,-0.00164,-0.00144
2010-04-05,0.00793,0.01002,-0.00134,0.00111,-0.01754,-0.00728
2010-04-06,0.00169,-0.00401,-0.0038,0.00012,-0.00011,0.00316
2010-04-07,-0.00546,0.0087,0.00185,0.0008,0.01566,0.00869
2010-04-08,0.0034,-0.00635,0.0048,0.00037,-0.0021,-0.00152
2010-04-09,0.00666,0.00495,-0.00033,0.00089,0.00215,0.00039
2010-04-12,0.00179,0.00023,0.00333,0.00289,0.00745,0.00282
2010-04-13,0.00076,0.00138,0.00277,0.00208,0.00493,0.00156
2010-04-14,0.0111,0.01215,0.00166,0.00333,-0.00831,-0.0013
2010-04-15,0.00084,0.00209,-0.00055,0.00289,-0.00061,0.00178
2010-04-16,-0.01626,-0.01548,0.00243,-0.00149,0.00881,0.00346
2010-04-19,0.00453,-0.01542,0.00154,-0.00055,-0.00404,-0.00251
2010-04-20,0.00804,0.00866,-0.00077,0.00189,0.00407,0.00125
2010-04-21,-0.00101,0.0051,0.00248,0.0,0.01016,0.00414
2010-04-22,0.00231,0.00113,0.00143,-0.00277,-0.00395,-0.0025
2010-04-23,0.00709,0.00728,-0.00258,-0.0004,-0.00459,-0.00039
2010-04-26,-0.00429,-0.00301,-0.0005,0.00082,-0.00099,-0.00017
2010-04-27,-0.02365,-0.01443,0.00214,-0.0059,0.01766,0.00645
2010-04-28,0.00662,0.00231,-0.00066,-0.0032,-0.01177,-0.00232
2010-04-29,0.01294,0.00482,-0.00033,0.00258,0.00741,0.0066
2010-04-30,-0.01678,0.01065,0.00422,0.00061,0.01015,0.00252
2010-05-03,0.01304,0.00304,0.00197,0.00074,-0.00261,-0.00273
2010-05-04,-0.02412,-0.02638,0.00027,-0.00504,0.01662,0.00277
2010-05-05,-0.00625,-0.01959,0.00213,-0.00699,0.00713,0.00132
2010-05-06,-0.03276,-0.02069,0.00169,-0.01217,0.03681,0.00877
2010-05-07,-0.01542,-0.00575,-0.00201,-0.00488,-0.01924,-0.00843
2010-05-10,0.04306,0.01488,-0.00547,0.01584,-0.01914,-0.00145
2010-05-11,-0.0032,0.00112,-0.00165,0.00208,-0.00193,0.00106
2010-05-12,0.01398,0.00882,-5e-05,0.00547,-0.00746,0.002
2010-05-13,-0.01216,-0.0061,0.00038,0.00259,0.00197,-0.0003
2010-05-14,-0.01897,-0.03009,0.00274,-0.0033,0.02265,0.00394
2010-05-17,0.00129,-0.02744,0.00312,-0.00235,-0.00383,-0.00403
2010-05-18,-0.01412,0.00098,0.00164,-0.00142,0.01449,0.00673
2010-05-19,-0.00505,-0.01393,0.00136,-0.00553,0.00224,-0.00779
2010-05-20,-0.03966,-0.01236,-0.00033,-0.00847,0.01553,-0.00196
2010-05-21,0.01492,0.00295,0.00065,-0.00082,0.01024,0.00353
2010-05-24,-0.01297,0.00247,0.00065,0.00317,-0.00684,-0.00144
2010-05-25,0.00035,-0.01542,-0.0031,-0.0084,0.00928,-0.00174
2010-05-26,-0.00548,0.01984,-0.00218,0.00702,-0.00976,-0.00038
2010-05-27,0.0327,0.02384,-0.00504,0.00622,-0.01991,-0.00213
2010-05-28,-0.01243,-0.00856,-0.00099,0.00065,0.00453,0.00222
2010-06-01,-0.01727,-0.01298,0.00115,-0.00084,0.00231,-0.0006
2010-06-02,0.02567,0.00275,-0.00132,0.00274,-0.00503,-0.00081
2010-06-03,0.00408,0.009,-0.00187,0.00245,-0.00795,0.0017
2010-06-04,-0.03498,-0.02723,0.00176,-0.00613,0.02845,0.00586
2010-06-07,-0.01357,0.00291,0.0069,-0.00137,-0.00117,-0.00042
2010-06-08,0.01106,0.00316,0.00049,-0.00219,0.00503,-0.00021
2010-06-09,-0.0059,0.00998,0.00033,0.00431,-0.00427,-0.00131
2010-06-10,0.02908,0.00759,-0.00251,0.00339,-0.01892,-0.00523
2010-06-11,0.00473,-0.00042,-0.00631,0.00143,0.01727,0.00489
2010-06-14,-0.00179,0.00999,0.00357,0.0026,-0.0101,-0.00127
2010-06-15,0.02323,0.01204,-0.00154,0.0026,-0.0047,-0.0003
2010-06-16,-0.00053,0.00447,-0.00022,0.00278,0.00496,0.00127
2010-06-17,0.00142,0.00179,0.004,0.00341,0.01305,0.00664
2010-06-18,0.00132,-0.00391,0.00426,0.00361,-0.00411,-0.00224
2010-06-21,-0.00385,0.00221,0.00071,0.00226,-0.00276,0.00089
2010-06-22,-0.01606,-0.00627,0.00147,-0.00012,0.01065,0.00447
2010-06-23,-0.00297,-0.01424,0.00412,-0.00012,0.00686,-0.00118
2010-06-24,-0.01694,0.00239,0.00179,-0.00156,-0.00508,-0.00126
2010-06-25,0.00286,0.01432,-0.00124,0.00021,0.00284,0.00114
2010-06-28,-0.00184,-0.00708,0.00367,0.0025,0.00951,0.00185
2010-06-29,-0.03147,-0.0267,0.00361,-0.00186,0.01053,0.00109
2010-06-30,-0.01005,0.00527,0.00284,0.00012,0.00626,-0.00084
2010-07-01,-0.00319,-0.01823,0.0015,-0.00183,0.00725,-0.00252
2010-07-02,-0.00464,-0.00467,0.00075,0.00131,-0.01214,-0.00426
2010-07-06,0.00534,0.00233,-0.00182,0.00247,0.00908,0.00051
2010-07-07,0.03133,0.01912,0.00294,0.00395,-0.01026,-0.00305
2010-07-08,0.0094,0.00897,-0.00187,0.00373,-0.00753,0.00229
2010-07-09,0.00718,0.00498,-0.00134,0.00196,-0.00625,-0.00076
2010-07-12,0.00076,-0.01108,-0.00032,0.00184,0.00012,0.00144
2010-07-13,0.01534,0.01725,0.00011,0.00328,-0.00984,-0.00212
2010-07-14,-0.00014,-0.00071,-0.00027,0.0015,0.01139,0.00309
2010-07-15,0.00119,0.00518,0.00625,0.00231,0.01061,0.0016
2010-07-16,-0.02921,-0.00959,0.00436,0.00161,0.00292,-0.00393
2010-07-19,0.00598,-0.00121,0.00228,0.00087,-0.00538,-0.00373
2010-07-20,0.01138,0.00507,-0.00116,0.00232,0.00446,0.00157
2010-07-21,-0.01276,0.00115,0.00291,0.00351,0.01041,0.0044
2010-07-22,0.02229,0.01981,0.00269,0.00432,-0.00815,0.00072
2010-07-23,0.00819,-0.00487,-0.00375,0.00207,-0.01171,-0.00355
2010-07-26,0.01115,0.00018,0.00058,0.00324,0.0,0.00064
2010-07-27,-0.00105,-0.01222,0.00048,0.00164,-0.00977,-0.00064
2010-07-28,-0.00688,0.00637,0.00026,-0.00044,0.00212,0.00228
2010-07-29,-0.00401,0.01402,0.00285,0.0022,-0.00115,0.00097
2010-07-30,6e-05,0.01338,0.00284,0.0012,0.01756,0.00652
2010-08-02,0.0218,0.01832,0.00335,0.00522,-0.01438,-0.00029
2010-08-03,-0.0048,0.00422,-0.00084,0.00409,0.0038,0.00523
2010-08-04,0.00638,0.00727,0.00183,0.00148,-0.00378,-0.0033
2010-08-05,-0.00122,-0.00615,-0.00058,0.00098,0.00125,0.00251
2010-08-06,-0.0036,-0.01102,0.00266,0.00335,0.01021,0.00154
2010-08-09,0.00549,0.00316,0.00354,0.00678,-0.00072,-0.00058
2010-08-10,-0.00596,-0.01076,-0.0001,0.00011,-0.00328,0.00645
2010-08-11,-0.02808,-0.01807,0.00078,0.00026,0.01863,0.00124
2010-08-12,-0.00525,-0.00732,0.00228,-0.00092,-0.00172,-0.00586
2010-08-13,-0.004,-0.00204,-0.00052,0.0006,0.01025,0.00075
2010-08-16,0.00017,-0.00241,0.00646,0.00126,0.02498,0.00494
2010-08-17,0.01241,0.01331,0.00355,0.00561,-0.00778,-0.00386
2010-08-18,0.00162,-0.00333,-0.00046,0.0053,0.00601,-0.00108
2010-08-19,-0.01707,-0.01084,0.00384,0.00246,0.01255,0.00112
2010-08-20,-0.00367,-0.00797,0.00077,0.00045,-0.00028,-0.00092
2010-08-23,-0.00403,-0.00426,-0.00179,0.00166,-0.00057,-0.00096
2010-08-24,-0.0146,-0.01102,0.00246,-0.00443,0.01672,0.00428
2010-08-25,0.00339,0.00224,0.0025,-0.00377,-0.00173,-0.00075
2010-08-26,-0.00768,0.01401,-0.00179,-0.00094,0.00745,0.00505
2010-08-27,0.01671,0.01472,-0.00261,-0.00358,-0.02812,-0.00592
2010-08-30,-0.01463,0.00061,-0.00405,-0.00108,0.01658,0.00386
2010-08-31,0.00043,-0.01219,0.00451,0.0,0.01165,0.00363
2010-09-01,0.02919,0.01646,-0.00046,0.00305,-0.02139,-0.00455
2010-09-02,0.00911,0.00801,-0.00482,0.00054,-0.01046,-0.00149
2010-09-03,0.01316,0.00546,-0.00247,-0.00011,-0.00952,-0.00179
2010-09-07,-0.01147,0.00775,0.00113,-0.00265,0.01978,0.00588
2010-09-08,0.00664,0.00073,0.00314,-0.00291,-0.00911,-0.00232
2010-09-09,0.00482,-0.00397,-0.00257,-0.0016,-0.01992,-0.00294
2010-09-10,0.00487,0.00395,-0.00599,-0.0004,-0.00493,0.00104
2010-09-13,0.01143,0.00871,0.00166,0.00112,0.00473,0.00563
2010-09-14,-0.00071,0.00547,0.00531,0.00194,0.01019,0.00062
2010-09-15,0.00355,-0.00215,0.00093,0.00228,-0.01403,-0.00268
2010-09-16,-0.0002,-0.00449,-0.00365,0.0,-0.00807,-0.00319
2010-09-17,0.00083,0.00434,-0.00093,-0.00231,0.0021,-0.00091
2010-09-20,0.01512,0.0059,0.00186,0.00106,0.00711,0.00373
2010-09-21,-0.00255,-0.00904,0.00345,0.00068,0.01373,0.01184
2010-09-22,-0.00472,0.00397,0.00696,0.00398,0.00731,0.00314
2010-09-23,-0.00836,0.00324,0.00163,-0.00116,0.00159,-0.00314
2010-09-24,0.02097,0.01318,-0.00173,0.00224,-0.01038,-0.00278
2010-09-27,-0.00567,-0.00478,0.0,0.00331,0.01589,0.00197
2010-09-28,0.00502,-0.00101,0.00427,0.00192,0.00885,0.00782
2010-09-29,-0.00248,0.01287,0.00289,0.00515,-0.00711,-0.00651
2010-09-30,-0.00308,0.00513,-0.00157,0.00056,0.00094,-0.00336
2010-10-01,0.00443,0.00224,-0.00025,0.00118,-0.00587,0.00311
2010-10-04,-0.008,-0.00179,0.00142,0.00053,0.00234,0.00306
2010-10-05,0.02064,0.01848,0.00152,0.00319,-0.00324,0.00617
2010-10-06,-0.00016,0.00292,0.00384,0.00401,0.01144,0.00867
2010-10-07,-0.00164,-0.01058,0.00287,0.00208,-0.00802,-0.00225
2010-10-08,0.00611,0.02293,0.0005,0.00296,-0.00549,0.00618
2010-10-12,0.00396,0.00613,5e-05,0.00384,-0.00742,-0.0032
2010-10-13,0.00721,0.00779,-0.00342,0.00498,-0.00548,0.00532
2010-10-14,-0.00365,-0.00169,-0.00187,-0.00129,-0.01134,0.00406
2010-10-15,0.00202,-0.01149,-0.00623,-0.00371,-0.01618,-0.00758
2010-10-18,0.00724,0.01026,-0.00127,-0.00188,0.0125,0.0034
2010-10-19,-0.01601,-0.02666,0.0036,-0.00307,0.00361,0.00183
2010-10-20,0.01062,0.02094,0.00147,0.00042,0.00238,0.00028
2010-10-21,0.00183,-0.01503,0.00035,0.00033,-0.0085,-0.00155
2010-10-22,0.00238,0.00559,-0.00202,0.00083,0.00089,-0.00032
2010-10-25,0.00216,0.00992,0.00182,0.00406,0.00514,0.00398
2010-10-26,1e-05,0.00478,-0.00162,-0.00085,-0.01423,-0.00498
2010-10-27,-0.00256,-0.0048,-0.00426,-0.00199,-0.00771,-0.00544
2010-10-28,0.00121,0.00692,-0.00112,0.00174,-0.00218,0.00257
2010-10-29,-0.00043,-0.00356,0.00331,0.00113,0.00978,0.00288
2010-11-01,0.00095,0.00746,0.00233,0.00256,-0.00286,0.00211
2010-11-02,0.00773,0.00775,0.00167,0.00211,0.01375,0.00183
2010-11-03,0.00385,0.00241,0.00288,0.00137,-0.02088,-0.00211
2010-11-04,0.01927,0.02345,-0.00081,0.00641,0.00524,0.00255
2010-11-05,0.00398,0.00512,0.00388,-0.00147,-0.01263,-0.00203
2010-11-08,-0.00199,0.00191,-0.00191,-0.0044,-0.00194,-0.00056
2010-11-09,-0.00776,0.00769,-0.00272,-0.00376,-0.01808,-0.0066
2010-11-10,0.00457,-0.00362,-0.00633,-0.00672,0.00177,0.00172
2010-11-12,-0.01608,-0.04668,-0.00127,-0.00499,-0.00454,-0.00627
2010-11-15,-0.00115,0.00388,-0.00735,-0.00767,-0.01744,-0.01261
2010-11-16,-0.01606,-0.03525,-0.00622,-0.00762,0.01907,-0.00053
2010-11-17,0.00037,-0.00466,0.00376,0.00318,-0.00333,0.00216
2010-11-18,0.01525,0.02131,-0.00082,0.00135,-0.00106,-0.00163
2010-11-19,0.00259,-0.01269,0.0001,0.00067,0.00565,0.00245
2010-11-22,-0.00153,0.00037,0.00282,0.00079,0.00792,0.00467
2010-11-23,-0.01435,-0.0007,0.00333,-0.0027,0.0063,0.0015
2010-11-24,0.01487,0.01978,-0.00276,-0.00062,-0.02098,-0.00641
2010-11-29,-0.00836,0.00667,-0.00138,-0.00862,0.02368,0.00556
2010-11-30,-0.00603,-0.00921,0.00108,-0.00572,0.00753,-0.00288
2010-12-01,0.02153,0.02842,-0.00123,0.00379,-0.02226,-0.00664
2010-12-02,0.01275,0.00998,-0.00768,0.00346,-0.00408,-0.00016
2010-12-03,0.00265,0.00862,-0.00119,0.00385,-0.00773,-0.00102
2010-12-06,-0.00127,0.0005,0.00124,0.0015,0.01115,0.00535
2010-12-07,0.00053,4e-05,0.00119,-0.00037,-0.02839,-0.01142
2010-12-08,0.00395,0.00298,-0.01023,-0.00753,-0.00381,-0.00777
2010-12-09,0.00391,-0.00219,-0.00199,0.00043,0.00726,-0.00179
2010-12-10,0.00599,-0.0046,0.00089,-0.00111,-0.00414,-0.00229
2010-12-13,0.00021,0.01308,-0.0011,-0.00259,0.0038,0.00387
2010-12-14,0.00093,-0.00372,-0.00026,-0.00194,-0.02438,-0.01031
2010-12-15,-0.00511,-4e-05,-0.00825,-0.008,-0.00719,0.00435
2010-12-16,0.0062,-0.00641,-0.00254,-0.00601,0.00322,0.00292
2010-12-17,0.00084,0.00766,0.00517,0.00124,0.02754,0.00879
2010-12-20,0.00257,0.01123,0.00791,0.00243,-0.00722,-0.0019
2010-12-21,0.00616,0.00388,5e-05,0.00179,0.00489,0.00157
2010-12-22,0.00352,0.00543,0.00089,0.00181,-0.00312,-0.00074
2010-12-23,-0.00157,0.00362,-0.00141,0.00089,-0.00456,-0.00269
2010-12-27,0.00062,-0.00245,0.00016,-0.00055,0.00927,0.0017
2010-12-28,0.00078,0.00699,-0.00078,-3e-05,-0.02031,-0.00726
2010-12-29,0.00119,0.00323,-0.00131,0.0004,0.02227,0.00759
2010-12-30,-0.00148,-0.00947,0.00491,0.00118,-0.00362,-0.00219
2010-12-31,-0.00019,0.01308,0.00291,0.00086,0.01396,0.00447
2011-01-03,0.01129,0.00769,0.00321,0.00463,-0.00789,-0.00078
2011-01-04,-0.0013,-0.01364,-0.00052,0.007,-0.00663,0.00165
2011-01-05,0.00512,0.00974,-0.0041,-0.00375,-0.01775,-0.00488
2011-01-06,-0.00174,-0.0108,-0.00276,-0.00185,0.00279,0.00384
2011-01-07,-0.00185,-0.00484,0.00302,-0.00077,0.00737,0.0035
2011-01-10,-0.00138,0.01065,0.00363,-0.00106,0.00094,0.00246
2011-01-11,0.00372,0.01238,0.0,0.0018,0.00062,0.00094
2011-01-12,0.00907,0.0072,-0.00036,0.00182,-0.00535,0.00012
2011-01-13,-0.00171,-0.00168,0.00057,0.00111,0.00409,0.00094
2011-01-14,0.00739,0.00199,0.0014,-0.00023,-0.00573,-0.00291
2011-01-18,0.0014,0.00146,-0.00186,-0.00148,-0.00451,0.00041
2011-01-19,-0.01003,-5e-05,0.0,-0.00225,0.00603,0.00135
2011-01-20,-0.00129,-0.01057,-0.00197,-0.00412,-0.01511,-0.01113
2011-01-21,0.00243,0.00785,-0.00229,-0.00017,0.00771,0.00153
2011-01-24,0.00582,-0.00575,0.00218,0.00218,0.0031,0.00029
2011-01-25,0.00029,-0.01517,0.00285,0.00071,0.01406,0.00458
2011-01-26,0.00425,0.01986,0.00078,-0.00066,-0.02014,-0.00396
2011-01-27,0.00229,-0.00534,-0.00275,-0.00243,0.00635,0.00058
2011-01-28,-0.01798,0.01401,0.00212,-0.00739,0.00572,0.00338
2011-01-31,0.00763,0.01507,0.00134,0.00141,-0.00691,0.0
2011-02-01,0.01656,0.00606,-0.00269,0.00535,-0.00633,-0.00062
2011-02-02,-0.00255,0.00782,-0.00124,0.00112,-0.0043,-0.00421
2011-02-03,0.00249,-0.00739,-0.0027,-0.00212,-0.00331,-0.00302
2011-02-04,0.0029,-0.00482,-0.00375,-0.00178,-0.01168,-0.00516
2011-02-07,0.00623,-0.00116,-0.0023,-0.00193,0.00416,-0.00021
2011-02-08,0.00449,0.00415,0.00094,-0.0002,-0.00822,-0.00456
2011-02-09,-0.00267,0.00728,-0.00157,-0.00257,0.01089,0.00201
2011-02-10,0.00084,-0.00789,0.00225,-0.00252,-0.01192,-0.00566
2011-02-11,0.00563,-0.00426,-0.00157,-0.00128,0.00825,0.0026
2011-02-14,0.00259,0.00732,0.00287,-0.00067,0.00727,0.00239
2011-02-15,-0.00312,-0.01307,0.00177,-0.00157,5e-05,-4e-05
2011-02-16,0.00641,0.00822,5e-05,0.00255,-0.00094,-0.00096
2011-02-17,0.00316,0.00075,0.0012,0.00249,0.00203,0.00368
2011-02-18,0.00193,-0.00018,0.00109,6e-05,-0.00556,0.005
2011-02-22,-0.02073,0.00164,0.00223,-0.00098,0.01523,0.0091
2011-02-23,-0.00609,0.01805,0.00378,-0.00052,0.00123,0.00292
2011-02-24,-0.00075,-0.00362,-0.00047,0.00113,0.01031,0.00467
2011-02-25,0.01076,0.01634,0.00191,0.00324,0.00292,0.00094
2011-02-28,0.0056,0.00312,0.00242,0.00233,0.00446,-0.00029
2011-03-01,-0.01586,0.01242,0.00154,0.00109,0.00025,0.00363
2011-03-02,0.00178,0.00744,-0.00041,0.00195,-0.01031,-0.00049
2011-03-03,0.01711,-0.00025,-0.00521,0.0006,-0.01336,-0.00502
2011-03-04,-0.0074,0.00426,-0.00166,0.0012,0.0062,0.00612
2011-03-07,-0.00834,-0.0048,0.00197,0.00112,-0.00093,0.00146
2011-03-08,0.00907,-0.00699,-0.00093,0.00189,-0.00774,-0.00032
2011-03-09,-0.00121,0.00261,-0.00016,0.00088,0.00947,0.00223
2011-03-10,-0.01906,-0.01384,0.00418,-0.00023,0.01027,0.00441
2011-03-11,0.00737,-0.00797,0.00288,9e-05,-0.00109,-0.00182
2011-03-14,-0.00604,0.00073,0.00123,9e-05,0.00403,0.00153
2011-03-15,-0.01126,-0.04088,0.00241,-0.00214,0.00855,0.00093
2011-03-16,-0.01966,0.00872,0.00082,0.0002,0.01291,0.00651
2011-03-17,0.01334,0.03252,0.0025,0.00149,-0.0054,0.002
2011-03-18,0.0043,0.00292,-0.00056,0.00097,-0.00107,-0.0016
2011-03-21,0.01489,0.0077,-0.00077,0.00077,-0.002,-0.00265
2011-03-22,-0.00344,0.00799,-0.00128,-0.00023,0.00049,-0.00318
2011-03-23,0.00292,0.00192,0.00015,0.00088,-0.00066,-0.00197
2011-03-24,0.0093,0.00386,-0.0022,0.00068,-0.00395,0.00016
2011-03-25,0.00316,-0.00046,-0.00179,0.00034,-0.00549,-0.004
2011-03-28,-0.00275,-0.01085,-0.00226,-0.00077,0.00236,0.00061
2011-03-29,0.00725,0.00341,-0.00057,-0.0004,-0.00808,-0.00263
2011-03-30,0.00677,-0.00071,-0.0018,0.00051,0.00383,0.00231
2011-03-31,-0.00183,0.01849,0.00134,0.00125,0.00249,0.00186
2011-04-01,0.00496,0.005,0.00026,0.00321,0.00361,0.00367
2011-04-04,0.00047,0.00981,0.00201,0.00201,0.00037,0.00293
2011-04-05,-0.00017,0.00394,0.00128,-0.00037,-0.00422,-0.00068
2011-04-06,0.0026,0.00041,-0.00247,0.0013,-0.01145,-0.0054
2011-04-07,-0.00149,0.00192,-0.00144,-0.00045,-0.00594,0.00081
2011-04-08,-0.00401,0.02068,-0.00144,3e-05,-0.00095,0.00278
2011-04-11,-0.00278,-0.01159,0.0001,-0.00085,-0.00023,0.00097
2011-04-12,-0.0078,-0.0227,0.00247,-0.00125,0.00955,0.00525
2011-04-13,0.00029,0.00473,0.00216,0.00071,0.00443,0.0006
2011-04-14,0.0001,0.0001,0.00221,-0.00057,0.00163,0.00032
2011-04-15,0.00392,0.00837,0.00174,0.0019,0.01133,0.0047
2011-04-18,-0.01107,-0.00824,0.00403,-0.00221,0.00248,0.00131
2011-04-19,0.00574,0.0033,0.00132,0.00147,0.00454,0.00408
2011-04-20,0.01345,0.01457,0.00117,0.00178,-0.00408,-0.00436
2011-04-21,0.0053,0.0064,-0.00142,0.00045,-0.00331,-0.00247
2011-04-25,-0.00159,0.00201,0.00107,-0.00023,0.00275,0.0033
2011-04-26,0.00894,-0.00367,0.00234,0.00082,0.01002,0.00285
2011-04-27,0.0064,0.00037,0.00137,-0.00048,-0.01012,-0.00369
2011-04-28,0.00363,-0.00284,-0.00025,0.00434,0.00618,0.00408
2011-04-29,0.0023,0.01216,0.00344,0.0023,0.00299,0.00375
2011-05-02,-0.00175,-0.00583,0.00177,0.00146,0.00152,0.00051
2011-05-03,-0.00338,-0.01371,0.00181,0.00173,0.00698,0.0013
2011-05-04,-0.0067,-0.01635,0.00186,0.00131,0.00486,0.00197
2011-05-05,-0.00906,-0.06194,0.00221,0.00084,0.00789,-0.00138
2011-05-06,0.00393,-0.01245,0.0019,0.00159,-0.00246,-0.00031
2011-05-09,0.00455,0.03241,0.0011,0.0012,-0.00073,0.00232
2011-05-10,0.00806,0.01359,-0.00125,0.00083,-0.00546,-0.00177
2011-05-11,-0.01062,-0.03634,-0.0016,0.0005,0.00636,-0.00209
2011-05-12,0.00499,0.002,0.0011,0.00039,-0.0086,-0.00288
2011-05-13,-0.00806,0.00298,-0.0007,0.00094,0.00625,-0.00075
2011-05-16,-0.00616,-0.00928,0.00205,0.00119,0.00798,0.00138
2011-05-17,-0.00012,-0.00356,0.0024,0.00105,0.00752,-0.00095
2011-05-18,0.00895,0.02545,0.00015,0.00235,-0.00898,0.00099
2011-05-19,0.00226,-0.01156,-0.00304,0.0003,-0.00243,-0.00233
2011-05-20,-0.00772,0.00925,0.001,0.00011,0.00123,-0.00051
2011-05-23,-0.01198,-0.01325,0.0017,-0.00149,0.00438,0.00091
2011-05-24,-0.00082,0.01194,-0.00025,0.00014,0.00232,0.00336
2011-05-25,0.00325,0.01747,5e-05,-0.00111,-0.00371,0.00075
2011-05-26,0.00418,0.00041,5e-05,-0.00133,0.01006,0.00385
2011-05-27,0.00427,0.0075,0.00239,0.00108,-0.00231,-0.00228
2011-05-31,0.01055,0.00721,0.0006,0.0026,0.00379,0.00098
2011-06-01,-0.02294,-0.01234,0.00412,0.00221,0.0113,0.0049
2011-06-02,-0.00117,0.00581,-0.00089,0.00094,-0.01654,-0.00266
2011-06-03,-0.00973,0.00254,-0.00283,0.00126,0.00343,0.002
2011-06-06,-0.0108,-0.00859,-0.0002,-0.00047,-0.00483,0.0
2011-06-07,-0.00091,0.01059,-0.0009,0.00162,-0.00068,0.00035
2011-06-08,-0.00398,0.00625,0.00164,0.00058,0.00969,0.0018
2011-06-09,0.00736,0.00491,0.00079,0.00071,-0.002,-0.00184
2011-06-10,-0.01406,-0.00758,-0.00109,0.00036,0.0066,4e-05
2011-06-13,0.001,-0.00735,-5e-05,-0.00156,-0.00344,-0.00067
2011-06-14,0.01259,0.00445,-0.00289,0.00099,-0.01552,-0.00286
2011-06-15,-0.01756,-0.0295,-0.00249,-0.00132,0.01677,0.00692
2011-06-16,0.00192,-0.00148,0.00608,-0.00143,0.00694,-0.00039
2011-06-17,0.00305,-0.00442,0.00099,-0.0008,-0.00673,-0.00293
2011-06-20,0.00539,-0.00504,-0.00104,0.00055,9e-05,-0.00106
2011-06-21,0.01344,0.00234,-0.00055,0.00168,-0.00236,0.00086
2011-06-22,-0.00644,0.00767,0.00015,0.00091,0.00049,-0.00153
2011-06-23,-0.00283,-0.03154,0.00094,-0.00277,0.00968,0.00738
2011-06-24,-0.0118,-0.00626,0.00164,-0.00014,-0.00306,0.00342
2011-06-27,0.00914,-0.00174,-0.00129,0.00159,-0.01724,-0.0026
2011-06-28,0.01308,0.01867,-0.00522,0.00145,-0.00823,-0.00366
2011-06-29,0.00838,0.01777,-0.0054,0.00156,-0.00561,0.00199
2011-06-30,0.01007,-0.0039,-0.00075,0.00268,-0.00173,-0.00144
2011-07-01,0.01444,-0.00533,-0.00025,0.00044,-0.00343,-0.00168
2011-07-05,-0.00131,0.01394,0.00221,0.00052,0.00293,0.00316
2011-07-06,0.00138,-0.0013,0.0034,0.00033,0.00581,0.00268
2011-07-07,0.01045,0.02294,0.0003,0.00071,-0.00265,-8e-05
2011-07-08,-0.00698,-0.00201,0.00234,0.00112,0.01588,0.00519
2011-07-11,-0.01824,-0.00705,0.00699,-0.0012,0.0117,0.00547
2011-07-12,-0.00444,0.01074,0.0036,-0.00098,0.00217,0.002
2011-07-13,0.0032,0.01195,0.00034,0.00106,0.00237,0.00218
2011-07-14,-0.00672,-0.00682,-5e-05,0.00025,-0.0106,-0.00391
2011-07-15,0.00554,0.00657,-0.00335,-0.00022,-0.00114,0.0018
2011-07-18,-0.00813,-0.0041,0.00064,-0.00044,-0.00548,0.00172
2011-07-19,0.01617,0.00756,-0.00168,0.0018,0.01533,0.00363
2011-07-20,-0.00053,0.00222,0.00247,0.0015,-0.01094,-0.00493
2011-07-21,0.01354,-0.00492,-0.00257,0.00195,-0.00789,-0.0013
2011-07-22,0.00092,0.00978,-0.00054,0.00176,0.00875,0.00272
2011-07-25,-0.00565,-0.00446,0.00099,-0.00146,-0.00997,0.00145
2011-07-26,-0.00411,0.00655,-0.0003,0.00198,0.00811,0.00061
2011-07-27,-0.02047,-0.00582,0.00257,0.00259,-0.00044,0.00175
2011-07-28,-0.00314,-0.00321,0.00059,0.00339,0.00393,0.00399
2011-07-29,-0.00647,-0.00858,0.00521,0.00432,0.02012,0.01193
2011-08-01,-0.00414,-0.00193,0.00738,0.00577,0.01014,0.0027
2011-08-02,-0.02589,0.00292,0.00621,0.00399,0.02486,0.00534
2011-08-03,0.00536,-0.01568,0.00459,0.00135,0.00735,-0.0047
2011-08-04,-0.04895,-0.03648,0.00308,-0.00361,0.02527,0.005
2011-08-05,-0.00057,0.00209,-0.0013,-0.00589,-0.017,-0.00552
2011-08-08,-0.0688,-0.03128,-0.00245,-0.0101,0.02637,0.00879
2011-08-09,0.04634,-0.00596,-0.00178,-0.00444,0.01615,0.00842
2011-08-10,-0.04474,0.02118,0.00698,0.00295,0.00605,0.01504
2011-08-11,0.04543,0.01301,-0.00698,-0.00779,-0.04163,-0.01581
2011-08-12,0.00526,-0.00178,-0.01014,0.00462,0.0184,0.00415
2011-08-15,0.02162,0.01262,0.00453,0.00606,-0.00668,-0.00459
2011-08-16,-0.0096,-0.0016,-0.00141,0.00205,0.01637,0.00224
2011-08-17,0.00123,0.01103,0.00374,0.00673,0.01329,0.00139
2011-08-18,-0.04555,-0.02248,0.00454,-0.0004,0.02081,-0.00692
2011-08-19,-0.01512,0.01338,0.00024,0.00139,0.00822,0.00608
2011-08-22,0.00026,0.00421,-0.00179,-0.00059,-0.00138,0.00099
2011-08-23,0.03372,0.0071,-0.00494,-0.0034,-0.01297,-0.00847
2011-08-24,0.01317,-0.00743,-0.01024,-0.00274,-0.0235,-0.00914
2011-08-25,-0.01567,0.00601,-0.00462,0.00043,0.0044,0.0054
2011-08-26,0.01516,0.00839,0.00334,0.00048,0.00941,0.00134
2011-08-29,0.02802,0.00122,0.00034,0.00043,-0.01412,-0.00584
2011-08-30,0.00258,0.01557,0.00088,0.00298,0.0188,0.00625
2011-08-31,0.00503,0.00437,0.00791,0.00587,-0.01358,-0.00401
2011-09-01,-0.01186,-0.00879,0.00117,0.00093,0.01374,0.0086
2011-09-02,-0.02556,-0.00811,0.00717,0.00019,0.03427,0.00783
2011-09-06,-0.00744,-0.00413,0.00409,-0.00106,0.00918,-0.00587
2011-09-07,0.02849,0.01177,-0.0026,0.00258,-0.01646,-0.00199
2011-09-08,-0.01064,-0.00439,-0.00067,0.0008,0.0075,0.0046
2011-09-09,-0.02705,-0.01632,0.00053,-0.00279,0.01094,0.00275
2011-09-12,0.007,-0.00606,-0.00328,-0.0041,0.00208,-0.00216
2011-09-13,0.00943,0.00047,-0.00223,-0.00134,-0.01422,-0.00692
2011-09-14,0.01339,-0.00347,-0.00228,-0.00415,0.00331,-0.00133
2011-09-15,0.01722,0.00256,-0.00078,-0.00113,-0.00857,-0.00093
2011-09-16,0.00571,-0.00397,-0.00131,0.00032,0.00166,0.00155
2011-09-19,-0.00985,-0.01981,0.00248,-0.00509,0.02574,0.00369
2011-09-20,-0.00163,0.00524,0.00421,0.00078,-0.00269,0.00063
2011-09-21,-0.02979,-0.00771,0.00053,-0.00384,0.03154,0.00346
2011-09-22,-0.0324,-0.04525,0.00583,-0.01625,0.04288,-4e-05
2011-09-23,0.00619,-0.02345,-0.0013,-0.01119,-0.01604,-0.00611
2011-09-26,0.02307,-0.00056,-0.00971,-0.0107,-0.02312,-0.00578
2011-09-27,0.01064,0.02771,-0.00428,0.01061,-0.02004,-0.00208
2011-09-28,-0.02065,-0.02555,-0.00381,-0.00114,0.00511,0.00152
2011-09-29,0.00813,0.00305,0.00024,0.0037,0.01575,-0.00026
2011-09-30,-0.02528,-0.02569,0.00293,-0.00289,0.01407,-0.0035
2011-10-03,-0.02881,-0.00452,0.00496,-0.00131,0.02838,0.01164
2011-10-04,0.02237,-0.0154,-0.00321,-0.00759,-0.0002,0.00247
2011-10-05,0.01822,0.02137,-0.00356,0.00222,-0.02139,-0.00572
2011-10-06,0.01823,0.02093,-0.00367,0.0076,-0.01199,0.00044
2011-10-07,-0.00817,-0.00366,-0.00196,0.00239,-0.01191,-0.0017
2011-10-11,0.03411,0.03003,-0.00015,0.007,-0.01568,-0.00535
2011-10-12,0.0099,0.00316,-0.00098,0.009,-0.01732,-0.00328
2011-10-13,-0.00289,-0.00262,0.00197,0.00131,0.01269,0.00063
2011-10-14,0.01723,0.01955,0.00177,0.00392,-0.01223,-0.00075
2011-10-17,-0.01953,-0.00947,0.00274,0.00271,0.01337,0.00351
2011-10-18,0.02021,0.00333,0.00517,-0.00052,-0.00287,0.0016
2011-10-19,-0.01257,-0.01807,0.00321,0.00176,-0.00245,0.00193
2011-10-20,0.00457,-0.00322,0.00368,-0.00415,-0.0055,0.00033
2011-10-21,0.01866,0.00542,0.00101,0.00228,-0.00891,-0.00174
2011-10-24,0.01281,0.01704,0.00149,0.00182,-0.00359,0.00126
2011-10-25,-0.02025,0.00367,0.0026,0.00446,0.02292,0.00975
2011-10-26,0.01049,-0.0098,0.00742,0.00283,-0.01318,-0.00092
2011-10-27,0.03377,0.02918,-0.00478,0.01059,-0.03825,-0.00801
2011-10-28,0.00041,-0.00628,-0.00149,-0.00019,0.01678,0.00466
2011-10-31,-0.02505,-0.00873,0.00818,-0.00077,0.02541,0.00768
2011-11-01,-0.02834,-0.01062,0.00698,-0.00197,0.03423,0.01201
2011-11-02,0.01607,0.00091,0.00288,0.00288,-0.0056,0.00134
2011-11-03,0.01881,0.0125,-0.00057,0.00531,-0.0134,-0.00449
2011-11-04,-0.0063,0.00237,-0.00246,0.00135,0.00282,0.00496
2011-11-07,0.00636,0.01109,-0.00019,0.00053,0.01155,0.00519
2011-11-08,0.01227,0.00668,-0.00275,0.00177,-0.01542,-0.00707
2011-11-09,-0.03729,-0.0171,-0.00456,-0.00497,0.01934,0.00184
2011-11-10,0.00872,-0.00252,-0.00377,-0.00114,-0.01659,-0.00289
2011-11-14,0.00983,-0.00324,-0.00287,-0.00069,0.008,0.00065
2011-11-15,0.00499,0.00566,-0.00072,-0.0038,-0.00141,-0.00475
2011-11-16,-0.01647,0.0036,-0.00284,-0.00048,0.00752,-0.0027
2011-11-17,-0.01693,-0.02735,-0.00106,-0.0028,0.01389,0.00029
2011-11-18,-0.00033,-0.00434,-0.00077,-0.00206,-0.00415,-0.00033
2011-11-21,-0.01877,-0.00858,-0.00367,-0.00567,0.00996,-0.00026
2011-11-22,-0.00407,0.01084,-0.00257,-0.0007,0.00606,0.00051
2011-11-23,-0.0223,-0.01525,-0.00019,-0.00497,0.01498,0.00564
2011-11-28,0.02642,0.00485,-0.00526,-0.0006,-0.01525,0.00036
2011-11-29,0.00257,0.00998,-0.00024,0.00133,-0.00696,-0.00054
2011-11-30,0.04255,0.01167,-0.00103,0.00704,-0.0189,-0.00207
2011-12-01,-0.00188,-0.00122,-0.00166,0.00266,-0.01216,-0.00313
2011-12-02,-0.0002,0.00622,0.00405,0.00308,0.01723,0.00563
2011-12-05,0.01028,-0.00236,0.00888,0.00358,-0.00108,-0.00029
2011-12-06,0.00112,0.00487,0.0014,-0.00011,-0.011,-0.00276
2011-12-07,0.0023,-0.00999,-0.00126,0.0,0.01153,0.00058
2011-12-08,-0.02134,-0.00761,0.0028,-0.00107,0.00802,-0.00324
2011-12-09,0.01675,-0.00118,-0.00106,0.00016,-0.01827,-0.00197
2011-12-12,-0.01498,-0.01474,-0.00304,-0.00147,0.01054,0.00605
2011-12-13,-0.00853,0.01038,0.00179,0.00133,0.00863,0.00243
2011-12-14,-0.01131,-0.0398,0.00366,-0.00173,0.01657,0.00014
2011-12-15,0.00333,-0.00331,0.00312,0.00011,-0.00382,-0.00243
2011-12-16,0.00323,0.00327,0.00067,-0.00013,0.01282,0.00127
2011-12-19,-0.01178,-0.00082,0.00364,0.0,0.00937,0.00495
2011-12-20,0.02954,0.02112,0.00076,0.00157,-0.02176,0.0009
2011-12-21,0.00197,0.00812,-0.00473,0.0012,-0.01304,-0.00332
2011-12-22,0.00848,0.00148,-0.00154,0.00059,0.00362,-0.00224
2011-12-23,0.009,0.00112,-0.00067,-0.00019,-0.01661,-0.00323
2011-12-27,0.0001,0.01511,-0.00231,0.00069,0.00702,-0.00044
2011-12-28,-0.01233,-0.01778,0.00399,0.00101,0.02409,0.00446
2011-12-29,0.01068,0.00084,0.0056,0.00074,-0.00183,-0.00352
2011-12-30,-0.00424,4e-05,0.00262,0.00056,0.00355,0.00051
2012-01-03,0.01538,0.02937,0.00185,0.00217,-0.01815,-0.00094
2012-01-04,0.0004,0.00714,-0.00162,-0.00334,-0.00835,0.00247
2012-01-05,0.00294,-0.01344,-0.00186,-0.00178,-0.00215,0.00326
2012-01-06,-0.00216,0.003,0.00019,-0.00011,0.00695,0.0008
2012-01-09,0.00228,0.0031,0.00281,-0.00144,-0.00157,0.00173
2012-01-10,0.00886,0.00692,0.00071,-5e-05,7e-05,-0.00256
2012-01-11,0.00041,-0.00589,0.00185,-0.00131,0.01199,0.00166
2012-01-12,0.00237,-0.01062,0.00246,0.00131,-0.00346,-0.00242
2012-01-13,-0.00496,-0.00475,0.00137,-0.00222,0.01344,0.00437
2012-01-17,0.00354,0.01086,0.00297,0.002,0.00271,0.00219
2012-01-18,0.01121,-0.00408,0.00197,0.00149,-0.01081,-0.00173
2012-01-19,0.00495,0.00404,-0.00103,0.00401,-0.01459,-0.00173
2012-01-20,0.00069,-0.00755,-0.00292,0.0027,-0.01053,-0.00445
2012-01-23,0.00049,0.01213,-0.00175,0.00127,-0.00764,-0.00087
2012-01-24,-0.001,0.00182,0.00085,0.00029,-0.00181,0.00069
2012-01-25,0.00864,0.00639,0.0025,0.00409,0.00187,0.00668
2012-01-26,-0.00572,0.00742,0.00634,0.00394,0.0108,0.00374
2012-01-27,-0.00154,0.0006,0.00364,0.00118,0.00461,0.00251
2012-01-30,-0.00249,-0.00778,0.00423,-0.0001,0.01498,0.00329
2012-01-31,-0.00046,-0.00142,0.00185,0.00217,0.00879,0.00402
2012-02-01,0.00907,0.00328,0.00342,0.00427,-0.01405,-0.00039
2012-02-02,0.00118,-0.00024,0.00023,0.00143,0.00062,0.00028
2012-02-03,0.01462,0.0133,0.00129,0.00197,-0.02396,-0.00842
2012-02-06,-0.00041,0.00409,-0.00245,0.00039,0.01149,0.00457
2012-02-07,0.00204,0.00098,0.00139,-0.00041,-0.00908,-0.00282
2012-02-08,0.00252,0.00182,-0.00055,0.00044,6e-05,0.00071
2012-02-09,0.00148,0.00804,-0.0006,-3e-05,-0.00875,-0.00387
2012-02-10,-0.00689,-0.01167,-0.00042,-0.00039,0.01296,0.00397
2012-02-13,0.00699,0.00508,0.00115,0.00347,-0.00243,0.00071
2012-02-14,-0.00078,-0.00332,0.00102,0.00116,0.01336,0.0026
2012-02-15,-0.00506,0.00346,0.00166,0.00116,-0.0053,0.00011
2012-02-16,0.01111,0.00409,-0.00369,-0.0017,-0.00971,-0.00299
2012-02-17,0.00237,0.00036,-0.00208,0.00168,-0.00278,-0.00279
2012-02-21,0.00074,0.01707,0.00042,0.0037,-0.00456,0.00089
2012-02-22,-0.00331,0.00567,0.00023,0.00282,0.00736,0.00364
2012-02-23,0.00446,0.00426,0.0025,0.00097,0.00406,0.00285
2012-02-24,0.0018,0.0084,0.00286,0.00181,0.00453,-0.00103
2012-02-27,0.00144,-0.00419,0.00358,-8e-05,0.01009,0.00259
2012-02-28,0.00351,-0.00654,0.0033,0.0023,-0.00336,-0.0005
2012-02-29,-0.00458,-0.00172,0.0011,0.00107,-0.00424,-0.00345
2012-03-01,0.0062,0.01109,-0.00242,0.00333,-0.01214,-0.00479
2012-03-02,-0.00321,-0.00941,0.00092,0.00375,0.00728,0.00218
2012-03-05,-0.00382,-0.00385,0.00105,-0.00043,-0.0042,-0.0053
2012-03-06,-0.01546,-0.01489,-0.00293,-0.00258,0.01082,0.00437
2012-03-07,0.00718,0.00486,-0.00014,0.00046,-0.00643,0.00054
2012-03-08,0.00987,0.00639,-0.00161,0.00394,-0.00925,-0.00093
2012-03-09,0.00362,0.00611,-0.00184,0.00103,-0.00311,0.00161
2012-03-12,0.00023,-0.0038,0.00092,0.00277,0.0036,0.00118
2012-03-13,0.01831,0.00654,-0.00147,0.00251,-0.01322,-0.00146
2012-03-14,-0.00117,-0.00823,-0.00734,-0.00488,-0.02803,-0.00872
2012-03-15,0.00597,0.00061,-0.00427,-0.00275,-0.0002,0.0014
2012-03-16,0.00112,0.01057,0.00107,3e-05,-0.00027,0.00079
2012-03-19,0.00397,0.00115,0.00163,-0.00094,-0.01084,-0.00505
2012-03-20,-0.00299,-0.0134,-0.00428,-0.00172,0.00287,0.00022
2012-03-21,-0.00183,-0.00091,0.002,0.00124,0.01366,0.00296
2012-03-22,-0.00718,-0.00895,0.00297,-0.00182,0.00236,4e-05
2012-03-23,0.0031,0.01026,0.00111,-0.00041,0.00875,0.00237
2012-03-26,0.0138,0.00348,0.00037,-0.00107,-0.00249,-0.00302
2012-03-27,-0.00272,-0.00258,0.00222,0.00109,0.00505,0.00381
2012-03-28,-0.00471,-0.012,0.00175,-0.00048,-0.00027,-0.00029
2012-03-29,-0.00159,-0.01438,-5e-05,-0.00267,0.00587,0.00101
2012-03-30,0.0037,0.00962,0.00069,0.00048,-0.01292,-0.00374
2012-04-02,0.00755,0.01574,-0.00203,0.00081,0.00161,0.00564
2012-04-03,-0.00376,-0.00399,0.00102,0.00076,-0.01181,-0.00647
2012-04-04,-0.01023,-0.01928,-0.00565,-0.00132,0.00568,-0.00079
2012-04-05,-0.00027,0.0065,0.00139,-0.00056,0.00972,0.00234
2012-04-09,-0.0114,-0.00195,0.00605,0.00076,0.0252,0.00653
2012-04-10,-0.01722,-0.01657,0.00129,-0.00041,0.00798,0.00489
2012-04-11,0.00757,0.00431,-0.00032,0.00196,-0.00833,0.00135
2012-04-12,0.0137,0.01206,-0.00032,0.0035,-0.0042,-0.00189
2012-04-13,-0.01253,-0.01035,0.00161,0.0001,0.01061,0.00181
2012-04-16,-0.0005,-0.0106,0.00193,0.0004,0.00652,0.00188
2012-04-17,0.01537,0.00413,-0.00037,0.00235,-0.00713,0.00131
2012-04-18,-0.00405,-0.00784,0.00087,-0.00136,0.00516,-0.00067
2012-04-19,-0.00591,0.00107,0.00083,0.00323,0.00306,-0.00209
2012-04-20,0.00119,0.00371,-0.00064,0.00158,-0.00325,0.00128
2012-04-23,-0.00842,-0.00236,0.00151,-0.00204,0.00819,0.00259
2012-04-24,0.00367,0.00147,-0.0006,0.00128,-0.00501,-7e-05
2012-04-25,0.01369,0.00489,-0.0016,0.00229,-0.00575,-0.00142
2012-04-26,0.00671,0.00354,0.00193,0.00075,0.00225,0.00389
2012-04-27,0.00243,0.00365,0.00156,0.00098,0.00338,-0.00049
2012-04-30,-0.00387,0.00271,0.00164,0.00245,0.00163,0.00042
2012-05-01,0.00565,0.00116,-0.0005,0.00112,-0.00894,-0.00131
2012-05-02,-0.00239,-0.014,0.00055,0.00324,0.00832,0.00102
2012-05-03,-0.00751,-0.01178,0.00192,0.00278,0.00043,-0.00032
2012-05-04,-0.01625,-0.01714,0.00091,-0.00055,0.00729,0.00049
2012-05-07,0.00037,-0.0003,0.00146,7e-05,0.0013,0.00035
2012-05-08,-0.00415,-0.00676,0.00091,-0.00261,0.0075,0.00268
2012-05-09,-0.00644,-0.00339,5e-05,-0.00339,-0.00223,-0.00204
2012-05-10,0.00282,0.00068,-0.00209,-0.00037,-0.00218,0.0
2012-05-11,-0.00328,-0.00811,0.00073,-0.00238,0.00811,0.00099
2012-05-14,-0.01107,-0.0109,0.00186,-0.00734,0.01193,0.00376
2012-05-15,-0.00558,0.00217,-0.00086,-0.00331,0.00297,0.00168
2012-05-16,-0.00407,-0.00272,-0.00287,-0.00436,0.00451,-0.00235
2012-05-17,-0.01506,-0.00235,-0.00219,-0.00257,0.01779,0.00466
2012-05-18,-0.00741,0.00181,-0.00192,-0.00329,0.00232,0.00101
2012-05-21,0.01592,0.0059,-0.00261,0.00232,-0.00079,0.00206
2012-05-22,0.00051,-0.0079,-0.00138,0.00237,-0.01694,-0.00335
2012-05-23,0.00174,-0.01793,0.00073,-0.00441,0.01742,0.00262
2012-05-24,0.00154,0.00395,0.00055,-0.00169,-0.00907,-0.00311
2012-05-25,-0.00217,0.00532,-9e-05,-0.00113,0.00018,-0.00091
2012-05-29,0.01118,-0.00661,0.00192,0.00056,0.00113,-0.00021
2012-05-30,-0.01413,-0.0162,0.00311,8e-05,0.0221,0.00444
2012-05-31,-0.00217,-0.01051,0.0036,-0.00154,0.00806,0.00442
2012-06-01,-0.0249,-0.02043,0.00336,-0.00095,0.02363,0.00516
2012-06-04,0.00013,0.00544,-0.00036,0.00113,-0.00532,-0.00114
2012-06-05,0.00574,-0.00985,-0.00318,0.00458,-0.00957,0.00073
2012-06-06,0.02306,0.0047,-0.00141,0.00831,-0.01774,-0.00561
2012-06-07,-6e-05,0.01765,-0.0005,0.00382,-0.00691,-0.00177
2012-06-08,0.0081,-0.00315,0.00282,0.00061,-0.00095,0.00066
2012-06-11,-0.01265,-0.00854,5e-05,0.00144,0.00832,0.00184
2012-06-12,0.01159,-0.00249,-0.00132,0.00216,-0.00903,-0.00341
2012-06-13,-0.00667,-0.00604,-0.0026,0.00431,0.01097,0.00254
2012-06-14,0.01077,0.00776,0.00282,0.00232,0.00019,-0.00115
2012-06-15,0.01029,0.00079,0.00291,0.00421,0.00273,0.00593
2012-06-18,0.00146,0.00043,0.00272,0.00087,0.00282,-0.0009
2012-06-19,0.00979,0.00785,0.00059,0.00127,-0.00872,3e-05
2012-06-20,-0.00164,-0.01152,-0.00095,0.00109,0.00133,-0.00107
2012-06-21,-0.02236,-0.02433,0.0024,-0.00154,0.00681,-0.00389
2012-06-22,0.00715,0.00437,0.00086,-0.00082,-0.01197,-0.00467
2012-06-25,-0.01596,0.01272,0.00036,-0.00166,0.01352,0.00432
2012-06-26,0.00476,0.00857,0.00054,-0.0002,-0.00297,-0.00118
2012-06-27,0.00918,0.00468,5e-05,0.00286,0.00098,0.00084
2012-06-28,-0.00206,-0.01403,0.0014,-0.00045,0.00498,0.00059
2012-06-29,0.02466,0.04633,4e-05,0.00495,-0.01831,-0.00342
2012-07-02,0.00252,-0.00359,0.00458,0.00301,0.01573,0.00623
2012-07-03,0.00644,0.02814,0.0009,0.00606,-0.01053,-0.00243
2012-07-05,-0.00469,0.00435,0.00031,0.00239,0.00434,0.0034
2012-07-06,-0.00913,-0.02232,0.00148,0.00024,0.01018,0.00159
2012-07-09,-0.00163,0.0186,0.00352,0.00049,0.00822,0.00273
2012-07-10,-0.00815,-0.01492,0.00182,0.00197,0.00437,0.00296
2012-07-11,0.00011,0.00872,0.00209,0.00396,0.00099,-0.00076
2012-07-12,-0.005,0.00458,0.0019,0.003,0.00503,3e-05
2012-07-13,0.01639,0.01074,0.0023,0.00386,-0.00373,0.00014
2012-07-16,-0.00232,0.01314,0.00265,0.00576,0.00694,0.00285
2012-07-17,0.00738,0.00088,0.00176,0.00282,-0.00836,-0.00275
2012-07-18,0.00681,0.00825,0.00312,-0.00076,0.00271,0.00148
2012-07-19,0.00282,0.01349,0.00171,0.00165,-0.00631,-0.00096
2012-07-20,-0.01009,-0.00213,0.00105,-0.00072,0.01208,0.00374
2012-07-23,-0.00893,-0.02279,0.0014,-0.00651,0.00605,-0.00031
2012-07-24,-0.00908,-0.00343,-0.00017,-0.00313,0.00829,7e-05
2012-07-25,-0.0003,0.00875,0.00153,0.00154,0.00034,-0.00137
2012-07-26,0.01644,-0.00099,0.001,0.00415,-0.00402,-0.00024
2012-07-27,0.01896,0.01087,-0.00135,0.00304,-0.02768,-0.00499
2012-07-30,-0.00045,0.00668,-0.00179,0.00386,0.0118,0.0041
2012-07-31,-0.00432,-0.00916,0.00362,0.00371,0.00057,0.00326
2012-08-01,-0.00288,0.00156,0.00061,0.00324,-0.00648,-0.00151
2012-08-02,-0.00732,-0.01165,-0.00157,0.00045,0.01223,0.00223
2012-08-03,0.01898,0.0201,-0.00065,0.00387,-0.02069,-0.00336
2012-08-06,0.00235,0.00305,-4e-05,0.00331,0.00337,0.0022
2012-08-07,0.00511,0.00897,-0.00052,-0.00061,-0.01318,-0.00206
2012-08-08,0.00094,0.00205,-0.00301,-0.00136,-0.00427,-0.00337
2012-08-09,0.00085,0.00632,-0.00197,-0.00311,-0.0012,-0.00166
2012-08-10,0.00221,-0.00652,0.00162,-0.00203,0.0056,0.00086
2012-08-13,-0.00106,-0.00583,0.00092,0.00021,-0.00021,-0.0019
2012-08-14,5e-05,0.00131,-0.00228,-0.00187,-0.01565,-0.0037
2012-08-15,0.0015,0.00885,-0.00602,-0.00251,-0.01551,-0.00832
2012-08-16,0.00715,0.00596,-0.00353,-0.00216,-0.00757,-0.00129
2012-08-17,0.00187,-0.00187,-0.00106,-5e-05,0.00433,-0.00018
2012-08-20,-0.0,0.005,0.0008,0.00088,0.00166,0.00025
2012-08-21,-0.00348,0.01016,0.00168,0.00275,0.00299,0.00098
2012-08-22,0.00029,0.00265,0.00309,0.0031,0.01506,0.0068
2012-08-23,-0.00809,-0.00161,0.00492,0.00252,0.00812,0.00644
2012-08-24,0.00658,-0.00544,0.00166,0.0,-0.00181,-0.00055
2012-08-27,-0.00048,-0.00383,0.00013,0.00057,0.00649,0.00321
2012-08-28,-0.00075,7e-05,0.0024,0.00188,0.00243,0.00217
2012-08-29,0.00108,0.00082,-9e-05,0.00078,-0.00396,-0.00248
2012-08-30,-0.0077,-0.00023,-0.0007,0.00052,0.00564,-0.0011
2012-08-31,0.00507,0.0108,0.00131,0.00077,0.00949,0.00348
2012-09-04,-0.00114,0.00035,0.00427,0.00363,-7e-05,0.00014
2012-09-05,-0.00081,-0.00525,-0.00065,0.00163,-0.00293,0.00093
2012-09-06,0.02036,0.00373,-0.00222,0.00247,-0.01684,-0.00451
2012-09-07,0.0041,0.00815,0.0,0.00321,-0.00469,0.00365
2012-09-10,-0.00611,0.00317,-0.00022,0.00139,-0.0026,-3e-05
2012-09-11,0.00314,0.00239,0.00074,0.00241,-0.00054,0.00038
2012-09-12,0.00235,0.00424,-0.00113,-0.00081,-0.01442,-0.00506
2012-09-13,0.01631,0.00552,-0.00061,-0.0009,-0.00618,0.00733
2012-09-14,0.00396,0.00984,-0.00039,0.00039,-0.02178,0.00839
2012-09-17,-0.00308,-0.02183,-0.00013,-0.00019,0.00983,-0.00456
2012-09-18,-0.00126,-0.01161,0.00314,-0.00069,0.00387,-0.00167
2012-09-19,0.0012,-0.01298,0.00174,0.00194,0.00657,0.0012
2012-09-20,-0.00039,0.00173,0.00169,-0.00104,0.00353,-0.00174
2012-09-21,-7e-05,0.00756,-0.001,0.00109,-0.00016,-0.00024
2012-09-24,-0.00224,-0.00905,0.0026,-0.00141,0.00914,-0.00065
2012-09-25,-0.01044,0.00404,0.00147,0.00065,0.00782,0.00154
2012-09-26,-0.00555,-0.00942,0.00181,-0.00065,0.01273,0.00386
2012-09-27,0.00967,0.00983,0.00164,0.00259,-0.00609,-0.00187
2012-09-28,-0.00448,0.0097,0.00116,0.00122,-0.0004,-0.00198
2012-10-01,0.00269,0.00034,0.00138,0.00295,0.00178,0.00171
2012-10-02,0.00094,-0.00511,0.00155,0.00117,0.00254,0.00538
2012-10-03,0.00384,-0.01572,0.00141,0.00323,-0.00297,-0.00027
2012-10-04,0.00716,0.01939,0.00077,0.00016,-0.01007,0.00336
2012-10-05,2e-05,-0.00469,-0.00171,0.00096,-0.01484,-0.00383
2012-10-09,-0.01337,0.00517,-0.00021,-0.00293,0.00629,0.00085
2012-10-10,-0.00613,-0.00281,0.00013,0.00082,0.00729,-0.00109
2012-10-11,0.00036,0.00994,0.003,0.00345,0.00703,-0.00116
2012-10-12,-0.00295,-0.01176,0.00363,0.00371,0.00362,-0.0001
2012-10-15,0.00805,-0.00562,0.00225,0.00379,-0.00156,0.00034
2012-10-16,0.01022,0.00046,0.00085,0.00213,-0.0126,-0.00539
2012-10-17,0.00423,0.0011,-0.00081,-0.00045,-0.01327,-0.00356
2012-10-18,-0.00239,-0.00078,-0.00085,-0.00045,-0.00351,-3e-05
2012-10-19,-0.01669,-0.0132,-0.00094,-0.0007,0.01249,0.00425
2012-10-22,0.00046,-0.0079,-0.00077,-0.00175,-0.00141,-0.0001
2012-10-23,-0.01455,-0.01091,-0.00141,-0.00127,0.00597,0.00055
2012-10-24,-0.00308,-0.00232,0.0003,0.00027,-0.00286,-0.00113
2012-10-25,0.00301,0.00278,-0.00235,-0.00166,-0.00916,-0.00346
2012-10-26,-0.00073,0.00184,0.00132,-0.0041,0.01143,0.00394
2012-10-31,0.00029,0.00165,0.00418,-0.00087,0.01255,0.00837
2012-11-01,0.01095,0.00185,0.00089,0.00055,-0.00831,-0.00159
2012-11-02,-0.00941,-0.01846,-0.00145,-0.00025,-0.00375,-0.00343
2012-11-05,0.00228,0.00654,0.0003,0.00351,0.00876,0.00197
2012-11-06,0.00785,0.02061,-0.002,0.00075,-0.0084,-0.00157
2012-11-07,-0.02309,-0.01971,0.00043,0.00161,0.01758,0.00679
2012-11-08,-0.01227,0.00305,0.0003,-0.00011,0.00963,0.00297
2012-11-09,0.00174,0.00522,0.00179,-0.0015,0.00382,-0.00155
2012-11-13,-0.00354,-0.00373,0.00055,-0.00055,0.00567,0.00071
2012-11-14,-0.01358,0.00391,-0.00055,-0.00089,-0.001,-0.00125
2012-11-15,-0.00153,-0.00471,-0.00098,-0.00112,0.00064,-0.00088
2012-11-16,0.00493,0.00272,-0.00043,-0.00062,0.00054,0.00034
2012-11-19,0.01973,0.01827,-0.00026,0.00151,-0.00708,-0.0021
2012-11-20,0.00075,-0.00735,-0.00192,0.00073,-0.00805,-0.00227
2012-11-21,0.00233,0.00347,-0.00192,0.00066,-0.00361,-0.00296
2012-11-26,0.01108,0.00297,0.00149,-0.0002,0.00569,0.00309
2012-11-27,-0.00514,-7e-05,0.00141,0.00438,0.0018,0.00109
2012-11-28,0.00812,-0.00513,0.00115,0.00174,0.00232,0.00129
2012-11-29,0.00442,0.0092,9e-05,0.00375,-0.00301,0.00149
2012-11-30,0.00016,-0.00038,0.0,-9e-05,0.00026,0.00263
2012-12-03,-0.00475,0.00331,-0.00013,0.00063,-0.00163,0.00091
2012-12-04,-0.00169,-0.00979,0.00157,0.00182,0.00496,0.00158
2012-12-05,0.0019,-0.00062,0.00183,0.00022,0.00041,0.00215
2012-12-06,0.00356,-0.00879,0.00123,0.00137,0.00249,0.00144
2012-12-07,0.003,-0.00271,-0.00212,-0.00146,-0.00847,-0.00171
2012-12-10,0.00038,-0.00072,-0.00017,0.00166,0.00195,0.00262
2012-12-11,0.00653,-0.00246,-0.00157,-0.00063,-0.00587,-0.00285
2012-12-12,0.00067,0.00477,-0.00175,0.00027,-0.01064,-0.00276
2012-12-13,-0.00608,-0.01012,-0.00124,-0.00097,-0.0011,-0.00351
2012-12-14,-0.0041,0.00871,0.00072,0.00099,0.00565,0.00108
2012-12-17,0.01182,-0.00215,-0.00166,-0.00121,-0.01043,-0.00389
2012-12-18,0.01144,0.00411,-0.00398,0.00018,-0.01462,-0.00255
2012-12-19,-0.00758,0.00281,0.0027,0.00094,0.00632,0.00092
2012-12-20,0.00569,-0.00377,0.0015,0.00099,-0.00051,0.00139
2012-12-21,-0.00935,-0.00277,0.00162,7e-05,0.01125,0.0023
2012-12-24,-0.00232,-0.00311,-0.00026,0.00011,-0.00259,-0.00129
2012-12-26,-0.00479,0.00577,0.00034,0.00031,0.00075,0.00081
2012-12-27,-0.00103,0.00267,0.00345,0.00067,0.0093,0.00152
2012-12-28,-0.01101,-0.0008,0.00115,0.00096,0.00052,-0.00193
2012-12-31,0.0168,0.00296,-0.00251,0.0004,-0.00945,-0.00278
2013-01-02,0.02528,0.00707,-0.00247,0.00246,-0.01955,-0.00395
2013-01-03,-0.00209,-0.00736,-0.00085,0.00236,-0.01101,-0.00561
2013-01-04,0.00485,-0.00877,-0.00252,-0.00169,-0.00063,-0.0001
2013-01-07,-0.00312,0.00193,0.00248,-0.00163,0.0027,0.00404
2013-01-08,-0.00291,0.00388,0.00166,-0.00325,0.00474,0.00058
2013-01-09,0.00267,-0.00141,4e-05,-0.00045,0.00332,0.00262
2013-01-10,0.00757,0.00561,-0.00111,-0.00094,-0.00481,-0.00232
2013-01-11,7e-05,-0.00649,0.00047,-0.00209,0.00465,0.00106
2013-01-14,-0.00094,0.00694,0.00115,0.00169,0.00203,0.00034
2013-01-15,0.00113,-0.00451,-0.00089,0.00105,0.00482,0.00211
2013-01-16,0.00032,0.00095,0.0,0.00054,-0.00041,-0.00095
2013-01-17,0.00563,0.00657,-0.00333,0.00031,-0.00869,-0.00218
2013-01-18,0.00341,0.00498,0.00137,0.00025,0.00619,0.00228
2013-01-22,0.00446,0.00339,0.00102,0.00025,0.00249,-0.00031
2013-01-23,0.00153,0.00013,0.00047,0.0002,-0.0011,-0.00014
2013-01-24,4e-05,-0.00032,-0.0003,0.00038,-0.00162,0.0001
2013-01-25,0.00543,-0.00308,-0.00492,-0.00191,-0.01682,-0.00526
2013-01-28,-0.00182,0.00135,-0.00245,-0.00326,-0.00257,-0.00147
2013-01-29,0.00514,0.00514,-0.00133,-0.0018,-0.00329,-0.00031
2013-01-30,-0.00365,0.01049,-0.00254,-0.00627,-0.00485,-0.00103
2013-01-31,-0.00251,-0.00057,0.00112,-0.00305,0.00485,0.00373
2013-02-01,0.01002,0.00632,-0.00039,-0.00089,-0.00716,-0.00277
2013-02-04,-0.01159,-0.00538,0.00095,-0.00349,0.00623,0.00349
2013-02-05,0.01048,0.00368,-0.00233,-0.00053,-0.00735,-0.00328
2013-02-06,0.00067,-0.00202,0.00181,0.0011,0.0066,0.00264
2013-02-07,-0.0014,-0.0033,0.00168,0.00274,0.00322,-0.00021
2013-02-08,0.00564,0.00433,-0.00073,0.00155,-0.00113,-0.00219
2013-02-11,-0.00055,-0.00305,0.00077,2e-05,0.00339,0.00079
2013-02-12,0.00165,0.00142,-0.00138,-0.00196,-0.00731,-0.00178
2013-02-13,0.00106,0.00069,-0.0019,-0.001,-0.00531,-0.00141
2013-02-14,0.00081,-0.00259,0.0022,0.00023,0.00795,0.00141
2013-02-15,-0.00096,-0.00465,0.0006,-0.00046,-0.00228,-0.0022
2013-02-19,0.00746,-0.002,-0.00034,-0.00039,-0.00413,-0.00055
2013-02-20,-0.01243,-0.00882,-0.00095,-0.00235,-0.00035,-0.00065
2013-02-21,-0.0061,-0.01525,0.00288,-0.00186,0.00754,0.00158
2013-02-22,0.00888,0.00051,0.00086,0.00044,0.00194,0.00155
2013-02-25,-0.01848,0.00177,0.00501,0.00233,0.01155,0.00312
2013-02-26,0.00625,-0.00662,0.00073,0.0003,0.00274,-3e-05
2013-02-27,0.01289,-0.00675,-0.00055,0.00101,-0.0051,-0.00017
2013-02-28,-0.00082,-0.0033,-0.00085,-0.00053,0.00171,0.00099
2013-03-01,0.00234,-0.00869,0.00171,0.0013,0.00507,0.00263
2013-03-04,0.00461,-0.00195,-0.00026,0.00078,-0.0039,-0.00092
2013-03-05,0.00955,0.00864,-0.00111,0.00148,-0.00316,0.0002
2013-03-06,0.00137,-0.00547,-0.00184,-0.00016,-0.008,-0.00215
2013-03-07,0.00191,0.00725,-0.00313,-0.00214,-0.00871,-0.00342
2013-03-08,0.00454,0.00295,-0.00258,-0.00311,-0.00967,-0.00375
2013-03-11,0.00334,0.00065,-0.00069,-0.00124,0.00011,0.00024
2013-03-12,-0.00236,0.00161,0.00202,0.00158,0.00648,0.00193
2013-03-13,0.00165,-0.00324,0.00021,-0.00158,0.00011,0.00038
2013-03-14,0.00561,0.00527,-0.00047,-0.00048,-0.00445,0.00117
2013-03-15,-0.00163,0.0033,0.0012,-0.00069,0.00328,0.00072
2013-03-18,-0.00551,-0.00476,0.0021,-0.00014,0.0073,0.00274
2013-03-19,-0.00241,-0.00764,0.00325,-0.00188,0.00937,0.00174
2013-03-20,0.00669,0.00749,-0.00252,-5e-05,-0.00695,-0.00219
2013-03-21,-0.0083,-0.00521,-0.00017,-0.00023,0.00356,-0.00075
2013-03-22,0.00715,0.00161,0.00034,-0.00055,0.00328,0.00133
2013-03-25,-0.00334,0.00244,0.00051,0.00021,-0.00089,0.00024
2013-03-26,0.00809,0.00601,-0.00094,-0.00039,0.00199,0.00065
2013-03-27,-0.00053,0.00404,0.00235,-0.00083,0.00642,0.00269
2013-03-28,0.00405,-0.00708,-0.00051,9e-05,-0.00376,-0.00065
2013-04-01,-0.00442,-0.00037,0.00184,0.00021,0.00567,0.00194
2013-04-02,0.00516,-0.00333,-0.00111,0.00244,-0.00317,-0.00153
2013-04-03,-0.01042,-0.01769,0.00431,0.00367,0.00832,0.00225
2013-04-04,0.00411,-0.00143,0.00454,0.00586,0.01271,0.00492
2013-04-05,-0.0043,-0.00352,0.00642,0.0087,0.02156,0.00459
2013-04-08,0.00661,0.0048,-0.00105,0.00448,-0.00708,-0.00334
2013-04-09,0.00354,0.0077,0.00046,0.00054,-0.00495,-0.00304
2013-04-10,0.01219,-0.002,-0.00228,-0.00072,-0.01285,-0.00486
2013-04-11,0.00363,-0.00402,0.00034,0.00168,0.00159,0.00343
2013-04-12,-0.00282,-0.01164,0.00434,0.00257,0.01422,0.00305
2013-04-15,-0.02323,-0.02718,0.0008,-0.00025,0.00684,0.00034
2013-04-16,0.0142,0.0062,-0.00143,-0.00347,-0.00413,-0.00162
2013-04-17,-0.01443,-0.01285,0.00168,-0.0011,0.00353,-0.00085
2013-04-18,-0.00669,0.00677,0.00042,-0.00054,0.00408,-0.00595
2013-04-19,0.00885,0.00149,-0.00071,-0.00018,-0.00308,0.00306
2013-04-22,0.00467,0.00162,0.00113,0.00063,0.00066,0.00289
2013-04-23,0.01036,-0.00445,0.00046,0.00213,-0.00148,0.00081
2013-04-24,0.00013,0.00873,0.00092,0.00074,0.00048,0.00139
2013-04-25,0.00406,0.01422,-0.00201,-0.00034,-0.00335,0.00182
2013-04-26,-0.0018,-0.00634,0.00377,0.00056,0.00932,0.00179
2013-04-29,0.00718,0.01362,0.00063,0.00201,-0.00282,-0.00108
2013-04-30,0.00249,-0.0064,-0.00134,0.0025,-0.00224,-0.00209
2013-05-01,-0.0093,-0.01952,0.00334,0.00267,0.00861,-0.00034
2013-05-02,0.00944,0.01213,-0.00021,0.00406,0.00186,-0.00088
2013-05-03,0.01059,0.0118,-0.00732,-0.00162,-0.02336,-0.00584
2013-05-06,0.00191,-0.0036,-0.0008,-0.00113,-0.00492,-0.00249
2013-05-07,0.00527,0.00172,0.00021,-0.00067,-0.00269,-3e-05
2013-05-08,0.00456,0.00478,0.00118,0.00064,0.00455,-0.00099
2013-05-09,-0.00323,0.00239,0.00067,0.00162,-0.00353,-0.00044
2013-05-10,0.00432,-0.00915,-0.00758,-0.00616,-0.01562,-0.00421
2013-05-13,0.00014,-0.00322,-0.00212,-0.0036,-0.00422,-0.00141
2013-05-14,0.01031,-0.00363,-0.00093,-0.00146,-0.0062,-0.00306
2013-05-15,0.00541,-0.00212,-0.00042,-0.00283,0.00115,-0.00117
2013-05-16,-0.00498,0.0005,0.00558,0.00139,0.01303,0.00303
2013-05-17,0.01027,0.00508,-0.00563,0.00101,-0.01445,-0.00576
2013-05-20,-0.00069,0.00453,-0.00017,-0.00231,-0.00139,-0.00024
2013-05-21,0.00175,-0.00363,0.00119,-0.00149,0.00451,0.00118
2013-05-22,-0.00819,-0.00461,-0.00361,-0.00041,-0.01081,-0.00736
2013-05-23,-0.00278,0.00094,-0.0014,-0.00739,0.00225,-0.0008
2013-05-24,-0.00053,-0.00017,0.00098,-0.00218,0.00411,0.00174
2013-05-28,0.00634,0.00784,-0.00872,-0.00809,-0.02011,-0.0066
2013-05-29,-0.00692,-0.00653,-0.00077,-0.01028,0.00313,-0.00355
2013-05-30,0.00383,0.00042,0.00107,-0.00051,-0.00276,-0.00472
2013-05-31,-0.01441,-0.00978,-0.00663,-0.00241,-0.00317,-0.0006
2013-06-03,0.00602,0.00936,0.00272,-0.00442,0.00489,0.00198
2013-06-04,-0.00548,0.00255,-0.00194,0.00068,-0.00478,-0.00131
2013-06-05,-0.01363,-0.00092,-0.00281,-0.00255,0.00735,4e-05
2013-06-06,0.00859,0.00157,0.00121,-0.00549,0.00516,-0.00092
2013-06-07,0.01277,0.00371,-0.00424,-0.00038,-0.01693,-0.00521
2013-06-10,-0.00028,-0.00511,-0.00348,-0.00737,-0.00785,-0.00717
2013-06-11,-0.0102,-0.00739,-0.00257,-0.01269,0.0061,-0.00176
2013-06-12,-0.00817,0.00156,-0.00017,0.00343,-0.00762,-0.005
2013-06-13,0.01482,0.00395,0.00092,0.00803,0.00933,0.00194
2013-06-14,-0.0059,0.00557,0.00479,0.00775,0.00635,0.00427
2013-06-17,0.00755,-0.00017,-0.00161,-0.00101,-0.0094,-0.00362
2013-06-18,0.00777,0.00294,-0.00152,-0.006,0.00167,0.0028
2013-06-19,-0.01394,0.00549,-0.00572,-0.00692,-0.01376,-0.0106
2013-06-20,-0.02517,-0.03319,-0.01474,-0.02953,-0.01764,-0.01331
2013-06-21,0.00267,-0.00856,-0.0062,-0.00795,-0.00933,-0.00826
2013-06-24,-0.01222,-0.00307,-0.0066,-0.02213,0.00193,-0.00512
2013-06-25,0.00955,0.00273,-0.00356,0.0081,-0.00951,-0.00048
2013-06-26,0.00975,-0.00366,0.0059,0.0097,0.00731,0.00475
2013-06-27,0.00626,0.00018,0.00489,0.01143,0.00589,0.00999
2013-06-28,-0.00429,-0.00796,0.00036,0.00408,0.00727,0.00048
2013-07-01,0.00551,0.00721,0.00437,0.00552,0.00241,0.00095
2013-07-02,-0.00032,0.0053,0.00244,0.00678,0.00333,0.00522
2013-07-03,0.00083,0.00777,-0.00115,-0.005,-0.00505,-0.00332
2013-07-05,0.01015,-0.00335,-0.01216,-0.00635,-0.03147,-0.01188
2013-07-08,0.00553,0.00713,0.0061,-0.00565,0.00742,0.00542
2013-07-09,0.00722,0.00405,0.00183,0.00155,-0.0021,0.00011
2013-07-10,0.00022,0.00572,0.00018,-0.00291,-0.00659,-0.00358
2013-07-11,0.01357,0.00278,0.00618,0.00543,0.01164,0.00567
2013-07-12,0.00308,0.00183,0.00058,0.00323,-0.00399,-0.00055
2013-07-15,0.00138,-0.00156,0.00155,0.00573,0.00693,0.00568
2013-07-16,-0.00372,0.00333,0.00318,0.00461,0.00448,0.00419
2013-07-17,0.00288,-0.00231,0.00229,0.00805,0.0028,0.00312
2013-07-18,0.00513,0.00329,-0.00167,0.00682,-0.01072,-0.00221
2013-07-19,0.00164,-0.00069,0.00374,0.00045,0.0111,0.00489
2013-07-22,0.00205,0.00194,0.00215,0.00399,0.00276,0.00033
2013-07-23,-0.00185,0.00021,-0.00018,2e-05,-0.00595,-0.00326
2013-07-24,-0.00381,-0.00632,-0.00545,-0.00609,-0.01026,-0.00724
2013-07-25,0.00257,-0.0023,-0.00313,-0.00591,-0.00241,-0.00219
2013-07-26,0.00083,-0.00585,0.00358,0.0005,0.00849,0.003
2013-07-29,-0.00369,-0.00025,-0.0019,-0.00238,-0.00659,-0.00077
2013-07-30,0.00041,-0.00401,-0.00035,-0.00381,-0.00214,-0.00062
2013-07-31,1e-05,0.00731,-0.00248,-0.0037,0.00462,0.0043
2013-08-01,0.01256,0.00365,-0.00346,-0.00209,-0.02169,-0.00547
2013-08-02,0.00166,-0.00356,0.00518,0.00095,0.01407,0.00598
2013-08-05,-0.00138,-0.00478,-0.00234,0.00124,-0.00695,-0.00036
2013-08-06,-0.00571,-0.00778,-0.00027,-0.00048,-4e-05,0.00294
2013-08-07,-0.0035,-0.0058,0.0031,-0.00167,0.00882,0.00217
2013-08-08,0.00411,0.00353,0.00079,0.00182,0.00253,0.00101
2013-08-09,-0.00339,0.00746,-0.00057,0.00126,0.00051,0.00014
2013-08-12,-0.00112,0.01013,-0.00177,0.00102,-0.00449,-0.00235
2013-08-13,0.00299,0.00152,-0.00697,-0.00313,-0.01572,-0.00815
2013-08-14,-0.00499,0.00519,0.0,-0.00073,0.00082,-0.00205
2013-08-15,-0.01422,0.00962,-0.00429,-0.00455,-0.00727,-0.00606
2013-08-16,-0.00326,0.00101,-0.00791,-0.00487,-0.011,-0.00625
2013-08-19,-0.00585,-0.00027,-0.00235,-0.00896,-0.00735,-0.00602
2013-08-20,0.00385,-0.00184,0.00325,-0.0025,0.00889,0.00677
2013-08-21,-0.00574,-0.00204,-0.00185,-0.0043,-0.00494,-0.00338
2013-08-22,0.00859,0.0,-0.00176,-0.00214,-0.00037,-0.00481
2013-08-23,0.00409,0.00845,0.006,0.00361,0.01463,0.00781
2013-08-26,-0.00404,0.0046,0.00278,0.00085,0.00297,0.0027
2013-08-27,-0.016,0.01108,0.00683,-0.00239,0.01457,0.00696
2013-08-28,0.00294,0.00359,-0.00486,-0.00377,-0.00919,-0.00394
2013-08-29,0.0021,-0.00881,0.00366,0.00162,0.00903,-7e-05
2013-08-30,-0.00309,-0.00836,0.002,-7e-05,0.0045,-0.00225
2013-09-03,0.00421,0.00583,-0.00602,-0.00365,-0.01729,-0.00604
2013-09-04,0.00831,-0.00679,-0.0035,-0.00173,-0.00313,-0.00551
2013-09-05,0.00124,-0.00234,-0.00735,-0.00211,-0.0142,-0.00656
2013-09-06,0.00018,0.00717,0.00208,0.00504,0.00165,0.00304
2013-09-09,0.01,-0.00647,0.00243,0.00372,0.0061,0.003
2013-09-10,0.00733,-0.01069,-0.00307,-0.00175,-0.00906,-0.00191
2013-09-11,0.00319,-8e-05,0.00176,0.00451,0.00513,0.00475
2013-09-12,-0.0031,0.00623,0.0023,0.00343,0.00265,0.00037
2013-09-13,0.00272,-0.00436,-0.00099,0.00022,-0.0001,0.00045
2013-09-16,0.00568,-0.00778,0.00189,0.00799,-0.00377,0.00223
2013-09-17,0.00422,-0.00974,0.00193,0.00272,0.00561,0.00389
2013-09-18,0.01212,0.01352,0.00524,0.00929,0.01613,0.0124
2013-09-19,-0.00169,0.00059,0.00312,0.01055,-0.00907,-0.0026
2013-09-20,-0.00723,-0.00769,0.00231,0.00024,0.00773,0.00329
2013-09-23,-0.00473,-0.00648,0.00067,5e-05,0.00338,0.00215
2013-09-24,-0.0025,-0.00128,0.00473,-0.00231,0.01244,0.00077
2013-09-25,-0.00272,0.00351,0.00128,0.00132,0.00374,0.00149
2013-09-26,0.00367,0.00614,-0.00203,-0.0034,-0.00686,-0.00113
2013-09-27,-0.00402,-0.00287,0.00119,-0.0013,0.00151,-0.00011
2013-09-30,-0.006,-0.00536,-0.00252,-0.00339,-0.00108,0.0004
2013-10-01,0.00803,-0.00604,9e-05,0.00065,-0.00534,-0.0012
2013-10-02,-0.00047,0.0091,0.00186,0.0014,0.00229,0.00288
2013-10-03,-0.00902,-0.00095,0.00185,0.00051,0.00051,0.00036
2013-10-04,0.00706,0.00196,-0.00221,0.00229,-0.00381,-0.00204
2013-10-07,-0.00854,0.0068,0.00256,0.00217,0.00513,0.00127
2013-10-08,-0.0121,0.00284,-0.00026,0.0018,0.0013,-0.00197
2013-10-09,0.00067,-0.00707,-0.00053,0.00194,-0.00494,0.0004
2013-10-10,0.02175,0.01153,-0.00137,0.00096,-0.00303,-0.00146
2013-10-11,0.00627,-0.00489,0.00256,0.00244,0.00164,7e-05
2013-10-15,-0.00302,-0.00255,-0.00172,0.00191,-0.00694,-0.00256
2013-10-16,0.01384,0.0072,0.00436,0.00141,0.00917,0.00288
2013-10-17,0.00677,-0.0061,0.0063,0.00582,0.01184,0.0036
2013-10-18,0.00655,0.00551,0.0017,0.00425,0.00058,0.00044
2013-10-21,0.0001,-0.00379,-0.00144,-0.00033,-0.00439,-0.00058
2013-10-22,0.00572,-0.00088,0.00579,0.00306,0.01252,0.00511
2013-10-23,-0.00473,-0.01334,0.00247,0.00371,0.0049,0.00072
2013-10-24,0.00327,0.00035,-0.00277,-0.00164,-0.00509,-0.0013
2013-10-25,0.00438,0.00227,0.00069,-0.00056,0.00336,0.00238
2013-10-28,0.00134,0.00481,0.0,-0.00059,-0.00147,0.00014
2013-10-29,0.00562,-0.00352,0.00069,-0.00268,-0.00284,-0.00054
2013-10-30,-0.00481,0.00361,-0.00117,0.00106,-0.00184,-0.00123
2013-10-31,-0.00377,-0.00889,-0.00043,-0.00106,0.00043,-0.00192
2013-11-01,0.0029,-0.0131,-0.00418,-0.00479,-0.01073,-0.0072
2013-11-04,0.00357,-0.0027,0.00091,-0.0013,0.00133,0.00113
2013-11-05,-0.0027,-0.00402,-0.00323,-0.00628,-0.01151,-0.00413
2013-11-06,0.0048,0.00309,-0.00061,0.00026,-0.00192,0.00482
2013-11-07,-0.01304,-0.00731,0.00266,0.00024,0.00739,0.00113
2013-11-08,0.01335,0.00578,-0.00937,-0.0085,-0.01969,-0.00796
2013-11-12,-0.00158,-0.00264,-0.00141,-0.00976,-0.00187,-0.00128
2013-11-13,0.00836,0.00428,0.00312,0.00146,0.00453,0.00275
2013-11-14,0.00501,0.00474,0.00416,0.00496,0.00525,0.00387
2013-11-15,0.00422,-0.00091,0.00118,0.00385,-0.00014,-0.00022
2013-11-18,-0.00366,-0.00597,0.00375,0.00458,0.00613,0.00277
2013-11-19,-0.00186,-0.00292,-0.0024,-0.0023,-0.00621,-0.00361
2013-11-20,-0.00359,0.00359,-0.00323,-0.00158,-0.01681,-0.00622
2013-11-21,0.00816,0.00876,-0.00079,-0.00298,0.00364,0.00279
2013-11-22,0.00508,0.00443,0.00367,0.00365,0.00772,0.00256
2013-11-25,-0.00124,-0.00159,0.00166,0.00192,0.00102,-7e-05
2013-11-26,0.00026,-0.0011,0.00322,-0.00079,0.0086,0.00179
2013-11-27,0.00272,-0.00163,-0.00287,-0.003,-0.00413,-0.00292
2013-12-02,-0.00343,0.00147,-0.00222,-0.00629,-0.00761,-0.00535
2013-12-03,-0.00314,0.00585,0.00127,7e-05,0.00394,0.00114
2013-12-04,-0.00105,0.00315,-0.00441,-0.0023,-0.01172,-0.00678
2013-12-05,-0.00432,-0.00323,4e-05,0.00063,-0.00144,-0.00063
2013-12-06,0.01127,0.00304,-0.00118,0.00155,-0.0001,-0.00185
2013-12-09,0.00185,-0.00388,0.00285,0.00222,0.00457,0.00156
2013-12-10,-0.00317,0.00343,0.00441,0.00472,0.01009,0.00336
2013-12-11,-0.01127,0.00111,-0.00144,0.0006,-0.00834,-0.00181
2013-12-12,-0.00351,-0.00923,-0.0014,-2e-05,-0.00308,-0.00218
2013-12-13,-8e-05,-0.00182,0.0017,0.00199,0.00409,0.00248
2013-12-16,0.00631,0.00222,0.00013,0.00227,-0.00294,0.00063
2013-12-17,-0.00309,-0.00408,0.00309,0.00069,0.00414,0.00254
2013-12-18,0.01655,0.00334,0.00113,-0.00024,-0.00766,-0.00328
2013-12-19,-0.00044,0.0009,-0.00335,-7e-05,0.00277,-0.00452
2013-12-20,0.00481,0.00777,0.00378,0.00038,0.01285,0.00311
2013-12-23,0.00545,-0.00292,-0.00074,0.00043,-0.00285,-0.00137
2013-12-24,0.00303,0.0028,-0.00313,2e-05,-0.00974,-0.00267
2013-12-26,0.00473,0.00041,-0.00048,-0.00014,-0.00344,-0.00022
2013-12-27,-0.00015,0.00475,-0.00031,-0.00237,-0.00365,-0.00086
2013-12-30,-0.00011,-0.00479,0.00409,0.00034,0.00678,0.00271
2013-12-31,0.00402,-0.00405,-0.00404,0.00048,-0.00613,-0.00167
2014-01-02,-0.00875,-0.01107,0.00478,-0.0005,0.00403,0.00352
2014-01-03,-0.00031,-0.0078,-0.00043,0.00143,-0.00202,-0.00044
2014-01-06,-0.0025,0.00034,0.00316,0.00181,0.00646,0.00237
2014-01-07,0.00607,-0.00018,0.00035,0.00038,0.00265,0.00129
2014-01-08,9e-05,-0.00845,-0.00464,-0.00158,-0.0038,-0.00137
2014-01-09,0.00034,-0.00874,0.002,0.0005,0.00529,0.00373
2014-01-10,0.00231,0.0074,0.00683,0.0026,0.01388,0.00514
2014-01-13,-0.01254,0.00114,0.00232,0.00095,0.0054,0.00099
2014-01-14,0.01076,-0.00032,-0.00323,0.00062,-0.00554,-0.00414
2014-01-15,0.00518,0.00238,-0.00103,0.00235,-0.00101,0.00022
2014-01-16,-0.00132,-0.00122,0.00284,0.0009,0.00551,0.00015
2014-01-17,-0.00389,0.00248,0.00056,0.0,0.00295,0.0015
2014-01-21,0.00279,-0.00028,0.0009,-0.00055,0.00339,-0.00088
2014-01-22,0.00069,0.00592,-0.00262,-0.00292,-0.00363,-0.00195
2014-01-23,-0.00892,-0.00103,0.00443,-0.00479,0.01355,0.00455
2014-01-24,-0.02109,0.00038,-0.0015,-0.00385,0.00523,0.00161
2014-01-27,-0.00485,-0.00757,-0.00052,-0.00084,-0.00442,-0.0022
2014-01-28,0.00612,0.0,0.00099,0.00285,0.0013,0.00124
2014-01-29,-0.01015,0.00534,0.003,-0.00235,0.00877,0.00394
2014-01-30,0.01126,-0.00244,0.0003,-0.00303,-0.00242,-0.00069
2014-01-31,-0.00649,-0.004,0.00107,-0.00253,0.00247,0.00098
2014-02-03,-0.0231,0.0015,0.00409,0.00063,0.01402,0.00614
2014-02-04,0.00767,0.00482,-0.00128,0.00639,-0.00917,-0.00395
2014-02-05,-0.00173,0.00318,-0.00329,0.00172,-0.00991,-0.00328
2014-02-06,0.01287,0.0043,-0.00073,0.00201,-0.00388,-0.00051
2014-02-07,0.01321,0.01112,0.00269,0.00424,0.00176,0.00306
2014-02-10,0.00159,-0.00483,0.0003,-0.00097,0.0006,0.00065
2014-02-11,0.01105,0.0044,-0.00201,0.00052,-0.00319,-0.00273
2014-02-12,0.00022,0.00309,-0.00111,-0.00017,-0.00674,-0.0027
2014-02-13,0.0059,0.00312,0.00478,-0.00062,0.00674,0.00292
2014-02-14,0.00488,0.00478,0.00043,0.00109,-0.00124,-0.00164
2014-02-18,0.00131,0.01281,0.0034,0.00076,0.00383,0.00226
2014-02-19,-0.0065,0.00448,-0.00234,-0.00147,-0.00443,-0.00281
2014-02-20,0.00619,-0.00118,-0.00247,0.00133,-0.00314,-0.00271
2014-02-21,-0.00179,-0.00132,0.00277,0.00403,0.00495,0.00176
2014-02-24,0.00618,0.00326,-0.00013,0.00493,-0.00225,0.0
2014-02-25,-0.00133,-0.00255,0.0039,0.00111,0.00886,0.0035
2014-02-26,0.00022,-0.00283,0.00309,0.00108,0.00451,0.00233
2014-02-27,0.00508,-0.00354,0.00063,0.00408,0.00684,0.00189
2014-02-28,0.00279,0.00331,0.00017,0.0032,0.00034,0.00025
2014-03-03,-0.00736,0.01264,0.00341,-0.00646,0.00644,0.00405
2014-03-04,0.01517,-0.00185,-0.00392,0.00536,-0.0137,-0.00525
2014-03-05,0.00014,-0.00804,-0.00106,0.00107,-0.00094,0.00018
2014-03-06,0.00189,0.00563,-0.00347,0.00012,-0.00736,-0.00134
2014-03-07,0.00062,-0.00131,-0.00433,-0.00257,-0.00635,-0.00269
2014-03-10,-0.0004,-0.0074,9e-05,-0.00187,-0.00041,0.00047
2014-03-11,-0.00506,-0.00063,0.00094,-0.00016,0.00363,0.00066
2014-03-12,0.00056,-0.00311,0.0017,-0.00054,0.00706,0.00142
2014-03-13,-0.01164,-0.00319,0.00373,-0.00026,0.01145,0.00385
2014-03-14,-0.0028,0.00521,0.00025,0.00026,0.00241,0.00094
2014-03-17,0.00957,-0.01036,-0.00229,0.00052,-0.00666,-0.00246
2014-03-18,0.00722,0.00525,0.00153,0.00227,0.00065,0.00073
2014-03-19,-0.00615,0.00042,-0.00407,0.0007,-0.0076,-0.0075
2014-03-20,0.00604,-0.00483,-0.00047,-0.00292,0.00169,-0.00311
2014-03-21,-0.00293,-0.00079,0.00357,0.00166,0.00886,0.00274
2014-03-24,-0.00488,0.0013,0.00216,0.00108,0.00646,0.0015
2014-03-25,0.00449,0.00463,0.00097,0.00378,-0.00087,0.00015
2014-03-26,-0.007,-0.00025,0.00274,0.00383,0.00483,0.00266
2014-03-27,-0.00173,0.00903,0.00206,0.00553,0.00729,0.00145
2014-03-28,0.00467,0.00086,-0.00269,-0.0006,-0.00607,-0.0028
2014-03-31,0.00794,-0.00221,4e-05,0.00205,-0.0029,-0.00036
2014-04-01,0.00708,-0.01066,-0.00122,0.00209,-0.00711,-0.00201
2014-04-02,0.00302,-0.00259,-0.00262,-0.00159,-0.00756,-0.00326
2014-04-03,-0.00112,0.00843,0.0019,2e-05,0.00435,0.00128
2014-04-04,-0.01258,0.00385,0.00396,0.00555,0.00674,0.00453
2014-04-07,-0.0108,-0.00259,0.00357,-0.00092,0.00538,0.00124
2014-04-08,0.00407,0.01214,0.00075,0.00192,0.00286,0.00047
2014-04-09,0.01095,0.00123,8e-05,0.00194,-0.00372,0.00124
2014-04-10,-0.0211,0.00115,0.00476,0.00448,0.01114,0.00464
2014-04-11,-0.00943,-0.00305,-4e-05,-0.00123,0.0045,0.00112
2014-04-14,0.00819,0.00759,-0.00013,-0.00264,-0.00115,-0.00116
2014-04-15,0.00673,-0.00024,0.00092,-0.00137,0.0043,0.00134
2014-04-16,0.01046,0.00177,-0.00083,0.0011,0.00137,0.00123
2014-04-17,0.00141,0.00094,-0.00468,0.00128,-0.01016,-0.00202
2014-04-21,0.00378,-0.00282,0.00092,0.00046,-0.00183,0.00014
2014-04-22,0.00409,-0.00055,8e-05,-0.00073,0.00408,7e-05
2014-04-23,-0.00209,0.00083,0.00301,0.00052,0.00603,0.00346
2014-04-24,0.00174,0.00507,0.00013,-0.00105,0.00081,0.00018
2014-04-25,-0.00813,-0.00368,0.00171,-0.00251,0.00437,0.00061
2014-04-28,0.00329,-0.00424,-0.00208,0.00148,-0.00343,-0.00155
2014-04-29,0.00477,0.00435,8e-05,0.00258,-0.00525,-0.00198
2014-04-30,0.00303,-0.00673,0.00171,0.00189,0.00601,0.00382
2014-05-01,-8e-05,-0.0075,0.00494,0.00159,0.00927,0.00413
2014-05-02,-0.00135,0.00291,0.00178,0.00154,0.00645,0.00111
2014-05-05,0.00195,-0.00051,-0.00153,0.00029,-0.00685,-0.00175
2014-05-06,-0.00901,0.00034,0.00095,0.00328,0.00505,0.00021
2014-05-07,0.00603,0.00228,0.00041,0.00637,-0.00386,0.00039
2014-05-08,-0.00112,-0.00302,0.00099,0.00407,-0.00157,0.00233
2014-05-09,0.0017,-0.00482,-0.00306,-0.0015,-0.00631,-0.00207
2014-05-12,0.00966,0.00267,-0.00178,-0.00125,-0.00433,-0.00237
2014-05-13,0.00067,0.0035,0.00394,0.00154,0.00676,0.00215
2014-05-14,-0.00452,0.0047,0.0054,0.00384,0.01349,0.00671
2014-05-15,-0.00922,-0.00495,0.00144,-9e-05,0.00655,0.00429
2014-05-16,0.00374,-0.00042,-0.00025,-0.00094,-0.0016,-0.00106
2014-05-19,0.00391,0.00087,-0.00152,0.00134,-0.00631,-0.00199
2014-05-20,-0.00649,0.00076,0.00095,-0.00131,0.00176,0.00121
2014-05-21,0.00823,0.00269,-0.00251,0.00138,-0.00699,-0.00075
2014-05-22,0.0025,-0.00045,-0.00198,-0.00065,-0.00234,0.00103
2014-05-23,0.00425,0.00272,0.00198,0.00271,0.00539,0.00163
2014-05-27,0.00598,-0.00636,0.00222,0.00129,0.00594,0.00138
2014-05-28,-0.00096,-0.00061,0.00631,0.00613,0.01353,0.00571
2014-05-29,0.00548,-0.00038,-0.00168,0.00278,-0.00271,0.00046
2014-05-30,0.00185,-0.00708,-0.00078,-0.00059,-0.00161,-0.00176
2014-06-02,0.00082,-0.00019,-0.00563,-0.0011,-0.01093,-0.00576
2014-06-03,-0.00033,-0.00184,-0.00243,-0.00254,-0.00988,-0.00554
2014-06-04,0.00207,-0.00279,-0.00203,-0.0017,-0.00174,-0.00168
2014-06-05,0.00657,0.00175,0.00248,0.00289,0.00218,0.00203
2014-06-06,0.00476,0.00249,0.00025,0.00796,-0.0008,-0.00025
2014-06-09,0.00099,0.00518,-0.00058,0.00059,-0.00189,7e-05
2014-06-10,-0.00024,-0.00306,-0.00136,-0.00302,-0.00286,-0.00125
2014-06-11,-0.00343,-0.00063,0.00033,-0.0033,-0.00015,-4e-05
2014-06-12,-0.00683,0.01227,0.00392,-0.00037,0.01038,0.00342
2014-06-13,0.00314,0.00151,-0.00087,0.00031,-0.00053,-0.00192
2014-06-16,0.00084,0.00239,0.0007,-0.0045,0.00278,0.00142
2014-06-17,0.00219,0.0019,-0.00305,-0.00239,-0.00831,-0.00174
2014-06-18,0.0077,0.0036,0.0026,0.00257,0.00465,0.00355
2014-06-19,0.00142,0.0083,-0.00087,0.00225,-0.00687,0.00117
2014-06-20,0.00173,0.00167,8e-05,0.00015,0.00167,0.00156
2014-06-23,-0.00013,-0.00241,0.00198,0.00143,0.00099,0.00035
2014-06-24,-0.00637,0.00178,0.00238,0.00288,0.00698,0.00346
2014-06-25,0.00491,-0.00024,0.00197,0.00189,0.00444,0.00137
2014-06-26,-0.00101,-0.00359,0.00135,0.00064,0.00656,0.00232
2014-06-27,0.00196,-0.00089,-0.00094,-7e-05,-0.00324,-0.00039
2014-06-30,-0.00033,-0.00795,0.00074,-0.00103,0.00455,0.00081
2014-07-01,0.00684,-0.00039,-0.00336,7e-05,-0.01008,-0.00412
2014-07-02,0.00072,-0.00156,-0.00407,-0.00066,-0.01221,-0.00449
2014-07-03,0.00547,-0.00166,-0.00144,-0.00086,-0.00263,-4e-05
2014-07-07,-0.00389,-0.00932,0.00247,0.00092,0.008,0.00219
2014-07-08,-0.00678,-0.00316,0.00374,0.00318,0.01025,0.00339
2014-07-09,0.00469,-0.00494,-0.0014,0.00232,0.00366,0.00278
2014-07-10,-0.00414,0.00211,0.00234,-0.00017,-0.00063,0.00147
2014-07-11,0.00157,-0.00869,0.00176,0.00081,0.00367,0.00077
2014-07-14,0.00483,0.00233,-0.00184,-0.00153,-0.00428,-0.00239
2014-07-15,-0.00193,-0.00671,0.00066,-0.00087,0.0005,-0.00148
2014-07-16,0.00431,0.00172,0.00029,0.00052,0.00324,-0.00046
2014-07-17,-0.01181,0.00108,0.00429,-0.0019,0.01051,0.00481
2014-07-18,0.01022,-0.00654,-0.00151,0.00295,-0.00068,-0.00074
2014-07-21,-0.00229,0.00449,0.0011,-0.00076,0.00525,0.0014
2014-07-22,0.005,-0.00441,0.00041,0.0024,0.00203,-0.00021
2014-07-23,0.00176,0.00307,0.00073,0.00407,-0.00086,-0.00011
2014-07-24,0.0005,-0.00204,-0.00298,0.00085,-0.00716,-0.00147
2014-07-25,-0.00484,0.00475,0.00294,-0.00206,0.00966,0.00357
2014-07-28,0.00029,-0.00207,-0.00122,-0.00185,-0.00305,-0.00157
2014-07-29,-0.00449,-0.00311,0.00273,0.00011,0.00702,0.00241
2014-07-30,0.00022,-0.00308,-0.0049,0.00185,-0.01517,-0.00602
2014-07-31,-0.02014,-0.00542,-0.00279,-0.00556,-0.00046,0.00056
2014-08-01,-0.00286,-0.00671,0.00127,-0.00576,0.00317,0.00175
2014-08-04,0.00717,0.00583,0.00164,0.00015,0.00053,-0.00042
2014-08-05,-0.00964,-0.00376,0.00033,-0.00361,0.00291,0.00067
2014-08-06,0.00032,0.00503,4e-05,-0.00108,7e-05,0.00035
2014-08-07,-0.00533,0.00131,0.00257,-0.00095,0.00718,0.00339
2014-08-08,0.01149,-0.00345,-0.00037,-0.00051,0.00155,0.00021
2014-08-11,0.00294,0.00124,0.00094,0.00357,-0.001,7e-05
2014-08-12,-0.00158,-0.00524,-0.00204,4e-05,-0.00587,-0.00258
2014-08-13,0.00694,0.00014,0.00249,0.00325,0.00464,0.00241
2014-08-14,0.00439,-0.01309,0.00175,0.00423,0.00882,0.00098
2014-08-15,6e-05,0.00469,0.00479,0.00135,0.01104,0.00216
2014-08-18,0.00856,-0.00849,-0.00385,0.001,-0.01045,-0.0039
2014-08-19,0.00519,0.0013,-8e-05,0.00266,-0.00426,-0.00227
2014-08-20,0.00254,0.0029,-0.0024,-0.00128,0.0,-0.00217
2014-08-21,0.00297,0.00261,0.0037,-0.00015,0.00492,0.002
2014-08-22,-0.00186,-0.00096,0.00134,-0.00063,0.00599,-0.00091
2014-08-25,0.00479,-0.00076,0.00057,0.00087,0.00396,0.00112
2014-08-26,0.00106,0.00239,0.00069,0.002,-0.00285,-3e-05
2014-08-27,0.00026,0.00115,0.00198,0.00386,0.00763,0.00182
2014-08-28,-0.00156,0.00054,0.00238,-0.00078,0.00694,0.00161
2014-08-29,0.0034,0.00304,0.00161,-0.00024,-0.00213,-0.00189
2014-09-02,-0.0005,-0.01609,-0.00589,-0.00384,-0.01559,-0.00406
2014-09-03,-0.0006,0.00703,-0.00117,0.00248,0.00296,0.00105
2014-09-04,-0.00151,-0.0066,-0.00292,0.00089,-0.0083,-0.00319
2014-09-05,0.00505,-0.00181,-0.00041,-0.00046,-0.00565,-0.00123
2014-09-08,-0.00291,-0.00429,-0.00146,-0.00215,0.00264,-0.00215
2014-09-09,-0.00655,-0.00802,-0.00167,-0.00285,-0.0015,-0.00311
2014-09-10,0.00374,-0.00643,-0.00331,-0.00214,-0.00654,-0.00404
2014-09-11,0.00116,-0.00515,0.00057,0.00105,0.00264,0.00252
2014-09-12,-0.00596,-0.0052,-0.00595,-0.00459,-0.01706,-0.00562
2014-09-15,-0.0007,0.001,0.00082,-0.00281,0.00236,0.00121
2014-09-16,0.00747,0.00808,-0.00045,-0.00018,-0.002,-0.00018
2014-09-17,0.00132,-0.00179,0.00041,-0.00112,-0.00172,-0.00536
2014-09-18,0.00502,-0.01091,-0.00235,-0.00119,0.00063,-0.00413
2014-09-19,-0.00046,-0.00271,0.00411,0.00262,0.01038,0.00212
2014-09-22,-0.00805,-0.00886,0.00217,0.00127,0.00212,-0.00104
2014-09-23,-0.00569,-0.00021,0.00115,0.00053,0.00676,0.00448
2014-09-24,0.00782,0.0041,-0.00278,0.0023,-0.00528,-0.00122
2014-09-25,-0.0163,-0.00177,0.00328,-0.00094,0.01107,0.00304
2014-09-26,0.00873,-0.0008,-0.00364,-0.00248,0.00035,-0.00436
2014-09-29,-0.00246,0.00661,0.00156,-0.00549,0.00678,0.00097
2014-09-30,-0.00274,-0.01837,-8e-05,-0.00172,-0.00493,-0.00097
2014-10-01,-0.01325,-0.00393,0.00556,0.00137,0.01725,0.00757
2014-10-02,9e-05,-0.00541,0.00049,0.00088,-0.00668,-0.00249
2014-10-03,0.01112,-0.00598,0.00073,-0.00115,0.0032,-0.00211
2014-10-06,-0.00154,0.00999,0.00264,0.00141,0.00115,0.00089
2014-10-07,-0.01524,-0.00107,0.0051,0.00117,0.01287,0.00403
2014-10-08,0.01765,-0.00829,-4e-05,0.00156,-0.00083,0.00373
2014-10-09,-0.02083,-0.00638,-8e-05,0.00378,-0.00014,0.00064
2014-10-10,-0.01142,-0.0039,-0.00016,-0.00301,0.00504,0.00226
2014-10-14,-0.01502,-0.01397,0.00512,0.00029,0.01419,0.00275
2014-10-15,-0.00804,-0.01168,0.0094,0.00062,0.0146,0.00355
2014-10-16,0.00018,0.0079,-0.009,-0.0015,-0.01053,-0.00246
2014-10-17,0.0128,0.00315,-0.00068,0.00474,-0.00556,-0.0007
2014-10-20,0.00912,-0.00652,0.00125,0.00151,0.00186,-0.00028
2014-10-21,0.0194,0.00778,0.0,0.00024,-0.0044,-0.00159
2014-10-22,-0.00721,-0.00885,-0.00112,0.00179,-0.00279,-0.00138
2014-10-23,0.01223,0.00963,-0.005,-0.00033,-0.00807,-0.00318
2014-10-24,0.00704,-0.00695,0.00141,-0.00017,-0.00056,-0.00113
2014-10-27,-0.00149,0.00069,0.00012,0.00087,0.00297,0.00082
2014-10-28,0.01187,0.00582,-0.00137,0.00285,-0.0043,-0.00043
2014-10-29,-0.00128,0.01225,-0.00291,0.00152,0.00147,-0.00238
2014-10-30,0.00628,-0.00852,0.00113,-7e-05,0.00213,0.00156
2014-10-31,0.01167,-0.00371,-0.00069,0.00026,-0.00397,-0.00121
2014-11-03,-0.00011,-0.00582,-0.00077,-0.0008,-0.0008,-0.00096
2014-11-04,-0.00283,-0.01415,-0.00049,-0.0025,0.00265,-4e-05
2014-11-05,0.00603,0.0002,-0.00158,-0.0012,-0.00193,0.00075
2014-11-06,0.00407,0.00212,-0.00154,-0.00194,-0.00483,-0.00064
2014-11-07,0.00054,0.0058,0.00321,-0.00052,0.00813,0.00472
2014-11-10,0.00317,-0.00975,-0.00223,0.00055,-0.00702,-0.00305
2014-11-12,0.00028,0.00278,-0.00065,-0.00044,0.00171,-0.0006
2014-11-13,0.00061,-0.02161,0.00102,-2e-05,0.00095,-0.00139
2014-11-14,0.00036,0.01091,0.00093,-0.0005,0.00507,0.00203
2014-11-17,0.00079,-0.00121,-0.00268,-0.00155,-0.00272,-0.00302
2014-11-18,0.00532,-0.00531,-0.00094,0.00053,0.00265,0.00039
2014-11-19,-0.00144,-0.00412,-0.00253,0.00109,-0.0038,-0.00335
2014-11-20,0.00201,0.00773,0.00192,0.00133,0.00237,0.00211
2014-11-21,0.00536,0.00827,0.00354,0.00375,0.00559,0.00278
2014-11-24,0.00287,-0.0063,0.00219,0.00063,0.00082,0.00075
2014-11-25,-0.00104,-0.00437,0.00376,0.00083,0.0094,0.0016
2014-11-26,0.00303,-0.00213,0.00278,0.0013,0.00454,0.00074
2014-12-01,-0.00931,-0.03029,-0.0002,-0.00538,0.00068,-0.00174
2014-12-02,0.00642,-0.01953,-0.00529,-0.00256,-0.01028,-0.00584
2014-12-03,0.00402,-0.00285,-0.00049,-0.00055,0.00243,0.00036
2014-12-04,-0.00115,-0.00148,0.00194,0.0031,0.006,0.00132
2014-12-05,0.00167,-0.00243,-0.00279,-0.00374,-0.00129,-0.00493
2014-12-08,-0.00714,-0.01867,0.0038,-0.00499,0.01154,0.00107
2014-12-09,-0.00023,0.00834,0.00129,-0.00523,0.00481,0.00368
2014-12-10,-0.01641,-0.01897,0.00197,-0.00825,0.00696,0.00121
2014-12-11,0.00479,-0.00296,-0.00137,-0.00235,0.00181,-0.00096
2014-12-12,-0.01631,-0.00824,0.00366,-0.01186,0.01261,0.00075
2014-12-15,-0.00633,-0.01097,-0.00116,-0.01262,0.00255,-0.00225
2014-12-16,-0.00853,-0.01215,-0.00084,-0.00889,0.00769,0.00417
2014-12-17,0.0202,0.01023,-0.00101,0.01629,-0.00855,-0.00381
2014-12-18,0.02388,-0.00992,-0.00343,0.01262,-0.01145,-0.00698
2014-12-19,0.00456,0.01212,0.00282,0.00745,0.00699,0.00416
2014-12-22,0.00394,-0.01337,0.0027,0.00312,0.0045,0.00197
2014-12-23,0.0018,0.01255,-0.00483,0.00071,-0.01827,-0.00631
2014-12-24,-0.0001,-0.01558,-0.00097,-0.00049,0.00389,-0.00151
2014-12-26,0.0033,0.00101,0.00117,-0.00038,0.00315,0.00047
2014-12-29,0.00103,-0.01092,0.00338,0.00073,0.0067,0.00065
2014-12-30,-0.00478,0.00197,0.00249,-0.00084,0.00328,0.00029
2014-12-31,-0.01036,-0.01224,0.00056,0.00031,0.00201,0.00269
2015-01-02,-0.0002,-0.0081,0.00368,-0.00018,0.01013,0.00657
2015-01-05,-0.01838,-0.01257,0.0055,-0.00701,0.01653,0.00107
2015-01-06,-0.00893,-0.00884,0.00492,-0.00471,0.0153,0.00014
2015-01-07,0.01187,-0.00647,-0.00036,0.00476,0.00203,0.00092
2015-01-08,0.01775,0.00088,-0.00353,0.00585,-0.01458,-0.00181
2015-01-09,-0.00844,-0.00071,0.00293,-0.00227,0.0069,0.00249
2015-01-12,-0.00812,-0.01921,0.00541,-0.00268,0.01135,4e-05
2015-01-13,-0.00248,-0.00616,4e-05,0.00148,0.00173,-0.00128
2015-01-14,-0.0058,0.011,0.00075,0.00312,0.00603,0.00656
2015-01-15,-0.00926,-0.01057,0.00326,0.00298,0.00722,0.00486
2015-01-16,0.01335,0.01783,-0.00353,2e-05,-0.00472,-0.00229
2015-01-20,0.00158,-0.01625,0.00177,0.0004,0.00695,0.00032
2015-01-21,0.00484,0.01131,-0.00177,-0.00224,-0.00724,-0.00328
2015-01-22,0.01516,-0.00687,-0.00201,0.0014,-0.00574,-0.00035
2015-01-23,-0.0055,-0.00351,0.00637,0.00909,0.01338,0.00585
2015-01-26,0.00257,-0.00248,-0.00078,-0.00247,-0.00084,-0.00084
2015-01-27,-0.01348,0.00669,0.00094,4e-05,-0.00055,0.00256
2015-01-28,-0.01351,-0.01257,0.00664,0.0013,0.01846,0.00452
2015-01-29,0.00956,-0.00712,-0.00238,0.00026,-0.00473,-0.00077
2015-01-30,-0.01306,0.02597,0.00537,0.00081,0.01127,0.00572
2015-02-02,0.0129,0.0087,0.00155,0.0031,-6e-05,0.00035
2015-02-03,0.01436,0.03158,-0.00641,0.00254,-0.02134,-0.00435
2015-02-04,-0.00387,-0.02861,-0.00066,-0.00206,-0.00204,-0.00059
2015-02-05,0.01044,0.0126,-0.00047,0.00188,-0.00613,-0.00168
2015-02-06,-0.00315,0.00423,-0.00736,-0.00243,-0.01744,-0.00716
2015-02-09,-0.00421,0.01039,0.00012,-0.00114,-0.00031,-0.0013
2015-02-10,0.01067,-0.01456,-0.00264,-0.00779,-0.00921,-0.0047
2015-02-11,0.00032,-0.00646,-0.00047,-0.00033,0.00133,-0.00074
2015-02-12,0.00984,0.01689,0.00028,0.00493,-0.00126,-0.0017
2015-02-13,0.00415,0.01165,-0.00178,0.00376,-0.00917,-0.00117
2015-02-17,0.00175,-0.00146,-0.00701,-0.00215,-0.01985,-0.00671
2015-02-18,-0.00027,-0.01135,0.00646,-0.00079,0.00846,0.00482
2015-02-19,-0.0009,-0.00278,-0.00218,0.00086,-0.00638,-0.0015
2015-02-20,0.00623,-0.00398,0.0004,-0.0007,-0.00132,-0.00071
2015-02-23,-0.00029,-0.00707,0.00328,-0.00057,0.01525,0.00339
2015-02-24,0.00279,0.00123,0.00668,0.00339,0.0099,0.00455
2015-02-25,-0.0006,0.01189,0.00243,0.00418,0.00474,0.00237
2015-02-26,-0.00131,-0.00841,-0.00219,0.00205,-0.00669,0.00042
2015-02-27,-0.00295,0.01648,-0.00165,0.00011,0.0018,0.00434
2015-03-02,0.00616,-0.01994,-0.00413,0.00031,-0.01542,-0.0072
2015-03-03,-0.00454,0.00912,-0.00221,-0.00072,-0.0048,0.00014
2015-03-04,-0.00419,-0.0162,-0.00063,-0.0017,-0.0013,0.00085
2015-03-05,0.00124,0.00192,0.00174,-0.00015,0.00109,-0.00195
2015-03-06,-0.01415,-0.00919,-0.00896,-0.00572,-0.02282,-0.00969
2015-03-09,0.00403,-0.00477,0.00243,-0.00242,0.00772,-0.00179
2015-03-10,-0.01704,-0.01506,0.00345,-0.00431,0.01388,0.00147
2015-03-11,-0.00177,0.00489,0.00241,0.00013,0.00696,0.0009
2015-03-12,0.01278,-0.00318,0.0,0.00281,0.00099,-0.00054
2015-03-13,-0.00607,-0.01878,-0.0032,-0.00587,-0.00229,-0.00341
2015-03-16,0.01346,-0.0025,0.0004,-0.00176,0.00311,-0.00158
2015-03-17,-0.00333,-0.00614,0.00071,-0.00183,0.01069,0.00191
2015-03-18,0.01211,0.01792,0.00714,0.00396,0.01462,0.01494
2015-03-19,-0.00487,-0.00722,0.00027,0.00648,-0.00055,0.00088
2015-03-20,0.00897,0.01613,0.00376,0.00581,0.0061,0.00237
2015-03-23,-0.00175,0.00579,0.00106,0.00374,-0.00065,-0.00071
2015-03-24,-0.00607,-0.00503,0.00336,0.00273,0.00818,0.00475
2015-03-25,-0.01464,0.00494,-0.0032,0.00165,-0.00661,-0.00032
2015-03-26,-0.00236,0.01117,-0.00619,-0.0029,-0.01784,-0.00574
2015-03-27,0.00256,-0.01935,0.00385,0.0007,0.01377,0.00095
2015-03-30,0.01225,0.00395,0.00039,0.00074,-0.00521,-0.00329
2015-03-31,-0.00873,-0.01305,0.00168,0.00024,0.00236,0.0023
2015-04-01,-0.00385,0.0209,0.00507,0.00623,0.01268,0.00789
2015-04-02,0.00355,-0.00931,-0.00163,0.00253,-0.00913,-0.00299
2015-04-06,0.00659,0.01257,-0.00101,0.00218,-0.00674,0.00316
2015-04-07,-0.00204,0.0087,0.0035,0.00155,0.00668,0.00154
2015-04-08,0.00306,-0.02426,0.00074,0.00397,0.00192,-0.00175
2015-04-09,0.00445,0.00167,-0.00487,0.00124,-0.01359,-0.00358
2015-04-10,0.00519,0.01047,0.00094,6e-05,0.00232,-0.00092
2015-04-13,-0.0045,-0.004,0.00082,0.00047,0.00115,0.00053
2015-04-14,0.00163,0.0057,0.00354,0.00115,0.00602,0.00246
2015-04-15,0.00514,0.0224,-0.00078,-0.00038,-0.00125,0.00256
2015-04-16,-0.00076,0.00722,0.00085,-0.00043,-0.00011,0.00238
2015-04-17,-0.01137,-0.00456,0.00248,-0.00265,0.0088,0.00526
2015-04-20,0.00922,-0.00368,-0.00388,-0.00109,-0.01158,-0.00296
2015-04-21,-0.00147,-0.00629,-0.00062,0.00081,-0.00242,-0.00279
2015-04-22,0.00511,0.00323,-0.00382,0.00227,-0.01262,-0.00403
2015-04-23,0.00245,0.01243,0.00055,0.00171,0.00348,0.00305
2015-04-24,0.00225,-0.00081,0.00109,0.00307,0.00337,0.00241
2015-04-27,-0.00415,0.00127,0.00093,0.0003,0.00107,0.00101
2015-04-28,0.00286,0.00076,-0.0048,-0.00102,-0.01027,-0.00472
2015-04-29,-0.00368,0.00895,-0.0073,-0.00339,-0.01268,-0.00263
2015-04-30,-0.01013,0.00534,-0.00351,-0.0025,-0.00187,0.00147
2015-05-01,0.01087,-0.00309,-0.00448,-0.00167,-0.01332,-0.00475
2015-05-04,0.00293,0.00035,-0.00032,-2e-05,-0.0074,-0.00378
2015-05-05,-0.01181,0.00171,-0.00334,-0.0012,-0.00643,-0.00138
2015-05-06,-0.00409,0.00933,-0.00452,-0.0014,-0.01445,-0.00618
2015-05-07,0.00402,-0.01703,0.00272,-0.00174,0.01415,0.00296
2015-05-08,0.01339,0.00615,0.00299,0.00563,0.00161,0.0022
2015-05-11,-0.0049,-0.00589,-0.00784,-0.00286,-0.02348,-0.00816
2015-05-12,-0.0029,0.01404,-0.00052,-0.00558,0.00329,0.00143
2015-05-13,-9e-05,0.00045,-0.00112,0.00218,-0.00954,-0.00114
2015-05-14,0.01083,0.00459,0.00165,-0.0008,0.00201,0.00161
2015-05-15,0.00089,-0.00184,0.00879,0.00431,0.02154,0.00601
2015-05-18,0.0031,-0.00346,-0.00595,-0.00037,-0.01694,-0.00459
2015-05-19,-0.00044,-0.0227,-0.00305,-0.00306,-0.00365,-0.00346
2015-05-20,-0.00082,0.00354,-0.00064,0.0005,-0.00202,0.00257
2015-05-21,0.00247,0.01041,0.00325,0.00447,0.01285,0.00267
2015-05-22,-0.00222,-0.01192,-0.00204,0.00034,-0.00418,-0.00125
2015-05-26,-0.01032,-0.02028,0.0062,-0.00122,0.02019,0.00427
2015-05-27,0.00929,-0.01355,0.00032,-0.00157,0.00234,-0.00202
2015-05-28,-0.00109,0.00421,-8e-05,-0.00123,-0.00156,-0.00011
2015-05-29,-0.00631,0.01442,0.00135,0.00019,0.00702,0.00486
2015-06-01,0.00216,-0.00151,-0.00763,-0.00324,-0.01846,-0.00803
2015-06-02,-0.00096,0.01134,-0.00624,-0.0019,-0.0123,-0.00347
2015-06-03,0.0023,-0.0126,-0.00534,-0.00254,-0.01535,-0.00632
2015-06-04,-0.00864,-0.01134,0.00462,-0.00213,0.01311,0.00352
2015-06-05,-0.0014,0.00541,-0.00596,-0.00381,-0.01363,-0.00349
2015-06-08,-0.00633,0.00105,0.00142,-0.0035,0.0016,0.00155
2015-06-09,0.00045,0.01713,-0.00398,-0.00235,-0.00806,-0.00184
2015-06-10,0.01204,0.00499,-0.00425,-0.00414,-0.00978,-0.00393
2015-06-11,0.00203,-0.01019,0.0064,0.00196,0.01875,0.00447
2015-06-12,-0.00696,-0.0095,0.00033,0.00255,0.00099,0.00011
2015-06-15,-0.00461,-0.00545,-0.00024,-0.00301,0.00193,0.00356
2015-06-16,0.00569,0.00235,0.00223,-0.00249,0.00664,0.00515
2015-06-17,0.002,0.00216,-0.00053,-4e-05,-0.00358,0.00132
2015-06-18,0.00998,0.00163,-0.00325,0.00658,-0.01153,-0.00386
2015-06-19,-0.00532,-0.01005,0.00556,0.00245,0.01514,0.00403
2015-06-22,0.00608,0.00464,-0.00544,0.00188,-0.01731,-0.00378
2015-06-23,0.00072,0.01017,-0.00265,0.00133,-0.00791,-0.00247
2015-06-24,-0.00735,-0.00594,0.00253,0.00024,0.00979,0.00258
2015-06-25,-0.00294,0.00198,-0.00167,-0.00161,-0.002,-0.00132
2015-06-26,-0.00021,0.0044,-0.00515,-0.00221,-0.01638,-0.00546
2015-06-29,-0.02099,-0.00423,0.00711,-0.00353,0.02676,0.00746
2015-06-30,0.00272,0.02111,0.00155,0.00162,-0.00074,0.00039
2015-07-01,0.00716,-0.01442,-0.0062,0.00142,-0.01582,-0.00491
2015-07-02,-0.00031,0.0003,0.00323,0.00206,0.00068,0.00255
2015-07-06,-0.00384,-0.03446,0.00852,-0.00151,0.02196,0.0066
2015-07-07,0.00607,-0.01175,0.00379,-0.00022,0.01028,0.00369
2015-07-08,-0.01649,0.00274,0.00044,-0.0011,0.00521,-0.00106
2015-07-09,0.00227,0.01181,-0.00735,0.00201,-0.01987,-0.00555
2015-07-10,0.01226,0.00459,-0.00867,0.00083,-0.0193,-0.00695
2015-07-13,0.01109,-0.00039,-0.00041,-2e-05,0.00091,-0.00122
2015-07-14,0.00445,-0.00129,0.00065,-0.00096,0.00271,0.00147
2015-07-15,-0.00072,-0.01291,0.00318,-0.0005,0.01067,0.00301
2015-07-16,0.00801,-0.00388,8e-05,0.00171,0.0038,-0.00025
2015-07-17,0.00111,-0.00568,0.00232,0.00039,0.00626,-0.00025
2015-07-20,0.00079,-0.01414,-0.00203,-0.00055,-0.00384,-0.00183
2015-07-21,-0.00424,0.00271,0.00167,-0.00028,0.00476,0.00247
2015-07-22,-0.00228,-0.01354,0.00142,-4e-05,0.00785,0.00079
2015-07-23,-0.00563,-0.0085,0.00284,-0.00125,0.01025,0.00129
2015-07-24,-0.01076,-0.01258,8e-05,-0.00202,0.00183,-0.00197
2015-07-27,-0.00579,-0.01261,0.00081,-0.00444,0.00484,0.00147
2015-07-28,0.01232,0.00566,-0.0019,0.00053,-0.00326,-0.00068
2015-07-29,0.00741,0.00073,-0.00065,0.00308,-0.00418,-0.00011
2015-07-30,0.00011,-0.00273,0.00049,0.00228,0.00635,0.00075
2015-07-31,-0.00227,-0.00962,0.00401,0.00265,0.00456,0.00275
2015-08-03,-0.00276,-0.02141,0.00447,-0.00131,0.0123,0.00075
2015-08-04,-0.00222,0.00635,-0.00504,-0.00066,-0.00502,-0.00407
2015-08-05,0.00349,-0.0045,-0.00397,-0.00066,-0.00911,-0.0048
2015-08-06,-0.0075,-0.00166,0.00105,-0.00246,0.00675,0.00111
2015-08-07,-0.00284,-0.00254,0.00457,0.00011,0.01442,0.00373
2015-08-10,0.01275,0.02456,-0.00574,-0.00066,-0.01315,-0.00197
2015-08-11,-0.00942,-0.01882,0.00639,0.0005,0.01672,0.00479
2015-08-12,0.00118,-0.00113,-0.00307,0.00024,-0.00211,-0.00103
2015-08-13,-0.00112,-0.00458,-0.00292,-0.00068,-0.00627,-0.00447
2015-08-14,0.00391,-0.00211,0.0,-0.00051,0.00219,-0.00029
2015-08-17,0.00538,-0.0067,0.00344,-0.0004,0.00752,0.00161
2015-08-18,-0.00244,-0.00509,-0.00364,-0.00147,-0.01088,-0.00402
2015-08-19,-0.00822,-0.01286,0.00239,-0.00269,0.00822,0.0023
2015-08-20,-0.02132,0.0049,0.00335,-0.00256,0.01165,0.00279
2015-08-21,-0.03221,-0.01678,0.00125,-0.00246,0.00113,-0.00021
2015-08-24,-0.04018,-0.02632,-0.00242,-0.0105,0.00495,7e-05
2015-08-25,-0.0136,0.00629,-0.00677,0.0028,-0.025,-0.00661
2015-08-26,0.03837,-0.01369,-0.00387,-0.00145,-0.01396,-0.0031
2015-08-27,0.02411,0.04199,0.00358,0.01166,0.00583,0.00562
2015-08-28,0.00073,0.02407,0.00146,0.00261,-0.00103,0.00061
2015-08-31,-0.00831,0.02088,-0.00134,0.00035,-0.00499,-0.00047
2015-09-01,-0.02997,-0.0271,0.00138,-0.00312,-5e-05,-0.00255
2015-09-02,0.0183,0.00555,-0.00073,-0.00168,-0.00577,-0.00267
2015-09-03,0.00122,0.00423,0.00288,0.00314,0.00342,-7e-05
2015-09-04,-0.01537,-0.00988,0.00509,0.00044,0.01076,0.00155
2015-09-08,0.02489,0.00584,-0.0038,0.00013,-0.01432,-0.00412
2015-09-09,-0.01391,-0.0145,0.00368,0.00254,0.00507,0.00278
2015-09-10,0.00535,0.01225,-0.00477,-0.00174,-0.0076,0.00014
2015-09-11,0.00479,-0.00416,0.00319,0.00049,0.00823,0.00267
2015-09-14,-0.00403,-0.0106,-0.00016,-4e-05,0.0007,-0.00144
2015-09-15,0.01276,0.00187,-0.00713,0.0011,-0.02108,-0.00764
2015-09-16,0.00871,0.01543,-0.00024,0.00213,-0.00494,-0.00076
2015-09-17,-0.0024,-0.00734,0.00794,0.00272,0.00976,0.00768
2015-09-18,-0.01629,-0.01525,0.00584,0.00558,0.01969,0.00385
2015-09-21,0.00457,0.01411,-0.00579,-0.00382,-0.01827,-0.00711
2015-09-22,-0.01237,-0.00589,0.00596,-0.00599,0.01835,0.00397
2015-09-23,-0.002,-0.00848,-0.00145,-0.00293,-0.00155,-0.0005
2015-09-24,-0.00337,0.00552,0.00104,-0.00716,0.00733,-0.00014
2015-09-25,-0.00046,0.00782,-0.00386,-0.00105,-0.00959,-0.00528
2015-09-28,-0.02571,-0.01613,0.00286,-0.00603,0.01626,0.00102
2015-09-29,0.00129,0.0065,-0.00072,-0.00373,0.00301,0.00203
2015-09-30,0.01896,0.00617,-0.00181,0.00514,-0.00436,0.00069
2015-10-01,0.00204,-0.00524,0.00028,0.00413,0.00468,0.00444
2015-10-02,0.01431,0.00527,0.0008,0.00318,0.00534,0.00592
2015-10-05,0.01818,0.0134,-0.00169,0.00717,-0.01253,-0.00304
2015-10-06,-0.0036,0.02131,0.00366,0.00354,0.00485,0.00326
2015-10-07,0.00839,-0.0054,0.00185,0.00281,-0.00194,-0.0005
2015-10-08,0.00878,0.00559,-0.00177,-7e-05,-0.01062,-0.00097
2015-10-09,0.00076,0.00719,0.00116,0.00429,0.00324,-0.00229
2015-10-13,-0.00548,-0.02171,0.0028,-0.00194,0.00633,0.00093
2015-10-14,-0.00467,-0.00022,0.00534,0.00142,0.01123,0.00333
2015-10-15,0.0148,-0.00277,-0.00295,0.00403,-0.0053,-0.00197
2015-10-16,0.00456,0.00292,0.00056,0.00445,0.00178,-0.00165
2015-10-19,0.00029,-0.01979,-0.00012,-0.00048,-0.00329,-0.00262
2015-10-20,-0.0014,0.00291,-0.0022,-0.00332,-0.00765,-0.00144
2015-10-21,-0.00571,-0.00744,0.00486,-0.00167,0.01,0.00176
2015-10-22,0.01652,0.00225,0.00286,0.00309,0.00157,0.00187
2015-10-23,0.01097,-0.00447,-0.00533,0.00143,-0.00728,-0.0005
2015-10-26,-0.00191,-0.00255,0.00505,0.0018,0.00585,-0.00025
2015-10-27,-0.00256,-0.00525,0.00186,-0.00275,0.00306,0.0019
2015-10-28,0.01186,0.01899,-0.00468,0.00208,-0.0028,-0.00485
2015-10-29,-0.00033,-0.0063,-0.00623,-0.00297,-0.01785,-0.00271
2015-10-30,-0.00482,0.00853,0.00084,-0.00096,0.00612,0.00191
2015-11-02,0.0118,-0.00533,-0.00104,0.00152,-0.00366,-0.00083
2015-11-03,0.00274,0.01656,-0.00285,0.0042,-0.00791,-0.00018
2015-11-04,-0.00319,-0.01678,-0.00036,0.00084,0.00117,-0.00217
2015-11-05,-0.00093,-0.00971,-8e-05,-0.00171,-0.00357,-0.00286
2015-11-06,-0.00023,-0.0047,-0.00604,-0.00485,-0.01376,-0.00374
2015-11-09,-0.00966,-0.00943,0.00016,-0.00542,-0.00266,0.00062
2015-11-10,0.00177,-0.00072,0.00182,0.00022,0.00266,-4e-05
2015-11-12,-0.01714,-0.02413,-0.00198,0.00013,0.00066,-0.0012
2015-11-13,-0.01126,-0.00793,0.00254,-0.0021,0.00428,0.00131
2015-11-16,0.01497,0.0023,0.0,0.00122,-0.00209,-0.00102
2015-11-17,-0.00113,-0.01203,0.00149,0.00273,0.00461,0.00233
2015-11-18,0.01611,0.00219,-0.00024,0.00192,0.00116,0.00102
2015-11-19,-0.00108,0.00341,0.00346,0.00315,0.00691,0.00294
2015-11-20,0.00396,0.00037,-0.00088,0.00156,-0.00301,0.00105
2015-11-23,-0.00119,0.00404,0.00096,-0.00061,0.00273,0.00134
2015-11-24,0.00125,0.01542,-4e-05,-0.00011,0.00032,0.00083
2015-11-25,-3e-05,-0.0004,0.00084,-0.00056,0.00217,0.00032
2015-11-27,0.00081,-0.01675,0.00064,-0.0005,-0.00099,0.0
2015-11-30,-0.0046,-0.00455,0.00052,-0.00198,0.0022,-0.00069
2015-12-01,0.01071,0.01088,0.00547,0.00035,0.01368,0.00364
2015-12-02,-0.01082,-0.0219,-0.00024,-0.00115,0.0026,-0.00252
2015-12-03,-0.01444,0.01195,-0.01242,-0.00602,-0.03057,-0.00727
2015-12-04,0.02032,-0.00252,0.00463,-0.0005,0.01169,0.00319
2015-12-07,-0.00694,-0.02739,0.00401,0.00105,0.012,0.00051
2015-12-08,-0.00642,-0.00556,-0.0032,-0.00236,-0.00455,-0.00069
2015-12-09,-0.00771,0.00088,0.00192,0.00285,0.00224,-0.00054
2015-12-10,0.00236,-0.00014,-0.00301,-0.00326,-0.00182,-0.00396
2015-12-11,-0.01945,-0.0138,0.00469,-0.00695,0.01765,0.00406
2015-12-14,0.00481,-0.0053,-0.01081,-0.00516,-0.01387,-0.00709
2015-12-15,0.01057,-0.00061,-0.00287,0.00337,-0.0054,-0.00058
2015-12-16,0.0145,-0.01138,0.00101,-0.00122,-0.00205,-0.00303
2015-12-17,-0.015,-0.00455,0.00327,0.00416,0.0123,0.00376
2015-12-18,-0.01796,0.0035,0.00133,-0.0023,0.00475,0.00251
2015-12-21,0.00786,-0.00383,-0.00024,-0.00122,-0.00282,-0.0016
2015-12-22,0.00888,-0.00833,-0.00291,0.00071,-0.00742,-0.00204
2015-12-23,0.01242,0.01673,-0.0015,0.0015,-0.00617,0.00168
2015-12-24,-0.0016,0.00513,0.00214,0.00049,0.00605,0.00178
2015-12-28,-0.00218,-0.00992,0.00206,0.00011,0.00493,0.00051
2015-12-29,0.01077,0.01338,-0.00554,0.00088,-0.01839,-0.00441
2015-12-30,-0.00714,-0.01626,0.00053,0.0,-0.0002,0.00073
2015-12-31,-0.00945,0.00793,0.00271,2e-05,0.00545,0.00339
2016-01-04,-0.01519,-0.00654,0.00101,-0.00053,0.00505,0.00142
2016-01-05,0.00201,-0.00662,-0.00105,0.00267,-0.00426,0.00025
2016-01-06,-0.01284,-0.0217,0.00456,-0.00026,0.0137,0.00334
2016-01-07,-0.02396,-0.00346,0.00012,-0.00284,0.00256,-0.0008
2016-01-08,-0.01089,-8e-05,0.00177,-0.00108,0.00108,0.00011
2016-01-11,0.00085,-0.02778,-0.00334,-0.00237,-0.00595,-0.00319
2016-01-12,0.00777,-0.01289,0.00394,-0.00319,0.01394,0.0021
2016-01-13,-0.02517,-0.00432,0.00196,-0.00209,0.00696,0.00185
2016-01-14,0.01657,0.0031,-0.00659,-0.00205,-0.00846,-0.00148
2016-01-15,-0.02179,-0.0233,8e-05,-0.00687,0.01391,0.00014
2016-01-19,0.00054,-0.0037,-0.00089,0.0009,0.0017,0.00051
2016-01-20,-0.01161,-0.01262,-0.0025,-0.00486,0.00901,-0.00065
2016-01-21,0.00521,0.01318,-0.00304,0.00306,-0.00741,-0.00239
2016-01-22,0.02008,0.03398,0.00016,0.00782,-0.00414,0.00105
2016-01-25,-0.01576,-0.01748,0.0017,-0.00103,0.00403,0.00087
2016-01-26,0.01405,0.01873,0.00057,0.00183,0.00359,0.00297
2016-01-27,-0.01086,0.01164,-0.00154,0.00389,-0.00156,0.00253
2016-01-28,0.0056,0.00238,-8e-05,0.00421,0.00012,0.0018
2016-01-29,0.02448,0.01768,0.00308,0.00276,0.00707,0.00431
2016-02-01,-0.00041,-0.02117,-0.00393,-0.00166,-0.00432,-0.00363
2016-02-02,-0.01889,-0.01829,0.00538,-0.00321,0.01888,0.00445
2016-02-03,0.00532,0.02459,-0.00319,0.00166,-0.00494,0.00093
2016-02-04,0.00172,-0.00191,0.00069,0.00223,0.00169,-0.00025
2016-02-05,-0.0186,-0.00812,0.00101,0.00093,0.00343,-0.00161
2016-02-08,-0.01416,-0.00298,0.00524,-0.00533,0.02163,0.0015
2016-02-09,-0.00046,-0.03017,-0.00383,-0.00218,0.00101,-0.00337
2016-02-10,0.00016,0.00454,0.00262,0.00153,0.00545,0.00362
2016-02-11,-0.01219,0.00191,-0.00113,-0.00293,0.00613,0.00204
2016-02-12,0.01943,0.0311,-0.00708,0.00222,-0.01453,-0.00275
2016-02-16,0.01671,-0.01875,-0.0002,0.00359,-0.0065,-0.00312
2016-02-17,0.01645,0.02527,-0.00142,0.00721,-0.00903,-0.00169
2016-02-18,-0.00462,-0.00648,0.00636,0.00294,0.01052,0.00165
2016-02-19,0.00012,-0.01176,0.00182,0.00042,0.00423,0.00144
2016-02-22,0.01435,0.01598,0.0006,0.00389,-0.00259,0.00193
2016-02-23,-0.01247,-0.01524,0.00266,0.0,0.00443,0.003
2016-02-24,0.00448,0.01612,0.00028,-0.00044,-0.00053,0.00225
2016-02-25,0.01152,0.00195,0.00425,0.0029,0.00498,0.00511
2016-02-26,-0.00175,-0.00598,-0.00312,0.00269,-0.01204,-0.00401
2016-02-29,-0.00806,0.01249,0.00424,0.0029,0.00287,0.00359
2016-03-01,0.02361,0.00083,-0.00473,0.00305,-0.01666,-0.00316
2016-03-02,0.00427,0.00571,0.00176,0.00224,0.00295,0.00146
2016-03-03,0.00359,0.00601,0.00336,0.0026,0.00574,0.00347
2016-03-04,0.00332,0.02212,-0.00092,0.00328,-0.00868,-0.00379
2016-03-07,0.00095,0.01802,0.00184,-0.0003,0.001,-0.00242
2016-03-08,-0.01112,-0.01399,0.00704,-0.00075,0.01134,0.00302
2016-03-09,0.00521,0.01575,-0.00274,0.00218,-0.00842,-0.00135
2016-03-10,0.00022,-0.00555,0.00111,0.0006,-0.00284,-0.00328
2016-03-11,0.01654,0.00666,0.00155,0.00256,-0.0089,-0.00018
2016-03-14,-0.0012,-0.01039,0.00533,-0.00011,0.00304,-0.00068
2016-03-15,-0.00182,-0.00922,0.00232,-0.00303,0.0018,-0.00136
2016-03-16,0.00565,0.01334,0.00035,0.00162,-0.0023,0.00812
2016-03-17,0.00658,0.01818,0.00537,0.01082,0.00796,0.00396
2016-03-18,0.00439,-0.00555,0.00363,0.00583,0.00341,0.00412
2016-03-21,0.00099,0.00409,-0.00242,0.00036,-0.01062,-0.0007
2016-03-22,-0.00072,0.00764,0.0016,-0.00048,0.00234,-0.00166
2016-03-23,-0.0064,-0.02116,0.00455,-0.00193,0.0128,0.0018
2016-03-24,-0.00038,-0.00079,-0.00229,-0.00366,-0.00282,-0.003
2016-03-28,0.00055,0.00032,0.0014,0.00046,0.00416,0.00071
2016-03-29,0.00898,-0.00542,0.00446,0.00027,0.00624,0.00871
2016-03-30,0.00444,-0.00098,-0.00139,0.00448,-0.00851,0.00129
2016-03-31,-0.00204,-0.00051,0.00387,0.00264,0.00674,0.00272
2016-04-01,0.00632,-0.01764,0.00023,0.00121,6e-05,-0.00094
2016-04-04,-0.003,-0.01488,0.00208,0.00015,0.00212,0.00143
2016-04-05,-0.01019,-0.00436,0.00407,-0.00211,0.01212,0.0008
2016-04-06,0.01081,0.0145,-0.0018,0.00157,-0.00658,-0.00212
2016-04-07,-0.01201,-0.00692,0.00471,-0.001,0.01265,0.00358
2016-04-08,0.00279,0.02781,-0.00249,0.00119,-0.00792,-0.0017
2016-04-11,-0.00274,0.00601,0.00034,0.00301,-0.00062,-0.00216
2016-04-12,0.00965,0.02196,-0.0038,0.00287,-0.00798,-0.0043
2016-04-13,0.01014,0.00451,0.00368,0.00471,0.00529,0.00175
2016-04-14,0.00028,-0.00759,0.00011,0.00201,-0.00375,-0.00185
2016-04-15,-0.00099,-0.00444,0.00344,0.0,0.00623,0.00213
2016-04-18,0.00654,0.00252,-0.00149,-0.00116,-0.00446,-0.00031
2016-04-19,0.00308,0.02257,0.00237,0.00456,-0.0013,0.00189
2016-04-20,0.00082,0.02285,-0.00302,0.00238,-0.01221,-0.00391
2016-04-21,-0.00518,-0.00992,0.00134,-0.00154,-0.0053,-0.00095
2016-04-22,5e-05,-0.00261,0.00076,-0.0028,-0.00199,-0.00053
2016-04-25,-0.00181,-0.00258,-0.00099,-0.00314,-0.00341,-0.0007
2016-04-26,0.00187,0.01484,-0.00161,-0.00199,-0.00531,-0.00046
2016-04-27,0.00172,0.00902,0.00508,0.00313,0.01015,0.00518
2016-04-28,-0.00921,0.0092,0.00129,0.0046,0.00082,0.00439
2016-04-29,-0.00507,0.00416,0.00171,0.00033,0.00606,0.00222
2016-05-02,0.00779,-0.01054,-0.00342,-0.00043,-0.00966,-0.00609
2016-05-03,-0.00869,-0.0164,0.00323,-0.00272,0.01135,0.00216
2016-05-04,-0.00574,-0.00287,-0.00061,-0.00271,0.00339,0.00021
2016-05-05,0.0,-0.00693,0.0025,0.00054,0.00733,0.00285
2016-05-06,0.0033,0.00809,-0.00383,0.00103,-0.0035,-0.00289
2016-05-09,0.00076,-0.02293,0.00072,0.00047,0.00168,-0.00031
2016-05-10,0.01243,0.02338,0.00046,0.00153,0.00104,0.00317
2016-05-11,-0.00908,0.02378,0.0022,0.00325,0.00571,0.00132
2016-05-12,-7e-05,0.00186,-0.00334,0.00185,-0.00574,-0.00142
2016-05-13,-0.00843,-0.00243,0.00368,0.00086,0.01012,0.00246
2016-05-16,0.00985,0.00946,-0.00391,-0.00023,-0.00799,-0.0016
2016-05-17,-0.00915,0.00793,-0.00023,0.00049,0.00208,0.00111
2016-05-18,0.00035,-0.00102,-0.00879,-0.00386,-0.01852,-0.0101
2016-05-19,-0.0037,-0.00638,0.00245,-0.00739,0.00956,0.0015
2016-05-20,0.00616,0.00201,-0.00046,0.00157,-0.00083,-0.00077
2016-05-23,-0.00205,-0.00462,0.00042,-0.00041,0.00091,-7e-05
2016-05-24,0.01361,-0.00066,-0.00034,0.00031,-0.00149,-0.00056
2016-05-25,0.00701,0.01208,0.0,0.0019,-0.00493,0.00063
2016-05-26,-7e-05,0.0018,0.00558,0.00111,0.00767,0.00377
2016-05-27,0.00446,0.00183,-0.00153,0.00039,-0.00192,-0.00126
2016-05-31,-0.00094,-0.0032,0.00183,-0.00031,0.00225,-0.00122
2016-06-01,0.0013,0.00463,-0.00095,0.00113,0.0012,-0.00143
2016-06-02,0.00294,0.0074,0.00289,0.00261,0.00771,0.00266
2016-06-03,-0.00291,0.00368,0.00686,0.00633,0.01303,0.00633
2016-06-06,0.00491,0.01251,-0.00106,0.00393,-0.00475,0.00101
2016-06-07,0.00131,0.00827,0.002,0.00327,0.00245,0.00249
2016-06-08,0.00351,0.01831,0.00211,0.00289,0.00357,0.0018
2016-06-09,-0.00168,-0.00099,0.00188,-0.00085,0.00662,0.00045
2016-06-10,-0.0092,-0.01295,0.00128,-0.00182,0.00579,0.00045
2016-06-13,-0.00785,0.00132,-0.00038,-0.00298,0.00309,-0.0011
2016-06-14,-0.00173,-0.00648,-0.00289,-0.00513,0.00183,-0.00131
2016-06-15,-0.00176,-0.0044,0.00192,0.00165,0.00076,0.00266
2016-06-16,0.00329,-0.01833,0.00109,0.00063,0.00735,-0.00041
2016-06-17,-0.00326,0.02052,-0.00304,0.00108,-0.00865,-0.0039
2016-06-20,0.0058,0.01307,0.00023,0.00418,-0.00785,-0.00239
2016-06-21,0.0028,-0.00837,-0.00102,0.0003,-0.00426,-0.00115
2016-06-22,-0.00165,-0.0066,0.00184,0.00259,-0.00027,0.00052
2016-06-23,0.01329,0.00619,-0.00245,0.00341,-0.01117,0.00118
2016-06-24,-0.03658,-0.02004,0.00613,-0.004,0.02465,0.00567
2016-06-27,-0.01826,-0.007,0.00613,-0.00012,0.02724,0.00317
2016-06-28,0.01783,0.02088,0.00127,0.00587,0.0005,0.00257
2016-06-29,0.01701,0.01868,0.00197,0.00963,-0.00056,0.00154
2016-06-30,0.01347,-0.01236,0.00163,0.00171,-0.00602,-0.00021
2016-07-01,0.00213,0.01155,0.00399,0.00587,0.01159,0.00543
2016-07-05,-0.0068,-0.02672,0.00684,0.00324,0.02071,0.00486
2016-07-06,0.00569,0.00418,-0.00022,0.00024,-0.00309,0.00173
2016-07-07,-0.00077,-0.02741,0.00201,0.0013,0.00229,-0.00074
2016-07-08,0.01514,0.00948,0.00427,0.00489,0.00599,0.00108
2016-07-11,0.0034,-0.00133,-0.00131,0.00494,-0.00846,-0.00407
2016-07-12,0.00699,0.01817,-0.0038,-0.00154,-0.01485,-0.0034
2016-07-13,0.00023,-0.01526,0.00395,0.00113,0.01014,0.00252
2016-07-14,0.00527,0.00626,-0.00398,-0.0001,-0.01387,-0.00289
2016-07-15,-0.00093,-0.004,-0.00444,-0.00115,-0.00959,-0.00283
2016-07-18,0.00242,-0.00447,0.00085,-0.00141,-0.00025,0.00041
2016-07-19,-0.00141,-0.00621,0.00202,-0.00043,0.00519,-0.0001
2016-07-20,0.00439,-0.00435,-0.00158,0.00025,-0.00418,-0.00113
2016-07-21,-0.0036,-0.00575,0.00118,0.00014,-0.00045,-0.00024
2016-07-22,0.00455,-0.00443,0.00077,0.00072,0.00241,-0.0014
2016-07-25,-0.00301,-0.00848,-0.00062,-0.00149,6e-05,-0.00069
2016-07-26,0.00035,-0.00408,-0.00099,-0.0038,0.00239,0.00096
2016-07-27,-0.00116,-0.01238,0.00323,0.00033,0.00956,0.00342
2016-07-28,0.00169,-0.00241,-0.00048,0.00077,0.00017,0.00167
2016-07-29,0.00164,0.01097,0.00304,0.0011,0.0082,0.00405
2016-08-01,-0.00127,-0.01865,-0.00395,0.00129,-0.00921,-0.00592
2016-08-02,-0.00635,-0.00227,-0.00489,-0.00182,-0.00909,-0.00476
2016-08-03,0.00343,0.01254,-0.00044,-0.00025,-0.00121,0.00161
2016-08-04,0.00047,0.00933,0.00438,0.00483,0.00715,0.00475
2016-08-05,0.00859,0.00171,-0.0043,0.00207,-0.01084,-0.00318
2016-08-08,-0.00082,0.00882,0.00203,0.00272,0.00192,0.00058
2016-08-09,0.00043,-0.0042,0.0047,0.0026,0.00824,0.00137
2016-08-10,-0.0025,-0.00991,0.00325,0.00317,0.00558,0.00113
2016-08-11,0.00486,0.01554,-0.00505,-0.00025,-0.01104,-0.0029
2016-08-12,-0.00075,0.00421,0.00457,0.00233,0.00929,0.00297
2016-08-15,0.00291,0.01586,-0.00201,0.00223,-0.00775,-0.00191
2016-08-16,-0.00532,0.0095,-0.00139,0.0015,-0.00396,-0.0027
2016-08-17,0.00211,0.00402,0.00216,-0.00061,0.00459,0.0027
2016-08-18,0.00223,0.01204,0.00259,0.00192,0.00271,0.00321
2016-08-19,-0.00131,-0.00267,-0.00212,-0.00107,-0.0055,-0.00262
2016-08-22,-0.00055,-0.01082,0.00387,-0.00131,0.00982,0.00273
2016-08-23,0.00198,0.00638,0.00055,0.00154,-8e-05,0.0002
2016-08-24,-0.0052,-0.01278,0.0,-0.00111,-0.0016,-0.00061
2016-08-25,-0.00135,0.0032,-0.00178,-0.00104,-0.00401,-0.00065
2016-08-26,-0.00156,-0.00081,-0.00413,0.00134,-0.00711,-0.00499
2016-08-29,0.00535,-0.00505,0.00635,0.00054,0.01476,0.00431
2016-08-30,-0.00179,-0.01169,-0.00109,8e-05,-0.00344,-0.00092
2016-08-31,-0.00219,-0.01844,-0.00076,-0.00169,0.0013,0.00113
2016-09-01,-3e-05,-0.01371,-0.00018,-0.00275,-0.00022,-0.00075
2016-09-02,0.00425,0.01575,-0.00274,0.00152,-0.00752,-0.00044
2016-09-06,0.00299,0.00569,0.00416,0.00401,0.00727,0.00521
2016-09-07,0.0001,0.00856,-0.00106,0.00524,0.00043,0.00122
2016-09-08,-0.00218,0.0195,-0.00713,-0.00038,-0.01643,-0.00401
2016-09-09,-0.02482,-0.01818,-0.00589,-0.00775,-0.0133,-0.00608
2016-09-12,0.01463,0.00141,-0.00052,-0.00493,-1e-05,0.00055
2016-09-13,-0.01463,-0.01349,-0.00615,-0.00215,-0.01318,-0.00529
2016-09-14,-0.00052,-0.00815,0.00371,-0.00402,0.00462,0.00227
2016-09-15,0.01022,0.00706,-0.00093,-0.00052,-0.00506,-0.00031
2016-09-16,-0.00377,-0.00274,0.00081,-0.0008,0.00382,0.00072
2016-09-19,-1e-05,0.00274,0.00141,0.00239,0.00146,7e-05
2016-09-20,0.00031,0.00296,0.00129,0.00277,0.00254,-0.00038
2016-09-21,0.01087,0.00985,0.00203,0.00556,0.00538,0.00357
2016-09-22,0.0065,0.01008,0.00478,0.00838,0.00841,0.00502
2016-09-23,-0.00575,-0.01602,0.00234,-0.00166,0.00246,0.00353
2016-09-26,-0.00854,0.01152,0.00121,-0.0042,0.00227,-0.00051
2016-09-27,0.00647,-0.01075,0.00157,0.0006,0.00918,0.00085
2016-09-28,0.0055,0.02201,-0.00018,0.00201,-0.00167,0.00207
2016-09-29,-0.00934,0.00545,0.00149,0.00092,0.00304,-0.00014
2016-09-30,0.00794,0.00478,-0.00387,-0.0005,-0.01101,-0.00169
2016-10-03,-0.00314,0.0068,-0.00015,0.00096,-0.00022,0.00112
2016-10-04,-0.00487,-0.00274,-0.00466,-0.00025,-0.01275,-0.00486
2016-10-05,0.00469,0.00807,-0.00118,-0.00278,-0.00568,-0.00191
2016-10-06,0.00051,-0.00101,-0.00029,-0.00086,-0.00432,-0.00014
2016-10-07,-0.00323,-0.00146,0.00103,-0.00144,-0.00188,-0.00017
2016-10-11,-0.00792,0.00449,-0.00114,-0.00324,-0.00394,-0.00089
2016-10-12,0.00123,-0.00602,-0.00052,-0.00149,-0.00286,-0.00123
2016-10-13,-0.00307,0.00699,0.00301,0.00093,0.00633,0.00239
2016-10-14,0.0002,-6e-05,-0.00456,-0.00184,-0.01461,-0.00171
2016-10-17,-0.00301,-0.00016,0.00331,-0.00174,0.00637,0.00436
2016-10-18,0.00614,0.00324,0.00191,0.00058,0.00208,0.00044
2016-10-19,0.00233,0.00742,0.00092,0.00271,-0.00045,0.00088
2016-10-20,-0.0013,-0.01136,0.00048,0.00341,0.00303,-0.0001
2016-10-21,-8e-05,0.00463,-0.00073,0.00123,0.0011,7e-05
2016-10-24,0.00474,-0.00057,-0.00198,0.00123,-0.00401,-0.0015
2016-10-25,-0.00377,-0.00138,0.00033,-0.00042,0.00282,0.00177
2016-10-26,-0.00173,-0.00777,-0.00394,-0.00344,-0.00621,-0.00061
2016-10-27,-0.00295,0.00673,-0.00499,-0.00535,-0.01149,-0.00419
2016-10-28,-0.00306,-0.00715,-0.00026,-0.00202,-0.00269,0.00031
2016-10-31,-0.00012,-0.01406,0.00056,-0.00037,0.00551,0.00194
2016-11-01,-0.0068,0.00402,0.0,-0.00204,0.00344,0.00092
2016-11-02,-0.00642,-0.01044,-0.0003,-0.00119,0.00121,-0.0001
2016-11-03,-0.00407,-0.00416,-0.00174,0.00082,-0.00639,-0.00283
2016-11-04,-0.00165,-0.00764,0.002,-0.00016,0.0055,0.0016
2016-11-07,0.02199,0.00494,-0.00093,0.00327,-0.00579,0.00027
2016-11-08,0.00426,0.00039,-0.00174,0.00434,-0.00444,-0.0015
2016-11-09,0.01108,0.00163,-0.01452,-0.0127,-0.04464,-0.00609
2016-11-10,0.00204,-0.00408,0.00034,-0.01765,-0.00845,-0.00165
2016-11-14,-0.00137,-0.02475,-0.00828,-0.02992,-0.01273,-0.00967
2016-11-15,0.00768,0.02151,-0.0003,0.01366,0.00063,-0.00059
2016-11-16,-0.0013,-0.00863,0.00156,0.00172,0.00808,0.0009
2016-11-17,0.00473,0.00373,-0.00452,0.00123,-0.01092,-0.00045
2016-11-18,-0.00223,0.00319,-0.00474,-0.00551,-0.00508,-0.00205
2016-11-21,0.00745,0.02556,-0.00073,0.00134,0.0006,0.00073
2016-11-22,0.00221,0.00336,0.00149,0.00162,6e-05,0.00118
2016-11-23,0.00084,0.00172,-0.00153,-0.00274,-0.00248,-0.00219
2016-11-25,0.00392,-0.01273,0.001,-0.00091,0.0011,-0.00146
2016-11-28,-0.00514,0.01413,0.00279,0.00256,0.00644,0.00042
2016-11-29,0.00157,-0.02529,0.00198,-0.00049,0.00497,0.0009
2016-11-30,-0.00244,0.03466,-0.00347,-0.0011,-0.0113,0.00226
2016-12-01,-0.00348,0.01576,-0.0041,-0.0057,-0.01406,-0.00212
2016-12-02,0.0004,0.00652,0.00402,0.00063,0.00674,-0.00031
2016-12-05,0.0059,0.00994,0.00054,0.00324,0.00157,0.00184
2016-12-06,0.00343,-0.00763,-0.00065,0.00432,-0.00475,-3e-05
2016-12-07,0.01327,-0.00961,0.00477,0.00583,0.00888,0.00212
2016-12-08,0.00226,0.00183,-0.00316,-0.0004,-0.01021,-0.00087
2016-12-09,0.00593,0.00516,-0.00505,-0.00141,-0.01231,-0.00501
2016-12-12,-0.00108,0.00948,-8e-05,-0.00174,-0.00024,-0.00014
2016-12-13,0.00669,0.0004,0.00146,0.00212,0.00237,-0.00101
2016-12-14,-0.00808,-0.00883,-0.00207,0.00167,-0.00076,-0.00448
2016-12-15,0.00392,-0.00438,-0.00177,-0.00755,0.00028,-0.0069
2016-12-16,-0.00172,0.00531,-0.00227,0.00126,-0.00668,-0.00347
2016-12-19,0.002,-0.00367,0.00508,0.00251,0.01066,0.00389
2016-12-20,0.00377,0.00099,-0.00184,0.00087,-0.00564,0.00127
2016-12-21,-0.00243,-0.00486,0.00265,0.003,0.00486,0.00232
2016-12-22,-0.00174,0.00211,4e-05,0.00034,-0.00118,0.00323
2016-12-23,0.00135,0.0008,0.00119,0.00056,0.00325,0.00207
2016-12-27,0.00225,0.01198,-0.00169,0.00078,-0.00459,-0.00028
2016-12-28,-0.00822,0.00338,0.00516,0.001,0.00959,0.00224
2016-12-29,-0.00025,6e-05,0.00221,0.00178,0.0005,0.00077
2016-12-30,-0.0046,0.0017,0.00209,0.0004,0.00618,0.0039
2017-01-03,0.00848,-0.01469,0.00167,0.00184,0.00132,0.00111
2017-01-04,0.00593,0.01214,0.00114,0.00449,0.00127,0.00045
2017-01-05,-0.00076,0.00407,0.00634,0.00775,0.01532,0.00426
2017-01-06,0.00382,0.00055,-0.00441,0.00075,-0.00697,-0.00322
2017-01-09,-0.00355,-0.01725,0.00268,-6e-05,0.00687,0.00166
2017-01-10,0.0,-0.00402,-0.00091,-0.00087,-0.00064,0.00038
2017-01-11,0.00292,0.01011,0.00068,-0.002,0.00262,0.00266
2017-01-12,-0.00212,0.01383,4e-05,0.00497,-0.00085,0.00076
2017-01-13,0.00185,-0.00233,-0.00079,0.00069,-0.00285,-0.00083
2017-01-17,-0.00297,0.0023,0.00403,0.00436,0.00928,0.00282
2017-01-18,0.00193,-0.01168,-0.00512,-0.00255,-0.01044,-0.00365
2017-01-19,-0.0036,-3e-05,-0.00416,-0.00577,-0.00841,-0.00131
2017-01-20,0.00339,0.00956,0.00015,-0.00083,-0.00216,0.00024
2017-01-23,-0.00267,6e-05,0.00481,0.00292,0.01054,0.00331
2017-01-24,0.00655,0.00363,-0.00511,0.0001,-0.01224,-0.00297
2017-01-25,0.00799,-0.00788,-0.00296,-0.00243,-0.00934,-0.00214
2017-01-26,-0.00071,0.00586,0.00171,-0.00069,0.00281,0.00138
2017-01-27,-0.00082,-0.00784,0.00235,0.00229,0.00553,0.00259
2017-01-30,-0.00598,-0.00735,-0.00125,-0.00105,-0.00278,-0.00052
2017-01-31,-0.00088,0.00512,0.00099,0.00107,0.00515,0.00138
2017-02-01,0.00053,0.0139,-0.00175,0.00055,-0.00468,-0.00093
2017-02-02,0.00063,-0.00317,0.00061,0.00376,0.00032,-0.00055
2017-02-03,0.00733,-0.00054,-0.00065,0.0029,-0.00565,-0.00228
2017-02-06,-0.00211,-0.00683,0.00549,0.00289,0.01212,0.00359
2017-02-07,0.00027,-0.00424,0.00177,-0.00104,0.00536,3e-05
2017-02-08,0.00101,0.00643,0.00264,0.00205,0.01032,0.00141
2017-02-09,0.00592,0.00379,-0.00392,0.00084,-0.00898,-0.00138
2017-02-10,0.00362,0.01069,-0.00049,0.00146,-0.00145,0.00141
2017-02-13,0.00549,-0.01118,-4e-05,0.00138,-0.00392,-0.00238
2017-02-14,0.00428,0.0017,-0.00212,-0.00016,-0.00534,-0.00273
2017-02-15,0.00512,0.00103,-0.00193,-0.00372,-0.00564,0.00118
2017-02-16,-0.00076,-0.00518,0.00435,0.00121,0.00727,0.0011
2017-02-17,0.0017,-0.00356,0.00155,0.0001,0.0036,0.00128
2017-02-21,0.00603,-0.00107,0.00041,0.00165,-0.00025,0.00031
2017-02-22,-0.00099,-0.00352,0.0006,0.00216,0.00035,0.00138
2017-02-23,0.00053,0.00248,0.00263,0.00244,0.00251,0.0022
2017-02-24,0.00173,-0.00159,0.00566,0.00132,0.01217,0.00339
2017-02-27,0.00116,-0.00316,-0.00288,0.00043,-0.00527,-0.00288
2017-02-28,-0.00255,0.00517,0.00153,0.00021,0.0031,0.00051
2017-03-01,0.01376,0.00293,-0.00717,-0.00232,-0.01898,-0.00706
2017-03-02,-0.0058,-0.01518,-0.0009,-0.00124,-0.00182,-0.00232
2017-03-03,0.00053,0.00413,0.0006,0.00074,0.00027,0.00187
2017-03-06,-0.00326,0.00028,-0.00079,0.00064,-0.00213,-0.00055
2017-03-07,-0.00285,-0.0045,-0.00272,0.00052,-0.00208,-0.00131
2017-03-08,-0.002,-0.02194,-0.00451,-0.00606,-0.00638,-0.00441
2017-03-09,0.00081,-0.01192,-0.0056,-0.00598,-0.00721,-0.00265
2017-03-10,0.00328,-0.00777,0.00179,0.00162,0.00133,0.00094
2017-03-13,0.00069,-0.00061,-0.00198,-0.00012,-0.00338,-0.00073
2017-03-14,-0.00334,-0.0067,-4e-05,-0.00331,0.00393,-0.00101
2017-03-15,0.00837,0.00892,0.00704,0.00485,0.01252,0.00844
2017-03-16,-0.00159,0.00132,0.0003,0.00491,-0.00464,-0.00031
2017-03-17,-0.00131,0.00292,0.00167,0.00262,0.00421,0.0009
2017-03-20,-0.00198,-0.00051,0.002,0.00186,0.00414,0.00183
2017-03-21,-0.0124,-0.00389,0.00294,0.00157,0.00747,0.001
2017-03-22,0.00192,-0.00258,0.00256,0.00037,0.00687,0.00244
2017-03-23,-0.00105,-0.00197,-0.00109,0.00127,-0.00243,-0.00124
2017-03-24,-0.00085,0.0031,0.00199,0.00227,0.00453,0.00412
2017-03-27,-0.00102,-0.00126,0.00146,0.00113,0.00373,0.0001
2017-03-28,0.00723,0.00691,-0.00206,0.00015,-0.0055,-0.00285
2017-03-29,0.00129,0.00947,0.00263,0.00025,0.00372,0.00254
2017-03-30,0.00296,0.00307,-0.00225,0.00025,-0.00603,-0.00264
2017-03-31,-0.00226,0.00259,0.00124,-0.00254,0.00189,0.00237
2017-04-03,-0.00159,-0.00392,0.00322,0.00077,0.00677,0.00257
2017-04-04,0.00072,0.01024,-0.00052,0.00075,-0.00152,-0.00044
2017-04-05,-0.00296,0.00319,0.00019,0.00159,-0.00204,0.0013
2017-04-06,0.00222,0.00278,0.00116,0.00117,0.00271,-0.00014
2017-04-07,-0.00082,0.00265,-0.00168,0.0005,-0.00155,-0.00305
2017-04-10,0.00074,0.00496,0.00165,-0.00105,0.00257,0.00014
2017-04-11,-0.00129,0.00293,0.00496,0.00132,0.01015,0.00277
2017-04-12,-0.00375,-0.00031,0.00015,0.00163,0.00028,0.00106
2017-04-13,-0.00683,0.00283,0.00364,0.00231,0.00804,0.00413
2017-04-17,0.00858,-0.00487,-0.00159,0.00055,-0.00474,-0.00368
2017-04-18,-0.00288,-0.00717,0.00588,0.00149,0.01304,0.00249
2017-04-19,-0.00158,-0.01744,-0.00203,0.00048,-0.00366,-0.00177
2017-04-20,0.00755,-0.00057,-0.00281,-0.00048,-0.00494,-0.00157
2017-04-21,-0.00304,-0.00985,0.00067,0.00135,-0.00011,-0.00058
2017-04-24,0.0108,-0.00369,-0.00133,0.00105,-0.00523,-0.00048
2017-04-25,0.00607,0.00279,-0.00379,-0.00021,-0.00941,-0.0012
2017-04-26,-0.00047,-0.0034,0.00182,-0.0004,0.00176,0.00079
2017-04-27,0.00066,-0.00986,0.00108,0.00148,0.00087,0.00133
2017-04-28,-0.00191,0.00373,0.00111,0.00188,0.00256,0.00222
2017-05-01,0.00173,-0.00107,-0.00342,-0.00017,-0.00978,-0.00468
2017-05-02,0.00119,-0.01045,0.00334,0.00151,0.00546,0.0
2017-05-03,-0.00107,-0.00016,0.00026,0.00157,0.00399,-0.00178
2017-05-04,0.00064,-0.02755,-0.0036,-0.00354,-0.00828,-0.00447
2017-05-05,0.00409,0.01098,0.00074,-0.0014,0.00169,0.00048
2017-05-08,0.00014,-0.0011,-0.00115,0.0003,-0.00406,-0.00193
2017-05-09,-0.00098,-0.00545,-0.00097,-0.00144,-0.00389,-0.00183
2017-05-10,0.00151,0.01506,0.00071,0.00211,-0.00052,0.00073
2017-05-11,-0.00184,0.00553,0.0016,0.00108,0.00072,0.00307
2017-05-12,-0.00146,-0.0003,0.00508,0.00191,0.00763,0.00127
2017-05-15,0.00489,0.00534,4e-05,0.00162,-0.00172,-0.00152
2017-05-16,-0.00049,0.00157,0.00174,0.00051,0.00278,-3e-05
2017-05-17,-0.01805,0.00741,0.00725,0.00025,0.01741,0.00608
2017-05-18,0.0037,-0.00253,-0.00198,-0.00467,-0.00101,0.0
2017-05-19,0.00677,0.0174,0.00048,0.00299,0.00025,0.00164
2017-05-22,0.00517,0.00762,4e-05,0.00034,-0.0012,-0.0013
2017-05-23,0.00186,-0.00339,-0.00257,0.00121,-0.00505,-0.00082
2017-05-24,0.00252,-0.00277,0.00121,0.00226,0.0021,-0.00045
2017-05-25,0.00457,-0.01961,0.0007,0.00075,0.00243,-0.0001
2017-05-26,0.00044,0.00673,0.00062,0.00094,0.00071,0.00117
2017-05-30,-0.00105,-0.008,0.00246,0.00077,0.00583,0.00284
2017-05-31,-0.00031,-0.0123,0.00183,-0.00023,0.00508,0.00123
2017-06-01,0.00766,-0.00472,-0.00146,0.00098,-0.00208,-0.00055
2017-06-02,0.00372,-0.00724,0.00518,0.00272,0.01062,0.00252
2017-06-05,-0.00118,-0.00588,-0.00186,0.00168,-0.00493,-0.00174
2017-06-06,-0.00278,0.00734,0.00251,0.002,0.00547,0.0014
2017-06-07,0.00178,-0.01505,-0.00182,-0.00067,-0.0047,-0.00235
2017-06-08,0.00029,0.0027,-0.00124,-0.00125,-0.0031,-0.00089
2017-06-09,-0.00083,0.00346,-0.00015,-0.00028,0.00026,-0.00065
2017-06-12,-0.00091,-0.00619,-0.00077,-9e-05,-0.00229,-0.0025
2017-06-13,0.00476,0.0026,0.00091,-7e-05,0.00117,0.00072
2017-06-14,-0.00092,-0.01596,0.00662,0.00254,0.01471,-3e-05
2017-06-15,-0.00206,0.00157,-0.0016,-0.00185,-0.00072,-0.0034
2017-06-16,0.00029,0.00545,0.00062,-0.00032,0.00052,0.00031
2017-06-19,0.00832,-0.0074,-0.00102,-0.00075,-0.0007,-0.00113
2017-06-20,-0.00671,-0.00884,0.00312,-0.00356,0.0095,0.00168
2017-06-21,-0.00049,-0.01136,0.00065,-0.00141,0.00188,0.00076
2017-06-22,-0.00045,0.00126,-0.00022,0.00023,-0.00019,0.00254
2017-06-23,0.00156,0.0024,0.00101,0.0022,0.00177,0.00109
2017-06-26,0.00033,0.00282,0.00181,0.00206,0.00333,0.00157
2017-06-27,-0.00811,0.0117,-0.00383,-0.00129,-0.00893,-0.00387
2017-06-28,0.00897,0.00701,-0.00076,-0.00157,-0.00566,0.00072
2017-06-29,-0.00861,0.00662,-0.0024,-0.00252,-0.00685,-0.00378
2017-06-30,0.00158,0.01781,-0.00149,-0.00115,-0.0042,-0.00196
2017-07-03,0.0024,0.01226,-0.00241,-0.00121,-0.00412,-0.0011
2017-07-05,0.00165,-0.01762,0.00168,-0.00283,0.00198,0.00086
2017-07-06,-0.00905,0.0045,-0.00219,-0.0044,-0.00879,-0.00186
2017-07-07,0.00639,-0.0137,-0.0015,-0.00154,-0.00574,-0.00363
2017-07-10,0.00093,0.00552,0.00208,0.00381,0.00253,0.00028
2017-07-11,-0.00077,0.00912,0.00069,0.00059,0.00012,0.00194
2017-07-12,0.00737,-0.0042,0.00309,0.00514,0.00577,0.00307
2017-07-13,0.0019,-0.00144,-0.0012,0.00019,-0.00488,-0.00038
2017-07-14,0.00468,0.00985,0.00229,0.00198,0.00222,0.00086
2017-07-17,-2e-05,-0.00338,0.00163,0.0012,0.00306,0.00155
2017-07-18,0.00062,0.00533,0.00391,0.00193,0.00805,0.00295
2017-07-19,0.00545,0.00947,0.00018,0.00191,0.001,0.00082
2017-07-20,-9e-05,-0.00164,0.00069,0.00084,0.0019,-0.00233
2017-07-21,-0.00037,-0.01297,0.00303,0.00205,0.00627,0.00161
2017-07-24,-0.00104,0.00083,-0.00194,-0.00265,-0.00522,-0.00065
2017-07-25,0.00292,0.01181,-0.00564,-0.00165,-0.01386,-0.00316
2017-07-26,0.00029,0.00839,0.00355,0.00252,0.00346,0.00337
2017-07-27,-0.00087,0.00632,-0.00166,0.00097,-0.0061,-0.00089
2017-07-28,-0.00131,0.00493,0.0021,-0.00101,0.00622,0.00192
2017-07-31,-0.00072,0.0043,-0.00069,0.00095,-0.00081,-0.00079
2017-08-01,0.00245,-0.01043,0.00368,0.00091,0.00905,0.00168
2017-08-02,0.00068,0.00452,-0.00072,0.00212,0.00145,-0.00065
2017-08-03,-0.002,-0.00753,0.00173,0.00286,0.00687,0.00178
2017-08-04,0.00191,0.00269,-0.00404,-0.00108,-0.00732,-0.00116
2017-08-07,0.00167,0.0032,0.0004,0.00076,0.00159,0.00164
2017-08-08,-0.0023,0.00023,-0.00322,0.00046,-0.00521,0.00017
2017-08-09,-0.00025,0.00486,0.00054,-0.0011,0.00874,0.00311
2017-08-10,-0.01422,-0.01383,0.0004,-0.00203,0.00563,0.00116
2017-08-11,0.00134,0.00182,-0.00051,-0.00052,0.00106,-0.00024
2017-08-14,0.01005,-0.01032,0.00025,0.00249,-0.00265,-0.00365
2017-08-15,-0.00027,-0.00451,-0.0021,-0.00022,-0.0064,-0.00281
2017-08-16,0.0017,-0.00221,0.00405,0.00152,0.00585,0.0027
2017-08-17,-0.01551,0.00409,0.00144,0.00063,0.0046,0.00157
2017-08-18,-0.00181,0.0146,-0.00079,0.00083,0.00099,-0.00044
2017-08-21,0.00119,-0.00997,0.00105,0.00078,0.00264,0.00072
2017-08-22,0.00993,0.00232,-0.00198,2e-05,-0.00469,-0.00154
2017-08-23,-0.00337,0.00762,0.00339,0.00043,0.00705,0.00273
2017-08-24,-0.00206,-0.00107,-0.00169,0.00279,-0.00339,-0.0016
2017-08-25,0.00178,0.0,0.00234,0.00162,0.0032,0.00078
2017-08-28,0.00053,-0.00169,0.00076,-0.00096,0.00053,0.00109
2017-08-29,0.00098,0.0027,0.00043,0.00092,0.00121,0.00092
2017-08-30,0.00486,-0.00749,-0.00011,0.00232,-9e-05,-0.00037
2017-08-31,0.00575,0.02622,0.00226,0.00277,0.00436,0.00299
2017-09-01,0.00205,0.00099,-0.00312,0.00044,-0.00757,-0.00136
2017-09-05,-0.00758,0.00485,0.00642,0.00252,0.01486,0.00573
2017-09-06,0.00313,0.0059,-0.00405,0.00069,-0.0062,-0.00166
2017-09-07,5e-05,0.00041,0.00344,0.00268,0.00851,0.00348
2017-09-08,-0.00145,-0.01062,-0.00129,0.00136,-0.0007,0.00125
2017-09-11,0.01079,0.00301,-0.00384,-0.00133,-0.01046,-0.0029
2017-09-12,0.00342,0.0006,-0.00187,-0.00175,-0.00611,-0.00227
2017-09-13,0.00077,0.00455,-0.00043,0.00027,-0.00348,-0.00152
2017-09-14,-0.00077,0.00337,0.00155,-0.00031,0.00212,0.00085
2017-09-15,0.00197,0.0042,0.00086,0.00062,0.0015,7e-05
2017-09-18,0.00149,-0.00342,-0.00086,-0.00046,-0.00579,-0.00058
2017-09-19,0.00112,-0.00327,0.00068,-0.00223,-0.00152,-0.00119
2017-09-20,0.00064,0.01074,-0.0014,-0.00207,-0.00164,-0.0032
2017-09-21,-0.00302,-0.00262,0.00065,-0.00137,0.00227,-0.0014
2017-09-22,0.00067,0.00206,0.00083,0.00148,0.00226,0.00228
2017-09-25,-0.00223,0.01479,0.0033,-0.00066,0.00696,0.00292
2017-09-26,0.00015,-0.00641,0.00014,0.0002,-0.00186,-0.00115
2017-09-27,0.00408,-0.00207,-0.00481,-0.00395,-0.01676,-0.00378
2017-09-28,0.00141,-0.00379,0.00162,0.0007,-0.00093,0.00044
2017-09-29,0.00372,-0.0038,0.00136,0.00242,0.00213,-0.00242
2017-10-02,0.00387,-0.00834,0.00057,0.00027,-0.00113,-0.00137
2017-10-03,0.0022,0.00013,0.00147,0.00095,-0.00107,0.00075
2017-10-04,0.00131,0.00258,-7e-05,0.00106,-0.00083,0.00079
2017-10-05,0.0058,0.01021,-0.00143,0.00046,-0.00282,-0.00055
2017-10-06,-0.00076,-0.01528,-0.00083,-0.00232,-0.00218,-0.00116
2017-10-10,0.00054,0.01307,0.00229,0.00055,0.00506,0.0028
2017-10-11,0.00182,0.00171,-0.00039,0.00051,0.00093,0.00065
2017-10-12,-0.0016,-0.00243,0.00111,0.00176,0.00414,0.00194
2017-10-13,0.00089,0.01063,0.00368,0.0009,0.00748,0.00068
2017-10-16,0.00177,0.00246,-0.00168,0.00022,-0.00162,-0.00259
2017-10-17,0.00067,-0.00354,0.00093,0.00049,0.00358,-0.00048
2017-10-18,0.00078,0.00068,-0.00289,0.00018,-0.00883,-0.00116
2017-10-19,0.00041,-0.00306,0.00182,0.00098,0.00429,0.00065
2017-10-20,0.00517,0.00343,-0.00343,-0.00261,-0.01203,-0.00222
2017-10-23,-0.00395,0.00099,0.00165,-0.00069,0.00115,0.00051
2017-10-24,0.00164,0.01002,-0.00147,-0.00099,-0.00574,-0.0013
2017-10-25,-0.00467,0.00104,-0.00301,-0.00225,-0.00581,-0.00209
2017-10-26,0.00127,0.0041,-4e-05,-0.00246,-0.00099,0.00031
2017-10-27,0.00804,0.00523,0.00201,0.00277,0.00425,0.00223
2017-10-30,-0.00312,0.00337,0.00444,0.00379,0.01024,0.00348
2017-10-31,0.00098,0.00156,-0.00086,-0.00027,0.00122,0.00024
2017-11-01,0.00159,0.00069,-0.00021,0.00122,0.00251,0.00037
2017-11-02,0.0003,0.00383,0.00164,0.00235,0.00592,0.00201
2017-11-03,0.00319,0.00825,-0.00011,-0.00562,0.00131,-0.00041
2017-11-06,0.00135,0.01865,0.00043,-0.0011,0.00479,0.00265
2017-11-07,-0.00018,-0.00631,-0.00039,-0.00435,0.00501,0.00173
2017-11-08,0.00146,0.00035,-0.00136,-0.00118,-0.00261,-0.0003
2017-11-09,-0.00352,0.00035,-0.00215,-0.00144,-0.0038,-0.00098
2017-11-10,-0.00054,-0.0017,-0.00629,-0.00092,-0.01362,-0.00418
2017-11-13,0.00101,-0.00214,0.00083,0.00109,0.0018,0.00017
2017-11-14,-0.00216,-0.01102,0.00072,9e-05,0.00527,0.00099
2017-11-15,-0.00531,-0.00354,0.00205,0.00098,0.01023,0.00238
2017-11-16,0.00849,-0.00367,-0.0004,0.00247,-0.00461,-0.00078
2017-11-17,-0.00259,0.01491,0.00158,0.0023,0.00227,0.0001
2017-11-20,0.00131,-0.00639,-0.00032,-0.00026,0.0003,-0.00102
2017-11-21,0.00654,0.00497,0.00308,0.00117,0.00477,0.0
2017-11-22,-0.00066,0.00653,0.00336,0.00298,0.00284,0.00312
2017-11-24,0.0021,0.00348,-0.00132,0.00051,-0.00238,-0.00136
2017-11-27,-0.00027,-0.00231,0.00125,0.00245,-0.00053,0.00075
2017-11-28,0.00984,-0.00405,-0.00032,0.00058,0.00012,-0.00064
2017-11-29,-0.00024,-0.00809,-0.00279,-0.00241,-0.00906,-0.00224
2017-11-30,0.00852,-0.00336,-0.00147,-0.00031,-0.00255,-0.00105
2017-12-01,-0.00199,0.01118,0.0049,0.00128,0.01358,0.00397
2017-12-04,-0.00103,-0.01365,4e-05,-0.00026,-0.00157,-0.00014
2017-12-05,-0.0037,-0.00081,0.00274,0.00168,0.00668,0.00105
2017-12-06,-9e-05,-0.01689,0.00124,0.00133,0.00243,0.00095
2017-12-07,0.0031,0.00276,-0.00409,-0.00142,-0.01028,-0.00264
2017-12-08,0.0056,0.00423,0.00018,-0.00055,0.00012,0.00044
2017-12-11,0.0032,0.00508,0.00043,0.00049,0.00097,-0.00024
2017-12-12,0.00158,-0.01137,-0.00014,-0.00013,-0.00187,0.00061
2017-12-13,-0.00044,-0.00538,0.00444,0.00144,0.00857,0.0018
2017-12-14,-0.00391,0.00538,0.0016,0.00127,0.00432,0.00037
2017-12-15,0.00899,-0.00049,0.00053,0.00151,0.00321,-0.00058
2017-12-18,0.00539,0.00587,-0.00319,0.00085,-0.00964,-0.00159
2017-12-19,-0.00322,0.00575,-0.00552,-0.00152,-0.01441,-0.00357
2017-12-20,-0.0007,0.00556,-0.00286,-0.00158,-0.00926,-0.00215
2017-12-21,0.00198,0.00366,0.00333,0.00029,0.00746,0.00255
2017-12-22,-0.00045,0.00531,7e-05,-0.00025,-0.00109,-0.00037
2017-12-26,-0.00101,0.01015,0.00182,0.00067,0.00544,0.00167
2017-12-27,0.00086,0.00441,0.00537,0.00107,0.01205,0.004
2017-12-28,0.00202,0.00398,-0.00078,0.00076,-0.00161,0.0
2017-12-29,-0.00513,0.00443,0.0017,0.00082,0.00286,0.00297
2018-01-02,0.00831,0.00159,-0.00604,-0.00025,-0.01184,-0.00277
2018-01-03,0.00638,0.00693,0.00228,0.00235,0.00488,0.00105
2018-01-04,0.00423,0.0006,-0.00043,0.00197,-0.00031,0.00037
2018-01-05,0.00701,-0.0056,-0.00153,0.00152,-0.00429,-0.00041
2018-01-08,0.00168,0.00023,0.00043,-0.00054,-0.00033,-0.00085
2018-01-09,0.0016,0.00766,-0.00389,-0.00206,-0.01294,-0.00298
2018-01-10,-0.00111,0.00291,0.00129,-0.00369,-0.00075,-0.00047
2018-01-12,0.01382,0.00426,0.0026,0.00203,0.00692,-0.00017
2018-01-16,-0.00351,-0.00432,0.00107,0.00208,0.00335,0.00187
2018-01-17,0.00937,0.00159,-0.00296,-5e-05,-0.00262,-0.00153
2018-01-18,-0.00153,-0.00011,-0.003,-0.00141,-0.00708,0.00017
2018-01-19,0.0044,-0.00299,-0.00244,-0.00308,-0.00418,-0.00112
2018-01-22,0.00805,0.00313,-0.00172,-0.00018,-0.00238,-0.00156
2018-01-23,0.00221,0.00547,0.00276,0.00163,0.00452,0.00177
2018-01-24,-0.00056,0.01033,-0.00147,-0.00131,-0.0064,-0.00116
2018-01-25,0.0006,0.00131,0.00497,0.00234,0.01002,0.00234
2018-01-26,0.01179,0.00285,-0.00175,0.0008,-0.00547,-0.00112
2018-01-29,-0.0067,-0.0029,-0.00143,-0.00384,-0.00503,-0.00204
2018-01-30,-0.01089,-0.00549,-0.0029,-0.00124,-0.00621,-0.00211
2018-01-31,0.00052,0.00028,0.00208,0.00189,0.00683,0.00211
2018-02-01,-0.00046,0.00519,-0.00359,-0.00078,-0.01125,-0.00348
2018-02-02,-0.02137,-0.00955,-0.00595,-0.00548,-0.01641,-0.00383
2018-02-05,-0.04184,-0.0083,0.00264,-0.00404,0.00557,0.00223
2018-02-06,0.0174,-0.00783,-0.00119,-0.00136,0.00434,0.0
2018-02-07,-0.00499,-0.01317,-0.00405,0.00112,-0.01301,-0.00339
2018-02-08,-0.03811,-0.00379,-0.00236,-0.00827,-0.00317,-0.00223
2018-02-09,0.01515,-0.02126,-0.00342,-0.00955,-0.00042,-0.00124
2018-02-12,0.01385,0.00399,-0.00106,0.00099,0.00052,-0.00055
2018-02-13,0.00267,0.00394,-0.00263,-0.00183,0.00152,7e-05
2018-02-14,0.0136,0.01333,-0.00345,-0.00397,-0.0092,-0.00155
2018-02-15,0.01224,0.00201,0.00422,0.0044,0.00604,0.0021
2018-02-16,0.00046,0.00421,0.00121,0.00594,0.00155,-0.00017
2018-02-20,-0.00579,0.00214,-0.00091,-0.00208,-0.00317,-0.00045
2018-02-21,-0.00549,0.00274,-0.00436,-0.00121,-0.01169,-0.00273
2018-02-22,0.00106,0.00647,0.00239,7e-05,0.00313,0.00148
2018-02-23,0.01596,0.00355,0.00242,0.00143,0.00847,0.00293
2018-02-26,0.01181,0.00541,0.0011,0.00336,0.00097,0.00216
2018-02-27,-0.01264,-0.00767,-0.00355,0.00039,-0.00387,-0.00313
2018-02-28,-0.01105,-0.01227,0.00165,-0.0015,0.00841,0.00199
2018-03-01,-0.01326,-0.0011,0.00088,-0.0011,0.00766,0.00329
2018-03-02,0.00515,-9e-05,-0.00396,-0.00143,-0.00797,-0.00099
2018-03-05,0.01098,0.00959,-0.0014,0.00039,-0.0033,-0.00058
2018-03-06,0.00269,0.00359,0.00231,0.00188,0.00271,-0.0001
2018-03-07,-0.00042,-0.01376,-0.00176,-0.00204,-0.00263,-0.00079
2018-03-08,0.00472,-0.00425,0.00147,0.00095,0.00352,0.00113
2018-03-09,0.01725,0.00952,-0.00246,0.00033,-0.00446,-0.00158
2018-03-12,-0.00127,-0.0024,0.0007,0.00046,0.00546,0.001
2018-03-13,-0.00633,0.00023,0.00029,-0.00056,0.00503,0.00065
2018-03-14,-0.00546,-0.0002,0.00202,0.00082,0.00797,0.00195
2018-03-15,-0.00072,-0.00214,-0.00106,0.00028,-0.00059,-3e-05
2018-03-16,0.00174,0.00397,-0.00022,-0.00041,-0.00338,-0.00171
2018-03-19,-0.0143,-0.00644,7e-05,-0.00296,0.00054,0.00055
2018-03-20,0.0015,0.00606,-0.00335,-0.00235,-0.00577,-0.00206
2018-03-21,-0.00174,0.01509,-0.00232,0.00026,-0.00301,-0.00045
2018-03-22,-0.02545,-0.00348,0.00269,0.00144,0.0112,0.00439
2018-03-23,-0.02118,0.00888,-0.00114,-0.00269,-0.00105,-3e-05
2018-03-26,0.02679,-0.0023,0.00059,0.00093,0.00071,0.00014
2018-03-27,-0.01742,0.00054,0.00511,0.00417,0.00738,0.00287
2018-03-28,-0.00275,-0.00806,0.00062,0.00126,0.00304,0.0002
2018-03-29,0.01372,0.0073,0.00428,0.00345,0.0078,0.00262
2018-04-02,-0.02258,-0.00896,-4e-05,-0.00054,0.00041,0.00051
2018-04-03,0.01258,0.00175,-0.00318,0.00104,-0.00835,-0.00136
2018-04-04,0.01157,-0.0045,0.0,0.00022,-0.00182,0.00014
2018-04-05,0.00698,0.00499,-0.00106,0.00227,-0.00782,-0.00296
2018-04-06,-0.02214,-0.00651,0.00493,0.0014,0.01003,0.00307
2018-04-09,0.00363,0.01414,0.00026,-0.00262,0.00058,0.00041
2018-04-10,0.01662,0.01476,0.00062,-0.0015,0.00012,7e-05
2018-04-11,-0.0055,0.00915,0.00033,0.00033,0.002,0.00207
2018-04-12,0.00834,-0.00461,-0.0023,0.00044,-0.00614,-0.00132
2018-04-13,-0.00287,0.00206,0.00055,0.0003,0.00061,0.00092
2018-04-16,0.0081,-0.00546,0.00047,-0.00231,0.00116,-0.00037
2018-04-17,0.0106,0.0002,0.00153,-0.0007,0.00588,0.0021
2018-04-18,0.00083,0.01576,-0.00536,0.00083,-0.00843,-0.00183
2018-04-19,-0.00562,-0.00055,-0.0055,-0.00358,-0.01049,-0.00218
2018-04-20,-0.00852,-0.00107,-0.00295,-0.00298,-0.00631,-0.00303
2018-04-23,6e-05,-0.00215,-0.00114,-0.00379,-0.00016,-0.00038
2018-04-24,-0.01345,-0.00409,-0.00189,-7e-05,-0.00466,-0.00212
2018-04-25,0.00184,0.00199,-0.00449,-0.00489,-0.00684,-0.00192
2018-04-26,0.01038,0.00293,0.00312,0.00051,0.00597,0.00233
2018-04-27,0.00117,-0.00083,0.00296,-0.0003,0.0088,0.00273
2018-04-30,-0.00819,0.00731,0.00092,-0.00103,0.00541,0.00255
2018-05-01,0.00255,-0.00869,-0.00492,-0.00347,-0.00701,-0.00392
2018-05-02,-0.00723,0.00342,0.00056,-0.00595,0.00061,0.00164
2018-05-03,-0.00215,0.0019,0.00041,-0.00321,0.00264,0.00048
2018-05-04,0.01291,0.00903,-0.00044,-0.00057,0.00135,0.0002
2018-05-07,0.00347,0.00245,0.00022,-0.00072,-0.00059,0.00065
2018-05-08,-0.00026,-0.00575,-0.00141,-0.00622,-0.00107,-0.00177
2018-05-09,0.00975,0.01462,-0.00085,-0.00284,-0.00532,-0.00038
2018-05-10,0.00955,0.00521,0.00397,0.01021,0.00619,0.00113
2018-05-11,0.00205,-0.00405,0.00166,0.00373,0.00105,-0.00024
2018-05-14,0.00093,0.00437,-0.00026,0.00027,-0.00284,-0.00164
2018-05-15,-0.00682,0.00201,-0.0079,-0.0068,-0.01438,-0.00376
2018-05-16,0.00433,0.00376,-0.00056,0.00214,-0.00093,-0.00045
2018-05-17,-0.00057,0.00146,-0.00175,-0.00327,-0.00523,-0.00175
2018-05-18,-0.00255,0.00093,0.00291,-0.0023,0.00665,0.00158
2018-05-21,0.00739,0.00701,0.00033,-0.00138,0.00085,0.00089
2018-05-22,-0.00312,0.00484,0.00022,0.00504,-0.0006,-0.00017
2018-05-23,0.00327,0.0022,0.00364,0.00404,0.00726,0.00308
2018-05-24,-0.00199,-0.00578,0.00248,0.00442,0.00662,0.00034
2018-05-25,-0.00224,-0.01368,0.00281,0.0025,0.00655,0.00085
2018-05-29,-0.01159,-0.0095,0.00804,-0.00055,0.02292,0.00812
2018-05-30,0.01279,0.00934,-0.00539,-0.00163,-0.00831,-0.00329
2018-05-31,-0.00668,-0.0011,0.00202,-0.0037,0.00517,0.00268
2018-06-01,0.01088,-0.00496,-0.00471,-0.00343,-0.01075,-0.00373
2018-06-04,0.00449,-0.0132,-0.00229,0.00204,-0.00627,-0.00116
2018-06-05,0.00076,0.00237,0.00111,0.00023,0.00163,0.00136
2018-06-06,0.00856,-0.00125,-0.00481,-0.00311,-0.00968,-0.00245
2018-06-07,-0.00053,0.0095,0.00404,-0.00046,0.00882,0.00262
2018-06-08,0.00316,-0.0021,-0.00163,-0.00141,-0.00043,-0.00112
2018-06-11,0.00107,-0.00192,-0.00119,-0.00249,-0.00239,-0.00034
2018-06-12,0.00179,0.00151,0.001,-0.00317,0.00059,-7e-05
2018-06-13,-0.004,0.00342,-0.00119,-0.00206,-0.00185,-0.00089
2018-06-14,0.00277,-0.01025,0.00296,0.00214,0.00665,0.00174
2018-06-15,-0.00091,-0.02542,0.001,-0.0015,0.00335,0.00105
2018-06-18,-0.00211,0.00742,-0.00188,-0.00579,-0.00127,0.00075
2018-06-19,-0.00398,-0.00965,7e-05,-0.00515,0.00495,0.00173
2018-06-20,0.00171,-0.00075,-0.00333,0.0064,-0.00603,-0.00231
2018-06-21,-0.00627,-0.00893,-0.0016,0.0028,0.00382,0.00149
2018-06-22,0.00189,0.01851,-0.00041,0.0056,-8e-05,0.00115
2018-06-25,-0.01382,-0.0093,0.00048,-0.00269,0.00364,0.00098
2018-06-26,0.0022,0.00902,0.00082,-0.00189,-0.00056,0.00074
2018-06-27,-0.00864,0.00932,0.00456,-0.00021,0.01026,0.00348
2018-06-28,0.00629,-0.00253,-0.00248,-0.00042,-0.00178,-0.00145
2018-06-29,0.00082,0.00953,0.00204,0.0006,-0.00069,0.0004
2018-07-02,0.00311,-0.02194,-0.00111,-0.00104,-0.00116,0.00115
2018-07-03,-0.00496,0.00259,0.00406,0.00479,0.00451,0.00135
2018-07-05,0.00883,0.00072,0.00114,0.00553,0.00243,0.00094
2018-07-06,0.00852,0.00452,0.00228,0.00567,0.0021,0.00087
2018-07-09,0.00907,0.00502,4e-05,0.00542,-0.00413,-0.00131
2018-07-10,0.00349,0.00036,0.00081,8e-05,-0.00099,-0.00131
2018-07-11,-0.00712,-0.03835,0.00158,-0.0018,0.00485,0.00118
2018-07-12,0.00881,0.00874,0.00114,0.00157,-0.00078,-0.00114
2018-07-13,0.00108,0.00297,0.00241,0.00465,0.00307,0.00212
2018-07-16,-0.00098,-0.02497,-0.00219,-0.00173,-0.00574,-0.00279
2018-07-17,0.00398,0.0035,-0.00066,-0.00173,-0.00074,-0.00091
2018-07-18,0.00216,0.00639,-0.00055,0.00109,-0.00312,-0.00135
2018-07-19,-0.00386,-0.00109,0.00212,-0.00043,0.00414,0.00118
2018-07-20,-0.00091,0.00764,-0.00381,0.00036,-0.011,-0.00233
2018-07-23,0.00184,0.00418,-0.00489,-0.00189,-0.01278,-0.00481
2018-07-24,0.00482,0.00571,0.00504,9e-05,0.00451,0.00085
2018-07-25,0.00907,0.00946,0.00158,0.0033,0.00249,0.00197
2018-07-26,-0.00304,0.00332,-0.00084,0.00466,-0.0065,-0.00244
2018-07-27,-0.00658,-0.00427,0.00223,0.00066,0.00221,0.00078
2018-07-30,-0.00569,0.00775,-0.00114,-0.00185,-0.00271,0.00034
2018-07-31,0.0049,-0.00685,0.00234,-4e-05,0.00401,0.00085
2018-08-01,-0.00104,-0.0164,-0.00326,-0.00423,-0.00782,-0.00248
2018-08-02,0.00502,0.00716,0.00121,-0.00172,0.0013,0.00085
2018-08-03,0.00477,0.00251,0.00336,0.00237,0.00488,0.0019
2018-08-06,0.00363,0.00368,0.00179,-0.00105,0.0023,0.00047
2018-08-07,0.00283,0.00762,-0.00248,-0.00145,-0.00636,-0.00149
2018-08-08,-0.00023,-0.01395,-0.00161,-0.00221,8e-05,-0.00034
2018-08-09,-0.00118,-0.0028,0.00084,-0.00223,0.00682,0.00176
2018-08-10,-0.00684,-0.00076,0.00252,-0.00832,0.01174,0.00493
2018-08-13,-0.004,-0.00702,-0.00201,-0.01012,-0.00444,-0.00111
2018-08-14,0.00646,0.00134,0.0004,0.00727,-0.00277,-0.00159
2018-08-15,-0.00745,-0.01987,0.00263,-0.00065,0.00673,0.00213
2018-08-16,0.00819,0.00836,0.00055,0.0028,-0.00142,-0.00078
2018-08-17,0.0034,0.00106,7e-05,0.00078,0.00061,-0.00027
2018-08-20,0.00246,0.00287,0.0044,0.00046,0.00833,0.00324
2018-08-21,0.0021,0.00203,-0.0016,0.00164,-0.00313,-0.00088
2018-08-22,-0.00037,0.0141,7e-05,0.00445,0.00286,0.00178
2018-08-23,-0.00163,-0.00198,7e-05,-0.00013,0.00222,0.00094
2018-08-24,0.00619,0.00951,-0.00022,-0.00129,-0.0003,-0.00013
2018-08-27,0.00775,0.00162,-0.00109,0.00065,-0.00359,-0.0004
2018-08-28,0.00028,-0.0037,-0.00255,0.00042,-0.00649,-0.00232
2018-08-29,0.00577,0.00911,0.0004,-0.00257,0.00218,0.00044
2018-08-30,-0.00428,0.0012,0.00044,-0.00263,0.00252,0.00118
2018-08-31,0.00024,-0.00097,-0.00084,-0.0027,-0.00035,-0.00064
2018-09-04,-0.00156,-0.00228,-0.00489,-0.00772,-0.01027,-0.0028
2018-09-05,-0.0028,-0.00719,0.00062,0.0005,-0.00059,-0.00024
2018-09-06,-0.00336,-0.00687,0.00325,0.00485,0.00376,0.00064
2018-09-07,-0.00213,0.00257,-0.00424,-0.00088,-0.00893,-0.00291
2018-09-10,0.00189,0.00405,0.00194,-0.00298,0.00295,0.0002
2018-09-11,0.0038,0.00833,-0.00209,-0.00233,-0.00655,-0.00166
2018-09-12,0.00037,0.00835,0.00252,0.00382,0.00318,0.00135
2018-09-13,0.00553,-0.01228,0.00146,0.0068,0.001,-0.00163
2018-09-14,0.00042,-0.00316,-0.00153,0.00221,-0.00547,-0.00176
2018-09-17,-0.00557,-0.00222,-0.00022,-0.00219,-0.00079,-0.00068
2018-09-18,0.00539,0.00711,-0.00399,-0.00134,-0.00984,-0.0017
2018-09-19,0.00125,0.00767,-0.00209,0.00107,-0.00714,-0.00146
2018-09-20,0.00785,-0.00066,0.00334,0.00503,0.00396,0.00089
2018-09-21,-0.00035,0.00321,0.00084,0.00294,0.00162,0.00102
2018-09-24,-0.00352,0.01383,-0.00114,0.00042,-0.00067,-7e-05
2018-09-25,-0.00123,0.00335,-0.00165,4e-05,-0.00392,-0.0014
2018-09-26,-0.0033,-0.00463,0.00403,0.00284,0.00731,0.00238
2018-09-27,0.00295,0.00237,0.00095,0.00518,0.00141,-0.0001
2018-09-28,3e-05,0.0101,-0.00048,-0.00045,-0.00201,-0.00068
2018-10-01,0.00364,0.01961,-0.00037,-0.00166,-0.00584,-0.00167
2018-10-02,-0.00036,0.00488,0.00117,-0.00068,0.00447,0.00116
2018-10-03,0.00071,0.00913,-0.00785,-0.00064,-0.01937,-0.00491
2018-10-04,-0.00797,-0.01214,-0.00336,-0.00868,-0.00604,-0.00295
2018-10-05,-0.00553,-0.00166,-0.00277,-0.00311,-0.00724,-0.00199
2018-10-09,-0.00152,0.00324,0.00215,-0.00155,0.00493,0.00172
2018-10-10,-0.03341,-0.01496,-0.003,-0.00128,-0.00525,-0.00196
2018-10-11,-0.02078,-0.01674,0.00455,-0.00067,0.01675,0.00295
2018-10-12,0.01421,0.00385,0.00059,0.0026,-0.00166,-0.00038
2018-10-15,-0.0059,0.005,-0.00284,0.00067,-0.00399,-0.00072
2018-10-16,0.0213,0.00288,0.00115,0.00204,0.00216,0.00031
2018-10-17,-0.00021,-0.01116,-0.002,0.00109,-0.00283,-0.00154
2018-10-18,-0.0144,-0.00862,-0.00096,-0.00322,-0.00167,-0.0012
2018-10-19,-0.00033,0.00399,-0.00245,-0.00243,-0.00474,-0.00155
2018-10-22,-0.00428,0.00071,4e-05,-0.00103,0.0008,-7e-05
2018-10-23,-0.00548,-0.02016,-0.00063,-0.00119,0.00314,0.00055
2018-10-24,-0.03135,-0.00265,0.00334,-8e-05,0.00341,0.00127
2018-10-25,0.01845,0.00047,-0.00174,-0.00012,-0.00029,-0.00234
2018-10-26,-0.01748,0.00556,0.00222,0.00058,0.00559,0.00495
2018-10-29,-0.00657,-0.00439,-0.00041,-0.00223,-0.002,-0.00082
2018-10-30,0.01563,-0.01202,-0.00338,-0.00183,-0.00458,-0.00247
2018-10-31,0.01083,-0.0102,-0.00223,-0.00123,-0.00831,-0.00276
2018-11-01,0.01053,-0.00875,0.00019,0.00268,0.00299,-0.00142
2018-11-02,-0.00625,-0.00034,-0.00351,0.0014,-0.01162,-0.00301
2018-11-05,0.00561,-0.00083,0.00239,0.00056,0.00413,0.00242
2018-11-06,0.00632,-0.0058,0.00145,-0.00019,0.00082,3e-05
2018-11-07,0.021,-0.0018,0.0019,0.00159,0.0005,7e-05
2018-11-08,-0.00199,-0.00701,-0.00138,-0.00211,-0.00037,-0.00107
2018-11-09,-0.00907,-0.00847,0.00156,-0.00129,0.00603,0.00118
2018-11-13,-0.02135,-0.031,-0.00048,-0.00408,0.0049,0.00159
2018-11-14,-0.00733,0.00572,-0.00208,-0.00093,0.0023,0.00055
2018-11-15,0.01086,-3e-05,-0.00519,-0.00137,-0.00193,7e-05
2018-11-16,0.00229,0.00319,0.00363,0.00054,0.00725,0.00475
2018-11-19,-0.01675,0.00156,-7e-05,-0.0011,0.00177,-0.00052
2018-11-20,-0.01824,-0.03106,-0.00194,-0.0074,0.00212,-0.00093
2018-11-21,0.00312,0.00846,0.00209,0.00181,-0.00099,-0.00093
2018-11-23,-0.00652,-0.03414,0.0006,-0.00109,0.00041,-0.00148
2018-11-26,0.01553,0.00798,0.00145,-0.00267,-0.0016,-0.0009
2018-11-27,0.00327,-0.00474,-0.00209,-0.00321,0.00024,-0.00242
2018-11-28,0.02278,-0.00228,-0.0003,0.00346,-0.00147,0.00214
2018-11-29,-0.00195,0.00744,-0.00112,0.00633,0.00068,0.00338
2018-11-30,0.00832,-0.00306,-0.00041,0.00159,0.0028,0.00124
2018-12-03,0.01088,0.02007,0.00481,0.0073,0.00616,0.00106
2018-12-04,-0.03284,0.00421,0.00216,-0.00102,0.01775,0.00346
2018-12-06,-0.00121,-0.01396,-0.00071,-0.00065,0.00731,0.00072
2018-12-07,-0.02343,0.01538,0.00308,0.00352,-0.00087,0.00106
2018-12-10,0.00177,-0.01679,-0.00056,-0.00113,0.00258,-0.00236
2018-12-11,-0.00031,0.00528,0.00118,0.00052,0.00021,-0.00394
2018-12-12,0.00541,-0.00312,0.00174,0.0033,-0.00327,-0.00127
2018-12-13,-1e-05,0.00987,0.00092,0.00373,-0.00225,0.00024
2018-12-14,-0.01915,-0.01181,0.00144,4e-05,0.00331,0.00065
2018-12-17,-0.02094,-0.00698,0.00239,0.00061,0.00514,0.00127
2018-12-18,0.00015,-0.02632,0.00169,-0.00053,0.00639,0.00278
2018-12-19,-0.01542,0.01035,0.00414,-0.00013,0.01174,0.00318
2018-12-20,-0.01587,-0.01878,-0.00679,-0.00034,-0.00015,-0.00407
2018-12-21,-0.0208,-0.00485,-0.00195,-0.00155,-0.00256,0.0
2018-12-24,-0.02741,-0.02467,0.00236,0.00042,0.00481,0.00127
2018-12-26,0.04842,0.02628,-0.00409,-0.00099,-0.00762,-0.00137
2018-12-27,0.00862,-0.01201,0.00188,0.00046,0.00405,0.00082
2018-12-28,-0.00108,0.00179,-0.00044,0.00092,-0.00228,0.00014
2018-12-31,0.00859,-0.00166,0.00372,-0.00053,0.00398,0.00181
2019-01-02,0.00127,0.00553,0.00228,0.00097,0.00715,0.00058
2019-01-03,-0.0248,0.00805,0.00421,0.00419,0.01509,0.00718
2019-01-04,0.03376,0.01262,-0.00505,0.00576,-0.01379,-0.00268
2019-01-07,0.00699,0.00795,0.00213,0.00573,-0.00049,-0.00024
2019-01-08,0.00967,0.01034,0.00033,-0.00111,-0.00283,0.00085
2019-01-09,0.00441,0.02073,0.00234,0.00469,-0.00547,3e-05
2019-01-10,0.00451,-0.00196,-0.00219,-0.00171,-0.00424,-0.00177
2019-01-11,-0.00014,-0.00568,0.00285,0.00062,0.00289,0.00292
2019-01-14,-0.00516,-0.00837,-0.00219,-0.00011,-0.00406,-0.00194
2019-01-15,0.01068,0.00783,7e-05,0.00245,-0.00125,-0.00105
2019-01-16,0.00224,0.00587,0.00161,0.0023,-0.00114,-0.00017
2019-01-17,0.00766,0.00016,0.00066,0.00028,0.00011,-0.00044
2019-01-18,0.01312,0.01164,0.0027,0.0051,-0.0037,-0.0014
2019-01-22,-0.01422,-0.00912,0.00468,0.00052,0.00771,0.00112
2019-01-23,0.0022,0.00043,0.00025,0.00579,-0.00225,-0.00136
2019-01-24,0.00141,0.00171,0.00419,0.00394,0.00644,0.0014
2019-01-25,0.00849,0.00566,-0.00061,0.00042,-0.00488,-0.00147
2019-01-28,-0.00788,-0.01453,0.00069,-0.00257,0.00045,-0.00099
2019-01-29,-0.00144,0.01083,0.00256,-0.00206,0.00389,0.00222
2019-01-30,0.01554,0.00472,0.0019,0.00042,-0.00197,0.00489
2019-01-31,0.00877,-0.00494,0.00787,0.01144,0.00897,0.00568
2019-02-01,0.00103,0.01065,-0.00225,0.00089,-0.00543,-0.00192
2019-02-04,0.00677,-0.00169,-0.00057,-0.00055,-0.00477,-0.00257
2019-02-05,0.00471,-0.00424,0.00389,0.0052,0.0044,0.00085
2019-02-06,-0.00213,0.00387,-0.00117,-0.00053,-9e-05,7e-05
2019-02-07,-0.00925,-0.01179,0.001,-0.00272,0.00778,0.00115
2019-02-08,0.00101,0.00106,0.00121,-0.00224,0.0044,0.00091
2019-02-11,0.00072,-0.0051,-0.00132,-0.00259,-0.004,-0.0023
2019-02-12,0.01288,0.00628,-0.00064,0.00199,-0.0039,-0.00054
2019-02-13,0.0031,0.00599,-0.0011,0.00295,-0.00179,0.0003
2019-02-14,-0.00231,0.00169,0.00146,0.00015,0.00444,0.0026
2019-02-15,0.01089,0.01773,0.00107,-0.0018,0.00191,0.00051
2019-02-19,0.00157,0.00271,0.00149,0.002,0.00174,0.00179
2019-02-20,0.00197,0.00622,-0.0011,0.00071,-0.00188,0.0003
2019-02-21,-0.00345,0.00185,-0.00338,0.00027,-0.00829,-0.00148
2019-02-22,0.00642,0.00337,0.00324,0.00265,0.00476,0.00303
2019-02-25,0.00137,-0.01682,0.00039,0.00145,-0.00195,-0.00118
2019-02-26,-0.00078,0.0023,0.0022,0.00114,0.00472,0.00205
2019-02-27,-0.00039,0.00705,-0.0043,0.00103,-0.01099,-0.0032
2019-02-28,-0.00253,-0.0027,-7e-05,-4e-05,-0.0038,-0.00051
2019-03-01,0.00693,-0.00876,-0.00089,-0.00282,-0.00688,-0.00243
2019-03-04,-0.00386,0.00109,0.00285,-0.00112,0.00644,0.00165
2019-03-05,-0.0011,0.00309,-0.00053,-0.00225,0.00065,-0.00084
2019-03-06,-0.0065,-0.00385,0.00107,0.00209,0.00357,0.00108
2019-03-07,-0.00795,-0.00161,0.0033,-0.00109,0.00859,0.00337
2019-03-08,-0.00204,-0.00326,-0.00067,-0.00127,0.00294,0.00067
2019-03-11,0.01457,-9e-05,0.00014,0.0037,-0.00374,-0.00034
2019-03-12,0.003,0.00756,0.00445,0.00302,0.00773,0.00211
2019-03-13,0.00699,0.00763,-0.00092,-0.00029,-0.00278,0.00084
2019-03-14,-0.00053,-0.00322,-0.00194,0.00184,-0.00626,0.00034
2019-03-15,0.00501,0.0,0.00321,0.00263,0.00525,0.00234
2019-03-18,0.00371,0.00322,0.00078,0.00197,0.00158,0.00114
2019-03-19,-0.0001,0.00366,-0.00046,0.00142,-0.00297,-0.00137
2019-03-20,-0.0029,0.0054,0.00419,0.00036,0.00946,0.0065
2019-03-21,0.01085,-0.00447,0.00207,0.00495,0.00232,-0.00017
2019-03-22,-0.01908,-0.00816,0.00684,-0.0021,0.01378,0.00252
2019-03-25,-0.00076,0.00235,0.00264,-0.0008,0.00424,0.00103
2019-03-26,0.00716,0.00165,0.00153,0.00273,7e-05,-0.00146
2019-03-27,-0.00464,-0.00421,0.00277,-0.0013,0.00858,0.00056
2019-03-28,0.00374,-0.00468,-0.00045,-0.00027,0.00178,-0.00086
2019-03-29,0.00676,0.00172,-0.00097,0.00321,-0.00198,0.00152
2019-04-01,0.01151,0.00954,-0.00461,0.00135,-0.01233,-0.00305
2019-04-02,5e-05,0.00087,0.00122,-4e-05,0.00077,0.00076
2019-04-03,0.00215,0.00152,-0.00153,-0.00037,-0.00749,-0.00233
2019-04-04,0.00231,0.00033,0.00111,0.00087,0.00157,0.00027
2019-04-05,0.00463,0.00495,0.00212,0.0006,0.0021,0.00083
2019-04-08,0.00106,0.00291,-0.0009,-0.00082,-0.00268,-0.00037
2019-04-09,-0.00578,-0.00175,0.00267,0.00154,0.00277,0.0013
2019-04-10,0.00356,0.00898,0.00273,-0.00087,0.00129,0.00298
2019-04-11,5e-05,-0.0078,-0.00031,-0.00188,-0.00548,-0.00212
2019-04-12,0.00669,0.00556,-0.00093,-0.00182,-0.00614,-0.00159
2019-04-15,-0.00061,-0.00319,0.00104,0.00048,0.00168,0.00037
2019-04-16,0.00051,-0.00296,-0.00249,0.00101,-0.00535,-0.00216
2019-04-17,-0.00217,-0.00294,0.00024,0.00091,0.00013,-0.00027
2019-04-18,0.0016,0.00095,0.00135,-0.00028,0.00576,0.00283
2019-04-22,0.00104,0.00569,-0.00318,-0.00064,-0.00568,-0.00096
2019-04-23,0.00885,0.00106,0.00222,0.00139,0.0023,0.00192
2019-04-24,-0.00219,-0.00234,0.00383,-0.00044,0.0073,0.00354
2019-04-25,-0.00037,-0.00181,-0.00065,-0.00335,-0.00122,0.0004
2019-04-26,0.00471,-0.0107,0.00286,0.00255,0.00376,0.00155
2019-04-29,0.00112,-0.00273,-0.00255,-4e-05,-0.00652,-0.00205
2019-04-30,0.00098,0.00411,0.00189,0.00148,0.00485,0.00149
2019-05-01,-0.00752,-0.00075,0.00065,0.00144,0.00342,-0.00099
2019-05-02,-0.00209,-0.0116,-0.00517,-0.00087,-0.00469,-0.0062
2019-05-03,0.00969,-0.0003,0.00238,0.00179,0.0032,0.00292
2019-05-06,-0.0044,-0.00149,0.00096,0.00039,0.00368,0.00235
2019-05-07,-0.01664,-0.0089,0.00303,-0.00129,0.00817,0.00083
2019-05-08,-0.00158,0.00232,-0.00296,-0.00142,-0.00478,-0.00291
2019-05-09,-0.00268,-0.00616,7e-05,-0.00215,0.0027,0.00162
2019-05-10,0.00406,0.00015,-3e-05,0.00165,0.00103,0.00169
2019-05-13,-0.02439,-0.00172,0.00114,-0.00374,0.00666,0.00274
2019-05-14,0.0081,0.01215,0.00058,0.00134,-0.00274,0.0002
2019-05-15,0.00602,0.00528,0.00302,0.00208,0.00526,0.00174
2019-05-16,0.00914,0.00787,-0.00058,0.00156,-0.00316,-0.00132
2019-05-17,-0.00575,-0.00762,0.00041,-0.00071,0.00283,-0.00079
2019-05-20,-0.00676,0.00212,-0.00216,0.00055,-0.00189,-0.00105
2019-05-21,0.00849,0.00133,-0.00062,0.00154,-0.00133,0.00046
2019-05-22,-0.00281,-0.01286,0.00144,0.00092,0.00399,-0.00016
2019-05-23,-0.01188,-0.02501,0.00455,-0.00145,0.01557,0.00339
2019-05-24,0.0015,0.01192,-0.00168,0.00041,-0.00443,-0.00072
2019-05-28,-0.00841,0.01239,0.00297,0.00129,0.00943,0.00227
2019-05-29,-0.00691,-0.00478,-0.00078,-0.00035,0.00613,0.00367
2019-05-30,0.00223,-0.00953,0.00412,0.00216,0.00362,0.00049
2019-05-31,-0.01309,-0.02479,0.0035,-0.00115,0.01213,0.00619
2019-06-03,-0.00276,-0.00321,0.00389,0.0011,0.00692,0.00428
2019-06-04,0.02126,0.00191,-0.00145,0.00374,-0.01007,-0.00236
2019-06-05,0.00825,-0.01879,-0.00044,0.00527,-0.00452,0.00052
2019-06-06,0.00639,0.01096,0.0003,0.00254,0.00207,-0.00172
2019-06-07,0.01054,0.00961,0.00529,0.00344,0.00905,0.00376
2019-06-10,0.00465,-0.00468,-0.00195,0.00235,-0.009,-0.00427
2019-06-11,-0.0003,0.00693,0.00061,-0.00019,0.00105,-0.00039
2019-06-12,-0.00202,-0.01183,-0.00034,0.00049,-0.00123,-0.00094
2019-06-13,0.00439,0.01122,0.00299,0.00019,0.00461,0.00143
2019-06-14,-0.00148,0.00323,-0.0004,-0.00026,0.00144,-0.00367
2019-06-17,0.00094,-0.00428,0.00114,-0.00014,0.00284,-0.00016
2019-06-18,0.0097,0.01083,0.00529,0.00691,0.00447,0.00387
2019-06-19,0.00298,-0.00636,0.00446,0.00293,0.0023,0.0054
2019-06-20,0.00952,0.02352,0.00623,0.01086,0.00241,0.00675
2019-06-21,-0.0012,0.00093,-0.00284,-0.00421,-0.01128,-0.00595
2019-06-24,-0.00173,0.00652,0.00568,0.00029,0.00766,0.00258
2019-06-25,-0.00954,0.00394,-0.00066,-0.0013,0.00428,-0.00122
2019-06-26,-0.00123,0.00721,-0.003,-0.00123,-0.00708,-0.00122
2019-06-27,0.00397,-0.00109,0.00514,0.00168,0.00758,0.00213
2019-06-28,0.00579,-0.01003,0.00161,0.00137,-0.00034,-0.00026
2019-07-01,0.00765,-0.00187,-0.00043,0.00502,-0.00535,-0.00209
2019-07-02,0.00296,-0.01871,0.00446,0.00126,0.00931,0.00155
2019-07-03,0.00788,0.01447,0.00274,0.00307,0.00658,0.00174
2019-07-05,-0.0017,-0.00201,-0.00789,-0.00222,-0.01397,-0.00315
2019-07-08,-0.00483,-0.00034,0.00082,-0.00176,0.00501,0.00151
2019-07-09,0.00153,0.00161,-0.00247,-0.0025,-0.0021,-0.00019
2019-07-10,0.00451,0.02302,-0.00063,0.00026,-0.00667,0.0019
2019-07-11,0.00229,-0.00057,-0.00416,-0.00019,-0.01168,-0.00232
2019-07-12,0.00471,0.00259,0.00119,-0.00066,0.00125,0.00142
2019-07-15,0.00017,-0.00979,0.00165,0.00208,0.00404,0.00132
2019-07-16,-0.00338,-0.01543,-0.00291,0.00039,-0.00356,-0.00087
2019-07-17,-0.00654,-0.00504,0.00521,0.00161,0.01046,0.00193
2019-07-18,0.00368,-0.01427,0.00128,-0.00066,0.00088,0.00042
2019-07-19,-0.00616,0.00761,0.00069,0.0019,-0.00175,0.00035
2019-07-22,0.00285,-0.00059,0.00167,0.00159,0.00169,0.00055
2019-07-23,0.00684,0.00666,-0.00112,0.00161,-0.0064,-0.00141
2019-07-24,0.00472,-0.00301,0.00282,0.00201,0.00535,0.00055
2019-07-25,-0.00527,-0.00103,-0.00108,0.00024,-0.00463,-0.00138
2019-07-26,0.00737,-0.00156,0.00039,-0.00034,0.00077,-0.00148
2019-07-29,-0.00161,0.00364,0.00183,0.00067,0.00334,0.00068
2019-07-30,-0.00248,0.00564,-0.00206,-0.00158,-0.00058,0.00048
2019-07-31,-0.01092,0.00037,0.00327,0.00088,0.00964,0.00205
2019-08-01,-0.00894,-0.03929,0.00768,-0.00103,0.01695,0.00378
2019-08-02,-0.00722,0.01039,0.00026,0.00052,0.009,-0.00022
2019-08-05,-0.03018,-0.0138,0.00404,-0.00411,0.01794,0.00395
2019-08-06,0.01301,-0.0068,0.00177,0.00164,0.00488,0.00197
2019-08-07,0.00079,-0.01842,0.00225,0.00581,0.01318,0.00403
2019-08-08,0.01884,0.0117,-0.00348,0.00222,-0.00656,0.00041
2019-08-09,-0.00648,0.01024,0.00206,0.00358,-0.00062,-0.00051
2019-08-12,-0.01186,-0.00581,0.00805,-0.01141,0.02117,0.00414
2019-08-13,0.01469,0.0224,-0.00237,-0.00174,-0.00191,-0.0012
2019-08-14,-0.02944,-0.01572,0.00466,-7e-05,0.01956,0.00192
2019-08-15,0.00265,-0.00922,0.00277,0.00179,0.00792,0.0023
2019-08-16,0.01449,0.00264,0.00054,0.00378,-0.00353,-0.00107
2019-08-19,0.01209,0.00309,-0.00331,-0.00241,-0.01503,-0.0034
2019-08-20,-0.00787,0.00185,0.00391,0.00027,0.00748,0.00063
2019-08-21,0.00825,0.00333,0.00209,0.0015,-0.00175,-0.00079
2019-08-22,-0.00048,-0.00472,-0.002,0.00232,-0.00877,-0.00234
2019-08-23,-0.02628,-0.00549,0.00566,-5e-05,0.01456,0.00606
2019-08-26,0.01105,-0.00356,-0.00227,-8e-05,-0.0027,-0.00088
2019-08-27,-0.0032,0.00753,0.0052,0.00092,0.01328,0.00465
2019-08-28,0.00656,0.00757,0.00079,0.00247,0.00433,0.00263
2019-08-29,0.01277,0.00322,-0.00343,0.00059,-0.00734,0.00012
2019-08-30,0.00078,-0.01404,0.00139,0.00196,0.00067,-0.00266
2019-09-03,-0.00685,-0.00709,0.00025,0.00367,0.00531,-0.00116
2019-09-04,0.01087,0.02319,0.00129,0.00551,-0.00069,0.00119
2019-09-05,0.01316,-0.00032,-0.00808,0.00031,-0.01798,-0.00487
2019-09-06,0.00095,0.00192,0.00329,-0.00113,0.00633,0.00129
2019-09-09,-1e-05,0.00749,-0.00561,-0.00229,-0.01389,-0.00343
2019-09-10,0.00035,0.00235,-0.00724,-0.00485,-0.01529,-0.00493
2019-09-11,0.00726,-0.00962,-0.0017,-0.00282,-0.00464,-0.00178
2019-09-12,0.00303,-0.00167,-0.00331,0.00259,-0.01039,-0.00219
2019-09-13,-0.00045,-0.00115,-0.00853,-0.00848,-0.02019,-0.00552
2019-09-16,-0.00311,0.0533,0.00527,-0.00093,0.01235,0.00587
2019-09-17,0.00258,-0.02555,0.0019,0.00163,0.00432,0.0008
2019-09-18,0.00035,-0.00708,0.00325,0.00358,0.00753,-0.00121
2019-09-19,8e-05,0.00292,0.00324,0.00087,0.00474,0.00054
2019-09-20,-0.00486,-0.00216,0.00262,0.00258,0.00225,0.00292
2019-09-23,-0.0001,0.00745,0.00379,0.00077,0.0081,0.00304
2019-09-24,-0.00837,-0.01028,0.00463,-0.00405,0.01088,0.00322
2019-09-25,0.00614,-0.00819,-0.00925,-0.00371,-0.01667,-0.00636
2019-09-26,-0.00237,0.00086,0.00465,0.00096,0.0105,0.00241
2019-09-27,-0.00519,-0.00598,0.00064,0.00071,0.00073,-0.00165
2019-09-30,0.00509,-0.01146,0.00029,-0.0006,0.00071,-0.00187
2019-10-01,-0.01229,0.00145,0.00203,-0.00067,0.00319,0.00333
2019-10-02,-0.01807,-0.00845,-0.00025,-0.00173,0.00388,0.0012
2019-10-03,0.00819,-0.00023,0.00465,0.00251,0.0092,0.00309
2019-10-04,0.01412,0.0048,0.00246,0.00436,0.00479,0.00305
2019-10-07,-0.00448,0.00032,-0.0029,0.0012,-0.00536,-0.00255
2019-10-08,-0.01566,0.00152,-0.00041,-0.00249,0.00072,-0.00117
2019-10-09,0.00938,0.00052,-0.00259,-0.00126,-0.0081,-0.00395
2019-10-10,0.00642,0.00676,-0.00483,-0.00084,-0.01217,-0.00219
2019-10-11,0.01097,0.01215,-0.00306,-0.00086,-0.01251,-0.00264
2019-10-15,0.00852,-0.00955,0.00054,0.00055,-0.00347,-0.00143
2019-10-16,-0.00194,0.0039,0.00156,-0.0005,0.00014,0.00207
2019-10-17,0.00284,0.00366,0.0007,0.00107,-0.00176,0.00019
2019-10-18,-0.0039,-0.00025,0.0013,0.00062,-0.00067,0.00165
2019-10-21,0.00688,-0.00398,-0.00181,-0.00215,-0.00658,-0.00213
2019-10-22,-0.00354,0.00331,0.00305,0.00087,0.00602,0.00206
2019-10-23,0.00288,0.01178,-0.00051,0.00087,0.00013,0.00092
2019-10-24,0.00192,0.00539,0.0006,0.00181,-0.0015,0.00048
2019-10-25,0.00408,0.00306,-0.0013,0.00055,-0.00619,-0.00086
2019-10-28,0.00557,-0.00253,-0.0021,-0.00245,-0.00986,-0.00346
2019-10-29,-0.00082,-0.00016,0.00038,-0.00094,0.00329,-0.0015
2019-10-30,0.00333,-0.00737,0.0021,-0.0015,0.00994,0.00096
2019-10-31,-0.00296,-0.00603,0.00665,0.00448,0.01787,0.0054
2019-11-01,0.0097,0.01918,-0.00079,0.00271,-0.00643,0.00054
2019-11-04,0.00371,0.00437,-0.0037,-0.0006,-0.01083,-0.00025
2019-11-05,-0.00118,0.00269,-0.0055,-0.00471,-0.01348,-0.00289
2019-11-06,0.00078,-0.01125,0.00496,0.00079,0.0092,0.00361
2019-11-07,0.00319,0.00072,-0.00768,-0.00202,-0.01944,-0.00587
2019-11-08,0.00274,0.00053,-0.00026,-0.00114,-0.00348,0.0001
2019-11-12,-0.00035,-0.00534,0.00259,-0.00187,0.00614,0.00115
2019-11-13,0.00075,0.00203,0.0021,-0.00029,0.00648,0.0001
2019-11-14,0.00109,-0.00291,0.00426,0.00347,0.00971,0.00187
2019-11-15,0.00784,0.00572,-0.00171,-2e-05,-0.00267,-0.00143
2019-11-18,0.00052,-0.00886,0.00206,-0.00301,0.0033,0.00248
2019-11-19,-0.00053,-0.00995,0.00218,-0.00255,0.00697,0.00158
2019-11-20,-0.00357,0.01265,0.00202,0.00046,0.00936,0.0025
2019-11-21,-0.00152,0.00973,-0.00259,0.00044,-0.00536,-0.00111
2019-11-22,0.00219,-0.00361,0.00133,0.00233,0.00157,3e-05
2019-11-25,0.0076,0.00215,0.00306,0.00044,0.00307,0.00164
2019-11-26,0.00222,0.00496,0.0034,0.00249,0.0054,0.00186
2019-11-27,0.00428,-0.00481,-0.00129,-0.00084,-0.00292,-0.0017
2019-11-29,-0.0038,-0.02311,-0.0006,-0.00047,-0.00157,-0.00268
2019-12-02,-0.00863,0.00111,-0.00555,-0.00413,-0.01516,-0.00206
2019-12-03,-0.00663,-0.00184,0.00954,0.00042,0.02309,0.00846
2019-12-04,0.00641,0.01704,-0.00392,0.00202,-0.01255,-0.00214
2019-12-05,0.00177,0.00281,0.00016,0.00128,-0.00287,-0.00145
2019-12-06,0.00914,0.00588,-0.00063,0.0017,-0.00678,-0.00095
2019-12-09,-0.00308,0.0005,0.00173,0.00325,0.0039,0.00076
2019-12-10,-0.00106,0.00384,6e-05,0.00099,0.00229,0.0006
2019-12-11,0.00291,-0.00607,0.00386,0.00296,0.00614,0.00233
2019-12-12,0.00868,0.00786,-0.00754,0.00276,-0.01856,-0.00489
2019-12-13,0.00025,0.00792,0.00826,0.00203,0.01287,0.00441
2019-12-16,0.00715,0.00589,-0.0041,0.00101,-0.01083,-0.00252
2019-12-17,0.00034,0.006,0.00082,0.00363,-0.0014,0.0011
2019-12-18,-0.00035,-0.00051,-0.00122,0.00079,-0.00655,-0.00082
2019-12-19,0.00451,0.00398,0.00216,-0.00124,0.0018,0.00192
2019-12-20,0.00499,-0.00217,-0.0005,0.00023,-0.00025,-0.00072
2019-12-23,0.00086,0.0,-0.0011,0.0016,-0.00255,-0.00218
2019-12-24,-0.00013,0.00524,0.00304,3e-05,0.00436,0.00183
2019-12-26,0.00521,0.00754,-0.00034,0.00051,0.00026,-3e-05
2019-12-27,5e-05,0.00202,0.00341,0.00204,0.00461,0.00091
2019-12-30,-0.00567,-0.00152,-0.00206,-0.00049,-0.00548,9e-05
2019-12-31,0.003,-0.00685,-0.00266,0.0002,-0.00568,-0.00088
2020-01-02,0.00847,0.00153,0.00335,0.0021,0.00706,0.00459
2020-01-03,-0.00698,0.01386,0.00511,-0.00013,0.01613,0.00522
2020-01-06,0.00353,0.00374,-0.00424,-0.00053,-0.0054,-0.00253
2020-01-07,-0.00271,-0.0036,-0.00244,0.00138,-0.00436,-0.00272
2020-01-08,0.00492,-0.02125,-0.00354,0.00082,-0.00955,-0.00207
2020-01-09,0.0069,0.00057,0.00417,-0.00023,0.00511,0.00072
2020-01-10,-0.00286,-0.0009,0.00511,0.00111,0.00835,0.00263
2020-01-13,0.00696,-0.0063,-0.00227,0.00015,-0.0035,-6e-05
2020-01-14,-0.00142,0.00182,0.00146,8e-05,0.00595,0.00175
2020-01-15,0.00189,-0.00486,0.0028,0.00301,0.00601,0.00069
2020-01-16,0.00837,0.00012,-0.00028,0.00237,-0.00315,-0.00125
2020-01-17,0.00388,0.0021,0.00012,-0.00101,-0.00892,-0.00219
2020-01-21,-0.00264,-0.00332,0.00604,7e-05,0.01237,0.00388
2020-01-22,0.00032,-0.01323,0.00108,0.00078,0.00306,-0.00084
2020-01-23,0.00121,-0.00925,0.00077,-0.00093,0.00742,0.00175
2020-01-24,-0.00906,-0.016,0.00329,0.0002,0.00945,0.00246
2020-01-27,-0.01586,-0.01584,0.00193,-0.00301,0.01349,0.00233
2020-01-28,0.01002,0.00325,-0.00196,0.00361,-0.00714,-0.00106
2020-01-29,-0.00084,-0.00386,0.00456,0.00316,0.00807,0.00301
2020-01-30,0.00328,-0.01496,-0.00067,0.00149,0.00464,0.00201
2020-01-31,-0.01778,-0.00446,0.00174,0.00151,0.00251,0.00247
2020-02-03,0.00724,-0.01603,0.00098,0.00018,0.0032,-0.0017
2020-02-04,0.01487,-0.00097,-0.00477,-0.00117,-0.01554,-0.00499
2020-02-05,0.01121,0.01423,-0.00135,0.001,-0.00872,-0.00177
2020-02-06,0.00349,0.00312,0.00181,0.0012,0.00388,0.00124
2020-02-07,-0.00522,-0.00355,0.00544,0.00057,0.01284,0.004
2020-02-10,0.00745,-0.00847,0.00137,-0.0006,0.00399,0.00192
2020-02-11,0.00172,0.00345,-0.00201,0.00121,-0.00544,-0.0034
2020-02-12,0.00648,0.0128,-0.0022,0.00113,-0.00736,-0.00105
2020-02-13,-0.00131,0.00121,0.00086,0.00092,0.00319,0.00171
2020-02-14,0.002,0.00013,0.00262,0.00292,0.00584,0.00136
2020-02-18,-0.00286,0.00758,0.0021,0.0009,0.00708,0.00204
2020-02-19,0.00487,0.00807,-0.00082,0.00114,-0.00188,-0.00093
2020-02-20,-0.00378,-0.00354,0.00161,0.00111,0.00829,0.00213
2020-02-21,-0.01054,-0.00368,0.0027,0.00256,0.00994,0.00283
2020-02-24,-0.03396,-0.01856,0.00188,-0.00162,0.01544,0.00427
2020-02-25,-0.03073,-0.01576,0.00106,-0.00305,0.0064,-0.00055
2020-02-26,-0.00378,-0.0135,0.0006,-0.00373,0.00144,0.00049
2020-02-27,-0.04496,-0.01482,-0.00517,-0.00866,0.0026,0.00073
2020-02-28,-0.00811,-0.02316,0.00608,-0.00667,0.02121,0.0054
2020-03-02,0.04503,0.02046,0.00163,0.00624,0.00427,-0.00076
2020-03-03,-0.02848,0.00479,0.00717,0.00941,0.00326,0.0078
2020-03-04,0.04139,-0.00065,0.00289,0.00808,-0.00153,0.00235
2020-03-05,-0.0343,-0.00909,0.00119,-0.00524,0.01264,0.00118
2020-03-06,-0.01717,-0.03748,0.01216,-0.00532,0.06354,0.00986
2020-03-09,-0.0789,-0.07806,-0.02064,-0.04201,0.04262,-0.0095
2020-03-10,0.04824,0.02958,-0.02513,-0.00509,-0.05894,-0.0229
2020-03-11,-0.05003,-0.01154,-0.009,-0.02078,-0.01074,-0.01146
2020-03-12,-0.09973,-0.03286,-0.03084,-0.05257,-0.01261,-0.00556
2020-03-13,0.08912,-0.0125,-0.00465,0.00291,-0.02636,-0.01106
2020-03-16,-0.1276,-0.05452,-0.00229,-0.02972,0.05086,0.00348
2020-03-17,0.05826,-0.01119,-0.03568,-0.0102,-0.05614,-0.02503
2020-03-18,-0.05322,-0.05254,-0.05157,-0.05606,-0.06479,-0.01773
2020-03-19,0.00477,0.04144,-0.02145,-0.02956,0.03046,0.00496
2020-03-20,-0.04415,-0.01649,-0.00801,0.02507,0.03527,0.02554
2020-03-23,-0.02973,0.01224,0.014,-0.02086,0.04545,0.02926
2020-03-24,0.08978,0.0226,0.02167,0.01832,0.00171,0.00699
2020-03-25,0.01147,0.01643,0.02538,0.03966,-0.01177,0.00028
2020-03-26,0.06059,-0.00983,0.01871,0.02443,0.00467,0.00682
2020-03-27,-0.03427,0.00438,0.01356,-0.0111,0.01341,-0.00746
2020-03-30,0.03313,-0.00692,0.01377,-0.00966,0.00943,0.00354
2020-03-31,-0.01604,-0.00488,0.00533,0.01147,-0.01423,-0.0083
2020-04-01,-0.04514,-0.03083,-0.00705,-0.01311,0.01516,0.0067
2020-04-02,0.02274,0.02186,0.00055,0.00154,0.00459,0.00861
2020-04-03,-0.01512,0.01474,-0.00098,0.00475,0.0098,0.00533
2020-04-06,0.06798,0.00792,0.00189,0.0004,-0.01294,0.00143
2020-04-07,-0.00159,0.00314,0.00869,0.00774,-0.00814,-0.00228
2020-04-08,0.03373,-0.00013,0.00727,-0.00132,-0.0062,0.00103
2020-04-09,0.01451,0.00605,0.03245,0.01713,0.00365,0.00548
2020-04-13,-0.01013,0.01058,0.00646,0.00483,-0.00706,0.00259
2020-04-14,0.03024,-0.00173,0.00394,0.00818,-0.00359,0.00165
2020-04-15,-0.02221,-0.02592,0.00242,-0.00786,0.02636,0.00204
2020-04-16,0.00581,-0.00085,0.00269,-0.00134,0.01201,-0.01025
2020-04-17,0.02648,0.00292,-0.00376,0.00298,-0.01608,-0.00416
2020-04-20,-0.01804,-0.01116,-0.00181,-0.00596,0.00874,-0.00076
2020-04-21,-0.03113,-0.06541,-0.00188,-0.01096,0.01435,0.00416
2020-04-22,0.0227,0.02616,0.0,-0.0022,-0.01108,0.00345
2020-04-23,-0.00046,-0.00293,0.00522,0.00284,0.00256,0.00057
2020-04-24,0.01385,-0.01128,-0.00052,-0.00051,0.00412,0.00596
2020-04-27,0.01462,-0.01364,-0.00513,-0.00281,-0.01468,0.0003
2020-04-28,-0.00525,0.00273,0.00433,-0.00013,0.00858,0.0024
2020-04-29,0.02627,0.01266,0.00074,0.00951,-0.00602,-0.00204
2020-04-30,-0.00922,0.02129,-0.0012,0.01074,-0.00418,-0.00481
2020-05-01,-0.02835,-0.01083,-0.00504,0.00117,-0.00048,-0.00266
2020-05-04,0.00425,0.00364,-0.00287,-0.00162,-0.00311,0.00124
2020-05-05,0.009,0.03243,9e-05,0.0101,-0.00657,0.00036
2020-05-06,-0.00693,-0.02137,-0.00813,-0.00017,-0.01612,-0.0039
2020-05-07,0.01179,0.00851,0.00504,0.00502,0.01802,0.00565
2020-05-08,0.01692,0.01706,-0.00835,0.00311,-0.01204,-0.00121
2020-05-11,0.00019,-0.0158,-0.00712,0.00671,-0.01085,-0.00278
2020-05-12,-0.02059,-0.00217,0.00816,0.00375,0.0122,0.00067
2020-05-13,-0.01754,-0.01023,0.00349,-0.00421,0.00834,0.00127
2020-05-14,0.01167,0.01461,0.00258,-0.00503,0.01083,0.00166
2020-05-15,0.00402,0.00982,0.00282,0.00784,-0.00437,0.00102
2020-05-18,0.03113,0.02732,0.00028,0.01171,-0.02522,-0.0019
2020-05-19,-0.01045,0.00104,0.00749,0.00541,0.00409,0.00166
2020-05-20,0.0167,0.01337,0.00896,0.01204,0.00728,0.00316
2020-05-21,-0.00774,-0.00342,0.00155,0.00813,0.00047,-0.00231
2020-05-22,0.00252,-0.0055,0.00097,-0.00332,0.00497,0.0003
2020-05-26,0.01223,0.00954,-0.00012,0.00585,-0.01269,-0.00181
2020-05-27,0.01474,-0.01257,0.00361,-0.00084,0.00119,0.00054
2020-05-28,-0.00199,0.00738,-0.00127,-0.00117,-0.00848,0.00138
2020-05-29,0.00496,0.01874,0.00502,-0.00206,0.01243,0.00066
2020-06-01,0.00379,-0.00089,0.00042,0.0038,-0.00887,0.00123
2020-06-02,0.00821,0.01182,0.00211,0.00603,-0.00383,-0.00171
2020-06-03,0.01366,0.0052,0.00027,0.0103,-0.01348,-0.0028
2020-06-04,-0.00316,0.01,-0.00156,-0.00031,-0.01435,-0.00323
2020-06-05,0.02589,0.01661,0.00598,0.00496,-0.01052,-0.00079
2020-06-08,0.01199,-0.00937,0.004,0.00714,0.00456,0.00112
2020-06-09,-0.00776,0.00699,-0.00018,-0.00044,0.01389,0.00465
2020-06-10,-0.00532,0.00544,0.00322,-7e-05,0.01202,0.00609
2020-06-11,-0.06063,-0.02876,-0.0031,-0.0075,0.02279,0.00233
2020-06-12,0.01327,-0.00148,-0.00066,-0.00135,-0.00931,-0.00455
2020-06-15,0.00831,0.00843,0.00051,-0.00461,0.00023,0.00072
2020-06-16,0.0188,0.01196,0.00775,0.01227,-0.01624,-0.00153
2020-06-17,-0.00361,-0.00364,0.0,-0.00015,0.00308,0.00024
2020-06-18,0.00063,0.00349,0.0013,-7e-05,0.01164,0.00413
2020-06-19,-0.00548,0.0083,0.00201,0.00325,-0.00177,0.00116
2020-06-22,0.00647,0.00838,-0.00174,0.00101,0.0014,0.0017
2020-06-23,0.0043,-0.00339,-0.00089,0.00235,-0.00473,0.00205
2020-06-24,-0.02619,-0.02414,-0.00281,-0.00172,0.00852,-0.00143
2020-06-25,0.01095,0.00351,-9e-05,-0.00144,0.00525,0.00167
2020-06-26,-0.02451,-0.00668,0.0029,0.00063,0.00852,0.00157
2020-06-29,0.0147,0.01418,-0.00021,-0.00098,-0.00319,-0.00018
2020-06-30,0.01537,0.00421,0.0016,0.0011,-0.00429,-0.00134
2020-07-01,0.00504,0.00884,0.00239,0.00385,-0.00386,0.0
2020-07-02,0.00475,0.00815,0.00567,0.00527,0.00028,0.00291
2020-07-06,0.01576,0.00119,0.00275,0.00558,-0.0017,0.00302
2020-07-07,-0.01087,0.00542,0.00295,-0.00082,0.01032,0.0003
2020-07-08,0.00781,0.00939,-0.00067,-0.0011,-0.00023,-0.00145
2020-07-09,-0.00538,-0.00867,0.00477,-0.00043,0.01558,0.00192
2020-07-10,0.01042,0.00735,-0.00311,-0.00246,-0.00389,-0.00074
2020-07-13,-0.00941,-0.0048,0.00177,0.00186,-0.00146,0.00115
2020-07-14,0.01345,-0.00327,0.00203,-0.00214,0.00691,0.001
2020-07-15,0.00906,0.01153,0.00174,0.00431,-0.00571,-6e-05
2020-07-16,-0.00338,-0.00596,0.00286,0.00152,0.0058,0.00153
2020-07-17,0.00289,-0.0017,0.00038,0.00254,-0.00496,0.00147
2020-07-20,0.00837,0.00159,0.00302,0.00401,0.00242,0.00176
2020-07-21,0.00169,0.01453,0.00428,0.00726,0.00115,0.00188
2020-07-22,0.00576,0.00587,0.0026,0.00362,0.00437,0.00102
2020-07-23,-0.01232,-0.00487,0.00223,0.00155,0.00771,-0.00067
2020-07-24,-0.00619,0.0026,-0.00171,-0.00276,0.00185,0.00061
2020-07-27,0.00737,0.00851,-0.00226,0.00177,-0.00248,-0.00056
2020-07-28,-0.00648,-0.00391,0.00054,-0.00059,0.00595,0.00184
2020-07-29,0.01235,0.00446,-0.00037,0.00219,-0.00392,0.00172
2020-07-30,-0.0036,-0.01245,0.00231,0.00042,0.00926,0.0016
2020-07-31,0.00775,0.00709,0.00108,0.00376,-0.00011,0.00244
2020-08-03,0.00719,0.01122,-0.00183,0.0014,-0.00861,0.00136
2020-08-04,0.0036,0.00518,0.00516,0.00418,0.01087,0.002
2020-08-05,0.00641,0.00866,0.0,0.00479,-0.00502,0.00194
2020-08-06,0.00652,0.00429,0.00236,0.00303,0.00345,0.00072
2020-08-07,0.00084,-0.01448,-0.00125,0.00067,-0.00579,-0.00315
2020-08-10,0.00275,0.00886,-0.00082,0.00146,-0.00355,-0.00014
2020-08-11,-0.008,-0.01149,-0.00776,0.00027,-0.01934,-0.00372
2020-08-12,0.01405,0.01,-0.00129,-0.00231,-0.00352,0.00148
2020-08-13,-0.0018,0.00231,-0.00641,8e-05,-0.01133,-0.00218
2020-08-14,-0.0001,-0.00181,-0.00347,-0.00464,-0.00185,-0.0016
2020-08-17,0.00273,0.0165,-3e-05,-0.00174,0.00324,0.0016
2020-08-18,0.00246,0.00348,-0.00017,-0.00161,0.00469,0.00395
2020-08-19,-0.00425,-7e-05,-0.00067,0.00173,-0.00349,-0.00186
2020-08-20,0.00319,-0.00637,0.00243,-0.00191,0.00795,-0.00058
2020-08-21,0.0035,-0.00835,0.00124,0.00179,0.00431,0.00194
2020-08-24,0.01011,0.00542,0.00081,0.00245,0.00071,0.00295
2020-08-25,0.0036,0.00635,-0.00338,-0.00237,-0.00788,-0.00035
2020-08-26,0.01015,0.00281,-0.00241,-0.00224,-0.00394,0.00185
2020-08-27,0.00174,-0.00345,-0.00702,-0.00197,-0.01749,-0.00428
2020-08-28,0.00681,0.00752,0.00126,-0.00073,-0.0007,0.00318
2020-08-31,-0.00208,-0.00389,0.00448,0.00146,0.01149,0.00574
2020-09-01,0.00752,0.00516,0.00536,0.00848,0.00581,-0.00014
2020-09-02,0.01535,-0.01439,0.00593,0.00618,0.00933,-0.00049
2020-09-03,-0.03557,-0.00639,0.00095,0.00043,0.00672,-0.00251
2020-09-04,-0.00817,-0.01061,-0.01288,-0.00478,-0.02526,-0.00468
2020-09-08,-0.0281,-0.02432,0.00128,-0.00366,0.00987,0.00281
2020-09-09,0.02,0.01024,-0.00166,-0.00179,-0.00653,-0.00032
2020-09-10,-0.01769,-0.00585,0.0027,0.00039,0.00533,0.00081
2020-09-11,0.00058,-0.00052,0.00177,-0.0009,0.00326,-0.00064
2020-09-14,0.01297,0.0036,0.00168,-0.00079,0.00193,-0.00078
2020-09-15,0.00522,0.00627,-0.00035,0.00172,-0.00329,0.00144
2020-09-16,-0.00459,0.01743,9e-05,-0.0005,-0.00343,0.00087
2020-09-17,-0.00843,0.00968,0.00092,-0.00397,0.0038,-0.00032
2020-09-18,-0.01123,0.00571,-0.00078,-0.00214,-0.00481,-0.00089
2020-09-21,-0.01159,-0.03047,-0.00165,-0.01064,0.00468,-0.00168
2020-09-22,0.01047,0.00084,0.0013,-0.00358,0.00231,0.00012
2020-09-23,-0.02393,-0.00703,-0.00284,-0.00569,-0.0018,-0.0002
2020-09-24,0.00303,0.00118,-0.00308,-0.00354,0.00467,6e-05
2020-09-25,0.01588,-0.00037,-0.00391,0.00348,-0.00057,0.00043
2020-09-28,0.01598,0.00765,0.00096,0.00119,-0.00317,0.00271
2020-09-29,-0.0047,-0.00931,0.00285,-0.00127,0.00356,0.0021
2020-09-30,0.00825,0.0115,-0.00195,0.00129,-0.00855,-0.00242
2020-10-01,0.00539,-0.01354,0.00149,0.00256,-0.0002,-0.00014
2020-10-02,-0.00961,-0.0129,-0.00192,-0.00155,-0.00474,-0.00061
2020-10-05,0.01792,0.02347,-0.00269,0.00234,-0.01641,-0.00246
2020-10-06,-0.01405,0.01376,0.00583,0.00222,0.00554,-0.00035
2020-10-07,0.01727,-0.00482,-0.00361,0.0012,-0.00951,-0.00052
2020-10-08,0.00828,0.00969,0.00294,0.00589,0.00446,0.00307
2020-10-09,0.00877,0.00449,0.00015,0.00415,-0.00117,6e-05
2020-10-13,0.00996,-0.00903,0.00612,0.00251,0.01185,0.00231
2020-10-14,-0.00655,0.00813,-0.00014,-0.00123,0.00257,-0.00061
2020-10-15,-0.0015,-0.00057,-0.00203,-0.00214,-0.00146,-0.00014
2020-10-16,0.00015,-0.00097,0.00096,0.00172,-0.00386,0.00017
2020-10-19,-0.01646,0.00136,-0.00087,-0.00114,-0.00326,-0.00147
2020-10-20,0.00473,0.00917,-0.00406,-0.00338,-0.01035,-0.00147
2020-10-21,-0.00218,-0.00946,-0.00076,-0.00331,-0.00424,-0.0002
2020-10-22,0.00529,0.00247,-0.00245,-0.00273,-0.00577,-0.00058
2020-10-23,0.00346,-0.0074,0.00219,-0.00138,0.00223,-0.00026
2020-10-26,-0.01876,-0.01361,0.0023,-0.00036,0.01012,0.00153
2020-10-27,-0.00301,0.00782,0.00336,0.00282,0.00493,0.00165
2020-10-28,-0.03593,-0.02741,-0.0027,-0.00396,-1e-05,-0.00136
2020-10-29,0.01196,-0.01505,-0.00477,-0.00226,-0.00967,-0.00318
2020-10-30,-0.01209,0.00279,-0.00199,-0.00198,-0.00237,-0.00191
2020-11-02,0.01226,0.01371,0.00271,0.00087,0.00316,0.00209
2020-11-03,0.01765,0.00926,-0.00058,0.00553,-0.00627,-0.00107
2020-11-04,0.02181,0.01347,0.01263,0.01093,0.02107,0.00183
2020-11-05,0.01946,0.00432,0.00434,0.01075,0.00055,0.00069
2020-11-06,-0.00016,-0.00789,-0.00169,-0.00347,-0.01001,-0.00412
2020-11-09,0.01172,0.01528,-0.00446,0.00775,-0.02905,-0.00387
2020-11-10,-0.00123,0.01802,-0.00245,-0.00283,-0.0016,0.00227
2020-11-12,-0.0022,-0.00652,0.00462,0.00537,0.02124,0.00369
2020-11-13,0.01361,-0.00885,0.00037,0.00067,0.00046,0.00046
2020-11-16,0.01159,0.01091,0.00106,0.00167,-0.00195,-0.00075
2020-11-17,-0.00466,0.00106,0.00399,-0.00129,0.00612,0.0013
2020-11-18,-0.01145,0.006,0.0026,0.00057,0.0002,-0.00041
2020-11-19,0.004,-0.00501,0.00342,0.00113,0.00788,0.00153
2020-11-20,-0.00681,0.00642,0.00304,0.00249,0.00802,0.00194
2020-11-23,0.00573,0.00599,-0.00213,-0.00083,-0.0055,-0.00075
2020-11-24,0.01604,0.01996,-9e-05,0.00057,-0.00808,0.00069
2020-11-25,-0.00155,0.00649,-0.00031,0.00046,-0.00251,0.00133
2020-11-27,0.00249,0.00088,0.00412,0.00113,0.00839,0.00222
2020-11-30,-0.00445,-0.00741,0.00175,-0.00135,0.00054,0.0021
2020-12-01,0.01124,-0.00498,-0.00482,0.00128,-0.01974,-0.00388
2020-12-02,0.00188,0.00638,-6e-05,0.00071,-0.00579,0.00115
2020-12-03,-0.00044,0.0014,0.00451,0.00401,0.00725,0.00345
2020-12-04,0.00886,0.00565,-0.00536,0.002,-0.01174,-0.00123
2020-12-07,-0.00194,-0.0017,0.00264,-0.00028,0.00865,0.00247
2020-12-08,0.00281,-0.00058,-0.00094,-0.00063,0.00551,0.00175
2020-12-09,-0.00793,0.00177,-0.00512,-0.00052,-0.0056,-0.00135
2020-12-10,-0.00121,0.01478,0.00464,0.00128,0.00985,0.00186
2020-12-11,-0.00124,-0.00241,0.0,0.0014,0.00211,-0.00029
2020-12-14,-0.00419,0.00462,0.00071,0.00083,-0.00031,0.00086
2020-12-15,0.01285,0.00649,-0.00151,0.00159,-0.00688,0.00037
2020-12-16,0.00177,0.00586,0.00159,0.00158,-1e-05,0.0008
2020-12-17,0.00579,0.01015,0.00122,0.00235,-0.00219,0.00086
2020-12-18,-0.00344,0.00677,-0.0019,0.00056,-0.00438,-0.00054
2020-12-21,-0.00388,-0.01165,-0.00077,-0.00223,0.00331,-3e-05
2020-12-22,-0.002,-0.0093,0.00295,0.00081,0.00591,0.00094
2020-12-23,0.00076,0.01084,-0.00292,0.00042,-0.00883,-0.00026
2020-12-24,0.00364,0.00039,0.00363,0.00053,0.00616,0.00128
2020-12-28,0.00868,-0.00697,0.00079,6e-05,-0.00015,9e-05
2020-12-29,-0.00223,0.0055,0.00099,0.0012,-0.00117,-0.00043
2020-12-30,0.00145,0.00615,0.00079,0.00115,0.0023,0.00051
2020-12-31,0.0065,0.00166,0.00305,0.00112,0.00372,0.00301
2021-01-04,-0.01481,0.0,-0.00319,0.00086,-0.00193,0.00162
2021-01-05,0.00718,0.02575,-0.00604,-0.00285,-0.00955,-0.00133
2021-01-06,0.00571,0.00371,-0.00891,-0.00594,-0.02235,-0.00361
2021-01-07,0.01495,0.00202,0.00066,-0.00253,-0.00459,0.00111
2021-01-08,0.0056,0.00632,-0.0008,0.00055,-0.0036,-0.00551
2021-01-11,-0.00658,-0.00305,-0.00224,-0.00357,-0.0028,-0.00046
2021-01-12,0.00042,0.01408,0.0,-0.00671,-0.00136,0.00097
2021-01-13,0.00229,-0.00025,0.00773,0.0033,0.01263,0.00257
2021-01-14,-0.00364,0.00855,-0.00268,0.00071,-0.01005,-0.00014
2021-01-15,-0.0072,-0.01082,0.00211,-0.00119,0.00388,0.00162
2021-01-19,0.00814,-0.00103,0.0016,0.00029,0.00349,0.00247
2021-01-20,0.01384,0.00261,6e-05,0.00089,0.00046,0.00145
2021-01-21,0.0004,-0.00075,-0.00405,0.00103,-0.00658,0.00224
2021-01-22,-0.00301,-0.01584,-0.00031,0.00022,0.00254,-0.00139
2021-01-25,0.00361,0.00895,0.00403,0.00197,0.01159,0.00204
2021-01-26,-0.00148,0.003,-0.00023,0.00047,-0.0012,-0.00113
2021-01-27,-0.02601,-0.00097,0.00029,-0.00164,0.00269,0.0
2021-01-28,0.00981,-0.00664,-0.00237,0.00033,-0.00563,0.00161
2021-01-29,-0.01937,-0.00028,-0.00292,0.00011,-0.00585,-0.00082
2021-02-01,0.01593,0.01847,0.00092,0.00099,0.0009,-0.0015
2021-02-02,0.01381,0.00591,-0.00201,0.00129,-0.00617,0.00082
2021-02-03,0.00101,0.00855,-0.00164,-0.0005,-0.00939,-0.00034
2021-02-04,0.0109,0.00373,0.00075,0.00085,-0.00278,-0.00094
2021-02-05,0.00399,0.00749,-0.00132,0.00322,-0.00867,-0.00065
2021-02-08,0.00739,0.01483,0.00324,-0.00204,0.00444,0.00113
2021-02-09,-0.00094,0.00443,-0.00112,-0.00143,0.0007,0.00068
2021-02-10,-0.00032,0.00071,0.00232,0.00093,0.00643,0.00102
2021-02-11,0.00186,-0.00257,-0.00221,0.0013,-0.00499,-0.00144
2021-02-12,0.00475,0.00886,-0.0044,-0.00212,-0.01268,-0.00187
2021-02-16,-0.00045,0.01338,-0.00569,-0.00874,-0.01438,-0.00404
2021-02-17,-0.00016,0.0045,0.00223,-0.00261,0.0054,-0.00051
2021-02-18,-0.00439,0.00026,0.00087,0.0014,-0.00362,-0.00409
2021-02-19,-0.0018,-0.0017,-0.00553,-0.00275,-0.0133,-0.0045
2021-02-22,-0.00768,0.02189,-0.00562,-0.00725,-0.00763,0.0006
2021-02-23,0.00128,-0.00017,-0.00363,-0.00132,-0.00278,0.00026
2021-02-24,0.0113,0.01575,-0.00076,-0.00014,-0.00647,-0.00098
2021-02-25,-0.02464,-0.00103,-0.00928,-0.00741,-0.01703,-0.01221
2021-02-26,-0.00465,-0.02461,0.00646,-0.00351,0.03336,0.0123
2021-03-01,0.02354,-0.00749,0.00203,0.00472,-0.01426,-0.0025
2021-03-02,-0.00811,0.00284,0.00188,0.00065,0.00032,0.0036
2021-03-03,-0.0131,0.00647,-0.00579,-0.00308,-0.01119,-0.00233
2021-03-04,-0.01333,0.01341,-0.00695,-0.00362,-0.00625,-0.00389
2021-03-05,0.01935,0.01859,-0.0039,-0.00834,0.00146,0.00043
2021-03-08,-0.00536,-0.00666,-0.0064,-0.00965,-0.00729,-0.00487
2021-03-09,0.01415,-0.00169,0.00494,0.00342,0.01313,0.00547
2021-03-10,0.00607,0.00238,0.0039,0.00473,0.00199,0.00449
2021-03-11,0.01041,0.01438,0.00033,0.0077,-0.00678,0.00115
2021-03-12,0.00126,-0.0029,-0.00934,-0.00607,-0.02153,-0.00755
2021-03-15,0.00651,-0.00217,0.00165,0.00179,0.00552,0.00323
2021-03-16,-0.00154,-0.0025,-0.00012,0.00482,-0.00336,0.00199
2021-03-17,0.00288,-0.00394,-0.00171,-0.00284,-0.00758,-0.00109
2021-03-18,-0.01482,-0.0379,-0.00343,-0.00157,-0.01017,-0.00653
2021-03-19,-0.0005,0.01163,0.00141,0.00118,0.00587,0.00148
2021-03-22,0.007,0.00238,0.00447,0.0001,0.01091,0.00456
2021-03-23,-0.00766,-0.02665,0.00308,0.00149,0.00928,0.00222
2021-03-24,-0.00542,0.02544,0.00167,0.00024,0.00532,0.00267
2021-03-25,0.00526,-0.02576,-0.002,-0.0007,-0.00741,-0.00069
2021-03-26,0.0165,0.02181,-0.00107,-0.00185,-0.00404,-0.00014
2021-03-29,-0.00087,9e-05,-0.00266,-0.00159,-0.00812,-0.0023
2021-03-30,-0.00306,-0.01178,0.00296,-0.00513,0.00509,-0.00167
2021-03-31,0.00369,-0.00043,0.00245,0.0029,-0.00391,0.0004
2021-04-01,0.01176,0.02172,0.00695,0.00428,0.01421,0.00184
2021-04-05,0.01447,-0.02094,-0.00237,3e-05,-0.00393,-0.00187
2021-04-06,-0.00093,0.00924,0.00314,0.00336,0.0069,0.00069
2021-04-07,0.00149,0.00253,-0.00136,0.00182,-0.00667,0.0006
2021-04-08,0.00444,0.00312,0.00366,0.00176,0.00797,0.00175
2021-04-09,0.0077,-0.00139,-0.00204,-0.00052,-0.00375,-0.00259
2021-04-12,-0.00018,-6e-05,-0.0005,0.00397,-5e-05,0.00089
2021-04-13,0.00329,0.00752,0.00366,-0.00039,0.00696,0.00336
2021-04-14,-0.00398,0.02705,-0.00024,0.00294,-0.00298,9e-05
2021-04-15,0.01105,0.00528,0.00585,0.00633,0.01612,0.00538
2021-04-16,0.0036,-0.00131,-0.00487,0.00285,-0.00734,-0.00074
2021-04-19,-0.00532,0.00115,-0.00304,0.00077,-0.00269,-0.00109
2021-04-20,-0.00679,-0.00183,0.00251,-0.00274,0.00471,0.00063
2021-04-21,0.00926,-0.00309,0.00156,-0.0005,0.00182,0.00097
2021-04-22,-0.00917,0.00664,0.00197,0.00216,0.00395,0.00097
2021-04-23,0.0109,0.00657,0.00026,8e-05,-0.00207,0.00017
2021-04-26,0.00178,0.0069,0.00035,-0.00178,-0.00115,0.00088
2021-04-27,-0.00021,0.00832,-0.00456,-0.00234,-0.00862,-0.0002
2021-04-28,-0.00084,0.00308,0.0008,-0.00206,0.00076,0.00364
2021-04-29,0.00679,0.00664,-0.00141,0.00161,-0.00328,-0.00071
2021-04-30,-0.00714,-0.00808,0.00035,0.00204,0.00271,-0.0008
2021-05-03,0.00275,0.00826,0.0018,-0.00059,0.00045,0.00261
2021-05-04,-0.0067,0.0178,0.00165,0.00095,0.00609,0.00218
2021-05-05,0.00071,0.00633,0.00205,0.00095,0.00196,0.00468
2021-05-06,0.00829,0.00134,0.00108,0.00323,0.00121,-0.00118
2021-05-07,0.00751,0.01064,3e-05,0.00316,-0.00453,0.00177
2021-05-10,-0.01047,-0.00375,-0.0042,0.00103,-0.00976,0.00115
2021-05-11,-0.0087,0.00803,-0.00351,-0.00311,-0.00575,-0.00219
2021-05-12,-0.02154,0.00167,-0.00541,-0.00403,-0.01045,-0.00197
2021-05-13,0.01227,-0.02888,0.00332,-0.00107,0.0012,0.0
2021-05-14,0.01489,0.00791,0.00413,0.00427,0.00877,0.00327
2021-05-17,-0.00253,0.00964,0.00091,0.00131,-0.00196,0.00194
2021-05-18,-0.00843,-0.0012,-0.00203,0.00077,-0.00216,-0.00098
2021-05-19,-0.00281,-0.02287,-0.00319,-0.00305,-0.00252,-0.00668
2021-05-20,0.01059,-0.00958,0.00546,0.0018,0.00823,0.00054
2021-05-21,-0.00074,0.00612,0.00168,0.00118,0.00288,0.00141
2021-05-24,0.00996,0.01583,0.00261,0.00069,0.00358,0.00293
2021-05-25,-0.00211,-0.00264,0.00453,0.00213,0.00969,0.00306
2021-05-26,0.00189,0.00293,-0.0014,0.00167,-0.00159,-0.00228
2021-05-27,0.00125,0.01362,-0.00181,-0.00059,-0.00434,-0.00045
2021-05-28,0.00089,-0.00581,0.00181,0.00087,0.00423,0.00225
2021-06-01,-0.00046,0.01841,-0.00196,0.0007,-0.006,0.00073
2021-06-02,0.00155,0.00738,0.00175,0.00188,0.00202,-0.00017
2021-06-03,-0.00347,-0.00766,-0.00331,-0.0013,-0.00357,-0.00346
2021-06-04,0.00881,0.01312,0.00637,0.00184,0.01335,0.00433
2021-06-07,-0.00077,-0.00087,-0.00052,0.0,-0.0027,-0.00151
2021-06-08,0.0002,0.00823,0.0032,0.00363,0.00667,0.00039
2021-06-09,-0.00179,-0.00143,0.00397,0.00414,0.00879,-0.00011
2021-06-10,0.00469,0.0021,0.00398,0.00056,0.00605,0.00565
2021-06-11,0.00197,-0.00341,-3e-05,0.00257,-0.00179,-0.00344
2021-06-14,0.00206,-0.00633,-0.00288,-0.00265,-0.00757,-0.00028
2021-06-15,-0.00198,-0.00237,9e-05,-0.0033,-0.00115,0.00215
2021-06-16,-0.00539,-0.00152,-0.00301,-0.0003,-0.0007,-0.00893
2021-06-17,-0.00041,-0.02757,0.0071,-0.00043,0.01446,0.00338
2021-06-18,-0.01316,0.00977,0.00685,0.00285,0.01851,6e-05
2021-06-21,0.01395,0.01061,-0.00674,-0.00108,-0.016,-0.00163
2021-06-22,0.00511,0.00098,0.00063,-0.0019,0.00159,0.00536
2021-06-23,-0.00108,0.0075,-0.00135,0.00087,-0.0025,0.00022
2021-06-24,0.00588,0.00152,0.00106,0.00016,0.00146,-0.00171
2021-06-25,0.00334,-0.00277,-0.00305,-0.00052,-0.00987,0.00039
2021-06-28,0.00231,-0.00155,0.00544,0.00038,0.00993,0.0026
2021-06-29,0.00037,0.00218,0.00097,-0.00033,0.00175,0.00025
2021-06-30,0.00136,0.01119,0.00155,0.00085,0.00429,0.00173
2021-07-01,0.00528,0.00638,-0.00155,-0.00047,0.00013,0.00059
2021-07-02,0.0076,0.00566,0.00289,-6e-05,0.0049,0.00189
2021-07-06,-0.00198,-0.02748,0.00539,-6e-05,0.01261,0.00472
2021-07-07,0.00335,-0.00614,0.00244,0.0033,0.00907,-0.00067
2021-07-08,-0.0084,0.00345,0.00043,0.00061,0.00387,-0.00116
2021-07-09,0.01123,0.01241,-0.00523,-0.00083,-0.01386,-0.00042
2021-07-12,0.00344,0.0002,-0.00037,-0.00038,-0.00124,0.00313
2021-07-13,-0.00352,0.01127,-0.00371,-0.00119,-0.0081,0.00044
2021-07-14,0.00129,-0.00812,0.0059,0.00104,0.01177,0.00224
2021-07-15,-0.00325,-0.00616,0.00273,0.00281,0.01059,0.00322
2021-07-16,-0.00757,0.00224,-0.00136,0.00084,-0.00183,-0.00061
2021-07-19,-0.01598,-0.04349,0.00535,0.00088,0.02178,0.00132
2021-07-20,0.01508,0.01101,-0.0015,-6e-05,-0.00958,-0.00088
2021-07-21,0.00821,0.02316,-0.00357,-0.00194,-0.01251,-0.00179
2021-07-22,0.00209,0.00922,0.00402,0.00036,0.00888,0.00248
2021-07-23,0.01014,0.00196,-0.00093,-0.00022,-0.00652,0.00395
2021-07-26,0.00239,0.0054,-0.00119,-0.00019,-0.0027,0.00456
2021-07-27,-0.00472,-0.00274,0.00365,-0.00113,0.01026,0.00038
2021-07-28,-0.00018,0.00634,0.00152,-0.00138,0.00033,0.00272
2021-07-29,0.00431,0.01456,-0.00198,0.00182,-0.00577,-0.00125
2021-07-30,-0.00534,-0.00277,0.00158,0.00072,0.00484,0.00144
2021-08-02,-0.00184,-0.01329,0.00324,0.0023,0.00882,-3e-05
2021-08-03,0.00817,-0.00558,-0.00048,0.00134,0.00048,0.00133
2021-08-04,-0.00463,-0.013,0.00039,0.00086,0.00223,-0.00209
2021-08-05,0.00606,0.01151,-0.00369,5e-05,-0.00525,-0.00379
2021-08-06,0.00179,-0.00478,-0.0081,-0.00282,-0.01665,-0.00262
2021-08-09,-0.00086,-0.01695,-0.00288,-0.00188,-0.00333,-0.0011
2021-08-10,0.00099,0.01708,-0.0024,-0.00152,-0.00472,0.00063
2021-08-11,0.0025,0.00889,0.00014,-0.00135,-0.0008,0.00178
2021-08-12,0.00321,-0.00158,0.0008,0.00108,-0.00135,-0.00079
2021-08-13,0.00165,-0.00253,0.00715,0.00147,0.0151,0.00227
2021-08-16,0.00265,-0.00845,0.00145,0.00127,0.0026,0.00158
2021-08-17,-0.00702,-0.00839,-0.00213,0.00017,-2e-05,-0.00262
2021-08-18,-0.01062,-0.00824,0.00034,-8e-05,0.00316,-0.00016
2021-08-19,0.00132,-0.02137,0.00108,0.00042,0.00702,0.00052
2021-08-20,0.00816,-0.01839,0.00054,0.00058,0.00049,-0.00323
2021-08-23,0.00858,0.03271,0.00164,0.00128,-0.00041,0.00249
2021-08-24,0.0015,0.0213,-0.00249,0.00143,-0.00732,-0.00019
2021-08-25,0.00223,0.01053,-0.00318,0.00037,-0.00847,5e-05
2021-08-26,-0.0058,-0.01,0.00088,-0.00056,0.00305,0.00019
2021-08-27,0.0088,0.0134,0.0042,0.0019,0.00604,0.0064
2021-08-30,0.00436,0.00348,0.00266,0.00205,0.00274,0.00057
2021-08-31,-0.00124,-0.00237,-0.00254,0.0022,-0.00556,-0.00296
2021-09-01,0.00038,-0.00255,6e-05,0.00067,0.00052,0.00014
2021-09-02,0.003,0.01099,0.00201,0.00133,0.00439,0.00079
2021-09-03,-0.00031,-0.00093,-0.00345,-0.00048,-0.00912,-0.00193
2021-09-07,-0.00337,-0.01065,-0.00429,-0.00115,-0.00782,-0.00145
2021-09-08,-0.00128,0.0064,0.00256,-0.00037,0.00606,0.00373
2021-09-09,-0.00453,-0.00722,0.00634,0.00091,0.01206,0.00529
2021-09-10,-0.0077,0.01475,-0.00234,0.00029,-0.00839,-0.00284
2021-09-13,0.00228,0.00429,0.00243,0.00025,0.00662,0.00011
2021-09-14,-0.00552,0.00024,0.0036,0.00068,0.01108,0.00087
2021-09-15,0.00847,0.015,-0.00155,0.00066,-0.00348,-0.00019
2021-09-16,-0.00152,-0.00505,-0.00231,-0.00134,-0.0044,-0.00146
2021-09-17,-0.00915,-0.00747,-0.00223,-0.00204,-0.00495,-0.00324
2021-09-20,-0.01712,-0.01746,0.00336,-0.00399,0.01277,0.00182
2021-09-21,-0.00077,0.00338,0.00087,0.00022,-0.00125,-0.00114
2021-09-22,0.00947,0.01667,0.00278,-0.00065,0.00548,-0.00079
2021-09-23,0.0121,0.01177,-0.00812,-0.00246,-0.0224,-0.00385
2021-09-24,0.00147,0.00556,-0.00235,-0.00666,-0.00954,-0.00246
2021-09-27,-0.00276,0.01291,-0.00108,-0.00345,-0.00391,0.00077
2021-09-28,-0.02052,-0.00509,-0.00824,-0.00599,-0.01581,-0.00217
2021-09-29,0.00167,-0.00097,0.00086,0.00147,0.00242,0.00014
2021-09-30,-0.01191,0.00476,-0.00198,-0.00111,-0.0004,0.00069
2021-10-01,0.01143,0.01202,0.00475,-0.00095,0.00762,0.00356
2021-10-04,-0.01301,0.01662,-0.00163,-0.00143,-0.00184,0.0
2021-10-05,0.01058,0.01224,-0.00332,-0.00216,-0.00966,0.0015
2021-10-06,0.0041,-0.01527,-3e-05,-0.00249,0.00524,-0.00052
2021-10-07,0.00849,0.00829,-0.00422,0.00289,-0.01052,-0.00126
2021-10-08,-0.0019,0.00589,-0.00416,-0.00247,-0.007,-8e-05
2021-10-12,-0.00931,0.00907,0.0041,-0.00293,0.01455,0.00164
2021-10-13,0.00304,0.00344,0.0042,0.00363,0.00958,0.00441
2021-10-14,0.01703,0.01092,0.00355,0.00452,0.00391,0.00228
2021-10-15,0.00743,0.01096,-0.00318,0.00033,-0.00597,-0.00182
2021-10-18,0.00337,-0.00493,0.00077,-0.00216,0.00425,-0.00158
2021-10-19,0.00738,0.00039,-0.0048,0.00024,-0.01333,-0.003
2021-10-20,0.00367,0.00854,-0.00274,-0.00099,-0.00696,0.00177
2021-10-21,0.00306,-0.01402,-0.00231,-0.00206,-0.00123,0.0025
2021-10-22,-0.00106,0.00238,0.00349,0.001,0.01077,0.00168
2021-10-25,0.00474,0.00909,0.00081,0.00091,-0.00142,0.00263
2021-10-26,0.00182,0.00174,0.00423,0.00162,0.0083,0.00362
2021-10-27,-0.00505,-0.01516,0.00697,0.00473,0.01781,0.0046
2021-10-28,0.00983,-0.00188,-0.00348,0.00036,-0.00369,-0.00881
2021-10-29,0.00206,-0.00259,0.00049,-0.00212,0.00275,-0.00184
2021-11-01,0.00181,0.00778,-0.00209,-0.00249,-0.00599,-0.00408
2021-11-02,0.00368,0.00446,0.00269,-0.00019,0.00362,0.00342
2021-11-03,0.00644,-0.02422,-0.00206,0.00064,-0.01024,-0.00109
2021-11-04,0.0043,-0.01148,0.00511,0.00336,0.01021,0.00617
2021-11-05,0.00383,0.01426,0.00746,0.0053,0.01445,0.00361
2021-11-08,0.0009,0.00476,-0.0024,0.00248,-0.00121,0.00325
2021-11-09,-0.00343,0.00855,0.00384,0.00166,0.01274,0.00596
2021-11-10,-0.00804,-0.00944,-0.01129,-0.00401,-0.01802,-0.00267
2021-11-12,0.00784,0.00472,-0.00257,-0.00503,-0.00608,-0.00019
2021-11-15,3e-05,-0.00033,-0.00695,-0.00158,-0.01297,-0.00029
2021-11-16,0.00391,-9e-05,-0.00236,-0.00236,-0.00196,-0.00174
2021-11-17,-0.00241,-0.0105,0.00352,-0.00215,0.0076,0.00214
2021-11-18,0.00347,0.00347,0.0021,0.00095,0.00346,0.00088
2021-11-19,-0.00138,-0.0125,0.00304,0.00203,0.01047,-0.00192
2021-11-22,-0.00311,0.00711,-0.00675,-0.00461,-0.01141,-0.00798
2021-11-23,0.00167,0.01363,-0.00799,-0.00836,-0.01456,-0.00413
2021-11-24,0.00234,-0.00047,0.00426,-0.00045,0.01561,0.00381
2021-11-26,-0.02297,-0.06683,0.0095,-0.00527,0.02478,0.00514
2021-11-29,0.01318,0.00611,-0.00166,-0.00016,-0.008,-0.00277
2021-11-30,-0.01901,-0.03247,0.00407,0.00183,0.01559,0.00137
2021-12-01,-0.0118,-0.00137,0.00109,0.0044,0.0052,-0.00336
2021-12-02,0.01425,0.0012,-0.00091,0.00425,0.00151,0.00264
2021-12-03,-0.00844,0.00299,0.00848,0.00284,0.01163,0.00167
2021-12-06,0.01169,0.0157,-0.00352,0.00073,-0.01372,-0.00312
2021-12-07,0.02051,0.0188,-0.001,0.00461,-0.00773,0.00019
2021-12-08,0.0031,0.00958,-0.00694,0.00029,-0.01693,-0.00159
2021-12-09,-0.00709,-0.00766,0.00106,0.00024,0.00535,-0.00308
2021-12-10,0.00951,0.00491,-0.00046,-0.00046,-0.00264,-0.00092
2021-12-13,-0.00916,-0.00517,0.00577,0.00044,0.01415,0.00165
2021-12-14,-0.00735,-0.00489,-0.00357,-0.0004,-0.00225,-0.00333
2021-12-15,0.01624,-0.00498,-0.00309,-0.00202,-0.00934,0.00014
2021-12-16,-0.00874,0.01581,0.00192,0.00092,-7e-05,0.00228
2021-12-17,-0.01029,-0.01212,0.00229,-0.00127,0.01108,0.00035
2021-12-20,-0.01144,-0.01067,-0.00438,-0.00365,-0.0064,-8e-05
2021-12-21,0.0177,0.02058,-9e-05,-0.00018,-0.00451,0.00132
2021-12-22,0.01023,0.01265,0.00341,0.00096,0.00465,0.0031
2021-12-23,0.00622,0.00644,-0.00312,0.00123,-0.01067,-0.00343
2021-12-27,0.01378,0.01196,0.00272,5e-05,0.00434,0.00466
2021-12-28,-0.00101,-0.00129,0.00023,0.0008,-0.00397,-0.00059
2021-12-29,0.0014,0.0047,-0.00473,0.00021,-0.01084,0.00022
2021-12-30,-0.0029,-0.00226,0.00367,0.00089,0.00847,0.00553
2021-12-31,-0.00258,-0.01,0.00114,0.00087,0.00609,-0.00107
2022-01-03,0.00636,0.00749,-0.01231,-0.00175,-0.02995,-0.00532
2022-01-04,-0.00056,0.0106,-0.00078,-0.00356,-0.00511,-0.0037
2022-01-05,-0.01951,0.00425,-0.0027,-0.00197,-0.00504,-0.00741
2022-01-06,-0.00089,-0.00087,-0.00166,-0.0082,0.00231,-0.00472
2022-01-07,-0.00388,0.00165,-0.00426,-0.00153,-0.00698,-0.00118
2022-01-10,-0.00144,-0.00447,-0.0019,-0.00553,0.00259,0.00041
2022-01-11,0.00912,0.02018,0.00292,0.00094,0.00646,0.0069
2022-01-12,0.00283,0.0093,-0.00079,0.0012,-0.00373,-0.00518
2022-01-13,-0.01423,-0.00625,0.00184,-0.00278,0.0087,0.00019
2022-01-14,0.00084,0.00561,-0.00825,-0.00615,-0.01513,-0.0051
2022-01-18,-0.01854,0.00913,-0.00853,-0.01011,-0.01457,-0.00457
2022-01-19,-0.00972,0.00894,0.00388,0.00437,0.00743,-0.00168
2022-01-20,-0.01102,0.00182,-0.0003,0.00348,0.00623,0.00144
2022-01-21,-0.01909,-0.00495,0.00345,0.00409,0.01146,0.0054
2022-01-24,0.00277,-0.00786,-0.00407,-0.00481,-0.00803,0.00241
2022-01-25,-0.01224,0.0129,-0.00065,-0.00131,-0.00215,-0.00162
2022-01-26,-0.00149,0.00867,-0.00623,0.00251,-0.01176,-0.006
2022-01-27,-0.00533,-0.00463,0.00175,0.00102,0.01816,0.00366
2022-01-28,0.02417,0.00191,-0.00074,-0.00085,-0.00017,0.00305
2022-01-31,0.01873,0.00282,0.0003,0.00088,-0.0047,0.00257
2022-02-01,0.00684,0.00309,0.00092,0.00101,-0.00307,-0.00557
2022-02-02,0.00939,0.00784,0.00211,0.00454,0.00325,0.00088
2022-02-03,-0.02465,0.00305,-0.00705,-0.00302,-0.00774,-0.00656
2022-02-04,0.00531,0.00699,-0.01008,-0.00641,-0.015,-0.00549
2022-02-07,-0.00369,0.00017,0.00087,-0.00338,0.00083,-0.00039
2022-02-08,0.00838,-0.00751,-0.00247,-0.00314,-0.0074,-0.00156
2022-02-09,0.01454,0.00952,0.00205,0.00411,0.00211,0.00167
2022-02-10,-0.01815,-0.00062,-0.01158,-0.00343,-0.01619,-0.00801
2022-02-11,-0.01911,0.0089,0.00629,-0.00492,0.01521,0.0089
2022-02-14,-0.00378,0.0112,-0.008,-0.00541,-0.01286,-0.00184
2022-02-15,0.01576,-0.01913,-0.00422,0.0023,-0.0113,-0.00444
2022-02-16,0.00101,0.01315,-0.00181,0.0024,0.00584,0.00187
2022-02-17,-0.02128,-0.00354,0.0016,-0.00233,0.00764,0.0027
2022-02-18,-0.00704,0.00337,0.00184,-0.00043,0.01064,0.00236
2022-02-22,-0.01018,0.01571,-0.00135,-0.00644,0.00255,0.00311
2022-02-23,-0.01858,0.00804,-0.0068,-0.01202,-0.01437,0.00042
2022-02-24,0.01493,0.00451,-0.00037,-0.02921,0.00166,0.0045
2022-02-25,0.02224,-0.02063,0.00358,0.01926,-0.00029,-0.00146
2022-02-28,-0.00234,0.01932,0.0119,-0.02026,0.02217,0.01739
2022-03-01,-0.01557,0.03552,0.00618,-0.0006,0.01177,0.00826
2022-03-02,0.0185,0.03602,-0.01528,-0.00622,-0.036,-0.00696
2022-03-03,-0.00514,0.00695,0.00422,0.00218,0.01075,-0.001
2022-03-04,-0.0079,0.05205,0.00372,-0.01631,0.01708,0.00673
2022-03-07,-0.02995,0.01639,-0.00979,-0.01111,-0.00661,0.00644
2022-03-08,-0.00723,0.01403,-0.01066,-0.00398,-0.01129,0.00371
2022-03-09,0.02553,-0.08606,-0.00199,0.00966,-0.01044,-0.00926
2022-03-10,-0.00421,-0.00503,-0.00894,0.00138,-0.01405,-0.00223
2022-03-11,-0.01299,0.02048,-0.00138,0.00111,0.00351,0.00674
2022-03-14,-0.00723,-0.02964,-0.01333,-0.00307,-0.02339,-0.01023
2022-03-15,0.0212,-0.02175,0.00207,0.00018,-0.00175,-0.00741
2022-03-16,0.02216,-0.01316,0.00906,0.01256,0.00999,-0.00549
2022-03-17,0.01233,0.04693,0.00797,0.00887,-0.00825,0.01152
2022-03-18,0.01161,0.00363,0.00452,0.00107,0.01154,-0.00225
2022-03-21,-0.00038,0.03209,-0.01067,-0.0064,-0.02314,-0.00793
2022-03-22,0.01124,0.0031,-0.0029,-0.00771,-0.01229,-0.00455
2022-03-23,-0.01229,0.02755,0.00576,-0.0018,0.02203,0.01124
2022-03-24,0.01433,-0.00945,-0.00446,0.001,-0.00849,-0.00605
2022-03-25,0.00506,0.0086,-0.0075,-0.00066,-0.01397,-0.00686
2022-03-28,0.00712,-0.03599,0.00358,0.00353,0.00866,0.0
2022-03-29,0.01218,-0.01587,0.00885,0.01097,0.00805,-0.00372
2022-03-30,-0.00621,0.02601,0.00429,0.00343,0.0071,0.00392
2022-03-31,-0.01571,-0.02081,0.00115,-0.00584,0.00278,-0.00336
2022-04-01,0.0034,0.00492,-0.00169,-0.00269,0.0032,-0.00468
2022-04-04,0.00807,0.02013,0.00225,0.0033,-0.00619,-0.00028
2022-04-05,-0.01247,0.00125,-0.01267,-0.0055,-0.02274,-0.00772
2022-04-06,-0.00976,-0.02089,-0.00652,-0.0091,-0.00814,-0.00404
2022-04-07,0.00437,0.00394,-0.00341,-0.00172,-0.00803,-0.00124
2022-04-08,-0.00264,0.01623,-0.01006,-0.00611,-0.01158,0.00056
2022-04-11,-0.01702,-0.01166,-0.00997,-0.00993,-0.01495,-0.00048
2022-04-12,-0.00339,0.03235,0.00198,-0.00077,-0.00149,-0.00023
2022-04-13,0.0113,0.02023,0.00065,0.00238,0.00179,-0.00172
2022-04-14,-0.01222,0.01071,-0.00899,-0.00238,-0.01963,-0.00166
2022-04-18,-0.0002,0.00817,-0.00459,-0.00195,-0.00553,0.0011
2022-04-19,0.01594,-0.02422,-0.00779,-0.00685,-0.00697,-0.00472
2022-04-20,-0.0006,-0.00046,0.00937,0.00165,0.01946,0.00725
2022-04-21,-0.01478,0.00012,-0.00801,-0.00257,-0.00751,0.00317
2022-04-22,-0.02812,-0.01582,-0.00538,-0.00615,-0.0057,-0.00407
2022-04-25,0.0057,-0.01708,0.0062,-0.00228,0.00939,0.00023
2022-04-26,-0.02854,0.01799,0.0063,0.00222,0.00978,0.0023
2022-04-27,0.00211,0.00901,-0.00689,-0.00395,-0.01223,-0.00191
2022-04-28,0.0245,0.00566,-0.00235,-0.00376,0.0011,0.00511
2022-04-29,-0.03689,-0.00027,-0.00686,-0.00695,-0.01295,-0.00764
2022-05-02,0.00566,0.00936,-0.01027,-0.00541,-0.01652,-0.01469
2022-05-03,0.00483,-0.01425,0.00622,-0.00229,0.00607,0.00343
2022-05-04,0.02944,0.02677,0.00642,0.00399,0.00466,0.00756
2022-05-05,-0.03619,-0.00023,-0.01143,-0.00329,-0.02612,-0.0099
2022-05-06,-0.00554,-0.00239,-0.00659,-0.0088,-0.01588,-0.00378
2022-05-09,-0.03248,-0.03747,0.00295,-0.00901,0.0085,-0.00256
2022-05-10,0.00246,-0.00818,0.00439,0.00171,0.00914,-0.00406
2022-05-11,-0.01656,0.02475,0.00561,0.00303,0.01827,0.0112
2022-05-12,-0.00094,-0.00063,0.00047,0.00061,-0.00162,-0.00372
2022-05-13,0.0237,0.01236,-0.00631,8e-05,-0.01463,0.00272
2022-05-16,-0.0039,0.01482,0.00108,-0.00109,-0.00057,0.00166
2022-05-17,0.02002,-0.00313,-0.00774,-0.00106,-0.01218,-0.00461
2022-05-18,-0.04099,-0.02265,0.00463,-0.00188,0.02039,0.00714
2022-05-19,-0.00574,0.01265,0.00233,-0.00141,0.00228,-0.00445
2022-05-20,0.00016,-0.00384,0.00447,0.00323,0.01156,-0.00066
2022-05-23,0.0185,0.0084,-0.0046,0.00368,-0.01605,-0.00223
2022-05-24,-0.00814,-0.00042,0.01142,0.00378,0.01941,0.00566
2022-05-25,0.00942,0.00621,0.00845,0.0081,0.00327,0.00063
2022-05-26,0.01972,0.01289,0.00425,0.00661,-0.00442,0.00401
2022-05-27,0.02461,0.01106,0.0023,0.0064,6e-05,0.00088
2022-05-31,-0.00621,-0.01189,-0.00556,-0.00408,-0.01787,-0.00418
2022-06-01,-0.00741,0.01236,-0.00228,-0.00293,-0.00115,-0.00408
2022-06-02,0.01843,0.01282,-0.0006,0.00026,0.00015,0.00365
2022-06-03,-0.01641,0.00775,-0.00328,-0.00111,-0.00226,0.00571
2022-06-06,0.00314,0.01281,-0.00626,-0.00405,-0.01811,-0.00648
2022-06-07,0.00951,0.00506,0.00433,-0.00147,0.01008,0.00245
2022-06-08,-0.01082,0.00983,-0.00346,-0.005,-0.00831,-0.00239
2022-06-09,-0.02399,0.00452,-0.00331,-0.00667,0.00295,0.00057
2022-06-10,-0.02951,-0.00882,-0.01229,-0.00996,-0.00596,-0.00511
2022-06-13,-0.03953,-0.01042,-0.02474,-0.02528,-0.03132,-0.016
2022-06-14,-0.00343,-0.01048,-0.00501,-0.00357,-0.01264,-0.0149
2022-06-15,0.01452,-0.0004,0.01411,0.00686,0.01814,0.01507
2022-06-16,-0.03295,0.0054,0.00162,-0.00503,0.0067,-0.00213
2022-06-17,0.00222,-0.04096,0.00076,0.00184,0.00461,-0.00178
2022-06-21,0.02424,-0.00319,-0.0051,-0.00159,-0.01765,-0.00249
2022-06-22,-0.00129,-0.00963,0.0076,0.00091,0.02656,0.00564
2022-06-23,0.00953,-0.02395,0.00366,0.00425,0.00876,0.00239
2022-06-24,0.03012,0.00531,-0.00147,-0.0002,-0.01418,6e-05
2022-06-27,-0.00295,-0.003,-0.00517,-0.00273,-0.00818,-0.00542
2022-06-28,-0.02035,0.01222,-0.00103,-0.00965,0.00417,-0.00383
2022-06-29,-0.0006,-0.01455,0.00559,-0.00312,0.0151,-0.00205
2022-06-30,-0.00863,-0.03546,0.00222,-0.00046,0.00826,-0.00103
2022-07-01,0.01051,0.00506,0.00673,0.0104,0.00604,0.00937
2022-07-05,0.00176,-0.06587,0.00389,-0.00259,0.0131,0.00355
2022-07-06,0.00358,-0.01701,-0.00606,-0.00277,-0.01647,-0.00875
2022-07-07,0.01497,0.04076,0.00051,-0.00206,-0.00914,-0.00173
2022-07-08,-0.00075,0.01594,-0.00228,-0.00307,-0.01136,-0.00141
2022-07-11,-0.01158,0.00257,0.00746,-0.00342,0.01706,0.00323
2022-07-12,-0.00927,-0.04666,0.00128,-0.00586,0.00487,-0.00047
2022-07-13,-0.00445,0.00485,0.00384,-0.0101,0.01219,0.00427
2022-07-14,-0.00287,-0.01246,-0.0063,-0.00706,-0.00899,-0.0026
2022-07-15,0.01902,0.01089,0.00624,0.00218,0.00586,0.00514
2022-07-18,-0.0084,0.02466,-0.00087,0.00552,-0.01,9e-05
2022-07-19,0.02729,-0.00125,-0.00212,0.00221,-0.00588,-0.00111
2022-07-20,0.00589,0.00223,0.00128,0.0095,0.00348,-0.00087
2022-07-21,0.0099,-0.01926,0.01191,0.00629,0.01692,0.00515
2022-07-22,-0.00936,-0.00853,0.00924,0.00812,0.01711,0.00821
2022-07-25,0.00131,0.01474,-0.00758,0.00324,-0.01071,-0.00109
2022-07-26,-0.0116,0.00493,-0.0017,-0.00129,0.0013,0.00017
2022-07-27,0.02583,0.01403,0.00442,0.00117,-0.00552,0.00574
2022-07-28,0.01218,0.00454,0.00789,0.01351,0.00714,0.00955
2022-07-29,0.01421,0.0081,0.00302,0.00829,-0.00242,0.00619
2022-08-01,-0.00282,-0.02076,0.0066,0.0051,0.02383,0.00085
2022-08-02,-0.00668,-0.00358,-0.01439,-0.00226,-0.02058,-0.0127
2022-08-03,0.01553,-0.01395,0.00796,-0.00118,0.01547,0.00597
2022-08-04,-0.00069,-0.00853,0.00203,0.00961,-0.00089,-0.00023
2022-08-05,-0.0015,-2e-05,-0.01409,-0.00248,-0.02322,-0.01078
2022-08-08,-0.00122,0.00814,0.00704,0.00643,0.01536,0.00686
2022-08-09,-0.00419,0.00915,-0.00386,-0.00109,-0.00354,-0.00282
2022-08-10,0.02111,0.01556,0.003,0.00585,-0.00672,-0.00154
2022-08-11,-0.00044,0.01777,-0.00582,0.00528,-0.02341,-0.00364
2022-08-12,0.0173,-0.00635,0.00746,-0.00146,0.00954,0.00324
2022-08-15,0.00399,-0.01387,0.00217,4e-05,-0.00031,0.00034
2022-08-16,0.00192,-0.00842,-0.00154,-0.00382,0.00427,0.00026
2022-08-17,-0.00708,0.005,-0.00742,-0.00782,-0.01107,-0.00338
2022-08-18,0.00242,0.01061,0.00152,0.00086,0.00134,0.00518
2022-08-19,-0.01295,0.00563,-0.01074,-0.00832,-0.0158,-0.00263
2022-08-22,-0.02153,0.00322,-0.00657,-0.0106,-0.00352,-0.00069
2022-08-23,-0.00223,0.01788,-0.00088,0.00373,-0.00525,0.00066
2022-08-24,0.00293,0.00635,-0.00273,0.00268,-0.00754,0.00046
2022-08-25,0.01402,-0.01208,0.00914,0.00417,0.01354,0.00271
2022-08-26,-0.03424,0.00608,-0.00064,-0.00101,0.00778,-0.00117
2022-08-29,-0.00664,0.01442,-0.008,-0.00709,-0.00841,-0.00378
2022-08-30,-0.01101,-0.0304,-0.00098,-0.00406,0.00355,-0.00138
2022-08-31,-0.00765,-0.01498,-0.00797,-0.00561,-0.00966,-0.00876
2022-09-01,0.00316,-0.02265,-0.01037,-0.00967,-0.0195,-0.00875
2022-09-02,-0.01072,0.0045,0.00549,0.00379,0.00563,0.0062
2022-09-06,-0.00405,-0.00381,-0.01378,-0.00522,-0.02481,-0.00904
2022-09-07,0.0182,-0.02561,0.0096,0.00237,0.01562,0.00389
2022-09-08,0.00671,0.00486,-0.00268,0.00527,-0.00938,-0.00591
2022-09-09,0.01524,0.02467,0.00275,0.00514,0.00142,0.00059
2022-09-12,0.01053,0.01255,-0.00113,0.00521,-0.00815,-0.00311
2022-09-13,-0.04417,-0.00391,-0.00663,-0.00996,0.00284,-0.00186
2022-09-14,0.00365,0.00297,0.00235,-0.00338,0.00292,0.00177
2022-09-15,-0.01128,-0.02712,-0.00318,-0.00073,-0.001,-0.00431
2022-09-16,-0.00719,-0.00552,-0.00427,-0.0079,-0.0078,-0.00468
2022-09-19,0.00684,0.00395,0.00059,2e-05,0.00216,-0.0042
2022-09-20,-0.01133,-0.00125,-0.00607,-0.00533,-0.01004,-0.0014
2022-09-21,-0.0172,-0.00626,0.00604,0.00213,0.01626,0.00149
2022-09-22,-0.00842,0.00328,-0.01684,-0.00755,-0.02583,-0.01094
2022-09-23,-0.01736,-0.03635,-0.00234,-0.01095,0.0043,-0.00402
2022-09-26,-0.01039,-0.02116,-0.01522,-0.01606,-0.01907,-0.0158
2022-09-27,-0.00206,0.0109,-0.0156,-0.00982,-0.02715,-0.00567
2022-09-28,0.01954,0.02409,0.01542,-0.00389,0.0336,0.01729
2022-09-29,-0.02121,-0.00576,-0.00875,-0.00445,-0.00585,-0.01457
2022-09-30,-0.01514,-0.01074,0.00156,0.00158,-0.01205,-0.00541
2022-10-03,0.02556,0.02312,0.0153,0.00591,0.01569,0.01221
2022-10-04,0.03021,0.02718,0.0057,0.01553,-0.00308,0.00318
2022-10-05,-0.00192,0.01375,-0.00892,-0.0084,-0.01029,-0.00757
2022-10-06,-0.01004,0.00653,-0.00169,-0.00019,-0.0051,-0.00305
2022-10-07,-0.02837,0.01408,-0.00764,-0.00696,-0.01033,3e-05
2022-10-11,-0.01405,-0.01931,-0.01124,-0.00968,-0.01061,6e-05
2022-10-12,-0.00327,-0.00796,-0.00055,-0.00301,0.00516,0.0012
2022-10-13,0.02576,0.01517,-0.00392,-0.00892,-0.01014,-0.00114
2022-10-14,-0.02391,-0.02237,-0.0046,-0.00021,-0.0083,0.00071
2022-10-17,0.02614,-0.00047,0.00199,0.00236,-0.00488,0.0036
2022-10-18,0.01138,-0.0143,0.00463,0.00271,0.00254,-0.0024
2022-10-19,-0.0067,0.00299,-0.01125,-0.0076,-0.01902,-0.00506
2022-10-20,-0.00787,-0.00135,-0.00718,-0.00552,-0.0161,-0.00146
2022-10-21,0.02347,0.00251,-0.00232,-0.00555,-0.01938,0.00248
2022-10-24,0.01181,0.00076,0.00109,0.0044,-0.00749,0.00275
2022-10-25,0.01614,0.00887,0.01463,0.01267,0.0282,0.00326
2022-10-26,-0.0074,0.01354,0.0054,0.01122,0.01413,-0.00043
2022-10-27,-0.00608,0.00378,0.00654,0.00592,0.01061,0.00656
2022-10-28,0.02442,-0.01317,-0.00222,0.00241,-0.00683,-0.00079
2022-10-31,-0.00744,-0.00408,-0.00399,-0.00468,-0.00905,-0.00181
2022-11-01,-0.0041,0.01289,0.00563,0.00529,0.01129,0.00061
2022-11-02,-0.02531,0.01365,-0.00077,-0.00096,-0.00391,-0.00187
2022-11-03,-0.01051,-0.00419,-0.006,-0.00595,-0.0061,-0.01079
2022-11-04,0.01374,0.02949,-0.00084,0.00608,-0.01652,0.00276
2022-11-07,0.00959,-0.0063,-0.00169,0.0077,-0.00979,0.00059
2022-11-08,0.00559,-0.01417,0.00587,0.00345,0.01002,0.00148
2022-11-09,-0.02078,-0.01935,-0.00051,0.00025,0.00297,-0.00123
2022-11-10,0.05403,0.0067,0.02714,0.01943,0.03736,0.0149
2022-11-14,0.00045,0.00588,0.00132,0.01258,-0.00537,-0.00546
2022-11-15,0.00875,0.00754,0.00966,0.00809,0.01583,0.00552
2022-11-16,-0.00806,-0.00797,0.00999,0.00439,0.02155,0.00274
2022-11-17,-0.00289,-0.0203,-0.00591,-0.00692,-0.01029,-0.00697
2022-11-18,0.00478,-0.00557,0.00014,-0.00176,-0.00613,-0.00484
2022-11-21,-0.00378,-0.00342,0.00203,-0.00132,0.00398,0.00518
2022-11-22,0.01351,0.00816,0.00704,0.00609,0.01349,0.00369
2022-11-23,0.00595,-0.01038,0.00782,0.00621,0.0169,0.00483
2022-11-25,-0.00025,-0.01466,0.00245,0.00552,-0.00274,0.0
2022-11-28,-0.01556,-0.00015,-0.00351,0.00226,0.003,-0.00276
2022-11-29,-0.00151,0.00784,-0.00714,0.0022,-0.01158,-0.00396
2022-11-30,0.03074,0.02093,0.00662,0.00356,0.00632,0.01372
2022-12-01,-0.0007,-0.0012,0.01651,0.01164,0.03147,0.01077
2022-12-02,-0.00112,-0.01346,0.0041,0.00331,0.0126,0.0078
2022-12-05,-0.01804,-0.02462,-0.00791,-0.0015,-0.01315,-0.00982
2022-12-06,-0.01447,-0.01581,0.00656,-0.005,0.01303,-9e-05
2022-12-07,-0.00184,-0.00796,0.00917,0.00288,0.02225,0.00431
2022-12-08,0.00764,0.00205,-0.00148,0.00454,-0.00268,-0.00092
2022-12-09,-0.00734,-0.00095,-0.00919,-0.00075,-0.02529,-0.00899
2022-12-12,0.01418,0.01061,0.00047,-0.00125,0.00259,0.00015
2022-12-13,0.0073,0.01809,0.00784,0.00952,0.00906,0.00246
2022-12-14,-0.00588,0.00782,0.00118,-0.00112,0.00517,-0.00183
2022-12-15,-0.02516,-0.0129,0.00047,-0.00065,0.0032,0.0
2022-12-16,-0.01112,-0.01483,-0.00509,-0.0048,-0.011,-0.00523
2022-12-19,-0.00898,-0.00261,-0.00848,-0.006,-0.01632,-0.0032
2022-12-20,0.00107,0.00537,-0.01096,-0.0055,-0.01766,-0.0003
2022-12-21,0.0149,0.01049,0.00323,0.00368,0.00152,0.00404
2022-12-22,-0.01456,-0.01268,-0.00017,0.00216,-2e-05,-0.00525
2022-12-23,0.00588,0.01906,-0.00499,-0.00245,-0.01489,-0.0027
2022-12-27,-0.00398,0.00415,-0.00793,-0.00388,-0.01932,-0.00289
2022-12-28,-0.01208,-0.00313,-0.00237,-0.00019,-0.00619,-0.00104
2022-12-29,0.01744,-0.00475,0.00455,-0.00087,0.0107,0.0031
2022-12-30,-0.00248,0.00987,-0.00389,-0.00163,-0.00474,-0.00064
2023-01-03,-0.00397,-0.02608,0.00538,0.00445,0.01205,0.00076
2023-01-04,0.00756,-0.01879,0.00649,0.00368,0.01383,0.00121
2023-01-05,-0.01155,-0.00351,-0.00028,-0.00581,0.00378,0.00021
2023-01-06,0.0226,0.00397,0.01385,0.0078,0.01807,0.0086
2023-01-09,-0.00058,0.01615,0.00535,0.00596,0.00568,0.00273
2023-01-10,0.00695,-0.00129,-0.00471,-0.00459,-0.01629,-0.00421
2023-01-11,0.01279,0.01591,0.01003,0.00583,0.01589,0.00481
2023-01-12,0.00353,0.00918,0.01069,0.00821,0.0193,0.00696
2023-01-13,0.00403,0.0086,-0.00363,0.00284,-0.00912,-0.00645
2023-01-17,-0.00203,0.00277,-3e-05,0.00032,-0.00583,-0.00297
2023-01-18,-0.01568,-0.00308,0.01194,0.01145,0.02307,0.0065
2023-01-19,-0.00754,0.00647,-0.00525,-0.00112,-0.00616,0.00476
2023-01-20,0.01876,0.00526,-0.00695,-0.0024,-0.01641,-0.00464
2023-01-23,0.01181,0.00408,-0.001,0.00069,-0.00476,-0.00021
2023-01-24,-0.00069,-0.00768,0.00579,0.00124,0.01435,0.00503
2023-01-25,-0.00017,-0.00358,0.00063,-0.0006,0.00237,0.00214
2023-01-26,0.01102,0.00523,0.0,0.00122,-0.00469,0.00012
2023-01-27,0.00251,-0.01035,-0.00156,-0.00045,-0.00183,-0.00181
2023-01-30,-0.01296,-0.01095,-0.0036,-0.00552,-0.00375,-0.0047
2023-01-31,0.01456,0.01121,0.00565,-0.00079,0.00767,-0.00069
2023-02-01,0.0104,-0.02056,0.00836,0.00783,0.0116,0.00726
2023-02-02,0.01465,-0.00259,0.00325,0.01267,0.00123,-0.00125
2023-02-03,-0.01036,-0.02462,-0.01084,-0.00879,-0.01461,-0.00876
2023-02-06,-0.00609,-2e-05,-0.00712,-0.01073,-0.00694,-0.00426
2023-02-07,0.01281,0.01728,-0.00354,-0.00385,-0.00828,0.00216
2023-02-08,-0.01111,0.00416,0.00154,-0.00098,0.00451,0.00535
2023-02-09,-0.00872,-0.00604,-0.00728,-8e-05,-0.0096,-0.00511
2023-02-10,0.0024,0.00983,-0.00713,-0.01067,-0.01179,-0.00333
2023-02-13,0.01154,0.00192,0.0017,0.00038,0.00861,0.00087
2023-02-14,-0.00016,0.00133,-0.00217,0.0008,-0.00216,-0.00301
2023-02-15,0.00302,-0.01082,-0.0033,-0.00419,-0.00905,0.00027
2023-02-16,-0.01379,-0.00083,-0.00694,-0.00146,-0.01456,-0.0026
2023-02-17,-0.00258,-0.01139,0.00158,-0.00393,0.00729,0.00205
2023-02-21,-0.02024,0.00451,-0.01247,-0.00858,-0.01918,-0.00475
2023-02-22,-0.00156,-0.0133,0.00394,0.00161,0.00945,-0.00018
2023-02-23,0.0054,0.0031,0.00458,0.00806,0.00906,0.00278
2023-02-24,-0.01055,-0.00254,-0.00794,-0.00235,-0.01301,-0.00634
2023-02-27,0.00319,0.00238,0.00201,0.00174,0.0033,0.00158
2023-02-28,-0.00294,0.00467,-0.00024,-0.00218,0.00411,0.00343
2023-03-01,-0.00467,0.01371,-0.00583,-0.00416,-0.01031,-0.00288
2023-03-02,0.00771,-0.0016,-0.00178,-0.00619,-0.009,0.00094
2023-03-03,0.0161,0.01453,0.01192,0.00783,0.02342,0.00902
2023-03-06,0.00073,-0.00594,-0.00041,0.00514,-0.00718,-0.00319
2023-03-07,-0.01542,-0.01812,-0.00141,-0.00237,0.00566,-0.00629
2023-03-08,0.0015,-0.00759,-0.00287,-0.00344,0.00124,-0.00468
2023-03-09,-0.01847,-0.01086,0.00104,-0.00171,0.00246,0.00192
2023-03-10,-0.01451,0.00864,0.01257,0.00552,0.0337,0.01392
2023-03-13,-0.00149,-0.00398,-0.00017,0.00383,0.00322,0.00687
2023-03-14,0.01658,-0.01521,-0.00441,-0.00428,-0.01755,-0.00352
2023-03-15,-0.00697,-0.02765,0.00605,-0.00224,0.01929,0.01053
2023-03-16,0.01756,0.00695,-0.00154,-0.00043,-0.00801,-0.01011
2023-03-17,-0.01106,-0.00246,0.00975,0.00149,0.01494,0.00116
2023-03-20,0.00889,0.00246,-0.00352,-0.00453,-0.00894,0.00134
2023-03-21,0.01297,0.00373,0.00112,0.00357,-0.00902,-0.00146
2023-03-22,-0.01652,0.00442,0.01099,0.00273,0.01302,0.01211
2023-03-23,0.00307,-0.00081,0.00017,0.006,3e-05,0.00259
2023-03-24,0.00563,0.00031,0.0004,-0.00013,0.00365,-0.00209
2023-03-27,0.00165,0.01777,-0.00763,-0.0019,-0.02222,-0.00701
2023-03-28,-0.00155,0.00465,-0.00203,-0.00289,0.00113,0.00216
2023-03-29,0.01414,-0.00531,0.00203,0.00212,-0.00212,0.00175
2023-03-30,0.00583,0.00502,0.00401,0.00357,0.00466,0.00089
2023-03-31,0.01437,0.01126,0.0085,0.00371,0.01428,0.00451
2023-04-03,0.00369,0.01479,0.00452,0.00666,0.00556,0.00317
2023-04-04,-0.00572,-0.00137,0.00378,0.00129,0.00597,0.00214
2023-04-05,-0.00237,0.00381,0.00142,-0.00112,0.00913,0.00216
2023-04-06,0.00378,-0.00325,0.00132,-0.00044,0.00268,0.0016
2023-04-10,0.00102,-0.00093,-0.00818,-0.00344,-0.01528,-0.00552
2023-04-11,-4e-05,0.00746,0.00163,0.0003,0.0016,0.00117
2023-04-12,-0.00412,0.00616,0.00139,0.00131,-0.00109,0.0002
2023-04-13,0.01333,-0.00082,-0.00212,4e-05,-0.00809,-0.00202
2023-04-14,-0.00207,0.00024,-0.00386,2e-05,-0.00995,-0.004
2023-04-17,0.00332,-0.00371,-0.00485,-0.00517,-0.01125,-0.00431
2023-04-18,0.00085,0.0043,0.00328,-0.00034,0.0037,0.00035
2023-04-19,-8e-05,-0.01416,-0.00281,-0.00489,-0.00097,-0.00068
2023-04-20,-0.00586,-0.00933,0.00268,0.00061,0.00831,0.00316
2023-04-21,0.00092,-0.00324,-0.00177,-0.00056,-0.00531,-0.00109
2023-04-24,0.00085,0.00798,0.00514,0.00088,0.00938,0.00515
2023-04-25,-0.01589,-0.01422,0.00733,0.00605,0.01481,0.00559
2023-04-26,-0.00384,-0.0154,-0.00553,-0.00038,-0.01022,-0.00266
2023-04-27,0.0194,-0.0013,-0.00376,-0.00174,-0.0099,-0.00428
2023-04-28,0.00833,0.01082,0.00738,0.00553,0.01512,0.00097
2023-05-01,-0.00038,-0.0081,-0.01565,-0.00293,-0.02813,-0.00728
2023-05-02,-0.01165,-0.022,0.01067,-0.00017,0.02341,0.00722
2023-05-03,-0.00701,-0.0109,0.00458,0.00373,0.0064,0.00457
2023-05-04,-0.00713,0.0014,-0.00691,0.00036,-0.00966,-0.00102
2023-05-05,0.01836,0.02032,-0.0014,-0.00198,-0.00425,-0.0019
2023-05-08,0.00047,0.00927,-0.00741,-0.00259,-0.01313,-0.003
2023-05-09,-0.00452,0.00121,-0.00189,-0.00021,-0.0038,-0.00162
2023-05-10,0.0045,-0.00559,0.00856,0.00227,0.00957,0.00285
2023-05-11,-0.00149,-0.01948,0.00364,0.00437,0.01001,0.00194
2023-05-12,-0.00136,-0.0055,-0.00511,-0.00194,-0.00787,-0.00329
2023-05-15,0.00309,0.01187,-0.00486,-0.00686,-0.01014,-0.00138
2023-05-16,-0.00635,-0.00945,-0.00452,-0.00122,-0.00371,-0.00218
2023-05-17,0.01202,0.00987,-0.00162,-0.00203,-0.0023,-0.00065
2023-05-18,0.00958,-0.00949,-0.00451,-0.00227,-0.00786,-0.00382
2023-05-19,-0.00142,-0.00201,-0.00139,-0.00056,-0.00688,-0.00252
2023-05-22,0.00027,0.00203,0.0002,-0.00081,-0.00351,-0.00095
2023-05-23,-0.01127,0.00236,0.00177,-0.00048,0.00239,0.00318
2023-05-24,-0.00733,0.00314,-0.00368,-0.00071,-0.0042,-0.0033
2023-05-25,0.00875,-0.0176,-0.00263,-0.00068,-0.00288,-0.00477
2023-05-26,0.01303,0.01352,0.00256,-0.00125,0.00227,-0.00057
2023-05-30,8e-05,-0.02293,0.00893,0.00776,0.01515,0.00558
2023-05-31,-0.00592,-0.00887,0.0028,0.00034,0.00955,0.00086
2023-06-01,0.00999,0.01424,0.0035,0.0009,0.00287,0.00169
2023-06-02,0.01449,0.01049,-0.00417,0.00437,-0.0103,-0.00512
2023-06-05,-0.00199,0.00085,0.00027,0.00088,-0.00133,0.00203
2023-06-06,0.00238,0.00047,0.00054,0.00232,0.00544,0.00065
2023-06-07,-0.00379,0.00301,-0.00741,-0.0004,-0.01449,-0.00447
2023-06-08,0.00628,0.00108,0.00548,-0.0001,0.01052,0.00432
2023-06-09,0.00118,-0.00564,-0.00254,0.00152,-0.00034,-0.00232
2023-06-12,0.00928,-0.01439,0.00176,0.00201,0.00249,0.0006
2023-06-13,0.00695,0.01505,-0.0043,0.00112,-0.00961,-0.00466
2023-06-14,0.00105,-0.00189,0.00302,0.00149,0.00793,0.00221
2023-06-15,0.01228,0.02253,0.00738,0.00177,0.00859,0.00584
2023-06-16,-0.00366,0.01395,-0.00084,0.00047,-0.00286,-0.00271
2023-06-20,-0.00474,-0.0115,0.00362,-0.00025,0.0069,0.00274
2023-06-21,-0.00519,0.01433,0.00057,0.0017,0.00258,0.00027
2023-06-22,0.00379,-0.0188,-0.00655,0.00024,-0.01246,-0.0036
2023-06-23,-0.00768,-0.01141,0.0033,0.0019,0.00935,0.00241
2023-06-26,-0.00448,0.00072,0.00174,0.00223,0.00155,0.00045
2023-06-27,0.01139,-0.01577,-0.00141,-0.00026,-0.00276,-0.00292
2023-06-28,-0.00035,0.00036,0.00405,0.00047,0.00448,0.00238
2023-06-29,0.00458,-0.00309,-0.00843,-0.00362,-0.01825,-0.00692
2023-06-30,0.01223,0.00943,0.00712,0.00285,0.01128,0.00377
2023-07-03,0.00122,-0.00632,-0.00241,0.00172,-0.00501,-0.00072
2023-07-05,-0.00185,0.01272,-0.00559,-0.00092,-0.00989,-0.00422
2023-07-06,-0.00788,-0.00415,-0.01014,-0.01009,-0.01412,-0.00607
2023-07-07,-0.00271,0.00953,-0.00068,-0.0041,-0.00636,-0.00072
2023-07-10,0.00241,2e-05,0.00307,0.00099,0.00133,0.00247
2023-07-11,0.00674,0.01231,0.00411,0.00608,0.00486,-0.00036
2023-07-12,0.00741,0.0066,0.01038,0.0092,0.01142,0.01016
2023-07-13,0.00854,0.01318,0.00741,0.00869,0.00968,0.00482
2023-07-14,-0.00099,-0.00379,-0.00554,0.00117,-0.00457,-0.00482
2023-07-17,0.00385,-0.01031,-0.0009,0.00043,0.00029,0.00191
2023-07-18,0.00709,0.01291,0.00288,0.00262,0.00444,-0.00048
2023-07-19,0.00237,0.00551,0.00549,0.001,0.01152,0.00327
2023-07-20,-0.00668,0.00298,-0.00807,-0.00401,-0.01295,-0.00089
2023-07-21,0.00032,0.00536,0.00141,0.00083,0.00078,9e-05
2023-07-24,0.00404,0.01592,-0.00064,0.00035,-0.0035,0.0008
2023-07-25,0.00283,0.00513,0.00033,-0.00141,-0.00192,-0.00143
2023-07-26,-0.00014,-0.00612,0.00287,0.0015,0.00081,0.00039
2023-07-27,-0.00638,0.00119,-0.00888,0.00043,-0.01943,-0.00733
2023-07-28,0.00992,0.00241,0.0046,0.00148,0.00476,0.00358
2023-07-31,0.0015,0.00286,0.00268,0.00315,0.00298,0.0008
2023-08-01,-0.00264,-0.00499,-0.00946,-0.00572,-0.0165,-0.00616
2023-08-02,-0.01392,-0.01473,-0.00632,-0.00739,-0.01088,-0.0018
2023-08-03,-0.0025,0.00764,-0.00937,-0.00636,-0.02346,-0.00657
2023-08-04,-0.00524,0.0054,0.01107,0.00565,0.01731,0.00957
2023-08-07,0.00901,-0.00451,-0.00305,-0.00065,-0.00939,0.00042
2023-08-08,-0.00422,0.00246,0.00383,0.00319,0.01136,0.00057
2023-08-09,-0.00698,0.00606,0.00183,0.0013,0.00543,-0.00033
2023-08-10,0.00038,-0.00528,-0.00777,0.00061,-0.01646,-0.00567
2023-08-11,-0.00093,-0.00145,-0.00396,-0.00245,-0.00292,-0.00093
2023-08-14,0.00579,-0.00622,-0.00065,-0.00648,-0.00155,-0.00205
2023-08-15,-0.01146,-0.01106,-0.00356,-0.00813,-0.00612,-0.00308
2023-08-16,-0.00742,-0.0044,-0.00499,-0.00157,-0.00751,-0.00282
2023-08-17,-0.00755,0.00349,-0.00238,-0.00349,-0.00487,-0.00061
2023-08-18,-8e-05,0.00482,0.00173,-0.00021,0.00352,0.00149
2023-08-21,0.00687,-0.00264,-0.00481,-0.00461,-0.01327,-0.00255
2023-08-22,-0.00277,0.00018,0.0027,0.0021,0.00733,0.00185
2023-08-23,0.011,0.00272,0.01371,0.00834,0.02398,0.0087
2023-08-24,-0.01352,0.00151,-0.00297,0.00249,-0.00577,-0.00398
2023-08-25,0.00681,0.00687,0.00075,-0.0016,0.00279,-0.00036
2023-08-28,0.00626,-0.00122,0.00321,0.0007,0.00124,0.00069
2023-08-29,0.01443,0.00417,0.00713,0.00521,0.01027,0.00449
2023-08-30,0.00399,0.00189,0.0,0.00249,-0.00065,-0.00096
2023-08-31,-0.00137,0.00311,0.00162,-2e-05,0.00408,0.00114
2023-09-01,0.00185,0.00989,-0.00767,-0.00185,-0.01549,-0.00467
2023-09-05,-0.00416,0.00612,-0.0067,-0.00519,-0.01372,-0.00175
2023-09-06,-0.00697,0.00099,-0.0023,-0.00417,0.00232,-0.00136
2023-09-07,-0.00308,-0.00168,0.00377,0.0014,0.00207,0.00342
2023-09-08,0.0015,0.00296,0.00253,0.00315,0.00403,0.00208
2023-09-11,0.0067,0.0057,-0.00167,-0.00183,-0.00699,-0.00096
2023-09-12,-0.00567,0.00342,0.00038,-0.00058,0.00558,0.00112
2023-09-13,0.00125,0.00198,0.00068,0.00062,-0.0001,0.00081
2023-09-14,0.00867,0.00928,-0.00126,0.0022,-0.00737,-0.00181
2023-09-15,-0.01219,-0.00334,-0.00291,-0.00128,-0.00549,-0.00217
2023-09-18,0.00074,-0.00055,0.00243,-0.0017,0.00514,0.00211
2023-09-19,-0.00215,-0.00157,-0.00295,-0.00053,-0.00663,-0.00254
2023-09-20,-0.00937,-0.00238,0.0012,0.00164,0.0023,-0.00212
2023-09-21,-0.0165,-0.00618,-0.01055,-0.00856,-0.02586,-0.00562
2023-09-22,-0.00228,-0.00255,0.00629,0.00023,0.00784,0.00359
2023-09-25,0.00403,-0.00336,-0.00875,-0.00457,-0.02441,-0.00744
2023-09-26,-0.01478,-0.00058,-0.00219,-0.00337,-0.00356,-0.00242
2023-09-27,0.00025,0.00562,-0.00565,-0.00323,-0.00529,-0.0016
2023-09-28,0.00601,-0.00337,0.00091,-0.00608,0.0026,0.00487
2023-09-29,-0.00268,-0.01034,-0.00021,0.00398,0.00077,-0.00217
2023-10-02,8e-05,-0.00659,-0.00991,-0.00803,-0.01636,-0.00639
2023-10-03,-0.01376,-0.00592,-0.01205,-0.01037,-0.02213,-0.00653
2023-10-04,0.00808,-0.0298,0.00762,-0.00248,0.01386,0.00449
2023-10-05,-0.00112,-0.0056,-0.00035,0.00126,-0.00538,-0.00192
2023-10-06,0.01191,0.00627,-0.00498,-0.0035,-0.01218,-0.00366
2023-10-10,0.0115,0.01768,0.01403,0.00977,0.02185,0.01026
2023-10-11,0.00433,-0.00808,0.0068,0.00638,0.02047,0.00491
2023-10-12,-0.00616,-0.00079,-0.01156,-0.00465,-0.02728,-0.00685
2023-10-13,-0.00503,0.02753,0.00687,0.00029,0.01756,0.00617
2023-10-16,0.01057,-0.0051,-0.00602,-0.00258,-0.01548,-0.00221
2023-10-17,-0.0001,0.00289,-0.00919,-0.00443,-0.01113,-0.00504
2023-10-18,-0.01349,0.01166,-0.00723,-0.00591,-0.00934,-0.00201
2023-10-19,-0.00843,0.00372,-0.00811,-0.00423,-0.02031,-0.00049
2023-10-20,-0.01263,-0.00169,0.00296,0.00139,0.00497,0.00256
2023-10-23,-0.00169,-0.00991,0.00787,0.00061,0.01261,0.00037
2023-10-24,0.00726,-0.00812,0.00596,0.00847,0.01231,0.00111
2023-10-25,-0.01444,0.00855,-0.01009,-0.0022,-0.02195,-0.00423
2023-10-26,-0.01189,-0.01149,0.00795,0.00022,0.01455,0.00493
2023-10-27,-0.00479,0.01322,-0.00043,0.00194,-0.00358,0.00141
2023-10-30,0.01203,-0.01649,-0.00347,0.00118,-0.00393,-0.00141
2023-10-31,0.00652,-0.0042,-0.00165,0.00213,-0.00536,-0.00277
2023-11-01,0.01046,-0.00064,0.01148,0.0047,0.0213,0.00903
2023-11-02,0.01875,0.01266,0.01153,0.01413,0.02209,0.00406
2023-11-03,0.0094,-0.00554,0.00768,0.00898,0.00727,0.00556
2023-11-06,0.00178,0.00536,-0.00523,-0.00377,-0.00904,-0.00264
2023-11-07,0.00285,-0.02367,0.00641,0.00019,0.01379,0.00282
2023-11-08,0.00105,-0.01108,0.00644,0.00236,0.01693,0.00215
2023-11-09,-0.00792,0.00139,-0.01153,-0.00393,-0.02349,-0.00868
2023-11-10,0.01565,0.00088,0.00401,-0.0014,0.00563,0.00018
2023-11-13,-0.00077,0.01354,0.00156,-0.00288,-0.00172,-0.00037
2023-11-14,0.0191,0.00028,0.01663,0.01134,0.02194,0.00847
2023-11-15,0.00178,-0.00484,-0.00706,-0.00063,-0.01375,-0.0047
2023-11-16,0.00143,-0.02541,0.00726,0.00483,0.01186,0.00376
2023-11-17,0.0013,0.01349,0.00361,0.00274,0.00463,0.00079
2023-11-20,0.00746,0.01236,0.00414,0.00235,0.00633,0.00356
2023-11-21,-0.002,0.00473,0.00068,0.00574,-0.00068,-0.0022
2023-11-22,0.0041,-0.00764,0.0027,0.00235,0.00337,0.00069
2023-11-24,0.00062,-0.01028,-0.00369,-0.00017,-0.01123,-0.00414
2023-11-27,-0.00194,-0.00463,0.0085,0.00145,0.0163,0.0036
2023-11-28,0.00098,0.01241,0.00285,0.0014,0.00194,0.00368
2023-11-29,-0.00077,0.00802,0.00907,0.00955,0.01298,0.00408
2023-11-30,0.00408,-0.01315,-0.00469,-0.00081,-0.01115,-0.00297
2023-12-01,0.00594,-0.01083,0.01082,0.00399,0.01704,0.00656
2023-12-04,-0.00542,-0.00748,-0.00314,0.00184,-0.00342,-0.00422
2023-12-05,-0.00053,-0.00701,0.00716,0.00547,0.0212,0.0055
2023-12-06,-0.00389,-0.02465,0.0057,0.0064,0.01391,0.00116
