N_STATES,TERM,P_VALUE,PREDICTOR_VALUE,PREDICTOR_LEVEL,LOG_ODDS_CONTRAST,CENTERED_PARTIAL_EFFECT
2,STATE_LAG_0,0.02,0.0,0,1 vs 0,-0.20219944058395187
2,STATE_LAG_0,0.02,1.0,1,1 vs 0,0.0
2,SPXT_LAG_0,0.02,-0.042191,,1 vs 0,0.08131661249257492
2,SPXT_LAG_0,0.02,-0.041157689873417724,,1 vs 0,0.0792611775562484
2,SPXT_LAG_0,0.02,-0.04012437974683544,,1 vs 0,0.07720675290420154
2,SPXT_LAG_0,0.02,-0.03909106962025316,,1 vs 0,0.07515354689001046
2,SPXT_LAG_0,0.02,-0.038057759493670885,,1 vs 0,0.07310176786725121
2,SPXT_LAG_0,0.02,-0.03702444936708861,,1 vs 0,0.07105162418949994
2,SPXT_LAG_0,0.02,-0.03599113924050633,,1 vs 0,0.0690033242103327
2,SPXT_LAG_0,0.02,-0.03495782911392405,,1 vs 0,0.06695707628332564
2,SPXT_LAG_0,0.02,-0.03392451898734177,,1 vs 0,0.06491308876205486
2,SPXT_LAG_0,0.02,-0.0328912088607595,,1 vs 0,0.06287157000009644
2,SPXT_LAG_0,0.02,-0.031857898734177215,,1 vs 0,0.060832728351026474
2,SPXT_LAG_0,0.02,-0.030824588607594936,,1 vs 0,0.05879677216842108
2,SPXT_LAG_0,0.02,-0.029791278481012658,,1 vs 0,0.05676390980585637
2,SPXT_LAG_0,0.02,-0.02875796835443038,,1 vs 0,0.05473434961690841
2,SPXT_LAG_0,0.02,-0.0277246582278481,,1 vs 0,0.05270829995515332
2,SPXT_LAG_0,0.02,-0.026691348101265822,,1 vs 0,0.0506859691741672
2,SPXT_LAG_0,0.02,-0.025658037974683544,,1 vs 0,0.04866756562752616
2,SPXT_LAG_0,0.02,-0.024624727848101265,,1 vs 0,0.04665329766880629
2,SPXT_LAG_0,0.02,-0.023591417721518987,,1 vs 0,0.04464337365158368
2,SPXT_LAG_0,0.02,-0.02255810759493671,,1 vs 0,0.04263800192943447
2,SPXT_LAG_0,0.02,-0.02152479746835443,,1 vs 0,0.040637390855934714
2,SPXT_LAG_0,0.02,-0.02049148734177215,,1 vs 0,0.03864174878466056
2,SPXT_LAG_0,0.02,-0.019458177215189873,,1 vs 0,0.036651284069188064
2,SPXT_LAG_0,0.02,-0.018424867088607595,,1 vs 0,0.03466620506309334
2,SPXT_LAG_0,0.02,-0.017391556962025316,,1 vs 0,0.03268672011995252
2,SPXT_LAG_0,0.02,-0.016358246835443038,,1 vs 0,0.030713037593341694
2,SPXT_LAG_0,0.02,-0.015324936708860759,,1 vs 0,0.028745365836836907
2,SPXT_LAG_0,0.02,-0.01429162658227848,,1 vs 0,0.02678390123880626
2,SPXT_LAG_0,0.02,-0.013258316455696202,,1 vs 0,0.024828733793611377
2,SPXT_LAG_0,0.02,-0.012225006329113924,,1 vs 0,0.022879897744382018
2,SPXT_LAG_0,0.02,-0.011191696202531645,,1 vs 0,0.020937426843758426
2,SPXT_LAG_0,0.02,-0.01015838607594937,,1 vs 0,0.01900135484438091
2,SPXT_LAG_0,0.02,-0.009125075949367088,,1 vs 0,0.017071715498889736
2,SPXT_LAG_0,0.02,-0.008091765822784806,,1 vs 0,0.015148542559925149
2,SPXT_LAG_0,0.02,-0.007058455696202531,,1 vs 0,0.01323186978012749
2,SPXT_LAG_0,0.02,-0.006025145569620256,,1 vs 0,0.011321730912136993
2,SPXT_LAG_0,0.02,-0.004991835443037974,,1 vs 0,0.009418159708593943
2,SPXT_LAG_0,0.02,-0.0039585253164556924,,1 vs 0,0.007521189922138606
2,SPXT_LAG_0,0.02,-0.0029252151898734174,,1 vs 0,0.005630855305411256
2,SPXT_LAG_0,0.02,-0.0018919050632911424,,1 vs 0,0.003747189611052207
2,SPXT_LAG_0,0.02,-0.0008585949367088605,,1 vs 0,0.0018702265917017041
2,SPXT_LAG_0,0.02,0.00017471518987342144,,1 vs 0,0.0
2,SPXT_LAG_0,0.02,0.0012080253164556964,,1 vs 0,-0.0018634564114125562
2,SPXT_LAG_0,0.02,0.0022413354430379714,,1 vs 0,-0.003720108889895754
2,SPXT_LAG_0,0.02,0.0032746455696202534,,1 vs 0,-0.005569923682809265
2,SPXT_LAG_0,0.02,0.004307955696202535,,1 vs 0,-0.007412867037512871
2,SPXT_LAG_0,0.02,0.00534126582278481,,1 vs 0,-0.009248905201366245
2,SPXT_LAG_0,0.02,0.006374575949367085,,1 vs 0,-0.011078004421729126
2,SPXT_LAG_0,0.02,0.007407886075949367,,1 vs 0,-0.012900130945961277
2,SPXT_LAG_0,0.02,0.00844119620253165,,1 vs 0,-0.014715251021422376
2,SPXT_LAG_0,0.02,0.009474506329113924,,1 vs 0,-0.01652333089547213
2,SPXT_LAG_0,0.02,0.0105078164556962,,1 vs 0,-0.01832433681547027
2,SPXT_LAG_0,0.02,0.011541126582278481,,1 vs 0,-0.020118235028776577
2,SPXT_LAG_0,0.02,0.012574436708860763,,1 vs 0,-0.021904991782750738
2,SPXT_LAG_0,0.02,0.013607746835443038,,1 vs 0,-0.02368457332475246
2,SPXT_LAG_0,0.02,0.014641056962025313,,1 vs 0,-0.02545694590214148
2,SPXT_LAG_0,0.02,0.015674367088607595,,1 vs 0,-0.027222075762277545
2,SPXT_LAG_0,0.02,0.016707677215189877,,1 vs 0,-0.02897992915252033
2,SPXT_LAG_0,0.02,0.017740987341772152,,1 vs 0,-0.030730472320229574
2,SPXT_LAG_0,0.02,0.018774297468354427,,1 vs 0,-0.03247367151276502
2,SPXT_LAG_0,0.02,0.01980760759493671,,1 vs 0,-0.034209492977486364
2,SPXT_LAG_0,0.02,0.02084091772151899,,1 vs 0,-0.03593790296175338
2,SPXT_LAG_0,0.02,0.02187422784810126,,1 vs 0,-0.03765886771292572
2,SPXT_LAG_0,0.02,0.02290753797468354,,1 vs 0,-0.03937235347836314
2,SPXT_LAG_0,0.02,0.023940848101265823,,1 vs 0,-0.041078326505425436
2,SPXT_LAG_0,0.02,0.024974158227848105,,1 vs 0,-0.042776753544181104
2,SPXT_LAG_0,0.02,0.026007468354430387,,1 vs 0,-0.04446765890206068
2,SPXT_LAG_0,0.02,0.027040778481012655,,1 vs 0,-0.046151176954254594
2,SPXT_LAG_0,0.02,0.028074088607594937,,1 vs 0,-0.04782745448563033
2,SPXT_LAG_0,0.02,0.02910739873417722,,1 vs 0,-0.04949663828105555
2,SPXT_LAG_0,0.02,0.030140708860759487,,1 vs 0,-0.051158875125397754
2,SPXT_LAG_0,0.02,0.03117401898734177,,1 vs 0,-0.05281431180352465
2,SPXT_LAG_0,0.02,0.03220732911392405,,1 vs 0,-0.05446309510030371
2,SPXT_LAG_0,0.02,0.03324063924050633,,1 vs 0,-0.05610537180060257
2,SPXT_LAG_0,0.02,0.034273949367088614,,1 vs 0,-0.057741288689288836
2,SPXT_LAG_0,0.02,0.03530725949367088,,1 vs 0,-0.05937099255123003
2,SPXT_LAG_0,0.02,0.036340569620253164,,1 vs 0,-0.06099463017129375
2,SPXT_LAG_0,0.02,0.037373879746835446,,1 vs 0,-0.0626123483343476
2,SPXT_LAG_0,0.02,0.038407189873417714,,1 vs 0,-0.06422429382525915
2,SPXT_LAG_0,0.02,0.03944049999999999,,1 vs 0,-0.06583061342889597
2,DBLCIX_LAG_0,0.02,-0.0380515,,1 vs 0,4.330873422686912e-05
2,DBLCIX_LAG_0,0.02,-0.03714896202531646,,1 vs 0,1.6238653409356152e-05
2,DBLCIX_LAG_0,0.02,-0.036246424050632914,,1 vs 0,-1.118935275066027e-05
2,DBLCIX_LAG_0,0.02,-0.03534388607594937,,1 vs 0,-3.887502261873746e-05
2,DBLCIX_LAG_0,0.02,-0.03444134810126583,,1 vs 0,-6.671809456047437e-05
2,DBLCIX_LAG_0,0.02,-0.03353881012658229,,1 vs 0,-9.46183069414526e-05
2,DBLCIX_LAG_0,0.02,-0.032636272151898744,,1 vs 0,-0.000122475398127226
2,DBLCIX_LAG_0,0.02,-0.0317337341772152,,1 vs 0,-0.00015018910648340392
2,DBLCIX_LAG_0,0.02,-0.030831196202531656,,1 vs 0,-0.00017765917037554715
2,DBLCIX_LAG_0,0.02,-0.029928658227848112,,1 vs 0,-0.00020478532816924772
2,DBLCIX_LAG_0,0.02,-0.02902612025316457,,1 vs 0,-0.0002314673182300872
2,DBLCIX_LAG_0,0.02,-0.028123582278481028,,1 vs 0,-0.00025760487892362294
2,DBLCIX_LAG_0,0.02,-0.027221044303797487,,1 vs 0,-0.0002830977486154608
2,DBLCIX_LAG_0,0.02,-0.026318506329113943,,1 vs 0,-0.0003078456656711616
2,DBLCIX_LAG_0,0.02,-0.0254159683544304,,1 vs 0,-0.00033174836845632424
2,DBLCIX_LAG_0,0.02,-0.024513430379746855,,1 vs 0,-0.00035470559533652343
2,DBLCIX_LAG_0,0.02,-0.02361089240506331,,1 vs 0,-0.00037661708467731994
2,DBLCIX_LAG_0,0.02,-0.02270835443037977,,1 vs 0,-0.00039738257484431966
2,DBLCIX_LAG_0,0.02,-0.021805816455696226,,1 vs 0,-0.0004169018042030799
2,DBLCIX_LAG_0,0.02,-0.020903278481012682,,1 vs 0,-0.0004350745111191996
2,DBLCIX_LAG_0,0.02,-0.02000074050632914,,1 vs 0,-0.00045180043395825
2,DBLCIX_LAG_0,0.02,-0.019098202531645597,,1 vs 0,-0.0004669793110858092
2,DBLCIX_LAG_0,0.02,-0.018195664556962053,,1 vs 0,-0.0004805108808674727
2,DBLCIX_LAG_0,0.02,-0.01729312658227851,,1 vs 0,-0.0004922948816688012
2,DBLCIX_LAG_0,0.02,-0.01639058860759497,,1 vs 0,-0.000502230383654028
2,DBLCIX_LAG_0,0.02,-0.015488050632911424,,1 vs 0,-0.0005101579875796021
2,DBLCIX_LAG_0,0.02,-0.01458551265822788,,1 vs 0,-0.0005158151392833966
2,DBLCIX_LAG_0,0.02,-0.01368297468354434,,1 vs 0,-0.000518928765980798
2,DBLCIX_LAG_0,0.02,-0.012780436708860796,,1 vs 0,-0.0005192257948871265
2,DBLCIX_LAG_0,0.02,-0.011877898734177252,,1 vs 0,-0.000516433153217772
2,DBLCIX_LAG_0,0.02,-0.010975360759493707,,1 vs 0,-0.0005102777681880756
2,DBLCIX_LAG_0,0.02,-0.010072822784810167,,1 vs 0,-0.0005004865670134133
2,DBLCIX_LAG_0,0.02,-0.009170284810126623,,1 vs 0,-0.00048678647690911583
2,DBLCIX_LAG_0,0.02,-0.008267746835443079,,1 vs 0,-0.0004689044250905834
2,DBLCIX_LAG_0,0.02,-0.007365208860759538,,1 vs 0,-0.0004465673387731399
2,DBLCIX_LAG_0,0.02,-0.006462670886075994,,1 vs 0,-0.0004195021451721577
2,DBLCIX_LAG_0,0.02,-0.00556013291139245,,1 vs 0,-0.0003874357715029954
2,DBLCIX_LAG_0,0.02,-0.004657594936708906,,1 vs 0,-0.00035009514498101496
2,DBLCIX_LAG_0,0.02,-0.003755056962025362,,1 vs 0,-0.0003072071928215715
2,DBLCIX_LAG_0,0.02,-0.0028525189873418177,,1 vs 0,-0.0002584988422400236
2,DBLCIX_LAG_0,0.02,-0.0019499810126582806,,1 vs 0,-0.00020369702045173327
2,DBLCIX_LAG_0,0.02,-0.0010474430379747365,,1 vs 0,-0.00014252865467205902
2,DBLCIX_LAG_0,0.02,-0.00014490506329119246,,1 vs 0,-7.472067211635944e-05
2,DBLCIX_LAG_0,0.02,0.0007576329113923516,,1 vs 0,0.0
2,DBLCIX_LAG_0,0.02,0.0016601708860758957,,1 vs 0,8.190643446167115e-05
2,DBLCIX_LAG_0,0.02,0.0025627088607594398,,1 vs 0,0.0001712717040533024
2,DBLCIX_LAG_0,0.02,0.003465246835442984,,1 vs 0,0.0002683688815595109
2,DBLCIX_LAG_0,0.02,0.004367784810126521,,1 vs 0,0.0003734710397649485
2,DBLCIX_LAG_0,0.02,0.005270322784810065,,1 vs 0,0.0004868512514542532
2,DBLCIX_LAG_0,0.02,0.006172860759493609,,1 vs 0,0.0006087825894120734
2,DBLCIX_LAG_0,0.02,0.007075398734177153,,1 vs 0,0.000739538126423047
2,DBLCIX_LAG_0,0.02,0.007977936708860697,,1 vs 0,0.0008793909352718086
2,DBLCIX_LAG_0,0.02,0.008880474683544241,,1 vs 0,0.0010286140887430135
2,DBLCIX_LAG_0,0.02,0.009783012658227785,,1 vs 0,0.0011874806596212859
2,DBLCIX_LAG_0,0.02,0.010685550632911323,,1 vs 0,0.001356234486901236
2,DBLCIX_LAG_0,0.02,0.011588088607594867,,1 vs 0,0.0015348459128148723
2,DBLCIX_LAG_0,0.02,0.01249062658227841,,1 vs 0,0.0017231359511214982
2,DBLCIX_LAG_0,0.02,0.013393164556961955,,1 vs 0,0.0019209241036615941
2,DBLCIX_LAG_0,0.02,0.014295702531645499,,1 vs 0,0.002128029872275679
2,DBLCIX_LAG_0,0.02,0.015198240506329043,,1 vs 0,0.0023442727588042674
2,DBLCIX_LAG_0,0.02,0.016100778481012587,,1 vs 0,0.0025694722650878334
2,DBLCIX_LAG_0,0.02,0.017003316455696124,,1 vs 0,0.0028034478929669197
2,DBLCIX_LAG_0,0.02,0.017905854430379668,,1 vs 0,0.0030460191442820174
2,DBLCIX_LAG_0,0.02,0.018808392405063212,,1 vs 0,0.003297005520873631
2,DBLCIX_LAG_0,0.02,0.019710930379746756,,1 vs 0,0.0035562265245822795
2,DBLCIX_LAG_0,0.02,0.0206134683544303,,1 vs 0,0.003823501657248436
2,DBLCIX_LAG_0,0.02,0.021516006329113845,,1 vs 0,0.004098650420712651
2,DBLCIX_LAG_0,0.02,0.02241854430379739,,1 vs 0,0.0043814923168154045
2,DBLCIX_LAG_0,0.02,0.023321082278480926,,1 vs 0,0.004671846847397208
2,DBLCIX_LAG_0,0.02,0.02422362025316447,,1 vs 0,0.004969533514298567
2,DBLCIX_LAG_0,0.02,0.025126158227848014,,1 vs 0,0.0052743718193599895
2,DBLCIX_LAG_0,0.02,0.026028696202531565,,1 vs 0,0.00558618126442199
2,DBLCIX_LAG_0,0.02,0.026931234177215102,,1 vs 0,0.005904781351325061
2,DBLCIX_LAG_0,0.02,0.02783377215189864,,1 vs 0,0.006229991581909709
2,DBLCIX_LAG_0,0.02,0.02873631012658219,,1 vs 0,0.006561631458016446
2,DBLCIX_LAG_0,0.02,0.029638848101265727,,1 vs 0,0.006899520481485788
2,DBLCIX_LAG_0,0.02,0.03054138607594928,,1 vs 0,0.007243478154158222
2,DBLCIX_LAG_0,0.02,0.031443924050632815,,1 vs 0,0.00759332397787427
2,DBLCIX_LAG_0,0.02,0.032346462025316366,,1 vs 0,0.007948877454474434
2,DBLCIX_LAG_0,0.02,0.0332489999999999,,1 vs 0,0.00830995808579921
2,IBOXIG_LAG_0,0.02,-0.010364,,1 vs 0,-0.013028415922200633
2,IBOXIG_LAG_0,0.02,-0.010109348101265823,,1 vs 0,-0.01274378612544078
2,IBOXIG_LAG_0,0.02,-0.009854696202531646,,1 vs 0,-0.012457105385493186
2,IBOXIG_LAG_0,0.02,-0.009600044303797468,,1 vs 0,-0.012168361260983262
2,IBOXIG_LAG_0,0.02,-0.009345392405063291,,1 vs 0,-0.01187759804385399
2,IBOXIG_LAG_0,0.02,-0.009090740506329114,,1 vs 0,-0.01158488323575918
2,IBOXIG_LAG_0,0.02,-0.008836088607594937,,1 vs 0,-0.011290284407889609
2,IBOXIG_LAG_0,0.02,-0.00858143670886076,,1 vs 0,-0.010993869131436063
2,IBOXIG_LAG_0,0.02,-0.008326784810126584,,1 vs 0,-0.010695704977589315
2,IBOXIG_LAG_0,0.02,-0.008072132911392405,,1 vs 0,-0.010395859517540143
2,IBOXIG_LAG_0,0.02,-0.00781748101265823,,1 vs 0,-0.010094400322479328
2,IBOXIG_LAG_0,0.02,-0.0075628291139240526,,1 vs 0,-0.009791394963597645
2,IBOXIG_LAG_0,0.02,-0.007308177215189875,,1 vs 0,-0.009486911012085871
2,IBOXIG_LAG_0,0.02,-0.007053525316455698,,1 vs 0,-0.009181016039134786
2,IBOXIG_LAG_0,0.02,-0.006798873417721521,,1 vs 0,-0.008873777615935167
2,IBOXIG_LAG_0,0.02,-0.006544221518987344,,1 vs 0,-0.008565263313677799
2,IBOXIG_LAG_0,0.02,-0.006289569620253167,,1 vs 0,-0.008255540703553443
2,IBOXIG_LAG_0,0.02,-0.006034917721518989,,1 vs 0,-0.007944677356752902
2,IBOXIG_LAG_0,0.02,-0.005780265822784812,,1 vs 0,-0.00763274084446693
2,IBOXIG_LAG_0,0.02,-0.005525613924050635,,1 vs 0,-0.007319798737886316
2,IBOXIG_LAG_0,0.02,-0.005270962025316458,,1 vs 0,-0.007005918608201835
2,IBOXIG_LAG_0,0.02,-0.0050163101265822815,,1 vs 0,-0.006691168026604274
2,IBOXIG_LAG_0,0.02,-0.004761658227848104,,1 vs 0,-0.0063756145642843995
2,IBOXIG_LAG_0,0.02,-0.004507006329113927,,1 vs 0,-0.006059325792432989
2,IBOXIG_LAG_0,0.02,-0.00425235443037975,,1 vs 0,-0.00574236928224083
2,IBOXIG_LAG_0,0.02,-0.003997702531645573,,1 vs 0,-0.005424812604898697
2,IBOXIG_LAG_0,0.02,-0.0037430506329113955,,1 vs 0,-0.00510672333159736
2,IBOXIG_LAG_0,0.02,-0.0034883987341772183,,1 vs 0,-0.004788169033527607
2,IBOXIG_LAG_0,0.02,-0.003233746835443042,,1 vs 0,-0.004469217281880214
2,IBOXIG_LAG_0,0.02,-0.002979094936708865,,1 vs 0,-0.00414993564784596
2,IBOXIG_LAG_0,0.02,-0.0027244430379746876,,1 vs 0,-0.0038303917026156114
2,IBOXIG_LAG_0,0.02,-0.0024697911392405104,,1 vs 0,-0.00351065301737996
2,IBOXIG_LAG_0,0.02,-0.0022151392405063332,,1 vs 0,-0.003190787163329778
2,IBOXIG_LAG_0,0.02,-0.001960487341772156,,1 vs 0,-0.002870861711655847
2,IBOXIG_LAG_0,0.02,-0.0017058354430379789,,1 vs 0,-0.00255094423354894
2,IBOXIG_LAG_0,0.02,-0.0014511835443038017,,1 vs 0,-0.002231102300199841
2,IBOXIG_LAG_0,0.02,-0.0011965316455696245,,1 vs 0,-0.0019114034827993195
2,IBOXIG_LAG_0,0.02,-0.0009418797468354473,,1 vs 0,-0.001591915352538163
2,IBOXIG_LAG_0,0.02,-0.0006872278481012701,,1 vs 0,-0.0012727054806071425
2,IBOXIG_LAG_0,0.02,-0.0004325759493670929,,1 vs 0,-0.0009538414381970342
2,IBOXIG_LAG_0,0.02,-0.0001779240506329157,,1 vs 0,-0.0006353907964986249
2,IBOXIG_LAG_0,0.02,7.672784810125975e-05,,1 vs 0,-0.00031742112670268374
2,IBOXIG_LAG_0,0.02,0.00033137974683543694,,1 vs 0,0.0
2,IBOXIG_LAG_0,0.02,0.0005860316455696141,,1 vs 0,0.00031680501241866145
2,IBOXIG_LAG_0,0.02,0.0008406835443037913,,1 vs 0,0.000632926339362516
2,IBOXIG_LAG_0,0.02,0.0010953354430379685,,1 vs 0,0.0009482964096407859
2,IBOXIG_LAG_0,0.02,0.0013499873417721457,,1 vs 0,0.0012628543852281368
2,IBOXIG_LAG_0,0.02,0.001604639240506323,,1 vs 0,0.0015765685614819508
2,IBOXIG_LAG_0,0.02,0.0018592911392405,,1 vs 0,0.0018894151115097881
2,IBOXIG_LAG_0,0.02,0.0021139430379746773,,1 vs 0,0.002201370208549904
2,IBOXIG_LAG_0,0.02,0.0023685949367088545,,1 vs 0,0.0025124100258405485
2,IBOXIG_LAG_0,0.02,0.0026232468354430317,,1 vs 0,0.002822510736619987
2,IBOXIG_LAG_0,0.02,0.002877898734177209,,1 vs 0,0.003131648514126467
2,IBOXIG_LAG_0,0.02,0.003132550632911386,,1 vs 0,0.0034397995315982475
2,IBOXIG_LAG_0,0.02,0.0033872025316455633,,1 vs 0,0.0037469399622735745
2,IBOXIG_LAG_0,0.02,0.0036418544303797405,,1 vs 0,0.0040530459793907125
2,IBOXIG_LAG_0,0.02,0.003896506329113916,,1 vs 0,0.004358093756187913
2,IBOXIG_LAG_0,0.02,0.004151158227848093,,1 vs 0,0.004662059465903427
2,IBOXIG_LAG_0,0.02,0.00440581012658227,,1 vs 0,0.004964919281775515
2,IBOXIG_LAG_0,0.02,0.0046604620253164475,,1 vs 0,0.0052666493770424285
2,IBOXIG_LAG_0,0.02,0.004915113924050625,,1 vs 0,0.005567225924942422
2,IBOXIG_LAG_0,0.02,0.005169765822784802,,1 vs 0,0.005866625098713754
2,IBOXIG_LAG_0,0.02,0.005424417721518979,,1 vs 0,0.006164823071594674
2,IBOXIG_LAG_0,0.02,0.005679069620253158,,1 vs 0,0.006461796016823438
2,IBOXIG_LAG_0,0.02,0.0059337215189873335,,1 vs 0,0.006757520107638303
2,IBOXIG_LAG_0,0.02,0.006188373417721509,,1 vs 0,0.00705197151727752
2,IBOXIG_LAG_0,0.02,0.006443025316455688,,1 vs 0,0.007345126418979351
2,IBOXIG_LAG_0,0.02,0.006697677215189863,,1 vs 0,0.007636960985982046
2,IBOXIG_LAG_0,0.02,0.006952329113924042,,1 vs 0,0.007927451391523859
2,IBOXIG_LAG_0,0.02,0.007206981012658218,,1 vs 0,0.008216573808843039
2,IBOXIG_LAG_0,0.02,0.007461632911392397,,1 vs 0,0.008504304411177856
2,IBOXIG_LAG_0,0.02,0.007716284810126572,,1 vs 0,0.008790619371766548
2,IBOXIG_LAG_0,0.02,0.007970936708860751,,1 vs 0,0.009075494863847382
2,IBOXIG_LAG_0,0.02,0.008225588607594926,,1 vs 0,0.009358907060658606
2,IBOXIG_LAG_0,0.02,0.008480240506329105,,1 vs 0,0.009640832135438478
2,IBOXIG_LAG_0,0.02,0.00873489240506328,,1 vs 0,0.009921246261425255
2,IBOXIG_LAG_0,0.02,0.00898954430379746,,1 vs 0,0.010200125611857187
2,IBOXIG_LAG_0,0.02,0.009244196202531635,,1 vs 0,0.010477446359972525
2,IBOXIG_LAG_0,0.02,0.009498848101265814,,1 vs 0,0.010753184679009535
2,IBOXIG_LAG_0,0.02,0.00975349999999999,,1 vs 0,0.011027316742206462
2,JPEICORE_LAG_0,0.02,-0.015485,,1 vs 0,0.073101601226047
2,JPEICORE_LAG_0,0.02,-0.015129715189873418,,1 vs 0,0.07149408759678937
2,JPEICORE_LAG_0,0.02,-0.014774430379746836,,1 vs 0,0.06988520849873545
2,JPEICORE_LAG_0,0.02,-0.014419145569620253,,1 vs 0,0.0682750053925053
2,JPEICORE_LAG_0,0.02,-0.014063860759493672,,1 vs 0,0.06666351973871906
2,JPEICORE_LAG_0,0.02,-0.013708575949367089,,1 vs 0,0.06505079299799674
2,JPEICORE_LAG_0,0.02,-0.013353291139240508,,1 vs 0,0.06343686663095849
2,JPEICORE_LAG_0,0.02,-0.012998006329113925,,1 vs 0,0.061821782098224275
2,JPEICORE_LAG_0,0.02,-0.012642721518987342,,1 vs 0,0.06020558086041427
2,JPEICORE_LAG_0,0.02,-0.01228743670886076,,1 vs 0,0.0585883043781485
2,JPEICORE_LAG_0,0.02,-0.01193215189873418,,1 vs 0,0.05696999411204705
2,JPEICORE_LAG_0,0.02,-0.011576867088607596,,1 vs 0,0.05535069152273
2,JPEICORE_LAG_0,0.02,-0.011221582278481013,,1 vs 0,0.05373043807081743
2,JPEICORE_LAG_0,0.02,-0.010866297468354432,,1 vs 0,0.05210927521692938
2,JPEICORE_LAG_0,0.02,-0.010511012658227849,,1 vs 0,0.05048724442168596
2,JPEICORE_LAG_0,0.02,-0.010155727848101266,,1 vs 0,0.04886438714570723
2,JPEICORE_LAG_0,0.02,-0.009800443037974685,,1 vs 0,0.04724074484961329
2,JPEICORE_LAG_0,0.02,-0.009445158227848104,,1 vs 0,0.0456163589940242
2,JPEICORE_LAG_0,0.02,-0.00908987341772152,,1 vs 0,0.04399127103956001
2,JPEICORE_LAG_0,0.02,-0.008734588607594938,,1 vs 0,0.04236552244684081
2,JPEICORE_LAG_0,0.02,-0.008379303797468356,,1 vs 0,0.04073915467648667
2,JPEICORE_LAG_0,0.02,-0.008024018987341773,,1 vs 0,0.03911220918911772
2,JPEICORE_LAG_0,0.02,-0.007668734177215192,,1 vs 0,0.037484727445353944
2,JPEICORE_LAG_0,0.02,-0.007313449367088609,,1 vs 0,0.03585675090581547
2,JPEICORE_LAG_0,0.02,-0.006958164556962026,,1 vs 0,0.03422832103112239
2,JPEICORE_LAG_0,0.02,-0.006602879746835445,,1 vs 0,0.032599479281894744
2,JPEICORE_LAG_0,0.02,-0.006247594936708862,,1 vs 0,0.030970267118752587
2,JPEICORE_LAG_0,0.02,-0.005892310126582281,,1 vs 0,0.02934072600231606
2,JPEICORE_LAG_0,0.02,-0.005537025316455698,,1 vs 0,0.02771089739320519
2,JPEICORE_LAG_0,0.02,-0.0051817405063291164,,1 vs 0,0.026080822752040045
2,JPEICORE_LAG_0,0.02,-0.0048264556962025335,,1 vs 0,0.02445054353944076
2,JPEICORE_LAG_0,0.02,-0.004471170886075952,,1 vs 0,0.022820101216027316
2,JPEICORE_LAG_0,0.02,-0.004115886075949369,,1 vs 0,0.021189537242419842
2,JPEICORE_LAG_0,0.02,-0.0037606012658227862,,1 vs 0,0.019558893079238443
2,JPEICORE_LAG_0,0.02,-0.003405316455696205,,1 vs 0,0.017928210187103152
2,JPEICORE_LAG_0,0.02,-0.003050031645569622,,1 vs 0,0.016297530026634033
2,JPEICORE_LAG_0,0.02,-0.0026947468354430407,,1 vs 0,0.014666894058451174
2,JPEICORE_LAG_0,0.02,-0.0023394620253164577,,1 vs 0,0.013036343743174708
2,JPEICORE_LAG_0,0.02,-0.0019841772151898765,,1 vs 0,0.011405920541424655
2,JPEICORE_LAG_0,0.02,-0.0016288924050632935,,1 vs 0,0.00977566591382105
2,JPEICORE_LAG_0,0.02,-0.0012736075949367123,,1 vs 0,0.00814562132098405
2,JPEICORE_LAG_0,0.02,-0.0009183227848101293,,1 vs 0,0.006515828223533637
2,JPEICORE_LAG_0,0.02,-0.0005630379746835463,,1 vs 0,0.004886328082089969
2,JPEICORE_LAG_0,0.02,-0.00020775316455696503,,1 vs 0,0.003257162357273094
2,JPEICORE_LAG_0,0.02,0.00014753164556961622,,1 vs 0,0.0016283725097030605
2,JPEICORE_LAG_0,0.02,0.0005028164556962009,,1 vs 0,0.0
2,JPEICORE_LAG_0,0.02,0.0008581012658227822,,1 vs 0,-0.0016279137112160252
2,JPEICORE_LAG_0,0.02,0.0012133860759493634,,1 vs 0,-0.0032553271633249947
2,JPEICORE_LAG_0,0.02,0.0015686708860759482,,1 vs 0,-0.004882198895706874
2,JPEICORE_LAG_0,0.02,0.0019239556962025294,,1 vs 0,-0.006508487447741393
2,JPEICORE_LAG_0,0.02,0.0022792405063291107,,1 vs 0,-0.008134151358808642
2,JPEICORE_LAG_0,0.02,0.002634525316455692,,1 vs 0,-0.009759149168288489
2,JPEICORE_LAG_0,0.02,0.0029898101265822766,,1 vs 0,-0.0113834394155609
2,JPEICORE_LAG_0,0.02,0.003345094936708858,,1 vs 0,-0.013006980640005716
2,JPEICORE_LAG_0,0.02,0.003700379746835439,,1 vs 0,-0.014629731381002958
2,JPEICORE_LAG_0,0.02,0.00405566455696202,,1 vs 0,-0.01625165017907959
2,JPEICORE_LAG_0,0.02,0.004410949367088605,,1 vs 0,-0.017872703521540773
2,JPEICORE_LAG_0,0.02,0.004766234177215186,,1 vs 0,-0.019492884833918755
2,JPEICORE_LAG_0,0.02,0.005121518987341768,,1 vs 0,-0.021112193244286176
2,JPEICORE_LAG_0,0.02,0.005476803797468352,,1 vs 0,-0.022730627880715643
2,JPEICORE_LAG_0,0.02,0.005832088607594934,,1 vs 0,-0.02434818787127986
2,JPEICORE_LAG_0,0.02,0.006187373417721515,,1 vs 0,-0.025964872344051426
2,JPEICORE_LAG_0,0.02,0.006542658227848096,,1 vs 0,-0.027580680427103016
2,JPEICORE_LAG_0,0.02,0.006897943037974681,,1 vs 0,-0.02919561124850731
2,JPEICORE_LAG_0,0.02,0.007253227848101262,,1 vs 0,-0.03080966393633694
2,JPEICORE_LAG_0,0.02,0.007608512658227843,,1 vs 0,-0.03242283761866446
2,JPEICORE_LAG_0,0.02,0.007963797468354428,,1 vs 0,-0.034035131423562626
2,JPEICORE_LAG_0,0.02,0.00831908227848101,,1 vs 0,-0.035646544479104064
2,JPEICORE_LAG_0,0.02,0.00867436708860759,,1 vs 0,-0.03725707591336136
2,JPEICORE_LAG_0,0.02,0.009029651898734172,,1 vs 0,-0.03886672485440726
2,JPEICORE_LAG_0,0.02,0.009384936708860757,,1 vs 0,-0.04047549043031429
2,JPEICORE_LAG_0,0.02,0.009740221518987338,,1 vs 0,-0.04208337176915522
2,JPEICORE_LAG_0,0.02,0.010095506329113919,,1 vs 0,-0.043690367999002666
2,JPEICORE_LAG_0,0.02,0.010450791139240504,,1 vs 0,-0.045296478247929206
2,JPEICORE_LAG_0,0.02,0.010806075949367085,,1 vs 0,-0.04690170164400756
2,JPEICORE_LAG_0,0.02,0.011161360759493666,,1 vs 0,-0.04850603731531028
2,JPEICORE_LAG_0,0.02,0.011516645569620248,,1 vs 0,-0.05010948438991014
2,JPEICORE_LAG_0,0.02,0.011871930379746832,,1 vs 0,-0.0517120419958797
2,JPEICORE_LAG_0,0.02,0.012227215189873413,,1 vs 0,-0.05331370926129164
2,JPEICORE_LAG_0,0.02,0.012582499999999996,,1 vs 0,-0.05491448531421861
2,LT11TRUU_LAG_0,0.02,-0.0206235,,1 vs 0,-0.07514523571908582
2,LT11TRUU_LAG_0,0.02,-0.020115607594936708,,1 vs 0,-0.0735538751829576
2,LT11TRUU_LAG_0,0.02,-0.01960771518987342,,1 vs 0,-0.07195337156203253
2,LT11TRUU_LAG_0,0.02,-0.01909982278481013,,1 vs 0,-0.07034367403522372
2,LT11TRUU_LAG_0,0.02,-0.018591930379746838,,1 vs 0,-0.06872473178144416
2,LT11TRUU_LAG_0,0.02,-0.018084037974683546,,1 vs 0,-0.06709649397960689
2,LT11TRUU_LAG_0,0.02,-0.017576145569620255,,1 vs 0,-0.06545890980862497
2,LT11TRUU_LAG_0,0.02,-0.017068253164556967,,1 vs 0,-0.06381192844741145
2,LT11TRUU_LAG_0,0.02,-0.016560360759493676,,1 vs 0,-0.06215549907487934
2,LT11TRUU_LAG_0,0.02,-0.016052468354430385,,1 vs 0,-0.06048957086994171
2,LT11TRUU_LAG_0,0.02,-0.015544575949367095,,1 vs 0,-0.05881409301151161
2,LT11TRUU_LAG_0,0.02,-0.015036683544303805,,1 vs 0,-0.05712901467850205
2,LT11TRUU_LAG_0,0.02,-0.014528791139240514,,1 vs 0,-0.0554342850498261
2,LT11TRUU_LAG_0,0.02,-0.014020898734177223,,1 vs 0,-0.05372985330439681
2,LT11TRUU_LAG_0,0.02,-0.013513006329113933,,1 vs 0,-0.05201566862112719
2,LT11TRUU_LAG_0,0.02,-0.013005113924050644,,1 vs 0,-0.05029168017893032
2,LT11TRUU_LAG_0,0.02,-0.012497221518987352,,1 vs 0,-0.04855783715671923
2,LT11TRUU_LAG_0,0.02,-0.011989329113924061,,1 vs 0,-0.04681408873340692
2,LT11TRUU_LAG_0,0.02,-0.011481436708860772,,1 vs 0,-0.045060384087906524
2,LT11TRUU_LAG_0,0.02,-0.010973544303797482,,1 vs 0,-0.043296672399131
2,LT11TRUU_LAG_0,0.02,-0.01046565189873419,,1 vs 0,-0.04152290284599343
2,LT11TRUU_LAG_0,0.02,-0.0099577594936709,,1 vs 0,-0.03973902460740686
2,LT11TRUU_LAG_0,0.02,-0.00944986708860761,,1 vs 0,-0.03794498686228431
2,LT11TRUU_LAG_0,0.02,-0.00894197468354432,,1 vs 0,-0.03614073878953884
2,LT11TRUU_LAG_0,0.02,-0.008434082278481029,,1 vs 0,-0.03432622956808351
2,LT11TRUU_LAG_0,0.02,-0.007926189873417738,,1 vs 0,-0.03250140837683131
2,LT11TRUU_LAG_0,0.02,-0.007418297468354448,,1 vs 0,-0.030666224394695355
2,LT11TRUU_LAG_0,0.02,-0.0069104050632911584,,1 vs 0,-0.02882062680058864
2,LT11TRUU_LAG_0,0.02,-0.006402512658227867,,1 vs 0,-0.026964564778689012
2,LT11TRUU_LAG_0,0.02,-0.005894620253164576,,1 vs 0,-0.025098048459309522
2,LT11TRUU_LAG_0,0.02,-0.005386727848101286,,1 vs 0,-0.02322130024504306
2,LT11TRUU_LAG_0,0.02,-0.004878835443037997,,1 vs 0,-0.02133458872415148
2,LT11TRUU_LAG_0,0.02,-0.004370943037974705,,1 vs 0,-0.019438182484896756
2,LT11TRUU_LAG_0,0.02,-0.003863050632911414,,1 vs 0,-0.017532350115540767
2,LT11TRUU_LAG_0,0.02,-0.0033551582278481228,,1 vs 0,-0.01561736020434552
2,LT11TRUU_LAG_0,0.02,-0.002847265822784835,,1 vs 0,-0.013693481339572891
2,LT11TRUU_LAG_0,0.02,-0.0023393734177215436,,1 vs 0,-0.01176098210948481
2,LT11TRUU_LAG_0,0.02,-0.0018314810126582523,,1 vs 0,-0.009820131102343227
2,LT11TRUU_LAG_0,0.02,-0.0013235886075949645,,1 vs 0,-0.007871196906410043
2,LT11TRUU_LAG_0,0.02,-0.0008156962025316732,,1 vs 0,-0.0059144481099472
2,LT11TRUU_LAG_0,0.02,-0.00030780379746838185,,1 vs 0,-0.003950153301216636
2,LT11TRUU_LAG_0,0.02,0.00020008860759490946,,1 vs 0,-0.0019785810684802476
2,LT11TRUU_LAG_0,0.02,0.0007079810126582008,,1 vs 0,0.0
2,LT11TRUU_LAG_0,0.02,0.0012158734177214886,,1 vs 0,0.0019853213159621887
2,LT11TRUU_LAG_0,0.02,0.00172376582278478,,1 vs 0,0.0039771142911444145
2,LT11TRUU_LAG_0,0.02,0.0022316582278480712,,1 vs 0,0.005975110337284723
2,LT11TRUU_LAG_0,0.02,0.002739550632911359,,1 vs 0,0.007979040866121185
2,LT11TRUU_LAG_0,0.02,0.0032474430379746504,,1 vs 0,0.009988637289391897
2,LT11TRUU_LAG_0,0.02,0.0037553354430379417,,1 vs 0,0.012003631018834896
2,LT11TRUU_LAG_0,0.02,0.004263227848101233,,1 vs 0,0.014023753466188296
2,LT11TRUU_LAG_0,0.02,0.004771120253164524,,1 vs 0,0.016048736043190136
2,LT11TRUU_LAG_0,0.02,0.005279012658227812,,1 vs 0,0.01807831016157849
2,LT11TRUU_LAG_0,0.02,0.0057869050632911034,,1 vs 0,0.020112207233091452
2,LT11TRUU_LAG_0,0.02,0.006294797468354395,,1 vs 0,0.022150158669467054
2,LT11TRUU_LAG_0,0.02,0.006802689873417683,,1 vs 0,0.024191895882443408
2,LT11TRUU_LAG_0,0.02,0.007310582278480974,,1 vs 0,0.026237150283758576
2,LT11TRUU_LAG_0,0.02,0.007818474683544265,,1 vs 0,0.028285653285150612
2,LT11TRUU_LAG_0,0.02,0.008326367088607557,,1 vs 0,0.03033713629835763
2,LT11TRUU_LAG_0,0.02,0.008834259493670848,,1 vs 0,0.03239133073511766
2,LT11TRUU_LAG_0,0.02,0.009342151898734136,,1 vs 0,0.03444796800716875
2,LT11TRUU_LAG_0,0.02,0.009850044303797427,,1 vs 0,0.036506779526249034
2,LT11TRUU_LAG_0,0.02,0.010357936708860718,,1 vs 0,0.0385675186832887
2,LT11TRUU_LAG_0,0.02,0.010865829113924006,,1 vs 0,0.040630069159071275
2,LT11TRUU_LAG_0,0.02,0.011373721518987297,,1 vs 0,0.04269436246177133
2,LT11TRUU_LAG_0,0.02,0.011881613924050589,,1 vs 0,0.044760330172624846
2,LT11TRUU_LAG_0,0.02,0.01238950632911388,,1 vs 0,0.04682790387286778
2,LT11TRUU_LAG_0,0.02,0.012897398734177171,,1 vs 0,0.04889701514373615
2,LT11TRUU_LAG_0,0.02,0.013405291139240463,,1 vs 0,0.05096759556646592
2,LT11TRUU_LAG_0,0.02,0.013913183544303754,,1 vs 0,0.05303957672229309
2,LT11TRUU_LAG_0,0.02,0.014421075949367038,,1 vs 0,0.05511289019245362
2,LT11TRUU_LAG_0,0.02,0.01492896835443033,,1 vs 0,0.05718746755818355
2,LT11TRUU_LAG_0,0.02,0.015436860759493621,,1 vs 0,0.05926324040071883
2,LT11TRUU_LAG_0,0.02,0.015944753164556912,,1 vs 0,0.061340140301295434
2,LT11TRUU_LAG_0,0.02,0.016452645569620204,,1 vs 0,0.06341809884114939
2,LT11TRUU_LAG_0,0.02,0.016960537974683495,,1 vs 0,0.06549704760151666
2,LT11TRUU_LAG_0,0.02,0.017468430379746786,,1 vs 0,0.06757691816363325
2,LT11TRUU_LAG_0,0.02,0.01797632278481007,,1 vs 0,0.06965764210873511
2,LT11TRUU_LAG_0,0.02,0.018484215189873362,,1 vs 0,0.07173915101805825
2,LT11TRUU_LAG_0,0.02,0.018992107594936653,,1 vs 0,0.07382137647283869
2,LT11TRUU_LAG_0,0.02,0.019499999999999944,,1 vs 0,0.07590425005431235
2,LBUTTRUU_LAG_0,0.02,-0.0098085,,1 vs 0,-0.05689633194243579
2,LBUTTRUU_LAG_0,0.02,-0.009550544303797467,,1 vs 0,-0.055481442099680006
2,LBUTTRUU_LAG_0,0.02,-0.009292588607594937,,1 vs 0,-0.054064214497895446
2,LBUTTRUU_LAG_0,0.02,-0.009034632911392405,,1 vs 0,-0.052644646595199296
2,LBUTTRUU_LAG_0,0.02,-0.008776677215189873,,1 vs 0,-0.05122273584970871
2,LBUTTRUU_LAG_0,0.02,-0.008518721518987341,,1 vs 0,-0.04979847971954089
2,LBUTTRUU_LAG_0,0.02,-0.008260765822784809,,1 vs 0,-0.04837187566281305
2,LBUTTRUU_LAG_0,0.02,-0.008002810126582278,,1 vs 0,-0.04694292113764233
2,LBUTTRUU_LAG_0,0.02,-0.007744854430379746,,1 vs 0,-0.04551161360214595
2,LBUTTRUU_LAG_0,0.02,-0.007486898734177214,,1 vs 0,-0.044077950514441036
2,LBUTTRUU_LAG_0,0.02,-0.007228943037974683,,1 vs 0,-0.04264192933264482
2,LBUTTRUU_LAG_0,0.02,-0.006970987341772152,,1 vs 0,-0.04120354751487448
2,LBUTTRUU_LAG_0,0.02,-0.00671303164556962,,1 vs 0,-0.03976280251924719
2,LBUTTRUU_LAG_0,0.02,-0.006455075949367088,,1 vs 0,-0.03831969180388013
2,LBUTTRUU_LAG_0,0.02,-0.0061971202531645566,,1 vs 0,-0.036874212826890504
2,LBUTTRUU_LAG_0,0.02,-0.005939164556962025,,1 vs 0,-0.03542636304639547
2,LBUTTRUU_LAG_0,0.02,-0.005681208860759493,,1 vs 0,-0.033976139920512224
2,LBUTTRUU_LAG_0,0.02,-0.005423253164556961,,1 vs 0,-0.03252354090735793
2,LBUTTRUU_LAG_0,0.02,-0.00516529746835443,,1 vs 0,-0.031068563465049808
2,LBUTTRUU_LAG_0,0.02,-0.004907341772151899,,1 vs 0,-0.029611205051705006
2,LBUTTRUU_LAG_0,0.02,-0.004649386075949367,,1 vs 0,-0.02815146312544073
2,LBUTTRUU_LAG_0,0.02,-0.004391430379746835,,1 vs 0,-0.02668933514437415
2,LBUTTRUU_LAG_0,0.02,-0.0041334746835443035,,1 vs 0,-0.025224818566622464
2,LBUTTRUU_LAG_0,0.02,-0.0038755189873417722,,1 vs 0,-0.02375791087298468
2,LBUTTRUU_LAG_0,0.02,-0.00361756329113924,,1 vs 0,-0.02228862329026959
2,LBUTTRUU_LAG_0,0.02,-0.003359607594936708,,1 vs 0,-0.020817004082081245
2,LBUTTRUU_LAG_0,0.02,-0.003101651898734177,,1 vs 0,-0.019343107686825456
2,LBUTTRUU_LAG_0,0.02,-0.0028436962025316457,,1 vs 0,-0.017866988542907986
2,LBUTTRUU_LAG_0,0.02,-0.0025857405063291136,,1 vs 0,-0.016388701088734664
2,LBUTTRUU_LAG_0,0.02,-0.0023277848101265815,,1 vs 0,-0.014908299762711293
2,LBUTTRUU_LAG_0,0.02,-0.0020698291139240503,,1 vs 0,-0.013425839003243628
2,LBUTTRUU_LAG_0,0.02,-0.0018118734177215191,,1 vs 0,-0.011941373248737522
2,LBUTTRUU_LAG_0,0.02,-0.001553917721518987,,1 vs 0,-0.01045495693759877
2,LBUTTRUU_LAG_0,0.02,-0.001295962025316455,,1 vs 0,-0.008966644508233125
2,LBUTTRUU_LAG_0,0.02,-0.001038006329113923,,1 vs 0,-0.00747649039904643
2,LBUTTRUU_LAG_0,0.02,-0.0007800506329113926,,1 vs 0,-0.00598454904844448
2,LBUTTRUU_LAG_0,0.02,-0.0005220949367088605,,1 vs 0,-0.004490874894833061
2,LBUTTRUU_LAG_0,0.02,-0.00026413924050632843,,1 vs 0,-0.0029955223766179595
2,LBUTTRUU_LAG_0,0.02,-6.183544303798097e-06,,1 vs 0,-0.0014985459322050254
2,LBUTTRUU_LAG_0,0.02,0.000251772151898734,,1 vs 0,0.0
2,LBUTTRUU_LAG_0,0.02,0.000509727848101266,,1 vs 0,0.0015000609815912815
2,LBUTTRUU_LAG_0,0.02,0.0007676835443037981,,1 vs 0,0.003001582574163029
2,LBUTTRUU_LAG_0,0.02,0.0010256392405063302,,1 vs 0,0.004504510339309455
2,LBUTTRUU_LAG_0,0.02,0.0012835949367088605,,1 vs 0,0.006008789838624736
2,LBUTTRUU_LAG_0,0.02,0.0015415506329113926,,1 vs 0,0.007514366633703081
2,LBUTTRUU_LAG_0,0.02,0.0017995063291139247,,1 vs 0,0.0090211862861387
2,LBUTTRUU_LAG_0,0.02,0.002057462025316455,,1 vs 0,0.010529194357525789
2,LBUTTRUU_LAG_0,0.02,0.002315417721518987,,1 vs 0,0.012038336409458544
2,LBUTTRUU_LAG_0,0.02,0.002573373417721519,,1 vs 0,0.013548558003531181
2,LBUTTRUU_LAG_0,0.02,0.0028313291139240512,,1 vs 0,0.015059804701337876
2,LBUTTRUU_LAG_0,0.02,0.0030892848101265833,,1 vs 0,0.016572022064472856
2,LBUTTRUU_LAG_0,0.02,0.0033472405063291136,,1 vs 0,0.018085155654530286
2,LBUTTRUU_LAG_0,0.02,0.0036051962025316457,,1 vs 0,0.019599151033104396
2,LBUTTRUU_LAG_0,0.02,0.003863151898734178,,1 vs 0,0.021113953761789393
2,LBUTTRUU_LAG_0,0.02,0.004121107594936708,,1 vs 0,0.022629509402179445
2,LBUTTRUU_LAG_0,0.02,0.00437906329113924,,1 vs 0,0.02414576351586879
2,LBUTTRUU_LAG_0,0.02,0.004637018987341772,,1 vs 0,0.02566266166445159
2,LBUTTRUU_LAG_0,0.02,0.004894974683544304,,1 vs 0,0.027180149409522073
2,LBUTTRUU_LAG_0,0.02,0.005152930379746836,,1 vs 0,0.028698172312674432
2,LBUTTRUU_LAG_0,0.02,0.005410886075949367,,1 vs 0,0.030216675935502865
2,LBUTTRUU_LAG_0,0.02,0.005668841772151899,,1 vs 0,0.03173560583960157
2,LBUTTRUU_LAG_0,0.02,0.005926797468354431,,1 vs 0,0.03325490758656473
2,LBUTTRUU_LAG_0,0.02,0.006184753164556961,,1 vs 0,0.0347745267379866
2,LBUTTRUU_LAG_0,0.02,0.006442708860759495,,1 vs 0,0.03629440885546134
2,LBUTTRUU_LAG_0,0.02,0.006700664556962025,,1 vs 0,0.037814499500583146
2,LBUTTRUU_LAG_0,0.02,0.006958620253164556,,1 vs 0,0.039334744234946234
2,LBUTTRUU_LAG_0,0.02,0.0072165759493670895,,1 vs 0,0.040855088620144794
2,LBUTTRUU_LAG_0,0.02,0.00747453164556962,,1 vs 0,0.04237547821777306
2,LBUTTRUU_LAG_0,0.02,0.007732487341772154,,1 vs 0,0.0438958585894252
2,LBUTTRUU_LAG_0,0.02,0.007990443037974684,,1 vs 0,0.045416175296695394
2,LBUTTRUU_LAG_0,0.02,0.008248398734177214,,1 vs 0,0.04693637390117787
2,LBUTTRUU_LAG_0,0.02,0.008506354430379748,,1 vs 0,0.04845639996633619
2,LBUTTRUU_LAG_0,0.02,0.008764310126582278,,1 vs 0,0.04997620786886506
2,LBUTTRUU_LAG_0,0.02,0.009022265822784809,,1 vs 0,0.051495781155051934
2,LBUTTRUU_LAG_0,0.02,0.009280221518987343,,1 vs 0,0.05301510939782869
2,LBUTTRUU_LAG_0,0.02,0.009538177215189873,,1 vs 0,0.054534182170127135
2,LBUTTRUU_LAG_0,0.02,0.009796132911392403,,1 vs 0,0.0560529890448791
2,LBUTTRUU_LAG_0,0.02,0.010054088607594937,,1 vs 0,0.05757151959501648
2,LBUTTRUU_LAG_0,0.02,0.010312044303797467,,1 vs 0,0.05908976339347104
2,LBUTTRUU_LAG_0,0.02,0.01057,,1 vs 0,0.06060771001317464
2,SPXT_LAG_1,0.02,-0.042191,,1 vs 0,0.10744073853049174
2,SPXT_LAG_1,0.02,-0.041157689873417724,,1 vs 0,0.10477610495274728
2,SPXT_LAG_1,0.02,-0.04012437974683544,,1 vs 0,0.10211114472081756
2,SPXT_LAG_1,0.02,-0.03909106962025316,,1 vs 0,0.09944605842521449
2,SPXT_LAG_1,0.02,-0.038057759493670885,,1 vs 0,0.09678104665644993
2,SPXT_LAG_1,0.02,-0.03702444936708861,,1 vs 0,0.09411631000503577
2,SPXT_LAG_1,0.02,-0.03599113924050633,,1 vs 0,0.09145204906148392
2,SPXT_LAG_1,0.02,-0.03495782911392405,,1 vs 0,0.08878846441630628
2,SPXT_LAG_1,0.02,-0.03392451898734177,,1 vs 0,0.08612575666001479
2,SPXT_LAG_1,0.02,-0.0328912088607595,,1 vs 0,0.08346412638312131
2,SPXT_LAG_1,0.02,-0.031857898734177215,,1 vs 0,0.08080377417613771
2,SPXT_LAG_1,0.02,-0.030824588607594936,,1 vs 0,0.07814490062957587
2,SPXT_LAG_1,0.02,-0.029791278481012658,,1 vs 0,0.07548770633394777
2,SPXT_LAG_1,0.02,-0.02875796835443038,,1 vs 0,0.07283239187976526
2,SPXT_LAG_1,0.02,-0.0277246582278481,,1 vs 0,0.07017915785754023
2,SPXT_LAG_1,0.02,-0.026691348101265822,,1 vs 0,0.06752820485778457
2,SPXT_LAG_1,0.02,-0.025658037974683544,,1 vs 0,0.06487973347101021
2,SPXT_LAG_1,0.02,-0.024624727848101265,,1 vs 0,0.06223394428772902
2,SPXT_LAG_1,0.02,-0.023591417721518987,,1 vs 0,0.05959103789845288
2,SPXT_LAG_1,0.02,-0.02255810759493671,,1 vs 0,0.056951214893693744
2,SPXT_LAG_1,0.02,-0.02152479746835443,,1 vs 0,0.05431467586396344
2,SPXT_LAG_1,0.02,-0.02049148734177215,,1 vs 0,0.051681621399773926
2,SPXT_LAG_1,0.02,-0.019458177215189873,,1 vs 0,0.049052252091637064
2,SPXT_LAG_1,0.02,-0.018424867088607595,,1 vs 0,0.04642676853006473
2,SPXT_LAG_1,0.02,-0.017391556962025316,,1 vs 0,0.04380537130556887
2,SPXT_LAG_1,0.02,-0.016358246835443038,,1 vs 0,0.04118826100866138
2,SPXT_LAG_1,0.02,-0.015324936708860759,,1 vs 0,0.03857563822985409
2,SPXT_LAG_1,0.02,-0.01429162658227848,,1 vs 0,0.03596769570789383
2,SPXT_LAG_1,0.02,-0.013258316455696202,,1 vs 0,0.033364556364041294
2,SPXT_LAG_1,0.02,-0.012225006329113924,,1 vs 0,0.030766306534687447
2,SPXT_LAG_1,0.02,-0.011191696202531645,,1 vs 0,0.028173032234356105
2,SPXT_LAG_1,0.02,-0.01015838607594937,,1 vs 0,0.025584819477571047
2,SPXT_LAG_1,0.02,-0.009125075949367088,,1 vs 0,0.02300175427885605
2,SPXT_LAG_1,0.02,-0.008091765822784806,,1 vs 0,0.02042392265273489
2,SPXT_LAG_1,0.02,-0.007058455696202531,,1 vs 0,0.01785141061373144
2,SPXT_LAG_1,0.02,-0.006025145569620256,,1 vs 0,0.015284304176369425
2,SPXT_LAG_1,0.02,-0.004991835443037974,,1 vs 0,0.01272268935517265
2,SPXT_LAG_1,0.02,-0.0039585253164556924,,1 vs 0,0.010166652164664884
2,SPXT_LAG_1,0.02,-0.0029252151898734174,,1 vs 0,0.007616278619369955
2,SPXT_LAG_1,0.02,-0.0018919050632911424,,1 vs 0,0.005071654733811659
2,SPXT_LAG_1,0.02,-0.0008585949367088605,,1 vs 0,0.0025328665225137353
2,SPXT_LAG_1,0.02,0.00017471518987342144,,1 vs 0,0.0
2,SPXT_LAG_1,0.02,0.0012080253164556964,,1 vs 0,-0.002526858819205696
2,SPXT_LAG_1,0.02,0.0022413354430379714,,1 vs 0,-0.005047623920579641
2,SPXT_LAG_1,0.02,0.0032746455696202534,,1 vs 0,-0.007562209289597999
2,SPXT_LAG_1,0.02,0.004307955696202535,,1 vs 0,-0.010070528911737028
2,SPXT_LAG_1,0.02,0.00534126582278481,,1 vs 0,-0.01257249677247288
2,SPXT_LAG_1,0.02,0.006374575949367085,,1 vs 0,-0.015068026857281785
2,SPXT_LAG_1,0.02,0.007407886075949367,,1 vs 0,-0.017557033151639978
2,SPXT_LAG_1,0.02,0.00844119620253165,,1 vs 0,-0.020039429641023634
2,SPXT_LAG_1,0.02,0.009474506329113924,,1 vs 0,-0.022515130310908946
2,SPXT_LAG_1,0.02,0.0105078164556962,,1 vs 0,-0.024984049146772144
2,SPXT_LAG_1,0.02,0.011541126582278481,,1 vs 0,-0.027446100134089463
2,SPXT_LAG_1,0.02,0.012574436708860763,,1 vs 0,-0.029901197258337092
2,SPXT_LAG_1,0.02,0.013607746835443038,,1 vs 0,-0.03234925450499125
2,SPXT_LAG_1,0.02,0.014641056962025313,,1 vs 0,-0.03479018585952812
2,SPXT_LAG_1,0.02,0.015674367088607595,,1 vs 0,-0.03722390530742392
2,SPXT_LAG_1,0.02,0.016707677215189877,,1 vs 0,-0.03965032683415487
2,SPXT_LAG_1,0.02,0.017740987341772152,,1 vs 0,-0.042069364425197125
2,SPXT_LAG_1,0.02,0.018774297468354427,,1 vs 0,-0.044480932066026976
2,SPXT_LAG_1,0.02,0.01980760759493671,,1 vs 0,-0.04688494374212056
2,SPXT_LAG_1,0.02,0.02084091772151899,,1 vs 0,-0.049281313438954186
2,SPXT_LAG_1,0.02,0.02187422784810126,,1 vs 0,-0.05166995514200394
2,SPXT_LAG_1,0.02,0.02290753797468354,,1 vs 0,-0.05405078283674608
2,SPXT_LAG_1,0.02,0.023940848101265823,,1 vs 0,-0.05642371050865688
2,SPXT_LAG_1,0.02,0.024974158227848105,,1 vs 0,-0.058788652785676174
2,SPXT_LAG_1,0.02,0.026007468354430387,,1 vs 0,-0.061145597854252165
2,SPXT_LAG_1,0.02,0.027040778481012655,,1 vs 0,-0.06349467456781227
2,SPXT_LAG_1,0.02,0.028074088607594937,,1 vs 0,-0.06583602763939439
2,SPXT_LAG_1,0.02,0.02910739873417722,,1 vs 0,-0.06816980178203644
2,SPXT_LAG_1,0.02,0.030140708860759487,,1 vs 0,-0.07049614170877636
2,SPXT_LAG_1,0.02,0.03117401898734177,,1 vs 0,-0.07281519213265211
2,SPXT_LAG_1,0.02,0.03220732911392405,,1 vs 0,-0.07512709776670165
2,SPXT_LAG_1,0.02,0.03324063924050633,,1 vs 0,-0.07743200332396283
2,SPXT_LAG_1,0.02,0.034273949367088614,,1 vs 0,-0.07973005351747361
2,SPXT_LAG_1,0.02,0.03530725949367088,,1 vs 0,-0.08202139306027195
2,SPXT_LAG_1,0.02,0.036340569620253164,,1 vs 0,-0.08430616666539581
2,SPXT_LAG_1,0.02,0.037373879746835446,,1 vs 0,-0.08658451904588302
2,SPXT_LAG_1,0.02,0.038407189873417714,,1 vs 0,-0.08885659491477155
2,SPXT_LAG_1,0.02,0.03944049999999999,,1 vs 0,-0.09112253898509934
2,DBLCIX_LAG_1,0.02,-0.0380515,,1 vs 0,0.024426474911016578
2,DBLCIX_LAG_1,0.02,-0.03714896202531646,,1 vs 0,0.023693689048327887
2,DBLCIX_LAG_1,0.02,-0.036246424050632914,,1 vs 0,0.022963956741739476
2,DBLCIX_LAG_1,0.02,-0.03534388607594937,,1 vs 0,0.02223763621465806
2,DBLCIX_LAG_1,0.02,-0.03444134810126583,,1 vs 0,0.02151508569049038
2,DBLCIX_LAG_1,0.02,-0.03353881012658229,,1 vs 0,0.02079666339264313
2,DBLCIX_LAG_1,0.02,-0.032636272151898744,,1 vs 0,0.020082727544523074
2,DBLCIX_LAG_1,0.02,-0.0317337341772152,,1 vs 0,0.019373636369536904
2,DBLCIX_LAG_1,0.02,-0.030831196202531656,,1 vs 0,0.01866974809109136
2,DBLCIX_LAG_1,0.02,-0.029928658227848112,,1 vs 0,0.017971420932593178
2,DBLCIX_LAG_1,0.02,-0.02902612025316457,,1 vs 0,0.017279013117449067
2,DBLCIX_LAG_1,0.02,-0.028123582278481028,,1 vs 0,0.016592882869065767
2,DBLCIX_LAG_1,0.02,-0.027221044303797487,,1 vs 0,0.015913388410849993
2,DBLCIX_LAG_1,0.02,-0.026318506329113943,,1 vs 0,0.01524088796620848
2,DBLCIX_LAG_1,0.02,-0.0254159683544304,,1 vs 0,0.014575739758547937
2,DBLCIX_LAG_1,0.02,-0.024513430379746855,,1 vs 0,0.013918302011275092
2,DBLCIX_LAG_1,0.02,-0.02361089240506331,,1 vs 0,0.013268932947796692
2,DBLCIX_LAG_1,0.02,-0.02270835443037977,,1 vs 0,0.012627990791519442
2,DBLCIX_LAG_1,0.02,-0.021805816455696226,,1 vs 0,0.011995833765850089
2,DBLCIX_LAG_1,0.02,-0.020903278481012682,,1 vs 0,0.011372820094195338
2,DBLCIX_LAG_1,0.02,-0.02000074050632914,,1 vs 0,0.010759307999961908
2,DBLCIX_LAG_1,0.02,-0.019098202531645597,,1 vs 0,0.010155655706556549
2,DBLCIX_LAG_1,0.02,-0.018195664556962053,,1 vs 0,0.009562221437385957
2,DBLCIX_LAG_1,0.02,-0.01729312658227851,,1 vs 0,0.008979363415856895
2,DBLCIX_LAG_1,0.02,-0.01639058860759497,,1 vs 0,0.008407439558485094
2,DBLCIX_LAG_1,0.02,-0.015488050632911424,,1 vs 0,0.007846780928005385
2,DBLCIX_LAG_1,0.02,-0.01458551265822788,,1 vs 0,0.007297671210247388
2,DBLCIX_LAG_1,0.02,-0.01368297468354434,,1 vs 0,0.006760389260056496
2,DBLCIX_LAG_1,0.02,-0.012780436708860796,,1 vs 0,0.0062352139322781885
2,DBLCIX_LAG_1,0.02,-0.011877898734177252,,1 vs 0,0.005722424081757847
2,DBLCIX_LAG_1,0.02,-0.010975360759493707,,1 vs 0,0.005222298563340916
2,DBLCIX_LAG_1,0.02,-0.010072822784810167,,1 vs 0,0.004735116231872824
2,DBLCIX_LAG_1,0.02,-0.009170284810126623,,1 vs 0,0.004261155942199016
2,DBLCIX_LAG_1,0.02,-0.008267746835443079,,1 vs 0,0.0038006965491648587
2,DBLCIX_LAG_1,0.02,-0.007365208860759538,,1 vs 0,0.003354016907615845
2,DBLCIX_LAG_1,0.02,-0.006462670886075994,,1 vs 0,0.002921395872397349
2,DBLCIX_LAG_1,0.02,-0.00556013291139245,,1 vs 0,0.0025031122983548287
2,DBLCIX_LAG_1,0.02,-0.004657594936708906,,1 vs 0,0.002099445040333714
2,DBLCIX_LAG_1,0.02,-0.003755056962025362,,1 vs 0,0.001710672953179379
2,DBLCIX_LAG_1,0.02,-0.0028525189873418177,,1 vs 0,0.0013370748917373235
2,DBLCIX_LAG_1,0.02,-0.0019499810126582806,,1 vs 0,0.0009789297108529216
2,DBLCIX_LAG_1,0.02,-0.0010474430379747365,,1 vs 0,0.0006365162653716172
2,DBLCIX_LAG_1,0.02,-0.00014490506329119246,,1 vs 0,0.0003101134101388403
2,DBLCIX_LAG_1,0.02,0.0007576329113923516,,1 vs 0,0.0
2,DBLCIX_LAG_1,0.02,0.0016601708860758957,,1 vs 0,-0.00029354511019946683
2,DBLCIX_LAG_1,0.02,0.0025627088607594398,,1 vs 0,-0.0005702430656140955
2,DBLCIX_LAG_1,0.02,0.003465246835442984,,1 vs 0,-0.0008298150113985325
2,DBLCIX_LAG_1,0.02,0.004367784810126521,,1 vs 0,-0.0010719820927073062
2,DBLCIX_LAG_1,0.02,0.005270322784810065,,1 vs 0,-0.0012964654546950144
2,DBLCIX_LAG_1,0.02,0.006172860759493609,,1 vs 0,-0.0015029862425161994
2,DBLCIX_LAG_1,0.02,0.007075398734177153,,1 vs 0,-0.0016912656013254729
2,DBLCIX_LAG_1,0.02,0.007977936708860697,,1 vs 0,-0.001861024676277384
2,DBLCIX_LAG_1,0.02,0.008880474683544241,,1 vs 0,-0.00201198461252651
2,DBLCIX_LAG_1,0.02,0.009783012658227785,,1 vs 0,-0.002143866555227421
2,DBLCIX_LAG_1,0.02,0.010685550632911323,,1 vs 0,-0.0022564413512709686
2,DBLCIX_LAG_1,0.02,0.011588088607594867,,1 vs 0,-0.0023499448322094954
2,DBLCIX_LAG_1,0.02,0.01249062658227841,,1 vs 0,-0.0024248667099289606
2,DBLCIX_LAG_1,0.02,0.013393164556961955,,1 vs 0,-0.0024816992667993504
2,DBLCIX_LAG_1,0.02,0.014295702531645499,,1 vs 0,-0.0025209347851905886
2,DBLCIX_LAG_1,0.02,0.015198240506329043,,1 vs 0,-0.002543065547472634
2,DBLCIX_LAG_1,0.02,0.016100778481012587,,1 vs 0,-0.002548583836015486
2,DBLCIX_LAG_1,0.02,0.017003316455696124,,1 vs 0,-0.0025379819331890346
2,DBLCIX_LAG_1,0.02,0.017905854430379668,,1 vs 0,-0.0025117521213632588
2,DBLCIX_LAG_1,0.02,0.018808392405063212,,1 vs 0,-0.002470386682908103
2,DBLCIX_LAG_1,0.02,0.019710930379746756,,1 vs 0,-0.002414377900193526
2,DBLCIX_LAG_1,0.02,0.0206134683544303,,1 vs 0,-0.0023442180555895004
2,DBLCIX_LAG_1,0.02,0.021516006329113845,,1 vs 0,-0.0022603994314659287
2,DBLCIX_LAG_1,0.02,0.02241854430379739,,1 vs 0,-0.0021634143101928044
2,DBLCIX_LAG_1,0.02,0.023321082278480926,,1 vs 0,-0.002053754974140065
2,DBLCIX_LAG_1,0.02,0.02422362025316447,,1 vs 0,-0.0019319137056776625
2,DBLCIX_LAG_1,0.02,0.025126158227848014,,1 vs 0,-0.0017983827871755481
2,DBLCIX_LAG_1,0.02,0.026028696202531565,,1 vs 0,-0.0016536545010036804
2,DBLCIX_LAG_1,0.02,0.026931234177215102,,1 vs 0,-0.0014982211295320041
2,DBLCIX_LAG_1,0.02,0.02783377215189864,,1 vs 0,-0.0013325749551304916
2,DBLCIX_LAG_1,0.02,0.02873631012658219,,1 vs 0,-0.0011572082601690736
2,DBLCIX_LAG_1,0.02,0.029638848101265727,,1 vs 0,-0.0009726133270176879
2,DBLCIX_LAG_1,0.02,0.03054138607594928,,1 vs 0,-0.0007792824380463276
2,DBLCIX_LAG_1,0.02,0.031443924050632815,,1 vs 0,-0.0005777078756249165
2,DBLCIX_LAG_1,0.02,0.032346462025316366,,1 vs 0,-0.00036838192212342025
2,DBLCIX_LAG_1,0.02,0.0332489999999999,,1 vs 0,-0.00015179685991179026
2,IBOXIG_LAG_1,0.02,-0.010364,,1 vs 0,0.08540514675362407
2,IBOXIG_LAG_1,0.02,-0.010109348101265823,,1 vs 0,0.08344451076918824
2,IBOXIG_LAG_1,0.02,-0.009854696202531646,,1 vs 0,0.08148005241682033
2,IBOXIG_LAG_1,0.02,-0.009600044303797468,,1 vs 0,0.07951175162747388
2,IBOXIG_LAG_1,0.02,-0.009345392405063291,,1 vs 0,0.07753961980168604
2,IBOXIG_LAG_1,0.02,-0.009090740506329114,,1 vs 0,0.07556368121426191
2,IBOXIG_LAG_1,0.02,-0.008836088607594937,,1 vs 0,0.07358396017857835
2,IBOXIG_LAG_1,0.02,-0.00858143670886076,,1 vs 0,0.07160048100801215
2,IBOXIG_LAG_1,0.02,-0.008326784810126584,,1 vs 0,0.06961326801594014
2,IBOXIG_LAG_1,0.02,-0.008072132911392405,,1 vs 0,0.0676223455157391
2,IBOXIG_LAG_1,0.02,-0.00781748101265823,,1 vs 0,0.06562773782078592
2,IBOXIG_LAG_1,0.02,-0.0075628291139240526,,1 vs 0,0.06362946924445734
2,IBOXIG_LAG_1,0.02,-0.007308177215189875,,1 vs 0,0.061627564100130226
2,IBOXIG_LAG_1,0.02,-0.007053525316455698,,1 vs 0,0.05962204670118136
2,IBOXIG_LAG_1,0.02,-0.006798873417721521,,1 vs 0,0.057612941360987574
2,IBOXIG_LAG_1,0.02,-0.006544221518987344,,1 vs 0,0.055600272392925726
2,IBOXIG_LAG_1,0.02,-0.006289569620253167,,1 vs 0,0.05358406411037254
2,IBOXIG_LAG_1,0.02,-0.006034917721518989,,1 vs 0,0.05156434082670491
2,IBOXIG_LAG_1,0.02,-0.005780265822784812,,1 vs 0,0.04954112685529963
2,IBOXIG_LAG_1,0.02,-0.005525613924050635,,1 vs 0,0.047514446509533514
2,IBOXIG_LAG_1,0.02,-0.005270962025316458,,1 vs 0,0.04548432410278338
2,IBOXIG_LAG_1,0.02,-0.0050163101265822815,,1 vs 0,0.043450783948426046
2,IBOXIG_LAG_1,0.02,-0.004761658227848104,,1 vs 0,0.041413850359838314
2,IBOXIG_LAG_1,0.02,-0.004507006329113927,,1 vs 0,0.03937354765039702
2,IBOXIG_LAG_1,0.02,-0.00425235443037975,,1 vs 0,0.037329900133478956
2,IBOXIG_LAG_1,0.02,-0.003997702531645573,,1 vs 0,0.03528293212246099
2,IBOXIG_LAG_1,0.02,-0.0037430506329113955,,1 vs 0,0.03323266793071986
2,IBOXIG_LAG_1,0.02,-0.0034883987341772183,,1 vs 0,0.031179131871632453
2,IBOXIG_LAG_1,0.02,-0.003233746835443042,,1 vs 0,0.029122348258575563
2,IBOXIG_LAG_1,0.02,-0.002979094936708865,,1 vs 0,0.027062341404925985
2,IBOXIG_LAG_1,0.02,-0.0027244430379746876,,1 vs 0,0.02499913562406056
2,IBOXIG_LAG_1,0.02,-0.0024697911392405104,,1 vs 0,0.022932755229356103
2,IBOXIG_LAG_1,0.02,-0.0022151392405063332,,1 vs 0,0.020863224534189415
2,IBOXIG_LAG_1,0.02,-0.001960487341772156,,1 vs 0,0.01879056785193732
2,IBOXIG_LAG_1,0.02,-0.0017058354430379789,,1 vs 0,0.016714809495976632
2,IBOXIG_LAG_1,0.02,-0.0014511835443038017,,1 vs 0,0.014635973779684189
2,IBOXIG_LAG_1,0.02,-0.0011965316455696245,,1 vs 0,0.012554085016436789
2,IBOXIG_LAG_1,0.02,-0.0009418797468354473,,1 vs 0,0.010469167519611244
2,IBOXIG_LAG_1,0.02,-0.0006872278481012701,,1 vs 0,0.008381245602584353
2,IBOXIG_LAG_1,0.02,-0.0004325759493670929,,1 vs 0,0.006290343578732968
2,IBOXIG_LAG_1,0.02,-0.0001779240506329157,,1 vs 0,0.00419648576143393
2,IBOXIG_LAG_1,0.02,7.672784810125975e-05,,1 vs 0,0.0020996964640639937
2,IBOXIG_LAG_1,0.02,0.00033137974683543694,,1 vs 0,0.0
2,IBOXIG_LAG_1,0.02,0.0005860316455696141,,1 vs 0,-0.002102579317381212
2,IBOXIG_LAG_1,0.02,0.0008406835443037913,,1 vs 0,-0.0042080171747028855
2,IBOXIG_LAG_1,0.02,0.0010953354430379685,,1 vs 0,-0.006316289258588154
2,IBOXIG_LAG_1,0.02,0.0013499873417721457,,1 vs 0,-0.008427364087405992
2,IBOXIG_LAG_1,0.02,0.001604639240506323,,1 vs 0,-0.010541179163579537
2,IBOXIG_LAG_1,0.02,0.0018592911392405,,1 vs 0,-0.012657663602731475
2,IBOXIG_LAG_1,0.02,0.0021139430379746773,,1 vs 0,-0.014776746520345233
2,IBOXIG_LAG_1,0.02,0.0023685949367088545,,1 vs 0,-0.016898357031904163
2,IBOXIG_LAG_1,0.02,0.0026232468354430317,,1 vs 0,-0.019022424252891842
2,IBOXIG_LAG_1,0.02,0.002877898734177209,,1 vs 0,-0.021148877298791627
2,IBOXIG_LAG_1,0.02,0.003132550632911386,,1 vs 0,-0.02327764528508701
2,IBOXIG_LAG_1,0.02,0.0033872025316455633,,1 vs 0,-0.025408657327261427
2,IBOXIG_LAG_1,0.02,0.0036418544303797405,,1 vs 0,-0.027541842540798347
2,IBOXIG_LAG_1,0.02,0.003896506329113916,,1 vs 0,-0.02967713004118118
2,IBOXIG_LAG_1,0.02,0.004151158227848093,,1 vs 0,-0.03181444894389342
2,IBOXIG_LAG_1,0.02,0.00440581012658227,,1 vs 0,-0.03395372836441847
2,IBOXIG_LAG_1,0.02,0.0046604620253164475,,1 vs 0,-0.03609489741823976
2,IBOXIG_LAG_1,0.02,0.004915113924050625,,1 vs 0,-0.0382378852208408
2,IBOXIG_LAG_1,0.02,0.005169765822784802,,1 vs 0,-0.04038262088770507
2,IBOXIG_LAG_1,0.02,0.005424417721518979,,1 vs 0,-0.04252903353431588
2,IBOXIG_LAG_1,0.02,0.005679069620253158,,1 vs 0,-0.0446770522761568
2,IBOXIG_LAG_1,0.02,0.0059337215189873335,,1 vs 0,-0.04682660622871131
2,IBOXIG_LAG_1,0.02,0.006188373417721509,,1 vs 0,-0.048977624507462666
2,IBOXIG_LAG_1,0.02,0.006443025316455688,,1 vs 0,-0.05113003622789454
2,IBOXIG_LAG_1,0.02,0.006697677215189863,,1 vs 0,-0.0532837705054902
2,IBOXIG_LAG_1,0.02,0.006952329113924042,,1 vs 0,-0.05543875645573322
2,IBOXIG_LAG_1,0.02,0.007206981012658218,,1 vs 0,-0.05759492319410696
2,IBOXIG_LAG_1,0.02,0.007461632911392397,,1 vs 0,-0.05975219983609496
2,IBOXIG_LAG_1,0.02,0.007716284810126572,,1 vs 0,-0.06191051549718059
2,IBOXIG_LAG_1,0.02,0.007970936708860751,,1 vs 0,-0.0640697992928473
2,IBOXIG_LAG_1,0.02,0.008225588607594926,,1 vs 0,-0.06622998033857862
2,IBOXIG_LAG_1,0.02,0.008480240506329105,,1 vs 0,-0.06839098774985793
2,IBOXIG_LAG_1,0.02,0.00873489240506328,,1 vs 0,-0.07055275064216869
2,IBOXIG_LAG_1,0.02,0.00898954430379746,,1 vs 0,-0.07271519813099435
2,IBOXIG_LAG_1,0.02,0.009244196202531635,,1 vs 0,-0.07487825933181831
2,IBOXIG_LAG_1,0.02,0.009498848101265814,,1 vs 0,-0.0770418633601241
2,IBOXIG_LAG_1,0.02,0.00975349999999999,,1 vs 0,-0.07920593933139515
2,JPEICORE_LAG_1,0.02,-0.015485,,1 vs 0,0.05042616806270396
2,JPEICORE_LAG_1,0.02,-0.015129715189873418,,1 vs 0,0.04932679401788666
2,JPEICORE_LAG_1,0.02,-0.014774430379746836,,1 vs 0,0.04822623101216186
2,JPEICORE_LAG_1,0.02,-0.014419145569620253,,1 vs 0,0.0471244947421647
2,JPEICORE_LAG_1,0.02,-0.014063860759493672,,1 vs 0,0.04602160090453031
2,JPEICORE_LAG_1,0.02,-0.013708575949367089,,1 vs 0,0.04491756519589379
2,JPEICORE_LAG_1,0.02,-0.013353291139240508,,1 vs 0,0.043812403312890325
2,JPEICORE_LAG_1,0.02,-0.012998006329113925,,1 vs 0,0.04270613095215498
2,JPEICORE_LAG_1,0.02,-0.012642721518987342,,1 vs 0,0.04159876381032296
2,JPEICORE_LAG_1,0.02,-0.01228743670886076,,1 vs 0,0.04049031758402933
2,JPEICORE_LAG_1,0.02,-0.01193215189873418,,1 vs 0,0.039380807969909254
2,JPEICORE_LAG_1,0.02,-0.011576867088607596,,1 vs 0,0.03827025066459784
2,JPEICORE_LAG_1,0.02,-0.011221582278481013,,1 vs 0,0.03715866136473025
2,JPEICORE_LAG_1,0.02,-0.010866297468354432,,1 vs 0,0.03604605576694159
2,JPEICORE_LAG_1,0.02,-0.010511012658227849,,1 vs 0,0.03493244956786698
2,JPEICORE_LAG_1,0.02,-0.010155727848101266,,1 vs 0,0.03381785846414158
2,JPEICORE_LAG_1,0.02,-0.009800443037974685,,1 vs 0,0.0327022981524005
2,JPEICORE_LAG_1,0.02,-0.009445158227848104,,1 vs 0,0.03158578432927889
2,JPEICORE_LAG_1,0.02,-0.00908987341772152,,1 vs 0,0.030468332691411845
2,JPEICORE_LAG_1,0.02,-0.008734588607594938,,1 vs 0,0.029349958935434517
2,JPEICORE_LAG_1,0.02,-0.008379303797468356,,1 vs 0,0.028230678757982033
2,JPEICORE_LAG_1,0.02,-0.008024018987341773,,1 vs 0,0.02711050785568954
2,JPEICORE_LAG_1,0.02,-0.007668734177215192,,1 vs 0,0.025989461925192123
2,JPEICORE_LAG_1,0.02,-0.007313449367088609,,1 vs 0,0.02486755666312497
2,JPEICORE_LAG_1,0.02,-0.006958164556962026,,1 vs 0,0.023744807766123165
2,JPEICORE_LAG_1,0.02,-0.006602879746835445,,1 vs 0,0.022621230930821877
2,JPEICORE_LAG_1,0.02,-0.006247594936708862,,1 vs 0,0.021496841853856183
2,JPEICORE_LAG_1,0.02,-0.005892310126582281,,1 vs 0,0.02037165623186126
2,JPEICORE_LAG_1,0.02,-0.005537025316455698,,1 vs 0,0.019245689761472215
2,JPEICORE_LAG_1,0.02,-0.0051817405063291164,,1 vs 0,0.01811895813932421
2,JPEICORE_LAG_1,0.02,-0.0048264556962025335,,1 vs 0,0.016991477062052326
2,JPEICORE_LAG_1,0.02,-0.004471170886075952,,1 vs 0,0.015863262226291724
2,JPEICORE_LAG_1,0.02,-0.004115886075949369,,1 vs 0,0.01473432932867752
2,JPEICORE_LAG_1,0.02,-0.0037606012658227862,,1 vs 0,0.013604694065844865
2,JPEICORE_LAG_1,0.02,-0.003405316455696205,,1 vs 0,0.012474372134428868
2,JPEICORE_LAG_1,0.02,-0.003050031645569622,,1 vs 0,0.011343379231064654
2,JPEICORE_LAG_1,0.02,-0.0026947468354430407,,1 vs 0,0.010211731052387367
2,JPEICORE_LAG_1,0.02,-0.0023394620253164577,,1 vs 0,0.009079443295032165
2,JPEICORE_LAG_1,0.02,-0.0019841772151898765,,1 vs 0,0.007946531655634137
2,JPEICORE_LAG_1,0.02,-0.0016288924050632935,,1 vs 0,0.006813011830828428
2,JPEICORE_LAG_1,0.02,-0.0012736075949367123,,1 vs 0,0.005678899517250174
2,JPEICORE_LAG_1,0.02,-0.0009183227848101293,,1 vs 0,0.004544210411534438
2,JPEICORE_LAG_1,0.02,-0.0005630379746835463,,1 vs 0,0.0034089602103164474
2,JPEICORE_LAG_1,0.02,-0.00020775316455696503,,1 vs 0,0.0022731646102312902
2,JPEICORE_LAG_1,0.02,0.00014753164556961622,,1 vs 0,0.0011368393079141115
2,JPEICORE_LAG_1,0.02,0.0005028164556962009,,1 vs 0,0.0
2,JPEICORE_LAG_1,0.02,0.0008581012658227822,,1 vs 0,-0.0011373376168758442
2,JPEICORE_LAG_1,0.02,0.0012133860759493634,,1 vs 0,-0.002275157846078346
2,JPEICORE_LAG_1,0.02,0.0015686708860759482,,1 vs 0,-0.0034134449909724307
2,JPEICORE_LAG_1,0.02,0.0019239556962025294,,1 vs 0,-0.004552183354922815
2,JPEICORE_LAG_1,0.02,0.0022792405063291107,,1 vs 0,-0.005691357241294492
2,JPEICORE_LAG_1,0.02,0.002634525316455692,,1 vs 0,-0.006830950953452264
2,JPEICORE_LAG_1,0.02,0.0029898101265822766,,1 vs 0,-0.007970948794761054
2,JPEICORE_LAG_1,0.02,0.003345094936708858,,1 vs 0,-0.009111335068585663
2,JPEICORE_LAG_1,0.02,0.003700379746835439,,1 vs 0,-0.010252094078291057
2,JPEICORE_LAG_1,0.02,0.00405566455696202,,1 vs 0,-0.011393210127408543
2,JPEICORE_LAG_1,0.02,0.004410949367088605,,1 vs 0,-0.012534668672895488
2,JPEICORE_LAG_1,0.02,0.004766234177215186,,1 vs 0,-0.013676459081627484
2,JPEICORE_LAG_1,0.02,0.005121518987341768,,1 vs 0,-0.014818571548168721
2,JPEICORE_LAG_1,0.02,0.005476803797468352,,1 vs 0,-0.015960996267083444
2,JPEICORE_LAG_1,0.02,0.005832088607594934,,1 vs 0,-0.01710372343293591
2,JPEICORE_LAG_1,0.02,0.006187373417721515,,1 vs 0,-0.018246743240290325
2,JPEICORE_LAG_1,0.02,0.006542658227848096,,1 vs 0,-0.01939004588371096
2,JPEICORE_LAG_1,0.02,0.006897943037974681,,1 vs 0,-0.02053362155776209
2,JPEICORE_LAG_1,0.02,0.007253227848101262,,1 vs 0,-0.0216774604570079
2,JPEICORE_LAG_1,0.02,0.007608512658227843,,1 vs 0,-0.02282155277601261
2,JPEICORE_LAG_1,0.02,0.007963797468354428,,1 vs 0,-0.02396588870934055
2,JPEICORE_LAG_1,0.02,0.00831908227848101,,1 vs 0,-0.02511045845155585
2,JPEICORE_LAG_1,0.02,0.00867436708860759,,1 vs 0,-0.026255252197222828
2,JPEICORE_LAG_1,0.02,0.009029651898734172,,1 vs 0,-0.027400260140905686
2,JPEICORE_LAG_1,0.02,0.009384936708860757,,1 vs 0,-0.028545472477168682
2,JPEICORE_LAG_1,0.02,0.009740221518987338,,1 vs 0,-0.029690879400576062
2,JPEICORE_LAG_1,0.02,0.010095506329113919,,1 vs 0,-0.030836471105692057
2,JPEICORE_LAG_1,0.02,0.010450791139240504,,1 vs 0,-0.03198223778708088
2,JPEICORE_LAG_1,0.02,0.010806075949367085,,1 vs 0,-0.033128169639306815
2,JPEICORE_LAG_1,0.02,0.011161360759493666,,1 vs 0,-0.034274256856934054
2,JPEICORE_LAG_1,0.02,0.011516645569620248,,1 vs 0,-0.03542048963452686
2,JPEICORE_LAG_1,0.02,0.011871930379746832,,1 vs 0,-0.03656685816664948
2,JPEICORE_LAG_1,0.02,0.012227215189873413,,1 vs 0,-0.03771335264786617
2,JPEICORE_LAG_1,0.02,0.012582499999999996,,1 vs 0,-0.03885996327274116
2,LT11TRUU_LAG_1,0.02,-0.020507499999999998,,1 vs 0,0.008203378252588725
2,LT11TRUU_LAG_1,0.02,-0.02000107594936709,,1 vs 0,0.007852846871910714
2,LT11TRUU_LAG_1,0.02,-0.019494651898734176,,1 vs 0,0.00750777380902368
2,LT11TRUU_LAG_1,0.02,-0.018988227848101266,,1 vs 0,0.007168337875381028
2,LT11TRUU_LAG_1,0.02,-0.018481803797468353,,1 vs 0,0.006834717882436114
2,LT11TRUU_LAG_1,0.02,-0.017975379746835444,,1 vs 0,0.006507092641642353
2,LT11TRUU_LAG_1,0.02,-0.017468955696202534,,1 vs 0,0.006185640964453117
2,LT11TRUU_LAG_1,0.02,-0.01696253164556962,,1 vs 0,0.005870541662321788
2,LT11TRUU_LAG_1,0.02,-0.016456107594936712,,1 vs 0,0.005561973546701755
2,LT11TRUU_LAG_1,0.02,-0.015949683544303803,,1 vs 0,0.005260115429046412
2,LT11TRUU_LAG_1,0.02,-0.01544325949367089,,1 vs 0,0.00496514612080913
2,LT11TRUU_LAG_1,0.02,-0.01493683544303798,,1 vs 0,0.004677244433443313
2,LT11TRUU_LAG_1,0.02,-0.01443041139240507,,1 vs 0,0.004396589178402341
2,LT11TRUU_LAG_1,0.02,-0.013923987341772158,,1 vs 0,0.004123359167139587
2,LT11TRUU_LAG_1,0.02,-0.013417563291139249,,1 vs 0,0.0038577332111084627
2,LT11TRUU_LAG_1,0.02,-0.012911139240506337,,1 vs 0,0.003599890121762331
2,LT11TRUU_LAG_1,0.02,-0.012404715189873426,,1 vs 0,0.003350008710554589
2,LT11TRUU_LAG_1,0.02,-0.011898291139240515,,1 vs 0,0.0031082677889386207
2,LT11TRUU_LAG_1,0.02,-0.011391867088607604,,1 vs 0,0.002874846168367813
2,LT11TRUU_LAG_1,0.02,-0.010885443037974694,,1 vs 0,0.0026499226602955464
2,LT11TRUU_LAG_1,0.02,-0.010379018987341783,,1 vs 0,0.0024336760761752077
2,LT11TRUU_LAG_1,0.02,-0.009872594936708872,,1 vs 0,0.002226285227460191
2,LT11TRUU_LAG_1,0.02,-0.009366170886075963,,1 vs 0,0.0020279289256038835
2,LT11TRUU_LAG_1,0.02,-0.008859746835443051,,1 vs 0,0.0018387859820596653
2,LT11TRUU_LAG_1,0.02,-0.00835332278481014,,1 vs 0,0.0016590352082809165
2,LT11TRUU_LAG_1,0.02,-0.00784689873417723,,1 vs 0,0.0014888554157210278
2,LT11TRUU_LAG_1,0.02,-0.007340474683544318,,1 vs 0,0.0013284254158333932
2,LT11TRUU_LAG_1,0.02,-0.0068340506329114085,,1 vs 0,0.0011779240200713997
2,LT11TRUU_LAG_1,0.02,-0.006327626582278497,,1 vs 0,0.0010375294416082072
2,LT11TRUU_LAG_1,0.02,-0.005821202531645586,,1 vs 0,0.0009072832590666727
2,LT11TRUU_LAG_1,0.02,-0.005314778481012677,,1 vs 0,0.0007869172424938946
2,LT11TRUU_LAG_1,0.02,-0.004808354430379764,,1 vs 0,0.000676120463348133
2,LT11TRUU_LAG_1,0.02,-0.0043019303797468544,,1 vs 0,0.0005745819930877173
2,LT11TRUU_LAG_1,0.02,-0.003795506329113945,,1 vs 0,0.0004819909031709077
2,LT11TRUU_LAG_1,0.02,-0.003289082278481032,,1 vs 0,0.00039803626505600584
2,LT11TRUU_LAG_1,0.02,-0.0027826582278481227,,1 vs 0,0.0003224071502012857
2,LT11TRUU_LAG_1,0.02,-0.0022762341772152098,,1 vs 0,0.00025479263006505243
2,LT11TRUU_LAG_1,0.02,-0.0017698101265823003,,1 vs 0,0.00019488177610559737
2,LT11TRUU_LAG_1,0.02,-0.001263386075949391,,1 vs 0,0.0001423636597812014
2,LT11TRUU_LAG_1,0.02,-0.000756962025316478,,1 vs 0,9.692735255015239e-05
2,LT11TRUU_LAG_1,0.02,-0.00025053797468356856,,1 vs 0,5.826192587075202e-05
2,LT11TRUU_LAG_1,0.02,0.0002558860759493409,,1 vs 0,2.6056451201267317e-05
2,LT11TRUU_LAG_1,0.02,0.0007623101265822538,,1 vs 0,0.0
2,LT11TRUU_LAG_1,0.02,0.0012687341772151632,,1 vs 0,-2.0218356274755156e-05
2,LT11TRUU_LAG_1,0.02,0.0017751582278480726,,1 vs 0,-3.4909546164703376e-05
2,LT11TRUU_LAG_1,0.02,0.0022815822784809855,,1 vs 0,-4.438449821157764e-05
2,LT11TRUU_LAG_1,0.02,0.002788006329113895,,1 vs 0,-4.895414095706929e-05
2,LT11TRUU_LAG_1,0.02,0.003294430379746808,,1 vs 0,-4.8929402942904376e-05
2,LT11TRUU_LAG_1,0.02,0.0038008544303797173,,1 vs 0,-4.462121271077424e-05
2,LT11TRUU_LAG_1,0.02,0.004307278481012627,,1 vs 0,-3.634049880241186e-05
2,LT11TRUU_LAG_1,0.02,0.00481370253164554,,1 vs 0,-2.4398189759501643e-05
2,LT11TRUU_LAG_1,0.02,0.005320126582278449,,1 vs 0,-9.105214123783512e-06
2,LT11TRUU_LAG_1,0.02,0.005826550632911362,,1 vs 0,9.227499563051189e-06
2,LT11TRUU_LAG_1,0.02,0.006332974683544271,,1 vs 0,3.0289022759290296e-05
2,LT11TRUU_LAG_1,0.02,0.006839398734177181,,1 vs 0,5.376842692320777e-05
2,LT11TRUU_LAG_1,0.02,0.007345822784810094,,1 vs 0,7.935478351310879e-05
2,LT11TRUU_LAG_1,0.02,0.007852246835443003,,1 vs 0,0.00010673716398728814
2,LT11TRUU_LAG_1,0.02,0.008358670886075913,,1 vs 0,0.0001356046398040163
2,LT11TRUU_LAG_1,0.02,0.008865094936708826,,1 vs 0,0.00016564628242159846
2,LT11TRUU_LAG_1,0.02,0.009371518987341735,,1 vs 0,0.0001965511632983155
2,LT11TRUU_LAG_1,0.02,0.009877943037974644,,1 vs 0,0.00022800835389245183
2,LT11TRUU_LAG_1,0.02,0.010384367088607557,,1 vs 0,0.0002597400147344997
2,LT11TRUU_LAG_1,0.02,0.01089079113924047,,1 vs 0,0.00029163425483577643
2,LT11TRUU_LAG_1,0.02,0.011397215189873376,,1 vs 0,0.0003236310966820005
2,LT11TRUU_LAG_1,0.02,0.011903639240506289,,1 vs 0,0.00035567058051005906
2,LT11TRUU_LAG_1,0.02,0.012410063291139202,,1 vs 0,0.0003876927465568773
2,LT11TRUU_LAG_1,0.02,0.012916487341772108,,1 vs 0,0.00041963763505933893
2,LT11TRUU_LAG_1,0.02,0.01342291139240502,,1 vs 0,0.0004514452862543726
2,LT11TRUU_LAG_1,0.02,0.013929335443037934,,1 vs 0,0.00048305574037887933
2,LT11TRUU_LAG_1,0.02,0.01443575949367084,,1 vs 0,0.0005144090376697635
2,LT11TRUU_LAG_1,0.02,0.014942183544303753,,1 vs 0,0.0005454452183639227
2,LT11TRUU_LAG_1,0.02,0.015448607594936666,,1 vs 0,0.0005761043226982857
2,LT11TRUU_LAG_1,0.02,0.01595503164556958,,1 vs 0,0.0006063263909097324
2,LT11TRUU_LAG_1,0.02,0.016461455696202484,,1 vs 0,0.0006360514632351953
2,LT11TRUU_LAG_1,0.02,0.016967879746835397,,1 vs 0,0.0006652195799115579
2,LT11TRUU_LAG_1,0.02,0.01747430379746831,,1 vs 0,0.0006937707811757385
2,LT11TRUU_LAG_1,0.02,0.017980727848101216,,1 vs 0,0.0007216451072646485
2,LT11TRUU_LAG_1,0.02,0.01848715189873413,,1 vs 0,0.0007487825984151854
2,LT11TRUU_LAG_1,0.02,0.018993575949367042,,1 vs 0,0.0007751232948642467
2,LT11TRUU_LAG_1,0.02,0.019499999999999944,,1 vs 0,0.0008006072368487681
2,LBUTTRUU_LAG_1,0.02,-0.0098085,,1 vs 0,0.016185962438066744
2,LBUTTRUU_LAG_1,0.02,-0.009550544303797467,,1 vs 0,0.015770564052926504
2,LBUTTRUU_LAG_1,0.02,-0.009292588607594937,,1 vs 0,0.015355126852562025
2,LBUTTRUU_LAG_1,0.02,-0.009034632911392405,,1 vs 0,0.014939660547011804
2,LBUTTRUU_LAG_1,0.02,-0.008776677215189873,,1 vs 0,0.014524174846314342
2,LBUTTRUU_LAG_1,0.02,-0.008518721518987341,,1 vs 0,0.014108679460508153
2,LBUTTRUU_LAG_1,0.02,-0.008260765822784809,,1 vs 0,0.01369318409963173
2,LBUTTRUU_LAG_1,0.02,-0.008002810126582278,,1 vs 0,0.013277698473723577
2,LBUTTRUU_LAG_1,0.02,-0.007744854430379746,,1 vs 0,0.012862232292822202
2,LBUTTRUU_LAG_1,0.02,-0.007486898734177214,,1 vs 0,0.012446795266966099
2,LBUTTRUU_LAG_1,0.02,-0.007228943037974683,,1 vs 0,0.012031397106193775
2,LBUTTRUU_LAG_1,0.02,-0.006970987341772152,,1 vs 0,0.011616047520543732
2,LBUTTRUU_LAG_1,0.02,-0.00671303164556962,,1 vs 0,0.01120075622005447
2,LBUTTRUU_LAG_1,0.02,-0.006455075949367088,,1 vs 0,0.010785532914764497
2,LBUTTRUU_LAG_1,0.02,-0.0061971202531645566,,1 vs 0,0.010370387314712305
2,LBUTTRUU_LAG_1,0.02,-0.005939164556962025,,1 vs 0,0.009955329129936411
2,LBUTTRUU_LAG_1,0.02,-0.005681208860759493,,1 vs 0,0.00954036807047531
2,LBUTTRUU_LAG_1,0.02,-0.005423253164556961,,1 vs 0,0.0091255138463675
2,LBUTTRUU_LAG_1,0.02,-0.00516529746835443,,1 vs 0,0.008710776167651486
2,LBUTTRUU_LAG_1,0.02,-0.004907341772151899,,1 vs 0,0.008296164744365777
2,LBUTTRUU_LAG_1,0.02,-0.004649386075949367,,1 vs 0,0.007881689286548869
2,LBUTTRUU_LAG_1,0.02,-0.004391430379746835,,1 vs 0,0.007467359504239263
2,LBUTTRUU_LAG_1,0.02,-0.0041334746835443035,,1 vs 0,0.0070531851074754695
2,LBUTTRUU_LAG_1,0.02,-0.0038755189873417722,,1 vs 0,0.006639175780473778
2,LBUTTRUU_LAG_1,0.02,-0.00361756329113924,,1 vs 0,0.006225325558259496
2,LBUTTRUU_LAG_1,0.02,-0.003359607594936708,,1 vs 0,0.005811586311194078
2,LBUTTRUU_LAG_1,0.02,-0.003101651898734177,,1 vs 0,0.005397902879915185
2,LBUTTRUU_LAG_1,0.02,-0.0028436962025316457,,1 vs 0,0.004984220105060493
2,LBUTTRUU_LAG_1,0.02,-0.0025857405063291136,,1 vs 0,0.004570482827267646
2,LBUTTRUU_LAG_1,0.02,-0.0023277848101265815,,1 vs 0,0.004156635887174319
2,LBUTTRUU_LAG_1,0.02,-0.0020698291139240503,,1 vs 0,0.0037426241254181637
2,LBUTTRUU_LAG_1,0.02,-0.0018118734177215191,,1 vs 0,0.0033283923826368488
2,LBUTTRUU_LAG_1,0.02,-0.001553917721518987,,1 vs 0,0.0029138854994680413
2,LBUTTRUU_LAG_1,0.02,-0.001295962025316455,,1 vs 0,0.002499048316549391
2,LBUTTRUU_LAG_1,0.02,-0.001038006329113923,,1 vs 0,0.0020838256745185635
2,LBUTTRUU_LAG_1,0.02,-0.0007800506329113926,,1 vs 0,0.0016681624140132308
2,LBUTTRUU_LAG_1,0.02,-0.0005220949367088605,,1 vs 0,0.0012520033756710462
2,LBUTTRUU_LAG_1,0.02,-0.00026413924050632843,,1 vs 0,0.0008352934001296646
2,LBUTTRUU_LAG_1,0.02,-6.183544303798097e-06,,1 vs 0,0.0004179773280267689
2,LBUTTRUU_LAG_1,0.02,0.000251772151898734,,1 vs 0,0.0
2,LBUTTRUU_LAG_1,0.02,0.000509727848101266,,1 vs 0,-0.00041869374331296796
2,LBUTTRUU_LAG_1,0.02,0.0007676835443037981,,1 vs 0,-0.0008381590612744835
2,LBUTTRUU_LAG_1,0.02,0.0010256392405063302,,1 vs 0,-0.0012584511132468744
2,LBUTTRUU_LAG_1,0.02,0.0012835949367088605,,1 vs 0,-0.0016796250585924752
2,LBUTTRUU_LAG_1,0.02,0.0015415506329113926,,1 vs 0,-0.0021017360566736344
2,LBUTTRUU_LAG_1,0.02,0.0017995063291139247,,1 vs 0,-0.00252483926685269
2,LBUTTRUU_LAG_1,0.02,0.002057462025316455,,1 vs 0,-0.0029489898484919737
2,LBUTTRUU_LAG_1,0.02,0.002315417721518987,,1 vs 0,-0.003374242960953823
2,LBUTTRUU_LAG_1,0.02,0.002573373417721519,,1 vs 0,-0.003800653763600583
2,LBUTTRUU_LAG_1,0.02,0.0028313291139240512,,1 vs 0,-0.004228277415794582
2,LBUTTRUU_LAG_1,0.02,0.0030892848101265833,,1 vs 0,-0.0046571690768981745
2,LBUTTRUU_LAG_1,0.02,0.0033472405063291136,,1 vs 0,-0.005087383906273675
2,LBUTTRUU_LAG_1,0.02,0.0036051962025316457,,1 vs 0,-0.005518977063283435
2,LBUTTRUU_LAG_1,0.02,0.003863151898734178,,1 vs 0,-0.005952003707289804
2,LBUTTRUU_LAG_1,0.02,0.004121107594936708,,1 vs 0,-0.006386518997655091
2,LBUTTRUU_LAG_1,0.02,0.00437906329113924,,1 vs 0,-0.006822578093741663
2,LBUTTRUU_LAG_1,0.02,0.004637018987341772,,1 vs 0,-0.007260236154911847
2,LBUTTRUU_LAG_1,0.02,0.004894974683544304,,1 vs 0,-0.007699548340527964
2,LBUTTRUU_LAG_1,0.02,0.005152930379746836,,1 vs 0,-0.008140569809952376
2,LBUTTRUU_LAG_1,0.02,0.005410886075949367,,1 vs 0,-0.008583355722547419
2,LBUTTRUU_LAG_1,0.02,0.005668841772151899,,1 vs 0,-0.009027961237675412
2,LBUTTRUU_LAG_1,0.02,0.005926797468354431,,1 vs 0,-0.009474441514698707
2,LBUTTRUU_LAG_1,0.02,0.006184753164556961,,1 vs 0,-0.009922851712979647
2,LBUTTRUU_LAG_1,0.02,0.006442708860759495,,1 vs 0,-0.010373246991880556
2,LBUTTRUU_LAG_1,0.02,0.006700664556962025,,1 vs 0,-0.010825682510763785
2,LBUTTRUU_LAG_1,0.02,0.006958620253164556,,1 vs 0,-0.011280213428991666
2,LBUTTRUU_LAG_1,0.02,0.0072165759493670895,,1 vs 0,-0.011736894905926526
2,LBUTTRUU_LAG_1,0.02,0.00747453164556962,,1 vs 0,-0.012195782100930728
2,LBUTTRUU_LAG_1,0.02,0.007732487341772154,,1 vs 0,-0.012656930173366596
2,LBUTTRUU_LAG_1,0.02,0.007990443037974684,,1 vs 0,-0.01312039428259645
2,LBUTTRUU_LAG_1,0.02,0.008248398734177214,,1 vs 0,-0.013586229587982664
2,LBUTTRUU_LAG_1,0.02,0.008506354430379748,,1 vs 0,-0.01405449124585146
2,LBUTTRUU_LAG_1,0.02,0.008764310126582278,,1 vs 0,-0.014525220098356263
2,LBUTTRUU_LAG_1,0.02,0.009022265822784809,,1 vs 0,-0.014998409611316113
2,LBUTTRUU_LAG_1,0.02,0.009280221518987343,,1 vs 0,-0.015474043462263932
2,LBUTTRUU_LAG_1,0.02,0.009538177215189873,,1 vs 0,-0.015952105328732622
2,LBUTTRUU_LAG_1,0.02,0.009796132911392403,,1 vs 0,-0.01643257888825508
2,LBUTTRUU_LAG_1,0.02,0.010054088607594937,,1 vs 0,-0.016915447818364227
2,LBUTTRUU_LAG_1,0.02,0.010312044303797467,,1 vs 0,-0.017400695796592935
2,LBUTTRUU_LAG_1,0.02,0.01057,,1 vs 0,-0.01788830650047413
2,SPXT_LAG_2,0.02,-0.042191,,1 vs 0,0.13430139430250304
2,SPXT_LAG_2,0.02,-0.041157689873417724,,1 vs 0,0.13106297816346418
2,SPXT_LAG_2,0.02,-0.04012437974683544,,1 vs 0,0.12782126598173857
2,SPXT_LAG_2,0.02,-0.03909106962025316,,1 vs 0,0.12457637028957683
2,SPXT_LAG_2,0.02,-0.038057759493670885,,1 vs 0,0.12132840361922982
2,SPXT_LAG_2,0.02,-0.03702444936708861,,1 vs 0,0.11807747850294828
2,SPXT_LAG_2,0.02,-0.03599113924050633,,1 vs 0,0.11482370747298297
2,SPXT_LAG_2,0.02,-0.03495782911392405,,1 vs 0,0.11156720306158469
2,SPXT_LAG_2,0.02,-0.03392451898734177,,1 vs 0,0.10830807780100421
2,SPXT_LAG_2,0.02,-0.0328912088607595,,1 vs 0,0.1050464442234923
2,SPXT_LAG_2,0.02,-0.031857898734177215,,1 vs 0,0.10178241486129973
2,SPXT_LAG_2,0.02,-0.030824588607594936,,1 vs 0,0.09851610224667726
2,SPXT_LAG_2,0.02,-0.029791278481012658,,1 vs 0,0.0952476189118757
2,SPXT_LAG_2,0.02,-0.02875796835443038,,1 vs 0,0.09197707738914579
2,SPXT_LAG_2,0.02,-0.0277246582278481,,1 vs 0,0.08870459021073829
2,SPXT_LAG_2,0.02,-0.026691348101265822,,1 vs 0,0.08543026990890404
2,SPXT_LAG_2,0.02,-0.025658037974683544,,1 vs 0,0.08215422901589374
2,SPXT_LAG_2,0.02,-0.024624727848101265,,1 vs 0,0.07887658006395817
2,SPXT_LAG_2,0.02,-0.023591417721518987,,1 vs 0,0.07559743558534812
2,SPXT_LAG_2,0.02,-0.02255810759493671,,1 vs 0,0.07231690811231441
2,SPXT_LAG_2,0.02,-0.02152479746835443,,1 vs 0,0.06903511017710773
2,SPXT_LAG_2,0.02,-0.02049148734177215,,1 vs 0,0.06575215431197892
2,SPXT_LAG_2,0.02,-0.019458177215189873,,1 vs 0,0.06246815304917869
2,SPXT_LAG_2,0.02,-0.018424867088607595,,1 vs 0,0.05918321892095784
2,SPXT_LAG_2,0.02,-0.017391556962025316,,1 vs 0,0.05589746445956717
2,SPXT_LAG_2,0.02,-0.016358246835443038,,1 vs 0,0.05261100219725745
2,SPXT_LAG_2,0.02,-0.015324936708860759,,1 vs 0,0.04932394466627939
2,SPXT_LAG_2,0.02,-0.01429162658227848,,1 vs 0,0.04603640142608106
2,SPXT_LAG_2,0.02,-0.013258316455696202,,1 vs 0,0.04274845560210296
2,SPXT_LAG_2,0.02,-0.012225006329113924,,1 vs 0,0.039460176468173874
2,SPXT_LAG_2,0.02,-0.011191696202531645,,1 vs 0,0.036171633176258496
2,SPXT_LAG_2,0.02,-0.01015838607594937,,1 vs 0,0.032882894878321516
2,SPXT_LAG_2,0.02,-0.009125075949367088,,1 vs 0,0.02959403072632765
2,SPXT_LAG_2,0.02,-0.008091765822784806,,1 vs 0,0.026305109872241578
2,SPXT_LAG_2,0.02,-0.007058455696202531,,1 vs 0,0.02301620146802808
2,SPXT_LAG_2,0.02,-0.006025145569620256,,1 vs 0,0.019727374665651838
2,SPXT_LAG_2,0.02,-0.004991835443037974,,1 vs 0,0.016438698617077543
2,SPXT_LAG_2,0.02,-0.0039585253164556924,,1 vs 0,0.013150242474269887
2,SPXT_LAG_2,0.02,-0.0029252151898734174,,1 vs 0,0.009862075389193585
2,SPXT_LAG_2,0.02,-0.0018919050632911424,,1 vs 0,0.00657426651381339
2,SPXT_LAG_2,0.02,-0.0008585949367088605,,1 vs 0,0.003286885000093949
2,SPXT_LAG_2,0.02,0.00017471518987342144,,1 vs 0,0.0
2,SPXT_LAG_2,0.02,0.0012080253164556964,,1 vs 0,-0.0032863193345037123
2,SPXT_LAG_2,0.02,0.0022413354430379714,,1 vs 0,-0.006572003851452554
2,SPXT_LAG_2,0.02,0.0032746455696202534,,1 vs 0,-0.009856984398881732
2,SPXT_LAG_2,0.02,0.004307955696202535,,1 vs 0,-0.013141191824826648
2,SPXT_LAG_2,0.02,0.00534126582278481,,1 vs 0,-0.016424556977322494
2,SPXT_LAG_2,0.02,0.006374575949367085,,1 vs 0,-0.0197070107044046
2,SPXT_LAG_2,0.02,0.007407886075949367,,1 vs 0,-0.022988483854108274
2,SPXT_LAG_2,0.02,0.00844119620253165,,1 vs 0,-0.026268907274468817
2,SPXT_LAG_2,0.02,0.009474506329113924,,1 vs 0,-0.02954821181352145
2,SPXT_LAG_2,0.02,0.0105078164556962,,1 vs 0,-0.032826328319301504
2,SPXT_LAG_2,0.02,0.011541126582278481,,1 vs 0,-0.036103187639844284
2,SPXT_LAG_2,0.02,0.012574436708860763,,1 vs 0,-0.03937872062318512
2,SPXT_LAG_2,0.02,0.013607746835443038,,1 vs 0,-0.042652858117359235
2,SPXT_LAG_2,0.02,0.014641056962025313,,1 vs 0,-0.04592553097040192
2,SPXT_LAG_2,0.02,0.015674367088607595,,1 vs 0,-0.049196670030348555
2,SPXT_LAG_2,0.02,0.016707677215189877,,1 vs 0,-0.05246620614523434
2,SPXT_LAG_2,0.02,0.017740987341772152,,1 vs 0,-0.05573407016309455
2,SPXT_LAG_2,0.02,0.018774297468354427,,1 vs 0,-0.059000192931964554
2,SPXT_LAG_2,0.02,0.01980760759493671,,1 vs 0,-0.06226450529987958
2,SPXT_LAG_2,0.02,0.02084091772151899,,1 vs 0,-0.06552693811487502
2,SPXT_LAG_2,0.02,0.02187422784810126,,1 vs 0,-0.06878742222498603
2,SPXT_LAG_2,0.02,0.02290753797468354,,1 vs 0,-0.07204588847824799
2,SPXT_LAG_2,0.02,0.023940848101265823,,1 vs 0,-0.07530226772269623
2,SPXT_LAG_2,0.02,0.024974158227848105,,1 vs 0,-0.07855649098874047
2,SPXT_LAG_2,0.02,0.026007468354430387,,1 vs 0,-0.08180851018765538
2,SPXT_LAG_2,0.02,0.027040778481012655,,1 vs 0,-0.08505831716148991
2,SPXT_LAG_2,0.02,0.028074088607594937,,1 vs 0,-0.08830590825431973
2,SPXT_LAG_2,0.02,0.02910739873417722,,1 vs 0,-0.0915512798102207
2,SPXT_LAG_2,0.02,0.030140708860759487,,1 vs 0,-0.09479442817326846
2,SPXT_LAG_2,0.02,0.03117401898734177,,1 vs 0,-0.09803534968753895
2,SPXT_LAG_2,0.02,0.03220732911392405,,1 vs 0,-0.10127404069710781
2,SPXT_LAG_2,0.02,0.03324063924050633,,1 vs 0,-0.10451049754605089
2,SPXT_LAG_2,0.02,0.034273949367088614,,1 vs 0,-0.10774471657844394
2,SPXT_LAG_2,0.02,0.03530725949367088,,1 vs 0,-0.11097669413836274
2,SPXT_LAG_2,0.02,0.036340569620253164,,1 vs 0,-0.11420642656988299
2,SPXT_LAG_2,0.02,0.037373879746835446,,1 vs 0,-0.11743391021708059
2,SPXT_LAG_2,0.02,0.038407189873417714,,1 vs 0,-0.12065914142403115
2,SPXT_LAG_2,0.02,0.03944049999999999,,1 vs 0,-0.12388211653481056
2,DBLCIX_LAG_2,0.02,-0.0380515,,1 vs 0,-0.014156920241827152
2,DBLCIX_LAG_2,0.02,-0.03714896202531646,,1 vs 0,-0.013995424069969419
2,DBLCIX_LAG_2,0.02,-0.036246424050632914,,1 vs 0,-0.013829255338852445
2,DBLCIX_LAG_2,0.02,-0.03534388607594937,,1 vs 0,-0.013658149285808677
2,DBLCIX_LAG_2,0.02,-0.03444134810126583,,1 vs 0,-0.013481841148170533
2,DBLCIX_LAG_2,0.02,-0.03353881012658229,,1 vs 0,-0.01330006616327041
2,DBLCIX_LAG_2,0.02,-0.032636272151898744,,1 vs 0,-0.013112559568440728
2,DBLCIX_LAG_2,0.02,-0.0317337341772152,,1 vs 0,-0.012919056601013945
2,DBLCIX_LAG_2,0.02,-0.030831196202531656,,1 vs 0,-0.012719292498322439
2,DBLCIX_LAG_2,0.02,-0.029928658227848112,,1 vs 0,-0.012513002497698648
2,DBLCIX_LAG_2,0.02,-0.02902612025316457,,1 vs 0,-0.012299921836474999
2,DBLCIX_LAG_2,0.02,-0.028123582278481028,,1 vs 0,-0.01207978575198388
2,DBLCIX_LAG_2,0.02,-0.027221044303797487,,1 vs 0,-0.011852329481557733
2,DBLCIX_LAG_2,0.02,-0.026318506329113943,,1 vs 0,-0.011617288262528981
2,DBLCIX_LAG_2,0.02,-0.0254159683544304,,1 vs 0,-0.011374397332230037
2,DBLCIX_LAG_2,0.02,-0.024513430379746855,,1 vs 0,-0.011123391927993317
2,DBLCIX_LAG_2,0.02,-0.02361089240506331,,1 vs 0,-0.010864007287151235
2,DBLCIX_LAG_2,0.02,-0.02270835443037977,,1 vs 0,-0.010595978647036236
2,DBLCIX_LAG_2,0.02,-0.021805816455696226,,1 vs 0,-0.010319041244980703
2,DBLCIX_LAG_2,0.02,-0.020903278481012682,,1 vs 0,-0.010032930318317076
2,DBLCIX_LAG_2,0.02,-0.02000074050632914,,1 vs 0,-0.00973738110437778
2,DBLCIX_LAG_2,0.02,-0.019098202531645597,,1 vs 0,-0.00943212884049522
2,DBLCIX_LAG_2,0.02,-0.018195664556962053,,1 vs 0,-0.009116908764001834
2,DBLCIX_LAG_2,0.02,-0.01729312658227851,,1 vs 0,-0.008791456112230013
2,DBLCIX_LAG_2,0.02,-0.01639058860759497,,1 vs 0,-0.008455507009335943
2,DBLCIX_LAG_2,0.02,-0.015488050632911424,,1 vs 0,-0.008108875178928228
2,DBLCIX_LAG_2,0.02,-0.01458551265822788,,1 vs 0,-0.007751511249802435
2,DBLCIX_LAG_2,0.02,-0.01368297468354434,,1 vs 0,-0.00738337981086383
2,DBLCIX_LAG_2,0.02,-0.012780436708860796,,1 vs 0,-0.007004445451017659
2,DBLCIX_LAG_2,0.02,-0.011877898734177252,,1 vs 0,-0.006614672759169202
2,DBLCIX_LAG_2,0.02,-0.010975360759493707,,1 vs 0,-0.006214026324223725
2,DBLCIX_LAG_2,0.02,-0.010072822784810167,,1 vs 0,-0.005802470735086506
2,DBLCIX_LAG_2,0.02,-0.009170284810126623,,1 vs 0,-0.005379970580662773
2,DBLCIX_LAG_2,0.02,-0.008267746835443079,,1 vs 0,-0.004946490449857843
2,DBLCIX_LAG_2,0.02,-0.007365208860759538,,1 vs 0,-0.004501994931576957
2,DBLCIX_LAG_2,0.02,-0.006462670886075994,,1 vs 0,-0.004046448614725369
2,DBLCIX_LAG_2,0.02,-0.00556013291139245,,1 vs 0,-0.0035798160882083707
2,DBLCIX_LAG_2,0.02,-0.004657594936708906,,1 vs 0,-0.003102061940931218
2,DBLCIX_LAG_2,0.02,-0.003755056962025362,,1 vs 0,-0.002613150761799174
2,DBLCIX_LAG_2,0.02,-0.0028525189873418177,,1 vs 0,-0.0021130471397175082
2,DBLCIX_LAG_2,0.02,-0.0019499810126582806,,1 vs 0,-0.0016017156635914978
2,DBLCIX_LAG_2,0.02,-0.0010474430379747365,,1 vs 0,-0.0010791209223264021
2,DBLCIX_LAG_2,0.02,-0.00014490506329119246,,1 vs 0,-0.0005452275048274773
2,DBLCIX_LAG_2,0.02,0.0007576329113923516,,1 vs 0,0.0
2,DBLCIX_LAG_2,0.02,0.0016601708860758957,,1 vs 0,0.0005565970032507563
2,DBLCIX_LAG_2,0.02,0.0025627088607594398,,1 vs 0,0.001124598916019546
2,DBLCIX_LAG_2,0.02,0.003465246835442984,,1 vs 0,0.0017040411494010782
2,DBLCIX_LAG_2,0.02,0.004367784810126521,,1 vs 0,0.002294959114490104
2,DBLCIX_LAG_2,0.02,0.005270322784810065,,1 vs 0,0.0028973882223813398
2,DBLCIX_LAG_2,0.02,0.006172860759493609,,1 vs 0,0.0035113638841695258
2,DBLCIX_LAG_2,0.02,0.007075398734177153,,1 vs 0,0.0041369215109494095
2,DBLCIX_LAG_2,0.02,0.007977936708860697,,1 vs 0,0.004774096513815711
2,DBLCIX_LAG_2,0.02,0.008880474683544241,,1 vs 0,0.0054229243038631525
2,DBLCIX_LAG_2,0.02,0.009783012658227785,,1 vs 0,0.006083440292186503
2,DBLCIX_LAG_2,0.02,0.010685550632911323,,1 vs 0,0.00675565871139408
2,DBLCIX_LAG_2,0.02,0.011588088607594867,,1 vs 0,0.007439395658736043
2,DBLCIX_LAG_2,0.02,0.01249062658227841,,1 vs 0,0.008134359050107315
2,DBLCIX_LAG_2,0.02,0.013393164556961955,,1 vs 0,0.008840255706089746
2,DBLCIX_LAG_2,0.02,0.014295702531645499,,1 vs 0,0.009556792447265205
2,DBLCIX_LAG_2,0.02,0.015198240506329043,,1 vs 0,0.010283676094215558
2,DBLCIX_LAG_2,0.02,0.016100778481012587,,1 vs 0,0.011020613467522661
2,DBLCIX_LAG_2,0.02,0.017003316455696124,,1 vs 0,0.011767311387768402
2,DBLCIX_LAG_2,0.02,0.017905854430379668,,1 vs 0,0.012523476675534637
2,DBLCIX_LAG_2,0.02,0.018808392405063212,,1 vs 0,0.013288816151403236
2,DBLCIX_LAG_2,0.02,0.019710930379746756,,1 vs 0,0.014063036635956068
2,DBLCIX_LAG_2,0.02,0.0206134683544303,,1 vs 0,0.014845844949774981
2,DBLCIX_LAG_2,0.02,0.021516006329113845,,1 vs 0,0.015636947913441872
2,DBLCIX_LAG_2,0.02,0.02241854430379739,,1 vs 0,0.01643605234753859
2,DBLCIX_LAG_2,0.02,0.023321082278480926,,1 vs 0,0.017242865072647006
2,DBLCIX_LAG_2,0.02,0.02422362025316447,,1 vs 0,0.018057092909348982
2,DBLCIX_LAG_2,0.02,0.025126158227848014,,1 vs 0,0.01887844267822639
2,DBLCIX_LAG_2,0.02,0.026028696202531565,,1 vs 0,0.019706621199861107
2,DBLCIX_LAG_2,0.02,0.026931234177215102,,1 vs 0,0.020541335294834977
2,DBLCIX_LAG_2,0.02,0.02783377215189864,,1 vs 0,0.021382291783729877
2,DBLCIX_LAG_2,0.02,0.02873631012658219,,1 vs 0,0.022229197487127688
2,DBLCIX_LAG_2,0.02,0.029638848101265727,,1 vs 0,0.023081759225610253
2,DBLCIX_LAG_2,0.02,0.03054138607594928,,1 vs 0,0.02393968381975946
2,DBLCIX_LAG_2,0.02,0.031443924050632815,,1 vs 0,0.02480267809015716
2,DBLCIX_LAG_2,0.02,0.032346462025316366,,1 vs 0,0.025670448857385238
2,DBLCIX_LAG_2,0.02,0.0332489999999999,,1 vs 0,0.026542702942025525
2,IBOXIG_LAG_2,0.02,-0.010364,,1 vs 0,0.03585470399211828
2,IBOXIG_LAG_2,0.02,-0.010110683544303797,,1 vs 0,0.03505502844730107
2,IBOXIG_LAG_2,0.02,-0.009857367088607596,,1 vs 0,0.0342535036417309
2,IBOXIG_LAG_2,0.02,-0.009604050632911393,,1 vs 0,0.03345007013696693
2,IBOXIG_LAG_2,0.02,-0.00935073417721519,,1 vs 0,0.03264466849456832
2,IBOXIG_LAG_2,0.02,-0.009097417721518987,,1 vs 0,0.03183723927609421
2,IBOXIG_LAG_2,0.02,-0.008844101265822786,,1 vs 0,0.031027723043103805
2,IBOXIG_LAG_2,0.02,-0.008590784810126583,,1 vs 0,0.030216060357156224
2,IBOXIG_LAG_2,0.02,-0.00833746835443038,,1 vs 0,0.029402191779810648
2,IBOXIG_LAG_2,0.02,-0.008084151898734179,,1 vs 0,0.02858605787262624
2,IBOXIG_LAG_2,0.02,-0.007830835443037976,,1 vs 0,0.027767599197162138
2,IBOXIG_LAG_2,0.02,-0.007577518987341773,,1 vs 0,0.02694675631497752
2,IBOXIG_LAG_2,0.02,-0.007324202531645571,,1 vs 0,0.026123469787631554
2,IBOXIG_LAG_2,0.02,-0.0070708860759493685,,1 vs 0,0.025297680176683393
2,IBOXIG_LAG_2,0.02,-0.0068175696202531656,,1 vs 0,0.024469328043692187
2,IBOXIG_LAG_2,0.02,-0.006564253164556963,,1 vs 0,0.023638353950217107
2,IBOXIG_LAG_2,0.02,-0.0063109367088607605,,1 vs 0,0.02280469845781731
2,IBOXIG_LAG_2,0.02,-0.006057620253164558,,1 vs 0,0.021968302128051967
2,IBOXIG_LAG_2,0.02,-0.0058043037974683555,,1 vs 0,0.02112910552248022
2,IBOXIG_LAG_2,0.02,-0.005550987341772153,,1 vs 0,0.020287049202661243
2,IBOXIG_LAG_2,0.02,-0.0052976708860759504,,1 vs 0,0.01944207373015419
2,IBOXIG_LAG_2,0.02,-0.005044354430379748,,1 vs 0,0.01859411966651823
2,IBOXIG_LAG_2,0.02,-0.004791037974683545,,1 vs 0,0.017743127573312523
2,IBOXIG_LAG_2,0.02,-0.004537721518987343,,1 vs 0,0.01688903801209622
2,IBOXIG_LAG_2,0.02,-0.004284405063291141,,1 vs 0,0.01603179154442847
2,IBOXIG_LAG_2,0.02,-0.004031088607594938,,1 vs 0,0.015171328731868477
2,IBOXIG_LAG_2,0.02,-0.003777772151898736,,1 vs 0,0.014307590135975358
2,IBOXIG_LAG_2,0.02,-0.0035244556962025332,,1 vs 0,0.013440516318308292
2,IBOXIG_LAG_2,0.02,-0.003271139240506331,,1 vs 0,0.012570047840426438
2,IBOXIG_LAG_2,0.02,-0.003017822784810128,,1 vs 0,0.011696125263888954
2,IBOXIG_LAG_2,0.02,-0.002764506329113926,,1 vs 0,0.01081868915025501
2,IBOXIG_LAG_2,0.02,-0.002511189873417724,,1 vs 0,0.009937680061083753
2,IBOXIG_LAG_2,0.02,-0.002257873417721521,,1 vs 0,0.00905303855793435
2,IBOXIG_LAG_2,0.02,-0.002004556962025318,,1 vs 0,0.008164705202365966
2,IBOXIG_LAG_2,0.02,-0.001751240506329117,,1 vs 0,0.0072726205559377755
2,IBOXIG_LAG_2,0.02,-0.001497924050632914,,1 vs 0,0.006376725180208875
2,IBOXIG_LAG_2,0.02,-0.001244607594936711,,1 vs 0,0.005476973380867063
2,IBOXIG_LAG_2,0.02,-0.000991291139240508,,1 vs 0,0.004573394335223649
2,IBOXIG_LAG_2,0.02,-0.0007379746835443068,,1 vs 0,0.003666042591284502
2,IBOXIG_LAG_2,0.02,-0.0004846582278481039,,1 vs 0,0.002754972717421089
2,IBOXIG_LAG_2,0.02,-0.00023134177215190094,,1 vs 0,0.0018402392820048644
2,IBOXIG_LAG_2,0.02,2.197468354430028e-05,,1 vs 0,0.0009218968534073502
2,IBOXIG_LAG_2,0.02,0.00027529113924050323,,1 vs 0,0.0
2,IBOXIG_LAG_2,0.02,0.0005286075949367062,,1 vs 0,-0.0009253967098456772
2,IBOXIG_LAG_2,0.02,0.0007819240506329091,,1 vs 0,-0.001854238707758249
2,IBOXIG_LAG_2,0.02,0.0010352405063291104,,1 vs 0,-0.0027864714253661715
2,IBOXIG_LAG_2,0.02,0.0012885569620253133,,1 vs 0,-0.0037220402942980263
2,IBOXIG_LAG_2,0.02,0.0015418734177215163,,1 vs 0,-0.004660890746182297
2,IBOXIG_LAG_2,0.02,0.0017951898734177175,,1 vs 0,-0.005602968212647497
2,IBOXIG_LAG_2,0.02,0.0020485063291139204,,1 vs 0,-0.006548218125322185
2,IBOXIG_LAG_2,0.02,0.0023018227848101234,,1 vs 0,-0.007496585915834832
2,IBOXIG_LAG_2,0.02,0.0025551392405063263,,1 vs 0,-0.008448017015814026
2,IBOXIG_LAG_2,0.02,0.0028084556962025276,,1 vs 0,-0.009402456856888217
2,IBOXIG_LAG_2,0.02,0.0030617721518987305,,1 vs 0,-0.010359850870685944
2,IBOXIG_LAG_2,0.02,0.0033150886075949335,,1 vs 0,-0.011320144488835747
2,IBOXIG_LAG_2,0.02,0.0035684050632911364,,1 vs 0,-0.012283283142966145
2,IBOXIG_LAG_2,0.02,0.0038217215189873376,,1 vs 0,-0.013249212264705615
2,IBOXIG_LAG_2,0.02,0.004075037974683541,,1 vs 0,-0.014217877285682731
2,IBOXIG_LAG_2,0.02,0.0043283544303797435,,1 vs 0,-0.015189223637525992
2,IBOXIG_LAG_2,0.02,0.004581670886075945,,1 vs 0,-0.01616319675186391
2,IBOXIG_LAG_2,0.02,0.004834987341772148,,1 vs 0,-0.01713974206032501
2,IBOXIG_LAG_2,0.02,0.005088303797468351,,1 vs 0,-0.01811880499453783
2,IBOXIG_LAG_2,0.02,0.005341620253164552,,1 vs 0,-0.019100330986130856
2,IBOXIG_LAG_2,0.02,0.005594936708860755,,1 vs 0,-0.0200842654667326
2,IBOXIG_LAG_2,0.02,0.005848253164556958,,1 vs 0,-0.02107055386797163
2,IBOXIG_LAG_2,0.02,0.006101569620253161,,1 vs 0,-0.022059141621476458
2,IBOXIG_LAG_2,0.02,0.006354886075949364,,1 vs 0,-0.023049974158875594
2,IBOXIG_LAG_2,0.02,0.006608202531645567,,1 vs 0,-0.02404299691179751
2,IBOXIG_LAG_2,0.02,0.006861518987341766,,1 vs 0,-0.02503815531187077
2,IBOXIG_LAG_2,0.02,0.007114835443037969,,1 vs 0,-0.026035394790723934
2,IBOXIG_LAG_2,0.02,0.007368151898734172,,1 vs 0,-0.02703466077998544
2,IBOXIG_LAG_2,0.02,0.007621468354430375,,1 vs 0,-0.028035898711283883
2,IBOXIG_LAG_2,0.02,0.007874784810126578,,1 vs 0,-0.029039054016247734
2,IBOXIG_LAG_2,0.02,0.008128101265822781,,1 vs 0,-0.03004407212650552
2,IBOXIG_LAG_2,0.02,0.008381417721518984,,1 vs 0,-0.03105089847368575
2,IBOXIG_LAG_2,0.02,0.008634734177215183,,1 vs 0,-0.03205947511185071
2,IBOXIG_LAG_2,0.02,0.008888050632911386,,1 vs 0,-0.033069030596395266
2,IBOXIG_LAG_2,0.02,0.00914136708860759,,1 vs 0,-0.03407720282114937
2,IBOXIG_LAG_2,0.02,0.009394683544303792,,1 vs 0,-0.035081414646323375
2,IBOXIG_LAG_2,0.02,0.009647999999999993,,1 vs 0,-0.03607908893212741
2,JPEICORE_LAG_2,0.02,-0.015485,,1 vs 0,0.039324628023813174
2,JPEICORE_LAG_2,0.02,-0.015129715189873418,,1 vs 0,0.03846451095133545
2,JPEICORE_LAG_2,0.02,-0.014774430379746836,,1 vs 0,0.03760352969748634
2,JPEICORE_LAG_2,0.02,-0.014419145569620253,,1 vs 0,0.036741700906367
2,JPEICORE_LAG_2,0.02,-0.014063860759493672,,1 vs 0,0.03587904122207857
2,JPEICORE_LAG_2,0.02,-0.013708575949367089,,1 vs 0,0.035015567288722196
2,JPEICORE_LAG_2,0.02,-0.013353291139240508,,1 vs 0,0.034151295750399074
2,JPEICORE_LAG_2,0.02,-0.012998006329113925,,1 vs 0,0.03328624325121028
2,JPEICORE_LAG_2,0.02,-0.012642721518987342,,1 vs 0,0.032420426435257055
2,JPEICORE_LAG_2,0.02,-0.01228743670886076,,1 vs 0,0.0315538619466405
2,JPEICORE_LAG_2,0.02,-0.01193215189873418,,1 vs 0,0.03068656642946178
2,JPEICORE_LAG_2,0.02,-0.011576867088607596,,1 vs 0,0.02981855652782204
2,JPEICORE_LAG_2,0.02,-0.011221582278481013,,1 vs 0,0.028949848885822443
2,JPEICORE_LAG_2,0.02,-0.010866297468354432,,1 vs 0,0.028080460147564143
2,JPEICORE_LAG_2,0.02,-0.010511012658227849,,1 vs 0,0.027210406957148277
2,JPEICORE_LAG_2,0.02,-0.010155727848101266,,1 vs 0,0.02633970595867601
2,JPEICORE_LAG_2,0.02,-0.009800443037974685,,1 vs 0,0.025468373796248507
2,JPEICORE_LAG_2,0.02,-0.009445158227848104,,1 vs 0,0.024596427113966902
2,JPEICORE_LAG_2,0.02,-0.00908987341772152,,1 vs 0,0.023723882555932364
2,JPEICORE_LAG_2,0.02,-0.008734588607594938,,1 vs 0,0.022850756766246018
2,JPEICORE_LAG_2,0.02,-0.008379303797468356,,1 vs 0,0.021977066389009037
2,JPEICORE_LAG_2,0.02,-0.008024018987341773,,1 vs 0,0.021102828068322595
2,JPEICORE_LAG_2,0.02,-0.007668734177215192,,1 vs 0,0.020228058448287782
2,JPEICORE_LAG_2,0.02,-0.007313449367088609,,1 vs 0,0.019352774173005828
2,JPEICORE_LAG_2,0.02,-0.006958164556962026,,1 vs 0,0.01847699188657783
2,JPEICORE_LAG_2,0.02,-0.006602879746835445,,1 vs 0,0.01760072823310497
2,JPEICORE_LAG_2,0.02,-0.006247594936708862,,1 vs 0,0.016723999856688383
2,JPEICORE_LAG_2,0.02,-0.005892310126582281,,1 vs 0,0.015846823401429226
2,JPEICORE_LAG_2,0.02,-0.005537025316455698,,1 vs 0,0.01496921551142865
2,JPEICORE_LAG_2,0.02,-0.0051817405063291164,,1 vs 0,0.014091192830787837
2,JPEICORE_LAG_2,0.02,-0.0048264556962025335,,1 vs 0,0.01321277200360791
2,JPEICORE_LAG_2,0.02,-0.004471170886075952,,1 vs 0,0.012333969673990024
2,JPEICORE_LAG_2,0.02,-0.004115886075949369,,1 vs 0,0.011454802486035316
2,JPEICORE_LAG_2,0.02,-0.0037606012658227862,,1 vs 0,0.010575287083844996
2,JPEICORE_LAG_2,0.02,-0.003405316455696205,,1 vs 0,0.00969544011152016
2,JPEICORE_LAG_2,0.02,-0.003050031645569622,,1 vs 0,0.008815278213161963
2,JPEICORE_LAG_2,0.02,-0.0026947468354430407,,1 vs 0,0.007934818032871598
2,JPEICORE_LAG_2,0.02,-0.0023394620253164577,,1 vs 0,0.007054076214750203
2,JPEICORE_LAG_2,0.02,-0.0019841772151898765,,1 vs 0,0.006173069402898933
2,JPEICORE_LAG_2,0.02,-0.0016288924050632935,,1 vs 0,0.0052918142414189115
2,JPEICORE_LAG_2,0.02,-0.0012736075949367123,,1 vs 0,0.004410327374411334
2,JPEICORE_LAG_2,0.02,-0.0009183227848101293,,1 vs 0,0.0035286254459772903
2,JPEICORE_LAG_2,0.02,-0.0005630379746835463,,1 vs 0,0.0026467251002179892
2,JPEICORE_LAG_2,0.02,-0.00020775316455696503,,1 vs 0,0.0017646429812345696
2,JPEICORE_LAG_2,0.02,0.00014753164556961622,,1 vs 0,0.0008823957331281981
2,JPEICORE_LAG_2,0.02,0.0005028164556962009,,1 vs 0,0.0
2,JPEICORE_LAG_2,0.02,0.0008581012658227822,,1 vs 0,-0.0008825275740488372
2,JPEICORE_LAG_2,0.02,0.0012133860759493634,,1 vs 0,-0.0017651703449172024
2,JPEICORE_LAG_2,0.02,0.0015686708860759482,,1 vs 0,-0.0026479116685039564
2,JPEICORE_LAG_2,0.02,0.0019239556962025294,,1 vs 0,-0.003530734900707856
2,JPEICORE_LAG_2,0.02,0.0022792405063291107,,1 vs 0,-0.004413623397427811
2,JPEICORE_LAG_2,0.02,0.002634525316455692,,1 vs 0,-0.005296560514562669
2,JPEICORE_LAG_2,0.02,0.0029898101265822766,,1 vs 0,-0.006179529608011276
2,JPEICORE_LAG_2,0.02,0.003345094936708858,,1 vs 0,-0.007062514033672453
2,JPEICORE_LAG_2,0.02,0.003700379746835439,,1 vs 0,-0.007945497147445087
2,JPEICORE_LAG_2,0.02,0.00405566455696202,,1 vs 0,-0.00882846230548804
2,JPEICORE_LAG_2,0.02,0.004410949367088605,,1 vs 0,-0.009711394665442817
2,JPEICORE_LAG_2,0.02,0.004766234177215186,,1 vs 0,-0.010594285491670845
2,JPEICORE_LAG_2,0.02,0.005121518987341768,,1 vs 0,-0.01147712734126214
2,JPEICORE_LAG_2,0.02,0.005476803797468352,,1 vs 0,-0.012359912771306693
2,JPEICORE_LAG_2,0.02,0.005832088607594934,,1 vs 0,-0.013242634338894534
2,JPEICORE_LAG_2,0.02,0.006187373417721515,,1 vs 0,-0.014125284601115666
2,JPEICORE_LAG_2,0.02,0.006542658227848096,,1 vs 0,-0.015007856115060149
2,JPEICORE_LAG_2,0.02,0.006897943037974681,,1 vs 0,-0.01589034143781797
2,JPEICORE_LAG_2,0.02,0.007253227848101262,,1 vs 0,-0.01677273312647918
2,JPEICORE_LAG_2,0.02,0.007608512658227843,,1 vs 0,-0.017655023738133747
2,JPEICORE_LAG_2,0.02,0.007963797468354428,,1 vs 0,-0.018537205829871735
2,JPEICORE_LAG_2,0.02,0.00831908227848101,,1 vs 0,-0.019419271958783103
2,JPEICORE_LAG_2,0.02,0.00867436708860759,,1 vs 0,-0.02030121468195791
2,JPEICORE_LAG_2,0.02,0.009029651898734172,,1 vs 0,-0.021183026556486205
2,JPEICORE_LAG_2,0.02,0.009384936708860757,,1 vs 0,-0.022064700139457945
2,JPEICORE_LAG_2,0.02,0.009740221518987338,,1 vs 0,-0.02294622798796319
2,JPEICORE_LAG_2,0.02,0.010095506329113919,,1 vs 0,-0.023827602659091944
2,JPEICORE_LAG_2,0.02,0.010450791139240504,,1 vs 0,-0.024708816709934224
2,JPEICORE_LAG_2,0.02,0.010806075949367085,,1 vs 0,-0.02558986269758002
2,JPEICORE_LAG_2,0.02,0.011161360759493666,,1 vs 0,-0.02647073317911939
2,JPEICORE_LAG_2,0.02,0.011516645569620248,,1 vs 0,-0.027351420711642337
2,JPEICORE_LAG_2,0.02,0.011871930379746832,,1 vs 0,-0.028231917852238893
2,JPEICORE_LAG_2,0.02,0.012227215189873413,,1 vs 0,-0.029112217157999033
2,JPEICORE_LAG_2,0.02,0.012582499999999996,,1 vs 0,-0.02999231118601286
2,LT11TRUU_LAG_2,0.02,-0.020507499999999998,,1 vs 0,-0.07617269022778467
2,LT11TRUU_LAG_2,0.02,-0.020009012658227847,,1 vs 0,-0.07445280330572027
2,LT11TRUU_LAG_2,0.02,-0.019510525316455696,,1 vs 0,-0.072727056596474
2,LT11TRUU_LAG_2,0.02,-0.019012037974683545,,1 vs 0,-0.07099554289566617
2,LT11TRUU_LAG_2,0.02,-0.018513550632911394,,1 vs 0,-0.06925835499891714
2,LT11TRUU_LAG_2,0.02,-0.018015063291139242,,1 vs 0,-0.06751558570184713
2,LT11TRUU_LAG_2,0.02,-0.01751657594936709,,1 vs 0,-0.06576732780007652
2,LT11TRUU_LAG_2,0.02,-0.01701808860759494,,1 vs 0,-0.06401367408922559
2,LT11TRUU_LAG_2,0.02,-0.01651960126582279,,1 vs 0,-0.062254717364914676
2,LT11TRUU_LAG_2,0.02,-0.016021113924050638,,1 vs 0,-0.06049055042276407
2,LT11TRUU_LAG_2,0.02,-0.015522626582278487,,1 vs 0,-0.05872126605839411
2,LT11TRUU_LAG_2,0.02,-0.015024139240506336,,1 vs 0,-0.056946957067425065
2,LT11TRUU_LAG_2,0.02,-0.014525651898734187,,1 vs 0,-0.05516771624547728
2,LT11TRUU_LAG_2,0.02,-0.014027164556962035,,1 vs 0,-0.05338363638817107
2,LT11TRUU_LAG_2,0.02,-0.013528677215189884,,1 vs 0,-0.05159481029112672
2,LT11TRUU_LAG_2,0.02,-0.013030189873417733,,1 vs 0,-0.04980133074996456
2,LT11TRUU_LAG_2,0.02,-0.012531702531645582,,1 vs 0,-0.0480032905603049
2,LT11TRUU_LAG_2,0.02,-0.012033215189873431,,1 vs 0,-0.04620078251776807
2,LT11TRUU_LAG_2,0.02,-0.01153472784810128,,1 vs 0,-0.044393899417974336
2,LT11TRUU_LAG_2,0.02,-0.011036240506329129,,1 vs 0,-0.04258273405654406
2,LT11TRUU_LAG_2,0.02,-0.010537753164556978,,1 vs 0,-0.04076737922909752
2,LT11TRUU_LAG_2,0.02,-0.010039265822784827,,1 vs 0,-0.038947927731255036
2,LT11TRUU_LAG_2,0.02,-0.009540778481012676,,1 vs 0,-0.03712447235863694
2,LT11TRUU_LAG_2,0.02,-0.009042291139240525,,1 vs 0,-0.035297105906863524
2,LT11TRUU_LAG_2,0.02,-0.008543803797468375,,1 vs 0,-0.03346592117155511
2,LT11TRUU_LAG_2,0.02,-0.008045316455696224,,1 vs 0,-0.031631010948332
2,LT11TRUU_LAG_2,0.02,-0.007546829113924073,,1 vs 0,-0.029792468032814497
2,LT11TRUU_LAG_2,0.02,-0.007048341772151922,,1 vs 0,-0.027950385220622938
2,LT11TRUU_LAG_2,0.02,-0.006549854430379771,,1 vs 0,-0.026104855307377616
2,LT11TRUU_LAG_2,0.02,-0.00605136708860762,,1 vs 0,-0.024255978033104114
2,LT11TRUU_LAG_2,0.02,-0.005552879746835469,,1 vs 0,-0.022403913270446253
2,LT11TRUU_LAG_2,0.02,-0.0050543924050633175,,1 vs 0,-0.020548851723276442
2,LT11TRUU_LAG_2,0.02,-0.004555905063291166,,1 vs 0,-0.018690984346396697
2,LT11TRUU_LAG_2,0.02,-0.004057417721519015,,1 vs 0,-0.01683050209460908
2,LT11TRUU_LAG_2,0.02,-0.0035589303797468642,,1 vs 0,-0.014967595922715597
2,LT11TRUU_LAG_2,0.02,-0.003060443037974713,,1 vs 0,-0.01310245678551828
2,LT11TRUU_LAG_2,0.02,-0.002561955696202562,,1 vs 0,-0.011235275637819146
2,LT11TRUU_LAG_2,0.02,-0.002063468354430411,,1 vs 0,-0.00936624343442025
2,LT11TRUU_LAG_2,0.02,-0.0015649810126582599,,1 vs 0,-0.007495551130123583
2,LT11TRUU_LAG_2,0.02,-0.0010664936708861088,,1 vs 0,-0.0056233896797312066
2,LT11TRUU_LAG_2,0.02,-0.0005680063291139577,,1 vs 0,-0.003749950038045135
2,LT11TRUU_LAG_2,0.02,-6.951898734180659e-05,,1 vs 0,-0.0018754231598673773
2,LT11TRUU_LAG_2,0.02,0.0004289683544303445,,1 vs 0,0.0
2,LT11TRUU_LAG_2,0.02,0.0009274556962024956,,1 vs 0,0.0018761284867549882
2,LT11TRUU_LAG_2,0.02,0.0014259430379746467,,1 vs 0,0.0037527713455955784
2,LT11TRUU_LAG_2,0.02,0.0019244303797467978,,1 vs 0,0.005629737621719717
2,LT11TRUU_LAG_2,0.02,0.002422917721518949,,1 vs 0,0.007506836360325373
2,LT11TRUU_LAG_2,0.02,0.0029214050632911,,1 vs 0,0.009383876606610542
2,LT11TRUU_LAG_2,0.02,0.0034198924050632476,,1 vs 0,0.011260667405773164
2,LT11TRUU_LAG_2,0.02,0.003918379746835399,,1 vs 0,0.013137017803011245
2,LT11TRUU_LAG_2,0.02,0.00441686708860755,,1 vs 0,0.01501273684352274
2,LT11TRUU_LAG_2,0.02,0.004915354430379701,,1 vs 0,0.016887633572505622
2,LT11TRUU_LAG_2,0.02,0.005413841772151852,,1 vs 0,0.018761517035157875
2,LT11TRUU_LAG_2,0.02,0.005912329113924003,,1 vs 0,0.02063419627667746
2,LT11TRUU_LAG_2,0.02,0.006410816455696154,,1 vs 0,0.02250548034226234
2,LT11TRUU_LAG_2,0.02,0.006909303797468305,,1 vs 0,0.024375178277110505
2,LT11TRUU_LAG_2,0.02,0.007407791139240456,,1 vs 0,0.0262430991264199
2,LT11TRUU_LAG_2,0.02,0.007906278481012607,,1 vs 0,0.028109051935388547
2,LT11TRUU_LAG_2,0.02,0.008404765822784759,,1 vs 0,0.02997284574921437
2,LT11TRUU_LAG_2,0.02,0.00890325316455691,,1 vs 0,0.031834289613095375
2,LT11TRUU_LAG_2,0.02,0.00940174050632906,,1 vs 0,0.033693192572229504
2,LT11TRUU_LAG_2,0.02,0.009900227848101212,,1 vs 0,0.03554936367181472
2,LT11TRUU_LAG_2,0.02,0.010398715189873363,,1 vs 0,0.03740264694852093
2,LT11TRUU_LAG_2,0.02,0.010897202531645514,,1 vs 0,0.03925304034992604
2,LT11TRUU_LAG_2,0.02,0.011395689873417665,,1 vs 0,0.04110058412806746
2,LT11TRUU_LAG_2,0.02,0.011894177215189816,,1 vs 0,0.04294531853620318
2,LT11TRUU_LAG_2,0.02,0.012392664556961967,,1 vs 0,0.04478728382759122
2,LT11TRUU_LAG_2,0.02,0.012891151898734118,,1 vs 0,0.0466265202554896
2,LT11TRUU_LAG_2,0.02,0.01338963924050627,,1 vs 0,0.04846306807315629
2,LT11TRUU_LAG_2,0.02,0.01388812658227842,,1 vs 0,0.05029696753384933
2,LT11TRUU_LAG_2,0.02,0.014386613924050572,,1 vs 0,0.05212825889082667
2,LT11TRUU_LAG_2,0.02,0.014885101265822723,,1 vs 0,0.05395698239734637
2,LT11TRUU_LAG_2,0.02,0.015383588607594874,,1 vs 0,0.055783178306666376
2,LT11TRUU_LAG_2,0.02,0.015882075949367025,,1 vs 0,0.05760688687204476
2,LT11TRUU_LAG_2,0.02,0.016380563291139176,,1 vs 0,0.05942814834673948
2,LT11TRUU_LAG_2,0.02,0.016879050632911327,,1 vs 0,0.06124700298400853
2,LT11TRUU_LAG_2,0.02,0.017377537974683478,,1 vs 0,0.06306349103710993
2,LT11TRUU_LAG_2,0.02,0.01787602531645563,,1 vs 0,0.06487765275930168
2,LT11TRUU_LAG_2,0.02,0.01837451265822778,,1 vs 0,0.06668952840384182
2,LT11TRUU_LAG_2,0.02,0.018872999999999928,,1 vs 0,0.06849915822398825
2,LBUTTRUU_LAG_2,0.02,-0.0098085,,1 vs 0,-0.022003722030009467
2,LBUTTRUU_LAG_2,0.02,-0.009551094936708861,,1 vs 0,-0.021458453714667283
2,LBUTTRUU_LAG_2,0.02,-0.009293689873417721,,1 vs 0,-0.0209120593070125
2,LBUTTRUU_LAG_2,0.02,-0.009036284810126582,,1 vs 0,-0.020364546149764958
2,LBUTTRUU_LAG_2,0.02,-0.008778879746835444,,1 vs 0,-0.019815921585644485
2,LBUTTRUU_LAG_2,0.02,-0.008521474683544306,,1 vs 0,-0.01926619295737095
2,LBUTTRUU_LAG_2,0.02,-0.008264069620253167,,1 vs 0,-0.01871536760766418
2,LBUTTRUU_LAG_2,0.02,-0.008006664556962027,,1 vs 0,-0.018163452879244025
2,LBUTTRUU_LAG_2,0.02,-0.0077492594936708886,,1 vs 0,-0.017610456114830336
2,LBUTTRUU_LAG_2,0.02,-0.00749185443037975,,1 vs 0,-0.017056384657142935
2,LBUTTRUU_LAG_2,0.02,-0.007234449367088611,,1 vs 0,-0.016501245848901693
2,LBUTTRUU_LAG_2,0.02,-0.0069770443037974715,,1 vs 0,-0.015945047032826436
2,LBUTTRUU_LAG_2,0.02,-0.006719639240506333,,1 vs 0,-0.015387795551637013
2,LBUTTRUU_LAG_2,0.02,-0.006462234177215195,,1 vs 0,-0.014829498748053269
2,LBUTTRUU_LAG_2,0.02,-0.006204829113924055,,1 vs 0,-0.014270163964795034
2,LBUTTRUU_LAG_2,0.02,-0.005947424050632916,,1 vs 0,-0.013709798544582177
2,LBUTTRUU_LAG_2,0.02,-0.005690018987341778,,1 vs 0,-0.013148409830134527
2,LBUTTRUU_LAG_2,0.02,-0.005432613924050639,,1 vs 0,-0.012586005164171927
2,LBUTTRUU_LAG_2,0.02,-0.0051752088607595,,1 vs 0,-0.012022591889414218
2,LBUTTRUU_LAG_2,0.02,-0.0049178037974683605,,1 vs 0,-0.011458177348581264
2,LBUTTRUU_LAG_2,0.02,-0.004660398734177222,,1 vs 0,-0.01089276888439289
2,LBUTTRUU_LAG_2,0.02,-0.004402993670886084,,1 vs 0,-0.010326373839568932
2,LBUTTRUU_LAG_2,0.02,-0.004145588607594944,,1 vs 0,-0.009758999556829264
2,LBUTTRUU_LAG_2,0.02,-0.003888183544303805,,1 vs 0,-0.009190653383147
2,LBUTTRUU_LAG_2,0.02,-0.0036307784810126666,,1 vs 0,-0.00862135156551333
2,LBUTTRUU_LAG_2,0.02,-0.003373373417721528,,1 vs 0,-0.008051138006341996
2,LBUTTRUU_LAG_2,0.02,-0.003115968354430389,,1 vs 0,-0.007480061963996396
2,LBUTTRUU_LAG_2,0.02,-0.0028585632911392496,,1 vs 0,-0.006908172696839963
2,LBUTTRUU_LAG_2,0.02,-0.002601158227848111,,1 vs 0,-0.0063355194632361
2,LBUTTRUU_LAG_2,0.02,-0.0023437531645569727,,1 vs 0,-0.005762151521548218
2,LBUTTRUU_LAG_2,0.02,-0.0020863481012658334,,1 vs 0,-0.00518811813013975
2,LBUTTRUU_LAG_2,0.02,-0.0018289430379746941,,1 vs 0,-0.004613468547374093
2,LBUTTRUU_LAG_2,0.02,-0.0015715379746835557,,1 vs 0,-0.004038252031614658
2,LBUTTRUU_LAG_2,0.02,-0.0013141329113924172,,1 vs 0,-0.0034625178412248797
2,LBUTTRUU_LAG_2,0.02,-0.0010567278481012788,,1 vs 0,-0.002886315234568169
2,LBUTTRUU_LAG_2,0.02,-0.0007993227848101386,,1 vs 0,-0.0023096934700079196
2,LBUTTRUU_LAG_2,0.02,-0.0005419177215190002,,1 vs 0,-0.001732701805907573
2,LBUTTRUU_LAG_2,0.02,-0.00028451265822786176,,1 vs 0,-0.0011553895006305229
2,LBUTTRUU_LAG_2,0.02,-2.7107594936721588e-05,,1 vs 0,-0.0005778058125401955
2,LBUTTRUU_LAG_2,0.02,0.00023029746835441685,,1 vs 0,0.0
2,LBUTTRUU_LAG_2,0.02,0.0004877025316455553,,1 vs 0,0.0005779786786266408
2,LBUTTRUU_LAG_2,0.02,0.0007451075949366937,,1 vs 0,0.0011560809649763188
2,LBUTTRUU_LAG_2,0.02,0.0010025126582278322,,1 vs 0,0.001734257600685618
2,LBUTTRUU_LAG_2,0.02,0.0012599177215189723,,1 vs 0,0.002312459327391131
2,LBUTTRUU_LAG_2,0.02,0.0015173227848101108,,1 vs 0,0.002890636886729434
2,LBUTTRUU_LAG_2,0.02,0.0017747278481012492,,1 vs 0,0.0034687410203371096
2,LBUTTRUU_LAG_2,0.02,0.0020321329113923894,,1 vs 0,0.004046722469850753
2,LBUTTRUU_LAG_2,0.02,0.002289537974683528,,1 vs 0,0.004624531976906933
2,LBUTTRUU_LAG_2,0.02,0.0025469430379746662,,1 vs 0,0.005202120283142254
2,LBUTTRUU_LAG_2,0.02,0.0028043481012658047,,1 vs 0,0.005779438130193293
2,LBUTTRUU_LAG_2,0.02,0.003061753164556943,,1 vs 0,0.006356436259696635
2,LBUTTRUU_LAG_2,0.02,0.0033191582278480833,,1 vs 0,0.006933065413288873
2,LBUTTRUU_LAG_2,0.02,0.0035765632911392217,,1 vs 0,0.0075092763326065765
2,LBUTTRUU_LAG_2,0.02,0.00383396835443036,,1 vs 0,0.008085019759286341
2,LBUTTRUU_LAG_2,0.02,0.0040913734177215,,1 vs 0,0.008660246434964752
2,LBUTTRUU_LAG_2,0.02,0.004348778481012639,,1 vs 0,0.00923490710127839
2,LBUTTRUU_LAG_2,0.02,0.004606183544303777,,1 vs 0,0.009808952499863842
2,LBUTTRUU_LAG_2,0.02,0.004863588607594916,,1 vs 0,0.0103823333723577
2,LBUTTRUU_LAG_2,0.02,0.005120993670886054,,1 vs 0,0.010955000460396543
2,LBUTTRUU_LAG_2,0.02,0.005378398734177194,,1 vs 0,0.01152690450561696
2,LBUTTRUU_LAG_2,0.02,0.005635803797468333,,1 vs 0,0.012097996249655532
2,LBUTTRUU_LAG_2,0.02,0.005893208860759473,,1 vs 0,0.012668226434148847
2,LBUTTRUU_LAG_2,0.02,0.006150613924050611,,1 vs 0,0.013237545800733485
2,LBUTTRUU_LAG_2,0.02,0.00640801898734175,,1 vs 0,0.013805905091046036
2,LBUTTRUU_LAG_2,0.02,0.006665424050632888,,1 vs 0,0.014373255046723082
2,LBUTTRUU_LAG_2,0.02,0.006922829113924027,,1 vs 0,0.014939546409401216
2,LBUTTRUU_LAG_2,0.02,0.007180234177215165,,1 vs 0,0.015504729920717017
2,LBUTTRUU_LAG_2,0.02,0.0074376392405063035,,1 vs 0,0.01606875632230707
2,LBUTTRUU_LAG_2,0.02,0.007695044303797442,,1 vs 0,0.01663157635580796
2,LBUTTRUU_LAG_2,0.02,0.007952449367088584,,1 vs 0,0.017193140762856288
2,LBUTTRUU_LAG_2,0.02,0.008209854430379722,,1 vs 0,0.017753400285088608
2,LBUTTRUU_LAG_2,0.02,0.00846725949367086,,1 vs 0,0.018312305664141534
2,LBUTTRUU_LAG_2,0.02,0.008724664556961999,,1 vs 0,0.01886981577943534
2,LBUTTRUU_LAG_2,0.02,0.008982069620253138,,1 vs 0,0.019425931990699037
2,LBUTTRUU_LAG_2,0.02,0.009239474683544276,,1 vs 0,0.019980669473739006
2,LBUTTRUU_LAG_2,0.02,0.009496879746835414,,1 vs 0,0.02053404341176729
2,LBUTTRUU_LAG_2,0.02,0.009754284810126556,,1 vs 0,0.02108606898799594
2,LBUTTRUU_LAG_2,0.02,0.010011689873417695,,1 vs 0,0.021636761385637006
2,LBUTTRUU_LAG_2,0.02,0.010269094936708833,,1 vs 0,0.022186135787902524
2,LBUTTRUU_LAG_2,0.02,0.010526499999999973,,1 vs 0,0.022734207378004554
2,DURATION_STATE_0,0.02,0.0,,1 vs 0,3.76976175509074
2,DURATION_STATE_0,0.02,14.213291139240505,,1 vs 0,1.4447920405744785
2,DURATION_STATE_0,0.02,28.42658227848101,,1 vs 0,0.9249260888122549
2,DURATION_STATE_0,0.02,42.63987341772152,,1 vs 0,0.6227857355734104
2,DURATION_STATE_0,0.02,56.85316455696202,,1 vs 0,0.40995131030795906
2,DURATION_STATE_0,0.02,71.06645569620252,,1 vs 0,0.24583765117374745
2,DURATION_STATE_0,0.02,85.27974683544304,,1 vs 0,0.11238784944867652
2,DURATION_STATE_0,0.02,99.49303797468353,,1 vs 0,0.0
2,DURATION_STATE_0,0.02,113.70632911392404,,1 vs 0,-0.09703698932213034
2,DURATION_STATE_0,0.02,127.91962025316455,,1 vs 0,-0.18239387633992687
2,DURATION_STATE_0,0.02,142.13291139240505,,1 vs 0,-0.2585686069184896
2,DURATION_STATE_0,0.02,156.34620253164556,,1 vs 0,-0.327337263542572
2,DURATION_STATE_0,0.02,170.55949367088607,,1 vs 0,-0.3900074074748934
2,DURATION_STATE_0,0.02,184.77278481012658,,1 vs 0,-0.4475693220880108
2,DURATION_STATE_0,0.02,198.98607594936706,,1 vs 0,-0.5007908320176713
2,DURATION_STATE_0,0.02,213.19936708860757,,1 vs 0,-0.5502791931877307
2,DURATION_STATE_0,0.02,227.41265822784808,,1 vs 0,-0.5965228785029162
2,DURATION_STATE_0,0.02,241.6259493670886,,1 vs 0,-0.6399206136826436
2,DURATION_STATE_0,0.02,255.8392405063291,,1 vs 0,-0.6808020603870888
2,DURATION_STATE_0,0.02,270.0525316455696,,1 vs 0,-0.7194428713918086
2,DURATION_STATE_0,0.02,284.2658227848101,,1 vs 0,-0.7560744996899864
2,DURATION_STATE_0,0.02,298.47911392405064,,1 vs 0,-0.7908260468646369
2,DURATION_STATE_0,0.02,312.6924050632911,,1 vs 0,-0.8237226959223618
2,DURATION_STATE_0,0.02,326.9056962025316,,1 vs 0,-0.8547984924161487
2,DURATION_STATE_0,0.02,341.11898734177214,,1 vs 0,-0.8840997164779851
2,DURATION_STATE_0,0.02,355.3322784810126,,1 vs 0,-0.9116804572363091
2,DURATION_STATE_0,0.02,369.54556962025316,,1 vs 0,-0.9375994774798875
2,DURATION_STATE_0,0.02,383.75886075949364,,1 vs 0,-0.9619179911631452
2,DURATION_STATE_0,0.02,397.9721518987341,,1 vs 0,-0.9846980919118431
2,DURATION_STATE_0,0.02,412.18544303797466,,1 vs 0,-1.0060016488588588
2,DURATION_STATE_0,0.02,426.39873417721515,,1 vs 0,-1.0258895397035734
2,DURATION_STATE_0,0.02,440.6120253164557,,1 vs 0,-1.044421128024385
2,DURATION_STATE_0,0.02,454.82531645569617,,1 vs 0,-1.061653917897006
2,DURATION_STATE_0,0.02,469.03860759493665,,1 vs 0,-1.077643337285363
2,DURATION_STATE_0,0.02,483.2518987341772,,1 vs 0,-1.0924426148175697
2,DURATION_STATE_0,0.02,497.46518987341767,,1 vs 0,-1.106102724019707
2,DURATION_STATE_0,0.02,511.6784810126582,,1 vs 0,-1.1186723759378168
2,DURATION_STATE_0,0.02,525.8917721518987,,1 vs 0,-1.1301980460821965
2,DURATION_STATE_0,0.02,540.1050632911392,,1 vs 0,-1.1407240253003066
2,DURATION_STATE_0,0.02,554.3183544303797,,1 vs 0,-1.1502924868936673
2,DURATION_STATE_0,0.02,568.5316455696202,,1 vs 0,-1.1589435643015344
2,DURATION_STATE_0,0.02,582.7449367088607,,1 vs 0,-1.1667154351673334
2,DURATION_STATE_0,0.02,596.9582278481013,,1 vs 0,-1.1736444087179134
2,DURATION_STATE_0,0.02,611.1715189873418,,1 vs 0,-1.1797650142189273
2,DURATION_STATE_0,0.02,625.3848101265822,,1 vs 0,-1.1851100888937387
2,DURATION_STATE_0,0.02,639.5981012658227,,1 vs 0,-1.189710864161116
2,DURATION_STATE_0,0.02,653.8113924050632,,1 vs 0,-1.1935970493974712
2,DURATION_STATE_0,0.02,668.0246835443038,,1 vs 0,-1.19679691269175
2,DURATION_STATE_0,0.02,682.2379746835443,,1 vs 0,-1.1993373582567537
2,DURATION_STATE_0,0.02,696.4512658227848,,1 vs 0,-1.2012440003060203
2,DURATION_STATE_0,0.02,710.6645569620252,,1 vs 0,-1.2025412333126406
2,DURATION_STATE_0,0.02,724.8778481012657,,1 vs 0,-1.2032522986446936
2,DURATION_STATE_0,0.02,739.0911392405063,,1 vs 0,-1.2033993476284535
2,DURATION_STATE_0,0.02,753.3044303797468,,1 vs 0,-1.2030035011303897
2,DURATION_STATE_0,0.02,767.5177215189873,,1 vs 0,-1.2020849057762908
2,DURATION_STATE_0,0.02,781.7310126582278,,1 vs 0,-1.2006627869438058
2,DURATION_STATE_0,0.02,795.9443037974683,,1 vs 0,-1.198755498675465
2,DURATION_STATE_0,0.02,810.1575949367088,,1 vs 0,-1.1963805706648112
2,DURATION_STATE_0,0.02,824.3708860759493,,1 vs 0,-1.1935547524699353
2,DURATION_STATE_0,0.02,838.5841772151898,,1 vs 0,-1.1902940551074865
2,DURATION_STATE_0,0.02,852.7974683544303,,1 vs 0,-1.1866137901769858
2,DURATION_STATE_0,0.02,867.0107594936708,,1 vs 0,-1.1825286066606602
2,DURATION_STATE_0,0.02,881.2240506329114,,1 vs 0,-1.1780525255383154
2,DURATION_STATE_0,0.02,895.4373417721519,,1 vs 0,-1.1731989723505951
2,DURATION_STATE_0,0.02,909.6506329113923,,1 vs 0,-1.1679808078373644
2,DURATION_STATE_0,0.02,923.8639240506328,,1 vs 0,-1.162410356771247
2,DURATION_STATE_0,0.02,938.0772151898733,,1 vs 0,-1.1564994350996052
2,DURATION_STATE_0,0.02,952.2905063291139,,1 vs 0,-1.1502593755016763
2,DURATION_STATE_0,0.02,966.5037974683544,,1 vs 0,-1.1437010514610833
2,DURATION_STATE_0,0.02,980.7170886075949,,1 vs 0,-1.1368348999477857
2,DURATION_STATE_0,0.02,994.9303797468353,,1 vs 0,-1.1296709427975855
2,DURATION_STATE_0,0.02,1009.1436708860758,,1 vs 0,-1.1222188068716286
2,DURATION_STATE_0,0.02,1023.3569620253164,,1 vs 0,-1.1144877430730349
2,DURATION_STATE_0,0.02,1037.5702531645568,,1 vs 0,-1.106486644292705
2,DURATION_STATE_0,0.02,1051.7835443037975,,1 vs 0,-1.0982240623516055
2,DURATION_STATE_0,0.02,1065.996835443038,,1 vs 0,-1.0897082240023972
2,DURATION_STATE_0,0.02,1080.2101265822785,,1 vs 0,-1.080947046049049
2,DURATION_STATE_0,0.02,1094.423417721519,,1 vs 0,-1.0719481496391945
2,DURATION_STATE_0,0.02,1108.6367088607594,,1 vs 0,-1.0627188737803588
2,DURATION_STATE_0,0.02,1122.85,,1 vs 0,-1.053266288127699
2,DURATION_STATE_1,0.02,0.0,,1 vs 0,0.0
2,DURATION_STATE_1,0.02,0.9854430379746824,,1 vs 0,0.8696248471113757
2,DURATION_STATE_1,0.02,1.9708860759493647,,1 vs 0,1.3662391894032109
2,DURATION_STATE_1,0.02,2.9563291139240473,,1 vs 0,1.7089123253573162
2,DURATION_STATE_1,0.02,3.9417721518987294,,1 vs 0,1.968561197074358
2,DURATION_STATE_1,0.02,4.927215189873412,,1 vs 0,2.176472650206636
2,DURATION_STATE_1,0.02,5.912658227848095,,1 vs 0,2.349156900281797
2,DURATION_STATE_1,0.02,6.898101265822777,,1 vs 0,2.496467237189618
2,DURATION_STATE_1,0.02,7.883544303797459,,1 vs 0,2.6247386794095204
2,DURATION_STATE_1,0.02,8.868987341772142,,1 vs 0,2.73822262408032
2,DURATION_STATE_1,0.02,9.854430379746823,,1 vs 0,2.8399041896906425
2,DURATION_STATE_1,0.02,10.839873417721506,,1 vs 0,2.931957010419409
2,DURATION_STATE_1,0.02,11.82531645569619,,1 vs 0,3.016011296883539
2,DURATION_STATE_1,0.02,12.81075949367087,,1 vs 0,3.09332001207553
2,DURATION_STATE_1,0.02,13.796202531645553,,1 vs 0,3.1648662540810477
2,DURATION_STATE_1,0.02,14.781645569620235,,1 vs 0,3.2314351033252526
2,DURATION_STATE_1,0.02,15.767088607594918,,1 vs 0,3.293663167246999
2,DURATION_STATE_1,0.02,16.7525316455696,,1 vs 0,3.352073790115292
2,DURATION_STATE_1,0.02,17.737974683544284,,1 vs 0,3.407102157911501
2,DURATION_STATE_1,0.02,18.723417721518963,,1 vs 0,3.4591138202237133
2,DURATION_STATE_1,0.02,19.708860759493646,,1 vs 0,3.508418703161327
2,DURATION_STATE_1,0.02,20.69430379746833,,1 vs 0,3.5552817808753945
2,DURATION_STATE_1,0.02,21.679746835443012,,1 vs 0,3.5999313150106804
2,DURATION_STATE_1,0.02,22.665189873417695,,1 vs 0,3.6425652964570654
2,DURATION_STATE_1,0.02,23.65063291139238,,1 vs 0,3.683356539132854
2,DURATION_STATE_1,0.02,24.636075949367058,,1 vs 0,3.722456749775815
2,DURATION_STATE_1,0.02,25.62151898734174,,1 vs 0,3.7599998105486794
2,DURATION_STATE_1,0.02,26.606962025316424,,1 vs 0,3.796104449870496
2,DURATION_STATE_1,0.02,27.592405063291107,,1 vs 0,3.830876433005228
2,DURATION_STATE_1,0.02,28.57784810126579,,1 vs 0,3.8644103721527494
2,DURATION_STATE_1,0.02,29.56329113924047,,1 vs 0,3.8967912324741216
2,DURATION_STATE_1,0.02,30.548734177215152,,1 vs 0,3.928095593186713
2,DURATION_STATE_1,0.02,31.534177215189835,,1 vs 0,3.958392709894914
2,DURATION_STATE_1,0.02,32.51962025316452,,1 vs 0,3.987745414499704
2,DURATION_STATE_1,0.02,33.5050632911392,,1 vs 0,4.016210881522213
2,DURATION_STATE_1,0.02,34.490506329113884,,1 vs 0,4.043841283887524
2,DURATION_STATE_1,0.02,35.47594936708857,,1 vs 0,4.070684356715222
2,DURATION_STATE_1,0.02,36.46139240506325,,1 vs 0,4.0967838841387065
2,DURATION_STATE_1,0.02,37.446835443037926,,1 vs 0,4.122180121394962
2,DURATION_STATE_1,0.02,38.43227848101261,,1 vs 0,4.146910162218141
2,DURATION_STATE_1,0.02,39.41772151898729,,1 vs 0,4.17100825980517
2,DURATION_STATE_1,0.02,40.403164556961976,,1 vs 0,4.194495779671085
2,DURATION_STATE_1,0.02,41.38860759493666,,1 vs 0,4.217349699778941
2,DURATION_STATE_1,0.02,42.37405063291134,,1 vs 0,4.239540643414422
2,DURATION_STATE_1,0.02,43.359493670886025,,1 vs 0,4.2610451387023405
2,DURATION_STATE_1,0.02,44.34493670886071,,1 vs 0,4.28184478689801
2,DURATION_STATE_1,0.02,45.33037974683539,,1 vs 0,4.301925550073379
2,DURATION_STATE_1,0.02,46.315822784810074,,1 vs 0,4.321277139924087
2,DURATION_STATE_1,0.02,47.30126582278476,,1 vs 0,4.339892492265594
2,DURATION_STATE_1,0.02,48.28670886075943,,1 vs 0,4.357767314344699
2,DURATION_STATE_1,0.02,49.272151898734116,,1 vs 0,4.374899694191178
2,DURATION_STATE_1,0.02,50.2575949367088,,1 vs 0,4.391289762962041
2,DURATION_STATE_1,0.02,51.24303797468348,,1 vs 0,4.406939402658468
2,DURATION_STATE_1,0.02,52.228481012658165,,1 vs 0,4.4218519927794375
2,DURATION_STATE_1,0.02,53.21392405063285,,1 vs 0,4.436032190460734
2,DURATION_STATE_1,0.02,54.19936708860753,,1 vs 0,4.449485739470088
2,DURATION_STATE_1,0.02,55.184810126582214,,1 vs 0,4.462219304117111
2,DURATION_STATE_1,0.02,56.1702531645569,,1 vs 0,4.474240324714433
2,DURATION_STATE_1,0.02,57.15569620253158,,1 vs 0,4.485556891712664
2,DURATION_STATE_1,0.02,58.141139240506256,,1 vs 0,4.496177636042459
2,DURATION_STATE_1,0.02,59.12658227848094,,1 vs 0,4.506111633544322
2,DURATION_STATE_1,0.02,60.11202531645562,,1 vs 0,4.515368321661683
2,DURATION_STATE_1,0.02,61.097468354430305,,1 vs 0,4.52395742682347
2,DURATION_STATE_1,0.02,62.08291139240499,,1 vs 0,4.531888901156188
2,DURATION_STATE_1,0.02,63.06835443037967,,1 vs 0,4.539172867348083
2,DURATION_STATE_1,0.02,64.05379746835435,,1 vs 0,4.545819570644391
2,DURATION_STATE_1,0.02,65.03924050632904,,1 vs 0,4.5518393370867365
2,DURATION_STATE_1,0.02,66.02468354430371,,1 vs 0,4.55724253722513
2,DURATION_STATE_1,0.02,67.0101265822784,,1 vs 0,4.562039554630287
2,DURATION_STATE_1,0.02,67.99556962025308,,1 vs 0,4.56624075861971
2,DURATION_STATE_1,0.02,68.98101265822777,,1 vs 0,4.5698564806850435
2,DURATION_STATE_1,0.02,69.96645569620244,,1 vs 0,4.572896994172389
2,DURATION_STATE_1,0.02,70.95189873417713,,1 vs 0,4.575372496822822
2,DURATION_STATE_1,0.02,71.93734177215181,,1 vs 0,4.577293095828793
2,DURATION_STATE_1,0.02,72.9227848101265,,1 vs 0,4.578668795104026
2,DURATION_STATE_1,0.02,73.90822784810118,,1 vs 0,4.5795094845012425
2,DURATION_STATE_1,0.02,74.89367088607585,,1 vs 0,4.579824930743962
2,DURATION_STATE_1,0.02,75.87911392405054,,1 vs 0,4.579624769866575
2,DURATION_STATE_1,0.02,76.86455696202522,,1 vs 0,4.578918500981308
2,DURATION_STATE_1,0.02,77.84999999999991,,1 vs 0,4.577715481212106
