DATE,CURRENT_STATE,ACTUAL_NEXT_STATE,FIXED_P_TO_0,FIXED_P_TO_1,FIXED_P_TO_2,FIXED_P_TO_3,FIXED_ROW_SUM,FIXED_PREDICTED_NEXT_STATE,MLR_P_TO_0,MLR_P_TO_1,MLR_P_TO_2,MLR_P_TO_3,MLR_ROW_SUM,MLR_PREDICTED_NEXT_STATE,MLG_P_TO_0,MLG_P_TO_1,MLG_P_TO_2,MLG_P_TO_3,MLG_ROW_SUM,MLG_PREDICTED_NEXT_STATE,WEIGHTED_MLG_P_TO_0,WEIGHTED_MLG_P_TO_1,WEIGHTED_MLG_P_TO_2,WEIGHTED_MLG_P_TO_3,WEIGHTED_MLG_ROW_SUM,WEIGHTED_MLG_PREDICTED_NEXT_STATE,PVIF_MLR_P_TO_0,PVIF_MLR_P_TO_1,PVIF_MLR_P_TO_2,PVIF_MLR_P_TO_3,PVIF_MLR_ROW_SUM,PVIF_MLR_PREDICTED_NEXT_STATE
2017-01-03,0,0,0.94901,0.0,0.05099,0.0,1.0,0,0.9471609356154629,0.00018623291182575893,0.05236555718916099,0.00028727428355036614,1.0,0,0.9397263946184055,0.005381024115967334,0.050930916023025775,0.003961665242601425,1.0,0,0.9399246021163082,0.005400703932156679,0.05089480144179099,0.003779892509744102,1.0,0,0.9648369339772804,0.0003081526686172995,0.03445747125872473,0.00039744209537769274,1.0000000000000002,0
2017-01-04,0,0,0.94901,0.0,0.05099,0.0,1.0,0,0.9556569914043316,0.0002746751212107674,0.043901665888235,0.00016666758622281794,1.0000000000000002,0,0.9481772972330261,0.004978961925388645,0.04404409911918496,0.002799641722400282,1.0,0,0.9490873766427661,0.005049443504265813,0.04336047554361373,0.0025027043093543313,1.0,0,0.945807138647213,0.00048306517466953163,0.05303633779363785,0.0006734583844797971,1.0000000000000002,0
2017-01-05,0,0,0.94901,0.0,0.05099,0.0,1.0,0,0.940084216187373,0.0009791519884370806,0.058644342519087865,0.00029228930510200507,1.0,0,0.9483421995279844,0.005487172572082502,0.04351967090452802,0.00265095699540519,1.0000000000000002,0,0.9487854508718876,0.00588486193804013,0.04301119865387682,0.002318488536195485,1.0,0,0.9734061304938205,0.00023053283474654018,0.02608038461628171,0.0002829520551512615,1.0,0
2017-01-06,0,0,0.94901,0.0,0.05099,0.0,1.0,0,0.956185924336468,8.593979885075756e-05,0.04352249913109142,0.0002056367335898436,1.0,0,0.9509743162667523,0.003685260561741678,0.04214921325778668,0.0031912099137193168,1.0,0,0.9512461039567865,0.0035763269515204856,0.042017041373100604,0.003160527718592455,1.0,0,0.9669901292074989,0.0002885700949114985,0.03235328005491761,0.00036802064267206204,1.0000000000000002,0
2017-01-09,0,0,0.94901,0.0,0.05099,0.0,1.0,0,0.9398130024422294,0.0002664144263726954,0.0594708692499415,0.0004497138814564892,1.0,0,0.948622627201193,0.004096427263352697,0.04389318320833266,0.0033877623271215984,0.9999999999999999,0,0.9480836003083531,0.004167876286283419,0.044395200846429506,0.003353322558933854,0.9999999999999999,0,0.9637439271955903,0.00031811169414738475,0.03552542788695127,0.0004125332233109853,1.0,0
2017-01-10,0,0,0.94901,0.0,0.05099,0.0,1.0,0,0.9528648206466026,0.0001525206850267664,0.04675167091073202,0.0002309877576385736,1.0,0,0.9537553920394802,0.003496007861201698,0.039874351337115435,0.002874248762202544,1.0,0,0.9537371821009933,0.0034609601901032547,0.039997041138848805,0.002804816570054735,1.0000000000000002,0,0.9420679263324281,0.0005177638036590009,0.056683649438578926,0.0007306604253339401,1.0,0
2017-01-11,0,0,0.94901,0.0,0.05099,0.0,1.0,0,0.9591753453564484,0.00027150745068608496,0.04040597653343211,0.00014717065943337286,1.0,0,0.957970434551919,0.0035382631381375576,0.03620608645141292,0.002285215858530683,1.0,0,0.9583881355201953,0.0036257796688553435,0.035861306793671555,0.0021247780172778162,1.0,0,0.9590686036220235,0.000360843031422338,0.040092340525062276,0.0004782128214918417,1.0,0
2017-01-12,0,0,0.94901,0.0,0.05099,0.0,1.0,0,0.9576934888371053,0.00020640216719565704,0.041961148817951134,0.00013896017774810184,1.0000000000000002,0,0.9604310590279307,0.003181932104242638,0.034401644186599106,0.001985364681227519,1.0,0,0.9609579982331754,0.003199781801765475,0.03405363781974293,0.001788582145316197,1.0,0,0.971916651523092,0.00024396126573623313,0.027537053263754996,0.00030233394741656713,0.9999999999999998,0
2017-01-13,0,0,0.94901,0.0,0.05099,0.0,1.0,0,0.9561667232814728,0.00012529214291147556,0.04349689533225639,0.00021108924335929403,1.0,0,0.959706051819465,0.0028546906857119816,0.03508857277676406,0.0023506847180591785,1.0000000000000002,0,0.959830100226898,0.002807133745322721,0.03508949411181268,0.002273271915966776,1.0000000000000002,0,0.9745872503224857,0.0002199053968021617,0.02492509329737645,0.00026775098333581027,1.0000000000000002,0
2017-01-17,0,0,0.94901,0.0,0.05099,0.0,1.0,0,0.9487785510984957,0.0004617649313825534,0.05051112369915078,0.0002485602709708804,0.9999999999999999,0,0.961197382931541,0.0032023476681248665,0.03362937779536007,0.0019708916049741205,1.0,0,0.9613805555482039,0.003323402221835968,0.033502165019498445,0.001793877210461815,1.0,0,0.9608612932232999,0.0003444338261936088,0.038341454812979354,0.00045281813752686345,0.9999999999999998,0
2017-01-18,0,0,0.94901,0.0,0.05099,0.0,1.0,0,0.958166816587186,4.557478159566937e-05,0.04155910557071367,0.00022850306050455904,0.9999999999999999,0,0.9608423517099545,0.002322334356980755,0.034184516812447545,0.002650797120617088,0.9999999999999998,0,0.9605524381799168,0.002233533911292739,0.03442471757648588,0.0027893103323045473,1.0,0,0.9653945191521226,0.0003030769159477468,0.03391262033747189,0.000389783594457771,1.0,0
2017-01-19,0,0,0.94901,0.0,0.05099,0.0,1.0,0,0.9618515113110606,6.52246765740005e-05,0.03791282143388465,0.00017044257848077094,1.0,0,0.9626205892011015,0.002286295436050098,0.03273013814427432,0.0023629772185741658,1.0,0,0.962373758865415,0.002215139581984226,0.03297516594038638,0.0024359356122143887,1.0,0,0.9499122885815281,0.00044508436055847386,0.04903092410156056,0.0006117029563527659,0.9999999999999998,0
2017-01-20,0,0,0.94901,0.0,0.05099,0.0,1.0,0,0.9633802361338817,0.00015870203390178496,0.03632084847065828,0.00014021336155838664,1.0000000000000002,0,0.9661626353559211,0.0024221663855987824,0.02967324921175603,0.001741949046723946,0.9999999999999999,0,0.9665181675274458,0.0024290437519861765,0.02941649703943486,0.0016362916811331867,1.0,0,0.9631803307839062,0.0003232516636017507,0.03607606270799741,0.00042035484449461747,1.0,0
2017-01-23,0,0,0.94901,0.0,0.05099,0.0,1.0,0,0.9505475533170398,0.00048402149507417724,0.048715305412657596,0.00025311977522852065,1.0,0,0.9653849137639046,0.0027032273630880105,0.030190347878377037,0.0017215109946305423,1.0000000000000002,0,0.9654732839145566,0.0028287137159412157,0.030115352213413278,0.0015826501560891122,1.0000000000000002,0,0.9714993336757717,0.00024772871297021846,0.02794513201332615,0.0003078055979319025,0.9999999999999999,0
2017-01-24,0,0,0.94901,0.0,0.05099,0.0,1.0,0,0.9666117154101409,4.980702212949421e-05,0.033225710189266594,0.00011276737846323711,1.0000000000000002,0,0.9679558469426494,0.0019546129925214054,0.028289989456953442,0.0017995506078757398,1.0,0,0.968273505227934,0.001899577502752868,0.028049650744887317,0.0017772665244259421,1.0,0,0.9632683347982346,0.00032244886315495113,0.03599008459572097,0.0004191317428894984,1.0,0
2017-01-25,0,0,0.94901,0.0,0.05099,0.0,1.0,0,0.9640808377950546,5.601690857053679e-05,0.03570209456081278,0.0001610507355621589,1.0,0,0.9673584576436861,0.0019319289957323883,0.02877424129298042,0.0019353720676010863,1.0,0,0.9674082609856048,0.00188338522705945,0.028751038637932477,0.001957315149403277,1.0,0,0.9666002484716728,0.0002921122508353656,0.03273432213488048,0.0003733171426113403,1.0,0
2017-01-26,0,0,0.94901,0.0,0.05099,0.0,1.0,0,0.9604617948395886,0.00022958207472328275,0.03913447617999668,0.00017414690569158704,1.0,0,0.9687729838883543,0.0021637559088541905,0.027493833480213923,0.0015694267225774459,0.9999999999999999,0,0.9689209904029558,0.0021983505073256363,0.027401513562560705,0.0014791455271578671,1.0,0,0.954674662433787,0.0004011828265625947,0.044382646879622005,0.0005415078600284842,1.0,0
2017-01-27,0,0,0.94901,0.0,0.05099,0.0,1.0,0,0.9537581594063286,0.0002461461392531151,0.045776896904295226,0.00021879755012330996,1.0000000000000002,0,0.9682544081236206,0.0021527584628460317,0.027948712514328334,0.001644120899205133,1.0,0,0.9682412783587239,0.0022025527422223213,0.028000818579822746,0.0015553503192311468,1.0,0,0.9685313597106667,0.0002745841218216219,0.030846835797007643,0.000347220370503878,0.9999999999999998,0
2017-01-30,0,0,0.94901,0.0,0.05099,0.0,1.0,0,0.9575416955584477,9.801120574232591e-05,0.04213898791544347,0.00022130532036637504,0.9999999999999999,0,0.9683457390412877,0.0018289120943683823,0.02801403403833876,0.001811314826005,1.0,0,0.9680566895249405,0.0017935843904807551,0.02833073022941821,0.0018189958551605534,1.0,0,0.954722422060399,0.0004007434761167491,0.04433602235123381,0.000540812112250435,1.0,0
2017-01-31,0,0,0.94901,0.0,0.05099,0.0,1.0,0,0.9593257288305681,0.0002674219646353241,0.04023057104297493,0.0001762781618216201,1.0,0,0.9709043613792682,0.001986001432494727,0.025678927552866028,0.001430709635370993,0.9999999999999999,0,0.9710552744386858,0.002039030915960486,0.02555847320179885,0.001347221443555039,1.0000000000000002,0,0.95530359761544,0.0003953986353662583,0.04376864461858436,0.0005323591306093306,1.0,0
2017-02-01,0,0,0.94901,0.0,0.05099,0.0,1.0,0,0.9673616593291441,0.00011574784659327013,0.03241311516445234,0.00010947765981047891,1.0000000000000002,0,0.9727174931302527,0.0017249838085509617,0.024245905318653255,0.0013116177425430409,0.9999999999999999,0,0.973028800923119,0.0017249353621947262,0.024007591797057883,0.001238671917628347,1.0,0,0.9679028344216027,0.000280284494639492,0.0314612049118599,0.00035567617189766036,0.9999999999999998,0
2017-02-02,0,0,0.94901,0.0,0.05099,0.0,1.0,0,0.9591883067555663,0.00014863700685136964,0.04046963833833461,0.0001934178992478498,1.0000000000000002,0,0.9718022266720232,0.0017354622492288443,0.0250551598353909,0.0014071512433571167,1.0,0,0.9718970773186555,0.0017321683564520966,0.025033923956267565,0.0013368303686250315,1.0000000000000002,0,0.9746350539731429,0.00021947567401017665,0.024878331390783895,0.0002671389620630718,1.0,0
2017-02-03,0,0,0.94901,0.0,0.05099,0.0,1.0,0,0.9655076501862124,8.77942005006443e-05,0.03425809918216494,0.00014645643112213197,1.0000000000000002,0,0.973274969052966,0.0015798333134690813,0.02382308687376267,0.0013221107598023394,1.0,0,0.9735350734455825,0.0015560134197901197,0.02364697882006206,0.0012619343145650979,0.9999999999999999,0,0.9599798740529946,0.00035249811688396233,0.03920235579900148,0.00046527203111988653,0.9999999999999999,0
2017-02-06,0,0,0.94901,0.0,0.05099,0.0,1.0,0,0.953022432412718,0.00045544276218615536,0.04626361850830195,0.0002585063167939199,1.0,0,0.9720661274899685,0.0019303118277776692,0.024669675091331222,0.0013338855909227072,1.0,0,0.9720400744460094,0.0020418321624902534,0.024672174539825557,0.0012459188516748495,0.9999999999999999,0,0.9626777965314852,0.0003278374054318773,0.03656701435805291,0.00042735170503000434,1.0,0
2017-02-07,0,0,0.94901,0.0,0.05099,0.0,1.0,0,0.9593128675451927,0.0002192494191563539,0.04022010981795172,0.00024777321769896336,0.9999999999999999,0,0.9728079413963586,0.0016734901036205567,0.024111731702621396,0.0014068367973994558,1.0,0,0.9727448828016099,0.001707093927186755,0.02416783013879205,0.0013801931324111483,0.9999999999999998,0,0.9559125706313698,0.00038980117201766043,0.043174099596088616,0.0005235286005242182,1.0000000000000004,0
2017-02-08,0,0,0.94901,0.0,0.05099,0.0,1.0,0,0.9599164986562627,0.00042405904155416003,0.03946476617932643,0.00019467612285682223,1.0000000000000002,0,0.9745048079389214,0.0017603201463654047,0.02256456592325888,0.001170305991454254,0.9999999999999999,0,0.9746955990623164,0.0018584112546452555,0.022353565640972108,0.0010924240420662516,1.0,0,0.9588295262356759,0.0003630336160606802,0.0403258213971115,0.00048161875115203717,1.0,0
2017-02-09,0,0,0.94901,0.0,0.05099,0.0,1.0,0,0.9700448309393351,6.118190973726403e-05,0.029804959333826257,8.902781710139073e-05,1.0,0,0.975432562255989,0.0013648634516648698,0.02198636857721523,0.0012162057151311198,1.0000000000000002,0,0.9756900063013165,0.0013455178697597378,0.021786228913169167,0.001178246915754489,1.0,0,0.969007354820579,0.0002702701126368201,0.03038153359915659,0.0003408414676276683,1.0,0
2017-02-10,0,0,0.94901,0.0,0.05099,0.0,1.0,0,0.9691697723105771,0.00014742112808426353,0.030596333620780403,8.6472940558118e-05,0.9999999999999999,0,0.9762370999939427,0.001475965367916577,0.02123422132310771,0.0010527133150328917,0.9999999999999999,0,0.9765636112019465,0.0015018997614406214,0.02096384461636782,0.0009706444202451085,1.0,0,0.9667425352921819,0.0002908193508189489,0.0325952627730664,0.0003713825839328656,1.0000000000000002,0
2017-02-13,0,0,0.94901,0.0,0.05099,0.0,1.0,0,0.9640594963490484,8.014724273763994e-05,0.03566315617024214,0.00019720023797172343,1.0,0,0.9748942945133806,0.0013451274948081088,0.022457686980130603,0.0013028910116807569,1.0,0,0.9748939041722182,0.0013274657703183524,0.02248779098495567,0.0012908390725077654,1.0,0,0.972350299396482,0.00024004873631471274,0.02711298471146462,0.00029666715573877775,1.0,0
2017-02-14,0,0,0.94901,0.0,0.05099,0.0,1.0,0,0.9685511293801575,7.926348333131366e-05,0.03123124667577543,0.00013836046073579614,1.0000000000000002,0,0.9762154916802512,0.0012867391035099607,0.021308955442930946,0.0011888137733079833,1.0000000000000002,0,0.9763424677141761,0.0012697003556591119,0.02121613875353193,0.0011716931766328226,0.9999999999999999,0,0.9505650207206032,0.0004390567633756707,0.048393934440585304,0.0006019880754359206,1.0,0
2017-02-15,0,0,0.94901,0.0,0.05099,0.0,1.0,0,0.9714819185322641,7.891440782120984e-05,0.028352387529551198,8.677953036356604e-05,1.0,0,0.9764587948069708,0.0012896847578294313,0.021088282709626472,0.0011632377255734612,1.0000000000000002,0,0.9765822397552496,0.0012877061536085066,0.020993286435765705,0.0011367676553758943,0.9999999999999997,0,0.9648369339772804,0.0003081526686172995,0.03445747125872473,0.00039744209537769274,1.0000000000000002,0
2017-02-16,0,0,0.94901,0.0,0.05099,0.0,1.0,0,0.9609190460969081,0.00025877243479410105,0.038592902928615586,0.00022927853968225954,1.0000000000000002,0,0.9759593728137631,0.0014424041503510942,0.021470887697902032,0.0011273353379838093,1.0,0,0.975927119991242,0.001486847568729139,0.021510352018322947,0.0010756804217057357,0.9999999999999999,0,0.9642040611773299,0.00031391766135892974,0.03507585357811477,0.0004061675831966228,1.0000000000000002,0
2017-02-17,0,0,0.94901,0.0,0.05099,0.0,1.0,0,0.9648273539842732,0.00017848317278411783,0.03483646710706612,0.0001576957358765363,1.0,0,0.9766441817731222,0.001349576106053128,0.02089716727586627,0.0011090748449585242,1.0,0,0.9766797894323231,0.0013779240336485728,0.020877197193151443,0.0010650893408768914,1.0,0,0.957792870628946,0.00037253803139094914,0.04133815279479209,0.0004964385448709709,1.0,0
2017-02-21,0,0,0.94901,0.0,0.05099,0.0,1.0,0,0.9681692881191417,0.00012943240376711457,0.03158082639443562,0.00012045308265559335,1.0,0,0.9776848669957093,0.001265759971759011,0.02002625577483896,0.0010231172576927003,1.0,0,0.9778607422609497,0.0012795617722715787,0.019890117620346207,0.000969578346432629,1.0,0,0.9595642022789739,0.00035630367317828973,0.03960832728484266,0.0004711667630052086,1.0,0
2017-02-22,0,0,0.94901,0.0,0.05099,0.0,1.0,0,0.9658862114653995,0.00012883635698905327,0.03385773002066701,0.00012722215694448946,1.0,0,0.9773626443624178,0.0012417699155072546,0.02034851365130363,0.0010470720707712639,1.0,0,0.9773978000759854,0.0012496309720265832,0.02035727959355235,0.0009952893584356253,1.0,0,0.9621485678223222,0.00033266941250538874,0.03708401966485887,0.0004347431003135207,1.0,0
2017-02-23,0,0,0.94901,0.0,0.05099,0.0,1.0,0,0.9677392074197639,0.00018177936016219355,0.031965604032846935,0.00011340918722702418,1.0000000000000002,0,0.9782793465382834,0.0012652280360661262,0.019527439372648076,0.0009279860530024605,1.0,0,0.9784290843494498,0.0012920712252976723,0.01942377575797207,0.0008550686672803487,0.9999999999999998,0,0.9596070250039768,0.0003559115497997845,0.03956650459519233,0.0004705588510311028,0.9999999999999999,0
2017-02-24,0,0,0.94901,0.0,0.05099,0.0,1.0,0,0.9632653464347736,0.00043038936849743866,0.03612447330504614,0.0001797908916827153,0.9999999999999999,0,0.97810748904026,0.0013973040539212622,0.019548060674052365,0.000947146231766285,0.9999999999999999,0,0.9781940373639796,0.0014926827916787603,0.019432230113293474,0.000881049731048156,1.0,0,0.9655601249973085,0.0003015700152088735,0.03375079073098699,0.0003875142564956525,1.0,0
2017-02-27,0,0,0.94901,0.0,0.05099,0.0,1.0,0,0.969162459727624,6.524139972487375e-05,0.0306336096199789,0.00013868925267221494,1.0,0,0.978367606705279,0.0010589706406118392,0.01949125373042825,0.001082168923680854,1.0,0,0.9783635109773701,0.0010412967324279294,0.019509117255995544,0.0010860750342064065,1.0,0,0.9616223185022116,0.0003374769014287109,0.03759808868078814,0.0004421159155714154,0.9999999999999999,0
2017-02-28,0,0,0.94901,0.0,0.05099,0.0,1.0,0,0.9684428753084818,0.00017668101963994664,0.031244898528240226,0.00013554514363790476,0.9999999999999999,0,0.9789624217880575,0.0011704418915404419,0.018933063361223187,0.0009340729591788824,1.0,0,0.9790191684849647,0.001192916481161618,0.01889779869052822,0.0008901163433454736,1.0,0,0.9599904782472192,0.000352401054130738,0.039191998868136776,0.0004651218305133297,0.9999999999999999,0
2017-03-01,0,0,0.94901,0.0,0.05099,0.0,1.0,0,0.9785131370856318,1.8374393482131407e-05,0.021392519364670244,7.596915621582286e-05,1.0,0,0.9802006199782347,0.0008933369300997098,0.01787714532853364,0.001028897763131893,1.0,0,0.980426495788561,0.0008684044340468742,0.0176284969935785,0.0010766027838135148,0.9999999999999999,0,0.9679456822238282,0.00027989574728948594,0.031419323482115825,0.0003550985467667452,1.0000000000000002,0
2017-03-02,0,0,0.94901,0.0,0.05099,0.0,1.0,0,0.9643319676277365,7.156962885334503e-05,0.035362101636830866,0.00023436110657917844,0.9999999999999999,0,0.9776446786072078,0.0010270679779294338,0.020122959408408927,0.001205294006453799,0.9999999999999999,0,0.9772908110721088,0.0010138562994628888,0.020438077293457497,0.0012572553349707212,0.9999999999999999,0,0.9659708007654869,0.00029783439305402387,0.03334946766383872,0.00038189717762047705,1.0,0
2017-03-03,0,0,0.94901,0.0,0.05099,0.0,1.0,0,0.9716001069619201,0.00013329797684458642,0.028178645242757434,8.794981847783162e-05,1.0,0,0.9800163276813506,0.0010836819936102143,0.018042264035211864,0.0008577262898272422,1.0,0,0.9801502267242466,0.001101353723690048,0.01794358961122209,0.000804829940841195,0.9999999999999999,0,0.9451094990949247,0.0004895317401803299,0.05371690585360002,0.0006840633112951529,1.0000000000000002,0
2017-03-06,0,0,0.94901,0.0,0.05099,0.0,1.0,0,0.9702714973693061,9.170596447914237e-05,0.029519508887805544,0.00011728777840912952,0.9999999999999999,0,0.9797195099425263,0.0010058706066678753,0.018341015056923884,0.0009336043938817648,0.9999999999999999,0,0.9797065385937272,0.0010006623590327946,0.01838260634129902,0.0009101927059408701,1.0,0,0.9670429528276172,0.0002880903077470306,0.03230165276033513,0.00036730410430073146,1.0,0
2017-03-07,0,0,0.94901,0.0,0.05099,0.0,1.0,0,0.9690295045657971,7.961454353308674e-05,0.030760285915117726,0.00013059497555209808,1.0,0,0.979591364856174,0.0009751817705572864,0.018435180666208386,0.0009982727070602805,1.0,0,0.9795075518408104,0.000969593473342314,0.01852177031306911,0.0010010843727779348,0.9999999999999998,0,0.9634826042876671,0.0003204945510592458,0.03578074464337591,0.0004161565178977716,0.9999999999999999,0
2017-03-08,0,0,0.94901,0.0,0.05099,0.0,1.0,0,0.9678467999419496,3.573716691906871e-05,0.031880549426615834,0.00023691346451548082,1.0,0,0.9781496525074663,0.000896728725538443,0.019608015623745593,0.0013456031432496143,1.0,0,0.9776522383150588,0.0008819964520660172,0.019950459798957258,0.0015153054339179367,1.0,0,0.9585452560710619,0.0003656389532591248,0.040603430659548384,0.0004856743161304853,0.9999999999999999,0
2017-03-09,0,0,0.94901,0.0,0.05099,0.0,1.0,0,0.9722703381968131,3.8948866789601135e-05,0.027560330029554634,0.0001303829068426661,0.9999999999999999,0,0.9793948307109014,0.0008830637416027517,0.018556219167237865,0.0011658863802580775,1.0,0,0.9791363322332287,0.0008704871435420594,0.01872934851464427,0.0012638321085850265,1.0,0,0.9345821719762628,0.0005875034554695727,0.06398257931052104,0.0008477452577466055,0.9999999999999999,0
2017-03-10,0,0,0.94901,0.0,0.05099,0.0,1.0,0,0.9703193578611004,0.00011872750235691424,0.029440958606537216,0.00012095603000535519,0.9999999999999998,0,0.9805747440348346,0.0009913199233879235,0.017571386883727298,0.0008625491580502482,1.0,0,0.9806098327805097,0.0010061650590383203,0.017557599470711432,0.000826402689740614,1.0,0,0.9495960829804023,0.0004480054898603232,0.04933949187965388,0.0006164196500834674,1.0,0
2017-03-13,0,0,0.94901,0.0,0.05099,0.0,1.0,0,0.9733147385144615,7.492684090859413e-05,0.026515360963478726,9.497368115124938e-05,1.0,0,0.9810395367079866,0.0009073189930887864,0.017182399251165593,0.0008707450477590953,1.0000000000000002,0,0.9810733514770986,0.0009044966432628589,0.017165978495361122,0.0008561733842773398,1.0,0,0.954805886007262,0.0003999757195346286,0.04425454163772519,0.0005395966354782169,1.0,0
2017-03-14,0,0,0.94901,0.0,0.05099,0.0,1.0,0,0.9689246896447183,0.0001277990558138935,0.03076037772127173,0.00018713357819609522,1.0,0,0.9802488424943521,0.0009518107449377341,0.017816357830350314,0.0009829889303598833,1.0,0,0.9800523148413444,0.0009663714810367772,0.017972269743310034,0.001009043934308722,0.9999999999999998,0,0.9626083084298447,0.00032847169574290013,0.03663489900681203,0.0004283208676004762,1.0000000000000002,0
2017-03-15,0,0,0.94901,0.0,0.05099,0.0,1.0,0,0.9733048315601418,0.0005344926782298656,0.026108009286867837,5.2666474760595204e-05,1.0000000000000002,0,0.9826929682812582,0.0011783820779335866,0.015547693393266032,0.0005809562475422236,1.0,0,0.9830504548154615,0.0013108561107800067,0.015148200394339666,0.0004904886794188968,1.0,0,0.9560635721152572,0.0003884137024810921,0.04302667094186427,0.0005213432403975676,1.0000000000000002,0
2017-03-16,0,0,0.94901,0.0,0.05099,0.0,1.0,0,0.9738296523465205,7.322719638888971e-05,0.026016171324027604,8.094913306290938e-05,0.9999999999999999,0,0.9819862174273845,0.0008613114310916695,0.016414792670609985,0.00073767847091386,1.0,0,0.9820903683452558,0.0008524150043151512,0.016367537223984915,0.000689679426444273,1.0,0,0.971006143662573,0.00025218392430939476,0.028427377550467033,0.00031429486265055793,0.9999999999999999,0
2017-03-17,0,0,0.94901,0.0,0.05099,0.0,1.0,0,0.9719001324944289,0.0001671097928558995,0.027826741455357004,0.00010601625735818786,1.0,0,0.9820369842876627,0.000937365441312849,0.01628587151235921,0.0007397787586652061,0.9999999999999999,0,0.982121162427734,0.0009625965402224205,0.016220203130659232,0.0006960379013843694,1.0,0,0.9644793271326845,0.000311409692413472,0.03480689498645925,0.0004023681884427933,1.0,0
2017-03-20,0,0,0.94901,0.0,0.05099,0.0,1.0,0,0.9718611635368721,0.00015786694840361627,0.027877748625504666,0.00010322088921974591,1.0,0,0.9819456459717797,0.0009256542808736877,0.016375743003672984,0.0007529567436736199,0.9999999999999999,0,0.9819823082896079,0.0009499967773344144,0.016356213621288595,0.0007114813117690778,1.0,0,0.9659617262029649,0.00029791691850247683,0.03335833574476231,0.0003820211337703578,1.0,0
2017-03-21,0,0,0.94901,0.0,0.05099,0.0,1.0,0,0.9669950653676066,0.00019013099888890253,0.032636983387480493,0.00017782024602403722,1.0,0,0.9811788105910575,0.0009277002326809678,0.017061599308441866,0.0008318898678197126,1.0,0,0.9809634199220799,0.0009527277446852086,0.01727021523950462,0.0008136370937304734,1.0000000000000002,0,0.9627075391117054,0.0003275659283512014,0.036537957956255675,0.0004269370036877533,1.0,0
2017-03-22,0,0,0.94901,0.0,0.05099,0.0,1.0,0,0.9724337040052494,0.00019552345209781832,0.027264813472794445,0.00010595906985822399,0.9999999999999999,0,0.9822936179557812,0.0009321510330226695,0.016029798865474832,0.0007444321457211954,0.9999999999999999,0,0.9823495778576207,0.000973451417954553,0.015968989024469457,0.0007079816999552831,0.9999999999999999,0,0.9592092509559083,0.00035955456825076057,0.0399549832412331,0.00047621123460785125,1.0,0
2017-03-23,0,0,0.94901,0.0,0.05099,0.0,1.0,0,0.9744286567911836,7.380744162258111e-05,0.025399252802176937,9.828296501681276e-05,0.9999999999999999,0,0.9824525269881681,0.0008001816948313702,0.01597102047107186,0.0007762708459286614,1.0,0,0.9824548154708701,0.0007969734538400486,0.01598675323384481,0.0007614578414450788,1.0,0,0.9606009317859847,0.0003468151763736322,0.03859576266186679,0.00045649037577501607,1.0000000000000002,0
2017-03-24,0,0,0.94901,0.0,0.05099,0.0,1.0,0,0.9746345915450845,0.0001724023558060584,0.025127635479818514,6.537061929081105e-05,0.9999999999999999,0,0.9830000796230162,0.0008945941722648113,0.015443942367963367,0.0006613838367556793,0.9999999999999999,0,0.9831238957022979,0.0009307112157112262,0.015338373451061378,0.0006070196309294534,0.9999999999999999,0,0.9612333141856891,0.0003410323059955036,0.037978072964786405,0.0004475805435289942,1.0,0
2017-03-27,0,0,0.94901,0.0,0.05099,0.0,1.0,0,0.9733957391929056,0.00013604093951525838,0.026354051400012,0.00011416846756730605,1.0000000000000002,0,0.982768428920468,0.0008404820484451625,0.015659223365103173,0.0007318656659838439,1.0000000000000002,0,0.9827800204914492,0.0008584251294576761,0.0156550141129221,0.0007065402661710611,1.0,0,0.9661247114733035,0.00029643483938815733,0.033199057766529184,0.000379795920779181,1.0,0
2017-03-28,0,0,0.94901,0.0,0.05099,0.0,1.0,0,0.9794885448368383,6.119444985190082e-05,0.020381464252169485,6.879646114015456e-05,0.9999999999999998,0,0.9838978729743123,0.0007473791632827214,0.014676209293038086,0.0006785385693668225,0.9999999999999999,0,0.9840830250193849,0.0007484370251811062,0.014508040294446498,0.0006604976609874978,1.0,0,0.9619570934758632,0.000334418295895783,0.037271065195663804,0.00043742303257719413,1.0,0
2017-03-29,0,0,0.94901,0.0,0.05099,0.0,1.0,0,0.9776599004515614,0.00016851183410589794,0.022107115812988944,6.447190134370753e-05,1.0,0,0.983858732106321,0.0008476558689459544,0.014680910924410474,0.0006127011003224645,0.9999999999999999,0,0.9840230385734468,0.0008829606479244406,0.014529074840119427,0.0005649259385094411,1.0000000000000002,0,0.9694027776133004,0.00026668833674672095,0.029994975244425626,0.0003355588055272759,1.0,0
2017-03-30,0,0,0.94901,0.0,0.05099,0.0,1.0,0,0.9787562798882903,5.267767654689974e-05,0.021117367017380748,7.367541778197174e-05,1.0,0,0.9837609760199928,0.0007158014744995079,0.01482184320183694,0.0007013793036708274,1.0,0,0.9838540563130699,0.0007096088411698975,0.014745409741179,0.0006909251045810728,0.9999999999999998,0,0.9714304743069152,0.00024835056943456205,0.02801246497083842,0.0003087101528118416,1.0,0
2017-03-31,0,0,0.94901,0.0,0.05099,0.0,1.0,0,0.9773572615135079,0.00011681604718306236,0.022453654935242373,7.226750406666252e-05,0.9999999999999999,0,0.9834394316825844,0.0007927052152575146,0.015079182593480508,0.0006886805086774754,0.9999999999999999,0,0.9834508704917203,0.0008115308909426852,0.015074233960688273,0.000663364656648723,1.0,0,0.9660975996819667,0.00029668135624709744,0.033225553052946645,0.00038016590883963025,1.0,0
2017-04-03,0,0,0.94901,0.0,0.05099,0.0,1.0,0,0.9740498278857945,0.00017373012706476876,0.025676116231887407,0.00010032575525308887,0.9999999999999998,0,0.9833371597063577,0.0008276329952837465,0.015152056405092,0.0006831508932666406,1.0,0,0.9833332482614384,0.0008610608770977164,0.015154996940169512,0.000650693921294289,0.9999999999999999,0,0.965660951863638,0.0003006527005160971,0.03365226164414959,0.0003861337916964365,1.0,0
2017-04-04,0,0,0.94901,0.0,0.05099,0.0,1.0,0,0.9794599332176251,9.064419572981873e-05,0.020388817357441736,6.060522920328543e-05,0.9999999999999999,0,0.9844734755634796,0.0007371434603708823,0.014177033649537346,0.0006123473266120665,1.0,0,0.9846205416102942,0.0007487192663641546,0.014049583813324253,0.000581155310017578,1.0000000000000002,0,0.9591768350304194,0.00035985151308401376,0.03998664104073032,0.00047667241576619456,1.0,0
2017-04-05,0,0,0.94901,0.0,0.05099,0.0,1.0,0,0.9782863611278528,7.950371620070278e-05,0.02157503016757185,5.910498837459717e-05,1.0,0,0.9840970643223631,0.0007256999492748135,0.01454486999909924,0.0006323657292628864,1.0,0,0.9841562694429128,0.0007300808577174705,0.014515704511625137,0.0005979451877445502,0.9999999999999999,0,0.972014419454368,0.00024307895823396153,0.027441446940143912,0.00030105464725413796,1.0,0
2017-04-06,0,0,0.94901,0.0,0.05099,0.0,1.0,0,0.9776165739363541,0.0001210204395688486,0.022179847371259893,8.255825281713741e-05,1.0,0,0.9843605895399934,0.0007491477181488618,0.014262509616864727,0.0006277531249929458,0.9999999999999999,0,0.9844568035480955,0.0007676951910187175,0.014176200907570135,0.0005993003533154833,0.9999999999999998,0,0.9662059213078842,0.00029569647732031947,0.033119694150095226,0.00037868806470028546,1.0,0
2017-04-07,0,0,0.94901,0.0,0.05099,0.0,1.0,0,0.9779507480748573,7.163314286120432e-05,0.021884077500086283,9.354128219536327e-05,1.0,0,0.9842861602569687,0.0006849510060518229,0.014350847913693406,0.0006780408232861386,1.0,0,0.9843075809434618,0.00068509214624833,0.014332589083633026,0.000674737826657021,1.0000000000000002,0,0.9658344368043984,0.0002990745998565415,0.033482727946504406,0.0003837606492406243,1.0,0
2017-04-10,0,0,0.94901,0.0,0.05099,0.0,1.0,0,0.9789216785978713,0.00011984721640531774,0.020879583294156262,7.889089156711148e-05,1.0,0,0.9845615825527758,0.0007316872735951791,0.014087122811479046,0.000619607362149898,1.0,0,0.9846314757921416,0.000750281125669713,0.01402265021752327,0.000595592864665392,0.9999999999999999,0,0.9657158282184021,0.00030015348494742813,0.033598635461584835,0.0003853828350656123,0.9999999999999999,0
2017-04-11,0,0,0.94901,0.0,0.05099,0.0,1.0,0,0.9761142958312439,0.00025507012886962475,0.023538551359352684,9.208268053371651e-05,0.9999999999999999,0,0.9845200035959967,0.0008063962357046419,0.014087622560064197,0.0005859776082343542,0.9999999999999999,0,0.9845888635579516,0.0008564054419702001,0.014008816898011252,0.0005459141020670244,1.0,0,0.9677653488115128,0.00028153200608245266,0.03159558843081469,0.0003575307515902407,1.0000000000000002,0
2017-04-12,0,0,0.94901,0.0,0.05099,0.0,1.0,0,0.9779757952986037,8.629015564448912e-05,0.021870451083129815,6.746346262205964e-05,1.0,0,0.9844330275856126,0.0006943316061556939,0.014242027689006478,0.0006306131192253585,1.0000000000000002,0,0.9844392431195238,0.0007021459810153243,0.01425369697430408,0.0006049139251567179,1.0,0,0.9659708007654869,0.00029783439305402387,0.03334946766383872,0.00038189717762047705,1.0,0
2017-04-13,0,0,0.94901,0.0,0.05099,0.0,1.0,0,0.9763753625572202,0.00020076960690771438,0.02335329830845252,7.056952741960877e-05,1.0000000000000002,0,0.984549268683164,0.0007708280977748944,0.014099987670805038,0.0005799155482560683,0.9999999999999999,0,0.9845710586921673,0.0008102205091770032,0.01408177141264307,0.0005369493860125704,1.0,0,0.9629052411450547,0.00032576161242423084,0.03634481491572927,0.0004241823267919287,1.0000000000000002,0
2017-04-17,0,0,0.94901,0.0,0.05099,0.0,1.0,0,0.9805162213362857,4.7124892183748814e-05,0.01935683195066455,7.982182086616467e-05,1.0,0,0.9849634064044352,0.0006298767438125845,0.013753637113140767,0.0006530797386114692,1.0,0,0.9850393346566357,0.0006277978275257643,0.013679235978097158,0.0006536315377413254,1.0,0,0.9658799499577687,0.0002986606435849453,0.033438250890688324,0.0003831385079579254,0.9999999999999999,0
2017-04-18,0,0,0.94901,0.0,0.05099,0.0,1.0,0,0.9737310271209877,0.0002714174496433307,0.02586326602270418,0.0001342894066648299,1.0,0,0.984294469724967,0.000790790496584003,0.014284457324503631,0.0006302824539455269,1.0000000000000002,0,0.984246408336645,0.0008458519889055736,0.014303357000792423,0.0006043826736569979,1.0,0,0.9581374763552856,0.0003693775118716785,0.04100164322363825,0.0004915029092043835,0.9999999999999999,0
2017-04-19,0,0,0.94901,0.0,0.05099,0.0,1.0,0,0.9770082907560016,4.050141445651828e-05,0.022851738630974106,9.94691985678464e-05,1.0,0,0.9839650161389071,0.0006228169014255937,0.01465217495523621,0.0007599920044310095,0.9999999999999999,0,0.9837995352159791,0.00061986237858104,0.014794717956669043,0.0007858844487705896,0.9999999999999998,0,0.9555152985244271,0.00039345240367321305,0.04356196286838009,0.0005292862035195785,0.9999999999999999,0
2017-04-20,0,0,0.94901,0.0,0.05099,0.0,1.0,0,0.9823048940129182,4.728503384461404e-05,0.017596452740871342,5.136821236576209e-05,0.9999999999999999,0,0.9854188144911866,0.0006173921004186749,0.01334864715104449,0.0006151462573502254,1.0,0,0.9855268482617524,0.0006201880884545218,0.013244598489107622,0.000608365160685357,1.0,0,0.941780948425956,0.0005204307668424005,0.05696353395794278,0.0007350868492588932,1.0,0
2017-04-21,0,0,0.94901,0.0,0.05099,0.0,1.0,0,0.9778420887069564,6.622801082304518e-05,0.022000160824500646,9.152245771983164e-05,0.9999999999999999,0,0.9845478555099539,0.0006394411234202295,0.014150272193383516,0.0006624311732422401,0.9999999999999999,0,0.9844540471246918,0.0006416608878184578,0.014247535891636404,0.0006567560958534311,1.0,0,0.9626480311375342,0.00032810909941580435,0.036596092964407356,0.00042776679864266177,1.0,0
2017-04-24,0,0,0.94901,0.0,0.05099,0.0,1.0,0,0.9829154546568462,4.654940453751292e-05,0.016993704451936743,4.4291486679622356e-05,1.0,0,0.9856928379755578,0.000613705279049015,0.013116015670382087,0.0005774410750110366,1.0,0,0.9858405957949211,0.0006185329609960293,0.012983231825198567,0.0005576394188841766,0.9999999999999999,0,0.9522622226902128,0.0004233993984297716,0.04673751194338987,0.0005768659679677267,1.0,0
2017-04-25,0,0,0.94901,0.0,0.05099,0.0,1.0,0,0.9843295632906519,3.171829413582374e-05,0.015604001142281493,3.471727293059417e-05,0.9999999999999998,0,0.9858687190794825,0.0005767973970717432,0.01297516594254771,0.0005793175808980525,0.9999999999999999,0,0.9860057900628663,0.0005737686429034454,0.01285230561926728,0.0005681356749629047,1.0,0,0.9594247277318402,0.0003575809432724356,0.03974454357362914,0.0004731477512580206,0.9999999999999998,0
2017-04-26,0,0,0.94901,0.0,0.05099,0.0,1.0,0,0.9803783070980158,8.736543450567902e-05,0.019464194244953263,7.013322252516991e-05,0.9999999999999999,0,0.9852246391521144,0.0006446191009257509,0.013533973590983685,0.000596768155976,0.9999999999999999,0,0.9852183926740599,0.0006562804581067201,0.013546335598828422,0.0005789912690049861,1.0,0,0.9658435441202461,0.00029899176423026064,0.03347382797337686,0.0003836361421468784,1.0,0
2017-04-27,0,0,0.94901,0.0,0.05099,0.0,1.0,0,0.9797032385365403,7.300804029214732e-05,0.020157892422810735,6.586100035678075e-05,1.0,0,0.9851229529434987,0.0006354340190685948,0.013631696720380112,0.0006099163170524307,0.9999999999999999,0,0.985107705584964,0.0006463866596952277,0.01365431149576664,0.0005915962595742045,1.0,0,0.9597352325274346,0.0003547376664491686,0.039441290121891924,0.00046873968422403103,0.9999999999999998,0
2017-04-28,0,0,0.94901,0.0,0.05099,0.0,1.0,0,0.9813220479865893,0.0001038468159714178,0.01852614326161226,4.796193582693783e-05,0.9999999999999999,0,0.9857942222747048,0.0006477930421287774,0.013026114927215015,0.0005318697559512697,1.0,0,0.9858749880645958,0.0006668194307535255,0.012959821541882492,0.0004983709627681442,1.0,0,0.9522496708146782,0.00042351511224166216,0.0467497630512579,0.0005770510218222947,1.0,0
2017-05-01,0,0,0.94901,0.0,0.05099,0.0,1.0,0,0.983499779433671,2.5832525686879727e-05,0.016415137123755218,5.9250916886862336e-05,0.9999999999999999,0,0.9857461669494159,0.000535552071579788,0.01309778271022228,0.000620498268781963,0.9999999999999999,0,0.9857643687471607,0.000522820492543037,0.0130797160000348,0.0006330947602615195,1.0,0,0.9666892464927639,0.0002913035378237765,0.03264734307617083,0.0003721068932414342,0.9999999999999999,0
2017-05-02,0,0,0.94901,0.0,0.05099,0.0,1.0,0,0.9788388528129481,0.0001084689613679734,0.02095358623650553,9.909198917828814e-05,0.9999999999999999,0,0.9852873256251236,0.0006474144255429079,0.013463919742473707,0.0006013402068599652,1.0000000000000002,0,0.9852537601132412,0.000667840414037162,0.013490940404359004,0.0005874590683625262,0.9999999999999999,0,0.9621485678223222,0.00033266941250538874,0.03708401966485887,0.0004347431003135207,1.0,0
2017-05-03,0,0,0.94901,0.0,0.05099,0.0,1.0,0,0.9802419649096638,9.838810099394527e-05,0.01957542006919079,8.422692015154829e-05,1.0,0,0.9857569978298667,0.0006181256587514103,0.01304606392473089,0.0005788125866508771,0.9999999999999998,0,0.9857706746450449,0.0006320048069836783,0.013028082821614507,0.0005692377263571235,1.0000000000000002,0,0.9515035343012023,0.0004303958444001656,0.047477998553726926,0.0005880713006705004,0.9999999999999999,0
2017-05-04,0,0,0.94901,0.0,0.05099,0.0,1.0,0,0.980133956904578,1.8287303378669825e-05,0.01973509619162728,0.00011265960041590499,1.0,0,0.9843386285849126,0.0005333592202800181,0.014287228337340769,0.0008407838574664441,0.9999999999999998,0,0.9840488219553781,0.0005282625371839791,0.014484300904121915,0.0009386146033161122,1.0,0,0.9630528555886851,0.0003244146686984243,0.03620060205511352,0.00042212768750301,1.0,0
2017-05-05,0,0,0.94901,0.0,0.05099,0.0,1.0,0,0.9847173120673164,9.786867669403827e-05,0.015143279167244809,4.154008874472325e-05,0.9999999999999999,0,0.9866241095344265,0.0006175721010650668,0.012262022921093291,0.0004962954434151916,1.0,0,0.9867812359118207,0.0006410739654216981,0.012106766313250897,0.0004709238095067698,1.0,0,0.9244487921044706,0.0006824393034935533,0.07385745204979986,0.0010113165422357372,0.9999999999999998,0
2017-05-08,0,0,0.94901,0.0,0.05099,0.0,1.0,0,0.9833991571965504,4.4287737913006006e-05,0.016501808505668937,5.474655986792267e-05,1.0000000000000002,0,0.9860109121963428,0.0005556264874068542,0.012860584333357778,0.0005728769828925264,1.0,0,0.9860286520676187,0.0005527748894037498,0.01285171406761928,0.0005668589753582068,1.0,0,0.9725646755734737,0.0002381154480257259,0.02690333602405077,0.00029387295444966197,1.0,0
2017-05-09,0,0,0.94901,0.0,0.05099,0.0,1.0,0,0.9831087915919483,4.101220260045561e-05,0.01678791011798325,6.228608746792684e-05,1.0,0,0.9857215644217132,0.0005508095305211397,0.013115919426649577,0.0006117066211161614,1.0,0,0.9856635789569739,0.0005469334189117328,0.013171133174001374,0.0006183544501130091,1.0,0,0.9621183967323562,0.00033294496494114544,0.03711349312029193,0.00043516518241072693,1.0,0
2017-05-10,0,0,0.94901,0.0,0.05099,0.0,1.0,0,0.9855086016066281,8.44440723470711e-05,0.0143757768496411,3.117747138386729e-05,1.0000000000000002,0,0.987048741062434,0.0005961272364485961,0.011908665785684083,0.00044646591543325855,1.0,0,0.9872481870549412,0.0006159304301699052,0.011725822859113614,0.0004100596557752293,1.0,0,0.957490520871521,0.000375311861853346,0.0416333907849998,0.000500776481625706,0.9999999999999999,0
2017-05-11,0,0,0.94901,0.0,0.05099,0.0,1.0,0,0.9843632432123641,8.328498330485292e-05,0.015520253646916983,3.3218157414046105e-05,1.0,0,0.9864834560654603,0.0006004671550905853,0.012430563084304526,0.00048551369514437747,0.9999999999999998,0,0.9865823063058156,0.0006167642725106341,0.012350859052585266,0.0004500703690886055,1.0,0,0.9754145845312412,0.00021247275172017648,0.024115747966696598,0.0002571947503420434,1.0,0
2017-05-12,0,0,0.94901,0.0,0.05099,0.0,1.0,0,0.9816904072106426,0.00014745774492531719,0.018090905739094137,7.12293053378675e-05,0.9999999999999999,0,0.9862034336031319,0.0006360231246722902,0.012653401604718012,0.0005071416674779451,1.0000000000000002,0,0.9862384815681339,0.0006643898604273564,0.01261967614453216,0.00047745242690665283,1.0,0,0.9682525568884863,0.0002771121551059607,0.03111936432232166,0.0003509666340861378,1.0,0
2017-05-15,0,0,0.94901,0.0,0.05099,0.0,1.0,0,0.9852359934418722,6.060665539919973e-05,0.014660692737369693,4.2707165358954065e-05,1.0,0,0.9868538420862215,0.0005609153433100349,0.012092985931716064,0.0004922566387522912,0.9999999999999999,0,0.9869966820030819,0.0005686513814148569,0.011964763642490207,0.00046990297301320946,1.0000000000000002,0,0.9629150997344795,0.0003256716486459116,0.036335183568556445,0.00042404504831804164,1.0,0
2017-05-16,0,0,0.94901,0.0,0.05099,0.0,1.0,0,0.9836373053637624,8.667056374633922e-05,0.01622067968520859,5.534438728283728e-05,1.0000000000000002,0,0.9864086153019517,0.0005857392755648806,0.012485532126024905,0.0005201132964586867,1.0000000000000002,0,0.9864526863135816,0.0005996710367268834,0.012447069357192963,0.0005005732924985361,1.0,0,0.9680909512249729,0.00027857791183258666,0.0312773293902082,0.0003531414729862076,1.0,0
2017-05-17,0,0,0.94901,0.0,0.05099,0.0,1.0,0,0.979255679166507,0.0003937632430363313,0.020278436547591087,7.212104286547133e-05,0.9999999999999999,0,0.9858411124797813,0.0007252557008710453,0.012927312147444104,0.0005063196719034013,0.9999999999999999,0,0.9857406283015846,0.0008031414160988452,0.012981002552178813,0.0004752277301377607,1.0,0,0.9647149871111128,0.0003092631925983046,0.03457662901434802,0.00039912068194070306,0.9999999999999998,0
2017-05-18,0,0,0.94901,0.0,0.05099,0.0,1.0,0,0.9855268746035951,5.08015696545182e-05,0.014379465004567202,4.285882218312477e-05,1.0,0,0.9862906643978037,0.0005529403428613373,0.012570933919348673,0.0005854613399863106,1.0,0,0.9862951609296811,0.000562891406545717,0.012548267803322218,0.0005936798604506929,0.9999999999999997,0,0.9698094769442905,0.0002630063299990933,0.029597375476758305,0.00033014124895212947,1.0,0
2017-05-19,0,0,0.94901,0.0,0.05099,0.0,1.0,0,0.9874034446944994,8.96536798386522e-05,0.012485686667941105,2.121495772081642e-05,0.9999999999999999,0,0.9877188829410105,0.0005884734782917426,0.01129120229846579,0.00040144128223196707,1.0,0,0.9879961582436887,0.0006188580937623638,0.01102416798489806,0.000360815677650808,0.9999999999999999,0,0.9606531366824443,0.0003463376426737106,0.03854477205594444,0.0004557536189375486,1.0,0
2017-05-22,0,0,0.94901,0.0,0.05099,0.0,1.0,0,0.9865234765839611,6.15703409268254e-05,0.01337757163990543,3.738143520675024e-05,1.0,0,0.987133051843476,0.0005511746609667296,0.01183784668361175,0.00047792681194554253,1.0,0,0.9872842703772493,0.0005621031222291766,0.011696437420739055,0.0004571890797823194,0.9999999999999998,0,0.9769166138378668,0.00019900407076206507,0.02264615255488382,0.00023822953648732867,0.9999999999999999,0
2017-05-23,0,0,0.94901,0.0,0.05099,0.0,1.0,0,0.9856524602406166,3.4289975703104015e-05,0.014277983779534108,3.526600414643652e-05,1.0000000000000002,0,0.9865711876185733,0.0005201634590744969,0.012366313469744305,0.0005423354526079419,1.0,0,0.9866190136339786,0.0005195325861702163,0.012327380008616017,0.0005340737712350993,0.9999999999999999,0,0.9699787236897094,0.0002614746508085473,0.029431910166952586,0.0003278914925296143,1.0,0
2017-05-24,0,0,0.94901,0.0,0.05099,0.0,1.0,0,0.9844516660278018,7.166119967112437e-05,0.015426365834074253,5.0306938453005826e-05,1.0000000000000002,0,0.9866504025035596,0.0005629924989377221,0.012275422288137118,0.000511182709365534,1.0,0,0.9867147302358084,0.0005751830200141165,0.012218398524341922,0.0004916882198358839,1.0000000000000002,0,0.9597458988625163,0.0003546400109812579,0.03943087273066462,0.00046858839583779714,0.9999999999999999,0
2017-05-25,0,0,0.94901,0.0,0.05099,0.0,1.0,0,0.9828074820889713,5.568497617698516e-05,0.017069343846987176,6.748908786473037e-05,1.0000000000000002,0,0.9858981212515969,0.0005656521198422674,0.012925144439679383,0.0006110821888811775,0.9999999999999998,0,0.9858446582836022,0.0005830053897203347,0.012955275019440379,0.0006170613072369886,1.0,0,0.9604019464214928,0.0003486355873789378,0.038790117363436134,0.0004593006276920389,1.0,0
2017-05-26,0,0,0.94901,0.0,0.05099,0.0,1.0,0,0.9864568361678386,7.105063206283509e-05,0.013441016018180114,3.1097181918496845e-05,1.0,0,0.987060600026215,0.0005594542863707318,0.011911456999096137,0.00046848868831813895,1.0,0,0.9871792791089804,0.0005744379251016974,0.011805215573117547,0.00044106739280039205,1.0,0,0.938407403080454,0.0005518222725353402,0.06025327643258119,0.000787498214429387,0.9999999999999999,0
2017-05-30,0,0,0.94901,0.0,0.05099,0.0,1.0,0,0.9838114382256719,9.354775811428822e-05,0.01604737870144029,4.763531477361779e-05,1.0,0,0.9862812267636728,0.0005915279397937131,0.012594346329113205,0.0005328989674201433,0.9999999999999998,0,0.986274216232249,0.0006162203526739927,0.012596698406980666,0.0005128650080963188,0.9999999999999999,0,0.9692550702084874,0.0002680260705678899,0.03013937337347295,0.00033753034747180367,1.0,0
2017-05-31,0,0,0.94901,0.0,0.05099,0.0,1.0,0,0.9835524511942841,7.736630281172162e-05,0.01631035299386693,5.982950903699384e-05,0.9999999999999999,0,0.9860736007588635,0.0005763089787383342,0.01277551307005862,0.0005745771923396279,1.0,0,0.9860137282581256,0.0005966201178363362,0.012819543416028097,0.0005701082080098394,0.9999999999999999,0,0.9545310953068913,0.00040250364248190364,0.04452280074455218,0.0005436003060745881,1.0,0
2017-06-01,0,0,0.94901,0.0,0.05099,0.0,1.0,0,0.986715371624218,4.296451055222531e-05,0.013207958612257025,3.37052529727918e-05,0.9999999999999999,0,0.9869122706014295,0.0005291733048405757,0.012040526783674323,0.0005180293100555343,0.9999999999999999,0,0.9870125356436164,0.0005374814040530272,0.011943795503510329,0.00050618744882021,1.0,0,0.9490915531900955,0.00045266792102455363,0.049831819335085466,0.000623959553794534,1.0000000000000002,0
2017-06-02,0,0,0.94901,0.0,0.05099,0.0,1.0,0,0.9837406852856017,0.00015373215969936496,0.016049334671587336,5.624788311146424e-05,0.9999999999999998,0,0.9866431432808302,0.0006255383683742229,0.012240419570786138,0.0004908987800093372,0.9999999999999999,0,0.9867126584527087,0.0006684052190693264,0.012156877906794648,0.00046205842142731107,1.0,0,0.9583032530290747,0.00036785747956657615,0.04083975766316078,0.0004891318281978915,1.0,0
2017-06-05,0,0,0.94901,0.0,0.05099,0.0,1.0,0,0.9862090033454495,3.0106770186160043e-05,0.0137216662064224,3.922367794188069e-05,0.9999999999999998,0,0.9865632073309532,0.000500057920597039,0.012388418516310772,0.000548316232139043,1.0,0,0.9865542230444614,0.0004958439291975014,0.012404351498827536,0.0005455815275135155,1.0,0,0.955433084301381,0.0003942081799163228,0.043642228335026824,0.0005304791836758282,1.0,0
2017-06-06,0,0,0.94901,0.0,0.05099,0.0,1.0,0,0.986123972053016,0.0001060348047074757,0.013732997115978241,3.6996026298317165e-05,1.0,0,0.987096696925273,0.0005784737410356315,0.011869353305524383,0.00045547602816684626,0.9999999999999999,0,0.9871919185713939,0.0006033355408139072,0.011779089100272012,0.00042565678752024634,1.0,0,0.9570047216286272,0.0003797703681621035,0.042107746941083206,0.0005077610621274696,0.9999999999999999,0
2017-06-07,0,0,0.94901,0.0,0.05099,0.0,1.0,0,0.9860150487952339,2.5690998353380868e-05,0.013909394990186336,4.986521622628963e-05,0.9999999999999999,0,0.9861855961056156,0.0004977290063208468,0.012703639852407715,0.0006130350356558843,1.0,0,0.986105497228063,0.0004956030440690034,0.012765130181010944,0.0006337695468571846,1.0000000000000002,0,0.9697528560908392,0.000263518823431389,0.029652730565195826,0.00033089452053343654,0.9999999999999998,0
2017-06-08,0,0,0.94901,0.0,0.05099,0.0,1.0,0,0.9879564721388989,3.9410988995625043e-05,0.011972979151325749,3.113772077970305e-05,1.0,0,0.9869745816849682,0.0005115257439997685,0.012002813563708236,0.0005110790073237366,1.0,0,0.9870279916776465,0.000514417352783572,0.01195448783590287,0.0005031031336670817,1.0,0,0.9452954078504469,0.0004878081808814266,0.0535355497499177,0.000681234218753954,1.0,0
2017-06-09,0,0,0.94901,0.0,0.05099,0.0,1.0,0,0.9873773984064654,5.4735305161200966e-05,0.01253236778960428,3.5498498769120045e-05,1.0,0,0.9869843527624477,0.0005296310221385423,0.011986181862678823,0.0004998343527351689,1.0000000000000002,0,0.987039057273561,0.0005382358713220939,0.011935549458879358,0.0004871573962376705,1.0,0,0.9657614938574924,0.000299738084426147,0.033554009931160735,0.0003847581269206351,1.0,0
2017-06-12,0,0,0.94901,0.0,0.05099,0.0,1.0,0,0.9866756272498058,3.5677005125444933e-05,0.013241055142095727,4.7640602973081666e-05,1.0,0,0.9865428263682244,0.0005042990195022677,0.01239325728870346,0.0005596173235696874,0.9999999999999998,0,0.9865054969434763,0.0005030057224122683,0.012426406301018786,0.0005650910330927137,1.0,0,0.9664484244510062,0.00029349205301740493,0.032882700101050204,0.00037538339492614877,1.0,0
2017-06-13,0,2,0.94901,0.0,0.05099,0.0,1.0,0,0.9882233137535689,6.160881382386058e-05,0.01168657493356382,2.8502499043454248e-05,1.0,0,0.9872324179447992,0.0005436665368456754,0.01175271840959915,0.0004711971087560717,1.0,0,0.9873570249238673,0.0005595051770909588,0.011634388787804928,0.00044908111123674534,1.0,0,0.956651207790738,0.00038301608282076725,0.04245292115947886,0.0005128549669621894,0.9999999999999998,0
2017-06-14,2,0,0.07792,0.00339,0.91292,0.00577,1.0,2,0.06481816442243453,0.0025028309002110005,0.9184564735602135,0.014222531117140865,1.0,2,0.24728973786539704,0.05620667205656788,0.6639812179806446,0.03252237209739045,1.0,2,0.2455891051556448,0.05717706518630762,0.6662214910483597,0.031012338609687794,0.9999999999999999,2,0.09777685419222651,0.0011332310343283693,0.8954368060727366,0.005653108700708619,1.0,2
2017-06-15,0,0,0.94901,0.0,0.05099,0.0,1.0,0,0.943158553204206,0.00017819866455159227,0.056219274841050396,0.000443973290191965,1.0,0,0.741649656112894,0.039003604984189345,0.19404223165183723,0.025304507251079363,0.9999999999999999,0,0.7419317235225908,0.0372124499631587,0.19587490474280814,0.024980921771442406,1.0000000000000002,0,0.9439814857942542,0.0004999946780806132,0.05481724312053203,0.0007012764071331655,1.0,0
2017-06-16,0,0,0.94901,0.0,0.05099,0.0,1.0,0,0.9475260461006383,0.0002399898110878409,0.05196579199015844,0.00026817209811536957,0.9999999999999999,0,0.8196616593765721,0.02608342206236823,0.13956636238016548,0.014688556180894125,1.0,0,0.820995816804264,0.025498962234067942,0.13980702707904338,0.013698193882624686,1.0,0,0.9647149871111128,0.0003092631925983046,0.03457662901434802,0.00039912068194070306,0.9999999999999998,0
2017-06-19,0,0,0.94901,0.0,0.05099,0.0,1.0,0,0.9461568080544371,0.00016936187619221064,0.0533490482277621,0.0003247818416086053,1.0,0,0.8557083670290405,0.018147802291624694,0.11379711023692148,0.01234672044241315,0.9999999999999999,0,0.8563309671510754,0.017741930831940058,0.1139163510274819,0.012010750989502689,1.0,0,0.9681846091621866,0.000277728402194347,0.031185781680799298,0.00035188075481968045,1.0,0
2017-06-20,0,0,0.94901,0.0,0.05099,0.0,1.0,0,0.9337534741293643,0.0004200603427058084,0.06524428097995813,0.0005821845479718625,1.0,0,0.872170703230741,0.015605609189755164,0.10149631213290962,0.010727375446594235,1.0,0,0.8708052870828494,0.015729243384430637,0.1028582793128977,0.010607190219822241,1.0,0,0.9552446214795495,0.0003959408877194921,0.04382622184921266,0.00053321578351845,1.0,0
2017-06-21,0,0,0.94901,0.0,0.05099,0.0,1.0,0,0.9412732559475927,0.00019957400804941993,0.058146155438964404,0.0003810146053934731,1.0,0,0.8927546710537838,0.011626686913008027,0.08697346797666576,0.008645174056542464,1.0,0,0.892326934102347,0.011438312178688983,0.08776238696611473,0.00847236675284931,1.0,0,0.9535139278632141,0.00041186638801272724,0.04551573766791286,0.0005584680808604856,1.0000000000000002,0
2017-06-22,0,0,0.94901,0.0,0.05099,0.0,1.0,0,0.9493046135148184,0.00020497426440205244,0.05029631104508164,0.00019410117569765927,0.9999999999999998,0,0.9100207188844539,0.009744324758639247,0.07395792576483402,0.006277030592072865,1.0000000000000002,0,0.9105697780519986,0.00962935180920176,0.07395129300998507,0.005849577128814651,1.0,0,0.9503309719551432,0.00044121769445855646,0.048622342192596,0.0006054681578024318,1.0000000000000002,0
2017-06-23,0,0,0.94901,0.0,0.05099,0.0,1.0,0,0.9481890962997513,0.00025272506664316904,0.05131966006782609,0.00023851856577963932,1.0000000000000002,0,0.9201607455243566,0.008499604846393139,0.06608036413736541,0.005259285491884898,1.0,0,0.9208219061054359,0.008453320565127332,0.06586756177858187,0.004857211550854896,1.0,0,0.964422543431326,0.00031192698969109673,0.03486237816295353,0.0004031514160294716,1.0000000000000002,0
2017-06-26,0,0,0.94901,0.0,0.05099,0.0,1.0,0,0.9477152014561265,0.00029422612695998443,0.051743355114797725,0.00024721730211563827,0.9999999999999999,0,0.9270122339786194,0.0075831026514152355,0.060759908941213726,0.00464475442875165,1.0,0,0.9275399196291524,0.007596980423559913,0.06058594935604817,0.004277150591239526,1.0,0,0.9654866170133055,0.0003022388523875149,0.033822622879399876,0.00038852125490697125,0.9999999999999999,0
2017-06-27,0,0,0.94901,0.0,0.05099,0.0,1.0,0,0.9551463857380043,8.524414007363134e-05,0.04453752939536491,0.00023084072655725626,1.0,0,0.9330264859556824,0.005658698433212292,0.05662083227111116,0.00469398333999399,0.9999999999999998,0,0.9330897122737837,0.005412767760535079,0.0568307955019768,0.004666724463704516,1.0,0,0.9658708520111533,0.00029874339047837367,0.0334471417409671,0.00038326285740109,0.9999999999999999,0
2017-06-28,0,0,0.94901,0.0,0.05099,0.0,1.0,0,0.96073262676658,0.00013140060975692686,0.039002375737250544,0.00013359688641231682,0.9999999999999998,0,0.9400589769710189,0.005558022791804908,0.050672601904424866,0.003710398332751148,0.9999999999999999,0,0.9409146382584437,0.005496424350701956,0.05012265249162601,0.0034662848992285202,1.0000000000000002,0,0.9730899559105136,0.00023338088947261646,0.026389616434466308,0.00028704676554743697,1.0,0
2017-06-29,0,0,0.94901,0.0,0.05099,0.0,1.0,0,0.9535496514092228,9.464392383492132e-05,0.046062143001631264,0.0002935616653108569,0.9999999999999998,0,0.9403954239553177,0.0046655605313813955,0.050805913091577476,0.004133102421723377,0.9999999999999999,0,0.9401369089371013,0.00445818427920825,0.051240381116978664,0.004164525666711926,1.0000000000000002,0,0.9694845399363495,0.0002659479541890408,0.02991504373061702,0.0003344683788447055,1.0000000000000002,0
2017-06-30,0,0,0.94901,0.0,0.05099,0.0,1.0,0,0.9604006626616546,0.00015713796309192,0.03927363709246787,0.00016856228278558786,1.0,0,0.9478521123929745,0.004603815901717072,0.044453669855344324,0.003090401849964248,1.0000000000000002,0,0.9485108739967447,0.0045827403247464295,0.04398112780959837,0.0029252578689106124,1.0000000000000002,0,0.9691644647427734,0.0002688467784063506,0.03022794772472517,0.00033874075409510756,1.0,0
2017-07-03,0,0,0.94901,0.0,0.05099,0.0,1.0,0,0.9595208304363464,0.0001426047687002973,0.04017638899857062,0.00016017579638263424,0.9999999999999999,0,0.9498873061618284,0.004219048714920569,0.042870534427376795,0.0030231106958743216,1.0,0,0.950419478222997,0.004184362361323248,0.04250859090402764,0.0028875685116520238,1.0,0,0.9771703990636107,0.00019673171561143454,0.022397817961843428,0.0002350512589342437,0.9999999999999998,0
2017-07-05,0,0,0.94901,0.0,0.05099,0.0,1.0,0,0.9464701522959986,0.0001692633669654186,0.052983023240551395,0.0003775610964844546,0.9999999999999999,0,0.94670717423017,0.004164026477183801,0.04546491130731771,0.0036638879853283747,0.9999999999999999,0,0.9462521363095795,0.004168105651428673,0.04590170965238843,0.003678048386603475,1.0,0,0.9734917306461182,0.00022976198981424745,0.025996662062766383,0.0002818453013012584,1.0,0
2017-07-06,0,0,0.94901,0.0,0.05099,0.0,1.0,0,0.9578980791508068,7.530660633063305e-05,0.04181121261811117,0.00021540162475127943,0.9999999999999999,0,0.9515156640775232,0.0033718198625068453,0.04194111729724586,0.0031713987627242507,1.0000000000000002,0,0.9511912660972509,0.003225054549348843,0.04238170608876921,0.003201973264631135,1.0000000000000002,0,0.9415078440042088,0.0005229693058807916,0.057229882682789605,0.0007393040071208391,1.0,0
2017-07-07,0,0,0.94901,0.0,0.05099,0.0,1.0,0,0.9534538399744914,7.955943547076291e-05,0.046132095140762636,0.0003345054492753932,1.0000000000000002,0,0.953119904392593,0.0032499250464334646,0.04042464097022102,0.003205529590752563,1.0,0,0.9529508523765557,0.0031564159323121082,0.04060908825222991,0.0032836434389024406,1.0000000000000002,0,0.9673668976319048,0.0002851486474264369,0.03198503824441515,0.00036291547625370743,1.0,0
2017-07-10,0,0,0.94901,0.0,0.05099,0.0,1.0,0,0.9535771668232458,0.0002587313863797354,0.04594542495812975,0.0002186768322447708,1.0,0,0.9577373673498145,0.0034613402450897135,0.03655834550349048,0.002242946901605116,0.9999999999999998,0,0.958132884882581,0.0034840423860490535,0.036326919395276096,0.0020561533360937663,0.9999999999999999,0,0.9471912074614911,0.000470246127830094,0.05168603392351609,0.0006525124871628094,1.0000000000000002,0
2017-07-11,0,0,0.94901,0.0,0.05099,0.0,1.0,0,0.958351140902981,0.0002104774575900164,0.04128961965045972,0.00014876198896918963,1.0,0,0.9594449049632997,0.0032168285620999583,0.035187659071513264,0.0021506074030869194,0.9999999999999998,0,0.9598060950849687,0.003238643438235744,0.03497103129020837,0.0019842301865873203,1.0000000000000002,0,0.9682440711086961,0.0002771891134260823,0.031127659005812526,0.00035108077206534593,1.0,0
2017-07-12,0,0,0.94901,0.0,0.05099,0.0,1.0,0,0.9521425715591745,0.0003222618274376971,0.047344228673100695,0.00019093794028732456,1.0000000000000002,0,0.9604326712906064,0.003286089634235663,0.034244986153533885,0.0020362529216237323,0.9999999999999997,0,0.9608559497477133,0.0033913893117142324,0.03391514648868641,0.0018375144518862588,1.0000000000000002,0,0.971161148900964,0.00025078336582426625,0.028275815035464297,0.0003122526977472105,0.9999999999999999,0
2017-07-13,0,0,0.94901,0.0,0.05099,0.0,1.0,0,0.9587069396250472,0.00010450131470637823,0.04101461182341656,0.00017394723682973085,0.9999999999999999,0,0.961285544241361,0.0026646555958053297,0.03382649685756072,0.002223303305272752,0.9999999999999998,0,0.9614364280171229,0.002610747717065221,0.0338070644571889,0.0021457598086229595,1.0,0,0.9588730940936627,0.0003626343803686578,0.040283273781999376,0.0004809977439693093,1.0,0
2017-07-14,0,0,0.94901,0.0,0.05099,0.0,1.0,0,0.9598555885305396,0.0002622054770474471,0.03971807413725281,0.00016413185515992224,0.9999999999999999,0,0.9643033904489798,0.0028207612483771697,0.031112446196793497,0.0017634021058495744,1.0,0,0.9647809328047793,0.0028767446095408484,0.030736743727414587,0.001605578858265342,1.0,0,0.9617748383471241,0.0003360833007520891,0.03744910160790934,0.0004399767442143418,0.9999999999999999,0
2017-07-17,0,0,0.94901,0.0,0.05099,0.0,1.0,0,0.9539894666336214,0.00021917579974180184,0.04557047524167982,0.00022088232495684614,0.9999999999999999,0,0.9631566868952726,0.0026629848839789592,0.03217628537545711,0.002004042845291501,1.0000000000000002,0,0.96322191816737,0.0026865396391371893,0.03219331431369707,0.0018982278797955202,0.9999999999999999,0,0.9717201191288326,0.0002457352404711076,0.02772923707304905,0.0003049085576473091,1.0,0
2017-07-18,0,0,0.94901,0.0,0.05099,0.0,1.0,0,0.9552221209614542,0.00041946783548612416,0.044159453869286165,0.0001989573337736152,1.0,0,0.9653416417042177,0.0027569404585313343,0.03020229959357344,0.001699118243677711,1.0000000000000002,0,0.9656066269665434,0.0028711583125079687,0.029972771080444167,0.001549443640504627,1.0000000000000002,0,0.9597565624889488,0.0003545423813524583,0.03942045797479789,0.0004684371549008519,1.0,0
2017-07-19,0,0,0.94901,0.0,0.05099,0.0,1.0,0,0.9618265970156037,0.00021511690503409354,0.037822433173177336,0.00013585290618509606,1.0000000000000002,0,0.9674871228736257,0.0024150486392323658,0.02849683843052077,0.0016009900566211499,1.0,0,0.9679404371998535,0.002461333042985106,0.028124439766757853,0.0014737899904037162,1.0000000000000002,0,0.9680824236508311,0.00027865526477809495,0.031285664781913,0.00035325630247781117,1.0,0
2017-07-20,0,0,0.94901,0.0,0.05099,0.0,1.0,0,0.9551169573497488,0.00017972796732014854,0.04439863442211456,0.00030468026081652234,1.0,0,0.9663224126114194,0.0022336059252692727,0.029576143987755255,0.0018678374755562465,1.0,0,0.9663150736633145,0.0022248171713113102,0.0296305939128667,0.0018295152525072854,0.9999999999999998,0,0.9714304743069152,0.00024835056943456205,0.02801246497083842,0.0003087101528118416,1.0,0
2017-07-21,0,0,0.94901,0.0,0.05099,0.0,1.0,0,0.9499316222760503,0.0002482672308415512,0.049516190439341926,0.00030392005376632397,1.0000000000000002,0,0.9659800434442026,0.0023277931394792084,0.029828648027214296,0.0018635153891039193,1.0,0,0.965846538796229,0.0023813084024544677,0.029976643488335983,0.0017955093129806865,1.0,0,0.9615713487628272,0.00033794267045682443,0.037647877347505,0.0004428312192110011,1.0,0
2017-07-24,0,0,0.94901,0.0,0.05099,0.0,1.0,0,0.9628718801243272,9.136040977111279e-05,0.03687720206759322,0.0001595573983082341,0.9999999999999998,0,0.9681576057447766,0.0019367160859971105,0.02812803070076746,0.0017776474684587412,0.9999999999999999,0,0.9681419601776247,0.0019001214838530905,0.02819729209072472,0.001760626247797678,1.0000000000000002,0,0.9481903196322817,0.00046100104336769187,0.050711208656469164,0.0006374706678815029,1.0,0
2017-07-25,0,0,0.94901,0.0,0.05099,0.0,1.0,0,0.9701660142931108,4.521228291144128e-05,0.029697270067217996,9.150335675963454e-05,0.9999999999999999,0,0.9707434215888261,0.0017215042583100424,0.025954722454218582,0.0015803516986452925,1.0,0,0.9710522926961019,0.0016789912063242443,0.02570201775550649,0.001566698342067364,1.0,0,0.9640130263828651,0.00031565864691950583,0.03526250675897586,0.0004088082112395441,1.0,0
2017-07-26,0,0,0.94901,0.0,0.05099,0.0,1.0,0,0.962081581922899,0.00027516694517809695,0.03751651182815009,0.00012673930377263962,0.9999999999999999,0,0.9709535160500496,0.0020848071443781216,0.025662333560140055,0.0012993432454321116,0.9999999999999999,0,0.9712660061442656,0.0021443666876159715,0.02542604270349565,0.001163584464622668,0.9999999999999999,0,0.9731693407377149,0.00023266567788431507,0.026311975915386532,0.0002860176690141629,0.9999999999999999,0
2017-07-27,0,0,0.94901,0.0,0.05099,0.0,1.0,0,0.9650688220431513,9.187975450313287e-05,0.034713298485317,0.00012599971702859474,1.0,0,0.9713067340863234,0.001737039009831671,0.02551027541008001,0.0014459514937649918,1.0,0,0.9714911457236262,0.0017074258925488491,0.02541924936582249,0.001382179018002494,1.0,0,0.9705914588882973,0.0002559322830820091,0.028832838734767493,0.00031977009385307764,0.9999999999999999,0
2017-07-28,0,0,0.94901,0.0,0.05099,0.0,1.0,0,0.9601677731110954,0.0002948323706502752,0.039352286645394446,0.00018510787285995863,1.0,0,0.9713056992940639,0.0019530370365156602,0.025327967481960173,0.001413296187460182,0.9999999999999999,0,0.9713944782499315,0.0020159868754467763,0.025249838032376976,0.00133969684224476,1.0,0,0.9689160423669034,0.0002710974875422206,0.030470796655170853,0.0003420634903833371,0.9999999999999998,0
2017-07-31,0,0,0.94901,0.0,0.05099,0.0,1.0,0,0.9625856881725814,0.00014183406961354203,0.03710827672786579,0.000164201029939194,0.9999999999999999,0,0.9721919704083309,0.0017110474016378838,0.024700583506294733,0.0013963986837366026,1.0000000000000002,0,0.9723108070294237,0.00170828545505313,0.024639939347852993,0.0013409681676700112,0.9999999999999999,0,0.9677395069218034,0.0002817665128113654,0.0316208470292791,0.0003578795361060202,0.9999999999999999,0
2017-08-01,0,0,0.94901,0.0,0.05099,0.0,1.0,0,0.9546832983487227,0.0003107352379732289,0.04472459246829052,0.0002813739450136528,1.0,0,0.9714069201247217,0.0018904405839866138,0.025232361743143052,0.0014702775481485117,0.9999999999999999,0,0.9713594510691551,0.0019699464766215874,0.0252526255730419,0.001417976881181341,1.0,0,0.9671921764721634,0.0002867351023374255,0.03215580711940153,0.00036528130609757823,1.0,0
2017-08-02,0,0,0.94901,0.0,0.05099,0.0,1.0,0,0.9622993364761309,0.000172349195048506,0.037364937360901594,0.0001633769679189854,1.0,0,0.9734750086458804,0.0016515730504758428,0.023576807894715245,0.0012966104089283449,0.9999999999999999,0,0.9736415194464727,0.001667938680042469,0.023454251030402114,0.0012362908430826227,0.9999999999999999,0,0.9515290073977749,0.00043016086475426826,0.04745313731202723,0.0005876944254435535,1.0,0
2017-08-03,0,0,0.94901,0.0,0.05099,0.0,1.0,0,0.9555527092782145,0.00024885412283107063,0.043975854861029694,0.00022258173792497047,1.0000000000000002,0,0.9726134868248557,0.0017219432004525618,0.024292955757837673,0.0013716142168542945,1.0000000000000002,0,0.9725672958380297,0.001771044214749207,0.024349395512281883,0.001312264434939293,1.0,0,0.9673843201902754,0.00028499047039444924,0.03196800962089168,0.00036267971843833695,0.9999999999999998,0
2017-08-04,0,0,0.94901,0.0,0.05099,0.0,1.0,0,0.9681596166676046,6.80561387368464e-05,0.03166476530528974,0.00010756188836865399,0.9999999999999999,0,0.9743510578332116,0.0014143548478447166,0.02290308317530456,0.0013315041436391258,1.0,0,0.9744639099078006,0.0013932382606561405,0.022826813410790618,0.0013160384207526463,1.0,0,0.9550909360056938,0.0003973540749885031,0.04397626058572431,0.0005354493335933589,1.0,0
2017-08-07,0,0,0.94901,0.0,0.05099,0.0,1.0,0,0.9650413187668574,0.00017516939318224054,0.03465813871430259,0.0001253731256577148,1.0,0,0.974876888136296,0.0015485379174262084,0.022393875030420663,0.001180698915856954,0.9999999999999999,0,0.9750462254597999,0.0015752628754662661,0.022267568465960702,0.0011109431987731922,1.0,0,0.9657523654282424,0.00029982112002541146,0.03356293046230651,0.00038488298942594343,1.0000000000000002,0
2017-08-08,0,0,0.94901,0.0,0.05099,0.0,1.0,0,0.9661416210684768,7.962299626109766e-05,0.0336683627504988,0.0001103931847633415,1.0,0,0.9748106609116273,0.0013714435790883222,0.022543963274115564,0.0012739322351687137,0.9999999999999999,0,0.9748386400043944,0.001354249670472324,0.022562712252902586,0.0012443980722308017,1.0000000000000002,0,0.9662149330108146,0.0002956145470185937,0.033110887277647556,0.0003785651645192746,1.0,0
2017-08-09,0,0,0.94901,0.0,0.05099,0.0,1.0,0,0.9629633289248419,0.00032927902697761695,0.03656499384171768,0.0001423982064628121,1.0,0,0.975438447569017,0.0015983485428859832,0.021797659084219455,0.0011655448038774062,0.9999999999999999,0,0.975546423239017,0.0016843449211902653,0.02165883562061435,0.0011103962191784107,1.0,0,0.9634340125775831,0.0003209377068941525,0.035828218822429654,0.00041683089309310634,1.0,0
2017-08-10,0,0,0.94901,0.0,0.05099,0.0,1.0,0,0.9537784671819083,0.00016604014126643304,0.045747191173037646,0.00030830150378750426,0.9999999999999998,0,0.9729267650529201,0.001447827427705673,0.02409757968114721,0.0015278278382272138,1.0000000000000002,0,0.9723184989496838,0.0014695166205588295,0.02463235891859933,0.0015796255111577954,0.9999999999999998,0,0.967679131233838,0.0002823144315780848,0.03167985967405132,0.0003586946605326438,1.0,0
2017-08-11,0,0,0.94901,0.0,0.05099,0.0,1.0,0,0.9661143049532775,0.00014643626274775387,0.03359126847860035,0.0001479903053741485,0.9999999999999999,0,0.9762748274247478,0.001359854177845215,0.021212949549081855,0.0011523688483250528,0.9999999999999999,0,0.9763505326058936,0.0013741071999708156,0.021156186874307942,0.0011191733198277194,1.0,0,0.9470113840646028,0.00047191085383163395,0.051861478311769856,0.0006552267697956112,0.9999999999999999,0
2017-08-14,0,0,0.94901,0.0,0.05099,0.0,1.0,0,0.9654315113502803,8.915907635692881e-05,0.03427129831090061,0.00020803126246205005,0.9999999999999999,0,0.9765452750139556,0.001262084202643127,0.021013631911042722,0.001179008872358518,1.0,0,0.976641133802142,0.001255531393971127,0.020939673696653067,0.0011636611072340008,1.0000000000000002,0,0.9649491396022151,0.00030713099013981245,0.03434783066375435,0.0003958987438906566,0.9999999999999999,0
2017-08-15,0,0,0.94901,0.0,0.05099,0.0,1.0,0,0.9673663427667041,6.190912793169328e-05,0.03241392544610595,0.0001578226592581736,0.9999999999999999,0,0.9765015749833343,0.0011706664699308457,0.021115006869681048,0.0012127516770538405,1.0,0,0.9764408046361809,0.0011419000319662271,0.021197269109368234,0.0012200262224848074,1.0000000000000002,0,0.9516688824518887,0.0004288706602254091,0.047316621110224,0.0005856257776619518,1.0000000000000002,0
2017-08-16,0,0,0.94901,0.0,0.05099,0.0,1.0,0,0.9648390774639517,0.00024162887851482732,0.03477032475141785,0.0001489689061154092,0.9999999999999998,0,0.9772129528911997,0.001378780421131409,0.020401063580697223,0.0010072031069718076,1.0000000000000002,0,0.9773070014770064,0.0014261215972180702,0.0203303075163407,0.0009365694094348703,1.0,0,0.9585342851613718,0.00036573951614617817,0.04061414436274327,0.00048583095973850967,0.9999999999999998,0
2017-08-17,0,0,0.94901,0.0,0.05099,0.0,1.0,0,0.9620597112818238,0.0001986816720474289,0.037566306541363934,0.0001753005047647522,0.9999999999999999,0,0.9766693089936609,0.0012888257081112569,0.020951675577077174,0.0010901897211506634,1.0,0,0.9764405504283116,0.0013094272388666545,0.021195241176461092,0.0010547811563605995,0.9999999999999999,0,0.9609856793849906,0.0003432963742005873,0.03821995855732763,0.0004510656834812695,1.0,0
2017-08-18,0,0,0.94901,0.0,0.05099,0.0,1.0,0,0.9701036857384612,0.000165007365388986,0.029624601065625065,0.00010670583052472838,0.9999999999999999,0,0.9788733828246997,0.001224487070748149,0.018978910072983104,0.0009232200315690689,1.0,0,0.9790674716975218,0.001253454932085234,0.01880627840724946,0.0008727949631433844,1.0,0,0.9670077461657228,0.00028841007994526716,0.03233606210938592,0.00036778164494596525,1.0,0
2017-08-21,0,0,0.94901,0.0,0.05099,0.0,1.0,0,0.9645474600369627,0.00013912462149783913,0.03514311654978671,0.00017029879175263949,0.9999999999999999,0,0.9774977472890218,0.0012116603236373643,0.02019661150881534,0.0010939808785252855,0.9999999999999999,0,0.9774440913922762,0.0012301970163831701,0.020256557152967723,0.0010691544383728616,0.9999999999999999,0,0.9751082957466567,0.00021522327492087245,0.024415387130461565,0.0002610938479608165,0.9999999999999999,0
2017-08-22,0,0,0.94901,0.0,0.05099,0.0,1.0,0,0.9730406153564345,8.113991193635736e-05,0.026784163754995028,9.408097663404032e-05,0.9999999999999999,0,0.979383782556981,0.0010970656517635565,0.018564392060187822,0.0009547597310675152,0.9999999999999999,0,0.9796126650166758,0.0010999770339089868,0.018362669452065893,0.0009246884973495297,1.0000000000000002,0,0.9521113930088521,0.00042478995597131243,0.046884726631402134,0.000579090403774341,0.9999999999999998,0
2017-08-23,0,0,0.94901,0.0,0.05099,0.0,1.0,0,0.9678075162875808,0.00028097767377331727,0.031786314714835937,0.00012519132381014566,1.0000000000000002,0,0.9790759666895622,0.0012522170378292008,0.018789792185059266,0.0008820240875494949,1.0000000000000002,0,0.9791711901161106,0.0013075553783942029,0.01870182106276705,0.0008194334427281743,1.0000000000000002,0,0.9654129576711117,0.0003029091237007763,0.03389460239840204,0.0003895308067854914,1.0,0
2017-08-24,0,0,0.94901,0.0,0.05099,0.0,1.0,0,0.9685899275570267,8.188548988041121e-05,0.031202206958149688,0.00012597999494303895,0.9999999999999998,0,0.9790352822509352,0.0010454257922405915,0.018939270786355055,0.0009800211704691095,0.9999999999999999,0,0.979055788641566,0.001033298935226168,0.0189565301240391,0.0009543822991690598,1.0000000000000002,0,0.9699787236897094,0.0002614746508085473,0.029431910166952586,0.0003278914925296143,1.0,0
2017-08-25,0,0,0.94901,0.0,0.05099,0.0,1.0,0,0.9687494297980234,0.00016995367397600744,0.030948272467113153,0.00013234406088727225,0.9999999999999998,0,0.9795243455977599,0.0011323905057983375,0.018450703589289685,0.0008925603071522221,1.0000000000000002,0,0.9796211444602,0.0011560805762409014,0.018380607745158282,0.0008421672184009644,1.0000000000000002,0,0.9621485678223222,0.00033266941250538874,0.03708401966485887,0.0004347431003135207,1.0,0
2017-08-28,0,0,0.94901,0.0,0.05099,0.0,1.0,0,0.9703330975275805,0.00012190655314154119,0.029429319263228396,0.00011567665604958421,1.0,0,0.9794688866484421,0.0010736093906593943,0.01851867030904197,0.0009388336518566105,1.0,0,0.9794899394299696,0.0010851895930346163,0.018517432447110013,0.0009074385298857564,1.0,0,0.963209687976551,0.00032298384946835654,0.036047381415880084,0.000419946758100407,0.9999999999999999,0
2017-08-29,0,0,0.94901,0.0,0.05099,0.0,1.0,0,0.970918892463768,0.00013767601777869555,0.028840350660810084,0.00010308085764311748,0.9999999999999998,0,0.9801628875016265,0.0010634814854006047,0.017907408124112265,0.0008662228888607559,1.0000000000000002,0,0.9802727770996192,0.0010812001765319378,0.01782396328564198,0.0008220594382069467,1.0,0,0.9615203140017315,0.00033840905848109433,0.0376977292908807,0.0004435476489066583,1.0,0
2017-08-30,0,0,0.94901,0.0,0.05099,0.0,1.0,0,0.9694527719696825,0.0001031382031310354,0.030318240376990588,0.00012584945019574926,0.9999999999999999,0,0.9800140023113082,0.001019110300789318,0.01804767970314058,0.0009192076847617702,0.9999999999999998,0,0.9800772138509932,0.0010282460724038778,0.0180041107061746,0.0008904293704281759,0.9999999999999999,0,0.9657614938574924,0.000299738084426147,0.033554009931160735,0.0003847581269206351,1.0,0
2017-08-31,0,0,0.94901,0.0,0.05099,0.0,1.0,0,0.976669795878777,0.00028644850371421874,0.022994180421659398,4.957519584937705e-05,0.9999999999999999,0,0.9825270505766437,0.0011406667425244773,0.01572126313110078,0.0006110195497309746,0.9999999999999999,0,0.9829525174731398,0.0012353245742872305,0.015279517486218867,0.0005326404663539481,0.9999999999999999,0,0.9551382773648404,0.0003969187350829963,0.04393004277589816,0.0005347611241785338,1.0,0
2017-09-01,0,0,0.94901,0.0,0.05099,0.0,1.0,0,0.9745886239580562,5.298047004859378e-05,0.025279284483171422,7.911108872368538e-05,1.0,0,0.9808878044053414,0.000901002794986063,0.017332288733390724,0.0008789040662818807,1.0,0,0.9809791263056435,0.0008885135997914419,0.01726981707175111,0.000862543022813974,1.0000000000000002,0,0.9818128178034129,0.0001553504859788781,0.01785348753759873,0.0001783441730094698,1.0,0
2017-09-05,0,0,0.94901,0.0,0.05099,0.0,1.0,0,0.9657336152869429,0.0005475497996832779,0.033588731946823214,0.0001301029665504551,0.9999999999999999,0,0.9806594875572878,0.001205793298966739,0.01737677370952478,0.0007579454342209101,1.0000000000000002,0,0.9806987096004567,0.0013121840813445113,0.01729948270570847,0.0006896236124905136,1.0000000000000002,0,0.96416593254088,0.00031426511510766584,0.03511310796896634,0.0004066943750460497,1.0000000000000002,0
2017-09-06,0,0,0.94901,0.0,0.05099,0.0,1.0,0,0.9756671299301585,6.163285864221677e-05,0.02420010202485242,7.113518634695077e-05,1.0000000000000002,0,0.9816850197412759,0.0008829012653354817,0.016610308185775323,0.0008217708076134182,1.0000000000000002,0,0.9818416312069551,0.0008803200399627669,0.016475127697135154,0.000802921055947017,1.0,0,0.9676704972196768,0.00028239278992519466,0.03168829873548064,0.00035881125491736625,0.9999999999999999,0
2017-09-07,0,0,0.94901,0.0,0.05099,0.0,1.0,0,0.9695530750316398,0.00026612715108438937,0.030073264450551328,0.00010753336672445645,1.0,0,0.9813393038439996,0.0010590654872539352,0.01684408837457225,0.000757542294174055,0.9999999999999999,0,0.9814454206581661,0.0011150100268284278,0.0167398300398757,0.000699739275129659,0.9999999999999999,0,0.9685649925150894,0.00027427921764064275,0.030813959323266176,0.000346768944003871,1.0,0
2017-09-08,0,0,0.94901,0.0,0.05099,0.0,1.0,0,0.9702389742059053,8.334314375811902e-05,0.029573348165782547,0.0001043344845542024,1.0000000000000002,0,0.9807249981290829,0.00091105363083389,0.01746204022884228,0.0009019080112408598,0.9999999999999999,0,0.9806517246124072,0.0009172546431016025,0.017543507639172624,0.0008875131053186092,1.0,0,0.963608651993251,0.0003193451073951893,0.03565759478523915,0.0004144081141147146,1.0,0
2017-09-11,0,0,0.94901,0.0,0.05099,0.0,1.0,0,0.9791342976336421,3.937116926690224e-05,0.020763493901510225,6.283729558060902e-05,0.9999999999999999,0,0.9824888272831472,0.0008071710245825421,0.015907802706143226,0.0007961989861270021,1.0,0,0.982686642980384,0.0007996108660025651,0.01572314242784151,0.0007906037257719949,1.0,0,0.9512864991612848,0.0004323981149421944,0.04768981854660121,0.0005912841771716838,1.0,0
2017-09-12,0,0,0.94901,0.0,0.05099,0.0,1.0,0,0.9764758149574755,5.61009370329577e-05,0.023377335347390244,9.074875810129804e-05,1.0,0,0.9820312631266611,0.0008204313934682372,0.016324409264413163,0.0008238962154574602,0.9999999999999999,0,0.982083806818994,0.0008114003709574571,0.01628355901734401,0.0008212337927047038,1.0000000000000002,0,0.9660433132397851,0.00029717498511081035,0.03327860483417725,0.000380906940926883,1.0,0
2017-09-13,0,0,0.94901,0.0,0.05099,0.0,1.0,0,0.9759049120877057,7.814556434376892e-05,0.02392739425332714,8.954809462346598e-05,1.0,0,0.982408147651461,0.0008358448653490854,0.01600123305803834,0.0007547744251515376,0.9999999999999999,0,0.9824967493234735,0.0008333882910829277,0.0159394070723909,0.0007304553130527435,1.0000000000000002,0,0.9637921223234016,0.00031767230464715203,0.035478339746949944,0.00041186562500111805,0.9999999999999999,0
2017-09-14,0,0,0.94901,0.0,0.05099,0.0,1.0,0,0.974434752151599,0.00013361799790030668,0.02533575858524543,9.58712652551764e-05,1.0,0,0.9823500324656209,0.0008872229018779719,0.016023148365102487,0.0007395962673988083,1.0,0,0.9824066389027717,0.0009049212618223656,0.015982115515760335,0.0007063243196457966,1.0000000000000002,0,0.9674104371669124,0.0002847533642144141,0.03194248310656157,0.00036232636231154204,1.0,0
2017-09-15,0,0,0.94901,0.0,0.05099,0.0,1.0,0,0.9752321529722818,0.00012546224587730722,0.024551830600358225,9.055418148275261e-05,1.0000000000000002,0,0.9827761668897287,0.0008653978936940354,0.01564405360693992,0.000714381609637489,1.0,0,0.9828882425765308,0.0008826216606365833,0.015548665688070685,0.0006804700747618807,1.0,0,0.9663677773941434,0.00029422508813020014,0.032961515707378625,0.00037648181034754554,0.9999999999999997,0
2017-09-18,0,0,0.94901,0.0,0.05099,0.0,1.0,0,0.9765960140194967,5.456482630883525e-05,0.02326992059980457,7.950055438978768e-05,0.9999999999999999,0,0.982494830547846,0.0007810411977595479,0.015947308397668756,0.0007768198567254759,0.9999999999999999,0,0.9825130466539604,0.0007726189595599892,0.01595177793305989,0.000762556453419726,1.0,0,0.9671044771348604,0.00028753153239924047,0.03224152146731365,0.0003664698654268356,1.0,0
2017-09-19,0,0,0.94901,0.0,0.05099,0.0,1.0,0,0.9756456319943907,7.962138687202442e-05,0.024162964484333114,0.00011178213440421196,1.0,0,0.9824856358926497,0.0007991734617964093,0.015926567232051585,0.0007886234135023182,0.9999999999999999,0,0.9824519692141043,0.0007991321557357901,0.015964454706435358,0.0007844439237243201,0.9999999999999998,0,0.9597138917288222,0.0003549330549274233,0.03946213281284988,0.0004690424034006786,1.0,0
2017-09-20,0,0,0.94901,0.0,0.05099,0.0,1.0,0,0.9778343770936984,8.87903104951475e-05,0.021980808186420276,9.602440938626996e-05,1.0,0,0.9834406755866438,0.0007812803276811022,0.015060669256630485,0.0007173748290444225,0.9999999999999999,0,0.9835302744246215,0.0007882668917033934,0.014970094321346718,0.0007113643623283883,1.0,0,0.9598736837877023,0.00035347015902385196,0.03930606942104854,0.00046677663222524353,1.0,0
2017-09-21,0,0,0.94901,0.0,0.05099,0.0,1.0,0,0.9737028605683007,0.0001076562848531649,0.026052128479681413,0.0001373546671647692,1.0,0,0.9825913974601775,0.0008006122724970272,0.015821008088425643,0.0007869821788997338,1.0,0,0.9825009048564375,0.0008082150388394624,0.015903050301426736,0.0007878298032964792,1.0,0,0.972387376628554,0.0002397143238164032,0.027076725502865107,0.0002961835447643464,0.9999999999999999,0
2017-09-22,0,0,0.94901,0.0,0.05099,0.0,1.0,0,0.9761253440249873,0.00012670387870747027,0.02367977699556595,6.817510073923426e-05,1.0,0,0.9834574322535822,0.0008213676916853221,0.015057922589363337,0.0006632774653693496,1.0000000000000002,0,0.9835621737959569,0.0008437589227925369,0.014971565778007546,0.000622501503243117,1.0,0,0.9605591200224137,0.00034719765932566285,0.03863660170331495,0.000457080614945756,1.0,0
2017-09-25,0,0,0.94901,0.0,0.05099,0.0,1.0,0,0.9774254338560211,0.00024001572784849192,0.02226577305541048,6.877736071992718e-05,1.0,0,0.9840353290942733,0.0008728292184263696,0.014496288481914124,0.0005955532053859971,0.9999999999999997,0,0.9841831880723392,0.0009268093481343049,0.014340900054105914,0.0005491025254205324,0.9999999999999999,0,0.9651725160094444,0.0003050974445664625,0.03412955698598645,0.0003928295600027849,1.0,0
2017-09-26,0,2,0.94901,0.0,0.05099,0.0,1.0,0,0.9758145804632467,6.951640343451452e-05,0.02401317514241626,0.0001027279909025317,1.0,0,0.9831640185704874,0.0007397250183682402,0.015351129921626872,0.0007451264895174504,1.0,0,0.9831230562943736,0.0007381379119215869,0.015401062705668291,0.0007377430880365301,1.0,0,0.9752352547349679,0.0002140830001822767,0.024291185905979402,0.000259476358870457,1.0,0
2017-09-27,2,0,0.07792,0.00339,0.91292,0.00577,1.0,2,0.1170209501186246,0.00024078931643563666,0.877918063611233,0.004820196953706637,0.9999999999999999,2,0.26142219355342217,0.04131824256083725,0.6626013491191831,0.03465821476655759,1.0,2,0.2614343467956642,0.03811460130361694,0.6654317170252193,0.035019334875499505,0.9999999999999999,2,0.07794889001202303,0.001169436043093587,0.9147929752935139,0.0060886986513694966,1.0,2
2017-09-28,0,0,0.94901,0.0,0.05099,0.0,1.0,0,0.9443253564069498,0.00019266016500789294,0.055172945341674634,0.0003090380863675186,0.9999999999999998,0,0.7428814423399089,0.040615052757064715,0.1935672917807464,0.022936213122280145,1.0000000000000002,0,0.7444039098730733,0.039074720098141655,0.19512434831763792,0.021397021711147025,0.9999999999999998,0,0.9611303169683914,0.00034197391566401176,0.03807867962567698,0.0004490294902675713,1.0,0
2017-09-29,0,0,0.94901,0.0,0.05099,0.0,1.0,0,0.940555243150372,0.0002414251900404701,0.058742049399208664,0.0004612822603788508,1.0,0,0.8169949815214846,0.025902708093931817,0.14151952753208472,0.015582782852498884,1.0,0,0.817987296023006,0.025196282412491892,0.14201808874976515,0.014798332814736956,1.0,0,0.9593171260320615,0.0003585664512098101,0.03984963042456046,0.00047467709216829585,1.0,0
2017-10-02,0,0,0.94901,0.0,0.05099,0.0,1.0,0,0.9437704000455615,0.00016431227942021565,0.05568499579708151,0.0003802918779367689,1.0,0,0.8543487400839034,0.017964574697512233,0.11537505734035271,0.012311627878231753,1.0,0,0.8547240356024652,0.01737120495613642,0.11600821076083048,0.011896548680567923,1.0,0,0.9593063508367796,0.000358665145399922,0.039860153727711754,0.0004748302901087264,1.0,0
2017-10-03,0,0,0.94901,0.0,0.05099,0.0,1.0,0,0.9484609361072626,0.00019700580872507168,0.05109163326842911,0.0002504248155831997,1.0,0,0.8822141958296436,0.014192867885959783,0.0949030426257717,0.008689893658624947,0.9999999999999999,0,0.8831328238854299,0.013853358343105363,0.09495329262486925,0.008060525146595447,1.0,0,0.9541219649441736,0.0004062685632515429,0.04492219500221644,0.0005495714903583902,0.9999999999999999,0
2017-10-04,0,0,0.94901,0.0,0.05099,0.0,1.0,0,0.9491505912680465,0.0001982265875677231,0.05042709066898924,0.00022409147539665048,1.0,0,0.8991196541250573,0.011473800346596981,0.08218405638805143,0.007222489140294255,0.9999999999999999,0,0.8999316356801422,0.011261599000173846,0.08207415855869618,0.006732606760987936,1.0000000000000002,0,0.9633366423756028,0.00032182579284422157,0.035923348992127756,0.0004181828394252751,1.0,0
2017-10-05,0,0,0.94901,0.0,0.05099,0.0,1.0,0,0.9552668288469368,0.0001786065371431191,0.04437616334916988,0.00017840126675017857,0.9999999999999999,0,0.9142517288545774,0.009459971096973918,0.07047476434158759,0.00581353570686088,0.9999999999999998,0,0.9154462725210667,0.009355006647503463,0.06978297405298912,0.0054157467784406626,1.0,0,0.9656517975676657,0.00030073598113716896,0.03366120736128882,0.00038625908990855555,1.0000000000000004,0
2017-10-06,0,0,0.94901,0.0,0.05099,0.0,1.0,0,0.9432119555706215,0.00011924092477514393,0.056256483787833614,0.0004123197167696984,1.0,0,0.913803963550865,0.007866120844779754,0.07131978773875236,0.007010127865602977,1.0000000000000002,0,0.913060102324349,0.0076293516429396845,0.07218837524315468,0.00712217078955674,1.0,0,0.9719918870207127,0.00024328229159291794,0.027463481289243266,0.0003013493984511632,1.0,0
2017-10-10,0,0,0.94901,0.0,0.05099,0.0,1.0,0,0.952074968530366,0.00041067210369201347,0.047325031243928777,0.00018932812201326367,1.0,0,0.9290147612690997,0.007930548741674362,0.05881343679750539,0.00424125319172059,1.0,0,0.9298044438467292,0.008137184899910015,0.05823330763314288,0.003825063620217969,1.0,0,0.9449660873171111,0.0004908614745278138,0.053856803991975094,0.0006862472163858632,0.9999999999999999,0
2017-10-11,0,0,0.94901,0.0,0.05099,0.0,1.0,0,0.9501775264656205,0.00021514133004354468,0.049376479771572744,0.00023085243276322115,1.0,0,0.9326550827179392,0.006478594479573479,0.05644343342026529,0.004422889382222188,1.0,0,0.9330727495836182,0.0064415676954323545,0.056303123918575816,0.004182558802373409,0.9999999999999998,0,0.9740625565127912,0.00022462412037146945,0.025438334289195286,0.00027448507764192884,0.9999999999999999,0
2017-10-12,0,0,0.94901,0.0,0.05099,0.0,1.0,0,0.9454065659263896,0.0002775770926398442,0.054047704558928086,0.0002681524220422858,0.9999999999999998,0,0.9360145450975539,0.006051636150933363,0.053838384860970534,0.00409543389054236,1.0000000000000002,0,0.9361658366555925,0.006074825518065979,0.05391172668639214,0.003847611139949176,0.9999999999999997,0,0.9648462976575558,0.0003080674034682202,0.03444832168005146,0.0003973132589244521,0.9999999999999999,0
2017-10-13,0,0,0.94901,0.0,0.05099,0.0,1.0,0,0.9501472682621401,0.00047387350235812,0.049091407237019304,0.00028745099848237953,1.0,0,0.9427526452021676,0.005781024594668963,0.048170299668632115,0.0032960305345310914,0.9999999999999998,0,0.9432432935769467,0.005951267015375045,0.04777676971676608,0.003028669690911951,0.9999999999999998,0,0.960757347408029,0.0003453844723100906,0.03844298454718238,0.00045428357247847206,1.0,0
2017-10-16,0,0,0.94901,0.0,0.05099,0.0,1.0,0,0.9522955282272846,0.00015423355916291317,0.047272288769851,0.0002779494437015759,1.0,0,0.9450797909951765,0.004577193026724983,0.046770729744252885,0.003572286233845803,1.0000000000000002,0,0.9453193359096221,0.00449225068357665,0.04670059236435778,0.003487821042443395,0.9999999999999999,0,0.9723057428331908,0.0002404506309172267,0.027156558024641463,0.00029724851125061016,1.0000000000000002,0
2017-10-17,0,0,0.94901,0.0,0.05099,0.0,1.0,0,0.9475248547358259,0.0002405833469377107,0.05189829836002067,0.0003362635572157584,1.0,0,0.9466771438710653,0.004514802336788847,0.0454243169238452,0.0033837368683006363,0.9999999999999999,0,0.9467057979702879,0.004513902140559472,0.045508495290763146,0.003271804598389357,0.9999999999999999,0,0.9655417621754131,0.00030173709020967236,0.03376873496732935,0.0003877657670481492,1.0000000000000002,0
2017-10-18,0,0,0.94901,0.0,0.05099,0.0,1.0,0,0.9578878366829836,7.717666280399403e-05,0.04187068781910872,0.00016429883510376482,1.0000000000000002,0,0.9507420427459039,0.003675207693389374,0.04248557497965779,0.0030971745810489783,1.0,0,0.9509840675206815,0.0035445000213329327,0.04246298634792597,0.003008446110059692,1.0000000000000002,0,0.9595856190775668,0.00035610755962233506,0.03958741065111414,0.0004708627116964892,0.9999999999999998,0
2017-10-19,0,0,0.94901,0.0,0.05099,0.0,1.0,0,0.9488943667135153,0.00026322143424587624,0.05054670010400354,0.0002957117482353035,1.0,0,0.9519052413628245,0.003973231152176679,0.04124884775713623,0.002872679727862545,0.9999999999999999,0,0.951981400365408,0.004000580442422207,0.04128242120637034,0.0027355979857994,1.0,0,0.9638691062294542,0.00031697049961767717,0.035403123613602865,0.0004107996573251596,0.9999999999999999,0
2017-10-20,0,0,0.94901,0.0,0.05099,0.0,1.0,0,0.9636570443815885,5.769421364201213e-05,0.03614523646991817,0.0001400249348512935,1.0,0,0.9558912689437936,0.0031123271710860956,0.03825167610161648,0.0027447277835041016,1.0000000000000004,0,0.9562122393577476,0.0030010772795149537,0.03807405401437985,0.0027126293483575458,0.9999999999999999,0,0.9600963721063159,0.000351431838801393,0.03908857364078209,0.0004636224141006523,1.0,0
2017-10-23,0,0,0.94901,0.0,0.05099,0.0,1.0,0,0.9530142547477746,0.00020020663190922192,0.0465298539477046,0.00025568467261167317,1.0,0,0.9558997332015001,0.0033642703044933914,0.03817063081024904,0.0025653656837573346,0.9999999999999999,0,0.9558670817868927,0.003341004028597978,0.03833470746665067,0.0024572067178587603,1.0,0,0.9664215628728182,0.0002937362014502252,0.03290895174050561,0.0003757491852259329,1.0,0
2017-10-24,0,0,0.94901,0.0,0.05099,0.0,1.0,0,0.961944492279249,0.00011491183771726728,0.037786929850012425,0.0001536660330213909,1.0000000000000002,0,0.9598218534438184,0.002959256067096671,0.03495857013311186,0.0022603203559730146,1.0,0,0.960189996570032,0.002912612375611855,0.03473602345843956,0.002161367595916527,0.9999999999999999,0,0.96416593254088,0.00031426511510766584,0.03511310796896634,0.0004066943750460497,1.0000000000000002,0
2017-10-25,0,0,0.94901,0.0,0.05099,0.0,1.0,0,0.9571975437206895,8.952830988042808e-05,0.04249365232853169,0.00021927564089848633,1.0,0,0.9590002278622372,0.0027135993908651993,0.035727311724186465,0.002558861022710982,0.9999999999999998,0,0.9588347933293169,0.0026294771431323557,0.03595921977739143,0.0025765097501594435,1.0000000000000002,0,0.9718487717131862,0.0002445739189932848,0.0276034316303228,0.0003032227374976331,0.9999999999999998,0
2017-10-26,0,0,0.94901,0.0,0.05099,0.0,1.0,0,0.9594342655576266,0.00016279423874514053,0.040218022383792164,0.00018491781983633268,1.0000000000000002,0,0.961510783879238,0.0027955159014121,0.033518977834504006,0.0021747223848457213,0.9999999999999999,0,0.9616639203563754,0.002787427304229048,0.0334523346044483,0.0020963177349473117,1.0,0,0.9642135872276051,0.00031383085589638975,0.03506654592728358,0.00040603598921499216,1.0,0
2017-10-27,0,0,0.94901,0.0,0.05099,0.0,1.0,0,0.9583835557907463,0.0003023416172539837,0.04116078679829171,0.00015331579370801522,1.0,0,0.9641184346384616,0.0029089266210195995,0.03119206079778687,0.001780577942732047,1.0000000000000002,0,0.9646304299111307,0.003002416856155515,0.03075465369179113,0.0016124995409226572,1.0,0,0.9670165512372005,0.00028833010468700966,0.03232745645516148,0.0003676622029510351,1.0,0
2017-10-30,0,0,0.94901,0.0,0.05099,0.0,1.0,0,0.9503176319194326,0.0005070825307145127,0.048944378385288444,0.00023090716456462297,1.0000000000000002,0,0.9637140290491926,0.002955887983594452,0.03154128022359449,0.0017888027436184881,1.0,0,0.9638915090103745,0.0030936013108750584,0.031391509494441035,0.0016233801843094984,1.0,0,0.9679970265469332,0.0002794299403176201,0.0313691369056732,0.0003544066070758311,0.9999999999999999,0
2017-10-31,0,0,0.94901,0.0,0.05099,0.0,1.0,0,0.9574746711856934,0.0001821085383821416,0.04214951600085926,0.0001937042750653123,1.0000000000000002,0,0.9648122801848814,0.0024644868658342746,0.03077758282195365,0.0019456501273307446,1.0,0,0.964933971174646,0.0024769946422908075,0.030711831623697953,0.0018772025593651947,0.9999999999999999,0,0.9663677773941434,0.00029422508813020014,0.032961515707378625,0.00037648181034754554,0.9999999999999997,0
2017-11-01,0,0,0.94901,0.0,0.05099,0.0,1.0,0,0.9566039921211352,0.00020538562178956847,0.04299084475548258,0.00019977750159274647,1.0000000000000002,0,0.9659076472849368,0.002399141332335006,0.0298621260483342,0.0018310853343941828,1.0000000000000002,0,0.9660654122818905,0.0024235910609359613,0.029763347527288767,0.00174764912988501,1.0000000000000002,0,0.964705589715101,0.00030934877749097094,0.03458581141740326,0.00039925009000467334,0.9999999999999999,0
2017-11-02,0,0,0.94901,0.0,0.05099,0.0,1.0,0,0.9560867079662277,0.0003097446147368002,0.043417211500761735,0.00018633591827361335,0.9999999999999999,0,0.9671379416760585,0.002432691840026378,0.028785147164683604,0.0016442193192315198,1.0,0,0.9673622704957326,0.0025037344729099027,0.028609569772803507,0.001524425258554026,1.0,0,0.9638787181271645,0.00031688287928603303,0.03539373239296319,0.0004106666005864937,1.0000000000000002,0
2017-11-03,0,0,0.94901,0.0,0.05099,0.0,1.0,0,0.9636532007278723,0.00019247591853812257,0.035968288206305675,0.00018603514728391036,1.0,0,0.9681037071838564,0.002186363586130703,0.027971195927490224,0.0017387333025227006,1.0,0,0.9682263384027245,0.0022190633761573343,0.027842536384609005,0.001712061836509178,1.0,0,0.966778015392577,0.00029049699242635605,0.03256058713868706,0.00037090047630955204,0.9999999999999999,0
2017-11-06,0,0,0.94901,0.0,0.05099,0.0,1.0,0,0.9642998845757249,0.00033149166786212406,0.03525619483178904,0.00011242892462391543,1.0,0,0.9702129524872561,0.002281476382058786,0.026109477690712188,0.0013960934399728719,0.9999999999999999,0,0.9706087743939309,0.0024025315151379283,0.02570582076820235,0.0012828733227289604,1.0000000000000002,0,0.9704809621950793,0.00025693142282243967,0.028940874469619474,0.0003212319124787779,1.0,0
2017-11-07,0,0,0.94901,0.0,0.05099,0.0,1.0,0,0.9568221502202573,0.00021140981339662064,0.042737620488446044,0.00022881947790005024,1.0,0,0.9677668023042588,0.0021037629679209182,0.02826747109196666,0.0018619636358537066,1.0000000000000002,0,0.9675773951324295,0.0021524182563392984,0.028400726040540634,0.0018694605706904021,0.9999999999999998,0,0.9776818628377656,0.0001921551636176031,0.021897312555374977,0.0002286694432417718,0.9999999999999999,0
2017-11-08,0,0,0.94901,0.0,0.05099,0.0,1.0,0,0.9626026125920926,0.00011624461231493519,0.03712199819435016,0.00015914460124233696,1.0,0,0.9699272874700215,0.001859841075977631,0.026603088499820033,0.0016097829541806038,0.9999999999999998,0,0.9700026323546231,0.0018467449288310652,0.02657944497671555,0.001571177739830139,1.0,0,0.956513619643574,0.00038427960976546854,0.04258726067343589,0.0005148400732246551,1.0,0
2017-11-09,0,0,0.94901,0.0,0.05099,0.0,1.0,0,0.9618620282344787,9.784402697017548e-05,0.037867479755674324,0.00017264798287685177,1.0,0,0.9701130344667757,0.0017514619514227474,0.02649713811783788,0.001638365463963586,0.9999999999999998,0,0.9700354552054522,0.0017217986805178505,0.02661542207718574,0.0016273240368442881,1.0,0,0.9635505282642493,0.00031987512468996404,0.0357143824326437,0.00041521417841704867,1.0,0
2017-11-10,0,0,0.94901,0.0,0.05099,0.0,1.0,0,0.9660045102289955,3.4596327156761993e-05,0.033822652287003326,0.00013824115684451618,1.0,0,0.9710175675504249,0.0015091570253499068,0.025776833033002135,0.0016964423912228122,0.9999999999999998,0,0.970970180968428,0.0014464482889174786,0.025830244968103582,0.0017531257745509634,1.0,0,0.9635505282642493,0.00031987512468996404,0.0357143824326437,0.00041521417841704867,1.0,0
2017-11-13,0,0,0.94901,0.0,0.05099,0.0,1.0,0,0.9601213085207664,0.00017163587892284068,0.03951441390585555,0.00019264169445528726,1.0,0,0.9716841798952633,0.001771110317459352,0.02510868269477494,0.0014360270925022646,0.9999999999999999,0,0.9717471078403803,0.001783167761867098,0.025092368952483617,0.0013773554452689814,0.9999999999999999,0,0.9615100992402373,0.00033850241043218245,0.03770770727921007,0.00044369107012039215,1.0,0
2017-11-14,0,0,0.94901,0.0,0.05099,0.0,1.0,0,0.9548599274111469,0.00019743940267733697,0.04468329064775743,0.00025934253841845844,1.0000000000000002,0,0.9709014832143138,0.0017768569752608832,0.02573557950439641,0.00158608030602896,1.0,0,0.9707055122109747,0.001811266904380037,0.025912373817762874,0.0015708470668825193,1.0000000000000002,0,0.9610580626439339,0.00034263453085384615,0.038149256358444204,0.00045004646676810334,1.0,0
2017-11-15,0,0,0.94901,0.0,0.05099,0.0,1.0,0,0.953986573344197,0.00035474345774723,0.04541122317918923,0.0002474600188666267,1.0,0,0.9719155201257608,0.001842327910052427,0.02481705110212376,0.0014251008620630196,1.0,0,0.9718041294391085,0.0019222647027906012,0.02489898404030272,0.0013746218177981314,1.0,0,0.9507721854637143,0.0004371443960538658,0.04819175925934017,0.0005989108808916982,1.0,0
2017-11-16,0,0,0.94901,0.0,0.05099,0.0,1.0,0,0.9659858486775214,9.244118033695433e-05,0.03379146708224166,0.0001302430599001218,1.0,0,0.9740977603321619,0.0015205151580688528,0.023113526909097244,0.0012681976006719555,1.0,0,0.9743334692735249,0.0015098978576015079,0.02295023178736527,0.0012064010815083877,1.0000000000000002,0,0.9595856190775668,0.00035610755962233506,0.03958741065111414,0.0004708627116964892,0.9999999999999998,0
2017-11-17,0,0,0.94901,0.0,0.05099,0.0,1.0,0,0.965414965915248,0.00022490043795145583,0.03422373524865853,0.00013639839814190137,0.9999999999999999,0,0.9751781216493522,0.0016095854634228383,0.022121584332640325,0.0010907085545845013,0.9999999999999999,0,0.9754246678063536,0.0016483382238174095,0.021922248276869418,0.0010047456929596263,1.0,0,0.9594462153220482,0.0003573841542213536,0.039723558065721656,0.0004728424580087726,1.0,0
2017-11-20,0,0,0.94901,0.0,0.05099,0.0,1.0,0,0.9619577317253386,0.0001255674393294264,0.03771202959718638,0.00020467123814567068,1.0,0,0.9738492561569501,0.00148256375077791,0.023297386663120888,0.0013707934291512514,1.0,0,0.9737949648506586,0.0014824500671526517,0.02336404986290452,0.0013585352192842027,1.0,0,0.9753151137971819,0.0002133658682944422,0.0242130604694277,0.00025845986509584235,1.0,0
2017-11-21,0,0,0.94901,0.0,0.05099,0.0,1.0,0,0.9652821258227874,0.00025138403778791473,0.034297424110987476,0.00016906602843730543,1.0,0,0.9757912202235993,0.001563901258006114,0.02155197809432606,0.0010929004240684932,1.0,0,0.9760399352622771,0.0016134389020651383,0.0213267024876092,0.0010199233480486236,1.0,0,0.9564216625960996,0.00038512417820703857,0.04267704561231292,0.0005161676133802985,0.9999999999999998,0
2017-11-22,0,0,0.94901,0.0,0.05099,0.0,1.0,0,0.9657396459156304,0.00022320366473199715,0.03392634758870297,0.00011080283093471776,1.0000000000000002,0,0.9760529166073116,0.001521444619166425,0.021411858743348507,0.0010137800301735446,1.0000000000000002,0,0.9762733379302775,0.0015603169889639981,0.02125270199837539,0.0009136430823830711,0.9999999999999999,0,0.9677739583246513,0.00028145387921396566,0.03158717323219559,0.00035741456393913857,1.0,0
2017-11-24,0,0,0.94901,0.0,0.05099,0.0,1.0,0,0.9673247692784773,0.0001095550824393243,0.03243043508632421,0.00013524055275896375,0.9999999999999999,0,0.9762125472381666,0.00133814000201289,0.02129859236619009,0.0011507203936303144,1.0,0,0.9763459256385437,0.0013348349572523256,0.02120484544772152,0.0011143939564826001,1.0,0,0.969090140656714,0.0002695200802522303,0.03030060501803998,0.00033973424499362024,0.9999999999999999,0
2017-11-27,0,0,0.94901,0.0,0.05099,0.0,1.0,0,0.9649883236880853,0.000128887230977928,0.03474294792983875,0.00013984115109789004,0.9999999999999999,0,0.9761108226436486,0.001351004047660174,0.021427740809331266,0.001110432499359805,0.9999999999999999,0,0.9761796992012286,0.0013517665315042034,0.021419426326799985,0.0010491079404672562,1.0,0,0.9664663206387256,0.0002933293965202538,0.03286521023681233,0.00037513972794160036,0.9999999999999998,0
2017-11-28,0,0,0.94901,0.0,0.05099,0.0,1.0,0,0.967319760617333,0.00012756138334116173,0.03241139883166656,0.00014127916765914228,0.9999999999999999,0,0.9768927872135112,0.0013247431733715992,0.02066379958771399,0.0011186700254030273,0.9999999999999999,0,0.9770626655282825,0.001343726418697456,0.020510866473822015,0.0010827415791979913,1.0,0,0.9608820506512022,0.0003442439993384857,0.03832117974674832,0.0004525256027107937,0.9999999999999999,0
2017-11-29,0,0,0.94901,0.0,0.05099,0.0,1.0,0,0.9685482011631983,4.5255113857321526e-05,0.03126416330278152,0.0001423804201629483,1.0,0,0.9761075353828926,0.0011441172021955633,0.021459158693048968,0.001289188721862808,0.9999999999999999,0,0.9759615225248075,0.0011103748365742115,0.021605050002951535,0.001323052635666561,0.9999999999999998,0,0.9590360806367391,0.00036114099825188044,0.040124102479754196,0.00047867588525515566,1.0000000000000002,0
2017-11-30,0,0,0.94901,0.0,0.05099,0.0,1.0,0,0.9692401623939448,9.498376586297667e-05,0.030539981450612996,0.0001248723895792467,1.0,0,0.9775439318188144,0.001220675390746036,0.020136096034052697,0.0010992967563868009,0.9999999999999998,0,0.9776811632571987,0.001225498441407633,0.020016389553521714,0.0010769487478719927,1.0,0,0.9544231356859004,0.00040349698118866736,0.044628192558410995,0.0005451747744999205,1.0,0
2017-12-01,0,0,0.94901,0.0,0.05099,0.0,1.0,0,0.9642547871358208,0.0005912279168087021,0.03500935572944969,0.0001446292179206552,0.9999999999999999,0,0.9781586383403922,0.0015009256572244463,0.01944138548417488,0.0008990505182085979,1.0,0,0.9783374018496486,0.0016305560259470512,0.019211913724398837,0.0008201284000052815,0.9999999999999997,0,0.9597778816183687,0.0003543471995871029,0.03939963636672551,0.0004681348153185396,0.9999999999999999,0
2017-12-04,0,0,0.94901,0.0,0.05099,0.0,1.0,0,0.9645808236970704,8.681454757255181e-05,0.03515478173816148,0.0001775800171956997,1.0,0,0.9767057959806129,0.0011723504055606716,0.02092293514225048,0.0011989184715758708,0.9999999999999999,0,0.976530318081818,0.0011674404741173594,0.021101174292087462,0.001201067151977037,0.9999999999999998,0,0.9727115787291698,0.00023679098900868443,0.026759669305244586,0.0002919609765768502,0.9999999999999998,0
2017-12-05,0,0,0.94901,0.0,0.05099,0.0,1.0,0,0.9635542179693848,0.000235727015835062,0.03602658202966524,0.00018347298511476858,0.9999999999999999,0,0.9778564947788008,0.0012699500593551644,0.01986762532890413,0.0010059298329399163,1.0,0,0.9778379485547309,0.0013064293585892616,0.019896194444141802,0.0009594276425380012,1.0,0,0.9472602166586146,0.00046960733274575383,0.05161870459176175,0.0006514714168778474,0.9999999999999999,0
2017-12-06,0,0,0.94901,0.0,0.05099,0.0,1.0,0,0.9625628777644338,0.0001220197623547561,0.03712344312996765,0.00019165934324393542,1.0,0,0.9772263277945228,0.001186905945539288,0.02044458743534538,0.0011421788245924655,0.9999999999999999,0,0.9770757022152011,0.0012058042671273866,0.02058845614492232,0.0011300373727490406,0.9999999999999999,0,0.9624090847646306,0.0003302904790416257,0.03682952304469698,0.0004311017116309287,1.0000000000000002,0
2017-12-07,0,0,0.94901,0.0,0.05099,0.0,1.0,0,0.9740631513146639,4.4160832544306584e-05,0.025804749159197893,8.793869359367862e-05,0.9999999999999998,0,0.9792299750372807,0.0009974308278877613,0.018756197033612716,0.0010163971012188296,1.0,0,0.9793276637183698,0.0009759996878276793,0.018678837397902204,0.0010174991959005751,1.0000000000000002,0,0.942608034027789,0.0005127459224733593,0.05615687654104648,0.0007223435086912524,1.0000000000000002,0
2017-12-08,0,0,0.94901,0.0,0.05099,0.0,1.0,0,0.9720670510934211,0.00013225127746727453,0.02770139055344501,9.930707566645013e-05,0.9999999999999998,0,0.9797198381352782,0.001119337934342824,0.018261632476863517,0.0008991914535154836,1.0,0,0.9799004676990435,0.0011397644955556394,0.018103509117288745,0.0008562586881122468,1.0000000000000002,0,0.9658162151410403,0.00029924033770580314,0.0335005347394865,0.0003840097817673665,1.0,0
2017-12-11,0,0,0.94901,0.0,0.05099,0.0,1.0,0,0.9711830999531811,0.0001415618468088912,0.02856286345630219,0.00011247474370796076,1.0000000000000002,0,0.9799248806894968,0.00109881754520781,0.01809395136233284,0.0008823504029623023,0.9999999999999997,0,0.980080349796249,0.0011172924948537658,0.017962231970697122,0.0008401257382001048,1.0,0,0.9671308107002151,0.00028729237869148813,0.0322157840196541,0.0003661129014391979,0.9999999999999999,0
2017-12-12,0,0,0.94901,0.0,0.05099,0.0,1.0,0,0.9687762974661092,8.34260430410854e-05,0.03101217321966249,0.00012810327118716885,1.0,0,0.9789082412885075,0.0010416641624880528,0.019026319175845286,0.0010237753731590523,0.9999999999999999,0,0.9788425623690848,0.00104291081925087,0.019103706617645703,0.0010108201940185117,1.0,0,0.9678685162921613,0.00028059586927432734,0.031494748905302496,0.00035613893326180896,0.9999999999999999,0
2017-12-13,0,0,0.94901,0.0,0.05099,0.0,1.0,0,0.9653784698440512,0.0002586406920364338,0.03418150242436534,0.0001813870395472158,1.0000000000000002,0,0.9794172755988306,0.0011631593170721144,0.018511069262702476,0.0009084958213949602,1.0000000000000002,0,0.9794058175569292,0.001212551283892459,0.018517430168648458,0.0008642009905299172,1.0,0,0.9503179384804752,0.0004413380424764471,0.04863506141320348,0.0006056620638447866,1.0,0
2017-12-14,0,0,0.94901,0.0,0.05099,0.0,1.0,0,0.9690912603099485,0.00018626251849162607,0.030588767237095076,0.00013370993446474167,0.9999999999999999,0,0.9802352819737374,0.0010724698296152616,0.017838832167891314,0.0008534160287559895,1.0,0,0.9802796910982607,0.001097881707055761,0.0178105717226932,0.0008118554719902666,0.9999999999999999,0,0.957569106124019,0.00037459082477556957,0.0415566547380721,0.0004996483131333621,1.0,0
2017-12-15,0,0,0.94901,0.0,0.05099,0.0,1.0,0,0.9712734035580863,0.00015565710599191665,0.028449892672891254,0.00012104666303072935,1.0000000000000002,0,0.9808809564988493,0.0010438776682794376,0.01723444644979633,0.0008407193830749246,1.0,0,0.9810595072337887,0.0010745986846695098,0.017061469592087663,0.0008044244894543158,1.0000000000000002,0,0.9681250394821559,0.0002782687081671513,0.03124400928981621,0.00035268251986074337,1.0,0
2017-12-18,0,0,0.94901,0.0,0.05099,0.0,1.0,0,0.9769021686963122,4.830385663490365e-05,0.022987459206918272,6.206824013449419e-05,0.9999999999999999,0,0.9814874642406387,0.0008921787411701843,0.01680521613260992,0.0008151408855810913,0.9999999999999999,0,0.9816989075125764,0.0008818823998064488,0.016632577816525624,0.0007866322710915239,1.0,0,0.9627273548321422,0.00032738506405351854,0.036518599349924075,0.00042666075388034155,1.0000000000000002,0
2017-12-19,0,0,0.94901,0.0,0.05099,0.0,1.0,0,0.9769910244103791,2.703144175137839e-05,0.022911018934054957,7.092521381430987e-05,0.9999999999999999,0,0.9810523078330262,0.0008147444127940079,0.017218257136718575,0.0009146906174611142,0.9999999999999999,0,0.9810684999715512,0.0007876441445633089,0.017211526031214286,0.0009323298526711773,1.0,0,0.9685397711760239,0.00027450786497085515,0.030838613498981676,0.0003471074600237164,1.0,0
2017-12-20,0,0,0.94901,0.0,0.05099,0.0,1.0,0,0.9765181319008651,4.626137582054564e-05,0.02335800829806826,7.759842524604683e-05,0.9999999999999999,0,0.9813729546869356,0.0008515490464966063,0.01692221803194293,0.0008532782346247087,0.9999999999999999,0,0.9814328040731617,0.0008347859547738496,0.016885847654839532,0.0008465623172248646,1.0,0,0.968438689791486,0.00027542430433532145,0.03093742114515128,0.0003484647590275017,1.0000000000000002,0
2017-12-21,0,0,0.94901,0.0,0.05099,0.0,1.0,0,0.971692632555324,0.0002484660851597463,0.0279515035983945,0.00010739776112186925,1.0,0,0.9815408395256031,0.0010429640240179818,0.01665882691292892,0.0007573695374500352,1.0,0,0.9816648769358041,0.0010951822846838218,0.016532350982500645,0.0007075897970114139,1.0,0,0.9682780010634848,0.0002768814044293595,0.031094493094273416,0.0003506244378124159,1.0,0
2017-12-22,0,0,0.94901,0.0,0.05099,0.0,1.0,0,0.9744318701401466,0.0001031529801440808,0.025371018498618045,9.395838109145171e-05,1.0000000000000002,0,0.9817619733966801,0.0009068117027384096,0.016546779131570762,0.0007844357690106104,1.0,0,0.9818412613731095,0.0009130674424890258,0.016490910043313094,0.0007547611410883215,0.9999999999999998,0,0.966626971968316,0.0002918694090092755,0.03270820495797186,0.00037295366470288337,1.0,0
2017-12-26,0,0,0.94901,0.0,0.05099,0.0,1.0,0,0.973493032133647,0.0002111284807778977,0.026204961393002425,9.087799257246057e-05,0.9999999999999998,0,0.9822122700169147,0.000979855593264225,0.01609357338199562,0.0007143010078254186,0.9999999999999999,0,0.9823553510677321,0.0010223255929433092,0.015955519006938104,0.0006668043323865362,1.0000000000000002,0,0.9680653618870204,0.00027881003314081143,0.03130234200884772,0.000353486070991069,1.0,0
2017-12-27,0,0,0.94901,0.0,0.05099,0.0,1.0,0,0.9709867672386595,0.0003910380681625282,0.028511155137421383,0.00011103955575645855,0.9999999999999999,0,0.9821136807694594,0.0010628877143363806,0.01612358201728271,0.0006998494989214829,0.9999999999999999,0,0.9822438813918534,0.0011447953843437282,0.015968133106716926,0.0006431901170857781,0.9999999999999999,0,0.9719467692567338,0.00024368945505738625,0.027507601538261185,0.00030193974994755364,0.9999999999999999,0
2017-12-28,0,0,0.94901,0.0,0.05099,0.0,1.0,0,0.9755751623405464,9.357479145495569e-05,0.02425361682690243,7.764604109630599e-05,1.0000000000000002,0,0.9824559757793595,0.0008618273898753665,0.015939415300707596,0.0007427815300575175,1.0,0,0.9825777676694641,0.0008698868218891966,0.015841741893405255,0.0007106036152414261,1.0,0,0.9672883847126139,0.0002858614971326577,0.03206177554926793,0.0003639782409853777,0.9999999999999998,0
2017-12-29,0,0,0.94901,0.0,0.05099,0.0,1.0,0,0.9737274441953575,0.00014877119285424046,0.02604475089089668,7.903372089168619e-05,1.0000000000000002,0,0.9822474748528118,0.0009067930937893957,0.016125411130200377,0.0007203209231983857,1.0,0,0.9822879049783227,0.0009301368397751336,0.016107346342764818,0.0006746118391374386,1.0000000000000002,0,0.9669107403358722,0.00028929122674724783,0.03243087042601411,0.00036909801136652724,1.0,0
2018-01-02,0,0,0.94901,0.0,0.05099,0.0,1.0,0,0.9795246248998366,3.077273278717537e-05,0.02039189964532035,5.270272205558363e-05,0.9999999999999998,0,0.9830335038562705,0.0007426863770882775,0.015442291913231373,0.0007815178534097783,0.9999999999999999,0,0.98319650361102,0.0007335775696064065,0.015285797139026825,0.0007841216803467701,1.0,0,0.9673058477938136,0.0002857029370566955,0.032044707460585076,0.00036374180854461006,0.9999999999999999,0
2018-01-03,0,0,0.94901,0.0,0.05099,0.0,1.0,0,0.9756750346261605,0.00018943340196552489,0.0240543406934951,8.11912783788623e-05,1.0,0,0.9834056500642179,0.0009030019819842247,0.015049853470478925,0.000641494483318895,0.9999999999999999,0,0.9836274020857699,0.0009434891701062601,0.014837354753491907,0.0005917539906319748,1.0,0,0.9647337746677853,0.0003090920914344231,0.034558271252251735,0.00039886198852848626,0.9999999999999999,0
2018-01-04,0,0,0.94901,0.0,0.05099,0.0,1.0,0,0.975896656714129,9.826695211030241e-05,0.023930099857571593,7.49764761892476e-05,1.0,0,0.9831130416934332,0.0008242954131946426,0.01536083738639736,0.0007018255069748778,1.0,0,0.9832459505354804,0.0008371539166821886,0.015249473769281109,0.0006674217785565636,1.0000000000000002,0,0.9694191470417237,0.00026654010034005734,0.029978972415715042,0.0003353404422210412,0.9999999999999999,0
2018-01-05,0,0,0.94901,0.0,0.05099,0.0,1.0,0,0.9768081112971163,6.037648182141009e-05,0.023059806032723496,7.17061883387556e-05,1.0,0,0.9830756782625825,0.0007752967737416335,0.015412094300186054,0.0007369306634897931,1.0,0,0.9831787260429778,0.0007770206305014882,0.015328514671219796,0.0007157386553010585,1.0000000000000002,0,0.9637921223234016,0.00031767230464715203,0.035478339746949944,0.00041186562500111805,0.9999999999999999,0
2018-01-08,0,0,0.94901,0.0,0.05099,0.0,1.0,0,0.9762688586341757,9.249360187811057e-05,0.02354266117638905,9.598658755717227e-05,1.0,0,0.983133936974377,0.0007896855705424992,0.015351744155268859,0.0007246332998116539,1.0,0,0.9831746575718111,0.0007960136540666013,0.015322322014971804,0.0007070067591504146,0.9999999999999999,0,0.9573216550345348,0.0003768614251482719,0.041798281227558264,0.0005032023127587056,1.0,0
2018-01-09,0,0,0.94901,0.0,0.05099,0.0,1.0,0,0.9814610568051569,2.9079930238288692e-05,0.018457889654946533,5.1973609658521345e-05,1.0000000000000002,0,0.983792037058579,0.0006810650247765661,0.014814245652166953,0.0007126522644774319,1.0,0,0.983897182056754,0.0006662575541397024,0.014724256330512914,0.0007123040585931982,0.9999999999999999,0,0.9634340125775831,0.0003209377068941525,0.035828218822429654,0.00041683089309310634,1.0,0
2018-01-10,0,0,0.94901,0.0,0.05099,0.0,1.0,0,0.9778634417962803,8.985338958471428e-05,0.021953395052351447,9.33097617834614e-05,0.9999999999999999,0,0.9833128325086421,0.000766074492725164,0.015201868113148794,0.0007192248854840012,1.0,0,0.9832975731577336,0.0007709905069900875,0.015222145247635521,0.0007092910876407219,0.9999999999999999,0,0.9700108567052192,0.0002611838863049678,0.029400494735956326,0.00032746467251956404,1.0,0
2018-01-12,0,0,0.94901,0.0,0.05099,0.0,1.0,0,0.9773998083607699,0.00020670655131294974,0.022305971811284613,8.751327663250662e-05,0.9999999999999999,0,0.9844690064733317,0.0008465241324674746,0.014084564273437891,0.0005999051207629334,0.9999999999999999,0,0.9847188571751953,0.00089771094592784,0.013823251767230692,0.0005601801116462339,1.0,0,0.965952649304538,0.0002979994660705616,0.03336720610019568,0.00038214512919607064,1.0000000000000002,0
2018-01-16,0,0,0.94901,0.0,0.05099,0.0,1.0,0,0.974180446940242,0.00012004093121749005,0.02561069524081861,8.881688772184087e-05,1.0,0,0.983298966528211,0.000787419263861591,0.015217408622787027,0.0006962055851403939,1.0,0,0.983277731879698,0.0008050382522676624,0.015250223527760872,0.0006670063402735509,1.0,0,0.9671571238897846,0.00028705341763891873,0.03219006641539709,0.000365756277179427,1.0,0
2018-01-17,0,0,0.94901,0.0,0.05099,0.0,1.0,0,0.9795370079210399,6.88519755453082e-05,0.02033094440821958,6.319569519537857e-05,1.0000000000000002,0,0.9843605775385861,0.0007210206393591689,0.014247847118200981,0.0006705547038536869,0.9999999999999999,0,0.9845172127445388,0.0007319870635610942,0.014092464715503334,0.0006583354763967049,1.0,0,0.9587422578920527,0.00036383335393777756,0.04041104565193227,0.0004828631020770586,0.9999999999999998,0
2018-01-18,0,0,0.94901,0.0,0.05099,0.0,1.0,0,0.9797016801923328,4.328904014578206e-05,0.02020192807224325,5.310269527833053e-05,1.0000000000000002,0,0.9838667940632038,0.0006791405512806661,0.014748841025157307,0.0007052243603583104,1.0,0,0.9838710412491524,0.0006728102252494987,0.014757747362472156,0.0006984011631258443,0.9999999999999998,0,0.9647337746677853,0.0003090920914344231,0.034558271252251735,0.00039886198852848626,0.9999999999999999,0
2018-01-19,0,0,0.94901,0.0,0.05099,0.0,1.0,0,0.9796560295512983,5.317235189996555e-05,0.020220669190021832,7.012890678000386e-05,1.0,0,0.983998443273563,0.0006863933596344903,0.01459167684762381,0.000723486519178551,0.9999999999999999,0,0.9840114054285038,0.0006873370085555014,0.014570628258965967,0.0007306293039746777,1.0,0,0.9631019346865233,0.0003239668822333148,0.03615265346673334,0.00042144496450991593,0.9999999999999999,0
2018-01-22,0,0,0.94901,0.0,0.05099,0.0,1.0,0,0.9803774710685801,7.115111030662538e-05,0.019488256990065452,6.312083104790076e-05,1.0,0,0.9847666598653255,0.0006965500543197553,0.013902881118530781,0.0006339089618239799,1.0,0,0.9849171321447785,0.0007060332382249634,0.01375901926645809,0.0006178153505384702,1.0,0,0.9601703378308156,0.0003507549135908163,0.039016331636434226,0.00046257561915945554,1.0000000000000002,0
2018-01-23,0,0,0.94901,0.0,0.05099,0.0,1.0,0,0.9785301995708016,0.00015552921429085671,0.02124709368209642,6.717753281116553e-05,1.0,0,0.9847891525789448,0.0007623288219524187,0.013876395663519453,0.0005721229355831847,0.9999999999999999,0,0.9849291671491612,0.0007927381379394352,0.01374756311377973,0.0005305315991194774,1.0,0,0.9661518023314308,0.00029618852071302323,0.033172582863574385,0.00037942628428175735,1.0,0
2018-01-24,0,0,0.94901,0.0,0.05099,0.0,1.0,0,0.9821202807352424,5.2653833675413485e-05,0.017777427054835423,4.9638376246955746e-05,1.0000000000000002,0,0.9849927075725866,0.0006543741314434371,0.013749038032061598,0.000603880263908395,1.0,0,0.9850980876250608,0.0006533719259735011,0.013663223964047117,0.0005853164849185505,0.9999999999999999,0,0.9682016092750426,0.0002775742159712359,0.031169164502367567,0.0003516520066185558,1.0,0
2018-01-25,0,0,0.94901,0.0,0.05099,0.0,1.0,0,0.9761744422803674,0.00024554276460768355,0.023486484130936656,9.353082408826533e-05,1.0,0,0.9846840261350469,0.0007945174094252633,0.013944657867509926,0.000576798588017826,1.0,0,0.984771136639345,0.0008429240860412302,0.013849944154553514,0.0005359951200602555,1.0,0,0.9720819111173585,0.00024246995012384132,0.027375446843785643,0.00030017208873214405,1.0000000000000002,0
2018-01-26,0,0,0.94901,0.0,0.05099,0.0,1.0,0,0.9826719076490011,5.316413726592823e-05,0.017230376570059967,4.455164367327777e-05,1.0000000000000004,0,0.9854805955427127,0.0006520322029977638,0.013288374085224597,0.0005789981690649531,1.0,0,0.9856894456815098,0.0006589384957175832,0.013096487411595291,0.000555128411177237,1.0,0,0.9644698692515018,0.0003114958510479411,0.03481613627419506,0.00040249862325521626,1.0,0
2018-01-29,0,0,0.94901,0.0,0.05099,0.0,1.0,0,0.9795697509860252,4.3934400614330205e-05,0.020298597284827094,8.77173285334558e-05,1.0,0,0.9841078598845683,0.0006219959033590318,0.014541473789134146,0.0007286704229386024,1.0,0,0.9839356905042003,0.0006115562503110592,0.01470056685412537,0.0007521863913634572,1.0000000000000002,0,0.9658981388288119,0.00029849521630068686,0.03342047602767886,0.0003828899272082837,0.9999999999999997,0
2018-01-30,0,0,0.94901,0.0,0.05099,0.0,1.0,0,0.978306755790092,3.624877963169768e-05,0.02157142849428352,8.556693599291923e-05,1.0,0,0.9839658565459122,0.0006041098198283886,0.014685657054033309,0.000744376580226253,1.0000000000000002,0,0.9837348963447191,0.0005902645858212115,0.014903694286961616,0.0007711447824979366,0.9999999999999999,0,0.960265243421873,0.00034988642329745063,0.03892363703952161,0.00046123311530767847,0.9999999999999998,0
2018-01-31,0,0,0.94901,0.0,0.05099,0.0,1.0,0,0.978047314134014,0.00016088216653989705,0.021720072403855498,7.173129559069018e-05,1.0000000000000002,0,0.9850552798812124,0.0007253815512121098,0.01363986675067649,0.000579471816898969,1.0,0,0.9851313019542101,0.0007588582533748318,0.013562962999012685,0.0005468767934027244,1.0000000000000004,0,0.9574455525496486,0.0003757244803596178,0.04167730071155917,0.0005014222584326802,1.0,0
2018-02-01,0,2,0.94901,0.0,0.05099,0.0,1.0,0,0.9833118301214451,2.7175536744996634e-05,0.016611750829084324,4.924351272562203e-05,1.0,0,0.9853881229200597,0.0005703875389159018,0.013420717238901274,0.0006207723021231723,1.0,0,0.9854418971594815,0.0005574151088966152,0.013377764985079286,0.0006229227465428036,1.0000000000000002,0,0.9634826042876671,0.0003204945510592458,0.03578074464337591,0.0004161565178977716,0.9999999999999999,0
2018-02-02,2,2,0.07792,0.00339,0.91292,0.00577,1.0,2,0.09054925663265798,0.0001467891369297009,0.9021726301614631,0.007131324068949262,1.0,2,0.23860121956799402,0.03677719409188646,0.6830915451058261,0.041530041234293456,1.0,2,0.2325074371740906,0.03245844474508789,0.6908440670228801,0.04419005105794137,1.0,2,0.10425833074796753,0.0011219503562551665,0.8890912891929766,0.005528429702800692,1.0,2
2018-02-05,2,2,0.07792,0.00339,0.91292,0.00577,1.0,2,0.05914167476144302,0.0008928130682391926,0.928659661485881,0.011305850684436845,1.0,2,0.15771695579087058,0.03013022317849146,0.7839589917326475,0.02819382929799049,1.0,2,0.15057043264012124,0.02822237940101475,0.7928685026356853,0.028338685323178677,0.9999999999999999,2,0.06999148691238052,0.001209208256811756,0.9226305902439434,0.006168714586864292,1.0,2
2018-02-06,2,2,0.07792,0.00339,0.91292,0.00577,1.0,2,0.08955768995907964,0.0014955905256205221,0.9030496556314371,0.005897063883862619,0.9999999999999999,2,0.14605851510583623,0.026981301441995516,0.8077790546371088,0.019181128815059543,1.0,2,0.1472027160543844,0.02764778973961191,0.806400627211055,0.018748866994948717,1.0,2,0.07030110168878592,0.0012333771142567047,0.9224276673131432,0.006037853883814182,1.0,2
2018-02-07,2,2,0.07792,0.00339,0.91292,0.00577,1.0,2,0.08410472547163443,0.00024038945156895563,0.909779381251961,0.005875503824835526,0.9999999999999999,2,0.11195055470336351,0.015949417286730026,0.8544154720941759,0.0176845559157306,1.0,2,0.11074734075841391,0.014676814920213685,0.8567230213963263,0.017852822925046058,1.0,2,0.06921365949291064,0.0012609754025256334,0.9235797762680378,0.005945588836526034,1.0,2
2018-02-08,2,2,0.07792,0.00339,0.91292,0.00577,1.0,2,0.06459428206719905,0.00045122559461386344,0.9234920312718145,0.011462461066372472,0.9999999999999999,2,0.08525436256402812,0.012847050984108639,0.8843141614580463,0.01758442499381705,1.0,2,0.08119269026298957,0.011647342261245653,0.888326309216123,0.018833658259641714,0.9999999999999999,2,0.058648629420056775,0.0013104786544460589,0.9339230211287236,0.006117870796773476,1.0,2
2018-02-09,2,2,0.07792,0.00339,0.91292,0.00577,1.0,2,0.08260831088961,0.0007325172599234153,0.9087383842046463,0.007920787645820253,1.0,2,0.08309601859160651,0.013268923750414047,0.8883028871243165,0.015332170533662906,0.9999999999999999,2,0.0827667318023012,0.013347542558488022,0.8873283008938216,0.016557424745389192,1.0,2,0.07263473476166413,0.001305741909148886,0.9204314944807117,0.00562802884847539,1.0000000000000002,2
2018-02-12,2,2,0.07792,0.00339,0.91292,0.00577,1.0,2,0.08859598111969366,0.001527848407254273,0.9054515133258583,0.004424657147193638,0.9999999999999999,2,0.08223071668296551,0.013160083557672526,0.8947424617697591,0.009866737989602747,1.0,2,0.08355931777785416,0.013474932382876,0.8935726406007081,0.009393109238561737,1.0,2,0.044864708697499166,0.0014001416438828036,0.9474057024752812,0.006329447183336674,0.9999999999999999,2
2018-02-13,2,2,0.07792,0.00339,0.91292,0.00577,1.0,2,0.07968636055572434,0.0014197170594218856,0.9141512329979354,0.004742689386918338,1.0,2,0.07118527071150973,0.011103734119730887,0.9079741056121973,0.009736889556562128,1.0,2,0.07161899693306388,0.01118566379989068,0.9076614296031579,0.009533909663887515,1.0,2,0.0837915354644639,0.0013353214657792231,0.9097044180862339,0.005168724983522909,1.0,2
2018-02-14,2,0,0.07792,0.00339,0.91292,0.00577,1.0,2,0.10668430091832441,0.0008827484686178285,0.8891951454626604,0.0032378051503973325,1.0,2,0.06948388830124276,0.009794793851565965,0.9123120426780807,0.008409275169110546,1.0,2,0.070858189896652,0.009912320684565866,0.9109781023353302,0.008251387083452032,1.0,2,0.08143414202646687,0.0013678612289576403,0.9120857306830582,0.00511226606151722,1.0,2
2018-02-15,0,0,0.94901,0.0,0.05099,0.0,1.0,0,0.9454936398629689,0.0004609718027435293,0.0537900665618401,0.00025532177244739075,0.9999999999999999,0,0.7516442313961668,0.04615212673405017,0.18317910948789523,0.019024532381887692,0.9999999999999999,0,0.7548213507929155,0.046759176507999704,0.18175234475510987,0.016667127943974874,0.9999999999999999,0,0.9742432336888454,0.00022299881023429353,0.02526160470303276,0.0002721627978875691,0.9999999999999999,0
2018-02-16,0,0,0.94901,0.0,0.05099,0.0,1.0,0,0.9427524559936428,0.000272000512672894,0.05669356328714241,0.0002819802065418884,0.9999999999999999,0,0.821723849424635,0.0264444508830561,0.13820591417846875,0.013625785513840092,0.9999999999999999,0,0.8237360642308814,0.025884496565272468,0.1381043017315514,0.012275137472294846,1.0000000000000002,0,0.9651260927642935,0.00030552002386532214,0.03417492015882137,0.00039346705301986404,1.0,0
2018-02-20,0,0,0.94901,0.0,0.05099,0.0,1.0,0,0.9472007273661703,0.00014861924511705543,0.05236294725138346,0.00028770613732908044,1.0,0,0.8547263416739426,0.017527394628783943,0.11556305869577606,0.012183205001497251,0.9999999999999999,0,0.854749606090422,0.016789408907526428,0.11665258169247227,0.011808403309579078,0.9999999999999999,0,0.9671132572548581,0.000287451793081572,0.03223294011239589,0.00036635083966431853,0.9999999999999998,0
2018-02-21,0,0,0.94901,0.0,0.05099,0.0,1.0,0,0.9523543547692747,6.282720875949751e-05,0.047362958173564625,0.00021985984840108334,0.9999999999999999,0,0.8809129100358222,0.012246061102667728,0.09683652634714715,0.010004502514362931,0.9999999999999999,0,0.8810129395012833,0.011477862397352085,0.09756239123099189,0.009946806870372762,1.0,0,0.9652466692560673,0.0003044224925350096,0.03405709658476173,0.0003918116666359037,1.0,0
2018-02-22,0,0,0.94901,0.0,0.05099,0.0,1.0,0,0.9489085567624038,0.00031744170726057103,0.05052226015782306,0.0002517413725124964,0.9999999999999999,0,0.8995624915773077,0.012135015014497326,0.08141729972478146,0.006885193683413474,0.9999999999999999,0,0.9003875435532999,0.012133852154924936,0.0811506759799076,0.006327928311867646,1.0,0,0.9657979840984126,0.0002994061643875989,0.03351835066504024,0.00038425907215929473,0.9999999999999998,0
2018-02-23,0,0,0.94901,0.0,0.05099,0.0,1.0,0,0.9503933416615405,0.0005316220297784229,0.048868315649043384,0.00020672065963745387,0.9999999999999998,0,0.9137512909372582,0.011139774354626297,0.06960331881262226,0.005505615895493213,1.0,0,0.9150002009602067,0.011700628503795902,0.06833581371612962,0.004963356819867774,1.0,0,0.9690404948936755,0.00026996985694802047,0.030349137093829574,0.00034039815554691053,1.0,0
2018-02-26,0,0,0.94901,0.0,0.05099,0.0,1.0,0,0.9541858671851939,0.00026728473821102666,0.045393450713648364,0.00015339736294648455,0.9999999999999999,0,0.9235687232435132,0.008710954334855456,0.0630514959265343,0.00466882649509701,1.0,0,0.9249445767775732,0.008820762501207296,0.06207422510582902,0.00416043561539036,1.0,0,0.9665288847192998,0.00029276078557838396,0.032804066385843315,0.00037428810927836925,0.9999999999999999,0
2018-02-27,0,0,0.94901,0.0,0.05099,0.0,1.0,0,0.9398319536950771,9.977273267914894e-05,0.059630910594085755,0.00043736297815802133,1.0,0,0.9210758930761065,0.006546317245946635,0.06606219640474861,0.006315593273198265,1.0,0,0.9199482719983509,0.006234051053241042,0.06731944558692508,0.006498231361482948,1.0,0,0.9681505825485268,0.0002780370237937093,0.031219041739890582,0.0003523386877888007,0.9999999999999999,0
2018-02-28,0,0,0.94901,0.0,0.05099,0.0,1.0,0,0.9331925647077416,0.00032913377675348343,0.06595852291685954,0.0005197785986451113,0.9999999999999998,0,0.9255146924153799,0.006932751557512975,0.06199959705753095,0.005552958969576043,0.9999999999999999,0,0.9243699960591015,0.007008484093813901,0.06306746242091273,0.005554057426171776,1.0,0,0.9549248658398446,0.00039888136372225253,0.04413838796945905,0.0005378648269741723,1.0,0
2018-03-01,0,0,0.94901,0.0,0.05099,0.0,1.0,0,0.9396926034771205,0.00036158674705960944,0.05961667774602158,0.0003291320297984557,1.0000000000000002,0,0.9331174649492952,0.006249864676047067,0.05610707019231398,0.004525600182343914,1.0,0,0.932473072079008,0.00633787715041517,0.056802775608438036,0.004386275162138895,1.0,0,0.9491315577493304,0.0004522981639891842,0.049792783006695845,0.0006233610799845612,1.0,0
2018-03-02,0,0,0.94901,0.0,0.05099,0.0,1.0,0,0.9575906643099495,8.378999622053171e-05,0.04216239898200836,0.00016314671182169824,1.0,0,0.9418834338620228,0.004765375106445611,0.049409331721914834,0.003941859309616941,1.0000000000000002,0,0.9422506817288262,0.004630233364206914,0.04925081849452461,0.003868266412442378,1.0,0,0.9621183967323562,0.00033294496494114544,0.03711349312029193,0.00043516518241072693,1.0,0
2018-03-05,0,0,0.94901,0.0,0.05099,0.0,1.0,0,0.9603091713127822,0.00016222315716693425,0.039383388970579546,0.00014521655947127965,1.0,0,0.9480953411956482,0.004698633120882394,0.04415408062852736,0.00305194505494207,1.0,0,0.9489733419381298,0.004706739765626338,0.04347573800981904,0.0028441802864250074,1.0000000000000002,0,0.9631215487556011,0.00032378793461393325,0.036133491133187486,0.00042117217659733586,0.9999999999999999,0
2018-03-06,0,0,0.94901,0.0,0.05099,0.0,1.0,0,0.9518228491000118,0.0002652549158683073,0.047650190854542855,0.00026170512957707806,1.0,0,0.948627678839622,0.0045539083475198685,0.043841854556093074,0.0029765582567651033,1.0,0,0.949038887304165,0.004568242878655336,0.04362538696055059,0.0027674828566289253,0.9999999999999999,0,0.971522250960266,0.0002475217642888115,0.027922722618121232,0.0003075046573236799,0.9999999999999997,0
2018-03-07,0,0,0.94901,0.0,0.05099,0.0,1.0,0,0.9488283265601803,0.00010695204817204195,0.05075096283791365,0.0003137585537337862,0.9999999999999999,0,0.9472752833940261,0.003877493617740315,0.04513613896471127,0.003711084023522428,1.0000000000000002,0,0.9468419222904613,0.0037956066978108304,0.04558666696007387,0.003775804051654147,1.0000000000000002,0,0.966564584986576,0.0002924363441888929,0.0327691763511886,0.00037380231804647296,1.0,0
2018-03-08,0,0,0.94901,0.0,0.05099,0.0,1.0,0,0.9510105768904272,0.00024642377726934726,0.048491210585890156,0.0002517887464132486,1.0,0,0.9523936751275927,0.00397719531403456,0.04080491767920311,0.0028242118791697948,1.0,0,0.9526178434979378,0.004019595291572897,0.040689119165389254,0.002673442045100028,1.0,0,0.9471082838067586,0.00047101376972475274,0.0517669385380641,0.0006537638854525303,1.0,0
2018-03-09,0,0,0.94901,0.0,0.05099,0.0,1.0,0,0.9642446693152897,0.00013792673033657238,0.03549246841014578,0.0001249355442278274,0.9999999999999999,0,0.9583394266051781,0.0034630895147451115,0.03586845194185164,0.0023290319382251084,1.0,0,0.9591799584776822,0.003500365588181038,0.035128589043976366,0.002191086890160329,0.9999999999999999,0,0.9588186273671946,0.0003631334909096557,0.04033646501733631,0.0004817741245595462,1.0000000000000002,0
2018-03-12,0,0,0.94901,0.0,0.05099,0.0,1.0,0,0.9489535607010382,0.0002780178877237073,0.05048638154491942,0.0002820398663187515,1.0000000000000002,0,0.9556343863387927,0.003526532776799434,0.03820483853649623,0.0026342423479117083,1.0000000000000002,0,0.9556288277970628,0.0035758254997827065,0.038260261690404224,0.002535085012750055,0.9999999999999998,0,0.9714687494334432,0.00024800490639454895,0.02797503835900595,0.0003082073011564777,1.0000000000000002,0
2018-03-13,0,0,0.94901,0.0,0.05099,0.0,1.0,0,0.9490728669364024,0.0002628274304670051,0.05036978389848306,0.00029452173464742694,0.9999999999999998,0,0.9569335324463957,0.003280130343963942,0.037216773320104375,0.002569563889536002,1.0,0,0.9567533768232229,0.00330795042227231,0.03743361187177987,0.0025050608827247066,0.9999999999999998,0,0.9607885589402172,0.00034509901370929186,0.03841249858766453,0.00045384345840896687,0.9999999999999999,0
2018-03-14,0,0,0.94901,0.0,0.05099,0.0,1.0,0,0.9479406449018681,0.0003610853484769741,0.051408662383438414,0.000289607366216611,1.0000000000000002,0,0.958685074627754,0.003256259345739767,0.035726004369632566,0.0023326616568735037,0.9999999999999999,0,0.958602623518832,0.0033379606436749693,0.035836494851333674,0.0022229209861595552,1.0000000000000002,0,0.9634340125775831,0.0003209377068941525,0.035828218822429654,0.00041683089309310634,1.0,0
2018-03-15,0,0,0.94901,0.0,0.05099,0.0,1.0,0,0.9547583241436931,0.00014989035088070426,0.04487661477313664,0.00021517073228952637,1.0,0,0.960674415527557,0.002773002246547921,0.034260645186459444,0.0022919370394356405,1.0,0,0.9606978764334709,0.0027498112853572756,0.0343265283908338,0.0022257838903377474,0.9999999999999998,0,0.9630135470913535,0.00032477332760154717,0.036239004939563536,0.00042267464148142,0.9999999999999999,0
2018-03-16,0,0,0.94901,0.0,0.05099,0.0,1.0,0,0.9598290512058341,0.0001278546138278001,0.03984128392038975,0.00020181025994847105,1.0,0,0.9630999625341008,0.002560439222661725,0.032284881055236095,0.002054717188001482,1.0,0,0.9632950231580808,0.002519207363224077,0.03220383041792502,0.0019819390607701856,1.0000000000000002,0,0.9610580626439339,0.00034263453085384615,0.038149256358444204,0.00045004646676810334,1.0,0
2018-03-19,0,0,0.94901,0.0,0.05099,0.0,1.0,0,0.9500164144986695,0.0001433424591376926,0.04952562662090362,0.00031461642128929694,1.0000000000000002,0,0.9605172417748784,0.0025131261099164887,0.03452244820453018,0.0024471839106749186,1.0,0,0.9598045692695556,0.002474225674803523,0.03523687719954578,0.0024843278560949984,0.9999999999999999,0,0.9669019079695933,0.00028937146013867815,0.032439502661247774,0.00036921790902027694,0.9999999999999999,0
2018-03-20,0,0,0.94901,0.0,0.05099,0.0,1.0,0,0.9628519444397861,9.471653067031824e-05,0.03689264501955169,0.00016069400999181813,0.9999999999999999,0,0.9653665353345,0.002261121925545292,0.030383813685712836,0.0019885290542417436,0.9999999999999999,0,0.965516545398855,0.0022234818753356996,0.030288878678269803,0.0019710940475396403,1.0000000000000002,0,0.9563640951691049,0.0003856529359950217,0.04273325288456507,0.00051699901033497,1.0,0
2018-03-21,0,2,0.94901,0.0,0.05099,0.0,1.0,0,0.9633342839285277,0.00014515993547549382,0.036394713233320886,0.00012584290267577213,0.9999999999999999,0,0.9673007062644431,0.002281647018504299,0.02873893309346816,0.0016787136235844788,1.0,0,0.967622817947945,0.002291062074533152,0.02849737149887415,0.0015887484786477324,1.0,0,0.9686991760769894,0.00027306288158990754,0.030682792069942684,0.0003449689714781595,1.0000000000000002,0
2018-03-22,2,2,0.07792,0.00339,0.91292,0.00577,1.0,2,0.0646676847506325,0.001915490803876816,0.9262000179925709,0.007216806452919794,1.0,2,0.24060103216474382,0.052736791948468274,0.6742526723829175,0.03240950350387035,1.0,2,0.2361764427734188,0.05206321872448688,0.6812971802043133,0.030463158297781037,1.0,2,0.13263045748351396,0.0010748563486740039,0.8612415125670084,0.00505317360080347,0.9999999999999999,2
2018-03-23,2,2,0.07792,0.00339,0.91292,0.00577,1.0,2,0.08439395154179682,0.0009001719410180612,0.908447551053442,0.006258325463743144,1.0,2,0.17763126302102134,0.031242577303937865,0.7670071398908588,0.024119019784182003,0.9999999999999999,2,0.17488841307964928,0.029591080708317986,0.772112825178554,0.023407681033478817,1.0,2,0.08169859743788627,0.0011862052985552778,0.9112357466030322,0.005879450660526155,0.9999999999999999,2
2018-03-26,2,2,0.07792,0.00339,0.91292,0.00577,1.0,2,0.10503873049445678,0.0015436159798354078,0.8890071361944956,0.004410517331212429,1.0000000000000002,2,0.1535767216986597,0.02813104386258215,0.801439010954315,0.016853223484443004,0.9999999999999998,2,0.1562406512930466,0.029180827069273257,0.7987827691219851,0.015795752515694973,0.9999999999999999,2,0.10827273368115196,0.0011612725250494968,0.8853264347887263,0.005239559005072247,1.0,2
2018-03-27,2,0,0.07792,0.00339,0.91292,0.00577,1.0,2,0.0675832069901748,0.0019276210139347863,0.9238472178472947,0.006641954148595925,1.0000000000000002,2,0.11268174256537457,0.02089320553542663,0.8523237721780677,0.01410127972113111,0.9999999999999999,2,0.11136677505362295,0.020622251906660317,0.8552053043191897,0.012805668720526953,0.9999999999999999,2,0.07970268350852532,0.0012393520970010094,0.9133657691037306,0.005692195290743101,0.9999999999999999,2
2018-03-28,0,0,0.94901,0.0,0.05099,0.0,1.0,0,0.9357900303162314,0.0002430150135695771,0.06353840529550579,0.0004285493746934023,1.0000000000000002,0,0.7359527575281499,0.04143203862440562,0.19768535878252524,0.02492984506491936,1.0000000000000002,0,0.735990084361131,0.04018360627636168,0.20001062092517005,0.02381568843733714,0.9999999999999999,0,0.9637342807600532,0.0003181996424076468,0.03553485272806472,0.00041266686947436036,0.9999999999999999,0
2018-03-29,0,0,0.94901,0.0,0.05099,0.0,1.0,0,0.9483239715379229,0.0005831659817313377,0.05086917569671478,0.00022368678363074586,0.9999999999999998,0,0.8258043228107479,0.029976017021014385,0.1320508033457272,0.012168856822510631,1.0,0,0.8283378816946706,0.03102190826909616,0.13003198007205377,0.010608229964179535,1.0,0,0.9544591493366738,0.00040316560822486493,0.044593035593208354,0.0005446494618931409,1.0,0
2018-04-02,0,0,0.94901,0.0,0.05099,0.0,1.0,0,0.9298583154586224,0.00016450473556402407,0.06945699648276238,0.000520183323051153,1.0,0,0.8423573756968943,0.017790419604435295,0.12542687523533566,0.014425329463334639,0.9999999999999999,0,0.8393088624369288,0.01698909582508745,0.12922429350325645,0.014477748234727039,0.9999999999999998,0,0.9697204551167552,0.00026381211209436215,0.029684407054590092,0.00033132571656024093,0.9999999999999999,0
2018-04-03,0,0,0.94901,0.0,0.05099,0.0,1.0,0,0.9564598874018141,9.685372723197564e-05,0.043284931739992906,0.00015832713096097128,1.0,0,0.8867407732924327,0.013196586947350075,0.09141281123037039,0.008649828529846916,1.0,0,0.8884646535821046,0.012800175550258377,0.09055420179296268,0.008180969074674388,1.0,0,0.9533668615887977,0.00041322078516222105,0.045659293723278586,0.0005606239027615111,1.0,0
2018-04-04,0,0,0.94901,0.0,0.05099,0.0,1.0,0,0.9513579397462597,0.00016849793600427936,0.04824411635996685,0.00022944595776921934,1.0,0,0.8995048007941095,0.011439947142193542,0.08163066955150057,0.007424582512196488,1.0000000000000002,0,0.9005040292589301,0.011288804977138045,0.08119759674527795,0.007009569018653666,0.9999999999999998,0,0.9648837283444182,0.00030772657077840905,0.034411746764443446,0.0003967983203600951,1.0,0
2018-04-05,0,0,0.94901,0.0,0.05099,0.0,1.0,0,0.9553997206381304,0.0001053080339974669,0.04428473479147872,0.00021023653639343882,1.0,0,0.9140927607045441,0.008835200572024672,0.07111077444721388,0.0059612642762173216,1.0,0,0.9152964723241266,0.008498230459994763,0.07059621892256028,0.005609078293318127,0.9999999999999998,0,0.9585452560710619,0.0003656389532591248,0.040603430659548384,0.0004856743161304853,0.9999999999999999,0
2018-04-06,0,0,0.94901,0.0,0.05099,0.0,1.0,0,0.9265534730963692,0.000453576822396567,0.0724054747155009,0.0005874753657333455,1.0,0,0.9107117542352092,0.009210418714845675,0.07367237421909542,0.0064054528308497265,1.0,0,0.9090396005418938,0.00930499287549414,0.07547692525021665,0.006178481332395419,1.0,0,0.9677911706789873,0.0002812976885069888,0.031570349333154904,0.0003571822993508136,1.0000000000000002,0
2018-04-09,0,0,0.94901,0.0,0.05099,0.0,1.0,0,0.956697635331519,0.00025582869928139526,0.04285711930320327,0.0001894166659963727,1.0,0,0.9295344390257525,0.0074240755025835456,0.058549650392988144,0.004491835078675857,1.0,0,0.9303237264070461,0.007486958329912394,0.05798588461209268,0.004203430650948809,1.0,0,0.9562833787578687,0.0003863943650817802,0.0428120617300066,0.0005181651470428158,1.0,0
2018-04-10,0,0,0.94901,0.0,0.05099,0.0,1.0,0,0.9616065552291276,0.0002643012515943801,0.0379819732509849,0.00014717026829302518,0.9999999999999999,0,0.9378451066432952,0.006722352507277717,0.05175593994000554,0.0036766009094214794,0.9999999999999999,0,0.9390917127144042,0.00691281394984978,0.050627616368805105,0.0033678569669410912,1.0000000000000002,0,0.9747982878536213,0.0002180085511967464,0.024718652576289902,0.00026505101889219383,1.0000000000000002,0
2018-04-11,0,0,0.94901,0.0,0.05099,0.0,1.0,0,0.9509366791722839,0.00026351012628737303,0.048601321746953155,0.0001984889544755474,0.9999999999999999,0,0.9376310849161162,0.005957959721083383,0.052583627852102056,0.003827327510698389,1.0,0,0.9379356600978073,0.005974247580802329,0.05253110927537194,0.0035589830460184394,1.0,0,0.9752152506391283,0.00021426265058371378,0.0243107556146845,0.00025973109560340857,0.9999999999999999,0
2018-04-12,0,0,0.94901,0.0,0.05099,0.0,1.0,0,0.9552730633747158,9.786072405001157e-05,0.04443035258469459,0.00019872331653952724,1.0,0,0.9417891220406318,0.004865543002214859,0.04946009928219148,0.0038852356749617574,1.0,0,0.9422188370003581,0.004745389189806603,0.04926498469729408,0.0037707891125413743,1.0000000000000002,0,0.9711843301922388,0.00025057393550810265,0.02825314837566805,0.00031194749658512407,1.0,0
2018-04-13,0,0,0.94901,0.0,0.05099,0.0,1.0,0,0.9508848510202614,0.00020400519996274024,0.048676834148180824,0.00023430963159514932,1.0000000000000002,0,0.9443271842422869,0.004802584409466239,0.04742992571342983,0.0034403056348171063,1.0,0,0.9444701196833573,0.004758965802918301,0.047512589302830976,0.003258325210893534,1.0000000000000002,0,0.9584244230912253,0.0003667466062917034,0.040721430206571284,0.0004874000959116658,0.9999999999999999,0
2018-04-16,0,0,0.94901,0.0,0.05099,0.0,1.0,0,0.9530011550526145,0.0001900449317716306,0.046529692774760115,0.00027910724085389126,1.0000000000000002,0,0.9472268418931278,0.004445417357542216,0.04490162893226933,0.0034261118170607675,1.0000000000000002,0,0.9473860099441216,0.004449926779392226,0.04481405807761442,0.0033500051988718587,1.0000000000000002,0,0.9651725160094444,0.0003050974445664625,0.03412955698598645,0.0003928295600027849,1.0,0
2018-04-17,0,0,0.94901,0.0,0.05099,0.0,1.0,0,0.9539704350635447,0.00033950042311508524,0.04547929584861113,0.00021076866472896297,0.9999999999999998,0,0.9512704695095769,0.0044657580124454355,0.04141512180031409,0.0028486506776635267,1.0,0,0.9517443543572928,0.004619420295164276,0.040967277504891035,0.002668947842652025,1.0,0,0.9574792830525086,0.0003754149757275201,0.04164436412161616,0.0005009378501477922,1.0000000000000002,0
2018-04-18,0,0,0.94901,0.0,0.05099,0.0,1.0,0,0.9621266330537689,9.341192620140776e-05,0.03766470044947929,0.00011525457055038273,1.0,0,0.9553880609360736,0.0034839702746186215,0.03851712037354274,0.0026108484157649657,1.0,0,0.9559790312720088,0.0034409250668789417,0.03808091801465436,0.0024991256464579332,1.0,0,0.9634048276828433,0.0003212038841164168,0.035856732403837376,0.0004172360292029039,0.9999999999999999,0
2018-04-19,0,0,0.94901,0.0,0.05099,0.0,1.0,0,0.9578691404703437,5.5521574460279895e-05,0.04188890016602148,0.00018643778917435224,0.9999999999999999,0,0.9533697842912833,0.003081015954378824,0.04036376149808981,0.0031854382562481656,1.0,0,0.9530572596942999,0.002948617566661514,0.040708741407357675,0.003285381331680683,0.9999999999999998,0,0.9758736353844666,0.00020835292546678966,0.023666640778145603,0.0002513709119209112,1.0,0
2018-04-20,0,0,0.94901,0.0,0.05099,0.0,1.0,0,0.9541144757746934,8.169172536114596e-05,0.0455178674818129,0.00028596501813250467,0.9999999999999999,0,0.9547068267911949,0.002986702424478204,0.03928969915627459,0.003016771628052525,1.0000000000000002,0,0.9542397052267898,0.0028642340114678117,0.03979300379082096,0.0031030569709213714,1.0,0,0.9626678772691524,0.000327927945984919,0.036576704758898,0.0004274900259645574,0.9999999999999998,0
2018-04-23,0,0,0.94901,0.0,0.05099,0.0,1.0,0,0.9552243531908027,0.00015374804594231242,0.04437205483895298,0.00024984392430197,0.9999999999999999,0,0.9572217378988191,0.003089612872337086,0.03700446701280817,0.0026841822160356076,1.0,0,0.9570956909259193,0.0030671356527795317,0.037154659821740356,0.0026825135995607874,1.0,0,0.9621485678223222,0.00033266941250538874,0.03708401966485887,0.0004347431003135207,1.0,0
2018-04-24,0,0,0.94901,0.0,0.05099,0.0,1.0,0,0.9502620007693228,9.148740060172006e-05,0.04933965226377143,0.0003068595663039643,0.9999999999999999,0,0.9572938469539282,0.0027167278245069475,0.03727327688579277,0.002716148335772217,1.0,0,0.9566983148078856,0.0026096435402757374,0.037938871275818464,0.002753170376020204,1.0,0,0.9610477300772127,0.0003427290046611238,0.038159348986235346,0.00045019193189087454,1.0,0
2018-04-25,0,0,0.94901,0.0,0.05099,0.0,1.0,0,0.9617286145612186,8.01864078130488e-05,0.03801868819893266,0.00017251083203586275,1.0000000000000002,0,0.9610531559753202,0.002568444191510467,0.033918420201465495,0.0024599796317038023,1.0,0,0.9610404649037595,0.002512792874963479,0.03393764335468761,0.002509098866589328,1.0,0,0.958992678150851,0.0003615386549690457,0.04016648921309792,0.00047929398108192636,0.9999999999999999,0
2018-04-26,0,0,0.94901,0.0,0.05099,0.0,1.0,0,0.9584308585657241,0.0003469980706553825,0.04104390647898986,0.00017823688463094705,1.0000000000000002,0,0.9637833551518142,0.0029741880142389585,0.03140119694094805,0.0018412598929986343,0.9999999999999999,0,0.9642298073960536,0.003096089429911059,0.03098400726456434,0.0016900959094710058,0.9999999999999999,0,0.9651075067614502,0.0003056892139341229,0.0341930816918818,0.000393722332733658,0.9999999999999998,0
2018-04-27,0,0,0.94901,0.0,0.05099,0.0,1.0,0,0.9527186396690651,0.0003944720889048647,0.046642606707229826,0.0002442815348002456,1.0,0,0.9632477118033819,0.002874839244992288,0.031905983676290946,0.001971465275334846,1.0,0,0.9633409598283299,0.0029902540229697246,0.031807055648972564,0.0018617304997275658,0.9999999999999998,0,0.9659708007654869,0.00029783439305402387,0.03334946766383872,0.00038189717762047705,1.0,0
2018-04-30,0,0,0.94901,0.0,0.05099,0.0,1.0,0,0.9550504525262402,0.00029662629198541857,0.04445669005320396,0.00019623112857011004,0.9999999999999998,0,0.9643361214630262,0.002619634304580864,0.031148567802981357,0.0018956764294116946,1.0000000000000002,0,0.9643011889516607,0.002681348829167344,0.031214921290152544,0.001802540929019317,1.0,0,0.962389106356218,0.00033047289032492793,0.036849039992493705,0.0004313807609633032,0.9999999999999999,0
2018-05-01,0,0,0.94901,0.0,0.05099,0.0,1.0,0,0.9589931940437872,6.20201888660314e-05,0.04069800526046494,0.0002467805068816844,0.9999999999999999,0,0.964461848908954,0.0020844808345523674,0.031124911543950952,0.0023287587125427273,1.0,0,0.9642117683089944,0.002026489691402152,0.03130479234079243,0.002456949658811094,1.0,0,0.9697285585128688,0.00026373876022579395,0.02967648486089016,0.00033121786601534464,1.0,0
2018-05-02,0,0,0.94901,0.0,0.05099,0.0,1.0,0,0.959839059612171,0.0001694782179591054,0.03979481161124023,0.00019665055862960789,0.9999999999999999,0,0.9656167840630067,0.0022560315281319895,0.030186484884201736,0.0019406995246597743,1.0000000000000002,0,0.9653814989323377,0.002257143194479716,0.03043864976291831,0.0019227081102642463,1.0,0,0.953697139953112,0.0004101793518657946,0.04533689611782152,0.0005557845772005229,0.9999999999999999,0
2018-05-03,0,0,0.94901,0.0,0.05099,0.0,1.0,0,0.958626201910722,0.00019983919274413643,0.040954597331995475,0.00021936156453851994,1.0000000000000002,0,0.9670509805167151,0.002203392072377753,0.028928628994607804,0.0018169984162994788,1.0000000000000002,0,0.9669902354825316,0.0022223217212086217,0.02900380098874996,0.0017836418075096669,0.9999999999999999,0,0.9664126043987913,0.000293817627932902,0.03291770678061684,0.0003758711926588121,0.9999999999999999,0
2018-05-04,0,0,0.94901,0.0,0.05099,0.0,1.0,0,0.9656320697547033,0.00021078080405257613,0.03403064738618662,0.00012650205505766406,1.0000000000000002,0,0.9703804962121068,0.0021568574900903523,0.025999296758237537,0.0014633495395652658,0.9999999999999999,0,0.970863632214199,0.002226614404652772,0.025537530081074067,0.0013722233000741375,1.0,0,0.9650237514724905,0.00030645169048557427,0.03427492374463369,0.00039487309239015587,1.0,0
2018-05-07,0,0,0.94901,0.0,0.05099,0.0,1.0,0,0.96272427741924,0.00015522669906290655,0.03696817930983329,0.000152316571863646,0.9999999999999999,0,0.9696539701253998,0.0019991007533702114,0.02678985170749972,0.001557077413730347,1.0,0,0.9698451533084554,0.0020080402426976155,0.02666340415343608,0.0014834022954109737,1.0,0,0.9710914963504753,0.0002514126786167852,0.02834392091301937,0.0003131700578886196,1.0000000000000002,0
2018-05-08,0,0,0.94901,0.0,0.05099,0.0,1.0,0,0.9604054358959698,0.00011249898362481474,0.03921899578537343,0.00026306933503179533,1.0,0,0.9684890587963593,0.001849879558846591,0.027755116587206616,0.0019059450575873715,0.9999999999999999,0,0.9681927337294239,0.0018331985458583853,0.0279914614012648,0.0019826063234530318,1.0000000000000002,0,0.9655325772223418,0.0003018206612695953,0.03377771053433163,0.00038789158205689917,0.9999999999999999,0
2018-05-09,0,0,0.94901,0.0,0.05099,0.0,1.0,0,0.9712104380898549,0.0001175666196830172,0.028580300222514177,9.169506794815715e-05,1.0000000000000002,0,0.9727399788259835,0.001810213172308431,0.02414051139118681,0.0013092966105213578,1.0,0,0.9731940261921702,0.0018328139732729592,0.02373776494285472,0.001235394891701936,0.9999999999999999,0,0.9571521480302964,0.0003784171209151393,0.041963795308277936,0.0005056395405105685,1.0,0
2018-05-10,0,0,0.94901,0.0,0.05099,0.0,1.0,0,0.9595340476969296,0.00035101027220940347,0.03996610420615761,0.0001488378247032626,0.9999999999999999,0,0.9731849797210907,0.0020042908922324703,0.02370036009853193,0.0011103692881449842,1.0,0,0.9737101051854278,0.002092035105612759,0.023234271045238692,0.0009635886637207715,1.0,0,0.9751216896779106,0.00021510296730376806,0.02440228423437549,0.00026092312041023585,1.0,0
2018-05-11,0,0,0.94901,0.0,0.05099,0.0,1.0,0,0.9592528669603381,0.00016232579131603681,0.04038612777920587,0.00019867946913983912,0.9999999999999999,0,0.9718428433034583,0.0017605097689678637,0.02500988610941646,0.0013867608181574826,1.0000000000000002,0,0.9719586188261725,0.0017643753567684532,0.02496836596449697,0.0013086398525619554,0.9999999999999998,0,0.967979920619463,0.000279585125753445,0.03138585714773333,0.00035463710705019226,1.0,0
2018-05-14,0,0,0.94901,0.0,0.05099,0.0,1.0,0,0.9646961925022581,0.00011750105479452875,0.03502280920837359,0.00016349723457389814,1.0000000000000002,0,0.9729151218382385,0.0016198683020435692,0.024111776010237992,0.0013532338494801435,1.0,0,0.973050370144077,0.0016048991694102386,0.02404002283826772,0.0013047078482449272,0.9999999999999998,0,0.9590360806367391,0.00036114099825188044,0.040124102479754196,0.00047867588525515566,1.0000000000000002,0
2018-05-15,0,0,0.94901,0.0,0.05099,0.0,1.0,0,0.9686602921306862,2.9690316130978283e-05,0.031181727045909418,0.00012829050727341035,0.9999999999999999,0,0.972031021523866,0.0013560215745750737,0.024882411401044732,0.0017305455005140963,0.9999999999999999,0,0.9717094134678221,0.0013020437007505614,0.025114102391091585,0.0018744404403356096,0.9999999999999999,0,0.9672534314950507,0.000286178873042956,0.032095938075446404,0.0003644515564600977,1.0000000000000002,0
2018-05-16,0,0,0.94901,0.0,0.05099,0.0,1.0,0,0.9651022901317714,0.00014017652261504376,0.03462296864626278,0.00013456469935084695,1.0,0,0.9743056244725773,0.0015763842439566952,0.022890320106898492,0.0012276711765674768,1.0,0,0.9745488567632853,0.0015851746205205021,0.022705953277987734,0.0011600153382065794,1.0000000000000002,0,0.9651260927642935,0.00030552002386532214,0.03417492015882137,0.00039346705301986404,1.0,0
2018-05-17,0,0,0.94901,0.0,0.05099,0.0,1.0,0,0.9668974580607,8.172865051333324e-05,0.03286595545296391,0.00015485783582253081,0.9999999999999999,0,0.9738218671527418,0.0014328880609426394,0.023359318918622893,0.0013859258676925106,0.9999999999999998,0,0.9737882794998552,0.0014076406311411731,0.02341491462488232,0.0013891652441213225,1.0,0,0.9667159011955389,0.0002910613468520278,0.032621292891324705,0.0003717445662843008,0.9999999999999998,0
2018-05-18,0,0,0.94901,0.0,0.05099,0.0,1.0,0,0.961568182048006,0.00026800901729664804,0.03795585444112485,0.00020795449357249008,0.9999999999999999,0,0.9739683853925875,0.00162714944855805,0.023125210258628723,0.0012792549002258755,1.0,0,0.9739198630977168,0.001676231876559347,0.023167254234855196,0.001236650790868662,1.0,0,0.9646114829707626,0.0003102058858318471,0.03467776472003356,0.00040054642337197257,1.0,0
2018-05-21,0,0,0.94901,0.0,0.05099,0.0,1.0,0,0.9688798418316038,0.00017162636318136424,0.03083660175891555,0.00011193004629937039,1.0,0,0.9759402178527138,0.0015047277227906632,0.021437494792844063,0.0011175596316515086,1.0,0,0.9762129495006019,0.0015417139640552645,0.021189510038110558,0.0010558264972323475,1.0,0,0.9641086662166811,0.00031478699205863804,0.03516906097929429,0.000407485811965846,0.9999999999999999,0
2018-05-22,0,0,0.94901,0.0,0.05099,0.0,1.0,0,0.9639771535439557,0.00014161188862503544,0.03574640945909077,0.0001348251083284808,1.0,0,0.9758447138488205,0.0014124056872110925,0.021653994054468013,0.0010888864095003037,1.0,0,0.9759950022844754,0.0014122898587882705,0.02157990084292355,0.0010128070138127622,1.0,0,0.9694845399363495,0.0002659479541890408,0.02991504373061702,0.0003344683788447055,1.0000000000000002,0
2018-05-23,0,0,0.94901,0.0,0.05099,0.0,1.0,0,0.9632276908565741,0.0003137492028521375,0.036323250687391846,0.00013530925318200814,1.0,0,0.976344947528017,0.0015562750340193865,0.021086898307295435,0.0010118791306679613,0.9999999999999998,0,0.9765822994498433,0.001627592514831907,0.020874114340921034,0.0009159936944036982,0.9999999999999999,0,0.9676618609749401,0.0002824711693475951,0.03169673996936702,0.0003589278863453702,1.0,0
2018-05-24,0,0,0.94901,0.0,0.05099,0.0,1.0,0,0.9583058266792582,0.00023525471159255236,0.041230046827673096,0.000228871781476256,1.0000000000000002,0,0.9756294924130802,0.0014507539703212445,0.02176929583223135,0.0011504577843671178,0.9999999999999998,0,0.9756198528150812,0.0014862675661810943,0.02179959745058497,0.0010942821681528612,1.0000000000000002,0,0.9653021842314072,0.0003039172259319284,0.03400284860679405,0.00039104993586697525,1.0000000000000002,0
2018-05-25,0,2,0.94901,0.0,0.05099,0.0,1.0,0,0.9571225053655448,0.00020442250673653845,0.04241065413411999,0.0002624179935985539,1.0,0,0.9752027819696104,0.001419254795474372,0.02213837711046512,0.0012395861244500908,0.9999999999999999,0,0.9750444670007049,0.0014564667967960985,0.02228916097752873,0.0012099052249702285,1.0,0,0.9571181694961117,0.0003787289979103977,0.04199697314788916,0.0005061283580887696,1.0,0
2018-05-29,2,2,0.07792,0.00339,0.91292,0.00577,1.0,2,0.06255788609771051,0.006015268999625308,0.9232314752338706,0.008195369668793704,1.0000000000000002,2,0.24268903564213193,0.064333523014404,0.6619445125776292,0.031032928765834786,0.9999999999999999,2,0.24020824467933538,0.06925302912989417,0.6618460948327415,0.028692631358029082,1.0000000000000002,2,0.06470833164542146,0.0011955433644826434,0.9276528823218895,0.006443242668206403,1.0,2
2018-05-30,2,2,0.07792,0.00339,0.91292,0.00577,1.0,2,0.11592261151414625,0.0006588047792318704,0.8792976615355622,0.004120922171059575,0.9999999999999999,2,0.19620580241250785,0.032430137580135056,0.7483883872871949,0.022975672720162217,1.0,2,0.19858656746958347,0.031854913224955345,0.7470249439836472,0.02253357532181398,1.0,2,0.07008126259961577,0.0012090264530571003,0.9225433879005587,0.0061663230467683865,0.9999999999999999,2
2018-05-31,2,2,0.07792,0.00339,0.91292,0.00577,1.0,2,0.08193062393468631,0.0016253191322838701,0.9101490625760176,0.0062949943570123155,1.0,2,0.13880591096383008,0.025732346064847242,0.8166701179516991,0.018791625019623486,0.9999999999999999,2,0.13777476230720942,0.02540164573793763,0.818867684205193,0.01795590774966015,1.0,2,0.10950298580434838,0.0011590939084624111,0.8841196008351203,0.005218319452068889,1.0,2
2018-06-01,2,0,0.07792,0.00339,0.91292,0.00577,1.0,2,0.10206937079021075,0.0004083369621058489,0.8921841242414064,0.0053381680062771246,1.0,2,0.11881760286767046,0.01753972255873486,0.8464362866239918,0.01720638794960292,1.0,2,0.11920368739483234,0.016812513298155304,0.8464204019970606,0.017563397309951708,0.9999999999999999,2,0.0821629324266836,0.001234439265768944,0.910965208908255,0.005637419399292373,1.0,2
2018-06-04,0,0,0.94901,0.0,0.05099,0.0,1.0,0,0.9434157763181518,9.443582664735152e-05,0.056196736791764075,0.0002930510634367505,1.0,0,0.740253015070773,0.037809257747095475,0.19637034248295074,0.025567384699180892,1.0,0,0.7413140356613174,0.03585588639997873,0.19806953725454493,0.024760540684159026,1.0,0,0.9580377078238448,0.0003702924222062869,0.041099068845374856,0.0004929309085739842,0.9999999999999999,0
2018-06-05,0,0,0.94901,0.0,0.05099,0.0,1.0,0,0.9459219884119341,0.000261089440936928,0.05355299037812049,0.0002639317690082958,0.9999999999999998,0,0.8183544056357399,0.026537300413492525,0.1403851897974634,0.014723104153304042,0.9999999999999999,0,0.8196183727333068,0.02606098421097279,0.14068547754135122,0.01363516551436908,0.9999999999999999,0,0.9478774756582639,0.0004638951027932344,0.051016455770336706,0.0006421734686061207,0.9999999999999999,0
2018-06-06,0,0,0.94901,0.0,0.05099,0.0,1.0,0,0.9551717866218551,7.456730894769111e-05,0.04455161768434108,0.00020202838485629585,1.0000000000000002,0,0.8589269892123282,0.016488909769461692,0.11204627340707538,0.012537827611134835,1.0000000000000002,0,0.8598303773745762,0.015762568412783857,0.11190700944461647,0.012500044768023705,1.0000000000000004,0,0.9654590125127223,0.0003024900359137962,0.03384959791406846,0.0003888995372955795,1.0,0
2018-06-07,0,0,0.94901,0.0,0.05099,0.0,1.0,0,0.9453823163668857,0.0005802408658494832,0.05374260700070416,0.0002948357665606999,1.0,0,0.8825431340732671,0.016191566901075316,0.09315364932913167,0.008111649696525886,1.0,0,0.8832723799545352,0.016630577911444185,0.09270885690119055,0.007388185232830186,1.0000000000000002,0,0.9619671942381812,0.00033432602898873114,0.03726119814932971,0.000437281583500157,0.9999999999999999,0
2018-06-08,0,0,0.94901,0.0,0.05099,0.0,1.0,0,0.9474348837097984,0.00017599806969932348,0.05208332067306463,0.00030579754743743426,0.9999999999999999,0,0.8970052415312313,0.01125412593946735,0.0836201290324367,0.008120503496864682,1.0,0,0.897283633633927,0.011016239484801134,0.08375764084564447,0.007942486035627302,0.9999999999999999,0,0.9714534453622351,0.0002481431154138827,0.027990003176941766,0.0003084083454094002,1.0000000000000002,0
2018-06-11,0,0,0.94901,0.0,0.05099,0.0,1.0,0,0.9498761669195614,0.00014789641256816795,0.049708757421106316,0.00026717924676409867,1.0,0,0.9087590508427159,0.00926891329873268,0.07501859283288843,0.006953443025662916,1.0,0,0.9088860162310765,0.009020159217951648,0.07529655935704092,0.006797265193931089,1.0,0,0.9610993666037789,0.00034225688620774714,0.03810891144668631,0.00044946506332698474,0.9999999999999999,0
2018-06-12,0,0,0.94901,0.0,0.05099,0.0,1.0,0,0.9508061012286174,0.0002120331270746474,0.048690847338306066,0.00029101830600210217,1.0000000000000002,0,0.9187761536305431,0.008281228694186052,0.06716248510190775,0.005780132573363165,1.0,0,0.919000341243193,0.008172008271208377,0.06725009847029186,0.005577552015306904,1.0,0,0.9612847144712339,0.00034056243756260587,0.037927865314409406,0.0004468577767940551,1.0,0
2018-06-13,0,0,0.94901,0.0,0.05099,0.0,1.0,0,0.9502281961314399,0.00015981171950902817,0.04933779412762876,0.00027419802142234206,1.0,0,0.9255738408456583,0.00694393561962643,0.06219133083368724,0.005290892701028005,1.0,0,0.925567298074311,0.00676663052648312,0.06249483628946352,0.005171235109742399,1.0,0,0.9646585665354467,0.00030977704528878657,0.03463175867486837,0.0003998977443962886,1.0,0
2018-06-14,0,0,0.94901,0.0,0.05099,0.0,1.0,0,0.9410866358064859,0.0003305341155262291,0.05821697565860362,0.00036585441938410355,0.9999999999999998,0,0.9300560427962262,0.00696916493520323,0.05831518106461195,0.004659611203958578,1.0,0,0.9301287160359714,0.007075392843357256,0.05839399282871713,0.0044018982919542165,1.0,0,0.9664126043987913,0.000293817627932902,0.03291770678061684,0.0003758711926588121,0.9999999999999999,0
2018-06-15,0,0,0.94901,0.0,0.05099,0.0,1.0,0,0.9367143603162836,0.00017350503449866669,0.06261364840336144,0.0004984862458561225,0.9999999999999999,0,0.9303833853811394,0.005965296070850454,0.05824466058044884,0.005406657967561308,1.0,0,0.9294621908687517,0.006003534481944516,0.05901739409017103,0.005516880559132652,0.9999999999999999,0,0.9517576941513881,0.00042805154192804957,0.047229941277600496,0.0005843130290834768,1.0000000000000002,0
2018-06-18,0,0,0.94901,0.0,0.05099,0.0,1.0,0,0.9561571213208961,0.00017120682089052813,0.04347375321751767,0.00019791864069556767,0.9999999999999999,0,0.9409686150144958,0.005137770162765664,0.049934208885507404,0.003959405937231098,0.9999999999999999,0,0.9410043872876952,0.0051025401471726075,0.04999338727143477,0.003899685293697297,0.9999999999999999,0,0.9284558253043906,0.0006448300654384792,0.06995337721189447,0.0009459674182765061,1.0,0
2018-06-19,0,0,0.94901,0.0,0.05099,0.0,1.0,0,0.9449765255778367,0.00023666934174196156,0.054423963183332355,0.00036284189708884476,0.9999999999999998,0,0.9405020141825887,0.00498615178147547,0.05024776433415254,0.004264069701783317,1.0,0,0.9398316603798972,0.005021354152658403,0.05082660563175289,0.004320379835691759,1.0000000000000002,0,0.9698175572456584,0.0002629331957118671,0.02958947578277637,0.00033003377585341334,1.0000000000000002,0
2018-06-20,0,2,0.94901,0.0,0.05099,0.0,1.0,0,0.9518291029736524,9.964988761826153e-05,0.047873685446661006,0.00019756169206844003,1.0000000000000002,0,0.948713584069338,0.004048907697956011,0.04408781762129056,0.0031496906114152727,0.9999999999999998,0,0.9491722012852459,0.003924258721660709,0.04391653962260502,0.0029870003704882196,0.9999999999999999,0,0.9525126025692215,0.00042109144390402,0.04649312907552351,0.0005731769113508801,0.9999999999999999,0
2018-06-21,2,2,0.07792,0.00339,0.91292,0.00577,1.0,2,0.07606122571040601,0.0010233466049447356,0.9171282585407355,0.005787169143913669,0.9999999999999999,2,0.2506715197887304,0.04956621986939804,0.6668961464697108,0.032866113872160735,1.0,2,0.2492481689464775,0.048143155062908206,0.6713386079684146,0.03127006802219974,1.0,2,0.0899275916279487,0.0011472267509145518,0.9031104987837166,0.0058146828374202085,1.0,2
2018-06-22,2,0,0.07792,0.00339,0.91292,0.00577,1.0,2,0.10154408866758399,0.0016800911452193698,0.8935903027983815,0.003185517388815144,1.0,2,0.19878334537247067,0.0372645354841428,0.7454477164135067,0.0185044027298798,1.0,2,0.20170193806926326,0.03779996627488264,0.7441477642129392,0.01635033144291497,1.0,2,0.07111225312741766,0.0012069451699521802,0.921541730945565,0.006139070757065073,1.0,2
2018-06-25,0,0,0.94901,0.0,0.05099,0.0,1.0,0,0.9314730148835696,0.00023273461155635646,0.06776267492112244,0.0005315755837515866,1.0,0,0.7254191544836336,0.04082024573140139,0.20568440976186925,0.028076190023095592,0.9999999999999999,0,0.7224722652842341,0.03929774648973937,0.2103480580855757,0.027881930140450744,0.9999999999999999,0,0.977597403614521,0.00019291061973687108,0.02197996465944154,0.0002297211063006099,1.0,0
2018-06-26,0,0,0.94901,0.0,0.05099,0.0,1.0,0,0.9516805760715619,0.0002332383198929645,0.047862762869426596,0.00022342273911857096,1.0,0,0.8219551365029568,0.02614698549092643,0.13768307289090004,0.01421480511521673,1.0,0,0.8236340381446635,0.02566926322271871,0.13751243735474772,0.013184261277870106,1.0,0,0.9529477657025324,0.0004170813714015357,0.04606837706700727,0.0005667758590588106,1.0,0
2018-06-27,0,0,0.94901,0.0,0.05099,0.0,1.0,0,0.9400122640242382,0.0006560567293102452,0.05899265913634842,0.0003390201101031551,1.0,0,0.8549563916930368,0.021263065256160018,0.11324211798794168,0.010538425062861565,1.0000000000000002,0,0.8550513537379358,0.02178493032912704,0.1135434286472251,0.009620287285712023,1.0,0,0.9710837471049016,0.00025148269698031697,0.02835149804845487,0.00031327214966315163,0.9999999999999999,0
2018-06-28,0,0,0.94901,0.0,0.05099,0.0,1.0,0,0.948197761085355,0.00015656931135453985,0.051367894136061826,0.00027777546722852276,0.9999999999999999,0,0.8815935812944248,0.013759345618330277,0.09501435032604218,0.00963272276120262,0.9999999999999999,0,0.882261638611645,0.013433151619428499,0.09493135120995576,0.009373858558970981,1.0000000000000002,0,0.9713153495185107,0.00024939037270264115,0.028125036571641983,0.0003102235371447643,1.0000000000000002,0
2018-06-29,0,0,0.94901,0.0,0.05099,0.0,1.0,0,0.9521058275928871,0.00023316460268618674,0.0474368604568284,0.00022414734759836647,1.0,0,0.9011512156116578,0.011630979554073152,0.0805496632280458,0.006668141606223395,1.0,0,0.902214341063519,0.011465664792468896,0.08022039358650455,0.006099600557507453,1.0,0,0.9606531366824443,0.0003463376426737106,0.03854477205594444,0.0004557536189375486,1.0,0
2018-07-02,0,0,0.94901,0.0,0.05099,0.0,1.0,0,0.9410294826312758,0.00012595226956843079,0.05850274492972644,0.0003418201694294891,1.0000000000000002,0,0.9035096579443204,0.009516968298700832,0.07892184213131925,0.008051531625659459,0.9999999999999999,0,0.9029143279280596,0.009399092843544564,0.07961417124232725,0.008072407986068396,0.9999999999999998,0,0.9714763984808061,0.00024793582996885294,0.02796755886201999,0.0003081068272049861,0.9999999999999999,0
2018-07-03,0,0,0.94901,0.0,0.05099,0.0,1.0,0,0.9425177256557807,0.00034467818741330396,0.056822969484786656,0.0003146266720192317,0.9999999999999999,0,0.9190994171560275,0.008781003419018852,0.06703964402439778,0.005079935400555828,1.0,0,0.9195027547579224,0.008754060632523724,0.06714891273397529,0.004594271875578508,0.9999999999999999,0,0.9345821719762628,0.0005875034554695727,0.06398257931052104,0.0008477452577466055,0.9999999999999999,0
2018-07-05,0,0,0.94901,0.0,0.05099,0.0,1.0,0,0.9489818769589989,0.0002741417256874042,0.05053151548662449,0.0002124658286890539,0.9999999999999999,0,0.9290115683735394,0.007577887682086121,0.059049831914413466,0.004360712029961178,1.0000000000000002,0,0.9300419055525546,0.007631512415169326,0.05839282809457334,0.003933753937702838,1.0000000000000002,0,0.965660951863638,0.0003006527005160971,0.03365226164414959,0.0003861337916964365,1.0,0
2018-07-06,0,0,0.94901,0.0,0.05099,0.0,1.0,0,0.9513957072619574,0.0002872269955847277,0.04811703858034932,0.00020002716210854024,1.0,0,0.9355405815136565,0.006745516523497001,0.053993092384030515,0.0037208095788159494,0.9999999999999999,0,0.9366008279499041,0.006803354559742485,0.05328570542017884,0.003310112070174618,1.0,0,0.9639075390468342,0.00031662015854831124,0.035365573112255494,0.0004102676823618545,0.9999999999999999,0
2018-07-09,0,0,0.94901,0.0,0.05099,0.0,1.0,0,0.9554629452838983,0.00015171217823924563,0.044207659206635316,0.00017768333122719597,1.0,0,0.9407113778602157,0.005575000478373116,0.05022726693739635,0.0034863547240146942,0.9999999999999999,0,0.9417542621393902,0.005487941669140171,0.04958855030150622,0.0031692458899635206,1.0,0,0.9673843201902754,0.00028499047039444924,0.03196800962089168,0.00036267971843833695,0.9999999999999998,0
2018-07-10,0,0,0.94901,0.0,0.05099,0.0,1.0,0,0.9523745419975856,0.00017468892094044285,0.0471741126184331,0.0002766564630407855,0.9999999999999999,0,0.941605548866475,0.005120238155221916,0.04954648319353476,0.0037277297847685266,1.0,0,0.941928159427373,0.0050366545064120605,0.049469555899569924,0.0035656301666448587,0.9999999999999999,0,0.9678169725386476,0.00028106355994223116,0.031545129722325545,0.00035683417908472913,1.0000000000000002,0
2018-07-11,0,0,0.94901,0.0,0.05099,0.0,1.0,0,0.9266057797105004,0.00015480448781840522,0.07246844709057654,0.0007709687111047552,1.0000000000000002,0,0.934707481890412,0.005077776858421637,0.05480158935089507,0.005413151900271159,0.9999999999999998,0,0.9330346089155848,0.005205637513928871,0.05597760469467034,0.00578214887581598,1.0,0,0.9635602217550828,0.0003197867295647101,0.03570491178700686,0.00041507972834565235,1.0,0
2018-07-12,0,0,0.94901,0.0,0.05099,0.0,1.0,0,0.957897577030097,0.00020804025301671993,0.04169805770088392,0.00019632501600231966,0.9999999999999999,0,0.9505527765833357,0.004422218186836006,0.042232982083854884,0.00279202314597349,1.0,0,0.9513047438887815,0.004431477501451888,0.04168581037934161,0.0025779682304249542,1.0,0,0.9007966801765829,0.0009060655913076672,0.09688389380585057,0.0014133604262590053,1.0000000000000002,0
2018-07-13,0,0,0.94901,0.0,0.05099,0.0,1.0,0,0.9511458775927574,0.00028224497832419435,0.04837479325443479,0.0001970841744834976,0.9999999999999999,0,0.9513542094250603,0.004310190813402565,0.04169512021057265,0.002640479550964474,1.0,0,0.9518371161146231,0.004351673301923632,0.04143126755711238,0.0023799430263407896,0.9999999999999999,0,0.9708659477456105,0.0002534509273317329,0.02856445733108995,0.0003161439959675265,0.9999999999999998,0
2018-07-16,0,0,0.94901,0.0,0.05099,0.0,1.0,0,0.9454581674838585,6.469359452429318e-05,0.05403864323740926,0.00043849568420804537,1.0,0,0.9478364213667781,0.0034710004373637894,0.04472221052001384,0.003970367675844106,0.9999999999999999,0,0.947008776508942,0.0033731773960397186,0.045401663647215304,0.00421638244780319,1.0000000000000002,0,0.9660070756676434,0.0002975045123461179,0.03331401807446877,0.000381401745541788,1.0,0
2018-07-17,0,0,0.94901,0.0,0.05099,0.0,1.0,0,0.9569999554540255,0.00016976120373897859,0.04261171541620852,0.00021856792602681618,0.9999999999999999,0,0.9553487315110183,0.0034996609516277154,0.038473855622706825,0.0026777519146470082,0.9999999999999998,0,0.9556014972030875,0.0034831604231299546,0.03832194812873007,0.0025933942450525505,1.0,0,0.9292768908266941,0.0006371345895392988,0.06915329137576652,0.0009326832080001377,1.0,0
2018-07-18,0,0,0.94901,0.0,0.05099,0.0,1.0,0,0.9581256788322146,0.0001438439070299774,0.04154040048541346,0.0001900767753420891,1.0,0,0.9578766488433835,0.003211515406861459,0.03653403557772361,0.0023778001720314392,1.0,0,0.9582472764583184,0.0031677807172017344,0.036331788427548146,0.002253154396931777,1.0,0,0.9664842076067228,0.0002931668272719367,0.032847729350585046,0.00037489621542009403,0.9999999999999999,0
2018-07-19,0,0,0.94901,0.0,0.05099,0.0,1.0,0,0.950891257713739,0.0002549702056605318,0.04857499069663418,0.0002787813839663898,1.0,0,0.9572210282671806,0.003287961694626489,0.03702155293202461,0.0024694571061685145,1.0000000000000002,0,0.9571395914137657,0.003308355016808399,0.037185842899487745,0.0023662106699382872,1.0000000000000002,0,0.9689741803905838,0.0002705706923545833,0.030413963572512987,0.00034128534454867836,1.0,0
2018-07-20,0,0,0.94901,0.0,0.05099,0.0,1.0,0,0.9626364784427474,6.397075907469782e-05,0.03716489888028827,0.00013465191788970127,1.0,0,0.9609747167291938,0.002621118602830023,0.034147346298408966,0.002256818369567215,1.0,0,0.9612503277171309,0.0025303467079949363,0.03402292670550385,0.002196398869370236,1.0,0,0.962128456329841,0.00033285308970293814,0.037103666136381844,0.00043502444407417923,1.0,0
2018-07-23,0,0,0.94901,0.0,0.05099,0.0,1.0,0,0.9635283139463208,4.7740702194606755e-05,0.03625270690384451,0.0001712384476399022,0.9999999999999998,0,0.961888444010434,0.0023947852809093587,0.03335452645125115,0.0023622442574054285,0.9999999999999999,0,0.9620219923633933,0.0022934317634750816,0.033282329923063965,0.0024022459500676664,1.0,0,0.969994794368088,0.00026132922927681984,0.029416198388151467,0.0003276780144836503,0.9999999999999999,0
2018-07-24,0,0,0.94901,0.0,0.05099,0.0,1.0,0,0.9582586128148249,0.000317263972677188,0.04119632446484505,0.00022779874765288015,1.0,0,0.9635408203852831,0.0028936900305829576,0.031731438167323406,0.001834051416810529,0.9999999999999999,0,0.9638672580486632,0.0029608288250968316,0.03148428644852735,0.0016876266777125497,0.9999999999999999,0,0.9670869100975141,0.000287691075306704,0.032258690796870285,0.0003667080303091081,1.0000000000000002,0
2018-07-25,0,0,0.94901,0.0,0.05099,0.0,1.0,0,0.9613348422349469,0.0002721367003918491,0.03826757169316225,0.00012544937149908567,1.0,0,0.9659813343940956,0.0027364522521639346,0.029662809841281515,0.0016194035124589665,1.0,0,0.9665908708155794,0.002822786706904191,0.029136813200333195,0.001449529277183206,1.0,0,0.9684049261912486,0.00027573044296920626,0.03097042502133565,0.00034891834444643983,0.9999999999999999,0
2018-07-26,0,0,0.94901,0.0,0.05099,0.0,1.0,0,0.9585141985301802,9.309224655722073e-05,0.041207484953374805,0.00018522426988767793,0.9999999999999998,0,0.9653645138824246,0.0022412038843595684,0.030562769241415794,0.0018315129917998833,0.9999999999999998,0,0.965548807467051,0.0021689123709512136,0.03054649438259093,0.0017357857794069046,1.0,0,0.9714228133002581,0.00024841975825839633,0.0280199561218916,0.00030881081959167867,0.9999999999999998,0
2018-07-27,0,0,0.94901,0.0,0.05099,0.0,1.0,0,0.9528232008694197,0.00018969175450043654,0.04671836765670976,0.0002687397193701666,1.0000000000000002,0,0.9644145846884027,0.0023817153023633093,0.03125126508275857,0.0019524349264755572,1.0,0,0.9642161569028882,0.0023731691962120354,0.03152875314434135,0.0018819207565583956,0.9999999999999999,0,0.9663228926147865,0.0002946330951352916,0.03300538089342636,0.0003770933966518273,1.0,0
2018-07-30,0,0,0.94901,0.0,0.05099,0.0,1.0,0,0.9613864302174074,0.00013233592090669804,0.0383261372164179,0.00015509664526790922,0.9999999999999999,0,0.9667887057159357,0.0021720359282456974,0.029254613387880535,0.0017846449679380465,0.9999999999999999,0,0.9668124129464657,0.0021535617827158865,0.029307265160572724,0.0017267601102456992,1.0,0,0.9587968213410047,0.00036333331976341277,0.04035776032182233,0.0004820850174095058,1.0,0
2018-07-31,0,0,0.94901,0.0,0.05099,0.0,1.0,0,0.9563999663532166,0.00021991704494977874,0.04313786241095839,0.00024225419087520308,0.9999999999999999,0,0.9670893527619518,0.0022695717432833972,0.02887158723787055,0.0017694882568942453,1.0,0,0.9671493534821678,0.002309980372715688,0.028840350913889853,0.0017003152312265704,0.9999999999999999,0,0.970083034107853,0.0002605308140404024,0.02932992876264456,0.00032650631546187495,0.9999999999999998,0
2018-08-01,0,0,0.94901,0.0,0.05099,0.0,1.0,0,0.9584136184985911,5.1606884909719476e-05,0.0412783747462061,0.00025639987029305337,0.9999999999999999,0,0.9659698186517208,0.0018518066728290814,0.029948985658103305,0.0022293890173465704,0.9999999999999998,0,0.9654871033455225,0.0017959268703258305,0.030346442090770705,0.0023705276933809654,1.0,0,0.9558892957135968,0.00039001504954621155,0.04319682364020431,0.000523865596652779,1.0,0
2018-08-02,0,0,0.94901,0.0,0.05099,0.0,1.0,0,0.9641220484360838,0.00020261379355701985,0.03552608558764159,0.00014925218271766413,1.0000000000000002,0,0.9701617731055833,0.0020610381411203978,0.026293590254723373,0.0014835984985730665,1.0,0,0.9704357187184777,0.002098646226565527,0.0260657404717163,0.0013998945832405833,1.0,0,0.943335579654316,0.0005059897362163368,0.05544726154166556,0.0007111690678020571,1.0,0
2018-08-03,0,0,0.94901,0.0,0.05099,0.0,1.0,0,0.9601932581718833,0.0002818532293810737,0.0393549716827254,0.0001699169160100684,0.9999999999999999,0,0.9706578815188083,0.002087405509669853,0.02587407278312403,0.0013806401883977313,1.0,0,0.9709412526658714,0.0021491324931249755,0.025644905589984907,0.0012647092510186101,0.9999999999999999,0,0.9696067865685176,0.0002648411206207861,0.029795533072369432,0.0003328392384919706,0.9999999999999998,0
2018-08-06,0,0,0.94901,0.0,0.05099,0.0,1.0,0,0.9626632052294706,0.00020606623082009964,0.03695377424141017,0.0001769542982991175,1.0,0,0.9710797429198716,0.001925602504771464,0.025554599074204095,0.001440055501152791,1.0,0,0.971257724607384,0.001955844036495545,0.025418398742409646,0.001368032613710728,1.0,0,0.965587651527951,0.00030131957042168523,0.03372389161247818,0.0003871372891490582,0.9999999999999999,0
2018-08-07,0,0,0.94901,0.0,0.05099,0.0,1.0,0,0.9674914876871022,8.77783804998467e-05,0.03229996693252858,0.00012076699986925884,1.0,0,0.9721674889860619,0.001674281525126573,0.024726551319882276,0.0014316781689291613,1.0,0,0.9723838642425471,0.0016550545539578895,0.024568392458738732,0.0013926887447564507,1.0000000000000002,0,0.9666447761565993,0.0002917076230384175,0.032690804682217,0.00037271153814537653,1.0,0
2018-08-08,0,0,0.94901,0.0,0.05099,0.0,1.0,0,0.9574249832829653,0.00011100457673970673,0.04222082054857907,0.00024319159171583792,1.0,0,0.9700414472838171,0.0017135663346557078,0.026481005086655206,0.0017639812948718758,0.9999999999999999,0,0.9697594150960304,0.001714161985823277,0.026718728092167156,0.0018076948259792577,1.0,0,0.9699787236897094,0.0002614746508085473,0.029431910166952586,0.0003278914925296143,1.0,0
2018-08-09,0,2,0.94901,0.0,0.05099,0.0,1.0,0,0.9584303704962083,0.00025770337111066555,0.04109672018758519,0.00021520594509577543,0.9999999999999998,0,0.9715933722731711,0.0018215866331933194,0.025087109015929778,0.001497932077705823,1.0,0,0.9715147966407656,0.0018785289759019306,0.02513689195089152,0.0014697824324410055,1.0,0,0.946844879968196,0.0004734524824710881,0.05202392564520224,0.0006577419041304791,0.9999999999999998,0
2018-08-10,2,2,0.07792,0.00339,0.91292,0.00577,1.0,2,0.0839762297449709,0.002741539656379257,0.906381106743879,0.006901123854770705,0.9999999999999998,2,0.2486392758021795,0.05551604024997434,0.6624678149579526,0.03337686898989346,0.9999999999999999,2,0.2465192864592746,0.05635825054493995,0.6647431071755117,0.03237935582027365,0.9999999999999998,2,0.08540861491346406,0.0011554733214453456,0.9075221489257537,0.005913762839336798,0.9999999999999999,2
2018-08-13,2,2,0.07792,0.00339,0.91292,0.00577,1.0,2,0.09467779426224647,0.0005748718585613731,0.8969434314857999,0.007803902393392098,0.9999999999999999,2,0.17497263212594547,0.02943705611272195,0.7673820453113682,0.028208266449964377,1.0,2,0.17244257047100978,0.027619321388056013,0.7707173446369515,0.029220763503982637,0.9999999999999999,2,0.08750318390218331,0.0011752557715259896,0.9055711280928607,0.0057504322334301005,1.0,2
2018-08-14,2,2,0.07792,0.00339,0.91292,0.00577,1.0,2,0.08962593185196747,0.0009546336719956141,0.9045565108944645,0.004862923581572333,1.0,2,0.1495193716826551,0.02525224390606847,0.8089595833799688,0.01626880103130777,1.0,2,0.1509644212953533,0.024691488646657937,0.8095157989294711,0.01482829112851757,1.0,2,0.0726425716001097,0.0012285753621395805,0.9201509470227837,0.005977906014967022,1.0,2
2018-08-15,2,0,0.07792,0.00339,0.91292,0.00577,1.0,2,0.06446216739149718,0.0011874751368157676,0.9256354690049916,0.008714888466695495,1.0,2,0.10768718549500274,0.019658201329973816,0.8553236553158018,0.017330957859221556,0.9999999999999999,2,0.10605159553801095,0.019422961586848777,0.8575400307839417,0.01698541209119868,1.0000000000000002,2,0.08737960040438944,0.0012241942098717264,0.9058699681914844,0.005526237194254475,1.0,2
2018-08-16,0,0,0.94901,0.0,0.05099,0.0,1.0,0,0.950852339804223,0.0002239531018877591,0.048702213720962374,0.0002214933729266838,0.9999999999999998,0,0.7554657363548806,0.04148949364179891,0.18318105624484457,0.019863713758476162,1.0000000000000002,0,0.75912754246827,0.040593875649315304,0.18231758280543559,0.0179609990769791,1.0,0,0.9379911444038962,0.0005557006833887214,0.06065914226942519,0.0007940126432899905,1.0,0
2018-08-17,0,0,0.94901,0.0,0.05099,0.0,1.0,0,0.9458989877734834,0.0002257880860069812,0.05358520104969823,0.0002900230908113153,0.9999999999999998,0,0.8191316782552235,0.025951860397696824,0.13987725092702408,0.015039210420055573,1.0,0,0.820518956908585,0.025350899706308095,0.14002048243034937,0.01410966095475742,0.9999999999999999,0,0.9705678148583144,0.0002561460660605826,0.028855956284461304,0.00032008279116380473,1.0000000000000002,0
2018-08-20,0,0,0.94901,0.0,0.05099,0.0,1.0,0,0.9435414729784141,0.000527816789546688,0.055633730272302735,0.000296979959736607,1.0000000000000002,0,0.8571315299017191,0.02094098636006066,0.11155097555527578,0.010376508182944506,1.0000000000000002,0,0.8580543428575065,0.021362441782246062,0.1111855096790406,0.009397705681206693,0.9999999999999999,0,0.9642326320015884,0.0003136573145006794,0.03504793775796976,0.0004057729259410544,0.9999999999999999,0
2018-08-21,0,0,0.94901,0.0,0.05099,0.0,1.0,0,0.948906912631675,0.00015356185896376467,0.0507018590222012,0.00023766648716017034,1.0000000000000002,0,0.8830864890516646,0.013663341420635265,0.09430783027157884,0.00894233925612144,1.0000000000000002,0,0.884070110776711,0.013241975689678328,0.09423617151118181,0.008451742022428708,0.9999999999999999,0,0.9659163183406522,0.0002983298776496888,0.033402710277803276,0.0003826415038948719,1.0,0
2018-08-22,0,0,0.94901,0.0,0.05099,0.0,1.0,0,0.9491713613771453,0.0003400314663616252,0.050311718881799715,0.00017688827469333564,1.0,0,0.9026211760870534,0.012246957732941132,0.07889200708709153,0.006239859092913863,1.0,0,0.9039849762830047,0.01238345196481449,0.07807487516625457,0.005556696585926316,1.0,0,0.9651446692192829,0.00030535092430431686,0.03415676792162553,0.00039321193478731323,1.0,0
2018-08-23,0,0,0.94901,0.0,0.05099,0.0,1.0,0,0.9447332403758464,0.0002338112568185856,0.05473754424891007,0.0002954041184249441,1.0,0,0.9082068101213279,0.009803679917741972,0.07526735509450305,0.006722154866427047,0.9999999999999999,0,0.9083222377581641,0.009691429195512172,0.07555907599500362,0.006427257051320034,1.0,0,0.9747711534831033,0.0002182524052146898,0.024745196219078478,0.0002653978926033627,0.9999999999999998,0
2018-08-24,0,0,0.94901,0.0,0.05099,0.0,1.0,0,0.9551295641532647,0.0002232880944174706,0.04444538944734006,0.00020175830497773674,1.0,0,0.9223348196118709,0.008345322441524881,0.06415818955302477,0.005161668393579534,1.0,0,0.923253986958104,0.008335426644618327,0.06357048710926147,0.004840099288016183,1.0,0,0.9612230262682218,0.00034112635453926446,0.037988122143954244,0.0004477252332846753,0.9999999999999999,0
2018-08-27,0,0,0.94901,0.0,0.05099,0.0,1.0,0,0.9545280674758808,0.0001458218168955252,0.045133976558439697,0.00019213414878400698,1.0,0,0.9284770386463798,0.006989791812754344,0.05975490781806317,0.004778261722802671,1.0,0,0.9292771778626583,0.006870055709864108,0.05934551781392422,0.004507248613553308,1.0,0,0.9714610983940816,0.0002480740015412965,0.027982519797155846,0.00030830780722132333,1.0,0
2018-08-28,0,0,0.94901,0.0,0.05099,0.0,1.0,0,0.9510196625603634,9.260217803623309e-05,0.04862825859280086,0.0002594766687993871,0.9999999999999999,0,0.9315108254133876,0.005827038871106581,0.057760318155660045,0.004901817559845828,1.0,0,0.9316039189014265,0.00558970097791732,0.05797464417932552,0.004831735941330679,1.0,0,0.9647619379229754,0.0003088356111570609,0.03453075221085284,0.00039847425501467876,1.0,0
2018-08-29,0,0,0.94901,0.0,0.05099,0.0,1.0,0,0.9556579339854817,0.000269643577047288,0.04386164055502284,0.00021078188244804736,0.9999999999999999,0,0.9390641158206923,0.005978958802984043,0.05113591583785942,0.003821009538464182,0.9999999999999999,0,0.9396561669586615,0.0060533764825947385,0.05067834066986892,0.0036121158888746977,0.9999999999999998,0,0.9594139798458496,0.0003576793768366182,0.039755040307628595,0.00047330046968536895,1.0000000000000002,0
2018-08-30,0,0,0.94901,0.0,0.05099,0.0,1.0,0,0.9493723144612517,0.00023390968391000157,0.050119385980097346,0.00027438987474099306,1.0,0,0.9396926978098,0.005335965047152223,0.05099813193798284,0.003973205205064991,1.0,0,0.9395673259646634,0.005317449820589093,0.05126118846675065,0.003854035747996985,1.0000000000000002,0,0.9711534177814296,0.00025085321374996206,0.02828337450834455,0.00031235449647590616,1.0,0
2018-08-31,0,0,0.94901,0.0,0.05099,0.0,1.0,0,0.9519380665235501,0.0001671277419955201,0.0476192645743708,0.0002755411600834768,0.9999999999999999,0,0.9436977736505141,0.004679299703963861,0.04785802812845944,0.003764898517062652,1.0,0,0.9436647910848074,0.004615903442950491,0.04800612890784367,0.003713176564398327,0.9999999999999998,0,0.9643656722599597,0.0003124451168529664,0.034917946493021976,0.00040393613016533015,1.0,0
2018-09-04,0,0,0.94901,0.0,0.05099,0.0,1.0,0,0.9585274555237281,5.664422975261915e-05,0.041188643523168,0.00022725672335153552,1.0000000000000002,0,0.945751266279288,0.0038133969970230294,0.04637859126056564,0.0040567454631231376,0.9999999999999998,0,0.9452744936140636,0.003648203957219106,0.046786106187559684,0.004291196241157428,0.9999999999999999,0,0.9622489713908843,0.00033175249053721235,0.03698593708225942,0.00043333903631912043,1.0,0
2018-09-05,0,0,0.94901,0.0,0.05099,0.0,1.0,0,0.9485516157141822,0.00015294425201359298,0.05099142269098619,0.0003040173428177946,0.9999999999999999,0,0.9484795394286679,0.003990682375578732,0.04423922801581012,0.0032905501799431144,0.9999999999999999,0,0.9483025279758656,0.003913895111931734,0.044579192477099454,0.0032043844351031603,0.9999999999999999,0,0.9609131669816077,0.0003439594478054484,0.03829078642550477,0.00045208714508225366,1.0,0
2018-09-06,0,0,0.94901,0.0,0.05099,0.0,1.0,0,0.9443767735742243,0.0002480267798077657,0.05504117717277351,0.0003340224731944378,1.0,0,0.9513464548391224,0.003953970038372823,0.04187901988839743,0.0028205552341073266,0.9999999999999999,0,0.951336700100259,0.0039465733176417064,0.04208067651050142,0.0026360500715978995,1.0,0,0.9554918235218655,0.00039366819815146134,0.043584881490425664,0.0005296267895574456,1.0,0
2018-09-07,0,0,0.94901,0.0,0.05099,0.0,1.0,0,0.9579704139740928,7.075262743562733e-05,0.0417660899613098,0.0001927434371616593,0.9999999999999999,0,0.9547259280222401,0.0031398943897049214,0.03923545694397613,0.002898720644078633,0.9999999999999998,0,0.9547611691551612,0.0030196922855886045,0.0393188383599694,0.0029003001992807587,1.0,0,0.9558660090687128,0.0003902290394069552,0.04321955908891609,0.0005242028029642373,1.0,0
2018-09-10,0,0,0.94901,0.0,0.05099,0.0,1.0,0,0.9559842460540762,0.000248995402012345,0.04351285276050525,0.000253905783406464,1.0000000000000002,0,0.9567448815683888,0.003454670344679025,0.03729220455939543,0.0025082435275366145,0.9999999999999999,0,0.9568836629587683,0.003484967225323758,0.03721924621050489,0.0024121236054032327,1.0000000000000002,0,0.9656426409168164,0.0003008192840662927,0.03367015537131507,0.0003863844278022445,1.0,0
2018-09-11,0,0,0.94901,0.0,0.05099,0.0,1.0,0,0.962819095078515,0.00010206383106598877,0.03692429618362524,0.00015454490679359898,0.9999999999999999,0,0.9596990897928468,0.002924746720134639,0.03503763492291309,0.0023385285641054562,1.0,0,0.9600434654192712,0.0028737576839734068,0.03481266347160167,0.0022701134251539856,1.0000000000000002,0,0.9669725031586253,0.0002887301958466104,0.03237050685340488,0.00036825979212317485,1.0,0
2018-09-12,0,0,0.94901,0.0,0.05099,0.0,1.0,0,0.9556605169622201,0.0002870462441922698,0.04386967924859283,0.00018275754499488017,1.0000000000000002,0,0.9612062591692637,0.0031486516069587564,0.033699300108490135,0.0019457891152872438,0.9999999999999998,0,0.9616272123610835,0.0031995172675493805,0.033414464612715786,0.0017588057586511727,0.9999999999999999,0,0.9705441523860229,0.00025636002259086886,0.028879091803409106,0.0003203957879771849,1.0,0
2018-09-13,0,0,0.94901,0.0,0.05099,0.0,1.0,0,0.9487429838306586,0.00016518075905875217,0.050779481415852916,0.0003123539944297335,1.0,0,0.9607655029124281,0.0028347894440112985,0.03419350739012249,0.0022062002534381747,1.0,0,0.9609359783605002,0.0028257845950718746,0.034147043726361244,0.0020911933180666874,1.0,0,0.9705599294173607,0.00025621736561393875,0.028863666126882105,0.00032018709014324865,1.0,0
2018-09-14,0,0,0.94901,0.0,0.05099,0.0,1.0,0,0.9569578188272,9.339639661178955e-05,0.04274644518876359,0.0002023395874246794,1.0,0,0.962363821187226,0.0024868279678802617,0.03298790956008582,0.002161441284807912,0.9999999999999999,0,0.9624573317487998,0.002418161688677481,0.03302693408201929,0.0020975724805035053,1.0,0,0.9491182262051131,0.00045242138442954993,0.0498057919007139,0.0006235605097433188,0.9999999999999999,0
2018-09-17,0,0,0.94901,0.0,0.05099,0.0,1.0,0,0.9550523786551464,0.00013927212519903353,0.044545243446540164,0.000263105773114391,1.0,0,0.9623098229832225,0.0024819502576303104,0.03297479158223639,0.0022334351769109327,1.0000000000000002,0,0.9620590367218402,0.002443172892039989,0.03327509475340794,0.002222695632712091,1.0000000000000002,0,0.9599904782472192,0.000352401054130738,0.039191998868136776,0.0004651218305133297,0.9999999999999999,0
2018-09-18,0,0,0.94901,0.0,0.05099,0.0,1.0,0,0.9662800086250484,6.854746649316928e-05,0.0335396093440686,0.000111834564389944,1.0000000000000002,0,0.9661909324784227,0.0022019717746469057,0.029725956139157548,0.0018811396077729875,1.0,0,0.9665400510721566,0.002158070370457321,0.02946728091608503,0.001834597641300903,0.9999999999999999,0,0.9609753283819241,0.0003433910236303118,0.038230069125429665,0.00045121146901586236,1.0,0
2018-09-19,0,0,0.94901,0.0,0.05099,0.0,1.0,0,0.963735718607507,9.103850493347519e-05,0.03604089331295706,0.00013234957460263723,1.0000000000000002,0,0.9669934449632733,0.0021617646988360143,0.029103776483722706,0.0017410138541678938,1.0,0,0.9672970068927931,0.002119089682623078,0.028923032178997825,0.00166087124558619,1.0000000000000002,0,0.9695660905194137,0.0002652095672836132,0.029835318492884087,0.00033338142041861116,1.0,0
2018-09-20,0,0,0.94901,0.0,0.05099,0.0,1.0,0,0.9572550037477362,0.000264053918003752,0.04228741778093479,0.00019352455332527735,1.0,0,0.9677274549152812,0.0023980264290261394,0.028319577103303704,0.0015549415523889308,0.9999999999999999,0,0.9681097582934647,0.002452499333449009,0.02802495165346312,0.0014127907196231965,1.0,0,0.9700188847470816,0.000261111244266523,0.029392645956109607,0.00032735805254219063,0.9999999999999999,0
2018-09-21,0,0,0.94901,0.0,0.05099,0.0,1.0,0,0.9582227092978737,0.00020121114121537218,0.041406947429031095,0.0001691321318797788,0.9999999999999999,0,0.9680634768579136,0.002209928543016947,0.02813083494555922,0.0015957596535100653,0.9999999999999999,0,0.9682746377518981,0.002227281461167426,0.028013518872910745,0.0014845619140237095,1.0,0,0.9625585979128257,0.00032892548438899526,0.03668346216615629,0.0004290144366288839,0.9999999999999999,0
2018-09-24,0,0,0.94901,0.0,0.05099,0.0,1.0,0,0.9626800875599316,0.00017353848449738383,0.0370067686869724,0.00013960526859858123,1.0,0,0.969493620534894,0.0020701225198554176,0.026916579828599706,0.0015196771166508841,1.0,0,0.9697217141902849,0.0020889220482600093,0.02675366464178815,0.001435699119666942,1.0,0,0.9662239423933693,0.00029553263868233644,0.03310208266466547,0.0003784423032827894,0.9999999999999999,0
2018-09-25,0,0,0.94901,0.0,0.05099,0.0,1.0,0,0.9620434750771064,0.0001068120070056463,0.03768195999414532,0.0001677529217425768,1.0,0,0.9693880294309872,0.0018858414280242314,0.027094240968487015,0.0016318881725014517,1.0,0,0.9694689284220326,0.0018562893887220141,0.027085546659258806,0.0015892355299865159,0.9999999999999999,0,0.9745872503224857,0.0002199053968021617,0.02492509329737645,0.00026775098333581027,1.0000000000000002,0
2018-09-26,0,0,0.94901,0.0,0.05099,0.0,1.0,0,0.953257132420062,0.0003083028209256068,0.04618851717917456,0.00024604757983768156,1.0,0,0.9691118628847575,0.002120286186565794,0.027232832901730408,0.0015350180269463236,1.0,0,0.9690867592078285,0.0021788281094152206,0.027297721757096355,0.00143669092565994,1.0,0,0.9663498304192253,0.0002943882252770065,0.032979055026944475,0.000376726328553258,1.0,0
2018-09-27,0,0,0.94901,0.0,0.05099,0.0,1.0,0,0.9598404362501626,0.00018948067974295044,0.03980326728741217,0.00016681578268224923,1.0,0,0.9714236210947828,0.0018991095787623889,0.025319035638672934,0.001358233687781891,0.9999999999999999,0,0.9717064439294503,0.0019155889662184013,0.025124074543496848,0.0012538925608345062,1.0,0,0.9584024172680038,0.000366948343478113,0.040742919875505955,0.0004877145130122097,1.0,0
2018-09-28,0,0,0.94901,0.0,0.05099,0.0,1.0,0,0.965352565666709,0.00014140504976625746,0.03436616325358281,0.0001398660299418765,0.9999999999999999,0,0.9721622649267195,0.0017636239418138493,0.024705645556849502,0.001368465574617138,1.0,0,0.9723721758847947,0.0017664422234863128,0.02455761213724866,0.0013037697544706244,1.0000000000000002,0,0.9654590125127223,0.0003024900359137962,0.03384959791406846,0.0003888995372955795,1.0,0
2018-10-01,0,0,0.94901,0.0,0.05099,0.0,1.0,0,0.9711820283500346,0.00011526981098507053,0.028600720807610377,0.00010198103136996711,1.0,0,0.9739569512691694,0.0016734716427015137,0.02316196435694905,0.0012076127311801397,1.0,0,0.9743520612379497,0.0016863004804765459,0.022824974952681258,0.0011366633288924604,1.0,0,0.9719091171822377,0.0002440292644953664,0.027544420977668623,0.0003024325755983557,1.0,0
2018-10-02,0,2,0.94901,0.0,0.05099,0.0,1.0,0,0.9618987061806262,0.00024007302297960353,0.03768939336843165,0.00017182742796269,1.0000000000000002,0,0.9726283041201848,0.001785485397572975,0.024244652260782665,0.001341558221459506,0.9999999999999999,0,0.972735914868123,0.0018296302196727672,0.024156675318961807,0.0012777795932423987,1.0,0,0.9782526823241032,0.00018705235303535572,0.021338680670431726,0.00022158465242984006,1.0000000000000002,0
2018-10-03,2,2,0.07792,0.00339,0.91292,0.00577,1.0,2,0.12213958067568527,0.00021833132583692094,0.8740233522294569,0.0036187357690209056,1.0,2,0.2691159378529496,0.04148686716068852,0.6566649980271365,0.032732196959225274,0.9999999999999999,2,0.27054202673688627,0.03861971272930393,0.6580874799313042,0.03275078060250571,1.0000000000000002,2,0.10346300913451503,0.0011233222727113227,0.8898703255104166,0.0055433430823569035,0.9999999999999999,2
2018-10-04,2,0,0.07792,0.00339,0.91292,0.00577,1.0,2,0.08671597370047883,0.00039486372976824097,0.9034452473383574,0.009443915231395563,1.0,2,0.1708368973291449,0.02774513021163593,0.7712423942009765,0.03017557825824283,1.0000000000000002,2,0.1673624928064626,0.02557603060857385,0.7750499545767232,0.03201152200824018,0.9999999999999999,2,0.11185859782178117,0.001131739809203013,0.8817261716108623,0.005283490758153465,1.0,2
2018-10-05,0,0,0.94901,0.0,0.05099,0.0,1.0,0,0.9469124900202692,9.286753459888907e-05,0.05268383820060397,0.00031080424452783963,0.9999999999999999,0,0.7391466000723237,0.036611962837349216,0.1978349680177977,0.026406469072529415,1.0,0,0.7388385661783085,0.0341771371378821,0.200702779892805,0.026281516791004458,1.0,0,0.949304567068754,0.0004506991980232141,0.04962395965113157,0.0006207740820912545,1.0,0
2018-10-09,0,2,0.94901,0.0,0.05099,0.0,1.0,0,0.9438207573574874,0.0003554641023560985,0.055504220827638666,0.0003195577125180476,1.0000000000000002,0,0.8159999607862736,0.02745472850198897,0.14146621547306285,0.015079095238674652,1.0,0,0.816626370748864,0.02727084440207633,0.14200451977595552,0.014098265073104247,1.0,0,0.9615509426652379,0.00033812915134455923,0.03766781052754909,0.0004431176558684588,1.0,0
2018-10-10,2,2,0.07792,0.00339,0.91292,0.00577,1.0,2,0.06607295964685214,0.0002862160409323355,0.9236213422931451,0.010019482019070413,1.0,2,0.22825616488346165,0.03951565461085375,0.6909045366362851,0.04132364386939947,1.0,2,0.2199843718653302,0.03543375989452916,0.7017067129912844,0.04287515524885621,1.0,2,0.09934423613470256,0.001130481584828351,0.8939029999172331,0.0056222823632360525,1.0,2
2018-10-11,2,2,0.07792,0.00339,0.91292,0.00577,1.0,2,0.05445080923852761,0.002313849202276234,0.9302100020763563,0.013025339482839885,1.0,2,0.16429823920628422,0.03611451052971837,0.7725525519176996,0.027034698346297882,1.0,2,0.16029041950437223,0.03655812750192307,0.7764264516078909,0.02672500138581373,0.9999999999999999,2,0.06088424466569962,0.00122817725713174,0.9314590677054267,0.006428510371741873,1.0,2
2018-10-12,2,0,0.07792,0.00339,0.91292,0.00577,1.0,2,0.1011763210985053,0.0012603062296059466,0.8931801534261492,0.004383219245739682,1.0,2,0.15223805369877236,0.026567783584437295,0.804861709458677,0.01633245325811338,1.0,2,0.15438866768277543,0.026649997818249963,0.8039173820587263,0.01504395244024839,1.0,2,0.05653253943250308,0.0012630647250694664,0.9357683952498057,0.00643600059262171,1.0,2
2018-10-15,0,0,0.94901,0.0,0.05099,0.0,1.0,0,0.9457660514312939,0.00014327620527311062,0.05384200933503775,0.0002486630283952527,1.0,0,0.7448026086593315,0.03865731772540799,0.19299896613439632,0.023541107480864177,0.9999999999999999,0,0.7460033625023149,0.03679782760060653,0.19476798133787643,0.022430828559202233,1.0000000000000002,0,0.9667957417261293,0.0002903359429831518,0.032543262679093195,0.00037065965179436557,1.0,0
2018-10-16,0,0,0.94901,0.0,0.05099,0.0,1.0,0,0.9528745179621796,0.00030404561698494547,0.04661758756407058,0.00020384885676477587,0.9999999999999998,0,0.8274065827623459,0.027769209819699315,0.1317546857995683,0.013069521618386344,0.9999999999999999,0,0.8302510156719133,0.028190802804764895,0.1297392295098493,0.011818952013472649,1.0000000000000002,0,0.9677997735212528,0.0002812196246579265,0.03156194063169825,0.0003570662223911481,1.0,0
2018-10-17,0,0,0.94901,0.0,0.05099,0.0,1.0,0,0.9408052054122976,0.00012489125817359133,0.05870049196313072,0.0003694113663981293,1.0000000000000002,0,0.8518598096641308,0.017402144326437954,0.11754523279215033,0.013192813217280785,0.9999999999999999,0,0.8516688110398762,0.01668400827979378,0.11864390544915893,0.013003275231170985,0.9999999999999999,0,0.9659254045882629,0.0002982472415478388,0.03339383081894223,0.00038251735124700676,1.0,0
2018-10-18,0,0,0.94901,0.0,0.05099,0.0,1.0,0,0.9375419936604682,0.00013243260606386043,0.06182506603725401,0.0005005076962139334,1.0,0,0.8711044462113309,0.0133291318372615,0.10391703872703606,0.011649383224371613,1.0,0,0.8689923606801006,0.012685635597968824,0.1063934948743281,0.011928508847602591,1.0000000000000002,0,0.9505909614693319,0.0004388172826785346,0.048368618654710746,0.0006016025932786874,0.9999999999999999,0
2018-10-19,0,0,0.94901,0.0,0.05099,0.0,1.0,0,0.951924108782062,0.0001262061459458652,0.04770434921374441,0.0002453358582480006,1.0000000000000002,0,0.8983055765565618,0.010750816273682897,0.08300353189856338,0.007940075271191907,1.0,0,0.8986658691454571,0.010371046089268126,0.08319055611759947,0.007772528647675277,1.0,0,0.9537824034871051,0.0004093943286592168,0.04525366563605806,0.0005545365481774465,0.9999999999999998,0
2018-10-22,0,0,0.94901,0.0,0.05099,0.0,1.0,0,0.9457939126773178,0.00020769067464399037,0.053681875172676016,0.0003165214753623452,1.0000000000000002,0,0.9081960749316428,0.009566683482676598,0.07544995035198229,0.006787291233698308,1.0,0,0.908159961805731,0.009365215729032999,0.07592236417141598,0.006552458293819847,0.9999999999999999,0,0.9669195704245904,0.00028921101489659117,0.032422240408765145,0.0003689781517477279,0.9999999999999999,0
2018-10-23,0,2,0.94901,0.0,0.05099,0.0,1.0,0,0.9339283339340685,0.00017854572474889645,0.06539047478168056,0.0005026455595022981,1.0000000000000002,0,0.9109215901340731,0.008370946497181684,0.07329795267272345,0.007409510696021611,0.9999999999999999,0,0.9096529296229863,0.008301534999759134,0.07448233467360858,0.00756320070364612,1.0,0,0.9638979345352741,0.00031670770875713225,0.035374957142851486,0.0004104006131174607,1.0,0
2018-10-24,2,2,0.07792,0.00339,0.91292,0.00577,1.0,2,0.06860794656637906,0.000965591891088863,0.9211666884997365,0.009259773042795667,1.0,2,0.23772784774100436,0.046758549528451446,0.6819872974046918,0.03352630532585258,1.0000000000000002,2,0.23158476797458855,0.043792604951678735,0.6925100643295022,0.032112562744230556,1.0,2,0.054700899267548724,0.0012167759309222148,0.9373197529791092,0.006762571822419993,1.0,2
2018-10-25,2,2,0.07792,0.00339,0.91292,0.00577,1.0,2,0.10193009599164256,0.0011828477194740891,0.8912209817207988,0.005666074568084618,1.0,2,0.19382483732630193,0.03509848055441744,0.7484134446597364,0.022663237459544214,1.0,2,0.1960241063500909,0.03524468830158274,0.7468760104751244,0.021855194873201804,0.9999999999999998,2,0.08343164991886011,0.001182907852542514,0.9095453958163868,0.005840046412210762,1.0000000000000002,2
2018-10-26,2,0,0.07792,0.00339,0.91292,0.00577,1.0,2,0.07753299463209468,0.0018156660564652397,0.9161453548164324,0.004505984495007559,1.0,2,0.13889869478527134,0.0263611450898876,0.8175509121939156,0.017189247930925498,1.0,2,0.13760463076616972,0.026132509019562215,0.8205415220792349,0.015721338135033104,0.9999999999999999,2,0.08783822428481212,0.001198722769317006,0.905334182755139,0.005628870190731882,1.0,2
2018-10-29,0,0,0.94901,0.0,0.05099,0.0,1.0,0,0.941507601751106,0.00015213398821437338,0.05794640396354113,0.0003938602971383993,0.9999999999999999,0,0.7357944368884997,0.03875835217554045,0.19939823934136036,0.02604897159459957,1.0,0,0.7351536069230403,0.03668908264441727,0.20262891100448577,0.02552839942805681,1.0000000000000002,0,0.9682780010634848,0.0002768814044293595,0.031094493094273416,0.0003506244378124159,1.0,0
2018-10-30,0,0,0.94901,0.0,0.05099,0.0,1.0,0,0.9491064746327829,0.00010765903595338393,0.05048820459486349,0.0002976617364001268,0.9999999999999998,0,0.8168549858669676,0.02439579338938745,0.14120012612103022,0.017549094622614787,1.0000000000000002,0,0.8176328371445875,0.023744755998733123,0.1410724964664116,0.017549910390267775,1.0,0,0.9586657528185505,0.0003645345119293828,0.04048575819998031,0.0004839544695398868,1.0000000000000002,0
2018-10-31,0,0,0.94901,0.0,0.05099,0.0,1.0,0,0.9511494457012716,7.954600320380712e-05,0.04849171937670821,0.00027928891881635193,1.0,0,0.8566110614371346,0.01672662544180325,0.11390890594796801,0.0127534071730941,1.0,0,0.8573184731695113,0.015977039524312064,0.11406157008293072,0.01264291722324596,1.0,0,0.9494637731674482,0.00044922799969899916,0.049468603559095374,0.0006183952737573646,1.0,0
2018-11-01,0,0,0.94901,0.0,0.05099,0.0,1.0,0,0.9423370706149036,0.00024062229525904444,0.057040928126208916,0.0003813789636284352,0.9999999999999999,0,0.8809765062851622,0.014621011879222092,0.09502017282204422,0.009382309013571353,0.9999999999999999,0,0.8817540637192353,0.014550702701005166,0.0947307139018742,0.008964519677885259,0.9999999999999998,0,0.9518210361465319,0.00042746737052855365,0.04716811939068193,0.0005833770922575484,0.9999999999999999,0
2018-11-02,0,0,0.94901,0.0,0.05099,0.0,1.0,0,0.950161516640839,6.154029317159292e-05,0.04953584590628677,0.0002410971597025958,1.0,0,0.8970828486459121,0.00988128217616286,0.08483675977034826,0.008199109407576724,1.0,0,0.8971467826187539,0.009232281385783215,0.08555057877569565,0.008070357219767071,0.9999999999999999,0,0.9536239377546188,0.0004108533729309888,0.04540835239388921,0.0005568564785609421,1.0,0
2018-11-05,0,0,0.94901,0.0,0.05099,0.0,1.0,0,0.9479003172729674,0.0003181943462294567,0.05153581392183822,0.0002456744589648495,1.0,0,0.9105478575344431,0.010326534168829352,0.07306515684940411,0.006060451447323419,0.9999999999999999,0,0.9112706694571745,0.010416698881865513,0.07272944341802834,0.005583188242931839,1.0000000000000002,0,0.962875650247057,0.00032603164756860113,0.03637372368339028,0.0004245944219839817,0.9999999999999999,0
2018-11-06,0,0,0.94901,0.0,0.05099,0.0,1.0,0,0.9482335900198918,0.00020432958696601396,0.051258056412860326,0.00030402398028175545,0.9999999999999999,0,0.9185864948698371,0.008352551424043548,0.0673055634062443,0.005755390299875025,1.0,0,0.9189682425986362,0.008266027905030554,0.06727564681601143,0.005490082680321948,1.0,0,0.962389106356218,0.00033047289032492793,0.036849039992493705,0.0004313807609633032,0.9999999999999999,0
2018-11-07,0,0,0.94901,0.0,0.05099,0.0,1.0,0,0.955779932917125,0.00023047883567151183,0.043787122360308614,0.00020246588689485433,1.0,0,0.9301356428112736,0.007544924102413498,0.05791594866783551,0.00440348441847721,0.9999999999999998,0,0.9312926722739127,0.007666487672826146,0.05699094835804844,0.0040498916952127475,1.0,0,0.9570955028343138,0.0003789370527633039,0.04201910562187072,0.0005064544910521851,0.9999999999999999,0
2018-11-08,0,0,0.94901,0.0,0.05099,0.0,1.0,0,0.9459830577091614,0.0001528279277533999,0.05350978601879012,0.0003543283442951739,1.0,0,0.9292365044841773,0.006205686098679133,0.05929315976528157,0.005264649651861914,0.9999999999999999,0,0.928842924729433,0.0060669742631008,0.059808520084839015,0.005281580922626987,0.9999999999999998,0,0.9614078082772214,0.0003394372947377528,0.03780762666179975,0.0004451277662409202,0.9999999999999998,0
2018-11-09,0,0,0.94901,0.0,0.05099,0.0,1.0,0,0.9386036922249316,0.00027986151779857453,0.06066703662045973,0.00044940963680991313,0.9999999999999998,0,0.9323451674789572,0.006049937839396323,0.05680718495043091,0.004797709731215358,0.9999999999999999,0,0.9315775037907741,0.006052110522125878,0.05762253080113307,0.004747854885966866,0.9999999999999999,0,0.955702673748819,0.0003917301182380788,0.043379026990319196,0.0005265691426234956,0.9999999999999998,0
2018-11-13,0,0,0.94901,0.0,0.05099,0.0,1.0,0,0.9226386096453553,0.0001544246610381588,0.07641744237761487,0.0007895233159916247,0.9999999999999999,0,0.9283648993382435,0.005406590710411167,0.05994518319872262,0.006283326752622476,0.9999999999999998,0,0.9255241601906176,0.005451804532673169,0.06212693851086564,0.006897096765843628,0.9999999999999999,0,0.9539646079350295,0.0004077169655502872,0.04507580377620044,0.0005518713232198227,1.0,0
2018-11-14,0,2,0.94901,0.0,0.05099,0.0,1.0,0,0.9490036777020623,0.00022571982601628075,0.050526209122168056,0.00024439334975337213,1.0,0,0.9437628097005819,0.0048283468261751585,0.04776400204507794,0.0036448414281649404,0.9999999999999999,0,0.9436790794224469,0.004823395140435903,0.047950643419730946,0.003546882017386311,1.0000000000000002,0,0.9175193150810296,0.0007476774594887456,0.08060671425810449,0.0011262932013769357,0.9999999999999998,0
2018-11-15,2,0,0.07792,0.00339,0.91292,0.00577,1.0,2,0.10274311204720846,0.0008906101765986383,0.8923589724035221,0.004007305372670856,1.0,2,0.265595076861686,0.049888011272044466,0.6524246270548709,0.032092284811398586,0.9999999999999999,2,0.2672779657925154,0.04926790018758215,0.6523404027760079,0.031113731243894487,1.0,2,0.10563058552112921,0.0011195909413393478,0.8877468853207331,0.005502938216798407,1.0,2
2018-11-16,0,0,0.94901,0.0,0.05099,0.0,1.0,0,0.9439018497473345,0.0004964968384918673,0.05536771699229131,0.0002339364218824598,1.0,0,0.7446549991346849,0.04644192258705597,0.18845406162380215,0.02044901665445699,1.0,0,0.7464774973192793,0.04703177921121936,0.18827406913224085,0.01821665433726039,0.9999999999999999,0,0.9631803307839062,0.0003232516636017507,0.03607606270799741,0.00042035484449461747,1.0,0
2018-11-19,0,0,0.94901,0.0,0.05099,0.0,1.0,0,0.9361323150644812,0.00022285912559200612,0.06318312794849092,0.0004616978614358593,1.0,0,0.8084518967397197,0.02531431448781986,0.14888930316798044,0.017344485604479997,1.0,0,0.8067930414246662,0.024312794047802542,0.15188080091478512,0.017013363612746246,1.0000000000000002,0,0.9662059213078842,0.00029569647732031947,0.033119694150095226,0.00037868806470028546,1.0,0
2018-11-20,0,0,0.94901,0.0,0.05099,0.0,1.0,0,0.9201669085452869,0.00012139456847068853,0.07866185950572023,0.0010498373805222087,1.0,0,0.8287365900150787,0.017807211196064265,0.13334756702031364,0.020108631768543345,1.0,0,0.82212868710559,0.01735702264538246,0.1378837598666201,0.022630530382407445,1.0,0,0.964705589715101,0.00030934877749097094,0.03458581141740326,0.00039925009000467334,0.9999999999999999,0
2018-11-21,0,0,0.94901,0.0,0.05099,0.0,1.0,0,0.9509938334524263,0.00022593934310145513,0.04852294740547637,0.0002572797989957934,0.9999999999999999,0,0.8856903996607391,0.014243444143584165,0.09206436203905631,0.008001794156620282,0.9999999999999999,0,0.8870956297981587,0.013960815598626117,0.0916244596592218,0.007319094943993372,1.0,0,0.9173938267337366,0.0007488611217577094,0.0807289144709212,0.0011283976735846108,1.0000000000000002,0
2018-11-23,0,2,0.94901,0.0,0.05099,0.0,1.0,0,0.9253417128544932,0.00011455979848560068,0.07367775211068768,0.0008659752363336686,1.0000000000000002,0,0.8828280890581407,0.011286247062879439,0.0945224492165515,0.011363214662428634,1.0000000000000002,0,0.8802401512808061,0.011095699384985112,0.0965997984786628,0.012064350855546049,1.0000000000000002,0,0.9706465566470845,0.0002554341303108379,0.0287789675926242,0.0003190416299803528,0.9999999999999999,0
2018-11-26,2,0,0.07792,0.00339,0.91292,0.00577,1.0,2,0.11620783526339033,0.0013769419694698007,0.877173221769106,0.0052420009980338874,0.9999999999999999,2,0.2738946423885559,0.05279148411563376,0.6452865815086147,0.02802729198719568,1.0000000000000002,2,0.27693802723003863,0.05255967620040262,0.644343860224221,0.026158436345337786,1.0,2,0.037866597007663524,0.0012571387689641457,0.9534098505462221,0.007466413677150327,1.0,2
2018-11-27,0,0,0.94901,0.0,0.05099,0.0,1.0,0,0.9431356759117294,0.00017890992116730245,0.05625783732609843,0.0004275768410047278,0.9999999999999999,0,0.7390497067250016,0.039609937892533115,0.1948444357809023,0.026495919601563143,1.0,0,0.7389972576637749,0.03817280181742124,0.19636366504681277,0.026466275471991055,1.0,0,0.9702667229873101,0.00025886905038486566,0.029150338321909622,0.0003240696403954226,1.0,0
2018-11-28,0,2,0.94901,0.0,0.05099,0.0,1.0,0,0.9541365771997725,0.00020662707288525222,0.045518211604754395,0.00013858412258770447,0.9999999999999999,0,0.8271827004364998,0.027086398519749335,0.13260137698994381,0.013129524053807096,1.0,0,0.8303171406251488,0.027316545499657736,0.1306142902160224,0.011752023659170992,0.9999999999999999,0,0.9582811858267137,0.00036805980317044975,0.040861307040464485,0.0004894473296515201,1.0000000000000002,0
2018-11-29,2,0,0.07792,0.00339,0.91292,0.00577,1.0,2,0.09295479806151039,0.0013323400053344408,0.902748206456767,0.002964655476387933,0.9999999999999998,2,0.2677127125655879,0.05306532825065129,0.6527732189568177,0.026448740226943036,0.9999999999999999,2,0.2698440822001211,0.05257025795981532,0.6542395259208584,0.02334613391920516,1.0,2,0.08653502268084208,0.0011534037802801655,0.9064229596013964,0.005888613937481317,1.0,2
2018-11-30,0,0,0.94901,0.0,0.05099,0.0,1.0,0,0.9441255241408706,0.00027037177501067596,0.05534401244122637,0.00026009164289246095,1.0,0,0.7456769235111058,0.04284390317568283,0.18904741431887936,0.022431758994331877,1.0,0,0.7478019757946166,0.04244164558250652,0.18893565380641922,0.02082072481645768,1.0,0,0.9698337115594925,0.00026278698638243834,0.02957368252172853,0.00032981893239650945,1.0,0
2018-12-03,0,2,0.94901,0.0,0.05099,0.0,1.0,0,0.951018484908024,0.0006196879230062046,0.048168468046173925,0.0001933591227957289,0.9999999999999998,0,0.832486192973002,0.029993741071457213,0.12704333688503266,0.010476729070508102,1.0,0,0.8357357119814444,0.031188955210532946,0.12429342387000525,0.008781908938017424,1.0,0,0.9600963721063159,0.000351431838801393,0.03908857364078209,0.0004636224141006523,1.0,0
2018-12-04,2,2,0.07792,0.00339,0.91292,0.00577,1.0,2,0.05912871403534928,0.003233130833239443,0.9278099813075895,0.00982817382382175,1.0,2,0.23791359106758542,0.05580855658595507,0.6721140365329484,0.03416381581351119,1.0,2,0.23226490520569074,0.05680062703305123,0.6776412795647411,0.03329318819651711,1.0000000000000002,2,0.1492319140937204,0.0010486192138037017,0.8449048406255578,0.004814626066918176,1.0,2
2018-12-06,2,2,0.07792,0.00339,0.91292,0.00577,1.0,2,0.07226206550397571,0.0012896362357700788,0.9184377274363887,0.008010570823865597,1.0000000000000002,2,0.17568731905386145,0.03411885664535096,0.7640144390223323,0.026179385278455355,1.0000000000000002,2,0.17429893432312252,0.033869206686772235,0.7659809989051888,0.02585086008491633,0.9999999999999999,2,0.09907804846688191,0.0011541422076830608,0.8942523841050141,0.005515425220421073,1.0000000000000002,2
2018-12-07,2,2,0.07792,0.00339,0.91292,0.00577,1.0,2,0.08246358467120793,0.001218044079738858,0.9111026370603036,0.005215734188749698,1.0,2,0.1418302490210021,0.024828001103815115,0.8173037437409323,0.01603800613425044,1.0,2,0.14032373950214494,0.023916142290637828,0.8212759749202893,0.01448414328692792,0.9999999999999999,2,0.060761948940119735,0.0012536482170903782,0.9316801497566616,0.006304253086128377,1.0,2
2018-12-10,2,2,0.07792,0.00339,0.91292,0.00577,1.0,2,0.07156393990878798,0.0008563187696922425,0.9175884504413524,0.009991290880167416,1.0,2,0.11139422215164277,0.018781631833319077,0.8518422456524881,0.017981900362550034,0.9999999999999999,2,0.11042877314967632,0.018313529290436944,0.853034079890564,0.01822361766932271,1.0,2,0.12356710942897894,0.0011579397376939116,0.87038489422173,0.004890056611597114,1.0,2
2018-12-11,2,0,0.07792,0.00339,0.91292,0.00577,1.0,2,0.08267228208377252,0.00120676207098135,0.9076270165785792,0.008493939266666967,1.0,2,0.10143668535885435,0.01619322690810682,0.8693803572166534,0.012989730516385474,1.0,2,0.10159845695491805,0.015772605390899648,0.8700818410374777,0.01254709661670469,1.0,2,0.05337573291711585,0.0013229658425600516,0.9390180615839102,0.006283239656413867,1.0,2
2018-12-12,0,0,0.94901,0.0,0.05099,0.0,1.0,0,0.946075408755539,0.00016110251131884045,0.053457926251823856,0.00030556248131831485,1.0,0,0.7479608798913124,0.039756543954097154,0.19046441152851581,0.02181816462607472,1.0,0,0.7505693120526357,0.03799108184994014,0.19132951057285827,0.020110095524565965,1.0,0,0.9680397526945304,0.000279042341942857,0.031327373965773855,0.0003538309977528358,1.0,0
2018-12-13,0,0,0.94901,0.0,0.05099,0.0,1.0,0,0.9495073711725742,0.00020940820496535517,0.05007646640126353,0.00020675422119702038,1.0000000000000002,0,0.8245133817280713,0.025743123114322468,0.13656913556815328,0.013174359589452754,0.9999999999999999,0,0.8268675891239777,0.02504027137368517,0.1362717073329633,0.011820432169374001,1.0000000000000002,0,0.9600328680874546,0.00035201306000683347,0.039150597353326114,0.0004645214992126437,1.0000000000000002,0
2018-12-14,0,0,0.94901,0.0,0.05099,0.0,1.0,0,0.927234531934255,0.0002150671033951225,0.07194210372145869,0.000608297240891213,1.0,0,0.842293098965725,0.01845163831366201,0.12500631546593952,0.014248947254673459,1.0,0,0.839536944649739,0.017831824872260888,0.12844350345176733,0.014187727026232756,1.0,0,0.9717352843209899,0.00024559833641077036,0.027714407592640808,0.00030470974995886976,1.0000000000000002,0
2018-12-17,0,0,0.94901,0.0,0.05099,0.0,1.0,0,0.9282099199511317,0.00027723255680849377,0.07094139987064375,0.0005714476214160925,1.0,0,0.8700288029541129,0.01465871803521079,0.1045670789480943,0.010745400062582127,1.0000000000000002,0,0.86783099594335,0.014329121454041272,0.10730699522004968,0.010532887382559069,1.0,0,0.9497412446569133,0.00044666438292739204,0.04919783746591945,0.0006142534942396978,0.9999999999999999,0
2018-12-18,0,0,0.94901,0.0,0.05099,0.0,1.0,0,0.9306227241031101,0.0002498706967193347,0.06862211949198145,0.0005052857081892372,1.0000000000000002,0,0.8875216085089894,0.012498380117984988,0.09034019062929538,0.009639820743730449,1.0000000000000002,0,0.8863562866460613,0.012721667282885363,0.0913102754898071,0.009611770581246478,1.0000000000000002,0,0.9557377226621834,0.00039140799397504016,0.043344808143635616,0.0005260612002058439,0.9999999999999999,0
2018-12-19,0,2,0.94901,0.0,0.05099,0.0,1.0,0,0.937532452223402,0.000698188207468209,0.061382182196546266,0.00038717737258348826,1.0,0,0.9070839991680794,0.011172027798070468,0.07551090981465677,0.006233063219193311,0.9999999999999999,0,0.9065839383541733,0.011560555745520555,0.07604031988053002,0.005815186019776189,1.0,0,0.9267872290437309,0.0006604805725734101,0.07157921430025242,0.0009730760834434989,1.0000000000000002,0
2018-12-20,2,2,0.07792,0.00339,0.91292,0.00577,1.0,2,0.06522651146444372,0.0004001566495037412,0.9234769659071536,0.01089636597889897,1.0,2,0.235429516602382,0.04218176168052516,0.6792810686484648,0.04310765306862808,1.0,2,0.22990325742025333,0.0392896921558842,0.6849244121793272,0.04588263824453517,1.0,2,0.11830831235778681,0.0010982162897125434,0.875312961939177,0.005280509413323645,1.0,2
2018-12-21,2,2,0.07792,0.00339,0.91292,0.00577,1.0,2,0.07653668516548519,0.0005744603509692789,0.9160914631244751,0.006797391359070541,1.0000000000000002,2,0.1712583278975265,0.029314869446130546,0.7731813808585615,0.02624542179778155,1.0,2,0.16755430378613453,0.02718893421191565,0.7793228331357683,0.025933928866181528,1.0,2,0.05513386430254382,0.0012407813345689026,0.9370120028806478,0.00661335148223959,1.0,2
2018-12-24,2,2,0.07792,0.00339,0.91292,0.00577,1.0,2,0.05437510806262291,0.0006780071289125113,0.9332503400495222,0.011696544758942362,1.0,2,0.12241847332123247,0.022306947001051243,0.8324508770699177,0.022823702607798486,1.0,2,0.11796235294536196,0.021166508676515074,0.8379515492903746,0.02291958908774835,1.0,2,0.07677676306130043,0.0012202411095886619,0.9161265021841185,0.005876493644992363,0.9999999999999999,2
2018-12-26,2,2,0.07792,0.00339,0.91292,0.00577,1.0,2,0.16519414626286713,0.001782236980609593,0.8312472129718458,0.0017764037846776325,1.0000000000000002,2,0.14526906526968028,0.02579449752303525,0.8168048623540864,0.012131574853197997,1.0,2,0.15142047778402373,0.029465535233544653,0.807684321061654,0.011429665920777593,0.9999999999999999,2,0.04465615224910974,0.0013179083764880333,0.9472946462122023,0.006731293162199929,0.9999999999999999,2
2018-12-27,2,0,0.07792,0.00339,0.91292,0.00577,1.0,2,0.07726570024388184,0.0013852313916322499,0.9147732242902471,0.006575844074238765,0.9999999999999999,2,0.09874094485385314,0.017146650315501926,0.8705889630518088,0.013523441778836165,1.0,2,0.09895968347799122,0.017277910179071935,0.8707816277018365,0.012980778641100445,1.0000000000000002,2,0.1559866010986599,0.0011259069862001442,0.8385291154680629,0.004358376447077125,1.0,2
2018-12-28,0,0,0.94901,0.0,0.05099,0.0,1.0,0,0.9460374939748757,0.0001747901529149523,0.053529866125235574,0.00025784974697383114,1.0,0,0.7455071331223563,0.03991586637285217,0.19193458408033578,0.022642416424455816,1.0,0,0.7472967491525189,0.03828445986213769,0.19326219874811698,0.02115659223722644,1.0,0,0.9494770189411603,0.0004491056061359992,0.0494556780157422,0.000618197436961514,1.0,0
2018-12-31,0,0,0.94901,0.0,0.05099,0.0,1.0,0,0.9469298163017479,0.0003343801511240568,0.052442839843517934,0.0002929637036100464,1.0,0,0.818828332928288,0.027754809577716522,0.13905371030141517,0.014363147192580262,1.0,0,0.8203082050482823,0.027732341000733757,0.1387764865339363,0.013182967417047749,1.0,0,0.964921120603808,0.0003073861024673368,0.03437520926092021,0.0003962840328046244,1.0000000000000002,0
2019-01-02,0,2,0.94901,0.0,0.05099,0.0,1.0,0,0.9428370551487423,0.00044974607514275015,0.05636456645548062,0.0003486323206341454,0.9999999999999997,0,0.8579755444802641,0.020138085765822898,0.11118330015402136,0.01070306959989151,0.9999999999999999,0,0.8588935091212362,0.020307303799373542,0.11088903143845791,0.009910155640932406,1.0,0,0.9615509426652379,0.00033812915134455923,0.03766781052754909,0.0004431176558684588,1.0,0
2019-01-03,2,2,0.07792,0.00339,0.91292,0.00577,1.0,2,0.06797552948504726,0.0037633150011573903,0.923371069552713,0.0048900859610822136,0.9999999999999999,2,0.24977484834347732,0.059573520462164464,0.662881654576432,0.027769976617926143,0.9999999999999999,2,0.24734819721335044,0.06158151169262564,0.6663806580856204,0.024689633008403586,1.0000000000000002,2,0.10513682368456008,0.001120438789393174,0.8882306616486886,0.0055120758773581175,1.0,2
2019-01-04,2,2,0.07792,0.00339,0.91292,0.00577,1.0,2,0.1422647528751289,0.0006228985656812018,0.855047775495713,0.0020645730634769087,1.0,2,0.21288664292121992,0.035696859867473625,0.7324873884888716,0.01892910872243486,1.0,2,0.21923428135573686,0.036865315894456546,0.726431847209493,0.017468555540313596,1.0,2,0.10893517523901884,0.0011367907388364048,0.8845936791110134,0.00533435491113137,1.0,2
2019-01-07,2,2,0.07792,0.00339,0.91292,0.00577,1.0,2,0.09500197920452311,0.0014446124162792713,0.8990639762650985,0.0044894321140990755,0.9999999999999999,2,0.15221939641994575,0.02687297542502772,0.8055846092955374,0.015323018859489012,1.0,2,0.1541959740633899,0.0268227791481883,0.8052790921206808,0.013702154667740933,1.0,2,0.11863481214839525,0.0011431460065170415,0.8751550500959997,0.005066991749088105,1.0000000000000002,2
2019-01-08,2,2,0.07792,0.00339,0.91292,0.00577,1.0,2,0.10645506540903076,0.0013344524862166016,0.8884626004357344,0.0037478816690180864,0.9999999999999999,2,0.12503603589974197,0.021040955324827613,0.8402544479871841,0.013668560788246385,1.0,2,0.12675347271063933,0.021174255843899415,0.8393903361392223,0.012681935306239032,1.0,2,0.10304288445156905,0.0011946207781140584,0.8905363784483745,0.005226116321942475,1.0,2
2019-01-09,2,0,0.07792,0.00339,0.91292,0.00577,1.0,2,0.10634786523394053,0.0013802381746696832,0.8890493099125207,0.0032225866788691613,1.0,2,0.11014713760234325,0.017865422037739713,0.861797459084769,0.010189981275148053,1.0,2,0.11228974997738184,0.018071600764931323,0.8606542725931082,0.008984376664578549,0.9999999999999999,2,0.10643232616567035,0.0012127796874228387,0.8872911317631786,0.005063762383728091,0.9999999999999999,2
2019-01-10,0,0,0.94901,0.0,0.05099,0.0,1.0,0,0.9482946295957565,0.00012980202912164952,0.051286795444373354,0.000288772930748598,1.0,0,0.744656699229644,0.038539442498427535,0.1921889086456457,0.02461494962628293,1.0,0,0.7460027435186766,0.03677961425352968,0.19327329248149308,0.02394434974630072,1.0,0,0.9789006016259912,0.0001812666698054838,0.020704539718263956,0.00021359198593936082,1.0,0
2019-01-11,0,0,0.94901,0.0,0.05099,0.0,1.0,0,0.9419219530721851,0.00027473427513687477,0.05750856218670906,0.0002947504659690966,1.0000000000000002,0,0.8138596987537664,0.027073927098326706,0.1438089181188096,0.015257456029097387,1.0,0,0.8145350462239457,0.026661759966540487,0.1447179622842177,0.014085231525296048,1.0,0,0.961243599482224,0.00034093828241226967,0.0379680263361028,0.0004474358992609469,1.0,0
2019-01-14,0,0,0.94901,0.0,0.05099,0.0,1.0,0,0.9412039254974224,0.0001121074025286364,0.0583001078328915,0.00038385926715761494,1.0000000000000002,0,0.8508505379219445,0.017003007947320035,0.11866993773713926,0.013476516393596163,1.0,0,0.850171439189517,0.016126451828790068,0.12027569665576057,0.013426412325932302,0.9999999999999999,0,0.9572313312282739,0.0003776903649998688,0.041886477660615054,0.0005045007461113603,1.0000000000000002,0
2019-01-15,0,0,0.94901,0.0,0.05099,0.0,1.0,0,0.9531767325816844,0.0002162546449555572,0.04639822327087362,0.00020878950248644107,1.0,0,0.8877921210969663,0.014311630313849152,0.0900149257128843,0.007881322876300261,1.0,0,0.8896608773315939,0.01418520363814932,0.08894421852289537,0.007209700507361331,1.0,0,0.9540856973221407,0.00040660237296305285,0.04495759890841982,0.0005501013964764876,1.0,0
2019-01-16,0,0,0.94901,0.0,0.05099,0.0,1.0,0,0.9503792605227757,0.0002116156225579384,0.049170399750813824,0.00023872410385240275,0.9999999999999998,0,0.9008889051355214,0.011487760715891734,0.08086437297444311,0.0067589611741438555,1.0000000000000002,0,0.9019988863196229,0.01125936100074198,0.08055302988980054,0.0061887227898345795,1.0,0,0.9701470503644795,0.000259951637263968,0.029267341249885653,0.0003256567483709124,1.0,0
2019-01-17,0,0,0.94901,0.0,0.05099,0.0,1.0,0,0.9505434288757536,0.00020964303825036482,0.04898449532200452,0.0002624327639914705,1.0,0,0.9115615665086105,0.009684132228854312,0.07253130895607048,0.006222992306464741,1.0000000000000002,0,0.9123744969180592,0.00958036129025712,0.07218062863743502,0.0058645131542486096,0.9999999999999999,0,0.9685397711760239,0.00027450786497085515,0.030838613498981676,0.0003471074600237164,1.0,0
2019-01-18,0,0,0.94901,0.0,0.05099,0.0,1.0,0,0.9580117956193996,0.00019646185109421996,0.041619025171740986,0.00017271735776506092,0.9999999999999999,0,0.9261721652635786,0.008250371823009172,0.06129157809550094,0.004285884817911249,0.9999999999999999,0,0.9278687978671125,0.008201249870637618,0.060153479359923254,0.0037764729023265827,1.0,0,0.9633658796102562,0.0003215591184146342,0.03589478446377268,0.0004177768075566043,1.0,0
2019-01-22,0,0,0.94901,0.0,0.05099,0.0,1.0,0,0.9320069286525513,0.0003500773685373502,0.06702724470587089,0.000615749273040508,1.0,0,0.919867400666215,0.007762449744537299,0.06664442616444229,0.005725723424805531,1.0000000000000002,0,0.918709655421726,0.00775298485132418,0.06795947742289618,0.005577882304053643,1.0,0,0.9730465588324443,0.00023377190733302156,0.026432059638758,0.0002876096214648079,1.0,0
2019-01-23,0,0,0.94901,0.0,0.05099,0.0,1.0,0,0.9487921842415519,0.00016389849313962508,0.050795125098723866,0.0002487921665847513,1.0,0,0.9337311452260028,0.006216104771952665,0.05589349511870486,0.004159254883339773,1.0,0,0.9344011811421417,0.006065343916577605,0.05568961658353852,0.003843858357742292,1.0000000000000002,0,0.9531700843575094,0.00041503326345926274,0.045851371524310104,0.0005635108547213168,1.0,0
2019-01-24,0,0,0.94901,0.0,0.05099,0.0,1.0,0,0.9458849637669523,0.0004001357607206813,0.0534166524851274,0.00029824798719958154,1.0,0,0.9377264053338856,0.006294209873832372,0.05232246344808797,0.003656921344194128,1.0,0,0.9382079063409169,0.0063952286790682975,0.05207819374512383,0.0033186712348910632,1.0,0,0.963628006731949,0.0003191686233652432,0.035638684879641995,0.0004141397650436056,0.9999999999999998,0
2019-01-25,0,0,0.94901,0.0,0.05099,0.0,1.0,0,0.9583941432673709,0.00013361334437165663,0.04129053513793999,0.00018170825031762027,1.0000000000000002,0,0.9437995408771368,0.004983863187546156,0.047761870547655814,0.00345472538766118,1.0,0,0.9445475607615623,0.004900870787029087,0.04729670632557068,0.0032548621258378413,0.9999999999999999,0,0.9648462976575558,0.0003080674034682202,0.03444832168005146,0.0003973132589244521,0.9999999999999999,0
2019-01-28,0,0,0.94901,0.0,0.05099,0.0,1.0,0,0.941906073331753,0.0001439025303786449,0.057456374768090214,0.000493649369777989,0.9999999999999999,0,0.9394979943828269,0.0046529776901006814,0.05141249164185454,0.004436536285217772,0.9999999999999999,0,0.9385259999103955,0.004545358924245573,0.05238153080892645,0.004547110356432365,1.0,0,0.9683626725262108,0.00027611358033141934,0.03101172775521383,0.00034948613824374624,0.9999999999999998,0
2019-01-29,0,0,0.94901,0.0,0.05099,0.0,1.0,0,0.9550868844141189,0.0003273556887237471,0.04438262475627095,0.00020313514088628407,1.0,0,0.9486562039737378,0.004708382376527794,0.04370583901464798,0.002929574635086347,1.0,0,0.9489850229151161,0.004798635943685124,0.04349672426559434,0.0027196168756046355,1.0000000000000002,0,0.946033122280227,0.0004809712180046125,0.052815876585125564,0.0006700299166429741,1.0,0
2019-01-30,0,0,0.94901,0.0,0.05099,0.0,1.0,0,0.9632037492520912,0.00020028011951158124,0.036510125389476955,8.584523892033834e-05,1.0,0,0.9534989588240447,0.004293766967535069,0.03977810077453401,0.002429173433886305,1.0,0,0.95444064785177,0.004396369463297308,0.03901581086156953,0.0021471718233631665,1.0,0,0.9724539938837089,0.00023911352406207707,0.02701157759948207,0.0002953149927470208,1.0,0
2019-01-31,0,0,0.94901,0.0,0.05099,0.0,1.0,0,0.9468177077312904,0.0005479981478753727,0.052452412173635395,0.00018188194719874067,0.9999999999999999,0,0.9541759352252392,0.004551031561489348,0.039143351128616055,0.0021296820846553907,1.0000000000000002,0,0.9548860299237029,0.0048011447148348044,0.03853473454796468,0.0017780908134977182,1.0,0,0.9675580518581826,0.0002834133682199343,0.03179820441663724,0.00036033035696031825,1.0,0
2019-02-01,0,0,0.94901,0.0,0.05099,0.0,1.0,0,0.9596746520315158,0.00011983087420602095,0.04004136102475372,0.00016415606952433027,0.9999999999999999,0,0.9565791359187155,0.0033333324089954318,0.03759530027464119,0.002492231397648066,1.0000000000000002,0,0.9570241980065106,0.0032770942533226883,0.037324845919138004,0.0023738618210286384,0.9999999999999999,0,0.9580598982498143,0.00037008892109076315,0.04107739960127406,0.0004926132278207552,1.0,0
2019-02-04,0,0,0.94901,0.0,0.05099,0.0,1.0,0,0.9581365737662093,0.0001086066290452425,0.04152212911936166,0.00023269048538362733,0.9999999999999999,0,0.9571127658303844,0.0031260095151456335,0.03717041965124721,0.002590805003222953,1.0000000000000002,0,0.9573553282142842,0.003056374338235864,0.03705729543930575,0.002531002008174308,1.0000000000000002,0,0.9723206027702677,0.00024031659331441414,0.02714202603437308,0.00029705460204502835,1.0000000000000002,0
2019-02-05,0,0,0.94901,0.0,0.05099,0.0,1.0,0,0.9504818408009552,0.00028097591662791456,0.048974270218412025,0.000262913064004853,1.0,0,0.9586051939134007,0.003356750264606888,0.03584458075214678,0.002193475069845625,1.0,0,0.9589254646129842,0.00340338397284164,0.035665012093203455,0.0020061393209707683,1.0000000000000002,0,0.9615203140017315,0.00033840905848109433,0.0376977292908807,0.0004435476489066583,1.0,0
2019-02-06,0,0,0.94901,0.0,0.05099,0.0,1.0,0,0.9559164364450518,0.0001715678016421016,0.04371140418109459,0.0002005915722115542,0.9999999999999999,0,0.9598008344518487,0.002947621125215485,0.03493523889825651,0.002316305524679402,1.0000000000000002,0,0.9598922719209296,0.0029357642798117254,0.03493560018386734,0.0022363636153913107,0.9999999999999999,0,0.9588295262356759,0.0003630336160606802,0.0403258213971115,0.00048161875115203717,1.0,0
2019-02-07,0,0,0.94901,0.0,0.05099,0.0,1.0,0,0.9430507427823454,0.00026894571916550426,0.056240131129141085,0.00044018036934816667,1.0,0,0.9574531865741894,0.0030210392063430764,0.03677594446332713,0.002749829756140433,1.0,0,0.9567507155539967,0.0030755024677641333,0.03736919022399672,0.0028045917542422554,0.9999999999999999,0,0.9668134589210783,0.00029017497998423154,0.032525947118917646,0.0003704189800199465,1.0,0
2019-02-08,0,0,0.94901,0.0,0.05099,0.0,1.0,0,0.9556069602088823,0.0002560961336356314,0.04389710463252623,0.00023983902495599706,1.0000000000000002,0,0.9621682716965618,0.002820795707992512,0.032876879315861175,0.0021340532795847264,1.0000000000000002,0,0.9622209383973697,0.002867465540591363,0.03284866975155873,0.0020629263104801547,0.9999999999999999,0,0.9497675950894324,0.0004464209558339841,0.04917212351747392,0.0006138604372595887,1.0,0
2019-02-11,0,0,0.94901,0.0,0.05099,0.0,1.0,0,0.9576825873007774,9.795509883699648e-05,0.04196234762002645,0.0002571099803590633,1.0,0,0.9626976131646908,0.002385689681881004,0.03263567566785665,0.0022810214855714978,1.0,0,0.9625533242635994,0.002329039265737802,0.03281294234778282,0.00230469412288004,1.0000000000000002,0,0.9642326320015884,0.0003136573145006794,0.03504793775796976,0.0004057729259410544,0.9999999999999999,0
2019-02-12,0,0,0.94901,0.0,0.05099,0.0,1.0,0,0.9648453912175007,0.00013407124401951362,0.03490059694068637,0.0001199405977934819,1.0,0,0.9670630855330331,0.0023953117450816112,0.028880469317198575,0.0016611334046865778,0.9999999999999998,0,0.9676501565152597,0.0024081637301500702,0.028402636951956117,0.001539042802633959,0.9999999999999998,0,0.9578820600304966,0.00037171993889276937,0.041251059783209275,0.0004951602474011929,0.9999999999999998,0
2019-02-13,0,0,0.94901,0.0,0.05099,0.0,1.0,0,0.9608312808653618,0.00015281764157314256,0.038880464297047085,0.00013543719601772681,0.9999999999999998,0,0.967028750073375,0.0023139533681390463,0.028982443654718953,0.0016748529037670069,0.9999999999999999,0,0.9674018230636615,0.002316975630363879,0.028722663639824127,0.0015585376661505798,1.0000000000000002,0,0.9688827732841229,0.0002713989600319719,0.03050331883166984,0.0003425089241755357,1.0000000000000002,0
2019-02-14,0,0,0.94901,0.0,0.05099,0.0,1.0,0,0.9565761885465462,0.0002569136734699176,0.04298359546122091,0.00018330231876306555,1.0,0,0.9664742348910803,0.0023882776338983148,0.029398246052020398,0.001739241423001073,1.0,0,0.9665499913069668,0.0024364532712855174,0.029374864298590368,0.0016386911231573834,1.0,0,0.9686405391419053,0.00027359438343619664,0.030740111142487325,0.0003457553321711405,1.0,0
2019-02-15,0,0,0.94901,0.0,0.05099,0.0,1.0,0,0.9674800334217272,0.0002626163427481918,0.03213988925025103,0.00011746098527337892,0.9999999999999998,0,0.9702245035207702,0.0022966570812023974,0.02607584978120921,0.001402989616818336,1.0000000000000002,0,0.9707758440391536,0.0023998016400246635,0.02553104125025515,0.0012933130705667188,1.0000000000000002,0,0.9648275678924422,0.00030823795656835485,0.03446662317840912,0.00039757097258034696,0.9999999999999999,0
2019-02-19,0,0,0.94901,0.0,0.05099,0.0,1.0,0,0.959971182246386,0.00020568616291503485,0.03966934449816339,0.0001537870925355887,1.0,0,0.9689555241960073,0.0021493572259117,0.02736976872017838,0.0015253498579026348,1.0,0,0.9691918996761912,0.002176330049849149,0.027219290438658256,0.0014124798353013206,1.0,0,0.977121095012177,0.00019717309959267425,0.022446063771914417,0.00023566811631582461,0.9999999999999999,0
2019-02-20,0,0,0.94901,0.0,0.05099,0.0,1.0,0,0.9632840814765324,0.00014200698579715847,0.036441784559814915,0.00013212697785535275,0.9999999999999999,0,0.9700537987613633,0.0019679459529002444,0.026468368875928835,0.001509886409807678,1.0000000000000002,0,0.970309635803754,0.0019716688689943316,0.026290392297391833,0.0014283030298597752,0.9999999999999999,0,0.9657706199385764,0.00029965507106827975,0.033545091686402136,0.0003846333039532628,1.0000000000000002,0
2019-02-21,0,0,0.94901,0.0,0.05099,0.0,1.0,0,0.9634836268543283,6.671926930556374e-05,0.03631200219656039,0.00013765167980577051,1.0,0,0.969866954362614,0.0017335409779835893,0.026762221292685108,0.0016372833667173579,1.0000000000000002,0,0.96988259918967,0.0016827463715087378,0.02682141219773862,0.001613242241082753,1.0000000000000002,0,0.9688328049965972,0.0002718517787330628,0.030552165085654337,0.0003431781390153575,0.9999999999999999,0
2019-02-22,0,0,0.94901,0.0,0.05099,0.0,1.0,0,0.9619080772020503,0.000286590774790409,0.0376698211803916,0.00013551084276762187,1.0,0,0.9716155026158574,0.0020395395054360627,0.0250518560987006,0.0012931017800058538,1.0,0,0.9719667494693003,0.0021137582532070836,0.024751371951339977,0.0011681203261526064,1.0,0,0.964977137020984,0.0003068760824191063,0.03432047307619971,0.000395513820397263,1.0,0
2019-02-25,0,0,0.94901,0.0,0.05099,0.0,1.0,0,0.95628530754671,9.669690658996499e-05,0.04335290501223841,0.00026509053446170764,1.0000000000000002,0,0.969695918580828,0.0017419685750746363,0.026851868401445773,0.0017102444426516173,1.0,0,0.9695154393049346,0.0017248137286394968,0.027052599077216976,0.0017071478892088806,1.0,0,0.9663677773941434,0.00029422508813020014,0.032961515707378625,0.00037648181034754554,0.9999999999999997,0
2019-02-26,0,0,0.94901,0.0,0.05099,0.0,1.0,0,0.9601744873475425,0.00025125613127385897,0.03940407968594687,0.0001701768352367504,1.0,0,0.9719445302077268,0.0018624123189636865,0.024845361217595344,0.0013476962557141892,1.0,0,0.9720625892355705,0.0019074617981683795,0.024769184066113163,0.0012607649001477295,0.9999999999999998,0,0.9427125040321179,0.00051177556680254,0.056054983491929965,0.0007207369091497064,1.0,0
2019-02-27,0,0,0.94901,0.0,0.05099,0.0,1.0,0,0.9679413571210845,5.2892362818613757e-05,0.03189223688175667,0.00011351363434024272,1.0,0,0.9732568461823105,0.0014773786893122246,0.023883737129148524,0.0013820379992288048,0.9999999999999999,0,0.9734324535867013,0.0014337601117891934,0.02377497208230984,0.001358814219199726,1.0,0,0.9653945191521226,0.0003030769159477468,0.03391262033747189,0.000389783594457771,1.0,0
2019-02-28,0,0,0.94901,0.0,0.05099,0.0,1.0,0,0.9631062251579559,9.605331255574181e-05,0.036629651176109466,0.0001680703533792015,1.0000000000000002,0,0.9725082079780089,0.001554694186432809,0.02451999244536934,0.001417105390188901,0.9999999999999999,0,0.9724578069896771,0.0015270247278515142,0.024632999066387305,0.0013821692160838578,0.9999999999999997,0,0.9695171855496734,0.00026565236023185315,0.029883128910217854,0.00033403317987706,1.0000000000000002,0
2019-03-01,0,0,0.94901,0.0,0.05099,0.0,1.0,0,0.966365658849387,6.417106353545955e-05,0.0333910648572874,0.00017910522979026685,1.0000000000000002,0,0.9730764681364135,0.0014574217082631799,0.023983857764883133,0.001482252390440312,1.0,0,0.9730528859591308,0.0014281353607740192,0.024018914174864188,0.0015000645052308424,0.9999999999999999,0,0.9604753687370625,0.00034796384288915503,0.0387184040998089,0.0004582633202394575,1.0,0
2019-03-04,0,0,0.94901,0.0,0.05099,0.0,1.0,0,0.9604182847898016,0.0002675188577706279,0.03910644196627479,0.0002077543861528891,0.9999999999999999,0,0.9734875623643233,0.0016686862826935484,0.023548261048491823,0.001295490304491209,0.9999999999999999,0,0.9734397751267632,0.001714655050232584,0.023602003054625332,0.0012435667683790533,1.0000000000000002,0,0.953611726682335,0.00041096581255778376,0.04542027218201263,0.0005570353230946958,1.0,0
2019-03-05,0,0,0.94901,0.0,0.05099,0.0,1.0,0,0.9646364679606927,0.00014575878207567187,0.03504134421437938,0.00017642904285232355,1.0,0,0.9743558956386509,0.0014914135297204713,0.02284580454100087,0.0013068862906275961,0.9999999999999998,0,0.9743532823905189,0.001497916563755719,0.02285973828647295,0.001289062759252435,1.0,0,0.9642611808547923,0.0003133971761444435,0.035020043326497365,0.0004053786425659862,1.0,0
2019-03-06,0,0,0.94901,0.0,0.05099,0.0,1.0,0,0.95889251198059,0.00018057161908710702,0.040730016382251065,0.00019690001807197194,1.0000000000000002,0,0.9740540648302305,0.0015109576386638113,0.023155829934878167,0.001279147596227728,1.0000000000000002,0,0.9739386002128827,0.0015257018980274833,0.023303613047057584,0.0012320848420319457,0.9999999999999998,0,0.9661156765361755,0.0002965169896467124,0.03320788726312331,0.00037991921105434576,0.9999999999999998,0
2019-03-07,0,0,0.94901,0.0,0.05099,0.0,1.0,0,0.9590723047091011,0.00030484794106774567,0.040420652072329005,0.00020219527750212546,1.0,0,0.9742829735419016,0.0015882423084852826,0.022882796527520347,0.0012459876220927283,1.0,0,0.9741236660268967,0.0016491088212494751,0.023029608636161415,0.0011976165156925016,1.0000000000000002,0,0.95925243383187,0.00035915900793720965,0.03991281015965521,0.0004755970005378361,1.0000000000000002,0
2019-03-08,0,0,0.94901,0.0,0.05099,0.0,1.0,0,0.9626985353828772,0.00015952129964411733,0.03696714632121256,0.00017479699626613495,1.0,0,0.9750712364068104,0.001418728240636781,0.022234574403511526,0.0012754609490411625,0.9999999999999999,0,0.9749890865709837,0.0014384392794714825,0.022311870499263014,0.0012606036502816748,0.9999999999999999,0,0.9616019384042145,0.00033766313480890133,0.037617996558968574,0.0004424019020080009,0.9999999999999999,0
2019-03-11,0,0,0.94901,0.0,0.05099,0.0,1.0,0,0.970335652678365,0.00010429152151944907,0.029465334039131378,9.472176098419706e-05,1.0,0,0.9775108983424421,0.001330139335786604,0.020160209917215673,0.00099875240455566,1.0,0,0.9778868682529307,0.00134329744529551,0.019844677716418492,0.0009251565853551272,0.9999999999999998,0,0.9598843149591088,0.0003533728389754552,0.0392956862423327,0.0004666259595831153,1.0,0
2019-03-12,0,0,0.94901,0.0,0.05099,0.0,1.0,0,0.9654143950958305,0.0003456530699242057,0.03409884615916828,0.00014110567507686476,0.9999999999999998,0,0.9774236492660128,0.0014880717914174722,0.02015064227590892,0.0009376366666605728,0.9999999999999998,0,0.9776773539875303,0.0015628330535581005,0.019910826196328616,0.0008489867625830605,1.0000000000000002,0,0.9631215487556011,0.00032378793461393325,0.036133491133187486,0.00042117217659733586,0.9999999999999999,0
2019-03-13,0,0,0.94901,0.0,0.05099,0.0,1.0,0,0.9719704240629915,0.00011594173711454053,0.027832248738722976,8.138546117094724e-05,1.0,0,0.9780274677717148,0.0012771467567933186,0.019711424545393867,0.0009839609260979985,1.0,0,0.9783143615373596,0.0012951087721114135,0.01946531124224014,0.0009252184482887778,0.9999999999999999,0,0.9699304615665867,0.00026191138716235294,0.029479094302258455,0.0003285327439925342,1.0,0
2019-03-14,0,0,0.94901,0.0,0.05099,0.0,1.0,0,0.9684627484850046,6.775017625401828e-05,0.031370394997711167,9.910634103035377e-05,1.0000000000000002,0,0.9771660803031984,0.0011761194004413131,0.020564430491766594,0.0010933698045937175,1.0,0,0.9772160874838732,0.001157861571677072,0.020571084600487344,0.0010549663439623426,1.0,0,0.9699867600718076,0.000261401930220204,0.029424053261480947,0.0003277847364911891,0.9999999999999999,0
2019-03-15,0,0,0.94901,0.0,0.05099,0.0,1.0,0,0.9665350090066568,0.0002339362635816302,0.0331040142007705,0.00012704052899109285,0.9999999999999999,0,0.9780322545937354,0.0013412106652524478,0.01968160690406358,0.0009449278369486671,1.0000000000000002,0,0.978228165012778,0.0013905721933595368,0.019511525198674048,0.000869737595188381,1.0,0,0.959926812645721,0.0003529838162958964,0.03925417979644245,0.00046602374154062885,0.9999999999999999,0
2019-03-18,0,0,0.94901,0.0,0.05099,0.0,1.0,0,0.9687705468818106,0.0001608872754655984,0.030960076038426234,0.0001084898042976503,1.0,0,0.9785050662890732,0.001242008066456521,0.019309824034935277,0.0009431016095348977,0.9999999999999999,0,0.9787009264941551,0.0012674590667296629,0.0191504617250945,0.0008811527140207211,0.9999999999999999,0,0.963209687976551,0.00032298384946835654,0.036047381415880084,0.000419946758100407,0.9999999999999999,0
2019-03-19,0,0,0.94901,0.0,0.05099,0.0,1.0,0,0.9696395881398032,9.789861310869212e-05,0.03013995347202769,0.00012255977506044595,1.0,0,0.978589182533416,0.0011291751259706524,0.019302709823570297,0.0009789325170430452,1.0,0,0.978689874865158,0.0011220005171003742,0.019247216476146307,0.0009409081415954954,1.0000000000000002,0,0.9662329494561016,0.00029545075230605697,0.033093280310613093,0.00037831948097904366,0.9999999999999998,0
2019-03-20,0,0,0.94901,0.0,0.05099,0.0,1.0,0,0.9671326730290355,0.0003682344986319336,0.032404810496335604,9.428197599708507e-05,1.0,0,0.9786781304344905,0.0013554424659106242,0.019091085496663593,0.000875341602935281,0.9999999999999999,0,0.9788071395490983,0.0014456956622901085,0.01895344922958842,0.0007937155590231231,0.9999999999999999,0,0.966626971968316,0.0002918694090092755,0.03270820495797186,0.00037295366470288337,1.0,0
2019-03-21,0,2,0.94901,0.0,0.05099,0.0,1.0,0,0.9682719566871338,0.00015745257240908225,0.031440086772366704,0.000130503968090444,1.0,0,0.9794458990963518,0.0011759885094195942,0.01849217215238349,0.0008859402418451803,1.0,0,0.9796824495001817,0.0012053960000735098,0.0182884104514578,0.0008237440482871072,1.0,0,0.9681420703945357,0.0002781142311309924,0.031227362112286113,0.0003524532620471496,1.0,0
2019-03-22,2,0,0.07792,0.00339,0.91292,0.00577,1.0,2,0.06490954885492192,0.00241911866728006,0.9200465545498654,0.012624777927932505,0.9999999999999999,2,0.23909774829865732,0.053844551868279675,0.6735957938547414,0.03346190597832142,0.9999999999999999,2,0.23456401210353722,0.05347977576819388,0.679847208473982,0.032109003654286934,1.0,2,0.08188048038091877,0.0011620193970046648,0.9109628894036605,0.005994610818415995,1.0,2
2019-03-25,0,0,0.94901,0.0,0.05099,0.0,1.0,0,0.9429906126519655,0.0003373711839739171,0.056323193927725286,0.0003488222363354049,1.0000000000000002,0,0.7426896983140776,0.04312736502699762,0.1918259475536004,0.02235698910532434,1.0,0,0.7438271159497204,0.042409304566960855,0.19297796982657786,0.020785609656740978,1.0000000000000002,0,0.9543389982780873,0.000404271197399979,0.04471032811286015,0.0005464024116525552,1.0,0
2019-03-26,0,0,0.94901,0.0,0.05099,0.0,1.0,0,0.9469244556865721,0.00022871857930141696,0.05253577163972046,0.0003110540944059725,1.0,0,0.8222195354052362,0.02596178153459819,0.13764868364940347,0.014169999410762121,0.9999999999999999,0,0.8242659755518803,0.025338033733203494,0.13732535765805312,0.013070633056863038,1.0,0,0.9654405976799848,0.00030265760371417605,0.03386759279109613,0.00038915192520490126,1.0,0
2019-03-27,0,0,0.94901,0.0,0.05099,0.0,1.0,0,0.9351651674363878,0.00042193833586401044,0.06386997058376943,0.000542923643978815,1.0,0,0.8502259401353693,0.019977967477889685,0.11728665962813292,0.01250943275860808,1.0,0,0.84954614574384,0.01998146679225559,0.11836968091755498,0.012102706546349448,1.0,0,0.9647900794960732,0.00030857933650564986,0.03450325427829026,0.00039808688913080693,0.9999999999999999,0
2019-03-28,0,0,0.94901,0.0,0.05099,0.0,1.0,0,0.9438764013526665,0.00021686404407077618,0.05554969475879503,0.0003570398444677323,1.0,0,0.8795887028613552,0.014286749337419852,0.09639799535621844,0.009726552445006533,0.9999999999999999,0,0.8799079392139979,0.014051274282668318,0.09661535880303418,0.009425427700299546,0.9999999999999999,0,0.9588622062702868,0.0003627341497488324,0.04029390665713764,0.00048115292282666815,1.0,0
2019-03-29,0,0,0.94901,0.0,0.05099,0.0,1.0,0,0.9511188023552609,0.000182689715293597,0.04853157797856456,0.00016692995088098863,1.0,0,0.901118226614672,0.01151276186994733,0.0805203797259856,0.00684863178939496,0.9999999999999999,0,0.9024706965829504,0.011369574696752248,0.07990657358283482,0.006253155137462698,1.0000000000000002,0,0.9583473539248256,0.0003674531525187477,0.040796691505229736,0.0004885014174256945,0.9999999999999998,0
2019-04-01,0,0,0.94901,0.0,0.05099,0.0,1.0,0,0.9611445350580657,7.06710682151693e-05,0.03865638453263855,0.00012840934108061529,1.0,0,0.9164679845441851,0.008563880943005428,0.06909703720366207,0.005871097309147463,1.0,0,0.9180507783846353,0.008292685252879559,0.06807721119785992,0.005579325164625239,1.0,0,0.9648556589338383,0.0003079821611154534,0.034439174441837944,0.0003971844632083462,1.0,0
2019-04-02,0,0,0.94901,0.0,0.05099,0.0,1.0,0,0.9486761042530771,0.00022067549545550777,0.0508385300829423,0.00026469016852528107,1.0000000000000002,0,0.9189982235872537,0.008347871282868803,0.06711168565164638,0.005542219478231197,1.0000000000000002,0,0.9193673918596653,0.008236317530374801,0.06717621040184926,0.005220080208110427,0.9999999999999998,0,0.9714840455366577,0.0002478667722594229,0.027960081305725987,0.0003080063853569744,1.0,0
2019-04-03,0,0,0.94901,0.0,0.05099,0.0,1.0,0,0.9545170580113611,9.58826800505524e-05,0.04515739868068045,0.00022966062790782507,1.0,0,0.9273359696203847,0.006566475986488407,0.061003999852304314,0.005093554540822674,1.0,0,0.9277699630817113,0.006295857933565532,0.060995059925402995,0.004939119059320092,1.0,0,0.9640513117381632,0.00031530970570740066,0.035225099805862824,0.0004082787502666005,1.0,0
2019-04-04,0,0,0.94901,0.0,0.05099,0.0,1.0,0,0.9492628971533729,0.00023095380056255003,0.050238018667125885,0.0002681303789387713,1.0,0,0.93250387508607,0.006524215148233452,0.05658514381642965,0.004386765949267017,1.0000000000000002,0,0.9329007144904095,0.006481850392280338,0.05648605164935176,0.00413138346795847,1.0,0,0.964667975999894,0.0003096913459323491,0.03462256452257305,0.00039976813160061533,1.0,0
2019-04-05,0,0,0.94901,0.0,0.05099,0.0,1.0,0,0.9528754756923073,0.0002686356425173879,0.04662904240528278,0.0002268462598923096,0.9999999999999998,0,0.938688667775931,0.0059876808415391895,0.0516120029891149,0.003711648393414873,1.0,0,0.939301215587865,0.0060152894176933565,0.05125480964724235,0.0034286853471993915,1.0,0,0.96353113383471,0.0003200519856783971,0.03573333097372473,0.0004154832058869278,1.0000000000000002,0
2019-04-08,0,0,0.94901,0.0,0.05099,0.0,1.0,0,0.9541733508355346,0.00014976256466634692,0.04546292000981652,0.00021396658998259336,1.0,0,0.9416390483717155,0.0050434032049054296,0.04956062903389853,0.0037569193894805737,1.0000000000000002,0,0.9419400287116797,0.004949987870899438,0.04950502856933415,0.003604954848086717,1.0,0,0.9677567370736814,0.0002816101539679887,0.03160400579618975,0.00035764697616093484,1.0,0
2019-04-09,0,0,0.94901,0.0,0.05099,0.0,1.0,0,0.9463995993806875,0.0002450308460114436,0.0530560364220633,0.0002993333512379363,1.0000000000000002,0,0.9432246298747334,0.00492318822474174,0.0483737958985403,0.0034783860019844343,0.9999999999999999,0,0.9431592609083692,0.00488880245044473,0.048677608056606515,0.0032743285845797,1.0000000000000002,0,0.965952649304538,0.0002979994660705616,0.03336720610019568,0.00038214512919607064,1.0000000000000002,0
2019-04-10,0,0,0.94901,0.0,0.05099,0.0,1.0,0,0.957934372877685,0.0002664335390915983,0.041645032051830747,0.00015416153139264656,1.0,0,0.9495189294238554,0.0046415146043288415,0.04305637303261195,0.0027831829392038925,1.0000000000000002,0,0.9501013690273165,0.004708361404788155,0.04266251687467921,0.002527752693216037,0.9999999999999999,0,0.9614589863530177,0.0003389695422525351,0.037757635251427384,0.0004444088533022282,0.9999999999999999,0
2019-04-11,0,0,0.94901,0.0,0.05099,0.0,1.0,0,0.9531084104680722,9.330608904980128e-05,0.046497808751916905,0.00030047469096123095,1.0,0,0.9486590029744989,0.003752729964432465,0.04415437791254662,0.0034338891485219273,0.9999999999999999,0,0.9484511847212755,0.003617308651943888,0.04449544512211603,0.003436061504664645,1.0,0,0.9710527299530699,0.0002517629601000732,0.02838182624386168,0.00031368084296839777,1.0,0
2019-04-12,0,0,0.94901,0.0,0.05099,0.0,1.0,0,0.9612741612871181,0.00011007586928506356,0.03844356536000892,0.0001721974835878749,0.9999999999999999,0,0.9542968172858394,0.0035574848641033554,0.03942028697087275,0.002725410879184503,1.0,0,0.9547488056020387,0.0034891922340766894,0.03914058013082347,0.002621422033061034,0.9999999999999999,0,0.9547701337178924,0.00040030458570648395,0.04428944446649624,0.0005401172299049311,1.0,0
2019-04-15,0,0,0.94901,0.0,0.05099,0.0,1.0,0,0.9509876840270427,0.00020013050779050948,0.04854401337624307,0.000268172088923676,1.0,0,0.9539172810023009,0.003597197354944811,0.03972917240831223,0.002756349234442059,0.9999999999999999,0,0.9539415646919969,0.0035819190559279934,0.0398320664044339,0.0026444498476414628,1.0000000000000002,0,0.9682780010634848,0.0002768814044293595,0.031094493094273416,0.0003506244378124159,1.0,0
2019-04-16,0,0,0.94901,0.0,0.05099,0.0,1.0,0,0.9549597913666974,9.530864617698006e-05,0.04471999028522982,0.00022490970189594642,1.0000000000000002,0,0.9562627091433513,0.0030756701888922907,0.03795103873357688,0.0027105819341794964,1.0,0,0.9563233731870422,0.002986165712987003,0.038022226310611106,0.002668234789359623,1.0,0,0.9599586575791853,0.00035269231950082824,0.039223077527545114,0.0004655725737685944,0.9999999999999998,0
2019-04-17,0,0,0.94901,0.0,0.05099,0.0,1.0,0,0.9520950692295261,0.00016564060830907853,0.04748105576041619,0.0002582344017487217,1.0,0,0.9574618399984851,0.0031098157357950483,0.03691913561985412,0.002509208645865554,0.9999999999999999,0,0.9574361177332041,0.003074226823252691,0.03706571030991242,0.0024239451336308727,1.0000000000000002,0,0.9602019971589019,0.0003504651867480306,0.0389854099579766,0.0004621276963734258,1.0,0
2019-04-18,0,0,0.94901,0.0,0.05099,0.0,1.0,0,0.9538337071546678,0.0003104639957292943,0.04565619208962691,0.00019963675997610505,1.0,0,0.9597521807681599,0.0032292724645951957,0.034796606851009215,0.002221939916235595,0.9999999999999999,0,0.9599408210692604,0.0033182094427040036,0.034651559405430514,0.0020894100826051513,1.0,0,0.96022308996734,0.0003502721633822655,0.03896480855383457,0.00046182931544332047,1.0,0
2019-04-22,0,0,0.94901,0.0,0.05099,0.0,1.0,0,0.9609908749776068,0.00010158052391929509,0.03876013703172428,0.00014740746674966217,1.0,0,0.9620012104557621,0.0026356870883215127,0.033182175871798336,0.0021809265841181073,1.0000000000000002,0,0.9622389257671582,0.002591886909235463,0.033051431930236505,0.0021177553933699163,1.0000000000000002,0,0.9641277647801754,0.0003146129401699367,0.03515040044668156,0.00040722183297288905,0.9999999999999999,0
2019-04-23,0,0,0.94901,0.0,0.05099,0.0,1.0,0,0.9589925009147964,0.0002374051110359316,0.04060712775704212,0.00016296621712562972,1.0,0,0.963629408339357,0.002834461485126001,0.0316674019850327,0.0018687281904843608,1.0,0,0.9640556884446834,0.0028924812801973017,0.031333933578254085,0.001717896696865263,1.0,0,0.9683880312836906,0.0002758836360068821,0.03098693972667302,0.00034914535362955904,0.9999999999999999,0
2019-04-24,0,0,0.94901,0.0,0.05099,0.0,1.0,0,0.9526111192168504,0.00034406648713665086,0.046809861194629834,0.00023495310138328866,1.0000000000000002,0,0.9627675096611882,0.0028398032759553555,0.03240720934980589,0.001985477713050571,1.0,0,0.9627558052628368,0.002926317300516054,0.0324521260338897,0.0018657514027574631,1.0,0,0.9642326320015884,0.0003136573145006794,0.03504793775796976,0.0004057729259410544,0.9999999999999999,0
2019-04-25,0,0,0.94901,0.0,0.05099,0.0,1.0,0,0.9588087923309337,0.00013655326338688793,0.040855208923399285,0.00019944548228003828,1.0,0,0.9640211272310081,0.0023946084868816503,0.031496158466312346,0.0020881058157976285,0.9999999999999998,0,0.9639500723145132,0.0023780799382292863,0.03160899894455369,0.0020628488027038235,1.0,0,0.9608509105452185,0.00034452877738952843,0.038351596203497006,0.0004529644738950539,1.0000000000000002,0
2019-04-26,0,0,0.94901,0.0,0.05099,0.0,1.0,0,0.9533119433991011,0.00021648888180008397,0.04622883312396991,0.00024273459512891887,0.9999999999999999,0,0.9650647285720122,0.002478051038061914,0.030583581979104348,0.001873638410821679,1.0000000000000002,0,0.9651482383691944,0.0025202472648652163,0.030560759351681076,0.0017707550142593515,1.0,0,0.96139756483275,0.00033953091978142143,0.03781763256292085,0.0004452716845477891,1.0,0
2019-04-29,0,0,0.94901,0.0,0.05099,0.0,1.0,0,0.9606130402093597,7.835975704307633e-05,0.03912680135615987,0.00018179867743735436,1.0,0,0.9665069917471456,0.002049726676910225,0.029525170033295956,0.0019181115426482249,1.0,0,0.9665372648310943,0.0019952286459373613,0.029566461674828362,0.0019010448481399198,0.9999999999999999,0,0.9511840461892224,0.00043334342736590437,0.04778980840575754,0.0005928019776540902,0.9999999999999999,0
2019-04-30,0,0,0.94901,0.0,0.05099,0.0,1.0,0,0.9578525084494587,0.00027857819470361497,0.04168147241597829,0.00018744093985946188,1.0,0,0.9680617356481387,0.0023041547201091534,0.0280408862330838,0.0015932233986684827,1.0,0,0.9682746693253106,0.002360081661142456,0.027880476293927238,0.0014847727196197133,0.9999999999999999,0,0.9604439180372301,0.000348251580806109,0.03874912278058543,0.0004587076013783894,0.9999999999999999,0
2019-05-01,0,0,0.94901,0.0,0.05099,0.0,1.0,0,0.953028811446315,0.00020119145516355868,0.04647567153521906,0.00029432556330239357,1.0,0,0.967410873937008,0.002100941993809249,0.028717023617352153,0.0017711604518306642,1.0,0,0.967236683672746,0.0021001641229178632,0.028932012710798746,0.0017311394935374577,1.0,0,0.9670253540376464,0.000288250150904808,0.03231885301259589,0.00036754279885285,1.0,0
2019-05-02,0,0,0.94901,0.0,0.05099,0.0,1.0,0,0.9545596201978249,6.617681391723707e-05,0.04499936124223786,0.0003748417460197759,0.9999999999999998,0,0.9672804117002756,0.0017781650160800253,0.028794271983792294,0.0021471512998521456,1.0,0,0.9668627429694164,0.0017256394739303736,0.029101622764471844,0.002309994792181356,0.9999999999999999,0,0.9624689587864711,0.0003297438272623647,0.03677103176851286,0.00043026561775362184,0.9999999999999999,0
2019-05-03,0,0,0.94901,0.0,0.05099,0.0,1.0,0,0.9624170373546821,0.00023550439797896292,0.03721658421955819,0.00013087402778076015,1.0,0,0.9708365990268445,0.002073657574882893,0.025707137368721225,0.0013826060295514917,1.0,0,0.9711948390751862,0.0021395612211054967,0.025401311661071062,0.0012642880426372307,1.0,0,0.9500172719869452,0.0004441146829657351,0.04892847485485611,0.0006101384752330871,1.0000000000000002,0
2019-05-06,0,0,0.94901,0.0,0.05099,0.0,1.0,0,0.9575324036172,0.00021061353892549566,0.04207498193765159,0.0001820009062229607,1.0,0,0.9698978179389995,0.0019495416389527314,0.02660811167424062,0.0015445287478070095,0.9999999999999999,0,0.9698542463522192,0.0019780568202926283,0.02669293391686755,0.0014747629106204503,0.9999999999999998,0,0.9629150997344795,0.0003256716486459116,0.036335183568556445,0.00042404504831804164,1.0,0
2019-05-07,0,0,0.94901,0.0,0.05099,0.0,1.0,0,0.9474446569881854,0.0002621728123794398,0.051859360141576126,0.00043381005785895094,0.9999999999999998,0,0.9681792756564684,0.001934077335190188,0.02808469769197394,0.001801949316367341,1.0,0,0.9674927500715476,0.0019675466212593,0.02871485488233817,0.0018248484248550502,1.0,0,0.961724063218727,0.00033654721733251285,0.03749870088419216,0.0004406886797483256,1.0,0
2019-05-08,0,0,0.94901,0.0,0.05099,0.0,1.0,0,0.9636275809769296,8.674930930495419e-05,0.03610315763293099,0.0001825120808343701,1.0,0,0.9717351131698118,0.001604740713776641,0.02511207607098253,0.0015480700454292378,1.0000000000000002,0,0.9717101286828225,0.001573098708253686,0.025160251174493657,0.0015565214344304744,1.0000000000000002,0,0.9534404499905244,0.0004125430559088429,0.045587461965904866,0.0005595449876618833,1.0,0
2019-05-09,0,0,0.94901,0.0,0.05099,0.0,1.0,0,0.9592305370900414,0.00016589097092265851,0.04040758324972081,0.00019598868931523835,1.0,0,0.9712417313161831,0.001733653394344141,0.025474112490693045,0.0015505027987797186,1.0,0,0.971081845414196,0.0017529539217708587,0.025632835496140684,0.001532365167892404,1.0,0,0.9654129576711117,0.0003029091237007763,0.03389460239840204,0.0003895308067854914,1.0,0
2019-05-10,0,0,0.94901,0.0,0.05099,0.0,1.0,0,0.9635034111286561,0.00016607696605571128,0.036203101368401915,0.00012741053688605344,0.9999999999999998,0,0.9733978831578252,0.0016796890257962853,0.023640128009285895,0.0012822998070926412,1.0,0,0.9736053143819736,0.0017055133798597182,0.023484688434384792,0.0012044838037817101,0.9999999999999998,0,0.9566855397989561,0.00038270082351371515,0.04241939952650528,0.0005123598510247525,0.9999999999999998,0
2019-05-13,0,0,0.94901,0.0,0.05099,0.0,1.0,0,0.9525823907346943,0.0002284436551558016,0.0469071959217245,0.00028196968842553004,1.0000000000000002,0,0.9705005197491696,0.0016941227902153167,0.02617507275258371,0.0016302847080311511,0.9999999999999998,0,0.9697167359980989,0.0017267145215481752,0.02689303410963231,0.0016635153707206642,1.0,0,0.9633561363597022,0.00032164798619514144,0.035904303545287494,0.00041791210881497314,0.9999999999999998,0
2019-05-14,0,0,0.94901,0.0,0.05099,0.0,1.0,0,0.9703418656927365,0.00014176844711958744,0.029424409624334555,9.195623580907162e-05,0.9999999999999997,0,0.9758418362953587,0.001544384098787286,0.021554074122462547,0.0010597054833914655,1.0,0,0.976262475890711,0.0015688680380290154,0.021197288238291333,0.0009713678329684312,0.9999999999999999,0,0.9614896619031201,0.0003386891887291297,0.037727670860220476,0.0004439780479300988,0.9999999999999998,0
2019-05-15,0,0,0.94901,0.0,0.05099,0.0,1.0,0,0.9648605676124017,0.00027517898410289276,0.03472533177569772,0.00013892162779756593,0.9999999999999999,0,0.975428378592765,0.0016380861229013846,0.021849443261788632,0.0010840920225450048,1.0,0,0.9757187324627988,0.0017011158855598433,0.021587204027785398,0.000992947623855766,0.9999999999999998,0,0.9734132741024977,0.0002304685015091472,0.02607339773302259,0.00028285966297072866,1.0000000000000002,0
2019-05-16,0,0,0.94901,0.0,0.05099,0.0,1.0,0,0.9697589980959848,0.00011916801726533011,0.030013221047504812,0.0001086128392450863,1.0,0,0.9764071508809615,0.0014269509014031823,0.02108780338634063,0.001078094831294631,1.0,0,0.9767626501915248,0.001437791688601315,0.020786822440661143,0.001012735679212683,0.9999999999999999,0,0.9680397526945304,0.000279042341942857,0.031327373965773855,0.0003538309977528358,1.0,0
2019-05-17,0,0,0.94901,0.0,0.05099,0.0,1.0,0,0.9589949579657298,0.00014785007722406586,0.04059733305893816,0.00025985889810779014,0.9999999999999998,0,0.9739589519729954,0.0014329122494418263,0.023223030050614473,0.0013851057269483457,1.0,0,0.9736989088853962,0.0014364473262786445,0.02347166698497508,0.0013929768033501795,1.0000000000000002,0,0.9701790086594726,0.0002596625181234451,0.029236096045492675,0.00032523277691141585,1.0000000000000002,0
2019-05-20,0,0,0.94901,0.0,0.05099,0.0,1.0,0,0.964074583301273,0.0001056495754517451,0.03566373879069826,0.00015602833257702083,1.0000000000000002,0,0.9753684358020663,0.0013282726671071717,0.02206312713334085,0.0012401643974854666,0.9999999999999998,0,0.975286555677439,0.0013159062899840762,0.02217403958967506,0.001223498442901874,1.0,0,0.9549842437161934,0.0003983352601082784,0.04408042008168056,0.0005370009420178726,1.0,0
2019-05-21,0,0,0.94901,0.0,0.05099,0.0,1.0,0,0.9687667114946129,0.00012500251540264218,0.03100445153022546,0.00010383445975894407,0.9999999999999999,0,0.9769923585294431,0.0013516225760037883,0.020595177703659203,0.0010608411908938102,0.9999999999999998,0,0.9772554171563173,0.0013690958625806103,0.020375222486467528,0.0010002644946347516,1.0000000000000002,0,0.9652281452333938,0.00030459109510726353,0.03407519777303772,0.00039206589846110194,0.9999999999999999,0
2019-05-22,0,2,0.94901,0.0,0.05099,0.0,1.0,0,0.9588195012425775,0.00015504920749003496,0.04076792834084539,0.0002575212090871431,1.0,0,0.9751302566350761,0.0013620171920155722,0.022220244960396558,0.001287481212511687,0.9999999999999999,0,0.9749220527969349,0.0013787876635977321,0.022417814873355795,0.0012813446661115772,1.0,0,0.9644887825875884,0.00031132355679706555,0.034797656060765604,0.0004022377948488808,0.9999999999999999,0
2019-05-23,2,0,0.07792,0.00339,0.91292,0.00577,1.0,2,0.05807259810759371,0.0019463665569214,0.9273129274893467,0.01266810784613817,0.9999999999999999,2,0.23305710535265858,0.05425612641337259,0.6750273905693686,0.03765937766460024,1.0,2,0.22864697021465868,0.05526221492525404,0.6787092177634518,0.03738159709663532,0.9999999999999999,2,0.0660900459920929,0.001192725236268189,0.9263141524711942,0.006403076300444848,1.0000000000000002,2
2019-05-24,0,0,0.94901,0.0,0.05099,0.0,1.0,0,0.9525014065342192,0.0001638129794255079,0.04714274611780977,0.00019203436854565,1.0000000000000002,0,0.7536628225142352,0.0397731400941338,0.18555999214813754,0.02100404524349349,1.0,0,0.7566262018318521,0.03845523052394627,0.18546622186972725,0.019452345774474293,1.0,0,0.9292042614296426,0.0006378151600367525,0.06922406659102391,0.0009338568192967808,1.0,0
2019-05-28,0,0,0.94901,0.0,0.05099,0.0,1.0,0,0.9396314682721258,0.0006177573940445392,0.0594190725592938,0.0003317017745358611,1.0,0,0.8174310637688301,0.029242864929732666,0.13945509338108755,0.013870977920349838,1.0000000000000002,0,0.8179504511257693,0.029782842127257698,0.13963913691358867,0.012627569833384355,0.9999999999999999,0,0.9732484976998858,0.00023195260226036767,0.02623455750456148,0.0002849921932922731,0.9999999999999999,0
2019-05-29,0,0,0.94901,0.0,0.05099,0.0,1.0,0,0.9367569986490785,0.00032375517107075896,0.06262176562146564,0.000297480558385125,0.9999999999999999,0,0.8499900990223584,0.019722034073178206,0.1177312231049708,0.01255664379949256,0.9999999999999999,0,0.8494833197380063,0.01972793049832077,0.11878065828184116,0.012008091481831835,1.0,0,0.9735841615271454,0.00022892974303307645,0.025906257616897035,0.0002806511129242703,0.9999999999999999,0
2019-05-30,0,0,0.94901,0.0,0.05099,0.0,1.0,0,0.9398754007020345,0.0002735271821284979,0.05942430002077825,0.0004267720950589094,1.0,0,0.8782483379958763,0.014873887406747242,0.09764422285354152,0.00923355174383477,0.9999999999999999,0,0.8785193492540181,0.014696951575617938,0.0981371352867902,0.008646563883573745,1.0,0,0.9582370178873985,0.000368464770795605,0.04090443841652912,0.0004900789252769383,1.0,0
2019-05-31,0,0,0.94901,0.0,0.05099,0.0,1.0,0,0.9207647441831558,0.0004342864536847984,0.07824047754019088,0.0005604918229684798,1.0,0,0.8829103683109321,0.013486824378505239,0.09366181427505366,0.009940993035508985,1.0,0,0.8805927119969663,0.014038053226279937,0.0954946080577486,0.009874626719005101,0.9999999999999999,0,0.9526622307029469,0.00041971243614309244,0.04634708242835012,0.0005709744325597919,0.9999999999999999,0
2019-06-03,0,0,0.94901,0.0,0.05099,0.0,1.0,0,0.9418073041996763,0.0004031307891754369,0.05750701332419542,0.00028255168695275187,0.9999999999999999,0,0.9076419201533309,0.010686305748777443,0.07542158325666577,0.006250190841226062,1.0000000000000002,0,0.9078094134109954,0.010836596196021774,0.07562118412335601,0.00573280626962686,1.0,0,0.929602871335302,0.0006340803688263538,0.06883562903319054,0.0009274192626811407,1.0,0
2019-06-04,0,0,0.94901,0.0,0.05099,0.0,1.0,0,0.960938932527551,8.830029635967765e-05,0.03883570219283076,0.00013706498325864367,1.0,0,0.9256195178855582,0.007662450502593888,0.061889806071557744,0.004828225540290119,0.9999999999999999,0,0.9272947554303969,0.0075155908154952485,0.060732288224289444,0.004457365529818487,1.0,0,0.9599374303207406,0.0003528866249732378,0.03924380974919478,0.0004658733050914157,1.0000000000000002,0
2019-06-05,0,0,0.94901,0.0,0.05099,0.0,1.0,0,0.945566699924698,0.00010456002236818913,0.0540866649227381,0.00024207513019595077,1.0000000000000002,0,0.9248109204711122,0.006987889911486505,0.0628899691267018,0.005311220490699565,1.0,0,0.9252232434806281,0.00685991261023633,0.06287467214427855,0.005042171764856736,0.9999999999999998,0,0.9650330671809336,0.00030636688018821656,0.03426582087052711,0.0003947450683509999,1.0,0
2019-06-06,0,0,0.94901,0.0,0.05099,0.0,1.0,0,0.9527523060608162,0.0002792981901830634,0.04672376396283393,0.0002446317861667096,0.9999999999999999,0,0.9357416209544043,0.00658896185547091,0.05373748841553009,0.003931928774594782,1.0,0,0.9366606462760599,0.0066377926725503114,0.05306103298272666,0.0036405280686629847,0.9999999999999999,0,0.9397031636589261,0.0005397562908191597,0.058989794218565685,0.0007672858316889487,0.9999999999999999,0
2019-06-07,0,0,0.94901,0.0,0.05099,0.0,1.0,0,0.9525534035578612,0.000632969477692728,0.04662840462188895,0.0001852223425572142,1.0000000000000002,0,0.9406487515517832,0.006800724564367944,0.0494048687404445,0.0031456551434044504,1.0,0,0.9416484690648618,0.007194822740250596,0.04842260440739906,0.0027341037874884346,0.9999999999999999,0,0.972549943035825,0.0002382482900535672,0.02691774384771071,0.00029406482641075696,1.0,0
2019-06-10,0,0,0.94901,0.0,0.05099,0.0,1.0,0,0.9536096439400061,7.299699209031195e-05,0.046048844330526396,0.0002685147373771955,1.0,0,0.9415753875199502,0.0046172149514918,0.04985649298941319,0.003950904539144872,1.0,0,0.9418845248335909,0.004404033797104343,0.04983259999330077,0.0038788413760040283,1.0,0,0.9715375192061504,0.00024738389194703056,0.027907792711413405,0.00030730419048941265,1.0000000000000002,0
2019-06-11,0,0,0.94901,0.0,0.05099,0.0,1.0,0,0.9530403817182925,0.0002262982896923593,0.04648888683648766,0.00024443315552752137,1.0,0,0.9454995874782325,0.004818524019378931,0.04636646865375991,0.0033154198486286244,0.9999999999999999,0,0.9458253744934226,0.004800776748694228,0.04623403431009125,0.0031398144477921366,1.0000000000000002,0,0.9583473539248256,0.0003674531525187477,0.040796691505229736,0.0004885014174256945,0.9999999999999998,0
2019-06-12,0,0,0.94901,0.0,0.05099,0.0,1.0,0,0.9461574963636519,0.00013173755346605206,0.0533644967385158,0.0003462693443661088,0.9999999999999999,0,0.9449670572768512,0.0042466075276553685,0.04704573839579492,0.0037405967996984825,1.0,0,0.9446416915967715,0.004152008671924236,0.04749252185884418,0.0037137778724602786,1.0000000000000002,0,0.9694191470417237,0.00026654010034005734,0.029978972415715042,0.0003353404422210412,0.9999999999999999,0
2019-06-13,0,0,0.94901,0.0,0.05099,0.0,1.0,0,0.956148763240214,0.0003620725271421904,0.04329037292238661,0.0001987913102572862,1.0,0,0.9524215050680102,0.004421430015082584,0.040584103154627356,0.002572961762279882,0.9999999999999999,0,0.9529975236394924,0.004545112860047276,0.04010997414083997,0.002347389359620302,1.0,0,0.9497148811254582,0.00044690793625018894,0.0492235641443466,0.0006146467939449096,1.0,0
2019-06-14,0,0,0.94901,0.0,0.05099,0.0,1.0,0,0.9506300133772104,0.00019599761976371883,0.04879199941475813,0.00038198958826795925,1.0000000000000002,0,0.9524154541802814,0.0037148457686429813,0.040876022786136355,0.00299367726493935,1.0,0,0.9524235551438338,0.0036687619341612796,0.04094501715198576,0.0029626657700192295,1.0,0,0.9727408674353264,0.00023652695955794396,0.02673102555711759,0.00029158004799798145,0.9999999999999999,0
2019-06-17,0,0,0.94901,0.0,0.05099,0.0,1.0,0,0.9503134708987446,0.00021696198696415233,0.049164663556152614,0.0003049035581384282,0.9999999999999998,0,0.9537841017573095,0.003629675035241383,0.03977145631325478,0.002814766894194361,1.0,0,0.9537810645325919,0.003630515861122435,0.03986094930006432,0.0027274703062213318,1.0,0,0.9662419541995646,0.0002953688878842679,0.03308448021495481,0.0003781966975962556,0.9999999999999999,0
2019-06-18,0,0,0.94901,0.0,0.05099,0.0,1.0,0,0.958330148945427,0.00040892471477195166,0.041138238127876633,0.00012268821192445244,1.0,0,0.9599701251214755,0.0037705836513602974,0.034466845596474276,0.0017924456306898223,0.9999999999999999,0,0.9608336092238867,0.003936893140591044,0.03371636933635041,0.0015131282991718694,1.0,0,0.9587859141820256,0.0003634332737809534,0.04036841200731257,0.00048224053688075534,0.9999999999999999,0
2019-06-19,0,0,0.94901,0.0,0.05099,0.0,1.0,0,0.9540713551904008,0.00024098982929033857,0.045533699514968363,0.0001539554653403315,0.9999999999999998,0,0.958107143301908,0.003400475116765832,0.03632190950510173,0.0021704720762243967,1.0,0,0.9584022529783158,0.0034588106108882155,0.03619478009479469,0.0019441563160012907,1.0,0,0.9724539938837089,0.00023911352406207707,0.02701157759948207,0.0002953149927470208,1.0,0
2019-06-20,0,0,0.94901,0.0,0.05099,0.0,1.0,0,0.9643024653369394,0.00044949295876711357,0.03519297131858218,5.507038571109656e-05,0.9999999999999997,0,0.9649986624612736,0.0034939583264775313,0.030222549004799017,0.0012848302074497683,1.0,0,0.9660719484710395,0.0037473319830938208,0.029177298631101235,0.001003420914765409,1.0,0,0.9564561682308772,0.000384807256902241,0.04264335511479231,0.0005156693974282991,1.0,0
2019-06-21,0,0,0.94901,0.0,0.05099,0.0,1.0,0,0.9613718990318769,5.1777138748253774e-05,0.03830611220962536,0.0002702116197495053,1.0,0,0.9607408120826825,0.002391858545401607,0.03432853557818825,0.0025387937937277625,1.0,0,0.9605659041518927,0.0022705987031115074,0.03451758721139135,0.002645909933604465,1.0,0,0.9804335343958518,0.0001676061685063322,0.019203963017075082,0.00019489641856680403,1.0,0
2019-06-24,0,0,0.94901,0.0,0.05099,0.0,1.0,0,0.9548359231941783,0.0004289667025213674,0.044497435994639706,0.00023767410866062556,1.0,0,0.9628285445323701,0.00301536047293045,0.03230120474468921,0.0018548902500101325,1.0,0,0.963005295381064,0.003121610933099732,0.032174942050681464,0.0016981516351548352,1.0,0,0.9641086662166811,0.00031478699205863804,0.03516906097929429,0.000407485811965846,0.9999999999999999,0
2019-06-25,0,0,0.94901,0.0,0.05099,0.0,1.0,0,0.9513657242332315,0.00023106747119825937,0.04808236460064558,0.000320843694924586,0.9999999999999999,0,0.9624677956966273,0.002602178302693321,0.03272865589194566,0.00220137010873373,1.0,0,0.9621970102645659,0.0026119074079647983,0.03299656048456892,0.002194521842900547,1.0000000000000002,0,0.969081871721206,0.000269594992503456,0.030308688477588032,0.0003398448087025402,1.0,0
2019-06-26,0,0,0.94901,0.0,0.05099,0.0,1.0,0,0.9631116028383772,8.756196617941912e-05,0.036661866640328895,0.00013896855511432902,0.9999999999999998,0,0.9654235298586897,0.0022468613819918055,0.030403266707560918,0.001926342051757522,1.0,0,0.9655872014017303,0.0021997002333662865,0.030333842061181275,0.001879256303722191,1.0,0,0.9668753971999456,0.0002896122896116229,0.032465412680135954,0.0003695778303066228,0.9999999999999999,0
2019-06-27,0,0,0.94901,0.0,0.05099,0.0,1.0,0,0.954969931356323,0.00037166890153757725,0.04441611732685936,0.00024228241527999068,1.0,0,0.9659335979831281,0.002615798878800389,0.029752180066487475,0.001698423071584092,1.0,0,0.9661360750851659,0.002709381164258435,0.029588814177000357,0.0015657295735754162,1.0,0,0.9696474298745745,0.0002644731709767514,0.029755799034787284,0.00033229791966143875,1.0,0
2019-06-28,0,0,0.94901,0.0,0.05099,0.0,1.0,0,0.9567727657878199,0.00014174868187947007,0.042850373967566226,0.0002351115627345313,1.0,0,0.9661923380268521,0.002240488460638842,0.029712341678730707,0.001854831833778436,1.0,0,0.9662623693508607,0.002236705556700517,0.029713577457199186,0.0017873476352395002,0.9999999999999999,0,0.962128456329841,0.00033285308970293814,0.037103666136381844,0.00043502444407417923,1.0,0
2019-07-01,0,0,0.94901,0.0,0.05099,0.0,1.0,0,0.961243441933228,9.833349148082854e-05,0.03849402438532576,0.00016420018996555756,1.0000000000000002,0,0.9686514664966754,0.00202873587137874,0.027717177779090777,0.0016026198528549277,0.9999999999999999,0,0.9690036222489505,0.001994090752654315,0.027495370623412695,0.001506916374982488,1.0,0,0.9520358084477909,0.00042548686656174335,0.046958498958335024,0.0005802057273125256,1.0000000000000002,0
2019-07-02,0,0,0.94901,0.0,0.05099,0.0,1.0,0,0.9477920168959036,0.0003058989579499352,0.051509154273934044,0.00039292987221237896,1.0,0,0.9663665185509573,0.0023392170111307693,0.02940949571158594,0.0018847687263258848,1.0,0,0.9661824105247903,0.0024421611140750463,0.029532559672057056,0.0018428686890777236,1.0,0,0.9613360493096588,0.0003400931923806614,0.03787772135240378,0.0004461361455567255,1.0,0
2019-07-03,0,0,0.94901,0.0,0.05099,0.0,1.0,0,0.962970712000851,0.0003994393454432756,0.036496594737001314,0.00013325391670438865,1.0,0,0.9714155644087548,0.002247610490012864,0.025077809090222506,0.0012590160110098954,1.0,0,0.9719382747940999,0.002375877089924633,0.024561521676197684,0.001124326439777676,0.9999999999999999,0,0.9398282037649125,0.0005385924979906306,0.05886786305083635,0.0007653406862605844,1.0,0
2019-07-05,0,0,0.94901,0.0,0.05099,0.0,1.0,0,0.9654963046248055,3.2863959527115566e-05,0.03434849649804317,0.0001223349176241921,0.9999999999999999,0,0.969391445964345,0.001616423845766895,0.02711978843071209,0.0018723417591761883,1.0000000000000002,0,0.9692760261162922,0.001554849279676205,0.027211625075874064,0.001957499528157633,1.0,0,0.9750210636716843,0.0002160068772758029,0.02450072319511595,0.0002622062559237869,0.9999999999999999,0
2019-07-08,0,0,0.94901,0.0,0.05099,0.0,1.0,0,0.9573497128942754,0.00023238304164147498,0.04220039057235945,0.00021751349172348955,0.9999999999999999,0,0.969701712917611,0.0019602109293672125,0.026728703051898717,0.0016093731011230454,1.0,0,0.9695809822402727,0.001996201564228773,0.02685210349662317,0.001570712698875421,1.0,0,0.9611921467841262,0.00034140864999473205,0.03801828499026584,0.00044815957561311707,1.0,0
2019-07-09,0,0,0.94901,0.0,0.05099,0.0,1.0,0,0.9639456907892883,0.00011681715711596647,0.03579030734010013,0.00014718471349554904,0.9999999999999999,0,0.9712365033463671,0.0017439347397698287,0.02546883108079946,0.0015507308330633825,0.9999999999999998,0,0.9712912574185527,0.0017419594825727658,0.025434384898493444,0.0015323982003811233,1.0,0,0.962875650247057,0.00032603164756860113,0.03637372368339028,0.0004245944219839817,0.9999999999999999,0
2019-07-10,0,0,0.94901,0.0,0.05099,0.0,1.0,0,0.9730739915019208,0.00012119202185779276,0.026750266274382446,5.45502018390056e-05,1.0,0,0.9745795723677891,0.0017265866698871655,0.02261114466467269,0.0010826962976509423,0.9999999999999999,0,0.9751296856627784,0.001768749156514164,0.02212997012857682,0.0009715950521306531,1.0,0,0.9647525525811272,0.0003089210817279553,0.034539922878489795,0.00039860345865509945,1.0000000000000002,0
2019-07-11,0,0,0.94901,0.0,0.05099,0.0,1.0,0,0.9676953116566418,4.5166611476688735e-05,0.032145820975884656,0.00011370075599683326,1.0,0,0.9726959023696574,0.0014718479547461809,0.024363328237398545,0.0014689214381979078,1.0,0,0.972795816431465,0.0014244019949168256,0.02431737822981526,0.001462403343802978,1.0,0,0.9801670831288175,0.0001699776967238302,0.019464815292571283,0.00019812388188755365,1.0,0
2019-07-12,0,0,0.94901,0.0,0.05099,0.0,1.0,0,0.9651861539469632,0.0001779173806178728,0.03450030016563912,0.0001356285067799082,1.0,0,0.9735041234307834,0.001688041149245942,0.023533997333485643,0.0012738380864851769,1.0,0,0.9737044125821821,0.001716810554228208,0.02337664589777123,0.0012021309658183672,0.9999999999999999,0,0.9626480311375342,0.00032810909941580435,0.036596092964407356,0.00042776679864266177,1.0,0
2019-07-15,0,0,0.94901,0.0,0.05099,0.0,1.0,0,0.95757279186314,0.00018671530963899113,0.04202809297082532,0.00021239985639570356,1.0,0,0.9726018002440318,0.001668477836078815,0.024337655986960107,0.0013920659329293848,1.0,0,0.9725556116618018,0.0016972688401560001,0.024407171774664546,0.0013399477233777268,1.0,0,0.965660951863638,0.0003006527005160971,0.03365226164414959,0.0003861337916964365,1.0,0
2019-07-16,0,0,0.94901,0.0,0.05099,0.0,1.0,0,0.9586915769187622,7.265844521509218e-05,0.041030191948260075,0.00020557268776268996,1.0,0,0.9721980443767552,0.0014539789006666399,0.02475157774101796,0.001596398981560325,1.0000000000000002,0,0.9719024937394043,0.001433910738840502,0.0250292397498213,0.0016343557719338264,0.9999999999999999,0,0.9523374681119915,0.0004227057484216423,0.046664069291073855,0.0005757568485130208,1.0,0
2019-07-17,0,0,0.94901,0.0,0.05099,0.0,1.0,0,0.954578688283613,0.00036675152734690975,0.04475843179871744,0.0002961283903227551,1.0,0,0.9733047626790887,0.0017035124771432922,0.02370132457412884,0.0012904002696391696,1.0,0,0.9731457565944104,0.0017727488888252781,0.023849320313615488,0.001232174203148734,0.9999999999999999,0,0.9447503074628512,0.0004928624848931879,0.05406729441144775,0.0006895356408080462,1.0000000000000002,0
2019-07-18,0,0,0.94901,0.0,0.05099,0.0,1.0,0,0.961381198774834,0.00012407419838236005,0.03828545256062575,0.00020927446615770325,0.9999999999999998,0,0.9738125442772713,0.0014795041231947898,0.023325870244665203,0.0013820813548686105,0.9999999999999998,0,0.9737103496138498,0.0014927526328347843,0.02342796586201816,0.001368931891297214,0.9999999999999999,0,0.9579488337387589,0.00037110750074987193,0.04118585513952373,0.0004942036209673852,1.0,0
2019-07-19,0,0,0.94901,0.0,0.05099,0.0,1.0,0,0.9658704915070945,0.00013126311156764155,0.0338704553814735,0.00012778999986441615,1.0,0,0.9756661924032909,0.0014007300162050232,0.021823348033672016,0.001109729546832188,1.0,0,0.9757397311643503,0.0013963686266507268,0.021820811310498074,0.0010430888985006994,0.9999999999999998,0,0.9463984501926739,0.0004775868652576257,0.05245946851127124,0.0006644944307971211,0.9999999999999999,0
2019-07-22,0,0,0.94901,0.0,0.05099,0.0,1.0,0,0.9650276414624042,0.0001651684785447427,0.03465619205026129,0.00015099800878989783,1.0,0,0.9759789141709385,0.001422858320038157,0.02148146432107091,0.001116763187952486,1.0,0,0.9761074529257936,0.001440776967471993,0.0213967867982718,0.0010549833084627063,1.0000000000000002,0,0.9699706852212867,0.00026154739104684117,0.029439769105057124,0.000327998282609346,1.0,0
2019-07-23,0,0,0.94901,0.0,0.05099,0.0,1.0,0,0.9713772041223548,8.289776229751553e-05,0.028445451548497255,9.444656685066777e-05,1.0000000000000002,0,0.9774027191171233,0.001271868366850974,0.020297458939545893,0.001027953576479802,1.0,0,0.9777022662160708,0.0012639495157406842,0.02006262116421623,0.0009711631039721407,0.9999999999999999,0,0.9626281748593501,0.00032829034931930706,0.03661549104551083,0.00042804374581980204,1.0000000000000002,0
2019-07-24,0,0,0.94901,0.0,0.05099,0.0,1.0,0,0.9637096103343087,0.00022295705280662921,0.03588626953869387,0.0001811630741907383,0.9999999999999999,0,0.9766356350911732,0.0014133365207398476,0.020874312961841678,0.001076715426245093,0.9999999999999999,0,0.9767567601802334,0.0014542600848937676,0.020770790623182305,0.0010181891116905347,1.0,0,0.9691974420732862,0.0002685480573840103,0.030195709753724473,0.000338300115605505,1.0,0
2019-07-25,0,0,0.94901,0.0,0.05099,0.0,1.0,0,0.9665321331344997,7.850631939051978e-05,0.03324030293148148,0.00014905761462811478,0.9999999999999999,0,0.9764455644294447,0.001200927832992782,0.021185843638655864,0.001167664098906482,0.9999999999999998,0,0.9763542162083971,0.0011760402498232584,0.021317189295925278,0.0011525542458544146,1.0,0,0.9601492181945597,0.0003509481927547009,0.03903695914391239,0.0004628744687731473,0.9999999999999999,0
2019-07-26,0,0,0.94901,0.0,0.05099,0.0,1.0,0,0.9678678644270677,0.00013513848924495169,0.03183578670574156,0.000161210377945755,1.0,0,0.9775392215879174,0.001261295296256846,0.020120245901859832,0.0010792372139658895,0.9999999999999999,0,0.9776626267965666,0.0012758554808872358,0.020009380759052182,0.001052136963494028,1.0,0,0.9621887600141272,0.00033230235105794663,0.03704475669074364,0.00043418094407136096,1.0000000000000002,0
2019-07-29,0,0,0.94901,0.0,0.05099,0.0,1.0,0,0.9665203429294292,0.00018802423587776566,0.03314438659160826,0.00014724624308455072,0.9999999999999998,0,0.9777143540712117,0.0012817451229896954,0.01999818718645423,0.001005713619344588,1.0000000000000002,0,0.9777830207103436,0.0013059400043158084,0.019956704772769666,0.0009543345125711759,1.0000000000000002,0,0.9616528691669307,0.0003371977368149304,0.03756824582305818,0.0004416872731961908,1.0,0
2019-07-30,0,0,0.94901,0.0,0.05099,0.0,1.0,0,0.9692890054239968,0.0001203512713906142,0.03048238308179528,0.00010826022281747035,1.0000000000000002,0,0.9780185283601746,0.0011909955155365807,0.0197442598393695,0.0010462162849194786,1.0,0,0.9780606072312956,0.0012021310478531142,0.019715560670056895,0.0010217010507943022,1.0,0,0.9666091585998474,0.0002920312818367781,0.03272561417343254,0.0003731959448833738,1.0,0
2019-07-31,0,2,0.94901,0.0,0.05099,0.0,1.0,0,0.9606232500563664,0.00030749816770810084,0.03885739406875674,0.0002118577071686008,0.9999999999999999,0,0.9773136767718635,0.0013143520077021215,0.020326626220931152,0.0010453449995031225,1.0,0,0.977147881100027,0.0013666847361430395,0.020478730749824203,0.0010067034140058388,1.0,0,0.9683457557509856,0.00027626697978721816,0.031028263760552573,0.0003497135086746147,1.0,0
2019-08-01,2,2,0.07792,0.00339,0.91292,0.00577,1.0,2,0.05243931400718064,0.001765140307378343,0.9288966224417684,0.016898923243672537,1.0,2,0.22690161105528645,0.05572008627701952,0.6776167589780377,0.03976154368965617,0.9999999999999998,2,0.222174949713677,0.058312315926430165,0.679483407645041,0.04002932671485189,1.0,2,0.09248652875334937,0.0011426205076754444,0.9006102300858934,0.005760620653081857,1.0,2
2019-08-02,2,2,0.07792,0.00339,0.91292,0.00577,1.0,2,0.08014809237372426,0.0023885045809413524,0.9103281034736247,0.0071352995717097936,1.0000000000000002,2,0.18578624916754496,0.03682226941328174,0.7550663207397821,0.022325160679391224,1.0,2,0.1857215665152207,0.03717889515566063,0.7559290560356273,0.021170482293491243,1.0,2,0.032083994762216086,0.001299298883836807,0.958983127517741,0.007633578836206121,0.9999999999999999,2
2019-08-05,2,2,0.07792,0.00339,0.91292,0.00577,1.0,2,0.05134968472407375,0.002485980042261652,0.9327900071079169,0.013374328125747573,0.9999999999999999,2,0.12329677490866564,0.026418342888555137,0.827599215874112,0.022685666328667087,0.9999999999999999,2,0.11903852673361921,0.026787250518312124,0.831159299122911,0.023014923625157592,0.9999999999999999,2,0.11235715264445666,0.0011540680482221225,0.8813189250925756,0.005169854214745649,1.0,2
2019-08-06,2,2,0.07792,0.00339,0.91292,0.00577,1.0,2,0.08472373620475482,0.0017639681947018307,0.9084115269953329,0.005100768605210455,1.0,2,0.1199429324156756,0.021947955616965283,0.8434993990865329,0.014609712880826325,1.0,2,0.12103190025774462,0.02251480233006529,0.8428040837761877,0.013649213636002458,1.0,2,0.0593339826943442,0.0012825813832681558,0.9331620997966908,0.006221336125696841,1.0,2
2019-08-07,2,2,0.07792,0.00339,0.91292,0.00577,1.0,2,0.059068672545205494,0.002295376268076352,0.9323765034363503,0.006259447750367869,1.0,2,0.09568602927458107,0.018759490443655845,0.8720270001288134,0.01352748015294972,1.0,2,0.0957013514465703,0.01971499120263427,0.8718338023335583,0.012749855017237154,1.0,2,0.06912842197671668,0.001287022414137733,0.9237551917951891,0.0058293638139566015,1.0000000000000002,2
2019-08-08,2,2,0.07792,0.00339,0.91292,0.00577,1.0,2,0.11010546067391692,0.001078173742717224,0.886427368024907,0.0023889975584588025,0.9999999999999999,2,0.09686929423129502,0.015126236589279956,0.8778271449729546,0.010177324206470422,1.0,2,0.09936297685905851,0.015615808855583805,0.8755507034576248,0.009470510827732854,1.0,2,0.04972730011259737,0.0013592666077080664,0.9426332617701824,0.006280171509512225,1.0,2
2019-08-09,2,2,0.07792,0.00339,0.91292,0.00577,1.0,2,0.07957802336988422,0.0013782030252278761,0.9138778473180019,0.005165926286885997,1.0,2,0.07945908966742568,0.012432219909356128,0.8988549459675583,0.009253744455659825,1.0,2,0.07971529284665217,0.01223168729013447,0.8995478375574661,0.008505182305747242,1.0,2,0.10436072502286835,0.0012670179171803294,0.8894743427224652,0.004897914337486008,0.9999999999999999,2
2019-08-12,2,2,0.07792,0.00339,0.91292,0.00577,1.0,2,0.057778978575889345,0.006038690330920502,0.9220497539512622,0.01413257714192795,1.0,2,0.06396804309034493,0.012909826432927362,0.9121167053480133,0.01100542512871453,1.0,2,0.06301370324783565,0.013845869715125823,0.9118714456862212,0.011268981350817223,0.9999999999999999,2,0.09799944572042968,0.0013057483351962525,0.895788335096445,0.004906470847929041,0.9999999999999999,2
2019-08-13,2,2,0.07792,0.00339,0.91292,0.00577,1.0,2,0.10256189067897553,0.0019566089206629806,0.8921612140677041,0.0033202863326574133,1.0,2,0.0720133326329743,0.011156211275914315,0.9090952722547953,0.007735183836316274,1.0000000000000002,2,0.07400935168361156,0.0118481969218845,0.9067561357546472,0.007386315639856719,1.0,2,0.06346171507193979,0.001409408996153433,0.9296117423779854,0.00551713355392144,1.0,2
2019-08-14,2,2,0.07792,0.00339,0.91292,0.00577,1.0,2,0.0384868836057187,0.0029666462154864263,0.9432992605650241,0.015247209613770654,0.9999999999999999,2,0.050507028104317245,0.0093944141629158,0.9302920858071587,0.009806471925608318,1.0,2,0.04891841394656198,0.009699282526590374,0.931364319902523,0.010017983624324654,1.0,2,0.12520886116699076,0.0013045374347151221,0.8691750546030054,0.004311546795288708,0.9999999999999999,2
2019-08-15,2,0,0.07792,0.00339,0.91292,0.00577,1.0,2,0.06082079330923212,0.0021908739793816442,0.9310890449515766,0.005899287759809577,0.9999999999999999,2,0.05389172642756218,0.008854145072561713,0.9297420585967594,0.007512069903116634,0.9999999999999999,2,0.05407993527985991,0.009120485090889018,0.9296549757772937,0.007144603851957261,0.9999999999999999,2,0.046337243689851475,0.0015142278006256987,0.9463589883106034,0.005789540198919517,1.0,2
2019-08-16,0,2,0.94901,0.0,0.05099,0.0,1.0,0,0.9521233616406487,0.0001760794810222933,0.047492401764148776,0.000208157114180153,1.0,0,0.7564985642024465,0.04083214126071253,0.1827282243084262,0.019941070228414605,0.9999999999999999,0,0.7605908149133576,0.039810823928593066,0.18157419656397855,0.018024164594070784,0.9999999999999999,0,0.9530466976666325,0.0004161699131820048,0.04597180992601754,0.0005653224941678372,1.0,0
2019-08-19,2,2,0.07792,0.00339,0.91292,0.00577,1.0,2,0.1259105650653024,0.00035773841571876976,0.8695033365526847,0.004228359966294219,1.0,2,0.27093698415286294,0.04442199208910882,0.6534415078780601,0.031199515879968148,1.0,2,0.2732366180476658,0.042001310969867534,0.6542901079994411,0.03047196298302557,1.0,2,0.09787416635129008,0.0011330599166347504,0.8953415920378043,0.005651181694271014,1.0,2
2019-08-20,2,2,0.07792,0.00339,0.91292,0.00577,1.0,2,0.07828708474950599,0.0019794939599350374,0.9114732096546841,0.008260211635874851,1.0,2,0.18126905159972564,0.03558823224436968,0.760865939016573,0.022276777139331735,1.0,2,0.18027800978484954,0.03514449866702668,0.7637354513833973,0.02084204016472643,1.0,2,0.09635622677939397,0.0011590293477700764,0.8969164312113675,0.0055683126614683755,1.0,2
2019-08-21,2,2,0.07792,0.00339,0.91292,0.00577,1.0,2,0.09741051115805494,0.0011891233654263483,0.8960003464494307,0.005400019027087972,1.0,2,0.1491526977975044,0.02573134694967903,0.8084926425960799,0.01662331265673679,1.0000000000000002,2,0.15042240164798945,0.025344411103597534,0.8088580120744892,0.015375175173923871,1.0,2,0.09093420887608171,0.0011928761062067026,0.9023080814448151,0.0055648335728964386,0.9999999999999999,2
2019-08-22,2,2,0.07792,0.00339,0.91292,0.00577,1.0,2,0.08838321322464945,0.0004601729501492781,0.9058898364493935,0.0052667773758078235,1.0,2,0.11675185388528236,0.017559498324838684,0.8499613757629652,0.01572727202691381,1.0,2,0.1165420289897581,0.016537813425831938,0.8517205175799374,0.015199640004472563,1.0,2,0.09185392728280312,0.0012155769424892333,0.901494762203986,0.005435733570721594,1.0,2
2019-08-23,2,2,0.07792,0.00339,0.91292,0.00577,1.0,2,0.05631544850368235,0.0028617485164161545,0.9332153870026846,0.007607415977216717,0.9999999999999998,2,0.09019881916894797,0.01798687157854402,0.8782547991157436,0.013559510136764373,0.9999999999999999,2,0.08811327370298004,0.018323266522149252,0.8807745461886575,0.012788913586213231,1.0,2,0.07291036038168437,0.001278920568232517,0.9200749778830339,0.005735741167049084,1.0,2
2019-08-26,2,2,0.07792,0.00339,0.91292,0.00577,1.0,2,0.08800075749628794,0.0009179866004045472,0.9063376320556858,0.004743623847621613,0.9999999999999999,2,0.08920228976230939,0.013880814025869012,0.8850264056858733,0.011890490525948203,0.9999999999999999,2,0.08993163452661868,0.013800314503718603,0.8846889416938993,0.011579109275763588,1.0000000000000002,2,0.06954083180839613,0.0013125045594710911,0.9234436384657415,0.005703025166391195,0.9999999999999999,2
2019-08-27,2,0,0.07792,0.00339,0.91292,0.00577,1.0,2,0.07114886449408758,0.004680183348873673,0.9189331775370183,0.005237774620020595,1.0000000000000002,2,0.07890822977787773,0.015049594235473376,0.8968213911199506,0.009220784866698358,1.0,2,0.07952472448172888,0.016040495083803796,0.896026282382829,0.008408498051638244,0.9999999999999999,2,0.07107538112379418,0.0013359765247163906,0.9220360698718869,0.005552572479602547,1.0,2
2019-08-28,0,0,0.94901,0.0,0.05099,0.0,1.0,0,0.9473278379610872,0.00038426622544246436,0.05209125254436382,0.0001966432691066587,1.0000000000000002,0,0.7516072937274925,0.04482200997956185,0.18381322882043263,0.01975746747251312,1.0,0,0.7546194751788461,0.04511795536660557,0.18265650666527689,0.017606062789271536,1.0,0,0.9699063023054569,0.0002621300209507678,0.0295027138436065,0.00032885382998568624,0.9999999999999999,0
2019-08-29,0,0,0.94901,0.0,0.05099,0.0,1.0,0,0.95615045439702,0.00011246390642919555,0.04360023882452943,0.0001368428720216479,1.0000000000000002,0,0.8259934787362369,0.02456746624335607,0.13510206981050266,0.01433698520990435,0.9999999999999999,0,0.82872308807256,0.02391942382229472,0.13397981849539037,0.013377669609754863,0.9999999999999999,0,0.9699385104742267,0.00026183854859939353,0.029471225193623968,0.00032842578354985675,1.0,0
2019-08-30,0,0,0.94901,0.0,0.05099,0.0,1.0,0,0.9361778626057102,0.00017505900544843,0.06306350753287575,0.0005835708559656115,1.0,0,0.8508026924652219,0.018030805312364503,0.11811007619538486,0.01305642602702891,1.0,0,0.8504660277898513,0.017408990274173364,0.11932054814374274,0.012804433792232783,1.0000000000000002,0,0.9662329494561016,0.00029545075230605697,0.033093280310613093,0.00037831948097904366,0.9999999999999998,0
2019-09-03,0,0,0.94901,0.0,0.05099,0.0,1.0,0,0.9315306400246394,0.0002807222878926173,0.06765568847690095,0.0005329492105672417,1.0000000000000002,0,0.8758003147045627,0.014580520902865214,0.09954588558435477,0.010073278808217529,1.0000000000000002,0,0.8753022280698766,0.014331227352750822,0.10061075689404869,0.009755787683323898,1.0,0,0.9467196777437653,0.0004746118358961908,0.05214607607094308,0.0006596343493953083,0.9999999999999999,0
2019-09-04,0,2,0.94901,0.0,0.05099,0.0,1.0,0,0.9588856222124371,0.0003128024181695515,0.04068980451712937,0.00011177085226401951,1.0,0,0.9088574463837795,0.012336530667774072,0.07361386318574599,0.005192159762700387,1.0,0,0.9111754754447781,0.012691972976718039,0.07170905452695694,0.004423497051546929,1.0,0,0.9556090804646029,0.00039259035714231014,0.04347040319850898,0.0005279259797458357,1.0000000000000002,0
2019-09-05,2,0,0.07792,0.00339,0.91292,0.00577,1.0,2,0.12160336954664479,0.00022533518272406365,0.8745242910171972,0.003647004253433838,0.9999999999999998,2,0.27045718754760767,0.04258737788206649,0.6535875007933516,0.03336793377697428,1.0,2,0.2728390576534315,0.04025791428384221,0.6533779332172289,0.03352509484549733,1.0,2,0.16048201325419043,0.0010312637575806667,0.8338214088610361,0.004665314127192686,0.9999999999999999,2
2019-09-06,0,0,0.94901,0.0,0.05099,0.0,1.0,0,0.942216372381605,0.00041281102899339364,0.05699764426974606,0.0003731723196555058,1.0,0,0.7422771627619145,0.04432089367177584,0.19113516170321151,0.022266781863098196,1.0,0,0.7433210087582246,0.04406341988560539,0.19193358726914708,0.02068198408702286,0.9999999999999999,0,0.9628953800344034,0.0003258516001668501,0.0363544487168774,0.00042431964855223415,1.0,0
2019-09-09,0,0,0.94901,0.0,0.05099,0.0,1.0,0,0.956542603391636,5.577391919023454e-05,0.043222926235167436,0.00017869645400626054,0.9999999999999999,0,0.8223323922145519,0.02203882513350382,0.13936744506990684,0.01626133758203748,1.0,0,0.8235757920480675,0.020676566028970073,0.13962344299944685,0.016124198923515666,1.0,0,0.9650423804967476,0.000306282092574144,0.03425672032587406,0.00039461708480409484,0.9999999999999999,0
2019-09-10,0,0,0.94901,0.0,0.05099,0.0,1.0,0,0.9563338256570225,4.1422045427125756e-05,0.04340706835260491,0.00021768394494550797,1.0,0,0.8571611097578603,0.01520209815308995,0.11396353451908299,0.013673257569966775,1.0,0,0.8571081191522372,0.014195778920301534,0.11444112967641548,0.014254972251045854,1.0,0,0.9698740606825308,0.00026242180842095083,0.029534235086463013,0.00032928242258516263,0.9999999999999999,0
2019-09-11,0,0,0.94901,0.0,0.05099,0.0,1.0,0,0.9490814662854904,0.00010926381847041483,0.050494980014391296,0.00031428988164770844,0.9999999999999999,0,0.8789446790199946,0.013322174875005867,0.09730219043188112,0.010430955673118358,1.0,0,0.8790512879913045,0.012854575318142814,0.09768075711175624,0.010413379578796369,1.0,0,0.9654405976799848,0.00030265760371417605,0.03386759279109613,0.00038915192520490126,1.0,0
2019-09-12,0,2,0.94901,0.0,0.05099,0.0,1.0,0,0.9524079494152787,7.215569996447576e-05,0.047323046239527995,0.00019684864522867416,0.9999999999999998,0,0.8996405426999027,0.010196957449706046,0.08248920842394382,0.0076732914264472304,0.9999999999999998,0,0.9005094709838064,0.009672506800901372,0.08244711496307194,0.0073709072522204445,1.0,0,0.9525500517036968,0.0004207462873446689,0.04645657648588047,0.0005726255230782042,1.0,0
2019-09-13,2,2,0.07792,0.00339,0.91292,0.00577,1.0,2,0.12029687068689482,0.00015547740670542805,0.8742698199386973,0.0052778319677022475,0.9999999999999999,2,0.2561650351222276,0.03846896265511217,0.6657910363699722,0.03957496585268812,1.0,2,0.25438322724506457,0.0350470286635212,0.6679701713700279,0.04259957272138625,0.9999999999999999,2,0.08787350820143794,0.0011509568484263223,0.905116408120477,0.005859126829658631,0.9999999999999999,2
2019-09-16,2,2,0.07792,0.00339,0.91292,0.00577,1.0,2,0.12056580599973553,0.011668753787889282,0.8652607382333296,0.0025047019790455775,1.0,2,0.20921326736734805,0.05142537100289447,0.7239937525886142,0.015367609041143298,1.0,2,0.21413996379707495,0.060847387562787694,0.7119572882808846,0.013055360359252822,1.0,2,0.08664858346641947,0.0011768513044338343,0.9064056535208764,0.005768911708270277,1.0,2
2019-09-17,2,2,0.07792,0.00339,0.91292,0.00577,1.0,2,0.0685155761079925,0.0009143248841694142,0.9219919555445388,0.008578143463299433,1.0000000000000002,2,0.13429023945193339,0.024824360197207476,0.8201106834008184,0.020774716950040652,0.9999999999999999,2,0.13323530758652885,0.024672220872774275,0.8217308157685295,0.020361655772167413,1.0,2,0.29228042525100667,0.0008782764896995533,0.7036321092425315,0.0032091890167622707,1.0,2
2019-09-18,2,0,0.07792,0.00339,0.91292,0.00577,1.0,2,0.06992983043597345,0.0017346637917472483,0.9190088346933819,0.009326671078897278,0.9999999999999999,2,0.11557432576333407,0.02090541750788809,0.8482848047289544,0.015235451999823454,1.0,2,0.1153862710251922,0.02085988893808603,0.8492967750659818,0.014457064970740056,1.0,2,0.043632454945248485,0.0013205679174684093,0.9482738591848892,0.0067731179523937935,0.9999999999999998,2
2019-09-19,0,0,0.94901,0.0,0.05099,0.0,1.0,0,0.9421313700189415,0.0003641301782742735,0.05713704562975912,0.0003674541730251897,1.0,0,0.7443505968900996,0.04347039718920639,0.19053715551441866,0.021641850406275445,1.0000000000000002,0,0.7458755067070432,0.042826703962072984,0.19140002467950187,0.019897764651382,1.0,0,0.9556207899352515,0.00039248272849533647,0.043458971146192286,0.0005277561900607067,0.9999999999999998,0
2019-09-20,0,0,0.94901,0.0,0.05099,0.0,1.0,0,0.9407381066715184,0.000270714062251077,0.05871373505245645,0.0002774442137741522,1.0,0,0.8147008120632457,0.026820653862235415,0.14373010609017367,0.014748427984345008,0.9999999999999999,0,0.8154587441196045,0.026242721706532357,0.14486645549288818,0.013432078680974747,0.9999999999999998,0,0.9659617262029649,0.00029791691850247683,0.03335833574476231,0.0003820211337703578,1.0,0
2019-09-23,0,0,0.94901,0.0,0.05099,0.0,1.0,0,0.9441893836728592,0.0005401427503145816,0.054992754868749646,0.0002777187080764274,0.9999999999999999,0,0.8582330350933433,0.020874197432180018,0.1107561821951679,0.010136585279308932,1.0,0,0.8592350009246529,0.021296101008138467,0.11032540343947705,0.009143494627731476,0.9999999999999999,0,0.9610373948785639,0.0003428235035389459,0.03816944417515114,0.0004503374427458762,0.9999999999999999,0
2019-09-24,0,0,0.94901,0.0,0.05099,0.0,1.0,0,0.9324948035641301,0.00048743804825910264,0.06643999170606414,0.0005777666815467021,1.0,0,0.8707887919707649,0.01607513158833104,0.10243527465027465,0.010700801790629585,1.0000000000000002,0,0.8691811837321177,0.01635408751878762,0.10396381078861072,0.010500917960483832,0.9999999999999999,0,0.9698417855729752,0.00026271391133020984,0.029565788953677164,0.0003297115620173655,0.9999999999999999,0
2019-09-25,0,0,0.94901,0.0,0.05099,0.0,1.0,0,0.9550584820772651,2.931465202855098e-05,0.044667870928376555,0.00024433234232994395,1.0000000000000002,0,0.8960713066911612,0.009271224515725776,0.08472027892961295,0.009937189863499906,0.9999999999999999,0,0.8956381852438865,0.00871563111977066,0.08490999545206891,0.010736188184274041,1.0000000000000002,0,0.9517196509923012,0.00042840240989327523,0.04726707131060307,0.0005848752872025834,1.0,0
2019-09-26,0,0,0.94901,0.0,0.05099,0.0,1.0,0,0.9396451845296476,0.0005807259934815798,0.05938086091976937,0.0003932285571014757,1.0,0,0.9082727053767579,0.011003509981176232,0.07452924201999535,0.006194542622070505,1.0,0,0.9084120884594703,0.011300397245157563,0.07455098182749582,0.005736532467876416,1.0,0,0.9543028941066487,0.00040460343877720957,0.04474557309407778,0.0005469293604961922,0.9999999999999999,0
2019-09-27,0,0,0.94901,0.0,0.05099,0.0,1.0,0,0.9412639697124702,0.00018327360668856545,0.058108953240736845,0.0004438034401044373,1.0,0,0.9158231716128398,0.008071380603271429,0.0698356288426208,0.006269818941267997,1.0,0,0.9154352660488032,0.00783794631717883,0.07057961806695995,0.006147169567058007,0.9999999999999999,0,0.9640417440790846,0.0003153969060817922,0.03523444796202558,0.0004084110528079431,1.0,0
2019-09-30,0,0,0.94901,0.0,0.05099,0.0,1.0,0,0.9447624778482934,0.00017073520725665938,0.054644622891954674,0.00042216405249538276,1.0,0,0.9239013187224502,0.00713234968217034,0.06327497013698458,0.005691361458394979,1.0,0,0.9237903787119695,0.0070223704234739824,0.06353885955433052,0.0056483913102262015,1.0,0,0.9568909869730317,0.00038081448232742614,0.042218799671414155,0.0005093988732267996,1.0,0
2019-10-01,0,0,0.94901,0.0,0.05099,0.0,1.0,0,0.9447531773387736,0.0002679589677526164,0.05471483710445274,0.0002640265890211664,1.0000000000000002,0,0.9294479909343187,0.006689618935539852,0.05923930500941638,0.004623085120725279,1.0000000000000002,0,0.9290760642924601,0.006655704415818593,0.05990094224375048,0.004367289047970548,0.9999999999999999,0,0.9502004911776255,0.00044242258116776277,0.048749676324585364,0.0006074099166213872,1.0,0
2019-10-02,0,0,0.94901,0.0,0.05099,0.0,1.0,0,0.9358395165854526,0.00021142357562569687,0.06349778519478125,0.0004512746441405243,1.0,0,0.9303960567026526,0.005836302942958714,0.05859041262640762,0.005177227727981046,0.9999999999999999,0,0.9289764690933279,0.005762218625183966,0.06001232767367963,0.005248984607808556,1.0,0,0.964602059005334,0.00031029172273245974,0.03468697298968029,0.00040067628225304454,0.9999999999999998,0
2019-10-03,0,0,0.94901,0.0,0.05099,0.0,1.0,0,0.9481300272462847,0.0005190733242970833,0.0510946786146099,0.0002562208148083964,1.0000000000000002,0,0.9421417587553788,0.0060222138631124906,0.04852334722769194,0.0033126801538169307,1.0000000000000002,0,0.9427263124555925,0.006285586905692906,0.04799468273839291,0.0029934179003218565,1.0000000000000002,0,0.9539888501171978,0.0004074938137785455,0.04505213917137843,0.0005515168976453845,1.0000000000000002,0
2019-10-04,0,0,0.94901,0.0,0.05099,0.0,1.0,0,0.9551071015551826,0.0003731641906761176,0.044370656753194404,0.00014907750094664385,0.9999999999999998,0,0.9479571749046143,0.005312501069033106,0.043953514887040086,0.002776809139312394,1.0,0,0.9489468637239641,0.005522828557163276,0.04308379207615788,0.0024465156427146205,0.9999999999999998,0,0.9629840393157901,0.00032504257270253134,0.03626783280157527,0.0004230853099318563,0.9999999999999998,0
2019-10-07,0,0,0.94901,0.0,0.05099,0.0,1.0,0,0.9516333088394718,0.00010089955757944442,0.048011652560954694,0.0002541390419939632,1.0,0,0.9470412139762621,0.0040192766264528276,0.04546197312702758,0.003477536270257447,1.0,0,0.9470043607829717,0.003872925023269714,0.0456929379538607,0.0034297762398980735,1.0000000000000002,0,0.9676272936795253,0.0002827848978961486,0.031730526639863026,0.0003593947827155135,0.9999999999999999,0
2019-10-08,0,0,0.94901,0.0,0.05099,0.0,1.0,0,0.9463107084116125,0.00017314303948359828,0.05313370737013363,0.0003824411787702407,1.0,0,0.94723448257485,0.003960755507673848,0.04528472164311238,0.0035200402743636714,0.9999999999999999,0,0.946467966497606,0.0038726466188326353,0.046106640133897224,0.003552746749664061,1.0,0,0.9635214328948355,0.0003201404515532253,0.035742808870300354,0.00041561778331089555,1.0,0
2019-10-09,0,0,0.94901,0.0,0.05099,0.0,1.0,0,0.9601972775608667,8.051392165066312e-05,0.039511178656037975,0.0002110298614445507,0.9999999999999998,0,0.9538965013466784,0.003418750220421462,0.03975311947096819,0.002931628961932022,1.0,0,0.9542648006112091,0.003319916820276231,0.03950737910598553,0.0029079034625290236,0.9999999999999999,0,0.964667975999894,0.0003096913459323491,0.03462256452257305,0.00039976813160061533,1.0,0
2019-10-10,0,0,0.94901,0.0,0.05099,0.0,1.0,0,0.9642709684547104,5.912415757143553e-05,0.035554023281576336,0.00011588410614203273,1.0000000000000002,0,0.9567598725025666,0.0031249150193970077,0.03749185698596625,0.0026233554920700466,0.9999999999999999,0,0.9572693548110862,0.003035161947762293,0.03713449193816079,0.002560991302990544,0.9999999999999999,0,0.9637149804743483,0.0003183756093347817,0.03555370962791293,0.00041293428840386915,0.9999999999999999,0
2019-10-11,0,0,0.94901,0.0,0.05099,0.0,1.0,0,0.9678164120405661,6.542690349004461e-05,0.03201447933095057,0.00010368172499330114,1.0,0,0.9599417671410979,0.0029759852560299655,0.034829441012327794,0.0022528065905442216,0.9999999999999999,0,0.9606770361316826,0.0029181616641288026,0.0342541121309492,0.002150690073239507,1.0000000000000002,0,0.9692797359935083,0.000267802663513329,0.030115260371212788,0.00033720097176560045,1.0,0
2019-10-15,0,0,0.94901,0.0,0.05099,0.0,1.0,0,0.9559318997642882,0.00011330639194424006,0.04370773172900337,0.00024706211476426367,1.0,0,0.9580098011599395,0.0030211538153355776,0.036444599600446353,0.0025244454242785213,1.0,0,0.9581703600931473,0.0029759482509225245,0.03639791616502649,0.002455775490903883,1.0000000000000002,0,0.9734132741024977,0.0002304685015091472,0.02607339773302259,0.00028285966297072866,1.0000000000000002,0
2019-10-16,0,0,0.94901,0.0,0.05099,0.0,1.0,0,0.9573059261508712,0.00019403424082229718,0.04232649770534084,0.00017354190296584008,1.0000000000000002,0,0.9599778200600376,0.0030254155535935625,0.03482477232388787,0.0021719920624808835,1.0,0,0.9601422147834338,0.0030254660434494212,0.034799232669531735,0.0020330865035850733,1.0,0,0.9526373238504162,0.0004199419712162343,0.04637139323493869,0.0005713409434286007,0.9999999999999997,0
2019-10-17,0,0,0.94901,0.0,0.05099,0.0,1.0,0,0.9590051643889879,0.00015913196715364866,0.04066280985539049,0.0001728937884681004,1.0000000000000002,0,0.9621049385733541,0.002788992953099055,0.03307416111538484,0.0020319073581621565,1.0000000000000002,0,0.962420530971085,0.0027725929818920607,0.032902838511883796,0.0019040375351393052,1.0000000000000002,0,0.9668400175881748,0.0002899336974741478,0.03249999045580633,0.00037005825854471514,1.0,0
2019-10-18,0,0,0.94901,0.0,0.05099,0.0,1.0,0,0.9560092490550626,0.0001632126279808504,0.043639409755309916,0.00018812856164665168,0.9999999999999999,0,0.9620184291665287,0.0026809662650345133,0.033234458475366935,0.002066146093069825,1.0,0,0.9620439482611994,0.0026588389961572116,0.03334571450413272,0.00195149823851062,1.0,0,0.966626971968316,0.0002918694090092755,0.03270820495797186,0.00037295366470288337,1.0,0
2019-10-21,0,0,0.94901,0.0,0.05099,0.0,1.0,0,0.9616011781115457,8.14593180085273e-05,0.038126889230243446,0.00019047334020217343,0.9999999999999998,0,0.9637211529685556,0.002354682752847602,0.03176853237843322,0.0021556319001635096,1.0,0,0.9638320695164554,0.0023023347669612914,0.03171886638615708,0.00214672933042636,1.0,0,0.9629643548839096,0.00032522218901231975,0.036287063622286814,0.00042335930479120106,1.0,0
2019-10-22,0,0,0.94901,0.0,0.05099,0.0,1.0,0,0.9542413655025994,0.0003192169502050606,0.045213050718137,0.0002263668290584404,0.9999999999999999,0,0.964577651085537,0.0026473395474446116,0.03094845579726949,0.0018265535697489946,1.0,0,0.9646515262551775,0.002707979895894248,0.03093354439084135,0.0017069494580867432,0.9999999999999998,0,0.9591119291293789,0.00036044610960131164,0.04005002868113825,0.00047759607988158713,1.0,0
2019-10-23,0,0,0.94901,0.0,0.05099,0.0,1.0,0,0.9625576751764892,0.00019936283221063338,0.037115604298311636,0.0001273576929887093,1.0000000000000002,0,0.9674125080017993,0.002389825310761337,0.028576607932197275,0.0016210587552421823,1.0000000000000002,0,0.9678236811904074,0.0024303690367532917,0.028243212476215654,0.0015027372966236337,1.0,0,0.966313908719884,0.0002947147622134344,0.03301416068762676,0.0003772158302756529,0.9999999999999998,0
2019-10-24,0,0,0.94901,0.0,0.05099,0.0,1.0,0,0.9613587917016914,0.00015837491395167552,0.03833458808602506,0.00014824529833187402,1.0,0,0.9676757646372751,0.0022304459028978174,0.028473598143990947,0.0016201913158363289,1.0000000000000002,0,0.9679717865079954,0.0022285886575458677,0.028291962955619802,0.001507661878838857,0.9999999999999999,0,0.9731477129544557,0.0002328605235044061,0.02633312854994177,0.0002862979720982016,1.0,0
2019-10-25,0,0,0.94901,0.0,0.05099,0.0,1.0,0,0.9641182649807446,9.353107717905329e-05,0.03565349620519198,0.00013470773688439733,1.0,0,0.9684733670916297,0.0020180219026659694,0.02785670850608741,0.0016519024996169709,1.0,0,0.9687399637353941,0.0019846981698459793,0.027696885146462187,0.0015784529482978202,1.0,0,0.9681335560392553,0.0002781914592537267,0.031235684628756883,0.0003525678727340999,1.0,0
2019-10-28,0,0,0.94901,0.0,0.05099,0.0,1.0,0,0.9652789807525728,5.685796824542717e-05,0.03448856397076853,0.0001755973084134028,1.0,0,0.9685546255405025,0.0018311113444009768,0.027810111625194693,0.0018041514899016305,0.9999999999999998,0,0.9686250134257652,0.0017707821395384832,0.027786568425627784,0.0018176360090685672,1.0,0,0.9660885577637764,0.00029676357259993434,0.03323438934725007,0.0003802893163734021,0.9999999999999998,0
2019-10-29,0,0,0.94901,0.0,0.05099,0.0,1.0,0,0.9571228987314723,0.00019831011935918274,0.042403345195571596,0.000275445953596926,1.0,0,0.9687162841496104,0.0020263659442295856,0.027545703105610133,0.0017116468005496553,0.9999999999999998,0,0.9686720720929813,0.0020384686996590654,0.02760031088673046,0.0016891483206291223,1.0,0,0.9606531366824443,0.0003463376426737106,0.03854477205594444,0.0004557536189375486,1.0,0
2019-10-30,0,0,0.94901,0.0,0.05099,0.0,1.0,0,0.9536618637673107,0.00034544472797051046,0.04568205056556979,0.00031064093914912635,1.0,0,0.9688819602644053,0.0021544315942588926,0.02725249974179383,0.0017111083995418,0.9999999999999998,0,0.9688164969243531,0.0022514428837116726,0.027244948974472934,0.0016871112174623407,1.0,0,0.9630528555886851,0.0003244146686984243,0.03620060205511352,0.00042212768750301,1.0,0
2019-10-31,0,0,0.94901,0.0,0.05099,0.0,1.0,0,0.946328492727603,0.0008517688320989081,0.052530715829552,0.0002890226107458516,0.9999999999999998,0,0.9695840038563237,0.002387837501485711,0.02658200829546472,0.0014461503467257622,1.0,0,0.969592082314928,0.0026107283638258246,0.026469151374644787,0.0013280379466013644,1.0,0,0.9552800160611411,0.00039561545100171626,0.043791666856155174,0.0005327016317021075,1.0000000000000002,0
2019-11-01,0,0,0.94901,0.0,0.05099,0.0,1.0,0,0.9718683610264797,0.00012008514872097503,0.027948418415849233,6.313540894999642e-05,0.9999999999999999,0,0.974243636592823,0.001769045106040914,0.022882317292246043,0.001105001008890157,1.0,0,0.9748746472902787,0.0018040349553811934,0.022332804730764627,0.0009885130235756298,1.0000000000000002,0,0.9568340118953914,0.00038133757043494807,0.042274430835551526,0.0005102196986220889,0.9999999999999999,0
2019-11-04,0,0,0.94901,0.0,0.05099,0.0,1.0,0,0.9694723946388736,5.5792063759162044e-05,0.03038922044925399,8.259284811330026e-05,1.0,0,0.9727447295814499,0.0015663482074508444,0.024295626747077245,0.001393295464022207,1.0,0,0.9729915564407171,0.0015347902821998942,0.024126144576597196,0.0013475087004858515,1.0000000000000002,0,0.9779987902995143,0.00018932136787209466,0.021587157418285343,0.00022473091432835893,1.0,0
2019-11-05,0,0,0.94901,0.0,0.05099,0.0,1.0,0,0.9695115910818776,3.693437455855003e-05,0.030337015385736393,0.00011445915782753489,1.0,0,0.9723227946734311,0.0014339940089410851,0.0246581068315,0.001585104486127997,1.0000000000000002,0,0.9722648200509897,0.00138243503875513,0.02471184557626173,0.0016408993339933069,0.9999999999999999,0,0.9672534314950507,0.000286178873042956,0.032095938075446404,0.0003644515564600977,1.0000000000000002,0
2019-11-06,0,2,0.94901,0.0,0.05099,0.0,1.0,0,0.9554536586616987,0.0003245206817744196,0.04398152074795532,0.00024029990857155387,1.0000000000000002,0,0.9718087106382645,0.0018701457705053847,0.024919911838236403,0.0014012317529936622,0.9999999999999999,0,0.9717457850510394,0.001958222753325641,0.024966233599996432,0.0013297585956386433,1.0,0,0.9657523654282424,0.00029982112002541146,0.03356293046230651,0.00038488298942594343,1.0000000000000002,0
2019-11-07,2,0,0.07792,0.00339,0.91292,0.00577,1.0,2,0.11725835646366625,0.00018121068231362317,0.8779153373846579,0.004645095469362183,1.0,2,0.26374578731584897,0.040104195429031056,0.6607799239658968,0.035370093289223165,1.0,2,0.2641204517655422,0.03690438816697433,0.6626294868751055,0.03634567319237801,1.0,2,0.06888295362410697,0.0011871012478216773,0.9236055918829166,0.006324353245154758,1.0,2
2019-11-08,0,0,0.94901,0.0,0.05099,0.0,1.0,0,0.9491903021983665,0.0001554501063965074,0.050408775781863265,0.00024547191337363756,1.0,0,0.7460612606652312,0.039613132535343876,0.1913580290260045,0.022967577773420345,0.9999999999999998,0,0.747941992119166,0.03798335782193551,0.19242114132198485,0.021653508736913726,1.0,0,0.9639075390468342,0.00031662015854831124,0.035365573112255494,0.0004102676823618545,0.9999999999999999,0
2019-11-12,0,0,0.94901,0.0,0.05099,0.0,1.0,0,0.9391530471274231,0.00034673263707458334,0.060062369602703516,0.0004378506327984995,0.9999999999999998,0,0.811397522562477,0.027455433078292714,0.1447508516482042,0.016396192711025968,0.9999999999999999,0,0.8112231688582136,0.027244443718535166,0.14584031374053766,0.015692073682713758,1.0000000000000002,0,0.9637246318531666,0.0003182876141348453,0.03554427997486406,0.00041280055783442997,1.0,0
2019-11-13,0,0,0.94901,0.0,0.05099,0.0,1.0,0,0.9419193385246192,0.00039179706333086257,0.05729109347593324,0.00039777093611674145,0.9999999999999999,0,0.8559240274110761,0.01976305000384827,0.11296210711444274,0.011350815470632736,0.9999999999999999,0,0.8564364458966222,0.019765244327001698,0.11308134095106484,0.010716968825311316,1.0,0,0.9576139495905855,0.0003741794001898872,0.04151286625633647,0.0004990047528881983,1.0,0
2019-11-14,0,0,0.94901,0.0,0.05099,0.0,1.0,0,0.9369101332078109,0.0005316069339317753,0.06215180036905853,0.0004064594891987673,1.0,0,0.8796327976107505,0.01609016304073312,0.09564235406635248,0.008634685282163858,0.9999999999999999,0,0.8801310241125069,0.016397956465520173,0.0955602935031012,0.00791072591887194,1.0000000000000002,0,0.9651446692192829,0.00030535092430431686,0.03415676792162553,0.00039321193478731323,1.0,0
2019-11-15,0,0,0.94901,0.0,0.05099,0.0,1.0,0,0.9534186924721515,0.00016805782673319055,0.046196287325331147,0.00021696237578425263,1.0,0,0.9015969552889584,0.011198083955706574,0.08002285878541175,0.007182101969923474,1.0000000000000002,0,0.9027705417734508,0.011006908856880998,0.07941401583798581,0.006808533531682405,1.0,0,0.9602547090769815,0.00034998282000335806,0.038933926007854364,0.0004613820951607794,1.0,0
2019-11-18,0,0,0.94901,0.0,0.05099,0.0,1.0,0,0.9446283965550114,0.0002458454140162882,0.054803453740917926,0.0003223042900542567,0.9999999999999999,0,0.9059924584653096,0.01006598125849647,0.07685147430975542,0.007090085966438381,0.9999999999999999,0,0.9057502591340892,0.010034985481160764,0.07736383782161438,0.0068509175631355475,0.9999999999999999,0,0.9684133703673786,0.00027565387738835636,0.030962170861243282,0.0003488048939897826,1.0,0
2019-11-19,0,0,0.94901,0.0,0.05099,0.0,1.0,0,0.9402235011330858,0.0003244273096349351,0.05901778979474152,0.00043428176253753606,0.9999999999999998,0,0.914549252260305,0.008893889280570399,0.07013523478555604,0.006421623673568493,1.0,0,0.9140673395686896,0.008982728615531602,0.070649235156139,0.006300696659639919,1.0,0,0.9534894475108323,0.00041209182614218565,0.0455396338361591,0.0005588268268662457,0.9999999999999999,0
2019-11-20,0,0,0.94901,0.0,0.05099,0.0,1.0,0,0.9465274128593624,0.0005744144865519745,0.05264171012558949,0.00025646252849623066,1.0,0,0.927514410214988,0.008214378368705172,0.0597838161302673,0.004487395286039485,1.0,0,0.9279545567369616,0.008538582978269742,0.05938018370358367,0.004126676581184974,0.9999999999999999,0,0.9521365627001575,0.0004245578943810663,0.04686016031566158,0.0005787190897997087,0.9999999999999998,0
2019-11-21,0,0,0.94901,0.0,0.05099,0.0,1.0,0,0.9552643218408288,0.00012741955907114713,0.044428887272249556,0.00017937132785060363,1.0,0,0.934176876990639,0.006021059218132405,0.05549552057363734,0.0043065432175912405,1.0,0,0.9347252663206798,0.005872274619739023,0.05530262476824605,0.004099834291335177,1.0,0,0.9737680830736252,0.00022727405668755536,0.02572636525171548,0.000278277617971777,0.9999999999999999,0
2019-11-22,0,0,0.94901,0.0,0.05099,0.0,1.0,0,0.9473708733835883,0.00021722946532745053,0.05211973252928254,0.00029216462180180766,1.0,0,0.9367434320315181,0.005840150015117562,0.05335523493001073,0.004061183023353675,1.0,0,0.937035207942721,0.005790521900523987,0.05334511871413355,0.003829151442621395,0.9999999999999999,0,0.9716289618571479,0.00024655822551293577,0.027818375840546493,0.0003061040767928088,1.0,0
2019-11-25,0,0,0.94901,0.0,0.05099,0.0,1.0,0,0.9534957308999739,0.0002908217340229665,0.04599387805675896,0.00021956930924410184,0.9999999999999998,0,0.9425913297459824,0.005547125386458367,0.04847730979269784,0.0033842350748615295,1.0000000000000002,0,0.9431960238393661,0.005620763884459637,0.048074069859461034,0.0031091424167134472,1.0000000000000002,0,0.9595106126837457,0.0003567944112322473,0.03966066517893827,0.00047192772608378855,1.0,0
2019-11-26,0,0,0.94901,0.0,0.05099,0.0,1.0,0,0.9504946096427036,0.000368693878355596,0.04890053773828321,0.00023615874065764737,1.0,0,0.9458226189205764,0.0051902958107254565,0.045932628841438346,0.003054456427259717,1.0,0,0.946329165859314,0.005291550330047418,0.04560476340223998,0.0027745204083984903,1.0,0,0.9652559276977004,0.00030433822508251597,0.034048049466169295,0.00039168461104779635,0.9999999999999999,0
2019-11-27,0,0,0.94901,0.0,0.05099,0.0,1.0,0,0.9530306919502771,0.00012497663194283848,0.046577933057784994,0.0002663983599949424,1.0,0,0.94714271163158,0.004186424033777165,0.0451790141210878,0.0034918502135550524,1.0,0,0.9472407880864775,0.004099497272382816,0.04521754010969687,0.0034421745314428135,1.0,0,0.9677653488115128,0.00028153200608245266,0.03159558843081469,0.0003575307515902407,1.0000000000000002,0
2019-11-29,0,2,0.94901,0.0,0.05099,0.0,1.0,0,0.9404121148653232,0.00010056993205259295,0.05893074193663374,0.0005565732659906301,1.0,0,0.9451394291368449,0.0038739834235824526,0.046881297455756504,0.004105289983816068,1.0,0,0.944240625991544,0.0037868117354434225,0.04767641641962048,0.004296145853392023,0.9999999999999999,0,0.9582038625699545,0.00036876877708260383,0.04093681551187871,0.0004905531410839757,0.9999999999999997,0
2019-12-02,2,2,0.07792,0.00339,0.91292,0.00577,1.0,2,0.1078451392748471,0.000255215455799191,0.8874868418664336,0.004412803402920174,1.0,2,0.25517054130716293,0.040793281979860214,0.6688167979094712,0.03521937880350574,1.0000000000000002,2,0.25334735870161185,0.037274036341985076,0.6739086639096661,0.03546994104673707,1.0000000000000002,2,0.05064435278914592,0.0012258718852322867,0.9412205488039861,0.006909226521635637,0.9999999999999999,2
2019-12-03,2,2,0.07792,0.00339,0.91292,0.00577,1.0,2,0.06728415731078287,0.008326006568246147,0.9174911431880516,0.0068986929329193925,1.0,2,0.17935642392230053,0.045799819866363535,0.7540833710774626,0.020760385133873255,0.9999999999999999,2,0.17912379955341073,0.05042568691201277,0.7517904673897914,0.01866004614478512,1.0,2,0.09170752463863778,0.0011674835284169246,0.9014630837615257,0.0056619080714196,1.0,2
2019-12-04,2,2,0.07792,0.00339,0.91292,0.00577,1.0,2,0.11940372419160089,0.0005829138959309927,0.8771079021296938,0.00290545978277431,1.0,2,0.1557691759655216,0.02421745534797997,0.8037259262638585,0.016287442422639888,1.0,2,0.15830853908368095,0.023771008011332705,0.8026536981547193,0.01526675475026696,0.9999999999999999,2,0.08286847772230506,0.0012082614005849584,0.9101870285778413,0.0057362322992687495,1.0,2
2019-12-05,2,0,0.07792,0.00339,0.91292,0.00577,1.0,2,0.0900377924848621,0.0009476021008598943,0.9034359189696846,0.005578686444593507,1.0,2,0.11975210882259443,0.019377881928624652,0.8461837213169218,0.014686287931859027,0.9999999999999999,2,0.12015909139292034,0.01880112052380156,0.8471510661455085,0.013888721937769572,1.0,2,0.12860788225382744,0.0011492124051012773,0.865427806344136,0.004815098996935394,1.0,2
2019-12-06,0,0,0.94901,0.0,0.05099,0.0,1.0,0,0.9544001246471759,0.0001301679545767966,0.04528928615132662,0.0001804212469205797,0.9999999999999999,0,0.7558328465260035,0.03920381953264287,0.18440612869076575,0.020557205250587882,1.0,0,0.7596430957644401,0.03768016863079326,0.18384033387694432,0.018836401727822458,1.0000000000000002,0,0.965861751723066,0.00029882615954671295,0.03345603487114823,0.00038338724623902863,0.9999999999999999,0
2019-12-09,0,0,0.94901,0.0,0.05099,0.0,1.0,0,0.9393480271634885,0.00031182283439882625,0.059997358819734385,0.00034279118237808047,0.9999999999999998,0,0.8163849605907323,0.02689338741721618,0.14194337655114936,0.014778275440902345,1.0,0,0.8173040966340765,0.0264205482962643,0.1426566831657443,0.013618671903914806,1.0,0,0.9685481804648636,0.0002744316286605598,0.030830393321021714,0.0003469945854542912,1.0000000000000002,0
2019-12-10,0,0,0.94901,0.0,0.05099,0.0,1.0,0,0.9447457723772792,0.0002682276027992166,0.05470687193100831,0.00027912808891309825,0.9999999999999998,0,0.8574305554100208,0.018921436171248678,0.11253346505368884,0.011114543365041632,0.9999999999999999,0,0.8582913323649992,0.01865121898747278,0.11266673598718455,0.010390712660343639,1.0000000000000002,0,0.9636956702985878,0.0003185516701760799,0.03557257615501455,0.00041320187622157536,1.0,0
2019-12-11,0,2,0.94901,0.0,0.05099,0.0,1.0,0,0.9402144725606234,0.00037177206539777306,0.059076341362674215,0.0003374140113045972,1.0,0,0.8796375961035695,0.015539336291406114,0.09609840062927834,0.008724666975745893,0.9999999999999999,0,0.8802526717511319,0.015630744157666094,0.0961290922174861,0.007987491873716017,1.0,0,0.9667868797019518,0.00029041645689651085,0.032551923796198236,0.0003707800449535734,1.0,0
2019-12-12,2,2,0.07792,0.00339,0.91292,0.00577,1.0,2,0.12357626468441828,0.0002497928869201257,0.8729569421363056,0.0032170002923559383,0.9999999999999999,2,0.27526937246518834,0.04324448309886355,0.6507654553913774,0.030720689044570565,0.9999999999999999,2,0.2785406688236492,0.04089987580377922,0.6505765469021267,0.02998290847044481,1.0,2,0.0786252181017394,0.001168150536478209,0.9141344362405991,0.006072195121183112,0.9999999999999998,2
2019-12-13,2,2,0.07792,0.00339,0.91292,0.00577,1.0,2,0.0844083546285159,0.004682528570945277,0.9048926278037974,0.006016488996741262,0.9999999999999999,2,0.18937200218550834,0.04206563433093915,0.7497307260349657,0.01883163744858697,1.0000000000000002,2,0.1905989887544389,0.04423213409756213,0.748645456811613,0.01652342033638605,1.0,2,0.10842785650412472,0.0011376714442332242,0.8850911662674584,0.005343305784183752,1.0000000000000002,2
2019-12-16,2,0,0.07792,0.00339,0.91292,0.00577,1.0,2,0.10804482750560661,0.0005096715858836568,0.8876331931098618,0.0038123077986480453,1.0,2,0.1501974098513735,0.02320416216409719,0.8087030347197322,0.017895393264797176,1.0,2,0.1516315520688777,0.02236080516782242,0.8087828051527217,0.017224837610578116,1.0,2,0.10574431087185653,0.001165774181346785,0.8878060149289823,0.0052839000178145495,1.0000000000000002,2
2019-12-17,0,0,0.94901,0.0,0.05099,0.0,1.0,0,0.9472326392731522,0.00021733775361178166,0.052338551941467436,0.00021147103176874803,1.0,0,0.7505696881609055,0.041300248215473984,0.18782052877291366,0.020309534850706877,1.0,0,0.7535261075261452,0.04005779233293967,0.18819138967596613,0.018224710464948946,1.0,0,0.9685565875777105,0.00027435541288554986,0.03082217526261927,0.00034688174678465576,1.0,0
2019-12-18,0,0,0.94901,0.0,0.05099,0.0,1.0,0,0.9488143435239402,0.00011118248849203914,0.05083516058728479,0.00023931340028277603,0.9999999999999999,0,0.818575655567537,0.02388751340616213,0.14196762404697844,0.015569206979322433,0.9999999999999999,0,0.8197813736630434,0.02264167820118902,0.14280452466282204,0.014772423472945603,1.0,0,0.9686489223534217,0.00027351839320741573,0.030731916365693085,0.0003456428876777225,0.9999999999999999,0
2019-12-19,0,0,0.94901,0.0,0.05099,0.0,1.0,0,0.9499960115796852,0.00028048684737017515,0.04948976711984865,0.0002337344530961466,1.0,0,0.8590956565938542,0.01930696462597635,0.11099675587053345,0.01060062290963584,0.9999999999999999,0,0.8603592677644442,0.019181341651615065,0.11070041684440525,0.00975897373953558,1.0,0,0.9627075391117054,0.0003275659283512014,0.036537957956255675,0.0004269370036877533,1.0,0
2019-12-20,0,0,0.94901,0.0,0.05099,0.0,1.0,0,0.9470905433706353,0.00019113097466337377,0.052424667295677255,0.0002936583590240667,1.0,0,0.8815282833922216,0.014088049901402848,0.09510202799162218,0.009281638714753498,1.0,0,0.8822553205965251,0.01379512472802013,0.09508123019376695,0.008868324481687785,1.0,0,0.9669107403358722,0.00028929122674724783,0.03243087042601411,0.00036909801136652724,1.0,0
2019-12-23,0,0,0.94901,0.0,0.05099,0.0,1.0,0,0.9470600114026233,0.00015236652681894776,0.052479287480581165,0.0003083345899763734,0.9999999999999998,0,0.898276293701811,0.010958558752988182,0.08305944492016418,0.007705702625036631,1.0,0,0.8988143111413281,0.010584977608081594,0.08320068398720132,0.0074000272633889825,1.0,0,0.9610270570473762,0.00034291802749343624,0.03817954192578366,0.00045048299934673117,1.0,0
2019-12-24,0,0,0.94901,0.0,0.05099,0.0,1.0,0,0.9478705156292132,0.0003481725937402073,0.05151239184924258,0.0002689199278040562,1.0,0,0.9106910724121221,0.010290611648996563,0.07307081342911272,0.005947502509768559,1.0,0,0.911268705535959,0.010339191886095934,0.07291692919877935,0.005475173379165762,1.0,0,0.963209687976551,0.00032298384946835654,0.036047381415880084,0.000419946758100407,0.9999999999999999,0
2019-12-26,0,0,0.94901,0.0,0.05099,0.0,1.0,0,0.9528349380746685,0.00022906388646019095,0.04672614268149602,0.00020985535737543114,1.0,0,0.9219620055749028,0.008365162085266106,0.0645077183852844,0.005165113954546697,0.9999999999999999,0,0.9228702675529541,0.008341462268091305,0.06397310272469163,0.0048151674542629384,0.9999999999999999,0,0.9680055761949423,0.00027935237891434697,0.03136078001412296,0.00035429141202060894,1.0000000000000002,0
2019-12-27,0,0,0.94901,0.0,0.05099,0.0,1.0,0,0.9461778140291592,0.00033407656536154755,0.053178537071542485,0.00030957233393680435,1.0000000000000002,0,0.9266433325012294,0.007670400804763139,0.061034120985014595,0.004652145708992853,1.0,0,0.9270714109984337,0.007693057254763376,0.06094580034793403,0.00428973139886877,0.9999999999999999,0,0.9699143574827088,0.0002620571233330403,0.029494838626758228,0.00032874676720000664,1.0000000000000002,0
2019-12-30,0,0,0.94901,0.0,0.05099,0.0,1.0,0,0.950525480386011,0.00010630442775314114,0.049148823717173294,0.00021939146906234372,0.9999999999999999,0,0.9306670614739063,0.005955163626188065,0.058513634941994616,0.0048641399579110196,1.0,0,0.9305563013778895,0.00573388051657941,0.05897001844369826,0.00473979966183284,1.0,0,0.965135382184987,0.00030543546277415884,0.03416584287851447,0.0003933394737245216,1.0,0
2019-12-31,0,0,0.94901,0.0,0.05099,0.0,1.0,0,0.9516964881125565,9.657764894620177e-05,0.047982908583782014,0.00022402565471524576,1.0,0,0.936186633685361,0.005345017053388673,0.053989863605082615,0.004478485656167714,1.0,0,0.9363179326935993,0.005182166631993148,0.05410378853484027,0.004396112139567366,1.0000000000000002,0,0.9616935670450659,0.0003368258632611429,0.03752849071261842,0.0004411163790545821,1.0,0
2020-01-02,0,0,0.94901,0.0,0.05099,0.0,1.0,0,0.9513993926130756,0.0004383848972537916,0.04798569446964393,0.00017652802002652348,0.9999999999999999,0,0.9426754310696195,0.005945232236753459,0.04814540910800868,0.003233927585618427,1.0,0,0.943392644269477,0.006189897076037222,0.04752757283299919,0.0028898858214864353,0.9999999999999999,0,0.9558892957135968,0.00039001504954621155,0.04319682364020431,0.000523865596652779,1.0,0
2020-01-03,0,0,0.94901,0.0,0.05099,0.0,1.0,0,0.9447135194786365,0.0011158788126064325,0.05390278743975197,0.0002678142690050856,1.0,0,0.9447789543950327,0.006037893659861407,0.04614079389120345,0.003042358053902591,1.0,0,0.9449209046791466,0.006561085345793562,0.045751485387959576,0.0027665245871003664,1.0000000000000002,0,0.9646773830495119,0.0003096056694800326,0.0346133727212321,0.0003996385597759549,1.0,0
2020-01-06,0,0,0.94901,0.0,0.05099,0.0,1.0,0,0.9565323262684017,0.000105259970563959,0.04316443851943024,0.00019797524160395614,0.9999999999999998,0,0.9486180023992701,0.004064686531164637,0.04395956632173466,0.0033577447478307424,1.0000000000000002,0,0.9489367079655383,0.003975100070735222,0.043775672863653727,0.0033125191000728453,1.0,0,0.9746077483414781,0.00021972112944760347,0.024905042009048584,0.000267488520025838,1.0,0
2020-01-07,0,0,0.94901,0.0,0.05099,0.0,1.0,0,0.9505385964147626,0.00010428971732700712,0.049071626108522136,0.000285487759388361,1.0,0,0.9492752566511147,0.0037563379873797953,0.04363762199354298,0.003330783367962491,0.9999999999999999,0,0.9491844832201008,0.00362934173517414,0.04388346329005187,0.003302711754673057,0.9999999999999999,0,0.9666981336841711,0.0002912227858309648,0.03263865745071773,0.0003719860792801872,1.0,0
2020-01-08,0,0,0.94901,0.0,0.05099,0.0,1.0,0,0.9514612494379108,5.050266997028065e-05,0.048233557255905925,0.000254690636213038,1.0,0,0.9500615779562742,0.0033920064878261973,0.042987855071588324,0.003558560484311332,1.0,0,0.9498199698228852,0.0032870965135368743,0.04324393487166454,0.0036489987919134407,1.0,0,0.9595213360451588,0.0003566962116918052,0.039650192305144466,0.0004717754380050045,1.0,0
2020-01-09,0,0,0.94901,0.0,0.05099,0.0,1.0,0,0.9539988138810143,0.00032146549826440494,0.04540668902660331,0.0002730315941180956,1.0,0,0.9553330545805553,0.0038271880632870453,0.03834812086983098,0.002491636486326416,0.9999999999999998,0,0.9556577531243953,0.003906943775070939,0.038107722465100365,0.0023275806354336125,1.0000000000000002,0,0.9357374441477574,0.0005767178073588836,0.06285637797078816,0.0008294600740956712,1.0,0
2020-01-10,0,0,0.94901,0.0,0.05099,0.0,1.0,0,0.9481239815587026,0.00041914031008839575,0.05115307885807417,0.0003037992731347859,0.9999999999999999,0,0.9557390291587801,0.0037355472074008258,0.03809779050259074,0.0024276331312282867,1.0,0,0.9557611669606717,0.003841121429156297,0.03814251069517106,0.0022552009150008895,0.9999999999999999,0,0.9637632126549442,0.00031793586800446993,0.03550658541952762,0.00041226605752363196,1.0,0
2020-01-13,0,0,0.94901,0.0,0.05099,0.0,1.0,0,0.956827821090855,0.0001120659812914534,0.04288075181627852,0.00017936111157514225,1.0,0,0.9581898167901511,0.0030257983502363153,0.036247959485292476,0.002536425374320144,1.0,0,0.9583896603259123,0.002997431160688799,0.036142075692520995,0.002470832820877961,1.0000000000000002,0,0.9623191015032697,0.0003311120947234111,0.03691742758277724,0.0004323588192295732,0.9999999999999999,0
2020-01-14,0,0,0.94901,0.0,0.05099,0.0,1.0,0,0.9521510031565367,0.00031153562083803245,0.04729831456666621,0.00023914665595897106,0.9999999999999999,0,0.9594912390062408,0.003197404413702824,0.03505210962029611,0.002259246959760177,1.0,0,0.9595826203424229,0.0032666067291194072,0.035008768742151655,0.0021420041863060464,1.0,0,0.9565251012352497,0.0003841741635340799,0.04257605023761163,0.0005146743636046001,1.0,0
2020-01-15,0,0,0.94901,0.0,0.05099,0.0,1.0,0,0.9497250277278487,0.00029453772748168816,0.049685568511292924,0.0002948660333766516,1.0,0,0.9607394658970915,0.003028218272472159,0.03407844524730863,0.0021538705831276365,0.9999999999999999,0,0.9608534794283372,0.0030838788812893696,0.034033760613222004,0.0020288810771514954,1.0000000000000002,0,0.9649491396022151,0.00030713099013981245,0.03434783066375435,0.0003958987438906566,0.9999999999999999,0
2020-01-16,0,0,0.94901,0.0,0.05099,0.0,1.0,0,0.9597591755409595,0.0001303211794997688,0.03993383104881234,0.00017667223072839242,0.9999999999999999,0,0.9636670404914892,0.0025982230460024677,0.03176917020677662,0.0019655662557317745,1.0,0,0.9640624752500943,0.002576867288570148,0.031503679111139625,0.0018569783501960122,1.0,0,0.9581485477268027,0.0003692759891587361,0.04099083179336881,0.0004913444906696257,0.9999999999999999,0
2020-01-17,0,0,0.94901,0.0,0.05099,0.0,1.0,0,0.9637977683825387,7.614004482721656e-05,0.03595716395139907,0.0001689276212351558,1.0000000000000002,0,0.9644513726568444,0.0023162370407345013,0.031268736205773105,0.00196365409664808,1.0,0,0.9646767823460516,0.002241000374475028,0.031183699281088887,0.0018985179983845373,1.0,0,0.9633268916408838,0.00032191473172449086,0.03593287535858892,0.0004183182688028309,1.0,0
2020-01-21,0,0,0.94901,0.0,0.05099,0.0,1.0,0,0.9490522609958828,0.0005549577749951192,0.05008546093482991,0.000307320294292194,1.0,0,0.963585061266417,0.002895842432158462,0.0316189597776994,0.0019001365237252947,1.0,0,0.9635221913153357,0.003056354597783413,0.03164063401088407,0.0017808200759968176,1.0,0,0.9652096116877456,0.0003047597879399672,0.03409330823308194,0.0003923202912325363,1.0,0
2020-01-22,0,0,0.94901,0.0,0.05099,0.0,1.0,0,0.9502390863921134,0.00017382356416911285,0.04923544676021948,0.00035164328349798714,1.0,0,0.9639771933735631,0.002381983388494346,0.03151275697224334,0.002128066265699115,1.0,0,0.9637630680825497,0.00239005225720209,0.03173158231198741,0.00211529734826088,1.0,0,0.9598204874009377,0.0003539571458498063,0.039358024748285765,0.0004675307049264113,0.9999999999999998,0
2020-01-23,0,0,0.94901,0.0,0.05099,0.0,1.0,0,0.9515786618026757,0.0002744881306620047,0.0478711969464527,0.0002756531202096767,1.0,0,0.9652585243563049,0.0024391752206492203,0.030308362451743124,0.001993937971302695,0.9999999999999999,0,0.9651395253661517,0.002516864236262835,0.030381843836712247,0.0019617665608734442,1.0000000000000002,0,0.947836538463386,0.0004642738576911957,0.05105639834351693,0.00064278933540589,1.0,0
2020-01-24,0,2,0.94901,0.0,0.05099,0.0,1.0,0,0.9436291861559809,0.0003011466621573722,0.05566031201092574,0.00040935517093608877,1.0,0,0.9643380393094733,0.002400877402224357,0.031181512245077665,0.002079571043224635,1.0,0,0.9638021326176209,0.002479901167412407,0.03165086327495544,0.0020671029400112515,1.0,0,0.9530096213912185,0.0004165114870328004,0.046008000038500516,0.0005658670832482582,1.0,0
2020-01-27,2,2,0.07792,0.00339,0.91292,0.00577,1.0,2,0.06202375932374519,0.001779307971754765,0.924714679089004,0.011482253615496025,0.9999999999999999,2,0.23532608063293575,0.05201614310588294,0.6748950831141247,0.037762693147056534,0.9999999999999999,2,0.23055761375990866,0.05177579746642984,0.6798400493652894,0.037826539408371995,0.9999999999999999,2,0.06094344506512392,0.001203352500390775,0.9312960392719378,0.006557163162547393,0.9999999999999999,2
2020-01-28,2,0,0.07792,0.00339,0.91292,0.00577,1.0,2,0.10540446347287809,0.0007036152736471731,0.8901330090563613,0.0037589121971132564,0.9999999999999998,2,0.19418714800083514,0.032899743957010154,0.7518412062734396,0.021071901768715026,0.9999999999999999,2,0.19638503500287013,0.03200831197714112,0.7520634587422376,0.01954319427775115,1.0,2,0.059511770718801475,0.001231136410693307,0.9327861124879933,0.0064709803825118905,1.0,2
2020-01-29,0,0,0.94901,0.0,0.05099,0.0,1.0,0,0.9358362034210415,0.00047656032500267034,0.06331602776823025,0.00037120848572570866,1.0,0,0.7395805797438157,0.04567822535362267,0.19311042711552157,0.02163076778704005,1.0,0,0.74061294412508,0.04572301332553723,0.19414394588995404,0.01952009665942865,1.0,0,0.9662599567308933,0.000295205224882215,0.03306688679667819,0.00037795124754644137,1.0000000000000002,0
2020-01-30,0,0,0.94901,0.0,0.05099,0.0,1.0,0,0.9353542553246295,0.00025490446438751615,0.06403643131890265,0.00035440889208045043,1.0,0,0.8096339500517911,0.02712403378367277,0.14598227542667913,0.017259740737857087,1.0000000000000002,0,0.8095788930556674,0.027039946086401742,0.1467888967820435,0.016592264075887323,1.0,0,0.9592416422207745,0.0003592578588062985,0.039923349433550616,0.00047575048686870756,1.0,0
2020-01-31,0,0,0.94901,0.0,0.05099,0.0,1.0,0,0.933497075058969,0.00023833922973553028,0.06588243267250286,0.0003821530387926359,0.9999999999999999,0,0.8475108269648446,0.018740783776517323,0.1212140069717469,0.012534382286891113,0.9999999999999999,0,0.8461027073888004,0.018187288702083183,0.12378581195372934,0.01192419195538708,1.0000000000000002,0,0.9454237660183153,0.00048661831355601787,0.05341033346030523,0.0006792822078232167,0.9999999999999998,0
2020-02-03,0,0,0.94901,0.0,0.05099,0.0,1.0,0,0.9384211959362576,0.00021418992948108457,0.060830862296580204,0.000533751837680997,0.9999999999999999,0,0.8762883564586198,0.014500647547249187,0.09867296253297769,0.010538033461153217,0.9999999999999999,0,0.8760819870980336,0.014365952285318402,0.09912397112976261,0.010428089486885525,1.0000000000000002,0,0.9585891119284145,0.0003652369670766968,0.04056060287260957,0.0004850482318994728,1.0000000000000002,0
2020-02-04,0,0,0.94901,0.0,0.05099,0.0,1.0,0,0.9604170136411675,4.410080859650096e-05,0.03936046337581562,0.00017842217442037405,1.0,0,0.9023324564608168,0.009743410460546829,0.08004085216419755,0.007883280914438793,1.0,0,0.9035250157536014,0.009266963945575838,0.07933814388180775,0.007869876419015005,1.0,0,0.9438791935440549,0.000500943926945931,0.05491702117552423,0.0007028413534747845,0.9999999999999998,0
2020-02-05,0,0,0.94901,0.0,0.05099,0.0,1.0,0,0.961610855280702,0.00011504779790964866,0.038141892981944876,0.0001322039394435412,1.0,0,0.9174321278041854,0.009050931022521759,0.06814982542213155,0.005367115751161377,1.0,0,0.9191696078882181,0.008886717573155943,0.06701146178532952,0.004932212753296477,1.0,0,0.9622489713908843,0.00033175249053721235,0.03698593708225942,0.00043333903631912043,1.0,0
2020-02-06,0,0,0.94901,0.0,0.05099,0.0,1.0,0,0.9483652028863769,0.0003148269898216879,0.05106418148573387,0.00025578863806755497,1.0,0,0.9203351567863683,0.008741610029842903,0.06570200688245124,0.005221226301337413,0.9999999999999998,0,0.9210173418308845,0.008793749366269539,0.06536494295388495,0.004823965848961105,1.0,0,0.9748592362299192,0.00021746085156431025,0.024659030737701947,0.0002642721808147578,1.0000000000000002,0
2020-02-07,0,0,0.94901,0.0,0.05099,0.0,1.0,0,0.9367170390353791,0.0006681199531680766,0.06220151151975922,0.00041332949169367827,1.0,0,0.9230532623797026,0.008538252729223626,0.06337447451383171,0.005034010377242028,1.0,0,0.9228074168769459,0.008894430807440568,0.06360024428002578,0.004697908035587607,0.9999999999999998,0,0.9661427743703772,0.00029627060492681286,0.03318140556729153,0.0003795494574047033,1.0000000000000002,0
2020-02-10,0,0,0.94901,0.0,0.05099,0.0,1.0,0,0.9475328138931494,0.0002604511857984397,0.051930370494594084,0.0002763644264580333,0.9999999999999999,0,0.9310565616972071,0.006798259251013743,0.05746823372219059,0.004676945329588423,0.9999999999999998,0,0.9313048325744374,0.006882754700573368,0.057350654162844315,0.00446175856214492,1.0,0,0.9595749120376071,0.0003562056034304909,0.03959786764544913,0.0004710147135133667,1.0000000000000002,0
2020-02-11,0,0,0.94901,0.0,0.05099,0.0,1.0,0,0.9533864194913829,0.00011324909443094829,0.04624351265428995,0.0002568187598963874,1.0000000000000002,0,0.9382394687272938,0.005295201862774607,0.05234533468104964,0.004119994728881917,1.0,0,0.9386451122621042,0.005115022969236293,0.05224082495827727,0.003999039810382105,0.9999999999999999,0,0.9539646079350295,0.0004077169655502872,0.04507580377620044,0.0005518713232198227,1.0,0
2020-02-12,0,0,0.94901,0.0,0.05099,0.0,1.0,0,0.9612619219083174,0.0001158606111896034,0.03849503436466876,0.0001271831158241092,0.9999999999999999,0,0.945073812924106,0.004913910736458442,0.04675264350966966,0.0032596328297658525,0.9999999999999999,0,0.9460163481277598,0.0048441561885256765,0.04610972054392944,0.003029775139785149,1.0,0,0.9664394728983751,0.00029357341399793895,0.03289144840125567,0.0003755052863713109,1.0,0
2020-02-13,0,0,0.94901,0.0,0.05099,0.0,1.0,0,0.9493710681473986,0.00026053185953113186,0.05013290313664247,0.0002354968564277637,0.9999999999999999,0,0.9443769974251636,0.004973958227952697,0.04725371913773443,0.003395325209149492,1.0000000000000002,0,0.9445874255553296,0.004994844960441077,0.047228338878704694,0.0031893906055245223,0.9999999999999999,0,0.9738736239369657,0.00022632416992446737,0.025623134623361063,0.00027691726974877904,1.0000000000000002,0
2020-02-14,0,0,0.94901,0.0,0.05099,0.0,1.0,0,0.9480261292340958,0.00034217552680745715,0.051360475486509904,0.0002712197525867149,0.9999999999999999,0,0.9479048843012552,0.004746234388842042,0.04433138376088243,0.0030174975490202716,0.9999999999999999,0,0.9482434243116817,0.004826710728217039,0.04414070721937718,0.0027891577407239687,0.9999999999999999,0,0.9643751568680917,0.00031235870464272876,0.0349086791861361,0.0004038052411294689,1.0,0
2020-02-18,0,0,0.94901,0.0,0.05099,0.0,1.0,0,0.9499070844866643,0.00040659043519705675,0.049443802808567944,0.0002425222695708083,1.0000000000000002,0,0.9506953599928835,0.004474234282329984,0.04203813149594489,0.002792274228841656,1.0,0,0.9509446330813073,0.004596562007095349,0.04186736837565426,0.002591436535943022,1.0,0,0.9633366423756028,0.00032182579284422157,0.035923348992127756,0.0004181828394252751,1.0,0
2020-02-19,0,0,0.94901,0.0,0.05099,0.0,1.0,0,0.957938868825185,0.00017068227379150064,0.0417115066498235,0.00017894225120008612,1.0,0,0.9546083285721024,0.003731946462213199,0.039070623460079126,0.0025891015056050512,0.9999999999999999,0,0.9551485481925522,0.0037178427569233043,0.038701069893841075,0.002432539156683392,1.0,0,0.9699465572930102,0.0002617657297113592,0.02946335812007777,0.00032831885720063266,0.9999999999999999,0
2020-02-20,0,0,0.94901,0.0,0.05099,0.0,1.0,0,0.9448929137468733,0.00036566520299962925,0.05443157467728026,0.00030984637284681886,1.0,0,0.9531592714803714,0.0038995973556108033,0.04014946288664495,0.0027916682773727083,1.0,0,0.953064014003367,0.003998433325106972,0.04026885232771344,0.002668700343812592,1.0,0,0.9703383030903329,0.0002582216021907135,0.029080354293488247,0.0003231210139882093,1.0,0
2020-02-21,0,2,0.94901,0.0,0.05099,0.0,1.0,0,0.9407661045335753,0.0004233515567721338,0.05846472430845163,0.00034581960120087774,0.9999999999999999,0,0.9542603851218101,0.0037390884788525832,0.03934462939944123,0.002655896999896016,1.0,0,0.9539525427597778,0.003847299220678378,0.03967508103445283,0.002525076985090971,1.0,0,0.9595856190775668,0.00035610755962233506,0.03958741065111414,0.0004708627116964892,0.9999999999999998,0
2020-02-24,2,2,0.07792,0.00339,0.91292,0.00577,1.0,2,0.05105311519458817,0.0016024418242459976,0.9356172709138691,0.011727172067296806,1.0000000000000002,2,0.22310605573179332,0.05111477347972422,0.6856889589403521,0.040090211848130386,1.0,2,0.2152253227787386,0.050835441411838635,0.6933723088031366,0.04056692700628624,1.0,2,0.08353263135254041,0.0011589416762644964,0.9093520774879824,0.0059563494832127,1.0,2
2020-02-25,2,2,0.07792,0.00339,0.91292,0.00577,1.0,2,0.057375249319664666,0.0008102254043348276,0.9273554962563253,0.014459029019675159,0.9999999999999999,2,0.15935995126184177,0.029917421347306624,0.7808953531310299,0.029827274259821842,1.0,2,0.15321764754544961,0.028110397654767333,0.7879276954321905,0.030744259367592394,0.9999999999999999,2,0.05545068708300677,0.0012400721577261848,0.9367065697592099,0.006602671000057285,1.0,2
2020-02-26,2,2,0.07792,0.00339,0.91292,0.00577,1.0,2,0.07799275054914089,0.000870704194637039,0.9131841867942598,0.007952358461962176,0.9999999999999999,2,0.13479362934817987,0.023567248081703192,0.820703851358151,0.020935271211965978,1.0,2,0.13310483440574486,0.022710476153825068,0.8233939049025989,0.020790784537831095,0.9999999999999999,2,0.05799093438129974,0.0012597838790602217,0.9343597990129512,0.006389482726688862,1.0,2
2020-02-27,2,2,0.07792,0.00339,0.91292,0.00577,1.0,2,0.05375406834916075,0.000474665737669894,0.9347811481181006,0.010990117795068706,1.0,2,0.09454613002798963,0.01581185828403927,0.8664047206375866,0.02323729105038473,1.0000000000000002,2,0.08897968022162563,0.01468154572981337,0.8706211366722844,0.025717637376276657,1.0,2,0.05979726043130995,0.0012815357545317447,0.9327137879092333,0.006207415904924919,0.9999999999999999,2
2020-02-28,2,2,0.07792,0.00339,0.91292,0.00577,1.0,2,0.054042519376733794,0.0038689675764737074,0.9292978990025789,0.012790614044213675,1.0,2,0.08873001974534084,0.019296090672333278,0.8756969365826398,0.016276952999686012,0.9999999999999999,2,0.08733349946217933,0.0208238365634363,0.8751819538423873,0.016660710131997047,1.0,2,0.05618724523823191,0.001316242096550425,0.9363034065851623,0.006193106080055399,1.0,2
2020-03-02,2,1,0.07792,0.00339,0.91292,0.00577,1.0,2,0.12011898570832642,0.004515673163957624,0.8725427483556799,0.0028225927720361686,1.0000000000000002,2,0.10721181994041544,0.020317324865833302,0.8639740697177632,0.008496785475988044,1.0,2,0.1120535342983132,0.023692647344874213,0.8566458849462338,0.007607933410578782,1.0,2,0.043903364807403096,0.0013745895490053725,0.9482265238941628,0.00649552174942868,1.0,2
2020-03-03,1,2,0.0,0.93688,0.03148,0.03164,1.0,1,0.0014696914508109192,0.9797442487900025,0.01616267001023323,0.002623389748953184,0.9999999999999998,1,0.3156123299945669,0.33385137567427325,0.3030367427075721,0.0474995516235878,1.0,1,0.31893743142625136,0.32851460083471273,0.31264380731759067,0.039904160421445116,0.9999999999999998,1,0.004313279415080663,0.9534792048352304,0.023325627951341524,0.01888188779834753,1.0,1
2020-03-04,2,2,0.07792,0.00339,0.91292,0.00577,1.0,2,0.12544422365625574,0.0017506637695711414,0.8703133682571503,0.002491744317022792,1.0,2,0.2888746206346535,0.060989510669023195,0.6273261922709482,0.022809676425375153,1.0,2,0.29533952752574466,0.06492658756390753,0.6201850119786194,0.019548872931728384,1.0,2,0.10323311621902113,0.0011237194534203805,0.8900954910922387,0.005547673235319712,0.9999999999999999,2
2020-03-05,2,1,0.07792,0.00339,0.91292,0.00577,1.0,2,0.05565989530228935,0.0015022634605420398,0.9285834462596158,0.014254394977552775,0.9999999999999999,2,0.15944684550356553,0.03241509291593574,0.7783829455743794,0.02975511600611944,1.0,2,0.15322157805727188,0.03147889514689849,0.7844801203249284,0.030819406470901114,0.9999999999999999,2,0.08774559883897674,0.0011748041782504912,0.9053343757949865,0.00574522118778631,1.0000000000000002,2
2020-03-06,1,3,0.0,0.93688,0.03148,0.03164,1.0,1,1.3004703682474211e-05,0.9987290472914017,0.00040174115305597664,0.0008562068518599512,1.0000000000000002,1,0.27383272246667795,0.3541501624662205,0.29941822104156735,0.07259889402553421,1.0,1,0.26612966614161154,0.38718870507087455,0.2784272863892671,0.06825434239824679,1.0,1,0.001850844323249872,0.9538381180036247,0.022576889314196324,0.02173414835892906,1.0,1
2020-03-09,3,1,0.0,0.15385,0.06482,0.78133,1.0,3,1.7747279412561757e-05,0.0020208502966419777,0.002894651072179787,0.9950667513517657,1.0,3,0.1181114831469214,0.0614508456857053,0.19858517643918253,0.6218524947281908,1.0,3,0.06264675218218889,0.04212837770179553,0.11617454789191137,0.7790503222241041,0.9999999999999999,3,0.001033959137270501,0.11359282063025994,0.045604657342800704,0.839768562889669,1.0,3
2020-03-10,1,1,0.0,0.93688,0.03148,0.03164,1.0,1,0.1975402059614182,0.2777817141124986,0.4699093372039071,0.05476874272217613,1.0,2,0.40000085063909024,0.24128893922081987,0.2813966513619738,0.07731355877811612,1.0,0,0.3985143316437832,0.24598939620484822,0.2621755914583479,0.09332068069302069,1.0,0,0.000255359978096988,0.9489480355781447,0.020795971783978174,0.030000632659780216,1.0,1
2020-03-11,1,3,0.0,0.93688,0.03148,0.03164,1.0,1,0.010664180384257885,0.610902661911981,0.13359604163696584,0.24483711606679523,0.9999999999999999,1,0.2192713676871801,0.3494442739489083,0.28931143451537544,0.14197292384853616,1.0,1,0.20931501824095503,0.3033106999107919,0.299119294008558,0.188254987839695,0.9999999999999999,1,0.0055968649927608145,0.9527872266956278,0.02354732265121902,0.018068585660392298,0.9999999999999999,1
2020-03-12,3,3,0.0,0.15385,0.06482,0.78133,1.0,3,0.0007897054612695264,0.0009593991319294107,0.03907346452717142,0.9591774308796297,1.0,3,0.14544332956506428,0.04501859370845014,0.2359774832505233,0.5735605934759622,1.0,3,0.08363166156900047,0.026647303337966905,0.15744290923998272,0.7322781258530499,1.0,3,0.0024014187194513386,0.1254938797568251,0.051863590979917655,0.820241110543806,1.0,3
2020-03-13,3,3,0.0,0.15385,0.06482,0.78133,1.0,3,0.01703533413682572,0.06695225514816498,0.1923951604016897,0.7236172503133196,1.0,3,0.32982959960922714,0.14688898830242253,0.25425453389822855,0.26902687819012183,1.0,0,0.33236516169789476,0.15140434402791264,0.24379589191215328,0.2724346023620392,0.9999999999999999,0,0.0012016917949859774,0.11565593846550865,0.04667314831557254,0.8364692214239328,0.9999999999999999,3
2020-03-16,3,3,0.0,0.15385,0.06482,0.78133,1.0,3,1.0848322588238323e-05,0.00968730248275551,0.0026366396161664877,0.9876652095784898,1.0,3,0.06220560401618148,0.056596616302036586,0.12536149068686792,0.7558362889949141,1.0,3,0.038050603913569736,0.041338831488888055,0.08657716798522791,0.8340333966123142,1.0,3,0.0023278412425242353,0.1250404088763461,0.05162080728478195,0.8210109425963478,1.0,3
2020-03-17,3,3,0.0,0.15385,0.06482,0.78133,1.0,3,0.008374934456830864,0.0010861966071132045,0.10544420529318049,0.8850946636428754,0.9999999999999999,3,0.13344737156646191,0.06015319108279523,0.12427802483493326,0.6821214125158096,1.0,3,0.10215701613569364,0.04491079119303068,0.08999796537836673,0.762934227292909,1.0,3,0.0005933925785199064,0.10621032268960995,0.04183695810526857,0.8513593266266016,1.0,3
2020-03-18,3,3,0.0,0.15385,0.06482,0.78133,1.0,3,0.0009571238567636024,1.210140764941463e-05,0.026815826781035404,0.9722149479545515,1.0,3,0.020991725119118836,0.009799252450004944,0.03718730306896871,0.9320217193619075,1.0,3,0.008243775292296866,0.0037522439064287885,0.015655522612596694,0.9723484581886775,0.9999999999999999,3,0.0024288150035151577,0.12565943465035237,0.05195231446262042,0.8199594358835121,1.0,3
2020-03-19,3,3,0.0,0.15385,0.06482,0.78133,1.0,3,0.0005094822181770262,0.712465847123173,0.01666811943640584,0.27035655122224417,1.0,1,0.09186674912292313,0.13264680900785292,0.09401410353087289,0.681472338338351,0.9999999999999999,3,0.07848523932753759,0.1392587878520518,0.0764904746736578,0.7057654981467528,1.0,3,0.0006329816331855853,0.10704948529158566,0.04226085879855873,0.85005667427667,1.0,3
2020-03-20,3,3,0.0,0.15385,0.06482,0.78133,1.0,3,0.0003081886920616797,0.8150315661707342,0.03871289120523612,0.14594735393196803,1.0000000000000002,1,0.09178703376620075,0.1675750245366578,0.11790857625606534,0.6227293654410762,1.0,3,0.0987447726157833,0.20990731861783218,0.1253352594778101,0.5660126492885743,0.9999999999999999,3,0.01320789087070787,0.1513277066546455,0.06635222202199428,0.7691121804526523,1.0,3
2020-03-23,3,3,0.0,0.15385,0.06482,0.78133,1.0,3,5.4662236016155356e-05,0.9205119097434977,0.003225370408308113,0.07620805761217797,0.9999999999999999,1,0.08131521815430688,0.166486713222718,0.10228824398239804,0.6499098246405771,1.0,3,0.08538478262612327,0.2035919311239129,0.10368354695735418,0.6073397392926096,1.0,3,0.002045300838989665,0.1231656798776343,0.050620780687594645,0.8241682385957815,1.0,3
2020-03-24,3,3,0.0,0.15385,0.06482,0.78133,1.0,3,0.0007261877868636254,0.7545462685409677,0.013525393726342639,0.23120214994582608,1.0,1,0.15378877716876865,0.2748301708912198,0.12294911290041002,0.44843193903960155,1.0,3,0.1741564288864595,0.357700980854993,0.12607582603437653,0.34206676422417087,1.0,1,0.00517984680564855,0.13697744278177745,0.058133055081565424,0.7997096553310086,1.0,3
2020-03-25,3,3,0.0,0.15385,0.06482,0.78133,1.0,3,0.00033839573844394387,0.10025424723695167,0.015097077597485378,0.8843102794271189,0.9999999999999999,3,0.1325979613093925,0.1753387606819414,0.12910376576873908,0.562959512239927,1.0,3,0.1704231482571608,0.20432749295649155,0.15380776499587026,0.4714415937904774,1.0,3,0.007229059909827686,0.14208095267497917,0.06100070897929503,0.7896892784358981,1.0,3
2020-03-26,3,3,0.0,0.15385,0.06482,0.78133,1.0,3,0.000267400165711638,0.2882303377979568,0.011236733899266035,0.7002655281370656,1.0,3,0.10639261640677086,0.19901830401510642,0.10275608670004757,0.5918329928780751,1.0,3,0.12966679344848028,0.2517925000909448,0.11728356786569434,0.5012571385948805,1.0,3,0.005928222646066826,0.13903788893724506,0.059284278832131915,0.7957496095845562,1.0,3
2020-03-27,3,3,0.0,0.15385,0.06482,0.78133,1.0,3,4.247140664255483e-06,0.005250173201811402,0.0003759943365779964,0.9943695853209462,0.9999999999999999,3,0.04129615196518626,0.06540679055545495,0.05848428785774223,0.8348127696216167,1.0,3,0.039149606247339756,0.05547468651284083,0.057521452584780024,0.8478542546550394,1.0,3,0.002538249766248529,0.12630387021795592,0.05229812277019391,0.8188597572456017,1.0,3
2020-03-30,3,3,0.0,0.15385,0.06482,0.78133,1.0,3,3.53256293182524e-05,0.05238370741432042,0.0017348084297157155,0.9458461585266457,1.0,3,0.054663728564745676,0.10221760345006398,0.06367262504154869,0.7794460429436417,1.0,3,0.05969818526593319,0.1077987780112037,0.06759100319711671,0.7649120335257464,1.0,3,0.004019609990216994,0.1331356090366364,0.056008761913176816,0.8068360190599697,1.0,3
2020-03-31,3,3,0.0,0.15385,0.06482,0.78133,1.0,3,1.222955222735181e-05,0.0018513973803817364,0.0009895077438177768,0.9971468653235732,1.0,3,0.04721595618544192,0.060212396193812336,0.061164545047706194,0.8314071025730396,1.0,3,0.05138309557183747,0.05224626309520682,0.06688913346030502,0.8294815078726508,1.0000000000000002,3,0.0027891411059931697,0.1276887024057115,0.053043644757817844,0.8164785117304775,1.0,3
2020-04-01,3,1,0.0,0.15385,0.06482,0.78133,1.0,3,4.993125263598697e-06,0.005596565335982138,0.0007894890384546805,0.9936089525002997,1.0,3,0.019233306523855943,0.036834770724587844,0.03253410821006536,0.9113978145414908,1.0,3,0.01605702868203525,0.029611105815122496,0.02856413094670354,0.9257677345561388,1.0,3,0.0029795669711471452,0.12866416249474014,0.05357077712019244,0.8147854934139203,1.0,3
2020-04-02,1,1,0.0,0.93688,0.03148,0.03164,1.0,1,0.001008969818653693,0.9926925025318546,0.005902494605714235,0.00039603304377734656,0.9999999999999999,1,0.3295533322956376,0.3784744342599876,0.2541195481272971,0.03785268531707772,1.0,1,0.3270560512487503,0.40078670110220355,0.24187231912834517,0.030284928520700985,1.0,1,0.0009919882141518526,0.9529196217906544,0.022014108808716237,0.024074281186477597,1.0,1
2020-04-03,1,1,0.0,0.93688,0.03148,0.03164,1.0,1,0.0008295180877652785,0.9889250662136788,0.008789054315317936,0.0014563613832380216,1.0000000000000002,1,0.22198632133155477,0.513309976032288,0.2175490698157785,0.04715463282037878,1.0,1,0.22168177535984535,0.5206855818984626,0.21635002305442028,0.04128261968727173,1.0,1,0.004489369845192058,0.9533954133515516,0.02336007438646744,0.01875514241678891,1.0000000000000002,1
2020-04-06,1,1,0.0,0.93688,0.03148,0.03164,1.0,1,0.00441759829600771,0.9770581287202281,0.017058198001207833,0.0014660749825565528,1.0000000000000002,1,0.17956738303967662,0.6401114964772663,0.14818115249170963,0.032139967991347385,1.0,1,0.1735916582546813,0.6641831481178202,0.13573314715207058,0.026492046475427876,1.0,1,0.003662459349788262,0.9537467727505243,0.02318359697085119,0.01940717092883608,0.9999999999999998,1
2020-04-07,1,1,0.0,0.93688,0.03148,0.03164,1.0,1,0.0032496133390546643,0.9563034084601868,0.029379103760774836,0.011067874439983773,1.0,1,0.14360841704872346,0.6638896614382377,0.15413916468054045,0.038362756832498436,1.0,1,0.15293447476131194,0.6493590589160999,0.16315903149077424,0.034547434831813835,1.0,1,0.0030130995374000728,0.9539252640185019,0.023011989708274127,0.020049646735823996,1.0,1
2020-04-08,1,1,0.0,0.93688,0.03148,0.03164,1.0,1,0.00246982458139274,0.9775431004890744,0.01601992892518766,0.003967146004344945,0.9999999999999998,1,0.10782543051323944,0.7501709809242808,0.11078031515257751,0.031223273409902257,1.0,1,0.1095171468327408,0.7542074658474464,0.10907108042859545,0.027204306891217108,0.9999999999999998,1,0.002627672214489295,0.9539708917481348,0.022890563913429005,0.02051087212394695,1.0,1
2020-04-09,1,1,0.0,0.93688,0.03148,0.03164,1.0,1,0.00041532110641037386,0.9942932666018802,0.003738718559898753,0.0015526937318107613,1.0,1,0.0780273474751062,0.8193019954868455,0.0822804318860052,0.02039022515204314,1.0,1,0.07535993253231604,0.837235695246694,0.0728167187682648,0.014587653452725165,0.9999999999999999,1,0.00239271722914802,0.9539684622370346,0.02280706140290317,0.020831759130914194,0.9999999999999999,1
2020-04-13,1,1,0.0,0.93688,0.03148,0.03164,1.0,1,0.0022270330200089236,0.9707824022735319,0.021748311263676427,0.005242253442782699,0.9999999999999999,1,0.0760758513422204,0.8058589295197502,0.09047209148338699,0.02759312765464228,0.9999999999999999,1,0.08072541573619846,0.7995849061271758,0.09527095779521813,0.024418720341407647,1.0,1,0.002856026121640403,0.9539503981055285,0.022964585149133344,0.020228990623697925,1.0000000000000002,1
2020-04-14,1,1,0.0,0.93688,0.03148,0.03164,1.0,1,0.0016319904293979556,0.9809348074866063,0.014500660021449343,0.0029325420625461846,0.9999999999999999,1,0.06140282761711779,0.848814045064459,0.06789238546649164,0.021890741851931447,0.9999999999999999,1,0.062251574449985546,0.8533366437340779,0.06618428318630305,0.0182274986296334,0.9999999999999999,1,0.003251469990554089,0.9538724349315949,0.023079176231469548,0.01979691884638167,1.0000000000000002,1
2020-04-15,1,1,0.0,0.93688,0.03148,0.03164,1.0,1,0.00023410545552687877,0.9845764273228728,0.00581402451072118,0.009375442710879249,1.0000000000000002,1,0.040727955830530245,0.856408892965055,0.06280775576676124,0.04005539543765348,0.9999999999999999,1,0.03783208345419329,0.8612855714429022,0.05956275923235843,0.04131958587054618,1.0,1,0.0022855075718422376,0.953958010021332,0.022766093888340142,0.020990388518485517,0.9999999999999999,1
2020-04-16,1,1,0.0,0.93688,0.03148,0.03164,1.0,1,0.0005224325152127642,0.9735512103184153,0.008274494736570031,0.01765186242980207,1.0000000000000002,1,0.04479464095115194,0.8672981607021127,0.057996314173815296,0.029910884172919955,1.0,1,0.04543299288374489,0.8659036022462568,0.05799706760535612,0.030666337264642365,1.0000000000000002,1,0.0011421156555670175,0.9531902322732647,0.02214144336044027,0.023526208710728132,1.0000000000000002,1
2020-04-17,1,1,0.0,0.93688,0.03148,0.03164,1.0,1,0.004930231021265317,0.9421305714388254,0.04224233491296462,0.010696862626944909,1.0000000000000002,1,0.04772950419266498,0.8711956036052164,0.056309353446979835,0.024765538755138802,1.0,1,0.05025273678141115,0.8689736768458967,0.05704678927396047,0.02372679709873188,1.0000000000000002,1,0.002343866053824065,0.9539644900842018,0.02278863437725579,0.020903009484718512,1.0000000000000002,1
2020-04-20,1,1,0.0,0.93688,0.03148,0.03164,1.0,1,0.0007780487266958229,0.9699902353689703,0.015001990774901724,0.014229725129431929,0.9999999999999998,1,0.03506950402169965,0.8785315242676193,0.053265719496880456,0.033133252213800604,0.9999999999999999,1,0.03578214215929371,0.873674164648732,0.05522663127550281,0.03531706191647145,1.0000000000000002,1,0.002611167288714986,0.9539715538044157,0.022884956230874328,0.020532322675995186,1.0000000000000002,1
2020-04-21,1,1,0.0,0.93688,0.03148,0.03164,1.0,1,0.0009620341967258662,0.9038074278268061,0.03404630787865258,0.061184230097815526,1.0000000000000002,1,0.026093517312369,0.8734461465448365,0.04992942186565707,0.05053091427713729,0.9999999999999999,1,0.023798639513829687,0.8712291713578235,0.04726290773222829,0.05770928139611853,1.0,1,0.0017441942054253774,0.9537847243869816,0.02252349474730047,0.021947586660292544,0.9999999999999999,1
2020-04-22,1,1,0.0,0.93688,0.03148,0.03164,1.0,1,0.0015912831446516292,0.9846565499639819,0.012077334710248385,0.0016748321811181147,1.0,1,0.03081740307517825,0.9194066503928946,0.03563725448995886,0.014138692041968324,0.9999999999999999,1,0.030795396812674215,0.9237011384501158,0.03376412700307425,0.011739337734135704,1.0,1,0.00036736811131336675,0.9502227371274751,0.021120191827502754,0.028289702933708884,1.0,1
2020-04-23,1,2,0.0,0.93688,0.03148,0.03164,1.0,1,0.0006753509812469744,0.9813614673026488,0.01107203224343391,0.006891149472670155,0.9999999999999998,1,0.026820961710245762,0.9173925133601197,0.03760946375073786,0.018177061178896562,0.9999999999999999,1,0.027956126747861815,0.9166138939695774,0.03869811652317455,0.016731862759386224,1.0,1,0.0050761856658009495,0.9530886446140268,0.023464974954456645,0.018370194765715834,1.0000000000000002,1
2020-04-24,2,1,0.07792,0.00339,0.91292,0.00577,1.0,2,0.09491959204357592,0.0014848830043495474,0.9003156630659924,0.003279861886082002,0.9999999999999999,2,0.26029941345477237,0.05523778629928333,0.6540181338972615,0.03044466634868288,1.0,2,0.26190153461520466,0.05658411619406419,0.6533409460386778,0.028173403152053463,1.0,2,0.08512909657181339,0.0011559883689480253,0.9077948631726175,0.005920051886621177,1.0,2
2020-04-27,1,2,0.0,0.93688,0.03148,0.03164,1.0,1,0.012015054002271845,0.8940191027730509,0.08115560581443766,0.012810237410239773,1.0000000000000002,1,0.3389286757621621,0.283751234575696,0.3085461128657594,0.06877397679638234,0.9999999999999999,0,0.3458249559247373,0.2721464361675339,0.3136711231613838,0.068357484746345,0.9999999999999999,0,0.00173820310152064,0.9537813812033902,0.022520397429869693,0.021960018265219552,1.0,1
2020-04-28,2,2,0.07792,0.00339,0.91292,0.00577,1.0,2,0.08338497292856172,0.0023525043704676887,0.9073253273244788,0.006937195376491846,1.0,2,0.2571187807539647,0.05502916821389896,0.6588476410505597,0.029004409981576718,1.0,2,0.2566807613816902,0.05495955451425048,0.6617175621633702,0.02664212194068917,1.0,2,0.06477510423097582,0.0011954066083152903,0.9275882069840713,0.006441282176637524,1.0,2
2020-04-29,2,2,0.07792,0.00339,0.91292,0.00577,1.0,2,0.12018700066311441,0.0012143135478505512,0.8755207517382413,0.0030779340507937052,1.0,2,0.2102335738269137,0.03779713122698063,0.7347942091727725,0.01717508577333325,1.0,2,0.21598496927663893,0.03882073798452994,0.7301946993769131,0.014999593361918107,1.0,2,0.09549563747207333,0.001160583974790169,0.8977584581702549,0.005585320382881483,0.9999999999999999,2
2020-04-30,2,2,0.07792,0.00339,0.91292,0.00577,1.0,2,0.08781325615039003,0.000981406954089841,0.9060506005654614,0.005154736330058819,1.0,2,0.1529141810271185,0.025161518293574773,0.80672034188746,0.015203958791846807,1.0000000000000002,2,0.1542533920800312,0.024608914218730064,0.807369850050145,0.013767843651093669,0.9999999999999999,2,0.11875013837660955,0.0011429469738921505,0.8750417671883902,0.005065147461108074,1.0,2
2020-05-01,2,2,0.07792,0.00339,0.91292,0.00577,1.0,2,0.0587239946369694,0.00046605269989392526,0.9315251246888213,0.009284827974315367,1.0,2,0.1037126737565476,0.016389661387189128,0.8604214968074492,0.019476168048814153,1.0,2,0.10022800510605158,0.015177774504846472,0.8644112784819581,0.02018294190714401,1.0000000000000002,2,0.14231538906667154,0.001125938592240236,0.8519353318293726,0.004623340511715641,1.0,2
2020-05-04,2,2,0.07792,0.00339,0.91292,0.00577,1.0,2,0.09423360490429393,0.0009850054809964822,0.9011525209554643,0.0036288686592453336,1.0,2,0.10226917879419495,0.0163594137365366,0.8682859295619892,0.013085477907279274,1.0,2,0.1029377041921343,0.01621738201376207,0.8682939354623631,0.0125509783317406,1.0,2,0.062312993501769186,0.0013020904884874036,0.9303733682189359,0.006011547790807381,0.9999999999999999,2
2020-05-05,2,2,0.07792,0.00339,0.91292,0.00577,1.0,2,0.11297351277238697,0.0016906886957892139,0.8834537465831478,0.001882051948676121,1.0000000000000002,2,0.10282078079748251,0.01677800361543553,0.8724470550903934,0.007954160496688515,1.0,2,0.10646225936448073,0.017876257322641503,0.8688858891978736,0.00677559411500413,1.0,2,0.08769525921589053,0.0012742660674608852,0.905728495623649,0.005301979092999517,1.0,2
2020-05-06,2,2,0.07792,0.00339,0.91292,0.00577,1.0,2,0.07414471063403702,0.0001441128716103454,0.9202496185284992,0.0054615579658536155,1.0000000000000002,2,0.07111946789545244,0.00915751384938148,0.9059206403063501,0.013802377948815994,1.0,2,0.07002254308060454,0.008475354808617245,0.9067118028620808,0.014790299248697581,1.0000000000000002,2,0.1710242585548175,0.0011466286300543058,0.8238120855323902,0.004017027282738055,1.0,2
2020-05-07,2,2,0.07792,0.00339,0.91292,0.00577,1.0,2,0.0711785252620787,0.008456088493198042,0.9163864736141568,0.003978912630566385,0.9999999999999999,2,0.0757240261165862,0.015499923275580715,0.9010228802042967,0.00775317040353641,1.0,2,0.07777659343459287,0.01770427701300887,0.897604235522316,0.006914894030082077,0.9999999999999998,2,0.04348212765425266,0.00143276227791325,0.9488295603058885,0.006255549761945679,1.0,2
2020-05-08,2,2,0.07792,0.00339,0.91292,0.00577,1.0,2,0.10816954446313466,0.0007053498242341954,0.8893531849248919,0.0017719207877392998,1.0,2,0.07243138764323245,0.010097956143523077,0.9095249521426567,0.007945704070587895,1.0000000000000002,2,0.0746954617685747,0.010493665492246916,0.907174355651698,0.007636517087480346,1.0,2,0.09136636154447238,0.0013463909283488941,0.9023632368360238,0.004924010691154858,1.0,2
2020-05-11,2,2,0.07792,0.00339,0.91292,0.00577,1.0,2,0.06677678364484875,0.00029511406537141257,0.9288762942886681,0.004051808001111559,0.9999999999999999,2,0.057209420912606626,0.007477973563975207,0.9261719160996362,0.009140689423782008,1.0,2,0.05716779744161958,0.007162736495447418,0.9264820274062376,0.009187438656695253,0.9999999999999999,2,0.10995867982663318,0.0013349974740874554,0.8841808037978115,0.0045255189014678145,0.9999999999999999,2
2020-05-12,2,2,0.07792,0.00339,0.91292,0.00577,1.0,2,0.048978998556376066,0.0029258352791101095,0.9369486695910049,0.01114649657350877,0.9999999999999998,2,0.05118966691119105,0.00870890607263266,0.9328572699646417,0.0072441570515346275,1.0,2,0.0503521835499051,0.00876499814638634,0.9340907870108732,0.006792031292835423,1.0,2,0.046239894332336516,0.001514513152637871,0.9464527613342874,0.005792831180738215,1.0,2
2020-05-13,2,2,0.07792,0.00339,0.91292,0.00577,1.0,2,0.05172671920405368,0.0017414856080047512,0.9365396150254627,0.00999218016247878,0.9999999999999999,2,0.046149219200471873,0.007312191684584299,0.9384326452512821,0.008105943863661738,1.0,2,0.04513124391998525,0.007219887356609789,0.9395014627932569,0.008147405930148116,1.0,2,0.06412704045885634,0.0014961269300366581,0.9291989625763211,0.005177870034785948,1.0,2
2020-05-14,2,2,0.07792,0.00339,0.91292,0.00577,1.0,2,0.07596968601974911,0.005429415770021122,0.9134702239361372,0.005130674274092555,1.0,2,0.05192949297843002,0.008841146488612115,0.933011545774393,0.0062178147585648805,1.0,2,0.053095353406139856,0.00973213138894641,0.9311719576129731,0.0060005575919407006,1.0,2,0.05057036094733425,0.0015642901091195373,0.9424354607172059,0.00542988822634021,0.9999999999999998,2
2020-05-15,2,1,0.07792,0.00339,0.91292,0.00577,1.0,2,0.0742680898597957,0.0014507406014497726,0.9213350590832888,0.002946110455465847,1.0000000000000002,2,0.04907556630551753,0.006955175062365715,0.93894969851705,0.0050195601150667775,1.0,2,0.050014595097840064,0.007020566182842443,0.9385339579463999,0.004430880772917621,1.0,2,0.09299185981597187,0.0014862269381544085,0.9010959485095633,0.0044259647363104615,1.0,2
2020-05-18,1,1,0.0,0.93688,0.03148,0.03164,1.0,1,0.01267067255434539,0.9332951425953049,0.05085311776463657,0.003181067085713296,1.0,1,0.3771196217339927,0.3190694620750936,0.26831196795346607,0.035498948237447606,0.9999999999999999,0,0.3874313623190019,0.32191147586165586,0.261707469140868,0.02894969267847428,1.0,0,0.0031815093456113246,0.9538896357573248,0.023060011029206767,0.019868843867857214,1.0,1
2020-05-19,1,1,0.0,0.93688,0.03148,0.03164,1.0,1,0.0013966068913720754,0.9787760326796533,0.014660137099777726,0.005167223329196944,1.0,1,0.22926281046179386,0.490083079744667,0.23208714030520436,0.0485669694883348,1.0,1,0.2349932403000853,0.4822997368167853,0.23950245681121107,0.04320456607191837,1.0,1,0.005247156229222244,0.9529923739564242,0.0234930207315082,0.018267449082845496,1.0,1
2020-05-20,1,2,0.0,0.93688,0.03148,0.03164,1.0,1,0.0006500784492370372,0.9927305679806593,0.0055389345701277026,0.0010804189999759385,0.9999999999999999,1,0.1641319310899972,0.6563704562702393,0.15087308312136205,0.028624529518401443,1.0,1,0.16305172895887554,0.6704530253354422,0.14452813400791453,0.021967111697767855,1.0,1,0.002474274594531199,0.9539723122955027,0.022836974750216385,0.020716438359749775,1.0,1
2020-05-21,2,2,0.07792,0.00339,0.91292,0.00577,1.0,2,0.07645058635570451,0.0008808527544020147,0.9150111163072903,0.007657444582603183,1.0,2,0.25699368796474625,0.04821981710683916,0.6652972808922739,0.0294892140361407,1.0,2,0.2563344596814626,0.04566258374546658,0.6708615732248252,0.02714138334824568,1.0,2,0.1272709663880753,0.0010835108151883979,0.8665098921687843,0.005135630627952048,1.0,2
2020-05-22,2,2,0.07792,0.00339,0.91292,0.00577,1.0,2,0.08484636447459075,0.001445829767196536,0.9060436899145166,0.0076641158436961095,0.9999999999999999,2,0.18111755091561266,0.03445072754009736,0.7599318633194333,0.0244998582248568,1.0000000000000002,2,0.1805218798792035,0.03404365968189639,0.7615718579109934,0.023862602527906673,1.0,2,0.08182277104280526,0.0011859681991524742,0.9111146596713922,0.005876601086650026,0.9999999999999999,2
2020-05-26,2,2,0.07792,0.00339,0.91292,0.00577,1.0,2,0.11647251514526262,0.0005861137196278372,0.8798259958571443,0.0031153752779652763,1.0,2,0.1564286568678504,0.02452985587679005,0.8038679903634707,0.015173496891889026,1.0000000000000002,2,0.15932019035417533,0.023914977923537622,0.8030737331007965,0.01369109862149057,1.0,2,0.07551629047716794,0.0012227635486606883,0.9173541028214818,0.005906843152689546,0.9999999999999999,2
2020-05-27,2,2,0.07792,0.00339,0.91292,0.00577,1.0,2,0.08805567292237645,0.0012269781668291597,0.9040858996563681,0.006631449254426322,1.0,2,0.11786283398243741,0.02069104109600959,0.8461834149509833,0.015262709970569666,0.9999999999999999,2,0.11838823808074525,0.020775701248111476,0.8462970155454307,0.014539045125712573,1.0,2,0.10716443461705753,0.0011870887239690034,0.886494368620939,0.005154108038034284,0.9999999999999998,2
2020-05-28,2,2,0.07792,0.00339,0.91292,0.00577,1.0,2,0.10030929373806256,0.0007047731573955035,0.8957349947963641,0.0032509383081778037,1.0,2,0.10214821652138226,0.01555965163249823,0.8698605562460945,0.012431575600025033,1.0,2,0.10253474083060066,0.015039156134490212,0.870744759742406,0.011681343292503307,1.0000000000000002,2,0.059568486444729965,0.0013083521929238703,0.933032593559379,0.006090567802967215,1.0,2
2020-05-29,2,2,0.07792,0.00339,0.91292,0.00577,1.0,2,0.08502492939484473,0.005558623971125227,0.9025374890138614,0.006878957620168612,1.0,2,0.09329498838188711,0.017894216905086316,0.8786761163111876,0.01013467840183902,1.0,2,0.09480940633988791,0.01941722328698535,0.8763128560831933,0.009460514289933596,1.0000000000000002,2,0.09630059012071986,0.0012571510379684966,0.8973035588911311,0.005138699950180558,1.0,2
2020-06-01,2,2,0.07792,0.00339,0.91292,0.00577,1.0,2,0.09029703273518125,0.0006604582507047606,0.9058330362731236,0.0032094727409905104,1.0000000000000002,2,0.07967398938618901,0.01166231900694427,0.8992397290553366,0.009423962551529991,0.9999999999999998,2,0.08029751229421812,0.011308214058619868,0.899747003952707,0.008647269694454993,1.0,2,0.12393749447614633,0.0012299033473321265,0.870234458521303,0.0045981436552185685,1.0,2
2020-06-02,2,2,0.07792,0.00339,0.91292,0.00577,1.0,2,0.08945630724408504,0.001342539627029,0.9050039688094142,0.004197184319471571,0.9999999999999999,2,0.076167110903027,0.011522912699283296,0.9045011407693679,0.007808835628321697,0.9999999999999999,2,0.077615109886557,0.011591297096013486,0.9037373137428807,0.00705627927454894,1.0000000000000002,2,0.0740268943760112,0.001356695146113943,0.9192418531357556,0.005374557342119143,0.9999999999999998,2
2020-06-03,2,2,0.07792,0.00339,0.91292,0.00577,1.0,2,0.09392408531383023,0.0005690555601023685,0.9024688953451371,0.0030379637809301863,0.9999999999999998,2,0.07037790999369188,0.009534418775643849,0.9129615985712698,0.00712607265939431,0.9999999999999999,2,0.0720198328119634,0.00938494799701101,0.912167019347203,0.006428199843822406,0.9999999999999998,2,0.09922730720682547,0.0013299635770306565,0.8946546409137008,0.004788088302443035,1.0,2
2020-06-04,2,2,0.07792,0.00339,0.91292,0.00577,1.0,2,0.09160673903888872,0.0004687114971564203,0.9037754962350308,0.004149053228924121,1.0000000000000002,2,0.06084953457299111,0.007792086095132106,0.9235486109497024,0.0078097683821743875,1.0,2,0.06115998163587009,0.007409201993378172,0.9238462291611019,0.007584587209649817,1.0,2,0.08180865295467672,0.0013950450340544647,0.9117932829748089,0.005003019036460075,1.0000000000000002,2
2020-06-05,2,2,0.07792,0.00339,0.91292,0.00577,1.0,2,0.11285231564416356,0.0013983925037573653,0.8829876719601988,0.002761619891880334,1.0,2,0.06427469796548368,0.00934524578897991,0.9209583056096111,0.0054217506359253015,1.0,2,0.06660152803194723,0.00979429251354137,0.9188567509594131,0.00474742849509824,0.9999999999999999,2,0.0898500328169197,0.0014054752382605363,0.9039885125249688,0.004755979419851076,1.0000000000000002,2
2020-06-08,2,2,0.07792,0.00339,0.91292,0.00577,1.0,2,0.06343853024934784,0.0019602264827116604,0.9295432677996703,0.005057975468270156,1.0,2,0.0526859115642517,0.00836522897466532,0.9325801040686714,0.006368755392411519,1.0,2,0.05341178555926105,0.008663548780189219,0.9320875652168588,0.00583710044369107,1.0,2,0.10311884672439993,0.001404891000795144,0.8910289265330231,0.004447335741781728,0.9999999999999999,2
2020-06-09,2,2,0.07792,0.00339,0.91292,0.00577,1.0,2,0.056847397315387384,0.004407486445366836,0.9344510719803855,0.0042940442588603545,1.0,2,0.04811905088410024,0.008310759066305594,0.9369654184775332,0.006604771572060937,1.0,2,0.048430471262939555,0.00892872652841796,0.936305213581168,0.0063355886274744505,1.0,2,0.05172065208319094,0.0015609423453585328,0.9413222174161112,0.005396188155339433,1.0000000000000002,2
2020-06-10,2,1,0.07792,0.00339,0.91292,0.00577,1.0,2,0.05894568617692562,0.004483770202130227,0.9327058672600598,0.003864676360884404,1.0,2,0.045780240282319334,0.00784197156476535,0.9405596742410951,0.005818113911820205,1.0,2,0.04615781536099438,0.00838758979617864,0.9400632911419412,0.005391303700885827,1.0,2,0.07672962614542489,0.0015254425564809981,0.9170348158900556,0.004710115408038498,1.0,2
2020-06-11,1,1,0.0,0.93688,0.03148,0.03164,1.0,1,0.0008001283967843266,0.9554066554067262,0.02002867788288463,0.023764538313604932,1.0000000000000002,1,0.2523755650579393,0.3087510051019323,0.32318463447286605,0.11568879536726223,0.9999999999999998,2,0.23318122282952294,0.3089905898310641,0.3237127173447691,0.13411546999464394,1.0,2,0.002806574580107309,0.9539565365621907,0.022949093193476457,0.020287795664225512,1.0,1
2020-06-12,1,2,0.0,0.93688,0.03148,0.03164,1.0,1,0.0058064898598807245,0.9372908703271987,0.042485092891459936,0.01441754692146066,1.0,1,0.25078679421903194,0.4489281884337116,0.2402082500880213,0.0600767672592352,1.0,1,0.26018367354090965,0.4335878806165629,0.24692683992241166,0.059301605920115685,0.9999999999999998,1,0.0010527156219787754,0.9530377088535326,0.022067794929103574,0.023841780595385054,1.0,1
2020-06-15,2,1,0.07792,0.00339,0.91292,0.00577,1.0,2,0.11063525917097887,0.0014810487351068242,0.8829168422016808,0.004966849892233575,1.0,2,0.2683635960228209,0.05252208604493109,0.6498393403811628,0.02927497755108517,1.0,2,0.2701930429102255,0.0521724887439583,0.6500393491805557,0.02759511916526052,1.0,2,0.08829421837139506,0.0011501904251246878,0.9047056457731325,0.005849945430347815,1.0,2
2020-06-16,1,1,0.0,0.93688,0.03148,0.03164,1.0,1,0.00642884507398694,0.951599435255986,0.036568834053524284,0.005402885616502626,0.9999999999999998,1,0.36147695900886057,0.3164946485512203,0.2838305029619373,0.0381978894779818,0.9999999999999998,0,0.3745424032991411,0.3083694801590598,0.28587331769839724,0.031214798843401732,0.9999999999999998,0,0.003057412052195054,0.953916717736238,0.023024894367326316,0.020000975844240623,1.0,1
2020-06-17,1,2,0.0,0.93688,0.03148,0.03164,1.0,1,0.002034439898440715,0.9705198913875226,0.020524186688319877,0.006921482025716808,1.0,1,0.23138595321524633,0.4722274861155433,0.23649993656965773,0.059886624099552546,1.0,1,0.23641583864609425,0.4630731067633319,0.24281146597699266,0.0576995886135811,1.0,1,0.0033824443894686037,0.9538367550490737,0.023113909156075207,0.019666891405382456,1.0,1
2020-06-18,2,2,0.07792,0.00339,0.91292,0.00577,1.0,2,0.08443816895594951,0.0030862043159597665,0.907413458055565,0.005062168672525737,1.0,2,0.2606154838035838,0.058413629156707184,0.6518101157929396,0.029160771246769343,0.9999999999999999,2,0.26146823793681856,0.06036249165058082,0.651301168554919,0.02686810185768148,1.0,2,0.083617085077288,0.0011587849426830939,0.9092697170086992,0.005954412971329808,1.0,2
2020-06-19,2,2,0.07792,0.00339,0.91292,0.00577,1.0,2,0.09361942412898859,0.0011524423022649265,0.9007591912000271,0.004468942368719322,0.9999999999999999,2,0.18861374120364957,0.03400710267183254,0.7572786729067419,0.020100483217775997,1.0,2,0.18907664284744696,0.032967264435227545,0.7598670511520786,0.0180890415652468,1.0,2,0.09732055427284493,0.001157292751497679,0.8959727330326941,0.005549419942963088,0.9999999999999998,2
2020-06-22,2,0,0.07792,0.00339,0.91292,0.00577,1.0,2,0.09674740857999552,0.0015716340818494664,0.8980689596979433,0.003611997640211685,1.0,2,0.15030826308526724,0.027097580080509966,0.8057898116518922,0.01680434518233056,1.0,2,0.1520327602688062,0.02748737802152012,0.8048896819019395,0.015590179807734021,0.9999999999999999,2,0.10673886227999825,0.0011639995212972198,0.8868307923206629,0.005266345878041723,1.0,2
2020-06-23,0,2,0.94901,0.0,0.05099,0.0,1.0,0,0.948435226327292,0.00013779724000936394,0.05125004242328646,0.00017693400941219537,1.0,0,0.7471103679498649,0.03985047773638603,0.19097596273172426,0.02206319158202497,1.0000000000000002,0,0.7497757147383459,0.038333175402971376,0.19166910280911495,0.020222007049567784,1.0000000000000002,0,0.9705835795932841,0.00025600352479952814,0.028840542588887345,0.00031987429302892257,0.9999999999999999,0
2020-06-24,2,2,0.07792,0.00339,0.91292,0.00577,1.0,2,0.05316554852593879,0.0007009418423225375,0.9309024235452883,0.01523108608645028,0.9999999999999999,2,0.2241920351194814,0.04512915253978827,0.685810700242287,0.04486811209844343,1.0,2,0.21641876807075866,0.04311633975062757,0.692561940131043,0.047902952047570925,1.0000000000000002,2,0.08414668025756389,0.0011578033814729442,0.9087532049402459,0.005942311420717229,1.0,2
2020-06-25,2,2,0.07792,0.00339,0.91292,0.00577,1.0,2,0.09637296575225426,0.0020260417966717474,0.896791946391285,0.004809046059789027,1.0,2,0.19109218906310882,0.03748471135160985,0.7495242781121921,0.02189882147308928,1.0,2,0.1928398134844374,0.03836921061670699,0.7481996325769911,0.020591343321864394,0.9999999999999999,2,0.047922712466002625,0.0012574665927810277,0.943944777740832,0.006875043200384345,1.0,2
2020-06-26,2,2,0.07792,0.00339,0.91292,0.00577,1.0,2,0.06123430156213064,0.0014393801990509342,0.9276904307842496,0.009635887454568724,0.9999999999999999,2,0.13020844011750266,0.024582246903194344,0.8252707681621215,0.019938544817181554,1.0,2,0.12694697525120788,0.023804783123503842,0.8299924433014295,0.01925579832385882,1.0,2,0.09478818437851601,0.001185692026017256,0.8985382294417349,0.005487894153731913,1.0,2
2020-06-29,2,2,0.07792,0.00339,0.91292,0.00577,1.0,2,0.11304607224952282,0.001446693733894541,0.8818608069164098,0.0036464271001727076,0.9999999999999999,2,0.12833032268235117,0.021650228147934585,0.8366382958008219,0.013381153368892387,1.0,2,0.1307919216337881,0.022133266218434245,0.8346299094883276,0.012444902659450058,1.0,2,0.07128403970671812,0.001256611817108856,0.9215665982639349,0.005892750212238039,0.9999999999999999,2
2020-06-30,2,2,0.07792,0.00339,0.91292,0.00577,1.0,2,0.10181797565130302,0.0011162213032543337,0.8923574326619832,0.004708370383459429,1.0,2,0.10664500003482644,0.01705850569145751,0.8644628780912458,0.011833616182470284,1.0,2,0.10826573908710566,0.017047745762643365,0.863653027915408,0.011033487234843006,1.0,2,0.11692514684655761,0.001193566977972883,0.8769877826884593,0.0048935034870100725,1.0,2
2020-07-01,2,2,0.07792,0.00339,0.91292,0.00577,1.0,2,0.09343100019722554,0.0012178804279162428,0.9012905874006358,0.0040605319742222715,0.9999999999999999,2,0.09244252988009531,0.014553810718954107,0.8831759476386489,0.009827711762301693,1.0,2,0.09362638005117874,0.01444549402538382,0.8830482512079455,0.008879874715491991,1.0,2,0.08896036964682859,0.001271715010537885,0.9044908518714077,0.005277063471225973,1.0,2
2020-07-02,2,2,0.07792,0.00339,0.91292,0.00577,1.0,2,0.08765736390763408,0.001959371889840122,0.9067557356197641,0.0036275285827618506,1.0000000000000002,2,0.08238393800424433,0.013705419797017976,0.8957277096678843,0.008182932530853376,0.9999999999999999,2,0.083588461428274,0.013939437027118433,0.8953572595454564,0.007114841999151182,1.0,2,0.09721939512166912,0.0012810819175105438,0.8964795334318012,0.0050199895290192805,1.0000000000000002,2
2020-07-06,2,2,0.07792,0.00339,0.91292,0.00577,1.0,2,0.08960246322353842,0.001555416342539425,0.9059701994585585,0.0028719209753637867,1.0000000000000002,2,0.07534623437058677,0.012112411567596371,0.9047538693061317,0.007787484755685094,1.0,2,0.07692409370848943,0.012472881433025223,0.9036986556784845,0.006904369180000945,1.0000000000000002,2,0.09302422792468536,0.001315926023398085,0.9006658187145107,0.004994027337405982,1.0000000000000002,2
2020-07-07,2,2,0.07792,0.00339,0.91292,0.00577,1.0,2,0.06251663060868247,0.0028384991773091105,0.9263847536284545,0.008260116585553924,1.0,2,0.06256560674608348,0.010576250937771538,0.9181396384109858,0.008718503905159212,1.0,2,0.0622839478488152,0.010770880891930795,0.9185283317613354,0.008416839497918585,1.0,2,0.0759413627802386,0.001380142158058266,0.9174525374202606,0.005225957641442587,1.0,2
2020-07-08,2,2,0.07792,0.00339,0.91292,0.00577,1.0,2,0.08321717117633112,0.0016031258538234342,0.9102844178458186,0.004895285124026803,1.0,2,0.062295426887764335,0.00933499642238432,0.92064286133437,0.00772671535548133,1.0,2,0.06317804943711634,0.009492004503855967,0.91987291083572,0.007457035223307672,1.0,2,0.0822652675295967,0.0013940190430122047,0.9113465933297421,0.0049941200976490905,1.0,2
2020-07-09,2,2,0.07792,0.00339,0.91292,0.00577,1.0,2,0.052031310394218475,0.0036727084257097368,0.9346980705001715,0.00959791067990014,0.9999999999999999,2,0.0521352113229003,0.009253069435569578,0.9306404852600435,0.007971233981486463,0.9999999999999999,2,0.051932927963181996,0.009717681108035248,0.9305517915952689,0.007797599333513681,0.9999999999999998,2,0.08848469234182497,0.001408515031785772,0.9053267022409602,0.004780090385429013,1.0,2
2020-07-10,2,2,0.07792,0.00339,0.91292,0.00577,1.0,2,0.08455456196336829,0.0011977364976256152,0.9105698623688726,0.0036778391701333996,0.9999999999999999,2,0.05417371313126773,0.007652724424133175,0.931142271330843,0.007031291113756118,1.0000000000000002,2,0.05503231534575209,0.007768700412167089,0.9302974143271422,0.006901569914938548,0.9999999999999999,2,0.05417861583807789,0.0015227021520062116,0.9388636634287865,0.005435018581129547,1.0000000000000002,2
2020-07-13,2,2,0.07792,0.00339,0.91292,0.00577,1.0,2,0.06130645136346691,0.0010337207751934146,0.9325864180809188,0.0050734097804207125,0.9999999999999998,2,0.046394848741380806,0.00659189215230671,0.9404052909932368,0.006607968113075784,1.0,2,0.04606737274364999,0.006383809963798441,0.9412856803572707,0.006263136935281053,1.0000000000000002,2,0.07958683653734439,0.0014878796163650153,0.9141742247410738,0.004751059105216838,1.0,2
2020-07-14,2,2,0.07792,0.00339,0.91292,0.00577,1.0,2,0.0666048657047327,0.0027099684925874995,0.9250613836724372,0.005623782130242548,0.9999999999999999,2,0.0467936137796921,0.007383432210779766,0.9394952471365831,0.0063277068729451075,1.0,2,0.047434537891732693,0.007776755861931712,0.9386281489133433,0.006160557332992246,1.0,2,0.05664880466295679,0.0015786679318937145,0.9366174152034562,0.00515511220169341,1.0000000000000002,2
2020-07-15,2,0,0.07792,0.00339,0.91292,0.00577,1.0,2,0.07923417329153287,0.0014082853748465466,0.9162946645798455,0.003062876753775078,1.0,2,0.04716168715878047,0.006509854889409316,0.9413475038636897,0.00498095408812044,1.0,2,0.04822139645766596,0.006615580037443496,0.9406362712688408,0.004526752236049723,0.9999999999999999,2,0.057316823934026276,0.001609077019894956,0.9360386299818042,0.00503546906427454,1.0,2
2020-07-16,0,0,0.94901,0.0,0.05099,0.0,1.0,0,0.9351892796867236,0.00034504946372959324,0.06403749835945867,0.00042817249008819913,1.0000000000000002,0,0.7364682666532404,0.04340340034009978,0.19654384943794617,0.023584483568713697,1.0000000000000002,0,0.736705211948502,0.0426669537413426,0.19860847119327935,0.02201936311687593,0.9999999999999998,0,0.972966820634146,0.00023449043187952692,0.026510044595907674,0.0002886443380667711,0.9999999999999999,0
2020-07-17,0,0,0.94901,0.0,0.05099,0.0,1.0,0,0.9492197286206295,0.00013949107725701136,0.05044913153209183,0.00019164877002175048,1.0,0,0.8202600655147224,0.024957063014860875,0.14036324590789168,0.014419625562524938,0.9999999999999999,0,0.8221932688792323,0.0239799302032566,0.14065189459752148,0.013174906319989804,1.0000000000000002,0,0.9569137568785708,0.00038060543966538153,0.04219656678004292,0.0005090709017208132,0.9999999999999999,0
2020-07-20,0,0,0.94901,0.0,0.05099,0.0,1.0,0,0.947672723235081,0.00030820501970948413,0.05179078617000846,0.0002282855752010651,1.0,0,0.8613260869730963,0.01964528457700464,0.10923905490768844,0.009789573542210547,1.0,0,0.8632441035963271,0.0196130558208414,0.10843936414035035,0.008703476442481125,1.0,0,0.9615100992402373,0.00033850241043218245,0.03770770727921007,0.00044369107012039215,1.0,0
2020-07-21,0,0,0.94901,0.0,0.05099,0.0,1.0,0,0.9505729869631887,0.0003429408834983389,0.0489075331509329,0.00017653900237992918,0.9999999999999998,0,0.8888128183826344,0.015223244634726721,0.0892935116807342,0.006670425301904697,0.9999999999999999,0,0.8908382372671823,0.01526765723191541,0.08823140153938812,0.005662703961514368,1.0000000000000002,0,0.9647337746677853,0.0003090920914344231,0.034558271252251735,0.00039886198852848626,0.9999999999999999,0
2020-07-22,0,0,0.94901,0.0,0.05099,0.0,1.0,0,0.9476893756023894,0.0003674498080482914,0.05169389057353392,0.00024928401602833166,0.9999999999999999,0,0.9014050980201835,0.012381392104637156,0.07974604095220365,0.006467468922975666,1.0,0,0.9026877192439324,0.012493156661687058,0.07900759236397202,0.0058115317304085305,1.0,0,0.975061361600063,0.00021564486915362114,0.02446130127144825,0.00026169225933522544,1.0,0
2020-07-23,0,0,0.94901,0.0,0.05099,0.0,1.0,0,0.9310612427565114,0.00035549542231911376,0.06795208597409201,0.0006311758470775241,1.0,0,0.9040364693284964,0.010154039728185477,0.07852323142208269,0.007286259521235362,1.0,0,0.9030573188008032,0.010084401374350196,0.07972776673044199,0.007130513094404711,1.0,0,0.9685397711760239,0.00027450786497085515,0.030838613498981676,0.0003471074600237164,1.0,0
2020-07-24,0,0,0.94901,0.0,0.05099,0.0,1.0,0,0.9464152100516505,0.00021926377848158248,0.053080185180160465,0.0002853409897073175,0.9999999999999999,0,0.9169304399050314,0.008288400967715865,0.06861964084018694,0.006161518287065689,0.9999999999999999,0,0.9166740213359718,0.00819570025303951,0.06907882146676918,0.00605145694421953,0.9999999999999999,0,0.9581374763552856,0.0003693775118716785,0.04100164322363825,0.0004915029092043835,0.9999999999999999,0
2020-07-27,0,0,0.94901,0.0,0.05099,0.0,1.0,0,0.9553433127094434,0.00017445773189007376,0.04431498545202228,0.0001672441066443115,1.0,0,0.9300514180396633,0.007103183150042808,0.05833146660106626,0.004513932209227897,1.0000000000000002,0,0.9310937962333036,0.007062140470971783,0.05763738861643415,0.004206674679290548,1.0,0,0.9656701038052932,0.0003005694421975163,0.03364331821935521,0.0003860085331538992,0.9999999999999997,0
2020-07-28,0,0,0.94901,0.0,0.05099,0.0,1.0,0,0.9412279751181596,0.0003030317354179208,0.058125067755205796,0.0003439253912168902,1.0000000000000002,0,0.9289852006575148,0.006783243144356039,0.05928625289591352,0.004945303302215872,1.0000000000000002,0,0.9286169819572108,0.0068171649695014745,0.05976863127407502,0.004797221799212712,1.0,0,0.9706858508541794,0.00025507888403484863,0.028740547967654715,0.00031852229413099404,0.9999999999999999,0
2020-07-29,0,0,0.94901,0.0,0.05099,0.0,1.0,0,0.9589702350647937,0.00015782996961314643,0.04075137968084236,0.00012055528475070017,1.0,0,0.9406937393105141,0.00573331801008799,0.05007879722607515,0.0034941454533226534,0.9999999999999999,0,0.9417823135552791,0.005728845432188201,0.049323448784258116,0.0031653922282744813,0.9999999999999999,0,0.959187643080037,0.00035975250530806093,0.039976085774122996,0.00047651864053195294,1.0,0
2020-07-30,0,0,0.94901,0.0,0.05099,0.0,1.0,0,0.9364997871940219,0.0003675758616294628,0.06265608973091887,0.00047654721342974964,1.0,0,0.9370331271358201,0.005758361751605362,0.05288453625879402,0.004323974853780616,1.0,0,0.936542688898088,0.005888027885909199,0.05333258055536823,0.004236702660634477,1.0,0,0.9673320255182859,0.0002854652566713612,0.032019121783795026,0.00036338744124775584,1.0000000000000002,0
2020-07-31,0,0,0.94901,0.0,0.05099,0.0,1.0,0,0.9567155084863225,0.00023280332729239394,0.04291887852028773,0.00013280966609720914,0.9999999999999998,0,0.947654801312041,0.004961923457772366,0.0445311989266645,0.0028520763035220983,1.0,0,0.9485613476024176,0.005015919952233494,0.043885221516825876,0.002537510928523055,1.0,0,0.948891083143825,0.0004545210189845914,0.05002743559682452,0.0006269602403658224,0.9999999999999999,0
2020-08-03,0,0,0.94901,0.0,0.05099,0.0,1.0,0,0.9636044400730234,0.00010448899160307788,0.03620302262177398,8.804831359980963e-05,1.0000000000000002,0,0.9512527617559582,0.0041696724532498215,0.0418673882528871,0.0027101775379049396,1.0,0,0.9521745572238736,0.004125108628274322,0.04123226141154315,0.002468072736309088,1.0,0,0.9695497973174045,0.0002653570852552544,0.029851247062188155,0.00033359853515194294,0.9999999999999998,0
2020-08-04,0,0,0.94901,0.0,0.05099,0.0,1.0,0,0.9475722738778201,0.0006222804073917791,0.05151791254330346,0.00028753317148476646,1.0,0,0.9515206210318846,0.004749402130954973,0.041161653562468016,0.0025683232746923058,0.9999999999999999,0,0.9520072983513435,0.0049817871174661745,0.04070230388630901,0.002308610644881498,1.0000000000000002,0,0.9727408674353264,0.00023652695955794396,0.02673102555711759,0.00029158004799798145,0.9999999999999999,0
2020-08-05,0,0,0.94901,0.0,0.05099,0.0,1.0,0,0.9606503307638224,0.00014510466792797645,0.039103837791687586,0.00010072677656208804,1.0,0,0.9557203716830445,0.0037396005058307836,0.038257610466074746,0.0022824173450499254,1.0,0,0.9565650847632032,0.003724864799154978,0.037684936802398386,0.002025113635243308,0.9999999999999999,0,0.9679542451416528,0.0002798180605592728,0.031410953665949176,0.0003549831318387443,1.0,0
2020-08-06,0,0,0.94901,0.0,0.05099,0.0,1.0,0,0.954650214088852,0.00028821103422724525,0.04485340082342806,0.0002081740534927174,1.0,0,0.9563323151006713,0.003760805932905031,0.03756930428850404,0.002337574677919533,0.9999999999999999,0,0.9568679321225781,0.003824885368743325,0.037171569240982215,0.002135613267696296,1.0,0,0.9708034274720733,0.00025401602425756175,0.028625587253367158,0.0003169692503019403,0.9999999999999999,0
2020-08-07,0,0,0.94901,0.0,0.05099,0.0,1.0,0,0.9508360478648662,7.76581273175592e-05,0.04874816832373199,0.0003381256840841047,0.9999999999999998,0,0.9544978405295854,0.003043176618834461,0.03943408269181518,0.0030249001597651964,1.0000000000000002,0,0.9542228874412518,0.002937981098190253,0.039772157720547686,0.003066973740010197,0.9999999999999999,0,0.9671834167181992,0.0002868146490965501,0.032164368640366196,0.000365399992338318,1.0000000000000002,0
2020-08-10,0,2,0.94901,0.0,0.05099,0.0,1.0,0,0.9602774929237508,0.0001449924987501596,0.039432905410073354,0.00014460916742565613,0.9999999999999999,0,0.9600384716755895,0.0030573408397583366,0.03474743585983325,0.0021567516248189216,1.0,0,0.9605105460049689,0.0030363258558899807,0.034442855855000516,0.0020102722841406915,1.0,0,0.9461035596323392,0.0004803186215491734,0.05274715977898792,0.0006689619671235703,0.9999999999999998,0
2020-08-11,2,2,0.07792,0.00339,0.91292,0.00577,1.0,2,0.09767268337698498,0.00012643948365922235,0.897597598922348,0.004603278217007812,1.0,2,0.24972346980940147,0.03801662793646078,0.6741697664443064,0.03809013580983135,1.0,2,0.24719429922276068,0.03425612639475221,0.6793403963820377,0.03920917800044938,1.0,2,0.11409091872175571,0.0011052467751918064,0.8794517906859181,0.005352043817134466,1.0,2
2020-08-12,2,2,0.07792,0.00339,0.91292,0.00577,1.0,2,0.11803444639511355,0.0012337825534638614,0.8775175551512027,0.003214215900220043,1.0,2,0.19714365077326607,0.03573101948494714,0.7463710079393713,0.020754321802415508,1.0,2,0.19997119799449958,0.03603135894856755,0.7446973562391804,0.019300086817752332,0.9999999999999999,2,0.0665892788746287,0.001216168470702801,0.9259329183182913,0.006261634336377354,1.0,2
2020-08-13,2,2,0.07792,0.00339,0.91292,0.00577,1.0,2,0.09883143967688006,0.00038227236708545986,0.8968977697000658,0.0038885182559685477,1.0,2,0.14433689587747803,0.021816413513259057,0.8142861631638759,0.01956052744538694,1.0,2,0.14435036374041874,0.020622126957960046,0.8156848490413496,0.019342660260271496,1.0,2,0.11128952788601762,0.0011559434308972849,0.8823666756720463,0.00518785301103873,1.0,2
2020-08-14,2,0,0.07792,0.00339,0.91292,0.00577,1.0,2,0.08741907939619288,0.0008077103775879548,0.9054190810875546,0.006354129138664662,1.0000000000000002,2,0.11529877111591108,0.018509217646875045,0.848899611010095,0.017292400227118806,0.9999999999999999,2,0.11476692668680918,0.017902503361502176,0.8498446094326212,0.01748596051906744,1.0,2,0.08953540170992424,0.0012200237388399705,0.9037624703404357,0.005482104210800051,1.0,2
2020-08-17,0,0,0.94901,0.0,0.05099,0.0,1.0,0,0.9515414732695148,0.00036812284903783697,0.04789486549490339,0.00019553838654396536,1.0,0,0.7528434550265707,0.044226755466878,0.18279657879338299,0.02013321071316841,1.0,0,0.7553077123693068,0.044591710106805266,0.181717124169153,0.018383453354734857,1.0,0,0.96139756483275,0.00033953091978142143,0.03781763256292085,0.0004452716845477891,1.0,0
2020-08-18,0,0,0.94901,0.0,0.05099,0.0,1.0,0,0.946728475283532,0.0003483951273977254,0.052721530963117456,0.00020159862595275923,1.0,0,0.817832104219252,0.02793274562473024,0.13944602717741922,0.014789122978598501,0.9999999999999999,0,0.8190157850931079,0.028139631393736042,0.13916328251868362,0.013681300994472312,0.9999999999999999,0,0.9763498225394068,0.00020408255868494563,0.023200739634074822,0.0002453552678335261,1.0000000000000002,0
2020-08-19,0,0,0.94901,0.0,0.05099,0.0,1.0,0,0.9444340289096781,0.00014231182201932877,0.05509521733317781,0.0003284419351246499,0.9999999999999998,0,0.8558808394354956,0.01735068024506469,0.11492986316503456,0.01183861715440526,1.0,0,0.8563022872300587,0.016525844323316,0.11583864407458974,0.011333224372035435,1.0,0,0.9664663206387256,0.0002933293965202538,0.03286521023681233,0.00037513972794160036,0.9999999999999998,0
2020-08-20,0,0,0.94901,0.0,0.05099,0.0,1.0,0,0.9389657500301619,0.0003844768306781631,0.06010611862739115,0.000543654511768684,0.9999999999999999,0,0.8772039059593949,0.01532232969870449,0.09749057993032888,0.009983184411571783,1.0,0,0.8769831781826071,0.015417252570776903,0.09784364744022526,0.009755921806390795,1.0,0,0.963141152791717,0.00032360908233353966,0.03611433856525681,0.00042089956069265064,1.0,0
2020-08-21,0,0,0.94901,0.0,0.05099,0.0,1.0,0,0.9415503828632625,0.00027956430497837827,0.05786192565693397,0.000308127174825058,0.9999999999999999,0,0.8956751491269211,0.012179502517606725,0.08439650008755689,0.007748848267915071,0.9999999999999998,0,0.8960352961640459,0.012197206358269895,0.08448004100738689,0.007287456470297351,1.0,0,0.9564446692528651,0.00038491286957200403,0.04265458245996665,0.0005158354175960721,0.9999999999999998,0
2020-08-24,0,0,0.94901,0.0,0.05099,0.0,1.0,0,0.9539053304970756,0.0002618166841046685,0.04568828671628348,0.00014456610253628477,1.0,0,0.9142814004439669,0.010151021762141027,0.07013848049292373,0.0054290973009684055,1.0,0,0.9157225989006431,0.010253810688701634,0.06917881934066963,0.004844771069985573,1.0,0,0.9541098787697,0.0004063798040514089,0.04493399335542316,0.000549748070825646,1.0000000000000002,0
2020-08-25,0,0,0.94901,0.0,0.05099,0.0,1.0,0,0.9579561533019282,9.883269549085011e-05,0.041794562291370484,0.00015045171121035874,0.9999999999999998,0,0.9213822855446567,0.0076293670113207765,0.06539410690892915,0.005594240535093487,1.0,0,0.9220981058608304,0.007410129714651458,0.06509715213210003,0.00539461229241818,1.0,0,0.9681590925017581,0.00027795983723664046,0.031210723511057192,0.00035222414994796414,0.9999999999999999,0
2020-08-26,0,0,0.94901,0.0,0.05099,0.0,1.0,0,0.9581040824047385,0.00014305378805948076,0.04162094939975811,0.00013191440744395885,1.0,0,0.9287127210641584,0.007100864929039111,0.05937645255934949,0.004809961447452968,1.0,0,0.9295746202973468,0.0070694945003352124,0.058805730338389636,0.0045501548639283055,1.0,0,0.9689409715704811,0.000270871596429355,0.03044642704608951,0.00034172978700000936,0.9999999999999999,0
2020-08-27,0,0,0.94901,0.0,0.05099,0.0,1.0,0,0.958519986920848,3.046608079494424e-05,0.04127581206217264,0.00017373493618453445,1.0000000000000002,0,0.9319057541369344,0.005202006114088535,0.05756945366739924,0.0053227860815778525,1.0,0,0.9319133287832319,0.004888483149959389,0.05768686824222758,0.005511319824581152,1.0,0,0.965861751723066,0.00029882615954671295,0.03345603487114823,0.00038338724623902863,0.9999999999999999,0
2020-08-28,0,0,0.94901,0.0,0.05099,0.0,1.0,0,0.9581197189575456,0.00022277820419736307,0.04152416417575884,0.0001333386624980412,0.9999999999999999,0,0.9396932584728247,0.005960801962445189,0.050802467790987814,0.003543471773742214,1.0,0,0.9405380425090777,0.0060104522373464215,0.05023493805644401,0.003216567197131842,0.9999999999999999,0,0.9596818602003897,0.00035522633159503256,0.03949341662962794,0.0004694968383873613,1.0,0
2020-08-31,0,0,0.94901,0.0,0.05099,0.0,1.0,0,0.9419652599106358,0.00058660783440272,0.05718087237829071,0.0002672598766706623,0.9999999999999999,0,0.9393782158327023,0.006185599459416502,0.050814188830950666,0.003621995876930541,1.0,0,0.9394562849854862,0.006486666198533912,0.05074028511273515,0.0033167637032446946,1.0,0,0.9698982450373206,0.00026220293826341966,0.02951059109750933,0.0003289609269065907,0.9999999999999999,0
2020-09-01,0,2,0.94901,0.0,0.05099,0.0,1.0,0,0.9488999693126966,0.0004186375011156798,0.050407488182718146,0.00027390500346949706,0.9999999999999999,0,0.9475279993494141,0.005240804373134109,0.044511609523263135,0.0027195867541885987,1.0,0,0.9483792606201986,0.005357780547909358,0.04388339115938248,0.002379567672509494,0.9999999999999999,0,0.9592092509559083,0.00035955456825076057,0.0399549832412331,0.00047621123460785125,1.0,0
2020-09-02,2,2,0.07792,0.00339,0.91292,0.00577,1.0,2,0.07820608619930428,0.0020816946856305777,0.9103652114502138,0.009347007664851546,1.0000000000000002,2,0.2611143348618298,0.05712856175223927,0.6528994259023597,0.02885767748357119,1.0,2,0.2625262091335925,0.05852781092055699,0.6524963081057863,0.026449671840064276,1.0,2,0.10418112874972944,0.0011220833835857735,0.8891669150404301,0.005529872826254746,1.0,2
2020-09-03,2,2,0.07792,0.00339,0.91292,0.00577,1.0,2,0.05599821187291096,0.000913454596463493,0.9277074795028803,0.015380854027745285,1.0,2,0.16260834233149873,0.030164625777038885,0.7792573911443528,0.027969640747109586,1.0,2,0.1565281674774532,0.02820887190552657,0.7869111689129421,0.028351791704078127,1.0,2,0.061788966425248455,0.0012262422498058253,0.9305837563335109,0.006401034991434781,0.9999999999999999,2
2020-09-04,2,2,0.07792,0.00339,0.91292,0.00577,1.0,2,0.10304466350608787,7.340613219462685e-05,0.893086811398431,0.003795118963286292,0.9999999999999999,2,0.13493158153692397,0.017629403912474747,0.8219675862318021,0.025471428318799214,1.0,2,0.13292135150240506,0.016018268579030853,0.8228491030104736,0.028211276908090468,1.0,2,0.07382122075208533,0.0012261811413412187,0.9190041617698897,0.005948436336683812,1.0,2
2020-09-08,2,2,0.07792,0.00339,0.91292,0.00577,1.0,2,0.05135939346144743,0.0010136209034787536,0.9357398476733867,0.011887137961687113,1.0,2,0.0985207898194477,0.018479549610444637,0.8626955106850956,0.02030414988501218,1.0000000000000002,2,0.09471217104996872,0.0180651136862678,0.8661862098046392,0.02103650545912416,0.9999999999999999,2,0.0644366357212047,0.0012712494572866707,0.9282184397439105,0.0060736750775981325,1.0,2
2020-09-09,2,2,0.07792,0.00339,0.91292,0.00577,1.0,2,0.1168639498235382,0.0010773500088588565,0.8788832859038614,0.0031754142637414008,0.9999999999999999,2,0.10954788958104424,0.01742550307944357,0.8610628868116688,0.011963720527843552,1.0,2,0.11188299168843882,0.01779791609311197,0.8589864992625449,0.011332592955904233,1.0,2,0.043808187182343056,0.0013472030126520749,0.9482133609914256,0.006631248813579208,1.0,2
2020-09-10,2,0,0.07792,0.00339,0.91292,0.00577,1.0,2,0.06272144350188878,0.0013153846896456147,0.9275051476027488,0.008458024205716763,1.0,2,0.08076562084338111,0.01352891430443748,0.8934296640018172,0.012275800850364109,0.9999999999999999,2,0.07923712831583986,0.01309451682817342,0.8958298738111339,0.011838481044852878,1.0,2,0.10338234285151678,0.0012434449476221169,0.8903600903662503,0.005014121834610653,0.9999999999999999,2
2020-09-11,0,0,0.94901,0.0,0.05099,0.0,1.0,0,0.9419572562962222,0.00028347434322199757,0.05734318010571461,0.0004160892548412339,1.0,0,0.741623246904939,0.041933497450234176,0.19296062571447745,0.02348262993034951,1.0000000000000002,0,0.7424909387478347,0.04086370161691975,0.19435061653280444,0.02229474310244113,1.0,0,0.9570387860719007,0.0003794576692749464,0.04207448554346653,0.0005072707153577124,0.9999999999999999,0
2020-09-14,0,0,0.94901,0.0,0.05099,0.0,1.0,0,0.9508433637090802,0.00028200652456466846,0.048590423991087435,0.0002842057752675296,0.9999999999999999,0,0.8234019017417086,0.02690007982269384,0.13555028788948575,0.01414773054611193,1.0,0,0.8254584550579962,0.02678443100557906,0.13459152694315765,0.013165586993267081,1.0,0,0.9626976274521675,0.0003276563966209467,0.03654764095730669,0.00042707519390464664,0.9999999999999997,0
2020-09-15,0,0,0.94901,0.0,0.05099,0.0,1.0,0,0.9528846804645295,0.00017829036660936296,0.04677588168814156,0.0001611474807195632,0.9999999999999999,0,0.8623827413641982,0.01833104184974732,0.10915672951083844,0.01012948727521602,1.0,0,0.8643514219095019,0.0179578612526408,0.10849546165077814,0.00919525518707916,1.0,0,0.9665735043048072,0.00029235528823575124,0.03276045944047104,0.000373680966485894,0.9999999999999999,0
2020-09-16,0,0,0.94901,0.0,0.05099,0.0,1.0,0,0.954774198630291,0.0001947701941995761,0.044864071135920294,0.00016696003958908886,0.9999999999999999,0,0.8860820248246769,0.014104726810070146,0.09189691267685386,0.007916335688399,0.9999999999999999,0,0.8872780420241101,0.013886001412622665,0.09158580341825265,0.007250153145014662,1.0,0,0.9688744506269827,0.00027147437896352794,0.030511454622796027,0.0003426203712577794,1.0000000000000002,0
2020-09-17,0,0,0.94901,0.0,0.05099,0.0,1.0,0,0.9462498049078691,0.00030655630668341465,0.05307850703985819,0.0003651317455892701,1.0,0,0.8963072427638651,0.011847339519450174,0.08402158558377837,0.007823832132906388,1.0,0,0.8960428341028221,0.011761081072659382,0.08458676705910367,0.007609317765414744,0.9999999999999999,0,0.9769352765697893,0.00019883693393824925,0.02262789094368947,0.00023799555258297223,1.0,0
2020-09-18,0,2,0.94901,0.0,0.05099,0.0,1.0,0,0.9493689879289391,0.00012764305373936987,0.050227921499126395,0.0002754475181950792,0.9999999999999999,0,0.9081661371780959,0.008960047744228924,0.07601837928110099,0.006855435796574099,0.9999999999999999,0,0.9078297674993075,0.008573506784817572,0.07690246570453337,0.006694260011341432,1.0,0,0.971590895482147,0.00024690192685757593,0.027855599026168663,0.00030660356482690375,1.0000000000000002,0
2020-09-21,2,2,0.07792,0.00339,0.91292,0.00577,1.0,2,0.06581910865040637,0.0005721514045842523,0.9163082473739821,0.017300492571027188,0.9999999999999999,2,0.2253188518809762,0.04407536228751406,0.6822459495552009,0.04835983627630868,0.9999999999999998,2,0.2182225847589994,0.04210613589280097,0.6859551311199007,0.05371614822829905,1.0,2,0.10560454716999668,0.001119635621340789,0.8877723980842662,0.005503419124396384,1.0,2
2020-09-22,2,2,0.07792,0.00339,0.91292,0.00577,1.0,2,0.09907194130896795,0.0015299021597307378,0.8932242215929583,0.006173934938343006,1.0,2,0.1887330528634965,0.035452860780103145,0.7531365649332504,0.02267752142315003,1.0,2,0.18971980436036578,0.035410436687230845,0.7531941086418145,0.021675650310588948,1.0,2,0.04055924980741583,0.001275821733164855,0.9509767013773155,0.007188227082103677,0.9999999999999998,2
2020-09-23,2,2,0.07792,0.00339,0.91292,0.00577,1.0,2,0.07287910873772406,0.0005515259916427415,0.9185573026706545,0.00801206259997872,1.0,2,0.12858378746688934,0.02114738549127226,0.8273951846417822,0.02287364240005631,1.0000000000000002,2,0.12469499990991927,0.01959189114671551,0.8321610166198905,0.023552092323474688,1.0,2,0.08865883846843012,0.001197166222617801,0.9045323014197695,0.005611693889182515,0.9999999999999999,2
2020-09-24,2,2,0.07792,0.00339,0.91292,0.00577,1.0,2,0.08409029560993593,0.0015306146325363272,0.9085523066712963,0.005826783086231337,0.9999999999999998,2,0.11752334444000591,0.020565830666221956,0.8453629419159335,0.016547882977838498,0.9999999999999999,2,0.11771316911342677,0.020721870138788578,0.8451222010583144,0.016442759689470236,1.0,2,0.07064794552262725,0.0012579470553322168,0.9221852844971431,0.005908822924897513,1.0,2
2020-09-25,2,2,0.07792,0.00339,0.91292,0.00577,1.0,2,0.09090973969880976,0.001179931850267473,0.9045162881124376,0.0033940403384851506,0.9999999999999999,2,0.10554803455553081,0.01750056094196941,0.8642906386120188,0.012660765890480853,0.9999999999999999,2,0.10727540038845117,0.017919742524860467,0.8627999158890244,0.012004941197664118,1.0000000000000002,2,0.08469590175101609,0.0012546450950465015,0.9085780245889756,0.005471428564961716,1.0,2
2020-09-28,2,2,0.07792,0.00339,0.91292,0.00577,1.0,2,0.10464213689173783,0.0014726560149856092,0.8911446067121861,0.0027406003810902723,0.9999999999999998,2,0.09466194818973206,0.015510792401226601,0.8799860231600817,0.00984123624895964,0.9999999999999999,2,0.09665050289157702,0.015956050920190614,0.8784780001012709,0.008915446086961393,0.9999999999999999,2,0.07924606059221026,0.001291653333349578,0.9139846558949322,0.0054776301795079535,1.0,2
2020-09-29,2,0,0.07792,0.00339,0.91292,0.00577,1.0,2,0.06998881246002382,0.0013379937443439849,0.9221176005563433,0.006555593239288945,1.0,2,0.07394806409306891,0.012170114250154481,0.9030789971728406,0.010802824483936097,1.0,2,0.07335781788802836,0.01199870671045879,0.9042818581208413,0.010361617280671687,1.0000000000000002,2,0.09437854678269664,0.0012867697364361051,0.8992638354490429,0.0050708480318242925,0.9999999999999999,2
2020-09-30,0,0,0.94901,0.0,0.05099,0.0,1.0,0,0.9565502328626797,0.00011417255360433808,0.043162668534538984,0.00017292604917687162,0.9999999999999999,0,0.7589331773626783,0.03842541944329142,0.18224368272073785,0.020397720473292563,1.0000000000000002,0,0.7629460218435539,0.036890036477079884,0.1812855922451849,0.018878349434181367,1.0,0,0.952935385274128,0.0004171954375308701,0.04608046150487133,0.0005669577834697384,0.9999999999999999,0
2020-10-01,0,0,0.94901,0.0,0.05099,0.0,1.0,0,0.9402808630435847,0.00017772621160922882,0.059166310670191985,0.0003751000746141633,1.0,0,0.8135934577041571,0.02572781330966504,0.14444442035116184,0.016234308635016136,1.0,0,0.8143139997551867,0.025010121792100444,0.1452969616046598,0.015378916848052988,1.0,0,0.9729450340585962,0.00023468676624949233,0.026531352008306686,0.0002889271668476965,1.0,0
2020-10-02,0,2,0.94901,0.0,0.05099,0.0,1.0,0,0.9391840784788543,9.795819717747267e-05,0.06032815375693894,0.0003898095670292057,0.9999999999999999,0,0.8465677026818464,0.016919434796340543,0.1221239696705361,0.014388892851276813,0.9999999999999998,0,0.8448990053795002,0.01600058294518382,0.1245675813178166,0.014532830357499292,1.0,0,0.9474117370534635,0.0004682048794788265,0.05147087137937881,0.000649186687678789,0.9999999999999999,0
2020-10-05,2,2,0.07792,0.00339,0.91292,0.00577,1.0,2,0.15160483819984522,0.0005725005832873473,0.8455376407755656,0.0022850204413017113,0.9999999999999999,2,0.2925385025657939,0.05025922354519268,0.6327765391536304,0.024425734735383113,1.0,2,0.29937602335490726,0.05019073693365475,0.6282791261460413,0.022154113565396687,1.0,2,0.06602201406080549,0.0011928634228003793,0.9263800880254711,0.006405034490923204,1.0000000000000002,2
2020-10-06,2,2,0.07792,0.00339,0.91292,0.00577,1.0,2,0.08259155345702827,0.0021563834800576408,0.9071357786660024,0.008116284396911672,1.0,2,0.18553856898367121,0.036072621925289754,0.7583314945945634,0.020057314496475714,1.0,2,0.18474917252243422,0.03557892802212169,0.7614813370633464,0.018190562392097747,1.0,2,0.15753901663682632,0.0010570028646789936,0.836794195871354,0.004609784627140811,1.0000000000000002,2
2020-10-07,2,2,0.07792,0.00339,0.91292,0.00577,1.0,2,0.10789204340361953,0.0005312795544467285,0.8882349499692308,0.0033417270727029783,1.0,2,0.1496205853931173,0.024020159651742597,0.8081962841955094,0.0181629707596308,1.0,2,0.15138319182291363,0.02360752595770249,0.8075890354029984,0.017420246816385408,1.0,2,0.12195978430821566,0.0011374298908493805,0.8718883464109258,0.005014439390008954,0.9999999999999999,2
2020-10-08,2,0,0.07792,0.00339,0.91292,0.00577,1.0,2,0.09136615331830393,0.002503833687268858,0.9026721236156994,0.0034578893787278416,1.0,2,0.12614330203928345,0.023462988193592275,0.8381783518507999,0.01221535791632431,1.0,2,0.12837476758912592,0.024399232831621626,0.8365372820403194,0.010688717538933122,1.0,2,0.07475391704594965,0.0012494084643492843,0.9181892187092734,0.0058074557804276014,1.0,2
2020-10-09,0,0,0.94901,0.0,0.05099,0.0,1.0,0,0.9490406801986443,0.000219013952422988,0.05053148617036402,0.00020881967856875515,1.0,0,0.7540406711137735,0.04163102620151944,0.18428593824573888,0.020042364438968303,1.0000000000000002,0,0.7577071711702962,0.040747486470456624,0.18351763447627675,0.018027707882970593,1.0000000000000002,0,0.9715985127236548,0.0002468331493185181,0.027848150523678752,0.00030650360334800927,1.0,0
2020-10-13,0,0,0.94901,0.0,0.05099,0.0,1.0,0,0.9361136094250772,0.0006515026969682384,0.06277026003883561,0.0004646278391189942,1.0,0,0.8145127078113843,0.03049739587186198,0.14039498654747795,0.014594909769275804,1.0,0,0.8152371222103556,0.031579937477333765,0.13984944637389657,0.013333493938414253,1.0000000000000002,0,0.9673581829789186,0.0002852277678320377,0.03199355584193476,0.0003630334113147456,1.0000000000000002,0
2020-10-14,0,0,0.94901,0.0,0.05099,0.0,1.0,0,0.944301362578703,0.0002745304110377877,0.05508272192730891,0.0003413850829501443,0.9999999999999998,0,0.856092244870221,0.018708057578327494,0.11361383170278502,0.01158586584866653,1.0,0,0.8562897438227,0.018375947187905937,0.11423717991268528,0.011097129076708758,1.0,0,0.9532808685590134,0.0004140128127331861,0.045743233448265384,0.0005618851799880505,1.0,0
2020-10-15,0,0,0.94901,0.0,0.05099,0.0,1.0,0,0.9471008874482916,0.000162995524972273,0.05246051606402401,0.000275600962711965,0.9999999999999998,0,0.8793107215531436,0.013774310004113196,0.09702036552609762,0.009894602916645739,1.0000000000000002,0,0.8793930475457986,0.013382057423025794,0.0975573882725651,0.009667506758610507,1.0,0,0.9703859302722615,0.00025779084447250823,0.02903378877553113,0.00032249010773467007,0.9999999999999998,0
2020-10-16,0,0,0.94901,0.0,0.05099,0.0,1.0,0,0.9491524547086782,0.0001461736972888149,0.05046022496830411,0.0002411466257288182,1.0,0,0.8983593429803334,0.011066709715372262,0.0832567133477132,0.007317233956581039,0.9999999999999999,0,0.899042398601257,0.010672837562836624,0.08345951428267898,0.006825249553227164,0.9999999999999998,0,0.9626480311375342,0.00032810909941580435,0.036596092964407356,0.00042776679864266177,1.0,0
2020-10-19,0,0,0.94901,0.0,0.05099,0.0,1.0,0,0.9429456632300217,0.00013239601256978753,0.056545069872241824,0.0003768708851664622,0.9999999999999998,0,0.9053273580613708,0.00895427980550082,0.07834908731041798,0.007369274822710427,1.0,0,0.9042728913018167,0.008531261024138518,0.07986545743363421,0.0073303902404105135,0.9999999999999998,0,0.9622489713908843,0.00033175249053721235,0.03698593708225942,0.00043333903631912043,1.0,0
2020-10-20,0,0,0.94901,0.0,0.05099,0.0,1.0,0,0.9606355942208825,8.017263125972372e-05,0.03914243385213639,0.00014179929572148055,1.0,0,0.9222891024705919,0.007435260426724068,0.06469154566576295,0.005584091436921253,1.0000000000000002,0,0.9230893445866007,0.007197094333596078,0.06427120733929617,0.005442353740506888,0.9999999999999998,0,0.9645171344003618,0.00031106528799914587,0.03476995345038485,0.000401846861254156,0.9999999999999999,0
2020-10-21,0,0,0.94901,0.0,0.05099,0.0,1.0,0,0.9486262882525395,0.00010830546770655799,0.05096422921702989,0.00030117706272409227,1.0,0,0.9227319967087192,0.006782319921471358,0.06459008669969708,0.005895596670112403,1.0,0,0.9222501279826382,0.006543056835272921,0.06530541069546897,0.005901404486620041,1.0000000000000002,0,0.9711997743352202,0.0002504344097998209,0.028238047063416184,0.0003117441915638908,1.0,0
2020-10-22,0,0,0.94901,0.0,0.05099,0.0,1.0,0,0.9570568878333217,0.00011205204450195804,0.042650486949317536,0.00018057317285877773,0.9999999999999999,0,0.9333350322517113,0.006015080880097719,0.05604739209047524,0.004602494777715602,0.9999999999999999,0,0.9337982528720268,0.005873760225210695,0.055851072415040635,0.004476914487721755,0.9999999999999999,0,0.9527493066405033,0.00041891000557837314,0.04626208992055973,0.0005696934333587457,1.0,0
2020-10-23,0,0,0.94901,0.0,0.05099,0.0,1.0,0,0.9476463069788045,0.00021573586540533194,0.05177383207454802,0.00036412508124206535,0.9999999999999999,0,0.9354093618872309,0.005865136373868805,0.0543356064493867,0.004389895289513614,1.0,0,0.935389227765172,0.0058277397658429144,0.05451850400440051,0.004264528464584615,1.0,0,0.9655509447668813,0.000301653541524624,0.03375976169972898,0.00038763999186507624,1.0,0
2020-10-26,0,0,0.94901,0.0,0.05099,0.0,1.0,0,0.9269418079454325,0.0003576124917467982,0.07201773986754344,0.0006828396952773798,1.0,0,0.9334381412068427,0.00571522653439454,0.05597510835897342,0.004871523899789226,0.9999999999999998,0,0.9318597882330817,0.005800710491254684,0.05739233303765216,0.0049471682380113876,0.9999999999999998,0,0.9552446214795495,0.0003959408877194921,0.04382622184921266,0.00053321578351845,1.0,0
2020-10-27,0,2,0.94901,0.0,0.05099,0.0,1.0,0,0.9495770893691193,0.00036010484399044224,0.0498189996622503,0.00024380612464012938,1.0000000000000002,0,0.945569443680605,0.005138041899485779,0.04624107393311301,0.003051440486796207,1.0,0,0.9459566934600927,0.005208719970433959,0.04606237402260026,0.002772212546873085,1.0,0,0.9473153626546607,0.0004690968893416374,0.051564900743927077,0.0006506397120706621,1.0,0
2020-10-28,2,2,0.07792,0.00339,0.91292,0.00577,1.0,2,0.05566634486157779,0.00031116630007147367,0.9295428152702394,0.014479673568111421,1.0000000000000002,2,0.21671658109157182,0.040050776198088604,0.695767390656795,0.047465252053544606,1.0,2,0.20661815828917723,0.03663319895394129,0.7052287695190755,0.0515198732378059,1.0,2,0.1112253461609823,0.001110067825793118,0.8822625875313856,0.005401998481838913,0.9999999999999999,2
2020-10-29,2,0,0.07792,0.00339,0.91292,0.00577,1.0,2,0.09815090868310739,0.0003438941520652371,0.8956273409661026,0.005877856198724737,1.0,2,0.18234364727516927,0.02944416604047698,0.7610507324049153,0.027161454279438422,0.9999999999999999,2,0.18218360959166033,0.02810013946850156,0.7619217059007798,0.027794545039058368,1.0,2,0.04397278487887154,0.0012671199875614715,0.9477238713836924,0.007036223749874604,1.0,2
2020-10-30,0,0,0.94901,0.0,0.05099,0.0,1.0,0,0.9413386088028939,0.00015177666083094572,0.05811543247228858,0.0003941820639865828,1.0,0,0.7371874860077343,0.03820853688197345,0.198650505569537,0.025953471540755255,1.0,0,0.7362107815720003,0.03606169024131817,0.2020843464403643,0.0256431817463174,1.0000000000000002,0,0.9452954078504469,0.0004878081808814266,0.0535355497499177,0.000681234218753954,1.0,0
2020-11-02,0,0,0.94901,0.0,0.05099,0.0,1.0,0,0.9544513071696561,0.00039924063966282366,0.0449786307713136,0.00017082141936755247,1.0,0,0.8285434224474222,0.028530559118765706,0.13083823826008198,0.012087780173730104,1.0,0,0.8314028935563894,0.02912866536392455,0.1288365421310963,0.010631898948589695,1.0,0,0.9658435441202461,0.00029899176423026064,0.03347382797337686,0.0003836361421468784,1.0,0
2020-11-03,0,2,0.94901,0.0,0.05099,0.0,1.0,0,0.9577887802432214,0.000150339589653307,0.04192589379754086,0.0001349863695844331,1.0,0,0.8694892315127222,0.0181171942689818,0.10341386419361592,0.008979710024680163,1.0000000000000002,0,0.8726807252417063,0.0178873659490465,0.10147388678511175,0.007958022024135439,0.9999999999999999,0,0.9745050968912957,0.00022064397535067666,0.025005455764621345,0.0002688033687322599,1.0,0
2020-11-04,2,2,0.07792,0.00339,0.91292,0.00577,1.0,2,0.08641877605207428,0.012972411402595434,0.8932271121805552,0.007381700364775155,1.0,2,0.2832868923252412,0.07684547720389413,0.6194749676613956,0.020392662809468904,0.9999999999999999,2,0.28803205725433156,0.08775395328763014,0.6074046005816895,0.016809388876348762,1.0,2,0.11521007472541299,0.0011033737533932642,0.8783537154942548,0.005332836026938915,1.0,2
2020-11-05,2,2,0.07792,0.00339,0.91292,0.00577,1.0,2,0.10034913213856846,0.0017811401639705373,0.8941180567457586,0.003751670951702538,1.0000000000000002,2,0.20202259589193594,0.038978173223713074,0.7418338635149347,0.01716536736941616,1.0,2,0.20620494181747182,0.03993926926599263,0.7392294106258552,0.01462637829068028,0.9999999999999999,2,0.12430589666130183,0.0011106557696206965,0.8695041399974331,0.005079307571644276,1.0,2
2020-11-06,2,1,0.07792,0.00339,0.91292,0.00577,1.0,2,0.09357407072614088,0.00037167760583070494,0.8983197403708018,0.007734511297226595,0.9999999999999999,2,0.13923417510918848,0.02105214094277303,0.8187814051236858,0.020932278824352637,1.0,2,0.13810683199472545,0.01949760292125611,0.8211706008951807,0.021224964188837687,0.9999999999999999,2,0.09672132586232578,0.001182125427377876,0.8966461644640141,0.005450384246282223,1.0,2
2020-11-09,1,1,0.0,0.93688,0.03148,0.03164,1.0,1,0.02505773471249528,0.8385357799675087,0.12498329613382946,0.01142318918616639,0.9999999999999998,1,0.3729731661763176,0.278471867043349,0.29848326851134466,0.05007169826898867,1.0,0,0.3870588430919801,0.26561826035041386,0.30160280014299207,0.04572009641461408,1.0,0,0.0019156238052683442,0.9538652834746885,0.022607810828098818,0.021611281891944483,1.0,1
2020-11-10,1,1,0.0,0.93688,0.03148,0.03164,1.0,1,0.002314680015805284,0.9779801327985199,0.016954564224436364,0.0027506229612383774,1.0,1,0.23923815190599285,0.48494074797443537,0.22491861814124553,0.050902481978326294,0.9999999999999999,1,0.24353260061954554,0.4833242274375877,0.2262383816668827,0.04690479027598412,1.0,1,0.003719470442946371,0.953726380914947,0.023197086921043275,0.019357061721063284,1.0,1
2020-11-12,1,2,0.0,0.93688,0.03148,0.03164,1.0,1,0.0003274329519987452,0.9930350925186536,0.004638001715078307,0.001999472814269526,1.0000000000000002,1,0.1483547667145919,0.6485485588213658,0.1594387622932558,0.043657912170786545,1.0,1,0.14387529262060936,0.6646441582708472,0.15318733270726936,0.038293216401273915,0.9999999999999999,1,0.0040226526389918965,0.953607581104895,0.023265282809689022,0.019104483446424132,1.0,1
2020-11-13,2,0,0.07792,0.00339,0.91292,0.00577,1.0,2,0.09552931592102752,0.0010628699867155714,0.8979405881710599,0.005467225921197041,1.0,2,0.2625744813157108,0.05139150787315278,0.6553206169412077,0.030713393869928836,1.0000000000000002,2,0.26397901557214204,0.050819938079589705,0.6562519731538009,0.028949073194467198,0.9999999999999998,2,0.07773122031190732,0.0011698506547345988,0.9150048896916256,0.006094039341732539,1.0,2
2020-11-16,0,0,0.94901,0.0,0.05099,0.0,1.0,0,0.9542171703126386,0.00022735772039977483,0.045356594594680326,0.0001988773722811899,0.9999999999999999,0,0.7583382484092303,0.04186967332011052,0.18057311999838,0.01921895827227919,0.9999999999999999,0,0.7623612047488683,0.0412483321555827,0.17909830926368292,0.017292153831866094,0.9999999999999999,0,0.9535016892204323,0.00041197909235375646,0.04552768426120314,0.0005586474260108652,1.0000000000000002,0
2020-11-17,0,0,0.94901,0.0,0.05099,0.0,1.0,0,0.9402662811095853,0.0003909640240924901,0.058921075825762136,0.0004216790405599805,0.9999999999999999,0,0.8133164523800634,0.02762921332852804,0.1436871423118324,0.015367191979576004,1.0,0,0.8133524241664704,0.027361777248065558,0.1448724253259004,0.014413373259563723,1.0,0,0.9725130780316606,0.00023858071095266554,0.02695379621330792,0.0002945450440789626,1.0000000000000002,0
2020-11-18,0,0,0.94901,0.0,0.05099,0.0,1.0,0,0.9429543697915866,0.0002297618893102853,0.056445337503565715,0.0003705308155374154,1.0,0,0.8548620891937552,0.018296882378117708,0.11556914498049635,0.011271883447630604,0.9999999999999998,0,0.8548184995940595,0.017646593091785893,0.11694481272263038,0.010590094591524365,1.0,0,0.9642326320015884,0.0003136573145006794,0.03504793775796976,0.0004057729259410544,0.9999999999999999,0
2020-11-19,0,0,0.94901,0.0,0.05099,0.0,1.0,0,0.9400284701381284,0.00042573282222414327,0.05915434800349463,0.000391449036152941,1.0,0,0.879304501571728,0.01570851012696319,0.09596246962969515,0.009024518671613664,1.0,0,0.8797341600631268,0.015913641450766416,0.09592555029967359,0.00842664818643332,1.0,0,0.9686489223534217,0.00027351839320741573,0.030731916365693085,0.0003456428876777225,0.9999999999999999,0
2020-11-20,0,0,0.94901,0.0,0.05099,0.0,1.0,0,0.9401846175431819,0.0004871435163827903,0.05899292251042815,0.000335316430007386,1.0000000000000002,0,0.8972224159399759,0.012716398824244841,0.08305192631766448,0.0070092589181147,0.9999999999999998,0,0.8975221323455869,0.012880759001418933,0.08316898070116838,0.006428127951825939,1.0000000000000002,0,0.9579821826034022,0.000370801644792543,0.04115328977125095,0.0004937259805541971,0.9999999999999999,0
2020-11-23,0,0,0.94901,0.0,0.05099,0.0,1.0,0,0.9558844476524433,0.00012827552250111132,0.04380964893038817,0.00017762789466734493,1.0,0,0.9130314963137541,0.0091236917576678,0.07166160015093025,0.0061832117776478525,1.0,0,0.9140091191440477,0.008901031739925389,0.07121522708702714,0.005874622028999772,1.0,0,0.9689990644353361,0.0002703452271757362,0.03038963795361092,0.0003409523838772046,1.0,0
2020-11-24,0,0,0.94901,0.0,0.05099,0.0,1.0,0,0.9661896848366529,0.00014404524748766616,0.033583179119200515,8.309079665883701e-05,0.9999999999999999,0,0.9281849534585233,0.008163636763049794,0.05949387320516248,0.0041575365732644766,1.0,0,0.9301103833229634,0.00824312581672092,0.057967354540375535,0.0036791363199402687,1.0,0,0.9686405391419053,0.00027359438343619664,0.030740111142487325,0.0003457553321711405,1.0,0
2020-11-25,0,0,0.94901,0.0,0.05099,0.0,1.0,0,0.9531195219246035,0.00017314257892621991,0.04652936127656204,0.00017797421990826774,1.0,0,0.9276874947704724,0.007107835623333519,0.06052402064411282,0.004680648962081223,0.9999999999999999,0,0.9282575877062854,0.006987032404793848,0.06040218046779377,0.004353199421126846,0.9999999999999999,0,0.9784572207680141,0.00018522516104430538,0.021138498268131908,0.00021905580280972696,1.0,0
2020-11-27,0,0,0.94901,0.0,0.05099,0.0,1.0,0,0.94559332603994,0.00047141208351108243,0.053624357359894154,0.00031090451665494493,1.0000000000000002,0,0.932223465458614,0.007190017422136693,0.056392823178471635,0.004193693940777672,0.9999999999999999,0,0.9326066513293074,0.007386314142383,0.05614270993159739,0.0038643245967121057,1.0,0,0.9690570520567575,0.0002698198505120459,0.030332951381624455,0.0003401767111061906,1.0000000000000002,0
2020-11-30,0,2,0.94901,0.0,0.05099,0.0,1.0,0,0.9468241571588544,0.00018410537780906154,0.052707486211229136,0.0002842512521073267,0.9999999999999999,0,0.9341382130655096,0.005802327164274046,0.05560674607610011,0.004452713694116419,1.0000000000000002,0,0.9338458587721069,0.005717280098774419,0.056146918183953044,0.004289942945165699,1.0,0,0.9640608769450418,0.0003152225286091619,0.03521575403684335,0.0004081464895055803,1.0,0
2020-12-01,2,2,0.07792,0.00339,0.91292,0.00577,1.0,2,0.12037022097090984,0.00019594869565914098,0.8756629035017051,0.003770926831726024,1.0,2,0.2676728973310744,0.04185046329083357,0.6581871811007834,0.0322894582773086,1.0,2,0.2696028593336742,0.038974204116256905,0.6597234785217367,0.03169945802833206,1.0,2,0.07599044356887961,0.0011731822690401932,0.9166990996101597,0.0061372745519205395,1.0,2
2020-12-02,2,0,0.07792,0.00339,0.91292,0.00577,1.0,2,0.10516742427990922,0.000848285572699029,0.8903126665476863,0.003671623599705398,0.9999999999999999,2,0.19072947756299416,0.0330755902796334,0.755337442147235,0.02085749001013744,1.0,2,0.1919126845681567,0.032015519096737145,0.7569231383633424,0.01914865797176375,1.0,2,0.07864955746402962,0.0011920692875130388,0.9142076264160662,0.005950746832391169,1.0,2
2020-12-03,0,2,0.94901,0.0,0.05099,0.0,1.0,0,0.9392430335165928,0.0004891855769708207,0.05997301022024231,0.00029477068619410064,1.0,0,0.7441099510713749,0.04590475532798493,0.18980584812552612,0.02017944547511411,1.0,0,0.7459568383172938,0.046039073255448315,0.19018489792860663,0.01781919049865113,0.9999999999999998,0,0.9689658814109283,0.00027064588795198616,0.03042207629900343,0.0003413964021160704,0.9999999999999998,0
2020-12-04,2,0,0.07792,0.00339,0.91292,0.00577,1.0,2,0.11643931518278688,0.00046141066173091056,0.8801294135074611,0.002969860648021118,1.0,2,0.2726273077257112,0.04652417834848899,0.6512904164058786,0.0295580975199212,1.0,2,0.27561599486613014,0.04471767059550726,0.6517173169099644,0.027949017628398156,0.9999999999999999,2,0.0948973441137301,0.001138320147200852,0.8982533935080944,0.005710942230974788,1.0,2
2020-12-07,0,0,0.94901,0.0,0.05099,0.0,1.0,0,0.9369567742382202,0.0004746330886830149,0.06217831994059839,0.00039027273249830175,0.9999999999999999,0,0.7377126383480034,0.045240551679773665,0.19388340378604108,0.023163406186181772,0.9999999999999999,0,0.737990811323185,0.04533205917053574,0.19506869942142085,0.021608430084858517,1.0,0,0.9683542152326401,0.0002761902697319017,0.031019994692245027,0.00034959980538303275,1.0,0
2020-12-08,0,0,0.94901,0.0,0.05099,0.0,1.0,0,0.9423452931064734,0.0003350923546621905,0.0570325419292837,0.00028707260958064673,0.9999999999999999,0,0.8157566550884957,0.02748114199416666,0.14100700091076643,0.015755202006571288,1.0,0,0.8164847898711329,0.02752506529637984,0.14105063968469195,0.014939505147795528,1.0000000000000004,0,0.9615100992402373,0.00033850241043218245,0.03770770727921007,0.00044369107012039215,1.0,0
2020-12-09,0,0,0.94901,0.0,0.05099,0.0,1.0,0,0.9457716636447198,0.0001060560667700257,0.05387026266179696,0.0002520176267134639,1.0000000000000002,0,0.8541723915990992,0.016834995390510567,0.11610120364804485,0.012891409362345384,1.0,0,0.8539325089606385,0.016030923258507145,0.1172571949117509,0.012779372869103387,1.0,0,0.9626381042670602,0.00032819971230551193,0.03660579077022216,0.00042790525041232306,1.0000000000000002,0
2020-12-10,0,0,0.94901,0.0,0.05099,0.0,1.0,0,0.9452507456290608,0.0006983008411637516,0.05374627208510869,0.00030468144466687055,1.0,0,0.8844539790033996,0.016490137617424277,0.09144287502159848,0.007613008357577566,1.0,0,0.885391722102078,0.017098141696183507,0.09068265369206711,0.006827482509671411,0.9999999999999999,0,0.9649024292752717,0.0003075562910981615,0.03439347333837475,0.00039654109525529875,0.9999999999999999,0
2020-12-11,0,0,0.94901,0.0,0.05099,0.0,1.0,0,0.9425406544863528,0.00023067831262550963,0.05688743265794582,0.00034123454307600674,1.0000000000000002,0,0.8962760139159387,0.011603260268885687,0.08428769988844588,0.007833025926729815,1.0,0,0.8964962692012669,0.011402498229809687,0.08461789181580337,0.007483340753120011,0.9999999999999999,0,0.9752285884529179,0.00021414286730083316,0.024297707435960787,0.00025956124382072083,1.0000000000000002,0
2020-12-14,0,0,0.94901,0.0,0.05099,0.0,1.0,0,0.948191160660605,0.0002100790339384546,0.05135468994204381,0.00024407036341268887,1.0,0,0.9101563572335433,0.009614176343575913,0.07402512780304084,0.006204338619840097,1.0,0,0.9105723241393562,0.009423003531277119,0.07420987199967423,0.005794800329692441,1.0,0,0.9607781577442319,0.0003451941413440233,0.038422657997417384,0.0004539901170066231,1.0,0
2020-12-15,0,0,0.94901,0.0,0.05099,0.0,1.0,0,0.9596494468438352,0.0001235521609659346,0.04010550472203496,0.00012149627316378343,1.0,0,0.9243844662826073,0.00793461415038831,0.0628221020221817,0.004858817544822744,1.0,0,0.9258427136355917,0.007828541910090435,0.06187954302860777,0.0044492014257100625,0.9999999999999999,0,0.967471298170184,0.00028420085943114775,0.03188299779784313,0.00036150317254166395,0.9999999999999999,0
2020-12-16,0,0,0.94901,0.0,0.05099,0.0,1.0,0,0.9519456865969144,0.00022729922545627125,0.047612765771918336,0.00021424840571109493,1.0,0,0.9282669865847233,0.007325501045100188,0.05990636652865052,0.004501145841526004,1.0,0,0.9289898742384568,0.007262665201297308,0.05961593899626322,0.004131521563982757,1.0,0,0.9690570520567575,0.0002698198505120459,0.030332951381624455,0.0003401767111061906,1.0000000000000002,0
2020-12-17,0,0,0.94901,0.0,0.05099,0.0,1.0,0,0.9568052355533072,0.00020210578416926688,0.04283667198182815,0.00015598668069527577,0.9999999999999999,0,0.9360105512645147,0.006450010563543717,0.053794662056393966,0.0037447761155475546,0.9999999999999999,0,0.9370543356868427,0.006424954418947388,0.053149232899839964,0.003371476994369904,1.0,0,0.9685313597106667,0.0002745841218216219,0.030846835797007643,0.000347220370503878,0.9999999999999998,0
2020-12-18,0,0,0.94901,0.0,0.05099,0.0,1.0,0,0.9536559440287666,0.0001334051336320474,0.04601682068286201,0.00019383015473915094,0.9999999999999999,0,0.9379088946864479,0.005449141659370441,0.052631381570181754,0.004010582083999918,1.0,0,0.938237980250475,0.00530898372017409,0.05262968990954343,0.0038233461198074028,0.9999999999999999,0,0.9719467692567338,0.00024368945505738625,0.027507601538261185,0.00030193974994755364,0.9999999999999999,0
2020-12-21,0,0,0.94901,0.0,0.05099,0.0,1.0,0,0.9419956120893063,0.00019560069731896736,0.05739488846928739,0.0004138987440874571,1.0,0,0.9369149376579816,0.005280467912496817,0.05317698879404996,0.004627605635471562,1.0,0,0.9362549519994535,0.0052509535198100215,0.0538040706887392,0.004690023791997212,0.9999999999999999,0,0.9692879536606681,0.00026772823466860406,0.030107226854888522,0.0003370912497748387,1.0,0
2020-12-22,0,0,0.94901,0.0,0.05099,0.0,1.0,0,0.9422339695245676,0.0002900949856094978,0.05707036509024649,0.0004055703995763899,0.9999999999999999,0,0.942023412585502,0.005080296093761614,0.04914033978845862,0.0037559515322777804,1.0,0,0.9417933855538555,0.0051163519948669986,0.04947055999522944,0.003619702456048126,1.0,0,0.9499516818293702,0.000444720495693626,0.0489924818519383,0.0006111158229980087,1.0000000000000002,0
2020-12-23,0,0,0.94901,0.0,0.05099,0.0,1.0,0,0.9610841505107902,9.294011190097278e-05,0.03870429488683207,0.00011861449047699414,1.0000000000000002,0,0.9499880087315689,0.0040498358477086644,0.04299895261019057,0.002963202810531811,1.0,0,0.9505814949964065,0.003955431477781801,0.04267106270430287,0.002792010821508737,0.9999999999999999,0,0.9529477657025324,0.0004170813714015357,0.04606837706700727,0.0005667758590588106,1.0,0
2020-12-24,0,0,0.94901,0.0,0.05099,0.0,1.0,0,0.9505148097132617,0.00035424160246847565,0.04884625916408897,0.00028468952018077456,0.9999999999999999,0,0.9504875996721215,0.004428867134349795,0.04223020893642884,0.0028533242571000123,1.0,0,0.9507670702537647,0.004521669552513058,0.04204934701916689,0.002661913174555182,0.9999999999999999,0,0.9724613861491032,0.00023904685911133047,0.027004348350474123,0.00029521864131137014,1.0,0
2020-12-28,0,0,0.94901,0.0,0.05099,0.0,1.0,0,0.9539815392795905,0.0001678011625182846,0.04561203475968176,0.0002386247982096091,1.0000000000000002,0,0.9525615838719024,0.003813039679175236,0.04073061772561111,0.0028947587233111357,0.9999999999999999,0,0.9528177982579155,0.003809200544092043,0.040595323156318065,0.0027776780416744976,1.0,0,0.963589287338848,0.00031952168559492845,0.03567651434292433,0.0004146766326327994,1.0,0
2020-12-29,0,0,0.94901,0.0,0.05099,0.0,1.0,0,0.9550437971382684,0.00017590504677572337,0.044560635611454825,0.00021966220350093529,0.9999999999999998,0,0.9552996743045572,0.0034966494798329127,0.03867445594324772,0.0025292202723622443,1.0,0,0.9555258731226965,0.0034515524766658926,0.03864154577048399,0.0023810286301534844,0.9999999999999998,0,0.9557493997515758,0.0003913006755701053,0.04333340758127442,0.0005258919915796855,1.0,0
2020-12-30,0,0,0.94901,0.0,0.05099,0.0,1.0,0,0.9551998036206782,0.0002444528324404194,0.04435160913131265,0.00020413441556863023,1.0,0,0.9575496359011546,0.00344505031289682,0.036663185161697136,0.002342128624251487,1.0,0,0.9578917603629208,0.0034761362964008296,0.036442471916423705,0.002189631424254587,0.9999999999999999,0,0.9682270929637605,0.00027734309223955366,0.031144254787077875,0.00035130915692202047,1.0,0
2020-12-31,0,0,0.94901,0.0,0.05099,0.0,1.0,0,0.9566406257678521,0.00028800543841276706,0.042900972343883924,0.00017039644985104323,0.9999999999999999,0,0.9592628478254853,0.0033969306396226394,0.03520637447539915,0.002133847059492758,0.9999999999999998,0,0.9596935700220263,0.003479622671677311,0.03488196981118608,0.0019448374951103096,1.0,0,0.9687744104541558,0.00027238099365985765,0.03060924804576629,0.00034396050641806794,1.0,0
2021-01-04,0,0,0.94901,0.0,0.05099,0.0,1.0,0,0.9505698829314008,0.00012735732094807916,0.049114081324208546,0.0001886784234425155,0.9999999999999999,0,0.9578042803243241,0.002871515734715374,0.03677493206832436,0.002549271872636263,1.0,0,0.9573991712833346,0.0028237963608257273,0.0372741564663986,0.0025028758894410663,1.0,0,0.9647994552048573,0.0003084939572900308,0.034494092989045017,0.0003979578488076372,1.0,0
2021-01-05,0,2,0.94901,0.0,0.05099,0.0,1.0,0,0.9706299297627531,9.264371873600832e-05,0.029208209080131664,6.921743837932528e-05,1.0,0,0.9650535080275464,0.0026562760244317066,0.030428026757360862,0.0018621891906611193,1.0000000000000002,0,0.9657694937929898,0.002712780006847211,0.029736938873594524,0.001780787326568453,1.0,0,0.963209687976551,0.00032298384946835654,0.036047381415880084,0.000419946758100407,0.9999999999999999,0
2021-01-06,2,2,0.07792,0.00339,0.91292,0.00577,1.0,2,0.1342881724047645,0.00016554370604549958,0.8623803831140302,0.0031659007751597685,1.0,2,0.2658819184473988,0.04036794704560122,0.6582279666456254,0.035522167861374486,0.9999999999999999,2,0.2667071190403521,0.03760747227623076,0.6589291865614528,0.03675622212196434,1.0,2,0.17021703066078286,0.0010164828957805036,0.8242235951288023,0.004542891314634168,0.9999999999999998,2
2021-01-07,2,2,0.07792,0.00339,0.91292,0.00577,1.0,2,0.11429930079428696,0.0010071519946737828,0.8807393004230798,0.003954246787959354,0.9999999999999999,2,0.19324379241227077,0.03446639811010577,0.7509153343868852,0.02137447509073828,1.0,2,0.1952715479068667,0.034141349546893025,0.7506156536675096,0.019971448878730758,1.0,2,0.09785459580267912,0.0011563334608155776,0.895450039705833,0.00553903103067231,1.0,2
2021-01-08,2,2,0.07792,0.00339,0.91292,0.00577,1.0,2,0.09505069075149387,0.000874109222580843,0.8961472777794934,0.007927922246431776,0.9999999999999999,2,0.1486397958832317,0.0240770180522482,0.8090967657225774,0.018186420341942778,1.0,2,0.14953287222561606,0.02327328397575568,0.8094792897773182,0.017714554021309954,0.9999999999999999,2,0.09132231987315978,0.0011921480344024417,0.9019285822304612,0.005556949861976399,0.9999999999999999,2
2021-01-11,2,2,0.07792,0.00339,0.91292,0.00577,1.0,2,0.08397150089212434,0.0007205212102330966,0.909261727384624,0.006046250513018599,1.0,2,0.11313752239065587,0.01806203988518116,0.8518400604256405,0.016960377298522303,0.9999999999999999,2,0.11202414449898561,0.01720978826400011,0.8539078489318772,0.016858218305137077,1.0,2,0.09896386030881643,0.0012021698660430655,0.8945339682669845,0.005300001558156082,1.0,2
2021-01-12,2,2,0.07792,0.00339,0.91292,0.00577,1.0,2,0.1022101807549905,0.0014754011748909991,0.8917819148197287,0.0045325032503898115,1.0,2,0.10319361067723211,0.016985499378027933,0.8670655710817902,0.01275531886294985,1.0,2,0.10374284078745882,0.017008414767031067,0.8669581461671929,0.012290598278317218,1.0,2,0.07608379321665057,0.0012722478677705462,0.9169832076732063,0.005660751242372684,1.0,2
2021-01-13,2,2,0.07792,0.00339,0.91292,0.00577,1.0,2,0.07011461364728762,0.0039727772629901854,0.9185638238940094,0.007348785195712844,1.0,2,0.08829230624382048,0.016933995374569712,0.884567009379915,0.010206689001694658,0.9999999999999998,2,0.08888850812693105,0.017798803827587698,0.8840618414010523,0.00925084664442909,1.0,2,0.11361255182069906,0.00122415670909102,0.8803161349825045,0.004847156487705488,1.0,2
2021-01-14,2,2,0.07792,0.00339,0.91292,0.00577,1.0,2,0.09330825825748525,0.0006071977501099238,0.9028313979895354,0.003253146002869419,1.0,2,0.07956144562557588,0.011292528943832704,0.899213018449535,0.009933006981056432,1.0,2,0.07992335253534297,0.010884632998706203,0.899761594540242,0.009430419925708788,0.9999999999999999,2,0.07733988758267125,0.0013222295580939754,0.9159281369878483,0.00540974587138644,0.9999999999999999,2
2021-01-15,2,0,0.07792,0.00339,0.91292,0.00577,1.0,2,0.06500561039907332,0.0012627872986086242,0.9267197822398614,0.007011820062456685,1.0,2,0.06584937658716192,0.010593461717249099,0.9134019024114424,0.010155259284146574,1.0,2,0.06513047318809563,0.01041029454920735,0.9145863363272616,0.009872895935435276,0.9999999999999999,2,0.09395855182443841,0.0013140010952941478,0.8997501868887631,0.004977260191504582,1.0000000000000002,2
2021-01-19,0,0,0.94901,0.0,0.05099,0.0,1.0,0,0.9462432921015811,0.0003148552381396119,0.05319911756099552,0.00024273509928365232,0.9999999999999998,0,0.7462484557716975,0.04385469343454973,0.1883421716545873,0.021554679139165395,1.0,0,0.7484770320490693,0.043680007226272625,0.18814078663079167,0.019702174093866227,0.9999999999999999,0,0.9510299831401037,0.00043476508756464086,0.04794016603856023,0.0005950857337714396,1.0,0
2021-01-20,0,0,0.94901,0.0,0.05099,0.0,1.0,0,0.9519809124435177,0.00024732318438219173,0.047587424413944236,0.00018433995815577062,0.9999999999999999,0,0.8244786215727441,0.026942211908448473,0.13485189605951153,0.013727270459295874,1.0,0,0.8269916797722221,0.026919938128668438,0.1335725954685155,0.012515786630594014,1.0,0,0.9621887600141272,0.00033230235105794663,0.03704475669074364,0.00043418094407136096,1.0000000000000002,0
2021-01-21,0,0,0.94901,0.0,0.05099,0.0,1.0,0,0.9505731966483906,0.00010747526176687896,0.049178508122751194,0.00014081996709148654,1.0000000000000002,0,0.857749049567203,0.017423291930609115,0.11325907050042412,0.01156858800176367,0.9999999999999999,0,0.8588859234795524,0.016819289664793798,0.11340201928983103,0.010892767565822588,0.9999999999999999,0,0.9656792533931915,0.00030048620617586694,0.03363437708636351,0.0003858833142689599,0.9999999999999998,0
2021-01-22,0,0,0.94901,0.0,0.05099,0.0,1.0,0,0.9336153494996886,0.00018751008357368478,0.06562832410222898,0.0005688163145087891,1.0,0,0.8728899618465029,0.01412908400685125,0.10173868587249181,0.011242268274154019,0.9999999999999999,0,0.8718056779654731,0.01380120923910356,0.10309426231401317,0.011298850481410232,1.0000000000000002,0,0.9624689587864711,0.0003297438272623647,0.03677103176851286,0.00043026561775362184,0.9999999999999999,0
2021-01-25,0,0,0.94901,0.0,0.05099,0.0,1.0,0,0.9435831107210665,0.0007450542615733528,0.05535441739114024,0.00031741762621979587,0.9999999999999999,0,0.9001767312631789,0.01353376630473304,0.07976986741619631,0.006519635015891905,1.0,0,0.9010666981940354,0.014151338702775476,0.07888908306446889,0.005892880038720329,1.0,0,0.9441564357372965,0.000498371348190371,0.0546465914911385,0.0006986014233744063,0.9999999999999998,0
2021-01-26,0,0,0.94901,0.0,0.05099,0.0,1.0,0,0.9482275329286507,0.00018104997603935225,0.051302061736907836,0.0002893553584021721,1.0000000000000002,0,0.910215925889976,0.009371114610382772,0.07395669587804002,0.006456263621600979,0.9999999999999998,0,0.9106086793124686,0.009124642485935896,0.07410515723645487,0.006161520965140624,1.0,0,0.9710294458974035,0.00025197335672439986,0.028404593040126554,0.00031398770574549357,1.0,0
2021-01-27,0,0,0.94901,0.0,0.05099,0.0,1.0,0,0.9336090201821851,0.0002121465706409658,0.06565241302260191,0.0005264202245719706,0.9999999999999999,0,0.9108804758895177,0.0081870338544194,0.07397533257148695,0.006957157684575958,1.0,0,0.9087755783914976,0.007968922983051617,0.07620786619572979,0.00704763242972113,1.0000000000000002,0,0.966034257344494,0.000297257333800885,0.03328745473840753,0.00038103058329738644,0.9999999999999999,0
2021-01-28,0,0,0.94901,0.0,0.05099,0.0,1.0,0,0.9545491329245668,0.00010809144187055239,0.04519252266434267,0.00015025296921984923,0.9999999999999999,0,0.927088648817911,0.00693486301241355,0.06090798349829062,0.005068504671384935,1.0,0,0.927770550012635,0.006822320591431392,0.06058979794324607,0.004817331452687678,1.0,0,0.9622489713908843,0.00033175249053721235,0.03698593708225942,0.00043333903631912043,1.0,0
2021-01-29,0,0,0.94901,0.0,0.05099,0.0,1.0,0,0.9443412336423831,9.502581580854652e-05,0.055273448318680876,0.0002902922231274299,0.9999999999999999,0,0.9279346118991942,0.005810214806562279,0.06096127413142112,0.0052938991628221415,0.9999999999999999,0,0.9268906672707655,0.005529619573156322,0.062271589950127375,0.005308123205950799,1.0,0,0.9561330984754302,0.00038777492782958195,0.04295878900008474,0.00052033759665557,1.0,0
2021-02-01,0,0,0.94901,0.0,0.05099,0.0,1.0,0,0.9609986938055979,0.0002957436805322127,0.03853993913502193,0.0001656233788481074,1.0000000000000002,0,0.9432012564358145,0.006063582151762788,0.0475501243962706,0.003185037016151942,0.9999999999999999,0,0.9444724654737437,0.006263970810348099,0.046374642211189074,0.002888921504719112,1.0,0,0.962934809352017,0.0003254917929585709,0.03631592823384669,0.00042377062117766325,1.0,0
2021-02-02,0,0,0.94901,0.0,0.05099,0.0,1.0,0,0.961487192214473,0.00012399443478724868,0.038280835501004966,0.00010797784973481749,1.0,0,0.9449815436660488,0.005056641398102152,0.04669855973794704,0.003263255197901969,0.9999999999999999,0,0.9460366482912076,0.005040151213939885,0.0459193336079401,0.0030038668869123743,0.9999999999999999,0,0.9775732150718295,0.00019312699776339803,0.022003635475358913,0.00023002245504813212,0.9999999999999999,0
2021-02-03,0,0,0.94901,0.0,0.05099,0.0,1.0,0,0.9608368701606548,8.858837420068239e-05,0.03894164444038752,0.00013289702475690495,0.9999999999999999,0,0.9466734148226065,0.0043669535460833,0.04572580080708176,0.0032338308242284425,1.0,0,0.9472261919341963,0.00423329464291498,0.04548550482307075,0.003055008599818104,1.0000000000000002,0,0.9685733952775241,0.00027420304292065357,0.030805745502454133,0.000346656177100996,0.9999999999999999,0
2021-02-04,0,0,0.94901,0.0,0.05099,0.0,1.0,0,0.9585404563081312,0.00016122480416700129,0.041110627090863175,0.00018769179683847381,0.9999999999999999,0,0.950042035411482,0.004324572498314098,0.042720969436511394,0.0029124226536926118,1.0,0,0.9507381301782738,0.004297815639216434,0.04224565250314801,0.0027184016793616295,0.9999999999999999,0,0.9707172494666668,0.00025479503282297306,0.028709848078742356,0.00031810742176790715,1.0,0
2021-02-05,0,0,0.94901,0.0,0.05099,0.0,1.0,0,0.9604979365263125,9.492561446455384e-05,0.03928006961751003,0.00012706824171281105,1.0,0,0.952877905675165,0.0037654234290680037,0.04070684621870951,0.002649824677057613,1.0,0,0.9535752042961261,0.0036669472858995777,0.0403121484310976,0.0024456999868767335,1.0,0,0.9666892464927639,0.0002913035378237765,0.03264734307617083,0.0003721068932414342,0.9999999999999999,0
2021-02-08,0,0,0.94901,0.0,0.05099,0.0,1.0,0,0.9598671459320713,0.0003726623432214435,0.03957601539278962,0.00018417633191764398,1.0,0,0.9553244356931009,0.0041477400633997165,0.03815666899403188,0.002371155249467544,1.0,0,0.9559438266124402,0.004304580933700912,0.03757707840558741,0.0021745140482714548,0.9999999999999999,0,0.9698740606825308,0.00026242180842095083,0.029534235086463013,0.00032928242258516263,0.9999999999999999,0
2021-02-09,0,0,0.94901,0.0,0.05099,0.0,1.0,0,0.9550794205969763,0.00019389572964320442,0.044527272983120335,0.00019941069026006863,0.9999999999999999,0,0.9548107434981237,0.003569225693851582,0.038923414040475085,0.0026966167675495827,0.9999999999999999,0,0.9549557938772536,0.0035714826350801967,0.038875212339374625,0.0025975111482914323,0.9999999999999999,0,0.9752619023743526,0.0002138436950948699,0.02426511683874057,0.00025913709181192996,1.0,0
2021-02-10,0,0,0.94901,0.0,0.05099,0.0,1.0,0,0.9499918867871928,0.00033378910738983875,0.04938979429094604,0.0002845298144710981,0.9999999999999998,0,0.956292727539767,0.0035947782892280207,0.03763341073648398,0.00247908343452121,1.0000000000000002,0,0.9564131895918788,0.0036655896543574475,0.037578585567281025,0.002342635186482663,1.0,0,0.9673058477938136,0.0002857029370566955,0.032044707460585076,0.00036374180854461006,0.9999999999999999,0
2021-02-11,0,0,0.94901,0.0,0.05099,0.0,1.0,0,0.9561825736821348,0.00010054837744353837,0.04351768742021453,0.00019919052020722807,1.0000000000000002,0,0.9582554167975087,0.0029350888487830007,0.03630644736836419,0.0025030469853441384,1.0,0,0.9583991731050573,0.0028645517355089085,0.03629953322605778,0.0024367419333758984,1.0,0,0.9638979345352741,0.00031670770875713225,0.035374957142851486,0.0004104006131174607,1.0,0
2021-02-12,0,2,0.94901,0.0,0.05099,0.0,1.0,0,0.9665617788810756,5.6314353543951964e-05,0.033276711577495566,0.00010519518788479767,0.9999999999999999,0,0.9616128014086693,0.0026139526107713178,0.03353907492350713,0.002234171057052169,1.0,0,0.9620291630866658,0.0025423425268079475,0.03324298325209813,0.0021855111344282314,1.0000000000000002,0,0.9606113780794883,0.00034671961898844107,0.03858555936970323,0.00045634293182002293,1.0,0
2021-02-16,2,2,0.07792,0.00339,0.91292,0.00577,1.0,2,0.1273912225170408,0.00037584069027329583,0.8673838455799285,0.0048490912127575215,1.0000000000000002,2,0.26579958901313105,0.043108958179942515,0.6569272241442347,0.034164228662691774,1.0,2,0.26593739627252355,0.04052728950765512,0.6585241425583729,0.03501117166144857,1.0,2,0.11409091872175571,0.0011052467751918064,0.8794517906859181,0.005352043817134466,1.0,2
2021-02-17,2,2,0.07792,0.00339,0.91292,0.00577,1.0,2,0.08841443679050595,0.0018459864416887806,0.9018680573233312,0.00787151944447406,1.0,2,0.1853921327435711,0.03543326924613949,0.7564537465910588,0.022720851419230637,1.0,2,0.18534143691983368,0.035142169771615835,0.7578238423030633,0.02169255100548709,0.9999999999999999,2,0.12403612036599487,0.0011111060634499998,0.8697692348309384,0.005083538739616755,1.0,2
2021-02-18,2,2,0.07792,0.00339,0.91292,0.00577,1.0,2,0.08486341320746005,0.0007292896744909843,0.9058408376103296,0.008566459507719346,1.0,2,0.14221418984959516,0.022945602396851703,0.8162888357504263,0.018551372003126735,0.9999999999999999,2,0.14153951265380302,0.021600175051932406,0.8189657121700894,0.017894600124175146,0.9999999999999999,2,0.09715566525833862,0.0011813273338291013,0.8962209559454901,0.005442051462342071,1.0,2
2021-02-19,2,2,0.07792,0.00339,0.91292,0.00577,1.0,2,0.09653425463993802,0.00029831444041933353,0.8975518776802671,0.005615553239375506,0.9999999999999999,2,0.11590691158203123,0.01634536607343361,0.8501894046312359,0.017558317713299167,1.0,2,0.11533963294948521,0.01519777778610103,0.8514379400157606,0.018024649248653154,0.9999999999999999,2,0.0850346237478545,0.0012287717837786147,0.9081611862289956,0.005575418239371253,0.9999999999999999,2
2021-02-22,2,2,0.07792,0.00339,0.91292,0.00577,1.0,2,0.109061617424508,0.0008474761229924266,0.8870488225792265,0.0030420838732730716,1.0,2,0.10327298035236974,0.0159187112023054,0.8674522287362129,0.013356079709112054,1.0,2,0.10360918196268373,0.015831768706951892,0.8673305990577945,0.013228450272569971,1.0000000000000002,2,0.07874124107948159,0.0012667411231634096,0.9143917804651819,0.005600237332173008,0.9999999999999999,2
2021-02-23,2,2,0.07792,0.00339,0.91292,0.00577,1.0,2,0.08515128502922703,0.00086642718035559,0.9097219612457986,0.004260326544618873,1.0000000000000002,2,0.08729414001241667,0.013470643954779267,0.8870609665901975,0.01217424944260641,0.9999999999999998,2,0.08746048428749828,0.013224974477349896,0.8874027982269269,0.011911743008224925,1.0,2,0.1371559505371691,0.0011815964610237366,0.8571541349706607,0.004508318031146601,1.0000000000000002,2
2021-02-24,2,2,0.07792,0.00339,0.91292,0.00577,1.0,2,0.10619951644077315,0.0011617598463114938,0.88924320233876,0.003395521374155383,0.9999999999999999,2,0.08499146263698555,0.012845873060498912,0.893014669272927,0.009147995029588718,1.0000000000000002,2,0.08673127125253902,0.013031228386120804,0.8916719002804785,0.0085656000808617,1.0,2,0.07749738389267831,0.00132188955022435,0.9157744257331498,0.005406300823947497,1.0,2
2021-02-25,2,1,0.07792,0.00339,0.91292,0.00577,1.0,2,0.07227925419422916,0.00013784500339928264,0.9133450537966071,0.014237847005764543,1.0,2,0.06300503824351367,0.007330318495478182,0.915535338948597,0.014129304312411248,1.0,2,0.06103920289663168,0.006505488602856071,0.9158786232875672,0.01657668521294505,1.0,2,0.11226648663207482,0.001277443649337139,0.8817799075617345,0.0046761621568534315,0.9999999999999999,2
2021-02-26,1,1,0.0,0.93688,0.03148,0.03164,1.0,1,0.00015691483114025815,0.9964966823057797,0.002444933659950968,0.0009014692031290637,1.0,1,0.2642593860841875,0.4072770966492646,0.26632531314965413,0.06213820411689369,0.9999999999999998,1,0.24772676620099876,0.44702562846357274,0.2488708040451636,0.05637680129026483,0.9999999999999999,1,0.0023318094431118972,0.9539633091017617,0.02278402545875343,0.02092085599637294,1.0,1
2021-03-01,1,1,0.0,0.93688,0.03148,0.03164,1.0,1,0.008010015174913955,0.9268806247903781,0.05348015326838134,0.011629206766326406,0.9999999999999998,1,0.25471136207216943,0.4575896210645474,0.23577003191055262,0.05192898495273051,1.0,1,0.26501045801081674,0.4461825821093167,0.24075045749097493,0.04805650238889153,0.9999999999999998,1,0.00118586911206759,0.953256759692999,0.022175408571850564,0.023381962623082918,1.0,1
2021-03-02,1,2,0.0,0.93688,0.03148,0.03164,1.0,1,0.0020076237134260587,0.974630679238643,0.019104121275132117,0.004257575772799101,1.0000000000000004,1,0.1731419432182383,0.5934732335732885,0.1852306629295173,0.048154160278955915,1.0,1,0.17856947200640114,0.585847395930056,0.19127502518727396,0.04430810687626882,0.9999999999999999,1,0.0019377156563274262,0.9538737053326555,0.022618112386963898,0.021570466624053018,0.9999999999999998,1
2021-03-03,2,2,0.07792,0.00339,0.91292,0.00577,1.0,2,0.10110195126971178,0.00036032779610189347,0.8937281459159455,0.0048095750182408714,1.0,2,0.2555962701966055,0.042210836334330246,0.6676804427862173,0.03451245068284686,1.0,2,0.2535442579095253,0.03893111754155005,0.6729869391956296,0.034537685353295045,1.0,2,0.09836202279372298,0.0011322028851761686,0.8948642269314494,0.005641547389651525,1.0000000000000002,2
2021-03-04,2,2,0.07792,0.00339,0.91292,0.00577,1.0,2,0.09498489902719968,0.0005746273809120205,0.898646156765413,0.005794316826475399,1.0000000000000002,2,0.18345046355067834,0.029845706480232506,0.7609362338774577,0.025767596091631536,1.0,2,0.18202055769936556,0.028304866922156065,0.7634217357103228,0.02625283966815553,0.9999999999999999,2,0.1047791862183326,0.0011440435742068541,0.8886679568474727,0.0054088133599879485,1.0,2
2021-03-05,2,2,0.07792,0.00339,0.91292,0.00577,1.0,2,0.12303809835504527,0.002141321830942582,0.8712035063125204,0.003617073501491573,0.9999999999999998,2,0.1566405793345607,0.028925297481471646,0.7966271480876804,0.01780697509628723,1.0,2,0.15957926717487553,0.030779419917185812,0.7921172449343414,0.017524067973597297,1.0,2,0.12093051427426098,0.0011391944988577813,0.8728997194709778,0.005030571755903578,1.0,2
2021-03-08,2,2,0.07792,0.00339,0.91292,0.00577,1.0,2,0.08721013479798967,0.00038389300553468437,0.9034146822625887,0.008991289933886905,0.9999999999999999,2,0.11021275582072372,0.016175684893057048,0.8530412033349154,0.020570355951303805,1.0,2,0.10834298510733387,0.01506965522593584,0.854091206246796,0.022496153419934262,1.0,2,0.1334718019376037,0.0011408808401980248,0.8606421773949424,0.004745139827255781,0.9999999999999999,2
2021-03-09,2,2,0.07792,0.00339,0.91292,0.00577,1.0,2,0.07923213625597846,0.004508002512471499,0.9119723227009898,0.004287538530560102,0.9999999999999999,2,0.1045084379768821,0.021297829789509278,0.8628386539803535,0.011355078253254944,0.9999999999999999,2,0.10634284134803088,0.023247838603741522,0.8602204466722945,0.010188873375933195,1.0,2,0.06937717185562739,0.0012864842191200744,0.9235132898167002,0.005823054108552281,1.0,2
2021-03-10,2,2,0.07792,0.00339,0.91292,0.00577,1.0,2,0.08592149210038415,0.001914702824535252,0.9089254765678623,0.0032383285072182352,0.9999999999999999,2,0.09104535963475797,0.015748953300661044,0.8836135983412922,0.009592088723288863,1.0,2,0.09223742231636826,0.016101598397619512,0.8832341135288089,0.008426865757203342,1.0,2,0.07663155328763147,0.00129716934721629,0.9165356693365833,0.005535608028568998,1.0,2
2021-03-11,2,2,0.07792,0.00339,0.91292,0.00577,1.0,2,0.10021622497013404,0.0011781990334035033,0.8962843170972348,0.0023212588992277826,1.0000000000000002,2,0.08628372324422373,0.013282700883335791,0.8923510913905932,0.008082484481847327,1.0,2,0.08844660254658436,0.01353299422377912,0.8909283449949505,0.00709205823468602,1.0,2,0.0826737967959177,0.0013108532758995092,0.9107187047800049,0.005296645148177828,1.0,2
2021-03-12,2,2,0.07792,0.00339,0.91292,0.00577,1.0,2,0.0977739835320349,0.00014868368501890877,0.8966471952537054,0.005430137529240969,1.0000000000000002,2,0.06893440867839606,0.008161140423783924,0.9106617605630721,0.012242690334747917,1.0,2,0.06874944592826387,0.00758851228178413,0.9101265789978074,0.013535462792144737,1.0,2,0.10855824416473099,0.0012846865902355926,0.8854237039798083,0.004733365265225104,0.9999999999999999,2
2021-03-15,2,0,0.07792,0.00339,0.91292,0.00577,1.0,2,0.07312756998666824,0.002168240342195368,0.9205222103066308,0.004181979364505547,1.0,2,0.06526916675293162,0.010865846880305747,0.9157150218628909,0.008149964503871723,1.0,2,0.06595421278844081,0.011242423346708823,0.9152236006523192,0.007579763212531162,1.0,2,0.06839911053849577,0.0013975758011541446,0.924807570783592,0.005395742876757967,0.9999999999999998,2
2021-03-16,0,0,0.94901,0.0,0.05099,0.0,1.0,0,0.943959495681717,0.00015877200171931502,0.05567737226452866,0.000204360052035163,1.0,0,0.7455279232327916,0.04010527203363111,0.19268852599674402,0.021678278736833465,1.0000000000000002,0,0.747888615596933,0.038426645102923734,0.1940605400114215,0.01962419928872174,0.9999999999999999,0,0.9610270570473762,0.00034291802749343624,0.03817954192578366,0.00045048299934673117,1.0,0
2021-03-17,0,2,0.94901,0.0,0.05099,0.0,1.0,0,0.9510406081396613,9.360041349648447e-05,0.04861518075807946,0.00025061068876288344,1.0000000000000002,0,0.8165535819761953,0.023551171748639153,0.14315046236788537,0.016744783907280146,1.0,0,0.8172090746454044,0.022310337962229473,0.14409848851976836,0.016382098872597724,0.9999999999999999,0,0.9606844277523032,0.0003460514261522166,0.03851420870156983,0.0004553121199746581,0.9999999999999999,0
2021-03-18,2,2,0.07792,0.00339,0.91292,0.00577,1.0,2,0.06530674243354241,0.00012897140112639078,0.9179331029816118,0.01663118318371929,0.9999999999999999,2,0.22622765133604483,0.03731739983783059,0.6882703216091972,0.04818462721692736,1.0,2,0.21938826233993666,0.03378103554752446,0.6934493978112087,0.05338130430133021,1.0,2,0.08298556882173007,0.001159958324750981,0.9098855342503291,0.00596893860318974,0.9999999999999999,2
2021-03-19,2,2,0.07792,0.00339,0.91292,0.00577,1.0,2,0.09108273600882467,0.0023000342290466144,0.9015937281172056,0.0050235016449230695,0.9999999999999999,2,0.19097195226240068,0.03759956824985227,0.7509692219376879,0.02045925755005911,0.9999999999999999,2,0.19224692254101453,0.03816341307991109,0.7508781610308374,0.018711503348236912,0.9999999999999999,2,0.03329587385663961,0.0012957448342392622,0.9578457599399988,0.0075626213691224135,1.0,2
2021-03-22,2,0,0.07792,0.00339,0.91292,0.00577,1.0,2,0.0858711796878806,0.003573026433966989,0.905590710081518,0.004965083796634343,0.9999999999999999,2,0.1471452460967922,0.030383620927125904,0.8061548831968709,0.016316249779210992,1.0,2,0.148518753788836,0.03200453530332539,0.8046600567108383,0.014816654197000383,1.0,2,0.11581123535397832,0.0011480368340602968,0.87792808147546,0.00511264633650144,1.0,2
2021-03-23,0,0,0.94901,0.0,0.05099,0.0,1.0,0,0.9172240555646844,0.0003341417005040641,0.08165981525138381,0.0007819874834277,1.0,0,0.7178466002465467,0.04447741004940357,0.20845310871494194,0.029222880989107945,1.0,0,0.7144817373190261,0.044578061716745186,0.21212321625311245,0.0288169847111161,0.9999999999999998,0,0.9654682163788243,0.0003024062856540487,0.03384060393227357,0.00038877340324804967,1.0,0
2021-03-24,0,0,0.94901,0.0,0.05099,0.0,1.0,0,0.9507215682028173,0.0005201439306323628,0.04857735433584068,0.00018093353070954262,0.9999999999999999,0,0.8256018714174481,0.02912807351538474,0.13301645522597416,0.01225359984119301,1.0,0,0.8272084856268185,0.03007241566861918,0.13185131315064016,0.01086778555392228,1.0,0,0.9261664728716811,0.0006663068117415628,0.07218402119368049,0.0009831991228968077,0.9999999999999999,0
2021-03-25,0,0,0.94901,0.0,0.05099,0.0,1.0,0,0.9421535727328355,6.845785691063145e-05,0.057429929121515885,0.000348040288738108,1.0000000000000002,0,0.8477109530596733,0.016988131516625895,0.12058047730267919,0.014720438121021594,1.0,0,0.8469425438581356,0.01635239185928218,0.12176044030232108,0.014944623980261213,1.0000000000000002,0,0.9814244700104405,0.00015879761603048448,0.0182337544518824,0.0001829779216466075,0.9999999999999999,0
2021-03-26,0,0,0.94901,0.0,0.05099,0.0,1.0,0,0.9636762259722105,0.00020693252798832367,0.0360055241312509,0.00011131736855031592,1.0,0,0.8931117218409756,0.014576018359029276,0.08520104881727966,0.007111210982715292,0.9999999999999999,0,0.8955029281324535,0.014878258182268561,0.08317134174966469,0.006447471935613175,0.9999999999999998,0,0.9278296352063287,0.0006507015828049758,0.07056353999779913,0.0009561232130672882,1.0,0
2021-03-29,0,0,0.94901,0.0,0.05099,0.0,1.0,0,0.9518617269302204,8.72021218418775e-05,0.047800707654046655,0.000250363293891105,1.0,0,0.897545167547775,0.010313604695215747,0.08396499252680993,0.0081762352301993,0.9999999999999999,0,0.8977654478406935,0.009792597740651266,0.0843758853246068,0.008066069094048455,1.0,0,0.9795074673742926,0.0001758538751397913,0.020110524677508665,0.00020615407305908477,1.0,0
2021-03-30,0,2,0.94901,0.0,0.05099,0.0,1.0,0,0.938549892205672,0.00025346850989380645,0.060475057475185404,0.0007215818092489902,1.0000000000000002,0,0.902916502197166,0.009863782895413528,0.07917191798374892,0.008047796923671389,0.9999999999999999,0,0.9016727580745868,0.009740045770544044,0.08035516087642283,0.008232035278446221,0.9999999999999998,0,0.9632976244590097,0.00032218169065842194,0.03596146903695282,0.00041872481337892767,0.9999999999999999,0
2021-03-31,2,2,0.07792,0.00339,0.91292,0.00577,1.0,2,0.09933762357961974,0.0008773339381649161,0.894881926210006,0.004903116272209275,0.9999999999999999,2,0.26491680318142624,0.049350209175301474,0.6578559892263862,0.027876998416886154,1.0,2,0.26629479411163004,0.0473309440938989,0.6611077356573093,0.025266526137161693,1.0,2,0.06795169221614551,0.0011889660719596948,0.9245090933722291,0.006350248339665735,1.0,2
2021-04-01,2,2,0.07792,0.00339,0.91292,0.00577,1.0,2,0.09568701914290627,0.007345554136968989,0.8915056942878491,0.005461732432275806,1.0000000000000002,2,0.20322375966813705,0.04669858321331407,0.7330945947571417,0.016983062361407283,1.0,2,0.20731896489884433,0.05168801078431935,0.7262717337256966,0.014721290591139611,0.9999999999999999,2,0.08823224969390271,0.0011738989097409068,0.9048590508511061,0.005734800545250378,1.0,2
2021-04-05,2,0,0.07792,0.00339,0.91292,0.00577,1.0,2,0.08584002244168112,0.0005333911946102909,0.9070614788095361,0.006565107554172291,0.9999999999999999,2,0.14045156478160048,0.023497771604286906,0.8149668643585978,0.021083799255514783,0.9999999999999999,2,0.14052192791310256,0.02308619966784657,0.8151865646742626,0.02120530774478825,1.0,2,0.14746643086828864,0.0010949114250777125,0.8467906935744489,0.004647964132184729,1.0,2
2021-04-06,0,0,0.94901,0.0,0.05099,0.0,1.0,0,0.9413166181061795,0.0004921081010529548,0.05785522399722991,0.00033604979553753303,0.9999999999999999,0,0.7482064587042565,0.04509106469619164,0.1866683855218757,0.020034091077676175,1.0,0,0.750284264459711,0.04513754713175281,0.18659291249447532,0.017985275914060888,0.9999999999999999,0,0.9362502659812378,0.0005719326843431554,0.0623564332884509,0.0008213680459680638,1.0,0
2021-04-07,0,0,0.94901,0.0,0.05099,0.0,1.0,0,0.9511659323108812,0.00011968862178237161,0.04853870727048719,0.00017567179684918548,0.9999999999999999,0,0.8216609193064758,0.024347002741121043,0.13945344176982857,0.014538636182574435,0.9999999999999998,0,0.8236309734239418,0.023286509075297033,0.13963850672821754,0.013444010772543683,1.0,0,0.9712537655748608,0.0002499466645787099,0.028185254114580584,0.00031103364597972506,0.9999999999999998,0
2021-04-08,0,0,0.94901,0.0,0.05099,0.0,1.0,0,0.9431106010021171,0.0005015887036540467,0.05606530859697023,0.0003225016972587149,1.0,0,0.8583781281519152,0.020662342298003716,0.11062984673069676,0.010329682819384366,1.0,0,0.8595285969858847,0.021010547707906845,0.11007280280639294,0.009388052499815589,1.0000000000000002,0,0.9656059907534543,0.00030115271897456685,0.033705970351138634,0.0003868861764325633,1.0,0
2021-04-09,0,0,0.94901,0.0,0.05099,0.0,1.0,0,0.9503316936605017,0.00013407009447587815,0.04924916065798382,0.00028507558703850757,0.9999999999999999,0,0.8827649674321802,0.013450174209731738,0.09430340208227307,0.009481456275814898,0.9999999999999999,0,0.8836078137387801,0.013028365481866713,0.094129816365242,0.009234004414111098,0.9999999999999999,0,0.9661427743703772,0.00029627060492681286,0.03318140556729153,0.0003795494574047033,1.0000000000000002,0
2021-04-12,0,0,0.94901,0.0,0.05099,0.0,1.0,0,0.9452092129797804,0.0002046416755306069,0.05435230071534261,0.0002338446293463195,0.9999999999999999,0,0.8985285888669462,0.011527449225655326,0.08272310265651854,0.00722085925087992,0.9999999999999999,0,0.8993202571663896,0.011312425800463084,0.0826903873403028,0.0066769296928446,1.0,0,0.9618255487563435,0.0003356200001431436,0.037399565315477966,0.00043926592803546666,1.0,0
2021-04-13,0,0,0.94901,0.0,0.05099,0.0,1.0,0,0.9493385352129973,0.000477835332557552,0.04995501998160254,0.00022860947284261552,1.0,0,0.9117955037785501,0.010823821754875004,0.07172539455487804,0.005655279911696771,0.9999999999999999,0,0.9126112652811387,0.011125663512032851,0.07114396753967904,0.005119103667149243,0.9999999999999998,0,0.9631509510488865,0.00032351969193077654,0.03610476594197171,0.00042076331721104784,1.0,0
2021-04-14,0,0,0.94901,0.0,0.05099,0.0,1.0,0,0.9578276886245619,0.00022934484159438148,0.04180999918149423,0.0001329673523494317,1.0,0,0.9255738482194611,0.008387805674445536,0.06172055035353334,0.004317795752560147,1.0,0,0.9268170418758049,0.008481368711776167,0.06085690782968056,0.0038446815827382877,1.0,0,0.9698982450373206,0.00026220293826341966,0.02951059109750933,0.0003289609269065907,0.9999999999999999,0
2021-04-15,0,2,0.94901,0.0,0.05099,0.0,1.0,0,0.9432722150260581,0.0011949850200690306,0.05530631011278505,0.00022648984108782303,1.0,0,0.9293309452994543,0.009349862160497225,0.057449477594187316,0.003869714945861168,1.0,0,0.9303207622580619,0.010228248551093744,0.05612106179248608,0.003329927398358234,1.0,0,0.9822173048548564,0.00015176314705413313,0.017457391385919455,0.0001735406121702556,1.0000000000000002,0
2021-04-16,2,0,0.07792,0.00339,0.91292,0.00577,1.0,2,0.09931181405976729,0.0005229272201558153,0.8964048808820652,0.003760377838011815,1.0,2,0.26397161564804256,0.046390784887204155,0.6584330354274616,0.031204564037291747,1.0,2,0.2652029443203295,0.04428382215710421,0.6608236682912563,0.02968956523131009,1.0,2,0.10449024000615081,0.001121550937789424,0.8888641085876595,0.0055241004684002115,1.0,2
2021-04-19,0,0,0.94901,0.0,0.05099,0.0,1.0,0,0.9428435538287986,0.0001498777760919009,0.05671210795746912,0.0002944604376404999,1.0000000000000002,0,0.7419709175442333,0.03874939179426687,0.19474137361928506,0.02453831704221473,0.9999999999999999,0,0.7426631732421873,0.036897252703113226,0.19678087450265416,0.02365869955204544,1.0000000000000002,0,0.9619065509835264,0.0003348799985070814,0.03732043807172532,0.00043813094624124883,1.0000000000000002,0
2021-04-20,0,0,0.94901,0.0,0.05099,0.0,1.0,0,0.9391355509367224,0.00030809881566205903,0.0600937395224385,0.0004626107251769633,0.9999999999999999,0,0.8102500733616292,0.026714321302743246,0.1463700315076256,0.01666557382800193,1.0,0,0.809514260601146,0.02615397691205755,0.1482433165005058,0.0160884459862906,0.9999999999999999,0,0.9643182127102592,0.000312877524318439,0.034964318569313826,0.0004045911961085518,1.0,0
2021-04-21,0,0,0.94901,0.0,0.05099,0.0,1.0,0,0.9480391859029759,0.00025098977441908704,0.051436782976512066,0.0002730413460927949,0.9999999999999998,0,0.8579138402545907,0.019156289758488862,0.11177604170292096,0.011153828283999613,1.0000000000000002,0,0.8590770268079698,0.019024316338965338,0.11146605528492659,0.010432601568138251,1.0,0,0.9613770701096307,0.0003397182444640264,0.037837651988916435,0.0004455596569886102,0.9999999999999997,0
2021-04-22,0,0,0.94901,0.0,0.05099,0.0,1.0,0,0.9415031088016442,0.0003276972003662555,0.05784537981018182,0.0003238141878076321,0.9999999999999999,0,0.8803439296079685,0.014855106600100655,0.09614226231218193,0.008658701479748988,1.0,0,0.8805927050696785,0.014688313523259897,0.09670375671935548,0.008015224687706138,1.0,0,0.9600646322015728,0.0003517223339725612,0.03911957371942709,0.0004640717450274845,0.9999999999999999,0
2021-04-23,0,0,0.94901,0.0,0.05099,0.0,1.0,0,0.955621640784466,0.00019662985465939794,0.044000229710618,0.0001814996502568396,1.0000000000000002,0,0.9028531827602485,0.011547980103302805,0.07891169248376183,0.006687144652686905,1.0,0,0.9043405957882311,0.011463768498401057,0.07803466680841264,0.006160968904955106,0.9999999999999999,0,0.9691809576809037,0.0002686973776062582,0.030211824576793656,0.00033852036469655657,1.0000000000000002,0
2021-04-26,0,0,0.94901,0.0,0.05099,0.0,1.0,0,0.9533619091159968,0.00020247731420072336,0.04622973989825139,0.00020587367155114407,1.0000000000000002,0,0.9117577991531529,0.009627790077011414,0.07251058678187791,0.0061038239879578505,1.0000000000000002,0,0.9124815304375975,0.009504963615740212,0.07228654945998615,0.005726956486676089,0.9999999999999999,0,0.9691231949826771,0.00026922063320251166,0.030268292042120726,0.00033929234199950775,0.9999999999999999,0
2021-04-27,0,0,0.94901,0.0,0.05099,0.0,1.0,0,0.957607476563697,9.129956933592763e-05,0.042161094816022836,0.00014012905094428946,1.0,0,0.9210286148927508,0.007549814236368838,0.06574196932440235,0.005679601546477961,0.9999999999999999,0,0.9216089483807592,0.007318866989656765,0.06556324550019242,0.005508939129391594,1.0,0,0.9693945897155501,0.00026676248495825924,0.030002979760133528,0.0003356680393581482,1.0000000000000002,0
2021-04-28,0,0,0.94901,0.0,0.05099,0.0,1.0,0,0.9522295663256918,0.00022946580735026174,0.04736369559548558,0.00017727227147245472,1.0,0,0.9263009006354118,0.007461397540625271,0.061399152495926805,0.004838549328035928,0.9999999999999998,0,0.9266741469907724,0.0074515580402803585,0.06136159915425626,0.004512695814690807,0.9999999999999998,0,0.9705362607946412,0.0002564313800242702,0.028886807638482625,0.00032050018685210127,1.0000000000000002,0
2021-04-29,0,0,0.94901,0.0,0.05099,0.0,1.0,0,0.9557112830178821,0.00015854933522013595,0.04395387441762448,0.0001762932292731849,0.9999999999999998,0,0.9352160048885837,0.006232747224057259,0.05444942999943611,0.004101817887922761,0.9999999999999999,0,0.9361041081802833,0.006157825689842755,0.053908494741833436,0.0038295713880404174,1.0,0,0.9661066392725813,0.00029659916193119137,0.03321671902508344,0.0003800425404038871,0.9999999999999998,0
2021-04-30,0,0,0.94901,0.0,0.05099,0.0,1.0,0,0.9393421349564812,0.00020499528624139173,0.06002068993242984,0.00043217982484772244,1.0000000000000002,0,0.9336562053560755,0.005762814435087035,0.0559540400410585,0.004626940167778865,1.0,0,0.9331920303821322,0.005666496518881453,0.05660433901423233,0.0045371340847538974,0.9999999999999998,0,0.9691809576809037,0.0002686973776062582,0.030211824576793656,0.00033852036469655657,1.0000000000000002,0
2021-05-03,0,0,0.94901,0.0,0.05099,0.0,1.0,0,0.956454738008418,0.0002428434814306257,0.04314245348483397,0.00015996502531748778,1.0,0,0.943006722370552,0.005419973417523245,0.04826440799282818,0.0033088962190964727,0.9999999999999999,0,0.9436299975720257,0.005455815577487981,0.0478910199529014,0.003023166897584914,0.9999999999999999,0,0.9544351432502363,0.0004033864946200796,0.044616470639310374,0.000544999615833281,1.0,0
2021-05-04,0,0,0.94901,0.0,0.05099,0.0,1.0,0,0.9519297583805855,0.00043586797974365734,0.04743545846652567,0.00019891517314507646,0.9999999999999999,0,0.9463153453806591,0.005263744871514047,0.04543996726494229,0.0029809424828845287,0.9999999999999999,0,0.9467043261464485,0.005445627308885167,0.045128793944298515,0.0027212526003678925,1.0,0,0.9704888681549284,0.0002568599301635148,0.028933144634751214,0.0003211272801567082,0.9999999999999999,0
2021-05-05,0,0,0.94901,0.0,0.05099,0.0,1.0,0,0.9554094245066371,0.0002738921329396949,0.044181596290718474,0.00013508706970461937,1.0,0,0.9489070350908434,0.004696859707509717,0.04359591721025789,0.0028001879913889405,1.0,0,0.9494438879210956,0.004772542487505865,0.043269007126035104,0.0025145624653636167,1.0000000000000002,0,0.977164241739353,0.00019678683570058223,0.022403843145825615,0.0002351282791209476,1.0000000000000002,0
2021-05-06,0,0,0.94901,0.0,0.05099,0.0,1.0,0,0.9534282326396915,0.00021964417321173108,0.046107892580372324,0.00024423060672472353,1.0000000000000002,0,0.9518857380182066,0.004139373906227614,0.041205270190029425,0.0027696178855363567,1.0,0,0.9524423434080991,0.0041477234704547635,0.04082758091085973,0.002582352210586359,0.9999999999999999,0,0.9689243542537541,0.00027102217020321084,0.030462671355527087,0.0003419522205154036,0.9999999999999998,0
2021-05-07,0,2,0.94901,0.0,0.05099,0.0,1.0,0,0.9618905122667667,0.0001547623607774201,0.03785328190706947,0.00010144346538638761,1.0,0,0.9559149855455963,0.003765785080039874,0.03803252178727117,0.002286707587092542,0.9999999999999999,0,0.9567673934099586,0.0037709111724484688,0.03741920729909317,0.0020424881184995755,0.9999999999999999,0,0.9644982356167869,0.0003112374441930135,0.03478841949655888,0.0004021074424610721,0.9999999999999999,0
2021-05-10,2,0,0.07792,0.00339,0.91292,0.00577,1.0,2,0.09387069498861582,0.0003731840171228212,0.9021213137446757,0.0036348072495855457,0.9999999999999999,2,0.25323063557761405,0.043457017902556676,0.6704346856291055,0.032877660890723893,1.0000000000000002,2,0.2516459242068521,0.04031438795801235,0.6765417441809648,0.0314979436541708,1.0,2,0.11914467204850221,0.0010968308484156214,0.8744919060132766,0.005266591089805557,1.0,2
2021-05-11,0,2,0.94901,0.0,0.05099,0.0,1.0,0,0.9481917430262486,0.00011860698774436385,0.05140626743760871,0.00028338254839839987,1.0,0,0.7430728434308805,0.037421766820310884,0.19443724075322083,0.025068148995587836,1.0,0,0.7431664266559193,0.03532850078520528,0.19675891374817456,0.024746158810700938,1.0,0,0.9593601994818602,0.0003581719352964092,0.03980756380242648,0.00047406478041699465,1.0,0
2021-05-12,2,2,0.07792,0.00339,0.91292,0.00577,1.0,2,0.0913235499876111,0.00031325234937243195,0.9025988697177482,0.005764327945268253,1.0,2,0.24610009658277165,0.04063479462775941,0.6762737001527171,0.036991408636751905,1.0000000000000002,2,0.24159038881154024,0.03687454894350428,0.683851280098137,0.037683782146818494,1.0,2,0.11179885311679123,0.0011090999957141655,0.8817001371377666,0.005391909749728037,1.0000000000000002,2
2021-05-13,2,2,0.07792,0.00339,0.91292,0.00577,1.0,2,0.07948058768724858,0.0007636127416370096,0.9104004304888188,0.009355369082295584,1.0,2,0.17575378616560838,0.033306857289715566,0.7646129234082375,0.026326433136438603,1.0,2,0.17497783683576387,0.033158478224942486,0.7658232062735503,0.02604047866574339,1.0,2,0.09300147327488331,0.001165116185410498,0.9001979873397661,0.0056354231999400425,0.9999999999999999,2
2021-05-14,2,0,0.07792,0.00339,0.91292,0.00577,1.0,2,0.09348350372797185,0.0036493357437021425,0.8987921531619394,0.004075007366386526,0.9999999999999999,2,0.15447209295202743,0.03148846946190229,0.7992769417239638,0.014762495862106468,1.0,2,0.15743733491117412,0.033599747636654256,0.795956520445085,0.01300639700708661,1.0,2,0.04111303274329288,0.0013005524658783465,0.9505661788166986,0.007020235974130411,1.0000000000000002,2
2021-05-17,0,0,0.94901,0.0,0.05099,0.0,1.0,0,0.9496174712963192,0.00021577349067571777,0.04997877076468066,0.00018798444832434752,1.0,0,0.750240560380261,0.04133798471690757,0.18809310388522069,0.020328351017610623,0.9999999999999999,0,0.7528766214840479,0.04015355830312522,0.18867122257252403,0.018298597640303012,1.0,0,0.9702109337752572,0.000259373711390777,0.029204883167393215,0.00032480934595872685,0.9999999999999999,0
2021-05-18,0,0,0.94901,0.0,0.05099,0.0,1.0,0,0.9407873640710689,0.00015132760697042367,0.05872313819732621,0.0003381701246342983,0.9999999999999999,0,0.8128917815660461,0.024413590272841117,0.14585152546375274,0.016843102697360016,0.9999999999999999,0,0.8126454284428509,0.023256952679309564,0.1477434763301016,0.016354142547737954,1.0000000000000002,0,0.9715604066690255,0.0002471772235075318,0.02788541237706928,0.0003070037303977578,1.0000000000000002,0
2021-05-19,0,0,0.94901,0.0,0.05099,0.0,1.0,0,0.9314541599753194,9.093344499080483e-05,0.06745672309750954,0.0009981834821801755,0.9999999999999999,0,0.8422919410153751,0.01659478981379077,0.12388020440793127,0.017233064762902796,0.9999999999999999,0,0.8392087361218216,0.015775603817654024,0.12613165804645313,0.018884002014071193,0.9999999999999998,0,0.962017659402131,0.0003338650621986853,0.037211900530007884,0.0004365750056623226,0.9999999999999999,0
2021-05-20,0,0,0.94901,0.0,0.05099,0.0,1.0,0,0.9402253665511278,0.0004393324826294852,0.058862510314935744,0.00047279065130687416,0.9999999999999999,0,0.8798512118786372,0.01592947378204959,0.09532127741781066,0.008898036921502497,0.9999999999999999,0,0.8804338256592937,0.01625061225211167,0.09503002660499886,0.008285535483595747,1.0,0,0.9329944731949678,0.0006023392688759276,0.06553018836046792,0.0008729991756884534,1.0,0
2021-05-21,0,0,0.94901,0.0,0.05099,0.0,1.0,0,0.9474428505208471,0.00030292716903423266,0.05200422425493371,0.00024999805518497614,1.0,0,0.8992604320143324,0.012041289129792547,0.0817645052682555,0.006933773587619587,1.0,0,0.9000400655371606,0.011999704585940728,0.08158843963331651,0.006371790243582259,1.0000000000000002,0,0.9525999402064519,0.00042028649836808857,0.04640788215903961,0.0005718911361403875,1.0,0
2021-05-24,0,0,0.94901,0.0,0.05099,0.0,1.0,0,0.9566855159897203,0.000408252592557109,0.042761629952676954,0.00014460146504575105,1.0,0,0.9162318863420779,0.010686263935150465,0.06809087789271592,0.004990971830055744,1.0,0,0.9177675622497333,0.011063348641834144,0.06677846924157245,0.004390619866860053,1.0,0,0.968749351804054,0.00027260810588955177,0.030633743749458413,0.00034429634059793415,0.9999999999999999,0
2021-05-25,0,0,0.94901,0.0,0.05099,0.0,1.0,0,0.9393148169530603,0.0005154111522645896,0.05980973958733003,0.0003600323073450097,1.0,0,0.9171964070071171,0.009388119327181062,0.0679776673800067,0.005437806285695136,1.0,0,0.9173248655469958,0.009624704661121313,0.0680407700717797,0.00500965972010319,0.9999999999999999,0,0.9759190778583805,0.00020794526110073025,0.023622181171543452,0.00025079570897533623,1.0,0
2021-05-26,0,0,0.94901,0.0,0.05099,0.0,1.0,0,0.9496808456072282,0.00016700996859622604,0.04987178379118492,0.0002803606329907644,1.0000000000000002,0,0.9274437682162338,0.006959335514006073,0.060619490913217,0.004977405356543185,1.0,0,0.9279371293268265,0.006804442821736005,0.06048348608918952,0.004774941762248029,1.0,0,0.9605381981782588,0.0003473890529349267,0.03865703675607184,0.0004573760127345844,1.0000000000000002,0
2021-05-27,0,0,0.94901,0.0,0.05099,0.0,1.0,0,0.9578659450608478,0.00015343531380032684,0.04182296369007928,0.00015765593527268727,1.0,0,0.9353384470765015,0.006186288660720776,0.05439277043106807,0.004082493831709832,1.0000000000000002,0,0.93610508893169,0.0061145304844909005,0.053945752905836114,0.0038346276779829985,1.0,0,0.9659708007654869,0.00029783439305402387,0.03334946766383872,0.00038189717762047705,1.0,0
2021-05-28,0,0,0.94901,0.0,0.05099,0.0,1.0,0,0.9457736247562648,0.00027289355225276334,0.05367583550624338,0.00027764618523901585,1.0,0,0.9356317510211888,0.006091618664957541,0.054105770863229985,0.004170859450623692,1.0,0,0.9357529139015893,0.006130983252281223,0.054181929774476764,0.003934173071652628,1.0,0,0.9744433120586806,0.0002211994971363464,0.025065893121027718,0.00026959532315526293,1.0,0
2021-06-01,0,0,0.94901,0.0,0.05099,0.0,1.0,0,0.9609175723147988,0.00014216868674157983,0.03883044921306153,0.00010980978539816032,1.0,0,0.9448661294853296,0.005051824524416486,0.04691429646231739,0.003167749527936397,0.9999999999999998,0,0.9456997256887435,0.00503003795986083,0.046365108354768904,0.002905127996626859,1.0,0,0.9570841652097557,0.00037904112126627794,0.04203017603502592,0.0005066176339522226,1.0000000000000002,0
2021-06-02,0,0,0.94901,0.0,0.05099,0.0,1.0,0,0.9526309412024601,0.0002625941986799277,0.046866693677827545,0.00023977092103231177,0.9999999999999999,0,0.946192916261926,0.004914612189546921,0.04576790976836258,0.003124561780164418,0.9999999999999999,0,0.9466988715888686,0.004925450586239005,0.045484278160456075,0.0028913996644363477,1.0,0,0.9775368843816346,0.00019345201025452232,0.022039188400125424,0.00023047520798542907,1.0,0
2021-06-03,0,0,0.94901,0.0,0.05099,0.0,1.0,0,0.9479721645904391,0.00010004174047351067,0.05155711267798378,0.0003706809911038907,1.0000000000000002,0,0.9450773879746667,0.004034206856240557,0.04692098181095235,0.003967423358140396,1.0,0,0.9446015671457808,0.0038969493675538583,0.04741087673275593,0.004090606753909435,1.0,0,0.9697852234562828,0.00026322585141099787,0.02962108681845114,0.00033046387385513097,1.0,0
2021-06-04,0,0,0.94901,0.0,0.05099,0.0,1.0,0,0.9533468810552029,0.0009440519624548866,0.04551110071049182,0.0001979662718502613,0.9999999999999999,0,0.9530748696049887,0.0050993285390275285,0.039509443230344075,0.002316358625639743,1.0,0,0.9537792673359501,0.005553758671703298,0.03863838625636722,0.0020285877359794593,1.0,0,0.9549367473856402,0.000398772085753745,0.044126788586203634,0.0005376919424024734,1.0,0
2021-06-07,0,0,0.94901,0.0,0.05099,0.0,1.0,0,0.9534253145255002,0.00013301305094431883,0.04618295361153996,0.0002587188120154636,0.9999999999999999,0,0.9522362153933563,0.003616475650218453,0.04118476357969516,0.0029625453767300257,1.0,0,0.9522826627825961,0.003531236388099146,0.04130096589696689,0.0028851349323380055,1.0000000000000002,0,0.9740973977193061,0.00022431066600783184,0.0254042546353936,0.00027403697929252643,1.0000000000000002,0
2021-06-08,0,0,0.94901,0.0,0.05099,0.0,1.0,0,0.9509955801320956,0.0004017646545564099,0.048339151841431525,0.00026350337191651294,1.0000000000000002,0,0.9559687488916145,0.0038729138208823182,0.037828546363475074,0.0023297909240281587,1.0,0,0.9563696926633425,0.0039710944587035895,0.03753035983458004,0.0021288530433739928,1.0000000000000002,0,0.9623491189090371,0.00033083800421304557,0.03688810369943099,0.0004319393873189041,1.0,0
2021-06-09,0,0,0.94901,0.0,0.05099,0.0,1.0,0,0.9445763573973694,0.0004126740341259587,0.05461423008848612,0.0003967384800183989,0.9999999999999999,0,0.9560459441917707,0.0036681577026723335,0.03784075647910215,0.0024451416264547527,0.9999999999999999,0,0.95612568582616,0.003751937015093834,0.037831084933287726,0.002291292225458472,0.9999999999999999,0,0.9704651441109728,0.0002570744661580573,0.028956340145564537,0.0003214412773047108,1.0000000000000002,0
2021-06-10,0,0,0.94901,0.0,0.05099,0.0,1.0,0,0.9561753013252744,0.00037482977768322774,0.04330542494664615,0.00014444395039597122,0.9999999999999997,0,0.9590139317990461,0.003559504207862039,0.035336722867861575,0.002089841125230434,1.0000000000000002,0,0.9594303652319143,0.0037056139809743217,0.03499014565783872,0.0018738751292727118,1.0,0,0.9617849856040865,0.00033599059137672985,0.03743918931305306,0.0004398344914836194,0.9999999999999999,0
2021-06-11,0,0,0.94901,0.0,0.05099,0.0,1.0,0,0.9530723379069562,0.00013399886401675243,0.04647889878305997,0.00031476444596714704,1.0000000000000002,0,0.9596718503039394,0.002834010154316456,0.03512169864693416,0.002372440894809883,1.0,0,0.9597664210757766,0.00277309451714056,0.03514721957214369,0.002313264834939361,1.0000000000000002,0,0.9652096116877456,0.0003047597879399672,0.03409330823308194,0.0003923202912325363,1.0,0
2021-06-14,0,0,0.94901,0.0,0.05099,0.0,1.0,0,0.9596865828200558,7.196267394778685e-05,0.04007512520533762,0.00016632930065851805,0.9999999999999998,0,0.9603620803896112,0.002582469938245087,0.03459368498669347,0.002461764685450018,0.9999999999999998,0,0.9603108755317579,0.002514654447084551,0.03471188540209017,0.0024625846190674296,1.0,0,0.9597245634830786,0.0003548353477624657,0.03945171014908521,0.0004688910200736315,0.9999999999999999,0
2021-06-15,0,0,0.94901,0.0,0.05099,0.0,1.0,0,0.9579113930311928,0.00014502155616774153,0.04176565656753079,0.00017792884510858735,0.9999999999999999,0,0.9615174423038219,0.002666778802669301,0.03358828331835271,0.0022274955751561028,1.0,0,0.9614369944773032,0.0026522706977866145,0.03374370067971234,0.002167034145197641,0.9999999999999998,0,0.9564906477713339,0.00038449058540431115,0.04260968999562203,0.0005151716476398632,1.0,0
2021-06-16,0,2,0.94901,0.0,0.05099,0.0,1.0,0,0.9493943237495369,0.00011738274751580869,0.049842070066956214,0.0006462234359911856,1.0,0,0.9622531101706674,0.002326190208840343,0.03292731795080197,0.002493381669690387,1.0000000000000002,0,0.961861046495176,0.002254167553174406,0.033229160869720324,0.0026556250819289905,0.9999999999999997,0,0.9608197466470838,0.00034481378212446726,0.038382035811787334,0.0004534037590045191,1.0000000000000002,0
2021-06-17,2,2,0.07792,0.00339,0.91292,0.00577,1.0,2,0.06370805917717023,0.0021060534300216824,0.9219244082923606,0.01226147910044766,1.0000000000000002,2,0.23942922486211077,0.05642601071659044,0.669097344403895,0.035047420017403824,1.0,2,0.2368293303138688,0.05834098898854287,0.6709110328994239,0.033918647798164524,1.0,2,0.08820549695663531,0.0011503519464069899,0.9047922728612698,0.00585187823568777,0.9999999999999999,2
2021-06-18,2,2,0.07792,0.00339,0.91292,0.00577,1.0,2,0.06619563413241691,0.005303598336848059,0.9162581483988508,0.012242619131884156,0.9999999999999999,2,0.18255818236406626,0.04104486578358557,0.7551708807358687,0.02122607111647934,0.9999999999999999,2,0.18180168462139257,0.04294862018584357,0.7555211850235722,0.01972851016919162,1.0,2,0.04378770131184299,0.0012675827275532782,0.9479005733196474,0.007044142640956497,1.0000000000000002,2
2021-06-21,2,2,0.07792,0.00339,0.91292,0.00577,1.0,2,0.1292046529145609,0.00039987621672409604,0.868008798858553,0.0023866720101621184,1.0000000000000002,2,0.1550450778007189,0.023418088431799853,0.8037918010952078,0.017745032672273415,1.0,2,0.15771013827932742,0.023036240683186014,0.8019968288785663,0.017256792158920245,1.0,2,0.11066406977205662,0.0011570446334567134,0.8829804164968521,0.00519846909763448,0.9999999999999999,2
2021-06-22,2,0,0.07792,0.00339,0.91292,0.00577,1.0,2,0.09457442308569305,0.0015967276039677743,0.9006898408466729,0.0031390084636663896,1.0000000000000002,2,0.11966141925623935,0.02145546338796597,0.8446265921682867,0.014256525187507847,0.9999999999999999,2,0.12053296041695973,0.02176660850539274,0.8445635742332761,0.013136856844371393,0.9999999999999999,2,0.11001908929300067,0.0011819246194914267,0.8836933046170272,0.005105681470480829,1.0000000000000002,2
2021-06-23,0,0,0.94901,0.0,0.05099,0.0,1.0,0,0.9485261342523922,0.00018348607729881265,0.051074915300805754,0.00021546436950330554,1.0,0,0.7491040961682017,0.04020479369972062,0.1889209491968655,0.02177016093521211,1.0,0,0.751401967377067,0.03882728402946554,0.18957398856745394,0.020196760026013706,1.0000000000000002,0,0.9641563942700458,0.0003143520365482193,0.035122427516354346,0.0004068261770516992,1.0,0
2021-06-24,0,0,0.94901,0.0,0.05099,0.0,1.0,0,0.9461891121042038,0.0002471139814401645,0.0532046803785777,0.0003590935357784769,1.0000000000000002,0,0.8198721469572734,0.02606824501675741,0.13903239976585727,0.015027208260111906,1.0,0,0.8212844735284973,0.025512252461544975,0.139000754170676,0.01420251983928181,1.0000000000000002,0,0.969882124226365,0.00026234883199350694,0.02952635171844563,0.0003291752231958743,1.0,0
2021-06-25,0,0,0.94901,0.0,0.05099,0.0,1.0,0,0.953377555730486,7.797229362223677e-05,0.046381702415589275,0.00016276956030251494,1.0,0,0.8580274470737185,0.01673887417466565,0.11338487239271375,0.011848806358902092,1.0,0,0.8591079895806635,0.015934661961155644,0.11360951562657326,0.011347832831607481,0.9999999999999999,0,0.964667975999894,0.0003096913459323491,0.03462256452257305,0.00039976813160061533,1.0,0
2021-06-28,0,0,0.94901,0.0,0.05099,0.0,1.0,0,0.9405432767898282,0.0005675801956696509,0.058498201107941634,0.0003909419065603247,0.9999999999999998,0,0.8795679071928739,0.016299907755320468,0.09549366522301103,0.008638519828794463,0.9999999999999999,0,0.879969503766705,0.016700060657162258,0.09538571946899246,0.007944716107140214,0.9999999999999999,0,0.9604019464214928,0.0003486355873789378,0.038790117363436134,0.0004593006276920389,1.0,0
2021-06-29,0,0,0.94901,0.0,0.05099,0.0,1.0,0,0.947107430938882,0.0002472120584349228,0.05235141540748593,0.0002939415951970569,0.9999999999999998,0,0.8979264715663903,0.01171080751951576,0.08290944712874022,0.007453273785353792,1.0000000000000002,0,0.8984229555768578,0.01155721897772661,0.08297852583204453,0.007041299613371061,1.0,0,0.961663047528985,0.00033710473137452324,0.03755830325734834,0.0004415444822920294,0.9999999999999999,0
2021-06-30,0,0,0.94901,0.0,0.05099,0.0,1.0,0,0.9502191849879371,0.00037028729469807086,0.049194548753109156,0.00021597896425564332,1.0,0,0.9128500392962954,0.010360816338888057,0.07115863671129168,0.005630507653524863,1.0,0,0.9137876544633718,0.010513076312055036,0.07057235148377271,0.005126917740800459,1.0,0,0.9652836887505586,0.00030408555799222523,0.03402092200601309,0.0003913036854358618,0.9999999999999997,0
2021-07-01,0,0,0.94901,0.0,0.05099,0.0,1.0,0,0.9530226740014086,0.00021635320309154835,0.04656933489320375,0.00019163790229599086,0.9999999999999999,0,0.9214288179380096,0.008351655069921292,0.0648786331177823,0.0053408938742870345,1.0000000000000002,0,0.9222472141998097,0.00834388850625921,0.06437838366339702,0.005030513630534107,1.0,0,0.9727189037734257,0.00023672495474594081,0.02675250557314078,0.000291865698687523,1.0,0
2021-07-02,0,0,0.94901,0.0,0.05099,0.0,1.0,0,0.952068202295855,0.0003715723623330327,0.047334501464999755,0.00022572387681204335,0.9999999999999998,0,0.9286144829417315,0.007863447773749461,0.05909893475303664,0.004423134531482416,1.0,0,0.9294302353185122,0.008033232814411593,0.05849129848110237,0.004045233385973762,0.9999999999999999,0,0.9689658814109283,0.00027064588795198616,0.03042207629900343,0.0003413964021160704,0.9999999999999998,0
2021-07-06,0,0,0.94901,0.0,0.05099,0.0,1.0,0,0.927596621627025,0.0004531943140772255,0.07136155313988561,0.0005886309190121613,1.0,0,0.9241210749433397,0.007674405605791141,0.06258357258541315,0.005620946865456055,1.0,0,0.9231496954614447,0.00812582921707206,0.06319069798904366,0.005533777332439706,1.0,0,0.9683626725262108,0.00027611358033141934,0.03101172775521383,0.00034948613824374624,0.9999999999999998,0
2021-07-07,0,0,0.94901,0.0,0.05099,0.0,1.0,0,0.9394283264257366,0.00041303663414288825,0.05968634625962928,0.00047229068049133526,1.0000000000000002,0,0.9358904185498369,0.006308542559362474,0.053608802944617,0.004192235946183765,1.0000000000000002,0,0.9360372873275142,0.006444461303009164,0.05351895409022021,0.003999297279256278,0.9999999999999999,0,0.9245836959398883,0.0006811717127629684,0.07372602971125852,0.0010091026360903126,1.0,0
2021-07-08,0,0,0.94901,0.0,0.05099,0.0,1.0,0,0.9443952639159848,0.00026337150311157365,0.05495979071503483,0.00038157386586871414,1.0,0,0.9397339625696639,0.005306946409340892,0.05102035653537664,0.003938734485618523,1.0,0,0.9395307420666204,0.005266769075474077,0.051376892016717066,0.0038255968411884163,0.9999999999999999,0,0.9567084133722531,0.00038249078877241954,0.042397065807752835,0.0005120300312214482,0.9999999999999998,0
2021-07-09,0,0,0.94901,0.0,0.05099,0.0,1.0,0,0.9670972791738172,6.0818501763595984e-05,0.03276853583116241,7.336649325685229e-05,1.0000000000000002,0,0.9490398235954879,0.004276908141515103,0.04360245423395094,0.0030808140290458923,0.9999999999999999,0,0.9500692807274881,0.0042110567060083095,0.04280531120013061,0.002914351366373105,1.0000000000000002,0,0.9664394728983751,0.00029357341399793895,0.03289144840125567,0.0003755052863713109,1.0,0
2021-07-12,0,0,0.94901,0.0,0.05099,0.0,1.0,0,0.9557839571010368,0.0001731908445719355,0.043897931032089395,0.00014492102230180887,0.9999999999999999,0,0.9481402991752376,0.0044450144731628055,0.04431160915738587,0.003103077194213727,1.0,0,0.9485464346537164,0.004442915464591964,0.04411398397980907,0.002896665901882602,1.0,0,0.9735983537907388,0.0002288019661732276,0.025892376410072006,0.0002804678330159539,1.0,0
2021-07-13,0,0,0.94901,0.0,0.05099,0.0,1.0,0,0.9606153245543181,9.457024220593512e-05,0.03917265872329431,0.00011744648018171607,1.0,0,0.9516636923162264,0.0037681531491433984,0.04165941505764932,0.002908739476980756,0.9999999999999999,0,0.9520073987525695,0.0036892033441806144,0.041519096134299736,0.0027843017689501842,1.0,0,0.9634048276828433,0.0003212038841164168,0.035856732403837376,0.0004172360292029039,0.9999999999999999,0
2021-07-14,0,0,0.94901,0.0,0.05099,0.0,1.0,0,0.9425138373419378,0.000533064759810802,0.056521686606155,0.00043141129209652127,1.0000000000000002,0,0.9508724925011544,0.004418295902365524,0.041823247335229415,0.0028859642612509336,1.0000000000000002,0,0.9508078159255099,0.004615814483742374,0.041849483055433526,0.0027268865353142708,1.0,0,0.9727774353304515,0.00023619732596891573,0.026695262770700775,0.0002911045728789657,1.0000000000000002,0
2021-07-15,0,0,0.94901,0.0,0.05099,0.0,1.0,0,0.9419235457674993,0.0004558748006377346,0.05730281000710727,0.00031776942475584993,1.0,0,0.9529853591282555,0.004051603212639253,0.040225498486837874,0.0027375391722675433,1.0000000000000002,0,0.9529243924093195,0.004209195762003775,0.04028870449103122,0.0025777073376454887,0.9999999999999999,0,0.95438709490029,0.00040382861446056854,0.04466337590777248,0.0005457005774768111,0.9999999999999998,0
2021-07-16,0,2,0.94901,0.0,0.05099,0.0,1.0,0,0.9523647166166078,0.00014242913942266733,0.04725930945166032,0.00023354479230931603,1.0000000000000002,0,0.9558143816998051,0.0032057647472113105,0.038332203104135903,0.002647650448847432,0.9999999999999998,0,0.9557114451917723,0.0031406399563248784,0.038575904292367645,0.0025720105595351977,1.0,0,0.9566855397989561,0.00038270082351371515,0.04241939952650528,0.0005123598510247525,0.9999999999999998,0
2021-07-19,2,2,0.07792,0.00339,0.91292,0.00577,1.0,2,0.04161437506876526,0.001794760720855289,0.9311812249008427,0.025409639309536696,0.9999999999999999,2,0.2198402217449436,0.05558871569048746,0.6799105700776144,0.044660492486954556,1.0,2,0.213642688843971,0.058914776906731026,0.6802651191891718,0.04717741506012615,1.0,2,0.09690491919378615,0.0011347667772704949,0.8962898600563112,0.005670453972632285,1.0,2
2021-07-20,2,2,0.07792,0.00339,0.91292,0.00577,1.0,2,0.12499257643180008,0.0007633561111349209,0.8710262309926671,0.003217836464397894,0.9999999999999999,2,0.19994485142415694,0.03378964470164946,0.7459667351325823,0.020298768741611267,1.0,2,0.20324608354399318,0.03339360330589177,0.7445074598364532,0.018852853313661846,1.0,2,0.028675834449738896,0.0013097384347908112,0.9621645232373541,0.007849903878116092,1.0,2
2021-07-21,2,2,0.07792,0.00339,0.91292,0.00577,1.0,2,0.1319108485845868,0.0007026874603382733,0.8645897822256335,0.002796681729441268,0.9999999999999999,2,0.15803133048804763,0.025021262675126586,0.8007445948033182,0.016202812033507534,0.9999999999999999,2,0.16096419031550482,0.025018370769125373,0.7986825021668494,0.015334936748520434,1.0,2,0.11407280819576297,0.0011510655156329297,0.8796348795430357,0.005141246745568476,1.0,2
2021-07-22,2,2,0.07792,0.00339,0.91292,0.00577,1.0,2,0.08519479093059316,0.0032383486704271104,0.9060888109057923,0.005478049493187376,1.0,2,0.1216669168986383,0.02336252454036643,0.8414973108335562,0.013473247727439174,1.0,2,0.12274434357864625,0.02428816418123897,0.8406583598563953,0.012309132383719446,0.9999999999999999,2,0.14872284577945147,0.0011152642510583555,0.8456228614493407,0.004539028520149495,1.0,2
2021-07-23,2,2,0.07792,0.00339,0.91292,0.00577,1.0,2,0.10484972836677482,0.0009000913478282636,0.8918526570416189,0.0023975232437781916,1.0000000000000002,2,0.10449265179959615,0.016770699871521275,0.866777862597898,0.011958785730984465,0.9999999999999999,2,0.10585461858882846,0.01675619258504062,0.8663922186989746,0.01099697012715628,1.0,2,0.10353195812299534,0.0012181914754460696,0.8901363715620533,0.00511347883950529,1.0,2
2021-07-26,2,2,0.07792,0.00339,0.91292,0.00577,1.0,2,0.09378475805474537,0.0012070217766041436,0.9024780458227935,0.0025301743458569386,0.9999999999999999,2,0.0899438573079094,0.014565921517697426,0.8848710566750436,0.010619164499349574,1.0,2,0.09080412326658566,0.014634241017472141,0.8847904714374697,0.009771164278472499,1.0,2,0.08406060207201711,0.0012816683215324995,0.9092822428357991,0.005375486770651343,1.0,2
2021-07-27,2,2,0.07792,0.00339,0.91292,0.00577,1.0,2,0.0654776667650231,0.0024802232283752668,0.9228695369412793,0.009172573065322221,0.9999999999999999,2,0.07522820069644309,0.013165251748278607,0.9008827214664885,0.010723826088789669,0.9999999999999999,2,0.07489143510356139,0.013357426630494074,0.9013614840635983,0.010389654202346122,0.9999999999999999,2,0.08920978133442618,0.0012972687677220655,0.9043258203932542,0.005167129504597591,1.0,2
2021-07-28,2,0,0.07792,0.00339,0.91292,0.00577,1.0,2,0.08425977945595743,0.0016076262222266078,0.9101960104565235,0.003936583865292493,1.0,2,0.07152415303811667,0.011367358598549163,0.9083484388211585,0.008760049542175675,1.0,2,0.07196127814091163,0.01141651022783324,0.9084634531243666,0.008158758506888556,1.0,2,0.07060659847178,0.0013644322551048089,0.9225760733138689,0.0054528959592462815,1.0,2
2021-07-29,0,0,0.94901,0.0,0.05099,0.0,1.0,0,0.9546047250199081,0.0001531488372714241,0.045074514579359404,0.0001676115634608742,0.9999999999999999,0,0.7580261182774505,0.03969548666288087,0.18230417671792717,0.019974218341741522,1.0000000000000002,0,0.7617996084612426,0.038509981854765195,0.18142162186358773,0.018268787820404454,1.0,0,0.968932663988107,0.0002709468731673009,0.03045454815266792,0.0003418409860578964,1.0,0
2021-07-30,0,0,0.94901,0.0,0.05099,0.0,1.0,0,0.9375740382076171,0.0003141107131130264,0.061731619915127406,0.0003802311641425256,1.0,0,0.8121044157982928,0.026988840618070043,0.14497178896540946,0.01593495461822778,1.0,0,0.8120875714249933,0.026550244786079414,0.14633415011700868,0.015028033671918501,0.9999999999999999,0,0.975081486789504,0.00021546408727450268,0.024441613490758303,0.00026143563246327687,1.0,0
2021-08-02,0,0,0.94901,0.0,0.05099,0.0,1.0,0,0.9289383051802947,0.0003894250889006131,0.07001469656042354,0.0006575731703809094,0.9999999999999999,0,0.84863728809728,0.020035165449641058,0.11854342884808254,0.01278411760499641,1.0,0,0.8479629226629506,0.02006977098777017,0.11963678727975086,0.012330519069528515,1.0,0,0.9604019464214928,0.0003486355873789378,0.038790117363436134,0.0004593006276920389,1.0,0
2021-08-03,0,0,0.94901,0.0,0.05099,0.0,1.0,0,0.9470457770907706,0.00020458388328739463,0.052516226914985725,0.0002334121109561689,0.9999999999999999,0,0.88164966154147,0.014492265272553104,0.09479225968117079,0.009065813504806204,1.0,0,0.8826253032906324,0.014366674495244439,0.09450282515324192,0.008505197060881299,1.0,0,0.9477545728523639,0.00046503224810010203,0.05113637212364192,0.0006440227758939481,0.9999999999999999,0
2021-08-04,0,0,0.94901,0.0,0.05099,0.0,1.0,0,0.934635311894055,0.00018930999394488904,0.06458266880689087,0.0005927093051092334,1.0,0,0.8912859062629047,0.011343749302058087,0.08830291835412553,0.00906742608091165,0.9999999999999999,0,0.8903916732526732,0.011033156305661908,0.08951308851600047,0.0090620819256644,1.0,0,0.9573442074767893,0.00037665446287038663,0.041776259849105817,0.0005028782112345889,1.0,0
2021-08-05,0,2,0.94901,0.0,0.05099,0.0,1.0,0,0.9556780642274519,0.00013188509160962377,0.043973838888821816,0.00021621179211676485,1.0000000000000002,0,0.9145238695229049,0.008999067339684268,0.07032170098506861,0.0061553621523423386,1.0,0,0.9156163343412261,0.00880340685343165,0.06963679194924713,0.005943466856095053,0.9999999999999999,0,0.9481496148505467,0.00046137755503138436,0.050750925404389836,0.0006380821900322605,1.0000000000000002,0
2021-08-06,2,0,0.07792,0.00339,0.91292,0.00577,1.0,2,0.11105180571541129,0.00020741393583950999,0.8849320648530626,0.003808715495686621,1.0,2,0.25833246261832493,0.04089742958784278,0.664494260921319,0.03627584687251328,1.0,2,0.2578698965853075,0.03790419959525449,0.6671904475198012,0.03703545629963679,0.9999999999999999,2,0.12168446649101088,0.0010926407605765908,0.8719980484587662,0.0052248442896463765,1.0,2
2021-08-09,0,0,0.94901,0.0,0.05099,0.0,1.0,0,0.9384091803096315,0.00010719636015153568,0.06107043220718951,0.0004131911230277548,1.0000000000000004,0,0.7303997882964466,0.03801980251003664,0.2024229593353889,0.02915744985812783,1.0,0,0.7288932929653382,0.036162658764303086,0.20541292756805848,0.029531120702300295,1.0000000000000002,0,0.9582370178873985,0.000368464770795605,0.04090443841652912,0.0004900789252769383,1.0,0
2021-08-10,0,0,0.94901,0.0,0.05099,0.0,1.0,0,0.956361738255379,0.0001689035985488261,0.043327596981768794,0.00014176116430355033,1.0000000000000002,0,0.8263417724980348,0.025362315146223172,0.13463031545443088,0.0136655969013112,1.0000000000000002,0,0.828579827959154,0.024940044949940312,0.13383688349083336,0.01264324360007231,0.9999999999999999,0,0.9425183458432354,0.0005135790374923516,0.05624435179162412,0.0007237233276482341,1.0,0
2021-08-11,0,0,0.94901,0.0,0.05099,0.0,1.0,0,0.9526582222395469,0.00022654682811873523,0.04693209533263183,0.00018313559970240304,0.9999999999999999,0,0.8608114308237995,0.01877706504140637,0.10995389975288412,0.010457604381910032,1.0000000000000002,0,0.8622806872588115,0.018556280799623664,0.1095236118301386,0.009639420111426253,1.0,0,0.9767166246242603,0.00020079543519525736,0.022841840448956114,0.00024073949158815125,0.9999999999999999,0
2021-08-12,0,0,0.94901,0.0,0.05099,0.0,1.0,0,0.9473003298352352,0.0001805105069209057,0.0522207974634368,0.0002983621944073106,1.0000000000000002,0,0.8818145819430345,0.013954656581038356,0.09521876972858703,0.009011991747339911,0.9999999999999998,0,0.8826099708737136,0.013556933295811828,0.09533009235676412,0.00850300347371026,0.9999999999999999,0,0.9709828232352755,0.0002523946629859915,0.028450179787783737,0.0003146023139547181,1.0,0
2021-08-13,0,0,0.94901,0.0,0.05099,0.0,1.0,0,0.9348870400816349,0.0009038267446189876,0.06366419235690676,0.0005449408168392188,0.9999999999999999,0,0.8953860488559818,0.013994667529769897,0.08341134104078807,0.007207942573460314,1.0,0,0.8954624881722895,0.014700857014698383,0.08318134507575405,0.00665530973725801,0.9999999999999999,0,0.9616325046541493,0.00033738382183597153,0.03758813853419215,0.00044197298982247133,1.0,0
2021-08-16,0,0,0.94901,0.0,0.05099,0.0,1.0,0,0.9434322199020451,0.0002357462870097255,0.05602790599529374,0.0003041278156515509,1.0,0,0.9078560954156192,0.009973870205283725,0.07549711403684156,0.006672920342255658,1.0000000000000002,0,0.9080994294257534,0.009914049254294692,0.07568084691395349,0.006305674405998415,1.0,0,0.9606531366824443,0.0003463376426737106,0.03854477205594444,0.0004557536189375486,1.0,0
2021-08-17,0,0,0.94901,0.0,0.05099,0.0,1.0,0,0.9388180491961508,0.00014967520936075466,0.060551867531263924,0.0004804080632246671,1.0,0,0.9143162778805075,0.007866404871554697,0.07095714823633878,0.006860169011599119,1.0,0,0.9135035700165482,0.007608623980779591,0.0719306653500429,0.006957140652629481,1.0000000000000002,0,0.9539888501171978,0.0004074938137785455,0.04505213917137843,0.0005515168976453845,1.0000000000000002,0
2021-08-18,0,0,0.94901,0.0,0.05099,0.0,1.0,0,0.9372502191216846,0.00021257255429000673,0.06207102234486773,0.0004661859791576261,0.9999999999999999,0,0.9210366991495346,0.007252657791706435,0.0657915477188733,0.005919095339885728,1.0,0,0.9201296636882295,0.007117725783294547,0.06686993414297965,0.0058826763854963925,1.0,0,0.9540615037385601,0.0004068250583364804,0.04498121626124751,0.0005504549418557809,0.9999999999999999,0
2021-08-19,0,0,0.94901,0.0,0.05099,0.0,1.0,0,0.9340639504390116,0.00026225671894321073,0.06512918536663181,0.0005446074754133704,1.0,0,0.926528382857752,0.006880769994846269,0.060985038657594165,0.005605808489807545,0.9999999999999999,0,0.9258788754815142,0.007004291966249314,0.061489537171354344,0.005627295380882135,0.9999999999999999,0,0.954242660043209,0.0004051577543314256,0.044804373500784526,0.0005478087016751323,1.0,0
2021-08-20,0,0,0.94901,0.0,0.05099,0.0,1.0,0,0.943135391994864,0.00014797855911391491,0.056193850604608485,0.0005227788414137,1.0,0,0.9341970720909748,0.005663384594322057,0.05525455493792306,0.004884988376780025,0.9999999999999999,0,0.933992147332733,0.005603968384245493,0.055473208902363284,0.00493067538065846,1.0000000000000002,0,0.9355379022073608,0.0005785801591728689,0.0630509047854007,0.0008326128480656012,0.9999999999999999,0
2021-08-23,0,0,0.94901,0.0,0.05099,0.0,1.0,0,0.9657952014342807,0.0003420829410633817,0.03378388345180072,7.883217285530276e-05,1.0,0,0.9484960088125233,0.00575744557506683,0.0432620019939687,0.0024845436184411395,1.0,0,0.9498347300565748,0.006119489269245088,0.04191675542882084,0.0021290252453594724,1.0000000000000002,0,0.9403259393108747,0.0005339608942403222,0.05838249259158896,0.0007576072032961184,1.0000000000000002,0
2021-08-24,0,0,0.94901,0.0,0.05099,0.0,1.0,0,0.9629645488850291,0.00012927290605963546,0.036805983473932304,0.0001001947349789705,1.0,0,0.9490904612784353,0.004573903680746189,0.0435061970554157,0.0028294379854027414,0.9999999999999999,0,0.9500247951660078,0.004569880148872165,0.04281804219246793,0.0025872824926521706,1.0000000000000002,0,0.9847493283116193,0.00012938210078307735,0.014977264628451803,0.00014402495914574148,1.0,0
2021-08-25,0,0,0.94901,0.0,0.05099,0.0,1.0,0,0.961350021378726,9.593661537296478e-05,0.03844154358826651,0.00011249841763458396,1.0,0,0.9501292066859496,0.004077480836379428,0.04284120902919673,0.002952103448474337,1.0,0,0.9507714285892904,0.003997492037906533,0.04245427945542561,0.002776799917377495,1.0,0,0.9792230524862784,0.00017838987695478523,0.020388923583492067,0.00020963405327488412,1.0,0
2021-08-26,0,0,0.94901,0.0,0.05099,0.0,1.0,0,0.9437888065130545,0.00019908517999151754,0.05562186696879835,0.00039024133815549253,0.9999999999999999,0,0.9470762352287451,0.004134259104082269,0.04527234709210015,0.0035171585750726933,1.0000000000000002,0,0.9465837236357459,0.004103854317295858,0.04582248089825488,0.003489941148703309,1.0,0,0.9722313267559319,0.00024112191145520136,0.02722933141174745,0.0002982199208654364,1.0,0
2021-08-27,0,0,0.94901,0.0,0.05099,0.0,1.0,0,0.9597318595015412,0.0004852225943444134,0.03968416017862922,9.875772548520612e-05,0.9999999999999999,0,0.9558853835241929,0.004433378251979192,0.03758397116279035,0.0020972670610376375,1.0000000000000002,0,0.9567438333574694,0.00470782297724149,0.036750977998131505,0.001797365667157529,0.9999999999999999,0,0.9520736148874017,0.0004251382751221908,0.046921599031110546,0.0005796478063657525,1.0000000000000002,0
2021-08-30,0,0,0.94901,0.0,0.05099,0.0,1.0,0,0.9544579235432785,0.00026408162331353007,0.04505410098331765,0.00022389385009030603,0.9999999999999999,0,0.9558464134459475,0.0037128634150000216,0.03803507319424319,0.0024056499448093355,0.9999999999999999,0,0.9562689694283026,0.003748773299113632,0.037764485277791186,0.002217771994792476,0.9999999999999999,0,0.9742916677182484,0.00022256319037933247,0.02521422821882521,0.00027154087254700364,1.0,0
2021-08-31,0,0,0.94901,0.0,0.05099,0.0,1.0,0,0.953722871114457,9.316169909659813e-05,0.04593778132245885,0.0002461858639876338,1.0,0,0.9562495490543965,0.0030467425314402966,0.03800036807460861,0.002703340339554701,1.0000000000000002,0,0.9562868184961711,0.002944347050872476,0.038107913368102,0.002660921084854388,1.0,0,0.9664663206387256,0.0002933293965202538,0.03286521023681233,0.00037513972794160036,0.9999999999999998,0
2021-09-01,0,0,0.94901,0.0,0.05099,0.0,1.0,0,0.9532508248442615,0.00017463004915150543,0.04633932486714512,0.00023522023944189192,1.0,0,0.9578169971342005,0.003142126142028369,0.036571924830346665,0.00246895189342457,1.0000000000000002,0,0.9578917258202684,0.003125040267465786,0.03660917000481312,0.002374063907452701,0.9999999999999999,0,0.9608197466470838,0.00034481378212446726,0.038382035811787334,0.0004534037590045191,1.0000000000000002,0
2021-09-02,0,0,0.94901,0.0,0.05099,0.0,1.0,0,0.9573933748723952,0.00032318732865474985,0.0420933173513912,0.0001901204475587462,0.9999999999999999,0,0.9614902815230489,0.0031886146115769148,0.03334577046022049,0.0019753334051535957,0.9999999999999999,0,0.961937276172674,0.003275071509716897,0.03297290729315596,0.0018147450244530975,0.9999999999999999,0,0.9606322626939454,0.0003465285801982138,0.038565160543037526,0.00045604818281882423,1.0,0
2021-09-03,0,0,0.94901,0.0,0.05099,0.0,1.0,0,0.9599706747450951,6.597516523075709e-05,0.03979555634222267,0.0001677937474513849,0.9999999999999999,0,0.9610768249909796,0.0025134974993654695,0.03406011360302844,0.0023495639066265133,1.0,0,0.9611228447744474,0.002424580727894643,0.03412117749055007,0.002331397007107836,1.0,0,0.9725720389590405,0.00023804905406436667,0.026896134922369627,0.00029377706452538336,0.9999999999999999,0
2021-09-07,0,0,0.94901,0.0,0.05099,0.0,1.0,0,0.9554827910673903,6.0698898148228926e-05,0.04424578771058393,0.00021072232387763908,1.0,0,0.9604888226789758,0.002403976824635093,0.03453926890848463,0.002567931587904378,1.0,0,0.9601468119915194,0.002323055098974365,0.03489455613635561,0.0026355767731505797,1.0,0,0.9622890610906704,0.0003313864040651256,0.03694677385760578,0.0004327786476586976,1.0,0
2021-09-08,0,0,0.94901,0.0,0.05099,0.0,1.0,0,0.9568654844474437,0.0003456725982655789,0.04262134332063087,0.00016749963365991075,1.0,0,0.9640308323420499,0.0028231072359253527,0.031317073036511975,0.001828987385512935,1.0000000000000002,0,0.9642417992793191,0.0029199796190279024,0.03115056855742179,0.0016876525442312018,1.0,0,0.9512481032411766,0.0004327523766832674,0.04772729147002879,0.0005918529121114073,1.0,0
2021-09-09,0,0,0.94901,0.0,0.05099,0.0,1.0,0,0.9473290104642703,0.0005223430530994583,0.051863583241212444,0.00028506324141772344,1.0,0,0.9630321885456095,0.002914223318618438,0.03212629737031468,0.0019272907654573762,1.0,0,0.962895138840563,0.003076320392377033,0.03223452831033955,0.0017940124567205182,1.0000000000000002,0,0.9689824772208573,0.0002704955170294921,0.030405852939786124,0.0003411743223269271,0.9999999999999999,0
2021-09-10,0,0,0.94901,0.0,0.05099,0.0,1.0,0,0.9635167600304219,8.435641290566185e-05,0.03624786121365146,0.00015102234302111916,1.0000000000000002,0,0.9667838817563399,0.002114607458339095,0.02933647590152586,0.0017650348837950853,1.0,0,0.9669174381569947,0.0020607864904580156,0.02931152292731891,0.0017102524252282773,0.9999999999999999,0,0.9554565888581862,0.0003939921022219411,0.043619280972902456,0.000530138066689576,1.0000000000000002,0
2021-09-13,0,0,0.94901,0.0,0.05099,0.0,1.0,0,0.9566098358737227,0.0003259041973390134,0.042814910277167835,0.000249349651770205,0.9999999999999999,0,0.9671180183327844,0.002423612782159111,0.028762504610952692,0.001695864274103588,0.9999999999999998,0,0.9672986851647988,0.002493654305890916,0.02860012553592177,0.0016075349933883892,0.9999999999999998,0,0.9752085791065191,0.00021432256675653238,0.024317282264271437,0.0002598160624528141,1.0,0
2021-09-14,0,0,0.94901,0.0,0.05099,0.0,1.0,0,0.9497027936139031,0.00044935247957340055,0.04949323879295391,0.0003546151135696401,1.0,0,0.9666209749099985,0.0024326924013763876,0.02918200053074113,0.0017643321578839314,1.0,0,0.9665073906316337,0.002529843781727341,0.029265168385627392,0.0016975972010116842,1.0000000000000002,0,0.9671834167181992,0.0002868146490965501,0.032164368640366196,0.000365399992338318,1.0000000000000002,0
2021-09-15,0,0,0.94901,0.0,0.05099,0.0,1.0,0,0.967875906251282,0.00014483611689873033,0.031883415482564466,9.584214925496449e-05,1.0000000000000002,0,0.970856232893632,0.0020526080638904385,0.025697749311960318,0.001393409730517227,1.0,0,0.9713959516807001,0.002087158398421972,0.02522641524935772,0.001290474671520022,0.9999999999999999,0,0.9634437358961536,0.00032084902845584917,0.03581871914246787,0.000416695932922681,1.0,0
2021-09-16,0,0,0.94901,0.0,0.05099,0.0,1.0,0,0.9599078860522953,8.721893037957036e-05,0.03980512209413273,0.00019977292319244656,1.0,0,0.9682871023804466,0.0018601180289206675,0.028026893776632096,0.0018258858140006722,1.0000000000000002,0,0.9681507342791572,0.0018208744671842113,0.02819253747016917,0.0018358537834893436,1.0,0,0.9753748432348588,0.0002128295593781446,0.024154627141584596,0.0002577000641785,1.0,0
2021-09-17,0,2,0.94901,0.0,0.05099,0.0,1.0,0,0.9567254260020073,7.384694614054201e-05,0.042904884062911416,0.0002958429889410418,1.0000000000000002,0,0.9678569614837709,0.0017434089931213554,0.028446614749279554,0.0019530147738282071,1.0,0,0.9673643589087128,0.001682833688789635,0.02891813990867836,0.0020346674938191457,0.9999999999999999,0,0.9579377118246194,0.00037120950650874456,0.04119671573480785,0.0004943629340640748,1.0,0
2021-09-20,2,0,0.07792,0.00339,0.91292,0.00577,1.0,2,0.06179482999007565,0.0016465216050485388,0.9230932848077357,0.013465363597140154,1.0,2,0.2331957196604235,0.051136473671393276,0.6774215419189795,0.038246264749203694,1.0,2,0.22783201085644678,0.05047426166626339,0.6831867863101477,0.03850694116714214,1.0,2,0.07587438377926731,0.0011734054101626363,0.9168120199486806,0.006140190861889435,1.0,2
2021-09-21,0,0,0.94901,0.0,0.05099,0.0,1.0,0,0.9459245640722832,0.00019769491664801264,0.053553340609197274,0.0003244004018713285,0.9999999999999998,0,0.7459521887500286,0.04012647235637713,0.19138584301799025,0.022535495875604047,0.9999999999999999,0,0.7476344845757394,0.038486968097570524,0.19271844415251232,0.021160103174177592,0.9999999999999999,0,0.9417506627058415,0.0005207122520348317,0.056993070760912916,0.0007355542812108098,1.0,0
2021-09-22,0,2,0.94901,0.0,0.05099,0.0,1.0,0,0.9519847518538548,0.0004772265532114919,0.04726110984908202,0.0002769117438518453,1.0000000000000002,0,0.8272411851913639,0.02851878599749492,0.13148365462434283,0.01275637418679849,1.0000000000000002,0,0.8294906782442937,0.029157193872009737,0.12975397734244298,0.011598150541253524,1.0,0,0.9663767474148448,0.00029414355236799576,0.03295274942341959,0.0003763596093674794,0.9999999999999999,0
2021-09-23,2,2,0.07792,0.00339,0.91292,0.00577,1.0,2,0.14541431058951218,0.00021704606330440963,0.851822733219593,0.0025459101275903226,0.9999999999999999,2,0.27801807277011387,0.04311509445016287,0.647666053782085,0.031200778997638248,1.0,2,0.28169583603295106,0.04120120448991486,0.6460920604371948,0.031010899039939328,1.0,2,0.13772095427505382,0.0010667239036501615,0.8562348619132001,0.00497745990809594,1.0,2
2021-09-24,2,2,0.07792,0.00339,0.91292,0.00577,1.0,2,0.11211067504985212,0.0005386817421987813,0.8817986489362752,0.005551994271673911,1.0,2,0.18661654383769094,0.03010965625176762,0.7587215108225454,0.024552289087996153,1.0,2,0.18645667765629953,0.028447279018187367,0.7606074128226737,0.024488630502839392,1.0,2,0.11929447779361517,0.0011190668680903016,0.874427205389127,0.005159249949167579,1.0,2
2021-09-27,2,2,0.07792,0.00339,0.91292,0.00577,1.0,2,0.1041429772094288,0.0010538852696979665,0.8907245125056766,0.004078625015196533,0.9999999999999999,2,0.14733048236378937,0.024867202693600404,0.8103672473334511,0.01743506760915914,1.0,2,0.14780736412768886,0.024355257217376938,0.8113182955587759,0.016519083096158307,1.0,2,0.09974888561346544,0.0011765863508278738,0.8936815280683624,0.005392999967344314,1.0,2
2021-09-28,2,0,0.07792,0.00339,0.91292,0.00577,1.0,2,0.08762146076098645,0.00017910447213856948,0.9072812098300642,0.004918224936810792,1.0,2,0.10739703750990878,0.014787255983455178,0.8579118096928312,0.019903896813804785,1.0,2,0.10463944805963817,0.013376581841860287,0.8607655251822439,0.02121844491625758,1.0,2,0.11638136456215988,0.0011705588278011474,0.8774464133109205,0.005001663299118516,1.0,2
2021-09-29,0,0,0.94901,0.0,0.05099,0.0,1.0,0,0.9419970473339401,0.0002650466434653411,0.05740408932693469,0.0003338166956598515,1.0,0,0.7437174251646037,0.04194829223638217,0.19165396089340772,0.02268032170560628,0.9999999999999999,0,0.7452882509542965,0.04093253724432186,0.19262574039584654,0.021153471405535047,1.0,0,0.957893196021259,0.0003716177985824127,0.041240185495187744,0.0004950006849709229,1.0,0
2021-09-30,0,0,0.94901,0.0,0.05099,0.0,1.0,0,0.9424648606307874,0.00019324341925416484,0.057056472611639826,0.00028542333831866473,1.0,0,0.8131414724129097,0.025202584166187075,0.14521325569218668,0.01644268772871659,1.0,0,0.8127292363108644,0.024325950607477054,0.14708034003826928,0.015864473043389397,1.0,0,0.9622489713908843,0.00033175249053721235,0.03698593708225942,0.00043333903631912043,1.0,0
2021-10-01,0,0,0.94901,0.0,0.05099,0.0,1.0,0,0.9526801526118563,0.0006006452032215665,0.046520340669587004,0.00019886151533499895,0.9999999999999999,0,0.8635192719392488,0.021557856540133435,0.1057568556968166,0.009166015823801232,1.0,0,0.8653334007344364,0.02249185337217413,0.10408171998110001,0.008093025912289364,0.9999999999999999,0,0.9675926906520441,0.00028309896407367307,0.03176434811120247,0.00035986227267978085,1.0,0
2021-10-04,0,0,0.94901,0.0,0.05099,0.0,1.0,0,0.9495229615131121,0.00019875319150710282,0.05005232151007363,0.00022596378530707962,0.9999999999999999,0,0.8821905280775917,0.013962430542204344,0.09500618200957495,0.00884085937062912,1.0,0,0.8823256569876854,0.01369098637972589,0.09556372253832211,0.008419634094266536,0.9999999999999999,0,0.9733202613592924,0.00023130620013018475,0.026164369366259807,0.0002840630743178269,1.0000000000000002,0
2021-10-05,0,0,0.94901,0.0,0.05099,0.0,1.0,0,0.9630491593836178,0.0001014608517575041,0.03676154792193857,8.783184268611623e-05,1.0,0,0.9048506198023136,0.010895158296496895,0.0776361206558634,0.006618101245326159,1.0,0,0.9066313923883977,0.010748386863935486,0.07648647792723955,0.006133742820427188,1.0,0,0.9764261726053866,0.0002033981761528418,0.023126036026415064,0.0002443931920453595,0.9999999999999999,0
2021-10-06,0,0,0.94901,0.0,0.05099,0.0,1.0,0,0.9388234460465806,0.00024272549830119583,0.060426391493332746,0.0005074369617855062,1.0,0,0.904400738975589,0.010017236284340354,0.07766864156706263,0.00791338317300798,1.0,0,0.9037700002595441,0.01005300419373061,0.07817331093734158,0.008003684609383704,1.0,0,0.9734774825996384,0.00022989028926899863,0.026010597646347507,0.00028202946474517365,1.0,0
2021-10-07,0,0,0.94901,0.0,0.05099,0.0,1.0,0,0.9593369490538268,8.319339420035225e-05,0.040462889160793644,0.00011696839117909203,1.0,0,0.9243482600480143,0.0075116676350266785,0.06310414442375109,0.005035927893208031,1.0,0,0.9257370208137755,0.007300786807975273,0.062265158248145075,0.004697034130104088,1.0,0,0.9449804443692749,0.0004907283474664108,0.05384279875853015,0.0006860285247287528,1.0000000000000002,0
2021-10-08,0,2,0.94901,0.0,0.05099,0.0,1.0,0,0.9557511534573319,0.00010036950257053482,0.04398723309178507,0.00016124394831278332,1.0000000000000002,0,0.926965264040539,0.006662501312039095,0.061162989810508196,0.005209244836913892,1.0000000000000002,0,0.9272605429152257,0.006463975468166754,0.06118642364225798,0.0050890579743494814,1.0,0,0.9705125737116561,0.00025664556816320535,0.028909967136749436,0.0003208135834312518,1.0,0
2021-10-12,2,2,0.07792,0.00339,0.91292,0.00577,1.0,2,0.07879060431735868,0.003905741089776805,0.9081377681246727,0.009165886468191737,0.9999999999999999,2,0.25568018736220477,0.05816662957652431,0.6558943692114596,0.030258813849811265,0.9999999999999999,2,0.2545544716664163,0.05973989685799879,0.6570654871503367,0.028640144325248064,0.9999999999999999,2,0.10607410412472129,0.0011188304206187865,0.8873123022980599,0.005494763156600031,1.0,2
2021-10-13,2,0,0.07792,0.00339,0.91292,0.00577,1.0,2,0.08482600356636552,0.003048458334590928,0.9075553607824621,0.004570177316581494,1.0000000000000002,2,0.1893721276982977,0.039938300644428486,0.751071041281619,0.019618530375654968,1.0,2,0.1908860280301453,0.041359382241797346,0.7503797572203676,0.017374832507689758,1.0,2,0.11169440292974067,0.0011320224264489585,0.8818872587258603,0.005286315917950038,0.9999999999999999,2
2021-10-14,0,0,0.94901,0.0,0.05099,0.0,1.0,0,0.9527500292363157,0.0004449748215467564,0.046638647015422405,0.0001663489267152009,1.0,0,0.7601019912939473,0.04652466784439394,0.17626799325654313,0.01710534760511562,0.9999999999999999,0,0.7643508730486368,0.047662826886465864,0.17336685128895413,0.014619448775943013,0.9999999999999998,0,0.9664305190391628,0.00029365479680705856,0.032900198947563054,0.00037562721646733653,1.0000000000000002,0
2021-10-15,0,0,0.94901,0.0,0.05099,0.0,1.0,0,0.9552648962129121,0.00013567641270315848,0.04442388834181019,0.00017553903257441262,0.9999999999999999,0,0.8269968359463724,0.024551200181829085,0.1343266241848827,0.014125339686915742,1.0,0,0.8295514449830409,0.0238696937360887,0.1333146949039789,0.013264166376891488,1.0,0,0.9725204548812448,0.00023851419065950088,0.026946581989047185,0.00029444893904847786,1.0,0
2021-10-18,0,0,0.94901,0.0,0.05099,0.0,1.0,0,0.9415532553416304,0.00027169216629550463,0.05768893280754359,0.00048611968453056567,1.0,0,0.8533366118548442,0.018897655117630772,0.1151274758780063,0.012638257149518812,1.0,0,0.8532793195370445,0.018643548052245634,0.11565415370144666,0.012422978709263368,1.0000000000000002,0,0.972549943035825,0.0002382482900535672,0.02691774384771071,0.00029406482641075696,1.0,0
2021-10-19,0,0,0.94901,0.0,0.05099,0.0,1.0,0,0.9566754576699651,5.561801846381155e-05,0.04309991798360978,0.0001690063279611255,0.9999999999999998,0,0.8849426236924396,0.012298005722014557,0.09337517054993433,0.009384200035611606,1.0000000000000002,0,0.8861628787272733,0.011653058147908181,0.09301024435668621,0.00917381876813228,1.0,0,0.9580709892520415,0.000369987210775492,0.04106656907521788,0.0004924544619652363,1.0000000000000002,0
2021-10-20,0,0,0.94901,0.0,0.05099,0.0,1.0,0,0.9576363881266183,0.00012060716784707446,0.04212476362922847,0.00011824107630604871,1.0,0,0.901898402841149,0.010980865754166447,0.08015290441926172,0.006967826985422766,0.9999999999999999,0,0.9031837841886858,0.01074130963569343,0.07959051852105357,0.006484387654567169,1.0,0,0.963589287338848,0.00031952168559492845,0.03567651434292433,0.0004146766326327994,1.0,0
2021-10-21,0,0,0.94901,0.0,0.05099,0.0,1.0,0,0.9457957810559214,0.00013956134582578371,0.05383026030904306,0.00023439728920967274,1.0,0,0.9056608769128247,0.009558141156200795,0.0772164315463443,0.007564550384630223,1.0,0,0.9054547750392569,0.00945246457869737,0.077636840741746,0.007455919640299785,1.0,0,0.9707094028743226,0.00025486596682811096,0.028717520068642956,0.00031821109020629317,0.9999999999999999,0
2021-10-22,0,0,0.94901,0.0,0.05099,0.0,1.0,0,0.9406863521938045,0.0005816631158217683,0.05834483785645625,0.0003871468339176152,1.0000000000000002,0,0.9182434910382522,0.009406980171771944,0.06691879483156747,0.005430733958408477,1.0000000000000002,0,0.9184607471681637,0.009698542086902788,0.06677101733470386,0.005069693410229483,0.9999999999999998,0,0.9467475245044353,0.0004743539694700158,0.052118908172351014,0.0006592133537435758,0.9999999999999999,0
2021-10-25,0,0,0.94901,0.0,0.05099,0.0,1.0,0,0.9563506752693764,0.00021556442468813062,0.04329581587911764,0.00013794442681771505,1.0,0,0.9297010241674777,0.007387950223889658,0.05865173111908114,0.0042592944895516235,1.0,0,0.9307358865539399,0.007393116055520751,0.05803240319024677,0.0038385942002925207,1.0,0,0.9654682163788243,0.0003024062856540487,0.03384060393227357,0.00038877340324804967,1.0,0
2021-10-26,0,0,0.94901,0.0,0.05099,0.0,1.0,0,0.946336117141097,0.00048663228117603626,0.05292086705170646,0.00025638352602062046,1.0000000000000002,0,0.9324624069896187,0.007271915405776234,0.05619970789961714,0.004065969704987762,0.9999999999999998,0,0.932927397743516,0.007499238016482247,0.05588583221915885,0.003687532020842947,1.0,0,0.9711379495057506,0.00025099296636079397,0.028298499336383287,0.0003125581915052362,0.9999999999999999,0
2021-10-27,0,2,0.94901,0.0,0.05099,0.0,1.0,0,0.9249024122428393,0.0009065869015913616,0.0736067757692597,0.0005842250863097098,1.0,0,0.9321109116691128,0.007291198125310232,0.056255444037115465,0.0043424461684616325,1.0,0,0.9316316963536102,0.007829915011054654,0.05647329152426086,0.004065097111074233,1.0,0,0.9648743742767002,0.0003078117447762079,0.03442088698458507,0.0003969269939384383,1.0,0
2021-10-28,2,0,0.07792,0.00339,0.91292,0.00577,1.0,2,0.09285980005857465,0.00061402303646221,0.8950185710292481,0.011507605875715175,1.0,2,0.26406934767218376,0.045687433913146745,0.6556532143501927,0.034590004064476744,1.0,2,0.2648205058752184,0.043438149684970395,0.656494304305466,0.035247040134345174,1.0,2,0.06228234010173376,0.001200552647560394,0.930001240293941,0.006515866956764903,1.0000000000000002,2
2021-10-29,0,0,0.94901,0.0,0.05099,0.0,1.0,0,0.9417319498085357,0.00024868683457920145,0.057550330047033506,0.0004690333098516707,1.0,0,0.7401222420837612,0.04110330670863276,0.19387628098688228,0.02489817022072365,0.9999999999999998,0,0.7404965964611889,0.039903441232632036,0.1953463734187429,0.02425358888743597,0.9999999999999998,0,0.9613257875740885,0.00034018699159353805,0.037887745053272456,0.00044628038104559055,1.0,0
2021-11-01,0,0,0.94901,0.0,0.05099,0.0,1.0,0,0.9522220201863986,0.00012158662834059689,0.04735262849403422,0.00030376469122655574,0.9999999999999999,0,0.8216039750222486,0.023676393751040775,0.13893418857696269,0.015785442649747874,1.0,0,0.822799646357615,0.02255000717734063,0.13918345437270283,0.015466892092341616,1.0000000000000002,0,0.9605904828341418,0.00034691075909377354,0.038605968540713013,0.0004566378660513051,0.9999999999999999,0
2021-11-02,0,0,0.94901,0.0,0.05099,0.0,1.0,0,0.9488230383046935,0.00034530485598019086,0.05062082741936624,0.0002108294199599902,0.9999999999999999,0,0.8591000340700746,0.01994488371414577,0.11070290542505092,0.010252176790728705,1.0,0,0.8604499999257973,0.020033954866346293,0.11024968890844465,0.009266356299411596,0.9999999999999999,0,0.9701070557883472,0.00026031347599747356,0.029306443261862457,0.000326187473792634,0.9999999999999998,0
2021-11-03,0,0,0.94901,0.0,0.05099,0.0,1.0,0,0.9455484796641584,5.4627460610033903e-05,0.054103694739862665,0.0002931981353687499,0.9999999999999999,0,0.8753490642013319,0.012788563796709099,0.10062358168546541,0.011238790316493844,1.0000000000000002,0,0.8751031299817906,0.012242537306814252,0.1013593582669124,0.011294974444482665,1.0,0,0.9673320255182859,0.0002854652566713612,0.032019121783795026,0.00036338744124775584,1.0000000000000002,0
2021-11-04,0,0,0.94901,0.0,0.05099,0.0,1.0,0,0.9377200819583486,0.0005338832105584437,0.06146791808386931,0.0002781167472237344,1.0,0,0.8948125720748902,0.013633265795093913,0.08435854875757373,0.007195613372442088,1.0,0,0.8952259089610433,0.014202875814988107,0.08410049147490643,0.006470723749062352,1.0000000000000002,0,0.9306259948365058,0.0006244982804321173,0.06783857127420397,0.0009109356088582889,1.0000000000000002,0
2021-11-05,0,0,0.94901,0.0,0.05099,0.0,1.0,0,0.9439855881411162,0.001179664329391148,0.05455776376281474,0.0002769837666780368,1.0,0,0.9140183638832761,0.012156101611796387,0.06902476602191779,0.004800768483009687,0.9999999999999999,0,0.9150581266201356,0.01308346364857886,0.06774318213338115,0.004115227597904335,0.9999999999999999,0,0.9501743560491381,0.0004426639339038923,0.0487751810282408,0.000607798988717013,0.9999999999999998,0
2021-11-08,0,0,0.94901,0.0,0.05099,0.0,1.0,0,0.9514820646330575,0.0001920221459550814,0.04819263950878412,0.00013327371220319336,0.9999999999999999,0,0.9209793499856634,0.008351112081430228,0.06548155679021861,0.00518798114268789,1.0000000000000002,0,0.9218596266465089,0.008319109840221857,0.06506972310870239,0.004751540404566843,1.0,0,0.9748795204107725,0.00021727858365539547,0.024639187937425852,0.0002640130681462384,1.0,0
2021-11-09,0,2,0.94901,0.0,0.05099,0.0,1.0,0,0.9436225686737459,0.0008086808805803502,0.05534896001647371,0.00021979042919985904,0.9999999999999999,0,0.9266715830652489,0.008773435486010877,0.060200773389608955,0.004354208059131439,1.0,0,0.9271045326374147,0.009312206589081051,0.05969166310431974,0.003891597669184543,1.0,0,0.9675926906520441,0.00028309896407367307,0.03176434811120247,0.00035986227267978085,1.0,0
2021-11-10,2,2,0.07792,0.00339,0.91292,0.00577,1.0,2,0.10077169609605906,0.0001358903895869386,0.8951522545326396,0.003940158981714519,1.0000000000000002,2,0.2477299109177062,0.038210769471893696,0.6729190229064871,0.04114029670391303,1.0,2,0.24460470302672688,0.03487273763449796,0.6766933895309957,0.043829169807779504,1.0,2,0.11323009601790768,0.001106691172404403,0.8802962808783789,0.005366931931308963,0.9999999999999999,2
2021-11-12,2,2,0.07792,0.00339,0.91292,0.00577,1.0,2,0.11227756863339482,0.000775872650173957,0.8827016575039728,0.004244901212458322,0.9999999999999999,2,0.18987460573755532,0.03244649320962951,0.7543129356970538,0.02336596535576127,0.9999999999999999,2,0.19087456605767208,0.031584230800619464,0.7548177609140397,0.022723442227668783,1.0,2,0.0701891339164394,0.0012088081262025604,0.9224386045466182,0.006163453410739775,0.9999999999999999,2
2021-11-15,2,0,0.07792,0.00339,0.91292,0.00577,1.0,2,0.10390583253149836,0.0003378385254784299,0.8926815565632739,0.003074772379749301,1.0,2,0.14369083755214918,0.02171521634865032,0.8147540672813912,0.0198398788178093,1.0,2,0.1437391977956786,0.02059796831335826,0.8160114311121957,0.01965140277876759,1.0,2,0.09768888681582655,0.001180349145850675,0.8956988957689261,0.005431868269396678,1.0,2
2021-11-16,0,0,0.94901,0.0,0.05099,0.0,1.0,0,0.9472846368782696,0.0001611595835685391,0.05224426614138613,0.0003099373967757168,1.0,0,0.7441604913463872,0.0393544413151936,0.19175750474918177,0.02472756258923742,1.0,0,0.7452667650691764,0.03786571962067173,0.19271769291717922,0.024149822392972625,1.0,0,0.9628855164019351,0.00032594161187967215,0.03636408497257348,0.0004244570136119274,1.0000000000000002,0
2021-11-17,0,0,0.94901,0.0,0.05099,0.0,1.0,0,0.9351487550459067,0.0003729190929227912,0.06398018094497004,0.000498144916200432,1.0,0,0.8071843426648467,0.027966692411130617,0.14770555843000965,0.017143406494012903,0.9999999999999999,0,0.8062456255762198,0.027909361235440293,0.149331417224209,0.016513595964130802,0.9999999999999999,0,0.9631215487556011,0.00032378793461393325,0.036133491133187486,0.00042117217659733586,0.9999999999999999,0
2021-11-18,0,0,0.94901,0.0,0.05099,0.0,1.0,0,0.9462952673230399,0.00031928423178849733,0.05310063344666272,0.00028481499850900523,1.0000000000000002,0,0.85885121549515,0.019446441725148356,0.11110335583459705,0.0105989869451046,1.0,0,0.860074259609446,0.019344028243883774,0.11083003497822527,0.009751677168445093,1.0000000000000002,0,0.9514397959320852,0.0004309838286934572,0.04754020572907209,0.0005890145101491956,0.9999999999999999,0
2021-11-19,0,0,0.94901,0.0,0.05099,0.0,1.0,0,0.927263591418059,0.0004340284926514173,0.07144452522420573,0.000857854865083673,0.9999999999999999,0,0.8740922562067301,0.015502090261497115,0.09992825160540593,0.010477401926366892,1.0,0,0.87330896574832,0.015616945991377126,0.10075534796049156,0.010318740299811382,1.0,0,0.9664573736976064,0.00029341071385999637,0.03287395404641348,0.0003752615421201459,1.0,0
2021-11-22,0,0,0.94901,0.0,0.05099,0.0,1.0,0,0.9536314756423264,5.806914894801498e-05,0.04595247822507313,0.00035797698365245737,1.0,0,0.8977963913055717,0.009580398106273286,0.08348129144498367,0.009141919143171346,0.9999999999999999,0,0.8974200772025616,0.009004402003803019,0.08385242255440643,0.009723098239229008,1.0,0,0.9488240938691372,0.00045514031846091403,0.050092802255839286,0.0006279635565626321,1.0000000000000002,0
2021-11-23,0,2,0.94901,0.0,0.05099,0.0,1.0,0,0.9631469487267312,4.952392772257009e-05,0.0366530722299408,0.00015045511560545982,1.0000000000000002,0,0.9125480143212129,0.008162439016217818,0.07202750686463774,0.0072620397979314966,1.0,0,0.912810708332586,0.007852368535908984,0.07174902816773149,0.00758789496377364,1.0,0,0.9695660905194137,0.0002652095672836132,0.029835318492884087,0.00033338142041861116,1.0,0
2021-11-24,2,1,0.07792,0.00339,0.91292,0.00577,1.0,2,0.07911244808520594,0.004154521862476195,0.9096916415613885,0.007041388490929237,0.9999999999999999,2,0.25799181321799464,0.06080495612187972,0.6517693659409969,0.02943386471912869,0.9999999999999999,2,0.2584212532011106,0.06376229472202902,0.6505819047487834,0.027234547328077046,1.0,2,0.12806909065962516,0.0010822157302353816,0.8657255298620048,0.0051231637481346255,0.9999999999999999,2
2021-11-26,1,1,0.0,0.93688,0.03148,0.03164,1.0,1,0.0006953005224525777,0.954077009405292,0.016699941893868416,0.028527748178386908,0.9999999999999999,1,0.24658177347963972,0.3487325724683723,0.3029299857529168,0.10175566829907126,1.0,1,0.22818537264086375,0.372276676552648,0.2906082341156669,0.1089297166908214,1.0,1,0.002369523396107163,0.9539667370030779,0.0227983614927508,0.020865378108064225,1.0000000000000002,1
2021-11-29,1,1,0.0,0.93688,0.03148,0.03164,1.0,1,0.004638996139670934,0.9551857850281563,0.03241308258936138,0.007762136242811526,1.0000000000000002,1,0.2505961057157889,0.46212216165162345,0.2327414513672432,0.05454028126534435,1.0,1,0.25923043958931646,0.4518245838945578,0.23696422627522856,0.05198075024089708,1.0,1,0.00035267484118746314,0.9500866182362402,0.02108370332043755,0.02847700360213481,1.0,1
2021-11-30,1,1,0.0,0.93688,0.03148,0.03164,1.0,1,0.0009090182943743611,0.9674495701753061,0.016909138964867523,0.014732272565452021,1.0,1,0.1487160214871068,0.5976737047686028,0.18687183749652192,0.0667384362477684,1.0,1,0.14566383608171338,0.5995101043785711,0.1878885231655015,0.0669375363742141,1.0000000000000002,1,0.0028609368658940905,0.953949740329225,0.022966108212915025,0.02022321459196582,0.9999999999999999,1
2021-12-01,1,2,0.0,0.93688,0.03148,0.03164,1.0,1,0.0014428656270849393,0.9690283147521026,0.018656529927966972,0.010872289692845389,0.9999999999999999,1,0.1329777775186775,0.6648291632053512,0.15310245632652608,0.049090602949445276,1.0,1,0.13763622188099345,0.6547396889838859,0.15957358695835022,0.048050502176770295,0.9999999999999999,1,0.0009463689775722206,0.9528220647806004,0.021971575141513815,0.02425999110031353,1.0,1
2021-12-02,2,2,0.07792,0.00339,0.91292,0.00577,1.0,2,0.10069761039635797,0.0014823194949139657,0.8945779166772173,0.003242153431510878,1.0,2,0.2718961564044201,0.05497168280213517,0.6460409635766672,0.027091197216777576,1.0,2,0.27539836321516364,0.055675742834483274,0.6445889061502097,0.02433698780014355,1.0000000000000002,2,0.0885386178251053,0.0011497457760829268,0.9044670058529346,0.005844630545877114,1.0,2
2021-12-03,2,2,0.07792,0.00339,0.91292,0.00577,1.0,2,0.07432946182624521,0.0031979175304875426,0.9131594176057181,0.009313203037549149,0.9999999999999999,2,0.18244823335818713,0.038529974817393405,0.7586936884585567,0.02032810336586277,1.0,2,0.18175886919449868,0.038966757381788716,0.7609659852678186,0.01830838815589405,1.0,2,0.09191438393645189,0.001167104313198021,0.9012608609217173,0.005657650828632724,0.9999999999999999,2
2021-12-06,2,2,0.07792,0.00339,0.91292,0.00577,1.0,2,0.12558897128537044,0.0005461011894260349,0.870685195630307,0.0031797318948964554,1.0,2,0.15699396042566702,0.02413651438313801,0.8023652013209949,0.016504323870200142,1.0,2,0.1598615963723266,0.02372741081966811,0.8007554149506851,0.015655577857320063,0.9999999999999999,2,0.09356544801934907,0.0011879604467940588,0.8997346058918617,0.005511985641995221,1.0,2
2021-12-07,2,2,0.07792,0.00339,0.91292,0.00577,1.0,2,0.1243641308360554,0.0012127989418766875,0.872184205198299,0.002238865023768883,1.0,2,0.13458237357598649,0.022334042620751133,0.8311962011655681,0.011887382637694326,1.0000000000000002,2,0.1386038264629762,0.023216084721706307,0.8275852232628959,0.010594865552421586,1.0,2,0.12452543873243796,0.001156272935551631,0.8694426842592705,0.0048756040727398675,1.0,2
2021-12-08,2,2,0.07792,0.00339,0.91292,0.00577,1.0,2,0.11208989366320031,0.0003319063653841706,0.885103654281018,0.002474545690397486,1.0,2,0.10504294899827386,0.01457505847572672,0.8673002690942301,0.013081723431769153,0.9999999999999999,2,0.10619189816884733,0.014056945564788776,0.8669754071137132,0.012775749152650657,1.0,2,0.13072712609695905,0.0011690468538758869,0.8634148476544773,0.004688979394687759,0.9999999999999999,2
2021-12-09,2,2,0.07792,0.00339,0.91292,0.00577,1.0,2,0.06415827968808811,0.0012393527955072594,0.9231483956016211,0.011453971914783605,1.0000000000000002,2,0.08276746099939145,0.013488657077786683,0.8908337672545866,0.012910114668235193,1.0,2,0.08184419157700473,0.013121910070853494,0.8921518829656674,0.012882015386474358,1.0,2,0.10170828968788354,0.0012466568407565077,0.8920022017089482,0.00504285176241174,0.9999999999999999,2
2021-12-10,2,2,0.07792,0.00339,0.91292,0.00577,1.0,2,0.09141438189249512,0.0011845251776703607,0.9027806922805844,0.0046204006492501564,1.0,2,0.08125181812798685,0.012493089945393094,0.8963118336596458,0.009943258266974304,1.0000000000000002,2,0.08221728049500619,0.012496161063643763,0.8957911304276652,0.00949542801368485,1.0,2,0.06396598098891207,0.0013521739861595754,0.9289514782909564,0.005730366733971818,0.9999999999999999,2
2021-12-13,2,2,0.07792,0.00339,0.91292,0.00577,1.0,2,0.05718391850881845,0.0032920712457018214,0.9295422758534426,0.00998173439203694,0.9999999999999999,2,0.06669484602897215,0.012138090240018452,0.9115478112749031,0.009619252456106208,0.9999999999999999,2,0.06620790097905362,0.012513714875627599,0.9120579507075746,0.009220433437744204,1.0,2,0.08575885795876895,0.0013311282397352078,0.9077799779572591,0.005130035844236725,1.0,2
2021-12-14,2,2,0.07792,0.00339,0.91292,0.00577,1.0,2,0.06674200386842903,0.0007004758579661726,0.9252668648498408,0.007290655423764014,1.0,2,0.06126708063879991,0.008663249194813934,0.9200979176335683,0.009971752532817908,1.0,2,0.060703351054473165,0.008286741381933372,0.9208643027495527,0.010145604814040836,1.0,2,0.06451828099632932,0.0014068456124024442,0.9285844835510123,0.0054903898402559916,1.0,2
2021-12-15,2,2,0.07792,0.00339,0.91292,0.00577,1.0,2,0.09233307112446372,0.0006373062434001836,0.9038203068021173,0.0032093158300187823,1.0,2,0.06114622718958155,0.008497222306031756,0.9220591692501666,0.008297381254220073,1.0,2,0.06195739805818847,0.008476321074585378,0.9214012308641824,0.008165050003043723,0.9999999999999999,2,0.06320256284106522,0.0014389409914958564,0.9299448101814508,0.005413685985988015,0.9999999999999999,2
2021-12-16,2,2,0.07792,0.00339,0.91292,0.00577,1.0,2,0.07683964087249277,0.0018552393199749422,0.9176901113256285,0.003615008481903833,1.0,2,0.05662732440240754,0.008627520381377802,0.9282065659660973,0.006538589250117302,0.9999999999999999,2,0.05697497066667821,0.008710306078122282,0.9283308617299382,0.00598386152526128,1.0,2,0.061322126939875043,0.001473238085095428,0.9318518560107959,0.005352778964233677,1.0,2
2021-12-17,2,2,0.07792,0.00339,0.91292,0.00577,1.0,2,0.04963997276739567,0.0020902915672096874,0.9381395649433831,0.010130170722011531,1.0,2,0.04728272254684628,0.007684230677021014,0.9369596267740475,0.008073420002085207,1.0,2,0.04667712017764008,0.007772586235696078,0.9374290270479925,0.00812126653867142,1.0,2,0.10109763264382828,0.0014092808363670604,0.8930148762902285,0.004478210229576032,0.9999999999999999,2
2021-12-20,2,2,0.07792,0.00339,0.91292,0.00577,1.0,2,0.06268053221109456,0.0004986609286864672,0.9318448507187403,0.00497595614147851,0.9999999999999999,2,0.044503510333123185,0.00586298244825252,0.9416007773087155,0.008032729909908873,1.0,2,0.04380738012862132,0.005563261820192022,0.9423507493641662,0.008278608687020328,0.9999999999999999,2,0.04812694241602906,0.0015715241619182533,0.9447973621452798,0.005504171276772925,1.0,2
2021-12-21,2,2,0.07792,0.00339,0.91292,0.00577,1.0,2,0.09646054337253292,0.002041146845434928,0.8992371160586684,0.0022611937233637186,1.0,2,0.05207668296918478,0.007617242142583268,0.9351190438050789,0.005187031083152914,0.9999999999999999,2,0.05382531794918808,0.008146518488346514,0.9332514822529651,0.0047766813095001725,0.9999999999999998,2,0.04859795914520437,0.0016022884402453407,0.944419628163243,0.00538012425130722,0.9999999999999999,2
2021-12-22,2,2,0.07792,0.00339,0.91292,0.00577,1.0,2,0.07419449593411659,0.003578514098912709,0.9189569663673689,0.0032700235996017853,1.0,2,0.04698880371851936,0.0074217540780274404,0.9405735129172352,0.0050159292862178295,0.9999999999999999,2,0.04813031557267327,0.007947567217190888,0.9393615498132913,0.004560567396844522,1.0,2,0.10499953022842085,0.0014886368231199838,0.8893520390607805,0.004159793887678523,0.9999999999999999,2
2021-12-23,2,2,0.07792,0.00339,0.91292,0.00577,1.0,2,0.07579229775515765,0.0006832228102759676,0.9197486836468188,0.0037757957877475345,1.0,2,0.04331761132274057,0.0053831683254261355,0.9456650595351876,0.0056341608166458074,1.0000000000000002,2,0.043947005174311334,0.005285975277660059,0.945239907950449,0.005527111597579649,1.0,2,0.08385081315462099,0.0015703103264930963,0.9101805105778575,0.0043983659410282965,0.9999999999999999,2
2021-12-27,2,0,0.07792,0.00339,0.91292,0.00577,1.0,2,0.07390869498945597,0.0038343169676583497,0.9197162118804326,0.002540776162453154,1.0,2,0.0430943396874264,0.006770310826368665,0.9455637004979399,0.004571648988264983,1.0,2,0.04431319394178465,0.0073549854197166005,0.9441782472544564,0.004153573384042189,0.9999999999999999,2,0.06965388066771293,0.0016402255837725504,0.9241383203444027,0.004567573404111832,1.0,2
2021-12-28,0,0,0.94901,0.0,0.05099,0.0,1.0,0,0.9459189128447262,0.00014436548557578217,0.05364813423863808,0.000288587431059976,1.0000000000000002,0,0.7441837225331468,0.03896251427135506,0.19367593119020113,0.023177832005297036,1.0,0,0.7457329568871471,0.03696639779407017,0.19548327266093152,0.021817372657851188,1.0,0,0.9732772256747836,0.0002316938304303954,0.026206460306436797,0.0002846201883491403,1.0,0
2021-12-29,0,0,0.94901,0.0,0.05099,0.0,1.0,0,0.9548213412325117,7.757413599787189e-05,0.04496895914340454,0.00013212548808573085,0.9999999999999998,0,0.8225388171258039,0.023295273551255324,0.13897443249803637,0.015191476824904428,1.0,0,0.8244425119041653,0.022174796598684755,0.13897707812178128,0.014405613375368899,1.0000000000000002,0,0.961926775719019,0.0003346952438232827,0.03730068139009118,0.00043784764706661985,1.0,0
2021-12-30,0,0,0.94901,0.0,0.05099,0.0,1.0,0,0.939467588055104,0.000490678861017054,0.05977573204955174,0.0002660010343274635,1.0000000000000002,0,0.8532073039591525,0.02101390927683834,0.11483224630208407,0.010946540461925091,1.0,0,0.8535627465565611,0.021405718629894977,0.1151012629701685,0.009930271843375476,1.0,0,0.9675407190381284,0.00028357069713759757,0.031815145642538754,0.0003605646221950782,0.9999999999999998,0
2021-12-31,0,2,0.94901,0.0,0.05099,0.0,1.0,0,0.9335813246872905,0.0002940715646657436,0.06554175753770503,0.0005828462103386521,0.9999999999999999,0,0.8750710277584686,0.014776987675865244,0.09973820828682012,0.010413776278846088,1.0,0,0.8744527944595825,0.01462628955094536,0.10069175941614514,0.010229156573327092,1.0,0,0.9609338980014026,0.0003437698725448821,0.03827053705648538,0.00045179506956740913,1.0000000000000004,0
2022-01-03,2,2,0.07792,0.00339,0.91292,0.00577,1.0,2,0.14416973874318145,8.948221319911789e-05,0.8534989027567597,0.002241876286859703,0.9999999999999999,2,0.27223445733293583,0.038868441988664966,0.6541833691671401,0.03471373151125914,1.0,2,0.27455728394266304,0.036345088313293056,0.6530757391880984,0.03602188855594548,0.9999999999999999,2,0.0711262887996988,0.0011826498618264171,0.9214277071313113,0.006263354207163573,1.0,2
2022-01-04,2,2,0.07792,0.00339,0.91292,0.00577,1.0,2,0.10394525957166706,0.0008255314684119844,0.8883269460656666,0.006902262894254151,0.9999999999999998,2,0.18906964364413545,0.031723936024575676,0.7561173533856533,0.023089066945635464,1.0,2,0.1893150928889022,0.03033960143672471,0.7578051991225192,0.022540106551853817,0.9999999999999999,2,0.1074458717371984,0.0011393797803952092,0.8860540097658892,0.005360738716517243,1.0,2
2022-01-05,2,2,0.07792,0.00339,0.91292,0.00577,1.0,2,0.07745254659651446,0.0004929874285696868,0.9095125251344393,0.012541940840476462,0.9999999999999999,2,0.13600114496341006,0.02074574801991262,0.8217362361907941,0.02151687082588318,0.9999999999999999,2,0.13329218139669063,0.01896770263884848,0.825483630077152,0.02225648588730897,1.0,2,0.11293572383755433,0.0011530539774181183,0.8807510584091961,0.00516016377583147,1.0,2
2022-01-06,2,2,0.07792,0.00339,0.91292,0.00577,1.0,2,0.08265663231374304,0.0010775277979071841,0.904097485630165,0.012168354258184678,0.9999999999999999,2,0.11380237706006889,0.01863270770569745,0.8490931336566638,0.018471781577569773,1.0,2,0.11277284798062884,0.018039657164447453,0.8497580689623796,0.019429425892544056,0.9999999999999999,2,0.09399127291232931,0.001211511334788228,0.8994032759159191,0.005393939836963346,1.0,2
2022-01-07,2,2,0.07792,0.00339,0.91292,0.00577,1.0,2,0.08911381303000054,0.0005768172359989323,0.9057756905382116,0.004533679195789056,1.0,2,0.09910300353925962,0.014777443396455314,0.8720617076002337,0.014057845464051201,0.9999999999999999,2,0.09881926410344324,0.01411204026576917,0.8731852350117549,0.013883460619032744,1.0,2,0.08041694304830124,0.0012633043679780894,0.9127566758076247,0.005563076776096093,1.0,2
2022-01-10,2,2,0.07792,0.00339,0.91292,0.00577,1.0,2,0.07794310197308138,0.001190633534135972,0.9144193941392396,0.0064468703535429375,0.9999999999999999,2,0.08417636714225067,0.013661270130890244,0.8889801811874661,0.013182181539393028,1.0,2,0.08366939002535248,0.01349057767713095,0.8895439332352093,0.013296099062307302,1.0,2,0.08340504814740288,0.0012830154389128952,0.9099228733341392,0.005389063079544925,0.9999999999999999,2
2022-01-11,2,2,0.07792,0.00339,0.91292,0.00577,1.0,2,0.09742563512484255,0.0044113857734049055,0.895995885714997,0.002167093386755583,1.0,2,0.08595511745496454,0.01602903112019529,0.8899937432606774,0.008022108164162796,1.0,2,0.08829173947697846,0.01764251878233112,0.8870610959070204,0.007004645833669984,1.0,2,0.06943700508982809,0.0013396488773581871,0.9236314013692251,0.005591944663588535,0.9999999999999999,2
2022-01-12,2,2,0.07792,0.00339,0.91292,0.00577,1.0,2,0.08342035390056352,0.0010048012033593637,0.9086370646117078,0.006937780284369256,1.0,2,0.07308103336398389,0.010530317560881844,0.9071411724034232,0.009247476671710964,0.9999999999999999,2,0.07371345812673598,0.010316891224113035,0.9069530385744563,0.00901661207469462,1.0,2,0.12502208797057981,0.0012530525801533732,0.8692334546717687,0.004491404777498056,1.0,2
2022-01-13,2,2,0.07792,0.00339,0.91292,0.00577,1.0,2,0.0573834202911687,0.0017798361081096926,0.9310515512840659,0.009785192316655722,1.0,2,0.05916959794363469,0.009677355834983062,0.9213440256144475,0.009809020606934732,1.0,2,0.05819315261650418,0.009586491235822567,0.9224012032287052,0.009819152918968099,1.0,2,0.09319006960905107,0.0013425389833933116,0.9005758504864207,0.004891540921134863,1.0,2
2022-01-14,2,2,0.07792,0.00339,0.91292,0.00577,1.0,2,0.09288454919093267,0.00033092269260292893,0.9022916769057214,0.00449285121074294,1.0,2,0.059571188384708595,0.007373710626591681,0.9234851560296066,0.009569944959093187,1.0,2,0.05972790508322418,0.0070518326301258535,0.9230097684803518,0.010210493806298135,0.9999999999999999,2,0.06101911663462396,0.0014444169378651098,0.9320669737400483,0.00546949268746251,1.0,2
2022-01-18,2,2,0.07792,0.00339,0.91292,0.00577,1.0,2,0.0822354212959383,0.0003029727323133077,0.9120486981260013,0.005412907845747249,1.0000000000000002,2,0.05195180696130235,0.00630906306600249,0.9320675714727666,0.009671558499928618,1.0,2,0.05105470408379535,0.005882405663266434,0.9324251842906618,0.010637705962276398,1.0,2,0.080434656759947,0.0014267886474219058,0.9132087598114045,0.004929794781226402,0.9999999999999998,2
2022-01-19,2,2,0.07792,0.00339,0.91292,0.00577,1.0,2,0.05854555541412225,0.002608468305488821,0.9309711438986389,0.007874832381750053,1.0,2,0.051666292742735646,0.008109040779857494,0.9337430272287955,0.006481639248611372,1.0,2,0.0517406479634188,0.008207448287480306,0.9339773465580905,0.006074557191010456,1.0,2,0.08555322105790261,0.0014440822618010866,0.9082660237075407,0.004736672972755597,1.0,2
2022-01-20,2,2,0.07792,0.00339,0.91292,0.00577,1.0,2,0.05553966954887138,0.0019557027162676816,0.937498306331714,0.00500632140314697,1.0,2,0.04720625805398524,0.007254844847257625,0.9389509605873376,0.00658793651141945,0.9999999999999999,2,0.04710987761199094,0.007318683899899705,0.939303116154432,0.006268322333677304,1.0,2,0.08285641904919272,0.0014800389916918668,0.9109730637076727,0.0046904782514426095,1.0,2
2022-01-21,2,2,0.07792,0.00339,0.91292,0.00577,1.0,2,0.04653201298451618,0.002782201261486093,0.9456702219219733,0.005015563832024325,0.9999999999999998,2,0.04258547913714857,0.007102976790334362,0.9441434215823962,0.006168122490120939,1.0,2,0.04213188953870439,0.007297696995727866,0.9448266628560608,0.005743750609506946,1.0,2,0.06722512625826801,0.0015498121230763562,0.926320778025205,0.004904283593450548,0.9999999999999999,2
2022-01-24,2,2,0.07792,0.00339,0.91292,0.00577,1.0,2,0.0727544615465949,0.0006367055483469458,0.923633204780296,0.002975628124762194,1.0,2,0.04226308799804585,0.005575612845790462,0.9454781538313654,0.006683145324798229,0.9999999999999999,2,0.04232729681186733,0.005480594480603744,0.9454780406853105,0.006714068022218563,1.0000000000000002,2,0.054865735881460174,0.0016161999001402156,0.9384197989324966,0.005098265285902936,1.0,2
2022-01-25,2,2,0.07792,0.00339,0.91292,0.00577,1.0,2,0.06371564081432764,0.0013249152145491648,0.9297935031286625,0.0051659408424607235,1.0,2,0.0412370918091401,0.005570962249802553,0.9475178114639552,0.005674134477102081,0.9999999999999999,2,0.04118032433923015,0.005476183034401042,0.9478068318901803,0.005536660736188609,1.0,2,0.04943596119105562,0.001665961653159787,0.9437545190536082,0.005143558102176404,1.0,2
2022-01-26,2,2,0.07792,0.00339,0.91292,0.00577,1.0,2,0.06797408385898432,0.0005238969422444246,0.9271558244925434,0.004346194706227993,1.0000000000000002,2,0.04069288202975722,0.004815748187278334,0.9487461658451906,0.005745203937773963,1.0,2,0.04108804308452999,0.004663309817203028,0.9484318348822879,0.005816812215979123,1.0,2,0.08211156989933253,0.0016069427532093036,0.9119417696911217,0.004339717656336318,0.9999999999999999,2
2022-01-27,2,2,0.07792,0.00339,0.91292,0.00577,1.0,2,0.04228746825079034,0.005357052269292489,0.9462095976604011,0.006145881819516222,1.0000000000000002,2,0.0364742721741885,0.0062627655277299925,0.95172857965612,0.005534382641961356,0.9999999999999999,2,0.03665191143632109,0.006814995322368894,0.9511071377624313,0.005425955478878837,1.0000000000000002,2,0.07173684568708874,0.0016679661757873967,0.9221586775888077,0.004436510548316039,0.9999999999999999,2
2022-01-28,2,2,0.07792,0.00339,0.91292,0.00577,1.0,2,0.07356021164469347,0.0022501392743868843,0.921797155857982,0.0023924932229376205,1.0,2,0.039410502190292455,0.005735220156050696,0.9501905239433254,0.004663753710331386,0.9999999999999999,2,0.040545020009215886,0.006169053165423053,0.9488574649375323,0.004428461887828742,1.0,2,0.049426377001290836,0.0017704480685211503,0.943961077407284,0.004842097522904147,1.0,2
2022-01-31,2,2,0.07792,0.00339,0.91292,0.00577,1.0,2,0.07266504476582052,0.0015996704595491636,0.9234520538151276,0.00228323095950264,1.0,2,0.03767951199130336,0.005152325402300537,0.9528434699341123,0.004324692672283845,1.0,2,0.03866151847631818,0.0053736562286246185,0.951936510546924,0.004028314748133126,0.9999999999999999,2,0.05699567637231908,0.0017817089007564275,0.9366625400858292,0.004560074641095319,1.0,2
2022-02-01,2,2,0.07792,0.00339,0.91292,0.00577,1.0,2,0.057515919075037975,0.001305336675135622,0.9340831363286272,0.007095607921199194,1.0,2,0.034736835062415275,0.0044082306966136894,0.9561615728150757,0.004693361425895332,1.0,2,0.035150300862109955,0.004371052852029862,0.9558332012877833,0.004645444998076876,0.9999999999999999,2,0.05674507356445574,0.0018189906301053545,0.9369612772312864,0.004474658574152427,0.9999999999999999,2
2022-02-02,2,2,0.07792,0.00339,0.91292,0.00577,1.0,2,0.056239750985134014,0.0029782685893242128,0.9373114275661373,0.0034705528594045475,1.0,2,0.0348038814030022,0.004985396816547013,0.9562958668132127,0.003914854967238122,1.0,2,0.035619432336608844,0.00525002545522847,0.9555281842953256,0.003602357912837139,1.0,2,0.05556260846077946,0.0018601757013971228,0.9381656032819785,0.0044116125558450155,1.0000000000000002,2
2022-02-03,2,2,0.07792,0.00339,0.91292,0.00577,1.0,2,0.04458673990485122,0.0005002887597934924,0.9475140983558544,0.007398872979500815,1.0,2,0.028784052929296033,0.0032733495464401436,0.9623253325773162,0.005617264946947648,1.0,2,0.028153798146644815,0.0030565247816917046,0.9626742044822296,0.006115472589433669,0.9999999999999998,2,0.06111471430583515,0.0018795552577257476,0.9327987117772425,0.004207018659196549,1.0,2
2022-02-04,2,2,0.07792,0.00339,0.91292,0.00577,1.0,2,0.06628471047826094,0.00045835157992733626,0.9298124979516375,0.003444439990174436,1.0000000000000002,2,0.031206947333034266,0.003432278873037671,0.9601864857570895,0.005174288036838458,1.0,2,0.0315854379159963,0.0033847352837188226,0.9593756148322912,0.00565421196799365,1.0,2,0.05246637764355801,0.0019480750766146034,0.9412795575363778,0.004305989743449734,1.0000000000000002,2
2022-02-07,2,2,0.07792,0.00339,0.91292,0.00577,1.0,2,0.047928324256732026,0.0017691739556483313,0.9449559688405373,0.005346532947082326,1.0,2,0.02884895515912528,0.003785519558389607,0.9630126932426126,0.004352832039872519,1.0,2,0.02885615379098133,0.003769492957304139,0.9630509482827084,0.00432340496900614,1.0,2,0.05652547649570334,0.001973254896808548,0.9373689224063423,0.00413234620114578,1.0,2
2022-02-08,2,0,0.07792,0.00339,0.91292,0.00577,1.0,2,0.053350967473798756,0.0008499892530603384,0.9417746591622425,0.0040243841108985184,1.0,2,0.028507239973772837,0.0034283442559536643,0.9636111523304923,0.004453263439781007,0.9999999999999999,2,0.02872415302086572,0.0033919280401274016,0.9633448704298748,0.004539048509132121,1.0000000000000002,2,0.045976120416373265,0.002053712834721242,0.947681846978311,0.0042883197705945696,1.0000000000000002,2
2022-02-09,0,2,0.94901,0.0,0.05099,0.0,1.0,0,0.9521631696501772,0.00034935902947268215,0.047317081244007714,0.00017039007634237676,0.9999999999999999,0,0.7586711697163189,0.0448170864423516,0.17850787305891622,0.018003870782413247,1.0,0,0.7628876312310778,0.04525062427401207,0.17620630949189792,0.015655435003012117,0.9999999999999999,0,0.9551146126369708,0.00039713634798011193,0.04395314589330445,0.0005351051217447541,1.0000000000000002,0
2022-02-10,2,2,0.07792,0.00339,0.91292,0.00577,1.0,2,0.09104685195691638,0.00014466100156965543,0.9013688785743331,0.007439608467180948,1.0000000000000002,2,0.2460966455260992,0.03685290902632238,0.6743035890907959,0.04274685635678251,1.0,2,0.24132818887316296,0.03298313792209969,0.6786554572704538,0.047033215934283466,1.0,2,0.11594263493703233,0.0011021506576025532,0.8776348618640261,0.005320352541338946,1.0,2
2022-02-11,2,2,0.07792,0.00339,0.91292,0.00577,1.0,2,0.07793738542307214,0.004777497174043212,0.9122232727603811,0.0050618446425034465,0.9999999999999999,2,0.1773519687819323,0.04092213893280149,0.7602771278546956,0.021448764430570626,1.0,2,0.17564266618118574,0.043011859964420265,0.7617399388898528,0.01960553496454122,1.0,2,0.08781181723382611,0.0011746808961264335,0.9052697017923866,0.005743800077660878,1.0,2
2022-02-14,2,2,0.07792,0.00339,0.91292,0.00577,1.0,2,0.11164180206265117,0.00039604361208327426,0.88453435161563,0.0034278027096356976,1.0,2,0.1456128475394461,0.021881365422133217,0.8123579416603571,0.020147845378063713,1.0000000000000002,2,0.14563715400361207,0.020901463094731086,0.8129963458427117,0.020465037058945184,1.0,2,0.10832596953472605,0.001161178094479849,0.8852742169188675,0.0052386354519265285,0.9999999999999999,2
2022-02-15,2,2,0.07792,0.00339,0.91292,0.00577,1.0,2,0.09035131169962225,0.0002972257329697211,0.9034619362857808,0.005889526281627354,1.0,2,0.11708830290920047,0.017392334350605103,0.8480140954855466,0.01750526725464765,0.9999999999999998,2,0.11755034460342298,0.016787708666936883,0.8478708996944211,0.017791047035219065,1.0,2,0.11162148626498625,0.0011790438338428286,0.8821204808588766,0.005078989042294266,1.0,2
2022-02-16,2,2,0.07792,0.00339,0.91292,0.00577,1.0,2,0.08444359243047997,0.002368842968892443,0.9094267363349118,0.003760828265715673,0.9999999999999999,2,0.1050362194298251,0.018723710050613664,0.8642897119179873,0.011950358601573861,1.0,2,0.10637172747289067,0.01947796238887668,0.8630566038210356,0.01109370631719701,0.9999999999999999,2,0.050208639614582835,0.001330738638666168,0.9420698549142189,0.006390766832532095,1.0,2
2022-02-17,2,2,0.07792,0.00339,0.91292,0.00577,1.0,2,0.06245254280412524,0.0016041659553041759,0.9284832787253327,0.0074600125152380166,1.0,2,0.07987422259998968,0.013847295878454539,0.893611429223975,0.012667052297580828,1.0,2,0.07816194269070285,0.013595995434915298,0.8958744787416013,0.012367583132780581,1.0,2,0.11105676995648232,0.0012289236833452752,0.8828267401903265,0.004887566169845813,0.9999999999999998,2
2022-02-18,2,2,0.07792,0.00339,0.91292,0.00577,1.0,2,0.06762751405690547,0.002853659530708321,0.9232325987258914,0.006286227686494937,1.0,2,0.07644529272968423,0.013604686556354814,0.8996327296580043,0.010317291055956588,1.0,2,0.07638228722270216,0.014002941898906029,0.8997815239887466,0.009833246889645233,1.0,2,0.07111178716372195,0.0013358953055796663,0.9220006098351626,0.005551707695535841,1.0,2
2022-02-22,2,2,0.07792,0.00339,0.91292,0.00577,1.0,2,0.08417554591077196,0.00193681966537247,0.9099622114161087,0.003925423007746936,1.0,2,0.07040417525647714,0.011419686334775905,0.9087435535369063,0.009432584871840788,1.0000000000000002,2,0.07039487490630363,0.011616484103495438,0.9088412724662175,0.009147368523983377,0.9999999999999999,2,0.08248894146433391,0.0013381173271682899,0.9109781240807556,0.005194817127742151,1.0,2
2022-02-23,2,3,0.07792,0.00339,0.91292,0.00577,1.0,2,0.09261773275600114,0.00034542465758127344,0.9034707689816055,0.003566073604812074,1.0,2,0.06039375913630688,0.007844448305926592,0.9211678621344532,0.010593930423313093,0.9999999999999998,2,0.059324683718911864,0.007363142388278541,0.9220848992429415,0.011227274649868306,1.0000000000000002,2,0.10922982323516875,0.0013096591584330977,0.8848318148890156,0.004628702717382624,1.0,2
2022-02-24,3,3,0.0,0.15385,0.06482,0.78133,1.0,3,0.007946207726016907,0.3031009577662527,0.1279882441660659,0.5609645903416646,1.0,3,0.35378524370977804,0.13626309999596156,0.3158175081100936,0.19413414818416685,1.0,0,0.3504715604618609,0.13334391189844463,0.3127849378515457,0.20339958978814865,0.9999999999999999,0,0.004523729653720122,0.1349201018879369,0.056991963551797635,0.8035642049065455,1.0,3
2022-02-25,3,3,0.0,0.15385,0.06482,0.78133,1.0,3,0.0039294999822650275,0.16373410846545125,0.13256861139714107,0.6997677801551426,1.0,3,0.31285213868043554,0.16227378513819474,0.28377119381137,0.2411028823699997,1.0,0,0.33144718428490555,0.1624082444324547,0.29404544829455537,0.2120991229880845,1.0,0,0.0040365221254935486,0.13319884330999623,0.05604350013741454,0.8067211344270957,1.0,3
2022-02-28,3,2,0.0,0.15385,0.06482,0.78133,1.0,3,0.0011384937933758869,0.842355105246818,0.027147846134176937,0.12935855482562922,1.0000000000000002,1,0.22560752210978138,0.21797819705342866,0.22238935370030752,0.33402492713648235,0.9999999999999999,3,0.23092342357366175,0.2464935407089278,0.2225907724163362,0.29999226330107415,0.9999999999999998,3,0.001788155620864341,0.12123815121393082,0.04959871257532213,0.8273749805898828,1.0,3
2022-03-01,2,1,0.07792,0.00339,0.91292,0.00577,1.0,2,0.10171871467045597,0.0068515263549569425,0.8885307378291362,0.0028990211454508912,1.0,2,0.27200015728924704,0.06774163880870195,0.638019858488705,0.02223834541334598,1.0,2,0.2732249719844111,0.07447132841811252,0.6335124431477848,0.01879125644969165,1.0,2,0.14662641819313776,0.0010526846876290684,0.8474703625977008,0.004850534521532332,0.9999999999999999,2
2022-03-02,1,1,0.0,0.93688,0.03148,0.03164,1.0,1,0.0471167544361266,0.7853678046878974,0.15684680749918742,0.010668633376788755,1.0000000000000002,1,0.37822106353154944,0.2768152242229742,0.2854694203530057,0.059494291892470665,1.0,0,0.3835440453817453,0.27811808584169145,0.27740680172136123,0.06093106705520197,1.0,0,0.006630368734132587,0.95212802321649,0.02368765366857762,0.017553954380799628,0.9999999999999999,1
2022-03-03,1,3,0.0,0.93688,0.03148,0.03164,1.0,1,0.0008119249309911692,0.9862792445897163,0.008711932370621598,0.004196898108671008,1.0,1,0.2246398856030662,0.5031039161619625,0.22144016291801646,0.05081603531695481,0.9999999999999999,1,0.2266723784316117,0.5035906892540575,0.2229651301560273,0.04677180215830361,1.0000000000000002,1,0.006725560154373989,0.952063996218812,0.023699291072625615,0.017511152554188416,1.0,1
2022-03-04,3,3,0.0,0.15385,0.06482,0.78133,1.0,3,0.0023542810833869425,0.8291693773356044,0.042958444735840706,0.12551789684516793,0.9999999999999999,1,0.3784368820974683,0.19252395316545506,0.30011375627233,0.12892540846474676,1.0,0,0.37587916975352653,0.21739724303041538,0.28964926135879515,0.11707432585726275,0.9999999999999999,0,0.004367371854373476,0.13438777305153363,0.056698038200015545,0.8045468168940774,1.0,3
2022-03-07,3,3,0.0,0.15385,0.06482,0.78133,1.0,3,0.009773931235757862,0.2065594276349552,0.2457005969620651,0.5379660441672219,1.0,3,0.26881860542665825,0.12851606305110508,0.27636748110108555,0.32629785042115117,1.0,3,0.26877754804872694,0.12065140845479254,0.2820698647165452,0.32850117877993534,1.0,3,0.018496204887566328,0.1563793887770685,0.06938454092561408,0.7557398654097511,1.0,3
2022-03-08,3,3,0.0,0.15385,0.06482,0.78133,1.0,3,0.009858887396126887,0.1812633042331431,0.23097914462819683,0.5778986637425332,1.0,3,0.23265968759332148,0.1308278818872381,0.22978827662926143,0.4067241538901791,1.0000000000000002,3,0.24155833082351194,0.12400340231311525,0.23633763691096846,0.39810062995240436,1.0,3,0.0059205951964370965,0.13901818891533607,0.05927323097529787,0.7957879849129289,1.0,3
2022-03-09,3,1,0.0,0.15385,0.06482,0.78133,1.0,3,0.0003416180874391028,0.0023800485128171573,0.019771075100469018,0.9775072582992748,1.0,3,0.12426370369701376,0.08907018802321036,0.1502324394673239,0.636433668812452,1.0,3,0.11478191796847848,0.08134208173552387,0.13622351037534025,0.6676524899206574,1.0,3,0.0054873637565631996,0.13785684674175008,0.05862335108022314,0.7980324384214635,1.0,3
2022-03-10,1,2,0.0,0.93688,0.03148,0.03164,1.0,1,0.011743759300046636,0.8753532194757404,0.09600105052673355,0.016901970697479386,1.0,1,0.33915342376931895,0.27118905618472006,0.3172722315156457,0.07238528853031533,1.0,0,0.34624752939724573,0.25413019562029443,0.3262740762686673,0.07334819871379251,1.0,0,0.00020287655917426215,0.9480718223173843,0.020591964142724083,0.031133336980717276,1.0,1
2022-03-11,2,1,0.07792,0.00339,0.91292,0.00577,1.0,2,0.09807957651970149,0.0021038625654370073,0.8975346720779788,0.0022818888368826406,0.9999999999999999,2,0.26625610610219463,0.05637679184384991,0.6512582546377842,0.026108847416171206,1.0,2,0.26729965646030956,0.057633868362441616,0.6519922468094825,0.02307422836776633,1.0,2,0.08072741251241196,0.0011641807454633234,0.9120866559382856,0.00602175080383928,1.0000000000000002,2
2022-03-14,1,1,0.0,0.93688,0.03148,0.03164,1.0,1,0.031400476066548125,0.5312630532210615,0.2992869761324718,0.13804949457991852,1.0,1,0.32366009993270894,0.22879484403667896,0.33629944796791494,0.11124560806269702,0.9999999999999999,2,0.3209699674238417,0.2059402904421326,0.34118922414721614,0.13190051798680957,1.0,2,0.0043157459446039985,0.9534780608853296,0.023326120985078237,0.01888007218498827,1.0000000000000002,1
2022-03-15,1,1,0.0,0.93688,0.03148,0.03164,1.0,1,0.0037709538887873155,0.9325413359686061,0.03578224490735406,0.027905465235252593,1.0,1,0.23706916003765433,0.45845753084590374,0.2375621803896284,0.06691112872681336,0.9999999999999998,1,0.24163972027155955,0.4493101510369704,0.2409251580613711,0.06812497063009881,1.0,1,0.001026458355793595,0.9529882062037662,0.022044972066041415,0.02394036337439901,1.0000000000000002,1
2022-03-16,1,1,0.0,0.93688,0.03148,0.03164,1.0,1,0.0008434743040854255,0.9814029363153893,0.009942388656961947,0.007811200723563188,0.9999999999999999,1,0.1647201846932647,0.6298183874878784,0.16479381332809578,0.04066761449076097,0.9999999999999998,1,0.16508579205260318,0.6373722862400572,0.16181231032825005,0.03572961137908978,1.0000000000000002,1,0.0012872925735736864,0.9533932710509626,0.022249538635422887,0.023069897740040667,0.9999999999999999,1
2022-03-17,1,1,0.0,0.93688,0.03148,0.03164,1.0,1,0.0013308335563762645,0.9921025060069871,0.006354311562053642,0.0002123488745828718,1.0,1,0.12735064818063055,0.7458733169603844,0.10922789005861812,0.01754814480036699,1.0,1,0.12203861442468367,0.7683218985097394,0.09809675604172118,0.011542731023855704,1.0,1,0.0016469785875576832,0.9537255527118154,0.022471846988491855,0.02215562171213496,0.9999999999999998,1
2022-03-18,1,1,0.0,0.93688,0.03148,0.03164,1.0,1,0.0006047491625360621,0.9888371440462729,0.0065998326384428445,0.003958274152748015,0.9999999999999998,1,0.09861339333972846,0.7589049441574153,0.10771258980847497,0.03476907269438132,1.0,1,0.09833216380310493,0.764876087713771,0.10520594255684057,0.03158580592628354,1.0,1,0.009175622473475245,0.9502833735730533,0.02394495584026213,0.016596048113209288,0.9999999999999999,1
2022-03-21,1,1,0.0,0.93688,0.03148,0.03164,1.0,1,0.012475016560160755,0.8961942674014125,0.07521430639595629,0.016116409642470377,0.9999999999999999,1,0.10541892770020178,0.737641810327329,0.1126076112747017,0.04433165069776738,0.9999999999999998,1,0.10944348157236214,0.7302447790387437,0.11374624573622295,0.04656549365267115,1.0,1,0.0026648078743974394,0.9539689770413021,0.022903048124168688,0.0204631669601317,1.0,1
2022-03-22,1,1,0.0,0.93688,0.03148,0.03164,1.0,1,0.005419511883487089,0.9346289918605148,0.04292326115613727,0.01702823509986088,1.0000000000000002,1,0.0825373680307902,0.7782331737508202,0.09738837965989047,0.041841078558499015,1.0,1,0.08752489332776131,0.766769849011342,0.10176939853889748,0.043935859121999314,1.0000000000000002,1,0.006012460508517208,0.9525307491819406,0.023607067533327582,0.017849722776214678,1.0,1
2022-03-23,1,2,0.0,0.93688,0.03148,0.03164,1.0,1,0.00011996194237073428,0.9981320539825541,0.0014591493951519984,0.0002888346799232004,1.0,1,0.04557127765281926,0.8832897086625628,0.05344997285175258,0.017689040832865304,0.9999999999999999,1,0.04092755961876951,0.8991659976467569,0.04655479950649895,0.013351643227974703,1.0,1,0.002624663603327881,0.9539710211945123,0.022889544450273393,0.02051477075188638,0.9999999999999999,1
2022-03-24,2,2,0.07792,0.00339,0.91292,0.00577,1.0,2,0.09939064907375864,0.00040110359198904387,0.8929661084202466,0.0072421389140055106,0.9999999999999998,2,0.2633030081592492,0.04467495178872525,0.6574176005969761,0.03460443945504945,0.9999999999999999,2,0.26433245387139986,0.04247316182388403,0.6583217493012606,0.034872635003455416,1.0,2,0.17733902551997008,0.0010057949122975992,0.8171983091784939,0.004456870389238454,1.0,2
2022-03-25,2,2,0.07792,0.00339,0.91292,0.00577,1.0,2,0.11147647620242955,0.0003324287865083223,0.883009261169588,0.005181833841474209,1.0000000000000002,2,0.19253604787435263,0.0290656766510603,0.7535741662733892,0.024824109201197844,1.0,2,0.19381909193982022,0.027535365692483944,0.7533893698057729,0.02525617256192294,1.0,2,0.0701711447133697,0.0012088445263183701,0.9224560790929432,0.006163931667368757,1.0,2
2022-03-28,2,2,0.07792,0.00339,0.91292,0.00577,1.0,2,0.05990482561041294,0.001065627358100427,0.9269021076423855,0.012127439389100986,0.9999999999999998,2,0.13249555147683822,0.026193468082719336,0.8195550762380335,0.02175590420240901,1.0,2,0.1316817700727403,0.027006027602526284,0.8195975234221994,0.021714678902534076,1.0,2,0.10752984145873151,0.0011625917758325032,0.8860550770985933,0.005252489666842701,1.0,2
2022-03-29,2,2,0.07792,0.00339,0.91292,0.00577,1.0,2,0.06610891305435604,0.001857438687617955,0.9186674473769817,0.01336620088104448,1.0000000000000002,2,0.11850040151313451,0.02217231833576724,0.8455405793388763,0.013786700812222037,1.0,2,0.11920835661463046,0.02259940457906321,0.8455870308433114,0.012605207962994905,1.0,2,0.03307993351374857,0.0013501717623580047,0.9582930218777064,0.007276872846187147,1.0,2
2022-03-30,2,2,0.07792,0.00339,0.91292,0.00577,1.0,2,0.08987290906904989,0.004027301330219201,0.9026302229211707,0.003469566679560335,1.0000000000000002,2,0.10765494647603174,0.020546291034194954,0.8617524492064572,0.01004631328331609,1.0,2,0.1092416997442812,0.02194544356584309,0.860068685117195,0.008744171572680653,1.0,2,0.05467181648755772,0.0013198467581317823,0.9377672328669973,0.006241103887313256,1.0,2
2022-03-31,2,2,0.07792,0.00339,0.91292,0.00577,1.0,2,0.05878002252338389,0.0006773282807219495,0.9236291259850137,0.016913523210880372,0.9999999999999999,2,0.07603791856042709,0.01199034211095237,0.8964913246116478,0.015480414716972741,1.0,2,0.07370648664532076,0.011313214324446283,0.898485365259568,0.016494933770664993,1.0,2,0.15115484673957252,0.0011572412961710166,0.8433580543581662,0.004329857606090327,1.0000000000000002,2
2022-04-01,2,2,0.07792,0.00339,0.91292,0.00577,1.0,2,0.07772685026954951,0.001470913601691903,0.9116403540573237,0.009161882071434964,1.0,2,0.07871292396904025,0.012296803007932013,0.8977185814516716,0.011271691571356181,1.0,2,0.07901433980785404,0.012272878288682572,0.897285328044854,0.011427453858609295,0.9999999999999999,2,0.04539931798375739,0.0013986803135041794,0.9468926557066814,0.006309345996057112,1.0,2
2022-04-04,2,2,0.07792,0.00339,0.91292,0.00577,1.0,2,0.10278265583803069,0.0014276455282990063,0.8926346591298397,0.0031550395038306553,1.0,2,0.07796594127832204,0.011841352223808466,0.9027227695217621,0.007469936976107466,1.0000000000000002,2,0.07977578135940656,0.012095358403840448,0.9014409760803325,0.006687884156420489,1.0,2,0.08578047005583513,0.001331082366402131,0.9077588320878079,0.005129615489954837,1.0,2
2022-04-05,2,2,0.07792,0.00339,0.91292,0.00577,1.0,2,0.08786046971983939,0.0001163678997425791,0.9070962851895679,0.004926877190850159,1.0,2,0.061070154409383084,0.006950419631629614,0.9201202562608638,0.011859169698123345,0.9999999999999999,2,0.06033865670791885,0.006387173455111603,0.9198716232613322,0.013402546575637275,1.0,2,0.1216580663642871,0.001285207614940752,0.872608774907885,0.004447951112887193,1.0,2
2022-04-06,2,2,0.07792,0.00339,0.91292,0.00577,1.0,2,0.06497389566527503,0.00028251917672806053,0.9254415996620764,0.009301985495920418,0.9999999999999999,2,0.05205372743705582,0.006799087440638842,0.929239183259735,0.01190800186257035,1.0,2,0.05075305451070725,0.006353036013806836,0.9294520778017206,0.013441831673765284,1.0,2,0.07399446655523456,0.0014129477940735477,0.9194294306101529,0.005163155040538865,0.9999999999999999,2
2022-04-07,2,2,0.07792,0.00339,0.91292,0.00577,1.0,2,0.08445651149834743,0.0007255107032445878,0.9110301208850181,0.003787856913389727,0.9999999999999998,2,0.056361053742527166,0.007619889851920992,0.9283370990375477,0.007681957368004171,1.0,2,0.05683415060822218,0.007473755048183581,0.9281276061791291,0.007564488164465167,1.0,2,0.04043143869048944,0.0015321273498520394,0.9520328781109408,0.006003555848717828,1.0000000000000002,2
2022-04-08,2,2,0.07792,0.00339,0.91292,0.00577,1.0,2,0.09302440579700427,0.0006027680065375451,0.9043094334176189,0.0020633927788393145,1.0,2,0.05322037859052816,0.00698891517518168,0.9321248246806944,0.0076658815535958465,1.0,2,0.05375507779020251,0.007019091622083289,0.9313731832537815,0.007852647333932684,1.0,2,0.07500619131961955,0.0014689808429545444,0.9185862753619852,0.004938552475440748,1.0000000000000002,2
2022-04-11,2,2,0.07792,0.00339,0.91292,0.00577,1.0,2,0.06965029357925782,0.0002060589456114414,0.9261264893766445,0.004017158098486083,0.9999999999999999,2,0.04290669147397359,0.005173477156835963,0.942463179693208,0.009456651675982398,1.0,2,0.04184107158237731,0.004812870255381506,0.9428151901565242,0.010530868005716997,1.0,2,0.09945866887055045,0.0014417907984446826,0.8946857283622675,0.004413811968737487,1.0000000000000002,2
2022-04-12,2,2,0.07792,0.00339,0.91292,0.00577,1.0,2,0.08534929146372788,0.0026255727623579464,0.9085445294406503,0.003480606333263955,1.0,2,0.050486453821755276,0.007525394082071735,0.9368578781805236,0.0051302739156495036,1.0,2,0.05155196645919221,0.007961250518029902,0.9357601888066918,0.0047265942160860715,1.0,2,0.04735174925591912,0.0016061062296906792,0.9456237913506232,0.0054183531637668385,0.9999999999999999,2
2022-04-13,2,2,0.07792,0.00339,0.91292,0.00577,1.0,2,0.07691103240585541,0.002847110616102781,0.9162225536023492,0.004019303375692559,0.9999999999999999,2,0.048414134050277634,0.007212088671659389,0.9392707904937516,0.005102986784311384,1.0,2,0.04979694765427852,0.007689088557591912,0.9377459644470653,0.004767999341064309,1.0,2,0.13960907391702665,0.0014128517255882582,0.8552446338295304,0.0037334405278547623,1.0000000000000002,2
2022-04-14,2,2,0.07792,0.00339,0.91292,0.00577,1.0,2,0.07922890034339501,0.00027525516682921946,0.9182090225575962,0.002286821932179669,1.0000000000000002,2,0.04116002166654025,0.00470174715480256,0.947846209340545,0.006292021838112254,1.0,2,0.04116101415513319,0.004485850443965346,0.9478917430872389,0.006461392313662645,1.0,2,0.1013548847522663,0.001527664231638443,0.8929897959680516,0.004127655048043834,1.0000000000000002,2
2022-04-18,2,2,0.07792,0.00339,0.91292,0.00577,1.0,2,0.07059340462346426,0.0010558892024035702,0.9256353741206622,0.002715332053470046,1.0,2,0.04041042154434159,0.005340848586880053,0.9487234762533293,0.005525253615449022,0.9999999999999999,2,0.04082278890720226,0.005355842291924252,0.9484105040881412,0.005410864712732329,1.0,2,0.07767623012040159,0.0016185559871962113,0.9162884447524764,0.004416769139925595,0.9999999999999998,2
2022-04-19,2,2,0.07792,0.00339,0.91292,0.00577,1.0,2,0.05981715178946222,0.00043841108141868537,0.933004795909325,0.006739641219794042,0.9999999999999999,2,0.03590345197716989,0.004518336019757028,0.9520885462913111,0.007489665711762101,1.0,2,0.035971369464797086,0.004542756088142117,0.9509822503190275,0.008503624128033344,1.0,2,0.07082471151557426,0.0016705126270519434,0.9230509311548192,0.00445384470255462,1.0,2
2022-04-20,2,2,0.07792,0.00339,0.91292,0.00577,1.0,2,0.04632124912768713,0.009664639158849847,0.9389711507516956,0.005042960961767511,1.0,2,0.036326168110846005,0.0067138510917048215,0.9525177860852435,0.004442194712205684,1.0,2,0.036837993397883885,0.007556581884260261,0.9515588478123523,0.0040465769055035355,1.0,2,0.029411932257806896,0.001846490205827448,0.9631992392166413,0.005542338319724289,0.9999999999999999,2
2022-04-21,2,2,0.07792,0.00339,0.91292,0.00577,1.0,2,0.05642701111254541,0.0006393884883964479,0.9407156062318194,0.002217994167238832,1.0,2,0.03306870869144504,0.004151774510929518,0.9572528765570023,0.005526640240623167,1.0,2,0.03282239935815501,0.004051666484033582,0.9575410755121442,0.005584858645667342,1.0,2,0.05358521400582423,0.0017927615909534254,0.9399817376999454,0.004640286703276934,1.0,2
2022-04-22,2,2,0.07792,0.00339,0.91292,0.00577,1.0,2,0.04044269466952116,0.0003853769504143656,0.9496759455576117,0.009495982822452835,1.0,2,0.028321796427075097,0.003374868605313482,0.9615209876092866,0.006782347358324802,1.0,2,0.02723171708264155,0.0031137803355779474,0.9620698580329812,0.007584644548799266,0.9999999999999999,2,0.05289140583944654,0.0018317885140534576,0.9407125251590756,0.004564280487424445,1.0,2
2022-04-25,2,2,0.07792,0.00339,0.91292,0.00577,1.0,2,0.043578194057560145,0.002763451460729409,0.9442504224856495,0.00940793199606095,1.0,2,0.03092024867956973,0.004682774095110627,0.9594613094763836,0.004935667748935971,0.9999999999999999,2,0.030947123118493958,0.0048800631552524155,0.9592499602912581,0.004922853434995603,1.0,2,0.033757596664994685,0.001942597014495884,0.9592599332340442,0.005039873086465291,1.0000000000000002,2
2022-04-26,2,2,0.07792,0.00339,0.91292,0.00577,1.0,2,0.04138869122291949,0.0044875450613888965,0.9484063101542217,0.005717453561469997,1.0,2,0.030437506393144177,0.004682583694327226,0.9609871531884602,0.0038927567240683776,1.0,2,0.03013838378398103,0.0048627543357738804,0.9613944947977707,0.0036043670824743887,1.0,2,0.03171669628273305,0.0019915964288299243,0.9612739791894914,0.00501772809894554,0.9999999999999999,2
2022-04-27,2,2,0.07792,0.00339,0.91292,0.00577,1.0,2,0.06480673206601079,0.0006795957888013377,0.9318555846687927,0.002658087476395103,0.9999999999999999,2,0.031377141376247975,0.0036338967445941283,0.960388170276203,0.004600791602954796,0.9999999999999999,2,0.03176991992601249,0.003602027168290637,0.9599090291361856,0.004719023769511392,1.0000000000000002,2,0.07712849662194772,0.0018667506241744603,0.9171610793049771,0.0038436734489005983,0.9999999999999999,2
2022-04-28,2,2,0.07792,0.00339,0.91292,0.00577,1.0,2,0.0661208887492323,0.0030906156365561968,0.9290762035160681,0.001712292098143358,1.0,2,0.032347210707338175,0.004661071745760096,0.9591027439172425,0.003888973629659051,0.9999999999999998,2,0.033420739894265625,0.005146946283846377,0.9576942146571736,0.003738099164714428,1.0,2,0.05956824012667749,0.001962569227136716,0.9343984527465469,0.004070737899639032,1.0,2
2022-04-29,2,2,0.07792,0.00339,0.91292,0.00577,1.0,2,0.04006466888969584,0.0002823284649399671,0.9504980085680975,0.009154994077266674,1.0,2,0.024653666732585188,0.0026018239338113096,0.9670335058461749,0.005711003487428496,0.9999999999999999,2,0.023660624943038236,0.002346986935708397,0.9674735896585709,0.006518798462682478,1.0,2,0.053086440197420405,0.002026261802588573,0.9407651620301005,0.004122135969890498,1.0,2
2022-05-02,2,2,0.07792,0.00339,0.91292,0.00577,1.0,2,0.05718357720675202,0.00035955844298784167,0.9338074158402593,0.00864944851000081,1.0,2,0.028815343307056342,0.002902060831130239,0.9631034394398524,0.005179156421960971,1.0,2,0.02922422692892345,0.002820078716314346,0.9619125256203936,0.006043168734368514,0.9999999999999999,2,0.044173517646321436,0.0021031526822447356,0.9494752146911966,0.004248114980237314,1.0,2
2022-05-03,2,2,0.07792,0.00339,0.91292,0.00577,1.0,2,0.040989065380032115,0.0028240791752402695,0.9509313033148584,0.0052555521298692405,1.0,2,0.026111760164709768,0.0037728738273422467,0.9662401813666683,0.0038751846412797115,1.0,2,0.02621178969170823,0.003924033185188041,0.9661259338830656,0.0037382432400380576,0.9999999999999999,2,0.055260014893463084,0.0021016032287002047,0.9387237647180128,0.00391461715982404,1.0000000000000002,2
2022-05-04,2,2,0.07792,0.00339,0.91292,0.00577,1.0,2,0.06841058002182197,0.010285016699689174,0.9201781757728317,0.0011262275056571824,1.0,2,0.03245283109569579,0.005270068241375133,0.9598404435206942,0.0024366571422348732,1.0,2,0.03432754794505501,0.006351946636789114,0.9572616214544325,0.002058883963723368,1.0,2,0.02877049179204011,0.0022647620049882464,0.964409446020892,0.0045553001820797,1.0,2
2022-05-05,2,2,0.07792,0.00339,0.91292,0.00577,1.0,2,0.04085221048578369,9.723072608901522e-05,0.953349917289139,0.005700641498988361,1.0,2,0.022571971871836932,0.0020716847003743656,0.9700786695960811,0.00527767383170753,1.0,2,0.021819115891006657,0.001851981981663511,0.9701490702252382,0.006179831902091578,1.0,2,0.08175713947684682,0.0020919012886846966,0.9128080793186484,0.0033428799158200257,0.9999999999999999,2
2022-05-06,2,1,0.07792,0.00339,0.91292,0.00577,1.0,2,0.049760307584439584,0.0004031236728765884,0.9458821549431675,0.003954413799516432,1.0,2,0.02398563594624759,0.0025064944339337186,0.9690111215777966,0.004496748042022269,1.0,2,0.023857575426393284,0.0023753356160253996,0.9688458201784047,0.0049212687791766385,1.0,2,0.039452488940805934,0.0023024858198643213,0.9542074299407302,0.004037595298599789,1.0000000000000002,2
2022-05-09,1,1,0.0,0.93688,0.03148,0.03164,1.0,1,0.002477627773076558,0.8886516882075325,0.04189324776958376,0.06697743624980722,1.0,1,0.2781323740361212,0.2835962970140152,0.332140633576136,0.10613069537372775,1.0,2,0.2685000302519226,0.27015038919345696,0.3408102239170536,0.12053935663756676,1.0,2,0.0022426915434075813,0.9539519958852523,0.022749175631394215,0.0210561369399458,0.9999999999999999,1
2022-05-10,1,1,0.0,0.93688,0.03148,0.03164,1.0,1,0.0011813349103504667,0.9748984277570882,0.013541569352036301,0.01037866798052491,0.9999999999999999,1,0.22588951650266342,0.48561468427217375,0.22973561040309337,0.05876018882206939,0.9999999999999999,1,0.22902602598953226,0.4806638072794254,0.23339579605801133,0.05691437067303083,0.9999999999999998,1,0.000819814362552291,0.9525037385312494,0.021841925275828684,0.024834521830369556,1.0,1
2022-05-11,1,2,0.0,0.93688,0.03148,0.03164,1.0,1,0.0002492973149899761,0.9967863573698309,0.0026081601555717495,0.0003561851596074129,1.0,1,0.14525077393739735,0.6769875597214444,0.14617794612908144,0.031583720212076866,1.0,1,0.13716239876587907,0.702829792338318,0.1355208844164151,0.024486924479387762,0.9999999999999999,1,0.0018997644781716002,0.9538589783874131,0.0226003404101354,0.02164091672428011,1.0000000000000002,1
2022-05-12,2,2,0.07792,0.00339,0.91292,0.00577,1.0,2,0.08950156361510819,0.0008267335156672863,0.9009292761443628,0.008742426724861791,1.0,2,0.25913225335825496,0.04714305893703118,0.6620061035071348,0.03171858419757893,0.9999999999999999,2,0.2587583746549597,0.044595892042089816,0.6660786819157657,0.03056705138718481,1.0,2,0.16635955515920642,0.00102231512609915,0.828027427581623,0.004590702133071392,1.0,2
2022-05-13,2,2,0.07792,0.00339,0.91292,0.00577,1.0,2,0.14665565150725088,0.0005723096972287205,0.8514709799877745,0.0013010588077459078,1.0,2,0.20601181905301283,0.034759101251264454,0.7393455176970726,0.019883561998650066,0.9999999999999999,2,0.21115440866547483,0.035548665730562215,0.7349286325445346,0.018368293059428435,1.0,2,0.08778973942080653,0.0011747219959013715,0.905291264806252,0.005744273777040037,0.9999999999999999,2
2022-05-16,2,2,0.07792,0.00339,0.91292,0.00577,1.0,2,0.09946525731506173,0.0015092870625467074,0.8948911556119964,0.00413430001039503,0.9999999999999999,2,0.14841693410772674,0.026289579531721428,0.8089964743628006,0.016297011997751246,1.0,2,0.14915509059653012,0.026135327964725036,0.8097348380621486,0.01497474337659624,1.0,2,0.11788755138898288,0.0011444370159727532,0.8758890313392153,0.005078980255829258,1.0000000000000002,2
2022-05-17,2,2,0.07792,0.00339,0.91292,0.00577,1.0,2,0.10876819191984483,0.00038297161679309963,0.8867071010149806,0.004141735448381439,1.0,2,0.12326427382118854,0.01813486271763995,0.8416312535131871,0.016969609947984292,0.9999999999999999,2,0.12481425248473527,0.017842884753000755,0.8399283568438195,0.01741450591844451,1.0,2,0.12190527336528356,0.0011608388846261655,0.8720185357107026,0.0049153520393876065,1.0,2
2022-05-18,2,2,0.07792,0.00339,0.91292,0.00577,1.0,2,0.04041425780848291,0.0024143881286943824,0.9453241632341974,0.011847190828625353,1.0,2,0.08091466834039993,0.017456466474080216,0.8846797474166948,0.016949117768825156,1.0,2,0.07726798422042916,0.018157139127139763,0.8872967601585791,0.01727811649385196,0.9999999999999999,2,0.07592892484071402,0.0012725710029882489,0.9171341639914341,0.005664340164863458,0.9999999999999999,2
2022-05-19,2,2,0.07792,0.00339,0.91292,0.00577,1.0,2,0.08053989676870424,0.001624076136300334,0.9078966185712524,0.009939408523742997,0.9999999999999999,2,0.08863421687254598,0.01416236428856855,0.8858535326964249,0.011349886142460698,1.0000000000000002,2,0.08862319764947726,0.013937665002024271,0.8864031277529655,0.011036009595532989,1.0,2,0.044497345256931754,0.0013729823280683596,0.9476574370483466,0.00647223536665324,0.9999999999999999,2
2022-05-20,2,2,0.07792,0.00339,0.91292,0.00577,1.0,2,0.06305019801697853,0.0027990391655490793,0.9245189927164734,0.009631770100999089,1.0000000000000002,2,0.07690677431708559,0.013688137705287198,0.8992147297953244,0.01019035818230291,1.0,2,0.07705670956528171,0.014076233809585267,0.8991842539524781,0.00968280267265487,1.0,2,0.10683349272052947,0.0012622201913689824,0.8870468789236826,0.004857408164418848,0.9999999999999999,2
2022-05-23,2,2,0.07792,0.00339,0.91292,0.00577,1.0,2,0.11146731367234063,0.00046666685887953007,0.8857565310974744,0.0023094883713054835,1.0,2,0.07768789001571735,0.010490049834524314,0.9032394749457217,0.008582585204036803,1.0000000000000002,2,0.07969859701857533,0.01049812692559206,0.9016355619624363,0.008167714093396294,1.0,2,0.06864269431401566,0.0013689417795307698,0.9244887972003643,0.005499566706089443,1.0000000000000002,2
2022-05-24,2,2,0.07792,0.00339,0.91292,0.00577,1.0,2,0.05574593080353333,0.007278772118884667,0.929215392705939,0.0077599043716427936,0.9999999999999998,2,0.06285660095945313,0.01272212962273052,0.9169258736636082,0.007495395754208087,1.0,2,0.06299916957527904,0.013854692500882618,0.9164349673922675,0.006711170531570775,0.9999999999999999,2,0.09111498760285815,0.0013469239137118116,0.9026095551272516,0.0049285333561784675,1.0,2
2022-05-25,2,2,0.07792,0.00339,0.91292,0.00577,1.0,2,0.0761491394612697,0.0026781566848706677,0.9160531453008337,0.0051195585530259624,1.0,2,0.06352406697074178,0.010386354375018217,0.9199323651968032,0.006157213457436879,1.0,2,0.0647083687861221,0.01074650007088609,0.9192060231380095,0.005339108004982218,1.0,2,0.07090183043355086,0.0014202312727886707,0.9224468535441095,0.005231084749550971,1.0,2
2022-05-26,2,2,0.07792,0.00339,0.91292,0.00577,1.0,2,0.09815356058732971,0.0020013186891204298,0.8979427793130504,0.0019023414104993265,0.9999999999999999,2,0.0625967776119353,0.009747154529775696,0.9222342591712537,0.00542180868703545,1.0,2,0.06471634213973801,0.010341570898785304,0.9203140903326039,0.004627996628872746,0.9999999999999999,2,0.08166627471962078,0.0014239514914088133,0.912003778163967,0.004905995625003355,1.0,2
2022-05-27,2,2,0.07792,0.00339,0.91292,0.00577,1.0,2,0.08824229235796183,0.002516947842143593,0.9064365889066676,0.002804170893226913,0.9999999999999999,2,0.0586817583356672,0.009197273428646896,0.9265996237752885,0.005521344460397371,1.0,2,0.06073190157423756,0.009912826703247347,0.924431152860811,0.004924118861704097,1.0,2,0.09401584365682876,0.0014248932327802146,0.8999682296304724,0.00459103347991859,1.0,2
2022-05-31,2,2,0.07792,0.00339,0.91292,0.00577,1.0,2,0.0735993061854437,0.00019450073014925864,0.9209176503356385,0.005288542748768497,1.0,2,0.04524381010180685,0.00525888000971324,0.9411479692813648,0.008349340607115117,1.0,2,0.04471077969573336,0.004851849684051644,0.9415280338961034,0.00890933672411161,1.0,2,0.08740577355882029,0.0014693131961763097,0.9065150632982005,0.0046098499468029425,1.0,2
2022-06-01,2,2,0.07792,0.00339,0.91292,0.00577,1.0,2,0.06733568873078778,0.0012843563434627974,0.9245974726835882,0.006782482242161287,1.0,2,0.04597416098582822,0.006264525002351839,0.9410956021335728,0.006665711878247069,0.9999999999999999,2,0.04601464840119139,0.00617949001984966,0.9410700034823202,0.006735858096638726,0.9999999999999999,2,0.047066601725326465,0.001606986674633701,0.9458991645598629,0.005427247040176912,1.0,2
2022-06-02,2,2,0.07792,0.00339,0.91292,0.00577,1.0,2,0.08448235101125202,0.002587333982754446,0.9108288221504134,0.0021014928555801436,1.0,2,0.04824716640926266,0.007339878509695065,0.9392970947720103,0.005115860309032103,1.0,2,0.04977072689399653,0.007930247285529286,0.9375860984001122,0.0047129274203620624,1.0,2,0.08553704861816865,0.0015346601860304983,0.9084692099575125,0.004459081238288501,1.0,2
2022-06-03,2,2,0.07792,0.00339,0.91292,0.00577,1.0,2,0.06312382801402142,0.0012415131580609264,0.9334533705755207,0.0021812882523969137,1.0,2,0.04020780058770527,0.005669569984412209,0.9484876019396774,0.005635027488204981,0.9999999999999999,2,0.04007262901936493,0.005658297286968586,0.9489246257555817,0.005344447938084807,1.0,2,0.08421139688605057,0.001569402298682673,0.9098269249633805,0.004392275851886286,1.0,2
2022-06-06,2,2,0.07792,0.00339,0.91292,0.00577,1.0,2,0.08485721914948506,0.00038258457893904454,0.910742861615123,0.004017334656452693,0.9999999999999998,2,0.04137029341994463,0.0046776585468422446,0.9480028318153843,0.00594921621782897,1.0000000000000002,2,0.04191434777935142,0.004536407701633533,0.9473215388847677,0.006227705634247189,0.9999999999999999,2,0.07202995350257296,0.0016337102588149563,0.9218151156542295,0.004521220584382663,1.0,2
2022-06-07,2,2,0.07792,0.00339,0.91292,0.00577,1.0,2,0.06006845098040175,0.004749163576844468,0.9302263386872479,0.004956046755505752,0.9999999999999999,2,0.03941102773704514,0.006330440328681669,0.9494089930568759,0.004849538877397276,0.9999999999999999,2,0.040139867964535156,0.006832638088290089,0.9484398357897924,0.004587658157382285,0.9999999999999999,2,0.07971505083830427,0.0016462045942688237,0.9143453463174068,0.004293398250020038,1.0,2
2022-06-08,2,2,0.07792,0.00339,0.91292,0.00577,1.0,2,0.06457518748686214,0.0007728881762959141,0.9301112110180383,0.00454071331880382,1.0000000000000002,2,0.03571632936463585,0.004370893419679208,0.9544294945176135,0.005483282698071619,1.0000000000000002,2,0.03559387258755667,0.0042125845635905945,0.9546053542010061,0.0055881886478467,1.0,2,0.06359336523382719,0.0017258096827308651,0.9301730533630639,0.004507771720378145,1.0,2
2022-06-09,2,2,0.07792,0.00339,0.91292,0.00577,1.0,2,0.04764535701265391,0.0014529917620529408,0.945153787733097,0.0057478634921960545,0.9999999999999999,2,0.031937429092300275,0.004362167453244152,0.9579121438360783,0.005788259618377244,0.9999999999999999,2,0.03128574138659778,0.0042851083776257555,0.9584093886220131,0.006019761613763338,1.0,2,0.06992491037218679,0.0017422167465869296,0.9240384392109664,0.004294433670259858,1.0,2
2022-06-10,2,1,0.07792,0.00339,0.91292,0.00577,1.0,2,0.04230227080918874,0.00034963493754272865,0.9493164264210776,0.008031667832190885,1.0,2,0.02844483084441108,0.0033250941024138094,0.9606230414664738,0.007607033586701331,1.0,2,0.02736067388020286,0.0031125686274510816,0.9604722231651956,0.009054534327150329,0.9999999999999999,2,0.05930526101513128,0.0018107044510035696,0.9344655685620777,0.004418465971787391,1.0,2
2022-06-13,1,1,0.0,0.93688,0.03148,0.03164,1.0,1,0.04512008128277681,0.2530925703697723,0.3828941557405157,0.3188931926069352,1.0,2,0.29385742785331015,0.18418288299210464,0.34332064334531476,0.17863904580927045,1.0,2,0.2644489271245955,0.1513107007516852,0.32853309861215796,0.25570727351156136,1.0,2,0.0018652265066250529,0.9538444764506392,0.022583848796558784,0.021706448246176905,1.0,1
2022-06-14,1,1,0.0,0.93688,0.03148,0.03164,1.0,1,0.0104759104587519,0.763947041552467,0.10181835831273045,0.12375868967605061,0.9999999999999999,1,0.2512511820934904,0.3925688209288759,0.2660377265388697,0.09014227043876391,0.9999999999999999,1,0.25871590571258724,0.3596105673966252,0.27769466664232656,0.10397886024846094,0.9999999999999999,1,0.001781597253135054,0.953804745721066,0.02254259021904885,0.021871066806750227,1.0000000000000002,1
2022-06-15,1,1,0.0,0.93688,0.03148,0.03164,1.0,1,0.00023783759411406675,0.9972563360369862,0.002242843450168729,0.0002629829187310659,1.0,1,0.1397779568867651,0.6979084797912459,0.1362432661185065,0.026070297203482445,0.9999999999999999,1,0.13083581889655196,0.7278421947791122,0.12296145759707564,0.018360528727260152,0.9999999999999999,1,0.0017785349931269678,0.953803160717633,0.022541042241276822,0.021877262047963166,1.0,1
2022-06-16,1,1,0.0,0.93688,0.03148,0.03164,1.0,1,0.0013066791274695452,0.9675109900571038,0.01755683155009554,0.013625499265331109,1.0,1,0.12832970665938945,0.6545325644891778,0.15965398969051012,0.05748373916092267,1.0000000000000002,1,0.13070545013080984,0.6412022484529892,0.16810829559676646,0.05998400581943434,0.9999999999999998,1,0.0023742802007616277,0.9539671142873426,0.022800152907333462,0.02085845260456225,0.9999999999999999,1
2022-06-17,1,1,0.0,0.93688,0.03148,0.03164,1.0,1,0.002339443530120127,0.9311235974781619,0.0372124668451091,0.02932449214660881,1.0,1,0.09950887947664533,0.7132769863357179,0.12929534566297712,0.05791878852465967,1.0,1,0.099627646755154,0.7105728842645361,0.130196652310677,0.05960281666963273,0.9999999999999999,1,0.0028033618311584115,0.9539569043511807,0.022948076857176997,0.02029165696048376,0.9999999999999999,1
2022-06-21,1,1,0.0,0.93688,0.03148,0.03164,1.0,1,0.00926370481072633,0.9144888265404131,0.0640790560644502,0.012168412584410353,1.0,1,0.09977464009308083,0.7485880285104762,0.10997030709207337,0.041667024304369506,0.9999999999999999,1,0.10470604165767895,0.741456589035566,0.11235333456481182,0.04148403474194333,1.0,1,0.000741635648122841,0.9522637730539658,0.02175147587715975,0.025243115420751527,0.9999999999999999,1
2022-06-22,1,1,0.0,0.93688,0.03148,0.03164,1.0,1,0.00014844642918472405,0.9957344157909359,0.0025277319414719873,0.0015894058384073018,0.9999999999999999,1,0.05463836963308713,0.849336717055409,0.06886645406427444,0.027158459247229524,1.0000000000000002,1,0.05064205592372393,0.8633373411635286,0.06288648277554351,0.02313412013720397,1.0,1,0.002191864264065282,0.9539434020282052,0.022728654437929104,0.021136079269800725,1.0000000000000002,1
2022-06-23,1,1,0.0,0.93688,0.03148,0.03164,1.0,1,0.0008699581248715151,0.9797413937507666,0.013052602455942757,0.0063360456684189775,0.9999999999999999,1,0.05558306749368234,0.8418201858982294,0.0719525669261104,0.030644179681977954,1.0,1,0.05526066668744957,0.8461101481961184,0.07066207664322618,0.02796710847320592,1.0,1,0.0018224109810462109,0.9538249772744828,0.02256296675382016,0.021789644990650954,1.0000000000000002,1
2022-06-24,1,0,0.0,0.93688,0.03148,0.03164,1.0,1,0.004250101291524774,0.9607167040452257,0.03000306976070637,0.005030124902543327,1.0000000000000002,1,0.058621332986827986,0.8505475127538538,0.06576125518066143,0.025069899078656952,1.0000000000000002,1,0.06057764418915143,0.8513027590730403,0.06528199505063478,0.022837601687173446,1.0,1,0.001208542646260802,0.9532893373554374,0.022192518625265063,0.02330960137303662,0.9999999999999999,1
2022-06-27,0,2,0.94901,0.0,0.05099,0.0,1.0,0,0.9454377480397155,7.571151726659376e-05,0.05407555543651421,0.00041098500650363806,0.9999999999999999,0,0.7390939070458222,0.035316538353152176,0.19733284334435885,0.028256711256666737,1.0,0,0.7382798295443698,0.03278116480627334,0.19976340228585127,0.02917560336350569,1.0000000000000002,0,0.9680653618870204,0.00027881003314081143,0.03130234200884772,0.000353486070991069,1.0,0
2022-06-28,2,2,0.07792,0.00339,0.91292,0.00577,1.0,2,0.08463952006183846,0.0012851534103901355,0.9010317843398233,0.01304354218794814,1.0000000000000002,2,0.24778754556910162,0.04731370686489159,0.6680831006709198,0.03681564689508711,1.0000000000000002,2,0.24322358405778416,0.0451965837165627,0.6733040142236747,0.03827581800197842,1.0,2,0.08497893044843617,0.001156265316409497,0.9079413656322521,0.005923438602902228,1.0,2
2022-06-29,2,2,0.07792,0.00339,0.91292,0.00577,1.0,2,0.0650951186270723,0.002517076415119478,0.9130440195270878,0.01934378543072038,0.9999999999999999,2,0.17370142797349578,0.03666409891933623,0.7630248634729777,0.02660960963419027,0.9999999999999999,2,0.1717943644227631,0.03725951784218058,0.7641154867248594,0.02683063101019675,0.9999999999999999,2,0.12060378033090888,0.001116859728263767,0.8731412755069972,0.005138084433830246,1.0,2
2022-06-30,2,2,0.07792,0.00339,0.91292,0.00577,1.0,2,0.054066960955985705,0.0008035440345339256,0.9286540312243882,0.016475463785092116,0.9999999999999999,2,0.1251657970771593,0.023771532557212902,0.8265583356023545,0.024504334763273173,0.9999999999999999,2,0.12232545999140958,0.023578165705245686,0.828523001753151,0.0255733725501939,1.0000000000000002,2,0.059840298089440254,0.0012556752183974676,0.9325718665631826,0.006332160128979819,1.0,2
2022-07-01,2,1,0.07792,0.00339,0.91292,0.00577,1.0,2,0.09115663093489407,0.003401725677835029,0.9035493058102768,0.0018923375769941595,1.0,2,0.12715673849280607,0.025777980455330935,0.8364992362044255,0.010566044847437518,1.0,2,0.13009300316847935,0.027663042837186496,0.8337104289520417,0.008533525042292463,1.0,2,0.03355056303962402,0.0013487486435713942,0.9578497552458013,0.007250933071003262,0.9999999999999999,2
2022-07-05,1,1,0.0,0.93688,0.03148,0.03164,1.0,1,0.0019452472020560832,0.9372173443551004,0.03327793803488509,0.027559470407958656,1.0000000000000002,1,0.27177501503614354,0.33107652476874677,0.3030234315835317,0.09412502861157813,1.0000000000000002,1,0.26026294757199153,0.34720462220298115,0.2938356841766379,0.09869674604838938,1.0,1,0.002776201029786871,0.9539598592588892,0.022939435696431337,0.020324504014892653,0.9999999999999999,1
2022-07-06,1,1,0.0,0.93688,0.03148,0.03164,1.0,1,0.015042748197122013,0.789865031185137,0.1295201903822166,0.06557203023552456,1.0000000000000002,1,0.2512514350408916,0.4006013131655049,0.2633812366755442,0.08476601511805923,0.9999999999999999,1,0.2591137590082205,0.37337935427997526,0.2737522756807921,0.0937546110310121,0.9999999999999999,1,0.00036254256680936343,0.950178839834767,0.021108369133501195,0.028350248464922644,1.0000000000000002,1
2022-07-07,1,1,0.0,0.93688,0.03148,0.03164,1.0,1,0.002704074630472212,0.981728025083045,0.013533191671817298,0.002034708614665447,1.0,1,0.18470572833734042,0.6209166223315369,0.15997387476729968,0.034403774563822945,0.9999999999999999,1,0.1849204247544986,0.6324261414666384,0.15325262709325882,0.029400806685604235,1.0,1,0.0014747999641432253,0.9535917241248384,0.02237229057851538,0.022561185332503127,1.0000000000000002,1
2022-07-08,1,2,0.0,0.93688,0.03148,0.03164,1.0,1,0.0049836276711187925,0.9518035054209861,0.035626920696731755,0.007585946211163436,1.0000000000000002,1,0.1472864874773261,0.651982358059467,0.15470402471860853,0.046027129744598376,1.0,1,0.15445942812859675,0.6406972610906674,0.1602049510648706,0.04463835971586527,1.0,1,0.007698106082330043,0.9513845805895146,0.02380807993502886,0.017109233393126377,0.9999999999999999,1
2022-07-11,2,1,0.07792,0.00339,0.91292,0.00577,1.0,2,0.07323666830810728,0.004508581048624613,0.9114921471798672,0.010762603463400858,0.9999999999999999,2,0.24951062964370987,0.05934355119371023,0.660595065676391,0.03055075348618876,0.9999999999999999,2,0.24728695197777018,0.06122819405842245,0.662746462772453,0.028738391191354403,1.0,2,0.13534891579816052,0.001070503185644206,0.8585681430745628,0.005012437941632465,0.9999999999999999,2
2022-07-12,1,2,0.0,0.93688,0.03148,0.03164,1.0,1,0.003531624312560182,0.9017844473758659,0.0506302127791187,0.04405371553245514,1.0,1,0.2883223022706473,0.2935453958257835,0.32113543777519465,0.0969968641283745,1.0,2,0.2825094088266259,0.2871728946819773,0.32477114165479015,0.1055465548366067,1.0,2,0.002585122169362687,0.953972356686554,0.022876031744533423,0.020566489399550015,1.0000000000000002,1
2022-07-13,2,2,0.07792,0.00339,0.91292,0.00577,1.0,2,0.09018087015965084,0.0034006592158435387,0.898913412458957,0.007505058165548572,0.9999999999999999,2,0.25275316482335913,0.057034625168152164,0.6579628503236741,0.032249359684814544,1.0,2,0.25123300521521313,0.05842497761812244,0.6591204321643875,0.031221585002276807,0.9999999999999999,2,0.027110891038848783,0.0012883064272478722,0.9634806357789013,0.008120166755002054,1.0,2
2022-07-14,2,2,0.07792,0.00339,0.91292,0.00577,1.0,2,0.09200113874559962,0.0003113765001236872,0.900996186729092,0.006691298025184867,1.0000000000000002,2,0.17406464045378742,0.02764335904801282,0.7682473108393856,0.03004468965881419,1.0,2,0.17155958253172615,0.02570341362750257,0.7708684884270535,0.03186851541371781,1.0,2,0.10066391441998275,0.001151314867049209,0.8926995504248906,0.005485220288077417,0.9999999999999999,2
2022-07-15,2,2,0.07792,0.00339,0.91292,0.00577,1.0,2,0.10813726966112468,0.003718772646617293,0.8849868204407042,0.003157137251553821,1.0,2,0.15738299765132172,0.03218879250239566,0.7966286258000527,0.01379958404622998,1.0,2,0.1609155147339798,0.03459633687419923,0.7926217386241095,0.011866409767711571,1.0,2,0.06316520929273849,0.0012484236134387727,0.9293529406026189,0.00623342649120382,1.0,2
2022-07-18,2,2,0.07792,0.00339,0.91292,0.00577,1.0,2,0.10640773936906561,0.0008245281398231876,0.8901513834743852,0.0026163490167260377,1.0,2,0.12658563908680787,0.01997126911613277,0.8412279518587967,0.012215139938262655,1.0,2,0.12803713074583623,0.019704776583612093,0.8413810719767367,0.010877020693814904,1.0,2,0.11077702115817263,0.0011805604344517983,0.8829494053915105,0.005093013015865078,1.0,2
2022-07-19,2,2,0.07792,0.00339,0.91292,0.00577,1.0,2,0.10716865673740941,0.0009143537359884375,0.8884640522489224,0.0034529372776797387,1.0,2,0.10864688924159761,0.017370029462891158,0.8616858024365008,0.012297278859010458,1.0000000000000002,2,0.11097095824595417,0.017805032972339218,0.8595338167692764,0.011690192012430128,1.0,2,0.15019861522651143,0.0011356222708390246,0.8442358346080407,0.00442992789460882,1.0,2
2022-07-20,2,2,0.07792,0.00339,0.91292,0.00577,1.0,2,0.07487945313498316,0.001696549409162105,0.9183631944094373,0.00506080304641735,0.9999999999999999,2,0.09146526663945483,0.015306139590288563,0.8831582957250086,0.01007029804524806,1.0,2,0.09266987472814363,0.015512807056863474,0.882702493013511,0.009114825201481925,1.0,2,0.07749414866349841,0.0012953417788744235,0.9156942369375517,0.005516272620075465,1.0,2
2022-07-21,2,2,0.07792,0.00339,0.91292,0.00577,1.0,2,0.05938435874969806,0.0047175282263335235,0.9277245753613157,0.008173537662652662,0.9999999999999999,2,0.0764019569538632,0.015928695085315116,0.8983868668541993,0.009282481106622425,1.0,2,0.07703852220094085,0.01754847587334715,0.8970699186917496,0.008343083233962465,1.0,2,0.08236078836941609,0.0013115132768456669,0.911024610837758,0.0053030875159801975,0.9999999999999999,2
2022-07-22,2,2,0.07792,0.00339,0.91292,0.00577,1.0,2,0.05386336457455215,0.004914314965373573,0.9361512692363886,0.005071051223685688,1.0,2,0.0676676019302984,0.013719928949679997,0.9105168793249637,0.008095589795057898,1.0,2,0.06772614702722833,0.014798691474767006,0.9104008733452357,0.007074288152768825,0.9999999999999998,2,0.045966628424432214,0.0014257968895152067,0.9464444909507245,0.0061630837353281185,1.0,2
2022-07-25,2,2,0.07792,0.00339,0.91292,0.00577,1.0,2,0.09242976034717548,0.0006237347123494811,0.9046501914820472,0.002296313458427921,1.0,2,0.06844106176308153,0.009375171350426058,0.9138967135361616,0.008287053350330807,1.0,2,0.06955995842114825,0.009356137644248171,0.9131051854873579,0.007978718447245719,1.0,2,0.05914889124357526,0.0014200661138242456,0.9337999351787603,0.00563110746384014,0.9999999999999999,2
2022-07-26,2,2,0.07792,0.00339,0.91292,0.00577,1.0,2,0.06800150515681977,0.0012818276851018725,0.9253746957422472,0.005341971415831207,1.0,2,0.05755916575195935,0.008593365316601816,0.9254494628582285,0.008398006073210349,1.0,2,0.0572047788618585,0.008443190226116289,0.9261327251716107,0.008219305740414363,0.9999999999999999,2,0.10385560513055378,0.0013475397990935427,0.890178221469703,0.004618633600649543,0.9999999999999999,2
2022-07-27,2,2,0.07792,0.00339,0.91292,0.00577,1.0,2,0.11292983701994555,0.0021584633145083913,0.8833191664793588,0.0015925331861873168,1.0,2,0.06324971811655192,0.010013056761129426,0.9212101425895884,0.005527082532730262,1.0,2,0.06556345925520922,0.010828810952939024,0.9188176456987289,0.004790084093122939,1.0,2,0.0790593243142039,0.0014299758762547543,0.9145539145460788,0.004956785263462573,1.0,2
2022-07-28,2,2,0.07792,0.00339,0.91292,0.00577,1.0,2,0.07150525910984849,0.004547750473758455,0.9222838823438888,0.001663108072504317,1.0,2,0.05662474020866486,0.010207972167527706,0.928454554754294,0.004712732869513576,1.0000000000000002,2,0.05844368554690749,0.011281530493689742,0.9264914121500255,0.0037833718093771124,0.9999999999999999,2,0.0967261793383387,0.0014188737128158395,0.897307986941683,0.004546960007162422,0.9999999999999999,2
2022-07-29,2,2,0.07792,0.00339,0.91292,0.00577,1.0,2,0.08345237628134404,0.002058374123950341,0.9129099813058857,0.0015792682888199744,1.0000000000000002,2,0.05360021746699338,0.008293329379021996,0.9331950830010713,0.00491137015291339,1.0,2,0.05524532720323391,0.008774545125242792,0.9318126170853956,0.00416751058612751,0.9999999999999999,2,0.07409549162547023,0.001501324786336166,0.9195448014398475,0.004858382148345972,0.9999999999999999,2
2022-08-01,2,2,0.07792,0.00339,0.91292,0.00577,1.0,2,0.03663317796227802,0.005577678193135446,0.9434106467595379,0.014378497085048632,1.0,2,0.04255527137589166,0.008115717465847386,0.9423299443528029,0.006999066805458027,1.0,2,0.042578185461530756,0.009006654289645685,0.9414352399956964,0.0069799202531271665,1.0,2,0.07892497238021379,0.001519983405120256,0.9148864550883744,0.004668589126291494,1.0,2
2022-08-02,2,2,0.07792,0.00339,0.91292,0.00577,1.0,2,0.06667898115964963,0.00012305017306803536,0.9256576265448068,0.007540342122475536,1.0,2,0.041525290519661674,0.004342650249202522,0.9453756437817884,0.0087564154493474,1.0,2,0.04131234429339149,0.0040404018143962595,0.9443302228878933,0.010317031004319093,1.0,2,0.03618696244281571,0.0016765709696600626,0.9564354748988034,0.00570099168872086,1.0,2
2022-08-03,2,2,0.07792,0.00339,0.91292,0.00577,1.0,2,0.05533602936630065,0.005698967122758842,0.9333249567327704,0.00564004677817023,1.0000000000000002,2,0.04129926150552288,0.007515953698062007,0.9456584981519814,0.0055262866444337295,1.0,2,0.041952241846858265,0.008429318967895925,0.9443903168809824,0.0052281223042633775,1.0,2,0.05528309137643788,0.0016480533316574582,0.9380829467302054,0.0049859085616992945,1.0,2
2022-08-04,2,2,0.07792,0.00339,0.91292,0.00577,1.0,2,0.052047161124050605,0.0011489120226402505,0.9422067623656185,0.004597164487690617,1.0,2,0.03918209102756039,0.005417618385249814,0.9503519747019559,0.005048315885233773,0.9999999999999999,2,0.039375896747376744,0.005357135666166365,0.950617285069349,0.004649682517107812,0.9999999999999999,2,0.04093539856126202,0.0017286548965607658,0.9520327761137561,0.005303170428420974,0.9999999999999999,2
2022-08-05,2,2,0.07792,0.00339,0.91292,0.00577,1.0,2,0.07046195555362811,0.00013313338932299478,0.9244964255101428,0.004908485546906137,1.0,2,0.03734765067548238,0.0038101011496892902,0.9516568072559592,0.007185440918869099,1.0,2,0.03748768493787832,0.0036030909391255033,0.9506264163438356,0.008282807779160649,1.0,2,0.04589919688555479,0.0017466969209638803,0.9473128449511267,0.005041261242354705,1.0,2
2022-08-08,2,0,0.07792,0.00339,0.91292,0.00577,1.0,2,0.04965776479982315,0.008004944230086082,0.9389944718693233,0.003342819100767568,1.0,2,0.03784195621935809,0.0066624762698209265,0.9514631844271437,0.004032383083677042,0.9999999999999998,2,0.03862871367710641,0.007424847978348355,0.9504109408951957,0.003535497449349564,1.0,2,0.05574885827788502,0.0017498955435401838,0.9378189769162552,0.004682269262319557,0.9999999999999999,2
2022-08-09,0,2,0.94901,0.0,0.05099,0.0,1.0,0,0.9473891882276626,0.00014904525837811924,0.05217151510826911,0.00029025140569025927,1.0,0,0.7467004930052145,0.038455256450709456,0.19080947611248145,0.024034774431594595,1.0,0,0.7477835250766184,0.036756636946595554,0.19202079201772607,0.023439045959060018,1.0,0,0.9703938609207525,0.0002577191194369878,0.029026034885760766,0.0003223850740499202,1.0000000000000002,0
2022-08-10,2,2,0.07792,0.00339,0.91292,0.00577,1.0,2,0.12819301511246578,0.0012284504129908519,0.8670696156683219,0.003508918806221494,1.0,2,0.2889572306231033,0.05462733273964613,0.6335864318400201,0.02282900479723057,1.0,2,0.2952394164492042,0.054999384902304715,0.6299563424661402,0.01980485618235085,0.9999999999999999,2,0.11490135873969225,0.0011038898797140226,0.8786566335075817,0.005338117873011877,0.9999999999999999,2
2022-08-11,2,2,0.07792,0.00339,0.91292,0.00577,1.0,2,0.12930623170708044,0.00021714326528605093,0.8681975800741513,0.0022790449534823795,1.0000000000000002,2,0.19967666278570273,0.029113999430192355,0.7507985117035064,0.020410826080598424,0.9999999999999999,2,0.20248540614032753,0.027607656793600995,0.7507346954889035,0.019172241577168035,1.0,2,0.13071339398072881,0.001100039545081749,0.863205485122323,0.004981081351866391,0.9999999999999999,2
2022-08-12,2,2,0.07792,0.00339,0.91292,0.00577,1.0,2,0.09002714499563863,0.0031712456587559843,0.9001242256376032,0.006677383708002054,0.9999999999999999,2,0.1468543718321261,0.03026779686165553,0.8062240722424935,0.01665375906372486,1.0,2,0.14819910745544995,0.031925433914725444,0.8045695376182053,0.015305921011619306,1.0,2,0.1342981582022033,0.0011165900703964129,0.8597555238193002,0.004829727908100062,1.0,2
2022-08-15,2,2,0.07792,0.00339,0.91292,0.00577,1.0,2,0.08038273556284575,0.0008883466478961456,0.9119033939558707,0.006825523833387481,1.0,2,0.11407327944505795,0.019271930864263532,0.8507117492650401,0.015943040425638322,0.9999999999999999,2,0.1136567156186562,0.018788744899142184,0.8522423201056303,0.01531221937657144,1.0,2,0.07188862307231955,0.0012553470631995656,0.9209784271825612,0.005877602681919672,1.0,2
2022-08-16,2,2,0.07792,0.00339,0.91292,0.00577,1.0,2,0.07648312469608534,0.00125987914998803,0.9153151327646063,0.00694186338932035,1.0,2,0.09659441335024518,0.016380193337523705,0.8720875047572917,0.014937888554939285,0.9999999999999999,2,0.09617191684446202,0.016311106493053944,0.8725204762078618,0.014996500454622252,1.0,2,0.05759229619675031,0.001312938725024669,0.9349450039511449,0.006149761127080179,1.0,2
2022-08-17,2,0,0.07792,0.00339,0.91292,0.00577,1.0,2,0.09420350727846735,0.0003926938036870353,0.9002317414169659,0.005172057500879599,0.9999999999999999,2,0.08509341591486755,0.01168397195601075,0.8891703701370772,0.014052241992044443,1.0,2,0.08438504681697998,0.01102801765086003,0.8897094414707419,0.014877494061417954,0.9999999999999999,2,0.06449312616289019,0.0013238033757735617,0.9283503686174259,0.0058327018439102984,0.9999999999999999,2
2022-08-18,0,2,0.94901,0.0,0.05099,0.0,1.0,0,0.951542998077411,0.0003192914327432645,0.048005043578263996,0.000132666911581519,0.9999999999999998,0,0.7520380284828722,0.044403276842361554,0.18451282720761628,0.019045867467149914,0.9999999999999999,0,0.755201176549486,0.04444995385700932,0.18370284422581543,0.01664602536768934,1.0000000000000002,0,0.9677997735212528,0.0002812196246579265,0.03156194063169825,0.0003570662223911481,1.0,0
2022-08-19,2,2,0.07792,0.00339,0.91292,0.00577,1.0,2,0.11002730246015828,0.00021764712543515744,0.8857116099105072,0.0040434405038994705,1.0,2,0.25200941313213066,0.03967691571920048,0.6688180820768185,0.03949558907185048,1.0,2,0.24888769181994544,0.03651329187731686,0.672506600560964,0.04209241574177354,0.9999999999999999,2,0.11905791563344832,0.0010969744299815644,0.8745770790848192,0.00526803085175079,0.9999999999999998,2
2022-08-22,2,2,0.07792,0.00339,0.91292,0.00577,1.0,2,0.08708276456220156,0.000554679303963483,0.9057350771961272,0.006627478937707749,1.0,2,0.1707242175451569,0.028625432772737974,0.7708243215288171,0.029826028153288036,1.0,2,0.16643880387596174,0.026757244848452,0.7751277117039135,0.03167623957167279,1.0,2,0.10262712430166711,0.0011478345174605984,0.8907766179309954,0.005448423249876817,0.9999999999999999,2
2022-08-23,2,2,0.07792,0.00339,0.91292,0.00577,1.0,2,0.10380150091865249,0.0010734542735163328,0.892035078287038,0.003089966520793118,0.9999999999999999,2,0.1526302679393998,0.02579643428252323,0.8062133513006329,0.015359946477444009,0.9999999999999999,2,0.1543290058006767,0.025543150977063923,0.8063005985425017,0.013827244679757654,0.9999999999999999,2,0.09410452015693196,0.0011869591447007204,0.8992071919998262,0.005501328698541213,1.0000000000000002,2
2022-08-24,2,2,0.07792,0.00339,0.91292,0.00577,1.0,2,0.09954311535070404,0.0007145871404321834,0.8966428835866379,0.0030994139222258067,0.9999999999999999,2,0.12244332654948127,0.01925607963311513,0.8441810232300035,0.014119570587400218,1.0000000000000002,2,0.12356385282732323,0.01878256744054752,0.8445168748030253,0.013136704929104012,1.0,2,0.13122478300155255,0.001144719301988435,0.8628533156256416,0.004777182070817315,0.9999999999999999,2
2022-08-25,2,2,0.07792,0.00339,0.91292,0.00577,1.0,2,0.07104740952394699,0.0038242490632877167,0.9169437651935182,0.00818457621924702,0.9999999999999999,2,0.10105621649448959,0.020522791250563003,0.8665888522915817,0.01183213996336561,0.9999999999999999,2,0.10203935928783765,0.022037495812817526,0.8651495929794873,0.010773551919857467,1.0,2,0.09641688651369548,0.0012316773321437388,0.8971104144580827,0.005241021696078064,1.0,2
2022-08-26,2,2,0.07792,0.00339,0.91292,0.00577,1.0,2,0.05667116420058319,0.0014486735869700318,0.9315535694567301,0.010326592755716697,1.0,2,0.07891640657809045,0.013285096375030808,0.8946039525669061,0.013194544479972689,1.0,2,0.07647213144163445,0.012879767070909707,0.8973529625256852,0.013295138961770637,1.0,2,0.05866693726282048,0.001337315155083256,0.9340002230389266,0.005995524543169714,1.0,2
2022-08-29,2,2,0.07792,0.00339,0.91292,0.00577,1.0,2,0.09409857441593844,0.0005924941066354851,0.9004853498925913,0.004823581584834781,1.0,2,0.07822454775030524,0.01089796254613336,0.8988776445849517,0.011999845118609718,1.0,2,0.0781258515423552,0.010589297966399062,0.8986828325288407,0.012602017962405098,1.0,2,0.09074438160039153,0.0012941304395994065,0.9028234744932212,0.005138013466787866,1.0,2
2022-08-30,2,0,0.07792,0.00339,0.91292,0.00577,1.0,2,0.052780240328465275,0.0006263670267196773,0.9338208541195768,0.012772538525238112,0.9999999999999999,2,0.06051644579168561,0.009498454660937456,0.9168302768589728,0.013154822688404214,1.0,2,0.058978705496342224,0.009254156742432192,0.9176109015997581,0.014156236161467259,0.9999999999999998,2,0.10866497320169062,0.0012844770792095734,0.8853188551272531,0.0047316945918466505,0.9999999999999999,2
2022-08-31,0,2,0.94901,0.0,0.05099,0.0,1.0,0,0.9373680086306243,4.6446471600101475e-05,0.06179940618874174,0.0007861387090336767,0.9999999999999998,0,0.723784004262675,0.033022813014962106,0.20693042692934308,0.036262755793019866,1.0,0,0.7179653617128392,0.03019359930614628,0.21082070237148012,0.04102033660953456,1.0000000000000002,0,0.9187646790719958,0.0007359348691065779,0.07939393550572525,0.0011054505531724998,1.0000000000000002,0
2022-09-01,2,2,0.07792,0.00339,0.91292,0.00577,1.0,2,0.10047956959412703,9.077635605105948e-05,0.8895376306083554,0.009892023441466552,1.0,2,0.24189827789772983,0.03597579805210933,0.6725459289698731,0.04957999508028775,1.0,2,0.23734780661234384,0.03266959542969796,0.6720859307408577,0.057896667217100455,0.9999999999999998,2,0.06257279637029829,0.0011999486383807369,0.9297202298394317,0.006507025151889381,1.0,2
2022-09-02,2,2,0.07792,0.00339,0.91292,0.00577,1.0,2,0.08314127146058513,0.0021462424104923845,0.9107628196196356,0.003949666509287063,1.0,2,0.18386191190817547,0.03736663328579135,0.7595033485056158,0.01926810630041737,1.0,2,0.18363529360537023,0.03739604985366972,0.7622414099268355,0.016727246614124478,1.0,2,0.04983225828830588,0.0012529394285153968,0.9421128029082018,0.0068019993749769535,1.0,2
2022-09-06,2,2,0.07792,0.00339,0.91292,0.00577,1.0,2,0.1065572977542585,8.117274437753201e-05,0.8879510231416825,0.005410506359681541,1.0,2,0.13883478401758997,0.017722467964338646,0.8176485431473308,0.025794204870740457,0.9999999999999999,2,0.13750017315049406,0.016157756739991508,0.8170085353226597,0.029333534786854708,1.0,2,0.09715566525833862,0.0011813273338291013,0.8962209559454901,0.005442051462342071,1.0,2
2022-09-07,2,2,0.07792,0.00339,0.91292,0.00577,1.0,2,0.06771706865646104,0.0035127628328445737,0.919242255078643,0.009527913432051451,1.0,2,0.11498030182586517,0.025254104290053356,0.8446383593222869,0.01512723456179453,1.0,2,0.11573132353841492,0.027824452606090434,0.8422338210573025,0.014210402798192119,0.9999999999999999,2,0.07670251452266674,0.0012454196686866425,0.9162908451271353,0.005761220681511286,1.0,2
2022-09-08,2,2,0.07792,0.00339,0.91292,0.00577,1.0,2,0.09272761992212954,0.0005458474051839428,0.9010846312269786,0.005641901445707846,0.9999999999999999,2,0.10516694262991888,0.015180813746040536,0.8669758087345132,0.0126764348895274,1.0,2,0.10631379985186397,0.014593932909831816,0.8668772446360916,0.012215022602212708,1.0,2,0.04234234618631411,0.0013511396683693038,0.9496150281146977,0.006691486030618947,1.0,2
2022-09-09,2,2,0.07792,0.00339,0.91292,0.00577,1.0,2,0.10553362608137778,0.003002290078825626,0.8883636479503563,0.0031004358894402813,1.0,2,0.10041099275753514,0.01761088091259182,0.8733924932738227,0.008585633056050174,0.9999999999999999,2,0.10357872810674952,0.019004534660055267,0.8698956594874876,0.007521077745707507,0.9999999999999999,2,0.09042311177159783,0.0012687810567140506,0.9030594419894811,0.00524866518220709,1.0,2
2022-09-12,2,2,0.07792,0.00339,0.91292,0.00577,1.0,2,0.0981679020583669,0.0008795327367245319,0.8971792360743078,0.0037733291306006147,0.9999999999999998,2,0.0849965286997071,0.012389254723325095,0.8936115640650071,0.009002652511960833,1.0,2,0.08674562323626724,0.012353877846207423,0.8925494626862389,0.008351036231286435,1.0,2,0.14279896026788055,0.0011957056660086497,0.8516591527075306,0.004346181358580168,0.9999999999999999,2
2022-09-13,2,2,0.07792,0.00339,0.91292,0.00577,1.0,2,0.05164044565475266,0.0006114591539050477,0.9360363646711025,0.011711730520239797,1.0,2,0.05767883429905623,0.008664116983762904,0.9194551811970256,0.014201867520155223,1.0,2,0.05453175329936051,0.008113865101449123,0.9213059232898774,0.01604845830931306,1.0,2,0.10377295435455673,0.0012941472949748005,0.8901230642100683,0.004809834140400207,1.0,2
2022-09-14,2,2,0.07792,0.00339,0.91292,0.00577,1.0,2,0.08022173490317094,0.0019275404491637118,0.9126925919542022,0.0051581326934632,1.0,2,0.06492860109261889,0.010381703801039739,0.9162645733231246,0.008425121783216772,1.0,2,0.06531376259120077,0.010527224132623853,0.9161268478489454,0.008032165427229924,1.0,2,0.06664638612278993,0.0014017349243357438,0.9265140637484827,0.005437815204391536,0.9999999999999999,2
2022-09-15,2,2,0.07792,0.00339,0.91292,0.00577,1.0,2,0.051019384884884195,0.0004349628939276949,0.936284062032336,0.012261590188851942,0.9999999999999999,2,0.0518085406644279,0.007317869740211893,0.9298272424603987,0.011046347134961373,0.9999999999999999,2,0.05060552169355488,0.006973070377690249,0.9305023283368596,0.011919079591895192,1.0,2,0.07730899397731752,0.001405271192377662,0.9161923973035387,0.005093337526766113,1.0,2
2022-09-16,2,2,0.07792,0.00339,0.91292,0.00577,1.0,2,0.07219499614222935,0.0004588120951541179,0.9190126295390502,0.008333562223566342,0.9999999999999999,2,0.051483927160535736,0.006633217967354917,0.9323086081762509,0.009574246695858447,1.0,2,0.050739824731813425,0.006216547684572803,0.9327320021980158,0.010311625385597894,0.9999999999999999,2,0.03426996836525686,0.0015523526743410024,0.9579122516564693,0.006265427303932624,0.9999999999999998,2
2022-09-19,2,2,0.07792,0.00339,0.91292,0.00577,1.0,2,0.06979236056625414,0.0016672282213477277,0.920612747440502,0.007927663771896222,1.0,2,0.05300536177985603,0.007736449872926822,0.9321495727311101,0.0071086156161070495,1.0,2,0.053538795045113795,0.0077936832297767315,0.9316573587376832,0.007010162987426259,1.0,2,0.058803767991092756,0.001510102067361351,0.9343761009019103,0.005310029039635712,1.0,2
2022-09-20,2,2,0.07792,0.00339,0.91292,0.00577,1.0,2,0.07111240303558825,0.00043946803406343755,0.9240334719843115,0.004414656946036799,1.0,2,0.04578603775783356,0.005773015674832671,0.9405015650098943,0.007939381557439446,1.0,2,0.04525479310832502,0.005455369507363187,0.9410190136132197,0.008270823771092015,0.9999999999999999,2,0.07298764174541618,0.0015040829405522232,0.9206273134280945,0.0048809618859372,1.0,2
2022-09-21,2,2,0.07792,0.00339,0.91292,0.00577,1.0,2,0.04274083065519455,0.003805304284740664,0.9427806697668595,0.010673195293205255,0.9999999999999999,2,0.04223748584288653,0.0072580583869616385,0.9439471404200509,0.006557315350100967,1.0,2,0.04170682172174128,0.007526859338725933,0.9444128918462336,0.00635342709329923,1.0,2,0.062109938025287095,0.0015635048571974212,0.9313062964259575,0.005020260691557978,1.0,2
2022-09-22,2,2,0.07792,0.00339,0.91292,0.00577,1.0,2,0.07967475671715402,9.457460236967247e-05,0.9152456081290732,0.004985060551403063,0.9999999999999999,2,0.04181338123328882,0.004261476566587161,0.9449020565617019,0.009023085638422239,1.0,2,0.04162372161034946,0.003996529776437707,0.943487561866838,0.010892186746374868,1.0,2,0.053023313285545014,0.0016216498698645944,0.9402076626630572,0.005147374181533235,1.0,2
2022-09-23,2,2,0.07792,0.00339,0.91292,0.00577,1.0,2,0.038725675390272496,0.0005587518827492482,0.939978237636943,0.020737335090035384,1.0,2,0.033365378364068575,0.004702036964656472,0.9522316977045379,0.009700886966737066,1.0,2,0.03212925459049413,0.00458734440669881,0.9517635968812402,0.011519804121566642,0.9999999999999998,2,0.0660284841990225,0.0016172310311002797,0.9276184187538649,0.004735866016012449,1.0,2
2022-09-26,2,1,0.07792,0.00339,0.91292,0.00577,1.0,2,0.056491359258205066,8.21429972602295e-05,0.9233529607931128,0.02007353695142195,1.0,2,0.03373160635256485,0.0034283724063283185,0.951530078685988,0.01130994255511877,1.0,2,0.03277731276295796,0.003143683033697238,0.9485822462261172,0.01549675797722754,0.9999999999999999,2,0.022501921209221624,0.0018050292036427993,0.9695341718974029,0.006158877689732819,1.0000000000000002,2
2022-09-27,1,3,0.0,0.93688,0.03148,0.03164,1.0,1,0.034010434321604714,0.7551002966817245,0.18461456167888518,0.02627470731778572,1.0000000000000002,1,0.35071311931877225,0.2500888563894625,0.31583230474714175,0.0833657195446235,1.0,0,0.3545694037190662,0.23373158566402832,0.31892190467180703,0.0927771059450984,0.9999999999999999,0,0.0013092692776612866,0.9534199007757826,0.022264826181311887,0.02300600376524404,0.9999999999999999,1
2022-09-28,3,3,0.0,0.15385,0.06482,0.78133,1.0,3,0.0004977413395324944,0.9674986052499724,0.011284906656969816,0.020718746753525325,1.0,1,0.3718295491971853,0.2533117389038751,0.2805956941424523,0.09426301775648721,0.9999999999999998,0,0.3626572376283807,0.3081405787654376,0.2579478052445413,0.07125437836164053,1.0000000000000002,0,0.00496087273136522,0.1363200653238782,0.05776754827639562,0.8009515136683609,1.0,3
2022-09-29,3,1,0.0,0.15385,0.06482,0.78133,1.0,3,0.000871516248452853,0.011357808250136112,0.03339845040748725,0.9543722250939238,1.0,3,0.2413575097989251,0.0972500442831003,0.2601249504691975,0.4012674954487772,1.0,3,0.22744046622748168,0.07957212664135829,0.2524117713119005,0.4405756358192595,1.0,3,0.007583328566913393,0.14281648917426673,0.06141862255238743,0.7881815597064324,1.0,3
2022-09-30,1,1,0.0,0.93688,0.03148,0.03164,1.0,1,0.008956152558205725,0.8609854100018729,0.08608315114210004,0.0439752862978213,1.0,1,0.33216236651368836,0.2660644229958361,0.32970588087868635,0.07206732961178917,1.0,0,0.33931922465994724,0.24179931537972038,0.3460499567353182,0.07283150322501418,1.0,2,0.002036226491890921,0.9539063987810112,0.022662632047337327,0.02139474267976055,1.0,1
2022-10-03,1,1,0.0,0.93688,0.03148,0.03164,1.0,1,0.00021651517719230317,0.9982186462289467,0.001419955469421601,0.0001448831244392827,1.0,1,0.2018502103756838,0.609445104863283,0.1650420823172282,0.02366260244380508,1.0,1,0.18761856436185775,0.6511139214144736,0.14534469384384496,0.01592282037982354,0.9999999999999998,1,0.0017653257611784242,0.9537962139498861,0.02253433371238378,0.02190412657655185,1.0000000000000002,1
2022-10-04,1,1,0.0,0.93688,0.03148,0.03164,1.0,1,0.0012974082269745907,0.9902839260520893,0.007776613096652086,0.0006420526242838118,0.9999999999999998,1,0.17378332190293017,0.6591608329602003,0.14346811682275054,0.023587728314118945,0.9999999999999999,1,0.1712781948309222,0.6783397996738983,0.1334068795587582,0.016975125936421316,1.0,1,0.004653957305495618,0.9533134145513473,0.02339095790597906,0.018641670237178012,1.0000000000000002,1
2022-10-05,1,2,0.0,0.93688,0.03148,0.03164,1.0,1,0.006224477960907272,0.9250982598954185,0.04883088448503215,0.019846377658641973,0.9999999999999999,1,0.1492716496594686,0.6263500506526503,0.1622742423402961,0.06210405734758505,1.0,1,0.15512681317218796,0.6091119633768048,0.16767880989984318,0.06808241355116412,1.0000000000000002,1,0.00522622182332282,0.9530043112137294,0.023489641978728583,0.01827982498421917,1.0,1
2022-10-06,2,2,0.07792,0.00339,0.91292,0.00577,1.0,2,0.09322964527595955,0.000646099332749284,0.8993909101784947,0.00673334521279649,1.0,2,0.2584308476388382,0.045312692436477835,0.6644462187046598,0.03181024122002419,1.0000000000000002,2,0.25726369278732664,0.04232389675411924,0.6696535899102414,0.03075882054831267,1.0,2,0.12843889320325128,0.0010816164264294572,0.8653620802646067,0.005117410105712582,1.0,2
2022-10-07,2,1,0.07792,0.00339,0.91292,0.00577,1.0,2,0.09633736643888695,0.00039134836266997263,0.8992977939565271,0.003973491241916022,1.0,2,0.175484695598668,0.028191547712043158,0.7694193021401328,0.026904454549156135,1.0,2,0.1717045271045588,0.026328409975481075,0.7743636316447512,0.027603431275208905,1.0,2,0.10493441936423828,0.0011437710779010131,0.888515824802783,0.005405984755077648,1.0,2
2022-10-11,1,2,0.0,0.93688,0.03148,0.03164,1.0,1,0.01217519997650118,0.8460234673692214,0.1141838495307966,0.027617483123480852,1.0,1,0.3133575937478793,0.25962782759570524,0.3289906676977416,0.09802391095867387,1.0,2,0.31148329379950984,0.24175374122517188,0.3373735525634926,0.10938941241182573,1.0,2,0.0035939595515040315,0.953770387363318,0.023167088103326603,0.019468564981851313,0.9999999999999999,1
2022-10-12,2,2,0.07792,0.00339,0.91292,0.00577,1.0,2,0.08133956294666854,0.0012348967046688266,0.9102220425900943,0.007203497758568257,0.9999999999999999,2,0.24963694615391913,0.05006636996028304,0.6658175607771489,0.03447912310864881,0.9999999999999998,2,0.24782302856416086,0.04890479800056923,0.669528309348698,0.03374386408657196,1.0,2,0.05592541393617763,0.001214091380878675,0.9361400206357807,0.006720474047163037,1.0000000000000002,2
2022-10-13,2,2,0.07792,0.00339,0.91292,0.00577,1.0,2,0.1503487325541476,0.000852319024850942,0.8457444114152257,0.003054537005775863,1.0000000000000002,2,0.20323937681768986,0.03485657580683051,0.7397391910794365,0.022164856296043083,1.0,2,0.206993360106148,0.03563093256114308,0.7355053139871026,0.021870393345606268,0.9999999999999999,2,0.07289897957238717,0.0012033661173102084,0.9198049137953206,0.00609274051498201,1.0,2
2022-10-14,2,2,0.07792,0.00339,0.91292,0.00577,1.0,2,0.06765767163834188,0.000232027970737023,0.9261352581073259,0.005975042283595139,0.9999999999999999,2,0.1251215983526368,0.019627543034758922,0.8315168349177721,0.023734023694832247,1.0,2,0.1211200571528915,0.017974884356688016,0.836555209209503,0.024349849280917463,0.9999999999999999,2,0.12618291291606315,0.001130233508271565,0.867737386625994,0.00494946694967122,1.0,2
2022-10-17,2,2,0.07792,0.00339,0.91292,0.00577,1.0,2,0.11520356480683279,0.0012315754481532428,0.8811103828554832,0.0024544768895308155,1.0,2,0.1281093246517384,0.022242197415967432,0.8369441075742138,0.012704370358080395,1.0,2,0.1309633816582557,0.02300432802892079,0.8346822716453226,0.011350018667501,1.0000000000000002,2,0.04744084791114801,0.0013108241295805353,0.9446259344307261,0.00662239352854541,1.0,2
2022-10-18,2,2,0.07792,0.00339,0.91292,0.00577,1.0,2,0.07588515024533035,0.0012075785301372914,0.9131468255691086,0.00976044565542362,1.0,2,0.09931031322007615,0.016817374933056878,0.8706519545060143,0.013220357340852721,1.0,2,0.09954618621215194,0.016741370755208394,0.8710568190611255,0.012655623971514143,1.0,2,0.0812360750178731,0.001261633991191027,0.9119571114183875,0.005545179572548351,1.0,2
2022-10-19,2,2,0.07792,0.00339,0.91292,0.00577,1.0,2,0.10077498041497875,0.00017973068893916574,0.8947529468491459,0.004292342046936164,1.0,2,0.0848859689034271,0.01074386964632237,0.8893185799483432,0.015051581501907225,0.9999999999999999,2,0.08420909830461562,0.01001563140844345,0.8892434894506204,0.016531780836320516,1.0,2,0.0553771745038273,0.0013452031611991605,0.9371828278866653,0.0060947944483082,0.9999999999999999,2
2022-10-20,2,2,0.07792,0.00339,0.91292,0.00577,1.0,2,0.09341451425085018,0.0002506076199564447,0.9026401851268351,0.0036946930023582475,1.0,2,0.07475745150732786,0.009750343557201684,0.903145495406432,0.012346709529038503,1.0,2,0.07406679637986258,0.009089896492468596,0.9040165258901347,0.012826781237534108,1.0,2,0.08395787189863281,0.0013081551041886285,0.9094635171421867,0.005270455854991947,1.0,2
2022-10-21,2,2,0.07792,0.00339,0.91292,0.00577,1.0,2,0.13341820210757074,0.0004120665766398822,0.8644587987358027,0.0017109325799865435,0.9999999999999999,2,0.07601448576799075,0.010419023239287523,0.9045958397391837,0.008970651253537961,0.9999999999999999,2,0.07771083278854829,0.01048344623017778,0.9031445823504383,0.008661138630835757,1.0,2,0.0731624700339326,0.00135863715525997,0.920084873923699,0.005394018887108516,1.0,2
2022-10-24,2,1,0.07792,0.00339,0.91292,0.00577,1.0,2,0.09186615153305129,0.0009279845396249643,0.904727912455686,0.002477951471637751,1.0,2,0.06796352528220455,0.010029471765258926,0.914591385099298,0.007415617853238277,0.9999999999999998,2,0.06916827480260151,0.01005305519699096,0.914106405211788,0.006672264788619508,1.0,2,0.07853414497212263,0.0013743052119035274,0.9149202068393821,0.0051713429765916225,0.9999999999999999,2
2022-10-25,1,1,0.0,0.93688,0.03148,0.03164,1.0,1,0.00011154966705525433,0.9980922379279632,0.0012513712508202815,0.0005448411541611461,0.9999999999999999,1,0.2947652035892683,0.43255102142054885,0.2384859242283011,0.034197850761881705,0.9999999999999999,1,0.2818646420368332,0.4720062850207509,0.2199013523862075,0.026227720556208225,0.9999999999999998,1,0.0024545078178142,0.9539716879324368,0.02282981953930732,0.020743984710441563,0.9999999999999999,1
2022-10-26,1,1,0.0,0.93688,0.03148,0.03164,1.0,1,0.0004952313993625989,0.9913884282984344,0.005858284479007332,0.0022580558231956034,1.0,1,0.22139299255900322,0.5274050321973381,0.20957133996695387,0.04163063527670472,1.0,1,0.22121903180775485,0.5363669285464882,0.20697435326118865,0.0354396863845684,1.0,1,0.003096163828828571,0.9539087491730128,0.02303601923601516,0.01995906776214329,0.9999999999999999,1
2022-10-27,1,2,0.0,0.93688,0.03148,0.03164,1.0,1,0.0006561501739120332,0.9906168224136739,0.007160739524938896,0.0015662878874751688,1.0,1,0.15901463413037548,0.637009050414641,0.16590737087164026,0.03806894458334338,1.0,1,0.15913937292162164,0.6444552470231965,0.16459934567074253,0.03180603438443938,1.0,1,0.003538864362630554,0.9537886523982337,0.023153563946843692,0.019518919292292082,1.0,1
2022-10-28,2,2,0.07792,0.00339,0.91292,0.00577,1.0,2,0.10754306738623264,0.0005768121702990535,0.8877539090508828,0.004126211392585412,0.9999999999999999,2,0.2682255216907766,0.049360495145976666,0.6514691455662152,0.030944837597031625,1.0,2,0.27094511421165457,0.048838816556407205,0.6507217554829778,0.02949431374896039,1.0,2,0.10068405624080315,0.0011281424377337754,0.8925915193708336,0.005596281950629516,1.0,2
2022-10-31,2,2,0.07792,0.00339,0.91292,0.00577,1.0,2,0.09451877886515753,0.0003875494991399189,0.899212604208403,0.005881067427299536,1.0,2,0.1775725357873952,0.02834552595417994,0.7673107546453923,0.026771183613032424,0.9999999999999999,2,0.1755022808289383,0.026218492921552747,0.7711661797309057,0.02711304651860319,1.0,2,0.06376772564898014,0.0012220514977926908,0.9286679090720507,0.006342313781176427,1.0,2
2022-11-01,2,2,0.07792,0.00339,0.91292,0.00577,1.0,2,0.07788220221333714,0.0037774997294134165,0.9112318528921067,0.007108445165142637,0.9999999999999999,2,0.14859110961003505,0.03000940284047957,0.8061377541044695,0.015261733445015769,1.0,2,0.14961650238946442,0.03114113758083747,0.8056051029454179,0.013637257084280291,1.0,2,0.07829487352913578,0.0012172237094889246,0.9146473326944929,0.0058405700668823085,1.0,2
2022-11-02,2,2,0.07792,0.00339,0.91292,0.00577,1.0,2,0.08108341595351426,0.000776372458579704,0.9115484540044054,0.006591757583500507,0.9999999999999999,2,0.11333425180874729,0.017914525536110847,0.8532149706047806,0.015536252050361249,1.0,2,0.1113224044026496,0.01687890248521196,0.8567242293453524,0.015074463766786025,1.0,2,0.11632468893645054,0.0011706592441264123,0.8775020844256134,0.0050025673938097134,1.0,2
2022-11-03,2,2,0.07792,0.00339,0.91292,0.00577,1.0,2,0.07375624815826991,0.0003637561390045813,0.9085667552903306,0.01731324041239484,0.9999999999999999,2,0.09329027709942327,0.012891117030002076,0.8756786712094157,0.01813993466115897,0.9999999999999999,2,0.09147106378089795,0.011823282292944175,0.8763989237055259,0.020306730220631907,0.9999999999999999,2,0.11542528832243888,0.0011962805001164828,0.87846144462191,0.004916986555534583,1.0,2
2022-11-04,2,2,0.07792,0.00339,0.91292,0.00577,1.0,2,0.13941240946175487,0.000833780326712806,0.8586554983976034,0.001098311813928927,1.0,2,0.10320837915642164,0.015691869563130796,0.8730200404453266,0.008079710835121124,1.0,2,0.10711260840278998,0.016484451156413737,0.8694680099724665,0.006934930468329622,0.9999999999999999,2,0.07189554000672597,0.00130734715773916,0.9211514528218976,0.005645660013637496,1.0000000000000002,2
2022-11-07,2,2,0.07792,0.00339,0.91292,0.00577,1.0,2,0.08722758704141619,0.0005387518107014668,0.9093980022105822,0.0028356589373003845,1.0000000000000002,2,0.0804399667488187,0.01167886485399071,0.8983697157421313,0.009511452655059316,1.0,2,0.0814384607386401,0.011431379097029648,0.8983863378984859,0.008743822265844406,1.0,2,0.15984195630952966,0.0011658142696523953,0.8348505754391963,0.0041416539816215405,0.9999999999999999,2
2022-11-08,2,2,0.07792,0.00339,0.91292,0.00577,1.0,2,0.062155530075619345,0.002372429136081481,0.9272928444528095,0.008179196335489561,0.9999999999999999,2,0.06856377926425718,0.01215446743088581,0.909992847666326,0.00928890563853094,0.9999999999999999,2,0.06874765741827454,0.012600515400721815,0.9099083091148744,0.00874351806612926,1.0,2,0.06443249552271048,0.0013787894061403033,0.9285845090483313,0.0056042060228180335,1.0000000000000002,2
2022-11-09,2,3,0.07792,0.00339,0.91292,0.00577,1.0,2,0.050435688546873386,0.0007099292736233172,0.9383155901148917,0.010538792064611545,0.9999999999999999,2,0.05594797965304508,0.008479235163965121,0.9247628164955118,0.010809968687477925,1.0,2,0.0543287224088755,0.00807975297996523,0.9264909174618635,0.011100607149295727,1.0,2,0.05106739088884896,0.0014410102285706931,0.941622352880677,0.005869246001903467,1.0,2
2022-11-10,3,3,0.0,0.15385,0.06482,0.78133,1.0,3,0.00025942902379033487,0.9786519779262007,0.006594592027663526,0.014494001022345309,0.9999999999999999,1,0.38041215144419155,0.28185782958362465,0.2608196138466395,0.07691040512554431,1.0,0,0.3625283046770077,0.363774344842045,0.22168858428658825,0.05200876619435896,1.0,1,0.001864021918540789,0.12183213209124491,0.04991301265354314,0.8263908333366712,1.0,3
2022-11-14,3,2,0.0,0.15385,0.06482,0.78133,1.0,3,0.003827222889166406,0.11665056681567149,0.11319189177626508,0.766330318518897,1.0,3,0.3182590107037286,0.14510599249950948,0.28838621673669945,0.2482487800600625,1.0,0,0.33640198509793484,0.1363706869481276,0.3012628847167894,0.22596444323714804,0.9999999999999999,0,0.004332272479830011,0.1342657811998896,0.05663075609007662,0.8047711902302038,1.0,3
2022-11-15,2,1,0.07792,0.00339,0.91292,0.00577,1.0,2,0.08510981629012744,0.0066766670338954,0.9033302074596822,0.004883309216294918,0.9999999999999999,2,0.2722648688171283,0.06824183567080086,0.6371667466126373,0.022326548899433554,1.0,2,0.2756030849353302,0.07393034862956278,0.6319245963084772,0.01854197012662976,0.9999999999999999,2,0.10604796944210541,0.0011188752074027548,0.8873379113272062,0.0054952440232856935,1.0,2
2022-11-16,1,2,0.0,0.93688,0.03148,0.03164,1.0,1,0.00034709960533385744,0.9919708752838724,0.004730942904305372,0.0029510822064884503,1.0000000000000002,1,0.29485487338125366,0.36979053920907673,0.28176053697391035,0.05359405043575944,1.0000000000000002,1,0.2904952304674736,0.3821436113189993,0.27936023340851523,0.04800092480501182,1.0,1,0.00298049894025343,0.9539311551148497,0.023002367678009214,0.020085978266887572,1.0,1
2022-11-17,2,2,0.07792,0.00339,0.91292,0.00577,1.0,2,0.08617907454832757,0.00020768619315414215,0.9012917043094938,0.012321534949024675,1.0000000000000002,2,0.2406544744104595,0.03885815884297006,0.6755315892262478,0.04495577752032274,1.0,2,0.23607144157375345,0.03536282965347682,0.6788586594552565,0.049707069317513244,1.0,2,0.0749135273564416,0.0011752577982348396,0.9177467134607201,0.00616450138460349,1.0,2
2022-11-18,2,2,0.07792,0.00339,0.91292,0.00577,1.0,2,0.09459685130251168,0.0005603192552660859,0.895754678254463,0.009088151187759217,0.9999999999999999,2,0.1837840221576047,0.030172998189309852,0.7612593883050717,0.024783591348013678,0.9999999999999999,2,0.18334533144491139,0.028350582280987056,0.7637262221209506,0.02457786415315092,1.0,2,0.052991051406884496,0.0012456272812957701,0.9390760523567435,0.00668726895507617,1.0,2
2022-11-21,2,2,0.07792,0.00339,0.91292,0.00577,1.0,2,0.08422450768785897,0.001560425210268496,0.909934547605543,0.004280519496329656,1.0000000000000002,2,0.14027159398783318,0.026309738477908434,0.8156485619714582,0.017770105562800214,1.0,2,0.13987692831543097,0.026206040698012453,0.81747681447606,0.016440216510496538,1.0,2,0.0753816860024852,0.0012230338580294549,0.9174851672109637,0.005910112928521599,1.0,2
2022-11-22,2,2,0.07792,0.00339,0.91292,0.00577,1.0,2,0.08402404888970669,0.005711369560105689,0.9054440727280071,0.004820508822180661,1.0000000000000002,2,0.12696194152901358,0.02675659453529558,0.8344066100145233,0.011874853921167642,1.0000000000000002,2,0.12965112697220313,0.029319598178874185,0.830703794593943,0.010325480254979756,1.0,2,0.07746732816065324,0.0012438645976302317,0.9155454253288478,0.005743381912868754,1.0,2
2022-11-23,2,2,0.07792,0.00339,0.91292,0.00577,1.0,2,0.06392966174508653,0.004656578088727192,0.9246826340607415,0.006731126105444818,1.0,2,0.09975327444048336,0.021042577875067404,0.8674336063581937,0.011770541326255518,1.0,2,0.1005902597006087,0.022825603776506245,0.8659869333936961,0.010597203129189022,1.0000000000000002,2,0.10085156161934479,0.0012232356367754124,0.8927646429822876,0.005160559761592127,1.0,2
2022-11-25,2,2,0.07792,0.00339,0.91292,0.00577,1.0,2,0.07192989005185763,0.0007165389028706827,0.9213486406592787,0.006004930385992945,0.9999999999999999,2,0.08453588038945559,0.0132281199391128,0.8907771264812233,0.011458873190208248,0.9999999999999999,2,0.08422353794010268,0.012756940353152672,0.8922963409001993,0.010723180806545383,1.0,2,0.06130907090495726,0.0013311197699547412,0.9314400362822888,0.005919773042799196,1.0,2
2022-11-28,2,2,0.07792,0.00339,0.91292,0.00577,1.0,2,0.06199812562699446,0.0010050370782185803,0.9291871661147731,0.0078096711800139515,1.0,2,0.07378193497285361,0.011380994398248785,0.9032354112235358,0.011601659405361855,1.0,2,0.07281729666209827,0.011001059391166527,0.9045753665985652,0.011606277348170017,1.0,2,0.05333971385489088,0.0013778882351628467,0.9392457169038518,0.006036681006094311,0.9999999999999999,2
2022-11-29,2,2,0.07792,0.00339,0.91292,0.00577,1.0,2,0.08739424593227195,0.0004437028259471549,0.9083786878139168,0.0037833634278640906,1.0,2,0.07217697968023945,0.009604952794132003,0.9083677558076393,0.009850311717989415,1.0000000000000002,2,0.07265735162658173,0.009254533443302421,0.9082767978525358,0.009811317077580041,1.0,2,0.07543721758439548,0.001353545390191872,0.9178659644174488,0.0053432726079636365,0.9999999999999998,2
2022-11-30,2,2,0.07792,0.00339,0.91292,0.00577,1.0,2,0.11695862929870413,0.007992330475305075,0.874244888964929,0.0008041512610616813,0.9999999999999999,2,0.07704061522808396,0.015682849006658582,0.9018259836447226,0.005450552120534918,1.0,2,0.08096733183927367,0.01892251289095244,0.8957195702758611,0.004390584993912779,1.0,2,0.08984488866327538,0.0013496246504454581,0.9038539227625241,0.004951563923754955,0.9999999999999999,2
2022-12-01,2,2,0.07792,0.00339,0.91292,0.00577,1.0,2,0.04704353498886149,0.02493847651754873,0.9223869034918798,0.005631085001709834,0.9999999999999999,2,0.06064558575009922,0.015052115423919564,0.9183508233579744,0.0059514754680067335,0.9999999999999999,2,0.062083829097040154,0.01843971595198554,0.9144728796356444,0.005003575315329868,1.0,2,0.12083866327933537,0.001313149433764188,0.8734777797982636,0.004370407488636974,1.0000000000000002,2
2022-12-02,2,2,0.07792,0.00339,0.91292,0.00577,1.0,2,0.055788914752953056,0.003191029357369041,0.9370162517098027,0.004003804179875151,1.0,2,0.0529447650826799,0.009606485570480279,0.9302134146814619,0.007235334665378119,1.0000000000000002,2,0.05317353521679079,0.010272681069713562,0.9298937859773808,0.006659997736115011,1.0000000000000002,2,0.06760044174085204,0.0014574114265582766,0.9257410616119934,0.005201085220596261,1.0,2
2022-12-05,2,2,0.07792,0.00339,0.91292,0.00577,1.0,2,0.05205808518840149,0.00013674154819859642,0.934120022351346,0.013685150912054012,1.0,2,0.04430520072504937,0.005183175026636316,0.9396837145621094,0.010827909686204841,0.9999999999999999,2,0.042980234257668795,0.0047019955128345566,0.9398194260459642,0.012498344183532451,1.0,2,0.047797909291358374,0.0015409318045704829,0.9450345498491988,0.005626609054872305,1.0,2
2022-12-06,2,2,0.07792,0.00339,0.91292,0.00577,1.0,2,0.04596682577178509,0.0023971942124632203,0.9355168511111884,0.016119128904563122,0.9999999999999999,2,0.04286112545358753,0.007096248127725044,0.9421132245504105,0.007929401868276963,1.0,2,0.04191769038358094,0.007162632170203648,0.9427872070208337,0.008132470425381653,1.0,2,0.03458482319947712,0.0016155410280429396,0.9577953054896913,0.006004330282788658,1.0,2
2022-12-07,2,2,0.07792,0.00339,0.91292,0.00577,1.0,2,0.04527745038118229,0.008103670950577896,0.9376724401327264,0.00894643853551334,1.0,2,0.04442025301415772,0.008597355603249649,0.9409339864521563,0.006048404930436319,1.0,2,0.044717341193198964,0.00958474857097271,0.9400025375738955,0.005695372661932885,1.0000000000000002,2,0.042450932663714094,0.001621628454701994,0.9503478534420355,0.005579585439548341,1.0,2
2022-12-08,2,2,0.07792,0.00339,0.91292,0.00577,1.0,2,0.06761821274756397,0.0012300510218116998,0.9274077479708004,0.003743988259824049,1.0000000000000002,2,0.045290001346348245,0.0062481948056908295,0.9428242127912319,0.005637591056729158,1.0,2,0.04599116102365366,0.006297113800572014,0.9423728044445413,0.0053389207312329835,1.0,2,0.05071935667136465,0.0016285905737542976,0.9424407529236696,0.005211299831211562,1.0,2
2022-12-09,2,2,0.07792,0.00339,0.91292,0.00577,1.0,2,0.07438839056633911,0.00012067330815791253,0.9206135617442782,0.004877374381224744,1.0,2,0.0402827179434143,0.0041509251701750665,0.9484574186017534,0.007108938284657399,1.0,2,0.04016696780189015,0.0038168528613777616,0.9482433962613271,0.007772783075405047,1.0,2,0.06396856076914957,0.0016229624909019067,0.9296279896099943,0.004780487129954315,1.0,2
2022-12-12,2,2,0.07792,0.00339,0.91292,0.00577,1.0,2,0.0720065470918552,0.0027381215980275186,0.9213484817356551,0.003906849574462213,1.0,2,0.0426185286609146,0.006280852766251359,0.9460542942266931,0.005046324346140963,1.0,2,0.04363696918347345,0.006656048171711761,0.9448810590014762,0.004825923643338647,1.0,2,0.05755824030890935,0.0016749319212795246,0.9359360427585034,0.0048307850113077965,1.0,2
2022-12-13,2,2,0.07792,0.00339,0.91292,0.00577,1.0,2,0.06087062924931426,0.006343909793405824,0.9292082976690392,0.0035771632882407437,1.0,2,0.0421903533843737,0.006967777615171577,0.9470873024228829,0.0037545665775717864,0.9999999999999999,2,0.04350519104573505,0.0076933269875473975,0.9455893955025416,0.003212086464175955,1.0,2,0.075379369184274,0.0016579213239414374,0.9185933497084371,0.004369359783347531,1.0,2
2022-12-14,2,2,0.07792,0.00339,0.91292,0.00577,1.0,2,0.05326325461245552,0.0024191738840621344,0.9374798061627032,0.006837765340779054,0.9999999999999999,2,0.03623843722268057,0.0051504579132355816,0.9535164540646061,0.005094650799477813,1.0,2,0.036349289235642276,0.005217647336997147,0.9534250387841995,0.005008024643160999,0.9999999999999999,2,0.0886299210087337,0.0016560316425288425,0.9056480316654473,0.004066015683290127,0.9999999999999999,2
2022-12-15,2,2,0.07792,0.00339,0.91292,0.00577,1.0,2,0.03877302732572072,0.001054022177708637,0.9521021148268852,0.008070835669685396,0.9999999999999999,2,0.030456551022411727,0.004170346182543122,0.9595907298575536,0.005782372937491652,1.0,2,0.029582357005379825,0.004007015504493678,0.9605284552779355,0.005882172212191169,1.0000000000000002,2,0.06640737069412443,0.0017526326302627052,0.9274784618788781,0.004361534796734705,0.9999999999999999,2
2022-12-16,2,2,0.07792,0.00339,0.91292,0.00577,1.0,2,0.04986750709318855,0.00032640155399690806,0.9422741358559884,0.007531955496826268,1.0,2,0.030361606632529466,0.003450121698776068,0.9599077264058651,0.006280545262829591,1.0000000000000002,2,0.029803928869854494,0.0032070660412150216,0.9601111655542662,0.006877839534664269,1.0,2,0.0375435023615336,0.0018879627922907373,0.9555642917486384,0.005004243097537368,1.0000000000000002,2
2022-12-19,2,2,0.07792,0.00339,0.91292,0.00577,1.0,2,0.06036928625123937,0.0002965522500244381,0.9356623249369881,0.003671836561747979,0.9999999999999999,2,0.03081126007199746,0.003370775769408393,0.9600917592925544,0.005726204866039819,1.0000000000000002,2,0.030570554149509516,0.003177207600528788,0.9600568848207404,0.006195353429221342,1.0,2,0.034658970802997326,0.0019387030239266048,0.9583961430111356,0.005006183161940396,0.9999999999999999,2
2022-12-20,2,2,0.07792,0.00339,0.91292,0.00577,1.0,2,0.07049227117864736,0.00037656639458378817,0.9273660603792505,0.0017651020475183004,1.0,2,0.031843001067034186,0.0035600283194630773,0.95949611834679,0.005100852266712551,0.9999999999999999,2,0.03218224245928623,0.003515201252102173,0.9589256982882918,0.005376858000319753,0.9999999999999999,2,0.046534590218975935,0.0019305582305763358,0.9469938595708349,0.004540991979612821,1.0,2
2022-12-21,2,2,0.07792,0.00339,0.91292,0.00577,1.0,2,0.06127092498670633,0.003510041049520389,0.9330606461991233,0.002158387764649918,1.0,2,0.033580104962955874,0.0048706297099434925,0.958142961577064,0.0034063037500366047,1.0,2,0.03464181736807869,0.005252118073807636,0.9570664269873668,0.003039637570747041,1.0000000000000002,2,0.055737033671933174,0.0019364564205270934,0.9380930928254652,0.004233417082074529,0.9999999999999999,2
2022-12-22,2,2,0.07792,0.00339,0.91292,0.00577,1.0,2,0.03553692812569858,0.0008995785034005955,0.953330081892796,0.010233411478104954,1.0,2,0.026878173311274327,0.0033289665796257576,0.9649024661606852,0.0048903939484147355,1.0,2,0.02642812084743085,0.0031730804201621785,0.9653500463872521,0.005048752345155097,1.0000000000000002,2,0.061894253958464956,0.0019545617269374014,0.9321254445010527,0.004025739813544844,0.9999999999999999,2
2022-12-23,2,2,0.07792,0.00339,0.91292,0.00577,1.0,2,0.0704763109357502,0.0007993594719279442,0.926446286309178,0.0022780432831439835,1.0000000000000002,2,0.03121140151725174,0.003570119551744238,0.9613310009931033,0.003887477937900639,1.0,2,0.031960870839134035,0.0036140335673237765,0.9605512671613273,0.0038738284322150118,1.0000000000000002,2,0.0327145150074908,0.002111550693292422,0.9604874584657538,0.004686475833463023,1.0,2
2022-12-27,2,2,0.07792,0.00339,0.91292,0.00577,1.0,2,0.05985626430613167,0.00033645019777666204,0.9372741819598953,0.0025331035361963157,0.9999999999999999,2,0.02778164970889605,0.0029225842363109935,0.9648161329606774,0.0044796330941157085,1.0000000000000002,2,0.027910976305004727,0.0028012886370293866,0.964583258138214,0.004704476919751824,1.0,2,0.07297758442872691,0.0019972556471626463,0.9213447213950583,0.0036804385290522415,1.0000000000000002,2
2022-12-28,2,2,0.07792,0.00339,0.91292,0.00577,1.0,2,0.04233110986258033,0.0008334680827325148,0.9527022096551813,0.004133212399505916,1.0,2,0.02574843153056372,0.003041473158374489,0.9670522144948679,0.004157880816193869,0.9999999999999999,2,0.025550091154795583,0.0029160268060980207,0.9673718301601741,0.004162051878932323,1.0,2,0.048226485354831025,0.0021293036182667906,0.9455786594561363,0.004065551570766058,1.0000000000000002,2
2022-12-29,2,2,0.07792,0.00339,0.91292,0.00577,1.0,2,0.043447927607161464,0.0055678574066883755,0.9467381828473441,0.004246032138805952,0.9999999999999999,2,0.027421677264777906,0.004199939647361321,0.964824561851809,0.0035538212360517202,1.0,2,0.02804272808191248,0.004631043373246395,0.963919390606232,0.0034068379386091984,1.0,2,0.03868744812357726,0.002214689714622216,0.954872370467709,0.004225491694091487,1.0,2
2022-12-30,2,2,0.07792,0.00339,0.91292,0.00577,1.0,2,0.04779535988311823,0.0014328849460317683,0.947839924132134,0.0029318310387159577,1.0,2,0.026352511920906502,0.0031912923347039994,0.9667615189553666,0.0036946767890229672,1.0,2,0.026634799631978515,0.0032081320575229875,0.9664901621564881,0.0036669061540105137,1.0,2,0.03601331759311626,0.002272932422603961,0.9574952103907306,0.004218539593549121,0.9999999999999999,2
2023-01-03,2,2,0.07792,0.00339,0.91292,0.00577,1.0,2,0.026074074356745365,0.002789810526178182,0.962543714241256,0.0085924008758205,1.0,2,0.022939910524301464,0.00340492382442593,0.9696984025057126,0.0039567631455600825,1.0,2,0.022850334083864065,0.0035797083664932316,0.9696348650226679,0.003935092526974674,0.9999999999999999,2,0.051460337185255424,0.002248803329177953,0.9425320481505246,0.0037588113350418176,0.9999999999999999,2
2023-01-04,2,2,0.07792,0.00339,0.91292,0.00577,1.0,2,0.029418597891906925,0.0046742776279619005,0.9586445530330016,0.007262571447129572,1.0,2,0.023790420032766622,0.003644255910705711,0.968998351591632,0.0035669724648957042,1.0,2,0.024028002673444196,0.003955409553480689,0.9685411790101904,0.0034754087628848136,1.0000000000000002,2,0.01918029240948947,0.0024704659491461144,0.973621218837193,0.004728022804171224,0.9999999999999998,2
2023-01-05,2,2,0.07792,0.00339,0.91292,0.00577,1.0,2,0.03411227187128646,0.0020953095012839996,0.9581561148600886,0.0056363037673409465,0.9999999999999999,2,0.022382301440630515,0.0028812419672304143,0.9708145458241884,0.0039219107679506204,1.0,2,0.02216611468071167,0.0028701525253984734,0.970924867816746,0.004038864977143832,1.0,2,0.022679017438199976,0.0024951021348852288,0.9703731404181007,0.0044527400088139385,0.9999999999999999,2
2023-01-06,2,2,0.07792,0.00339,0.91292,0.00577,1.0,2,0.03805795166729016,0.02040993843721255,0.9389848695089262,0.0025472403865711584,1.0,2,0.026283816124798676,0.004759250415228779,0.9666346194494592,0.002322314010513301,0.9999999999999999,2,0.02743261215315962,0.005768445876527916,0.9648352480299205,0.001963693940391866,0.9999999999999999,2,0.03317898636429218,0.0024801176385267675,0.9603673908462292,0.003973505150951917,1.0,2
2023-01-09,2,2,0.07792,0.00339,0.91292,0.00577,1.0,2,0.0379956760645917,0.005666052507059365,0.9535975739144117,0.0027406975139371965,1.0,2,0.02471225947893976,0.003484093584946602,0.9692532430640329,0.0025504038720807593,1.0,2,0.02529884865644027,0.0037404526112328985,0.9686961095378542,0.002264589194472561,1.0,2,0.03932517834088988,0.0024972195013076262,0.9544502129268314,0.0037273892309711352,1.0,2
2023-01-10,2,2,0.07792,0.00339,0.91292,0.00577,1.0,2,0.047125106619255556,0.0005407284970244987,0.9491027307143275,0.003231434169392538,1.0000000000000002,2,0.022775164196477366,0.002362884499712046,0.9712452341823361,0.0036167171214746075,1.0000000000000002,2,0.023021378033767203,0.002296911276064162,0.9708746017682052,0.003807108921963491,1.0,2,0.05265175652447648,0.002482606375317365,0.9414895724177563,0.003376064682449684,0.9999999999999998,2
2023-01-11,2,2,0.07792,0.00339,0.91292,0.00577,1.0,2,0.035465170859867265,0.017523742350230388,0.944021090312029,0.0029899964778733897,1.0,2,0.02476156087543741,0.00409809949899265,0.9688411006896035,0.002299238935966296,0.9999999999999999,2,0.025751753266947723,0.004816803755322594,0.9674194711450013,0.0020119718327284066,1.0,2,0.03228744801081806,0.0026406427798873447,0.9613062109164995,0.0037656982927951757,1.0,2
2023-01-12,2,2,0.07792,0.00339,0.91292,0.00577,1.0,2,0.02863402703395773,0.018591481354208322,0.9498137794690997,0.002960712142734313,1.0000000000000002,2,0.02318387991841172,0.003960720143028189,0.9705520196279832,0.002303380310576797,0.9999999999999999,2,0.023922316775708146,0.004628835318993019,0.9694511918522649,0.0019976560530338577,0.9999999999999999,2,0.049446797534701166,0.0026006052430122147,0.9446533592552105,0.003299237967076064,1.0,2
2023-01-13,2,2,0.07792,0.00339,0.91292,0.00577,1.0,2,0.03748594542110725,0.0011269007784114455,0.9575263655851968,0.00386078821528449,0.9999999999999999,2,0.022339918497553204,0.0024185700804671326,0.9721991608671363,0.0030423505548432942,0.9999999999999999,2,0.02274888960407623,0.0024007456929955756,0.9717838486539848,0.0030665160489434613,1.0,2,0.04025819144491847,0.0027023361206191593,0.9536226144838076,0.0034168579506547044,0.9999999999999999,2
2023-01-17,2,2,0.07792,0.00339,0.91292,0.00577,1.0,2,0.03393129026988192,0.0014409409241855592,0.9606146230947121,0.004013145711220442,1.0,2,0.020928610307344588,0.002365246587851126,0.973725659859941,0.002980483244863397,1.0,2,0.02107348001576314,0.0023210829988979066,0.9736596768996001,0.0029457600857387316,0.9999999999999999,2,0.03852661728138751,0.0027675087467371115,0.9553186550742049,0.003387218897670376,0.9999999999999999,2
2023-01-18,2,2,0.07792,0.00339,0.91292,0.00577,1.0,2,0.018420439184159487,0.015381560474177276,0.9615042277178154,0.0046937726238478784,1.0,2,0.019798667354746675,0.0034020577561145056,0.9743856053601686,0.002413669528970244,1.0,2,0.019942081690768314,0.003854454054498032,0.9740621700148242,0.0021412942399095312,1.0,2,0.0320609458535975,0.0028645560278052467,0.9615951003378927,0.003479397780704621,1.0000000000000002,2
2023-01-19,2,2,0.07792,0.00339,0.91292,0.00577,1.0,2,0.034187349336737026,0.0015685398315579131,0.962940644210445,0.0013034666212601025,1.0,2,0.020123603923122763,0.002364578982173715,0.9746581046831754,0.002853712411528,0.9999999999999999,2,0.020312451469171933,0.002397497440782582,0.9745226843800816,0.002767366709963876,1.0,2,0.02663590126252865,0.0029617612930319314,0.966831824968772,0.003570512475667462,1.0,2
2023-01-20,2,2,0.07792,0.00339,0.91292,0.00577,1.0,2,0.04372864492598667,0.0007708077371160339,0.9533682430121369,0.002132304324760385,1.0,2,0.021373437163579073,0.002205465255544192,0.9734080823509212,0.0030130152299554912,1.0,2,0.021978767383580688,0.0022458019674015885,0.9726212709625992,0.003154159686418513,1.0,2,0.03340179373705081,0.0029735726663230547,0.9603176112458598,0.0033070223507663697,1.0,2
2023-01-23,2,2,0.07792,0.00339,0.91292,0.00577,1.0,2,0.034675689195241687,0.0021703520986293356,0.9608597038837107,0.0022942548224182684,1.0,2,0.020597372550286038,0.002416449877550395,0.9743669332691526,0.0026192443030110383,1.0,2,0.021081500134966152,0.0024914614114016857,0.9738928088116432,0.0025342296419890546,1.0,2,0.03142250303824786,0.0030481037335165677,0.9622381944273625,0.003291198800873073,0.9999999999999999,2
2023-01-24,2,0,0.07792,0.00339,0.91292,0.00577,1.0,2,0.022013274357917247,0.007932527001097115,0.9662848685717335,0.0037693300692522125,1.0,2,0.018650879723333298,0.0027665224867999302,0.9759384791958462,0.002644118594020543,1.0,2,0.01885129825639903,0.0030196956689090035,0.9756114866783029,0.0025175193963890134,0.9999999999999999,2,0.029580578080707635,0.003123939566154174,0.9640210883647656,0.0032743939883726554,1.0,2
2023-01-25,0,0,0.94901,0.0,0.05099,0.0,1.0,0,0.942283212082501,0.0002538538253806975,0.057172924788264384,0.000290009303853828,0.9999999999999999,0,0.7398505049727491,0.04215692333215815,0.19439818310381482,0.023594388591277916,1.0,0,0.7407360830540534,0.04122929750783646,0.19588836370293322,0.022146255735176847,0.9999999999999998,0,0.95491298130744,0.0003989906703272119,0.0441499902568654,0.0005380377653675264,1.0,0
2023-01-26,0,0,0.94901,0.0,0.05099,0.0,1.0,0,0.9548108175076103,0.00015889268943367223,0.044858720396617015,0.0001715694063389027,0.9999999999999999,0,0.8263070255983249,0.02535319335849369,0.13481958240983932,0.01352019863334203,1.0,0,0.8291240498244155,0.024732210843979946,0.13381968371990194,0.012324055611702583,0.9999999999999999,0,0.9595427746031783,0.00035649989051799195,0.039629254501233606,0.0004714710050703353,1.0000000000000002,0
2023-01-27,0,0,0.94901,0.0,0.05099,0.0,1.0,0,0.9423953849643676,0.00013919973915029938,0.057075778710526964,0.00038963658595515615,1.0,0,0.8524340001907403,0.017609763578046986,0.11676158844984727,0.013194647781365473,1.0,0,0.8523086100767951,0.016977036191374497,0.11763974735597553,0.013074606375855011,1.0000000000000002,0,0.9679970265469332,0.0002794299403176201,0.0313691369056732,0.0003544066070758311,0.9999999999999999,0
2023-01-30,0,2,0.94901,0.0,0.05099,0.0,1.0,0,0.9372639085281259,9.31136432465738e-05,0.061956831309247125,0.0006861465193805728,1.0000000000000002,0,0.8692994109792664,0.012630363259493146,0.10492540006500102,0.01314482569623941,1.0,0,0.8662984007512976,0.011885864344001162,0.10755151343643019,0.014264221468271032,1.0,0,0.9516307727757821,0.0004292221680077463,0.04735381580039007,0.0005861892558197913,0.9999999999999998,0
2023-01-31,2,2,0.07792,0.00339,0.91292,0.00577,1.0,2,0.1035289775298172,0.003282389131000475,0.8857483513530767,0.007440281986105617,1.0,2,0.2745217068237544,0.05933258297620364,0.6400179275621065,0.026127782637935488,1.0,2,0.2776388689127222,0.06138555243297611,0.6372030228857418,0.023772555768559984,1.0000000000000002,2,0.06941530583506103,0.001186039766541996,0.9230889503193154,0.006309704079081595,1.0,2
2023-02-01,2,2,0.07792,0.00339,0.91292,0.00577,1.0,2,0.07285173367894869,0.0026895875533070207,0.919575010581656,0.004883668186088238,1.0,2,0.18245656511955555,0.0415491511005231,0.7559756252222142,0.020018658557707278,1.0000000000000002,2,0.18356665746206152,0.04423495671178195,0.7547765907895705,0.01742179503658606,1.0,2,0.11768229618654971,0.001121794263971824,0.876010315715709,0.005185593833769404,0.9999999999999999,2
2023-02-02,2,2,0.07792,0.00339,0.91292,0.00577,1.0,2,0.08452929480009022,0.0014102291939965235,0.9090237198156536,0.005036756190259818,1.0000000000000002,2,0.15275902425834068,0.027598866869671564,0.804765421032872,0.014876687839115967,1.0000000000000002,2,0.15522123399214505,0.027837664907814152,0.8038933941383786,0.013047706961662166,0.9999999999999999,2,0.05117079229137376,0.0012754691050436808,0.9409355754720338,0.006618163131548842,1.0,2
2023-02-03,2,2,0.07792,0.00339,0.91292,0.00577,1.0,2,0.07538038087495516,0.00010979096204392089,0.9119146410674537,0.012595187095547331,1.0000000000000002,2,0.1028283824981276,0.013789290622056274,0.8576640528742867,0.025718274005529368,1.0,2,0.09972921205698412,0.012523363961187686,0.8570253195819929,0.03072210439983539,1.0000000000000002,2,0.07911829820865453,0.0012405271995161874,0.9139357315641811,0.005705443027648125,0.9999999999999999,2
2023-02-06,2,2,0.07792,0.00339,0.91292,0.00577,1.0,2,0.08977654736872001,0.00046342891854703314,0.902135999131017,0.007624024581715833,1.0,2,0.09515170546362657,0.013715613619662125,0.8738498003633496,0.01728288055336168,1.0,2,0.09382553643175952,0.012931552097272304,0.8743818482406125,0.018861063230355544,0.9999999999999999,2,0.04346303296442077,0.001348123824798233,0.9485436030821562,0.006645240128624698,0.9999999999999999,2
2023-02-07,2,2,0.07792,0.00339,0.91292,0.00577,1.0,2,0.12074267088920736,0.0010528568894669342,0.876100375602318,0.002104096619007478,0.9999999999999998,2,0.0957179135285474,0.014862025974703756,0.8789427693261146,0.010477291170634227,1.0,2,0.09781734796603006,0.01529720962406897,0.8769818917152308,0.009903550694670051,0.9999999999999999,2,0.07995284943516232,0.001290173873769169,0.9132947054527807,0.005462271238287751,1.0,2
2023-02-08,2,2,0.07792,0.00339,0.91292,0.00577,1.0,2,0.07491868399171733,0.0018978497109081688,0.9193707623363903,0.003812703960984308,1.0,2,0.07597829717569758,0.012929887631524745,0.901214373440622,0.009877441752155776,1.0000000000000002,2,0.07570566812550127,0.013009703782394667,0.9021345422577296,0.009150085834374279,0.9999999999999998,2,0.11963435123940294,0.0012379027511199544,0.8744675017268128,0.004660244282664253,0.9999999999999999,2
2023-02-09,2,2,0.07792,0.00339,0.91292,0.00577,1.0,2,0.07222002488725796,0.0003284954040245869,0.9210671497666565,0.006384329942061005,1.0,2,0.06669528131953377,0.008775442160589229,0.9129970618961758,0.011532214623701038,0.9999999999999998,2,0.06595315726373654,0.008195818761570108,0.9137695752878487,0.012081448686844508,0.9999999999999999,2,0.08415194849796978,0.0013345506551930533,0.909351927445765,0.005161573401072177,1.0,2
2023-02-10,2,2,0.07792,0.00339,0.91292,0.00577,1.0,2,0.10135772840176166,0.0005058901631206722,0.893699278047762,0.004437103387355669,1.0,2,0.06503702800286972,0.00857092211907218,0.9161352700170445,0.010256779861013619,1.0,2,0.0652424638622199,0.008342247010727331,0.9154738641814647,0.010941424945587988,1.0,2,0.06308596579488822,0.0014103249332490055,0.929976958065173,0.005526751206689867,1.0,2
2023-02-13,2,0,0.07792,0.00339,0.91292,0.00577,1.0,2,0.07224876465330801,0.0030609657783607345,0.9191506128295261,0.005539656738805209,1.0000000000000002,2,0.061567877299347984,0.010351725709865187,0.9203839228381236,0.007696474152663142,1.0,2,0.06253342484522013,0.010958055797422376,0.9191700764844143,0.007338442872943316,1.0000000000000002,2,0.09191967555615099,0.0013727782880994992,0.9018914293810487,0.00481611677470072,0.9999999999999999,2
2023-02-14,0,2,0.94901,0.0,0.05099,0.0,1.0,0,0.9438890932298032,0.00015998370727893807,0.05559033412331561,0.00036058893960239666,1.0000000000000002,0,0.744832835768585,0.038831343997650584,0.19216961011390013,0.024166210119864286,1.0,0,0.7460979884957001,0.03702819294145206,0.19349153360048188,0.023382284962365985,1.0,0,0.9650423804967476,0.000306282092574144,0.03425672032587406,0.00039461708480409484,0.9999999999999999,0
2023-02-15,2,2,0.07792,0.00339,0.91292,0.00577,1.0,2,0.10207713716560259,0.0003981876095118769,0.8928503554974385,0.00467431972744684,0.9999999999999998,2,0.25374636425503116,0.04410761506016212,0.6669418946988053,0.03520412598600157,1.0000000000000002,2,0.25275497426908033,0.04150333365931624,0.6708038809559608,0.0349378111156427,1.0,2,0.09473173691271312,0.0011386143755435377,0.8984153314207145,0.005714317291028877,1.0,2
2023-02-16,2,2,0.07792,0.00339,0.91292,0.00577,1.0,2,0.09502748677336989,0.0002307966722027907,0.9002017555023882,0.0045399610520391745,1.0,2,0.17785422472095785,0.026755213485501684,0.7686564398249528,0.02673412196858761,0.9999999999999999,2,0.1755702733587276,0.02438757160078428,0.7729160809630958,0.027126074077392426,1.0,2,0.06774655014440126,0.0012137851844689124,0.9248101499477887,0.006229514723341251,1.0,2
2023-02-17,2,2,0.07792,0.00339,0.91292,0.00577,1.0,2,0.07505708667925676,0.0015264175770171894,0.9154988940356309,0.007917601708095192,1.0,2,0.13576961307340032,0.025638993020239254,0.8181724461130981,0.020418947793262154,0.9999999999999999,2,0.13448100374730007,0.025514671062232073,0.8199240298082601,0.020080295382207715,0.9999999999999999,2,0.0850091490269272,0.0012041285076983363,0.9080974597291706,0.005689262736203782,0.9999999999999998,2
2023-02-21,2,2,0.07792,0.00339,0.91292,0.00577,1.0,2,0.09737946955806562,0.00014510800337516703,0.8978272038428392,0.004648218595720098,1.0000000000000002,2,0.10992606612901863,0.014499437526558256,0.8545977018863595,0.02097679445806351,1.0,2,0.10751043718742269,0.01323449458776656,0.8558587187980498,0.023396349426760932,0.9999999999999999,2,0.063152460634154,0.0012740643899106043,0.9294637655544978,0.006109709421437691,1.0000000000000002,2
2023-02-22,2,2,0.07792,0.00339,0.91292,0.00577,1.0,2,0.06392115944889797,0.0018066038251283363,0.9238427629757295,0.010429473750244214,1.0,2,0.09528921256398958,0.017263052068567007,0.8735145357182406,0.013933199649202777,0.9999999999999999,2,0.09466628744168347,0.017358877404185766,0.8744906168437128,0.013484218310418097,1.0,2,0.0920880146436071,0.0012400423075087904,0.9013490260382584,0.00532291701062565,1.0,2
2023-02-23,2,2,0.07792,0.00339,0.91292,0.00577,1.0,2,0.07379339909816635,0.0031407532849486055,0.9184525543201295,0.0046132932967555855,1.0,2,0.09134532973075014,0.016858633965594658,0.8822293791678242,0.009566657135830929,0.9999999999999999,2,0.0926759912656777,0.017688436212870223,0.8812028171507953,0.008432755370656918,1.0000000000000002,2,0.05683699779514343,0.001341677833902692,0.9357712965403423,0.006050027830611619,1.0,2
2023-02-24,2,0,0.07792,0.00339,0.91292,0.00577,1.0,2,0.07948626974861148,0.0002531412628164339,0.9135308246352776,0.006729764353294334,0.9999999999999998,2,0.07394550511282648,0.009509583975560147,0.903527823571607,0.013017087340006585,1.0000000000000002,2,0.07299136251766415,0.008767358349426884,0.9043420371850771,0.013899241947831768,0.9999999999999999,2,0.08419134532403873,0.0013076661165225814,0.9092352537392125,0.005265734820226209,1.0,2
2023-02-27,0,0,0.94901,0.0,0.05099,0.0,1.0,0,0.9444918625959677,0.0003210336409775779,0.054915507978615,0.0002715957844395425,0.9999999999999999,0,0.7467919936014542,0.043349749885065306,0.18875299298353024,0.021105263529950388,1.0000000000000002,0,0.7490289276043159,0.042802659181194046,0.18899859709356218,0.019169816120927836,1.0,0,0.9606427010161317,0.00034643309878083236,0.038554965007342575,0.00045590087774507885,1.0000000000000002,0
2023-02-28,0,0,0.94901,0.0,0.05099,0.0,1.0,0,0.945308646745757,0.00032388337490833795,0.05414018478991065,0.00022728508942415304,1.0,0,0.8159107422824373,0.02740751260575364,0.1414247660353965,0.015256979076412512,1.0,0,0.8165376953379776,0.027343450208128256,0.14183961876469361,0.01427923568920065,1.0000000000000002,0,0.9654682163788243,0.0003024062856540487,0.03384060393227357,0.00038877340324804967,1.0,0
2023-03-01,0,2,0.94901,0.0,0.05099,0.0,1.0,0,0.9561877644885365,8.032623942061666e-05,0.04354581583347168,0.00018609343857143004,1.0000000000000002,0,0.8599759997672999,0.016327002687112378,0.11157083314529315,0.012126164400294662,1.0,0,0.8605008914085945,0.015593868763673727,0.11179343451732728,0.012111805310404448,1.0,0,0.967514703017064,0.0002838068491893797,0.03184057383457683,0.00036091629916968704,0.9999999999999999,0
2023-03-02,2,2,0.07792,0.00339,0.91292,0.00577,1.0,2,0.11725208653077863,0.0005578207029478595,0.878167104023403,0.004022988742870465,1.0,2,0.2621418152544756,0.04635166721102754,0.6592319717907557,0.032274545743741175,1.0,2,0.2627749690003383,0.044250452614026034,0.6616355010445619,0.03133907734107365,0.9999999999999999,2,0.12831552467211096,0.001081816304830154,0.8654833310575818,0.005119327965477048,1.0,2
2023-03-03,2,2,0.07792,0.00339,0.91292,0.00577,1.0,2,0.08633155499108848,0.017764529054020862,0.8922240656842412,0.0036798502706494184,1.0,2,0.20245065913600283,0.05589306774769323,0.7264571191438521,0.015199153972451883,1.0,2,0.2070800598478703,0.06643330584985535,0.714135527839673,0.012351106462601178,0.9999999999999999,2,0.08567189566273149,0.0011786815607635864,0.9073591807917161,0.00579024198478891,1.0,2
2023-03-06,2,2,0.07792,0.00339,0.91292,0.00577,1.0,2,0.08616881291573673,0.0005100980298713299,0.9071323178386,0.0061887712157920145,1.0000000000000002,2,0.14336346006737233,0.022595007428597,0.8158836862542227,0.018157846249807923,0.9999999999999999,2,0.14330690080544328,0.021266285982727968,0.8182005094093416,0.01722630380248706,0.9999999999999999,2,0.12425073936196816,0.0011335174055490719,0.8696367887137497,0.004978954518733123,1.0,2
2023-03-07,2,2,0.07792,0.00339,0.91292,0.00577,1.0,2,0.05620593408579627,0.0007292483156545908,0.9221352209064794,0.020929596692069806,1.0,2,0.10423402077029514,0.017288720082477515,0.8576547983854972,0.020822460761730083,1.0,2,0.10134322316597685,0.01637345665575239,0.8598338009041913,0.022449519274079385,0.9999999999999999,2,0.07264635862335439,0.0012537677878450921,0.9202410816059376,0.005858791982863055,1.0000000000000002,2
2023-03-08,2,2,0.07792,0.00339,0.91292,0.00577,1.0,2,0.07532319412263672,0.0008623858481799511,0.9133194970146652,0.010494923014518003,0.9999999999999999,2,0.09655119157693264,0.015231105340251764,0.8724050313230881,0.01581267175972748,1.0,2,0.09590814442606777,0.01477205182405079,0.8728641683092225,0.01645563544065872,0.9999999999999999,2,0.051553202381417335,0.0013274115419814084,0.9407750947380363,0.006344291338564973,1.0,2
2023-03-09,2,2,0.07792,0.00339,0.91292,0.00577,1.0,2,0.06409883419323457,0.0009252508196448152,0.9277116627092303,0.007264252277890318,1.0,2,0.07899336012136758,0.01287621469208848,0.8950992103678864,0.013031214818657601,1.0,2,0.0771726604330081,0.012323651420954212,0.8977083921445829,0.012795296001454648,0.9999999999999999,2,0.06588734676716615,0.0013206474537896496,0.9269960950979391,0.0057959106811051675,1.0,2
2023-03-10,2,2,0.07792,0.00339,0.91292,0.00577,1.0,2,0.05125933354230618,0.028396716518277576,0.9160622492367424,0.0042817007026738985,1.0,2,0.07763736841457926,0.02065048118219741,0.8935206254870421,0.008191524916181164,0.9999999999999999,2,0.0787580027484253,0.025370407786235536,0.8888217105869168,0.007049878878422427,1.0,2,0.058883344906340715,0.0013642183666097043,0.9338825149599553,0.005869921767094272,1.0,2
2023-03-13,2,2,0.07792,0.00339,0.91292,0.00577,1.0,2,0.07264188195925741,0.001619949767566481,0.9232047756557614,0.00253339261741454,0.9999999999999999,2,0.0698912914471192,0.01171693431648636,0.9096776162948723,0.008714157941522218,1.0000000000000002,2,0.07032151711393368,0.011980688024464859,0.9098034390096152,0.007894355851986192,1.0,2,0.09416993030261182,0.0013135665010039343,0.899543014942007,0.004973488254377253,1.0,2
2023-03-14,2,2,0.07792,0.00339,0.91292,0.00577,1.0,2,0.09665301182353545,0.0002373402185598887,0.898600636050237,0.004509011907667767,1.0000000000000002,2,0.06392554887449979,0.008169360968846186,0.9176100078291498,0.010295082327504295,1.0,2,0.0642820881117702,0.007886066869987702,0.9170264146643966,0.01080543035384545,0.9999999999999999,2,0.06652646764271536,0.001402021105342994,0.9266307778476723,0.005440733404269471,1.0000000000000002,2
2023-03-15,2,2,0.07792,0.00339,0.91292,0.00577,1.0,2,0.0480406206899313,0.0038810413572796074,0.9422314366652745,0.005846901287514554,1.0,2,0.05278282876386681,0.010819429916981288,0.9272912362929029,0.009106505026248983,1.0,2,0.05245630111668331,0.012031169065911939,0.9266361000595793,0.00887642975782537,0.9999999999999999,2,0.048310867089887355,0.0014782014738333386,0.9443702417936438,0.005840689642635587,1.0,2
2023-03-16,2,2,0.07792,0.00339,0.91292,0.00577,1.0,2,0.08705037109596825,0.0007659794070054085,0.902844708358507,0.009338941138519352,1.0,2,0.05923024100825623,0.007742482197845285,0.9252276646942788,0.007799612099619698,0.9999999999999999,2,0.06035108010706727,0.0076690572432096885,0.923968451791725,0.008011410857998008,1.0,2,0.033789699281389786,0.0015540114061230947,0.9583683637306007,0.00628792558188645,1.0,2
2023-03-17,2,2,0.07792,0.00339,0.91292,0.00577,1.0,2,0.05100081318731115,0.004348538280174852,0.9330569878069069,0.011593660725607007,0.9999999999999999,2,0.04910444861099122,0.008639240567822089,0.9355335762011474,0.006722734620039437,1.0000000000000002,2,0.048771548923560795,0.008969856706361409,0.9359368113618358,0.006321783008242109,1.0000000000000002,2,0.08096847413640407,0.001454757686141694,0.9127554320361424,0.004821336141311875,1.0,2
2023-03-20,2,2,0.07792,0.00339,0.91292,0.00577,1.0,2,0.08770527584895846,0.000774492041278769,0.9087596597242052,0.002760572385557644,1.0000000000000002,2,0.049843917314157764,0.006697970638600275,0.9366391905741893,0.006818921473052642,1.0,2,0.05044015005702685,0.006679564006775901,0.9361606536314572,0.0067196323047399795,0.9999999999999999,2,0.06189979659971306,0.0015326814152889447,0.931440049911424,0.005127472073573836,0.9999999999999999,2
2023-03-21,2,2,0.07792,0.00339,0.91292,0.00577,1.0,2,0.08206288258055391,0.0008989667762329041,0.9135101370511672,0.0035280135920459383,1.0,2,0.04891926725243943,0.006507629001221214,0.9389907935861913,0.005582310160148071,1.0,2,0.04987006303903072,0.006482901668636042,0.9384451572160889,0.005201878076244225,0.9999999999999998,2,0.06833963271121696,0.0015468866306101877,0.9252333068276588,0.004880173830513908,0.9999999999999998,2
2023-03-22,2,2,0.07792,0.00339,0.91292,0.00577,1.0,2,0.05486975247138169,0.0061148657750675585,0.9361486284220303,0.0028667533315206617,1.0000000000000002,2,0.04229133066919767,0.007815685141591828,0.9451662977668092,0.004726686422401369,1.0,2,0.042359422716090056,0.008459360630061991,0.9451536404816904,0.004027576172157674,1.0000000000000002,2,0.06867538655195721,0.0015776694989106327,0.9249711593093303,0.004775784639801948,1.0,2
2023-03-23,2,2,0.07792,0.00339,0.91292,0.00577,1.0,2,0.061318411758180785,0.0015519570270813193,0.934130023724935,0.0029996074898026325,0.9999999999999998,2,0.04232594823638979,0.0060887633515292515,0.9464263808772932,0.005158907534787614,0.9999999999999999,2,0.04286854545187939,0.006186855224531018,0.946215953292671,0.004728646030918434,0.9999999999999999,2,0.06799255193197802,0.0016118347438277105,0.9257010293716232,0.004694583952570912,0.9999999999999999,2
2023-03-24,2,2,0.07792,0.00339,0.91292,0.00577,1.0,2,0.05867419534903465,0.0019589941537811986,0.9329212116478008,0.00644559884938332,1.0,2,0.04001313014593444,0.0057079921446875174,0.9486854110158034,0.005593466693574683,1.0,2,0.04038965418245125,0.005811348502540689,0.9482872642159356,0.0055117330990726,1.0,2,0.05776789265024944,0.0016743050241820282,0.935732034282468,0.00482576804310069,1.0000000000000002,2
2023-03-27,2,2,0.07792,0.00339,0.91292,0.00577,1.0,2,0.08744806198499633,0.00030089397572855627,0.9090993665481584,0.0031516774911167153,0.9999999999999999,2,0.04043307389762366,0.004409489968268175,0.9496331231127374,0.005524313021370681,0.9999999999999999,2,0.04115601358534179,0.0043040734144862425,0.9487857457767458,0.005754167223426201,1.0,2,0.05782903867858169,0.001708398160991429,0.9357345120173712,0.0047280511430554985,0.9999999999999999,2
2023-03-28,2,2,0.07792,0.00339,0.91292,0.00577,1.0,2,0.05997781739159499,0.0017963410683704691,0.9347542568303895,0.0034715847096450573,1.0,2,0.036368161750594305,0.0050811677268712665,0.9533976297061958,0.005153040816338684,1.0,2,0.036615808831274514,0.005171271218176727,0.9531747022365733,0.005038217713975595,1.0,2,0.08792024867386944,0.0016578986087994515,0.9063450636298575,0.004076789087473762,1.0,2
2023-03-29,2,0,0.07792,0.00339,0.91292,0.00577,1.0,2,0.0622546542970015,0.0015495695832574486,0.9328533306030191,0.003342445516721936,1.0,2,0.03615416148294285,0.004992260852823835,0.954345554540505,0.004508023123728486,1.0000000000000002,2,0.03677586417600265,0.005120344619493719,0.9538792109897816,0.004224580214722027,1.0,2,0.06119238137468456,0.0017685065440374978,0.9325713314758172,0.004467780605460844,1.0,2
2023-03-30,0,2,0.94901,0.0,0.05099,0.0,1.0,0,0.9447891960674625,0.0004024529607671422,0.05451173317214969,0.00029661779962060253,1.0,0,0.7504443354554905,0.04456023183101268,0.1854204992943073,0.01957493341918955,1.0,0,0.7532987473116587,0.04438600891921579,0.18493051828711196,0.017384725482013457,0.9999999999999998,0,0.9576475524442444,0.0003738711161730303,0.041480053829041866,0.00049852261054077,1.0,0
2023-03-31,2,0,0.07792,0.00339,0.91292,0.00577,1.0,2,0.09612914897356539,0.00658957538785789,0.8923095242444072,0.004971751394169512,1.0,2,0.27594654299195814,0.06785680944076365,0.6332251513491354,0.0229714962181428,0.9999999999999999,2,0.2797921228739495,0.07378841520339122,0.6268615090332855,0.019557952889373675,0.9999999999999999,2,0.10382152017493482,0.001122703437190044,0.8895191686839012,0.005536607703973768,0.9999999999999999,2
2023-04-03,0,0,0.94901,0.0,0.05099,0.0,1.0,0,0.9471389340513862,0.0005405402654148475,0.052132869681947344,0.00018765600125167535,1.0,0,0.7564489928973824,0.046927901829885425,0.1797784047834807,0.016844700489251584,1.0000000000000002,0,0.7600758795078594,0.0477956662512985,0.1779651372754983,0.014163316965344027,1.0000000000000002,0,0.9727701255700397,0.00023626321686911868,0.02670241160608072,0.0002911996070102996,0.9999999999999998,0
2023-04-04,0,0,0.94901,0.0,0.05099,0.0,1.0,0,0.9377097140063103,0.00037981812289289885,0.06152570902956561,0.00038475884123116135,1.0,0,0.8129085244171055,0.02770466858823935,0.1442680137272653,0.015118793267389635,0.9999999999999998,0,0.8130952085890754,0.027417679229356447,0.14552403904310135,0.013963073138466816,1.0,0,0.9752352547349679,0.0002140830001822767,0.024291185905979402,0.000259476358870457,1.0,0
2023-04-05,0,0,0.94901,0.0,0.05099,0.0,1.0,0,0.9404076073642986,0.0005048645922932633,0.05874183548059509,0.0003456925628130384,1.0,0,0.8545930600321453,0.02054639716603866,0.11341897974209285,0.011441563059723102,0.9999999999999999,0,0.8548016004495419,0.020894370649893426,0.11351919400510731,0.010784834895457403,1.0,0,0.9618458148155667,0.00033543485220259323,0.03737976841762151,0.0004389819146092679,1.0,0
2023-04-06,0,0,0.94901,0.0,0.05099,0.0,1.0,0,0.945764303800829,0.00026089881560712315,0.05369255916798265,0.0002822382155813265,1.0,0,0.8802873278335044,0.014793967365777266,0.09578776023544702,0.009130944565271337,1.0,0,0.8808763900278248,0.01469276882792367,0.09584177910390633,0.008589062040345232,1.0,0,0.9667602799160515,0.00029065812835717277,0.03257792050193297,0.0003711414536581524,0.9999999999999998,0
2023-04-10,0,0,0.94901,0.0,0.05099,0.0,1.0,0,0.955374936724163,3.774970537177781e-05,0.044360677582385086,0.00022663598808004298,0.9999999999999998,0,0.897233344803092,0.009405615429846668,0.08407973029499066,0.009281309472070473,0.9999999999999998,0,0.8970353600081642,0.008820669189534287,0.08436068107277463,0.009783289729526686,0.9999999999999998,0,0.9598949434299897,0.0003532755446847177,0.03928530569111795,0.0004664753342076129,1.0,0
2023-04-11,0,0,0.94901,0.0,0.05099,0.0,1.0,0,0.9502300730735761,0.0002712811605784199,0.04926641565827026,0.00023223010757525043,1.0,0,0.9116998513323199,0.009946555371409108,0.07246238589705178,0.0058912073992191715,1.0,0,0.9124390832621435,0.009898598110935188,0.07223052518036434,0.0054317934465569475,1.0,0,0.9622890610906704,0.0003313864040651256,0.03694677385760578,0.0004327786476586976,1.0,0
2023-04-12,0,0,0.94901,0.0,0.05099,0.0,1.0,0,0.9496518845121987,0.00020086662131995164,0.04989958305586252,0.0002476658106186464,0.9999999999999998,0,0.9199456749171309,0.00817744587230347,0.06659753393476181,0.005279345275803764,1.0,0,0.9203953728337186,0.007997461985996815,0.06669972091610005,0.004907444264184696,1.0000000000000002,0,0.9698498574915126,0.00026264085601295656,0.029557897426617363,0.0003296042258571279,1.0,0
2023-04-13,0,0,0.94901,0.0,0.05099,0.0,1.0,0,0.9580461656375804,9.197415582971224e-05,0.0416828357103618,0.00017902449622818098,1.0,0,0.9292023380265717,0.006662003180140838,0.05924952556061282,0.004886133232674468,0.9999999999999999,0,0.9301181323439053,0.006485595298463042,0.058703797131534854,0.004692475226096864,1.0,0,0.9687827590130869,0.0002723053303815723,0.030601087023614852,0.0003438486329167977,1.0,0
2023-04-14,0,0,0.94901,0.0,0.05099,0.0,1.0,0,0.9532137307988267,6.758774675700746e-05,0.04646590475916889,0.00025277669524737846,0.9999999999999999,0,0.9319980857101644,0.005562054640918378,0.05748653177525815,0.004953327873659266,1.0000000000000002,0,0.932051405836796,0.0052690801605886,0.05772129239539054,0.004958221607224804,1.0,0,0.9623990968361914,0.0003303816725498508,0.03683928027693777,0.0004312412143209562,0.9999999999999999,0
2023-04-17,0,0,0.94901,0.0,0.05099,0.0,1.0,0,0.9571183529255385,5.3683569506024216e-05,0.042575423977980746,0.0002525395269747174,0.9999999999999999,0,0.9359894936681535,0.004929588661281715,0.0541154888237208,0.004965428846843924,1.0,0,0.9357801408058444,0.004692052077644923,0.05433389314530788,0.005193913971202697,0.9999999999999999,0,0.9634437358961536,0.00032084902845584917,0.03581871914246787,0.000416695932922681,1.0,0
2023-04-18,0,0,0.94901,0.0,0.05099,0.0,1.0,0,0.9508983566575557,0.0003009890734909164,0.04850726935043533,0.0002933849185179022,1.0,0,0.9416233035364387,0.0054773467497095,0.04936171582740375,0.003537633886447752,0.9999999999999998,0,0.9419298875693678,0.0055017610325838505,0.04925606115432873,0.0033122902437195895,0.9999999999999999,0,0.9594032292317617,0.00035777783643497503,0.0397655396958031,0.00047345323600011613,0.9999999999999999,0
2023-04-19,0,0,0.94901,0.0,0.05099,0.0,1.0,0,0.9474482001493981,0.00012017873276825784,0.05208330480796241,0.0003483163098714347,1.0000000000000002,0,0.940526892318119,0.004602686760786004,0.050323632073717074,0.004546788847377856,0.9999999999999999,0,0.939829576835339,0.0045378228298609095,0.050888075553887954,0.004744524780911976,0.9999999999999999,0,0.9671921764721634,0.0002867351023374255,0.03215580711940153,0.00036528130609757823,1.0,0
2023-04-20,0,0,0.94901,0.0,0.05099,0.0,1.0,0,0.9403279428740674,0.00035644642140408893,0.05895986699164172,0.0003557437128869154,1.0,0,0.9444015459192654,0.0048598834675706625,0.04719970675870155,0.003538863854462271,0.9999999999999999,0,0.9440397182664515,0.004967866971188776,0.047594185388530656,0.0033982293738289834,0.9999999999999999,0,0.9465523082138376,0.00047616182689264015,0.05230936419803077,0.0006621657612389953,1.0,0
2023-04-21,0,0,0.94901,0.0,0.05099,0.0,1.0,0,0.9546972217443879,0.0001011263164503947,0.044982999233501804,0.00021865270565989782,1.0,0,0.9497857649147273,0.0037916790539103172,0.04319025604593728,0.003232299985425053,1.0,0,0.949849056720855,0.003682015537121668,0.04329940699851162,0.0031695207435116037,0.9999999999999999,0,0.9529106151211232,0.0004174236591011323,0.046104639418104346,0.0005673218016714702,1.0000000000000002,0
2023-04-24,0,0,0.94901,0.0,0.05099,0.0,1.0,0,0.9526192699562741,0.0005716074407789202,0.04662452219204727,0.0001846004108996221,0.9999999999999999,0,0.9536432526139468,0.004455756461601078,0.03951332937209245,0.0023876615523598195,1.0000000000000002,0,0.954068811655587,0.00469261878636611,0.03911075328871327,0.0021278162693337734,1.0,0,0.9599055692009695,0.00035317827614538266,0.03927492776680048,0.00046632475608471177,1.0,0
2023-04-25,0,0,0.94901,0.0,0.05099,0.0,1.0,0,0.9277019943847774,0.000650378289816136,0.07116742726318401,0.00048020006222255823,1.0000000000000002,0,0.9501261934320276,0.004356845263218556,0.04266619926404822,0.002850762040705539,1.0,0,0.9494406573928104,0.004608894062200242,0.043296768281008965,0.002653680263980511,1.0,0,0.9702667229873101,0.00025886905038486566,0.029150338321909622,0.0003240696403954226,1.0,0
2023-04-26,0,0,0.94901,0.0,0.05099,0.0,1.0,0,0.9517271635382112,4.563622470224649e-05,0.04797645652021252,0.0002507437168740385,1.0,0,0.9535796324118627,0.0028931205105339553,0.04020859791856344,0.003318649159039923,1.0,0,0.9530354473212016,0.0027698624729857874,0.04071683809322171,0.003477852112590925,1.0,0,0.9464684374176697,0.00047693862026336513,0.052391188992457385,0.0006634349696094672,1.0,0
2023-04-27,0,2,0.94901,0.0,0.05099,0.0,1.0,0,0.9650641277929384,6.518997054813148e-05,0.03471019773902364,0.00016048449748981577,1.0,0,0.9603002012842218,0.0028275812786031393,0.034421166284779835,0.002451051152395154,1.0,0,0.9608105575552204,0.002786802374838317,0.03395332636292507,0.0024493137070162136,0.9999999999999999,0,0.9447935271034044,0.0004924616665497354,0.054025134483037335,0.0006888767470086783,1.0,0
2023-04-28,2,2,0.07792,0.00339,0.91292,0.00577,1.0,2,0.0850037737331638,0.0056616693341990055,0.9017725809075493,0.007561976025087822,0.9999999999999999,2,0.2724405195789093,0.06473599426186367,0.638377596944477,0.024445889214749935,0.9999999999999999,2,0.2754352845457638,0.06898151448050599,0.6341715758273668,0.02141162514636329,0.9999999999999999,2,0.08869446249160394,0.0011494624617015173,0.9043148264490186,0.005841248597675777,0.9999999999999998,2
2023-05-01,2,1,0.07792,0.00339,0.91292,0.00577,1.0,2,0.11302184299607484,5.833143750386869e-05,0.8833287985717346,0.003591026994686777,1.0000000000000002,2,0.18030165544122984,0.023809349352190878,0.7637841242409825,0.0321048709655968,1.0,2,0.17916718150757396,0.021855553380922144,0.7629450941954787,0.03603217091602521,1.0,2,0.1165707054542941,0.0011236811482572926,0.877101669820884,0.005203943576564646,1.0,2
2023-05-02,1,2,0.0,0.93688,0.03148,0.03164,1.0,1,0.00035248238000179814,0.9914599499798528,0.005217754638358209,0.002969813001787203,1.0,1,0.2797558190624847,0.37363871756585665,0.2859453936976054,0.06066006967405329,1.0,1,0.27133163092492063,0.39157811092471,0.28155085935059926,0.05553939879977013,1.0,1,0.0019041263376016742,0.9538607343796128,0.022602401363317162,0.021632737919468223,0.9999999999999998,1
2023-05-03,2,2,0.07792,0.00339,0.91292,0.00577,1.0,2,0.07536441001111778,0.0015191991759000037,0.9173786049755318,0.0057377858374503595,0.9999999999999999,2,0.24997975558916263,0.05304085996767403,0.6673692752436432,0.029610109199520156,1.0,2,0.2486908342764356,0.052311032059735356,0.6722514849732766,0.02674664869055249,1.0,2,0.052136181595484145,0.00122248886488208,0.9397873883123329,0.006853941227300856,1.0,2
2023-05-04,2,2,0.07792,0.00339,0.91292,0.00577,1.0,2,0.09491713524809253,0.00039368485013722965,0.9009193136326683,0.003769866269101917,1.0,2,0.18282005228904594,0.029254017119512237,0.7629714595478463,0.024954471043595383,0.9999999999999998,2,0.18204190494449832,0.027496138129024544,0.7658926645541742,0.02456929237230292,0.9999999999999999,2,0.06760739439259202,0.0012140708834895565,0.9249451864508587,0.006233348273059774,1.0,2
2023-05-05,2,2,0.07792,0.00339,0.91292,0.00577,1.0,2,0.12521240979573167,0.0014562541250105194,0.8695933858538092,0.003737950225448622,1.0,2,0.160087198755113,0.02769862754475024,0.7963003824506006,0.01591379124953609,1.0,2,0.16366730962580708,0.028646018369088123,0.7927146210066467,0.0149720509984579,0.9999999999999998,2,0.08991401089491544,0.001194795023352773,0.903305486820409,0.0055857072613226975,0.9999999999999999,2
2023-05-08,2,0,0.07792,0.00339,0.91292,0.00577,1.0,2,0.10745278850358791,0.00039376708112577895,0.8885377243252661,0.0036157200900200346,0.9999999999999998,2,0.12097376375680335,0.01747716292679289,0.8452032114095394,0.016345861906864476,1.0,2,0.12153260575548094,0.016750790291778842,0.8452576635573825,0.016458940395357734,1.0,2,0.13908333509139864,0.001131370131077128,0.8551182058171232,0.0046670889604011456,1.0000000000000002,2
2023-05-09,0,2,0.94901,0.0,0.05099,0.0,1.0,0,0.9446911674548466,0.00013853326254443146,0.054856695210330014,0.00031360407227900536,1.0,0,0.7425268043807857,0.03831403793748172,0.19472704928547263,0.024432108396260088,1.0,0,0.7432781297857456,0.0362604101034919,0.19687124868280131,0.02359021142796118,1.0,0,0.9712768745827709,0.00024973791384135067,0.02816265789087988,0.0003107296125077693,0.9999999999999999,0
2023-05-10,2,2,0.07792,0.00339,0.91292,0.00577,1.0,2,0.0832434848582838,0.00269016514217845,0.9063052610386603,0.007761088960877445,1.0,2,0.25891990836934764,0.057667779056271976,0.6561007477069841,0.02731156486739631,1.0,2,0.259426116329496,0.058515134318354575,0.6576886282676755,0.024370121084473943,1.0,2,0.09444844060285298,0.0011391180954725666,0.89869233781283,0.00572010348884443,1.0,2
2023-05-11,2,0,0.07792,0.00339,0.91292,0.00577,1.0,2,0.06519868805612793,0.0016034766173701894,0.924542063162484,0.008655772164017856,0.9999999999999999,2,0.17509141571611256,0.03602293224394015,0.7647556611988453,0.024129990841101928,0.9999999999999999,2,0.17395823817129497,0.03633018096579991,0.7669024518182537,0.02280912904465143,0.9999999999999999,2,0.07743963184791308,0.0011944194798914666,0.915386175543414,0.0059797731287816016,1.0,2
2023-05-12,0,2,0.94901,0.0,0.05099,0.0,1.0,0,0.9456821049087344,7.863310024201731e-05,0.05391675282519611,0.0003225091658272113,0.9999999999999998,0,0.7390903117527576,0.036035326929967526,0.19727227438770267,0.027602086929572306,1.0000000000000002,0,0.7387763828755027,0.03369950280900272,0.1995437114557243,0.027980402859770267,0.9999999999999999,0,0.9386145513806166,0.0005498926143660605,0.060051295812395815,0.0007842601926214318,0.9999999999999999,0
2023-05-15,2,2,0.07792,0.00339,0.91292,0.00577,1.0,2,0.12357622970568469,0.0005681413784281045,0.8719290862978734,0.003926542618013794,1.0,2,0.2677141570979314,0.04609954032351744,0.6540343841835231,0.032151918395028165,1.0,2,0.26882345031009264,0.044224096173138716,0.6551418715739877,0.03181058194278098,1.0,2,0.07977110801722523,0.0011659818508077298,0.9130183691832436,0.006044540948723359,0.9999999999999999,2
2023-05-16,2,0,0.07792,0.00339,0.91292,0.00577,1.0,2,0.0812671743796836,0.0004978708166264428,0.9113250823268553,0.006909872476834673,1.0,2,0.17594525912547174,0.02943285460464788,0.7673752884746542,0.027246597795226157,1.0,2,0.17388451305716723,0.027650267638045265,0.7709008622715702,0.02756435703321724,0.9999999999999999,2,0.11958436812218268,0.001118577587886072,0.8741425080670121,0.005154546222919269,1.0000000000000002,2
2023-05-17,0,0,0.94901,0.0,0.05099,0.0,1.0,0,0.9553695171927421,0.00019785932760561719,0.04424445010887269,0.0001881733707795276,0.9999999999999999,0,0.7554760873591156,0.041209185970612544,0.1822167222990773,0.021098004371194468,0.9999999999999999,0,0.7587009447249442,0.040653066429279495,0.18092036964256242,0.01972561920321375,0.9999999999999998,0,0.9527617336190749,0.00041879549219022056,0.04624996022832734,0.0005695106604076138,1.0000000000000002,0
2023-05-18,0,0,0.94901,0.0,0.05099,0.0,1.0,0,0.9493743765597544,7.74215582527816e-05,0.0502364664887345,0.00031173539325819147,0.9999999999999999,0,0.8159570084956959,0.023093026058833063,0.14276657626951764,0.018183389175953368,0.9999999999999999,0,0.8163072179723048,0.021986219427921543,0.14321532311534346,0.018491239484430065,0.9999999999999999,0,0.9717352843209899,0.00024559833641077036,0.027714407592640808,0.00030470974995886976,1.0000000000000002,0
2023-05-19,0,0,0.94901,0.0,0.05099,0.0,1.0,0,0.9482698868645936,9.947051910585834e-05,0.05132268030771497,0.00030796230858580464,1.0000000000000002,0,0.8557872531683162,0.016712336033356506,0.11515229655191413,0.012348114246413052,0.9999999999999999,0,0.8561118277873703,0.015770098591511256,0.11604875826055058,0.012069315360567752,0.9999999999999999,0,0.9527120070487147,0.00041925372501113947,0.04629849713379149,0.0005702420924825735,1.0,0
2023-05-22,0,0,0.94901,0.0,0.05099,0.0,1.0,0,0.9499871720846297,0.00015107869611323,0.04958974782811804,0.00027200139113911227,1.0,0,0.8819217739822701,0.01359447856734622,0.0953679248406826,0.00911582260970111,1.0,0,0.8825661123442206,0.013095269833519668,0.09565185655766426,0.008686761264595532,1.0,0,0.9611921467841262,0.00034140864999473205,0.03801828499026584,0.00044815957561311707,1.0,0
2023-05-23,0,0,0.94901,0.0,0.05099,0.0,1.0,0,0.9433852927405084,0.0002646681399195961,0.056084896161843055,0.0002651429577288484,0.9999999999999999,0,0.8946603940684431,0.011908270870894955,0.08581037346620349,0.007620961594458493,1.0,0,0.8944034835917747,0.011743870518637038,0.08671296417230043,0.007139681717287854,1.0,0,0.9651446692192829,0.00030535092430431686,0.03415676792162553,0.00039321193478731323,1.0,0
2023-05-24,0,0,0.94901,0.0,0.05099,0.0,1.0,0,0.9467118802704368,0.00011901540355329439,0.052837892884443,0.000331211441566919,1.0,0,0.908316620052242,0.008807328800664496,0.07563467245413426,0.007241378692959127,0.9999999999999999,0,0.9080333045433956,0.008431547418977996,0.07627699204745117,0.007258155990175143,0.9999999999999999,0,0.9654498062799631,0.0003025738085986429,0.03385859420016109,0.0003890257112771763,1.0,0
2023-05-25,0,0,0.94901,0.0,0.05099,0.0,1.0,0,0.94360831617511,0.00010336445828178457,0.05577960796894722,0.0005087113976608661,0.9999999999999998,0,0.9155788917312045,0.007709157880303503,0.06959247685868591,0.007119473529805888,0.9999999999999998,0,0.9152087626501303,0.007511659162569856,0.0698887406097594,0.007390837577540365,0.9999999999999999,0,0.9661608279682347,0.00029610645850315724,0.033163762423076226,0.0003793031501859246,1.0,0
2023-05-26,0,0,0.94901,0.0,0.05099,0.0,1.0,0,0.9580875618342413,0.00032384133294752524,0.04137791273351013,0.00021068409930106454,0.9999999999999999,0,0.9313591643522025,0.007671280319948336,0.05681251740486651,0.004157037922982492,0.9999999999999998,0,0.9325118574514816,0.007848865789760955,0.055826495408036504,0.0038127813507207934,0.9999999999999999,0,0.9415382482136284,0.0005226866706897004,0.05720023082429121,0.0007388342913906866,0.9999999999999999,0
2023-05-30,0,0,0.94901,0.0,0.05099,0.0,1.0,0,0.9249689196519743,0.0007212480817006546,0.07379244185240583,0.0005173904139192166,1.0,0,0.9272098399780323,0.00811865885926669,0.060123112465150196,0.004548388697550697,0.9999999999999999,0,0.9269695290459041,0.00871521570650787,0.06018757578343285,0.004127679464155189,1.0,0,0.9743744911498301,0.00022181834411776907,0.02513321254545399,0.0002704779605982625,1.0,0
2023-05-31,0,0,0.94901,0.0,0.05099,0.0,1.0,0,0.9357234572080508,0.00039862244356810966,0.06334662740220857,0.0005312929461725774,1.0,0,0.9329374590877788,0.00631961045989642,0.0561076642400866,0.004635266212238288,1.0,0,0.9323830221806595,0.006427934539031668,0.056653941983254234,0.004535101297054676,1.0,0,0.9328908212138728,0.0006033083340534687,0.06563121762499866,0.0008746528270749473,0.9999999999999999,0
2023-06-01,0,0,0.94901,0.0,0.05099,0.0,1.0,0,0.9587276663982103,0.0003547398758546913,0.04075762454254212,0.00015996918339284067,1.0,0,0.9453118784856699,0.0056782334355969044,0.04607416731395097,0.0029357207647823574,1.0000000000000002,0,0.9463107713718879,0.005857387827559721,0.045223551514643294,0.0026082892859090453,1.0,0,0.9534772027337282,0.00041220458938496114,0.04555158639344397,0.000559006283442831,0.9999999999999999,0
2023-06-02,0,0,0.94901,0.0,0.05099,0.0,1.0,0,0.9620891640375113,8.109955969155081e-05,0.03768257144391164,0.00014716495888545972,1.0,0,0.9495871984134372,0.004286770467212368,0.043105077893455135,0.0030209532258951934,0.9999999999999999,0,0.9507086943017364,0.004203735376039843,0.04222842037088102,0.002859149951342631,0.9999999999999999,0,0.9748659993967677,0.00021740007901816682,0.02465241474203896,0.00026418578217490347,0.9999999999999997,0
2023-06-05,0,0,0.94901,0.0,0.05099,0.0,1.0,0,0.9530558657996898,0.00017041651890440735,0.04659214532351977,0.00018157235788601302,0.9999999999999999,0,0.947570956993245,0.004378712303486659,0.044913163834630086,0.0031371668686384696,1.0000000000000002,0,0.9477964517693195,0.004328507949398971,0.04493845914967586,0.0029365811316056593,1.0,0,0.9722015059377282,0.0002413909342130009,0.02725849377224226,0.00029860935581640545,0.9999999999999999,0
2023-06-06,0,0,0.94901,0.0,0.05099,0.0,1.0,0,0.9487117707960796,0.0003072173812263453,0.0507177054519842,0.000263306370709653,0.9999999999999998,0,0.9505047637327353,0.004329613935783542,0.042232526047795926,0.002933096283685218,1.0,0,0.9507998107636318,0.004401227279884793,0.042035610335859216,0.0027633516206241318,1.0,0,0.964032173967228,0.00031548412973809737,0.03524379850589174,0.0004085433971421695,1.0,0
2023-06-07,0,0,0.94901,0.0,0.05099,0.0,1.0,0,0.9591178823729632,3.974949302834408e-05,0.04067439972563858,0.0001679684083698242,1.0,0,0.95264130017788,0.0031459678731064625,0.040985078220193046,0.0032276537288207213,1.0000000000000002,0,0.9526172560642375,0.0029863971282993356,0.041080954368165244,0.0033153924392978645,1.0,0,0.9636666864808994,0.00031881593762866635,0.03560089400663665,0.00041360357483549075,1.0000000000000002,0
2023-06-08,0,0,0.94901,0.0,0.05099,0.0,1.0,0,0.9519151687618522,0.0005680698615342098,0.04728681279731431,0.0002299485792992239,1.0,0,0.9551585059618175,0.004195310978761135,0.03825215087085468,0.0023940321885665963,0.9999999999999999,0,0.9555113967473686,0.004435593176469323,0.03787211508701333,0.002180894989148706,1.0,0,0.9660433132397851,0.00029717498511081035,0.03327860483417725,0.000380906940926883,1.0,0
2023-06-09,0,0,0.94901,0.0,0.05099,0.0,1.0,0,0.9501521576909185,0.00014192167749457207,0.04940885866704013,0.00029706196454681806,1.0,0,0.9557049003315127,0.0032217893487834492,0.03826177447874275,0.002811535840961018,1.0,0,0.9556797508766658,0.003180770593220345,0.038345245296216385,0.002794233233897724,1.0000000000000002,0,0.9642516670106588,0.00031348386577252944,0.035029339094732485,0.00040551002883622224,1.0,0
2023-06-12,0,0,0.94901,0.0,0.05099,0.0,1.0,0,0.950669070122571,0.000191086289651902,0.04886121203630056,0.00027863155147641845,0.9999999999999999,0,0.9573703867806905,0.0032761367012286787,0.03681937999349245,0.0025340965245883827,1.0000000000000002,0,0.9575011066527336,0.00332137950825144,0.036743763718741815,0.0024337501202733925,1.0000000000000002,0,0.9572765159492611,0.00037727567682130413,0.04184235725017259,0.0005038511237450734,1.0000000000000002,0
2023-06-13,0,0,0.94901,0.0,0.05099,0.0,1.0,0,0.9651927774038841,8.05383238447346e-05,0.03458946518075405,0.00013721909151704666,0.9999999999999999,0,0.9628223411802229,0.0026719284923103024,0.03243302574760755,0.0020727045798590716,0.9999999999999999,0,0.9634417490778093,0.0026307936980271315,0.031925195803375626,0.002002261420787883,0.9999999999999999,0,0.9462301282969524,0.0004791460611182305,0.05262368185965003,0.0006670437822795256,1.0000000000000002,0
2023-06-14,0,0,0.94901,0.0,0.05099,0.0,1.0,0,0.9506637174084724,0.0003702178500008055,0.04870600340727854,0.00026006133424832765,1.0,0,0.9608205728405815,0.003129031191826356,0.03392924995094343,0.0021211460166487375,1.0000000000000002,0,0.9609473836053968,0.003229288268203256,0.03383584358213574,0.0019874845442641193,0.9999999999999999,0,0.9754079653283909,0.00021253217906692736,0.024122223590912782,0.0002572789016293694,1.0,0
2023-06-15,0,0,0.94901,0.0,0.05099,0.0,1.0,0,0.9650427216845736,0.0007109318713886438,0.03415403106651853,9.231537751913798e-05,0.9999999999999999,0,0.9663881795440386,0.003331271609601726,0.02892033797689278,0.0013602108694670387,1.0,0,0.9671722712702068,0.003667111266736348,0.02802243645429004,0.001138181008766763,0.9999999999999999,0,0.9613155232230698,0.00034028081571207876,0.03789777129931799,0.00044642466190022816,1.0,0
2023-06-16,0,0,0.94901,0.0,0.05099,0.0,1.0,0,0.9605690023741874,0.00014686847871418486,0.03908769668318364,0.00019643246391477272,1.0,0,0.9649165295881876,0.002451425003582207,0.03076493492653595,0.0018671104816943055,1.0000000000000002,0,0.9651437325689102,0.0024292613904050913,0.03063699641664874,0.0017900096240360173,1.0,0,0.9799025113521337,0.0001723337280597113,0.0197238169990324,0.00020133792077429755,1.0,0
2023-06-20,0,0,0.94901,0.0,0.05099,0.0,1.0,0,0.9482210840034733,0.00027626662350490434,0.05118438872648528,0.0003182606465367585,1.0000000000000002,0,0.9624265543233973,0.0026667869770920223,0.03277084711284796,0.002135811586662594,0.9999999999999998,0,0.9621197761800526,0.0027271097833248886,0.033082960692079964,0.002070153344542619,1.0,0,0.9746691457771178,0.00021916923098709885,0.024844982346274143,0.0002667026456210145,1.0000000000000002,0
2023-06-21,0,0,0.94901,0.0,0.05099,0.0,1.0,0,0.9587825041215317,0.0002529685196829395,0.0407906331414415,0.0001738942173440039,1.0,0,0.9668422117907957,0.0024296370090147647,0.029083942233701313,0.0016442089664882053,1.0,0,0.9670739855307631,0.0024735550990689662,0.02892194829088635,0.0015305110792816661,1.0,0,0.9501482079163175,0.00044290541190708977,0.04880069837052959,0.0006081883012458162,1.0,0
2023-06-22,0,0,0.94901,0.0,0.05099,0.0,1.0,0,0.9583330007508069,3.247692516302577e-05,0.041437043422786174,0.00019747890124386655,1.0,0,0.9649355870563775,0.0019197548079518839,0.03080368374785046,0.0023409743878200578,1.0,0,0.9646881733155229,0.0018566056182609935,0.03097834214521373,0.002476878921002292,1.0,0,0.9749267881491949,0.00021685387159434152,0.024592948536933844,0.0002634094422771065,1.0000000000000002,0
2023-06-23,0,0,0.94901,0.0,0.05099,0.0,1.0,0,0.9454876914696624,0.00032708374481978775,0.05383349435666577,0.00035173042885190545,0.9999999999999999,0,0.9652398493705451,0.002401090536475951,0.030436634483179154,0.0019224256097997885,1.0,0,0.9649045773156444,0.002477120366357952,0.030753503846211172,0.0018647984717865993,1.0,0,0.9396875165472828,0.0005399019311321704,0.05900505221429446,0.0007675293072905395,0.9999999999999999,0
2023-06-26,0,0,0.94901,0.0,0.05099,0.0,1.0,0,0.9566442755638053,0.00018788791935193052,0.04295531119253838,0.00021252532430432607,1.0,0,0.9681203188199945,0.002102740748073083,0.028150733384228025,0.0016262070477044085,1.0,0,0.9681360901715895,0.0021007239783308353,0.02822605021250591,0.001537135637573463,0.9999999999999998,0,0.9502657721424072,0.0004418197469892967,0.04868596982323348,0.0006064382873699782,0.9999999999999999,0
2023-06-27,0,0,0.94901,0.0,0.05099,0.0,1.0,0,0.9587525593418997,9.124560195596856e-05,0.040893158421969104,0.0002630366341752566,1.0,0,0.968408346300911,0.00191235053215803,0.027798904494425892,0.001880398672505079,1.0,0,0.9684001240406925,0.0019077003355483292,0.027779896706007872,0.0019122789177512685,1.0,0,0.9639075390468342,0.00031662015854831124,0.035365573112255494,0.0004102676823618545,0.9999999999999999,0
2023-06-28,0,0,0.94901,0.0,0.05099,0.0,1.0,0,0.9590904340501828,0.0002595310479902269,0.040458408668024644,0.00019162623380250635,1.0000000000000002,0,0.9698250573450956,0.0020691525407906496,0.026638752776710916,0.0014670373374028275,1.0,0,0.9699183894442471,0.002112567803594328,0.02660392268927182,0.001365120062886684,1.0,0,0.9442582521926465,0.000497426707684664,0.05454727555541753,0.0006970455442513412,1.0,0
2023-06-29,0,0,0.94901,0.0,0.05099,0.0,1.0,0,0.9685609908344152,2.0783556710375865e-05,0.031271356503946336,0.00014686910492807086,1.0,0,0.970457310977183,0.0014784814372255462,0.026174293275992123,0.001889914309599415,1.0,0,0.970388838812118,0.0014101678628605763,0.026152937692544342,0.0020480556324770694,1.0,0,0.9635602217550828,0.0003197867295647101,0.03570491178700686,0.00041507972834565235,1.0,0
2023-06-30,0,0,0.94901,0.0,0.05099,0.0,1.0,0,0.9628759207295418,0.0006323343285646072,0.03634488631755594,0.00014685862433766589,1.0,0,0.9731358542340648,0.002198341066471905,0.023555656749710406,0.00111014794975273,0.9999999999999998,0,0.9736175724111003,0.0023879028103922584,0.023023154407221757,0.0009713703712859725,1.0000000000000002,0,0.9600646322015728,0.0003517223339725612,0.03911957371942709,0.0004640717450274845,0.9999999999999999,0
2023-07-03,0,0,0.94901,0.0,0.05099,0.0,1.0,0,0.9618311441245181,8.105077412005342e-05,0.03793537019329016,0.0001524349080717457,1.0,0,0.9714748512803139,0.001631586706333556,0.025366802506641608,0.0015267595067108939,0.9999999999999999,0,0.971499164286273,0.0016043694360232583,0.025400309629063953,0.0014961566486395713,0.9999999999999998,0,0.9713998183088152,0.0002486274372478189,0.02804244124093031,0.00030911301300674354,1.0000000000000002,0
2023-07-05,0,0,0.94901,0.0,0.05099,0.0,1.0,0,0.9685597942196242,5.924349736843668e-05,0.03126011555780567,0.0001208467252016495,1.0,0,0.9734179561829209,0.0014856865426136063,0.02368947437988404,0.0014068828945813924,0.9999999999999999,0,0.9735746042320021,0.0014553611879223845,0.023559215348046284,0.0014108192320290971,0.9999999999999999,0,0.9565021351558214,0.00038438508372000126,0.04259847392589387,0.0005150058345646799,0.9999999999999999,0
2023-07-06,0,0,0.94901,0.0,0.05099,0.0,1.0,0,0.9664275057773783,2.4375012322113808e-05,0.03335086564481043,0.00019725356548902588,0.9999999999999999,0,0.9708017438264809,0.0013244434179368973,0.02580500424366588,0.002068808511916367,1.0,0,0.9700987703271456,0.0012687927875287793,0.02622884611374737,0.0024035907715780976,0.9999999999999999,0,0.9738173870311313,0.00022683029343186124,0.02567814070116171,0.00027764197427527674,1.0000000000000002,0
2023-07-07,0,0,0.94901,0.0,0.05099,0.0,1.0,0,0.9694152331950951,8.724152506138314e-05,0.030376722447782133,0.00012080283206134438,1.0,0,0.9739190427281814,0.0014847833836075315,0.02329108455835186,0.0013050893298591647,1.0,0,0.9739781209851794,0.001464106479652858,0.02328070439190849,0.0012770681432593101,1.0,0,0.9589274918278909,0.0003621359286093435,0.04023014966508077,0.00048022257841876773,0.9999999999999998,0
2023-07-10,0,0,0.94901,0.0,0.05099,0.0,1.0,0,0.9647164799275526,0.00017966971670219228,0.034971242661063356,0.0001326076946819562,1.0000000000000002,0,0.974267512975836,0.0016091860088170845,0.022942882398117877,0.0011804186172288996,1.0,0,0.9744281965241312,0.001632845621147872,0.022846795367403645,0.001092162487317422,1.0,0,0.9714763984808061,0.00024793582996885294,0.02796755886201999,0.0003081068272049861,0.9999999999999999,0
2023-07-11,0,0,0.94901,0.0,0.05099,0.0,1.0,0,0.9653087024233633,0.00030484728028587694,0.034239253253430225,0.0001471970429204464,0.9999999999999999,0,0.9763340905171011,0.0016338012871228264,0.021069968402145086,0.0009621397936311588,1.0000000000000002,0,0.9767592604488652,0.001699023858641053,0.020686697113951658,0.0008550185785419342,0.9999999999999999,0,0.963229246922616,0.00032280542563210726,0.03602827273679565,0.00041967491495617656,1.0,0
2023-07-12,0,0,0.94901,0.0,0.05099,0.0,1.0,0,0.9643346686126922,0.0006974716677190419,0.03489946078991755,6.839892967128913e-05,1.0000000000000002,0,0.9765985527138373,0.0019026304186246224,0.02070970311139032,0.0007891137561476954,0.9999999999999999,0,0.9770876514799278,0.0021000480257306227,0.020182161689117423,0.0006301388052240879,1.0,0,0.9735273181781413,0.0002294415464569972,0.02596185486643703,0.0002813854089647727,1.0,0
2023-07-13,0,0,0.94901,0.0,0.05099,0.0,1.0,0,0.9657199219064734,0.0005593031710816706,0.033627144042536264,9.363087990879029e-05,1.0000000000000002,0,0.9775008404620834,0.0017345066428883988,0.019968093333663964,0.0007965595613642981,1.0000000000000002,0,0.9780090217283544,0.00188168115728897,0.019447324556734133,0.0006619725576225543,1.0,0,0.9691479632547627,0.0002689962598250977,0.030244079201525106,0.0003389612838868864,0.9999999999999998,0
2023-07-14,0,0,0.94901,0.0,0.05099,0.0,1.0,0,0.9632957871755683,6.803460159611095e-05,0.03643642621112033,0.00019975201171531427,1.0,0,0.9752694837513669,0.001254706414394828,0.0221029765822051,0.0013728332520330337,0.9999999999999999,0,0.9751773786162107,0.0012304738132441798,0.022172135477299935,0.0014200120932451466,0.9999999999999999,0,0.9741391470040639,0.00022393508389520472,0.025363417702615635,0.0002735002094250999,0.9999999999999998,0
2023-07-17,0,0,0.94901,0.0,0.05099,0.0,1.0,0,0.9642211530299489,0.00011846126121054536,0.03552867343763518,0.0001317122712052379,0.9999999999999999,0,0.9755680408444314,0.0013706565251348248,0.021829766896102793,0.0012315357343308595,0.9999999999999999,0,0.9755832745640445,0.0013897249481021497,0.02182803273273719,0.0011989677551161259,0.9999999999999999,0,0.9593171260320615,0.0003585664512098101,0.03984963042456046,0.00047467709216829585,1.0,0
2023-07-18,0,0,0.94901,0.0,0.05099,0.0,1.0,0,0.968715431661626,0.0002640113560535221,0.030888099099501687,0.0001324578828188652,1.0,0,0.9781189058380493,0.0014209378037519339,0.01955039278938903,0.0009097635688097636,1.0,0,0.9784721707362446,0.0014799870116307102,0.019216725580368226,0.0008311166717564418,0.9999999999999999,0,0.9516815793385581,0.00042875355193759505,0.04730422904161116,0.0005854380678931001,1.0,0
2023-07-19,0,2,0.94901,0.0,0.05099,0.0,1.0,0,0.9641844100774395,0.0004731325903141386,0.035181516934212224,0.00016094039803403202,0.9999999999999999,0,0.9773736743531688,0.0015268189191269287,0.02014089797316864,0.0009586087545355375,1.0,0,0.9775573357815484,0.0016337048103507023,0.01993030028322824,0.0008786591248728941,1.0000000000000002,0,0.9739507576847667,0.00022563004782609746,0.025547688434604917,0.00027592383280230235,0.9999999999999999,0
2023-07-20,2,0,0.07792,0.00339,0.91292,0.00577,1.0,2,0.10764185223386215,0.00030742389584328023,0.8885404448801836,0.0035102789901108743,0.9999999999999999,2,0.2570794985774531,0.042255311024246824,0.6653139731026577,0.03535121729564242,1.0000000000000002,2,0.2559065990090849,0.03937805937898572,0.6690713685257849,0.035643973086144455,0.9999999999999999,2,0.1050849673686053,0.00112052790503011,0.8882814669386261,0.005513037787738703,1.0000000000000002,2
2023-07-21,0,0,0.94901,0.0,0.05099,0.0,1.0,0,0.9461141328213637,0.00025428052055966727,0.05334386625783786,0.0002877204002387975,1.0,0,0.7475305102004016,0.04165133043868942,0.1893274816905243,0.021490677670384598,0.9999999999999999,0,0.7496293708383103,0.04051808740812336,0.1900547808067303,0.01979776094683592,0.9999999999999999,0,0.9660161385589787,0.00029742209741302484,0.03330516135801531,0.0003812779855929842,1.0,0
2023-07-24,0,0,0.94901,0.0,0.05099,0.0,1.0,0,0.9558568211628452,0.00019910876860188386,0.04379670878520801,0.00014736128334489788,1.0,0,0.8278087588227145,0.025912858757446616,0.13334567127293814,0.012932711146900653,1.0,0,0.8305174154321028,0.025577444002585194,0.13221745382483183,0.011687686740480027,0.9999999999999999,0,0.9681079997603815,0.00027842326838703756,0.03126066504775416,0.0003529119234774962,1.0000000000000002,0
2023-07-25,0,0,0.94901,0.0,0.05099,0.0,1.0,0,0.9505238712791637,0.0001849230404464853,0.049005507402284626,0.00028569827810537,1.0000000000000002,0,0.8593555579880697,0.01800222417691647,0.11145525467532177,0.011186963159691917,0.9999999999999999,0,0.8604308752560657,0.01747218589103717,0.11146587613425751,0.010631062718639735,1.0,0,0.9759773811853009,0.00020742226628241002,0.023565138484712356,0.0002500580637043202,1.0,0
2023-07-26,0,2,0.94901,0.0,0.05099,0.0,1.0,0,0.9428939234868035,0.00021501375536181228,0.05653444339594754,0.0003566193618871117,1.0,0,0.8790095306883895,0.014346915143613212,0.09744320914350027,0.00920034502449702,1.0,0,0.8793345181161208,0.013987937500545637,0.09804407245185603,0.008633471931477585,1.0,0,0.9679114084122354,0.0002802067033254086,0.0314528243110037,0.000355560573435462,1.0,0
2023-07-27,2,2,0.07792,0.00339,0.91292,0.00577,1.0,2,0.10464681525203046,0.00015112282476841663,0.8897635382894393,0.005438523633761842,1.0,2,0.2588750485520264,0.03851710931401548,0.6659998349450025,0.03660800718895559,1.0,2,0.25778445108292014,0.03486116816839043,0.6693464084664283,0.038007972282261084,1.0,2,0.07852542263949511,0.0011683399596044747,0.9142316156718625,0.006074621729037927,1.0,2
2023-07-28,2,0,0.07792,0.00339,0.91292,0.00577,1.0,2,0.09673396752866205,0.0022623195342083213,0.8965929310676057,0.004410781869523862,0.9999999999999999,2,0.19188777305710714,0.038546850972125665,0.7500025173897997,0.01956285858096751,1.0,2,0.1938568425568153,0.0393938157276654,0.7493403814891427,0.017408960226376613,1.0,2,0.0918913788838147,0.0011671464718163783,0.9012833508030098,0.005658123841359056,1.0,2
2023-07-31,0,0,0.94901,0.0,0.05099,0.0,1.0,0,0.9431408238910091,0.0003166033975890439,0.05623999055553552,0.00030258215586636563,1.0,0,0.7472069111942266,0.043003173509209985,0.189011233293018,0.02077868200354551,1.0000000000000002,0,0.7495197446267916,0.04220819868797926,0.1895039949232973,0.01876806176193175,0.9999999999999999,0,0.9654958137828086,0.00030215516936955963,0.03381363580723249,0.00038839524058931847,1.0,0
2023-08-01,0,2,0.94901,0.0,0.05099,0.0,1.0,0,0.9520007505070891,3.0494001146230422e-05,0.0476843694862187,0.0002843860055460808,1.0,0,0.8115691670183697,0.02048843993090647,0.14683213812830725,0.021110254922416576,0.9999999999999999,0,0.8096951319227138,0.018892555043844177,0.148392482001997,0.023019831031445042,0.9999999999999999,0,0.9659072297543543,0.00029841253589879595,0.0334115920138691,0.00038276569587799956,1.0000000000000002,0
2023-08-02,2,2,0.07792,0.00339,0.91292,0.00577,1.0,2,0.0883066350154095,0.00022403388420187199,0.9046410666912801,0.006828264409108583,1.0,2,0.23801894054479147,0.03916220605896608,0.680238869434331,0.04257998396191143,1.0,2,0.23261029049422985,0.03550603785623231,0.6864665669547214,0.04541710469481648,1.0,2,0.08080928106294046,0.0011640269185869039,0.9120068802933113,0.0060198117251613085,1.0,2
2023-08-03,2,2,0.07792,0.00339,0.91292,0.00577,1.0,2,0.12510811362886878,0.00014120133358636034,0.8703599372876393,0.00439074774990561,1.0,2,0.18663744262120124,0.02583342003737137,0.7599049257597992,0.027624211581628196,1.0,2,0.18621431788657158,0.02375855059988629,0.7605265988845474,0.02950053262899456,0.9999999999999999,2,0.061247807874580514,0.0012273982071604188,0.9311073732374668,0.0064174206807923115,1.0,2
2023-08-04,2,2,0.07792,0.00339,0.91292,0.00577,1.0,2,0.07443423340200765,0.007200342018964732,0.9141829001539562,0.004182524425071281,0.9999999999999999,2,0.14553673119207347,0.03429177790494415,0.8063055715032313,0.013865919399751033,1.0,2,0.1466197440832384,0.037462852224146526,0.8043122691976818,0.011605134494933195,0.9999999999999999,2,0.10501671872805995,0.0011670757840434602,0.8885193686867368,0.0052968368011599,1.0,2
2023-08-07,2,2,0.07792,0.00339,0.91292,0.00577,1.0,2,0.10146327210474747,0.0005199368150039459,0.8945512798278348,0.003465511252413849,1.0,2,0.11956056485848272,0.01846591784599767,0.8464274035222378,0.015546113773281729,0.9999999999999999,2,0.1202659263729718,0.017897413275500634,0.8468448761161617,0.014991784235365966,1.0,2,0.09672554487581207,0.0012063551106986565,0.8967263640193882,0.005341735994100979,0.9999999999999999,2
2023-08-08,2,2,0.07792,0.00339,0.91292,0.00577,1.0,2,0.06854612428909128,0.002944740404735552,0.9205755865877645,0.007933548718408588,0.9999999999999999,2,0.09977310519289383,0.01859836947751195,0.8692231865592179,0.01240533877037642,1.0000000000000002,2,0.09990300220619089,0.019074593391058964,0.869445255887376,0.011577148515374055,0.9999999999999999,2,0.07330261056704734,0.0012780898174072199,0.9196929967266799,0.005726302888865454,0.9999999999999999,2
2023-08-09,2,2,0.07792,0.00339,0.91292,0.00577,1.0,2,0.07346227904614072,0.0018930897430905575,0.9177704648044351,0.006874166406333614,1.0,2,0.0870920287499843,0.014679381895494559,0.8870740254869367,0.011154563867584493,1.0,2,0.08699635240272412,0.014639388472948241,0.8878183516792774,0.01054590744505026,1.0,2,0.0851278089098946,0.001279483305364869,0.9082391099624956,0.005353597822244901,0.9999999999999999,2
2023-08-10,2,2,0.07792,0.00339,0.91292,0.00577,1.0,2,0.08771722843589841,0.00021583304248635175,0.9072112351574629,0.004855703364152391,1.0,2,0.07676269249494826,0.009768045676179758,0.9012786016614771,0.012190660167394987,1.0,2,0.07668713407836054,0.00913780738831605,0.9014918859618354,0.012683172571487947,1.0,2,0.09069890913954527,0.0012942231690223586,0.9028679980961355,0.005138869595296968,1.0,2
2023-08-11,2,2,0.07792,0.00339,0.91292,0.00577,1.0,2,0.07839062962287886,0.0008114157799940439,0.9157636670046221,0.005034287592505068,1.0,2,0.06907231705288178,0.010112020341552305,0.9104013962678061,0.01041426633775971,0.9999999999999999,2,0.06897164045910334,0.009863565203240126,0.9107298718383888,0.010434922499267614,0.9999999999999999,2,0.06614820515415512,0.0013747454140970866,0.9269162768165484,0.005560772615199351,1.0,2
2023-08-14,2,2,0.07792,0.00339,0.91292,0.00577,1.0,2,0.07906991122718734,0.0009582783120329664,0.912469024379756,0.007502786081023576,0.9999999999999999,2,0.06274607235901018,0.009202529213331426,0.9181462414817296,0.009905156945928717,1.0,2,0.06263578128456462,0.009025568615701026,0.918197569824178,0.010141080275556345,1.0,2,0.07099011993054498,0.0013915053155437646,0.922282928349469,0.005335446404442119,0.9999999999999999,2
2023-08-15,2,2,0.07792,0.00339,0.91292,0.00577,1.0,2,0.06829000382639402,0.0004507189755617991,0.9226180705174342,0.008641206680609973,1.0,2,0.05360083905671329,0.007168416649714306,0.92869373901785,0.010537005275722511,1.0,2,0.0524315128588613,0.0066901871993149875,0.9295499101020664,0.011328389839757475,1.0000000000000002,2,0.06106651139226169,0.0014442971942593707,0.9320209311167845,0.005468260296694412,1.0,2
2023-08-16,2,0,0.07792,0.00339,0.91292,0.00577,1.0,2,0.0694469404608794,0.0004897372846792408,0.9245486203866741,0.005514701867767255,1.0,2,0.052581971577272325,0.006897060372736157,0.9318091185381839,0.008711849511807486,0.9999999999999999,2,0.0521337240668515,0.006535118352732646,0.9323987776689643,0.008932379911451653,1.0,2,0.05235586498502995,0.0014971182061141995,0.9405481547554808,0.005598862053375075,1.0,2
2023-08-17,0,0,0.94901,0.0,0.05099,0.0,1.0,0,0.9474005744488887,0.00012625231405331377,0.05219927348154479,0.00027389975551319695,0.9999999999999999,0,0.7405998924132707,0.037989733242190404,0.19618559032858313,0.02522478401595563,1.0,0,0.7405806637382484,0.03591509262766616,0.19880518053152688,0.02469906310255867,1.0,0,0.958654812440358,0.00036463478319584956,0.0404964422018826,0.00048411057456361093,1.0,0
2023-08-18,0,0,0.94901,0.0,0.05099,0.0,1.0,0,0.9454652890877787,0.0003232256730176791,0.05393144769338743,0.00028003754581628373,1.0,0,0.8184991835835064,0.027164585692544166,0.13982414841168847,0.014512082312260897,0.9999999999999999,0,0.8196784566399238,0.026906379647860693,0.14001020673902506,0.013404956973190461,1.0,0,0.9664752652749145,0.0002932481009927196,0.032856468671713816,0.0003750179523788146,0.9999999999999998,0
2023-08-21,0,0,0.94901,0.0,0.05099,0.0,1.0,0,0.9570811649656302,5.2215812486857837e-05,0.04267632397204572,0.00019029524983735918,1.0,0,0.857809752442898,0.015896149018034003,0.11331263565632217,0.012981462882745745,1.0,0,0.8583798673739604,0.015011919112657859,0.11348854966127649,0.01311966385210513,1.0,0,0.9676445817915973,0.0002826279914394745,0.031713628956586803,0.000359161260376279,0.9999999999999999,0
2023-08-22,0,2,0.94901,0.0,0.05099,0.0,1.0,0,0.9391799421031393,0.00042347304344177026,0.060042048422683326,0.00035453643073561365,1.0,0,0.8794783450533314,0.015531940488524316,0.09616540079301393,0.008824313665130335,1.0,0,0.8798304401052207,0.015624443206448426,0.09637710380703467,0.008168012881296344,1.0000000000000002,0,0.9605381981782588,0.0003473890529349267,0.03865703675607184,0.0004573760127345844,1.0000000000000002,0
2023-08-23,2,2,0.07792,0.00339,0.91292,0.00577,1.0,2,0.07710064570411877,0.013554508256516086,0.904070942263588,0.005273903775777079,0.9999999999999999,2,0.2685839360347613,0.07728501757089856,0.6323843687974966,0.02174667759684372,1.0000000000000002,2,0.27127032338707463,0.08832831762995935,0.6226410511174796,0.01776030786548654,1.0,2,0.09204786603950389,0.0011434070194309154,0.9010389382598455,0.0057697886812197305,1.0,2
2023-08-24,2,2,0.07792,0.00339,0.91292,0.00577,1.0,2,0.08232764406460823,0.0005016749875112832,0.9099845434106464,0.007186137537234132,1.0,2,0.17992377904919923,0.02919785071708158,0.766303531470757,0.02457483876296214,1.0,2,0.1780530131635017,0.027008374707602128,0.7708760468827711,0.02406256524612517,1.0000000000000002,2,0.09547183059474565,0.0011606270469282746,0.8977817494798909,0.005585792878435115,0.9999999999999999,2
2023-08-25,2,0,0.07792,0.00339,0.91292,0.00577,1.0,2,0.09513749394610875,0.0017243827221986867,0.8973394019256753,0.00579872140601724,1.0,2,0.1485414366609519,0.026799008352840745,0.8072389524358694,0.017420602550338053,1.0,2,0.14968445981783296,0.026954843288627812,0.8068562274122026,0.016504469481336697,1.0000000000000002,2,0.09016243631082853,0.0011943270686209206,0.9030626324996872,0.005580604120863265,0.9999999999999999,2
2023-08-28,0,0,0.94901,0.0,0.05099,0.0,1.0,0,0.946344363455576,0.00025945052831153324,0.05309336687117197,0.0003028191449404301,1.0,0,0.7465095923823399,0.0423450420552996,0.18964576724737345,0.02149959831498691,0.9999999999999999,0,0.7487491445057335,0.04140097656458569,0.19015774345019162,0.019692135479489115,1.0,0,0.9693700132819802,0.00026698504968655155,0.03002700571864383,0.0003359959496893979,1.0,0
2023-08-29,0,0,0.94901,0.0,0.05099,0.0,1.0,0,0.9460005292273096,0.0007756512527785396,0.052998603139998296,0.0002252163799134763,0.9999999999999999,0,0.8246553488795347,0.03153331546698367,0.13222582012203155,0.011585515531449913,0.9999999999999999,0,0.8270226105666502,0.03311883914355681,0.13004585445682287,0.009812695832970262,1.0000000000000002,0,0.9619974810636728,0.00033404937538971107,0.03723161205759634,0.00043685750334115583,1.0,0
2023-08-30,0,0,0.94901,0.0,0.05099,0.0,1.0,0,0.9469260808044235,0.00020321017613532993,0.05259359949073176,0.0002771095287095654,1.0000000000000002,0,0.8596219851412298,0.018299030074901152,0.111200351607473,0.010878633176395982,1.0,0,0.8610080440981855,0.017843866626452428,0.11101223563325198,0.010135853642110003,1.0,0,0.9670781231790806,0.0002877708789072511,0.03226727877256038,0.0003668271694518019,1.0000000000000002,0
2023-08-31,0,0,0.94901,0.0,0.05099,0.0,1.0,0,0.9446268392471336,0.000318607541083228,0.05474906546037468,0.0003054877514083387,1.0,0,0.8808484750197082,0.014938323665799363,0.0953541191763363,0.008859082138156407,1.0000000000000002,0,0.8813626903546472,0.014858456168753658,0.09549171537838468,0.00828713809821451,1.0,0,0.9650144333708511,0.0003065365234718589,0.03428402894874314,0.0003950011569337761,1.0,0
2023-09-01,0,0,0.94901,0.0,0.05099,0.0,1.0,0,0.9594681713902609,4.5819835288916176e-05,0.040330755794349755,0.00015525298010053842,1.0,0,0.9017888739126628,0.00962745337527804,0.08058038703198102,0.008003285680078208,1.0,0,0.9025994547003463,0.00914008548074232,0.08018697506932139,0.008073484749589865,0.9999999999999999,0,0.9661337440845194,0.0002963527111500244,0.033190230534764234,0.0003796726695665731,1.0000000000000002,0
2023-09-05,0,0,0.94901,0.0,0.05099,0.0,1.0,0,0.9583095877645436,5.070690114397919e-05,0.041488538909309355,0.00015116642500297953,0.9999999999999999,0,0.9099032229431389,0.00821093477206663,0.07454821599448964,0.007337626290304778,0.9999999999999999,0,0.9098611115458197,0.007795120422276777,0.0748627444763341,0.007481023555569426,1.0,0,0.9717504416130455,0.0002454615065671199,0.027699585811039377,0.0003045110693480401,1.0,0
2023-09-06,0,0,0.94901,0.0,0.05099,0.0,1.0,0,0.9443517671508292,0.0002093897891264181,0.055045173732906356,0.00039366932713788235,1.0,0,0.9156590446464989,0.008155068256588287,0.06954123978896837,0.006644647307944484,1.0,0,0.9149826553588768,0.008024928522953334,0.07024333083085348,0.006749085287316403,1.0,0,0.968749351804054,0.00027260810588955177,0.030633743749458413,0.00034429634059793415,0.9999999999999999,0
2023-09-07,0,0,0.94901,0.0,0.05099,0.0,1.0,0,0.9471911436089749,0.00026031146740949766,0.05231192669386468,0.00023661822975083217,0.9999999999999999,0,0.9253758200958876,0.007574942824530681,0.06232494029000427,0.004724296789577617,1.0,0,0.9256279321114503,0.00753281422142949,0.0625232398387377,0.0043160138283824395,1.0,0,0.96416593254088,0.00031426511510766584,0.03511310796896634,0.0004066943750460497,1.0000000000000002,0
2023-09-08,0,0,0.94901,0.0,0.05099,0.0,1.0,0,0.9482422203442136,0.00032266388665204063,0.051203911607090834,0.00023120416204361685,1.0,0,0.9332824538233574,0.006840916770339582,0.05584807005297016,0.004028559353332891,1.0,0,0.9338876217507752,0.006900281741828797,0.05555583003533224,0.003656266472063629,0.9999999999999999,0,0.9615305261593253,0.00033831573132017223,0.037687753836552144,0.00044340427280239347,1.0,0
2023-09-11,0,0,0.94901,0.0,0.05099,0.0,1.0,0,0.9595755940581017,0.00010761728782819105,0.040154351488928555,0.00016243716514151803,0.9999999999999999,0,0.9393333290836957,0.005373352379359608,0.05136014275476819,0.0039331757821766756,1.0000000000000002,0,0.9399941024411298,0.005247672892971346,0.050993711090181124,0.003764513575717588,0.9999999999999999,0,0.965998010443182,0.00029758694937124684,0.03332287706273956,0.0003815255447070747,0.9999999999999998,0
2023-09-12,0,0,0.94901,0.0,0.05099,0.0,1.0,0,0.9461314410384621,0.00031816904613017453,0.05325221199176413,0.00029817792364364724,1.0,0,0.9399860470746558,0.005513960156833881,0.050635726100969544,0.0038642666675407253,1.0,0,0.9399266926393477,0.005564620289105546,0.05079746480147969,0.0037112222700670674,1.0,0,0.968396479830195,0.00027580702917364677,0.030978681309642243,0.00034903183098936686,1.0000000000000002,0
2023-09-13,0,0,0.94901,0.0,0.05099,0.0,1.0,0,0.9528631962965439,0.0001961717652883428,0.0467267786317252,0.00021385330644246148,0.9999999999999999,0,0.9451177101034991,0.004795743523684001,0.0467507898091239,0.003335756563693127,1.0000000000000002,0,0.9454619053988697,0.0047597108617911,0.04664580343743379,0.0031325803019056505,1.0,0,0.9664126043987913,0.000293817627932902,0.03291770678061684,0.0003758711926588121,0.9999999999999999,0
2023-09-14,0,0,0.94901,0.0,0.05099,0.0,1.0,0,0.9612451990147213,0.00011033380864436211,0.03850162462201861,0.00014284255461587258,1.0,0,0.9510707162272005,0.004115069138748907,0.04200840941615484,0.0028058052178955985,0.9999999999999999,0,0.9519182159369801,0.004041512698974416,0.041433259690907207,0.002607011673138297,1.0,0,0.9650982101781683,0.0003057738429230187,0.034202165945732034,0.00039385003317647134,0.9999999999999999,0
2023-09-15,0,0,0.94901,0.0,0.05099,0.0,1.0,0,0.9490280566303132,8.852699194861702e-05,0.05057614201941781,0.0003072743583204259,1.0,0,0.9473944998977452,0.0036822695324621054,0.04528526068031937,0.0036379698894734155,1.0,0,0.9467207455510275,0.00352414558713664,0.04604240293704912,0.0037127059247866697,0.9999999999999999,0,0.9712845735763587,0.00024966836795075345,0.028155129722937818,0.0003106283327526616,0.9999999999999998,0
2023-09-18,0,0,0.94901,0.0,0.05099,0.0,1.0,0,0.9515848077256197,0.00030096857955304513,0.047857777404211606,0.0002564462906154467,0.9999999999999999,0,0.9520049677840563,0.004065931600273788,0.04108595751227915,0.0028431431033908256,1.0,0,0.9520875298285095,0.004133930339108799,0.04107614526928637,0.002702394563095486,1.0000000000000002,0,0.959799189920698,0.0003541521211029356,0.039378825292834416,0.0004678326653645537,0.9999999999999999,0
2023-09-19,0,0,0.94901,0.0,0.05099,0.0,1.0,0,0.9552059327826175,8.446088003247315e-05,0.04447651529328336,0.00023309104406693052,1.0000000000000002,0,0.9540416932766266,0.0032103607683038322,0.039792824537902914,0.00295512141716665,1.0,0,0.9539709542223681,0.0030946316201763925,0.03998282674480077,0.0029515874126549596,1.0000000000000002,0,0.9626678772691524,0.000327927945984919,0.036576704758898,0.0004274900259645574,0.9999999999999998,0
2023-09-20,0,2,0.94901,0.0,0.05099,0.0,1.0,0,0.9457259084074539,0.00019704070075101843,0.05365393124509176,0.00042311964670351296,1.0000000000000002,0,0.9547206239641478,0.0033044547005766345,0.03920781271171597,0.0027671086235596253,1.0,0,0.9543672506613832,0.003248941822142703,0.03966324122424112,0.002720566292232847,0.9999999999999999,0,0.961642688208854,0.0003372907669667294,0.037578190915144145,0.0004418301090352013,1.0,0
2023-09-21,2,2,0.07792,0.00339,0.91292,0.00577,1.0,2,0.10978224973600029,7.04638914980176e-05,0.8848453169247168,0.005301969447784861,0.9999999999999999,2,0.24282002185884294,0.034316921995928236,0.6784727873946647,0.04439026875056411,0.9999999999999999,2,0.23737023349349473,0.030218680218229762,0.6828845906628266,0.04952649562544894,1.0,2,0.08631736682210528,0.0011538029344184456,0.9066353808742739,0.005893449369202343,0.9999999999999999,2
2023-09-22,2,2,0.07792,0.00339,0.91292,0.00577,1.0,2,0.08210835642664924,0.0022835341793752875,0.9090432341010577,0.006564875292917812,1.0,2,0.18219486553235828,0.03722889940982436,0.7594297098200302,0.021146525237787026,0.9999999999999999,2,0.18185400718695935,0.0373822223018184,0.761555798624009,0.019207971887213078,0.9999999999999999,2,0.07628561476210137,0.0011966739345936582,0.9165098447944585,0.006007866508846404,1.0,2
2023-09-25,2,2,0.07792,0.00339,0.91292,0.00577,1.0,2,0.11694645170363048,0.00011261828048997405,0.8779162659647339,0.005024664051145571,0.9999999999999999,2,0.14323379848351775,0.01879615171139658,0.8152171844459681,0.02275286535911766,1.0,2,0.14299587482871448,0.017258252643405046,0.8152030501240802,0.024542822403800294,1.0,2,0.08139311011386194,0.0012111322364965049,0.9116264798315608,0.005769277818080832,1.0,2
2023-09-26,2,0,0.07792,0.00339,0.91292,0.00577,1.0,2,0.07920228338816328,0.0006188387060118885,0.9123743027622999,0.007804575143524985,1.0,2,0.11107463819781854,0.017243320680380116,0.8542640333231266,0.017418007798674792,1.0,2,0.10915420146522709,0.016096132154562792,0.8571883948234661,0.017561271556744088,1.0,2,0.07758560983437418,0.0012436246156454036,0.9154301273692513,0.005740638180729068,1.0,2
2023-09-27,0,2,0.94901,0.0,0.05099,0.0,1.0,0,0.9505135666032134,0.00011869354601016815,0.049146108116074234,0.0002216317347021771,0.9999999999999999,0,0.7459425904595027,0.03803637389994551,0.19094254189258714,0.025078493747964562,0.9999999999999999,0,0.7469635053000288,0.03644390899969408,0.1917953914076665,0.024797194292610656,1.0,0,0.9626381042670602,0.00032819971230551193,0.03660579077022216,0.00042790525041232306,1.0000000000000002,0
2023-09-28,2,2,0.07792,0.00339,0.91292,0.00577,1.0,2,0.10154067574633449,0.001474789560513253,0.8927680052669078,0.004216529426244377,1.0,2,0.2581047840370405,0.052826252492217785,0.6578535323486794,0.031215431122062338,1.0,2,0.25842600840226976,0.05270607852631222,0.6593938005809872,0.02947411249043092,1.0,2,0.10537045655565623,0.001120037459140504,0.8880017585831518,0.005507747402051514,1.0,2
2023-09-29,2,2,0.07792,0.00339,0.91292,0.00577,1.0,2,0.07545568958340637,0.0007988138667048459,0.9156477057022171,0.008097790847671692,1.0,2,0.17934935069412833,0.031854677247297486,0.76449175258567,0.024304219472904162,1.0,2,0.1783025324381607,0.03046626984480357,0.767842427033848,0.023388770683187624,0.9999999999999999,2,0.08192638029780426,0.001185770465712694,0.9110136226651254,0.005874226571357389,0.9999999999999998,2
2023-10-02,2,2,0.07792,0.00339,0.91292,0.00577,1.0,2,0.10215591744403127,0.0001794077779552796,0.8912148179529163,0.006449856825097215,1.0,2,0.1380622854824491,0.01923463291916341,0.8177370544990165,0.0249660270993711,1.0,2,0.13662505730532717,0.017768688136861454,0.8179272186939198,0.02767903586389153,1.0,2,0.06671317533268593,0.0012408603521688395,0.9259123534934788,0.006133610821666649,1.0000000000000002,2
2023-10-03,2,2,0.07792,0.00339,0.91292,0.00577,1.0,2,0.09856822182063299,9.631723061104031e-05,0.8952798974708468,0.006055563477908983,0.9999999999999999,2,0.10806323814584588,0.013718930875319509,0.855482970026635,0.02273486095219964,1.0,2,0.10552755377394483,0.012348741274407151,0.855912685804618,0.026211019147030095,1.0,2,0.07144845912232121,0.0012562674454587917,0.9214066550090698,0.005888618423150257,1.0000000000000002,2
2023-10-04,2,2,0.07792,0.00339,0.91292,0.00577,1.0,2,0.06291606285085592,0.002428140811280228,0.9244361742168977,0.01021962212096612,1.0,2,0.09276205840894197,0.019080728993390427,0.8733736316198372,0.014783580977830559,1.0000000000000002,2,0.09241801192609282,0.020482983254075632,0.8725738572035895,0.014525147616242146,1.0000000000000002,2,0.07070579941001426,0.00128362252473345,0.922220855278779,0.005789722786473256,0.9999999999999999,2
2023-10-05,2,2,0.07792,0.00339,0.91292,0.00577,1.0,2,0.08044351520434678,0.0006350842570082528,0.912838353014161,0.006083047524483793,0.9999999999999998,2,0.08577177346366055,0.0127302743625508,0.8895196158725459,0.011978336301242764,1.0,2,0.08548810139521852,0.012121129898854303,0.8907908641545206,0.01159990455140667,1.0,2,0.03682956289871858,0.0013946756060913914,0.95497423705621,0.006801524438980016,0.9999999999999999,2
2023-10-06,2,2,0.07792,0.00339,0.91292,0.00577,1.0,2,0.10609671582186174,0.0005114735357819577,0.8893292617298217,0.00406254891253461,1.0,2,0.08179714408618996,0.011248422920584825,0.8960435957979439,0.01091083719528118,0.9999999999999999,2,0.0828365736106865,0.011019331080184503,0.8951326659977369,0.011011429311392203,1.0,2,0.06745118056717465,0.0013441468741831432,0.9255637682724331,0.005640904286208991,0.9999999999999999,2
2023-10-10,2,2,0.07792,0.00339,0.91292,0.00577,1.0,2,0.07460081603842252,0.019956811280105857,0.902507205995796,0.0029351666856756954,1.0,2,0.07924500025575344,0.018683750889319808,0.8960897939910166,0.005981454863910242,1.0000000000000002,2,0.08221219443178428,0.02275050169988755,0.8902314604853021,0.004805843383026215,1.0000000000000002,2,0.08874375173878128,0.0013248305441402144,0.9048585161190751,0.005072901598003376,0.9999999999999999,2
2023-10-11,2,2,0.07792,0.00339,0.91292,0.00577,1.0,2,0.054211231468399144,0.006569490329397258,0.9326306342046733,0.006588643997530185,0.9999999999999999,2,0.06414800702596499,0.013002857337427327,0.9148895884254005,0.007959547211207325,1.0000000000000002,2,0.06496676258475864,0.014504378757144163,0.9132281238435134,0.007300734814583769,1.0,2,0.11462547373802862,0.0012989470672674908,0.87952747707912,0.004548102115583944,1.0,2
2023-10-12,2,2,0.07792,0.00339,0.91292,0.00577,1.0,2,0.09528034373214554,9.286719096399465e-05,0.9008434494487746,0.0037833396281159123,1.0,2,0.05748820815543518,0.006315290144956626,0.9257273955003525,0.010469106199255517,0.9999999999999999,2,0.05720587940956268,0.0058262634413880745,0.9253486143560246,0.011619242793024698,1.0,2,0.058192259296824665,0.0014516336355563926,0.934811317620136,0.005544789447482923,1.0,2
2023-10-13,2,2,0.07792,0.00339,0.91292,0.00577,1.0,2,0.07095181292769194,0.01176340179443193,0.9133647808294632,0.003920004448412993,1.0,2,0.05943463781439583,0.011875659810015999,0.9227965510753369,0.005893151300251226,0.9999999999999999,2,0.06079320071071867,0.013747439602552232,0.920202576223361,0.005256783463368187,1.0,2,0.06831619588359839,0.0014556465092060633,0.9250434737516745,0.005184683855521086,1.0,2
2023-10-16,2,2,0.07792,0.00339,0.91292,0.00577,1.0,2,0.08864305041644041,0.0003401103584858157,0.9077483895273285,0.0032684496977452506,0.9999999999999999,2,0.0522016228911,0.006497045281147406,0.9334428963073043,0.007858435520448374,1.0,2,0.052673766475533644,0.006309182468768432,0.9329690811736379,0.008047969882060042,1.0,2,0.1344565140360794,0.0013398060818775362,0.8601766803851952,0.0040269994968477885,1.0,2
2023-10-17,2,2,0.07792,0.00339,0.91292,0.00577,1.0,2,0.07702499979919679,0.0004260848282288562,0.9178611634336629,0.004687751938911503,1.0,2,0.04817971829467629,0.00592485071417176,0.937811879620633,0.008083551370518974,1.0,2,0.04828031091894937,0.005723090170948671,0.9373346245708711,0.008661974339230844,1.0,2,0.05780690723908855,0.0015437747310856277,0.9354195892161778,0.005229728813647903,0.9999999999999999,2
2023-10-18,2,2,0.07792,0.00339,0.91292,0.00577,1.0,2,0.07420042935863695,0.000590729492474729,0.9212864264231977,0.003922414725690504,0.9999999999999999,2,0.04478567447081278,0.005658743726542391,0.9423422248847887,0.007213356917856101,0.9999999999999999,2,0.04452335810848053,0.005462101763025785,0.9425086302815504,0.007505909846943312,1.0,2,0.06909803044841946,0.0015449069485183949,0.9244930751270642,0.004863987475997877,1.0,2
2023-10-19,2,2,0.07792,0.00339,0.91292,0.00577,1.0,2,0.08289054179335599,0.00024254485263506254,0.9145808508597086,0.0022860624943004696,1.0000000000000002,2,0.04260307719585227,0.004903063059664583,0.9457182807620399,0.006775578982443225,0.9999999999999999,2,0.042535346199384684,0.004644450627803216,0.9458378925000261,0.006982310672785999,1.0,2,0.08404015444407242,0.001538341608278376,0.9099368453767762,0.004484658570873014,1.0,2
2023-10-20,2,2,0.07792,0.00339,0.91292,0.00577,1.0,2,0.05241023621071454,0.0019462534726552901,0.9403774004693112,0.005266109847319148,1.0000000000000002,2,0.03945968137042032,0.005891905076970383,0.9490391802346442,0.0056092333179649945,0.9999999999999999,2,0.03919200795458772,0.005881617819314962,0.9496297466736294,0.005296627552467874,1.0,2,0.06678022060141807,0.0016151579542243832,0.9268846971048064,0.004719924339551267,1.0000000000000002,2
2023-10-23,2,2,0.07792,0.00339,0.91292,0.00577,1.0,2,0.04651991054617744,0.003566709682594347,0.939334329744882,0.010579050026346138,0.9999999999999999,2,0.037784870533072314,0.006129158452469984,0.950559176857658,0.005526794156799722,1.0,2,0.0377340765096762,0.006378293398515478,0.9505538405128682,0.005333789578940089,0.9999999999999999,2,0.05646189559497448,0.0016782269261876254,0.9370025525419289,0.004857324936909076,1.0,2
2023-10-24,2,2,0.07792,0.00339,0.91292,0.00577,1.0,2,0.04616577240246864,0.003973609304198165,0.9434935144414982,0.006367103851834904,0.9999999999999999,2,0.03831319376962435,0.006250050932206615,0.9506954648553528,0.0047412904428161436,0.9999999999999999,2,0.038871824294904954,0.00669162630698212,0.950070314095623,0.004366235302489716,0.9999999999999998,2,0.04426209303128586,0.001752312564798733,0.9488948784938679,0.005090715910047561,1.0,2
2023-10-25,2,2,0.07792,0.00339,0.91292,0.00577,1.0,2,0.07064302334296808,0.0002068326651361378,0.9263644044992249,0.0027857394926709433,1.0,2,0.035566937004160325,0.0037997741966102664,0.9547300148070715,0.005903273992157808,1.0,2,0.035443183697575015,0.0035761955836929003,0.9547198387012436,0.0062607820174886706,1.0000000000000002,2,0.045098287206443405,0.0017852537853741582,0.9481522863391678,0.004964172669014671,1.0,2
2023-10-26,2,2,0.07792,0.00339,0.91292,0.00577,1.0,2,0.039790414153209226,0.004177141369629046,0.9487592275401359,0.0072732169370258466,1.0,2,0.03220585884213087,0.005363841573638902,0.9575179592047601,0.004912340379470103,1.0,2,0.03194426724978922,0.005641819793044808,0.9577402707627533,0.004673642194412732,1.0,2,0.06766546646662759,0.0017488820037783624,0.9262485093809002,0.004337142148693746,0.9999999999999999,2
2023-10-27,2,2,0.07792,0.00339,0.91292,0.00577,1.0,2,0.06078227535060014,0.0015894323555949844,0.934847521939434,0.0027807703543709034,1.0,2,0.03492114964012116,0.004632127750410625,0.9562435024364343,0.0042032201730339445,1.0,2,0.03533573851029428,0.0046728647236938805,0.9560745966659729,0.003916800100038929,1.0,2,0.03897315778171695,0.001882278504455379,0.9541886772213861,0.004955886492441589,1.0,2
2023-10-30,2,0,0.07792,0.00339,0.91292,0.00577,1.0,2,0.05171292650368145,0.0008294602499867012,0.9431163308946663,0.004341282351665618,1.0,2,0.03201097398739227,0.004112628896030083,0.9587436576960969,0.005132739420480837,1.0,2,0.032294416359366224,0.004148044891061919,0.9583386841241461,0.0052188546254257435,1.0,2,0.07216249947012517,0.0018074487831977353,0.9219447817397787,0.004085270006898377,1.0,2
2023-10-31,0,2,0.94901,0.0,0.05099,0.0,1.0,0,0.9467438688623068,0.00011784705002485298,0.05283528681228538,0.00030299727538302877,1.0,0,0.7471592053321549,0.03817829745137906,0.19103985232205795,0.023622644894408285,1.0000000000000002,0,0.7493256192244913,0.036258810040305726,0.19183580552043453,0.022579765214768524,1.0,0,0.9432026023008239,0.0005072243335628113,0.05557696436280429,0.0007132090028090513,1.0,0
2023-11-01,2,2,0.07792,0.00339,0.91292,0.00577,1.0,2,0.08025855481060008,0.009750362946079515,0.9050446749942891,0.00494640724903133,1.0,2,0.26495511152882434,0.07291738431737306,0.638495667041946,0.023631837111856586,1.0,2,0.2671968193573747,0.08173271059460228,0.6312005349093365,0.019869935138686585,1.0,2,0.08244176561555702,0.0011609713103359611,0.910415732209808,0.005981530864299016,1.0,2
2023-11-02,2,2,0.07792,0.00339,0.91292,0.00577,1.0,2,0.07948848069981015,0.013789586273714759,0.9013962342952508,0.005325698731224386,1.0000000000000002,2,0.20500273958702067,0.05374226098156058,0.7262752492102175,0.014979750221201274,1.0,2,0.2100075101004286,0.06257913346108794,0.7152191228893031,0.01219423354918036,1.0,2,0.0877676666228135,0.0011747630899424165,0.9053128228068297,0.005744747480414359,0.9999999999999999,2
2023-11-03,2,0,0.07792,0.00339,0.91292,0.00577,1.0,2,0.0819910116222028,0.0026235471035294107,0.911416940049289,0.003968501224978862,1.0,2,0.1482551038743921,0.030223251308073403,0.8071821227836968,0.014339522033837529,0.9999999999999999,2,0.15003547441363457,0.031459109077658955,0.8063589006633923,0.012146515845314147,1.0,2,0.11875013837660955,0.0011429469738921505,0.8750417671883902,0.005065147461108074,1.0,2
2023-11-06,0,2,0.94901,0.0,0.05099,0.0,1.0,0,0.9536077459561786,8.498476996079468e-05,0.04609228679825379,0.00021498247560696764,1.0000000000000002,0,0.74776224737735,0.03664280679920155,0.19055594014126248,0.025039005682185995,0.9999999999999999,0,0.7490623680958642,0.0346667544439136,0.1913878574952321,0.024883019964989955,1.0,0,0.9573892781865377,0.0003762408651701607,0.04173225033276376,0.0005022306155282261,0.9999999999999999,0
2023-11-07,2,2,0.07792,0.00339,0.91292,0.00577,1.0,2,0.06725039558290755,0.0022099761971543026,0.9193242448977704,0.011215383322167663,0.9999999999999999,2,0.24406447295135958,0.05669133510759528,0.6654368330890265,0.0338073588520187,1.0,2,0.24229042385462998,0.05850336255918098,0.6667870785736415,0.03241913501254752,1.0,2,0.10469676384549467,0.0011211954750573166,0.8886617882490595,0.005520252430388492,0.9999999999999999,2
2023-11-08,2,2,0.07792,0.00339,0.91292,0.00577,1.0,2,0.06619403324726755,0.0036433355029126223,0.9195703178423895,0.010592313407430356,1.0,2,0.1789624757334308,0.04017645736404084,0.7579438881909653,0.022917178711563086,0.9999999999999999,2,0.1785684092022693,0.04208928048234754,0.7578166973582252,0.021525612957157856,0.9999999999999999,2,0.0485174290415856,0.001256047482274506,0.9433745469520675,0.006851976524072391,1.0,2
2023-11-09,2,2,0.07792,0.00339,0.91292,0.00577,1.0,2,0.10575248681359779,0.00010351599422313244,0.888586784918628,0.005557212273551045,0.9999999999999999,2,0.140086977719947,0.01810220598875251,0.8178389114860485,0.023971904805251975,1.0,2,0.13878623125785755,0.016423224299957705,0.8183542304066979,0.026436314035486897,1.0,2,0.06545420021518404,0.0012435246408702778,0.9271338595650929,0.00616841557885275,0.9999999999999999,2
2023-11-10,2,2,0.07792,0.00339,0.91292,0.00577,1.0,2,0.09258252886516119,0.00235044417217386,0.8984290828177214,0.006637944144943564,1.0,2,0.12267602774169835,0.02260958023486264,0.8405081143611918,0.014206277662247102,0.9999999999999999,2,0.1240884713222791,0.02334995891183437,0.8392077922410549,0.013353777524831585,1.0,2,0.08748956774873135,0.0012239806133230253,0.9057624902184611,0.005523961419484594,1.0,2
2023-11-13,2,2,0.07792,0.00339,0.91292,0.00577,1.0,2,0.09716898050843309,0.0014078122379478938,0.8962215181371662,0.005201689116452774,1.0,2,0.10360103572467755,0.016863926493805633,0.8673608368341919,0.012174200947324913,1.0,2,0.10417037694926405,0.016713242158810808,0.8676294469199599,0.011486933971965275,1.0,2,0.08405705288694547,0.0012559277239923468,0.9092021902314767,0.005484829157585532,1.0000000000000002,2
2023-11-14,2,2,0.07792,0.00339,0.91292,0.00577,1.0,2,0.07150672179482892,0.014612201008034006,0.9091138538981591,0.004767223298977938,1.0,2,0.09505919562415262,0.022954036167970673,0.8741728274312225,0.007813940776654192,1.0,2,0.09789887196404702,0.027296181496081602,0.8684384006034889,0.00636654593638252,1.0,2,0.11212236989129276,0.0012269321756796822,0.8817800797021111,0.004870618230916309,0.9999999999999999,2
2023-11-15,2,2,0.07792,0.00339,0.91292,0.00577,1.0,2,0.08767385254693906,0.0002838422162660986,0.9071483421121355,0.0048939631246594974,1.0,2,0.07689480519680413,0.010093999628382543,0.9009223357005994,0.012088859474213943,1.0,2,0.07685615074869433,0.009527059920352781,0.901109133714129,0.012507655616823776,0.9999999999999999,2,0.07838878457548905,0.0013199700310419721,0.9149043172344868,0.00538692815898216,1.0,2
2023-11-16,2,0,0.07792,0.00339,0.91292,0.00577,1.0,2,0.054240769564076606,0.002184227387223891,0.9352637011137681,0.008311301934931412,1.0,2,0.0657172940950147,0.012224901830947143,0.9124112655030223,0.009646538571015838,1.0,2,0.06555178904091866,0.012849793949914434,0.9125188522134846,0.009079564795682315,1.0,2,0.06690134121389565,0.0013729839235483,0.926183617655882,0.005542057206674163,1.0,2
2023-11-17,0,0,0.94901,0.0,0.05099,0.0,1.0,0,0.9467599760970332,0.00044049775385565263,0.05252944083192695,0.0002700853171841206,0.9999999999999999,0,0.7526892133920239,0.04481284790441174,0.18358225410217158,0.018915684601392542,0.9999999999999998,0,0.7554833536987154,0.04486046955509682,0.1829168966188436,0.01673928012734423,1.0,0,0.9284741664825099,0.0006446581208159202,0.06993550512367627,0.0009456702729978767,1.0,0
2023-11-20,0,0,0.94901,0.0,0.05099,0.0,1.0,0,0.9499779058351628,0.0005406012263074689,0.04929253248789682,0.00018896045063282837,1.0,0,0.8258167084159339,0.02960848208336548,0.13258892322150512,0.011985886279195616,1.0000000000000002,0,0.8282832862700634,0.030447699234668127,0.13088605516896332,0.010382959326305036,1.0,0,0.9743538096938731,0.00022200432737101513,0.02515344267390335,0.0002707433048525169,1.0,0
2023-11-21,0,0,0.94901,0.0,0.05099,0.0,1.0,0,0.9432094591697795,0.00021021537474272042,0.05624982346533696,0.000330501990140856,1.0,0,0.859855290797521,0.018100365738924602,0.11152212916691026,0.010522214296644235,1.0,0,0.8611880684623249,0.017487649617417632,0.1116409187328141,0.00968336318744331,1.0,0,0.9735628592072405,0.00022912153876383613,0.02592709300074624,0.0002809262532493156,0.9999999999999999,0
2023-11-22,0,0,0.94901,0.0,0.05099,0.0,1.0,0,0.9415893655749973,0.00026976832984464816,0.05778069317761542,0.0003601729175426758,1.0,0,0.8795905687503286,0.014854530485216627,0.09646192679358545,0.009092973970869205,0.9999999999999999,0,0.8801492496431412,0.014722610662859783,0.09663563841473936,0.008492501279259693,1.0,0,0.9675667149116235,0.000283334735480208,0.03178973707276265,0.0003602132801335109,0.9999999999999999,0
2023-11-24,0,0,0.94901,0.0,0.05099,0.0,1.0,0,0.9487141635818601,5.439557169140194e-05,0.050914631079898964,0.000316809766549622,1.0,0,0.8950577079904425,0.009850316524252434,0.08606038795215133,0.009031587533153815,1.0,0,0.8948031431631208,0.0092337175114447,0.08677334527615203,0.009189794049282335,0.9999999999999999,0,0.9549605015200966,0.0003985536156988921,0.0441035985295433,0.0005373463346611626,0.9999999999999999,0
2023-11-27,0,0,0.94901,0.0,0.05099,0.0,1.0,0,0.9327019152512738,0.000996546036996266,0.06574063389634487,0.0005609048153850568,1.0,0,0.9061889564253911,0.011982933283355618,0.0755860178347228,0.0062420924565304075,0.9999999999999999,0,0.9059550374890488,0.012681597567601304,0.07561568790390386,0.005747677039445924,0.9999999999999999,0,0.9517196509923012,0.00042840240989327523,0.04726707131060307,0.0005848752872025834,1.0,0
2023-11-28,0,0,0.94901,0.0,0.05099,0.0,1.0,0,0.9539320064215484,0.0003250419595531931,0.04559068361031027,0.00015226800858805797,0.9999999999999999,0,0.9225868185198026,0.008872027361774991,0.0639546077800751,0.004586546338347284,1.0,0,0.9236329081969887,0.008991915559625563,0.06332397572844459,0.004051200514941398,1.0000000000000002,0,0.9584024172680038,0.000366948343478113,0.040742919875505955,0.0004877145130122097,1.0,0
2023-11-29,0,0,0.94901,0.0,0.05099,0.0,1.0,0,0.9401463432440657,0.0009742441188365482,0.058587560947951985,0.00029185168914578865,1.0,0,0.9286561823870324,0.008927891179624585,0.058730904417920206,0.0036850220154227955,0.9999999999999999,0,0.9294533909083644,0.009447342546243442,0.05800384541090131,0.003095421134490848,1.0,0,0.9735983537907388,0.0002288019661732276,0.025892376410072006,0.0002804678330159539,1.0,0
2023-11-30,0,0,0.94901,0.0,0.05099,0.0,1.0,0,0.9520489181797365,5.031271432410832e-05,0.04765303943701357,0.0002477296689257426,0.9999999999999999,0,0.9300357151468527,0.005559229030605006,0.05891606858502359,0.005488987237518965,1.0000000000000002,0,0.9298539624584379,0.005301218620985488,0.05921611858052934,0.005628700340047206,1.0,0,0.970298557026331,0.00025858110113697995,0.029119214180106393,0.0003236476924255113,1.0,0
2023-12-01,0,0,0.94901,0.0,0.05099,0.0,1.0,0,0.9371248436999324,0.0010872190227582403,0.061402957572132,0.00038497970517756443,1.0000000000000002,0,0.9352514467393591,0.007586526872270439,0.05350910397420297,0.003652922414167587,1.0,0,0.9354161399512053,0.008275009091132652,0.053076436083290865,0.0032324148743712554,1.0,0,0.9479456368135404,0.0004632644962374771,0.05094995040360411,0.0006411482866180768,1.0,0
2023-12-04,0,2,0.94901,0.0,0.05099,0.0,1.0,0,0.9437039120512314,0.0001046053842816531,0.05577102434886021,0.0004204582156269016,1.0000000000000002,0,0.938495958468961,0.004767172367755208,0.05224877297183335,0.004488096191450681,1.0000000000000002,0,0.9380477410685214,0.00457649889294764,0.05281215609304416,0.004563603945486921,1.0,0,0.9510171237426643,0.00043488375953419346,0.04795271606808033,0.0005952764297210576,0.9999999999999999,0
2023-12-05,2,2,0.07792,0.00339,0.91292,0.00577,1.0,2,0.06567094770360243,0.005836913403343702,0.9209723329259832,0.0075198059670706415,1.0,2,0.25424285236578653,0.06536321519574813,0.6523035403065268,0.028090392131938424,0.9999999999999999,2,0.25438304659771505,0.07047005982276522,0.6499861386615141,0.02516075491800564,1.0,2,0.07585505630077935,0.0011734425824950813,0.9168308241834904,0.006140676933235022,0.9999999999999999,2
