DATE,CURRENT_STATE,ACTUAL_NEXT_STATE,FIXED_P_TO_0,FIXED_P_TO_1,FIXED_ROW_SUM,FIXED_PREDICTED_NEXT_STATE,MLR_P_TO_0,MLR_P_TO_1,MLR_ROW_SUM,MLR_PREDICTED_NEXT_STATE,MLG_P_TO_0,MLG_P_TO_1,MLG_ROW_SUM,MLG_PREDICTED_NEXT_STATE,WEIGHTED_MLG_P_TO_0,WEIGHTED_MLG_P_TO_1,WEIGHTED_MLG_ROW_SUM,WEIGHTED_MLG_PREDICTED_NEXT_STATE,PVIF_MLR_P_TO_0,PVIF_MLR_P_TO_1,PVIF_MLR_ROW_SUM,PVIF_MLR_PREDICTED_NEXT_STATE
2017-01-03,0,0,0.98559,0.01441,1.0,0,0.9866262573121849,0.01337374268781507,1.0,0,0.9761755202992448,0.0238244797007552,1.0,0,0.9820830054769201,0.017916994523079918,1.0,0,0.9838762529149722,0.016123747085027892,1.0,0
2017-01-04,0,0,0.98559,0.01441,1.0,0,0.9856962936004415,0.014303706399558483,1.0,0,0.9763321957499727,0.02366780425002734,1.0,0,0.9821855030763594,0.017814496923640618,1.0,0,0.9839219072842251,0.01607809271577492,1.0,0
2017-01-05,0,0,0.98559,0.01441,1.0,0,0.9833189318178317,0.016681068182168267,1.0,0,0.9768913994398437,0.023108600560156255,1.0,0,0.98305609235304,0.016943907646959983,1.0,0,0.9839674344896889,0.01603256551031109,1.0,0
2017-01-06,0,0,0.98559,0.01441,1.0,0,0.9894476566159736,0.010552343384026453,1.0,0,0.9803822977842006,0.01961770221579937,1.0,0,0.986944281087455,0.013055718912544952,1.0,0,0.9840128348736468,0.01598716512635323,1.0,0
2017-01-09,0,0,0.98559,0.01441,1.0,0,0.9851221918577105,0.014877808142289482,1.0,0,0.9749811203598067,0.0250188796401933,1.0,0,0.9765237379482926,0.023476262051707435,1.0,0,0.9840581087775279,0.015941891222472103,1.0,0
2017-01-10,0,0,0.98559,0.01441,1.0,0,0.9853731003444021,0.014626899655597927,1.0,0,0.978645063186472,0.02135493681352796,1.0,0,0.9828379009299231,0.01716209907007692,1.0,0,0.9841032565419094,0.015896743458090577,1.0,0
2017-01-11,0,0,0.98559,0.01441,1.0,0,0.978148898530426,0.021851101469574075,1.0,0,0.9768513835761127,0.023148616423887273,1.0,0,0.9770243057172516,0.02297569428274832,1.0,0,0.984148278506518,0.01585172149348204,1.0,0
2017-01-12,0,0,0.98559,0.01441,1.0,0,0.98716057455134,0.01283942544866003,1.0,0,0.9792629094185566,0.020737090581443393,1.0,0,0.9837245680398837,0.016275431960116278,1.0,0,0.9841931750102315,0.015806824989768466,1.0,0
2017-01-13,0,0,0.98559,0.01441,1.0,0,0.9875114160590304,0.012488583940969593,1.0,0,0.9795481394842808,0.020451860515719206,1.0,0,0.982745347658669,0.017254652341330938,1.0,0,0.9842379463910812,0.015762053608918816,1.0,0
2017-01-17,0,0,0.98559,0.01441,1.0,0,0.984256183332792,0.015743816667208,1.0,0,0.9784608815466175,0.021539118453382525,1.0,0,0.9816848806226565,0.018315119377343488,1.0,0,0.9842825929862528,0.015717407013747242,1.0,0
2017-01-18,0,0,0.98559,0.01441,1.0,0,0.9900588399506978,0.009941160049302233,1.0,0,0.9821035356010005,0.01789646439899945,1.0,0,0.9876234874572856,0.01237651254271441,1.0,0,0.9843271151320887,0.015672884867911352,1.0,0
2017-01-19,0,0,0.98559,0.01441,1.0,0,0.9849698866301448,0.015030113369855207,1.0,0,0.9786811988270354,0.021318801172964617,1.0,0,0.979030997843337,0.02096900215666294,1.0,0,0.9843715131640896,0.01562848683591048,1.0,0
2017-01-20,0,0,0.98559,0.01441,1.0,0,0.9835429243748044,0.016457075625195574,1.0,0,0.9800649239610454,0.019935076038954645,1.0,0,0.9827362591825897,0.017263740817410365,1.0,0,0.984415787416916,0.015584212583083951,1.0,0
2017-01-23,0,0,0.98559,0.01441,1.0,0,0.9826432218379231,0.01735677816207689,1.0,0,0.9797371326369281,0.02026286736307189,1.0,0,0.9828461890955776,0.01715381090442236,1.0,0,0.9844599382243907,0.015540061775609345,1.0,0
2017-01-24,0,0,0.98559,0.01441,1.0,0,0.9896703587753858,0.010329641224614237,1.0,0,0.9835196330501759,0.016480366949824087,1.0,0,0.988481259153041,0.011518740846958996,1.0,0,0.9845039659194993,0.015496034080500732,1.0,0
2017-01-25,0,0,0.98559,0.01441,1.0,0,0.9881615521401794,0.011838447859820567,1.0,0,0.9812593431089123,0.01874065689108774,1.0,0,0.9840203948139398,0.015979605186060238,1.0,0,0.984547870834393,0.015452129165607011,1.0,0
2017-01-26,0,0,0.98559,0.01441,1.0,0,0.9824421510829843,0.0175578489170157,1.0,0,0.9817837835168699,0.018216216483130127,1.0,0,0.9855172196558023,0.01448278034419772,1.0,0,0.9845916533003899,0.015408346699610114,1.0,0
2017-01-27,0,0,0.98559,0.01441,1.0,0,0.9855345091978641,0.014465490802135873,1.0,0,0.9825949682889596,0.01740503171104035,1.0,0,0.987029542677288,0.012970457322711914,1.0,0,0.9846353136479766,0.015364686352023323,1.0,0
2017-01-30,0,0,0.98559,0.01441,1.0,0,0.9878347355455965,0.012165264454403454,1.0,0,0.9824054202772614,0.017594579722738594,1.0,0,0.985652770027943,0.014347229972056908,1.0,0,0.9846788522068105,0.015321147793189504,1.0,0
2017-01-31,0,0,0.98559,0.01441,1.0,0,0.983871523074644,0.01612847692535607,1.0,0,0.9812300814770165,0.01876991852298354,1.0,0,0.9831361517026783,0.016863848297321696,1.0,0,0.9847222693057206,0.015277730694279403,1.0,0
2017-02-01,0,0,0.98559,0.01441,1.0,0,0.9864046961583303,0.013595303841669754,1.0,0,0.9832165995588542,0.016783400441145808,1.0,0,0.98539219037081,0.014607809629189948,1.0,0,0.9847655652727101,0.015234434727289928,1.0,0
2017-02-02,0,0,0.98559,0.01441,1.0,0,0.989201065723669,0.010798934276331105,1.0,0,0.9827372684172397,0.017262731582760284,1.0,0,0.9853286999538466,0.014671300046153309,1.0,0,0.9848087404349576,0.015191259565042416,1.0,0
2017-02-03,0,0,0.98559,0.01441,1.0,0,0.9899960485080138,0.010003951491986221,1.0,0,0.9845385258723526,0.015461474127647394,1.0,0,0.9886587265530316,0.011341273446968449,1.0,0,0.9848517951188192,0.015148204881180882,1.0,0
2017-02-06,0,0,0.98559,0.01441,1.0,0,0.9834636840073593,0.016536315992640695,1.0,0,0.9828495518200767,0.01715044817992332,1.0,0,0.9859863232473416,0.014013676752658431,1.0,0,0.9848947296498296,0.015105270350170367,1.0,0
2017-02-07,0,0,0.98559,0.01441,1.0,0,0.9845837026485799,0.015416297351420128,1.0,0,0.9848635660554123,0.015136433944587718,1.0,0,0.9887203293106669,0.011279670689333096,1.0,0,0.9849375443527049,0.015062455647295164,1.0,0
2017-02-08,0,0,0.98559,0.01441,1.0,0,0.9830246169863197,0.016975383013680238,1.0,0,0.9828489291718884,0.017151070828111663,1.0,0,0.9846398474814423,0.015360152518557662,1.0,0,0.9849802395513428,0.01501976044865712,1.0,0
2017-02-09,0,0,0.98559,0.01441,1.0,0,0.9889771625325658,0.011022837467434135,1.0,0,0.9852803333714779,0.014719666628522123,1.0,0,0.9876551693236773,0.012344830676322706,1.0,0,0.9850228155688261,0.014977184431173922,1.0,0
2017-02-10,0,0,0.98559,0.01441,1.0,0,0.9849763023607856,0.015023697639214415,1.0,0,0.9836675465991623,0.016332453400837665,1.0,0,0.9843770335266094,0.015622966473390565,1.0,0,0.9850652727274226,0.014934727272577381,1.0,0
2017-02-13,0,0,0.98559,0.01441,1.0,0,0.9902730717050525,0.009726928294947505,1.0,0,0.9858984341282552,0.014101565871744878,1.0,0,0.9902550576057497,0.009744942394250234,1.0,0,0.9851076113485883,0.014892388651411709,1.0,0
2017-02-14,0,0,0.98559,0.01441,1.0,0,0.988785293744545,0.011214706255454978,1.0,0,0.9855229672471482,0.014477032752851877,1.0,0,0.989273377512533,0.010726622487467075,1.0,0,0.9851498317529681,0.014850168247031847,1.0,0
2017-02-15,0,0,0.98559,0.01441,1.0,0,0.9834830538932177,0.016516946106782334,1.0,0,0.9854303049295459,0.01456969507045415,1.0,0,0.9872135936973429,0.01278640630265713,1.0,0,0.9851919342603983,0.014808065739601682,1.0,0
2017-02-16,0,0,0.98559,0.01441,1.0,0,0.985317756411538,0.014682243588462004,1.0,0,0.9846809059932888,0.015319094006711128,1.0,0,0.9878874273715262,0.01211257262847373,1.0,0,0.9852339191899075,0.01476608081009242,1.0,0
2017-02-17,0,0,0.98559,0.01441,1.0,0,0.9850904716663136,0.014909528333686467,1.0,0,0.9856572247261192,0.014342775273880833,1.0,0,0.988685524671893,0.011314475328106992,1.0,0,0.9852757868597192,0.014724213140280839,1.0,0
2017-02-21,0,0,0.98559,0.01441,1.0,0,0.9871946218103878,0.012805378189612216,1.0,0,0.9856630363000929,0.014336963699907126,1.0,0,0.9884754938881657,0.011524506111834358,1.0,0,0.9853175375872524,0.014682462412747588,1.0,0
2017-02-22,0,0,0.98559,0.01441,1.0,0,0.987655554906236,0.012344445093763975,1.0,0,0.9857286914551346,0.014271308544865358,1.0,0,0.988637093996154,0.011362906003846035,1.0,0,0.9853591716891245,0.014640828310875494,1.0,0
2017-02-23,0,0,0.98559,0.01441,1.0,0,0.9856829888402056,0.014317011159794498,1.0,0,0.9859307004295942,0.014069299570405761,1.0,0,0.9884675111736012,0.01153248882639874,1.0,0,0.9854006894811521,0.014599310518847844,1.0,0
2017-02-24,0,0,0.98559,0.01441,1.0,0,0.9814044189040568,0.018595581095943146,1.0,0,0.9853684787189897,0.014631521281010355,1.0,0,0.9874588889407273,0.012541111059272667,1.0,0,0.9854420912783532,0.014557908721646707,1.0,0
2017-02-27,0,0,0.98559,0.01441,1.0,0,0.990256110362218,0.009743889637782003,1.0,0,0.9873284038282483,0.01267159617175178,1.0,0,0.9912617633024613,0.008738236697538737,1.0,0,0.9854833773949487,0.014516622605051224,1.0,0
2017-02-28,0,0,0.98559,0.01441,1.0,0,0.9852565297748167,0.014743470225183243,1.0,0,0.9850870943988078,0.01491290560119218,1.0,0,0.9858302966185379,0.014169703381462085,1.0,0,0.9855245481443641,0.014475451855635925,1.0,0
2017-03-01,0,0,0.98559,0.01441,1.0,0,0.9918301913793194,0.008169808620680579,1.0,0,0.9882479830723412,0.011752016927658848,1.0,0,0.9918202712321353,0.008179728767864635,1.0,0,0.985565603839231,0.014434396160768992,1.0,0
2017-03-02,0,0,0.98559,0.01441,1.0,0,0.990113080766142,0.009886919233857955,1.0,0,0.985492028411838,0.014507971588161939,1.0,0,0.9872128366408267,0.012787163359173296,1.0,0,0.9856065447913894,0.014393455208610626,1.0,0
2017-03-03,0,0,0.98559,0.01441,1.0,0,0.9853987978565322,0.014601202143467802,1.0,0,0.9871464882953054,0.012853511704694565,1.0,0,0.9896180916692092,0.01038190833079083,1.0,0,0.9856473713118886,0.014352628688111334,1.0,0
2017-03-06,0,0,0.98559,0.01441,1.0,0,0.9884758692478822,0.011524130752117778,1.0,0,0.9868435454850075,0.013156454514992439,1.0,0,0.989343727050334,0.010656272949666026,1.0,0,0.9856880837109898,0.014311916289010218,1.0,0
2017-03-07,0,0,0.98559,0.01441,1.0,0,0.9895769972119688,0.010423002788031226,1.0,0,0.9867613314625052,0.013238668537494792,1.0,0,0.9894551247890088,0.010544875210991272,1.0,0,0.9857286822981667,0.014271317701833321,1.0,0
2017-03-08,0,0,0.98559,0.01441,1.0,0,0.9901741515164487,0.009825848483551307,1.0,0,0.9867425771875998,0.01325742281240022,1.0,0,0.9886504530139484,0.011349546986051642,1.0,0,0.9857691673821081,0.014230832617891912,1.0,0
2017-03-09,0,0,0.98559,0.01441,1.0,0,0.9882362078202492,0.01176379217975081,1.0,0,0.9861920430812052,0.013807956918794748,1.0,0,0.9864767416679712,0.013523258332028838,1.0,0,0.9858095392707191,0.01419046072928084,1.0,0
2017-03-10,0,0,0.98559,0.01441,1.0,0,0.98785097895796,0.012149021042039928,1.0,0,0.9862500999675845,0.013749900032415493,1.0,0,0.9872173601187398,0.012782639881260155,1.0,0,0.9858497982711232,0.014150201728876788,1.0,0
2017-03-13,0,0,0.98559,0.01441,1.0,0,0.9884326905447793,0.011567309455220621,1.0,0,0.9879007520006504,0.012099247999349598,1.0,0,0.9909058684611034,0.00909413153889656,1.0,0,0.9858899446896633,0.014110055310336666,1.0,0
2017-03-14,0,0,0.98559,0.01441,1.0,0,0.9859126380803892,0.014087361919610814,1.0,0,0.9869858557522745,0.013014144247725484,1.0,0,0.988785771651141,0.011214228348858952,1.0,0,0.9859299788319041,0.014070021168095899,1.0,0
2017-03-15,0,0,0.98559,0.01441,1.0,0,0.9773245554183707,0.02267544458162925,1.0,0,0.986355076287782,0.013644923712218017,1.0,0,0.9848172574165288,0.01518274258347114,1.0,0,0.9859699010026333,0.014030098997366739,1.0,0
2017-03-16,0,0,0.98559,0.01441,1.0,0,0.991011208174379,0.008988791825620986,1.0,0,0.9889851232411367,0.011014876758863203,1.0,0,0.9924958916891556,0.007504108310844402,1.0,0,0.9860097115058634,0.01399028849413661,1.0,0
2017-03-17,0,0,0.98559,0.01441,1.0,0,0.9872501934461669,0.012749806553833114,1.0,0,0.9875987252181169,0.012401274781883145,1.0,0,0.9902008179989805,0.009799182001019516,1.0,0,0.9860494106448335,0.01395058935516643,1.0,0
2017-03-20,0,0,0.98559,0.01441,1.0,0,0.9866067958561914,0.013393204143808648,1.0,0,0.9880591525445954,0.011940847455404618,1.0,0,0.9899318772095185,0.010068122790481509,1.0,0,0.9860889987220111,0.013911001277988933,1.0,0
2017-03-21,0,0,0.98559,0.01441,1.0,0,0.9875658560060735,0.012434143993926545,1.0,0,0.9873417642247045,0.012658235775295455,1.0,0,0.9887602457157654,0.01123975428423467,1.0,0,0.9861284760390929,0.013871523960907024,1.0,0
2017-03-22,0,0,0.98559,0.01441,1.0,0,0.984311752510844,0.015688247489155933,1.0,0,0.9873351767611239,0.01266482323887609,1.0,0,0.9872402130605948,0.012759786939405186,1.0,0,0.986167842897008,0.013832157102992048,1.0,0
2017-03-23,0,0,0.98559,0.01441,1.0,0,0.9898172412560161,0.010182758743983902,1.0,0,0.9880873761141254,0.011912623885874595,1.0,0,0.9898714556370438,0.010128544362956194,1.0,0,0.9862070995959178,0.013792900404082212,1.0,0
2017-03-24,0,0,0.98559,0.01441,1.0,0,0.9846975690711941,0.01530243092880586,1.0,0,0.9874777309388293,0.012522269061170741,1.0,0,0.9877056501625442,0.012294349837455809,1.0,0,0.9862462464352192,0.013753753564780867,1.0,0
2017-03-27,0,0,0.98559,0.01441,1.0,0,0.9875976977125072,0.012402302287492816,1.0,0,0.9885732380274389,0.011426761972561043,1.0,0,0.9907997265687745,0.00920027343122555,1.0,0,0.9862852837135452,0.013714716286454858,1.0,0
2017-03-28,0,0,0.98559,0.01441,1.0,0,0.9892018853244665,0.010798114675533469,1.0,0,0.9889188077338488,0.011081192266151247,1.0,0,0.9908596030651038,0.009140396934896171,1.0,0,0.9863242117287672,0.01367578827123286,1.0,0
2017-03-29,0,0,0.98559,0.01441,1.0,0,0.9832133809463599,0.016786619053640057,1.0,0,0.9879953537583918,0.012004646241608293,1.0,0,0.9877583502705702,0.012241649729429736,1.0,0,0.9863630307779963,0.013636969222003734,1.0,0
2017-03-30,0,0,0.98559,0.01441,1.0,0,0.9900141741532703,0.00998582584672968,1.0,0,0.9898247525297064,0.010175247470293643,1.0,0,0.9925420188183909,0.007457981181609134,1.0,0,0.9864017411575852,0.013598258842414852,1.0,0
2017-03-31,0,0,0.98559,0.01441,1.0,0,0.9831881792537127,0.016811820746287304,1.0,0,0.9879031911105891,0.012096808889410886,1.0,0,0.9872684739668214,0.01273152603317859,1.0,0,0.9864403431631296,0.013559656836870472,1.0,0
2017-04-03,0,0,0.98559,0.01441,1.0,0,0.9853768259529521,0.014623174047047913,1.0,0,0.9885743130822944,0.01142568691770558,1.0,0,0.9900147481883458,0.009985251811654201,1.0,0,0.9864788370894699,0.013521162910530028,1.0,0
2017-04-04,0,0,0.98559,0.01441,1.0,0,0.9875501844508818,0.012449815549118193,1.0,0,0.9890184681484248,0.010981531851575212,1.0,0,0.9905507327121935,0.009449267287806436,1.0,0,0.9865172232306935,0.013482776769306558,1.0,0
2017-04-05,0,0,0.98559,0.01441,1.0,0,0.9882250368680002,0.011774963131999777,1.0,0,0.988723062497825,0.011276937502174927,1.0,0,0.9893968553233448,0.010603144676655234,1.0,0,0.986555501880135,0.013444498119864999,1.0,0
2017-04-06,0,0,0.98559,0.01441,1.0,0,0.9875216336777906,0.012478366322209451,1.0,0,0.9890182332268755,0.010981766773124433,1.0,0,0.9906152057570128,0.009384794242987262,1.0,0,0.9865936733303794,0.013406326669620564,1.0,0
2017-04-07,0,0,0.98559,0.01441,1.0,0,0.9901013381221672,0.009898661877832797,1.0,0,0.9895371550404518,0.010462844959548152,1.0,0,0.9918866203709643,0.008113379629035689,1.0,0,0.9866317378732629,0.013368262126737087,1.0,0
2017-04-10,0,0,0.98559,0.01441,1.0,0,0.9855894606754488,0.014410539324551136,1.0,0,0.9887979469863035,0.011202053013696455,1.0,0,0.9886381392262181,0.0113618607737819,1.0,0,0.9866696957998746,0.013330304200125391,1.0,0
2017-04-11,0,0,0.98559,0.01441,1.0,0,0.9837978278639783,0.01620217213602172,1.0,0,0.9887787366504986,0.011221263349501371,1.0,0,0.9890638793731894,0.01093612062681057,1.0,0,0.9867075474005583,0.013292452599441644,1.0,0
2017-04-12,0,0,0.98559,0.01441,1.0,0,0.9886360771132778,0.011363922886722142,1.0,0,0.989658524722783,0.010341475277216999,1.0,0,0.9911475130712595,0.0088524869287405,1.0,0,0.9867452929649143,0.01325470703508571,1.0,0
2017-04-13,0,0,0.98559,0.01441,1.0,0,0.9849409360565231,0.01505906394347684,1.0,0,0.9883714764885121,0.01162852351148793,1.0,0,0.9882084170225326,0.011791582977467413,1.0,0,0.9867829327818004,0.013217067218199544,1.0,0
2017-04-17,0,0,0.98559,0.01441,1.0,0,0.9911335153798226,0.008866484620177341,1.0,0,0.9902343185313036,0.009765681468696375,1.0,0,0.9926093637316892,0.007390636268310825,1.0,0,0.9868204671393345,0.013179532860665498,1.0,0
2017-04-18,0,0,0.98559,0.01441,1.0,0,0.985266906155999,0.014733093844001026,1.0,0,0.9882767421786913,0.01172325782130864,1.0,0,0.9885871927620453,0.011412807237954651,1.0,0,0.9868578963248953,0.013142103675104757,1.0,0
2017-04-19,0,0,0.98559,0.01441,1.0,0,0.9918811816813046,0.008118818318695459,1.0,0,0.9908205776829487,0.00917942231705127,1.0,0,0.99358643410818,0.006413565891819977,1.0,0,0.9868952206251244,0.013104779374875678,1.0,0
2017-04-20,0,0,0.98559,0.01441,1.0,0,0.9894167311833623,0.010583268816637719,1.0,0,0.9894469300673557,0.01055306993264429,1.0,0,0.9904737927270408,0.009526207272959209,1.0,0,0.9869324403259279,0.01306755967407215,1.0,0
2017-04-21,0,0,0.98559,0.01441,1.0,0,0.9905024358933258,0.009497564106674199,1.0,0,0.9898397493419157,0.010160250658084334,1.0,0,0.991792650332475,0.008207349667524974,1.0,0,0.986969555712478,0.013030444287521988,1.0,0
2017-04-24,0,0,0.98559,0.01441,1.0,0,0.9897482591950728,0.01025174080492718,1.0,0,0.990595722041147,0.009404277958853012,1.0,0,0.9926299058280087,0.007370094171991356,1.0,0,0.9870065670692147,0.012993432930785294,1.0,0
2017-04-25,0,0,0.98559,0.01441,1.0,0,0.9900124859838815,0.009987514016118483,1.0,0,0.9906048920725443,0.009395107927455688,1.0,0,0.9928363884288915,0.0071636115711084065,1.0,0,0.9870434746798471,0.012956525320152866,1.0,0
2017-04-26,0,0,0.98559,0.01441,1.0,0,0.98743896208399,0.012561037916010038,1.0,0,0.9901322767768476,0.009867723223152453,1.0,0,0.9918652116824688,0.008134788317531175,1.0,0,0.9870802788273555,0.012919721172644498,1.0,0
2017-04-27,0,0,0.98559,0.01441,1.0,0,0.9892555784378526,0.010744421562147393,1.0,0,0.9904939493935747,0.009506050606425278,1.0,0,0.9926817562145408,0.00731824378545922,1.0,0,0.9871169797939925,0.012883020206007501,1.0,0
2017-04-28,0,0,0.98559,0.01441,1.0,0,0.9873007915991958,0.012699208400804142,1.0,0,0.9899896351012624,0.01001036489873767,1.0,0,0.9913348008102897,0.00866519918971035,1.0,0,0.9871535778612851,0.012846422138714925,1.0,0
2017-05-01,0,0,0.98559,0.01441,1.0,0,0.992328283533657,0.007671716466343065,1.0,0,0.9910153620106188,0.008984637989381199,1.0,0,0.9934933804637879,0.006506619536212092,1.0,0,0.9871900733100359,0.012809926689964073,1.0,0
2017-05-02,0,0,0.98559,0.01441,1.0,0,0.9891350437043325,0.010864956295667496,1.0,0,0.9895522821972429,0.010447717802757111,1.0,0,0.9904721663187153,0.009527833681284698,1.0,0,0.9872264664203252,0.012773533579674822,1.0,0
2017-05-03,0,0,0.98559,0.01441,1.0,0,0.9897964726262294,0.010203527373770655,1.0,0,0.9909218792679575,0.009078120732042486,1.0,0,0.993442190218639,0.006557809781360966,1.0,0,0.9872627574715119,0.012737242528488044,1.0,0
2017-05-04,0,0,0.98559,0.01441,1.0,0,0.9928466609878431,0.007153339012156858,1.0,0,0.9908168502231066,0.009183149776893378,1.0,0,0.9925023298622301,0.007497670137769869,1.0,0,0.9872989467422361,0.01270105325776398,1.0,0
2017-05-05,0,0,0.98559,0.01441,1.0,0,0.9849400756020671,0.015059924397932875,1.0,0,0.989546534973301,0.01045346502669902,1.0,0,0.9881768837002874,0.011823116299712565,1.0,0,0.9873350345104194,0.012664965489580647,1.0,0
2017-05-08,0,0,0.98559,0.01441,1.0,0,0.9906265005001236,0.009373499499876424,1.0,0,0.9911487551769544,0.008851244823045522,1.0,0,0.9929688085199817,0.007031191480018284,1.0,0,0.9873710210532678,0.012628978946732232,1.0,0
2017-05-09,0,0,0.98559,0.01441,1.0,0,0.990148946535397,0.009851053464602997,1.0,0,0.9905342000793128,0.009465799920687168,1.0,0,0.9916037197720144,0.008396280227985553,1.0,0,0.9874069066472725,0.012593093352727465,1.0,0
2017-05-10,0,0,0.98559,0.01441,1.0,0,0.9876204490868181,0.01237955091318187,1.0,0,0.9905884877348975,0.009411512265102551,1.0,0,0.9915409727063662,0.008459027293633792,1.0,0,0.987442691568212,0.012557308431788072,1.0,0
2017-05-11,0,0,0.98559,0.01441,1.0,0,0.9865612203456534,0.013438779654346639,1.0,0,0.9907050215987864,0.00929497840121358,1.0,0,0.9909828851913841,0.009017114808615874,1.0,0,0.9874783760911529,0.012521623908847144,1.0,0
2017-05-12,0,0,0.98559,0.01441,1.0,0,0.9873065626114055,0.012693437388594474,1.0,0,0.9905123361763994,0.00948766382360056,1.0,0,0.9915450234013989,0.008454976598601067,1.0,0,0.9875139604904525,0.012486039509547544,1.0,0
2017-05-15,0,0,0.98559,0.01441,1.0,0,0.9898514547286295,0.010148545271370548,1.0,0,0.9913203988584779,0.008679601141522065,1.0,0,0.9931693523925496,0.006830647607450448,1.0,0,0.9875494450397597,0.012450554960240319,1.0,0
2017-05-16,0,0,0.98559,0.01441,1.0,0,0.988267292722867,0.011732707277133061,1.0,0,0.9907074380210394,0.009292561978960607,1.0,0,0.9917132421442623,0.008286757855737766,1.0,0,0.9875848300120169,0.012415169987983116,1.0,0
2017-05-17,0,0,0.98559,0.01441,1.0,0,0.97983754259136,0.02016245740864002,1.0,0,0.9898110045672097,0.010188995432790334,1.0,0,0.9888186742102468,0.01118132578975313,1.0,0,0.9876201156794614,0.012379884320538577,1.0,0
2017-05-18,0,0,0.98559,0.01441,1.0,0,0.9861187577848834,0.013881242215116552,1.0,0,0.9910100911145274,0.0089899088854726,1.0,0,0.9908240250013134,0.009175974998686644,1.0,0,0.9876553023136272,0.012344697686372792,1.0,0
2017-05-19,0,0,0.98559,0.01441,1.0,0,0.9870302325265985,0.012969767473401526,1.0,0,0.9897478680912117,0.010252131908788308,1.0,0,0.9884513509051187,0.011548649094881262,1.0,0,0.9876903901853463,0.012309609814653635,1.0,0
2017-05-22,0,0,0.98559,0.01441,1.0,0,0.9887951302981773,0.011204869701822618,1.0,0,0.9914685078827334,0.008531492117266526,1.0,0,0.9924294705975879,0.0075705294024120415,1.0,0,0.9877253795647507,0.01227462043524928,1.0,0
2017-05-23,0,0,0.98559,0.01441,1.0,0,0.9912269950684434,0.008773004931556588,1.0,0,0.9915813912151108,0.008418608784889148,1.0,0,0.9929854443522683,0.007014555647731692,1.0,0,0.9877602707212735,0.01223972927872656,1.0,0
2017-05-24,0,0,0.98559,0.01441,1.0,0,0.9901409538552299,0.009859046144770112,1.0,0,0.9911871094834241,0.008812890516575866,1.0,0,0.9926778245193526,0.0073221754806474335,1.0,0,0.9877950639236506,0.012204936076349409,1.0,0
2017-05-25,0,0,0.98559,0.01441,1.0,0,0.9907154974737941,0.00928450252620595,1.0,0,0.9915299255659669,0.0084700744340331,1.0,0,0.9933679577277377,0.006632042272262323,1.0,0,0.9878297594399227,0.012170240560077282,1.0,0
2017-05-26,0,0,0.98559,0.01441,1.0,0,0.9879039515295779,0.01209604847042214,1.0,0,0.9913161863445843,0.008683813655415753,1.0,0,0.9920286934703949,0.007971306529605144,1.0,0,0.9878643575374364,0.012135642462563587,1.0,0
2017-05-30,0,0,0.98559,0.01441,1.0,0,0.9875471431091971,0.012452856890802848,1.0,0,0.9911532838442648,0.00884671615573517,1.0,0,0.9918812085734254,0.008118791426574571,1.0,0,0.9878988584828459,0.012101141517154107,1.0,0
2017-05-31,0,0,0.98559,0.01441,1.0,0,0.9885933975384541,0.011406602461545857,1.0,0,0.9911631107658281,0.008836889234171901,1.0,0,0.9921070563128045,0.007892943687195543,1.0,0,0.9879332625421146,0.012066737457885453,1.0,0
2017-06-01,0,0,0.98559,0.01441,1.0,0,0.9903945922813121,0.009605407718687946,1.0,0,0.991534316143165,0.008465683856834957,1.0,0,0.9928856835012195,0.00711431649878052,1.0,0,0.9879675699805166,0.012032430019483443,1.0,0
2017-06-02,0,0,0.98559,0.01441,1.0,0,0.9874381861729422,0.012561813827057825,1.0,0,0.9909505192989893,0.009049480701010715,1.0,0,0.9918272013134201,0.008172798686579935,1.0,0,0.9880017810626384,0.011998218937361615,1.0,0
2017-06-05,0,0,0.98559,0.01441,1.0,0,0.9923232543178012,0.007676745682198776,1.0,0,0.9924665416623351,0.007533458337664889,1.0,0,0.9947182183190303,0.005281781680969677,1.0,0,0.9880358960523804,0.011964103947619611,1.0,0
2017-06-06,0,0,0.98559,0.01441,1.0,0,0.9877555622075366,0.012244437792463475,1.0,0,0.9910071083235817,0.008992891676418244,1.0,0,0.991550947872584,0.008449052127415967,1.0,0,0.9880699152129584,0.011930084787041637,1.0,0
2017-06-07,0,0,0.98559,0.01441,1.0,0,0.9921567294505073,0.007843270549492729,1.0,0,0.9921365281275297,0.007863471872470261,1.0,0,0.9937759079952361,0.006224092004763955,1.0,0,0.9881038388069051,0.011896161193094898,1.0,0
2017-06-08,0,0,0.98559,0.01441,1.0,0,0.9893678455633226,0.010632154436677392,1.0,0,0.9912503075922915,0.008749692407708554,1.0,0,0.9915202831210631,0.008479716878936842,1.0,0,0.988137667096072,0.011862332903928057,1.0,0
2017-06-09,0,0,0.98559,0.01441,1.0,0,0.9891671945295109,0.010832805470489126,1.0,0,0.9916967996803837,0.008303200319616268,1.0,0,0.9928515708739976,0.007148429126002458,1.0,0,0.9881714003416303,0.011828599658369673,1.0,0
2017-06-12,0,0,0.98559,0.01441,1.0,0,0.9915804313679685,0.008419568632031551,1.0,0,0.9918235328408779,0.008176467159122175,1.0,0,0.9931436222008876,0.006856377799112385,1.0,0,0.9882050388040734,0.011794961195926611,1.0,0
2017-06-13,0,0,0.98559,0.01441,1.0,0,0.9879469340365058,0.01205306596349419,1.0,0,0.9914780732757462,0.008521926724253797,1.0,0,0.9916836845312096,0.008316315468790358,1.0,0,0.9882385827432174,0.011761417256782612,1.0,0
2017-06-14,0,0,0.98559,0.01441,1.0,0,0.9895923447908399,0.010407655209160096,1.0,0,0.9915150728176366,0.008484927182363416,1.0,0,0.9932247020235545,0.006775297976445446,1.0,0,0.9882720324182034,0.01172796758179659,1.0,0
2017-06-15,0,0,0.98559,0.01441,1.0,0,0.9904427160397493,0.00955728396025064,1.0,0,0.9923484839739382,0.007651516026061796,1.0,0,0.9936446241466703,0.006355375853329704,1.0,0,0.9883053880874988,0.01169461191250121,1.0,0
2017-06-16,0,0,0.98559,0.01441,1.0,0,0.9883073671623567,0.011692632837643338,1.0,0,0.9913446235751526,0.008655376424847339,1.0,0,0.9907673739250056,0.009232626074994447,1.0,0,0.9883386500088988,0.011661349991101298,1.0,0
2017-06-19,0,0,0.98559,0.01441,1.0,0,0.9900877885842785,0.009912211415721567,1.0,0,0.992007666585249,0.007992333414750996,1.0,0,0.9928982949157646,0.007101705084235303,1.0,0,0.9883718184395277,0.011628181560472302,1.0,0
2017-06-20,0,0,0.98559,0.01441,1.0,0,0.9855812314832364,0.01441876851676361,1.0,0,0.9912113932349987,0.00878860676500128,1.0,0,0.9909761759669639,0.009023824033036133,1.0,0,0.9884048936358413,0.011595106364158765,1.0,0
2017-06-21,0,0,0.98559,0.01441,1.0,0,0.9892192444699406,0.01078075553005947,1.0,0,0.9919714629569869,0.008028537043013076,1.0,0,0.9925179570760237,0.007482042923976302,1.0,0,0.9884378758536272,0.011562124146372785,1.0,0
2017-06-22,0,0,0.98559,0.01441,1.0,0,0.988234388906814,0.011765611093185916,1.0,0,0.9913625921538156,0.008637407846184334,1.0,0,0.9910147131293824,0.008985286870617627,1.0,0,0.9884707653480075,0.011529234651992496,1.0,0
2017-06-23,0,0,0.98559,0.01441,1.0,0,0.9895374663355824,0.010462533664417592,1.0,0,0.9919494573708204,0.00805054262917962,1.0,0,0.9929954623997954,0.007004537600204601,1.0,0,0.9885035623734395,0.011496437626560496,1.0,0
2017-06-26,0,0,0.98559,0.01441,1.0,0,0.9889224082553402,0.01107759174465978,1.0,0,0.9920248693076845,0.007975130692315478,1.0,0,0.9928575620157595,0.007142437984240539,1.0,0,0.9885362671837176,0.011463732816282383,1.0,0
2017-06-27,0,0,0.98559,0.01441,1.0,0,0.9918841245670796,0.008115875432920349,1.0,0,0.9925782609050638,0.007421739094936135,1.0,0,0.9938769260089821,0.0061230739910179,1.0,0,0.9885688800319749,0.011431119968025186,1.0,0
2017-06-28,0,0,0.98559,0.01441,1.0,0,0.9879233762238782,0.012076623776121806,1.0,0,0.9917850260141733,0.008214973985826697,1.0,0,0.9905701246861408,0.009429875313859207,1.0,0,0.9886014011706842,0.01139859882931585,1.0,0
2017-06-29,0,0,0.98559,0.01441,1.0,0,0.9914076894953202,0.00859231050467982,1.0,0,0.9923432115741135,0.007656788425886456,1.0,0,0.9935924392142015,0.006407560785798531,1.0,0,0.9886338308516602,0.01136616914833973,1.0,0
2017-06-30,0,0,0.98559,0.01441,1.0,0,0.988990678204747,0.011009321795253019,1.0,0,0.9922224525236552,0.00777754747634487,1.0,0,0.9925050105690147,0.007494989430985263,1.0,0,0.988666169326061,0.011333830673939053,1.0,0
2017-07-03,0,0,0.98559,0.01441,1.0,0,0.9891486347804708,0.010851365219529195,1.0,0,0.9921846827894212,0.007815317210578843,1.0,0,0.9918664455148122,0.008133554485187789,1.0,0,0.9886984168443886,0.011301583155611413,1.0,0
2017-07-05,0,0,0.98559,0.01441,1.0,0,0.989013351392729,0.010986648607271065,1.0,0,0.9919494022665761,0.00805059773342385,1.0,0,0.991349180362225,0.008650819637775014,1.0,0,0.9887305736564918,0.011269426343508257,1.0,0
2017-07-06,0,0,0.98559,0.01441,1.0,0,0.9901362602878347,0.009863739712165297,1.0,0,0.9924019014650443,0.007598098534955749,1.0,0,0.9927379087526267,0.0072620912473733085,1.0,0,0.9887626400115667,0.01123735998843338,1.0,0
2017-07-07,0,0,0.98559,0.01441,1.0,0,0.9925274093639502,0.007472590636049742,1.0,0,0.9922766373016546,0.0077233626983454,1.0,0,0.9935365527532035,0.006463447246796432,1.0,0,0.9887946161581586,0.01120538384184139,1.0,0
2017-07-10,0,0,0.98559,0.01441,1.0,0,0.990618243842283,0.00938175615771693,1.0,0,0.9921647309059963,0.0078352690940037,1.0,0,0.9932931793228992,0.006706820677100828,1.0,0,0.9888265023441638,0.011173497655836232,1.0,0
2017-07-11,0,0,0.98559,0.01441,1.0,0,0.9881677616957332,0.011832238304266796,1.0,0,0.9928867826552018,0.007113217344798228,1.0,0,0.9937386255680813,0.006261374431918695,1.0,0,0.9888582988168303,0.011141701183169676,1.0,0
2017-07-12,0,0,0.98559,0.01441,1.0,0,0.9899421766748869,0.010057823325113083,1.0,0,0.9924903612743475,0.007509638725652483,1.0,0,0.9934184564536366,0.006581543546363411,1.0,0,0.9888900058227602,0.011109994177239808,1.0,0
2017-07-13,0,0,0.98559,0.01441,1.0,0,0.9911256831876322,0.008874316812367812,1.0,0,0.9930309062720576,0.006969093727942453,1.0,0,0.994348162620445,0.005651837379554937,1.0,0,0.9889216236079105,0.011078376392089534,1.0,0
2017-07-14,0,0,0.98559,0.01441,1.0,0,0.988719362059795,0.011280637940204978,1.0,0,0.9925906856443981,0.007409314355601936,1.0,0,0.9935471426666163,0.0064528573333837045,1.0,0,0.988953152417595,0.011046847582405081,1.0,0
2017-07-17,0,0,0.98559,0.01441,1.0,0,0.9896377621990307,0.010362237800969322,1.0,0,0.9928439456869349,0.007156054313065112,1.0,0,0.9939614791319717,0.006038520868028213,1.0,0,0.9889845924964855,0.011015407503514521,1.0,0
2017-07-18,0,0,0.98559,0.01441,1.0,0,0.9870802573912931,0.012919742608706854,1.0,0,0.9924370079148872,0.007562992085112777,1.0,0,0.9928311685341047,0.007168831465895364,1.0,0,0.9890159440886138,0.010984055911386225,1.0,0
2017-07-19,0,0,0.98559,0.01441,1.0,0,0.9892262611938728,0.010773738806127205,1.0,0,0.9929428295717463,0.007057170428253658,1.0,0,0.9938044005187371,0.006195599481262871,1.0,0,0.9890472074373725,0.010952792562627442,1.0,0
2017-07-20,0,0,0.98559,0.01441,1.0,0,0.9915106078819824,0.008489392118017537,1.0,0,0.9927158105988899,0.007284189401110065,1.0,0,0.993721328592087,0.006278671407913069,1.0,0,0.9890783827855172,0.010921617214482775,1.0,0
2017-07-21,0,0,0.98559,0.01441,1.0,0,0.9905462793675526,0.009453720632447446,1.0,0,0.9925368405682419,0.007463159431758156,1.0,0,0.993017149963108,0.006982850036892061,1.0,0,0.9891094703751673,0.010890529624832692,1.0,0
2017-07-24,0,0,0.98559,0.01441,1.0,0,0.9900890313555764,0.009910968644423606,1.0,0,0.9929747192019236,0.007025280798076385,1.0,0,0.993486277480638,0.006513722519362034,1.0,0,0.989140470447808,0.01085952955219206,1.0,0
2017-07-25,0,0,0.98559,0.01441,1.0,0,0.9920261677138069,0.00797383228619305,1.0,0,0.9929710009982924,0.007028999001707586,1.0,0,0.9938729981519139,0.006127001848086094,1.0,0,0.9891713832442913,0.01082861675570865,1.0,0
2017-07-26,0,0,0.98559,0.01441,1.0,0,0.9879798915507826,0.012020108449217446,1.0,0,0.9921836425265246,0.00781635747347542,1.0,0,0.9915835556634602,0.008416444336539756,1.0,0,0.9892022090048384,0.010797790995161668,1.0,0
2017-07-27,0,0,0.98559,0.01441,1.0,0,0.9916552162757134,0.008344783724286608,1.0,0,0.9935387120142855,0.006461287985714588,1.0,0,0.9950901753716782,0.0049098246283218175,1.0,0,0.9892329479690397,0.010767052030960277,1.0,0
2017-07-28,0,0,0.98559,0.01441,1.0,0,0.9868210871702918,0.013178912829708157,1.0,0,0.992311731058169,0.007688268941830975,1.0,0,0.9921511065008984,0.007848893499101573,1.0,0,0.9892636003758579,0.010736399624142133,1.0,0
2017-07-31,0,0,0.98559,0.01441,1.0,0,0.9910433783615978,0.008956621638402166,1.0,0,0.9931080905580104,0.006891909441989534,1.0,0,0.9940247458975903,0.005975254102409714,1.0,0,0.9892941664636281,0.010705833536371877,1.0,0
2017-08-01,0,0,0.98559,0.01441,1.0,0,0.989143354044325,0.010856645955675088,1.0,0,0.9922928032913596,0.007707196708640408,1.0,0,0.9921341668826261,0.00786583311737388,1.0,0,0.9893246464700602,0.010675353529939717,1.0,0
2017-08-02,0,0,0.98559,0.01441,1.0,0,0.9911941451134223,0.008805854886577712,1.0,0,0.9931999967779822,0.006800003222017743,1.0,0,0.9942840833696964,0.005715916630303625,1.0,0,0.9893550406322401,0.01064495936775994,1.0,0
2017-08-03,0,0,0.98559,0.01441,1.0,0,0.9907537340510111,0.009246265948988908,1.0,0,0.9926522015492907,0.00734779845070933,1.0,0,0.9930585811476468,0.006941418852353172,1.0,0,0.9893853491866306,0.010614650813369438,1.0,0
2017-08-04,0,0,0.98559,0.01441,1.0,0,0.9914963131703879,0.0085036868296121,1.0,0,0.9933023151338748,0.006697684866125202,1.0,0,0.9938262369858399,0.006173763014160105,1.0,0,0.9894155723690737,0.010584427630926258,1.0,0
2017-08-07,0,0,0.98559,0.01441,1.0,0,0.9893494070588439,0.010650592941156114,1.0,0,0.9925108683226932,0.007489131677306787,1.0,0,0.9923166812777565,0.0076833187222434445,1.0,0,0.9894457104147919,0.010554289585208149,1.0,0
2017-08-08,0,0,0.98559,0.01441,1.0,0,0.9917831465507575,0.008216853449242542,1.0,0,0.9933416286449731,0.006658371355026902,1.0,0,0.9944381250757611,0.005561874924238911,1.0,0,0.989475763558389,0.010524236441611094,1.0,0
2017-08-09,0,0,0.98559,0.01441,1.0,0,0.98585732440972,0.014142675590279988,1.0,0,0.9923388869273716,0.007661113072628384,1.0,0,0.9918050505727404,0.008194949427259601,1.0,0,0.9895057320338522,0.010494267966147847,1.0,0
2017-08-10,0,0,0.98559,0.01441,1.0,0,0.9903691594861418,0.009630840513858197,1.0,0,0.9926432526697545,0.007356747330245497,1.0,0,0.9924583254351891,0.007541674564810963,1.0,0,0.9895356160745535,0.010464383925446512,1.0,0
2017-08-11,0,0,0.98559,0.01441,1.0,0,0.9900954894753357,0.009904510524664385,1.0,0,0.99242455477383,0.00757544522617001,1.0,0,0.9912740535369363,0.00872594646306365,1.0,0,0.989565415913251,0.01043458408674907,1.0,0
2017-08-14,0,0,0.98559,0.01441,1.0,0,0.993722112358415,0.0062778876415850345,1.0,0,0.9930471598194082,0.006952840180591849,1.0,0,0.9938991644768066,0.006100835523193388,1.0,0,0.98959513178209,0.010404868217909938,1.0,0
2017-08-15,0,0,0.98559,0.01441,1.0,0,0.9930849121831922,0.0069150878168078266,1.0,0,0.9935349788695316,0.006465021130468451,1.0,0,0.9947881435286203,0.005211856471379728,1.0,0,0.9896247639126055,0.010375236087394527,1.0,0
2017-08-16,0,0,0.98559,0.01441,1.0,0,0.9889164450836607,0.011083554916339274,1.0,0,0.99317121320793,0.006828786792070015,1.0,0,0.9938093027646976,0.0061906972353023846,1.0,0,0.9896543125357222,0.0103456874642778,1.0,0
2017-08-17,0,0,0.98559,0.01441,1.0,0,0.9900774794105012,0.009922520589498867,1.0,0,0.9932763640095396,0.006723635990460427,1.0,0,0.9942766897936842,0.005723310206315762,1.0,0,0.9896837778817572,0.010316222118242823,1.0,0
2017-08-18,0,0,0.98559,0.01441,1.0,0,0.9900373244829773,0.009962675517022663,1.0,0,0.9930286344507807,0.00697136554921926,1.0,0,0.9930022306729501,0.0069977693270499115,1.0,0,0.9897131601804207,0.010286839819579346,1.0,0
2017-08-21,0,0,0.98559,0.01441,1.0,0,0.991213424113172,0.008786575886827968,1.0,0,0.9926546697027018,0.007345330297298213,1.0,0,0.9916589271480825,0.008341072851917593,1.0,0,0.9897424596608176,0.01025754033918236,1.0,0
2017-08-22,0,0,0.98559,0.01441,1.0,0,0.9915274280700748,0.008472571929925204,1.0,0,0.9935034702171345,0.006496529782865499,1.0,0,0.9940027941198668,0.005997205880133166,1.0,0,0.9897716765514494,0.01022832344855064,1.0,0
2017-08-23,0,0,0.98559,0.01441,1.0,0,0.9874699449761691,0.01253005502383087,1.0,0,0.9929755772247323,0.0070244227752677075,1.0,0,0.9929817880950879,0.007018211904912144,1.0,0,0.9898008110802147,0.010199188919785362,1.0,0
2017-08-24,0,0,0.98559,0.01441,1.0,0,0.9934216986028205,0.006578301397179533,1.0,0,0.993967945642811,0.006032054357188983,1.0,0,0.995458006054037,0.004541993945963024,1.0,0,0.9898298634744114,0.01017013652558865,1.0,0
2017-08-25,0,0,0.98559,0.01441,1.0,0,0.9905527462598774,0.009447253740122582,1.0,0,0.9929356827442409,0.0070643172557590655,1.0,0,0.992836195300642,0.007163804699357962,1.0,0,0.9898588339607378,0.010141166039262144,1.0,0
2017-08-28,0,0,0.98559,0.01441,1.0,0,0.9898545854870011,0.010145414512998854,1.0,0,0.9935390510751513,0.006460948924848692,1.0,0,0.9940736235780835,0.005926376421916557,1.0,0,0.9898877227652945,0.010112277234705591,1.0,0
2017-08-29,0,0,0.98559,0.01441,1.0,0,0.9904422640597426,0.00955773594025748,1.0,0,0.9934101546134084,0.006589845386591554,1.0,0,0.9941329224283837,0.0058670775716163515,1.0,0,0.9899165301135846,0.010083469886415425,1.0,0
2017-08-30,0,0,0.98559,0.01441,1.0,0,0.9925446561507629,0.007455343849237035,1.0,0,0.9936074156877408,0.006392584312259144,1.0,0,0.9947397209924607,0.0052602790075393785,1.0,0,0.9899452562305167,0.010054743769483348,1.0,0
2017-08-31,0,0,0.98559,0.01441,1.0,0,0.986615720569235,0.013384279430765032,1.0,0,0.993377556487972,0.006622443512027963,1.0,0,0.9930305939935599,0.006969406006440182,1.0,0,0.9899739013404051,0.01002609865959489,1.0,0
2017-09-01,0,0,0.98559,0.01441,1.0,0,0.9927761422798246,0.007223857720175445,1.0,0,0.9941852569355786,0.005814743064421379,1.0,0,0.9948195178540258,0.005180482145974183,1.0,0,0.9900024656669719,0.009997534333028043,1.0,0
2017-09-05,0,0,0.98559,0.01441,1.0,0,0.986021012442798,0.013978987557201972,1.0,0,0.9925248890757752,0.007475110924224869,1.0,0,0.9910944010993799,0.008905598900620109,1.0,0,0.9900309494333481,0.009969050566651818,1.0,0
2017-09-06,0,0,0.98559,0.01441,1.0,0,0.992532100223551,0.007467899776449032,1.0,0,0.9942646332371659,0.005735366762834133,1.0,0,0.9955787957850323,0.004421204214967701,1.0,0,0.9900593528620751,0.009940647137924846,1.0,0
2017-09-07,0,0,0.98559,0.01441,1.0,0,0.9891148213753443,0.010885178624655649,1.0,0,0.9925772349320617,0.007422765067938296,1.0,0,0.9916064838010826,0.00839351619891737,1.0,0,0.9900876761751061,0.009912323824893973,1.0,0
2017-09-08,0,0,0.98559,0.01441,1.0,0,0.992376243548339,0.00762375645166103,1.0,0,0.9939404162982755,0.006059583701724578,1.0,0,0.9949484489053839,0.005051551094616074,1.0,0,0.9901159195938072,0.009884080406192857,1.0,0
2017-09-11,0,0,0.98559,0.01441,1.0,0,0.9925510535645712,0.007448946435428782,1.0,0,0.9938116084989578,0.006188391501042229,1.0,0,0.9944843047241835,0.005515695275816548,1.0,0,0.9901440833389594,0.009855916661040567,1.0,0
2017-09-12,0,0,0.98559,0.01441,1.0,0,0.9920557683819438,0.007944231618056227,1.0,0,0.9937129572120614,0.0062870427879385135,1.0,0,0.994502113516305,0.005497886483694942,1.0,0,0.9901721676307598,0.009827832369240187,1.0,0
2017-09-13,0,0,0.98559,0.01441,1.0,0,0.9920359851741289,0.007964014825871056,1.0,0,0.9940276251742504,0.00597237482574966,1.0,0,0.9952514209360982,0.004748579063901794,1.0,0,0.9902001726888225,0.009799827311177421,1.0,0
2017-09-14,0,0,0.98559,0.01441,1.0,0,0.9899407473252859,0.010059252674714048,1.0,0,0.9936701751763014,0.006329824823698572,1.0,0,0.9941498698913087,0.0058501301086912455,1.0,0,0.9902280987321808,0.009771901267819183,1.0,0
2017-09-15,0,0,0.98559,0.01441,1.0,0,0.9907457013223404,0.0092542986776596,1.0,0,0.9938121411694469,0.006187858830553047,1.0,0,0.9944712240488263,0.0055287759511737505,1.0,0,0.9902559459792878,0.009744054020712236,1.0,0
2017-09-18,0,0,0.98559,0.01441,1.0,0,0.9923180027688332,0.0076819972311667995,1.0,0,0.9938746240639521,0.006125375936047894,1.0,0,0.9943752645298894,0.005624735470110528,1.0,0,0.9902837146480182,0.009716285351981793,1.0,0
2017-09-19,0,0,0.98559,0.01441,1.0,0,0.991149635490026,0.008850364509974023,1.0,0,0.9936816109089447,0.0063183890910553184,1.0,0,0.9942674693760247,0.005732530623975312,1.0,0,0.9903114049556699,0.009688595044330115,1.0,0
2017-09-20,0,0,0.98559,0.01441,1.0,0,0.991146938247053,0.008853061752947006,1.0,0,0.9939585014929325,0.0060414985070674585,1.0,0,0.9950458124406927,0.00495418755930732,1.0,0,0.9903390171189649,0.009660982881035153,1.0,0
2017-09-21,0,0,0.98559,0.01441,1.0,0,0.9913945593880683,0.008605440611931693,1.0,0,0.9935971858051554,0.00640281419484457,1.0,0,0.9937270128694721,0.006272987130527944,1.0,0,0.9903665513540508,0.009633448645949146,1.0,0
2017-09-22,0,0,0.98559,0.01441,1.0,0,0.9904356176148179,0.00956438238518214,1.0,0,0.993584609968733,0.006415390031266998,1.0,0,0.9932752527198118,0.006724747280188257,1.0,0,0.9903940078765028,0.009605992123497263,1.0,0
2017-09-25,0,0,0.98559,0.01441,1.0,0,0.9864001641828052,0.013599835817194868,1.0,0,0.9934265714064081,0.0065734285935919136,1.0,0,0.9926830970328219,0.007316902967178178,1.0,0,0.9904213869013238,0.009578613098676195,1.0,0
2017-09-26,0,0,0.98559,0.01441,1.0,0,0.9927140168187155,0.007285983181284459,1.0,0,0.9940170989252118,0.00598290107478821,1.0,0,0.9945042650397174,0.0054957349602825275,1.0,0,0.9904486886429472,0.009551311357052821,1.0,0
2017-09-27,0,0,0.98559,0.01441,1.0,0,0.993527048319279,0.006472951680721042,1.0,0,0.9940280190235937,0.005971980976406267,1.0,0,0.9943149302153326,0.00568506978466741,1.0,0,0.9904759133152372,0.009524086684762817,1.0,0
2017-09-28,0,0,0.98559,0.01441,1.0,0,0.9918386260622174,0.008161373937782618,1.0,0,0.9936206606259185,0.006379339374081532,1.0,0,0.9941929730993321,0.0058070269006678865,1.0,0,0.9905030611314907,0.009496938868509283,1.0,0
2017-09-29,0,0,0.98559,0.01441,1.0,0,0.9932204502468435,0.006779549753156536,1.0,0,0.9944253717874595,0.005574628212540505,1.0,0,0.9963714689371549,0.0036285310628450954,1.0,0,0.9905301323044386,0.009469867695561395,1.0,0
2017-10-02,0,0,0.98559,0.01441,1.0,0,0.9927578396109419,0.007242160389058118,1.0,0,0.9942299634501934,0.0057700365498065615,1.0,0,0.9952393002730805,0.004760699726919451,1.0,0,0.990557127046247,0.009442872953753017,1.0,0
2017-10-03,0,0,0.98559,0.01441,1.0,0,0.9915481529249824,0.008451847075017538,1.0,0,0.9941211841679619,0.005878815832038131,1.0,0,0.9947545343377899,0.005245465662210052,1.0,0,0.9905840455685186,0.009415954431481365,1.0,0
2017-10-04,0,0,0.98559,0.01441,1.0,0,0.99155115288122,0.008448847118780037,1.0,0,0.9942356718978329,0.00576432810216708,1.0,0,0.9952858087300499,0.004714191269950102,1.0,0,0.9906108880822944,0.009389111917705629,1.0,0
2017-10-05,0,0,0.98559,0.01441,1.0,0,0.991343519902691,0.008656480097309053,1.0,0,0.9942410716399749,0.005758928360025128,1.0,0,0.9950601472155026,0.004939852784497425,1.0,0,0.9906376547980543,0.009362345201945637,1.0,0
2017-10-06,0,0,0.98559,0.01441,1.0,0,0.9926991054246316,0.00730089457536846,1.0,0,0.9940499597712085,0.005950040228791494,1.0,0,0.9945556630970173,0.0054443369029826974,1.0,0,0.9906643459257195,0.009335654074280466,1.0,0
2017-10-10,0,0,0.98559,0.01441,1.0,0,0.9881665948433828,0.011833405156617238,1.0,0,0.9937057532448276,0.006294246755172421,1.0,0,0.9932713312263728,0.006728668773627256,1.0,0,0.9906909616746529,0.009309038325347137,1.0,0
2017-10-11,0,0,0.98559,0.01441,1.0,0,0.9913044540540414,0.008695545945958595,1.0,0,0.9941989936345769,0.005801006365423147,1.0,0,0.9946756194316233,0.005324380568376732,1.0,0,0.9907175022536607,0.009282497746339238,1.0,0
2017-10-12,0,0,0.98559,0.01441,1.0,0,0.9913535983245634,0.008646401675436635,1.0,0,0.9937565907833563,0.00624340921664371,1.0,0,0.9937417835472606,0.006258216452739397,1.0,0,0.9907439678709944,0.009256032129005581,1.0,0
2017-10-13,0,0,0.98559,0.01441,1.0,0,0.9893836653544106,0.010616334645589377,1.0,0,0.9939044638139953,0.006095536186004687,1.0,0,0.9939377200266594,0.006062279973340647,1.0,0,0.9907703587343512,0.009229641265648866,1.0,0
2017-10-16,0,0,0.98559,0.01441,1.0,0,0.9929161798983822,0.007083820101617753,1.0,0,0.9943448015063172,0.005655198493682737,1.0,0,0.9950049555239381,0.004995044476061962,1.0,0,0.9907966750508757,0.009203324949124332,1.0,0
2017-10-17,0,0,0.98559,0.01441,1.0,0,0.9919446139628089,0.008055386037191092,1.0,0,0.9938323935294421,0.006167606470557916,1.0,0,0.9937857542836998,0.006214245716300286,1.0,0,0.9908229170271615,0.00917708297283843,1.0,0
2017-10-18,0,0,0.98559,0.01441,1.0,0,0.9934364640336542,0.006563535966345823,1.0,0,0.9944548752362804,0.00554512476371965,1.0,0,0.9950008746765273,0.0049991253234726715,1.0,0,0.9908490848692526,0.009150915130747445,1.0,0
2017-10-19,0,0,0.98559,0.01441,1.0,0,0.9915421817141634,0.008457818285836544,1.0,0,0.9938299405936513,0.006170059406348784,1.0,0,0.9941882698712271,0.005811730128772938,1.0,0,0.9908751787826438,0.009124821217356256,1.0,0
2017-10-20,0,0,0.98559,0.01441,1.0,0,0.9927801822586426,0.007219817741357416,1.0,0,0.994705679527689,0.005294320472311087,1.0,0,0.9955045986963013,0.004495401303698783,1.0,0,0.9909011989722831,0.009098801027716884,1.0,0
2017-10-23,0,0,0.98559,0.01441,1.0,0,0.991193328518386,0.008806671481613975,1.0,0,0.9938121946535137,0.006187805346486341,1.0,0,0.9939254592272463,0.006074540772753671,1.0,0,0.9909271456425728,0.009072854357427261,1.0,0
2017-10-24,0,0,0.98559,0.01441,1.0,0,0.9919265952633798,0.008073404736620231,1.0,0,0.9945850522113159,0.0054149477886841395,1.0,0,0.995473485807152,0.004526514192847958,1.0,0,0.9909530189973701,0.009046981002629854,1.0,0
2017-10-25,0,0,0.98559,0.01441,1.0,0,0.9928823297729024,0.007117670227097657,1.0,0,0.9941339744314129,0.0058660255685871136,1.0,0,0.9945164192731027,0.005483580726897298,1.0,0,0.9909788192399897,0.009021180760010353,1.0,0
2017-10-26,0,0,0.98559,0.01441,1.0,0,0.99032315365484,0.009676846345160023,1.0,0,0.9939610716747547,0.00603892832524535,1.0,0,0.9935742575500147,0.0064257424499852495,1.0,0,0.9910045465732037,0.008995453426796356,1.0,0
2017-10-27,0,0,0.98559,0.01441,1.0,0,0.9906225611540662,0.009377438845933828,1.0,0,0.9941259837960628,0.005874016203937289,1.0,0,0.9944297893161416,0.005570210683858429,1.0,0,0.991030201199244,0.008969798800756037,1.0,0
2017-10-30,0,0,0.98559,0.01441,1.0,0,0.9903629420470785,0.00963705795292146,1.0,0,0.9941883989148442,0.005811601085155801,1.0,0,0.9946700982301918,0.005329901769808241,1.0,0,0.9910557833198032,0.008944216680196853,1.0,0
2017-10-31,0,0,0.98559,0.01441,1.0,0,0.9915427467179267,0.008457253282073205,1.0,0,0.994571324156567,0.005428675843432999,1.0,0,0.9951266158588645,0.00487338414113545,1.0,0,0.9910812931360358,0.008918706863964185,1.0,0
2017-11-01,0,0,0.98559,0.01441,1.0,0,0.9920033907060031,0.007996609293996938,1.0,0,0.9940277362498616,0.005972263750138381,1.0,0,0.9940876641096391,0.00591233589036093,1.0,0,0.9911067308485599,0.008893269151440083,1.0,0
2017-11-02,0,0,0.98559,0.01441,1.0,0,0.9910384720930163,0.008961527906983645,1.0,0,0.9941284090026092,0.005871590997390729,1.0,0,0.9941408286278699,0.0058591713721300705,1.0,0,0.991132096657458,0.008867903342541918,1.0,0
2017-11-03,0,0,0.98559,0.01441,1.0,0,0.988109201705775,0.011890798294224987,1.0,0,0.9942909637766512,0.005709036223348787,1.0,0,0.9936590620537644,0.006340937946235527,1.0,0,0.9911573907622789,0.008842609237721092,1.0,0
2017-11-06,0,0,0.98559,0.01441,1.0,0,0.9873783022862301,0.012621697713769905,1.0,0,0.9939219253307342,0.006078074669265775,1.0,0,0.9927007700309523,0.007299229969047763,1.0,0,0.9911826133620383,0.008817386637961727,1.0,0
2017-11-07,0,0,0.98559,0.01441,1.0,0,0.9890473726452593,0.010952627354740707,1.0,0,0.9940244967556572,0.005975503244342762,1.0,0,0.9927855203202651,0.007214479679734883,1.0,0,0.9912077646552206,0.008792235344779365,1.0,0
2017-11-08,0,0,0.98559,0.01441,1.0,0,0.9920996961056285,0.007900303894371503,1.0,0,0.9941089657705425,0.005891034229457416,1.0,0,0.9935101681502417,0.006489831849758237,1.0,0,0.9912328448397804,0.00876715516021968,1.0,0
2017-11-09,0,0,0.98559,0.01441,1.0,0,0.9927343116685491,0.007265688331450915,1.0,0,0.9941661818893959,0.0058338181106040755,1.0,0,0.9942852275782044,0.005714772421795655,1.0,0,0.9912578541131428,0.008742145886857141,1.0,0
2017-11-10,0,0,0.98559,0.01441,1.0,0,0.995077464606084,0.004922535393915952,1.0,0,0.9946536415369366,0.005346358463063413,1.0,0,0.9956031227041371,0.00439687729586294,1.0,0,0.9912827926722062,0.0087172073277938,1.0,0
2017-11-13,0,0,0.98559,0.01441,1.0,0,0.992465930537289,0.007534069462710968,1.0,0,0.9939608470303645,0.00603915296963558,1.0,0,0.9939141685274474,0.0060858314725525985,1.0,0,0.9913076607133421,0.008692339286657896,1.0,0
2017-11-14,0,0,0.98559,0.01441,1.0,0,0.9922088334825723,0.007791166517427779,1.0,0,0.9945012488250512,0.005498751174948842,1.0,0,0.9953433260793412,0.004656673920658846,1.0,0,0.9913324584323974,0.008667541567602646,1.0,0
2017-11-15,0,0,0.98559,0.01441,1.0,0,0.9908234566155159,0.009176543384484166,1.0,0,0.9940729939545905,0.00592700604540947,1.0,0,0.9940109957100665,0.005989004289933497,1.0,0,0.991357186024695,0.008642813975304931,1.0,0
2017-11-16,0,0,0.98559,0.01441,1.0,0,0.9938814078771032,0.006118592122896761,1.0,0,0.9946483479444553,0.005351652055544696,1.0,0,0.9949132834769128,0.005086716523087227,1.0,0,0.991381843685036,0.008618156314964005,1.0,0
2017-11-17,0,0,0.98559,0.01441,1.0,0,0.9918188852354833,0.008181114764516677,1.0,0,0.9942620955037194,0.005737904496280671,1.0,0,0.9944360155443822,0.0055639844556177745,1.0,0,0.9914064316076998,0.008593568392300221,1.0,0
2017-11-20,0,0,0.98559,0.01441,1.0,0,0.9930342836953086,0.006965716304691489,1.0,0,0.9948771797517957,0.005122820248204266,1.0,0,0.9956004690462958,0.004399530953704192,1.0,0,0.9914309499864462,0.008569050013553752,1.0,0
2017-11-21,0,0,0.98559,0.01441,1.0,0,0.9912738083190179,0.008726191680982117,1.0,0,0.9943394758189534,0.005660524181046553,1.0,0,0.9942051331624705,0.005794866837529456,1.0,0,0.9914553990145167,0.00854460098548332,1.0,0
2017-11-22,0,0,0.98559,0.01441,1.0,0,0.9912708676881484,0.0087291323118516,1.0,0,0.9946750594582005,0.005324940541799556,1.0,0,0.9949222707119435,0.005077729288056464,1.0,0,0.9914797788846351,0.008520221115364893,1.0,0
2017-11-24,0,0,0.98559,0.01441,1.0,0,0.9931289009432301,0.006871099056769808,1.0,0,0.9949439328982224,0.00505606710177767,1.0,0,0.9959274894833495,0.004072510516650515,1.0,0,0.9915040897890095,0.008495910210990457,1.0,0
2017-11-27,0,0,0.98559,0.01441,1.0,0,0.9932658411351877,0.0067341588648123125,1.0,0,0.9945192619539135,0.005480738046086529,1.0,0,0.994931395230112,0.005068604769888022,1.0,0,0.9915283319193333,0.008471668080666715,1.0,0
2017-11-28,0,0,0.98559,0.01441,1.0,0,0.9927666868253892,0.007233313174610897,1.0,0,0.9948374679228289,0.005162532077171152,1.0,0,0.9957085348475314,0.004291465152468616,1.0,0,0.9915525054667862,0.00844749453321383,1.0,0
2017-11-29,0,0,0.98559,0.01441,1.0,0,0.994055499073874,0.00594450092612602,1.0,0,0.9949337536201558,0.0050662463798441726,1.0,0,0.9957621320635828,0.004237867936417241,1.0,0,0.9915766106220358,0.008423389377964163,1.0,0
2017-11-30,0,0,0.98559,0.01441,1.0,0,0.9929997411688669,0.007000258831133078,1.0,0,0.9947187329516055,0.0052812670483945185,1.0,0,0.9955001238942192,0.004499876105780862,1.0,0,0.991600647575239,0.008399352424761006,1.0,0
2017-12-01,0,0,0.98559,0.01441,1.0,0,0.987802446598711,0.012197553401289068,1.0,0,0.9943053644013803,0.005694635598619726,1.0,0,0.9944177199216351,0.005582280078364976,1.0,0,0.9916246165160427,0.008375383483957331,1.0,0
2017-12-04,0,0,0.98559,0.01441,1.0,0,0.9936686805460525,0.006331319453947513,1.0,0,0.995058234980703,0.004941765019297012,1.0,0,0.9956090411242218,0.00439095887577826,1.0,0,0.9916485176335855,0.008351482366414498,1.0,0
2017-12-05,0,0,0.98559,0.01441,1.0,0,0.9921266123823415,0.007873387617658514,1.0,0,0.994077846806122,0.0059221531938780025,1.0,0,0.9938457824341039,0.006154217565896059,1.0,0,0.9916723511164989,0.008327648883501083,1.0,0
2017-12-06,0,0,0.98559,0.01441,1.0,0,0.9936054689692488,0.006394531030751213,1.0,0,0.9947391240216661,0.0052608759783339416,1.0,0,0.9953371716862818,0.004662828313718183,1.0,0,0.9916961171529085,0.008303882847091515,1.0,0
2017-12-07,0,0,0.98559,0.01441,1.0,0,0.9940047437730429,0.0059952562269570695,1.0,0,0.994860258313073,0.005139741686927002,1.0,0,0.9953340494010434,0.004665950598956591,1.0,0,0.9917198159304351,0.008280184069564918,1.0,0
2017-12-08,0,0,0.98559,0.01441,1.0,0,0.9915588923658665,0.008441107634133478,1.0,0,0.9945154587445347,0.005484541255465323,1.0,0,0.9945802952306385,0.005419704769361476,1.0,0,0.9917434476361962,0.008256552363803817,1.0,0
2017-12-11,0,0,0.98559,0.01441,1.0,0,0.9922616960201367,0.0077383039798633296,1.0,0,0.9949583224089981,0.0050416775910019605,1.0,0,0.99572005230549,0.004279947694510033,1.0,0,0.9917670124568071,0.008232987543192911,1.0,0
2017-12-12,0,0,0.98559,0.01441,1.0,0,0.993355210764478,0.006644789235522005,1.0,0,0.9948672110945919,0.005132788905408163,1.0,0,0.9952917789435942,0.00470822105640577,1.0,0,0.9917905105783822,0.00820948942161782,1.0,0
2017-12-13,0,0,0.98559,0.01441,1.0,0,0.9916748962176266,0.00832510378237341,1.0,0,0.9944955495116117,0.005504450488388366,1.0,0,0.994832431062729,0.005167568937271024,1.0,0,0.9918139421865362,0.00818605781346385,1.0,0
2017-12-14,0,0,0.98559,0.01441,1.0,0,0.9922785000739973,0.007721499926002707,1.0,0,0.9948958140440409,0.00510418595595904,1.0,0,0.995584972843827,0.004415027156173033,1.0,0,0.9918373074663852,0.00816269253361477,1.0,0
2017-12-15,0,0,0.98559,0.01441,1.0,0,0.9927682408259121,0.0072317591740878925,1.0,0,0.9947789929598654,0.0052210070401346245,1.0,0,0.9951270940644282,0.004872905935571773,1.0,0,0.9918606066025485,0.008139393397451533,1.0,0
2017-12-18,0,0,0.98559,0.01441,1.0,0,0.9941488666693222,0.005851133330677784,1.0,0,0.9950916483043832,0.004908351695616748,1.0,0,0.9955039111455042,0.004496088854495816,1.0,0,0.9918838397791488,0.008116160220851102,1.0,0
2017-12-19,0,0,0.98559,0.01441,1.0,0,0.9948716923059441,0.005128307694055928,1.0,0,0.9951474413043779,0.0048525586956220225,1.0,0,0.995900271079544,0.004099728920455976,1.0,0,0.9919070071798148,0.008092992820185177,1.0,0
2017-12-20,0,0,0.98559,0.01441,1.0,0,0.9937701569371273,0.006229843062872618,1.0,0,0.9948736484364954,0.005126351563504606,1.0,0,0.9952277464728354,0.004772253527164607,1.0,0,0.991930108987681,0.008069891012318987,1.0,0
2017-12-21,0,0,0.98559,0.01441,1.0,0,0.990196720607554,0.00980327939244599,1.0,0,0.9945026735626543,0.005497326437345727,1.0,0,0.9945012309055804,0.0054987690944195864,1.0,0,0.9919531453853899,0.008046854614610062,1.0,0
2017-12-22,0,0,0.98559,0.01441,1.0,0,0.992640726637739,0.0073592733622610184,1.0,0,0.9951124818717055,0.004887518128294502,1.0,0,0.9956961104602452,0.004303889539754798,1.0,0,0.991976116555093,0.008023883444907003,1.0,0
2017-12-26,0,0,0.98559,0.01441,1.0,0,0.9908813952937988,0.009118604706201225,1.0,0,0.994547368749218,0.005452631250782044,1.0,0,0.994260893351086,0.005739106648913971,1.0,0,0.9919990226784517,0.008000977321548277,1.0,0
2017-12-27,0,0,0.98559,0.01441,1.0,0,0.9890160661056814,0.010983933894318575,1.0,0,0.9945518621679272,0.005448137832072817,1.0,0,0.9938977983333941,0.0061022016666059204,1.0,0,0.992021863936639,0.007978136063360963,1.0,0
2017-12-28,0,0,0.98559,0.01441,1.0,0,0.9930584796423247,0.006941520357675294,1.0,0,0.9950722513696452,0.004927748630354832,1.0,0,0.9953503866786,0.004649613321399987,1.0,0,0.9920446405103404,0.007955359489659607,1.0,0
2017-12-29,0,0,0.98559,0.01441,1.0,0,0.9915495435618386,0.00845045643816145,1.0,0,0.9945059278937508,0.005494072106249167,1.0,0,0.9940376099469704,0.0059623900530295735,1.0,0,0.9920673525797551,0.007932647420244921,1.0,0
2018-01-02,0,0,0.98559,0.01441,1.0,0,0.9947816334275235,0.005218366572476594,1.0,0,0.9953537059656953,0.004646294034304685,1.0,0,0.9962585995974225,0.003741400402577541,1.0,0,0.9920900003245974,0.007909999675402644,1.0,0
2018-01-03,0,0,0.98559,0.01441,1.0,0,0.9919520326005263,0.008047967399473648,1.0,0,0.9945029793935096,0.005497020606490349,1.0,0,0.994357602446509,0.005642397553491084,1.0,0,0.9921125839240977,0.007887416075902298,1.0,0
2018-01-04,0,0,0.98559,0.01441,1.0,0,0.9934298137977571,0.006570186202242931,1.0,0,0.9954490149031561,0.0045509850968438745,1.0,0,0.9964009757403006,0.003599024259699392,1.0,0,0.992135103557004,0.007864896442995994,1.0,0
2018-01-05,0,0,0.98559,0.01441,1.0,0,0.9942579219114712,0.005742078088528787,1.0,0,0.9952187265400553,0.004781273459944703,1.0,0,0.9958932394784852,0.004106760521514872,1.0,0,0.9921575594015828,0.007842440598417223,1.0,0
2018-01-08,0,0,0.98559,0.01441,1.0,0,0.9930534160718473,0.006946583928152698,1.0,0,0.9950625139181816,0.004937486081818457,1.0,0,0.9956726056749113,0.004327394325088665,1.0,0,0.9921799516356203,0.007820048364379663,1.0,0
2018-01-09,0,0,0.98559,0.01441,1.0,0,0.9942595061633775,0.005740493836622484,1.0,0,0.9954443889996416,0.004555611000358401,1.0,0,0.9961962437155671,0.0038037562844328294,1.0,0,0.992202280436424,0.007797719563575979,1.0,0
2018-01-10,0,0,0.98559,0.01441,1.0,0,0.9915446299852895,0.008455370014710544,1.0,0,0.9947003675653856,0.005299632434614412,1.0,0,0.9943283959554392,0.0056716040445608275,1.0,0,0.9922245459808234,0.0077754540191766015,1.0,0
2018-01-12,0,0,0.98559,0.01441,1.0,0,0.9920005501682516,0.007999449831748398,1.0,0,0.995132161772062,0.004867838227938054,1.0,0,0.9959816360757,0.004018363924299951,1.0,0,0.9922467484451714,0.0077532515548286,1.0,0
2018-01-16,0,0,0.98559,0.01441,1.0,0,0.9932819347404451,0.0067180652595548625,1.0,0,0.9951383615073179,0.004861638492682031,1.0,0,0.9956093091215134,0.004390690878486653,1.0,0,0.9922688880053456,0.007731111994654406,1.0,0
2018-01-17,0,0,0.98559,0.01441,1.0,0,0.9935923291708852,0.0064076708291147914,1.0,0,0.9953531574783754,0.004646842521624649,1.0,0,0.9960291762102554,0.003970823789744515,1.0,0,0.9922909648367493,0.007709035163250688,1.0,0
2018-01-18,0,0,0.98559,0.01441,1.0,0,0.9935905759255931,0.006409424074406899,1.0,0,0.9949927692852796,0.005007230714720439,1.0,0,0.9949733366381619,0.0050266633618381105,1.0,0,0.9923129791143128,0.007687020885687141,1.0,0
2018-01-19,0,0,0.98559,0.01441,1.0,0,0.9930424451293933,0.006957554870606687,1.0,0,0.9950898571484296,0.004910142851570403,1.0,0,0.9954421875149325,0.004557812485067498,1.0,0,0.9923349310124947,0.007665068987505308,1.0,0
2018-01-22,0,0,0.98559,0.01441,1.0,0,0.9934635109644385,0.006536489035561485,1.0,0,0.9951065058697278,0.004893494130272163,1.0,0,0.9957515488867953,0.00424845111320474,1.0,0,0.9923568207052826,0.007643179294717395,1.0,0
2018-01-23,0,0,0.98559,0.01441,1.0,0,0.9919728305122759,0.00802716948772406,1.0,0,0.9950293022845269,0.0049706977154730944,1.0,0,0.9952119085920742,0.004788091407925746,1.0,0,0.9923786483661949,0.0076213516338050945,1.0,0
2018-01-24,0,0,0.98559,0.01441,1.0,0,0.9932423391411648,0.0067576608588352455,1.0,0,0.9954745603315869,0.0045254396684130714,1.0,0,0.995906971653363,0.004093028346637073,1.0,0,0.9924004141682816,0.0075995858317184145,1.0,0
2018-01-25,0,0,0.98559,0.01441,1.0,0,0.9916649863725663,0.00833501362743371,1.0,0,0.9947004010683679,0.00529959893163216,1.0,0,0.9945674898542838,0.005432510145716265,1.0,0,0.9924221182841255,0.007577881715874482,1.0,0
2018-01-26,0,0,0.98559,0.01441,1.0,0,0.9938889130285404,0.006111086971459529,1.0,0,0.9956091410513856,0.004390858948614399,1.0,0,0.9963297178004081,0.0036702821995918847,1.0,0,0.9924437608858436,0.0075562391141564085,1.0,0
2018-01-29,0,0,0.98559,0.01441,1.0,0,0.993707046307913,0.006292953692087039,1.0,0,0.995080059229373,0.00491994077062694,1.0,0,0.9953549263768616,0.0046450736231383434,1.0,0,0.9924653421450879,0.007534657854912091,1.0,0
2018-01-30,0,0,0.98559,0.01441,1.0,0,0.995033334524392,0.004966665475607995,1.0,0,0.9951976943706426,0.004802305629357355,1.0,0,0.99591094753028,0.004089052469719989,1.0,0,0.9924868622330469,0.007513137766953059,1.0,0
2018-01-31,0,0,0.98559,0.01441,1.0,0,0.9923699317707607,0.007630068229239267,1.0,0,0.9945626893931966,0.005437310606803379,1.0,0,0.9942215638997125,0.005778436100287516,1.0,0,0.9925083213204466,0.007491678679553304,1.0,0
2018-02-01,0,0,0.98559,0.01441,1.0,0,0.9950634151631378,0.004936584836862249,1.0,0,0.9954497985156704,0.004550201484329614,1.0,0,0.9960032918990236,0.003996708100976414,1.0,0,0.9925297195775519,0.007470280422448121,1.0,0
2018-02-02,0,1,0.98559,0.01441,1.0,0,0.9957878814957284,0.0042121185042716235,1.0,0,0.9949610437549115,0.005038956245088505,1.0,0,0.9948734060995514,0.005126593900448559,1.0,0,0.992551057174167,0.0074489428258329585,1.0,0
2018-02-05,1,1,0.059,0.941,1.0,1,0.060117267226983406,0.9398827327730166,1.0,1,0.3599612164409487,0.6400387835590513,1.0,1,0.1964569594050387,0.8035430405949613,1.0,1,0.04579416445771245,0.9542058355422876,1.0,1
2018-02-06,1,1,0.059,0.941,1.0,1,0.05408915790846913,0.9459108420915309,1.0,1,0.2789749560281177,0.7210250439718823,1.0,1,0.1762925812612418,0.8237074187387582,1.0,1,0.04579416445771245,0.9542058355422876,1.0,1
2018-02-07,1,1,0.059,0.941,1.0,1,0.11170940187582556,0.8882905981241744,1.0,1,0.22469394466632842,0.7753060553336716,1.0,1,0.16255111301799008,0.8374488869820099,1.0,1,0.04579416445771245,0.9542058355422876,1.0,1
2018-02-08,1,1,0.059,0.941,1.0,1,0.062135223035125864,0.9378647769648741,1.0,1,0.1763351829714047,0.8236648170285953,1.0,1,0.11664395406669859,0.8833560459333014,1.0,1,0.04579416445771245,0.9542058355422876,1.0,1
2018-02-09,1,1,0.059,0.941,1.0,1,0.044076891945162955,0.955923108054837,1.0,1,0.1465836544280672,0.8534163455719328,1.0,1,0.08965403385404414,0.9103459661459559,1.0,1,0.04579416445771245,0.9542058355422876,1.0,1
2018-02-12,1,0,0.059,0.941,1.0,1,0.05478724714163896,0.945212752858361,1.0,1,0.12419785741478273,0.8758021425852173,1.0,1,0.08289882613958177,0.9171011738604182,1.0,1,0.04579416445771245,0.9542058355422876,1.0,1
2018-02-13,0,0,0.98559,0.01441,1.0,0,0.9811328858951068,0.018867114104893126,1.0,0,0.8031349196242632,0.19686508037573686,1.0,0,0.8726339819989832,0.12736601800101677,1.0,0,0.9823959865620522,0.017604013437947763,1.0,0
2018-02-14,0,0,0.98559,0.01441,1.0,0,0.9805855697954683,0.019414430204531694,1.0,0,0.8561853754125006,0.14381462458749938,1.0,0,0.8913890302896126,0.10861096971038743,1.0,0,0.982445757521457,0.017554242478543015,1.0,0
2018-02-15,0,0,0.98559,0.01441,1.0,0,0.9821605142086587,0.017839485791341307,1.0,0,0.8741223046258446,0.12587769537415539,1.0,0,0.9085827333060258,0.09141726669397421,1.0,0,0.982495390273181,0.017504609726819,1.0,0
2018-02-16,0,0,0.98559,0.01441,1.0,0,0.9875276433454659,0.012472356654534049,1.0,0,0.9093101089820895,0.09068989101791049,1.0,0,0.9535709167115496,0.046429083288450405,1.0,0,0.9825448851868503,0.017455114813149694,1.0,0
2018-02-20,0,0,0.98559,0.01441,1.0,0,0.9837944319614088,0.01620556803859116,1.0,0,0.9144974210516175,0.08550257894838258,1.0,0,0.9410250663112713,0.05897493368872873,1.0,0,0.9825942426311824,0.01740575736881757,1.0,0
2018-02-21,0,0,0.98559,0.01441,1.0,0,0.988263061345981,0.011736938654019017,1.0,0,0.921845811541417,0.07815418845858307,1.0,0,0.9458591182191696,0.0541408817808304,1.0,0,0.9826434629739881,0.017356537026011917,1.0,0
2018-02-22,0,0,0.98559,0.01441,1.0,0,0.9803213587880867,0.019678641211913272,1.0,0,0.920550818517547,0.0794491814824529,1.0,0,0.9322256105715856,0.06777438942841438,1.0,0,0.982692546582173,0.017307453417826996,1.0,0
2018-02-23,0,0,0.98559,0.01441,1.0,0,0.9771894544170853,0.022810545582914746,1.0,0,0.9348556583379528,0.0651443416620472,1.0,0,0.9531569287104569,0.04684307128954308,1.0,0,0.9827414938217397,0.017258506178260292,1.0,0
2018-02-26,0,0,0.98559,0.01441,1.0,0,0.982772894986098,0.017227105013902008,1.0,0,0.943266475499682,0.056733524500317996,1.0,0,0.960330835487347,0.03966916451265304,1.0,0,0.9827903050577893,0.01720969494221072,1.0,0
2018-02-27,0,0,0.98559,0.01441,1.0,0,0.9898664899798142,0.010133510020185834,1.0,0,0.9479165562004421,0.05208344379955787,1.0,0,0.9699678248331719,0.030032175166828136,1.0,0,0.9828389806545231,0.01716101934547688,1.0,0
2018-02-28,0,0,0.98559,0.01441,1.0,0,0.9821756118668193,0.01782438813318062,1.0,0,0.9413893530003553,0.05861064699964471,1.0,0,0.948227384943477,0.05177261505652292,1.0,0,0.9828875209752448,0.01711247902475526,1.0,0
2018-03-01,0,0,0.98559,0.01441,1.0,0,0.9798975778636976,0.020102422136302457,1.0,0,0.9436300881203856,0.05636991187961439,1.0,0,0.9447937098543554,0.055206290145644626,1.0,0,0.9829359263823615,0.017064073617638485,1.0,0
2018-03-02,0,0,0.98559,0.01441,1.0,0,0.9858969883512856,0.01410301164871444,1.0,0,0.9508033696348301,0.049196630365169886,1.0,0,0.9559845437200576,0.04401545627994244,1.0,0,0.9829841972373865,0.01701580276261354,1.0,0
2018-03-05,0,0,0.98559,0.01441,1.0,0,0.9835705815897526,0.01642941841024735,1.0,0,0.9522891226833823,0.04771087731661777,1.0,0,0.9588907278657026,0.04110927213429734,1.0,0,0.98303233390094,0.01696766609905995,1.0,0
2018-03-06,0,0,0.98559,0.01441,1.0,0,0.9843213143897007,0.0156786856102993,1.0,0,0.9593323352334973,0.04066766476650278,1.0,0,0.9717262366918125,0.028273763308187556,1.0,0,0.9830803367327519,0.016919663267248124,1.0,0
2018-03-07,0,0,0.98559,0.01441,1.0,0,0.9864245348376679,0.013575465162332144,1.0,0,0.9622708088014887,0.037729191198511286,1.0,0,0.973867705600439,0.026132294399560958,1.0,0,0.9831282060916625,0.016871793908337488,1.0,0
2018-03-08,0,0,0.98559,0.01441,1.0,0,0.9835916296703004,0.0164083703296995,1.0,0,0.9599437171809292,0.040056282819070775,1.0,0,0.9682942828006922,0.03170571719930783,1.0,0,0.9831759423356252,0.01682405766437475,1.0,0
2018-03-09,0,0,0.98559,0.01441,1.0,0,0.9843202802430231,0.015679719756976872,1.0,0,0.965835046942068,0.034164953057932,1.0,0,0.9763510521021671,0.023648947897832846,1.0,0,0.9832235458217079,0.01677645417829215,1.0,0
2018-03-12,0,0,0.98559,0.01441,1.0,0,0.9833662838665523,0.01663371613344771,1.0,0,0.9641678795014772,0.035832120498522815,1.0,0,0.9727591321887227,0.027240867811277287,1.0,0,0.9832710169060943,0.016728983093905667,1.0,0
2018-03-13,0,0,0.98559,0.01441,1.0,0,0.983093565733405,0.016906434266595004,1.0,0,0.9662924427536538,0.033707557246346206,1.0,0,0.9737270329606524,0.026272967039347596,1.0,0,0.9833183559440867,0.01668164405591329,1.0,0
2018-03-14,0,0,0.98559,0.01441,1.0,0,0.982186740982889,0.017813259017111005,1.0,0,0.9636528219850088,0.03634717801499122,1.0,0,0.9660490910697617,0.03395090893023831,1.0,0,0.9833655632901068,0.016634436709893192,1.0,0
2018-03-15,0,0,0.98559,0.01441,1.0,0,0.9857460719696797,0.014253928030320292,1.0,0,0.9668058921898464,0.03319410781015368,1.0,0,0.9710330028776144,0.02896699712238561,1.0,0,0.983412639297698,0.016587360702302045,1.0,0
2018-03-16,0,0,0.98559,0.01441,1.0,0,0.9858418631736843,0.014158136826315743,1.0,0,0.9678458792232786,0.032154120776721404,1.0,0,0.9725457897156389,0.027454210284361114,1.0,0,0.9834595843195267,0.016540415680473215,1.0,0
2018-03-19,0,0,0.98559,0.01441,1.0,0,0.9843497591455728,0.01565024085442727,1.0,0,0.9682403414786764,0.03175965852132352,1.0,0,0.9727816412867123,0.02721835871328768,1.0,0,0.983506398707385,0.016493601292615012,1.0,0
2018-03-20,0,0,0.98559,0.01441,1.0,0,0.9853717833995441,0.014628216600455839,1.0,0,0.9705865742478318,0.029413425752168206,1.0,0,0.9760085569237276,0.023991443076272455,1.0,0,0.9835530828121911,0.016446917187808927,1.0,0
2018-03-21,0,0,0.98559,0.01441,1.0,0,0.9844729305837134,0.015527069416286617,1.0,0,0.9692855617447831,0.030714438255216883,1.0,0,0.9717684130816783,0.02823158691832172,1.0,0,0.9835996369839921,0.016400363016007873,1.0,0
2018-03-22,0,0,0.98559,0.01441,1.0,0,0.982848976777895,0.017151023222105082,1.0,0,0.9685419455357416,0.0314580544642584,1.0,0,0.9686769832362421,0.03132301676375798,1.0,0,0.9836460615719655,0.016353938428034447,1.0,0
2018-03-23,0,1,0.98559,0.01441,1.0,0,0.9840972475278021,0.015902752472197832,1.0,0,0.9704066275149379,0.029593372485062143,1.0,0,0.9674357055549256,0.03256429444507436,1.0,0,0.9836923569244209,0.016307643075579137,1.0,0
2018-03-26,1,1,0.059,0.941,1.0,1,0.05728385165212313,0.9427161483478769,1.0,1,0.3836902205856769,0.6163097794143231,1.0,1,0.2156271918074063,0.7843728081925937,1.0,1,0.04579416445771245,0.9542058355422876,1.0,1
2018-03-27,1,0,0.059,0.941,1.0,1,0.0649122077508052,0.9350877922491948,1.0,1,0.2873319469811366,0.7126680530188634,1.0,1,0.2051740769063105,0.7948259230936895,1.0,1,0.04579416445771245,0.9542058355422876,1.0,1
2018-03-28,0,0,0.98559,0.01441,1.0,0,0.9854737639631457,0.014526236036854346,1.0,0,0.8101096936832501,0.1898903063167498,1.0,0,0.8913455726956623,0.1086544273043377,1.0,0,0.9823959865620522,0.017604013437947763,1.0,0
2018-03-29,0,0,0.98559,0.01441,1.0,0,0.9788416526730594,0.021158347326940535,1.0,0,0.8374321093660441,0.16256789063395596,1.0,0,0.8734075576729297,0.1265924423270703,1.0,0,0.982445757521457,0.017554242478543015,1.0,0
2018-04-02,0,0,0.98559,0.01441,1.0,0,0.9866030904264224,0.013396909573577621,1.0,0,0.8794495601885073,0.12055043981149276,1.0,0,0.9203094631329776,0.0796905368670224,1.0,0,0.982495390273181,0.017504609726819,1.0,0
2018-04-03,0,0,0.98559,0.01441,1.0,0,0.9866597647089744,0.013340235291025572,1.0,0,0.8991852803472443,0.1008147196527557,1.0,0,0.9288117485987961,0.07118825140120383,1.0,0,0.9825448851868503,0.017455114813149694,1.0,0
2018-04-04,0,0,0.98559,0.01441,1.0,0,0.9840398613662806,0.01596013863371938,1.0,0,0.90613494008007,0.09386505991993,1.0,0,0.9302560613062637,0.06974393869373632,1.0,0,0.9825942426311824,0.01740575736881757,1.0,0
2018-04-05,0,0,0.98559,0.01441,1.0,0,0.9882852515396818,0.011714748460318138,1.0,0,0.9306630989513108,0.06933690104868913,1.0,0,0.9636013908839804,0.03639860911601958,1.0,0,0.9826434629739881,0.017356537026011917,1.0,0
2018-04-06,0,0,0.98559,0.01441,1.0,0,0.9830109190361347,0.016989080963865366,1.0,0,0.9245148635820575,0.07548513641794254,1.0,0,0.9466074475641306,0.05339255243586936,1.0,0,0.982692546582173,0.017307453417826996,1.0,0
2018-04-09,0,0,0.98559,0.01441,1.0,0,0.9777763478523054,0.022223652147694666,1.0,0,0.9358761968690341,0.06412380313096583,1.0,0,0.9482777623899604,0.051722237610039565,1.0,0,0.9827414938217397,0.017258506178260292,1.0,0
2018-04-10,0,0,0.98559,0.01441,1.0,0,0.9775734598536956,0.022426540146304425,1.0,0,0.9350023323933553,0.06499766760664467,1.0,0,0.9384567021888408,0.06154329781115919,1.0,0,0.9827903050577893,0.01720969494221072,1.0,0
2018-04-11,0,0,0.98559,0.01441,1.0,0,0.9812358246350225,0.018764175364977494,1.0,0,0.9435010695387221,0.0564989304612779,1.0,0,0.9539773889340326,0.04602261106596739,1.0,0,0.9828389806545231,0.01716101934547688,1.0,0
2018-04-12,0,0,0.98559,0.01441,1.0,0,0.9871382366267893,0.012861763373210657,1.0,0,0.9510784280225887,0.04892157197741131,1.0,0,0.9657287974400013,0.03427120255999868,1.0,0,0.9828875209752448,0.01711247902475526,1.0,0
2018-04-13,0,0,0.98559,0.01441,1.0,0,0.9836114033499623,0.016388596650037696,1.0,0,0.9476919498415437,0.05230805015845624,1.0,0,0.9581421384287709,0.04185786157122904,1.0,0,0.9829359263823615,0.017064073617638485,1.0,0
2018-04-16,0,0,0.98559,0.01441,1.0,0,0.9822951164985517,0.01770488350144823,1.0,0,0.9549897224747379,0.045010277525262044,1.0,0,0.9679986149922665,0.03200138500773357,1.0,0,0.9829841972373865,0.01701580276261354,1.0,0
2018-04-17,0,0,0.98559,0.01441,1.0,0,0.978564351688601,0.021435648311399033,1.0,0,0.9543552601952123,0.045644739804787636,1.0,0,0.9634477573348158,0.036552242665184156,1.0,0,0.98303233390094,0.01696766609905995,1.0,0
2018-04-18,0,0,0.98559,0.01441,1.0,0,0.9867418699693586,0.01325813003064134,1.0,0,0.9617542673789042,0.03824573262109577,1.0,0,0.9749412483933991,0.025058751606600923,1.0,0,0.9830803367327519,0.016919663267248124,1.0,0
2018-04-19,0,0,0.98559,0.01441,1.0,0,0.9870339381744703,0.012966061825529776,1.0,0,0.9593965118448061,0.04060348815519388,1.0,0,0.9654645866338982,0.034535413366101816,1.0,0,0.9831282060916625,0.016871793908337488,1.0,0
2018-04-20,0,0,0.98559,0.01441,1.0,0,0.9872240479331703,0.012775952066829693,1.0,0,0.9591624836682724,0.04083751633172761,1.0,0,0.9659065972443706,0.034093402755629484,1.0,0,0.9831759423356252,0.01682405766437475,1.0,0
2018-04-23,0,0,0.98559,0.01441,1.0,0,0.9821527995442966,0.017847200455703417,1.0,0,0.9598316568246226,0.04016834317537741,1.0,0,0.9646352960951414,0.03536470390485861,1.0,0,0.9832235458217079,0.01677645417829215,1.0,0
2018-04-24,0,0,0.98559,0.01441,1.0,0,0.988950580023018,0.011049419976981893,1.0,0,0.9630494077034731,0.036950592296526905,1.0,0,0.9718240809838139,0.028175919016186088,1.0,0,0.9832710169060943,0.016728983093905667,1.0,0
2018-04-25,0,0,0.98559,0.01441,1.0,0,0.983948491111799,0.01605150888820098,1.0,0,0.9639508487993057,0.03604915120069425,1.0,0,0.9679968529589675,0.03200314704103251,1.0,0,0.9833183559440867,0.01668164405591329,1.0,0
2018-04-26,0,0,0.98559,0.01441,1.0,0,0.9792053437794163,0.020794656220583792,1.0,0,0.9633137220919009,0.03668627790809908,1.0,0,0.9656655271953479,0.03433447280465203,1.0,0,0.9833655632901068,0.016634436709893192,1.0,0
2018-04-27,0,0,0.98559,0.01441,1.0,0,0.9791530504947228,0.020846949505277244,1.0,0,0.9680173822036484,0.03198261779635164,1.0,0,0.9751451813286394,0.02485481867136062,1.0,0,0.983412639297698,0.016587360702302045,1.0,0
2018-04-30,0,0,0.98559,0.01441,1.0,0,0.9796675692812203,0.02033243071877967,1.0,0,0.9683848263507889,0.03161517364921102,1.0,0,0.9729378821190355,0.027062117880964458,1.0,0,0.9834595843195267,0.016540415680473215,1.0,0
2018-05-01,0,0,0.98559,0.01441,1.0,0,0.9881272906403896,0.011872709359610366,1.0,0,0.9699612770251904,0.030038722974809636,1.0,0,0.9760134818263932,0.02398651817360673,1.0,0,0.983506398707385,0.016493601292615012,1.0,0
2018-05-02,0,0,0.98559,0.01441,1.0,0,0.9774228127008624,0.022577187299137554,1.0,0,0.9654432388479373,0.0345567611520627,1.0,0,0.9592266130037433,0.04077338699625664,1.0,0,0.9835530828121911,0.016446917187808927,1.0,0
2018-05-03,0,0,0.98559,0.01441,1.0,0,0.980803358361506,0.019196641638494036,1.0,0,0.9702899051759623,0.029710094824037768,1.0,0,0.9744022410897839,0.02559775891021615,1.0,0,0.9835996369839921,0.016400363016007873,1.0,0
2018-05-04,0,0,0.98559,0.01441,1.0,0,0.9810960608989076,0.018903939101092424,1.0,0,0.9710262427235933,0.028973757276406685,1.0,0,0.9739940828813828,0.026005917118617265,1.0,0,0.9836460615719655,0.016353938428034447,1.0,0
2018-05-07,0,0,0.98559,0.01441,1.0,0,0.9832912077343496,0.01670879226565037,1.0,0,0.9729925871063176,0.02700741289368235,1.0,0,0.9765152114274794,0.02348478857252053,1.0,0,0.9836923569244209,0.016307643075579137,1.0,0
2018-05-08,0,0,0.98559,0.01441,1.0,0,0.9826255669725145,0.017374433027485484,1.0,0,0.9741790232253856,0.025820976774614375,1.0,0,0.9788517283446838,0.021148271655316186,1.0,0,0.9837385233888014,0.016261476611198623,1.0,0
2018-05-09,0,0,0.98559,0.01441,1.0,0,0.9808055272849282,0.019194472715071756,1.0,0,0.9741576194837587,0.025842380516241357,1.0,0,0.9762060188960775,0.02379398110392252,1.0,0,0.983784561311686,0.016215438688313943,1.0,0
2018-05-10,0,0,0.98559,0.01441,1.0,0,0.988431437363284,0.011568562636716042,1.0,0,0.9754558794737198,0.024544120526280237,1.0,0,0.9831654766434936,0.016834523356506325,1.0,0,0.9838304710387912,0.016169528961208823,1.0,0
2018-05-11,0,0,0.98559,0.01441,1.0,0,0.9880402321555833,0.011959767844416635,1.0,0,0.9785471824793722,0.021452817520627828,1.0,0,0.9860886884820222,0.013911311517977767,1.0,0,0.9838762529149722,0.016123747085027892,1.0,0
2018-05-14,0,0,0.98559,0.01441,1.0,0,0.9866189381520224,0.013381061847977596,1.0,0,0.9780448069252462,0.021955193074753795,1.0,0,0.9843600950561251,0.015639904943874884,1.0,0,0.9839219072842251,0.01607809271577492,1.0,0
2018-05-15,0,0,0.98559,0.01441,1.0,0,0.9873528670364642,0.012647132963535814,1.0,0,0.977803681063536,0.02219631893646398,1.0,0,0.9828149257846189,0.01718507421538107,1.0,0,0.9839674344896889,0.01603256551031109,1.0,0
2018-05-16,0,0,0.98559,0.01441,1.0,0,0.9866718329775933,0.013328167022406658,1.0,0,0.9752463703094673,0.024753629690532773,1.0,0,0.978045419834297,0.021954580165702956,1.0,0,0.9840128348736468,0.01598716512635323,1.0,0
2018-05-17,0,0,0.98559,0.01441,1.0,0,0.9854065355513869,0.014593464448613097,1.0,0,0.9779449962429239,0.02205500375707612,1.0,0,0.9821865693578726,0.01781343064212737,1.0,0,0.9840581087775279,0.015941891222472103,1.0,0
2018-05-18,0,0,0.98559,0.01441,1.0,0,0.9798607041908197,0.02013929580918028,1.0,0,0.9764326041337228,0.023567395866277156,1.0,0,0.9781798716971265,0.02182012830287354,1.0,0,0.9841032565419094,0.015896743458090577,1.0,0
2018-05-21,0,0,0.98559,0.01441,1.0,0,0.9812854920611715,0.018714507938828416,1.0,0,0.9786538216974225,0.021346178302577474,1.0,0,0.981547762466965,0.018452237533035036,1.0,0,0.984148278506518,0.01585172149348204,1.0,0
2018-05-22,0,0,0.98559,0.01441,1.0,0,0.9888795992558906,0.011120400744109336,1.0,0,0.9788563321545005,0.021143667845499436,1.0,0,0.983972904029343,0.01602709597065695,1.0,0,0.9841931750102315,0.015806824989768466,1.0,0
2018-05-23,0,0,0.98559,0.01441,1.0,0,0.983612318875767,0.016387681124232986,1.0,0,0.9790063724274953,0.02099362757250471,1.0,0,0.9822986453664285,0.017701354633571448,1.0,0,0.9842379463910812,0.015762053608918816,1.0,0
2018-05-24,0,0,0.98559,0.01441,1.0,0,0.9878792459256976,0.01212075407430234,1.0,0,0.9803601653439313,0.019639834656068635,1.0,0,0.9861170963930248,0.013882903606975248,1.0,0,0.9842825929862528,0.015717407013747242,1.0,0
2018-05-25,0,0,0.98559,0.01441,1.0,0,0.987279859331007,0.01272014066899301,1.0,0,0.9798194017458921,0.020180598254107875,1.0,0,0.9839296470833296,0.016070352916670336,1.0,0,0.9843271151320887,0.015672884867911352,1.0,0
2018-05-29,0,0,0.98559,0.01441,1.0,0,0.971404434179671,0.028595565820329,1.0,0,0.976771208076571,0.02322879192342899,1.0,0,0.9746875556224947,0.025312444377505315,1.0,0,0.9843715131640896,0.01562848683591048,1.0,0
2018-05-30,0,0,0.98559,0.01441,1.0,0,0.986874290674274,0.013125709325725935,1.0,0,0.9824224016579013,0.017577598342098683,1.0,0,0.9867275545117367,0.013272445488263321,1.0,0,0.984415787416916,0.015584212583083951,1.0,0
2018-05-31,0,0,0.98559,0.01441,1.0,0,0.9792690148184394,0.02073098518156063,1.0,0,0.976758788309422,0.02324121169057801,1.0,0,0.972216530285455,0.027783469714545084,1.0,0,0.9844599382243907,0.015540061775609345,1.0,0
2018-06-01,0,0,0.98559,0.01441,1.0,0,0.9883351465155847,0.01166485348441529,1.0,0,0.9831026108548978,0.01689738914510215,1.0,0,0.9877052211328295,0.012294778867170487,1.0,0,0.9845039659194993,0.015496034080500732,1.0,0
2018-06-04,0,0,0.98559,0.01441,1.0,0,0.9904712606327132,0.009528739367286824,1.0,0,0.9808477041375963,0.01915229586240376,1.0,0,0.9850832550062847,0.014916744993715288,1.0,0,0.984547870834393,0.015452129165607011,1.0,0
2018-06-05,0,0,0.98559,0.01441,1.0,0,0.9841118570422871,0.01588814295771292,1.0,0,0.98233797242045,0.017662027579550005,1.0,0,0.9865451788669515,0.013454821133048498,1.0,0,0.9845916533003899,0.015408346699610114,1.0,0
2018-06-06,0,0,0.98559,0.01441,1.0,0,0.9874067239801597,0.012593276019840336,1.0,0,0.9839037672049122,0.0160962327950878,1.0,0,0.9886289047186924,0.01137109528130761,1.0,0,0.9846353136479766,0.015364686352023323,1.0,0
2018-06-07,0,0,0.98559,0.01441,1.0,0,0.9786307861942246,0.02136921380577537,1.0,0,0.9804289852285784,0.019571014771421702,1.0,0,0.9808084656507061,0.019191534349293864,1.0,0,0.9846788522068105,0.015321147793189504,1.0,0
2018-06-08,0,0,0.98559,0.01441,1.0,0,0.9861222683548998,0.01387773164510018,1.0,0,0.9839894772263029,0.016010522773697067,1.0,0,0.9881418482801054,0.01185815171989459,1.0,0,0.9847222693057206,0.015277730694279403,1.0,0
2018-06-11,0,0,0.98559,0.01441,1.0,0,0.9852861471260821,0.014713852873917872,1.0,0,0.9819837684232887,0.018016231576711256,1.0,0,0.9828026571960151,0.01719734280398491,1.0,0,0.9847655652727101,0.015234434727289928,1.0,0
2018-06-12,0,0,0.98559,0.01441,1.0,0,0.9828313280120167,0.017168671987983317,1.0,0,0.9825331725261807,0.01746682747381931,1.0,0,0.9839583578575082,0.016041642142491798,1.0,0,0.9848087404349576,0.015191259565042416,1.0,0
2018-06-13,0,0,0.98559,0.01441,1.0,0,0.9857124246205807,0.01428757537941922,1.0,0,0.9832459222319745,0.01675407776802552,1.0,0,0.9861271932061819,0.013872806793818125,1.0,0,0.9848517951188192,0.015148204881180882,1.0,0
2018-06-14,0,0,0.98559,0.01441,1.0,0,0.9859660293730347,0.014033970626965288,1.0,0,0.9825220679425181,0.017477932057481965,1.0,0,0.9847219135316277,0.015278086468372275,1.0,0,0.9848947296498296,0.015105270350170367,1.0,0
2018-06-15,0,0,0.98559,0.01441,1.0,0,0.9871581712866891,0.0128418287133109,1.0,0,0.9835031992981454,0.016496800701854598,1.0,0,0.9861776877187176,0.013822312281282336,1.0,0,0.9849375443527049,0.015062455647295164,1.0,0
2018-06-18,0,0,0.98559,0.01441,1.0,0,0.9801012781748739,0.019898721825126107,1.0,0,0.9832192471774513,0.016780752822548702,1.0,0,0.9828627231814604,0.017137276818539583,1.0,0,0.9849802395513428,0.01501976044865712,1.0,0
2018-06-19,0,0,0.98559,0.01441,1.0,0,0.9812323909551404,0.01876760904485962,1.0,0,0.9823363315690816,0.01766366843091837,1.0,0,0.9815486186758133,0.01845138132418668,1.0,0,0.9850228155688261,0.014977184431173922,1.0,0
2018-06-20,0,0,0.98559,0.01441,1.0,0,0.9924446369685271,0.007555363031472885,1.0,0,0.9844842252130944,0.015515774786905552,1.0,0,0.9886320704783897,0.011367929521610259,1.0,0,0.9850652727274226,0.014934727272577381,1.0,0
2018-06-21,0,0,0.98559,0.01441,1.0,0,0.9885154302045484,0.011484569795451675,1.0,0,0.9833184011918213,0.016681598808178606,1.0,0,0.9855383152089585,0.01446168479104145,1.0,0,0.9851076113485883,0.014892388651411709,1.0,0
2018-06-22,0,0,0.98559,0.01441,1.0,0,0.9871325906380383,0.012867409361961757,1.0,0,0.9851563097960296,0.014843690203970417,1.0,0,0.9871860368301767,0.0128139631698233,1.0,0,0.9851498317529681,0.014850168247031847,1.0,0
2018-06-25,0,0,0.98559,0.01441,1.0,0,0.9855431310404161,0.01445686895958383,1.0,0,0.9837718899449691,0.016228110055030914,1.0,0,0.982797173308823,0.017202826691177044,1.0,0,0.9851919342603983,0.014808065739601682,1.0,0
2018-06-26,0,0,0.98559,0.01441,1.0,0,0.9827936501445693,0.01720634985543065,1.0,0,0.9842441494833416,0.01575585051665836,1.0,0,0.9827356523496895,0.01726434765031051,1.0,0,0.9852339191899075,0.01476608081009242,1.0,0
2018-06-27,0,0,0.98559,0.01441,1.0,0,0.9794618675027509,0.020538132497249104,1.0,0,0.9830244795666342,0.016975520433365837,1.0,0,0.9816058800753245,0.01839411992467554,1.0,0,0.9852757868597192,0.014724213140280839,1.0,0
2018-06-28,0,0,0.98559,0.01441,1.0,0,0.9877448518840003,0.012255148115999693,1.0,0,0.9860295652781195,0.013970434721880497,1.0,0,0.9885773423458138,0.011422657654186113,1.0,0,0.9853175375872524,0.014682462412747588,1.0,0
2018-06-29,0,0,0.98559,0.01441,1.0,0,0.9852565029675113,0.014743497032488617,1.0,0,0.9843909106531772,0.01560908934682283,1.0,0,0.9838716542852168,0.016128345714783155,1.0,0,0.9853591716891245,0.014640828310875494,1.0,0
2018-07-02,0,0,0.98559,0.01441,1.0,0,0.9881417848209629,0.01185821517903711,1.0,0,0.9862553985068304,0.01374460149316961,1.0,0,0.989136704289898,0.010863295710102043,1.0,0,0.9854006894811521,0.014599310518847844,1.0,0
2018-07-03,0,0,0.98559,0.01441,1.0,0,0.9878617301832919,0.012138269816708017,1.0,0,0.9854077606253517,0.01459223937464823,1.0,0,0.987934050225088,0.01206594977491206,1.0,0,0.9854420912783532,0.014557908721646707,1.0,0
2018-07-05,0,0,0.98559,0.01441,1.0,0,0.9884752164274787,0.011524783572521263,1.0,0,0.9869875178241307,0.01301248217586926,1.0,0,0.9907206609658334,0.009279339034166612,1.0,0,0.9854833773949487,0.014516622605051224,1.0,0
2018-07-06,0,0,0.98559,0.01441,1.0,0,0.9881356046626567,0.01186439533734326,1.0,0,0.9869313188206136,0.013068681179386461,1.0,0,0.9901770203281235,0.009822979671876515,1.0,0,0.9855245481443641,0.014475451855635925,1.0,0
2018-07-09,0,0,0.98559,0.01441,1.0,0,0.9903816808437087,0.009618319156291274,1.0,0,0.9882112172289538,0.011788782771046266,1.0,0,0.9922991686229559,0.007700831377044125,1.0,0,0.985565603839231,0.014434396160768992,1.0,0
2018-07-10,0,0,0.98559,0.01441,1.0,0,0.9875514839830281,0.0124485160169719,1.0,0,0.9875421677467952,0.012457832253204883,1.0,0,0.9907731822404736,0.009226817759526343,1.0,0,0.9856065447913894,0.014393455208610626,1.0,0
2018-07-11,0,0,0.98559,0.01441,1.0,0,0.9891802593944531,0.010819740605546892,1.0,0,0.9867737858813244,0.013226214118675608,1.0,0,0.989994424592966,0.010005575407033954,1.0,0,0.9856473713118886,0.014352628688111334,1.0,0
2018-07-12,0,0,0.98559,0.01441,1.0,0,0.9869257984342739,0.013074201565726144,1.0,0,0.9868554991327015,0.013144500867298455,1.0,0,0.9878882111207922,0.012111788879207785,1.0,0,0.9856880837109898,0.014311916289010218,1.0,0
2018-07-13,0,0,0.98559,0.01441,1.0,0,0.9874633469022572,0.012536653097742781,1.0,0,0.9867911534775227,0.013208846522477311,1.0,0,0.9885561440267012,0.011443855973298724,1.0,0,0.9857286822981667,0.014271317701833321,1.0,0
2018-07-16,0,0,0.98559,0.01441,1.0,0,0.9914797602270427,0.00852023977295735,1.0,0,0.988214494257029,0.011785505742970971,1.0,0,0.9918348023459725,0.008165197654027413,1.0,0,0.9857691673821081,0.014230832617891912,1.0,0
2018-07-17,0,0,0.98559,0.01441,1.0,0,0.9858566873216009,0.0141433126783991,1.0,0,0.9865865956681691,0.013413404331830941,1.0,0,0.9875770835734393,0.012422916426560649,1.0,0,0.9858095392707191,0.01419046072928084,1.0,0
2018-07-18,0,0,0.98559,0.01441,1.0,0,0.9883773949196333,0.011622605080366687,1.0,0,0.9877430465508872,0.01225695344911285,1.0,0,0.9902127391824718,0.009787260817528216,1.0,0,0.9858497982711232,0.014150201728876788,1.0,0
2018-07-19,0,0,0.98559,0.01441,1.0,0,0.9853705004209227,0.014629499579077306,1.0,0,0.9869501488162135,0.013049851183786558,1.0,0,0.9880520357428122,0.011947964257187773,1.0,0,0.9858899446896633,0.014110055310336666,1.0,0
2018-07-20,0,0,0.98559,0.01441,1.0,0,0.9902641789644834,0.009735821035516594,1.0,0,0.9883653154646789,0.011634684535321137,1.0,0,0.9908900508470146,0.009109949152985354,1.0,0,0.9859299788319041,0.014070021168095899,1.0,0
2018-07-23,0,0,0.98559,0.01441,1.0,0,0.9908573222340903,0.009142677765909685,1.0,0,0.9876514676951204,0.012348532304879608,1.0,0,0.9896990940172472,0.01030090598275282,1.0,0,0.9859699010026333,0.014030098997366739,1.0,0
2018-07-24,0,0,0.98559,0.01441,1.0,0,0.9836937540758001,0.01630624592419997,1.0,0,0.9869996829331305,0.013000317066869516,1.0,0,0.9875127682523158,0.012487231747684227,1.0,0,0.9860097115058634,0.01399028849413661,1.0,0
2018-07-25,0,0,0.98559,0.01441,1.0,0,0.9855223091362499,0.01447769086375008,1.0,0,0.9888814455865259,0.011118554413474126,1.0,0,0.9918527129925981,0.008147287007401806,1.0,0,0.9860494106448335,0.01395058935516643,1.0,0
2018-07-26,0,0,0.98559,0.01441,1.0,0,0.9921195681820918,0.007880431817908162,1.0,0,0.9891388970042077,0.010861102995792378,1.0,0,0.9926885033710734,0.007311496628926575,1.0,0,0.9860889987220111,0.013911001277988933,1.0,0
2018-07-27,0,0,0.98559,0.01441,1.0,0,0.9877270890553117,0.012272910944688296,1.0,0,0.9878306064226031,0.012169393577396914,1.0,0,0.9893609290947983,0.010639070905201695,1.0,0,0.9861284760390929,0.013871523960907024,1.0,0
2018-07-30,0,0,0.98559,0.01441,1.0,0,0.9860308385294496,0.013969161470550426,1.0,0,0.9882389358808333,0.011761064119166624,1.0,0,0.9896432187033124,0.010356781296687555,1.0,0,0.986167842897008,0.013832157102992048,1.0,0
2018-07-31,0,0,0.98559,0.01441,1.0,0,0.9862319794516491,0.013768020548350886,1.0,0,0.9873653446149643,0.012634655385035698,1.0,0,0.9880125879323229,0.011987412067677023,1.0,0,0.9862070995959178,0.013792900404082212,1.0,0
2018-08-01,0,0,0.98559,0.01441,1.0,0,0.9899935697437405,0.010006430256259446,1.0,0,0.9885866568594787,0.011413343140521332,1.0,0,0.9906106282980559,0.009389371701944121,1.0,0,0.9862462464352192,0.013753753564780867,1.0,0
2018-08-02,0,0,0.98559,0.01441,1.0,0,0.9835988789755375,0.016401121024462444,1.0,0,0.9876162689797799,0.012383731020220085,1.0,0,0.9878573433596989,0.01214265664030114,1.0,0,0.9862852837135452,0.013714716286454858,1.0,0
2018-08-03,0,0,0.98559,0.01441,1.0,0,0.9857893928653515,0.014210607134648539,1.0,0,0.9886362622715876,0.01136373772841239,1.0,0,0.9906233271649638,0.009376672835036166,1.0,0,0.9863242117287672,0.01367578827123286,1.0,0
2018-08-06,0,0,0.98559,0.01441,1.0,0,0.9849362850059564,0.015063714994043602,1.0,0,0.9889568519892361,0.011043148010763879,1.0,0,0.9905634121388142,0.009436587861185832,1.0,0,0.9863630307779963,0.013636969222003734,1.0,0
2018-08-07,0,0,0.98559,0.01441,1.0,0,0.9879303516011425,0.012069648398857494,1.0,0,0.9892777395477278,0.010722260452272151,1.0,0,0.9912026023993976,0.008797397600602386,1.0,0,0.9864017411575852,0.013598258842414852,1.0,0
2018-08-08,0,0,0.98559,0.01441,1.0,0,0.9883520824751043,0.011647917524895692,1.0,0,0.9884019413904367,0.011598058609563342,1.0,0,0.9898258066386576,0.010174193361342374,1.0,0,0.9864403431631296,0.013559656836870472,1.0,0
2018-08-09,0,0,0.98559,0.01441,1.0,0,0.9836566638133792,0.016343336186620757,1.0,0,0.9880561679882708,0.011943832011729213,1.0,0,0.9883122021059282,0.011687797894071856,1.0,0,0.9864788370894699,0.013521162910530028,1.0,0
2018-08-10,0,0,0.98559,0.01441,1.0,0,0.9714106065184385,0.02858939348156152,1.0,0,0.987229235268547,0.012770764731453025,1.0,0,0.9834394966571552,0.01656050334284472,1.0,0,0.9865172232306935,0.013482776769306558,1.0,0
2018-08-13,0,0,0.98559,0.01441,1.0,0,0.9834174121256911,0.016582587874308892,1.0,0,0.9880407020810807,0.011959297918919245,1.0,0,0.9859406111738636,0.014059388826136473,1.0,0,0.986555501880135,0.013444498119864999,1.0,0
2018-08-14,0,0,0.98559,0.01441,1.0,0,0.9923045566188688,0.0076954433811311975,1.0,0,0.9880012152664623,0.011998784733537611,1.0,0,0.9898449004160682,0.010155099583931775,1.0,0,0.9865936733303794,0.013406326669620564,1.0,0
2018-08-15,0,0,0.98559,0.01441,1.0,0,0.9875963548992582,0.01240364510074179,1.0,0,0.9886280420107538,0.011371957989246187,1.0,0,0.9900967074446836,0.009903292555316398,1.0,0,0.9866317378732629,0.013368262126737087,1.0,0
2018-08-16,0,0,0.98559,0.01441,1.0,0,0.9886999085614298,0.011300091438570276,1.0,0,0.9900125353924362,0.009987464607563782,1.0,0,0.9920022738020615,0.007997726197938485,1.0,0,0.9866696957998746,0.013330304200125391,1.0,0
2018-08-17,0,0,0.98559,0.01441,1.0,0,0.9880907096648773,0.011909290335122662,1.0,0,0.9893005702120061,0.010699429787993901,1.0,0,0.9907474538030053,0.009252546196994704,1.0,0,0.9867075474005583,0.013292452599441644,1.0,0
2018-08-20,0,0,0.98559,0.01441,1.0,0,0.9828113405788658,0.01718865942113424,1.0,0,0.9892749078838897,0.010725092116110259,1.0,0,0.9898973524342158,0.010102647565784191,1.0,0,0.9867452929649143,0.01325470703508571,1.0,0
2018-08-21,0,0,0.98559,0.01441,1.0,0,0.9898171086605432,0.010182891339456795,1.0,0,0.9903006177775863,0.009699382222413736,1.0,0,0.9926968654602855,0.007303134539714532,1.0,0,0.9867829327818004,0.013217067218199544,1.0,0
2018-08-22,0,0,0.98559,0.01441,1.0,0,0.9876336930235667,0.01236630697643327,1.0,0,0.9892176579963027,0.010782342003697355,1.0,0,0.9903895168737019,0.009610483126298064,1.0,0,0.9868204671393345,0.013179532860665498,1.0,0
2018-08-23,0,0,0.98559,0.01441,1.0,0,0.9873612555086827,0.012638744491317319,1.0,0,0.9897325309955695,0.010267469004430577,1.0,0,0.9903545913807913,0.00964540861920876,1.0,0,0.9868578963248953,0.013142103675104757,1.0,0
2018-08-24,0,0,0.98559,0.01441,1.0,0,0.9855655345644682,0.014434465435531866,1.0,0,0.9894868652564252,0.010513134743574862,1.0,0,0.9893353334478666,0.010664666552133387,1.0,0,0.9868952206251244,0.013104779374875678,1.0,0
2018-08-27,0,0,0.98559,0.01441,1.0,0,0.9887574401550603,0.011242559844939727,1.0,0,0.9899842872694153,0.010015712730584651,1.0,0,0.9911820985965317,0.008817901403468284,1.0,0,0.9869324403259279,0.01306755967407215,1.0,0
2018-08-28,0,0,0.98559,0.01441,1.0,0,0.9912665181278821,0.008733481872117898,1.0,0,0.9903925135266102,0.009607486473389841,1.0,0,0.9926900387884399,0.007309961211560137,1.0,0,0.986969555712478,0.013030444287521988,1.0,0
2018-08-29,0,0,0.98559,0.01441,1.0,0,0.9836204842397817,0.016379515760218368,1.0,0,0.9897768702998675,0.01022312970013245,1.0,0,0.9904350029306703,0.00956499706932962,1.0,0,0.9870065670692147,0.012993432930785294,1.0,0
2018-08-30,0,0,0.98559,0.01441,1.0,0,0.9852298771699015,0.014770122830098514,1.0,0,0.989873952617946,0.010126047382054044,1.0,0,0.990438862829705,0.009561137170295064,1.0,0,0.9870434746798471,0.012956525320152866,1.0,0
2018-08-31,0,0,0.98559,0.01441,1.0,0,0.9871652215878316,0.012834778412168436,1.0,0,0.9897400508606378,0.01025994913936221,1.0,0,0.9901077100382976,0.009892289961702444,1.0,0,0.9870802788273555,0.012919721172644498,1.0,0
2018-09-04,0,0,0.98559,0.01441,1.0,0,0.9878854325417277,0.012114567458272286,1.0,0,0.9897559511155558,0.010244048884444194,1.0,0,0.9896790406008696,0.010320959399130396,1.0,0,0.9871169797939925,0.012883020206007501,1.0,0
2018-09-05,0,0,0.98559,0.01441,1.0,0,0.9898152365353969,0.010184763464603008,1.0,0,0.9892475999843805,0.010752400015619477,1.0,0,0.9899395628095379,0.01006043719046217,1.0,0,0.9871535778612851,0.012846422138714925,1.0,0
2018-09-06,0,0,0.98559,0.01441,1.0,0,0.9908044537438389,0.009195546256161185,1.0,0,0.9900891320182886,0.00991086798171135,1.0,0,0.9923204002212135,0.007679599778786562,1.0,0,0.9871900733100359,0.012809926689964073,1.0,0
2018-09-07,0,0,0.98559,0.01441,1.0,0,0.9911544665216272,0.008845533478372828,1.0,0,0.9909576948275017,0.009042305172498238,1.0,0,0.9931334046766997,0.006866595323300256,1.0,0,0.9872264664203252,0.012773533579674822,1.0,0
2018-09-10,0,0,0.98559,0.01441,1.0,0,0.984579285033323,0.015420714966677004,1.0,0,0.9895386827454554,0.010461317254544624,1.0,0,0.9890480252203527,0.010951974779647305,1.0,0,0.9872627574715119,0.012737242528488044,1.0,0
2018-09-11,0,0,0.98559,0.01441,1.0,0,0.9881325322661683,0.011867467733831686,1.0,0,0.9908743111905763,0.009125688809423679,1.0,0,0.9921162611646768,0.007883738835323187,1.0,0,0.9872989467422361,0.01270105325776398,1.0,0
2018-09-12,0,0,0.98559,0.01441,1.0,0,0.9882639475264553,0.01173605247354474,1.0,0,0.990077278043097,0.009922721956903057,1.0,0,0.990947746924053,0.009052253075947082,1.0,0,0.9873350345104194,0.012664965489580647,1.0,0
2018-09-13,0,0,0.98559,0.01441,1.0,0,0.9931440065476741,0.0068559934523258845,1.0,0,0.9913868409807451,0.008613159019254869,1.0,0,0.9942542212164056,0.00574577878359438,1.0,0,0.9873710210532678,0.012628978946732232,1.0,0
2018-09-14,0,0,0.98559,0.01441,1.0,0,0.991871939317914,0.00812806068208605,1.0,0,0.9912443127182221,0.008755687281777856,1.0,0,0.9933091253378158,0.006690874662184252,1.0,0,0.9874069066472725,0.012593093352727465,1.0,0
2018-09-17,0,0,0.98559,0.01441,1.0,0,0.9885162656733683,0.011483734326631799,1.0,0,0.9907770911317044,0.009222908868295588,1.0,0,0.9921196571316986,0.00788034286830138,1.0,0,0.987442691568212,0.012557308431788072,1.0,0
2018-09-18,0,0,0.98559,0.01441,1.0,0,0.9896986646197216,0.01030133538027839,1.0,0,0.9911282811693081,0.008871718830691988,1.0,0,0.9924878870616735,0.007512112938326549,1.0,0,0.9874783760911529,0.012521623908847144,1.0,0
2018-09-19,0,0,0.98559,0.01441,1.0,0,0.9905253165678314,0.009474683432168568,1.0,0,0.9906615166422802,0.009338483357719836,1.0,0,0.9917716961642181,0.00822830383578188,1.0,0,0.9875139604904525,0.012486039509547544,1.0,0
2018-09-20,0,0,0.98559,0.01441,1.0,0,0.9896729954658811,0.010327004534118894,1.0,0,0.9910427495783207,0.008957250421679278,1.0,0,0.9929380372473932,0.007061962752606815,1.0,0,0.9875494450397597,0.012450554960240319,1.0,0
2018-09-21,0,0,0.98559,0.01441,1.0,0,0.9892482251811346,0.010751774818865334,1.0,0,0.991541470752939,0.008458529247061084,1.0,0,0.9936186152381871,0.006381384761812932,1.0,0,0.9875848300120169,0.012415169987983116,1.0,0
2018-09-24,0,0,0.98559,0.01441,1.0,0,0.9880070910878275,0.011992908912172535,1.0,0,0.9912665389611094,0.008733461038890635,1.0,0,0.9925108177705949,0.007489182229405035,1.0,0,0.9876201156794614,0.012379884320538577,1.0,0
2018-09-25,0,0,0.98559,0.01441,1.0,0,0.9901394369475733,0.009860563052426682,1.0,0,0.9909485003633081,0.00905149963669196,1.0,0,0.991371314422355,0.008628685577644906,1.0,0,0.9876553023136272,0.012344697686372792,1.0,0
2018-09-26,0,0,0.98559,0.01441,1.0,0,0.9882832747747331,0.011716725225266887,1.0,0,0.990185525661008,0.009814474338991951,1.0,0,0.9900727866997893,0.00992721330021074,1.0,0,0.9876903901853463,0.012309609814653635,1.0,0
2018-09-27,0,0,0.98559,0.01441,1.0,0,0.9910176800352792,0.008982319964720719,1.0,0,0.9915471820265717,0.008452817973428364,1.0,0,0.9935833760264793,0.006416623973520712,1.0,0,0.9877253795647507,0.01227462043524928,1.0,0
2018-09-28,0,0,0.98559,0.01441,1.0,0,0.9882813306424608,0.011718669357539133,1.0,0,0.9912322465830329,0.0087677534169671,1.0,0,0.9920243781315807,0.00797562186841923,1.0,0,0.9877602707212735,0.01223972927872656,1.0,0
2018-10-01,0,0,0.98559,0.01441,1.0,0,0.987356982837915,0.012643017162085077,1.0,0,0.9914512308386759,0.008548769161324082,1.0,0,0.9915431960402816,0.008456803959718387,1.0,0,0.9877950639236506,0.012204936076349409,1.0,0
2018-10-02,0,0,0.98559,0.01441,1.0,0,0.9862454427488795,0.013754557251120524,1.0,0,0.9908554025857711,0.009144597414228874,1.0,0,0.9906163131298416,0.009383686870158402,1.0,0,0.9878297594399227,0.012170240560077282,1.0,0
2018-10-03,0,0,0.98559,0.01441,1.0,0,0.9933087166352886,0.006691283364711368,1.0,0,0.9922527863563361,0.00774721364366394,1.0,0,0.9938838410335503,0.006116158966449637,1.0,0,0.9878643575374364,0.012135642462563587,1.0,0
2018-10-04,0,0,0.98559,0.01441,1.0,0,0.9888615171184623,0.011138482881537718,1.0,0,0.9902423282998565,0.009757671700143578,1.0,0,0.9887311920110228,0.011268807988977267,1.0,0,0.9878988584828459,0.012101141517154107,1.0,0
2018-10-05,0,0,0.98559,0.01441,1.0,0,0.9903737206651279,0.00962627933487214,1.0,0,0.9911113239624864,0.008888676037513624,1.0,0,0.9920483137563681,0.007951686243631878,1.0,0,0.9879332625421146,0.012066737457885453,1.0,0
2018-10-09,0,0,0.98559,0.01441,1.0,0,0.9854420057450519,0.014557994254948067,1.0,0,0.9902554714221875,0.009744528577812505,1.0,0,0.9895705600326586,0.010429439967341388,1.0,0,0.9879675699805166,0.012032430019483443,1.0,0
2018-10-10,0,1,0.98559,0.01441,1.0,0,0.9935476951695462,0.006452304830453734,1.0,0,0.9911616844772776,0.00883831552272238,1.0,0,0.9924890506745867,0.007510949325413346,1.0,0,0.9880017810626384,0.011998218937361615,1.0,0
2018-10-11,1,1,0.059,0.941,1.0,1,0.05474255922335436,0.9452574407766456,1.0,1,0.350914552051254,0.649085447948746,1.0,1,0.1850495081479766,0.8149504918520234,1.0,1,0.04579416445771245,0.9542058355422876,1.0,1
2018-10-12,1,1,0.059,0.941,1.0,1,0.06604182807685,0.93395817192315,1.0,1,0.28952049178131734,0.7104795082186827,1.0,1,0.17592247015271545,0.8240775298472846,1.0,1,0.04579416445771245,0.9542058355422876,1.0,1
2018-10-15,1,1,0.059,0.941,1.0,1,0.07128511162850426,0.9287148883714957,1.0,1,0.22685502297777904,0.773144977022221,1.0,1,0.16713154690927756,0.8328684530907224,1.0,1,0.04579416445771245,0.9542058355422876,1.0,1
2018-10-16,1,0,0.059,0.941,1.0,1,0.053640217892097386,0.9463597821079026,1.0,1,0.20096278669015677,0.7990372133098432,1.0,1,0.1632825258557078,0.8367174741442922,1.0,1,0.04579416445771245,0.9542058355422876,1.0,1
2018-10-17,0,0,0.98559,0.01441,1.0,0,0.9882216546522216,0.011778345347778442,1.0,0,0.8084958689459163,0.19150413105408365,1.0,0,0.8922081493126985,0.10779185068730146,1.0,0,0.9823959865620522,0.017604013437947763,1.0,0
2018-10-18,0,0,0.98559,0.01441,1.0,0,0.9855141819903366,0.01448581800966344,1.0,0,0.849555223580055,0.15044477641994505,1.0,0,0.8998411255828925,0.1001588744171075,1.0,0,0.982445757521457,0.017554242478543015,1.0,0
2018-10-19,0,0,0.98559,0.01441,1.0,0,0.9840460792746905,0.015953920725309507,1.0,0,0.8737000029544297,0.12629999704557024,1.0,0,0.9056873826759455,0.09431261732405452,1.0,0,0.982495390273181,0.017504609726819,1.0,0
2018-10-22,0,0,0.98559,0.01441,1.0,0,0.9832917249553792,0.01670827504462081,1.0,0,0.8871793293086748,0.11282067069132515,1.0,0,0.910312874486699,0.089687125513301,1.0,0,0.9825448851868503,0.017455114813149694,1.0,0
2018-10-23,0,0,0.98559,0.01441,1.0,0,0.9856603976937671,0.01433960230623287,1.0,0,0.9060093439387842,0.09399065606121577,1.0,0,0.9322666855634769,0.06773331443652311,1.0,0,0.9825942426311824,0.01740575736881757,1.0,0
2018-10-24,0,0,0.98559,0.01441,1.0,0,0.9853417325309419,0.014658267469058066,1.0,0,0.9088329928850444,0.0911670071149556,1.0,0,0.9172603815800274,0.08273961841997257,1.0,0,0.9826434629739881,0.017356537026011917,1.0,0
2018-10-25,0,0,0.98559,0.01441,1.0,0,0.9842499015939221,0.01575009840607785,1.0,0,0.9254260037099026,0.0745739962900974,1.0,0,0.941230180153363,0.058769819846637004,1.0,0,0.982692546582173,0.017307453417826996,1.0,0
2018-10-26,0,0,0.98559,0.01441,1.0,0,0.9793397748119133,0.020660225188086793,1.0,0,0.9230436206251613,0.07695637937483864,1.0,0,0.9238578199207229,0.07614218007927709,1.0,0,0.9827414938217397,0.017258506178260292,1.0,0
2018-10-29,0,0,0.98559,0.01441,1.0,0,0.9849050915618875,0.015094908438112406,1.0,0,0.9408502763210637,0.05914972367893635,1.0,0,0.9556862416372941,0.04431375836270585,1.0,0,0.9827903050577893,0.01720969494221072,1.0,0
2018-10-30,0,0,0.98559,0.01441,1.0,0,0.9864321990906841,0.01356780090931587,1.0,0,0.9400890914786773,0.0599109085213228,1.0,0,0.9532321276275577,0.04676787237244233,1.0,0,0.9828389806545231,0.01716101934547688,1.0,0
2018-10-31,0,0,0.98559,0.01441,1.0,0,0.9878271693724376,0.012172830627562378,1.0,0,0.9489216849760146,0.05107831502398536,1.0,0,0.9648228165413224,0.035177183458677624,1.0,0,0.9828875209752448,0.01711247902475526,1.0,0
2018-11-01,0,0,0.98559,0.01441,1.0,0,0.9870588994713902,0.012941100528609728,1.0,0,0.9538320943670411,0.04616790563295886,1.0,0,0.973680864787942,0.02631913521205803,1.0,0,0.9829359263823615,0.017064073617638485,1.0,0
2018-11-02,0,0,0.98559,0.01441,1.0,0,0.9904251679644244,0.009574832035575631,1.0,0,0.9593078182606697,0.04069218173933036,1.0,0,0.9764303183763787,0.023569681623621243,1.0,0,0.9829841972373865,0.01701580276261354,1.0,0
2018-11-05,0,0,0.98559,0.01441,1.0,0,0.9808452260324727,0.019154773967527263,1.0,0,0.953906876282258,0.04609312371774194,1.0,0,0.9619819333244627,0.03801806667553735,1.0,0,0.98303233390094,0.01696766609905995,1.0,0
2018-11-06,0,0,0.98559,0.01441,1.0,0,0.9841455753652446,0.01585442463475542,1.0,0,0.9600019269929029,0.03999807300709708,1.0,0,0.973290401698432,0.02670959830156804,1.0,0,0.9830803367327519,0.016919663267248124,1.0,0
2018-11-07,0,0,0.98559,0.01441,1.0,0,0.983476885971362,0.016523114028638028,1.0,0,0.962021557357043,0.03797844264295707,1.0,0,0.9740015534710071,0.025998446528992906,1.0,0,0.9831282060916625,0.016871793908337488,1.0,0
2018-11-08,0,0,0.98559,0.01441,1.0,0,0.9852647452623406,0.014735254737659307,1.0,0,0.9643638020662143,0.03563619793378569,1.0,0,0.9778220499835492,0.022177950016450804,1.0,0,0.9831759423356252,0.01682405766437475,1.0,0
2018-11-09,0,0,0.98559,0.01441,1.0,0,0.9831861568051881,0.016813843194811887,1.0,0,0.9624311475959877,0.03756885240401228,1.0,0,0.9714248269670188,0.028575173032981217,1.0,0,0.9832235458217079,0.01677645417829215,1.0,0
2018-11-13,0,0,0.98559,0.01441,1.0,0,0.9859339478089632,0.0140660521910368,1.0,0,0.9600347356318601,0.0399652643681398,1.0,0,0.9637155487896952,0.03628445121030473,1.0,0,0.9832710169060943,0.016728983093905667,1.0,0
2018-11-14,0,0,0.98559,0.01441,1.0,0,0.9831231355080801,0.016876864491919896,1.0,0,0.9595733339138787,0.04042666608612132,1.0,0,0.9558130128965185,0.044186987103481415,1.0,0,0.9833183559440867,0.01668164405591329,1.0,0
2018-11-15,0,0,0.98559,0.01441,1.0,0,0.9837064352626148,0.016293564737385153,1.0,0,0.9632586075478143,0.03674139245218562,1.0,0,0.9630700250467134,0.03692997495328662,1.0,0,0.9833655632901068,0.016634436709893192,1.0,0
2018-11-16,0,0,0.98559,0.01441,1.0,0,0.9772089849665058,0.022791015033494257,1.0,0,0.9636722405021367,0.03632775949786325,1.0,0,0.9609647028565271,0.03903529714347283,1.0,0,0.983412639297698,0.016587360702302045,1.0,0
2018-11-19,0,0,0.98559,0.01441,1.0,0,0.9854272195616962,0.014572780438303755,1.0,0,0.9695115750677774,0.030488424932222646,1.0,0,0.9774465089181662,0.02255349108183381,1.0,0,0.9834595843195267,0.016540415680473215,1.0,0
2018-11-20,0,0,0.98559,0.01441,1.0,0,0.9859418355682573,0.014058164431742659,1.0,0,0.9655394682087618,0.03446053179123817,1.0,0,0.9664801328035151,0.033519867196484865,1.0,0,0.983506398707385,0.016493601292615012,1.0,0
2018-11-21,0,0,0.98559,0.01441,1.0,0,0.9854385348480275,0.014561465151972581,1.0,0,0.966020544303718,0.033979455696281975,1.0,0,0.9614794863991833,0.03852051360081667,1.0,0,0.9835530828121911,0.016446917187808927,1.0,0
2018-11-23,0,0,0.98559,0.01441,1.0,0,0.9898814822915806,0.01011851770841943,1.0,0,0.9697860550709877,0.03021394492901232,1.0,0,0.9756088676174473,0.024391132382552787,1.0,0,0.9835996369839921,0.016400363016007873,1.0,0
2018-11-26,0,0,0.98559,0.01441,1.0,0,0.9803370781274235,0.019662921872576494,1.0,0,0.9723820789326572,0.027617921067342798,1.0,0,0.9740549485254623,0.025945051474537732,1.0,0,0.9836460615719655,0.016353938428034447,1.0,0
2018-11-27,0,0,0.98559,0.01441,1.0,0,0.9849965321466627,0.015003467853337301,1.0,0,0.9739751072984187,0.026024892701581214,1.0,0,0.9812149919171766,0.018785008082823334,1.0,0,0.9836923569244209,0.016307643075579137,1.0,0
2018-11-28,0,0,0.98559,0.01441,1.0,0,0.9847240193018493,0.015275980698150747,1.0,0,0.9754309849252937,0.0245690150747063,1.0,0,0.9811645330147987,0.018835466985201367,1.0,0,0.9837385233888014,0.016261476611198623,1.0,0
2018-11-29,0,0,0.98559,0.01441,1.0,0,0.9867050968955586,0.013294903104441393,1.0,0,0.9759450179947756,0.02405498200522436,1.0,0,0.9838326103018705,0.01616738969812946,1.0,0,0.983784561311686,0.016215438688313943,1.0,0
2018-11-30,0,0,0.98559,0.01441,1.0,0,0.9846115613844809,0.01538843861551909,1.0,0,0.9771759590712398,0.02282404092876025,1.0,0,0.9841761647529758,0.01582383524702429,1.0,0,0.9838304710387912,0.016169528961208823,1.0,0
2018-12-03,0,1,0.98559,0.01441,1.0,0,0.9840905433335692,0.015909456666430823,1.0,0,0.9760152359042713,0.02398476409572872,1.0,0,0.9807117986274954,0.019288201372504643,1.0,0,0.9838762529149722,0.016123747085027892,1.0,0
2018-12-04,1,1,0.059,0.941,1.0,1,0.04664708469701817,0.9533529153029818,1.0,1,0.4050675374313475,0.5949324625686525,1.0,1,0.27391624665099923,0.7260837533490008,1.0,1,0.04579416445771245,0.9542058355422876,1.0,1
2018-12-06,1,1,0.059,0.941,1.0,1,0.061764774026102476,0.9382352259738975,1.0,1,0.28864978698583565,0.7113502130141643,1.0,1,0.1671383820120278,0.8328616179879722,1.0,1,0.04579416445771245,0.9542058355422876,1.0,1
2018-12-07,1,0,0.059,0.941,1.0,1,0.06917526848700939,0.9308247315129906,1.0,1,0.19689044278186818,0.8031095572181318,1.0,1,0.09334004314218236,0.9066599568578176,1.0,1,0.04579416445771245,0.9542058355422876,1.0,1
2018-12-10,0,0,0.98559,0.01441,1.0,0,0.9865731630794115,0.013426836920588516,1.0,0,0.78810087990216,0.2118991200978399,1.0,0,0.8476660496497662,0.15233395035023375,1.0,0,0.9823959865620522,0.017604013437947763,1.0,0
2018-12-11,0,0,0.98559,0.01441,1.0,0,0.9863312428762221,0.013668757123777863,1.0,0,0.8394167402644649,0.16058325973553508,1.0,0,0.8801630580301526,0.11983694196984743,1.0,0,0.982445757521457,0.017554242478543015,1.0,0
2018-12-12,0,0,0.98559,0.01441,1.0,0,0.9877517647718275,0.012248235228172498,1.0,0,0.882282101489369,0.117717898510631,1.0,0,0.921740154850814,0.0782598451491861,1.0,0,0.982495390273181,0.017504609726819,1.0,0
2018-12-13,0,0,0.98559,0.01441,1.0,0,0.9857261385550363,0.014273861444963721,1.0,0,0.9018057987745636,0.0981942012254364,1.0,0,0.9388889372867296,0.0611110627132704,1.0,0,0.9825448851868503,0.017455114813149694,1.0,0
2018-12-14,0,0,0.98559,0.01441,1.0,0,0.9862926875631228,0.0137073124368772,1.0,0,0.9107823253963883,0.0892176746036117,1.0,0,0.9423883902627072,0.057611609737292874,1.0,0,0.9825942426311824,0.01740575736881757,1.0,0
2018-12-17,0,0,0.98559,0.01441,1.0,0,0.9852693306474658,0.014730669352534151,1.0,0,0.9123482111884516,0.08765178881154845,1.0,0,0.928087305749623,0.0719126942503771,1.0,0,0.9826434629739881,0.017356537026011917,1.0,0
2018-12-18,0,0,0.98559,0.01441,1.0,0,0.983817563575094,0.01618243642490605,1.0,0,0.9173226208560389,0.08267737914396114,1.0,0,0.9253895054996221,0.07461049450037793,1.0,0,0.982692546582173,0.017307453417826996,1.0,0
2018-12-19,0,0,0.98559,0.01441,1.0,0,0.9766808608431089,0.023319139156891114,1.0,0,0.922072458689871,0.07792754131012897,1.0,0,0.9231171431858524,0.07688285681414764,1.0,0,0.9827414938217397,0.017258506178260292,1.0,0
2018-12-20,0,0,0.98559,0.01441,1.0,0,0.9909916031139014,0.00900839688609853,1.0,0,0.9383269022491685,0.06167309775083151,1.0,0,0.9586085875515257,0.04139141244847432,1.0,0,0.9827903050577893,0.01720969494221072,1.0,0
2018-12-21,0,0,0.98559,0.01441,1.0,0,0.9866412844869256,0.01335871551307445,1.0,0,0.9290448289826573,0.07095517101734275,1.0,0,0.9126468838269282,0.08735311617307183,1.0,0,0.9828389806545231,0.01716101934547688,1.0,0
2018-12-24,0,1,0.98559,0.01441,1.0,0,0.9883199064394008,0.011680093560599226,1.0,0,0.9352317340756472,0.06476826592435281,1.0,0,0.9344916153772098,0.06550838462279024,1.0,0,0.9828875209752448,0.01711247902475526,1.0,0
2018-12-26,1,1,0.059,0.941,1.0,1,0.04343661649206787,0.9565633835079321,1.0,1,0.41409945544090465,0.5859005445590953,1.0,1,0.23809502385170955,0.7619049761482904,1.0,1,0.04579416445771245,0.9542058355422876,1.0,1
2018-12-27,1,0,0.059,0.941,1.0,1,0.06127375133883506,0.9387262486611649,1.0,1,0.29874917338005613,0.7012508266199439,1.0,1,0.1977345293992483,0.8022654706007517,1.0,1,0.04579416445771245,0.9542058355422876,1.0,1
2018-12-28,0,0,0.98559,0.01441,1.0,0,0.9849530238319921,0.015046976168007847,1.0,0,0.8248339518214102,0.17516604817858986,1.0,0,0.9054225417718612,0.09457745822813875,1.0,0,0.9823959865620522,0.017604013437947763,1.0,0
2018-12-31,0,0,0.98559,0.01441,1.0,0,0.9791311786860609,0.02086882131393909,1.0,0,0.847701568633968,0.1522984313660321,1.0,0,0.8927802089359085,0.10721979106409153,1.0,0,0.982445757521457,0.017554242478543015,1.0,0
2019-01-02,0,1,0.98559,0.01441,1.0,0,0.980938573381978,0.01906142661802206,1.0,0,0.8796994798242345,0.12030052017576558,1.0,0,0.9255111081567227,0.07448889184327735,1.0,0,0.982495390273181,0.017504609726819,1.0,0
2019-01-03,1,1,0.059,0.941,1.0,1,0.047448995926379745,0.9525510040736203,1.0,1,0.3962904783985536,0.6037095216014464,1.0,1,0.2632234865171956,0.7367765134828044,1.0,1,0.04579416445771245,0.9542058355422876,1.0,1
2019-01-04,1,1,0.059,0.941,1.0,1,0.08827136184160222,0.9117286381583978,1.0,1,0.332580543040049,0.667419456959951,1.0,1,0.25565328889018213,0.7443467111098179,1.0,1,0.04579416445771245,0.9542058355422876,1.0,1
2019-01-07,1,1,0.059,0.941,1.0,1,0.0732963842388229,0.9267036157611771,1.0,1,0.22824742947092014,0.7717525705290799,1.0,1,0.1645504113922025,0.8354495886077975,1.0,1,0.04579416445771245,0.9542058355422876,1.0,1
2019-01-08,1,0,0.059,0.941,1.0,1,0.048140192190761044,0.951859807809239,1.0,1,0.22885431878997564,0.7711456812100244,1.0,1,0.2166981128708989,0.7833018871291011,1.0,1,0.04579416445771245,0.9542058355422876,1.0,1
2019-01-09,0,0,0.98559,0.01441,1.0,0,0.9849696406632259,0.015030359336774135,1.0,0,0.8129289960480464,0.1870710039519537,1.0,0,0.8863026157536354,0.11369738424636454,1.0,0,0.9823959865620522,0.017604013437947763,1.0,0
2019-01-10,0,0,0.98559,0.01441,1.0,0,0.9850457426956715,0.014954257304328587,1.0,0,0.860581477081624,0.13941852291837598,1.0,0,0.9164950357406078,0.08350496425939226,1.0,0,0.982445757521457,0.017554242478543015,1.0,0
2019-01-11,0,0,0.98559,0.01441,1.0,0,0.9817146776806721,0.01828532231932788,1.0,0,0.8759837227763656,0.12401627722363445,1.0,0,0.9107304213155195,0.08926957868448047,1.0,0,0.982495390273181,0.017504609726819,1.0,0
2019-01-14,0,0,0.98559,0.01441,1.0,0,0.9881004187984892,0.011899581201510842,1.0,0,0.902283325047645,0.09771667495235503,1.0,0,0.9446170619136685,0.055382938086331504,1.0,0,0.9825448851868503,0.017455114813149694,1.0,0
2019-01-15,0,0,0.98559,0.01441,1.0,0,0.9848791820351697,0.015120817964830308,1.0,0,0.9093169815317992,0.09068301846820086,1.0,0,0.9375437497924917,0.06245625020750837,1.0,0,0.9825942426311824,0.01740575736881757,1.0,0
2019-01-16,0,0,0.98559,0.01441,1.0,0,0.9850084916884224,0.014991508311577554,1.0,0,0.9232226974347681,0.07677730256523187,1.0,0,0.9477981519388736,0.05220184806112637,1.0,0,0.9826434629739881,0.017356537026011917,1.0,0
2019-01-17,0,0,0.98559,0.01441,1.0,0,0.9837553529100601,0.01624464708993988,1.0,0,0.9329375031170474,0.06706249688295264,1.0,0,0.9565013171020221,0.04349868289797789,1.0,0,0.982692546582173,0.017307453417826996,1.0,0
2019-01-18,0,0,0.98559,0.01441,1.0,0,0.9866594672993918,0.013340532700608188,1.0,0,0.9400329225776184,0.05996707742238162,1.0,0,0.9626295131662022,0.03737048683379787,1.0,0,0.9827414938217397,0.017258506178260292,1.0,0
2019-01-22,0,0,0.98559,0.01441,1.0,0,0.9841386345329193,0.015861365467080713,1.0,0,0.9406449458481333,0.059355054151866676,1.0,0,0.9609933202049026,0.03900667979509738,1.0,0,0.9827903050577893,0.01720969494221072,1.0,0
2019-01-23,0,0,0.98559,0.01441,1.0,0,0.9894194276651936,0.010580572334806344,1.0,0,0.9494221682540266,0.050577831745973426,1.0,0,0.9706953417850858,0.029304658214914223,1.0,0,0.9828389806545231,0.01716101934547688,1.0,0
2019-01-24,0,0,0.98559,0.01441,1.0,0,0.9839271415884137,0.016072858411586333,1.0,0,0.944410320132976,0.05558967986702399,1.0,0,0.9575902346809307,0.04240976531906922,1.0,0,0.9828875209752448,0.01711247902475526,1.0,0
2019-01-25,0,0,0.98559,0.01441,1.0,0,0.9853295140724079,0.014670485927592163,1.0,0,0.9559239825590511,0.04407601744094892,1.0,0,0.9712846038662324,0.028715396133767588,1.0,0,0.9829359263823615,0.017064073617638485,1.0,0
2019-01-28,0,0,0.98559,0.01441,1.0,0,0.9858568804441429,0.01414311955585708,1.0,0,0.9525481109455473,0.047451889054452745,1.0,0,0.9653786804364994,0.03462131956350057,1.0,0,0.9829841972373865,0.01701580276261354,1.0,0
2019-01-29,0,0,0.98559,0.01441,1.0,0,0.9766291780940496,0.023370821905950443,1.0,0,0.9538614239443504,0.04613857605564958,1.0,0,0.9594151830603921,0.040584816939607866,1.0,0,0.98303233390094,0.01696766609905995,1.0,0
2019-01-30,0,0,0.98559,0.01441,1.0,0,0.9776026439599308,0.022397356040069216,1.0,0,0.9574625795112462,0.04253742048875378,1.0,0,0.9612066402312849,0.03879335976871508,1.0,0,0.9830803367327519,0.016919663267248124,1.0,0
2019-01-31,0,0,0.98559,0.01441,1.0,0,0.9860748906108787,0.013925109389121303,1.0,0,0.9603401942861215,0.03965980571387848,1.0,0,0.9756065974236785,0.024393402576321485,1.0,0,0.9831282060916625,0.016871793908337488,1.0,0
2019-02-01,0,0,0.98559,0.01441,1.0,0,0.9865672885477808,0.013432711452219212,1.0,0,0.9685526599615009,0.03144734003849916,1.0,0,0.9844432096080761,0.015556790391923902,1.0,0,0.9831759423356252,0.01682405766437475,1.0,0
2019-02-04,0,0,0.98559,0.01441,1.0,0,0.9867954035266456,0.013204596473354388,1.0,0,0.9651376498520426,0.034862350147957404,1.0,0,0.9761571526264634,0.023842847373536608,1.0,0,0.9832235458217079,0.01677645417829215,1.0,0
2019-02-05,0,0,0.98559,0.01441,1.0,0,0.9867305576098511,0.01326944239014891,1.0,0,0.9649310291349721,0.03506897086502788,1.0,0,0.9757890136140692,0.024210986385930736,1.0,0,0.9832710169060943,0.016728983093905667,1.0,0
2019-02-06,0,0,0.98559,0.01441,1.0,0,0.9840497690774549,0.01595023092254511,1.0,0,0.9685076479219766,0.031492352078023325,1.0,0,0.97918506163003,0.02081493836996998,1.0,0,0.9833183559440867,0.01668164405591329,1.0,0
2019-02-07,0,0,0.98559,0.01441,1.0,0,0.9822755204792532,0.017724479520746877,1.0,0,0.964708130396728,0.035291869603272005,1.0,0,0.9703830515845308,0.029616948415469267,1.0,0,0.9833655632901068,0.016634436709893192,1.0,0
2019-02-08,0,0,0.98559,0.01441,1.0,0,0.9802482262888186,0.01975177371118142,1.0,0,0.9652984239792632,0.03470157602073672,1.0,0,0.9657880866230832,0.034211913376916744,1.0,0,0.983412639297698,0.016587360702302045,1.0,0
2019-02-11,0,0,0.98559,0.01441,1.0,0,0.9862768679462883,0.013723132053711673,1.0,0,0.9677687871554115,0.03223121284458852,1.0,0,0.9723010058504138,0.027698994149586216,1.0,0,0.9834595843195267,0.016540415680473215,1.0,0
2019-02-12,0,0,0.98559,0.01441,1.0,0,0.9856572392618722,0.014342760738127784,1.0,0,0.9699483324623862,0.030051667537613787,1.0,0,0.9762831866253269,0.023716813374673157,1.0,0,0.983506398707385,0.016493601292615012,1.0,0
2019-02-13,0,0,0.98559,0.01441,1.0,0,0.9864049768674248,0.013595023132575204,1.0,0,0.9725444918661459,0.027455508133854084,1.0,0,0.9813420597406999,0.018657940259300128,1.0,0,0.9835530828121911,0.016446917187808927,1.0,0
2019-02-14,0,0,0.98559,0.01441,1.0,0,0.9815291011871644,0.018470898812835576,1.0,0,0.972138055456813,0.02786194454318701,1.0,0,0.9777682409993734,0.022231759000626617,1.0,0,0.9835996369839921,0.016400363016007873,1.0,0
2019-02-15,0,0,0.98559,0.01441,1.0,0,0.9773753173851211,0.02262468261487889,1.0,0,0.9727922246741134,0.027207775325886592,1.0,0,0.9756442170271141,0.0243557829728859,1.0,0,0.9836460615719655,0.016353938428034447,1.0,0
2019-02-19,0,0,0.98559,0.01441,1.0,0,0.9841204796066115,0.015879520393388462,1.0,0,0.9729068187791229,0.027093181220877168,1.0,0,0.9764089341283618,0.02359106587163816,1.0,0,0.9836923569244209,0.016307643075579137,1.0,0
2019-02-20,0,0,0.98559,0.01441,1.0,0,0.9849297291226009,0.015070270877399103,1.0,0,0.9748885892939776,0.0251114107060224,1.0,0,0.9803625895451561,0.019637410454843917,1.0,0,0.9837385233888014,0.016261476611198623,1.0,0
2019-02-21,0,0,0.98559,0.01441,1.0,0,0.9885067350544982,0.011493264945501857,1.0,0,0.9752535896209575,0.02474641037904246,1.0,0,0.981398479180735,0.01860152081926506,1.0,0,0.983784561311686,0.016215438688313943,1.0,0
2019-02-22,0,0,0.98559,0.01441,1.0,0,0.9820632499629063,0.017936750037093732,1.0,0,0.973590638472285,0.026409361527715038,1.0,0,0.9765284030870541,0.0234715969129459,1.0,0,0.9838304710387912,0.016169528961208823,1.0,0
2019-02-25,0,0,0.98559,0.01441,1.0,0,0.9893571110980556,0.01064288890194441,1.0,0,0.9775023554682846,0.022497644531715398,1.0,0,0.9855714833655917,0.014428516634408278,1.0,0,0.9838762529149722,0.016123747085027892,1.0,0
2019-02-26,0,0,0.98559,0.01441,1.0,0,0.982846021221679,0.017153978778321,1.0,0,0.9755515972383402,0.024448402761659833,1.0,0,0.980113107693545,0.019886892306455017,1.0,0,0.9839219072842251,0.01607809271577492,1.0,0
2019-02-27,0,0,0.98559,0.01441,1.0,0,0.9897919884077575,0.01020801159224253,1.0,0,0.9790558336201162,0.020944166379883854,1.0,0,0.9861069121915764,0.013893087808423547,1.0,0,0.9839674344896889,0.01603256551031109,1.0,0
2019-02-28,0,0,0.98559,0.01441,1.0,0,0.9871210505744049,0.012878949425595036,1.0,0,0.9760192960791723,0.023980703920827684,1.0,0,0.9788434640601623,0.021156535939837642,1.0,0,0.9840128348736468,0.01598716512635323,1.0,0
2019-03-01,0,0,0.98559,0.01441,1.0,0,0.9871616527404192,0.01283834725958073,1.0,0,0.978739222576901,0.02126077742309894,1.0,0,0.9843060482867035,0.015693951713296416,1.0,0,0.9840581087775279,0.015941891222472103,1.0,0
2019-03-04,0,0,0.98559,0.01441,1.0,0,0.9812399907547136,0.01876000924528642,1.0,0,0.9767473878479271,0.023252612152072825,1.0,0,0.9809041616579709,0.019095838342029145,1.0,0,0.9841032565419094,0.015896743458090577,1.0,0
2019-03-05,0,0,0.98559,0.01441,1.0,0,0.9838852381458913,0.01611476185410869,1.0,0,0.9793670944846502,0.020632905515349808,1.0,0,0.9842883300559697,0.01571166994403023,1.0,0,0.984148278506518,0.01585172149348204,1.0,0
2019-03-06,0,0,0.98559,0.01441,1.0,0,0.9866152567917094,0.013384743208290667,1.0,0,0.9771621353199762,0.022837864680023787,1.0,0,0.9796943269805357,0.02030567301946427,1.0,0,0.9841931750102315,0.015806824989768466,1.0,0
2019-03-07,0,0,0.98559,0.01441,1.0,0,0.980086609275403,0.01991339072459699,1.0,0,0.977144672772167,0.02285532722783299,1.0,0,0.9769462066870355,0.023053793312964553,1.0,0,0.9842379463910812,0.015762053608918816,1.0,0
2019-03-08,0,0,0.98559,0.01441,1.0,0,0.9842351876236156,0.01576481237638443,1.0,0,0.9786426627396706,0.021357337260329422,1.0,0,0.9809800586276521,0.019019941372347835,1.0,0,0.9842825929862528,0.015717407013747242,1.0,0
2019-03-11,0,0,0.98559,0.01441,1.0,0,0.9879982766160986,0.012001723383901363,1.0,0,0.9796097538654597,0.02039024613454035,1.0,0,0.9825501592884549,0.01744984071154507,1.0,0,0.9843271151320887,0.015672884867911352,1.0,0
2019-03-12,0,0,0.98559,0.01441,1.0,0,0.9825249423597825,0.017475057640217454,1.0,0,0.9800498099283322,0.01995019007166776,1.0,0,0.9839343704179514,0.016065629582048584,1.0,0,0.9843715131640896,0.01562848683591048,1.0,0
2019-03-13,0,0,0.98559,0.01441,1.0,0,0.9837737338114119,0.016226266188588093,1.0,0,0.9831215191740789,0.01687848082592116,1.0,0,0.9877283025335093,0.01227169746649066,1.0,0,0.984415787416916,0.015584212583083951,1.0,0
2019-03-14,0,0,0.98559,0.01441,1.0,0,0.9887597426726324,0.011240257327367602,1.0,0,0.981517602841196,0.018482397158803978,1.0,0,0.9857158393257619,0.014284160674238064,1.0,0,0.9844599382243907,0.015540061775609345,1.0,0
2019-03-15,0,0,0.98559,0.01441,1.0,0,0.9840058562592109,0.015994143740789155,1.0,0,0.9809536305405433,0.019046369459456702,1.0,0,0.9846923909075471,0.015307609092452908,1.0,0,0.9845039659194993,0.015496034080500732,1.0,0
2019-03-18,0,0,0.98559,0.01441,1.0,0,0.9853090661166994,0.01469093388330051,1.0,0,0.9826950249283636,0.01730497507163644,1.0,0,0.9875451013411509,0.012454898658849113,1.0,0,0.984547870834393,0.015452129165607011,1.0,0
2019-03-19,0,0,0.98559,0.01441,1.0,0,0.9880240279027779,0.011975972097222115,1.0,0,0.9827349683930262,0.017265031606973767,1.0,0,0.9871769956361618,0.01282300436383817,1.0,0,0.9845916533003899,0.015408346699610114,1.0,0
2019-03-20,0,0,0.98559,0.01441,1.0,0,0.9761354678552194,0.023864532144780595,1.0,0,0.9805451562289614,0.01945484377103858,1.0,0,0.9799566828178241,0.020043317182175904,1.0,0,0.9846353136479766,0.015364686352023323,1.0,0
2019-03-21,0,0,0.98559,0.01441,1.0,0,0.988480694532943,0.011519305467057057,1.0,0,0.9836661651076347,0.016333834892365305,1.0,0,0.9888398665514739,0.011160133448526082,1.0,0,0.9846788522068105,0.015321147793189504,1.0,0
2019-03-22,0,0,0.98559,0.01441,1.0,0,0.9810095434826909,0.018990456517309115,1.0,0,0.9804425255561219,0.0195574744438781,1.0,0,0.9814321228893209,0.018567877110679094,1.0,0,0.9847222693057206,0.015277730694279403,1.0,0
2019-03-25,0,0,0.98559,0.01441,1.0,0,0.9829340280040542,0.017065971995945877,1.0,0,0.9830653013783963,0.016934698621603676,1.0,0,0.9849900456146077,0.015009954385392365,1.0,0,0.9847655652727101,0.015234434727289928,1.0,0
2019-03-26,0,0,0.98559,0.01441,1.0,0,0.987973083536221,0.012026916463778963,1.0,0,0.9822531774154942,0.01774682258450577,1.0,0,0.9849360305634012,0.015063969436598768,1.0,0,0.9848087404349576,0.015191259565042416,1.0,0
2019-03-27,0,0,0.98559,0.01441,1.0,0,0.9834154978144671,0.01658450218553282,1.0,0,0.9826460737669973,0.017353926233002644,1.0,0,0.9852164272149523,0.014783572785047766,1.0,0,0.9848517951188192,0.015148204881180882,1.0,0
2019-03-28,0,0,0.98559,0.01441,1.0,0,0.9866274306969242,0.013372569303075805,1.0,0,0.9841772626429057,0.01582273735709422,1.0,0,0.9873494934967451,0.012650506503254933,1.0,0,0.9848947296498296,0.015105270350170367,1.0,0
2019-03-29,0,0,0.98559,0.01441,1.0,0,0.9872343179226277,0.01276568207737223,1.0,0,0.9834512340161158,0.01654876598388419,1.0,0,0.9853491548373114,0.014650845162688516,1.0,0,0.9849375443527049,0.015062455647295164,1.0,0
2019-04-01,0,0,0.98559,0.01441,1.0,0,0.9897475628032079,0.010252437196792146,1.0,0,0.9856799107613117,0.01432008923868833,1.0,0,0.9898822037762639,0.010117796223736049,1.0,0,0.9849802395513428,0.01501976044865712,1.0,0
2019-04-02,0,0,0.98559,0.01441,1.0,0,0.9852924187369273,0.01470758126307266,1.0,0,0.9841738315412516,0.01582616845874836,1.0,0,0.9865452881203242,0.013454711879675844,1.0,0,0.9850228155688261,0.014977184431173922,1.0,0
2019-04-03,0,0,0.98559,0.01441,1.0,0,0.9888360680206852,0.011163931979314735,1.0,0,0.9860905940543527,0.013909405945647225,1.0,0,0.9903950584603199,0.009604941539680051,1.0,0,0.9850652727274226,0.014934727272577381,1.0,0
2019-04-04,0,0,0.98559,0.01441,1.0,0,0.9861455825446345,0.01385441745536555,1.0,0,0.9841999352196052,0.015800064780394703,1.0,0,0.9870101387041392,0.012989861295860786,1.0,0,0.9851076113485883,0.014892388651411709,1.0,0
2019-04-05,0,0,0.98559,0.01441,1.0,0,0.9843641491253832,0.01563585087461684,1.0,0,0.9852896838806458,0.014710316119354238,1.0,0,0.9881773492758077,0.011822650724192295,1.0,0,0.9851498317529681,0.014850168247031847,1.0,0
2019-04-08,0,0,0.98559,0.01441,1.0,0,0.9863379871719642,0.013662012828035863,1.0,0,0.9855506199238819,0.014449380076118052,1.0,0,0.9884041492351014,0.011595850764898604,1.0,0,0.9851919342603983,0.014808065739601682,1.0,0
2019-04-09,0,0,0.98559,0.01441,1.0,0,0.9866026960617156,0.01339730393828438,1.0,0,0.9846476958984807,0.015352304101519382,1.0,0,0.9868510044076166,0.013148995592383346,1.0,0,0.9852339191899075,0.01476608081009242,1.0,0
2019-04-10,0,0,0.98559,0.01441,1.0,0,0.9807464893900584,0.019253510609941595,1.0,0,0.985094372383142,0.01490562761685799,1.0,0,0.9857565747860536,0.014243425213946342,1.0,0,0.9852757868597192,0.014724213140280839,1.0,0
2019-04-11,0,0,0.98559,0.01441,1.0,0,0.9887293882223499,0.011270611777650114,1.0,0,0.9859282186378967,0.014071781362103337,1.0,0,0.9892209792252082,0.010779020774791703,1.0,0,0.9853175375872524,0.014682462412747588,1.0,0
2019-04-12,0,0,0.98559,0.01441,1.0,0,0.9864451281867473,0.013554871813252675,1.0,0,0.9857829725325636,0.014217027467436392,1.0,0,0.9883255924359351,0.011674407564064897,1.0,0,0.9853591716891245,0.014640828310875494,1.0,0
2019-04-15,0,0,0.98559,0.01441,1.0,0,0.9868028440698047,0.013197155930195317,1.0,0,0.9858488618574821,0.014151138142517944,1.0,0,0.9891382568178915,0.010861743182108504,1.0,0,0.9854006894811521,0.014599310518847844,1.0,0
2019-04-16,0,0,0.98559,0.01441,1.0,0,0.9901684308018218,0.009831569198178172,1.0,0,0.9869344184269486,0.013065581573051419,1.0,0,0.9908679065508359,0.00913209344916415,1.0,0,0.9854420912783532,0.014557908721646707,1.0,0
2019-04-17,0,0,0.98559,0.01441,1.0,0,0.9880786711524017,0.01192132884759839,1.0,0,0.9856123586508244,0.01438764134917555,1.0,0,0.9877952663736911,0.012204733626308873,1.0,0,0.9854833773949487,0.014516622605051224,1.0,0
2019-04-18,0,0,0.98559,0.01441,1.0,0,0.9825490701182502,0.017450929881749816,1.0,0,0.9857997528970452,0.0142002471029547,1.0,0,0.9871344305829624,0.012865569417037636,1.0,0,0.9855245481443641,0.014475451855635925,1.0,0
2019-04-22,0,0,0.98559,0.01441,1.0,0,0.987727667986111,0.012272332013889015,1.0,0,0.9868333356953743,0.01316666430462563,1.0,0,0.9891248037257284,0.010875196274271547,1.0,0,0.985565603839231,0.014434396160768992,1.0,0
2019-04-23,0,0,0.98559,0.01441,1.0,0,0.9847684263668737,0.01523157363312637,1.0,0,0.9857136455390202,0.014286354460979834,1.0,0,0.9862007995241618,0.013799200475838127,1.0,0,0.9856065447913894,0.014393455208610626,1.0,0
2019-04-24,0,0,0.98559,0.01441,1.0,0,0.9820861066393776,0.017913893360622383,1.0,0,0.9864601394607084,0.01353986053929155,1.0,0,0.9881894331596044,0.011810566840395567,1.0,0,0.9856473713118886,0.014352628688111334,1.0,0
2019-04-25,0,0,0.98559,0.01441,1.0,0,0.9847720823962175,0.01522791760378245,1.0,0,0.9871810262353955,0.012818973764604533,1.0,0,0.9893249330403961,0.010675066959603881,1.0,0,0.9856880837109898,0.014311916289010218,1.0,0
2019-04-26,0,0,0.98559,0.01441,1.0,0,0.9876392985795864,0.012360701420413513,1.0,0,0.9860566329368396,0.013943367063160402,1.0,0,0.9880108338103665,0.01198916618963352,1.0,0,0.9857286822981667,0.014271317701833321,1.0,0
2019-04-29,0,0,0.98559,0.01441,1.0,0,0.9898958414053937,0.01010415859460636,1.0,0,0.9878215500104846,0.01217844998951544,1.0,0,0.991188127830459,0.00881187216954101,1.0,0,0.9857691673821081,0.014230832617891912,1.0,0
2019-04-30,0,0,0.98559,0.01441,1.0,0,0.9852005054474315,0.014799494552568461,1.0,0,0.9866645019367108,0.01333549806328913,1.0,0,0.9885681106939475,0.01143188930605258,1.0,0,0.9858095392707191,0.01419046072928084,1.0,0
2019-05-01,0,0,0.98559,0.01441,1.0,0,0.9886881789659099,0.011311821034090164,1.0,0,0.9875673535894024,0.012432646410597638,1.0,0,0.9904479455437614,0.009552054456238631,1.0,0,0.9858497982711232,0.014150201728876788,1.0,0
2019-05-02,0,0,0.98559,0.01441,1.0,0,0.9924318575246044,0.007568142475395607,1.0,0,0.9876296751596206,0.012370324840379324,1.0,0,0.9907473752951069,0.0092526247048931,1.0,0,0.9858899446896633,0.014110055310336666,1.0,0
2019-05-03,0,0,0.98559,0.01441,1.0,0,0.9845674311763031,0.015432568823696967,1.0,0,0.9860268507805737,0.013973149219426282,1.0,0,0.9838642526026239,0.016135747397376134,1.0,0,0.9859299788319041,0.014070021168095899,1.0,0
2019-05-06,0,0,0.98559,0.01441,1.0,0,0.9856147732537501,0.014385226746249893,1.0,0,0.9878163860711019,0.012183613928898057,1.0,0,0.9899545521747988,0.0100454478252012,1.0,0,0.9859699010026333,0.014030098997366739,1.0,0
2019-05-07,0,0,0.98559,0.01441,1.0,0,0.9864270635174945,0.013572936482505482,1.0,0,0.986945958216101,0.013054041783899035,1.0,0,0.9884546627920002,0.011545337207999789,1.0,0,0.9860097115058634,0.01399028849413661,1.0,0
2019-05-08,0,0,0.98559,0.01441,1.0,0,0.9892161707431188,0.010783829256881167,1.0,0,0.9874176958847457,0.01258230411525432,1.0,0,0.9883044397890227,0.011695560210977276,1.0,0,0.9860494106448335,0.01395058935516643,1.0,0
2019-05-09,0,0,0.98559,0.01441,1.0,0,0.9851488089643307,0.014851191035669347,1.0,0,0.9859214635309526,0.014078536469047486,1.0,0,0.9840221702269252,0.015977829773074798,1.0,0,0.9860889987220111,0.013911001277988933,1.0,0
2019-05-10,0,0,0.98559,0.01441,1.0,0,0.9868611202268007,0.013138879773199275,1.0,0,0.9878016848789616,0.012198315121038368,1.0,0,0.9891482311375863,0.01085176886241373,1.0,0,0.9861284760390929,0.013871523960907024,1.0,0
2019-05-13,0,0,0.98559,0.01441,1.0,0,0.9834682868015939,0.016531713198406114,1.0,0,0.9865807726829985,0.01341922731700151,1.0,0,0.9858497792644728,0.014150220735527236,1.0,0,0.986167842897008,0.013832157102992048,1.0,0
2019-05-14,0,0,0.98559,0.01441,1.0,0,0.9864271038197009,0.013572896180299084,1.0,0,0.9878193295499188,0.012180670450081206,1.0,0,0.98734510603637,0.01265489396362998,1.0,0,0.9862070995959178,0.013792900404082212,1.0,0
2019-05-15,0,0,0.98559,0.01441,1.0,0,0.985031596686145,0.014968403313854907,1.0,0,0.987015217146326,0.012984782853674014,1.0,0,0.9865455426247604,0.013454457375239658,1.0,0,0.9862462464352192,0.013753753564780867,1.0,0
2019-05-16,0,0,0.98559,0.01441,1.0,0,0.9883241600957625,0.011675839904237496,1.0,0,0.9896661512181232,0.010333848781876823,1.0,0,0.9923013094790906,0.007698690520909413,1.0,0,0.9862852837135452,0.013714716286454858,1.0,0
2019-05-17,0,0,0.98559,0.01441,1.0,0,0.9884285806439362,0.01157141935606378,1.0,0,0.9884980457066763,0.011501954293323721,1.0,0,0.9905122243569925,0.009487775643007472,1.0,0,0.9863242117287672,0.01367578827123286,1.0,0
2019-05-20,0,0,0.98559,0.01441,1.0,0,0.9894312972633335,0.010568702736666581,1.0,0,0.9888017847852493,0.011198215214750694,1.0,0,0.990665161629112,0.009334838370888025,1.0,0,0.9863630307779963,0.013636969222003734,1.0,0
2019-05-21,0,0,0.98559,0.01441,1.0,0,0.9878438785402885,0.012156121459711424,1.0,0,0.9882012921356784,0.011798707864321545,1.0,0,0.9885711237795307,0.011428876220469238,1.0,0,0.9864017411575852,0.013598258842414852,1.0,0
2019-05-22,0,0,0.98559,0.01441,1.0,0,0.9892135197600943,0.010786480239905687,1.0,0,0.9884829764518578,0.011517023548142208,1.0,0,0.990412753439472,0.00958724656052805,1.0,0,0.9864403431631296,0.013559656836870472,1.0,0
2019-05-23,0,0,0.98559,0.01441,1.0,0,0.9849893345272177,0.01501066547278227,1.0,0,0.9877824974672473,0.012217502532752616,1.0,0,0.988526718192328,0.011473281807672,1.0,0,0.9864788370894699,0.013521162910530028,1.0,0
2019-05-24,0,0,0.98559,0.01441,1.0,0,0.9879113544009418,0.01208864559905816,1.0,0,0.9889528889468998,0.011047111053100158,1.0,0,0.9889121566331947,0.011087843366805359,1.0,0,0.9865172232306935,0.013482776769306558,1.0,0
2019-05-28,0,0,0.98559,0.01441,1.0,0,0.9837299956197341,0.016270004380265927,1.0,0,0.9871033547183398,0.012896645281660256,1.0,0,0.9851279011254727,0.014872098874527373,1.0,0,0.986555501880135,0.013444498119864999,1.0,0
2019-05-29,0,0,0.98559,0.01441,1.0,0,0.9851844324227751,0.014815567577224858,1.0,0,0.9886103705880318,0.011389629411968175,1.0,0,0.9880363839281437,0.011963616071856203,1.0,0,0.9865936733303794,0.013406326669620564,1.0,0
2019-05-30,0,0,0.98559,0.01441,1.0,0,0.9887613216712332,0.011238678328766764,1.0,0,0.9880607590976307,0.011939240902369358,1.0,0,0.9872764245275685,0.012723575472431498,1.0,0,0.9866317378732629,0.013368262126737087,1.0,0
2019-05-31,0,0,0.98559,0.01441,1.0,0,0.9843104373484832,0.015689562651516806,1.0,0,0.9876767702804903,0.01232322971950968,1.0,0,0.987269086441882,0.012730913558117918,1.0,0,0.9866696957998746,0.013330304200125391,1.0,0
2019-06-03,0,0,0.98559,0.01441,1.0,0,0.9844633977295348,0.015536602270465206,1.0,0,0.9886897778808273,0.011310222119172647,1.0,0,0.9886484438408455,0.011351556159154553,1.0,0,0.9867075474005583,0.013292452599441644,1.0,0
2019-06-04,0,0,0.98559,0.01441,1.0,0,0.9913475860650461,0.008652413934953914,1.0,0,0.989941653061293,0.010058346938707021,1.0,0,0.9920763020666086,0.007923697933391443,1.0,0,0.9867452929649143,0.01325470703508571,1.0,0
2019-06-05,0,0,0.98559,0.01441,1.0,0,0.9924904829020137,0.007509517097986349,1.0,0,0.9901343347322596,0.00986566526774035,1.0,0,0.9934008977920653,0.006599102207934731,1.0,0,0.9867829327818004,0.013217067218199544,1.0,0
2019-06-06,0,0,0.98559,0.01441,1.0,0,0.9884929967118438,0.01150700328815625,1.0,0,0.9910033127561547,0.008996687243845248,1.0,0,0.994466894657437,0.0055331053425629745,1.0,0,0.9868204671393345,0.013179532860665498,1.0,0
2019-06-07,0,0,0.98559,0.01441,1.0,0,0.9828352975525199,0.01716470244748009,1.0,0,0.9901079159531546,0.00989208404684538,1.0,0,0.9911317600917205,0.008868239908279502,1.0,0,0.9868578963248953,0.013142103675104757,1.0,0
2019-06-10,0,0,0.98559,0.01441,1.0,0,0.9929363287313776,0.0070636712686223645,1.0,0,0.9913478021616967,0.008652197838303333,1.0,0,0.9942591287707236,0.005740871229276328,1.0,0,0.9868952206251244,0.013104779374875678,1.0,0
2019-06-11,0,0,0.98559,0.01441,1.0,0,0.9871565154199637,0.012843484580036237,1.0,0,0.989680781904341,0.010319218095659015,1.0,0,0.9910408105616484,0.008959189438351606,1.0,0,0.9869324403259279,0.01306755967407215,1.0,0
2019-06-12,0,0,0.98559,0.01441,1.0,0,0.990618426949652,0.009381573050347999,1.0,0,0.9904689551582937,0.009531044841706311,1.0,0,0.99278326501716,0.0072167349828400834,1.0,0,0.986969555712478,0.013030444287521988,1.0,0
2019-06-13,0,0,0.98559,0.01441,1.0,0,0.984001667200081,0.01599833279991898,1.0,0,0.9893698876701553,0.010630112329844657,1.0,0,0.989213132347302,0.010786867652697988,1.0,0,0.9870065670692147,0.012993432930785294,1.0,0
2019-06-14,0,0,0.98559,0.01441,1.0,0,0.9897316960917638,0.010268303908236165,1.0,0,0.9904571680927714,0.009542831907228629,1.0,0,0.9926656014919194,0.007334398508080599,1.0,0,0.9870434746798471,0.012956525320152866,1.0,0
2019-06-17,0,0,0.98559,0.01441,1.0,0,0.9880891921065168,0.011910807893483167,1.0,0,0.9896885961436183,0.010311403856381712,1.0,0,0.9898502907353173,0.010149709264682767,1.0,0,0.9870802788273555,0.012919721172644498,1.0,0
2019-06-18,0,0,0.98559,0.01441,1.0,0,0.9868302251180969,0.013169774881903103,1.0,0,0.9900513399784442,0.009948660021555849,1.0,0,0.9905335706177305,0.009466429382269508,1.0,0,0.9871169797939925,0.012883020206007501,1.0,0
2019-06-19,0,0,0.98559,0.01441,1.0,0,0.9864094034702908,0.013590596529709138,1.0,0,0.9907469584197134,0.0092530415802866,1.0,0,0.9922383727209267,0.007761627279073299,1.0,0,0.9871535778612851,0.012846422138714925,1.0,0
2019-06-20,0,0,0.98559,0.01441,1.0,0,0.9863817193608352,0.013618280639164766,1.0,0,0.9910716481094584,0.008928351890541631,1.0,0,0.993340174108019,0.006659825891981034,1.0,0,0.9871900733100359,0.012809926689964073,1.0,0
2019-06-21,0,0,0.98559,0.01441,1.0,0,0.9912132372338366,0.008786762766163428,1.0,0,0.9919433690434171,0.008056630956582923,1.0,0,0.9949270654560468,0.005072934543953139,1.0,0,0.9872264664203252,0.012773533579674822,1.0,0
2019-06-24,0,0,0.98559,0.01441,1.0,0,0.9837127895115862,0.01628721048841372,1.0,0,0.9895868766036675,0.010413123396332527,1.0,0,0.9895063013412229,0.010493698658777095,1.0,0,0.9872627574715119,0.012737242528488044,1.0,0
2019-06-25,0,0,0.98559,0.01441,1.0,0,0.988010472888633,0.011989527111366985,1.0,0,0.9907663792869598,0.009233620713040193,1.0,0,0.9929071843020546,0.007092815697945401,1.0,0,0.9872989467422361,0.01270105325776398,1.0,0
2019-06-26,0,0,0.98559,0.01441,1.0,0,0.9892910419931528,0.010708958006847197,1.0,0,0.990119052337459,0.00988094766254098,1.0,0,0.9896629293943795,0.010337070605620459,1.0,0,0.9873350345104194,0.012664965489580647,1.0,0
2019-06-27,0,0,0.98559,0.01441,1.0,0,0.9860164577177483,0.01398354228225178,1.0,0,0.9892527602736216,0.010747239726378368,1.0,0,0.9880400265872875,0.011959973412712451,1.0,0,0.9873710210532678,0.012628978946732232,1.0,0
2019-06-28,0,0,0.98559,0.01441,1.0,0,0.9900763970552026,0.009923602944797412,1.0,0,0.9912722348638172,0.008727765136182836,1.0,0,0.9934268227521053,0.006573177247894716,1.0,0,0.9874069066472725,0.012593093352727465,1.0,0
2019-07-01,0,0,0.98559,0.01441,1.0,0,0.992631722044674,0.007368277955326045,1.0,0,0.9914465597478832,0.008553440252116764,1.0,0,0.9942900389653401,0.005709961034659876,1.0,0,0.987442691568212,0.012557308431788072,1.0,0
2019-07-02,0,0,0.98559,0.01441,1.0,0,0.9883417074771289,0.011658292522871065,1.0,0,0.9908062634749291,0.009193736525070937,1.0,0,0.9929317863278716,0.0070682136721283845,1.0,0,0.9874783760911529,0.012521623908847144,1.0,0
2019-07-03,0,0,0.98559,0.01441,1.0,0,0.9854964084328413,0.014503591567158714,1.0,0,0.991450027005652,0.008549972994348001,1.0,0,0.9930647549928493,0.006935245007150695,1.0,0,0.9875139604904525,0.012486039509547544,1.0,0
2019-07-05,0,0,0.98559,0.01441,1.0,0,0.9921827916918247,0.007817208308175293,1.0,0,0.9917823696651605,0.008217630334839441,1.0,0,0.9935438400513276,0.006456159948672422,1.0,0,0.9875494450397597,0.012450554960240319,1.0,0
2019-07-08,0,0,0.98559,0.01441,1.0,0,0.9859830672643292,0.014016932735670843,1.0,0,0.9895378822887613,0.010462117711238747,1.0,0,0.9881007077532119,0.011899292246788042,1.0,0,0.9875848300120169,0.012415169987983116,1.0,0
2019-07-09,0,0,0.98559,0.01441,1.0,0,0.9876729050747511,0.01232709492524882,1.0,0,0.9909809659352886,0.009019034064711348,1.0,0,0.9919067323940861,0.00809326760591384,1.0,0,0.9876201156794614,0.012379884320538577,1.0,0
2019-07-10,0,0,0.98559,0.01441,1.0,0,0.9858006696835342,0.014199330316465824,1.0,0,0.9904770661251546,0.00952293387484535,1.0,0,0.9889527623184365,0.011047237681563444,1.0,0,0.9876553023136272,0.012344697686372792,1.0,0
2019-07-11,0,0,0.98559,0.01441,1.0,0,0.9919032305838533,0.008096769416146656,1.0,0,0.9915655117046263,0.008434488295373709,1.0,0,0.9929110903074998,0.007088909692500178,1.0,0,0.9876903901853463,0.012309609814653635,1.0,0
2019-07-12,0,0,0.98559,0.01441,1.0,0,0.986465913345171,0.013534086654829003,1.0,0,0.9907171547854007,0.009282845214599317,1.0,0,0.990993213219503,0.00900678678049708,1.0,0,0.9877253795647507,0.01227462043524928,1.0,0
2019-07-15,0,0,0.98559,0.01441,1.0,0,0.989628135779395,0.010371864220605018,1.0,0,0.9914501481102352,0.008549851889764737,1.0,0,0.9936021533501905,0.006397846649809445,1.0,0,0.9877602707212735,0.01223972927872656,1.0,0
2019-07-16,0,0,0.98559,0.01441,1.0,0,0.9920583663961497,0.007941633603850268,1.0,0,0.9914733690691322,0.008526630930867835,1.0,0,0.9934060814005933,0.0065939185994067714,1.0,0,0.9877950639236506,0.012204936076349409,1.0,0
2019-07-17,0,0,0.98559,0.01441,1.0,0,0.9874899074865963,0.012510092513403693,1.0,0,0.990159166036899,0.009840833963100955,1.0,0,0.99017435555792,0.009825644442080018,1.0,0,0.9878297594399227,0.012170240560077282,1.0,0
2019-07-18,0,0,0.98559,0.01441,1.0,0,0.9894117383599429,0.010588261640057061,1.0,0,0.9914614694978152,0.008538530502184758,1.0,0,0.9924856617963563,0.007514338203643629,1.0,0,0.9878643575374364,0.012135642462563587,1.0,0
2019-07-19,0,0,0.98559,0.01441,1.0,0,0.9897869844529885,0.010213015547011473,1.0,0,0.9909960498632226,0.009003950136777355,1.0,0,0.991855870099946,0.008144129900053927,1.0,0,0.9878988584828459,0.012101141517154107,1.0,0
2019-07-22,0,0,0.98559,0.01441,1.0,0,0.9891144625854578,0.010885537414542196,1.0,0,0.9914223452050209,0.008577654794979109,1.0,0,0.9926435896334909,0.007356410366509164,1.0,0,0.9879332625421146,0.012066737457885453,1.0,0
2019-07-23,0,0,0.98559,0.01441,1.0,0,0.9906817036992934,0.00931829630070655,1.0,0,0.9918837343712111,0.008116265628788878,1.0,0,0.9933670425686665,0.006632957431333488,1.0,0,0.9879675699805166,0.012032430019483443,1.0,0
2019-07-24,0,0,0.98559,0.01441,1.0,0,0.9888238438893335,0.01117615611066647,1.0,0,0.9914778022786779,0.008522197721322084,1.0,0,0.9929754613141915,0.0070245386858085145,1.0,0,0.9880017810626384,0.011998218937361615,1.0,0
2019-07-25,0,0,0.98559,0.01441,1.0,0,0.991245263595506,0.00875473640449402,1.0,0,0.9922544419794422,0.007745558020557719,1.0,0,0.9941354549956232,0.005864545004376875,1.0,0,0.9880358960523804,0.011964103947619611,1.0,0
2019-07-26,0,0,0.98559,0.01441,1.0,0,0.9893068246761234,0.010693175323876647,1.0,0,0.991484019886139,0.008515980113861014,1.0,0,0.9926100347204166,0.007389965279583311,1.0,0,0.9880699152129584,0.011930084787041637,1.0,0
2019-07-29,0,0,0.98559,0.01441,1.0,0,0.9881929649733479,0.011807035026652181,1.0,0,0.9914879220735899,0.008512077926410027,1.0,0,0.9923841495266397,0.007615850473360349,1.0,0,0.9881038388069051,0.011896161193094898,1.0,0
2019-07-30,0,0,0.98559,0.01441,1.0,0,0.9879034535793993,0.012096546420600698,1.0,0,0.991797081059646,0.008202918940353993,1.0,0,0.9925613186695127,0.007438681330487353,1.0,0,0.988137667096072,0.011862332903928057,1.0,0
2019-07-31,0,0,0.98559,0.01441,1.0,0,0.9873739801726004,0.01262601982739967,1.0,0,0.990624661059273,0.009375338940726992,1.0,0,0.9900623628917383,0.009937637108261699,1.0,0,0.9881714003416303,0.011828599658369673,1.0,0
2019-08-01,0,0,0.98559,0.01441,1.0,0,0.9879029454801191,0.01209705451988089,1.0,0,0.9904192840534443,0.009580715946555721,1.0,0,0.9895527278982725,0.010447272101727512,1.0,0,0.9882050388040734,0.011794961195926611,1.0,0
2019-08-02,0,1,0.98559,0.01441,1.0,0,0.9875924676764745,0.01240753232352552,1.0,0,0.9909014140965962,0.009098585903403872,1.0,0,0.9900475769944956,0.009952423005504328,1.0,0,0.9882385827432174,0.011761417256782612,1.0,0
2019-08-05,1,1,0.059,0.941,1.0,1,0.04440719610922028,0.9555928038907797,1.0,1,0.3586109666829457,0.6413890333170543,1.0,1,0.1738729809984757,0.8261270190015243,1.0,1,0.04579416445771245,0.9542058355422876,1.0,1
2019-08-06,1,1,0.059,0.941,1.0,1,0.05631124717411873,0.9436887528258813,1.0,1,0.27833534568468377,0.7216646543153162,1.0,1,0.14688649345325688,0.8531135065467431,1.0,1,0.04579416445771245,0.9542058355422876,1.0,1
2019-08-07,1,1,0.059,0.941,1.0,1,0.06586417506666098,0.934135824933339,1.0,1,0.2081985770672441,0.7918014229327559,1.0,1,0.14503617074699027,0.8549638292530097,1.0,1,0.04579416445771245,0.9542058355422876,1.0,1
2019-08-08,1,0,0.059,0.941,1.0,1,0.059635613910460794,0.9403643860895392,1.0,1,0.21412082632513907,0.7858791736748609,1.0,1,0.1764012519650845,0.8235987480349155,1.0,1,0.04579416445771245,0.9542058355422876,1.0,1
2019-08-09,0,1,0.98559,0.01441,1.0,0,0.9860783387011979,0.013921661298802113,1.0,0,0.7967425839733907,0.20325741602660932,1.0,0,0.8632389025835601,0.13676109741643996,1.0,0,0.9823959865620522,0.017604013437947763,1.0,0
2019-08-12,1,1,0.059,0.941,1.0,1,0.022357460632410064,0.9776425393675899,1.0,1,0.3906928890481578,0.6093071109518422,1.0,1,0.2234818051823677,0.7765181948176323,1.0,1,0.04579416445771245,0.9542058355422876,1.0,1
2019-08-13,1,1,0.059,0.941,1.0,1,0.04725916220872395,0.952740837791276,1.0,1,0.30904175225391795,0.690958247746082,1.0,1,0.21152939395237202,0.788470606047628,1.0,1,0.04579416445771245,0.9542058355422876,1.0,1
2019-08-14,1,1,0.059,0.941,1.0,1,0.056800021520377886,0.9431999784796221,1.0,1,0.19193682950744761,0.8080631704925524,1.0,1,0.10894970959995787,0.8910502904000421,1.0,1,0.04579416445771245,0.9542058355422876,1.0,1
2019-08-15,1,1,0.059,0.941,1.0,1,0.05513075815752233,0.9448692418424777,1.0,1,0.18447827920661597,0.815521720793384,1.0,1,0.10905592251379637,0.8909440774862036,1.0,1,0.04579416445771245,0.9542058355422876,1.0,1
2019-08-16,1,1,0.059,0.941,1.0,1,0.0699806762094497,0.9300193237905503,1.0,1,0.1551761156346787,0.8448238843653213,1.0,1,0.11029039328988,0.88970960671012,1.0,1,0.04579416445771245,0.9542058355422876,1.0,1
2019-08-19,1,1,0.059,0.941,1.0,1,0.06881717871678017,0.9311828212832198,1.0,1,0.15617338626924793,0.8438266137307521,1.0,1,0.1449347830781028,0.8550652169218972,1.0,1,0.04579416445771245,0.9542058355422876,1.0,1
2019-08-20,1,0,0.059,0.941,1.0,1,0.04911871595906381,0.9508812840409362,1.0,1,0.12340197494250882,0.8765980250574912,1.0,1,0.11420147107291445,0.8857985289270855,1.0,1,0.04579416445771245,0.9542058355422876,1.0,1
2019-08-21,0,0,0.98559,0.01441,1.0,0,0.9844477410073063,0.0155522589926938,1.0,0,0.8154248599383038,0.1845751400616962,1.0,0,0.8947644867192508,0.10523551328074916,1.0,0,0.9823959865620522,0.017604013437947763,1.0,0
2019-08-22,0,1,0.98559,0.01441,1.0,0,0.9897303476472665,0.01026965235273348,1.0,0,0.8547957142203646,0.14520428577963537,1.0,0,0.9160462582817049,0.08395374171829503,1.0,0,0.982445757521457,0.017554242478543015,1.0,0
2019-08-23,1,1,0.059,0.941,1.0,1,0.04597307180575971,0.9540269281942403,1.0,1,0.38748225607368536,0.6125177439263146,1.0,1,0.25952657839406634,0.7404734216059337,1.0,1,0.04579416445771245,0.9542058355422876,1.0,1
2019-08-26,1,1,0.059,0.941,1.0,1,0.06740124780615064,0.9325987521938494,1.0,1,0.31660719734675,0.68339280265325,1.0,1,0.25141746336901427,0.7485825366309857,1.0,1,0.04579416445771245,0.9542058355422876,1.0,1
2019-08-27,1,0,0.059,0.941,1.0,1,0.03826265703984133,0.9617373429601587,1.0,1,0.19960929547330797,0.800390704526692,1.0,1,0.1148237858882657,0.8851762141117343,1.0,1,0.04579416445771245,0.9542058355422876,1.0,1
2019-08-28,0,0,0.98559,0.01441,1.0,0,0.9803969352533694,0.019603064746630598,1.0,0,0.807819824798109,0.192180175201891,1.0,0,0.8756694543781198,0.12433054562188013,1.0,0,0.9823959865620522,0.017604013437947763,1.0,0
2019-08-29,0,0,0.98559,0.01441,1.0,0,0.9847328891606318,0.015267110839368117,1.0,0,0.852234154733251,0.1477658452667489,1.0,0,0.8965339246410564,0.10346607535894363,1.0,0,0.982445757521457,0.017554242478543015,1.0,0
2019-08-30,0,0,0.98559,0.01441,1.0,0,0.9887465203082334,0.01125347969176663,1.0,0,0.8797741508953782,0.12022584910462174,1.0,0,0.9289178733739143,0.07108212662608573,1.0,0,0.982495390273181,0.017504609726819,1.0,0
2019-09-03,0,0,0.98559,0.01441,1.0,0,0.9880700971441226,0.011929902855877413,1.0,0,0.9007498332976698,0.09925016670233022,1.0,0,0.9446331736313388,0.0553668263686612,1.0,0,0.9825448851868503,0.017455114813149694,1.0,0
2019-09-04,0,0,0.98559,0.01441,1.0,0,0.9828453615033753,0.017154638496624658,1.0,0,0.9133342148636175,0.08666578513638248,1.0,0,0.9329458120466295,0.06705418795337052,1.0,0,0.9825942426311824,0.01740575736881757,1.0,0
2019-09-05,0,0,0.98559,0.01441,1.0,0,0.9906891564564855,0.00931084354351457,1.0,0,0.9305822418945585,0.06941775810544153,1.0,0,0.9563113321388076,0.04368866786119238,1.0,0,0.9826434629739881,0.017356537026011917,1.0,0
2019-09-06,0,0,0.98559,0.01441,1.0,0,0.9789887470878843,0.021011252912115672,1.0,0,0.9238044529607448,0.07619554703925524,1.0,0,0.9359912809130505,0.06400871908694945,1.0,0,0.982692546582173,0.017307453417826996,1.0,0
2019-09-09,0,0,0.98559,0.01441,1.0,0,0.9875906760591643,0.012409323940835685,1.0,0,0.9443207215558805,0.055679278444119455,1.0,0,0.9688529188074368,0.031147081192563163,1.0,0,0.9827414938217397,0.017258506178260292,1.0,0
2019-09-10,0,0,0.98559,0.01441,1.0,0,0.9879394086902658,0.012060591309734244,1.0,0,0.9385438596152593,0.0614561403847407,1.0,0,0.9535437089771568,0.046456291022843196,1.0,0,0.9827903050577893,0.01720969494221072,1.0,0
2019-09-11,0,0,0.98559,0.01441,1.0,0,0.9853967710496985,0.014603228950301495,1.0,0,0.9417883587045777,0.05821164129542236,1.0,0,0.9554775924438451,0.04452240755615486,1.0,0,0.9828389806545231,0.01716101934547688,1.0,0
2019-09-12,0,0,0.98559,0.01441,1.0,0,0.9899032132297017,0.010096786770298358,1.0,0,0.9511974057626161,0.04880259423738386,1.0,0,0.9714934607049751,0.028506539295024846,1.0,0,0.9828875209752448,0.01711247902475526,1.0,0
2019-09-13,0,0,0.98559,0.01441,1.0,0,0.9875704020455226,0.012429597954477364,1.0,0,0.9542317105411087,0.04576828945889128,1.0,0,0.9689899848452084,0.03101001515479163,1.0,0,0.9829359263823615,0.017064073617638485,1.0,0
2019-09-16,0,0,0.98559,0.01441,1.0,0,0.953507044326871,0.04649295567312908,1.0,0,0.9439038299537681,0.05609617004623196,1.0,0,0.9276687833079433,0.07233121669205661,1.0,0,0.9829841972373865,0.01701580276261354,1.0,0
2019-09-17,0,0,0.98559,0.01441,1.0,0,0.9873222767765266,0.012677723223473361,1.0,0,0.9577135487491589,0.04228645125084109,1.0,0,0.9607744627938434,0.039225537206156666,1.0,0,0.98303233390094,0.01696766609905995,1.0,0
2019-09-18,0,0,0.98559,0.01441,1.0,0,0.9870408709266192,0.012959129073380843,1.0,0,0.9534969596438403,0.04650304035615975,1.0,0,0.9554005247190833,0.04459947528091668,1.0,0,0.9830803367327519,0.016919663267248124,1.0,0
2019-09-19,0,0,0.98559,0.01441,1.0,0,0.9826691392980843,0.017330860701915685,1.0,0,0.9602774980567013,0.03972250194329872,1.0,0,0.9685837594304636,0.031416240569536354,1.0,0,0.9831282060916625,0.016871793908337488,1.0,0
2019-09-20,0,0,0.98559,0.01441,1.0,0,0.9843427310200543,0.015657268979945682,1.0,0,0.9612993534718023,0.03870064652819774,1.0,0,0.9692122275250997,0.030787772474900273,1.0,0,0.9831759423356252,0.01682405766437475,1.0,0
2019-09-23,0,0,0.98559,0.01441,1.0,0,0.9782474805332009,0.021752519466799083,1.0,0,0.9613117651716464,0.03868823482835362,1.0,0,0.968185492029345,0.03181450797065504,1.0,0,0.9832235458217079,0.01677645417829215,1.0,0
2019-09-24,0,0,0.98559,0.01441,1.0,0,0.9763728592622973,0.023627140737702657,1.0,0,0.9614288582661958,0.0385711417338042,1.0,0,0.9646523851915205,0.035347614808479436,1.0,0,0.9832710169060943,0.016728983093905667,1.0,0
2019-09-25,0,0,0.98559,0.01441,1.0,0,0.9908630613097428,0.009136938690257173,1.0,0,0.9679866445781863,0.032013355421813675,1.0,0,0.9786009983752008,0.021399001624799283,1.0,0,0.9833183559440867,0.01668164405591329,1.0,0
2019-09-26,0,0,0.98559,0.01441,1.0,0,0.9800751304762296,0.019924869523770428,1.0,0,0.9589485569446398,0.04105144305536025,1.0,0,0.9572818635379164,0.04271813646208354,1.0,0,0.9833655632901068,0.016634436709893192,1.0,0
2019-09-27,0,0,0.98559,0.01441,1.0,0,0.9875833817190892,0.012416618280910797,1.0,0,0.9706455329242185,0.029354467075781456,1.0,0,0.9812865790221292,0.01871342097787082,1.0,0,0.983412639297698,0.016587360702302045,1.0,0
2019-09-30,0,0,0.98559,0.01441,1.0,0,0.986727947016507,0.013272052983493031,1.0,0,0.9678379954114807,0.032162004588519234,1.0,0,0.9741817859976316,0.025818214002368438,1.0,0,0.9834595843195267,0.016540415680473215,1.0,0
2019-10-01,0,0,0.98559,0.01441,1.0,0,0.9814280556544616,0.01857194434553848,1.0,0,0.967741876935198,0.03225812306480199,1.0,0,0.9701766713450483,0.02982332865495177,1.0,0,0.983506398707385,0.016493601292615012,1.0,0
2019-10-02,0,0,0.98559,0.01441,1.0,0,0.9848878375460046,0.015112162453995371,1.0,0,0.9691096231100955,0.03089037688990448,1.0,0,0.9744891657118067,0.025510834288193382,1.0,0,0.9835530828121911,0.016446917187808927,1.0,0
2019-10-03,0,0,0.98559,0.01441,1.0,0,0.9805354436693446,0.01946455633065541,1.0,0,0.9671629856558805,0.0328370143441195,1.0,0,0.9661979227165731,0.03380207728342693,1.0,0,0.9835996369839921,0.016400363016007873,1.0,0
2019-10-04,0,0,0.98559,0.01441,1.0,0,0.9824407138048876,0.017559286195112427,1.0,0,0.9721833477724737,0.027816652227526256,1.0,0,0.9770345596049167,0.02296544039508328,1.0,0,0.9836460615719655,0.016353938428034447,1.0,0
2019-10-07,0,0,0.98559,0.01441,1.0,0,0.989316638441296,0.010683361558703978,1.0,0,0.975865580199473,0.02413441980052698,1.0,0,0.9850384901260486,0.014961509873951395,1.0,0,0.9836923569244209,0.016307643075579137,1.0,0
2019-10-08,0,0,0.98559,0.01441,1.0,0,0.9852517741096156,0.014748225890384346,1.0,0,0.9726621383575279,0.027337861642472084,1.0,0,0.9766108299848955,0.02338917001510452,1.0,0,0.9837385233888014,0.016261476611198623,1.0,0
2019-10-09,0,0,0.98559,0.01441,1.0,0,0.9880376111277264,0.011962388872273683,1.0,0,0.9747063499999661,0.025293650000033942,1.0,0,0.9790251999617551,0.02097480003824488,1.0,0,0.983784561311686,0.016215438688313943,1.0,0
2019-10-10,0,0,0.98559,0.01441,1.0,0,0.9877520992688057,0.012247900731194306,1.0,0,0.9748657062746009,0.025134293725399156,1.0,0,0.9790775958746812,0.02092240412531879,1.0,0,0.9838304710387912,0.016169528961208823,1.0,0
2019-10-11,0,0,0.98559,0.01441,1.0,0,0.9868208143612226,0.013179185638777386,1.0,0,0.9777729108064049,0.02222708919359509,1.0,0,0.9836499568681408,0.01635004313185922,1.0,0,0.9838762529149722,0.016123747085027892,1.0,0
2019-10-15,0,0,0.98559,0.01441,1.0,0,0.9878365326424424,0.012163467357557566,1.0,0,0.9777538857687025,0.022246114231297496,1.0,0,0.9847584622197849,0.015241537780215031,1.0,0,0.9839219072842251,0.01607809271577492,1.0,0
2019-10-16,0,0,0.98559,0.01441,1.0,0,0.9825008147420113,0.017499185257988655,1.0,0,0.9779133940542998,0.022086605945700267,1.0,0,0.9837031517123066,0.016296848287693427,1.0,0,0.9839674344896889,0.01603256551031109,1.0,0
2019-10-17,0,0,0.98559,0.01441,1.0,0,0.9855563519918134,0.014443648008186677,1.0,0,0.9786349014945782,0.0213650985054218,1.0,0,0.9850488665787966,0.014951133421203348,1.0,0,0.9840128348736468,0.01598716512635323,1.0,0
2019-10-18,0,0,0.98559,0.01441,1.0,0,0.9850545814042233,0.014945418595776708,1.0,0,0.9773194122592689,0.022680587740731093,1.0,0,0.9815597585622678,0.018440241437732135,1.0,0,0.9840581087775279,0.015941891222472103,1.0,0
2019-10-21,0,0,0.98559,0.01441,1.0,0,0.9869138637887841,0.013086136211215857,1.0,0,0.9792529236720766,0.020747076327923344,1.0,0,0.9849223532449444,0.015077646755055645,1.0,0,0.9841032565419094,0.015896743458090577,1.0,0
2019-10-22,0,0,0.98559,0.01441,1.0,0,0.9824940035232442,0.01750599647675575,1.0,0,0.9769730122043343,0.023026987795665733,1.0,0,0.9806649218492488,0.019335078150751167,1.0,0,0.984148278506518,0.01585172149348204,1.0,0
2019-10-23,0,0,0.98559,0.01441,1.0,0,0.9834764309156183,0.01652356908438172,1.0,0,0.9800710476381316,0.01992895236186839,1.0,0,0.9846203943682854,0.015379605631714543,1.0,0,0.9841931750102315,0.015806824989768466,1.0,0
2019-10-24,0,0,0.98559,0.01441,1.0,0,0.985924089055235,0.014075910944764963,1.0,0,0.9790099543304779,0.020990045669522103,1.0,0,0.9814679768630631,0.018532023136936963,1.0,0,0.9842379463910812,0.015762053608918816,1.0,0
2019-10-25,0,0,0.98559,0.01441,1.0,0,0.98729559869427,0.012704401305730065,1.0,0,0.9805625394713192,0.019437460528680797,1.0,0,0.9846633971414738,0.015336602858526192,1.0,0,0.9842825929862528,0.015717407013747242,1.0,0
2019-10-28,0,0,0.98559,0.01441,1.0,0,0.988315590809201,0.011684409190799059,1.0,0,0.9811895783982455,0.01881042160175455,1.0,0,0.9861676385853034,0.01383236141469652,1.0,0,0.9843271151320887,0.015672884867911352,1.0,0
2019-10-29,0,0,0.98559,0.01441,1.0,0,0.985439309801898,0.014560690198102065,1.0,0,0.9802051915705662,0.0197948084294338,1.0,0,0.9854848409872397,0.014515159012760365,1.0,0,0.9843715131640896,0.01562848683591048,1.0,0
2019-10-30,0,0,0.98559,0.01441,1.0,0,0.9817516525723533,0.01824834742764672,1.0,0,0.9804418495950226,0.019558150404977426,1.0,0,0.9839839317085699,0.016016068291430045,1.0,0,0.984415787416916,0.015584212583083951,1.0,0
2019-10-31,0,0,0.98559,0.01441,1.0,0,0.9810488604999086,0.018951139500091387,1.0,0,0.9790456408266982,0.020954359173301764,1.0,0,0.9801539120578956,0.01984608794210443,1.0,0,0.9844599382243907,0.015540061775609345,1.0,0
2019-11-01,0,0,0.98559,0.01441,1.0,0,0.9853530463641961,0.01464695363580394,1.0,0,0.9828120378951801,0.017187962104819873,1.0,0,0.9851658671921028,0.014834132807897239,1.0,0,0.9845039659194993,0.015496034080500732,1.0,0
2019-11-04,0,0,0.98559,0.01441,1.0,0,0.9873931693567986,0.012606830643201398,1.0,0,0.9819366681427929,0.018063331857207102,1.0,0,0.9842839923652864,0.01571600763471361,1.0,0,0.984547870834393,0.015452129165607011,1.0,0
2019-11-05,0,0,0.98559,0.01441,1.0,0,0.9876893171011067,0.012310682898893265,1.0,0,0.982861663249654,0.017138336750346025,1.0,0,0.9866094482738355,0.01339055172616452,1.0,0,0.9845916533003899,0.015408346699610114,1.0,0
2019-11-06,0,0,0.98559,0.01441,1.0,0,0.9824794062026889,0.017520593797311107,1.0,0,0.9802339629553363,0.019766037044663724,1.0,0,0.9822951940133962,0.017704805986603796,1.0,0,0.9846353136479766,0.015364686352023323,1.0,0
2019-11-07,0,0,0.98559,0.01441,1.0,0,0.9918203294897222,0.008179670510277754,1.0,0,0.9850290335548729,0.014970966445127071,1.0,0,0.990975651854809,0.009024348145191046,1.0,0,0.9846788522068105,0.015321147793189504,1.0,0
2019-11-08,0,0,0.98559,0.01441,1.0,0,0.9855555855090291,0.01444441449097094,1.0,0,0.9810799834347445,0.018920016565255545,1.0,0,0.9819851792386256,0.01801482076137444,1.0,0,0.9847222693057206,0.015277730694279403,1.0,0
2019-11-12,0,0,0.98559,0.01441,1.0,0,0.9826378993008955,0.017362100699104516,1.0,0,0.9830596582693404,0.016940341730659565,1.0,0,0.9872937979214927,0.012706202078507256,1.0,0,0.9847655652727101,0.015234434727289928,1.0,0
2019-11-13,0,0,0.98559,0.01441,1.0,0,0.9836559109174636,0.01634408908253636,1.0,0,0.9830067129903108,0.016993287009689106,1.0,0,0.9862181681659171,0.013781831834082877,1.0,0,0.9848087404349576,0.015191259565042416,1.0,0
2019-11-14,0,0,0.98559,0.01441,1.0,0,0.9851025820680508,0.014897417931949179,1.0,0,0.9825750565730558,0.017424943426944263,1.0,0,0.9848206898140586,0.015179310185941437,1.0,0,0.9848517951188192,0.015148204881180882,1.0,0
2019-11-15,0,0,0.98559,0.01441,1.0,0,0.9864934264440353,0.01350657355596477,1.0,0,0.9844927654816136,0.015507234518386464,1.0,0,0.9874050085940052,0.012594991405994904,1.0,0,0.9848947296498296,0.015105270350170367,1.0,0
2019-11-18,0,0,0.98559,0.01441,1.0,0,0.9819241488819368,0.01807585111806319,1.0,0,0.9828125809179539,0.017187419082046143,1.0,0,0.9829178529398133,0.01708214706018677,1.0,0,0.9849375443527049,0.015062455647295164,1.0,0
2019-11-19,0,0,0.98559,0.01441,1.0,0,0.9825570065580539,0.01744299344194612,1.0,0,0.983604735953279,0.01639526404672093,1.0,0,0.986083453186142,0.013916546813858031,1.0,0,0.9849802395513428,0.01501976044865712,1.0,0
2019-11-20,0,0,0.98559,0.01441,1.0,0,0.9802810824466897,0.019718917553310355,1.0,0,0.982980203529149,0.017019796470850914,1.0,0,0.9840251951735628,0.015974804826437258,1.0,0,0.9850228155688261,0.014977184431173922,1.0,0
2019-11-21,0,0,0.98559,0.01441,1.0,0,0.9876832242179849,0.012316775782015068,1.0,0,0.9845368724603589,0.015463127539641078,1.0,0,0.9855295479221261,0.014470452077873874,1.0,0,0.9850652727274226,0.014934727272577381,1.0,0
2019-11-22,0,0,0.98559,0.01441,1.0,0,0.9878338947537756,0.01216610524622445,1.0,0,0.9833314389654042,0.01666856103459576,1.0,0,0.983757476727817,0.01624252327218306,1.0,0,0.9851076113485883,0.014892388651411709,1.0,0
2019-11-25,0,0,0.98559,0.01441,1.0,0,0.9832972261381209,0.016702773861879176,1.0,0,0.9848466011202696,0.01515339887973041,1.0,0,0.9866268600856283,0.013373139914371746,1.0,0,0.9851498317529681,0.014850168247031847,1.0,0
2019-11-26,0,0,0.98559,0.01441,1.0,0,0.9844558219411873,0.015544178058812662,1.0,0,0.985393601189076,0.014606398810924003,1.0,0,0.9887026337400577,0.011297366259942222,1.0,0,0.9851919342603983,0.014808065739601682,1.0,0
2019-11-27,0,0,0.98559,0.01441,1.0,0,0.9880545719566601,0.01194542804333983,1.0,0,0.9862838833335732,0.01371611666642676,1.0,0,0.9900262220789495,0.009973777921050463,1.0,0,0.9852339191899075,0.01476608081009242,1.0,0
2019-11-29,0,0,0.98559,0.01441,1.0,0,0.9910265240137035,0.008973475986296475,1.0,0,0.9851955168979579,0.014804483102042099,1.0,0,0.9888476999193596,0.011152300080640344,1.0,0,0.9852757868597192,0.014724213140280839,1.0,0
2019-12-02,0,0,0.98559,0.01441,1.0,0,0.9892007681751055,0.010799231824894524,1.0,0,0.98573490253878,0.01426509746121999,1.0,0,0.9872369964258717,0.012763003574128289,1.0,0,0.9853175375872524,0.014682462412747588,1.0,0
2019-12-03,0,0,0.98559,0.01441,1.0,0,0.9706684912066464,0.029331508793353517,1.0,0,0.9815082060672272,0.018491793932772792,1.0,0,0.9778203254413694,0.022179674558630614,1.0,0,0.9853591716891245,0.014640828310875494,1.0,0
2019-12-04,0,0,0.98559,0.01441,1.0,0,0.9894739220604114,0.010526077939588596,1.0,0,0.9877433866888561,0.012256613311143945,1.0,0,0.991644688743826,0.008355311256173927,1.0,0,0.9854006894811521,0.014599310518847844,1.0,0
2019-12-05,0,0,0.98559,0.01441,1.0,0,0.9885357679492436,0.011464232050756367,1.0,0,0.9847244714782644,0.015275528521735682,1.0,0,0.9858116212745434,0.014188378725456694,1.0,0,0.9854420912783532,0.014557908721646707,1.0,0
2019-12-06,0,0,0.98559,0.01441,1.0,0,0.988378748110921,0.01162125188907903,1.0,0,0.9874212463165205,0.012578753683479528,1.0,0,0.9906084382086733,0.009391561791326709,1.0,0,0.9854833773949487,0.014516622605051224,1.0,0
2019-12-09,0,0,0.98559,0.01441,1.0,0,0.9877927116376627,0.012207288362337285,1.0,0,0.9864831956626142,0.013516804337385826,1.0,0,0.9900483544773957,0.009951645522604302,1.0,0,0.9855245481443641,0.014475451855635925,1.0,0
2019-12-10,0,0,0.98559,0.01441,1.0,0,0.98627186855439,0.013728131445610029,1.0,0,0.9870448150307636,0.012955184969236408,1.0,0,0.9898981907928431,0.010101809207156818,1.0,0,0.985565603839231,0.014434396160768992,1.0,0
2019-12-11,0,0,0.98559,0.01441,1.0,0,0.9862367676530959,0.013763232346904105,1.0,0,0.9859114919700199,0.01408850802998002,1.0,0,0.9870391924672538,0.012960807532746227,1.0,0,0.9856065447913894,0.014393455208610626,1.0,0
2019-12-12,0,0,0.98559,0.01441,1.0,0,0.9929876610038858,0.007012338996114226,1.0,0,0.9885463579671367,0.01145364203286325,1.0,0,0.9926508274158704,0.007349172584129609,1.0,0,0.9856473713118886,0.014352628688111334,1.0,0
2019-12-13,0,0,0.98559,0.01441,1.0,0,0.9790560766316116,0.020943923368388344,1.0,0,0.9850029198605054,0.014997080139494648,1.0,0,0.9840653572535611,0.01593464274643882,1.0,0,0.9856880837109898,0.014311916289010218,1.0,0
2019-12-16,0,0,0.98559,0.01441,1.0,0,0.9902079091895145,0.009792090810485479,1.0,0,0.9895883119328995,0.010411688067100444,1.0,0,0.9938975490989855,0.006102450901014472,1.0,0,0.9857286822981667,0.014271317701833321,1.0,0
2019-12-17,0,0,0.98559,0.01441,1.0,0,0.988169475821127,0.011830524178872967,1.0,0,0.9864943658045157,0.013505634195484312,1.0,0,0.9883589372076736,0.011641062792326304,1.0,0,0.9857691673821081,0.014230832617891912,1.0,0
2019-12-18,0,0,0.98559,0.01441,1.0,0,0.9894714955621896,0.010528504437810372,1.0,0,0.9883324622750137,0.011667537724986334,1.0,0,0.9916049853746475,0.00839501462535254,1.0,0,0.9858095392707191,0.01419046072928084,1.0,0
2019-12-19,0,0,0.98559,0.01441,1.0,0,0.9828796478165256,0.017120352183474397,1.0,0,0.9868915751608499,0.013108424839150142,1.0,0,0.9879492957442447,0.012050704255755261,1.0,0,0.9858497982711232,0.014150201728876788,1.0,0
2019-12-20,0,0,0.98559,0.01441,1.0,0,0.9877537699644638,0.01224623003553614,1.0,0,0.9880705803852574,0.011929419614742537,1.0,0,0.9913993970897741,0.008600602910225939,1.0,0,0.9858899446896633,0.014110055310336666,1.0,0
2019-12-23,0,0,0.98559,0.01441,1.0,0,0.9899662838986741,0.010033716101325897,1.0,0,0.9879035582536019,0.012096441746398073,1.0,0,0.9909405207264557,0.009059479273544328,1.0,0,0.9859299788319041,0.014070021168095899,1.0,0
2019-12-24,0,0,0.98559,0.01441,1.0,0,0.9837646323696617,0.01623536763033829,1.0,0,0.9872241183353194,0.01277588166468056,1.0,0,0.9878804322449138,0.012119567755086156,1.0,0,0.9859699010026333,0.014030098997366739,1.0,0
2019-12-26,0,0,0.98559,0.01441,1.0,0,0.9861870491550631,0.013812950844936955,1.0,0,0.9882588853909373,0.011741114609062731,1.0,0,0.9903947295695565,0.00960527043044351,1.0,0,0.9860097115058634,0.01399028849413661,1.0,0
2019-12-27,0,0,0.98559,0.01441,1.0,0,0.9865159046514945,0.013484095348505514,1.0,0,0.9874662168106378,0.012533783189362145,1.0,0,0.9887125920533973,0.011287407946602662,1.0,0,0.9860494106448335,0.01395058935516643,1.0,0
2019-12-30,0,0,0.98559,0.01441,1.0,0,0.9888522934939955,0.01114770650600454,1.0,0,0.9884744836845797,0.011525516315420349,1.0,0,0.9904493797746501,0.009550620225349886,1.0,0,0.9860889987220111,0.013911001277988933,1.0,0
2019-12-31,0,0,0.98559,0.01441,1.0,0,0.9898654030927544,0.010134596907245571,1.0,0,0.9878982381091638,0.012101761890836192,1.0,0,0.9900503011860103,0.009949698813989653,1.0,0,0.9861284760390929,0.013871523960907024,1.0,0
2020-01-02,0,0,0.98559,0.01441,1.0,0,0.9824397755613098,0.017560224438690257,1.0,0,0.9872799038674435,0.012720096132556508,1.0,0,0.987983194822144,0.01201680517785601,1.0,0,0.986167842897008,0.013832157102992048,1.0,0
2020-01-03,0,0,0.98559,0.01441,1.0,0,0.9757383314945075,0.02426166850549249,1.0,0,0.9877822278230342,0.012217772176965838,1.0,0,0.9888171910517524,0.011182808948247655,1.0,0,0.9862070995959178,0.013792900404082212,1.0,0
2020-01-06,0,0,0.98559,0.01441,1.0,0,0.9894021315675054,0.010597868432494502,1.0,0,0.9891623239750281,0.010837676024971916,1.0,0,0.9909914913002508,0.009008508699749219,1.0,0,0.9862462464352192,0.013753753564780867,1.0,0
2020-01-07,0,0,0.98559,0.01441,1.0,0,0.991314612777905,0.008685387222095048,1.0,0,0.9873382318328018,0.01266176816719823,1.0,0,0.9878536755085124,0.01214632449148758,1.0,0,0.9862852837135452,0.013714716286454858,1.0,0
2020-01-08,0,0,0.98559,0.01441,1.0,0,0.9925730982724442,0.007426901727555822,1.0,0,0.9889974516173365,0.011002548382663447,1.0,0,0.9914424491583086,0.008557550841691356,1.0,0,0.9863242117287672,0.01367578827123286,1.0,0
2020-01-09,0,0,0.98559,0.01441,1.0,0,0.9845455063198005,0.015454493680199483,1.0,0,0.9880271310859047,0.011972868914095302,1.0,0,0.9888645166798249,0.011135483320175086,1.0,0,0.9863630307779963,0.013636969222003734,1.0,0
2020-01-10,0,0,0.98559,0.01441,1.0,0,0.9845396309516914,0.015460369048308647,1.0,0,0.9891434060227837,0.010856593977216254,1.0,0,0.9916066642220401,0.008393335777959827,1.0,0,0.9864017411575852,0.013598258842414852,1.0,0
2020-01-13,0,0,0.98559,0.01441,1.0,0,0.9889061138428866,0.011093886157113387,1.0,0,0.9896089605555635,0.010391039444436492,1.0,0,0.9922178210447213,0.007782178955278623,1.0,0,0.9864403431631296,0.013559656836870472,1.0,0
2020-01-14,0,0,0.98559,0.01441,1.0,0,0.9850218595919005,0.014978140408099557,1.0,0,0.9879821380054186,0.01201786199458148,1.0,0,0.9889237269926991,0.011076273007300852,1.0,0,0.9864788370894699,0.013521162910530028,1.0,0
2020-01-15,0,0,0.98559,0.01441,1.0,0,0.9882991509826307,0.011700849017369305,1.0,0,0.9891511420551555,0.01084885794484443,1.0,0,0.9912522113155079,0.008747788684492058,1.0,0,0.9865172232306935,0.013482776769306558,1.0,0
2020-01-16,0,0,0.98559,0.01441,1.0,0,0.9898658738682367,0.010134126131763371,1.0,0,0.9895059578909395,0.010494042109060416,1.0,0,0.9914182096833,0.008581790316699978,1.0,0,0.986555501880135,0.013444498119864999,1.0,0
2020-01-17,0,0,0.98559,0.01441,1.0,0,0.9894570714578086,0.010542928542191445,1.0,0,0.9897673484917945,0.01023265150820553,1.0,0,0.9915990252552525,0.00840097474474758,1.0,0,0.9865936733303794,0.013406326669620564,1.0,0
2020-01-21,0,0,0.98559,0.01441,1.0,0,0.9820476122287907,0.01795238777120936,1.0,0,0.9886882592543528,0.011311740745647204,1.0,0,0.9902903957966651,0.009709604203334879,1.0,0,0.9866317378732629,0.013368262126737087,1.0,0
2020-01-22,0,0,0.98559,0.01441,1.0,0,0.9896937023348188,0.01030629766518119,1.0,0,0.9901000827948451,0.009899917205154925,1.0,0,0.9932003539205109,0.006799646079489097,1.0,0,0.9866696957998746,0.013330304200125391,1.0,0
2020-01-23,0,0,0.98559,0.01441,1.0,0,0.985639264592584,0.014360735407416001,1.0,0,0.9883912800366808,0.011608719963319195,1.0,0,0.9888528548919368,0.01114714510806328,1.0,0,0.9867075474005583,0.013292452599441644,1.0,0
2020-01-24,0,0,0.98559,0.01441,1.0,0,0.9871159051272651,0.012884094872734876,1.0,0,0.9886309952443251,0.011369004755674872,1.0,0,0.9890652792956314,0.010934720704368626,1.0,0,0.9867452929649143,0.01325470703508571,1.0,0
2020-01-27,0,0,0.98559,0.01441,1.0,0,0.9847735378445363,0.015226462155463754,1.0,0,0.9878825771813503,0.012117422818649658,1.0,0,0.9869202063235242,0.013079793676475777,1.0,0,0.9867829327818004,0.013217067218199544,1.0,0
2020-01-28,0,0,0.98559,0.01441,1.0,0,0.9909500902855708,0.009049909714429238,1.0,0,0.9892768864436218,0.010723113556378215,1.0,0,0.9891412792217056,0.010858720778294367,1.0,0,0.9868204671393345,0.013179532860665498,1.0,0
2020-01-29,0,0,0.98559,0.01441,1.0,0,0.9867351776813709,0.013264822318629094,1.0,0,0.9881797052309997,0.011820294769000294,1.0,0,0.9878186117941392,0.012181388205860804,1.0,0,0.9868578963248953,0.013142103675104757,1.0,0
2020-01-30,0,0,0.98559,0.01441,1.0,0,0.9886270916975215,0.011372908302478538,1.0,0,0.9905300297460522,0.009469970253947746,1.0,0,0.9932841410420606,0.006715858957939322,1.0,0,0.9868952206251244,0.013104779374875678,1.0,0
2020-01-31,0,0,0.98559,0.01441,1.0,0,0.9888852889592377,0.011114711040762355,1.0,0,0.9890258179695391,0.010974182030460808,1.0,0,0.9893492897413569,0.0106507102586431,1.0,0,0.9869324403259279,0.01306755967407215,1.0,0
2020-02-03,0,0,0.98559,0.01441,1.0,0,0.9898570735373217,0.010142926462678324,1.0,0,0.9895870696378949,0.010412930362105161,1.0,0,0.9910538177399432,0.008946182260056806,1.0,0,0.986969555712478,0.013030444287521988,1.0,0
2020-02-04,0,0,0.98559,0.01441,1.0,0,0.9919983041363497,0.008001695863650288,1.0,0,0.9904784674210296,0.009521532578970324,1.0,0,0.9921390470987296,0.007860952901270424,1.0,0,0.9870065670692147,0.012993432930785294,1.0,0
2020-02-05,0,0,0.98559,0.01441,1.0,0,0.9890602297705862,0.010939770229413852,1.0,0,0.9905888430620776,0.009411156937922383,1.0,0,0.9922534441947017,0.007746555805298217,1.0,0,0.9870434746798471,0.012956525320152866,1.0,0
2020-02-06,0,0,0.98559,0.01441,1.0,0,0.9866542575313624,0.013345742468637567,1.0,0,0.9908995219522804,0.009100478047719582,1.0,0,0.9933390561348687,0.006660943865131292,1.0,0,0.9870802788273555,0.012919721172644498,1.0,0
2020-02-07,0,0,0.98559,0.01441,1.0,0,0.9833907260967635,0.016609273903236566,1.0,0,0.990031764945175,0.009968235054825029,1.0,0,0.991128156336387,0.008871843663613065,1.0,0,0.9871169797939925,0.012883020206007501,1.0,0
2020-02-10,0,0,0.98559,0.01441,1.0,0,0.986203311478028,0.013796688521971969,1.0,0,0.9902985114427282,0.009701488557271798,1.0,0,0.9911790126606136,0.008820987339386395,1.0,0,0.9871535778612851,0.012846422138714925,1.0,0
2020-02-11,0,0,0.98559,0.01441,1.0,0,0.9913772523236228,0.008622747676377107,1.0,0,0.9904123868349133,0.009587613165086727,1.0,0,0.9925172499365559,0.007482750063444069,1.0,0,0.9871900733100359,0.012809926689964073,1.0,0
2020-02-12,0,0,0.98559,0.01441,1.0,0,0.9892707887345316,0.010729211265468408,1.0,0,0.9906775155830146,0.009322484416985322,1.0,0,0.991904906689405,0.008095093310595013,1.0,0,0.9872264664203252,0.012773533579674822,1.0,0
2020-02-13,0,0,0.98559,0.01441,1.0,0,0.9872689833209525,0.012731016679047516,1.0,0,0.9903231744668833,0.009676825533116648,1.0,0,0.9913183556013371,0.00868164439866297,1.0,0,0.9872627574715119,0.012737242528488044,1.0,0
2020-02-14,0,0,0.98559,0.01441,1.0,0,0.9880126424321637,0.011987357567836315,1.0,0,0.9906001572830712,0.009399842716928878,1.0,0,0.9921366186270012,0.007863381372998822,1.0,0,0.9872989467422361,0.01270105325776398,1.0,0
2020-02-18,0,0,0.98559,0.01441,1.0,0,0.9853949342221742,0.01460506577782587,1.0,0,0.9901741451847672,0.009825854815232744,1.0,0,0.9906530278692575,0.00934697213074258,1.0,0,0.9873350345104194,0.012664965489580647,1.0,0
2020-02-19,0,0,0.98559,0.01441,1.0,0,0.9889233658710358,0.011076634128964168,1.0,0,0.9908431981784549,0.009156801821545137,1.0,0,0.9917466652595951,0.008253334740404902,1.0,0,0.9873710210532678,0.012628978946732232,1.0,0
2020-02-20,0,0,0.98559,0.01441,1.0,0,0.9870215726956795,0.012978427304320512,1.0,0,0.9897660777705256,0.010233922229474344,1.0,0,0.9897656864587766,0.01023431354122337,1.0,0,0.9874069066472725,0.012593093352727465,1.0,0
2020-02-21,0,1,0.98559,0.01441,1.0,0,0.9877346274837411,0.012265372516258968,1.0,0,0.9901918316797123,0.009808168320287707,1.0,0,0.9906856606448328,0.009314339355167282,1.0,0,0.987442691568212,0.012557308431788072,1.0,0
2020-02-24,1,1,0.059,0.941,1.0,1,0.05659973878397473,0.9434002612160253,1.0,1,0.37173004010275046,0.6282699598972495,1.0,1,0.216818496198237,0.783181503801763,1.0,1,0.04579416445771245,0.9542058355422876,1.0,1
2020-02-25,1,1,0.059,0.941,1.0,1,0.07098021910560981,0.9290197808943902,1.0,1,0.2562020428995875,0.7437979571004125,1.0,1,0.12548118123577356,0.8745188187642264,1.0,1,0.04579416445771245,0.9542058355422876,1.0,1
2020-02-26,1,1,0.059,0.941,1.0,1,0.056486617220787405,0.9435133827792126,1.0,1,0.18841533667519483,0.8115846633248052,1.0,1,0.08087107170364483,0.9191289282963552,1.0,1,0.04579416445771245,0.9542058355422876,1.0,1
2020-02-27,1,1,0.059,0.941,1.0,1,0.057941031171357626,0.9420589688286424,1.0,1,0.15325291831400134,0.8467470816859987,1.0,1,0.08125007240279558,0.9187499275972044,1.0,1,0.04579416445771245,0.9542058355422876,1.0,1
2020-02-28,1,1,0.059,0.941,1.0,1,0.028891888076663652,0.9711081119233363,1.0,1,0.11674624661858157,0.8832537533814184,1.0,1,0.045556557644587437,0.9544434423554126,1.0,1,0.04579416445771245,0.9542058355422876,1.0,1
2020-03-02,1,1,0.059,0.941,1.0,1,0.046768637778620836,0.9532313622213792,1.0,1,0.1284962668856784,0.8715037331143216,1.0,1,0.07587728486090262,0.9241227151390974,1.0,1,0.04579416445771245,0.9542058355422876,1.0,1
2020-03-03,1,1,0.059,0.941,1.0,1,0.06337139024958383,0.9366286097504162,1.0,1,0.11863003457177612,0.8813699654282239,1.0,1,0.08026834626063728,0.9197316537393627,1.0,1,0.04579416445771245,0.9542058355422876,1.0,1
2020-03-04,1,1,0.059,0.941,1.0,1,0.056723994157155455,0.9432760058428445,1.0,1,0.13795875996195117,0.8620412400380488,1.0,1,0.1537974294658111,0.8462025705341889,1.0,1,0.04579416445771245,0.9542058355422876,1.0,1
2020-03-05,1,1,0.059,0.941,1.0,1,0.04290345062443468,0.9570965493755653,1.0,1,0.09288277958726343,0.9071172204127366,1.0,1,0.08621669717814695,0.913783302821853,1.0,1,0.04579416445771245,0.9542058355422876,1.0,1
2020-03-06,1,1,0.059,0.941,1.0,1,0.01334843246651618,0.9866515675334838,1.0,1,0.08013288119318196,0.919867118806818,1.0,1,0.046612269123502026,0.953387730876498,1.0,1,0.04579416445771245,0.9542058355422876,1.0,1
2020-03-09,1,1,0.059,0.941,1.0,1,0.021015400368337378,0.9789845996316626,1.0,1,0.049899328642013296,0.9501006713579867,1.0,1,0.03207540329284608,0.9679245967071539,1.0,1,0.04579416445771245,0.9542058355422876,1.0,1
2020-03-10,1,1,0.059,0.941,1.0,1,0.18028648669196734,0.8197135133080327,1.0,1,0.0598171408697139,0.9401828591302861,1.0,1,0.014893159189318994,0.985106840810681,1.0,1,0.04579416445771245,0.9542058355422876,1.0,1
2020-03-11,1,1,0.059,0.941,1.0,1,0.056734616266504445,0.9432653837334956,1.0,1,0.03550208466401217,0.9644979153359878,1.0,1,0.00460988001520557,0.9953901199847944,1.0,1,0.04579416445771245,0.9542058355422876,1.0,1
2020-03-12,1,1,0.059,0.941,1.0,1,0.01665108361501033,0.9833489163849897,1.0,1,0.049343071547077955,0.950656928452922,1.0,1,0.01714491719153155,0.9828550828084684,1.0,1,0.04579416445771245,0.9542058355422876,1.0,1
2020-03-13,1,1,0.059,0.941,1.0,1,0.08895659762545616,0.9110434023745438,1.0,1,0.037662085024196656,0.9623379149758033,1.0,1,0.008118741797009665,0.9918812582029903,1.0,1,0.04579416445771245,0.9542058355422876,1.0,1
2020-03-16,1,1,0.059,0.941,1.0,1,0.014801545798940774,0.9851984542010592,1.0,1,0.026373666485225655,0.9736263335147743,1.0,1,0.005510008207793682,0.9944899917922063,1.0,1,0.04579416445771245,0.9542058355422876,1.0,1
2020-03-17,1,1,0.059,0.941,1.0,1,0.1981900459811774,0.8018099540188226,1.0,1,0.07348132859016587,0.9265186714098341,1.0,1,0.06524886263034746,0.9347511373696525,1.0,1,0.04579416445771245,0.9542058355422876,1.0,1
2020-03-18,1,1,0.059,0.941,1.0,1,0.054953507361716114,0.9450464926382839,1.0,1,0.024429325055108864,0.9755706749448911,1.0,1,0.002690965695921421,0.9973090343040786,1.0,1,0.04579416445771245,0.9542058355422876,1.0,1
2020-03-19,1,1,0.059,0.941,1.0,1,0.003275518781411968,0.996724481218588,1.0,1,0.024502235792685068,0.9754977642073149,1.0,1,0.003887985382379777,0.9961120146176202,1.0,1,0.04579416445771245,0.9542058355422876,1.0,1
2020-03-20,1,1,0.059,0.941,1.0,1,0.04318452172354914,0.9568154782764509,1.0,1,0.025430819076017408,0.9745691809239826,1.0,1,0.007479948619247612,0.9925200513807524,1.0,1,0.04579416445771245,0.9542058355422876,1.0,1
2020-03-23,1,1,0.059,0.941,1.0,1,0.0013300784864620496,0.998669921513538,1.0,1,0.02158208539373574,0.9784179146062643,1.0,1,0.0019095054060458416,0.9980904945939542,1.0,1,0.04579416445771245,0.9542058355422876,1.0,1
2020-03-24,1,1,0.059,0.941,1.0,1,0.02490117016345028,0.9750988298365497,1.0,1,0.040099773761120616,0.9599002262388794,1.0,1,0.037361111517872914,0.9626388884821271,1.0,1,0.04579416445771245,0.9542058355422876,1.0,1
2020-03-25,1,1,0.059,0.941,1.0,1,0.19655643795270872,0.8034435620472913,1.0,1,0.05842609573707114,0.9415739042629289,1.0,1,0.1900564856830873,0.8099435143169127,1.0,1,0.04579416445771245,0.9542058355422876,1.0,1
2020-03-26,1,1,0.059,0.941,1.0,1,0.05427034986053769,0.9457296501394623,1.0,1,0.07840583823822322,0.9215941617617768,1.0,1,0.2759110530637229,0.7240889469362771,1.0,1,0.04579416445771245,0.9542058355422876,1.0,1
2020-03-27,1,1,0.059,0.941,1.0,1,0.024757782253431837,0.9752422177465682,1.0,1,0.05795296066422739,0.9420470393357726,1.0,1,0.1521276140870177,0.8478723859129823,1.0,1,0.04579416445771245,0.9542058355422876,1.0,1
2020-03-30,1,1,0.059,0.941,1.0,1,0.011232502033313052,0.988767497966687,1.0,1,0.04566988080925949,0.9543301191907405,1.0,1,0.04903918861340484,0.9509608113865952,1.0,1,0.04579416445771245,0.9542058355422876,1.0,1
2020-03-31,1,1,0.059,0.941,1.0,1,0.12314226939128992,0.8768577306087101,1.0,1,0.04278952157737015,0.9572104784226299,1.0,1,0.08408713597813999,0.91591286402186,1.0,1,0.04579416445771245,0.9542058355422876,1.0,1
2020-04-01,1,1,0.059,0.941,1.0,1,0.018423112560859822,0.9815768874391402,1.0,1,0.0315232998011995,0.9684767001988005,1.0,1,0.032465822130835154,0.9675341778691648,1.0,1,0.04579416445771245,0.9542058355422876,1.0,1
2020-04-02,1,1,0.059,0.941,1.0,1,0.01454371602459037,0.9854562839754096,1.0,1,0.029018253514363823,0.9709817464856362,1.0,1,0.013904631127061862,0.9860953688729381,1.0,1,0.04579416445771245,0.9542058355422876,1.0,1
2020-04-03,1,1,0.059,0.941,1.0,1,0.025897403089074955,0.974102596910925,1.0,1,0.026039754610636234,0.9739602453893638,1.0,1,0.016252334656798317,0.9837476653432017,1.0,1,0.04579416445771245,0.9542058355422876,1.0,1
2020-04-06,1,1,0.059,0.941,1.0,1,0.020446535167330082,0.9795534648326699,1.0,1,0.03751102880012969,0.9624889711998703,1.0,1,0.026457947010659066,0.9735420529893409,1.0,1,0.04579416445771245,0.9542058355422876,1.0,1
2020-04-07,1,1,0.059,0.941,1.0,1,0.0511682716127847,0.9488317283872153,1.0,1,0.03587997170531221,0.9641200282946878,1.0,1,0.04822218009511714,0.9517778199048829,1.0,1,0.04579416445771245,0.9542058355422876,1.0,1
2020-04-08,1,1,0.059,0.941,1.0,1,0.021075461157310738,0.9789245388426893,1.0,1,0.045323586533703275,0.9546764134662967,1.0,1,0.08489031579932782,0.9151096842006722,1.0,1,0.04579416445771245,0.9542058355422876,1.0,1
2020-04-09,1,1,0.059,0.941,1.0,1,0.03145745874164796,0.968542541258352,1.0,1,0.038225181216109405,0.9617748187838906,1.0,1,0.10671355145139794,0.8932864485486021,1.0,1,0.04579416445771245,0.9542058355422876,1.0,1
2020-04-13,1,1,0.059,0.941,1.0,1,0.031586393914150857,0.9684136060858491,1.0,1,0.03903560253456251,0.9609643974654375,1.0,1,0.07694931958961759,0.9230506804103824,1.0,1,0.04579416445771245,0.9542058355422876,1.0,1
2020-04-14,1,1,0.059,0.941,1.0,1,0.032573794827888136,0.9674262051721119,1.0,1,0.033976054355073226,0.9660239456449268,1.0,1,0.06469725517980285,0.9353027448201972,1.0,1,0.04579416445771245,0.9542058355422876,1.0,1
2020-04-15,1,1,0.059,0.941,1.0,1,0.015446398406552375,0.9845536015934476,1.0,1,0.02619399863261329,0.9738060013673867,1.0,1,0.035301173949300324,0.9646988260506997,1.0,1,0.04579416445771245,0.9542058355422876,1.0,1
2020-04-16,1,1,0.059,0.941,1.0,1,0.031841682696358786,0.9681583173036412,1.0,1,0.028971222681686726,0.9710287773183133,1.0,1,0.03430472723804279,0.9656952727619572,1.0,1,0.04579416445771245,0.9542058355422876,1.0,1
2020-04-17,1,1,0.059,0.941,1.0,1,0.039010670989215734,0.9609893290107843,1.0,1,0.02589507415122183,0.9741049258487782,1.0,1,0.01937991177313214,0.9806200882268679,1.0,1,0.04579416445771245,0.9542058355422876,1.0,1
2020-04-20,1,1,0.059,0.941,1.0,1,0.02084131986991622,0.9791586801300838,1.0,1,0.024238028017771085,0.9757619719822289,1.0,1,0.024013060763740324,0.9759869392362597,1.0,1,0.04579416445771245,0.9542058355422876,1.0,1
2020-04-21,1,1,0.059,0.941,1.0,1,0.020906781952138243,0.9790932180478618,1.0,1,0.022013605836367245,0.9779863941636328,1.0,1,0.019113166844260898,0.9808868331557391,1.0,1,0.04579416445771245,0.9542058355422876,1.0,1
2020-04-22,1,1,0.059,0.941,1.0,1,0.013506206684913202,0.9864937933150868,1.0,1,0.019547840545980355,0.9804521594540196,1.0,1,0.0067721077261369,0.9932278922738631,1.0,1,0.04579416445771245,0.9542058355422876,1.0,1
2020-04-23,1,1,0.059,0.941,1.0,1,0.024207150123721433,0.9757928498762786,1.0,1,0.020991794506249106,0.9790082054937509,1.0,1,0.016367800463279014,0.983632199536721,1.0,1,0.04579416445771245,0.9542058355422876,1.0,1
2020-04-24,1,1,0.059,0.941,1.0,1,0.015322037407240807,0.9846779625927592,1.0,1,0.025910109200600107,0.9740898907993999,1.0,1,0.03143075314296595,0.968569246857034,1.0,1,0.04579416445771245,0.9542058355422876,1.0,1
2020-04-27,1,1,0.059,0.941,1.0,1,0.024904704439710268,0.9750952955602897,1.0,1,0.02580468791953361,0.9741953120804664,1.0,1,0.03198857649564457,0.9680114235043554,1.0,1,0.04579416445771245,0.9542058355422876,1.0,1
2020-04-28,1,1,0.059,0.941,1.0,1,0.015656850157046986,0.984343149842953,1.0,1,0.020994098829256624,0.9790059011707434,1.0,1,0.02252526902130947,0.9774747309786905,1.0,1,0.04579416445771245,0.9542058355422876,1.0,1
2020-04-29,1,1,0.059,0.941,1.0,1,0.030401366418724374,0.9695986335812756,1.0,1,0.027656285375513123,0.9723437146244869,1.0,1,0.044629280247166836,0.9553707197528332,1.0,1,0.04579416445771245,0.9542058355422876,1.0,1
2020-04-30,1,1,0.059,0.941,1.0,1,0.04184106283055555,0.9581589371694444,1.0,1,0.024655396664197804,0.9753446033358022,1.0,1,0.03795583956847293,0.9620441604315271,1.0,1,0.04579416445771245,0.9542058355422876,1.0,1
2020-05-01,1,1,0.059,0.941,1.0,1,0.03382399494293453,0.9661760050570655,1.0,1,0.023527724503265124,0.9764722754967349,1.0,1,0.028831642793305634,0.9711683572066944,1.0,1,0.04579416445771245,0.9542058355422876,1.0,1
2020-05-04,1,1,0.059,0.941,1.0,1,0.016504348413861836,0.9834956515861382,1.0,1,0.01892035179138285,0.9810796482086171,1.0,1,0.01278288930012017,0.9872171106998798,1.0,1,0.04579416445771245,0.9542058355422876,1.0,1
2020-05-05,1,1,0.059,0.941,1.0,1,0.023457605260034153,0.9765423947399658,1.0,1,0.020062663132014213,0.9799373368679858,1.0,1,0.018645225629770334,0.9813547743702297,1.0,1,0.04579416445771245,0.9542058355422876,1.0,1
2020-05-06,1,1,0.059,0.941,1.0,1,0.03891064519710763,0.9610893548028924,1.0,1,0.02330892229185544,0.9766910777081446,1.0,1,0.029208053660574884,0.9707919463394251,1.0,1,0.04579416445771245,0.9542058355422876,1.0,1
2020-05-07,1,1,0.059,0.941,1.0,1,0.010604603853662353,0.9893953961463376,1.0,1,0.017779519899198015,0.982220480100802,1.0,1,0.014928061238035695,0.9850719387619643,1.0,1,0.04579416445771245,0.9542058355422876,1.0,1
2020-05-08,1,1,0.059,0.941,1.0,1,0.02115440626349141,0.9788455937365086,1.0,1,0.024732931342032805,0.9752670686579672,1.0,1,0.034778164038804626,0.9652218359611954,1.0,1,0.04579416445771245,0.9542058355422876,1.0,1
2020-05-11,1,1,0.059,0.941,1.0,1,0.040648921555938355,0.9593510784440616,1.0,1,0.020755572408863943,0.9792444275911361,1.0,1,0.027185239465640998,0.972814760534359,1.0,1,0.04579416445771245,0.9542058355422876,1.0,1
2020-05-12,1,1,0.059,0.941,1.0,1,0.01731608736540191,0.9826839126345981,1.0,1,0.018104401861027908,0.9818955981389721,1.0,1,0.018982209033525876,0.9810177909664741,1.0,1,0.04579416445771245,0.9542058355422876,1.0,1
2020-05-13,1,1,0.059,0.941,1.0,1,0.012564835118792028,0.987435164881208,1.0,1,0.018715992464381714,0.9812840075356183,1.0,1,0.018519199487040727,0.9814808005129593,1.0,1,0.04579416445771245,0.9542058355422876,1.0,1
2020-05-14,1,1,0.059,0.941,1.0,1,0.007121622984766596,0.9928783770152334,1.0,1,0.016103741360724233,0.9838962586392758,1.0,1,0.01175995260744378,0.9882400473925562,1.0,1,0.04579416445771245,0.9542058355422876,1.0,1
2020-05-15,1,1,0.059,0.941,1.0,1,0.019990569423729676,0.9800094305762703,1.0,1,0.018809548173361113,0.9811904518266389,1.0,1,0.018710424750370325,0.9812895752496297,1.0,1,0.04579416445771245,0.9542058355422876,1.0,1
2020-05-18,1,1,0.059,0.941,1.0,1,0.027296176303981956,0.972703823696018,1.0,1,0.023409055466404705,0.9765909445335953,1.0,1,0.029822782816612547,0.9701772171833875,1.0,1,0.04579416445771245,0.9542058355422876,1.0,1
2020-05-19,1,1,0.059,0.941,1.0,1,0.016294119280192865,0.9837058807198071,1.0,1,0.020685785387278055,0.979314214612722,1.0,1,0.02820584982978991,0.9717941501702101,1.0,1,0.04579416445771245,0.9542058355422876,1.0,1
2020-05-20,1,1,0.059,0.941,1.0,1,0.01455406165106321,0.9854459383489368,1.0,1,0.0240551366562074,0.9759448633437926,1.0,1,0.04493375666209676,0.9550662433379032,1.0,1,0.04579416445771245,0.9542058355422876,1.0,1
2020-05-21,1,0,0.059,0.941,1.0,1,0.025284718391458405,0.9747152816085416,1.0,1,0.02165928805325834,0.9783407119467417,1.0,1,0.03994419669971361,0.9600558033002864,1.0,1,0.04579416445771245,0.9542058355422876,1.0,1
2020-05-22,0,0,0.98559,0.01441,1.0,0,0.9794662031491299,0.0205337968508701,1.0,0,0.8043585901327933,0.19564140986720668,1.0,0,0.8737575938708038,0.1262424061291963,1.0,0,0.9823959865620522,0.017604013437947763,1.0,0
2020-05-26,0,0,0.98559,0.01441,1.0,0,0.9894619588401085,0.01053804115989155,1.0,0,0.8612084982223676,0.13879150177763247,1.0,0,0.914639865255083,0.08536013474491704,1.0,0,0.982445757521457,0.017554242478543015,1.0,0
2020-05-27,0,0,0.98559,0.01441,1.0,0,0.9822593360235707,0.017740663976429257,1.0,0,0.8809804096028476,0.1190195903971524,1.0,0,0.9223769809172849,0.07762301908271511,1.0,0,0.982495390273181,0.017504609726819,1.0,0
2020-05-28,0,0,0.98559,0.01441,1.0,0,0.9830927002956129,0.01690729970438708,1.0,0,0.9107350135665839,0.08926498643341603,1.0,0,0.9511133164803203,0.048886683519679765,1.0,0,0.9825448851868503,0.017455114813149694,1.0,0
2020-05-29,0,0,0.98559,0.01441,1.0,0,0.9708718356238861,0.029128164376113885,1.0,0,0.9076203675240767,0.09237963247592333,1.0,0,0.9344866598010921,0.06551334019890788,1.0,0,0.9825942426311824,0.01740575736881757,1.0,0
2020-06-01,0,0,0.98559,0.01441,1.0,0,0.987674505792948,0.012325494207051946,1.0,0,0.9272976383721601,0.07270236162783991,1.0,0,0.9481653431436126,0.051834656856387426,1.0,0,0.9826434629739881,0.017356537026011917,1.0,0
2020-06-02,0,0,0.98559,0.01441,1.0,0,0.9879616181249405,0.012038381875059503,1.0,0,0.930979519692324,0.06902048030767605,1.0,0,0.9568039879536551,0.043196012046344934,1.0,0,0.982692546582173,0.017307453417826996,1.0,0
2020-06-03,0,0,0.98559,0.01441,1.0,0,0.9926011760907291,0.007398823909270884,1.0,0,0.9473402074008157,0.05265979259918426,1.0,0,0.9762143053137491,0.023785694686250858,1.0,0,0.9827414938217397,0.017258506178260292,1.0,0
2020-06-04,0,0,0.98559,0.01441,1.0,0,0.9883263230945445,0.0116736769054555,1.0,0,0.9486185472541988,0.051381452745801234,1.0,0,0.9709423736211213,0.029057626378878623,1.0,0,0.9827903050577893,0.01720969494221072,1.0,0
2020-06-05,0,0,0.98559,0.01441,1.0,0,0.9852515579488655,0.014748442051134484,1.0,0,0.9527601250703264,0.0472398749296736,1.0,0,0.9712071390330694,0.028792860966930584,1.0,0,0.9828389806545231,0.01716101934547688,1.0,0
2020-06-08,0,0,0.98559,0.01441,1.0,0,0.9875936099989747,0.01240639000102523,1.0,0,0.955565812988303,0.04443418701169697,1.0,0,0.9803688279604381,0.01963117203956191,1.0,0,0.9828875209752448,0.01711247902475526,1.0,0
2020-06-09,0,0,0.98559,0.01441,1.0,0,0.9746170179026299,0.02538298209737014,1.0,0,0.9558168751955369,0.044183124804463014,1.0,0,0.9753110332442853,0.024688966755714706,1.0,0,0.9829359263823615,0.017064073617638485,1.0,0
2020-06-10,0,1,0.98559,0.01441,1.0,0,0.97310521812118,0.026894781878819964,1.0,0,0.950259701879375,0.04974029812062497,1.0,0,0.9504808890136327,0.04951911098636726,1.0,0,0.9829841972373865,0.01701580276261354,1.0,0
2020-06-11,1,1,0.059,0.941,1.0,1,0.05680584647254361,0.9431941535274564,1.0,1,0.3415891892198838,0.6584108107801162,1.0,1,0.17567310224611432,0.8243268977538857,1.0,1,0.04579416445771245,0.9542058355422876,1.0,1
2020-06-12,1,1,0.059,0.941,1.0,1,0.07880286425366179,0.9211971357463382,1.0,1,0.2613498206300655,0.7386501793699345,1.0,1,0.0943995956841086,0.9056004043158914,1.0,1,0.04579416445771245,0.9542058355422876,1.0,1
2020-06-15,1,1,0.059,0.941,1.0,1,0.040558170268526816,0.9594418297314732,1.0,1,0.1860439961988294,0.8139560038011706,1.0,1,0.07553685106148533,0.9244631489385147,1.0,1,0.04579416445771245,0.9542058355422876,1.0,1
2020-06-16,1,1,0.059,0.941,1.0,1,0.1113766160521159,0.8886233839478841,1.0,1,0.2319547869006896,0.7680452130993104,1.0,1,0.24198709886889402,0.758012901131106,1.0,1,0.04579416445771245,0.9542058355422876,1.0,1
2020-06-17,1,1,0.059,0.941,1.0,1,0.0584853108493163,0.9415146891506837,1.0,1,0.1804776345644835,0.8195223654355165,1.0,1,0.20727695314743289,0.7927230468525671,1.0,1,0.04579416445771245,0.9542058355422876,1.0,1
2020-06-18,1,0,0.059,0.941,1.0,1,0.03737307852126681,0.9626269214787332,1.0,1,0.15110651356637772,0.8488934864336223,1.0,1,0.15109762944256477,0.8489023705574352,1.0,1,0.04579416445771245,0.9542058355422876,1.0,1
2020-06-19,0,0,0.98559,0.01441,1.0,0,0.9850257787853101,0.01497422121468989,1.0,0,0.7953729536908318,0.20462704630916823,1.0,0,0.8474575495270715,0.1525424504729285,1.0,0,0.9823959865620522,0.017604013437947763,1.0,0
2020-06-22,0,0,0.98559,0.01441,1.0,0,0.9810490810415419,0.01895091895845808,1.0,0,0.843379630256919,0.156620369743081,1.0,0,0.8849313846887469,0.1150686153112531,1.0,0,0.982445757521457,0.017554242478543015,1.0,0
2020-06-23,0,0,0.98559,0.01441,1.0,0,0.9855866992799167,0.014413300720083268,1.0,0,0.8800936044626337,0.11990639553736628,1.0,0,0.915942035728496,0.08405796427150397,1.0,0,0.982495390273181,0.017504609726819,1.0,0
2020-06-24,0,0,0.98559,0.01441,1.0,0,0.9881540021580133,0.01184599784198673,1.0,0,0.8896365120551947,0.11036348794480537,1.0,0,0.9320739363331219,0.06792606366687819,1.0,0,0.9825448851868503,0.017455114813149694,1.0,0
2020-06-25,0,0,0.98559,0.01441,1.0,0,0.9773805243199986,0.02261947568000148,1.0,0,0.9010983845402489,0.0989016154597511,1.0,0,0.899286272006691,0.10071372799330898,1.0,0,0.9825942426311824,0.01740575736881757,1.0,0
2020-06-26,0,0,0.98559,0.01441,1.0,0,0.9845243329998634,0.015475667000136577,1.0,0,0.9051013097709345,0.09489869022906554,1.0,0,0.9073910697219099,0.0926089302780902,1.0,0,0.9826434629739881,0.017356537026011917,1.0,0
2020-06-29,0,0,0.98559,0.01441,1.0,0,0.9799362321604306,0.020063767839569424,1.0,0,0.9275059707203729,0.07249402927962709,1.0,0,0.9340891566352768,0.06591084336472318,1.0,0,0.982692546582173,0.017307453417826996,1.0,0
2020-06-30,0,0,0.98559,0.01441,1.0,0,0.9846584310094582,0.015341568990541822,1.0,0,0.9329752123448541,0.06702478765514586,1.0,0,0.9459968478047268,0.05400315219527323,1.0,0,0.9827414938217397,0.017258506178260292,1.0,0
2020-07-01,0,0,0.98559,0.01441,1.0,0,0.9859958151865651,0.014004184813434867,1.0,0,0.9461774945547108,0.053822505445289194,1.0,0,0.9679058235311596,0.03209417646884037,1.0,0,0.9827903050577893,0.01720969494221072,1.0,0
2020-07-02,0,0,0.98559,0.01441,1.0,0,0.9836269992473752,0.016373000752624857,1.0,0,0.949597954349212,0.050402045650787985,1.0,0,0.9692464259506376,0.030753574049362443,1.0,0,0.9828389806545231,0.01716101934547688,1.0,0
2020-07-06,0,0,0.98559,0.01441,1.0,0,0.9847370725115703,0.015262927488429754,1.0,0,0.9545482312576264,0.04545176874237358,1.0,0,0.9747658106073241,0.025234189392675892,1.0,0,0.9828875209752448,0.01711247902475526,1.0,0
2020-07-07,0,0,0.98559,0.01441,1.0,0,0.9803989743733191,0.019601025626680903,1.0,0,0.9523315793045611,0.04766842069543885,1.0,0,0.9720555131541085,0.027944486845891472,1.0,0,0.9829359263823615,0.017064073617638485,1.0,0
2020-07-08,0,0,0.98559,0.01441,1.0,0,0.9823932948102174,0.01760670518978259,1.0,0,0.9565858316282205,0.04341416837177949,1.0,0,0.9679455843564827,0.032054415643517305,1.0,0,0.9829841972373865,0.01701580276261354,1.0,0
2020-07-09,0,0,0.98559,0.01441,1.0,0,0.9794336326401409,0.020566367359859013,1.0,0,0.9483852523942209,0.05161474760577906,1.0,0,0.9507206986414016,0.04927930135859839,1.0,0,0.98303233390094,0.01696766609905995,1.0,0
2020-07-10,0,0,0.98559,0.01441,1.0,0,0.9820197744278589,0.017980225572141073,1.0,0,0.9601978901165602,0.0398021098834398,1.0,0,0.9670160683569688,0.032983931643031136,1.0,0,0.9830803367327519,0.016919663267248124,1.0,0
2020-07-13,0,0,0.98559,0.01441,1.0,0,0.9867968223312631,0.013203177668736894,1.0,0,0.9561980344621093,0.04380196553789074,1.0,0,0.9616085876637576,0.03839141233624247,1.0,0,0.9831282060916625,0.016871793908337488,1.0,0
2020-07-14,0,0,0.98559,0.01441,1.0,0,0.9781889412487185,0.021811058751281524,1.0,0,0.961182207009656,0.03881779299034406,1.0,0,0.9698875640872655,0.030112435912734527,1.0,0,0.9831759423356252,0.01682405766437475,1.0,0
2020-07-15,0,0,0.98559,0.01441,1.0,0,0.9864755902815407,0.01352440971845928,1.0,0,0.9655375133164926,0.03446248668350737,1.0,0,0.9755961766821419,0.02440382331785807,1.0,0,0.9832235458217079,0.01677645417829215,1.0,0
2020-07-16,0,0,0.98559,0.01441,1.0,0,0.9842235956377352,0.015776404362264768,1.0,0,0.9653075747118954,0.03469242528810453,1.0,0,0.976093251993907,0.023906748006092996,1.0,0,0.9832710169060943,0.016728983093905667,1.0,0
2020-07-17,0,0,0.98559,0.01441,1.0,0,0.9866001499209172,0.013399850079082792,1.0,0,0.9687806142213607,0.031219385778639263,1.0,0,0.9785960974433908,0.02140390255660915,1.0,0,0.9833183559440867,0.01668164405591329,1.0,0
2020-07-20,0,0,0.98559,0.01441,1.0,0,0.9845824429545467,0.015417557045453337,1.0,0,0.9669352658981791,0.03306473410182088,1.0,0,0.9765410717666297,0.023458928233370275,1.0,0,0.9833655632901068,0.016634436709893192,1.0,0
2020-07-21,0,0,0.98559,0.01441,1.0,0,0.9859536818331837,0.014046318166816368,1.0,0,0.9709125301912855,0.029087469808714447,1.0,0,0.9817389971640458,0.01826100283595421,1.0,0,0.983412639297698,0.016587360702302045,1.0,0
2020-07-22,0,0,0.98559,0.01441,1.0,0,0.9841461424157392,0.01585385758426082,1.0,0,0.9716872783741359,0.028312721625864068,1.0,0,0.9811899477054382,0.01881005229456178,1.0,0,0.9834595843195267,0.016540415680473215,1.0,0
2020-07-23,0,0,0.98559,0.01441,1.0,0,0.9865020096676291,0.013497990332370844,1.0,0,0.9704440689481674,0.02955593105183259,1.0,0,0.9792292997087474,0.020770700291252595,1.0,0,0.983506398707385,0.016493601292615012,1.0,0
2020-07-24,0,0,0.98559,0.01441,1.0,0,0.982069615152039,0.017930384847960962,1.0,0,0.9697333090841344,0.03026669091586567,1.0,0,0.9716587628368144,0.02834123716318564,1.0,0,0.9835530828121911,0.016446917187808927,1.0,0
2020-07-27,0,0,0.98559,0.01441,1.0,0,0.9857263266417029,0.014273673358297054,1.0,0,0.9699036776230282,0.03009632237697177,1.0,0,0.9722841217802164,0.027715878219783593,1.0,0,0.9835996369839921,0.016400363016007873,1.0,0
2020-07-28,0,0,0.98559,0.01441,1.0,0,0.9828280003681443,0.017171999631855672,1.0,0,0.969750035096423,0.030249964903577026,1.0,0,0.9715714664967743,0.02842853350322566,1.0,0,0.9836460615719655,0.016353938428034447,1.0,0
2020-07-29,0,0,0.98559,0.01441,1.0,0,0.9845584601303413,0.015441539869658698,1.0,0,0.9741714294013247,0.025828570598675223,1.0,0,0.9779961005367828,0.022003899463217208,1.0,0,0.9836923569244209,0.016307643075579137,1.0,0
2020-07-30,0,0,0.98559,0.01441,1.0,0,0.9840170822016626,0.015982917798337364,1.0,0,0.9719833221522006,0.028016677847799352,1.0,0,0.9778890384369695,0.022110961563030523,1.0,0,0.9837385233888014,0.016261476611198623,1.0,0
2020-07-31,0,0,0.98559,0.01441,1.0,0,0.98434449218499,0.015655507815010038,1.0,0,0.9760314523219109,0.023968547678089102,1.0,0,0.9813743650811825,0.018625634918817476,1.0,0,0.983784561311686,0.016215438688313943,1.0,0
2020-08-03,0,0,0.98559,0.01441,1.0,0,0.9851086060380572,0.014891393961942825,1.0,0,0.9761698497725106,0.02383015022748939,1.0,0,0.9805310949825347,0.019468905017465298,1.0,0,0.9838304710387912,0.016169528961208823,1.0,0
2020-08-04,0,0,0.98559,0.01441,1.0,0,0.9825540252658306,0.017445974734169433,1.0,0,0.9754509948674457,0.024549005132554303,1.0,0,0.9820124442668525,0.017987555733147514,1.0,0,0.9838762529149722,0.016123747085027892,1.0,0
2020-08-05,0,0,0.98559,0.01441,1.0,0,0.9867693211028574,0.013230678897142585,1.0,0,0.9792503497609604,0.020749650239039682,1.0,0,0.9854958311159808,0.014504168884019128,1.0,0,0.9839219072842251,0.01607809271577492,1.0,0
2020-08-06,0,0,0.98559,0.01441,1.0,0,0.9848117901395369,0.015188209860463094,1.0,0,0.9772067964501012,0.022793203549898822,1.0,0,0.9830770326630094,0.016922967336990568,1.0,0,0.9839674344896889,0.01603256551031109,1.0,0
2020-08-07,0,0,0.98559,0.01441,1.0,0,0.9905853778607538,0.009414622139246114,1.0,0,0.9798157573445145,0.020184242655485518,1.0,0,0.9875590819247007,0.012440918075299352,1.0,0,0.9840128348736468,0.01598716512635323,1.0,0
2020-08-10,0,0,0.98559,0.01441,1.0,0,0.9860062452170857,0.013993754782914335,1.0,0,0.9780055994670445,0.02199440053295556,1.0,0,0.9825883554742199,0.017411644525780187,1.0,0,0.9840581087775279,0.015941891222472103,1.0,0
2020-08-11,0,0,0.98559,0.01441,1.0,0,0.9931299981758218,0.006870001824178175,1.0,0,0.9804863683037551,0.019513631696244826,1.0,0,0.987738933781449,0.012261066218551038,1.0,0,0.9841032565419094,0.015896743458090577,1.0,0
2020-08-12,0,0,0.98559,0.01441,1.0,0,0.979870485050625,0.020129514949375014,1.0,0,0.9769075092562161,0.023092490743783892,1.0,0,0.9763178918464974,0.023682108153502586,1.0,0,0.984148278506518,0.01585172149348204,1.0,0
2020-08-13,0,0,0.98559,0.01441,1.0,0,0.9897415424706848,0.010258457529315245,1.0,0,0.98093512102262,0.019064878977379948,1.0,0,0.9883620782388465,0.011637921761153544,1.0,0,0.9841931750102315,0.015806824989768466,1.0,0
2020-08-14,0,0,0.98559,0.01441,1.0,0,0.9842972106627168,0.015702789337283203,1.0,0,0.9785789099325358,0.021421090067464166,1.0,0,0.9814840737082476,0.01851592629175232,1.0,0,0.9842379463910812,0.015762053608918816,1.0,0
2020-08-17,0,0,0.98559,0.01441,1.0,0,0.9784087463412853,0.021591253658714702,1.0,0,0.9782907824286682,0.021709217571331863,1.0,0,0.9784626711464204,0.021537328853579615,1.0,0,0.9842825929862528,0.015717407013747242,1.0,0
2020-08-18,0,0,0.98559,0.01441,1.0,0,0.9784604414136776,0.02153955858632242,1.0,0,0.9787914304243349,0.021208569575665116,1.0,0,0.9774540030455964,0.022545996954403593,1.0,0,0.9843271151320887,0.015672884867911352,1.0,0
2020-08-19,0,0,0.98559,0.01441,1.0,0,0.9891963357769826,0.010803664223017404,1.0,0,0.9803355056252124,0.01966449437478762,1.0,0,0.9837700791779094,0.016229920822090585,1.0,0,0.9843715131640896,0.01562848683591048,1.0,0
2020-08-20,0,0,0.98559,0.01441,1.0,0,0.9830507081177183,0.016949291882281656,1.0,0,0.9790407451487222,0.020959254851277757,1.0,0,0.9810289184573473,0.018971081542652736,1.0,0,0.984415787416916,0.015584212583083951,1.0,0
2020-08-21,0,0,0.98559,0.01441,1.0,0,0.9855399084498829,0.014460091550117023,1.0,0,0.9809750856689593,0.019024914331040647,1.0,0,0.9841610499680639,0.015838950031936153,1.0,0,0.9844599382243907,0.015540061775609345,1.0,0
2020-08-24,0,0,0.98559,0.01441,1.0,0,0.9834022245017131,0.016597775498286844,1.0,0,0.981499175339516,0.01850082466048395,1.0,0,0.983960827833314,0.016039172166686076,1.0,0,0.9845039659194993,0.015496034080500732,1.0,0
2020-08-25,0,0,0.98559,0.01441,1.0,0,0.9852388269434316,0.014761173056568426,1.0,0,0.9828144245433403,0.017185575456659698,1.0,0,0.9866425463575811,0.013357453642418946,1.0,0,0.984547870834393,0.015452129165607011,1.0,0
2020-08-26,0,0,0.98559,0.01441,1.0,0,0.9823295860606357,0.01767041393936429,1.0,0,0.9819835244221923,0.018016475577807722,1.0,0,0.9843352422241131,0.015664757775886898,1.0,0,0.9845916533003899,0.015408346699610114,1.0,0
2020-08-27,0,0,0.98559,0.01441,1.0,0,0.9912585433337989,0.008741456666201092,1.0,0,0.9838231539031275,0.01617684609687257,1.0,0,0.9893161239373901,0.010683876062609877,1.0,0,0.9846353136479766,0.015364686352023323,1.0,0
2020-08-28,0,0,0.98559,0.01441,1.0,0,0.9806323114211754,0.01936768857882465,1.0,0,0.9812264959188506,0.018773504081149448,1.0,0,0.9815687882519482,0.018431211748051818,1.0,0,0.9846788522068105,0.015321147793189504,1.0,0
2020-08-31,0,0,0.98559,0.01441,1.0,0,0.97962520032467,0.020374799675329992,1.0,0,0.9825120348462516,0.0174879651537484,1.0,0,0.9866556921551832,0.013344307844816772,1.0,0,0.9847222693057206,0.015277730694279403,1.0,0
2020-09-01,0,0,0.98559,0.01441,1.0,0,0.988872260125997,0.011127739874002984,1.0,0,0.9840693043576152,0.015930695642384862,1.0,0,0.9895562625602279,0.010443737439772094,1.0,0,0.9847655652727101,0.015234434727289928,1.0,0
2020-09-02,0,1,0.98559,0.01441,1.0,0,0.9886739566323468,0.011326043367653145,1.0,0,0.9840274134699469,0.015972586530053037,1.0,0,0.9892927686138859,0.010707231386114055,1.0,0,0.9848087404349576,0.015191259565042416,1.0,0
2020-09-03,1,1,0.059,0.941,1.0,1,0.08955486758546416,0.9104451324145358,1.0,1,0.431881168003595,0.568118831996405,1.0,1,0.37269952382954774,0.6273004761704523,1.0,1,0.04579416445771245,0.9542058355422876,1.0,1
2020-09-04,1,1,0.059,0.941,1.0,1,0.1160563660512639,0.8839436339487361,1.0,1,0.316747856788237,0.683252143211763,1.0,1,0.22604171118305805,0.773958288816942,1.0,1,0.04579416445771245,0.9542058355422876,1.0,1
2020-09-08,1,1,0.059,0.941,1.0,1,0.05778272496803649,0.9422172750319635,1.0,1,0.16940456700417894,0.8305954329958211,1.0,1,0.07107764747803313,0.9289223525219669,1.0,1,0.04579416445771245,0.9542058355422876,1.0,1
2020-09-09,1,1,0.059,0.941,1.0,1,0.049596958615885756,0.9504030413841142,1.0,1,0.191815855574614,0.808184144425386,1.0,1,0.12850438172375378,0.8714956182762462,1.0,1,0.04579416445771245,0.9542058355422876,1.0,1
2020-09-10,1,1,0.059,0.941,1.0,1,0.06164924457360432,0.9383507554263957,1.0,1,0.14153388393201616,0.8584661160679838,1.0,1,0.09562925758372465,0.9043707424162754,1.0,1,0.04579416445771245,0.9542058355422876,1.0,1
2020-09-11,1,1,0.059,0.941,1.0,1,0.05305304849894954,0.9469469515010505,1.0,1,0.14394128434438813,0.8560587156556119,1.0,1,0.12004012560576227,0.8799598743942377,1.0,1,0.04579416445771245,0.9542058355422876,1.0,1
2020-09-14,1,0,0.059,0.941,1.0,1,0.047423792711050794,0.9525762072889492,1.0,1,0.11879912647066515,0.8812008735293348,1.0,1,0.0892889600288298,0.9107110399711702,1.0,1,0.04579416445771245,0.9542058355422876,1.0,1
2020-09-15,0,0,0.98559,0.01441,1.0,0,0.9834290437037173,0.016570956296282666,1.0,0,0.8049888875017337,0.1950111124982663,1.0,0,0.8738959102082104,0.1261040897917896,1.0,0,0.9823959865620522,0.017604013437947763,1.0,0
2020-09-16,0,0,0.98559,0.01441,1.0,0,0.9809967849769157,0.019003215023084333,1.0,0,0.853669097873329,0.14633090212667102,1.0,0,0.899746142803614,0.10025385719638606,1.0,0,0.982445757521457,0.017554242478543015,1.0,0
2020-09-17,0,0,0.98559,0.01441,1.0,0,0.9782215089783981,0.021778491021601922,1.0,0,0.8730591767601528,0.12694082323984718,1.0,0,0.9002980646357602,0.09970193536423977,1.0,0,0.982495390273181,0.017504609726819,1.0,0
2020-09-18,0,0,0.98559,0.01441,1.0,0,0.9844307045314002,0.015569295468599727,1.0,0,0.8912851285999432,0.10871487140005677,1.0,0,0.9068056703822656,0.0931943296177345,1.0,0,0.9825448851868503,0.017455114813149694,1.0,0
2020-09-21,0,0,0.98559,0.01441,1.0,0,0.9813143791761426,0.018685620823857337,1.0,0,0.8942130667632052,0.10578693323679482,1.0,0,0.9019647162001202,0.09803528379987983,1.0,0,0.9825942426311824,0.01740575736881757,1.0,0
2020-09-22,0,0,0.98559,0.01441,1.0,0,0.9779666270852018,0.022033372914798195,1.0,0,0.9090373283912357,0.09096267160876426,1.0,0,0.9062596218753869,0.09374037812461308,1.0,0,0.9826434629739881,0.017356537026011917,1.0,0
2020-09-23,0,0,0.98559,0.01441,1.0,0,0.9839726937479291,0.016027306252070963,1.0,0,0.9199898019989442,0.08001019800105583,1.0,0,0.9296385009681165,0.07036149903188346,1.0,0,0.982692546582173,0.017307453417826996,1.0,0
2020-09-24,0,0,0.98559,0.01441,1.0,0,0.9793917331019113,0.020608266898088697,1.0,0,0.9264568921351228,0.07354310786487715,1.0,0,0.9349230796510102,0.0650769203489898,1.0,0,0.9827414938217397,0.017258506178260292,1.0,0
2020-09-25,0,0,0.98559,0.01441,1.0,0,0.9859068144721178,0.014093185527882222,1.0,0,0.9347417446173057,0.06525825538269427,1.0,0,0.9452878038513317,0.0547121961486683,1.0,0,0.9827903050577893,0.01720969494221072,1.0,0
2020-09-28,0,0,0.98559,0.01441,1.0,0,0.9803938045894013,0.019606195410598742,1.0,0,0.944090702341739,0.055909297658261026,1.0,0,0.9504198720844335,0.04958012791556659,1.0,0,0.9828389806545231,0.01716101934547688,1.0,0
2020-09-29,0,0,0.98559,0.01441,1.0,0,0.9820823194406798,0.017917680559320234,1.0,0,0.9497613616629765,0.05023863833702351,1.0,0,0.9660645013511541,0.03393549864884598,1.0,0,0.9828875209752448,0.01711247902475526,1.0,0
2020-09-30,0,0,0.98559,0.01441,1.0,0,0.9868244793818762,0.013175520618123727,1.0,0,0.9559769701318858,0.04402302986811423,1.0,0,0.9734733224841208,0.026526677515879234,1.0,0,0.9829359263823615,0.017064073617638485,1.0,0
2020-10-01,0,0,0.98559,0.01441,1.0,0,0.9876682908414997,0.012331709158500376,1.0,0,0.9530729076643452,0.04692709233565479,1.0,0,0.9672809041912667,0.03271909580873332,1.0,0,0.9829841972373865,0.01701580276261354,1.0,0
2020-10-02,0,0,0.98559,0.01441,1.0,0,0.9876906010508181,0.012309398949181968,1.0,0,0.9584785040535805,0.041521495946419476,1.0,0,0.9731511147454709,0.026848885254529095,1.0,0,0.98303233390094,0.01696766609905995,1.0,0
2020-10-05,0,0,0.98559,0.01441,1.0,0,0.9869249279589023,0.013075072041097726,1.0,0,0.9612404685075029,0.03875953149249716,1.0,0,0.9712320203132766,0.028767979686723368,1.0,0,0.9830803367327519,0.016919663267248124,1.0,0
2020-10-06,0,0,0.98559,0.01441,1.0,0,0.9837651967021588,0.016234803297841265,1.0,0,0.9577760323049077,0.04222396769509225,1.0,0,0.9650895534352893,0.03491044656471064,1.0,0,0.9831282060916625,0.016871793908337488,1.0,0
2020-10-07,0,0,0.98559,0.01441,1.0,0,0.987445040281479,0.012554959718521101,1.0,0,0.9679960525312518,0.03200394746874822,1.0,0,0.9795840368075929,0.02041596319240718,1.0,0,0.9831759423356252,0.01682405766437475,1.0,0
2020-10-08,0,0,0.98559,0.01441,1.0,0,0.9832148948486722,0.016785105151327848,1.0,0,0.9613821088830034,0.038617891116996615,1.0,0,0.9699619999291184,0.030038000070881664,1.0,0,0.9832235458217079,0.01677645417829215,1.0,0
2020-10-09,0,0,0.98559,0.01441,1.0,0,0.9866019913548612,0.013398008645138838,1.0,0,0.9702033453468663,0.029796654653133785,1.0,0,0.9832800378500162,0.016719962149983825,1.0,0,0.9832710169060943,0.016728983093905667,1.0,0
2020-10-13,0,0,0.98559,0.01441,1.0,0,0.9813767778660717,0.0186232221339283,1.0,0,0.9660550112970725,0.03394498870292749,1.0,0,0.9750189390010565,0.024981060998943445,1.0,0,0.9833183559440867,0.01668164405591329,1.0,0
2020-10-14,0,0,0.98559,0.01441,1.0,0,0.9829976088710607,0.017002391128939334,1.0,0,0.9696136495777397,0.030386350422260327,1.0,0,0.9790899993550202,0.02091000064497986,1.0,0,0.9833655632901068,0.016634436709893192,1.0,0
2020-10-15,0,0,0.98559,0.01441,1.0,0,0.9840408485897106,0.015959151410289377,1.0,0,0.967471723859877,0.03252827614012303,1.0,0,0.9721304403561389,0.02786955964386107,1.0,0,0.983412639297698,0.016587360702302045,1.0,0
2020-10-16,0,0,0.98559,0.01441,1.0,0,0.9868605416426892,0.013139458357310793,1.0,0,0.967333202160759,0.03266679783924096,1.0,0,0.9708905751281844,0.02910942487181555,1.0,0,0.9834595843195267,0.016540415680473215,1.0,0
2020-10-19,0,0,0.98559,0.01441,1.0,0,0.9872476557040737,0.012752344295926265,1.0,0,0.969328391982586,0.030671608017413938,1.0,0,0.9769619304986836,0.023038069501316392,1.0,0,0.983506398707385,0.016493601292615012,1.0,0
2020-10-20,0,0,0.98559,0.01441,1.0,0,0.9844197594898438,0.015580240510156175,1.0,0,0.9709217865167022,0.029078213483297793,1.0,0,0.9751744172689256,0.02482558273107437,1.0,0,0.9835530828121911,0.016446917187808927,1.0,0
2020-10-21,0,0,0.98559,0.01441,1.0,0,0.9851844850711226,0.014815514928877418,1.0,0,0.9691169063921135,0.030883093607886516,1.0,0,0.9715403854191123,0.028459614580887745,1.0,0,0.9835996369839921,0.016400363016007873,1.0,0
2020-10-22,0,0,0.98559,0.01441,1.0,0,0.984010214011267,0.015989785988732998,1.0,0,0.9728585728175143,0.027141427182485647,1.0,0,0.979262126670025,0.020737873329974975,1.0,0,0.9836460615719655,0.016353938428034447,1.0,0
2020-10-23,0,0,0.98559,0.01441,1.0,0,0.9840697134377674,0.015930286562232637,1.0,0,0.9722787479933236,0.0277212520066764,1.0,0,0.9783093082213523,0.02169069177864769,1.0,0,0.9836923569244209,0.016307643075579137,1.0,0
2020-10-26,0,0,0.98559,0.01441,1.0,0,0.9849764342721641,0.015023565727835888,1.0,0,0.9723424833118527,0.0276575166881473,1.0,0,0.9789869984299444,0.02101300157005556,1.0,0,0.9837385233888014,0.016261476611198623,1.0,0
2020-10-27,0,1,0.98559,0.01441,1.0,0,0.9836293893118283,0.01637061068817169,1.0,0,0.9729900127974194,0.02700998720258067,1.0,0,0.9744988506411817,0.025501149358818333,1.0,0,0.983784561311686,0.016215438688313943,1.0,0
2020-10-28,1,1,0.059,0.941,1.0,1,0.0943326154759101,0.9056673845240899,1.0,1,0.3866335040943355,0.6133664959056645,1.0,1,0.2539655915224265,0.7460344084775735,1.0,1,0.04579416445771245,0.9542058355422876,1.0,1
2020-10-29,1,0,0.059,0.941,1.0,1,0.08442757503157838,0.9155724249684216,1.0,1,0.28438002159407294,0.7156199784059271,1.0,1,0.16973346761146524,0.8302665323885348,1.0,1,0.04579416445771245,0.9542058355422876,1.0,1
2020-10-30,0,0,0.98559,0.01441,1.0,0,0.9853843686713983,0.014615631328601688,1.0,0,0.7683099722493598,0.23169002775064018,1.0,0,0.8097601144852304,0.19023988551476953,1.0,0,0.9823959865620522,0.017604013437947763,1.0,0
2020-11-02,0,0,0.98559,0.01441,1.0,0,0.9770541162778473,0.022945883722152702,1.0,0,0.8480682299038488,0.1519317700961512,1.0,0,0.885540597692644,0.11445940230735596,1.0,0,0.982445757521457,0.017554242478543015,1.0,0
2020-11-03,0,1,0.98559,0.01441,1.0,0,0.9874080702275406,0.012591929772459359,1.0,0,0.8878324013333698,0.1121675986666302,1.0,0,0.9309687862154047,0.06903121378459527,1.0,0,0.982495390273181,0.017504609726819,1.0,0
2020-11-04,1,1,0.059,0.941,1.0,1,0.05203141802390132,0.9479685819760987,1.0,1,0.43076827005135354,0.5692317299486465,1.0,1,0.3724163130829037,0.6275836869170963,1.0,1,0.04579416445771245,0.9542058355422876,1.0,1
2020-11-05,1,1,0.059,0.941,1.0,1,0.08548137222927443,0.9145186277707256,1.0,1,0.3830519893087121,0.6169480106912879,1.0,1,0.41246939565622476,0.5875306043437752,1.0,1,0.04579416445771245,0.9542058355422876,1.0,1
2020-11-06,1,1,0.059,0.941,1.0,1,0.07979264617739235,0.9202073538226077,1.0,1,0.27725414077272637,0.7227458592272736,1.0,1,0.2817443915086305,0.7182556084913695,1.0,1,0.04579416445771245,0.9542058355422876,1.0,1
2020-11-09,1,1,0.059,0.941,1.0,1,0.13394123387073198,0.866058766129268,1.0,1,0.2319235985596937,0.7680764014403063,1.0,1,0.2443421112319164,0.7556578887680836,1.0,1,0.04579416445771245,0.9542058355422876,1.0,1
2020-11-10,1,1,0.059,0.941,1.0,1,0.040195899345480846,0.9598041006545192,1.0,1,0.16333825338988983,0.8366617466101102,1.0,1,0.12366503349998792,0.8763349665000121,1.0,1,0.04579416445771245,0.9542058355422876,1.0,1
2020-11-12,1,1,0.059,0.941,1.0,1,0.04807240243470645,0.9519275975652935,1.0,1,0.14252819221444768,0.8574718077855523,1.0,1,0.1410185478236221,0.8589814521763779,1.0,1,0.04579416445771245,0.9542058355422876,1.0,1
2020-11-13,1,1,0.059,0.941,1.0,1,0.055987781221477184,0.9440122187785228,1.0,1,0.12761562517239067,0.8723843748276093,1.0,1,0.09410502013688593,0.9058949798631141,1.0,1,0.04579416445771245,0.9542058355422876,1.0,1
2020-11-16,1,0,0.059,0.941,1.0,1,0.052535757166291996,0.947464242833708,1.0,1,0.1108933114527545,0.8891066885472455,1.0,1,0.09077729141283963,0.9092227085871604,1.0,1,0.04579416445771245,0.9542058355422876,1.0,1
2020-11-17,0,0,0.98559,0.01441,1.0,0,0.9793082388136364,0.020691761186363615,1.0,0,0.8019785482974406,0.1980214517025593,1.0,0,0.8717964540319365,0.12820354596806352,1.0,0,0.9823959865620522,0.017604013437947763,1.0,0
2020-11-18,0,0,0.98559,0.01441,1.0,0,0.9845062588621541,0.015493741137845865,1.0,0,0.8530101480503309,0.14698985194966901,1.0,0,0.9040025642120172,0.09599743578798284,1.0,0,0.982445757521457,0.017554242478543015,1.0,0
2020-11-19,0,0,0.98559,0.01441,1.0,0,0.9814135732712067,0.018586426728793324,1.0,0,0.8694012234718792,0.1305987765281208,1.0,0,0.9031702597138606,0.09682974028613942,1.0,0,0.982495390273181,0.017504609726819,1.0,0
2020-11-20,0,0,0.98559,0.01441,1.0,0,0.9816812433787342,0.018318756621265843,1.0,0,0.8924668521779219,0.10753314782207812,1.0,0,0.9219118427794398,0.07808815722056017,1.0,0,0.9825448851868503,0.017455114813149694,1.0,0
2020-11-23,0,0,0.98559,0.01441,1.0,0,0.984027183141355,0.015972816858645034,1.0,0,0.9136531671233823,0.08634683287661775,1.0,0,0.9361538318867816,0.06384616811321844,1.0,0,0.9825942426311824,0.01740575736881757,1.0,0
2020-11-24,0,0,0.98559,0.01441,1.0,0,0.9807428136197289,0.019257186380271095,1.0,0,0.9198032003475668,0.0801967996524332,1.0,0,0.9314349237051666,0.06856507629483341,1.0,0,0.9826434629739881,0.017356537026011917,1.0,0
2020-11-25,0,0,0.98559,0.01441,1.0,0,0.983197883705934,0.016802116294066045,1.0,0,0.9319164156873563,0.06808358431264375,1.0,0,0.9534828561413993,0.046517143858600674,1.0,0,0.982692546582173,0.017307453417826996,1.0,0
2020-11-27,0,0,0.98559,0.01441,1.0,0,0.9797756973455282,0.020224302654471792,1.0,0,0.9350722457903924,0.06492775420960763,1.0,0,0.9544426257286436,0.04555737427135645,1.0,0,0.9827414938217397,0.017258506178260292,1.0,0
2020-11-30,0,0,0.98559,0.01441,1.0,0,0.9825334206980718,0.01746657930192817,1.0,0,0.9396799133707374,0.0603200866292626,1.0,0,0.9537337693335853,0.046266230666414644,1.0,0,0.9827903050577893,0.01720969494221072,1.0,0
2020-12-01,0,0,0.98559,0.01441,1.0,0,0.9912899916818907,0.008710008318109336,1.0,0,0.9489185258268821,0.05108147417311795,1.0,0,0.9689724337531936,0.031027566246806394,1.0,0,0.9828389806545231,0.01716101934547688,1.0,0
2020-12-02,0,0,0.98559,0.01441,1.0,0,0.9841637334612837,0.015836266538716243,1.0,0,0.9460351115200484,0.05396488847995159,1.0,0,0.9599672373537287,0.040032762646271314,1.0,0,0.9828875209752448,0.01711247902475526,1.0,0
2020-12-03,0,0,0.98559,0.01441,1.0,0,0.9822708681406735,0.017729131859326504,1.0,0,0.9535925243681479,0.04640747563185215,1.0,0,0.9730234418784501,0.026976558121549834,1.0,0,0.9829359263823615,0.017064073617638485,1.0,0
2020-12-04,0,0,0.98559,0.01441,1.0,0,0.988298369780743,0.01170163021925702,1.0,0,0.9594689967578206,0.04053100324217937,1.0,0,0.9764002979901585,0.023599702009841482,1.0,0,0.9829841972373865,0.01701580276261354,1.0,0
2020-12-07,0,0,0.98559,0.01441,1.0,0,0.9796862063188069,0.0203137936811931,1.0,0,0.9514078187156071,0.04859218128439292,1.0,0,0.9594073978700279,0.04059260212997207,1.0,0,0.98303233390094,0.01696766609905995,1.0,0
2020-12-08,0,0,0.98559,0.01441,1.0,0,0.9808962439406631,0.019103756059336903,1.0,0,0.9593172355187677,0.04068276448123229,1.0,0,0.9707642458079168,0.029235754192083286,1.0,0,0.9830803367327519,0.016919663267248124,1.0,0
2020-12-09,0,0,0.98559,0.01441,1.0,0,0.987518440023072,0.012481559976927995,1.0,0,0.9587036631817712,0.04129633681822877,1.0,0,0.967073066440755,0.03292693355924498,1.0,0,0.9831282060916625,0.016871793908337488,1.0,0
2020-12-10,0,0,0.98559,0.01441,1.0,0,0.9778910400626002,0.02210895993739977,1.0,0,0.9554818033327953,0.04451819666720468,1.0,0,0.9538268979690772,0.04617310203092286,1.0,0,0.9831759423356252,0.01682405766437475,1.0,0
2020-12-11,0,0,0.98559,0.01441,1.0,0,0.98598666324615,0.014013336753849982,1.0,0,0.9634167281089292,0.03658327189107078,1.0,0,0.9708906397589675,0.029109360241032455,1.0,0,0.9832235458217079,0.01677645417829215,1.0,0
2020-12-14,0,0,0.98559,0.01441,1.0,0,0.9843717954427857,0.01562820455721423,1.0,0,0.9625326221160891,0.03746737788391088,1.0,0,0.9660886493121315,0.03391135068786857,1.0,0,0.9832710169060943,0.016728983093905667,1.0,0
2020-12-15,0,0,0.98559,0.01441,1.0,0,0.9852448463713298,0.014755153628670187,1.0,0,0.967004844135473,0.032995155864526934,1.0,0,0.9741222009759569,0.025877799024043056,1.0,0,0.9833183559440867,0.01668164405591329,1.0,0
2020-12-16,0,0,0.98559,0.01441,1.0,0,0.984112482274365,0.015887517725635028,1.0,0,0.9670958081213431,0.03290419187865689,1.0,0,0.9753746724278267,0.02462532757217327,1.0,0,0.9833655632901068,0.016634436709893192,1.0,0
2020-12-17,0,0,0.98559,0.01441,1.0,0,0.9842363446417459,0.01576365535825405,1.0,0,0.9708880274715829,0.029111972528417157,1.0,0,0.9800183673296518,0.01998163267034821,1.0,0,0.983412639297698,0.016587360702302045,1.0,0
2020-12-18,0,0,0.98559,0.01441,1.0,0,0.9862793518408276,0.013720648159172354,1.0,0,0.9705771067592023,0.029422893240797707,1.0,0,0.9791461188773126,0.020853881122687337,1.0,0,0.9834595843195267,0.016540415680473215,1.0,0
2020-12-21,0,0,0.98559,0.01441,1.0,0,0.9846449354268835,0.01535506457311653,1.0,0,0.9690144420167087,0.030985557983291234,1.0,0,0.9752927070897097,0.02470729291029028,1.0,0,0.983506398707385,0.016493601292615012,1.0,0
2020-12-22,0,0,0.98559,0.01441,1.0,0,0.9847097856427783,0.01529021435722171,1.0,0,0.9686979502445336,0.031302049755466355,1.0,0,0.9725538879827801,0.027446112017219956,1.0,0,0.9835530828121911,0.016446917187808927,1.0,0
2020-12-23,0,0,0.98559,0.01441,1.0,0,0.9862093366517054,0.013790663348294587,1.0,0,0.9722842072502439,0.02771579274975613,1.0,0,0.9770847439753751,0.022915256024624808,1.0,0,0.9835996369839921,0.016400363016007873,1.0,0
2020-12-24,0,0,0.98559,0.01441,1.0,0,0.9818258182159819,0.018174181784018074,1.0,0,0.9704822728930145,0.029517727106985532,1.0,0,0.9742932050913305,0.025706794908669475,1.0,0,0.9836460615719655,0.016353938428034447,1.0,0
2020-12-28,0,0,0.98559,0.01441,1.0,0,0.9851586032911461,0.014841396708853816,1.0,0,0.9748607279087675,0.02513927209123241,1.0,0,0.9819389157935519,0.01806108420644814,1.0,0,0.9836923569244209,0.016307643075579137,1.0,0
2020-12-29,0,0,0.98559,0.01441,1.0,0,0.9859099294706163,0.01409007052938375,1.0,0,0.9743806422465194,0.025619357753480607,1.0,0,0.9811151925270049,0.018884807472995098,1.0,0,0.9837385233888014,0.016261476611198623,1.0,0
2020-12-30,0,0,0.98559,0.01441,1.0,0,0.9839667570935914,0.016033242906408583,1.0,0,0.9751196492687663,0.024880350731233743,1.0,0,0.9812932593687331,0.01870674063126685,1.0,0,0.983784561311686,0.016215438688313943,1.0,0
2020-12-31,0,0,0.98559,0.01441,1.0,0,0.9811925236037436,0.01880747639625636,1.0,0,0.9747894149217566,0.025210585078243385,1.0,0,0.9776937801337973,0.022306219866202764,1.0,0,0.9838304710387912,0.016169528961208823,1.0,0
2021-01-04,0,0,0.98559,0.01441,1.0,0,0.9869903289726795,0.013009671027320544,1.0,0,0.976004300385934,0.02399569961406599,1.0,0,0.9822710209206812,0.01772897907931879,1.0,0,0.9838762529149722,0.016123747085027892,1.0,0
2021-01-05,0,0,0.98559,0.01441,1.0,0,0.9822553089756578,0.017744691024342174,1.0,0,0.9759545880494485,0.024045411950551588,1.0,0,0.9771616585413616,0.022838341458638344,1.0,0,0.9839219072842251,0.01607809271577492,1.0,0
2021-01-06,0,0,0.98559,0.01441,1.0,0,0.9881826604824109,0.01181733951758911,1.0,0,0.9763874631692399,0.02361253683076019,1.0,0,0.974903032676704,0.02509696732329603,1.0,0,0.9839674344896889,0.01603256551031109,1.0,0
2021-01-07,0,0,0.98559,0.01441,1.0,0,0.9812009833602814,0.01879901663971866,1.0,0,0.9757471745714222,0.024252825428577773,1.0,0,0.9748579882473495,0.025142011752650507,1.0,0,0.9840128348736468,0.01598716512635323,1.0,0
2021-01-08,0,0,0.98559,0.01441,1.0,0,0.9889219944557013,0.011078005544298742,1.0,0,0.9805682170673545,0.019431782932645476,1.0,0,0.9901148489250051,0.009885151074994884,1.0,0,0.9840581087775279,0.015941891222472103,1.0,0
2021-01-11,0,0,0.98559,0.01441,1.0,0,0.9850366964290084,0.014963303570991581,1.0,0,0.9788528568033419,0.02114714319665815,1.0,0,0.9834386213100715,0.016561378689928442,1.0,0,0.9841032565419094,0.015896743458090577,1.0,0
2021-01-12,0,0,0.98559,0.01441,1.0,0,0.9752639064433565,0.02473609355664357,1.0,0,0.9773690339737515,0.022630966026248523,1.0,0,0.9755093510212746,0.02449064897872545,1.0,0,0.984148278506518,0.01585172149348204,1.0,0
2021-01-13,0,0,0.98559,0.01441,1.0,0,0.9817430140337834,0.018256985966216607,1.0,0,0.9766042346354221,0.023395765364577915,1.0,0,0.9786789462426777,0.021321053757322267,1.0,0,0.9841931750102315,0.015806824989768466,1.0,0
2021-01-14,0,0,0.98559,0.01441,1.0,0,0.9877621168211265,0.01223788317887356,1.0,0,0.981034760814314,0.018965239185686055,1.0,0,0.9855316752428752,0.014468324757124817,1.0,0,0.9842379463910812,0.015762053608918816,1.0,0
2021-01-15,0,0,0.98559,0.01441,1.0,0,0.9846058706878543,0.015394129312145663,1.0,0,0.9777406940467162,0.022259305953283865,1.0,0,0.9802477007731409,0.019752299226859046,1.0,0,0.9842825929862528,0.015717407013747242,1.0,0
2021-01-19,0,0,0.98559,0.01441,1.0,0,0.9821000847862764,0.017899915213723624,1.0,0,0.9796662724653106,0.02033372753468941,1.0,0,0.982760200626174,0.01723979937382608,1.0,0,0.9843271151320887,0.015672884867911352,1.0,0
2021-01-20,0,0,0.98559,0.01441,1.0,0,0.9833754072115499,0.01662459278845011,1.0,0,0.9806417200182014,0.01935827998179866,1.0,0,0.9844574378874273,0.015542562112572695,1.0,0,0.9843715131640896,0.01562848683591048,1.0,0
2021-01-21,0,0,0.98559,0.01441,1.0,0,0.9869500082172936,0.013049991782706378,1.0,0,0.9819050105955359,0.018094989404464124,1.0,0,0.9866995125756259,0.01330048742437408,1.0,0,0.984415787416916,0.015584212583083951,1.0,0
2021-01-22,0,0,0.98559,0.01441,1.0,0,0.9887158286127009,0.01128417138729912,1.0,0,0.980955098453197,0.019044901546803026,1.0,0,0.9864615236599138,0.013538476340086184,1.0,0,0.9844599382243907,0.015540061775609345,1.0,0
2021-01-25,0,0,0.98559,0.01441,1.0,0,0.9803805059220447,0.0196194940779553,1.0,0,0.9799998274590498,0.02000017254095025,1.0,0,0.981744958952315,0.01825504104768509,1.0,0,0.9845039659194993,0.015496034080500732,1.0,0
2021-01-26,0,0,0.98559,0.01441,1.0,0,0.9870276792467346,0.012972320753265336,1.0,0,0.9823963229450915,0.01760367705490846,1.0,0,0.9851590884386816,0.014840911561318391,1.0,0,0.984547870834393,0.015452129165607011,1.0,0
2021-01-27,0,0,0.98559,0.01441,1.0,0,0.9866533901371262,0.013346609862873813,1.0,0,0.9799007457586012,0.02009925424139876,1.0,0,0.9803066019265366,0.01969339807346341,1.0,0,0.9845916533003899,0.015408346699610114,1.0,0
2021-01-28,0,0,0.98559,0.01441,1.0,0,0.9866038220711089,0.01339617792889112,1.0,0,0.9813582152291509,0.018641784770849098,1.0,0,0.9812809686275835,0.01871903137241648,1.0,0,0.9846353136479766,0.015364686352023323,1.0,0
2021-01-29,0,0,0.98559,0.01441,1.0,0,0.9896390633810097,0.010360936618990263,1.0,0,0.980468672882038,0.019531327117962002,1.0,0,0.9827046336853242,0.017295366314675768,1.0,0,0.9846788522068105,0.015321147793189504,1.0,0
2021-02-01,0,0,0.98559,0.01441,1.0,0,0.9832194626708739,0.016780537329126082,1.0,0,0.9825408291755571,0.017459170824442895,1.0,0,0.9846534003244063,0.015346599675593693,1.0,0,0.9847222693057206,0.015277730694279403,1.0,0
2021-02-02,0,0,0.98559,0.01441,1.0,0,0.9859475305446338,0.014052469455366244,1.0,0,0.9835876497860576,0.01641235021394237,1.0,0,0.9850868716023607,0.014913128397639199,1.0,0,0.9847655652727101,0.015234434727289928,1.0,0
2021-02-03,0,0,0.98559,0.01441,1.0,0,0.9868879575344807,0.013112042465519313,1.0,0,0.9846071349257093,0.01539286507429074,1.0,0,0.9877302536788403,0.012269746321159777,1.0,0,0.9848087404349576,0.015191259565042416,1.0,0
2021-02-04,0,0,0.98559,0.01441,1.0,0,0.986424770376504,0.013575229623495957,1.0,0,0.9844987648587431,0.015501235141256892,1.0,0,0.988803786437556,0.011196213562444093,1.0,0,0.9848517951188192,0.015148204881180882,1.0,0
2021-02-05,0,0,0.98559,0.01441,1.0,0,0.9892702886483626,0.010729711351637377,1.0,0,0.9852543093505457,0.01474569064945426,1.0,0,0.9900611426631607,0.009938857336839298,1.0,0,0.9848947296498296,0.015105270350170367,1.0,0
2021-02-08,0,0,0.98559,0.01441,1.0,0,0.9781043684167158,0.02189563158328423,1.0,0,0.9841279638953025,0.015872036104697465,1.0,0,0.9862425193878758,0.013757480612124237,1.0,0,0.9849375443527049,0.015062455647295164,1.0,0
2021-02-09,0,0,0.98559,0.01441,1.0,0,0.9840953742816293,0.015904625718370674,1.0,0,0.9849694011769554,0.015030598823044614,1.0,0,0.9880485810962287,0.011951418903771297,1.0,0,0.9849802395513428,0.01501976044865712,1.0,0
2021-02-10,0,0,0.98559,0.01441,1.0,0,0.9844928883906747,0.01550711160932523,1.0,0,0.9833411072051059,0.016658892794894065,1.0,0,0.9846016624429003,0.015398337557099738,1.0,0,0.9850228155688261,0.014977184431173922,1.0,0
2021-02-11,0,0,0.98559,0.01441,1.0,0,0.9894629345964667,0.01053706540353327,1.0,0,0.9849236053549278,0.015076394645072136,1.0,0,0.9879119636114112,0.012088036388588777,1.0,0,0.9850652727274226,0.014934727272577381,1.0,0
2021-02-12,0,0,0.98559,0.01441,1.0,0,0.9876638447209973,0.012336155279002637,1.0,0,0.9848798319087089,0.015120168091291075,1.0,0,0.9866962549465874,0.013303745053412532,1.0,0,0.9851076113485883,0.014892388651411709,1.0,0
2021-02-16,0,0,0.98559,0.01441,1.0,0,0.984680325140332,0.01531967485966804,1.0,0,0.985046509412582,0.01495349058741803,1.0,0,0.9862424021108508,0.013757597889149261,1.0,0,0.9851498317529681,0.014850168247031847,1.0,0
2021-02-17,0,0,0.98559,0.01441,1.0,0,0.9824406054408726,0.01755939455912732,1.0,0,0.9835907954222007,0.016409204577799243,1.0,0,0.9842227756097629,0.015777224390237123,1.0,0,0.9851919342603983,0.014808065739601682,1.0,0
2021-02-18,0,0,0.98559,0.01441,1.0,0,0.9906048608526594,0.009395139147340562,1.0,0,0.9857596071331529,0.014240392866847076,1.0,0,0.989314962556076,0.01068503744392403,1.0,0,0.9852339191899075,0.01476608081009242,1.0,0
2021-02-19,0,0,0.98559,0.01441,1.0,0,0.9907243743449855,0.009275625655014483,1.0,0,0.9856937276825576,0.01430627231744237,1.0,0,0.9884471344264266,0.01155286557357341,1.0,0,0.9852757868597192,0.014724213140280839,1.0,0
2021-02-22,0,0,0.98559,0.01441,1.0,0,0.9796492138263826,0.02035078617361736,1.0,0,0.9841955652081831,0.015804434791816955,1.0,0,0.9821097768716064,0.017890223128393612,1.0,0,0.9853175375872524,0.014682462412747588,1.0,0
2021-02-23,0,0,0.98559,0.01441,1.0,0,0.9864959892633577,0.013504010736642279,1.0,0,0.9847748848713378,0.015225115128662163,1.0,0,0.9850763224734244,0.01492367752657565,1.0,0,0.9853591716891245,0.014640828310875494,1.0,0
2021-02-24,0,0,0.98559,0.01441,1.0,0,0.9854919567194944,0.01450804328050558,1.0,0,0.9851343056386425,0.014865694361357557,1.0,0,0.9844493799312405,0.015550620068759482,1.0,0,0.9854006894811521,0.014599310518847844,1.0,0
2021-02-25,0,1,0.98559,0.01441,1.0,0,0.9937734683589406,0.006226531641059395,1.0,0,0.9868455104786763,0.013154489521323746,1.0,0,0.9911992155688033,0.0088007844311967,1.0,0,0.9854420912783532,0.014557908721646707,1.0,0
2021-02-26,1,1,0.059,0.941,1.0,1,0.02201490719672372,0.9779850928032763,1.0,1,0.32998674521770555,0.6700132547822945,1.0,1,0.1343377719169212,0.8656622280830788,1.0,1,0.04579416445771245,0.9542058355422876,1.0,1
2021-03-01,1,1,0.059,0.941,1.0,1,0.100407207549146,0.899592792450854,1.0,1,0.33014530972546097,0.669854690274539,1.0,1,0.2589354368375283,0.7410645631624717,1.0,1,0.04579416445771245,0.9542058355422876,1.0,1
2021-03-02,1,1,0.059,0.941,1.0,1,0.05361299800812758,0.9463870019918724,1.0,1,0.21895559024858036,0.7810444097514196,1.0,1,0.16204844824184172,0.8379515517581583,1.0,1,0.04579416445771245,0.9542058355422876,1.0,1
2021-03-03,1,1,0.059,0.941,1.0,1,0.07302671251515092,0.9269732874848491,1.0,1,0.22202991112431614,0.7779700888756839,1.0,1,0.24127763398180468,0.7587223660181953,1.0,1,0.04579416445771245,0.9542058355422876,1.0,1
2021-03-04,1,1,0.059,0.941,1.0,1,0.06609315862857224,0.9339068413714278,1.0,1,0.14724459226636055,0.8527554077336394,1.0,1,0.10524141629432626,0.8947585837056737,1.0,1,0.04579416445771245,0.9542058355422876,1.0,1
2021-03-05,1,1,0.059,0.941,1.0,1,0.027022876945274943,0.9729771230547251,1.0,1,0.12329630356526666,0.8767036964347333,1.0,1,0.060787683450903796,0.9392123165490962,1.0,1,0.04579416445771245,0.9542058355422876,1.0,1
2021-03-08,1,1,0.059,0.941,1.0,1,0.05627750952071486,0.9437224904792851,1.0,1,0.1174111409987737,0.8825888590012263,1.0,1,0.07703969184775317,0.9229603081522468,1.0,1,0.04579416445771245,0.9542058355422876,1.0,1
2021-03-09,1,0,0.059,0.941,1.0,1,0.03632048616898009,0.9636795138310199,1.0,1,0.09582717743013791,0.9041728225698621,1.0,1,0.05980215308758563,0.9401978469124144,1.0,1,0.04579416445771245,0.9542058355422876,1.0,1
2021-03-10,0,0,0.98559,0.01441,1.0,0,0.9820029851690399,0.01799701483096,1.0,0,0.8061006273632082,0.19389937263679183,1.0,0,0.8752224052728099,0.12477759472719004,1.0,0,0.9823959865620522,0.017604013437947763,1.0,0
2021-03-11,0,1,0.98559,0.01441,1.0,0,0.9873570048996616,0.012642995100338443,1.0,0,0.8658464491800253,0.13415355081997465,1.0,0,0.9304324145068387,0.06956758549316133,1.0,0,0.982445757521457,0.017554242478543015,1.0,0
2021-03-12,1,0,0.059,0.941,1.0,1,0.10313377927526879,0.8968662207247312,1.0,1,0.46330164683367525,0.5366983531663247,1.0,1,0.4314078787955793,0.5685921212044207,1.0,1,0.04579416445771245,0.9542058355422876,1.0,1
2021-03-15,0,0,0.98559,0.01441,1.0,0,0.9804812780914877,0.019518721908512365,1.0,0,0.783912053275176,0.216087946724824,1.0,0,0.84056756963927,0.1594324303607299,1.0,0,0.9823959865620522,0.017604013437947763,1.0,0
2021-03-16,0,0,0.98559,0.01441,1.0,0,0.987417376546494,0.012582623453506006,1.0,0,0.8614005569567613,0.13859944304323862,1.0,0,0.9260474245524385,0.0739525754475615,1.0,0,0.982445757521457,0.017554242478543015,1.0,0
2021-03-17,0,0,0.98559,0.01441,1.0,0,0.9847888054898309,0.015211194510169024,1.0,0,0.8815837955336286,0.11841620446637138,1.0,0,0.9222879175118159,0.07771208248818401,1.0,0,0.982495390273181,0.017504609726819,1.0,0
2021-03-18,0,0,0.98559,0.01441,1.0,0,0.9936456959569558,0.00635430404304416,1.0,0,0.8995106325845564,0.10048936741544355,1.0,0,0.9489249213362443,0.05107507866375574,1.0,0,0.9825448851868503,0.017455114813149694,1.0,0
2021-03-19,0,0,0.98559,0.01441,1.0,0,0.9799578878259217,0.020042112174078277,1.0,0,0.9000382405133712,0.09996175948662873,1.0,0,0.9121938916466439,0.08780610835335609,1.0,0,0.9825942426311824,0.01740575736881757,1.0,0
2021-03-22,0,0,0.98559,0.01441,1.0,0,0.9736072232398025,0.026392776760197443,1.0,0,0.9164110970510804,0.08358890294891967,1.0,0,0.9254695842729324,0.0745304157270676,1.0,0,0.9826434629739881,0.017356537026011917,1.0,0
2021-03-23,0,0,0.98559,0.01441,1.0,0,0.9858772961514548,0.014122703848545156,1.0,0,0.9256646088261722,0.07433539117382779,1.0,0,0.946914648928793,0.05308535107120708,1.0,0,0.982692546582173,0.017307453417826996,1.0,0
2021-03-24,0,0,0.98559,0.01441,1.0,0,0.9754618813163092,0.02453811868369081,1.0,0,0.9294179366675801,0.07058206333241993,1.0,0,0.9317619136138859,0.0682380863861141,1.0,0,0.9827414938217397,0.017258506178260292,1.0,0
2021-03-25,0,0,0.98559,0.01441,1.0,0,0.9889365249596881,0.011063475040311863,1.0,0,0.9394499532189435,0.06055004678105649,1.0,0,0.9477822793354559,0.05221772066454408,1.0,0,0.9827903050577893,0.01720969494221072,1.0,0
2021-03-26,0,0,0.98559,0.01441,1.0,0,0.977667314112375,0.022332685887625037,1.0,0,0.9407030385601309,0.05929696143986908,1.0,0,0.9423926531460622,0.05760734685393775,1.0,0,0.9828389806545231,0.01716101934547688,1.0,0
2021-03-29,0,0,0.98559,0.01441,1.0,0,0.9869831702574217,0.013016829742578395,1.0,0,0.9522615216113431,0.04773847838865684,1.0,0,0.9681568972919168,0.03184310270808327,1.0,0,0.9828875209752448,0.01711247902475526,1.0,0
2021-03-30,0,0,0.98559,0.01441,1.0,0,0.9816661556708395,0.018333844329160482,1.0,0,0.9484015160543074,0.051598483945692504,1.0,0,0.9581814076568356,0.04181859234316442,1.0,0,0.9829359263823615,0.017064073617638485,1.0,0
2021-03-31,0,0,0.98559,0.01441,1.0,0,0.9865799551540362,0.013420044845963824,1.0,0,0.954628443490727,0.04537155650927302,1.0,0,0.9672377889075693,0.03276221109243075,1.0,0,0.9829841972373865,0.01701580276261354,1.0,0
2021-04-01,0,0,0.98559,0.01441,1.0,0,0.97578977098521,0.02421022901479001,1.0,0,0.9542839484436868,0.045716051556313204,1.0,0,0.9665070718384768,0.03349292816152318,1.0,0,0.98303233390094,0.01696766609905995,1.0,0
2021-04-05,0,0,0.98559,0.01441,1.0,0,0.9884701547043322,0.01152984529566782,1.0,0,0.9649204455520088,0.03507955444799112,1.0,0,0.9786437231462644,0.021356276853735614,1.0,0,0.9830803367327519,0.016919663267248124,1.0,0
2021-04-06,0,0,0.98559,0.01441,1.0,0,0.9833273036811723,0.016672696318827757,1.0,0,0.9585066645236422,0.041493335476357834,1.0,0,0.9665907976233228,0.03340920237667716,1.0,0,0.9831282060916625,0.016871793908337488,1.0,0
2021-04-07,0,0,0.98559,0.01441,1.0,0,0.9866944088250609,0.013305591174939086,1.0,0,0.9659249857657679,0.03407501423423213,1.0,0,0.9761726488222338,0.023827351177766253,1.0,0,0.9831759423356252,0.01682405766437475,1.0,0
2021-04-08,0,0,0.98559,0.01441,1.0,0,0.9810049091253847,0.018995090874615227,1.0,0,0.9608710829936664,0.039128917006333586,1.0,0,0.9682767376062722,0.03172326239372782,1.0,0,0.9832235458217079,0.01677645417829215,1.0,0
2021-04-09,0,0,0.98559,0.01441,1.0,0,0.9867445335669423,0.013255466433057759,1.0,0,0.9680192330360565,0.03198076696394344,1.0,0,0.9795721656378533,0.020427834362146638,1.0,0,0.9832710169060943,0.016728983093905667,1.0,0
2021-04-12,0,0,0.98559,0.01441,1.0,0,0.9872117046809835,0.012788295319016513,1.0,0,0.9655520754832956,0.03444792451670447,1.0,0,0.9746004039466719,0.02539959605332804,1.0,0,0.9833183559440867,0.01668164405591329,1.0,0
2021-04-13,0,0,0.98559,0.01441,1.0,0,0.9765573457435104,0.02344265425648958,1.0,0,0.9665153380084561,0.03348466199154383,1.0,0,0.9710729057540157,0.028927094245984303,1.0,0,0.9833655632901068,0.016634436709893192,1.0,0
2021-04-14,0,0,0.98559,0.01441,1.0,0,0.9841303553704789,0.01586964462952109,1.0,0,0.9695767286976951,0.030423271302304915,1.0,0,0.9758791596939269,0.024120840306073078,1.0,0,0.983412639297698,0.016587360702302045,1.0,0
2021-04-15,0,0,0.98559,0.01441,1.0,0,0.9782794928234043,0.02172050717659571,1.0,0,0.9664763201516849,0.03352367984831509,1.0,0,0.9672069689608195,0.032793031039180534,1.0,0,0.9834595843195267,0.016540415680473215,1.0,0
2021-04-16,0,0,0.98559,0.01441,1.0,0,0.9892850805178117,0.0107149194821883,1.0,0,0.9737141438035581,0.026285856196441894,1.0,0,0.9818586579628349,0.01814134203716514,1.0,0,0.983506398707385,0.016493601292615012,1.0,0
2021-04-19,0,0,0.98559,0.01441,1.0,0,0.9876019981741885,0.012398001825811572,1.0,0,0.9701890529511429,0.0298109470488571,1.0,0,0.97701992900643,0.022980070993570034,1.0,0,0.9835530828121911,0.016446917187808927,1.0,0
2021-04-20,0,0,0.98559,0.01441,1.0,0,0.9814398262021966,0.018560173797803437,1.0,0,0.9697947681185368,0.030205231881463134,1.0,0,0.972270002037254,0.027729997962746045,1.0,0,0.9835996369839921,0.016400363016007873,1.0,0
2021-04-21,0,0,0.98559,0.01441,1.0,0,0.9826052839730534,0.01739471602694663,1.0,0,0.9716594259294642,0.028340574070535855,1.0,0,0.9751556993695675,0.024844300630432525,1.0,0,0.9836460615719655,0.016353938428034447,1.0,0
2021-04-22,0,0,0.98559,0.01441,1.0,0,0.984818500561197,0.015181499438802955,1.0,0,0.9719731322850437,0.028026867714956345,1.0,0,0.9778087900896211,0.022191209910378894,1.0,0,0.9836923569244209,0.016307643075579137,1.0,0
2021-04-23,0,0,0.98559,0.01441,1.0,0,0.9833121857704286,0.01668781422957141,1.0,0,0.9749874463434713,0.025012553656528668,1.0,0,0.9794592553286002,0.020540744671399724,1.0,0,0.9837385233888014,0.016261476611198623,1.0,0
2021-04-26,0,0,0.98559,0.01441,1.0,0,0.9817249055117038,0.0182750944882962,1.0,0,0.9738642283781712,0.02613577162182879,1.0,0,0.9767527131985829,0.02324728680141712,1.0,0,0.983784561311686,0.016215438688313943,1.0,0
2021-04-27,0,0,0.98559,0.01441,1.0,0,0.9848768987862461,0.01512310121375393,1.0,0,0.9765061557202473,0.023493844279752683,1.0,0,0.9820320547245698,0.017967945275430216,1.0,0,0.9838304710387912,0.016169528961208823,1.0,0
2021-04-28,0,0,0.98559,0.01441,1.0,0,0.9792429139418005,0.0207570860581995,1.0,0,0.9733829731244472,0.026617026875552757,1.0,0,0.9731641359220402,0.02683586407795978,1.0,0,0.9838762529149722,0.016123747085027892,1.0,0
2021-04-29,0,0,0.98559,0.01441,1.0,0,0.9863637325411396,0.013636267458860386,1.0,0,0.9770236934072508,0.02297630659274923,1.0,0,0.983520770329417,0.016479229670582976,1.0,0,0.9839219072842251,0.01607809271577492,1.0,0
2021-04-30,0,0,0.98559,0.01441,1.0,0,0.9884407609392295,0.011559239060770457,1.0,0,0.9760687997668392,0.0239312002331608,1.0,0,0.9822304133531243,0.017769586646875703,1.0,0,0.9839674344896889,0.01603256551031109,1.0,0
2021-05-03,0,0,0.98559,0.01441,1.0,0,0.9804309307521663,0.019569069247833776,1.0,0,0.9769411027697512,0.023058897230248787,1.0,0,0.977873133944679,0.022126866055320975,1.0,0,0.9840128348736468,0.01598716512635323,1.0,0
2021-05-04,0,0,0.98559,0.01441,1.0,0,0.9802829369811635,0.019717063018836474,1.0,0,0.9764322075351418,0.023567792464858232,1.0,0,0.9788050315354723,0.02119496846452777,1.0,0,0.9840581087775279,0.015941891222472103,1.0,0
2021-05-05,0,0,0.98559,0.01441,1.0,0,0.9802571404192962,0.019742859580703792,1.0,0,0.9773178911515846,0.022682108848415337,1.0,0,0.9760462595493534,0.023953740450646622,1.0,0,0.9841032565419094,0.015896743458090577,1.0,0
2021-05-06,0,0,0.98559,0.01441,1.0,0,0.987375823414539,0.012624176585461023,1.0,0,0.9784642703535981,0.021535729646401984,1.0,0,0.9831893397429687,0.01681066025703124,1.0,0,0.984148278506518,0.01585172149348204,1.0,0
2021-05-07,0,0,0.98559,0.01441,1.0,0,0.9854209534875418,0.014579046512458256,1.0,0,0.979948506680147,0.020051493319853023,1.0,0,0.9840293368070496,0.015970663192950336,1.0,0,0.9841931750102315,0.015806824989768466,1.0,0
2021-05-10,0,0,0.98559,0.01441,1.0,0,0.9892853769053679,0.01071462309463212,1.0,0,0.9808478193521851,0.01915218064781487,1.0,0,0.9864435737614966,0.013556426238503437,1.0,0,0.9842379463910812,0.015762053608918816,1.0,0
2021-05-11,0,0,0.98559,0.01441,1.0,0,0.9862583262649504,0.013741673735049626,1.0,0,0.9791957401905301,0.02080425980946986,1.0,0,0.983030561830588,0.016969438169412036,1.0,0,0.9842825929862528,0.015717407013747242,1.0,0
2021-05-12,0,0,0.98559,0.01441,1.0,0,0.98855269580751,0.011447304192489911,1.0,0,0.9783024655748609,0.021697534425139133,1.0,0,0.9796452534697464,0.020354746530253546,1.0,0,0.9843271151320887,0.015672884867911352,1.0,0
2021-05-13,0,0,0.98559,0.01441,1.0,0,0.987077357415082,0.012922642584918003,1.0,0,0.9773796401254531,0.02262035987454687,1.0,0,0.9762919874298697,0.023708012570130277,1.0,0,0.9843715131640896,0.01562848683591048,1.0,0
2021-05-14,0,0,0.98559,0.01441,1.0,0,0.9809911176632499,0.019008882336750126,1.0,0,0.9798612249823664,0.020138775017633587,1.0,0,0.9830990505417404,0.016900949458259557,1.0,0,0.984415787416916,0.015584212583083951,1.0,0
2021-05-17,0,0,0.98559,0.01441,1.0,0,0.9844970195008492,0.015502980499150772,1.0,0,0.9833134143989197,0.016686585601080283,1.0,0,0.9878803003611589,0.012119699638841075,1.0,0,0.9844599382243907,0.015540061775609345,1.0,0
2021-05-18,0,0,0.98559,0.01441,1.0,0,0.988585424560591,0.011414575439409009,1.0,0,0.9818994367898418,0.018100563210158176,1.0,0,0.9867205155512393,0.013279484448760674,1.0,0,0.9845039659194993,0.015496034080500732,1.0,0
2021-05-19,0,0,0.98559,0.01441,1.0,0,0.9914422766268132,0.008557723373186797,1.0,0,0.9812384777797758,0.018761522220224158,1.0,0,0.9862192012997152,0.013780798700284865,1.0,0,0.984547870834393,0.015452129165607011,1.0,0
2021-05-20,0,0,0.98559,0.01441,1.0,0,0.9847026886584429,0.015297311341557127,1.0,0,0.9797546174518804,0.020245382548119594,1.0,0,0.979228823278351,0.020771176721648965,1.0,0,0.9845916533003899,0.015408346699610114,1.0,0
2021-05-21,0,0,0.98559,0.01441,1.0,0,0.9841027665188544,0.015897233481145624,1.0,0,0.9830250142297687,0.016974985770231307,1.0,0,0.9864740171718911,0.013525982828108853,1.0,0,0.9846353136479766,0.015364686352023323,1.0,0
2021-05-24,0,0,0.98559,0.01441,1.0,0,0.9787472373834702,0.021252762616529742,1.0,0,0.9828323830058414,0.01716761699415857,1.0,0,0.984615535465594,0.015384464534405987,1.0,0,0.9846788522068105,0.015321147793189504,1.0,0
2021-05-25,0,0,0.98559,0.01441,1.0,0,0.9831014280219964,0.01689857197800358,1.0,0,0.9822782975170118,0.017721702482988242,1.0,0,0.9846247085146296,0.015375291485370413,1.0,0,0.9847222693057206,0.015277730694279403,1.0,0
2021-05-26,0,0,0.98559,0.01441,1.0,0,0.9886665412979537,0.011333458702046224,1.0,0,0.9841347754192667,0.015865224580733278,1.0,0,0.9885779977066309,0.011422002293369123,1.0,0,0.9847655652727101,0.015234434727289928,1.0,0
2021-05-27,0,0,0.98559,0.01441,1.0,0,0.9851248315000156,0.014875168499984395,1.0,0,0.9827634756690052,0.01723652433099472,1.0,0,0.9838591263466723,0.016140873653327746,1.0,0,0.9848087404349576,0.015191259565042416,1.0,0
2021-05-28,0,0,0.98559,0.01441,1.0,0,0.9847674403493453,0.01523255965065478,1.0,0,0.9827894898938615,0.017210510106138496,1.0,0,0.9841159629101079,0.01588403708989202,1.0,0,0.9848517951188192,0.015148204881180882,1.0,0
2021-06-01,0,0,0.98559,0.01441,1.0,0,0.9851967806711064,0.014803219328893578,1.0,0,0.984133107545061,0.015866892454938972,1.0,0,0.986092199906386,0.013907800093614026,1.0,0,0.9848947296498296,0.015105270350170367,1.0,0
2021-06-02,0,0,0.98559,0.01441,1.0,0,0.9859514041103966,0.014048595889603362,1.0,0,0.9833583417903035,0.016641658209696545,1.0,0,0.9851295939864222,0.01487040601357782,1.0,0,0.9849375443527049,0.015062455647295164,1.0,0
2021-06-03,0,0,0.98559,0.01441,1.0,0,0.9898165881317358,0.010183411868264223,1.0,0,0.9846516651983093,0.01534833480169076,1.0,0,0.988379986099322,0.011620013900678057,1.0,0,0.9849802395513428,0.01501976044865712,1.0,0
2021-06-04,0,0,0.98559,0.01441,1.0,0,0.9756728116891984,0.024327188310801634,1.0,0,0.9822288626880457,0.01777113731195439,1.0,0,0.9803264241668428,0.019673575833157264,1.0,0,0.9850228155688261,0.014977184431173922,1.0,0
2021-06-07,0,0,0.98559,0.01441,1.0,0,0.9881365709005985,0.011863429099401562,1.0,0,0.985822040330233,0.01417795966976699,1.0,0,0.9891675775837219,0.010832422416278133,1.0,0,0.9850652727274226,0.014934727272577381,1.0,0
2021-06-08,0,0,0.98559,0.01441,1.0,0,0.985861542357723,0.014138457642276999,1.0,0,0.983834484903535,0.016165515096465022,1.0,0,0.986143373615698,0.013856626384301919,1.0,0,0.9851076113485883,0.014892388651411709,1.0,0
2021-06-09,0,0,0.98559,0.01441,1.0,0,0.9875542761750042,0.01244572382499574,1.0,0,0.985026888089072,0.014973111910927941,1.0,0,0.9883225837581586,0.011677416241841373,1.0,0,0.9851498317529681,0.014850168247031847,1.0,0
2021-06-10,0,0,0.98559,0.01441,1.0,0,0.978990482686532,0.021009517313468003,1.0,0,0.9844912806201507,0.015508719379849325,1.0,0,0.9834608138469153,0.01653918615308473,1.0,0,0.9851919342603983,0.014808065739601682,1.0,0
2021-06-11,0,0,0.98559,0.01441,1.0,0,0.9906636548676767,0.009336345132323287,1.0,0,0.9861913899827658,0.013808610017234211,1.0,0,0.9910300961924232,0.00896990380757682,1.0,0,0.9852339191899075,0.01476608081009242,1.0,0
2021-06-14,0,0,0.98559,0.01441,1.0,0,0.9874212550930428,0.012578744906957233,1.0,0,0.9855112351652054,0.01448876483479457,1.0,0,0.9877458551143041,0.012254144885695924,1.0,0,0.9852757868597192,0.014724213140280839,1.0,0
2021-06-15,0,0,0.98559,0.01441,1.0,0,0.9830761431157984,0.016923856884201657,1.0,0,0.9848741348571474,0.015125865142852666,1.0,0,0.9859757835663536,0.014024216433646418,1.0,0,0.9853175375872524,0.014682462412747588,1.0,0
2021-06-16,0,0,0.98559,0.01441,1.0,0,0.9922064010271598,0.007793598972840171,1.0,0,0.9862462477294524,0.013753752270547606,1.0,0,0.9921157879761945,0.007884212023805558,1.0,0,0.9853591716891245,0.014640828310875494,1.0,0
2021-06-17,0,0,0.98559,0.01441,1.0,0,0.9836683343394794,0.01633166566052057,1.0,0,0.9832380909948247,0.016761909005175216,1.0,0,0.9810553010050492,0.01894469899495079,1.0,0,0.9854006894811521,0.014599310518847844,1.0,0
2021-06-18,0,0,0.98559,0.01441,1.0,0,0.9836893009697469,0.016310699030253076,1.0,0,0.9849847472254046,0.015015252774595407,1.0,0,0.9864375319131564,0.013562468086843568,1.0,0,0.9854420912783532,0.014557908721646707,1.0,0
2021-06-21,0,0,0.98559,0.01441,1.0,0,0.9884431513079235,0.011556848692076493,1.0,0,0.9872931993377331,0.012706800662266966,1.0,0,0.9877988722025386,0.012201127797461447,1.0,0,0.9854833773949487,0.014516622605051224,1.0,0
2021-06-22,0,0,0.98559,0.01441,1.0,0,0.9793027700963064,0.020697229903693593,1.0,0,0.9838223778910256,0.016177622108974457,1.0,0,0.9793322861795573,0.02066771382044277,1.0,0,0.9855245481443641,0.014475451855635925,1.0,0
2021-06-23,0,0,0.98559,0.01441,1.0,0,0.987105845933315,0.012894154066685091,1.0,0,0.9875796760004819,0.012420323999518045,1.0,0,0.9916706376095195,0.008329362390480542,1.0,0,0.985565603839231,0.014434396160768992,1.0,0
2021-06-24,0,0,0.98559,0.01441,1.0,0,0.9870132118319376,0.012986788168062462,1.0,0,0.9863579644706074,0.013642035529392605,1.0,0,0.9886876610758185,0.011312338924181525,1.0,0,0.9856065447913894,0.014393455208610626,1.0,0
2021-06-25,0,0,0.98559,0.01441,1.0,0,0.9886132912788997,0.011386708721100269,1.0,0,0.9872807174007872,0.012719282599212869,1.0,0,0.9891558930290086,0.010844106970991387,1.0,0,0.9856473713118886,0.014352628688111334,1.0,0
2021-06-28,0,0,0.98559,0.01441,1.0,0,0.9821101808276914,0.017889819172308627,1.0,0,0.985860279548759,0.014139720451240956,1.0,0,0.9874816514862403,0.012518348513759625,1.0,0,0.9856880837109898,0.014311916289010218,1.0,0
2021-06-29,0,0,0.98559,0.01441,1.0,0,0.9857696566963469,0.014230343303653144,1.0,0,0.9877695325143075,0.012230467485692474,1.0,0,0.9909731726183257,0.009026827381674226,1.0,0,0.9857286822981667,0.014271317701833321,1.0,0
2021-06-30,0,0,0.98559,0.01441,1.0,0,0.9834566179781475,0.01654338202185246,1.0,0,0.9865018233000646,0.013498176699935319,1.0,0,0.9874917079309954,0.012508292069004659,1.0,0,0.9857691673821081,0.014230832617891912,1.0,0
2021-07-01,0,0,0.98559,0.01441,1.0,0,0.9851264170744088,0.014873582925591189,1.0,0,0.9873074274475236,0.012692572552476317,1.0,0,0.9884681018323532,0.011531898167646748,1.0,0,0.9858095392707191,0.01419046072928084,1.0,0
2021-07-02,0,0,0.98559,0.01441,1.0,0,0.9824252505312602,0.01757474946873982,1.0,0,0.9866625212847707,0.013337478715229265,1.0,0,0.986368788910823,0.013631211089176948,1.0,0,0.9858497982711232,0.014150201728876788,1.0,0
2021-07-06,0,0,0.98559,0.01441,1.0,0,0.9843339550468154,0.015666044953184525,1.0,0,0.9867608756449987,0.013239124355001256,1.0,0,0.9880528778080737,0.011947122191926297,1.0,0,0.9858899446896633,0.014110055310336666,1.0,0
2021-07-07,0,0,0.98559,0.01441,1.0,0,0.9883249860055225,0.011675013994477476,1.0,0,0.987675326272684,0.012324673727316044,1.0,0,0.9906398582638922,0.009360141736107823,1.0,0,0.9859299788319041,0.014070021168095899,1.0,0
2021-07-08,0,0,0.98559,0.01441,1.0,0,0.9878848020696758,0.01211519793032419,1.0,0,0.9872255954498923,0.012774404550107652,1.0,0,0.9885529361053128,0.011447063894687241,1.0,0,0.9859699010026333,0.014030098997366739,1.0,0
2021-07-09,0,0,0.98559,0.01441,1.0,0,0.9877531414284417,0.012246858571558323,1.0,0,0.9882504380935941,0.011749561906405907,1.0,0,0.9881980486093612,0.011801951390638764,1.0,0,0.9860097115058634,0.01399028849413661,1.0,0
2021-07-12,0,0,0.98559,0.01441,1.0,0,0.9847566037554443,0.015243396244555688,1.0,0,0.9868505263431135,0.013149473656886401,1.0,0,0.9862272825690032,0.013772717430996798,1.0,0,0.9860494106448335,0.01395058935516643,1.0,0
2021-07-13,0,0,0.98559,0.01441,1.0,0,0.9871322256580622,0.012867774341937721,1.0,0,0.9887995356869458,0.011200464313054201,1.0,0,0.9914884790725792,0.008511520927420779,1.0,0,0.9860889987220111,0.013911001277988933,1.0,0
2021-07-14,0,0,0.98559,0.01441,1.0,0,0.9842461172533913,0.015753882746608758,1.0,0,0.9867100941619058,0.013289905838094158,1.0,0,0.987411610616098,0.01258838938390211,1.0,0,0.9861284760390929,0.013871523960907024,1.0,0
2021-07-15,0,0,0.98559,0.01441,1.0,0,0.9858815824341838,0.014118417565816216,1.0,0,0.9879109923094316,0.012089007690568374,1.0,0,0.9899369499981165,0.010063050001883499,1.0,0,0.986167842897008,0.013832157102992048,1.0,0
2021-07-16,0,0,0.98559,0.01441,1.0,0,0.989178488571204,0.010821511428795916,1.0,0,0.9882420158482684,0.011757984151731618,1.0,0,0.9898564053287704,0.010143594671229644,1.0,0,0.9862070995959178,0.013792900404082212,1.0,0
2021-07-19,0,0,0.98559,0.01441,1.0,0,0.9891866890245834,0.010813310975416636,1.0,0,0.9857236804010316,0.014276319598968332,1.0,0,0.9868005318307803,0.013199468169219694,1.0,0,0.9862462464352192,0.013753753564780867,1.0,0
2021-07-20,0,0,0.98559,0.01441,1.0,0,0.9873989652727738,0.012601034727226233,1.0,0,0.9886052418955291,0.01139475810447093,1.0,0,0.985774031413699,0.014225968586301029,1.0,0,0.9862852837135452,0.013714716286454858,1.0,0
2021-07-21,0,0,0.98559,0.01441,1.0,0,0.9865711468375313,0.013428853162468687,1.0,0,0.9882330348822969,0.011766965117703138,1.0,0,0.9871198606244055,0.01288013937559454,1.0,0,0.9863242117287672,0.01367578827123286,1.0,0
2021-07-22,0,0,0.98559,0.01441,1.0,0,0.9817182039703185,0.01828179602968146,1.0,0,0.9885066939759418,0.01149330602405818,1.0,0,0.9891230682654231,0.01087693173457698,1.0,0,0.9863630307779963,0.013636969222003734,1.0,0
2021-07-23,0,0,0.98559,0.01441,1.0,0,0.9849895432977197,0.015010456702280304,1.0,0,0.9897134505954108,0.010286549404589162,1.0,0,0.9904197012520765,0.00958029874792351,1.0,0,0.9864017411575852,0.013598258842414852,1.0,0
2021-07-26,0,0,0.98559,0.01441,1.0,0,0.9839968155287798,0.016003184471220136,1.0,0,0.988517376008963,0.011482623991037092,1.0,0,0.9896235691612632,0.010376430838736897,1.0,0,0.9864403431631296,0.013559656836870472,1.0,0
2021-07-27,0,0,0.98559,0.01441,1.0,0,0.9848050311079881,0.015194968892011836,1.0,0,0.9885818052881742,0.011418194711825787,1.0,0,0.9912407109835506,0.008759289016449396,1.0,0,0.9864788370894699,0.013521162910530028,1.0,0
2021-07-28,0,0,0.98559,0.01441,1.0,0,0.9835123022581679,0.01648769774183209,1.0,0,0.9886872161717094,0.011312783828290577,1.0,0,0.9882800593501747,0.011719940649825268,1.0,0,0.9865172232306935,0.013482776769306558,1.0,0
2021-07-29,0,0,0.98559,0.01441,1.0,0,0.9888906456111174,0.011109354388882638,1.0,0,0.9891004860944732,0.010899513905526763,1.0,0,0.9906370946419155,0.009362905358084487,1.0,0,0.986555501880135,0.013444498119864999,1.0,0
2021-07-30,0,0,0.98559,0.01441,1.0,0,0.9870769705368887,0.012923029463111356,1.0,0,0.9884871501380353,0.011512849861964606,1.0,0,0.9891862064392932,0.010813793560706794,1.0,0,0.9865936733303794,0.013406326669620564,1.0,0
2021-08-02,0,0,0.98559,0.01441,1.0,0,0.989100562879539,0.010899437120461077,1.0,0,0.9890491673465431,0.010950832653456893,1.0,0,0.990941053025012,0.00905894697498803,1.0,0,0.9866317378732629,0.013368262126737087,1.0,0
2021-08-03,0,0,0.98559,0.01441,1.0,0,0.9879464976116539,0.012053502388346168,1.0,0,0.9892192251732431,0.010780774826756899,1.0,0,0.9900100550182825,0.00998994498171749,1.0,0,0.9866696957998746,0.013330304200125391,1.0,0
2021-08-04,0,0,0.98559,0.01441,1.0,0,0.9908814975797924,0.009118502420207628,1.0,0,0.9892802811867669,0.010719718813233041,1.0,0,0.991648662322841,0.008351337677158963,1.0,0,0.9867075474005583,0.013292452599441644,1.0,0
2021-08-05,0,0,0.98559,0.01441,1.0,0,0.9897267286680547,0.010273271331945322,1.0,0,0.9899946261664073,0.010005373833592632,1.0,0,0.9919614991749206,0.008038500825079422,1.0,0,0.9867452929649143,0.01325470703508571,1.0,0
2021-08-06,0,0,0.98559,0.01441,1.0,0,0.9915733610620808,0.008426638937919211,1.0,0,0.9898747692138208,0.010125230786179175,1.0,0,0.9908163455515964,0.009183654448403689,1.0,0,0.9867829327818004,0.013217067218199544,1.0,0
2021-08-09,0,0,0.98559,0.01441,1.0,0,0.9903273694030039,0.009672630596996048,1.0,0,0.9890137625334579,0.010986237466542098,1.0,0,0.9901054567075813,0.009894543292418723,1.0,0,0.9868204671393345,0.013179532860665498,1.0,0
2021-08-10,0,0,0.98559,0.01441,1.0,0,0.9854624520976629,0.014537547902337024,1.0,0,0.9896115690195146,0.010388430980485388,1.0,0,0.9904526393499877,0.009547360650012281,1.0,0,0.9868578963248953,0.013142103675104757,1.0,0
2021-08-11,0,0,0.98559,0.01441,1.0,0,0.9845750939530983,0.015424906046901747,1.0,0,0.9893587260266059,0.010641273973394096,1.0,0,0.9887941999112368,0.011205800088763162,1.0,0,0.9868952206251244,0.013104779374875678,1.0,0
2021-08-12,0,0,0.98559,0.01441,1.0,0,0.9893396575018392,0.010660342498160854,1.0,0,0.989901936516797,0.010098063483202956,1.0,0,0.9913313340719128,0.00866866592808726,1.0,0,0.9869324403259279,0.01306755967407215,1.0,0
2021-08-13,0,0,0.98559,0.01441,1.0,0,0.9836828176666648,0.016317182333335192,1.0,0,0.9891338862726852,0.010866113727314821,1.0,0,0.9902862711039511,0.009713728896048917,1.0,0,0.986969555712478,0.013030444287521988,1.0,0
2021-08-16,0,0,0.98559,0.01441,1.0,0,0.9882354059375825,0.011764594062417524,1.0,0,0.990627573917173,0.009372426082826912,1.0,0,0.992558675593748,0.007441324406252033,1.0,0,0.9870065670692147,0.012993432930785294,1.0,0
2021-08-17,0,0,0.98559,0.01441,1.0,0,0.9912895185065087,0.008710481493491282,1.0,0,0.9899181933864885,0.010081806613511551,1.0,0,0.9923301970657259,0.0076698029342741015,1.0,0,0.9870434746798471,0.012956525320152866,1.0,0
2021-08-18,0,0,0.98559,0.01441,1.0,0,0.9894852767415353,0.010514723258464701,1.0,0,0.9892745994023022,0.010725400597697728,1.0,0,0.9896970121503651,0.010302987849634954,1.0,0,0.9870802788273555,0.012919721172644498,1.0,0
2021-08-19,0,0,0.98559,0.01441,1.0,0,0.989294014144839,0.010705985855161061,1.0,0,0.9892518736425756,0.010748126357424394,1.0,0,0.9896190638115563,0.010380936188443698,1.0,0,0.9871169797939925,0.012883020206007501,1.0,0
2021-08-20,0,0,0.98559,0.01441,1.0,0,0.9915167281185233,0.008483271881476656,1.0,0,0.9900427892670259,0.009957210732974104,1.0,0,0.9912931041252648,0.008706895874735136,1.0,0,0.9871535778612851,0.012846422138714925,1.0,0
2021-08-23,0,0,0.98559,0.01441,1.0,0,0.9816700648683037,0.01832993513169636,1.0,0,0.9901468654528768,0.009853134547123252,1.0,0,0.9886726178778931,0.01132738212210697,1.0,0,0.9871900733100359,0.012809926689964073,1.0,0
2021-08-24,0,0,0.98559,0.01441,1.0,0,0.9883988590960496,0.011601140903950386,1.0,0,0.9913286283449508,0.008671371655049137,1.0,0,0.9916680366593744,0.008331963340625574,1.0,0,0.9872264664203252,0.012773533579674822,1.0,0
2021-08-25,0,0,0.98559,0.01441,1.0,0,0.9890920796300865,0.010907920369913525,1.0,0,0.9905890029064057,0.009410997093594331,1.0,0,0.9900315193391163,0.009968480660883725,1.0,0,0.9872627574715119,0.012737242528488044,1.0,0
2021-08-26,0,0,0.98559,0.01441,1.0,0,0.989001797616148,0.010998202383851989,1.0,0,0.989991297806103,0.010008702193896992,1.0,0,0.9907218473968735,0.009278152603126486,1.0,0,0.9872989467422361,0.01270105325776398,1.0,0
2021-08-27,0,0,0.98559,0.01441,1.0,0,0.9800545972733267,0.019945402726673306,1.0,0,0.9900339251597458,0.009966074840254285,1.0,0,0.989054808536446,0.010945191463554006,1.0,0,0.9873350345104194,0.012664965489580647,1.0,0
2021-08-30,0,0,0.98559,0.01441,1.0,0,0.9879610885254201,0.012038911474579956,1.0,0,0.9909218251749993,0.009078174825000764,1.0,0,0.9926487296552702,0.007351270344729772,1.0,0,0.9873710210532678,0.012628978946732232,1.0,0
2021-08-31,0,0,0.98559,0.01441,1.0,0,0.9924700924253766,0.007529907574623333,1.0,0,0.9913326155554826,0.008667384444517473,1.0,0,0.9939598822009487,0.006040117799051299,1.0,0,0.9874069066472725,0.012593093352727465,1.0,0
2021-09-01,0,0,0.98559,0.01441,1.0,0,0.9891195811871569,0.010880418812843034,1.0,0,0.990487841762623,0.009512158237377059,1.0,0,0.9915481514801049,0.008451848519895059,1.0,0,0.987442691568212,0.012557308431788072,1.0,0
2021-09-02,0,0,0.98559,0.01441,1.0,0,0.9863382291206962,0.01366177087930379,1.0,0,0.99070199025057,0.00929800974942995,1.0,0,0.9916629768520063,0.008337023147993651,1.0,0,0.9874783760911529,0.012521623908847144,1.0,0
2021-09-03,0,0,0.98559,0.01441,1.0,0,0.9912676838456461,0.008732316154353867,1.0,0,0.9913885387990636,0.008611461200936388,1.0,0,0.9928052518608673,0.00719474813913264,1.0,0,0.9875139604904525,0.012486039509547544,1.0,0
2021-09-07,0,0,0.98559,0.01441,1.0,0,0.9916947253419286,0.008305274658071429,1.0,0,0.990637059036113,0.009362940963886998,1.0,0,0.9918433247690382,0.008156675230961755,1.0,0,0.9875494450397597,0.012450554960240319,1.0,0
2021-09-08,0,0,0.98559,0.01441,1.0,0,0.983485367271638,0.01651463272836195,1.0,0,0.9899686952642293,0.010031304735770708,1.0,0,0.9895856729918355,0.010414327008164422,1.0,0,0.9875848300120169,0.012415169987983116,1.0,0
2021-09-09,0,0,0.98559,0.01441,1.0,0,0.9838540515534495,0.01614594844655054,1.0,0,0.990302081455433,0.009697918544567023,1.0,0,0.9905123966174565,0.00948760338254351,1.0,0,0.9876201156794614,0.012379884320538577,1.0,0
2021-09-10,0,0,0.98559,0.01441,1.0,0,0.9909916200264367,0.009008379973563255,1.0,0,0.9913640671620252,0.008635932837974817,1.0,0,0.9928700944023305,0.0071299055976694675,1.0,0,0.9876553023136272,0.012344697686372792,1.0,0
2021-09-13,0,0,0.98559,0.01441,1.0,0,0.9867250863098367,0.013274913690163271,1.0,0,0.9899189860001585,0.010081013999841529,1.0,0,0.9893887471928733,0.010611252807126699,1.0,0,0.9876903901853463,0.012309609814653635,1.0,0
2021-09-14,0,0,0.98559,0.01441,1.0,0,0.9867450158381748,0.013254984161825242,1.0,0,0.9906404443805986,0.009359555619401343,1.0,0,0.9910116151181917,0.00898838488180829,1.0,0,0.9877253795647507,0.01227462043524928,1.0,0
2021-09-15,0,0,0.98559,0.01441,1.0,0,0.9878262155032473,0.012173784496752688,1.0,0,0.991388546458086,0.00861145354191395,1.0,0,0.9913526410757165,0.008647358924283458,1.0,0,0.9877602707212735,0.01223972927872656,1.0,0
2021-09-16,0,0,0.98559,0.01441,1.0,0,0.9905359083750401,0.009464091624959882,1.0,0,0.990952869867725,0.00904713013227498,1.0,0,0.9912713680236668,0.008728631976333234,1.0,0,0.9877950639236506,0.012204936076349409,1.0,0
2021-09-17,0,0,0.98559,0.01441,1.0,0,0.9917737701950322,0.008226229804967828,1.0,0,0.9912063628384133,0.0087936371615866,1.0,0,0.9924963945529782,0.007503605447021784,1.0,0,0.9878297594399227,0.012170240560077282,1.0,0
2021-09-20,0,0,0.98559,0.01441,1.0,0,0.9859758992034565,0.014024100796543494,1.0,0,0.9896051489331166,0.01039485106688337,1.0,0,0.9885466088405995,0.011453391159400434,1.0,0,0.9878643575374364,0.012135642462563587,1.0,0
2021-09-21,0,0,0.98559,0.01441,1.0,0,0.9896064996526593,0.010393500347340644,1.0,0,0.990905167612435,0.009094832387564979,1.0,0,0.9904594192610452,0.009540580738954833,1.0,0,0.9878988584828459,0.012101141517154107,1.0,0
2021-09-22,0,0,0.98559,0.01441,1.0,0,0.9847029339762944,0.015297066023705612,1.0,0,0.990368253909654,0.009631746090345988,1.0,0,0.9891983940260255,0.010801605973974497,1.0,0,0.9879332625421146,0.012066737457885453,1.0,0
2021-09-23,0,0,0.98559,0.01441,1.0,0,0.9918237969164853,0.008176203083514794,1.0,0,0.9926706525056063,0.007329347494393746,1.0,0,0.9936782700832906,0.006321729916709472,1.0,0,0.9879675699805166,0.012032430019483443,1.0,0
2021-09-24,0,0,0.98559,0.01441,1.0,0,0.9876027895422774,0.012397210457722576,1.0,0,0.9911506114875961,0.008849388512403904,1.0,0,0.9900974855716999,0.009902514428300153,1.0,0,0.9880017810626384,0.011998218937361615,1.0,0
2021-09-27,0,0,0.98559,0.01441,1.0,0,0.9858484148369061,0.01415158516309386,1.0,0,0.9916968176993545,0.0083031823006455,1.0,0,0.9927246667805086,0.007275333219491412,1.0,0,0.9880358960523804,0.011964103947619611,1.0,0
2021-09-28,0,0,0.98559,0.01441,1.0,0,0.9920095225043348,0.007990477495665218,1.0,0,0.9915251358756695,0.008474864124330546,1.0,0,0.9923694812732294,0.007630518726770567,1.0,0,0.9880699152129584,0.011930084787041637,1.0,0
2021-09-29,0,0,0.98559,0.01441,1.0,0,0.9895260013932081,0.010473998606791914,1.0,0,0.9899803407516057,0.010019659248394354,1.0,0,0.9887595735949526,0.011240426405047457,1.0,0,0.9881038388069051,0.011896161193094898,1.0,0
2021-09-30,0,0,0.98559,0.01441,1.0,0,0.9888734681904046,0.011126531809595396,1.0,0,0.9910782659077686,0.008921734092231398,1.0,0,0.9915715253879201,0.008428474612079798,1.0,0,0.988137667096072,0.011862332903928057,1.0,0
2021-10-01,0,0,0.98559,0.01441,1.0,0,0.980617455635049,0.019382544364951043,1.0,0,0.9908364122485145,0.009163587751485463,1.0,0,0.9886587923615154,0.011341207638484596,1.0,0,0.9881714003416303,0.011828599658369673,1.0,0
2021-10-04,0,0,0.98559,0.01441,1.0,0,0.9880591019993956,0.011940898000604397,1.0,0,0.9916088427815098,0.008391157218490103,1.0,0,0.9917205574097059,0.008279442590294101,1.0,0,0.9882050388040734,0.011794961195926611,1.0,0
2021-10-05,0,0,0.98559,0.01441,1.0,0,0.9868950775960417,0.013104922403958282,1.0,0,0.9916525520367305,0.008347447963269417,1.0,0,0.9901050282978097,0.009894971702190333,1.0,0,0.9882385827432174,0.011761417256782612,1.0,0
2021-10-06,0,0,0.98559,0.01441,1.0,0,0.9887511366429991,0.011248863357000946,1.0,0,0.9910067690059269,0.008993230994073129,1.0,0,0.9911804364952502,0.008819563504749814,1.0,0,0.9882720324182034,0.01172796758179659,1.0,0
2021-10-07,0,0,0.98559,0.01441,1.0,0,0.9920460529765135,0.007953947023486502,1.0,0,0.9926290958102512,0.0073709041897488566,1.0,0,0.9942287727863431,0.005771227213656834,1.0,0,0.9883053880874988,0.01169461191250121,1.0,0
2021-10-08,0,0,0.98559,0.01441,1.0,0,0.9891644696146874,0.010835530385312628,1.0,0,0.9918394086653217,0.008160591334678334,1.0,0,0.9921794942723832,0.007820505727616864,1.0,0,0.9883386500088988,0.011661349991101298,1.0,0
2021-10-12,0,0,0.98559,0.01441,1.0,0,0.9821101937788864,0.017889806221113587,1.0,0,0.9910287071471484,0.00897129285285155,1.0,0,0.9907180524305207,0.009281947569479363,1.0,0,0.9883718184395277,0.011628181560472302,1.0,0
2021-10-13,0,0,0.98559,0.01441,1.0,0,0.9862554874807455,0.013744512519254423,1.0,0,0.9914996367946134,0.008500363205386646,1.0,0,0.990609559546026,0.009390440453973954,1.0,0,0.9884048936358413,0.011595106364158765,1.0,0
2021-10-14,0,0,0.98559,0.01441,1.0,0,0.9873493365967009,0.01265066340329916,1.0,0,0.9918529688637051,0.008147031136294912,1.0,0,0.9916641193119833,0.008335880688016729,1.0,0,0.9884378758536272,0.011562124146372785,1.0,0
2021-10-15,0,0,0.98559,0.01441,1.0,0,0.9903307902999747,0.009669209700025268,1.0,0,0.9929111976553068,0.007088802344693235,1.0,0,0.9945830659150855,0.005416934084914464,1.0,0,0.9884707653480075,0.011529234651992496,1.0,0
2021-10-18,0,0,0.98559,0.01441,1.0,0,0.9887508243493555,0.011249175650644526,1.0,0,0.9922319502468816,0.007768049753118386,1.0,0,0.9932103312775432,0.006789668722456762,1.0,0,0.9885035623734395,0.011496437626560496,1.0,0
2021-10-19,0,0,0.98559,0.01441,1.0,0,0.9928197505002623,0.007180249499737677,1.0,0,0.9929334984254334,0.00706650157456656,1.0,0,0.9943518361133951,0.00564816388660496,1.0,0,0.9885362671837176,0.011463732816282383,1.0,0
2021-10-20,0,0,0.98559,0.01441,1.0,0,0.9883359570631856,0.011664042936814408,1.0,0,0.9919861565819679,0.008013843418032128,1.0,0,0.9920029536423312,0.007997046357668791,1.0,0,0.9885688800319749,0.011431119968025186,1.0,0
2021-10-21,0,0,0.98559,0.01441,1.0,0,0.9888949856660485,0.011105014333951474,1.0,0,0.9924079534538971,0.00759204654610291,1.0,0,0.9937800223013057,0.006219977698694295,1.0,0,0.9886014011706842,0.01139859882931585,1.0,0
2021-10-22,0,0,0.98559,0.01441,1.0,0,0.9868710803741202,0.013128919625879799,1.0,0,0.9916600148513387,0.008339985148661348,1.0,0,0.9924380358363283,0.007561964163671669,1.0,0,0.9886338308516602,0.01136616914833973,1.0,0
2021-10-25,0,0,0.98559,0.01441,1.0,0,0.9875532963494447,0.012446703650555323,1.0,0,0.9924484627795165,0.0075515372204835425,1.0,0,0.9924593148186125,0.007540685181387519,1.0,0,0.988666169326061,0.011333830673939053,1.0,0
2021-10-26,0,0,0.98559,0.01441,1.0,0,0.9862877593401063,0.013712240659893779,1.0,0,0.9917753994060787,0.008224600593921277,1.0,0,0.991785181361175,0.008214818638825058,1.0,0,0.9886984168443886,0.011301583155611413,1.0,0
2021-10-27,0,0,0.98559,0.01441,1.0,0,0.9884001220375969,0.011599877962403167,1.0,0,0.9920171417184096,0.007982858281590404,1.0,0,0.993394174168145,0.006605825831855028,1.0,0,0.9887305736564918,0.011269426343508257,1.0,0
2021-10-28,0,0,0.98559,0.01441,1.0,0,0.993970449463684,0.006029550536316085,1.0,0,0.9932381104100324,0.0067618895899675974,1.0,0,0.9955570159293808,0.004442984070619128,1.0,0,0.9887626400115667,0.01123735998843338,1.0,0
2021-10-29,0,0,0.98559,0.01441,1.0,0,0.9893289111921256,0.01067108880787442,1.0,0,0.9917436075826911,0.008256392417308953,1.0,0,0.9912054551756674,0.008794544824332616,1.0,0,0.9887946161581586,0.01120538384184139,1.0,0
2021-11-01,0,0,0.98559,0.01441,1.0,0,0.9908450621547212,0.009154937845278816,1.0,0,0.993018350765767,0.006981649234232897,1.0,0,0.993956932629759,0.006043067370240918,1.0,0,0.9888265023441638,0.011173497655836232,1.0,0
2021-11-02,0,0,0.98559,0.01441,1.0,0,0.9859131721680764,0.014086827831923594,1.0,0,0.9919157644056437,0.008084235594356316,1.0,0,0.9909139331724405,0.009086066827559528,1.0,0,0.9888582988168303,0.011141701183169676,1.0,0
2021-11-03,0,0,0.98559,0.01441,1.0,0,0.9937413237112861,0.006258676288713932,1.0,0,0.993253327121019,0.006746672878981061,1.0,0,0.99504469114731,0.004955308852690016,1.0,0,0.9888900058227602,0.011109994177239808,1.0,0
2021-11-04,0,0,0.98559,0.01441,1.0,0,0.9871288448541816,0.012871155145818356,1.0,0,0.9918315705029331,0.00816842949706689,1.0,0,0.9922579844461773,0.00774201555382272,1.0,0,0.9889216236079105,0.011078376392089534,1.0,0
2021-11-05,0,0,0.98559,0.01441,1.0,0,0.9856991272598521,0.014300872740147859,1.0,0,0.9930239586941045,0.0069760413058954345,1.0,0,0.9948554638149603,0.00514453618503976,1.0,0,0.988953152417595,0.011046847582405081,1.0,0
2021-11-08,0,0,0.98559,0.01441,1.0,0,0.9896318371255577,0.0103681628744423,1.0,0,0.9931764849556971,0.006823515044302923,1.0,0,0.9941917157857728,0.005808284214227208,1.0,0,0.9889845924964855,0.011015407503514521,1.0,0
2021-11-09,0,0,0.98559,0.01441,1.0,0,0.9835100505189998,0.016489949481000295,1.0,0,0.9916745190463919,0.008325480953608029,1.0,0,0.9904922689154841,0.009507731084515846,1.0,0,0.9890159440886138,0.010984055911386225,1.0,0
2021-11-10,0,0,0.98559,0.01441,1.0,0,0.9937639322307037,0.006236067769296327,1.0,0,0.9932510564781023,0.0067489435218977085,1.0,0,0.994431565465881,0.005568434534119073,1.0,0,0.9890472074373725,0.010952792562627442,1.0,0
2021-11-12,0,0,0.98559,0.01441,1.0,0,0.9874167137661102,0.0125832862338898,1.0,0,0.991175467288624,0.008824532711375921,1.0,0,0.9878103261617985,0.01218967383820145,1.0,0,0.9890783827855172,0.010921617214482775,1.0,0
2021-11-15,0,0,0.98559,0.01441,1.0,0,0.9919683121414109,0.008031687858589107,1.0,0,0.9929012449749007,0.0070987550250992265,1.0,0,0.994331211857919,0.005668788142081088,1.0,0,0.9891094703751673,0.010890529624832692,1.0,0
2021-11-16,0,0,0.98559,0.01441,1.0,0,0.9901196667876769,0.009880333212323069,1.0,0,0.9924871498217542,0.007512850178245803,1.0,0,0.9932930965005625,0.006706903499437443,1.0,0,0.989140470447808,0.01085952955219206,1.0,0
2021-11-17,0,0,0.98559,0.01441,1.0,0,0.9874137794746465,0.0125862205253535,1.0,0,0.9922536609577977,0.007746339042202352,1.0,0,0.9923507544354563,0.007649245564543663,1.0,0,0.9891713832442913,0.01082861675570865,1.0,0
2021-11-18,0,0,0.98559,0.01441,1.0,0,0.9889722365445164,0.011027763455483565,1.0,0,0.9928292717901683,0.007170728209831684,1.0,0,0.9934368572324223,0.006563142767577712,1.0,0,0.9892022090048384,0.010797790995161668,1.0,0
2021-11-19,0,0,0.98559,0.01441,1.0,0,0.9917101152051965,0.008289884794803533,1.0,0,0.9925912351846261,0.007408764815373934,1.0,0,0.9940761396980323,0.005923860301967708,1.0,0,0.9892329479690397,0.010767052030960277,1.0,0
2021-11-22,0,0,0.98559,0.01441,1.0,0,0.9932008185527199,0.0067991814472800815,1.0,0,0.9934163867937693,0.00658361320623068,1.0,0,0.9944886989426831,0.005511301057316876,1.0,0,0.9892636003758579,0.010736399624142133,1.0,0
2021-11-23,0,0,0.98559,0.01441,1.0,0,0.9894615745408945,0.010538425459105554,1.0,0,0.992393685923085,0.007606314076915014,1.0,0,0.9904561679348615,0.00954383206513854,1.0,0,0.9892941664636281,0.010705833536371877,1.0,0
2021-11-24,0,1,0.98559,0.01441,1.0,0,0.9840015674241412,0.01599843257585877,1.0,0,0.9915158251023728,0.008484174897627218,1.0,0,0.9894893761697647,0.010510623830235242,1.0,0,0.9893246464700602,0.010675353529939717,1.0,0
2021-11-26,1,1,0.059,0.941,1.0,1,0.054080411310669985,0.94591958868933,1.0,1,0.38048327832886153,0.6195167216711385,1.0,1,0.25563053979511907,0.7443694602048809,1.0,1,0.04579416445771245,0.9542058355422876,1.0,1
2021-11-29,1,1,0.059,0.941,1.0,1,0.07092434488732524,0.9290756551126748,1.0,1,0.3009813806260747,0.6990186193739253,1.0,1,0.17175089248183217,0.8282491075181678,1.0,1,0.04579416445771245,0.9542058355422876,1.0,1
2021-11-30,1,1,0.059,0.941,1.0,1,0.07520153792733042,0.9247984620726696,1.0,1,0.197583900495097,0.802416099504903,1.0,1,0.1307456252861836,0.8692543747138164,1.0,1,0.04579416445771245,0.9542058355422876,1.0,1
2021-12-01,1,1,0.059,0.941,1.0,1,0.08896939871706977,0.9110306012829302,1.0,1,0.19788758213178315,0.8021124178682169,1.0,1,0.16428933198379092,0.8357106680162091,1.0,1,0.04579416445771245,0.9542058355422876,1.0,1
2021-12-02,1,1,0.059,0.941,1.0,1,0.05735417371111329,0.9426458262888867,1.0,1,0.15153199224869363,0.8484680077513064,1.0,1,0.09420501619930666,0.9057949838006933,1.0,1,0.04579416445771245,0.9542058355422876,1.0,1
2021-12-03,1,1,0.059,0.941,1.0,1,0.04886027337136478,0.9511397266286352,1.0,1,0.13283925296105425,0.8671607470389457,1.0,1,0.09990748980730069,0.9000925101926993,1.0,1,0.04579416445771245,0.9542058355422876,1.0,1
2021-12-06,1,1,0.059,0.941,1.0,1,0.06804043135438542,0.9319595686456146,1.0,1,0.14566322581722224,0.8543367741827778,1.0,1,0.14349408211455816,0.8565059178854418,1.0,1,0.04579416445771245,0.9542058355422876,1.0,1
2021-12-07,1,1,0.059,0.941,1.0,1,0.056703326555143985,0.943296673444856,1.0,1,0.11381122771652086,0.8861887722834791,1.0,1,0.0946581537884359,0.9053418462115641,1.0,1,0.04579416445771245,0.9542058355422876,1.0,1
2021-12-08,1,1,0.059,0.941,1.0,1,0.07127604786446373,0.9287239521355363,1.0,1,0.11990069563048922,0.8800993043695108,1.0,1,0.12943323348297398,0.870566766517026,1.0,1,0.04579416445771245,0.9542058355422876,1.0,1
2021-12-09,1,1,0.059,0.941,1.0,1,0.06324008596397845,0.9367599140360215,1.0,1,0.09183532908234082,0.9081646709176592,1.0,1,0.09147170774335567,0.9085282922566443,1.0,1,0.04579416445771245,0.9542058355422876,1.0,1
2021-12-10,1,1,0.059,0.941,1.0,1,0.04849087236928151,0.9515091276307185,1.0,1,0.08776675535446865,0.9122332446455313,1.0,1,0.07726604051515584,0.9227339594848442,1.0,1,0.04579416445771245,0.9542058355422876,1.0,1
2021-12-13,1,0,0.059,0.941,1.0,1,0.0400231403177147,0.9599768596822853,1.0,1,0.07024327841619427,0.9297567215838057,1.0,1,0.057169974556953385,0.9428300254430466,1.0,1,0.04579416445771245,0.9542058355422876,1.0,1
2021-12-14,0,0,0.98559,0.01441,1.0,0,0.9882586382025079,0.011741361797492123,1.0,0,0.8083110509104863,0.1916889490895137,1.0,0,0.8887362160484445,0.11126378395155545,1.0,0,0.9823959865620522,0.017604013437947763,1.0,0
2021-12-15,0,0,0.98559,0.01441,1.0,0,0.9838475873154819,0.01615241268451805,1.0,0,0.8394309898188601,0.16056901018113987,1.0,0,0.8629218077872662,0.1370781922127337,1.0,0,0.982445757521457,0.017554242478543015,1.0,0
2021-12-16,0,0,0.98559,0.01441,1.0,0,0.9806627996851225,0.01933720031487756,1.0,0,0.8717526143203969,0.12824738567960314,1.0,0,0.9034485896545593,0.0965514103454407,1.0,0,0.982495390273181,0.017504609726819,1.0,0
2021-12-17,0,0,0.98559,0.01441,1.0,0,0.9825740316444047,0.01742596835559529,1.0,0,0.8961277665406023,0.10387223345939763,1.0,0,0.9337274030950187,0.06627259690498133,1.0,0,0.9825448851868503,0.017455114813149694,1.0,0
2021-12-20,0,0,0.98559,0.01441,1.0,0,0.9860148320486289,0.01398516795137102,1.0,0,0.9045116229272194,0.09548837707278057,1.0,0,0.9168030296008354,0.08319697039916465,1.0,0,0.9825942426311824,0.01740575736881757,1.0,0
2021-12-21,0,0,0.98559,0.01441,1.0,0,0.9777814959522549,0.02221850404774504,1.0,0,0.911031203987574,0.08896879601242601,1.0,0,0.9099859095571605,0.09001409044283946,1.0,0,0.9826434629739881,0.017356537026011917,1.0,0
2021-12-22,0,0,0.98559,0.01441,1.0,0,0.9761863978852259,0.023813602114774155,1.0,0,0.9269740567230815,0.0730259432769185,1.0,0,0.9407391974623847,0.059260802537615384,1.0,0,0.982692546582173,0.017307453417826996,1.0,0
2021-12-23,0,0,0.98559,0.01441,1.0,0,0.988610823988338,0.011389176011661967,1.0,0,0.9448839297568132,0.05511607024318671,1.0,0,0.9689218285748411,0.031078171425158948,1.0,0,0.9827414938217397,0.017258506178260292,1.0,0
2021-12-27,0,0,0.98559,0.01441,1.0,0,0.9729586625480532,0.02704133745194682,1.0,0,0.9375007709734179,0.0624992290265821,1.0,0,0.9451714599507857,0.05482854004921429,1.0,0,0.9827903050577893,0.01720969494221072,1.0,0
2021-12-28,0,0,0.98559,0.01441,1.0,0,0.9864739183605302,0.013526081639469724,1.0,0,0.9502981074611347,0.049701892538865304,1.0,0,0.9705184929638933,0.029481507036106802,1.0,0,0.9828389806545231,0.01716101934547688,1.0,0
2021-12-29,0,0,0.98559,0.01441,1.0,0,0.9865684226396942,0.013431577360305797,1.0,0,0.9501200742292971,0.04987992577070289,1.0,0,0.9661866868875951,0.033813313112404896,1.0,0,0.9828875209752448,0.01711247902475526,1.0,0
2021-12-30,0,0,0.98559,0.01441,1.0,0,0.9776710629561634,0.022328937043836664,1.0,0,0.9455757153640996,0.05442428463590042,1.0,0,0.9539457787518871,0.046054221248112884,1.0,0,0.9829359263823615,0.017064073617638485,1.0,0
2021-12-31,0,1,0.98559,0.01441,1.0,0,0.9861359050733489,0.013864094926651116,1.0,0,0.9545734381486201,0.045426561851379915,1.0,0,0.971969596785787,0.028030403214213014,1.0,0,0.9829841972373865,0.01701580276261354,1.0,0
2022-01-03,1,1,0.059,0.941,1.0,1,0.1167825867994644,0.8832174132005356,1.0,1,0.444542071713375,0.555457928286625,1.0,1,0.3485253466217325,0.6514746533782675,1.0,1,0.04579416445771245,0.9542058355422876,1.0,1
2022-01-04,1,1,0.059,0.941,1.0,1,0.06198916780953789,0.9380108321904621,1.0,1,0.2814808862389515,0.7185191137610485,1.0,1,0.17067212435396395,0.829327875646036,1.0,1,0.04579416445771245,0.9542058355422876,1.0,1
2022-01-05,1,0,0.059,0.941,1.0,1,0.09541653664896221,0.9045834633510378,1.0,1,0.2509261978853322,0.7490738021146678,1.0,1,0.24798032182839191,0.7520196781716081,1.0,1,0.04579416445771245,0.9542058355422876,1.0,1
2022-01-06,0,0,0.98559,0.01441,1.0,0,0.9801915861650108,0.019808413834989262,1.0,0,0.7786397447053343,0.22136025529466571,1.0,0,0.8119274497376922,0.18807255026230782,1.0,0,0.9823959865620522,0.017604013437947763,1.0,0
2022-01-07,0,0,0.98559,0.01441,1.0,0,0.9859420302991395,0.014057969700860441,1.0,0,0.8379717351160415,0.1620282648839585,1.0,0,0.8657216181609836,0.13427838183901644,1.0,0,0.982445757521457,0.017554242478543015,1.0,0
2022-01-10,0,0,0.98559,0.01441,1.0,0,0.9786752261841519,0.021324773815848103,1.0,0,0.8635223930543223,0.13647760694567762,1.0,0,0.8808171646231093,0.11918283537689067,1.0,0,0.982495390273181,0.017504609726819,1.0,0
2022-01-11,0,0,0.98559,0.01441,1.0,0,0.9681246833324917,0.031875316667508306,1.0,0,0.886732748147222,0.113267251852778,1.0,0,0.8901393568765752,0.10986064312342485,1.0,0,0.9825448851868503,0.017455114813149694,1.0,0
2022-01-12,0,0,0.98559,0.01441,1.0,0,0.9879647888796802,0.012035211120319808,1.0,0,0.9161217786081899,0.08387822139181014,1.0,0,0.9473755929000196,0.05262440709998037,1.0,0,0.9825942426311824,0.01740575736881757,1.0,0
2022-01-13,0,0,0.98559,0.01441,1.0,0,0.9814966474288921,0.01850335257110792,1.0,0,0.9124618464307829,0.08753815356921713,1.0,0,0.9253643991259972,0.07463560087400273,1.0,0,0.9826434629739881,0.017356537026011917,1.0,0
2022-01-14,0,0,0.98559,0.01441,1.0,0,0.9867242021755506,0.013275797824449395,1.0,0,0.9315449146068339,0.06845508539316615,1.0,0,0.947223667183557,0.05277633281644295,1.0,0,0.982692546582173,0.017307453417826996,1.0,0
2022-01-18,0,0,0.98559,0.01441,1.0,0,0.9845776662887937,0.01542233371120629,1.0,0,0.922850906802803,0.07714909319719702,1.0,0,0.9196700186189293,0.08032998138107078,1.0,0,0.9827414938217397,0.017258506178260292,1.0,0
2022-01-19,0,0,0.98559,0.01441,1.0,0,0.9863767304975475,0.013623269502452509,1.0,0,0.929179452306081,0.070820547693919,1.0,0,0.9392607313931896,0.06073926860681041,1.0,0,0.9827903050577893,0.01720969494221072,1.0,0
2022-01-20,0,0,0.98559,0.01441,1.0,0,0.9854815936464199,0.01451840635358018,1.0,0,0.939268041780237,0.060731958219762947,1.0,0,0.949580885469167,0.05041911453083306,1.0,0,0.9828389806545231,0.01716101934547688,1.0,0
2022-01-21,0,0,0.98559,0.01441,1.0,0,0.9829364428472727,0.017063557152727286,1.0,0,0.9388045315903181,0.06119546840968188,1.0,0,0.9383996683509984,0.0616003316490016,1.0,0,0.9828875209752448,0.01711247902475526,1.0,0
2022-01-24,0,0,0.98559,0.01441,1.0,0,0.9816434847918921,0.018356515208107927,1.0,0,0.9476044094590842,0.05239559054091583,1.0,0,0.9464119711798102,0.053588028820189745,1.0,0,0.9829359263823615,0.017064073617638485,1.0,0
2022-01-25,0,0,0.98559,0.01441,1.0,0,0.9844591226566347,0.015540877343365268,1.0,0,0.9458545751247789,0.05414542487522109,1.0,0,0.9524357625826146,0.04756423741738538,1.0,0,0.9829841972373865,0.01701580276261354,1.0,0
2022-01-26,0,0,0.98559,0.01441,1.0,0,0.9915447290558896,0.008455270944110407,1.0,0,0.9579141970664197,0.04208580293358033,1.0,0,0.9736015866878605,0.026398413312139497,1.0,0,0.98303233390094,0.01696766609905995,1.0,0
2022-01-27,0,0,0.98559,0.01441,1.0,0,0.9782473220586959,0.021752677941304123,1.0,0,0.9484684808348076,0.05153151916519243,1.0,0,0.9474547362786057,0.052545263721394335,1.0,0,0.9830803367327519,0.016919663267248124,1.0,0
2022-01-28,0,0,0.98559,0.01441,1.0,0,0.9775833099803525,0.022416690019647516,1.0,0,0.9616343741882893,0.038365625811710616,1.0,0,0.9635754453131447,0.03642455468685529,1.0,0,0.9831282060916625,0.016871793908337488,1.0,0
2022-01-31,0,0,0.98559,0.01441,1.0,0,0.9817330877892354,0.01826691221076462,1.0,0,0.9615202086950501,0.038479791304949953,1.0,0,0.9668337991412815,0.03316620085871851,1.0,0,0.9831759423356252,0.01682405766437475,1.0,0
2022-02-01,0,0,0.98559,0.01441,1.0,0,0.9886248949708374,0.011375105029162608,1.0,0,0.9685455232176254,0.031454476782374556,1.0,0,0.9843392700614335,0.015660729938566476,1.0,0,0.9832235458217079,0.01677645417829215,1.0,0
2022-02-02,0,0,0.98559,0.01441,1.0,0,0.9845041719145696,0.01549582808543039,1.0,0,0.9676342922787945,0.03236570772120553,1.0,0,0.9795516114110695,0.020448388588930545,1.0,0,0.9832710169060943,0.016728983093905667,1.0,0
2022-02-03,0,0,0.98559,0.01441,1.0,0,0.9907155199344924,0.009284480065507694,1.0,0,0.9692607073042745,0.03073929269572553,1.0,0,0.9817444335838867,0.018255566416113266,1.0,0,0.9833183559440867,0.01668164405591329,1.0,0
2022-02-04,0,0,0.98559,0.01441,1.0,0,0.9869888132736846,0.0130111867263154,1.0,0,0.9655225264224907,0.03447747357750929,1.0,0,0.9664550902693892,0.03354490973061074,1.0,0,0.9833655632901068,0.016634436709893192,1.0,0
2022-02-07,0,0,0.98559,0.01441,1.0,0,0.9821648626218628,0.017835137378137234,1.0,0,0.9611105319597917,0.038889468040208285,1.0,0,0.9541760333548079,0.04582396664519203,1.0,0,0.983412639297698,0.016587360702302045,1.0,0
2022-02-08,0,0,0.98559,0.01441,1.0,0,0.9858311783311293,0.014168821668870691,1.0,0,0.9704231199818554,0.029576880018144586,1.0,0,0.9778821266648875,0.022117873335112455,1.0,0,0.9834595843195267,0.016540415680473215,1.0,0
2022-02-09,0,0,0.98559,0.01441,1.0,0,0.9831672915053504,0.01683270849464953,1.0,0,0.9692764825529018,0.03072351744709825,1.0,0,0.9761343239397995,0.023865676060200458,1.0,0,0.983506398707385,0.016493601292615012,1.0,0
2022-02-10,0,1,0.98559,0.01441,1.0,0,0.9926622036595163,0.007337796340483692,1.0,0,0.9753819248355619,0.024618075164438185,1.0,0,0.9875842996319872,0.012415700368012806,1.0,0,0.9835530828121911,0.016446917187808927,1.0,0
2022-02-11,1,1,0.059,0.941,1.0,1,0.02506278785372784,0.9749372121462722,1.0,1,0.3463571025000083,0.6536428974999917,1.0,1,0.1348723191513821,0.8651276808486179,1.0,1,0.04579416445771245,0.9542058355422876,1.0,1
2022-02-14,1,1,0.059,0.941,1.0,1,0.06261909543320898,0.937380904566791,1.0,1,0.3056954445585899,0.6943045554414101,1.0,1,0.21635166906605852,0.7836483309339415,1.0,1,0.04579416445771245,0.9542058355422876,1.0,1
2022-02-15,1,0,0.059,0.941,1.0,1,0.11320944670217525,0.8867905532978247,1.0,1,0.2154356276947721,0.7845643723052279,1.0,1,0.1541129666872001,0.8458870333127999,1.0,1,0.04579416445771245,0.9542058355422876,1.0,1
2022-02-16,0,1,0.98559,0.01441,1.0,0,0.9807872110814817,0.019212788918518343,1.0,0,0.789171188526766,0.2108288114732339,1.0,0,0.8590553966133918,0.1409446033866082,1.0,0,0.9823959865620522,0.017604013437947763,1.0,0
2022-02-17,1,0,0.059,0.941,1.0,1,0.05268406434728312,0.9473159356527169,1.0,1,0.41835316775516296,0.581646832244837,1.0,1,0.2855683368837988,0.7144316631162012,1.0,1,0.04579416445771245,0.9542058355422876,1.0,1
2022-02-18,0,0,0.98559,0.01441,1.0,0,0.9780201319226528,0.02197986807734721,1.0,0,0.7698816721977352,0.23011832780226482,1.0,0,0.7915643166189268,0.2084356833810732,1.0,0,0.9823959865620522,0.017604013437947763,1.0,0
2022-02-22,0,1,0.98559,0.01441,1.0,0,0.970124907356985,0.02987509264301505,1.0,0,0.822902843226856,0.17709715677314394,1.0,0,0.8053123205667668,0.1946876794332332,1.0,0,0.982445757521457,0.017554242478543015,1.0,0
2022-02-23,1,0,0.059,0.941,1.0,1,0.04664332131784921,0.9533566786821508,1.0,1,0.3824087574398233,0.6175912425601767,1.0,1,0.17860822270761523,0.8213917772923848,1.0,1,0.04579416445771245,0.9542058355422876,1.0,1
2022-02-24,0,1,0.98559,0.01441,1.0,0,0.8909061628998964,0.10909383710010352,1.0,0,0.7307579141347972,0.2692420858652028,1.0,0,0.574983774192755,0.4250162258072449,1.0,0,0.9823959865620522,0.017604013437947763,1.0,0
2022-02-25,1,1,0.059,0.941,1.0,1,0.18142022262857094,0.8185797773714291,1.0,1,0.42147303254103385,0.5785269674589661,1.0,1,0.4360826601120238,0.5639173398879762,1.0,1,0.04579416445771245,0.9542058355422876,1.0,1
2022-02-28,1,1,0.059,0.941,1.0,1,0.004687986266084909,0.9953120137339151,1.0,1,0.2590412441212857,0.7409587558787143,1.0,1,0.0862372625565555,0.9137627374434445,1.0,1,0.04579416445771245,0.9542058355422876,1.0,1
2022-03-01,1,1,0.059,0.941,1.0,1,0.02447035586331303,0.975529644136687,1.0,1,0.24770546773004198,0.752294532269958,1.0,1,0.19340365566271234,0.8065963443372877,1.0,1,0.04579416445771245,0.9542058355422876,1.0,1
2022-03-02,1,1,0.059,0.941,1.0,1,0.07490861891553502,0.925091381084465,1.0,1,0.1994743785043187,0.8005256214956813,1.0,1,0.11665811699089335,0.8833418830091067,1.0,1,0.04579416445771245,0.9542058355422876,1.0,1
2022-03-03,1,1,0.059,0.941,1.0,1,0.054935678378887354,0.9450643216211126,1.0,1,0.126206463938759,0.873793536061241,1.0,1,0.05214892089912371,0.9478510791008763,1.0,1,0.04579416445771245,0.9542058355422876,1.0,1
2022-03-04,1,1,0.059,0.941,1.0,1,0.007965209555069963,0.99203479044493,1.0,1,0.1297697464514883,0.8702302535485117,1.0,1,0.049195844153810175,0.9508041558461898,1.0,1,0.04579416445771245,0.9542058355422876,1.0,1
2022-03-07,1,1,0.059,0.941,1.0,1,0.028413486851820324,0.9715865131481797,1.0,1,0.10433037598342276,0.8956696240165772,1.0,1,0.032619771534719844,0.9673802284652802,1.0,1,0.04579416445771245,0.9542058355422876,1.0,1
2022-03-08,1,1,0.059,0.941,1.0,1,0.044187943535994534,0.9558120564640055,1.0,1,0.0797958730031939,0.9202041269968061,1.0,1,0.027509841132860258,0.9724901588671397,1.0,1,0.04579416445771245,0.9542058355422876,1.0,1
2022-03-09,1,1,0.059,0.941,1.0,1,0.2736333795115874,0.7263666204884126,1.0,1,0.09167601956621141,0.9083239804337886,1.0,1,0.10560900162370246,0.8943909983762975,1.0,1,0.04579416445771245,0.9542058355422876,1.0,1
2022-03-10,1,1,0.059,0.941,1.0,1,0.0891920327005914,0.9108079672994086,1.0,1,0.0922591950638032,0.9077408049361968,1.0,1,0.07165459461686585,0.9283454053831341,1.0,1,0.04579416445771245,0.9542058355422876,1.0,1
2022-03-11,1,1,0.059,0.941,1.0,1,0.03294667739944823,0.9670533226005518,1.0,1,0.0841736296383031,0.9158263703616969,1.0,1,0.05867105522379967,0.9413289447762003,1.0,1,0.04579416445771245,0.9542058355422876,1.0,1
2022-03-14,1,1,0.059,0.941,1.0,1,0.14891854385510706,0.851081456144893,1.0,1,0.08589360090832909,0.9141063990916709,1.0,1,0.10222406246272275,0.8977759375372772,1.0,1,0.04579416445771245,0.9542058355422876,1.0,1
2022-03-15,1,1,0.059,0.941,1.0,1,0.07569921439205096,0.924300785607949,1.0,1,0.06051575034902523,0.9394842496509748,1.0,1,0.0397382126474658,0.9602617873525342,1.0,1,0.04579416445771245,0.9542058355422876,1.0,1
2022-03-16,1,1,0.059,0.941,1.0,1,0.09162754832022202,0.908372451679778,1.0,1,0.07807209611408572,0.9219279038859143,1.0,1,0.12002506270658175,0.8799749372934182,1.0,1,0.04579416445771245,0.9542058355422876,1.0,1
2022-03-17,1,1,0.059,0.941,1.0,1,0.024900804085051575,0.9750991959149484,1.0,1,0.08038733448192759,0.9196126655180724,1.0,1,0.06435729312412586,0.9356427068758741,1.0,1,0.04579416445771245,0.9542058355422876,1.0,1
2022-03-18,1,1,0.059,0.941,1.0,1,0.03831678527222948,0.9616832147277705,1.0,1,0.07452406315030968,0.9254759368496903,1.0,1,0.10248472373619111,0.8975152762638089,1.0,1,0.04579416445771245,0.9542058355422876,1.0,1
2022-03-21,1,1,0.059,0.941,1.0,1,0.052805358720240725,0.9471946412797593,1.0,1,0.06927072951987401,0.930729270480126,1.0,1,0.07024345994297954,0.9297565400570205,1.0,1,0.04579416445771245,0.9542058355422876,1.0,1
2022-03-22,1,1,0.059,0.941,1.0,1,0.03956320799707291,0.9604367920029271,1.0,1,0.05069697528749528,0.9493030247125047,1.0,1,0.029182195698023827,0.9708178043019762,1.0,1,0.04579416445771245,0.9542058355422876,1.0,1
2022-03-23,1,1,0.059,0.941,1.0,1,0.011939375645752093,0.9880606243542479,1.0,1,0.041646031595026,0.958353968404974,1.0,1,0.02423783991381101,0.975762160086189,1.0,1,0.04579416445771245,0.9542058355422876,1.0,1
2022-03-24,1,1,0.059,0.941,1.0,1,0.06795182879275963,0.9320481712072404,1.0,1,0.05823075380471743,0.9417692461952826,1.0,1,0.06915494370645126,0.9308450562935487,1.0,1,0.04579416445771245,0.9542058355422876,1.0,1
2022-03-25,1,1,0.059,0.941,1.0,1,0.06295477900412805,0.937045220995872,1.0,1,0.043761597952626685,0.9562384020473733,1.0,1,0.038413611814578474,0.9615863881854215,1.0,1,0.04579416445771245,0.9542058355422876,1.0,1
2022-03-28,1,1,0.059,0.941,1.0,1,0.05362178088543157,0.9463782191145684,1.0,1,0.0447912686543791,0.9552087313456209,1.0,1,0.0486531697221575,0.9513468302778425,1.0,1,0.04579416445771245,0.9542058355422876,1.0,1
2022-03-29,1,1,0.059,0.941,1.0,1,0.07040948790309554,0.9295905120969045,1.0,1,0.048548117770622845,0.9514518822293772,1.0,1,0.06555257287623328,0.9344474271237667,1.0,1,0.04579416445771245,0.9542058355422876,1.0,1
2022-03-30,1,0,0.059,0.941,1.0,1,0.025076779858137832,0.9749232201418622,1.0,1,0.04479967964121623,0.9552003203587838,1.0,1,0.04330456462666943,0.9566954353733306,1.0,1,0.04579416445771245,0.9542058355422876,1.0,1
2022-03-31,0,0,0.98559,0.01441,1.0,0,0.9856467281714544,0.014353271828545676,1.0,0,0.8077182590492876,0.1922817409507124,1.0,0,0.8739934619410197,0.12600653805898027,1.0,0,0.9823959865620522,0.017604013437947763,1.0,0
2022-04-01,0,0,0.98559,0.01441,1.0,0,0.9837577022104483,0.016242297789551646,1.0,0,0.8329754571441217,0.16702454285587826,1.0,0,0.8615933937397113,0.13840660626028864,1.0,0,0.982445757521457,0.017554242478543015,1.0,0
2022-04-04,0,1,0.98559,0.01441,1.0,0,0.9840362830065099,0.015963716993490102,1.0,0,0.8738366372057962,0.1261633627942038,1.0,0,0.8871452319437405,0.11285476805625955,1.0,0,0.982495390273181,0.017504609726819,1.0,0
2022-04-05,1,1,0.059,0.941,1.0,1,0.11727768794576521,0.8827223120542348,1.0,1,0.44989070283023247,0.5501092971697675,1.0,1,0.38320100413009905,0.616798995869901,1.0,1,0.04579416445771245,0.9542058355422876,1.0,1
2022-04-06,1,0,0.059,0.941,1.0,1,0.0750006605162129,0.9249993394837871,1.0,1,0.27884309858203804,0.721156901417962,1.0,1,0.17149677313861134,0.8285032268613887,1.0,1,0.04579416445771245,0.9542058355422876,1.0,1
2022-04-07,0,0,0.98559,0.01441,1.0,0,0.9847462686095971,0.015253731390402843,1.0,0,0.7820638185094125,0.21793618149058744,1.0,0,0.8339755352641547,0.16602446473584534,1.0,0,0.9823959865620522,0.017604013437947763,1.0,0
2022-04-08,0,1,0.98559,0.01441,1.0,0,0.9797844221995109,0.02021557780048905,1.0,0,0.8424685481358011,0.15753145186419895,1.0,0,0.8783092400204524,0.12169075997954756,1.0,0,0.982445757521457,0.017554242478543015,1.0,0
2022-04-11,1,0,0.059,0.941,1.0,1,0.06770458959628811,0.9322954104037119,1.0,1,0.3966703761105148,0.6033296238894852,1.0,1,0.23949041844636432,0.7605095815536357,1.0,1,0.04579416445771245,0.9542058355422876,1.0,1
2022-04-12,0,0,0.98559,0.01441,1.0,0,0.977533882838685,0.022466117161315004,1.0,0,0.7601766530009517,0.23982334699904828,1.0,0,0.7598638380627941,0.24013616193720586,1.0,0,0.9823959865620522,0.017604013437947763,1.0,0
2022-04-13,0,1,0.98559,0.01441,1.0,0,0.982274448134332,0.01772555186566808,1.0,0,0.8452099525514256,0.1547900474485744,1.0,0,0.8774502231691379,0.12254977683086216,1.0,0,0.982445757521457,0.017554242478543015,1.0,0
2022-04-14,1,0,0.059,0.941,1.0,1,0.0873239739082714,0.9126760260917286,1.0,1,0.4343311928726167,0.5656688071273833,1.0,1,0.2854207823231658,0.7145792176768342,1.0,1,0.04579416445771245,0.9542058355422876,1.0,1
2022-04-18,0,0,0.98559,0.01441,1.0,0,0.981928226274592,0.018071773725408045,1.0,0,0.7819518127839,0.2180481872161,1.0,0,0.812465757304358,0.18753424269564198,1.0,0,0.9823959865620522,0.017604013437947763,1.0,0
2022-04-19,0,1,0.98559,0.01441,1.0,0,0.9867306791847396,0.013269320815260485,1.0,0,0.8486850010867564,0.15131499891324365,1.0,0,0.9061311200616318,0.09386887993836827,1.0,0,0.982445757521457,0.017554242478543015,1.0,0
2022-04-20,1,1,0.059,0.941,1.0,1,0.03419380229437197,0.965806197705628,1.0,1,0.36896737516767375,0.6310326248323262,1.0,1,0.20341937657203968,0.7965806234279603,1.0,1,0.04579416445771245,0.9542058355422876,1.0,1
2022-04-21,1,1,0.059,0.941,1.0,1,0.06276448137932933,0.9372355186206707,1.0,1,0.3307101511849637,0.6692898488150363,1.0,1,0.2827333297006719,0.7172666702993281,1.0,1,0.04579416445771245,0.9542058355422876,1.0,1
2022-04-22,1,1,0.059,0.941,1.0,1,0.087020620092925,0.912979379907075,1.0,1,0.20395175025826084,0.7960482497417392,1.0,1,0.13545802033286014,0.8645419796671399,1.0,1,0.04579416445771245,0.9542058355422876,1.0,1
2022-04-25,1,1,0.059,0.941,1.0,1,0.049458117669845425,0.9505418823301546,1.0,1,0.15545571421499838,0.8445442857850016,1.0,1,0.08099937594683326,0.9190006240531667,1.0,1,0.04579416445771245,0.9542058355422876,1.0,1
2022-04-26,1,1,0.059,0.941,1.0,1,0.04855091307728665,0.9514490869227133,1.0,1,0.1433628387305449,0.8566371612694551,1.0,1,0.09224728221861955,0.9077527177813804,1.0,1,0.04579416445771245,0.9542058355422876,1.0,1
2022-04-27,1,1,0.059,0.941,1.0,1,0.05923683863833351,0.9407631613616665,1.0,1,0.14595337902568672,0.8540466209743133,1.0,1,0.10600203022897736,0.8939979697710226,1.0,1,0.04579416445771245,0.9542058355422876,1.0,1
2022-04-28,1,1,0.059,0.941,1.0,1,0.028895544694841013,0.971104455305159,1.0,1,0.10377528623788523,0.8962247137621148,1.0,1,0.05232135548374117,0.9476786445162588,1.0,1,0.04579416445771245,0.9542058355422876,1.0,1
2022-04-29,1,1,0.059,0.941,1.0,1,0.09007741534627334,0.9099225846537267,1.0,1,0.11473932716736401,0.885260672832636,1.0,1,0.11457199556988451,0.8854280044301155,1.0,1,0.04579416445771245,0.9542058355422876,1.0,1
2022-05-02,1,1,0.059,0.941,1.0,1,0.10105728968882344,0.8989427103111766,1.0,1,0.09832044914487814,0.9016795508551219,1.0,1,0.08771304374721245,0.9122869562527876,1.0,1,0.04579416445771245,0.9542058355422876,1.0,1
2022-05-03,1,1,0.059,0.941,1.0,1,0.0372557609442592,0.9627442390557408,1.0,1,0.07125831922792736,0.9287416807720726,1.0,1,0.03381064051115157,0.9661893594888484,1.0,1,0.04579416445771245,0.9542058355422876,1.0,1
2022-05-04,1,1,0.059,0.941,1.0,1,0.023750544269682483,0.9762494557303175,1.0,1,0.09130099202189201,0.908699007978108,1.0,1,0.07525277758364657,0.9247472224163534,1.0,1,0.04579416445771245,0.9542058355422876,1.0,1
2022-05-05,1,1,0.059,0.941,1.0,1,0.13531231028889223,0.8646876897111078,1.0,1,0.09529663764343566,0.9047033623565643,1.0,1,0.13389645857115273,0.8661035414288473,1.0,1,0.04579416445771245,0.9542058355422876,1.0,1
2022-05-06,1,1,0.059,0.941,1.0,1,0.052376832618366786,0.9476231673816332,1.0,1,0.06446139929401995,0.93553860070598,1.0,1,0.03857392059588305,0.961426079404117,1.0,1,0.04579416445771245,0.9542058355422876,1.0,1
2022-05-09,1,1,0.059,0.941,1.0,1,0.050940739840792504,0.9490592601592075,1.0,1,0.05151388560911041,0.9484861143908896,1.0,1,0.03603273566714871,0.9639672643328513,1.0,1,0.04579416445771245,0.9542058355422876,1.0,1
2022-05-10,1,1,0.059,0.941,1.0,1,0.054881639770536284,0.9451183602294637,1.0,1,0.056544545931305756,0.9434554540686942,1.0,1,0.04490285959050733,0.9550971404094927,1.0,1,0.04579416445771245,0.9542058355422876,1.0,1
2022-05-11,1,1,0.059,0.941,1.0,1,0.018826663073105987,0.981173336926894,1.0,1,0.04650091031807446,0.9534990896819255,1.0,1,0.022493100630950447,0.9775068993690496,1.0,1,0.04579416445771245,0.9542058355422876,1.0,1
2022-05-12,1,1,0.059,0.941,1.0,1,0.05594963346730242,0.9440503665326976,1.0,1,0.060119958457160894,0.9398800415428391,1.0,1,0.0545030776067047,0.9454969223932953,1.0,1,0.04579416445771245,0.9542058355422876,1.0,1
2022-05-13,1,1,0.059,0.941,1.0,1,0.0374022689487955,0.9625977310512045,1.0,1,0.05067518377621716,0.9493248162237828,1.0,1,0.03454300269586741,0.9654569973041326,1.0,1,0.04579416445771245,0.9542058355422876,1.0,1
2022-05-16,1,1,0.059,0.941,1.0,1,0.0319284438700127,0.9680715561299873,1.0,1,0.05076238261843946,0.9492376173815605,1.0,1,0.04512262568848502,0.954877374311515,1.0,1,0.04579416445771245,0.9542058355422876,1.0,1
2022-05-17,1,1,0.059,0.941,1.0,1,0.05626313978823505,0.943736860211765,1.0,1,0.058819561979497004,0.941180438020503,1.0,1,0.07896953717174315,0.9210304628282568,1.0,1,0.04579416445771245,0.9542058355422876,1.0,1
2022-05-18,1,1,0.059,0.941,1.0,1,0.02896019265473726,0.9710398073452627,1.0,1,0.03577017551659922,0.9642298244834008,1.0,1,0.024139748209012102,0.9758602517909879,1.0,1,0.04579416445771245,0.9542058355422876,1.0,1
2022-05-19,1,1,0.059,0.941,1.0,1,0.038743592874268096,0.9612564071257319,1.0,1,0.044994428902302874,0.9550055710976971,1.0,1,0.03782358385861184,0.9621764161413882,1.0,1,0.04579416445771245,0.9542058355422876,1.0,1
2022-05-20,1,1,0.059,0.941,1.0,1,0.038628627815385674,0.9613713721846143,1.0,1,0.03399845752611097,0.966001542473889,1.0,1,0.02322511376392189,0.9767748862360781,1.0,1,0.04579416445771245,0.9542058355422876,1.0,1
2022-05-23,1,1,0.059,0.941,1.0,1,0.05371416894204872,0.9462858310579513,1.0,1,0.047264315490748054,0.952735684509252,1.0,1,0.04844119430180527,0.9515588056981947,1.0,1,0.04579416445771245,0.9542058355422876,1.0,1
2022-05-24,1,1,0.059,0.941,1.0,1,0.023296371676446936,0.9767036283235531,1.0,1,0.035013878779619145,0.9649861212203809,1.0,1,0.03044117016461756,0.9695588298353824,1.0,1,0.04579416445771245,0.9542058355422876,1.0,1
2022-05-25,1,1,0.059,0.941,1.0,1,0.040186627694798194,0.9598133723052018,1.0,1,0.0476065200174145,0.9523934799825855,1.0,1,0.06991696016981375,0.9300830398301863,1.0,1,0.04579416445771245,0.9542058355422876,1.0,1
2022-05-26,1,1,0.059,0.941,1.0,1,0.031230650415457473,0.9687693495845425,1.0,1,0.0411216403271043,0.9588783596728957,1.0,1,0.04808882877358911,0.9519111712264109,1.0,1,0.04579416445771245,0.9542058355422876,1.0,1
2022-05-27,1,1,0.059,0.941,1.0,1,0.03319084224691393,0.9668091577530861,1.0,1,0.0447448610742881,0.9552551389257119,1.0,1,0.07101205517047027,0.9289879448295297,1.0,1,0.04579416445771245,0.9542058355422876,1.0,1
2022-05-31,1,1,0.059,0.941,1.0,1,0.05164080176648289,0.9483591982335171,1.0,1,0.044226959369400576,0.9557730406305994,1.0,1,0.06582074531338633,0.9341792546866137,1.0,1,0.04579416445771245,0.9542058355422876,1.0,1
2022-06-01,1,1,0.059,0.941,1.0,1,0.03205574229493646,0.9679442577050635,1.0,1,0.03345953230285981,0.9665404676971402,1.0,1,0.03600123554069978,0.9639987644593002,1.0,1,0.04579416445771245,0.9542058355422876,1.0,1
2022-06-02,1,1,0.059,0.941,1.0,1,0.020259511677475195,0.9797404883225248,1.0,1,0.03212126343909927,0.9678787365609007,1.0,1,0.02666636957620261,0.9733336304237974,1.0,1,0.04579416445771245,0.9542058355422876,1.0,1
2022-06-03,1,1,0.059,0.941,1.0,1,0.023354538447532547,0.9766454615524675,1.0,1,0.03017489819868513,0.9698251018013149,1.0,1,0.024535304209786113,0.9754646957902139,1.0,1,0.04579416445771245,0.9542058355422876,1.0,1
2022-06-06,1,1,0.059,0.941,1.0,1,0.039202499487512865,0.9607975005124871,1.0,1,0.03282900518509235,0.9671709948149076,1.0,1,0.0344523741609043,0.9655476258390957,1.0,1,0.04579416445771245,0.9542058355422876,1.0,1
2022-06-07,1,1,0.059,0.941,1.0,1,0.01708987191154232,0.9829101280884577,1.0,1,0.02456224795653772,0.9754377520434623,1.0,1,0.017275567945527426,0.9827244320544726,1.0,1,0.04579416445771245,0.9542058355422876,1.0,1
2022-06-08,1,1,0.059,0.941,1.0,1,0.027406964697590075,0.9725930353024099,1.0,1,0.03235133732995621,0.9676486626700438,1.0,1,0.03611081357648116,0.9638891864235188,1.0,1,0.04579416445771245,0.9542058355422876,1.0,1
2022-06-09,1,1,0.059,0.941,1.0,1,0.020430352549275943,0.9795696474507241,1.0,1,0.024018643262818884,0.9759813567371811,1.0,1,0.018188887362581174,0.9818111126374188,1.0,1,0.04579416445771245,0.9542058355422876,1.0,1
2022-06-10,1,1,0.059,0.941,1.0,1,0.03300372768201387,0.9669962723179861,1.0,1,0.023296020449063426,0.9767039795509366,1.0,1,0.01859506206817141,0.9814049379318286,1.0,1,0.04579416445771245,0.9542058355422876,1.0,1
2022-06-13,1,1,0.059,0.941,1.0,1,0.044014274374621465,0.9559857256253785,1.0,1,0.019870495857163495,0.9801295041428365,1.0,1,0.010713851649162054,0.989286148350838,1.0,1,0.04579416445771245,0.9542058355422876,1.0,1
2022-06-14,1,1,0.059,0.941,1.0,1,0.06275395264711581,0.9372460473528842,1.0,1,0.017335790518738348,0.9826642094812617,1.0,1,0.009144859978712172,0.9908551400212878,1.0,1,0.04579416445771245,0.9542058355422876,1.0,1
2022-06-15,1,1,0.059,0.941,1.0,1,0.009851524455851579,0.9901484755441484,1.0,1,0.018561375115805023,0.981438624884195,1.0,1,0.010215896998843066,0.9897841030011569,1.0,1,0.04579416445771245,0.9542058355422876,1.0,1
2022-06-16,1,1,0.059,0.941,1.0,1,0.021325660853926842,0.9786743391460732,1.0,1,0.028823144332443484,0.9711768556675565,1.0,1,0.047515957100996764,0.9524840428990032,1.0,1,0.04579416445771245,0.9542058355422876,1.0,1
2022-06-17,1,1,0.059,0.941,1.0,1,0.038551615003788564,0.9614483849962114,1.0,1,0.022827508168946298,0.9771724918310537,1.0,1,0.02627671465167003,0.97372328534833,1.0,1,0.04579416445771245,0.9542058355422876,1.0,1
2022-06-21,1,1,0.059,0.941,1.0,1,0.028449891577355446,0.9715501084226446,1.0,1,0.023273786739752333,0.9767262132602477,1.0,1,0.017475040757234606,0.9825249592427654,1.0,1,0.04579416445771245,0.9542058355422876,1.0,1
2022-06-22,1,1,0.059,0.941,1.0,1,0.012023486025269814,0.9879765139747302,1.0,1,0.02058103852167248,0.9794189614783275,1.0,1,0.02056907089894222,0.9794309291010578,1.0,1,0.04579416445771245,0.9542058355422876,1.0,1
2022-06-23,1,1,0.059,0.941,1.0,1,0.024205548704087865,0.9757944512959121,1.0,1,0.02731897682445794,0.9726810231755421,1.0,1,0.039762685449171165,0.9602373145508288,1.0,1,0.04579416445771245,0.9542058355422876,1.0,1
2022-06-24,1,1,0.059,0.941,1.0,1,0.020171647105528656,0.9798283528944713,1.0,1,0.024412552968768653,0.9755874470312313,1.0,1,0.02330350402211323,0.9766964959778868,1.0,1,0.04579416445771245,0.9542058355422876,1.0,1
2022-06-27,1,1,0.059,0.941,1.0,1,0.02915771254995847,0.9708422874500415,1.0,1,0.025166550330871784,0.9748334496691282,1.0,1,0.03955404768893067,0.9604459523110693,1.0,1,0.04579416445771245,0.9542058355422876,1.0,1
2022-06-28,1,1,0.059,0.941,1.0,1,0.01387596711174377,0.9861240328882562,1.0,1,0.02154049992876572,0.9784595000712343,1.0,1,0.022525768470116447,0.9774742315298836,1.0,1,0.04579416445771245,0.9542058355422876,1.0,1
2022-06-29,1,1,0.059,0.941,1.0,1,0.015998458059093723,0.9840015419409063,1.0,1,0.01835545878638134,0.9816445412136187,1.0,1,0.014582751728664411,0.9854172482713356,1.0,1,0.04579416445771245,0.9542058355422876,1.0,1
2022-06-30,1,1,0.059,0.941,1.0,1,0.025489954710517515,0.9745100452894825,1.0,1,0.01846252794876191,0.9815374720512381,1.0,1,0.01610931578032515,0.9838906842196748,1.0,1,0.04579416445771245,0.9542058355422876,1.0,1
2022-07-01,1,1,0.059,0.941,1.0,1,0.015178314930876402,0.9848216850691236,1.0,1,0.019054297221710037,0.98094570277829,1.0,1,0.01464925718504928,0.9853507428149507,1.0,1,0.04579416445771245,0.9542058355422876,1.0,1
2022-07-05,1,1,0.059,0.941,1.0,1,0.019809389037303893,0.9801906109626961,1.0,1,0.020547564549908137,0.9794524354500919,1.0,1,0.02822032257720597,0.971779677422794,1.0,1,0.04579416445771245,0.9542058355422876,1.0,1
2022-07-06,1,1,0.059,0.941,1.0,1,0.037113339019338776,0.9628866609806612,1.0,1,0.022905843529430814,0.9770941564705692,1.0,1,0.029148153241735142,0.9708518467582649,1.0,1,0.04579416445771245,0.9542058355422876,1.0,1
2022-07-07,1,1,0.059,0.941,1.0,1,0.011451571861804788,0.9885484281381952,1.0,1,0.018769407369461755,0.9812305926305382,1.0,1,0.012513874968977712,0.9874861250310223,1.0,1,0.04579416445771245,0.9542058355422876,1.0,1
2022-07-08,1,1,0.059,0.941,1.0,1,0.01579691813698969,0.9842030818630103,1.0,1,0.022280219912122146,0.9777197800878779,1.0,1,0.021480626440814166,0.9785193735591858,1.0,1,0.04579416445771245,0.9542058355422876,1.0,1
2022-07-11,1,1,0.059,0.941,1.0,1,0.008639025341129258,0.9913609746588707,1.0,1,0.017192100239365682,0.9828078997606343,1.0,1,0.013808345798078547,0.9861916542019215,1.0,1,0.04579416445771245,0.9542058355422876,1.0,1
2022-07-12,1,1,0.059,0.941,1.0,1,0.018496827629992718,0.9815031723700073,1.0,1,0.018757388127979446,0.9812426118720206,1.0,1,0.020321608321132945,0.979678391678867,1.0,1,0.04579416445771245,0.9542058355422876,1.0,1
2022-07-13,1,0,0.059,0.941,1.0,1,0.0056175704005662075,0.9943824295994338,1.0,1,0.014264966365767795,0.9857350336342322,1.0,1,0.00743677136981713,0.9925632286301829,1.0,1,0.04579416445771245,0.9542058355422876,1.0,1
2022-07-14,0,0,0.98559,0.01441,1.0,0,0.9853255555416002,0.014674444458399778,1.0,0,0.7913717542627466,0.20862824573725333,1.0,0,0.8426865956547086,0.1573134043452914,1.0,0,0.9823959865620522,0.017604013437947763,1.0,0
2022-07-15,0,0,0.98559,0.01441,1.0,0,0.9726027854357211,0.02739721456427887,1.0,0,0.820272031548906,0.17972796845109396,1.0,0,0.8222589204489625,0.1777410795510375,1.0,0,0.982445757521457,0.017554242478543015,1.0,0
2022-07-18,0,1,0.98559,0.01441,1.0,0,0.9876364336937937,0.012363566306206273,1.0,0,0.89249311420612,0.10750688579387999,1.0,0,0.9412812971762679,0.058718702823732094,1.0,0,0.982495390273181,0.017504609726819,1.0,0
2022-07-19,1,1,0.059,0.941,1.0,1,0.07237579520872695,0.927624204791273,1.0,1,0.4483537762865044,0.5516462237134956,1.0,1,0.3628029619785966,0.6371970380214034,1.0,1,0.04579416445771245,0.9542058355422876,1.0,1
2022-07-20,1,1,0.059,0.941,1.0,1,0.09479311870583806,0.9052068812941619,1.0,1,0.3236821264506383,0.6763178735493617,1.0,1,0.3113631483749889,0.6886368516250111,1.0,1,0.04579416445771245,0.9542058355422876,1.0,1
2022-07-21,1,1,0.059,0.941,1.0,1,0.052385725622154045,0.947614274377846,1.0,1,0.2538937930315782,0.7461062069684218,1.0,1,0.22708881549705706,0.7729111845029429,1.0,1,0.04579416445771245,0.9542058355422876,1.0,1
2022-07-22,1,1,0.059,0.941,1.0,1,0.05051041970450765,0.9494895802954924,1.0,1,0.20291344342929818,0.7970865565707018,1.0,1,0.19010686295352874,0.8098931370464713,1.0,1,0.04579416445771245,0.9542058355422876,1.0,1
2022-07-25,1,1,0.059,0.941,1.0,1,0.07902989804437088,0.9209701019556291,1.0,1,0.1887164093617355,0.8112835906382645,1.0,1,0.2143086045599789,0.7856913954400211,1.0,1,0.04579416445771245,0.9542058355422876,1.0,1
2022-07-26,1,1,0.059,0.941,1.0,1,0.054561701857038236,0.9454382981429618,1.0,1,0.12448903883650464,0.8755109611634954,1.0,1,0.08402233180306684,0.9159776681969332,1.0,1,0.04579416445771245,0.9542058355422876,1.0,1
2022-07-27,1,1,0.059,0.941,1.0,1,0.034184800560286055,0.965815199439714,1.0,1,0.12313891032717561,0.8768610896728244,1.0,1,0.07215816131230535,0.9278418386876947,1.0,1,0.04579416445771245,0.9542058355422876,1.0,1
2022-07-28,1,1,0.059,0.941,1.0,1,0.05088868192708573,0.9491113180729143,1.0,1,0.11437795370905635,0.8856220462909437,1.0,1,0.11533977291224962,0.8846602270877504,1.0,1,0.04579416445771245,0.9542058355422876,1.0,1
2022-07-29,1,1,0.059,0.941,1.0,1,0.05127700739658436,0.9487229926034156,1.0,1,0.12781089156244108,0.8721891084375589,1.0,1,0.17648231384003854,0.8235176861599615,1.0,1,0.04579416445771245,0.9542058355422876,1.0,1
2022-08-01,1,1,0.059,0.941,1.0,1,0.05380718807213558,0.9461928119278644,1.0,1,0.09530556711999039,0.9046944328800096,1.0,1,0.13596535192273473,0.8640346480772653,1.0,1,0.04579416445771245,0.9542058355422876,1.0,1
2022-08-02,1,1,0.059,0.941,1.0,1,0.1362909108427809,0.8637090891572191,1.0,1,0.10502376735216035,0.8949762326478397,1.0,1,0.14608295576921104,0.853917044230789,1.0,1,0.04579416445771245,0.9542058355422876,1.0,1
2022-08-03,1,1,0.059,0.941,1.0,1,0.026274336524509723,0.9737256634754903,1.0,1,0.05796038425025274,0.9420396157497473,1.0,1,0.025872307705711584,0.9741276922942884,1.0,1,0.04579416445771245,0.9542058355422876,1.0,1
2022-08-04,1,1,0.059,0.941,1.0,1,0.0865538634470161,0.9134461365529839,1.0,1,0.08437513798121521,0.9156248620187848,1.0,1,0.117920186267642,0.882079813732358,1.0,1,0.04579416445771245,0.9542058355422876,1.0,1
2022-08-05,1,1,0.059,0.941,1.0,1,0.11192012468452173,0.8880798753154783,1.0,1,0.08046009310317426,0.9195399068968257,1.0,1,0.12008039206090437,0.8799196079390956,1.0,1,0.04579416445771245,0.9542058355422876,1.0,1
2022-08-08,1,1,0.059,0.941,1.0,1,0.03169166172530535,0.9683083382746946,1.0,1,0.052282121847548435,0.9477178781524516,1.0,1,0.033792780538996814,0.9662072194610032,1.0,1,0.04579416445771245,0.9542058355422876,1.0,1
2022-08-09,1,1,0.059,0.941,1.0,1,0.05004177506136942,0.9499582249386306,1.0,1,0.06897866414367149,0.9310213358563285,1.0,1,0.0819549922188445,0.9180450077811555,1.0,1,0.04579416445771245,0.9542058355422876,1.0,1
2022-08-10,1,1,0.059,0.941,1.0,1,0.05137632671390424,0.9486236732860958,1.0,1,0.056415310042180145,0.9435846899578199,1.0,1,0.04633263071096538,0.9536673692890346,1.0,1,0.04579416445771245,0.9542058355422876,1.0,1
2022-08-11,1,1,0.059,0.941,1.0,1,0.08367809507934298,0.916321904920657,1.0,1,0.06477114730874389,0.9352288526912561,1.0,1,0.07828920878007872,0.9217107912199213,1.0,1,0.04579416445771245,0.9542058355422876,1.0,1
2022-08-12,1,1,0.059,0.941,1.0,1,0.025024797844038216,0.9749752021559618,1.0,1,0.051913983432085975,0.948086016567914,1.0,1,0.04466145505929353,0.9553385449407065,1.0,1,0.04579416445771245,0.9542058355422876,1.0,1
2022-08-15,1,0,0.059,0.941,1.0,1,0.04384952213432147,0.9561504778656785,1.0,1,0.05730362579331394,0.9426963742066861,1.0,1,0.07714997328718831,0.9228500267128117,1.0,1,0.04579416445771245,0.9542058355422876,1.0,1
2022-08-16,0,0,0.98559,0.01441,1.0,0,0.9803615191830233,0.019638480816976726,1.0,0,0.8006222456715365,0.1993777543284635,1.0,0,0.8847844849521835,0.11521551504781648,1.0,0,0.9823959865620522,0.017604013437947763,1.0,0
2022-08-17,0,0,0.98559,0.01441,1.0,0,0.9837267189297687,0.01627328107023132,1.0,0,0.8504025094547656,0.1495974905452344,1.0,0,0.8950846283816696,0.10491537161833045,1.0,0,0.982445757521457,0.017554242478543015,1.0,0
2022-08-18,0,0,0.98559,0.01441,1.0,0,0.9766141317701877,0.02338586822981229,1.0,0,0.8582464644733165,0.14175353552668346,1.0,0,0.8579606947616981,0.14203930523830186,1.0,0,0.982495390273181,0.017504609726819,1.0,0
2022-08-19,0,0,0.98559,0.01441,1.0,0,0.9849549683859165,0.015045031614083524,1.0,0,0.8988672556033259,0.10113274439667412,1.0,0,0.9306008349813379,0.069399165018662,1.0,0,0.9825448851868503,0.017455114813149694,1.0,0
2022-08-22,0,0,0.98559,0.01441,1.0,0,0.9783458207812104,0.02165417921878961,1.0,0,0.889162923264436,0.11083707673556403,1.0,0,0.8814396804414865,0.11856031955851352,1.0,0,0.9825942426311824,0.01740575736881757,1.0,0
2022-08-23,0,0,0.98559,0.01441,1.0,0,0.9854660856820101,0.014533914317989947,1.0,0,0.9075516181524619,0.09244838184753808,1.0,0,0.9110268695180468,0.08897313048195325,1.0,0,0.9826434629739881,0.017356537026011917,1.0,0
2022-08-24,0,0,0.98559,0.01441,1.0,0,0.9867380681439412,0.013261931856058808,1.0,0,0.9234750263297092,0.07652497367029079,1.0,0,0.9345673569105863,0.06543264308941364,1.0,0,0.982692546582173,0.017307453417826996,1.0,0
2022-08-25,0,1,0.98559,0.01441,1.0,0,0.9810244602740713,0.01897553972592874,1.0,0,0.9312845706769967,0.06871542932300333,1.0,0,0.9493868640551557,0.05061313594484429,1.0,0,0.9827414938217397,0.017258506178260292,1.0,0
2022-08-26,1,1,0.059,0.941,1.0,1,0.06885896834616412,0.9311410316538359,1.0,1,0.4313696524411067,0.5686303475588933,1.0,1,0.37454895171638614,0.6254510482836139,1.0,1,0.04579416445771245,0.9542058355422876,1.0,1
2022-08-29,1,1,0.059,0.941,1.0,1,0.05848404869311785,0.9415159513068821,1.0,1,0.2946677879032724,0.7053322120967276,1.0,1,0.17550272062895245,0.8244972793710476,1.0,1,0.04579416445771245,0.9542058355422876,1.0,1
2022-08-30,1,0,0.059,0.941,1.0,1,0.07380448822856223,0.9261955117714378,1.0,1,0.18649506298615548,0.8135049370138445,1.0,1,0.08677750832414943,0.9132224916758506,1.0,1,0.04579416445771245,0.9542058355422876,1.0,1
2022-08-31,0,1,0.98559,0.01441,1.0,0,0.9909259597629393,0.009074040237060672,1.0,0,0.7874667520358144,0.2125332479641856,1.0,0,0.8497967310849723,0.15020326891502764,1.0,0,0.9823959865620522,0.017604013437947763,1.0,0
2022-09-01,1,1,0.059,0.941,1.0,1,0.10629788601029677,0.8937021139897032,1.0,1,0.3983520175346914,0.6016479824653086,1.0,1,0.2540068824516136,0.7459931175483864,1.0,1,0.04579416445771245,0.9542058355422876,1.0,1
2022-09-02,1,1,0.059,0.941,1.0,1,0.05091601248225297,0.949083987517747,1.0,1,0.26042397326206546,0.7395760267379345,1.0,1,0.13742871451160632,0.8625712854883937,1.0,1,0.04579416445771245,0.9542058355422876,1.0,1
2022-09-06,1,1,0.059,0.941,1.0,1,0.1246819155552844,0.8753180844447156,1.0,1,0.27673314233347923,0.7232668576665208,1.0,1,0.314098679636201,0.685901320363799,1.0,1,0.04579416445771245,0.9542058355422876,1.0,1
2022-09-07,1,1,0.059,0.941,1.0,1,0.04658149643699461,0.9534185035630054,1.0,1,0.15503161203381133,0.8449683879661887,1.0,1,0.08708639557129683,0.9129136044287032,1.0,1,0.04579416445771245,0.9542058355422876,1.0,1
2022-09-08,1,1,0.059,0.941,1.0,1,0.10908181994537014,0.8909181800546299,1.0,1,0.20184567529195574,0.7981543247080443,1.0,1,0.2664809734522451,0.7335190265477549,1.0,1,0.04579416445771245,0.9542058355422876,1.0,1
2022-09-09,1,1,0.059,0.941,1.0,1,0.049549412163401585,0.9504505878365984,1.0,1,0.1493275286069634,0.8506724713930366,1.0,1,0.12888641165250192,0.8711135883474981,1.0,1,0.04579416445771245,0.9542058355422876,1.0,1
2022-09-12,1,1,0.059,0.941,1.0,1,0.08009834706848817,0.9199016529315118,1.0,1,0.15106350197034535,0.8489364980296547,1.0,1,0.15793881192325787,0.8420611880767421,1.0,1,0.04579416445771245,0.9542058355422876,1.0,1
2022-09-13,1,1,0.059,0.941,1.0,1,0.05044674132454707,0.9495532586754529,1.0,1,0.10509737822484555,0.8949026217751544,1.0,1,0.07889982737541001,0.92110017262459,1.0,1,0.04579416445771245,0.9542058355422876,1.0,1
2022-09-14,1,1,0.059,0.941,1.0,1,0.03628340926581142,0.9637165907341886,1.0,1,0.08531930718387515,0.9146806928161249,1.0,1,0.041295154654093835,0.9587048453459062,1.0,1,0.04579416445771245,0.9542058355422876,1.0,1
2022-09-15,1,0,0.059,0.941,1.0,1,0.08981908886105638,0.9101809111389436,1.0,1,0.07793032952994283,0.9220696704700572,1.0,1,0.06153635933608803,0.938463640663912,1.0,1,0.04579416445771245,0.9542058355422876,1.0,1
2022-09-16,0,0,0.98559,0.01441,1.0,0,0.9850485925408646,0.014951407459135363,1.0,0,0.7836485828956216,0.2163514171043784,1.0,0,0.8228203463850541,0.1771796536149459,1.0,0,0.9823959865620522,0.017604013437947763,1.0,0
2022-09-19,0,0,0.98559,0.01441,1.0,0,0.985317673025081,0.014682326974918957,1.0,0,0.8356840612605411,0.16431593873945893,1.0,0,0.8770729292922529,0.12292707070774707,1.0,0,0.982445757521457,0.017554242478543015,1.0,0
2022-09-20,0,0,0.98559,0.01441,1.0,0,0.985253064407129,0.014746935592870995,1.0,0,0.8776227107625189,0.1223772892374811,1.0,0,0.9087477172964188,0.09125228270358118,1.0,0,0.982495390273181,0.017504609726819,1.0,0
2022-09-21,0,1,0.98559,0.01441,1.0,0,0.9825146960896797,0.01748530391032033,1.0,0,0.8778281235196297,0.12217187648037027,1.0,0,0.8994928838545567,0.10050711614544325,1.0,0,0.9825448851868503,0.017455114813149694,1.0,0
2022-09-22,1,1,0.059,0.941,1.0,1,0.12771352933837665,0.8722864706616233,1.0,1,0.44255677730251763,0.5574432226974824,1.0,1,0.37096864868235413,0.6290313513176459,1.0,1,0.04579416445771245,0.9542058355422876,1.0,1
2022-09-23,1,1,0.059,0.941,1.0,1,0.0667259081732573,0.9332740918267427,1.0,1,0.23170927393588858,0.7682907260641114,1.0,1,0.099277727596076,0.900722272403924,1.0,1,0.04579416445771245,0.9542058355422876,1.0,1
2022-09-26,1,1,0.059,0.941,1.0,1,0.11460563211936037,0.8853943678806396,1.0,1,0.22993359566228055,0.7700664043377194,1.0,1,0.17561677818708632,0.8243832218129137,1.0,1,0.04579416445771245,0.9542058355422876,1.0,1
2022-09-27,1,1,0.059,0.941,1.0,1,0.07496556651191655,0.9250344334880835,1.0,1,0.15855450013026684,0.8414454998697332,1.0,1,0.06711325097065102,0.932886749029349,1.0,1,0.04579416445771245,0.9542058355422876,1.0,1
2022-09-28,1,1,0.059,0.941,1.0,1,0.007106741165821773,0.9928932588341782,1.0,1,0.11173071664586398,0.888269283354136,1.0,1,0.032876603079599054,0.967123396920401,1.0,1,0.04579416445771245,0.9542058355422876,1.0,1
2022-09-29,1,1,0.059,0.941,1.0,1,0.12995270687373195,0.870047293126268,1.0,1,0.17527369452505148,0.8247263054749485,1.0,1,0.29031717056721673,0.7096828294327833,1.0,1,0.04579416445771245,0.9542058355422876,1.0,1
2022-09-30,1,1,0.059,0.941,1.0,1,0.11143024462639328,0.8885697553736067,1.0,1,0.10456449019876324,0.8954355098012368,1.0,1,0.06325636800614276,0.9367436319938572,1.0,1,0.04579416445771245,0.9542058355422876,1.0,1
2022-10-03,1,1,0.059,0.941,1.0,1,0.018497856442428184,0.9815021435575718,1.0,1,0.09385019218878343,0.9061498078112166,1.0,1,0.04797870863773246,0.9520212913622675,1.0,1,0.04579416445771245,0.9542058355422876,1.0,1
2022-10-04,1,1,0.059,0.941,1.0,1,0.06383392893171169,0.9361660710682883,1.0,1,0.13571351958800348,0.8642864804119965,1.0,1,0.19928459172102242,0.8007154082789776,1.0,1,0.04579416445771245,0.9542058355422876,1.0,1
2022-10-05,1,1,0.059,0.941,1.0,1,0.05473718275582651,0.9452628172441735,1.0,1,0.11496927171634752,0.8850307282836525,1.0,1,0.15119054333633108,0.8488094566636689,1.0,1,0.04579416445771245,0.9542058355422876,1.0,1
2022-10-06,1,1,0.059,0.941,1.0,1,0.0639173483170623,0.9360826516829377,1.0,1,0.08641285242285235,0.9135871475771477,1.0,1,0.07290015289089047,0.9270998471091095,1.0,1,0.04579416445771245,0.9542058355422876,1.0,1
2022-10-07,1,1,0.059,0.941,1.0,1,0.04507104710281962,0.9549289528971804,1.0,1,0.0704062006097056,0.9295937993902944,1.0,1,0.045416228174506634,0.9545837718254934,1.0,1,0.04579416445771245,0.9542058355422876,1.0,1
2022-10-11,1,1,0.059,0.941,1.0,1,0.050017047198686826,0.9499829528013132,1.0,1,0.05999471916020693,0.9400052808397931,1.0,1,0.03582382344944812,0.9641761765505519,1.0,1,0.04579416445771245,0.9542058355422876,1.0,1
2022-10-12,1,1,0.059,0.941,1.0,1,0.039002417973909353,0.9609975820260906,1.0,1,0.04960143179087173,0.9503985682091283,1.0,1,0.027329842232599266,0.9726701577674007,1.0,1,0.04579416445771245,0.9542058355422876,1.0,1
2022-10-13,1,1,0.059,0.941,1.0,1,0.02659741503623636,0.9734025849637636,1.0,1,0.06110503454524252,0.9388949654547575,1.0,1,0.04068078445909307,0.9593192155409069,1.0,1,0.04579416445771245,0.9542058355422876,1.0,1
2022-10-14,1,1,0.059,0.941,1.0,1,0.07300590525567774,0.9269940947443223,1.0,1,0.05656529360006801,0.943434706399932,1.0,1,0.05211479674403319,0.9478852032559668,1.0,1,0.04579416445771245,0.9542058355422876,1.0,1
2022-10-17,1,1,0.059,0.941,1.0,1,0.03687205652110881,0.9631279434788912,1.0,1,0.05700719829573486,0.9429928017042651,1.0,1,0.046190021577474094,0.9538099784225259,1.0,1,0.04579416445771245,0.9542058355422876,1.0,1
2022-10-18,1,1,0.059,0.941,1.0,1,0.054388136788697694,0.9456118632113023,1.0,1,0.056921886692142376,0.9430781133078576,1.0,1,0.07418578853080704,0.925814211469193,1.0,1,0.04579416445771245,0.9542058355422876,1.0,1
2022-10-19,1,1,0.059,0.941,1.0,1,0.05366476968509315,0.9463352303149069,1.0,1,0.06324572784117166,0.9367542721588283,1.0,1,0.08850591601162505,0.911494083988375,1.0,1,0.04579416445771245,0.9542058355422876,1.0,1
2022-10-20,1,1,0.059,0.941,1.0,1,0.04726980459890384,0.9527301954010962,1.0,1,0.04637785159732344,0.9536221484026766,1.0,1,0.037921701457835466,0.9620782985421645,1.0,1,0.04579416445771245,0.9542058355422876,1.0,1
2022-10-21,1,1,0.059,0.941,1.0,1,0.029597563518225067,0.9704024364817749,1.0,1,0.04500980601480464,0.9549901939851954,1.0,1,0.032472113262986935,0.9675278867370131,1.0,1,0.04579416445771245,0.9542058355422876,1.0,1
2022-10-24,1,1,0.059,0.941,1.0,1,0.04300828737000195,0.956991712629998,1.0,1,0.04737588704334261,0.9526241129566574,1.0,1,0.06009954135668949,0.9399004586433105,1.0,1,0.04579416445771245,0.9542058355422876,1.0,1
2022-10-25,1,1,0.059,0.941,1.0,1,0.029369082058477214,0.9706309179415228,1.0,1,0.04716759394244108,0.9528324060575589,1.0,1,0.08426823280104623,0.9157317671989538,1.0,1,0.04579416445771245,0.9542058355422876,1.0,1
2022-10-26,1,1,0.059,0.941,1.0,1,0.04794917124814024,0.9520508287518598,1.0,1,0.05237647461776518,0.9476235253822348,1.0,1,0.08811401872312374,0.9118859812768763,1.0,1,0.04579416445771245,0.9542058355422876,1.0,1
2022-10-27,1,1,0.059,0.941,1.0,1,0.028276422223100006,0.9717235777769,1.0,1,0.03981524389865354,0.9601847561013465,1.0,1,0.03278801706982204,0.967211982930178,1.0,1,0.04579416445771245,0.9542058355422876,1.0,1
2022-10-28,1,1,0.059,0.941,1.0,1,0.045201287556535186,0.9547987124434648,1.0,1,0.04275840704959899,0.957241592950401,1.0,1,0.04715719965288623,0.9528428003471138,1.0,1,0.04579416445771245,0.9542058355422876,1.0,1
2022-10-31,1,1,0.059,0.941,1.0,1,0.037794212451541465,0.9622057875484585,1.0,1,0.037369823000586666,0.9626301769994133,1.0,1,0.039872130347112233,0.9601278696528878,1.0,1,0.04579416445771245,0.9542058355422876,1.0,1
2022-11-01,1,1,0.059,0.941,1.0,1,0.03083356279993199,0.969166437200068,1.0,1,0.035451107062652865,0.9645488929373471,1.0,1,0.040391495859056215,0.9596085041409438,1.0,1,0.04579416445771245,0.9542058355422876,1.0,1
2022-11-02,1,1,0.059,0.941,1.0,1,0.03720457854369541,0.9627954214563046,1.0,1,0.035128091630775904,0.9648719083692241,1.0,1,0.03238558266724523,0.9676144173327548,1.0,1,0.04579416445771245,0.9542058355422876,1.0,1
2022-11-03,1,1,0.059,0.941,1.0,1,0.05119383212848727,0.9488061678715127,1.0,1,0.03149205024806989,0.9685079497519301,1.0,1,0.029812856196666182,0.9701871438033338,1.0,1,0.04579416445771245,0.9542058355422876,1.0,1
2022-11-04,1,1,0.059,0.941,1.0,1,0.032460443714015796,0.9675395562859842,1.0,1,0.029374065443501407,0.9706259345564986,1.0,1,0.01733292768696959,0.9826670723130304,1.0,1,0.04579416445771245,0.9542058355422876,1.0,1
2022-11-07,1,1,0.059,0.941,1.0,1,0.05129853380394911,0.9487014661960509,1.0,1,0.03508311505502226,0.9649168849449777,1.0,1,0.04104415274602491,0.9589558472539751,1.0,1,0.04579416445771245,0.9542058355422876,1.0,1
2022-11-08,1,1,0.059,0.941,1.0,1,0.029414252751451486,0.9705857472485485,1.0,1,0.03326673532721336,0.9667332646727866,1.0,1,0.04517696466770882,0.9548230353322912,1.0,1,0.04579416445771245,0.9542058355422876,1.0,1
2022-11-09,1,1,0.059,0.941,1.0,1,0.04106517239694507,0.9589348276030549,1.0,1,0.03307190159523665,0.9669280984047633,1.0,1,0.046818700271245794,0.9531812997287542,1.0,1,0.04579416445771245,0.9542058355422876,1.0,1
2022-11-10,1,1,0.059,0.941,1.0,1,0.010449304534905446,0.9895506954650946,1.0,1,0.02574197085438923,0.9742580291456108,1.0,1,0.0255494250508147,0.9744505749491853,1.0,1,0.04579416445771245,0.9542058355422876,1.0,1
2022-11-14,1,1,0.059,0.941,1.0,1,0.06915427139596131,0.9308457286040387,1.0,1,0.03950584147047853,0.9604941585295215,1.0,1,0.08522190912057248,0.9147780908794275,1.0,1,0.04579416445771245,0.9542058355422876,1.0,1
2022-11-15,1,1,0.059,0.941,1.0,1,0.019307092683180094,0.9806929073168199,1.0,1,0.029161653698361545,0.9708383463016385,1.0,1,0.03891926075570351,0.9610807392442965,1.0,1,0.04579416445771245,0.9542058355422876,1.0,1
2022-11-16,1,1,0.059,0.941,1.0,1,0.021252264538514698,0.9787477354614853,1.0,1,0.029440572653416708,0.9705594273465833,1.0,1,0.03992698757602542,0.9600730124239746,1.0,1,0.04579416445771245,0.9542058355422876,1.0,1
2022-11-17,1,1,0.059,0.941,1.0,1,0.038048796151182396,0.9619512038488176,1.0,1,0.029874173574833796,0.9701258264251662,1.0,1,0.03856792916651597,0.961432070833484,1.0,1,0.04579416445771245,0.9542058355422876,1.0,1
2022-11-18,1,0,0.059,0.941,1.0,1,0.03189117209734538,0.9681088279026546,1.0,1,0.02302742168536709,0.9769725783146329,1.0,1,0.02087458296950151,0.9791254170304985,1.0,1,0.04579416445771245,0.9542058355422876,1.0,1
2022-11-21,0,0,0.98559,0.01441,1.0,0,0.9769445986415151,0.02305540135848497,1.0,0,0.787450234594914,0.21254976540508594,1.0,0,0.8424989649418801,0.1575010350581198,1.0,0,0.9823959865620522,0.017604013437947763,1.0,0
2022-11-22,0,1,0.98559,0.01441,1.0,0,0.9781382628074643,0.021861737192535695,1.0,0,0.850438452113761,0.149561547886239,1.0,0,0.9101664207175014,0.08983357928249855,1.0,0,0.982445757521457,0.017554242478543015,1.0,0
2022-11-23,1,0,0.059,0.941,1.0,1,0.05457876687231966,0.9454212331276803,1.0,1,0.42218821683870733,0.5778117831612927,1.0,1,0.341196280744711,0.658803719255289,1.0,1,0.04579416445771245,0.9542058355422876,1.0,1
2022-11-25,0,0,0.98559,0.01441,1.0,0,0.9898626436322098,0.010137356367790276,1.0,0,0.8197210668917138,0.18027893310828624,1.0,0,0.9072963855279461,0.09270361447205384,1.0,0,0.9823959865620522,0.017604013437947763,1.0,0
2022-11-28,0,0,0.98559,0.01441,1.0,0,0.9887843639570868,0.011215636042913212,1.0,0,0.8492310811773267,0.15076891882267326,1.0,0,0.9218197385937567,0.07818026140624333,1.0,0,0.982445757521457,0.017554242478543015,1.0,0
2022-11-29,0,1,0.98559,0.01441,1.0,0,0.9902800416325744,0.009719958367425615,1.0,0,0.8825544423258894,0.11744555767411062,1.0,0,0.923084017328099,0.07691598267190104,1.0,0,0.982495390273181,0.017504609726819,1.0,0
2022-11-30,1,1,0.059,0.941,1.0,1,0.022394778483602162,0.9776052215163978,1.0,1,0.3762297798312375,0.6237702201687625,1.0,1,0.1512332758527808,0.8487667241472192,1.0,1,0.04579416445771245,0.9542058355422876,1.0,1
2022-12-01,1,1,0.059,0.941,1.0,1,0.037322004737189496,0.9626779952628105,1.0,1,0.30998354563541186,0.6900164543645881,1.0,1,0.30043606778783927,0.6995639322121607,1.0,1,0.04579416445771245,0.9542058355422876,1.0,1
2022-12-02,1,1,0.059,0.941,1.0,1,0.04591219370488753,0.9540878062951125,1.0,1,0.2659924024734872,0.7340075975265128,1.0,1,0.2708663663791696,0.7291336336208304,1.0,1,0.04579416445771245,0.9542058355422876,1.0,1
2022-12-05,1,1,0.059,0.941,1.0,1,0.15973393293409743,0.8402660670659026,1.0,1,0.20195322544075944,0.7980467745592406,1.0,1,0.23054802040256794,0.7694519795974321,1.0,1,0.04579416445771245,0.9542058355422876,1.0,1
2022-12-06,1,1,0.059,0.941,1.0,1,0.04522863975482638,0.9547713602451736,1.0,1,0.1257781195471951,0.8742218804528049,1.0,1,0.06246622229438037,0.9375337777056196,1.0,1,0.04579416445771245,0.9542058355422876,1.0,1
2022-12-07,1,1,0.059,0.941,1.0,1,0.038954627877328396,0.9610453721226716,1.0,1,0.12489935881374115,0.8751006411862589,1.0,1,0.08800564849083192,0.9119943515091681,1.0,1,0.04579416445771245,0.9542058355422876,1.0,1
2022-12-08,1,1,0.059,0.941,1.0,1,0.07281505133622945,0.9271849486637705,1.0,1,0.1296635498184866,0.8703364501815134,1.0,1,0.11882826402617452,0.8811717359738255,1.0,1,0.04579416445771245,0.9542058355422876,1.0,1
2022-12-09,1,1,0.059,0.941,1.0,1,0.13199578258315425,0.8680042174168457,1.0,1,0.11989905146330226,0.8801009485366977,1.0,1,0.12670072714328973,0.8732992728567103,1.0,1,0.04579416445771245,0.9542058355422876,1.0,1
2022-12-12,1,1,0.059,0.941,1.0,1,0.039041743777718296,0.9609582562222817,1.0,1,0.09271560858252614,0.9072843914174739,1.0,1,0.06426235390335444,0.9357376460966456,1.0,1,0.04579416445771245,0.9542058355422876,1.0,1
2022-12-13,1,0,0.059,0.941,1.0,1,0.049138703993554134,0.9508612960064459,1.0,1,0.0975915846608637,0.9024084153391363,1.0,1,0.09978456216116427,0.9002154378388357,1.0,1,0.04579416445771245,0.9542058355422876,1.0,1
2022-12-14,0,1,0.98559,0.01441,1.0,0,0.9822288911943762,0.01777110880562385,1.0,0,0.8141716635835134,0.18582833641648658,1.0,0,0.8873461439339405,0.11265385606605954,1.0,0,0.9823959865620522,0.017604013437947763,1.0,0
2022-12-15,1,1,0.059,0.941,1.0,1,0.07909900178866958,0.9209009982113304,1.0,1,0.4056073094635162,0.5943926905364838,1.0,1,0.2758534493729887,0.7241465506270113,1.0,1,0.04579416445771245,0.9542058355422876,1.0,1
2022-12-16,1,1,0.059,0.941,1.0,1,0.09637884312069123,0.9036211568793088,1.0,1,0.2883522122517296,0.7116477877482704,1.0,1,0.18709574634262405,0.812904253657376,1.0,1,0.04579416445771245,0.9542058355422876,1.0,1
2022-12-19,1,1,0.059,0.941,1.0,1,0.0787753425258787,0.9212246574741213,1.0,1,0.21060982112841242,0.7893901788715876,1.0,1,0.12688464022158386,0.8731153597784161,1.0,1,0.04579416445771245,0.9542058355422876,1.0,1
2022-12-20,1,1,0.059,0.941,1.0,1,0.06224327769789051,0.9377567223021095,1.0,1,0.18103154671146526,0.8189684532885347,1.0,1,0.12259590955063904,0.877404090449361,1.0,1,0.04579416445771245,0.9542058355422876,1.0,1
2022-12-21,1,1,0.059,0.941,1.0,1,0.04536035424019458,0.9546396457598054,1.0,1,0.1482460187225959,0.8517539812774041,1.0,1,0.10044272865685422,0.8995572713431458,1.0,1,0.04579416445771245,0.9542058355422876,1.0,1
2022-12-22,1,1,0.059,0.941,1.0,1,0.101941974823761,0.898058025176239,1.0,1,0.1536784004061129,0.8463215995938871,1.0,1,0.18793429091860303,0.812065709081397,1.0,1,0.04579416445771245,0.9542058355422876,1.0,1
2022-12-23,1,1,0.059,0.941,1.0,1,0.05865790809839133,0.9413420919016087,1.0,1,0.13093547841877207,0.8690645215812279,1.0,1,0.10052433292140328,0.8994756670785967,1.0,1,0.04579416445771245,0.9542058355422876,1.0,1
2022-12-27,1,1,0.059,0.941,1.0,1,0.07227525970332205,0.927724740296678,1.0,1,0.11022679020806214,0.8897732097919379,1.0,1,0.08269257368183702,0.917307426318163,1.0,1,0.04579416445771245,0.9542058355422876,1.0,1
2022-12-28,1,1,0.059,0.941,1.0,1,0.06913523591171533,0.9308647640882847,1.0,1,0.09511604571724508,0.9048839542827549,1.0,1,0.08015541175603236,0.9198445882439676,1.0,1,0.04579416445771245,0.9542058355422876,1.0,1
2022-12-29,1,1,0.059,0.941,1.0,1,0.03251521493944498,0.967484785060555,1.0,1,0.08488634096046488,0.9151136590395351,1.0,1,0.0679357834046207,0.9320642165953793,1.0,1,0.04579416445771245,0.9542058355422876,1.0,1
2022-12-30,1,1,0.059,0.941,1.0,1,0.04941106428169717,0.9505889357183028,1.0,1,0.08881545253440393,0.9111845474655961,1.0,1,0.08592088662231812,0.9140791133776819,1.0,1,0.04579416445771245,0.9542058355422876,1.0,1
2023-01-03,1,1,0.059,0.941,1.0,1,0.06322986075409631,0.9367701392459037,1.0,1,0.07258605590036749,0.9274139440996325,1.0,1,0.06809433446711455,0.9319056655328855,1.0,1,0.04579416445771245,0.9542058355422876,1.0,1
2023-01-04,1,0,0.059,0.941,1.0,1,0.04836549999982653,0.9516345000001735,1.0,1,0.07044487059660698,0.929555129403393,1.0,1,0.062430844952122144,0.9375691550478779,1.0,1,0.04579416445771245,0.9542058355422876,1.0,1
2023-01-05,0,1,0.98559,0.01441,1.0,0,0.9789444878257968,0.021055512174203168,1.0,0,0.794799966086982,0.20520003391301797,1.0,0,0.8477837281273432,0.15221627187265685,1.0,0,0.9823959865620522,0.017604013437947763,1.0,0
2023-01-06,1,1,0.059,0.941,1.0,1,0.03550166758404083,0.9644983324159592,1.0,1,0.3925330438398388,0.6074669561601612,1.0,1,0.24293301097003517,0.7570669890299648,1.0,1,0.04579416445771245,0.9542058355422876,1.0,1
2023-01-09,1,1,0.059,0.941,1.0,1,0.056619703758483686,0.9433802962415163,1.0,1,0.329811364510756,0.670188635489244,1.0,1,0.30606332391377156,0.6939366760862284,1.0,1,0.04579416445771245,0.9542058355422876,1.0,1
2023-01-10,1,1,0.059,0.941,1.0,1,0.0765001157346129,0.9234998842653871,1.0,1,0.2739076586093916,0.7260923413906084,1.0,1,0.2629436392450505,0.7370563607549495,1.0,1,0.04579416445771245,0.9542058355422876,1.0,1
2023-01-11,1,1,0.059,0.941,1.0,1,0.036486646685054414,0.9635133533149456,1.0,1,0.1752226978636916,0.8247773021363084,1.0,1,0.12172367598618816,0.8782763240138118,1.0,1,0.04579416445771245,0.9542058355422876,1.0,1
2023-01-12,1,1,0.059,0.941,1.0,1,0.03888314645838753,0.9611168535416125,1.0,1,0.17861964503032646,0.8213803549696735,1.0,1,0.1759423146527067,0.8240576853472933,1.0,1,0.04579416445771245,0.9542058355422876,1.0,1
2023-01-13,1,1,0.059,0.941,1.0,1,0.09571066564346975,0.9042893343565302,1.0,1,0.17173795149510585,0.8282620485048942,1.0,1,0.20804364614719062,0.7919563538528094,1.0,1,0.04579416445771245,0.9542058355422876,1.0,1
2023-01-17,1,1,0.059,0.941,1.0,1,0.07054788181115124,0.9294521181888488,1.0,1,0.12235333631781353,0.8776466636821865,1.0,1,0.1003011709350341,0.8996988290649659,1.0,1,0.04579416445771245,0.9542058355422876,1.0,1
2023-01-18,1,1,0.059,0.941,1.0,1,0.052270602280124256,0.9477293977198757,1.0,1,0.10198439323078734,0.8980156067692127,1.0,1,0.09306000609956366,0.9069399939004363,1.0,1,0.04579416445771245,0.9542058355422876,1.0,1
2023-01-19,1,1,0.059,0.941,1.0,1,0.04510259476440326,0.9548974052355967,1.0,1,0.10936936837293576,0.8906306316270642,1.0,1,0.09622019478345523,0.9037798052165448,1.0,1,0.04579416445771245,0.9542058355422876,1.0,1
2023-01-20,1,1,0.059,0.941,1.0,1,0.06582401271859883,0.9341759872814012,1.0,1,0.08914826107365081,0.9108517389263492,1.0,1,0.07729820518764996,0.92270179481235,1.0,1,0.04579416445771245,0.9542058355422876,1.0,1
2023-01-23,1,1,0.059,0.941,1.0,1,0.0511928101648671,0.9488071898351329,1.0,1,0.08134213681360447,0.9186578631863955,1.0,1,0.06908369430246908,0.9309163056975309,1.0,1,0.04579416445771245,0.9542058355422876,1.0,1
2023-01-24,1,1,0.059,0.941,1.0,1,0.03407300866380214,0.9659269913361979,1.0,1,0.0790764103575704,0.9209235896424296,1.0,1,0.07965580852105536,0.9203441914789446,1.0,1,0.04579416445771245,0.9542058355422876,1.0,1
2023-01-25,1,0,0.059,0.941,1.0,1,0.041865619311673985,0.958134380688326,1.0,1,0.07716480581087304,0.922835194189127,1.0,1,0.07526003293658301,0.924739967063417,1.0,1,0.04579416445771245,0.9542058355422876,1.0,1
2023-01-26,0,0,0.98559,0.01441,1.0,0,0.9839113575102134,0.0160886424897866,1.0,0,0.7969355732261659,0.2030644267738341,1.0,0,0.8625974352653999,0.1374025647346001,1.0,0,0.9823959865620522,0.017604013437947763,1.0,0
2023-01-27,0,0,0.98559,0.01441,1.0,0,0.986814260350588,0.01318573964941207,1.0,0,0.8526125327021321,0.14738746729786784,1.0,0,0.91480173032703,0.08519826967296996,1.0,0,0.982445757521457,0.017554242478543015,1.0,0
2023-01-30,0,0,0.98559,0.01441,1.0,0,0.9872828860474836,0.012717113952516457,1.0,0,0.8801970910128355,0.11980290898716446,1.0,0,0.9263977359605307,0.07360226403946929,1.0,0,0.982495390273181,0.017504609726819,1.0,0
2023-01-31,0,0,0.98559,0.01441,1.0,0,0.9763693000954676,0.023630699904532388,1.0,0,0.8874098599890354,0.11259014001096462,1.0,0,0.9009309811855853,0.09906901881441466,1.0,0,0.9825448851868503,0.017455114813149694,1.0,0
2023-02-01,0,0,0.98559,0.01441,1.0,0,0.982879141236794,0.017120858763205977,1.0,0,0.9093289512505384,0.0906710487494616,1.0,0,0.9349242715218526,0.06507572847814734,1.0,0,0.9825942426311824,0.01740575736881757,1.0,0
2023-02-02,0,0,0.98559,0.01441,1.0,0,0.9915116973499591,0.008488302650040832,1.0,0,0.9352096985853668,0.06479030141463321,1.0,0,0.9738453706311028,0.026154629368897245,1.0,0,0.9826434629739881,0.017356537026011917,1.0,0
2023-02-03,0,0,0.98559,0.01441,1.0,0,0.9914979538395366,0.008502046160463352,1.0,0,0.939219458124903,0.060780541875096995,1.0,0,0.9725447743640562,0.027455225635943867,1.0,0,0.982692546582173,0.017307453417826996,1.0,0
2023-02-06,0,0,0.98559,0.01441,1.0,0,0.9817321282550308,0.01826787174496925,1.0,0,0.9283157270536728,0.07168427294632715,1.0,0,0.9323987899149228,0.06760121008507727,1.0,0,0.9827414938217397,0.017258506178260292,1.0,0
2023-02-07,0,0,0.98559,0.01441,1.0,0,0.9760699793511309,0.023930020648869066,1.0,0,0.933038023472353,0.06696197652764697,1.0,0,0.9283990967685358,0.0716009032314642,1.0,0,0.9827903050577893,0.01720969494221072,1.0,0
2023-02-08,0,0,0.98559,0.01441,1.0,0,0.9770802398273387,0.022919760172661296,1.0,0,0.9365791451457742,0.06342085485422579,1.0,0,0.9394682996301291,0.06053170036987093,1.0,0,0.9828389806545231,0.01716101934547688,1.0,0
2023-02-09,0,0,0.98559,0.01441,1.0,0,0.9913781323353296,0.008621867664670452,1.0,0,0.9508609583819798,0.049139041618020234,1.0,0,0.9720071536290777,0.027992846370922263,1.0,0,0.9828875209752448,0.01711247902475526,1.0,0
2023-02-10,0,0,0.98559,0.01441,1.0,0,0.9794930334899653,0.0205069665100347,1.0,0,0.9434140628606664,0.05658593713933354,1.0,0,0.9376492804540029,0.062350719545997156,1.0,0,0.9829359263823615,0.017064073617638485,1.0,0
2023-02-13,0,0,0.98559,0.01441,1.0,0,0.9796489269453901,0.020351073054609883,1.0,0,0.9474363937058204,0.052563606294179506,1.0,0,0.9533262390933012,0.04667376090669886,1.0,0,0.9829841972373865,0.01701580276261354,1.0,0
2023-02-14,0,0,0.98559,0.01441,1.0,0,0.9877789893226794,0.01222101067732059,1.0,0,0.9584596077366019,0.041540392263398125,1.0,0,0.9724827503184165,0.027517249681583544,1.0,0,0.98303233390094,0.01696766609905995,1.0,0
2023-02-15,0,0,0.98559,0.01441,1.0,0,0.9847796574633698,0.015220342536630177,1.0,0,0.9578503807594628,0.04214961924053716,1.0,0,0.9627780447093697,0.037221955290630326,1.0,0,0.9830803367327519,0.016919663267248124,1.0,0
2023-02-16,0,0,0.98559,0.01441,1.0,0,0.9901106604706077,0.009889339529392341,1.0,0,0.9598267260007443,0.0401732739992557,1.0,0,0.9721767725707849,0.02782322742921504,1.0,0,0.9831282060916625,0.016871793908337488,1.0,0
2023-02-17,0,0,0.98559,0.01441,1.0,0,0.9789891005571049,0.021010899442895102,1.0,0,0.9553685537729921,0.044631446227007876,1.0,0,0.9583427868589316,0.041657213141068405,1.0,0,0.9831759423356252,0.01682405766437475,1.0,0
2023-02-21,0,0,0.98559,0.01441,1.0,0,0.9884573889699847,0.011542611030015307,1.0,0,0.9631173592332266,0.03688264076677342,1.0,0,0.9716886458826072,0.028311354117392846,1.0,0,0.9832235458217079,0.01677645417829215,1.0,0
2023-02-22,0,0,0.98559,0.01441,1.0,0,0.9855599255171963,0.014440074482803655,1.0,0,0.9536899445492552,0.04631005545074487,1.0,0,0.9486889039755535,0.051311096024446445,1.0,0,0.9832710169060943,0.016728983093905667,1.0,0
2023-02-23,0,0,0.98559,0.01441,1.0,0,0.9853801660764155,0.014619833923584472,1.0,0,0.9642415409619629,0.03575845903803712,1.0,0,0.97257505314895,0.027424946851050052,1.0,0,0.9833183559440867,0.01668164405591329,1.0,0
2023-02-24,0,0,0.98559,0.01441,1.0,0,0.9914165734322642,0.008583426567735856,1.0,0,0.970586511078761,0.02941348892123901,1.0,0,0.9821343998469431,0.017865600153056917,1.0,0,0.9833655632901068,0.016634436709893192,1.0,0
2023-02-27,0,0,0.98559,0.01441,1.0,0,0.9831858013162056,0.016814198683794374,1.0,0,0.9640330543457877,0.03596694565421228,1.0,0,0.9643781482019013,0.03562185179809877,1.0,0,0.983412639297698,0.016587360702302045,1.0,0
2023-02-28,0,0,0.98559,0.01441,1.0,0,0.9778861200066723,0.02211387999332769,1.0,0,0.9680759257177206,0.03192407428227941,1.0,0,0.9723285963973853,0.02767140360261465,1.0,0,0.9834595843195267,0.016540415680473215,1.0,0
2023-03-01,0,0,0.98559,0.01441,1.0,0,0.985355549742992,0.014644450257007975,1.0,0,0.9704843643184546,0.029515635681545416,1.0,0,0.9756168217417692,0.024383178258230737,1.0,0,0.983506398707385,0.016493601292615012,1.0,0
2023-03-02,0,0,0.98559,0.01441,1.0,0,0.9803870404091163,0.01961295959088368,1.0,0,0.9674995122745879,0.03250048772541213,1.0,0,0.9615442037495983,0.03845579625040173,1.0,0,0.9835530828121911,0.016446917187808927,1.0,0
2023-03-03,0,0,0.98559,0.01441,1.0,0,0.9678830924344346,0.032116907565565365,1.0,0,0.9676629310215786,0.032337068978421396,1.0,0,0.9717220741361569,0.02827792586384315,1.0,0,0.9835996369839921,0.016400363016007873,1.0,0
2023-03-06,0,0,0.98559,0.01441,1.0,0,0.991883099027123,0.008116900972876982,1.0,0,0.9789775263275126,0.021022473672487493,1.0,0,0.9904491346227551,0.009550865377244953,1.0,0,0.9836460615719655,0.016353938428034447,1.0,0
2023-03-07,0,0,0.98559,0.01441,1.0,0,0.9901134942689298,0.009886505731070147,1.0,0,0.9723999939321393,0.027600006067860765,1.0,0,0.9827857009244854,0.01721429907551466,1.0,0,0.9836923569244209,0.016307643075579137,1.0,0
2023-03-08,0,0,0.98559,0.01441,1.0,0,0.986958497470675,0.013041502529325018,1.0,0,0.9732382110370051,0.026761788962994817,1.0,0,0.9767235733047953,0.023276426695204685,1.0,0,0.9837385233888014,0.016261476611198623,1.0,0
2023-03-09,0,1,0.98559,0.01441,1.0,0,0.9850966529658302,0.014903347034169834,1.0,0,0.9697608380549936,0.030239161945006404,1.0,0,0.963901212070948,0.03609878792905198,1.0,0,0.983784561311686,0.016215438688313943,1.0,0
2023-03-10,1,1,0.059,0.941,1.0,1,0.023565665727997787,0.9764343342720022,1.0,1,0.3509713381410017,0.6490286618589983,1.0,1,0.17751761893852736,0.8224823810614726,1.0,1,0.04579416445771245,0.9542058355422876,1.0,1
2023-03-13,1,1,0.059,0.941,1.0,1,0.05530111422947115,0.9446988857705289,1.0,1,0.30474365457243746,0.6952563454275625,1.0,1,0.22509346145875397,0.774906538541246,1.0,1,0.04579416445771245,0.9542058355422876,1.0,1
2023-03-14,1,1,0.059,0.941,1.0,1,0.08191253256317166,0.9180874674368283,1.0,1,0.23102793440366565,0.7689720655963344,1.0,1,0.17265412293622473,0.8273458770637753,1.0,1,0.04579416445771245,0.9542058355422876,1.0,1
2023-03-15,1,1,0.059,0.941,1.0,1,0.03093602439842713,0.9690639756015729,1.0,1,0.1601456418784094,0.8398543581215906,1.0,1,0.09999355954402256,0.9000064404559774,1.0,1,0.04579416445771245,0.9542058355422876,1.0,1
2023-03-16,1,1,0.059,0.941,1.0,1,0.08922798283671995,0.91077201716328,1.0,1,0.19867158957506748,0.8013284104249325,1.0,1,0.24580730713088184,0.7541926928691182,1.0,1,0.04579416445771245,0.9542058355422876,1.0,1
2023-03-17,1,1,0.059,0.941,1.0,1,0.04713731164504009,0.9528626883549599,1.0,1,0.12068212950923896,0.879317870490761,1.0,1,0.08321057528569897,0.916789424714301,1.0,1,0.04579416445771245,0.9542058355422876,1.0,1
2023-03-20,1,1,0.059,0.941,1.0,1,0.044931849203753815,0.9550681507962462,1.0,1,0.14372929407686907,0.8562707059231309,1.0,1,0.1262365151979531,0.8737634848020469,1.0,1,0.04579416445771245,0.9542058355422876,1.0,1
2023-03-21,1,1,0.059,0.941,1.0,1,0.07046085480614717,0.9295391451938528,1.0,1,0.11047099705302221,0.8895290029469778,1.0,1,0.10204690726330501,0.897953092736695,1.0,1,0.04579416445771245,0.9542058355422876,1.0,1
2023-03-22,1,1,0.059,0.941,1.0,1,0.026512673124272523,0.9734873268757275,1.0,1,0.09279004897804832,0.9072099510219517,1.0,1,0.07121945743331382,0.9287805425666862,1.0,1,0.04579416445771245,0.9542058355422876,1.0,1
2023-03-23,1,0,0.059,0.941,1.0,1,0.061637632119513674,0.9383623678804863,1.0,1,0.1070874637323711,0.8929125362676289,1.0,1,0.1474812813132632,0.8525187186867368,1.0,1,0.04579416445771245,0.9542058355422876,1.0,1
2023-03-24,0,1,0.98559,0.01441,1.0,0,0.9838586261575203,0.01614137384247966,1.0,0,0.7884211865946433,0.21157881340535667,1.0,0,0.8725699677845566,0.12743003221544336,1.0,0,0.9823959865620522,0.017604013437947763,1.0,0
2023-03-27,1,1,0.059,0.941,1.0,1,0.1012438027978898,0.8987561972021102,1.0,1,0.4544142148961786,0.5455857851038214,1.0,1,0.3731671641839803,0.6268328358160197,1.0,1,0.04579416445771245,0.9542058355422876,1.0,1
2023-03-28,1,1,0.059,0.941,1.0,1,0.0474615707093593,0.9525384292906407,1.0,1,0.28173307875667997,0.71826692124332,1.0,1,0.16111843932301273,0.8388815606769873,1.0,1,0.04579416445771245,0.9542058355422876,1.0,1
2023-03-29,1,0,0.059,0.941,1.0,1,0.061447407017147904,0.9385525929828521,1.0,1,0.2471371161672571,0.7528628838327429,1.0,1,0.19563866452666534,0.8043613354733347,1.0,1,0.04579416445771245,0.9542058355422876,1.0,1
2023-03-30,0,0,0.98559,0.01441,1.0,0,0.9829720096166809,0.01702799038331911,1.0,0,0.7994645016805111,0.20053549831948891,1.0,0,0.8808375058263753,0.11916249417362469,1.0,0,0.9823959865620522,0.017604013437947763,1.0,0
2023-03-31,0,0,0.98559,0.01441,1.0,0,0.9724132708179071,0.027586729182092946,1.0,0,0.8564688533426175,0.1435311466573825,1.0,0,0.9114026579812646,0.08859734201873537,1.0,0,0.982445757521457,0.017554242478543015,1.0,0
2023-04-03,0,0,0.98559,0.01441,1.0,0,0.9821613233574967,0.017838676642503295,1.0,0,0.8905923686922914,0.10940763130770859,1.0,0,0.9356368877767848,0.0643631122232152,1.0,0,0.982495390273181,0.017504609726819,1.0,0
2023-04-04,0,0,0.98559,0.01441,1.0,0,0.9820283841517784,0.01797161584822161,1.0,0,0.9001508345558972,0.09984916544410281,1.0,0,0.9325241399687932,0.06747586003120673,1.0,0,0.9825448851868503,0.017455114813149694,1.0,0
2023-04-05,0,0,0.98559,0.01441,1.0,0,0.9774872300970394,0.022512769902960545,1.0,0,0.906935583290241,0.09306441670975896,1.0,0,0.9293308413025144,0.07066915869748555,1.0,0,0.9825942426311824,0.01740575736881757,1.0,0
2023-04-06,0,0,0.98559,0.01441,1.0,0,0.9814793966432328,0.018520603356767158,1.0,0,0.9167166114484515,0.0832833885515485,1.0,0,0.9307985319247118,0.06920146807528821,1.0,0,0.9826434629739881,0.017356537026011917,1.0,0
2023-04-10,0,0,0.98559,0.01441,1.0,0,0.9895087077749826,0.010491292225017466,1.0,0,0.9310774156052752,0.06892258439472472,1.0,0,0.9550271800178235,0.04497281998217646,1.0,0,0.982692546582173,0.017307453417826996,1.0,0
2023-04-11,0,0,0.98559,0.01441,1.0,0,0.9814527752885085,0.01854722471149155,1.0,0,0.9272666902378855,0.07273330976211445,1.0,0,0.9361533824714986,0.0638466175285014,1.0,0,0.9827414938217397,0.017258506178260292,1.0,0
2023-04-12,0,0,0.98559,0.01441,1.0,0,0.9846672080616249,0.015332791938375098,1.0,0,0.9418338225140287,0.058166177485971325,1.0,0,0.96046082066008,0.03953917933992,1.0,0,0.9827903050577893,0.01720969494221072,1.0,0
2023-04-13,0,0,0.98559,0.01441,1.0,0,0.9867053208759666,0.013294679124033358,1.0,0,0.9467636912623848,0.0532363087376152,1.0,0,0.96336944489612,0.03663055510388004,1.0,0,0.9828389806545231,0.01716101934547688,1.0,0
2023-04-14,0,0,0.98559,0.01441,1.0,0,0.9895688497683441,0.010431150231655806,1.0,0,0.9500756598657338,0.049924340134266214,1.0,0,0.9695638976988786,0.03043610230112141,1.0,0,0.9828875209752448,0.01711247902475526,1.0,0
2023-04-17,0,0,0.98559,0.01441,1.0,0,0.9868761952501865,0.013123804749813431,1.0,0,0.9536901137675929,0.04630988623240708,1.0,0,0.9689952269286075,0.031004773071392495,1.0,0,0.9829359263823615,0.017064073617638485,1.0,0
2023-04-18,0,0,0.98559,0.01441,1.0,0,0.9814436427869678,0.01855635721303216,1.0,0,0.9502980647783833,0.04970193522161671,1.0,0,0.9599501834890846,0.04004981651091545,1.0,0,0.9829841972373865,0.01701580276261354,1.0,0
2023-04-19,0,0,0.98559,0.01441,1.0,0,0.9837755298635947,0.016224470136405225,1.0,0,0.9574719558747335,0.04252804412526642,1.0,0,0.9707161243656071,0.029283875634392893,1.0,0,0.98303233390094,0.01696766609905995,1.0,0
2023-04-20,0,0,0.98559,0.01441,1.0,0,0.9820416865744389,0.017958313425561097,1.0,0,0.952572663751463,0.047427336248537,1.0,0,0.9581447740246858,0.04185522597531417,1.0,0,0.9830803367327519,0.016919663267248124,1.0,0
2023-04-21,0,0,0.98559,0.01441,1.0,0,0.9867030806086344,0.013296919391365547,1.0,0,0.9604350785396746,0.039564921460325427,1.0,0,0.969922119756764,0.030077880243235964,1.0,0,0.9831282060916625,0.016871793908337488,1.0,0
2023-04-24,0,0,0.98559,0.01441,1.0,0,0.9747602565792516,0.025239743420748372,1.0,0,0.9560098484780615,0.043990151521938525,1.0,0,0.9573211091867554,0.04267889081324457,1.0,0,0.9831759423356252,0.01682405766437475,1.0,0
2023-04-25,0,0,0.98559,0.01441,1.0,0,0.9845412289159133,0.015458771084086666,1.0,0,0.9617446908283325,0.03825530917166752,1.0,0,0.9728483844176906,0.027151615582309385,1.0,0,0.9832235458217079,0.01677645417829215,1.0,0
2023-04-26,0,0,0.98559,0.01441,1.0,0,0.9907927109073248,0.009207289092675226,1.0,0,0.9663348726128217,0.033665127387178265,1.0,0,0.9773968727434978,0.022603127256502164,1.0,0,0.9832710169060943,0.016728983093905667,1.0,0
2023-04-27,0,0,0.98559,0.01441,1.0,0,0.9874439984138115,0.012556001586188479,1.0,0,0.9638192600110607,0.036180739988939364,1.0,0,0.9701527599551969,0.029847240044803137,1.0,0,0.9833183559440867,0.01668164405591329,1.0,0
2023-04-28,0,1,0.98559,0.01441,1.0,0,0.9810734169149768,0.018926583085023107,1.0,0,0.9660444621127141,0.033955537887285864,1.0,0,0.9763008114849575,0.023699188515042487,1.0,0,0.9833655632901068,0.016634436709893192,1.0,0
2023-05-01,1,1,0.059,0.941,1.0,1,0.14513063530080073,0.8548693646991993,1.0,1,0.5002819678234469,0.49971803217655314,1.0,0,0.5092414440413255,0.4907585559586745,1.0,0,0.04579416445771245,0.9542058355422876,1.0,1
2023-05-02,1,1,0.059,0.941,1.0,1,0.03756828679502766,0.9624317132049723,1.0,1,0.23788384210448543,0.7621161578955146,1.0,1,0.11115029558189293,0.8888497044181071,1.0,1,0.04579416445771245,0.9542058355422876,1.0,1
2023-05-03,1,1,0.059,0.941,1.0,1,0.06068081260465363,0.9393191873953464,1.0,1,0.24796090294850925,0.7520390970514907,1.0,1,0.22064180183501703,0.779358198164983,1.0,1,0.04579416445771245,0.9542058355422876,1.0,1
2023-05-04,1,1,0.059,0.941,1.0,1,0.08162913869764543,0.9183708613023546,1.0,1,0.18966638876156794,0.8103336112384321,1.0,1,0.16482644344805275,0.8351735565519472,1.0,1,0.04579416445771245,0.9542058355422876,1.0,1
2023-05-05,1,1,0.059,0.941,1.0,1,0.045791670515864635,0.9542083294841354,1.0,1,0.15481136142417617,0.8451886385758238,1.0,1,0.1044032381637533,0.8955967618362467,1.0,1,0.04579416445771245,0.9542058355422876,1.0,1
2023-05-08,1,0,0.059,0.941,1.0,1,0.06875422982924062,0.9312457701707594,1.0,1,0.14942075895557538,0.8505792410444246,1.0,1,0.12620345388079646,0.8737965461192035,1.0,1,0.04579416445771245,0.9542058355422876,1.0,1
2023-05-09,0,0,0.98559,0.01441,1.0,0,0.9863268729973822,0.013673127002617842,1.0,0,0.7950804184030691,0.20491958159693094,1.0,0,0.8558761968944286,0.1441238031055714,1.0,0,0.9823959865620522,0.017604013437947763,1.0,0
2023-05-10,0,0,0.98559,0.01441,1.0,0,0.9797793375657045,0.020220662434295596,1.0,0,0.839608037223214,0.16039196277678608,1.0,0,0.8809715366241584,0.11902846337584161,1.0,0,0.982445757521457,0.017554242478543015,1.0,0
2023-05-11,0,0,0.98559,0.01441,1.0,0,0.9862691999407543,0.01373080005924561,1.0,0,0.8819310028204465,0.11806899717955356,1.0,0,0.9364841225111822,0.06351587748881785,1.0,0,0.982495390273181,0.017504609726819,1.0,0
2023-05-12,0,0,0.98559,0.01441,1.0,0,0.9881345728467363,0.011865427153263695,1.0,0,0.9040040494198722,0.09599595058012783,1.0,0,0.943469268581641,0.05653073141835895,1.0,0,0.9825448851868503,0.017455114813149694,1.0,0
2023-05-15,0,0,0.98559,0.01441,1.0,0,0.9797455147862554,0.020254485213744605,1.0,0,0.9052577504371138,0.09474224956288622,1.0,0,0.9152997463460193,0.08470025365398066,1.0,0,0.9825942426311824,0.01740575736881757,1.0,0
2023-05-16,0,0,0.98559,0.01441,1.0,0,0.988048866254697,0.011951133745303016,1.0,0,0.9174641142825211,0.08253588571747891,1.0,0,0.9439832443293469,0.056016755670653125,1.0,0,0.9826434629739881,0.017356537026011917,1.0,0
2023-05-17,0,0,0.98559,0.01441,1.0,0,0.9805236739573102,0.019476326042689833,1.0,0,0.925276045608504,0.07472395439149604,1.0,0,0.9372788263027911,0.06272117369720885,1.0,0,0.982692546582173,0.017307453417826996,1.0,0
2023-05-18,0,0,0.98559,0.01441,1.0,0,0.9879138498113849,0.012086150188615192,1.0,0,0.9372462837596032,0.06275371624039683,1.0,0,0.9581932884508082,0.04180671154919185,1.0,0,0.9827414938217397,0.017258506178260292,1.0,0
2023-05-19,0,0,0.98559,0.01441,1.0,0,0.9876737237469875,0.012326276253012485,1.0,0,0.9408515308227646,0.05914846917723533,1.0,0,0.9587536164999506,0.041246383500049416,1.0,0,0.9827903050577893,0.01720969494221072,1.0,0
2023-05-22,0,0,0.98559,0.01441,1.0,0,0.9847872809633861,0.015212719036613875,1.0,0,0.945516809214511,0.05448319078548903,1.0,0,0.9625683205764293,0.03743167942357074,1.0,0,0.9828389806545231,0.01716101934547688,1.0,0
2023-05-23,0,0,0.98559,0.01441,1.0,0,0.9810237027270371,0.018976297272962878,1.0,0,0.945161513306061,0.05483848669393899,1.0,0,0.9568619880429932,0.04313801195700689,1.0,0,0.9828875209752448,0.01711247902475526,1.0,0
2023-05-24,0,0,0.98559,0.01441,1.0,0,0.9878178438009106,0.012182156199089349,1.0,0,0.9513256410473838,0.04867435895261615,1.0,0,0.9679255879363305,0.032074412063669504,1.0,0,0.9829359263823615,0.017064073617638485,1.0,0
2023-05-25,0,0,0.98559,0.01441,1.0,0,0.9895286119082889,0.01047138809171114,1.0,0,0.9505608404411924,0.04943915955880763,1.0,0,0.9625543198154703,0.037445680184529664,1.0,0,0.9829841972373865,0.01701580276261354,1.0,0
2023-05-26,0,0,0.98559,0.01441,1.0,0,0.9785624682168076,0.021437531783192448,1.0,0,0.9539480370417563,0.04605196295824361,1.0,0,0.9575387948487842,0.04246120515121576,1.0,0,0.98303233390094,0.01696766609905995,1.0,0
2023-05-30,0,0,0.98559,0.01441,1.0,0,0.9851993551112627,0.014800644888737306,1.0,0,0.958565084960841,0.041434915039159,1.0,0,0.9718397011749216,0.028160298825078374,1.0,0,0.9830803367327519,0.016919663267248124,1.0,0
2023-05-31,0,0,0.98559,0.01441,1.0,0,0.9834547729190414,0.016545227080958656,1.0,0,0.9620493069541879,0.03795069304581208,1.0,0,0.9748751525595206,0.02512484744047942,1.0,0,0.9831282060916625,0.016871793908337488,1.0,0
2023-06-01,0,0,0.98559,0.01441,1.0,0,0.9786447546021395,0.021355245397860545,1.0,0,0.9609317548330698,0.03906824516693024,1.0,0,0.9656049159478465,0.034395084052153566,1.0,0,0.9831759423356252,0.01682405766437475,1.0,0
2023-06-02,0,0,0.98559,0.01441,1.0,0,0.9906377739380677,0.009362226061932285,1.0,0,0.9673015064430983,0.032698493556901666,1.0,0,0.9802396093583327,0.019760390641667354,1.0,0,0.9832235458217079,0.01677645417829215,1.0,0
2023-06-05,0,0,0.98559,0.01441,1.0,0,0.984149356485542,0.015850643514457936,1.0,0,0.9648500987766582,0.03514990122334184,1.0,0,0.9710285643023292,0.028971435697670828,1.0,0,0.9832710169060943,0.016728983093905667,1.0,0
2023-06-06,0,0,0.98559,0.01441,1.0,0,0.9844917061461695,0.01550829385383042,1.0,0,0.9678814533367368,0.0321185466632632,1.0,0,0.9792068573451317,0.02079314265486832,1.0,0,0.9833183559440867,0.01668164405591329,1.0,0
2023-06-07,0,0,0.98559,0.01441,1.0,0,0.9907452046669256,0.009254795333074361,1.0,0,0.9694985854095904,0.03050141459040957,1.0,0,0.9795948913277444,0.020405108672255656,1.0,0,0.9833655632901068,0.016634436709893192,1.0,0
2023-06-08,0,0,0.98559,0.01441,1.0,0,0.9751762304153003,0.024823769584699718,1.0,0,0.9626279101438484,0.03737208985615165,1.0,0,0.9589836200377895,0.041016379962210546,1.0,0,0.983412639297698,0.016587360702302045,1.0,0
2023-06-09,0,0,0.98559,0.01441,1.0,0,0.9885845666714175,0.011415433328582506,1.0,0,0.9721167779060763,0.02788322209392364,1.0,0,0.9840479896656784,0.015952010334321573,1.0,0,0.9834595843195267,0.016540415680473215,1.0,0
2023-06-12,0,0,0.98559,0.01441,1.0,0,0.9864229300038941,0.013577069996105865,1.0,0,0.9691489205133961,0.030851079486603945,1.0,0,0.9751401037099439,0.024859896290056176,1.0,0,0.983506398707385,0.016493601292615012,1.0,0
2023-06-13,0,0,0.98559,0.01441,1.0,0,0.9887424604954138,0.011257539504586134,1.0,0,0.9740279235298798,0.025972076470120214,1.0,0,0.9831505584667884,0.016849441533211565,1.0,0,0.9835530828121911,0.016446917187808927,1.0,0
2023-06-14,0,0,0.98559,0.01441,1.0,0,0.9822110313489073,0.01778896865109271,1.0,0,0.9707421082418849,0.029257891758115096,1.0,0,0.9748623824425182,0.025137617557481763,1.0,0,0.9835996369839921,0.016400363016007873,1.0,0
2023-06-15,0,0,0.98559,0.01441,1.0,0,0.9694801695006353,0.030519830499364707,1.0,0,0.9729314509960366,0.027068549003963337,1.0,0,0.9732755590163122,0.026724440983687724,1.0,0,0.9836460615719655,0.016353938428034447,1.0,0
2023-06-16,0,0,0.98559,0.01441,1.0,0,0.9865024747170065,0.013497525282993573,1.0,0,0.9757599060639803,0.02424009393601966,1.0,0,0.9830483469900734,0.016951653009926577,1.0,0,0.9836923569244209,0.016307643075579137,1.0,0
2023-06-20,0,0,0.98559,0.01441,1.0,0,0.9827786110651118,0.017221388934888258,1.0,0,0.9718715196114633,0.02812848038853663,1.0,0,0.973040727346999,0.026959272653001045,1.0,0,0.9837385233888014,0.016261476611198623,1.0,0
2023-06-21,0,0,0.98559,0.01441,1.0,0,0.9840010359555046,0.015998964044495464,1.0,0,0.974071770719814,0.025928229280185993,1.0,0,0.9781399695357545,0.02186003046424547,1.0,0,0.983784561311686,0.016215438688313943,1.0,0
2023-06-22,0,0,0.98559,0.01441,1.0,0,0.9920376673788656,0.007962332621134416,1.0,0,0.9761474731149756,0.0238525268850244,1.0,0,0.982540298219411,0.01745970178058898,1.0,0,0.9838304710387912,0.016169528961208823,1.0,0
2023-06-23,0,0,0.98559,0.01441,1.0,0,0.9848385493388292,0.015161450661170753,1.0,0,0.9714646788987844,0.028535321101215632,1.0,0,0.9718647413306158,0.02813525866938414,1.0,0,0.9838762529149722,0.016123747085027892,1.0,0
2023-06-26,0,0,0.98559,0.01441,1.0,0,0.9864257056849961,0.013574294315003916,1.0,0,0.9772583953140422,0.022741604685957807,1.0,0,0.9831634285583136,0.01683657144168638,1.0,0,0.9839219072842251,0.01607809271577492,1.0,0
2023-06-27,0,0,0.98559,0.01441,1.0,0,0.9888690073225055,0.011130992677494499,1.0,0,0.9768788521580133,0.02312114784198671,1.0,0,0.9826612029103148,0.017338797089685238,1.0,0,0.9839674344896889,0.01603256551031109,1.0,0
2023-06-28,0,0,0.98559,0.01441,1.0,0,0.9820392607610199,0.017960739238980145,1.0,0,0.9759869740756242,0.024013025924375812,1.0,0,0.9784561460440946,0.021543853955905405,1.0,0,0.9840128348736468,0.01598716512635323,1.0,0
2023-06-29,0,0,0.98559,0.01441,1.0,0,0.9913543063564935,0.00864569364350657,1.0,0,0.9814423366402188,0.01855766335978112,1.0,0,0.9895103806623915,0.010489619337608502,1.0,0,0.9840581087775279,0.015941891222472103,1.0,0
2023-06-30,0,0,0.98559,0.01441,1.0,0,0.9770603811446135,0.022939618855386583,1.0,0,0.9747173836150922,0.02528261638490781,1.0,0,0.9741409971385733,0.0258590028614267,1.0,0,0.9841032565419094,0.015896743458090577,1.0,0
2023-07-03,0,0,0.98559,0.01441,1.0,0,0.9891246522297792,0.010875347770220777,1.0,0,0.9822280009975638,0.017771999002436197,1.0,0,0.9900649844211181,0.00993501557888183,1.0,0,0.984148278506518,0.01585172149348204,1.0,0
2023-07-05,0,0,0.98559,0.01441,1.0,0,0.9888344590132396,0.011165540986760324,1.0,0,0.9798949789705153,0.020105021029484704,1.0,0,0.985668305903352,0.01433169409664808,1.0,0,0.9841931750102315,0.015806824989768466,1.0,0
2023-07-06,0,0,0.98559,0.01441,1.0,0,0.9879267751071316,0.012073224892868406,1.0,0,0.9791387691181527,0.02086123088184732,1.0,0,0.9818125183717916,0.018187481628208418,1.0,0,0.9842379463910812,0.015762053608918816,1.0,0
2023-07-07,0,0,0.98559,0.01441,1.0,0,0.9831446372789128,0.01685536272108719,1.0,0,0.976586909593046,0.023413090406954034,1.0,0,0.9719690606489872,0.0280309393510127,1.0,0,0.9842825929862528,0.015717407013747242,1.0,0
2023-07-10,0,0,0.98559,0.01441,1.0,0,0.9835231370251485,0.01647686297485156,1.0,0,0.978685670862352,0.02131432913764792,1.0,0,0.9809058570692761,0.019094142930723847,1.0,0,0.9843271151320887,0.015672884867911352,1.0,0
2023-07-11,0,0,0.98559,0.01441,1.0,0,0.9866038688327083,0.013396131167291709,1.0,0,0.981156489553586,0.01884351044641395,1.0,0,0.9873166295884694,0.012683370411530543,1.0,0,0.9843715131640896,0.01562848683591048,1.0,0
2023-07-12,0,0,0.98559,0.01441,1.0,0,0.9784337983932764,0.02156620160672361,1.0,0,0.9808742721145841,0.019125727885415927,1.0,0,0.9830980796002085,0.01690192039979153,1.0,0,0.984415787416916,0.015584212583083951,1.0,0
2023-07-13,0,0,0.98559,0.01441,1.0,0,0.98287805272616,0.017121947273839956,1.0,0,0.9835520756652815,0.0164479243347185,1.0,0,0.9902218125185913,0.009778187481408632,1.0,0,0.9844599382243907,0.015540061775609345,1.0,0
2023-07-14,0,0,0.98559,0.01441,1.0,0,0.9912724639954827,0.008727536004517257,1.0,0,0.9843872947115114,0.015612705288488555,1.0,0,0.9923449466971435,0.007655053302856524,1.0,0,0.9845039659194993,0.015496034080500732,1.0,0
2023-07-17,0,0,0.98559,0.01441,1.0,0,0.9860173049935247,0.013982695006475263,1.0,0,0.9807638895108719,0.01923611048912808,1.0,0,0.9820599013430495,0.017940098656950454,1.0,0,0.984547870834393,0.015452129165607011,1.0,0
2023-07-18,0,0,0.98559,0.01441,1.0,0,0.9843413348403267,0.01565866515967329,1.0,0,0.9819896001953621,0.018010399804637936,1.0,0,0.9852409748798298,0.014759025120170263,1.0,0,0.9845916533003899,0.015408346699610114,1.0,0
2023-07-19,0,0,0.98559,0.01441,1.0,0,0.9788039849599769,0.021196015040023115,1.0,0,0.9819263109330786,0.01807368906692147,1.0,0,0.9835530598856136,0.0164469401143864,1.0,0,0.9846353136479766,0.015364686352023323,1.0,0
2023-07-20,0,0,0.98559,0.01441,1.0,0,0.9876119764988431,0.01238802350115682,1.0,0,0.9840170108350328,0.015982989164967234,1.0,0,0.9872252759374304,0.01277472406256958,1.0,0,0.9846788522068105,0.015321147793189504,1.0,0
2023-07-21,0,0,0.98559,0.01441,1.0,0,0.9854626605971402,0.014537339402859846,1.0,0,0.980227268589825,0.01977273141017499,1.0,0,0.979981575101781,0.020018424898219082,1.0,0,0.9847222693057206,0.015277730694279403,1.0,0
2023-07-24,0,0,0.98559,0.01441,1.0,0,0.9838432997844313,0.016156700215568642,1.0,0,0.983091041081952,0.016908958918048018,1.0,0,0.9853287403787235,0.014671259621276425,1.0,0,0.9847655652727101,0.015234434727289928,1.0,0
2023-07-25,0,0,0.98559,0.01441,1.0,0,0.9854567479583499,0.014543252041650075,1.0,0,0.9833641585500154,0.01663584144998467,1.0,0,0.9855630613773583,0.01443693862264172,1.0,0,0.9848087404349576,0.015191259565042416,1.0,0
2023-07-26,0,0,0.98559,0.01441,1.0,0,0.9872779744633106,0.012722025536689486,1.0,0,0.9834116164501335,0.016588383549866487,1.0,0,0.9862811996720879,0.013718800327912112,1.0,0,0.9848517951188192,0.015148204881180882,1.0,0
2023-07-27,0,0,0.98559,0.01441,1.0,0,0.9939177689300034,0.006082231069996607,1.0,0,0.9857142425381646,0.014285757461835372,1.0,0,0.9918518421239323,0.008148157876067671,1.0,0,0.9848947296498296,0.015105270350170367,1.0,0
2023-07-28,0,0,0.98559,0.01441,1.0,0,0.9812257774569721,0.018774222543027835,1.0,0,0.9817203402526475,0.018279659747352486,1.0,0,0.9800174598293349,0.01998254017066514,1.0,0,0.9849375443527049,0.015062455647295164,1.0,0
2023-07-31,0,0,0.98559,0.01441,1.0,0,0.986556600282404,0.013443399717595986,1.0,0,0.9854652961882767,0.014534703811723292,1.0,0,0.9906732821930775,0.00932671780692249,1.0,0,0.9849802395513428,0.01501976044865712,1.0,0
2023-08-01,0,0,0.98559,0.01441,1.0,0,0.9910352769852625,0.008964723014737542,1.0,0,0.9860743938875063,0.013925606112493667,1.0,0,0.9910411966439719,0.008958803356028068,1.0,0,0.9850228155688261,0.014977184431173922,1.0,0
2023-08-02,0,1,0.98559,0.01441,1.0,0,0.9884319309211984,0.01156806907880154,1.0,0,0.9824195874781291,0.017580412521870918,1.0,0,0.9815996201591078,0.01840037984089213,1.0,0,0.9850652727274226,0.014934727272577381,1.0,0
2023-08-03,1,1,0.059,0.941,1.0,1,0.09258237974940442,0.9074176202505956,1.0,1,0.4163227973779161,0.5836772026220839,1.0,1,0.30473876209354367,0.6952612379064563,1.0,1,0.04579416445771245,0.9542058355422876,1.0,1
2023-08-04,1,1,0.059,0.941,1.0,1,0.03622128377269007,0.9637787162273099,1.0,1,0.24802632308893657,0.7519736769110634,1.0,1,0.12810890433475242,0.8718910956652476,1.0,1,0.04579416445771245,0.9542058355422876,1.0,1
2023-08-07,1,1,0.059,0.941,1.0,1,0.0679461883662148,0.9320538116337852,1.0,1,0.2742869525477064,0.7257130474522936,1.0,1,0.2802996236030182,0.7197003763969818,1.0,1,0.04579416445771245,0.9542058355422876,1.0,1
2023-08-08,1,0,0.059,0.941,1.0,1,0.05674934295945766,0.9432506570405423,1.0,1,0.17630552307814762,0.8236944769218524,1.0,1,0.15210908671802514,0.8478909132819749,1.0,1,0.04579416445771245,0.9542058355422876,1.0,1
2023-08-09,0,0,0.98559,0.01441,1.0,0,0.9834067565915985,0.016593243408401535,1.0,0,0.8045597529731814,0.19544024702681861,1.0,0,0.8778237353358864,0.12217626466411358,1.0,0,0.9823959865620522,0.017604013437947763,1.0,0
2023-08-10,0,0,0.98559,0.01441,1.0,0,0.9920362068446412,0.007963793155358776,1.0,0,0.8562232615546481,0.1437767384453519,1.0,0,0.9104802465410449,0.08951975345895516,1.0,0,0.982445757521457,0.017554242478543015,1.0,0
2023-08-11,0,0,0.98559,0.01441,1.0,0,0.9842724458862255,0.01572755411377447,1.0,0,0.8650165487288328,0.13498345127116712,1.0,0,0.8893264675123155,0.11067353248768451,1.0,0,0.982495390273181,0.017504609726819,1.0,0
2023-08-14,0,0,0.98559,0.01441,1.0,0,0.9806171642439223,0.01938283575607765,1.0,0,0.8964898307113339,0.10351016928866605,1.0,0,0.9242300757989087,0.07576992420109133,1.0,0,0.9825448851868503,0.017455114813149694,1.0,0
2023-08-15,0,0,0.98559,0.01441,1.0,0,0.9845829588395485,0.015417041160451514,1.0,0,0.9060681401993909,0.09393185980060914,1.0,0,0.928452252619965,0.07154774738003505,1.0,0,0.9825942426311824,0.01740575736881757,1.0,0
2023-08-16,0,0,0.98559,0.01441,1.0,0,0.9884254999903497,0.011574500009650273,1.0,0,0.9157089644884842,0.08429103551151582,1.0,0,0.939439348348439,0.06056065165156096,1.0,0,0.9826434629739881,0.017356537026011917,1.0,0
2023-08-17,0,0,0.98559,0.01441,1.0,0,0.9834103204192537,0.016589679580746315,1.0,0,0.9195809220535356,0.08041907794646437,1.0,0,0.9281289964553394,0.07187100354466054,1.0,0,0.982692546582173,0.017307453417826996,1.0,0
2023-08-18,0,0,0.98559,0.01441,1.0,0,0.9805648393753723,0.019435160624627648,1.0,0,0.9282602659608187,0.07173973403918135,1.0,0,0.939339006542026,0.06066099345797402,1.0,0,0.9827414938217397,0.017258506178260292,1.0,0
2023-08-21,0,0,0.98559,0.01441,1.0,0,0.9858747495152862,0.01412525048471383,1.0,0,0.94187680093279,0.05812319906720993,1.0,0,0.9567910021759395,0.04320899782406054,1.0,0,0.9827903050577893,0.01720969494221072,1.0,0
2023-08-22,0,0,0.98559,0.01441,1.0,0,0.9825873623626673,0.017412637637332695,1.0,0,0.9376520124027531,0.06234798759724692,1.0,0,0.9515424050416955,0.04845759495830444,1.0,0,0.9828389806545231,0.01716101934547688,1.0,0
2023-08-23,0,0,0.98559,0.01441,1.0,0,0.9716425903663007,0.028357409633699225,1.0,0,0.9452742356697766,0.05472576433022332,1.0,0,0.9596624342966641,0.04033756570333594,1.0,0,0.9828875209752448,0.01711247902475526,1.0,0
2023-08-24,0,0,0.98559,0.01441,1.0,0,0.990826553574455,0.00917344642554497,1.0,0,0.9584305198664063,0.0415694801335937,1.0,0,0.9799149391815921,0.020085060818407864,1.0,0,0.9829359263823615,0.017064073617638485,1.0,0
2023-08-25,0,0,0.98559,0.01441,1.0,0,0.980339189898431,0.019660810101569004,1.0,0,0.9497339621689069,0.050266037831093055,1.0,0,0.9573213026564221,0.04267869734357788,1.0,0,0.9829841972373865,0.01701580276261354,1.0,0
2023-08-28,0,0,0.98559,0.01441,1.0,0,0.9831864594753577,0.016813540524642314,1.0,0,0.9553606104495574,0.04463938955044252,1.0,0,0.9631118659090253,0.03688813409097466,1.0,0,0.98303233390094,0.01696766609905995,1.0,0
2023-08-29,0,0,0.98559,0.01441,1.0,0,0.978802570747363,0.021197429252636974,1.0,0,0.958372306444481,0.04162769355551894,1.0,0,0.9695261981581373,0.030473801841862647,1.0,0,0.9830803367327519,0.016919663267248124,1.0,0
2023-08-30,0,0,0.98559,0.01441,1.0,0,0.9866767993365287,0.013323200663471271,1.0,0,0.9656061003223425,0.03439389967765749,1.0,0,0.9814485789357273,0.018551421064272676,1.0,0,0.9831282060916625,0.016871793908337488,1.0,0
2023-08-31,0,0,0.98559,0.01441,1.0,0,0.9819345262187914,0.01806547378120857,1.0,0,0.9619495601303547,0.03805043986964534,1.0,0,0.9718211106429115,0.02817888935708848,1.0,0,0.9831759423356252,0.01682405766437475,1.0,0
2023-09-01,0,0,0.98559,0.01441,1.0,0,0.9890572961617424,0.010942703838257533,1.0,0,0.9667582792495013,0.033241720750498645,1.0,0,0.9777479628142702,0.022252037185729732,1.0,0,0.9832235458217079,0.01677645417829215,1.0,0
2023-09-05,0,0,0.98559,0.01441,1.0,0,0.9854267146208155,0.014573285379184503,1.0,0,0.9621176862322409,0.037882313767759045,1.0,0,0.9636020510262143,0.03639794897378563,1.0,0,0.9832710169060943,0.016728983093905667,1.0,0
2023-09-06,0,0,0.98559,0.01441,1.0,0,0.9826051594275688,0.0173948405724312,1.0,0,0.9625964085426997,0.037403591457300274,1.0,0,0.9684505756789117,0.03154942432108834,1.0,0,0.9833183559440867,0.01668164405591329,1.0,0
2023-09-07,0,0,0.98559,0.01441,1.0,0,0.982634632896372,0.017365367103628047,1.0,0,0.9638586753220034,0.036141324677996585,1.0,0,0.9649281751854015,0.03507182481459851,1.0,0,0.9833655632901068,0.016634436709893192,1.0,0
2023-09-08,0,0,0.98559,0.01441,1.0,0,0.9838427582114868,0.016157241788513136,1.0,0,0.9668137363382124,0.0331862636617876,1.0,0,0.9739053652623461,0.02609463473765399,1.0,0,0.983412639297698,0.016587360702302045,1.0,0
2023-09-11,0,0,0.98559,0.01441,1.0,0,0.9843996044324921,0.01560039556750792,1.0,0,0.9707590046416668,0.029240995358333213,1.0,0,0.9783277811732598,0.021672218826740242,1.0,0,0.9834595843195267,0.016540415680473215,1.0,0
2023-09-12,0,0,0.98559,0.01441,1.0,0,0.9820650001295287,0.017934999870471355,1.0,0,0.9682806509796379,0.0317193490203621,1.0,0,0.9745493946096134,0.02545060539038653,1.0,0,0.983506398707385,0.016493601292615012,1.0,0
2023-09-13,0,0,0.98559,0.01441,1.0,0,0.9843116820676945,0.015688317932305545,1.0,0,0.9712793946060112,0.028720605393988803,1.0,0,0.9763704826121433,0.023629517387856673,1.0,0,0.9835530828121911,0.016446917187808927,1.0,0
2023-09-14,0,0,0.98559,0.01441,1.0,0,0.9875185392592181,0.012481460740781951,1.0,0,0.9722932092843934,0.027706790715606524,1.0,0,0.9782776187063099,0.021722381293690102,1.0,0,0.9835996369839921,0.016400363016007873,1.0,0
2023-09-15,0,0,0.98559,0.01441,1.0,0,0.9885841934081768,0.011415806591823226,1.0,0,0.9729673512835604,0.027032648716439598,1.0,0,0.9805705546440922,0.01942944535590783,1.0,0,0.9836460615719655,0.016353938428034447,1.0,0
2023-09-18,0,0,0.98559,0.01441,1.0,0,0.9798469021445608,0.02015309785543917,1.0,0,0.9714926585997867,0.028507341400213312,1.0,0,0.973737735330914,0.02626226466908601,1.0,0,0.9836923569244209,0.016307643075579137,1.0,0
2023-09-19,0,0,0.98559,0.01441,1.0,0,0.9885588067553723,0.011441193244627612,1.0,0,0.9743880701926712,0.02561192980732885,1.0,0,0.9812099356481402,0.018790064351859776,1.0,0,0.9837385233888014,0.016261476611198623,1.0,0
2023-09-20,0,1,0.98559,0.01441,1.0,0,0.9883131742003279,0.011686825799672096,1.0,0,0.9726365181041415,0.02736348189585849,1.0,0,0.9784278134567457,0.02157218654325432,1.0,0,0.983784561311686,0.016215438688313943,1.0,0
2023-09-21,1,1,0.059,0.941,1.0,1,0.1027443815178446,0.8972556184821554,1.0,1,0.4329548496298029,0.5670451503701971,1.0,1,0.3189537771980169,0.6810462228019831,1.0,1,0.04579416445771245,0.9542058355422876,1.0,1
2023-09-22,1,1,0.059,0.941,1.0,1,0.04686357872166136,0.9531364212783386,1.0,1,0.250503878550585,0.749496121449415,1.0,1,0.12572873590621747,0.8742712640937825,1.0,1,0.04579416445771245,0.9542058355422876,1.0,1
2023-09-25,1,1,0.059,0.941,1.0,1,0.10767995443595624,0.8923200455640438,1.0,1,0.2686423748318859,0.7313576251681141,1.0,1,0.2793221139539195,0.7206778860460805,1.0,1,0.04579416445771245,0.9542058355422876,1.0,1
2023-09-26,1,1,0.059,0.941,1.0,1,0.06770120334840879,0.9322987966515912,1.0,1,0.17250959441757896,0.827490405582421,1.0,1,0.122401016369179,0.877598983630821,1.0,1,0.04579416445771245,0.9542058355422876,1.0,1
2023-09-27,1,0,0.059,0.941,1.0,1,0.05803513439657293,0.9419648656034271,1.0,1,0.165740283599352,0.834259716400648,1.0,1,0.1433132692033232,0.8566867307966768,1.0,1,0.04579416445771245,0.9542058355422876,1.0,1
2023-09-28,0,0,0.98559,0.01441,1.0,0,0.96971835710296,0.030281642897040082,1.0,0,0.7685966941486282,0.23140330585137184,1.0,0,0.7699826686950128,0.23001733130498728,1.0,0,0.9823959865620522,0.017604013437947763,1.0,0
2023-09-29,0,0,0.98559,0.01441,1.0,0,0.9896381370324675,0.01036186296753254,1.0,0,0.8505336529803574,0.14946634701964254,1.0,0,0.9193676525754284,0.08063234742457162,1.0,0,0.982445757521457,0.017554242478543015,1.0,0
2023-10-02,0,1,0.98559,0.01441,1.0,0,0.988185204952077,0.011814795047923078,1.0,0,0.8825780725279169,0.11742192747208309,1.0,0,0.9250111595575661,0.07498884044243388,1.0,0,0.982495390273181,0.017504609726819,1.0,0
2023-10-03,1,1,0.059,0.941,1.0,1,0.09264787617105563,0.9073521238289444,1.0,1,0.4030322216520298,0.5969677783479702,1.0,1,0.2688182893957942,0.7311817106042058,1.0,1,0.04579416445771245,0.9542058355422876,1.0,1
2023-10-04,1,1,0.059,0.941,1.0,1,0.04288787384010295,0.957112126159897,1.0,1,0.25329469575926744,0.7467053042407326,1.0,1,0.13667591300240411,0.8633240869975959,1.0,1,0.04579416445771245,0.9542058355422876,1.0,1
2023-10-05,1,1,0.059,0.941,1.0,1,0.08309474036038023,0.9169052596396198,1.0,1,0.2520192533912423,0.7479807466087577,1.0,1,0.23612357636245196,0.763876423637548,1.0,1,0.04579416445771245,0.9542058355422876,1.0,1
2023-10-06,1,1,0.059,0.941,1.0,1,0.06558182590276529,0.9344181740972347,1.0,1,0.20261729864355382,0.7973827013564462,1.0,1,0.1752326143084748,0.8247673856915252,1.0,1,0.04579416445771245,0.9542058355422876,1.0,1
2023-10-10,1,1,0.059,0.941,1.0,1,0.029068003517758845,0.9709319964822412,1.0,1,0.14775867175484958,0.8522413282451504,1.0,1,0.10408019922366141,0.8959198007763386,1.0,1,0.04579416445771245,0.9542058355422876,1.0,1
2023-10-11,1,1,0.059,0.941,1.0,1,0.04594481450446053,0.9540551854955395,1.0,1,0.16206961618126892,0.8379303838187311,1.0,1,0.19232654442388353,0.8076734555761165,1.0,1,0.04579416445771245,0.9542058355422876,1.0,1
2023-10-12,1,1,0.059,0.941,1.0,1,0.10547701658898812,0.8945229834110119,1.0,1,0.14604180665371091,0.8539581933462891,1.0,1,0.1531862095547809,0.8468137904452191,1.0,1,0.04579416445771245,0.9542058355422876,1.0,1
2023-10-13,1,1,0.059,0.941,1.0,1,0.02312700986615379,0.9768729901338462,1.0,1,0.08341845095695088,0.9165815490430491,1.0,1,0.039281567498555714,0.9607184325014443,1.0,1,0.04579416445771245,0.9542058355422876,1.0,1
2023-10-16,1,1,0.059,0.941,1.0,1,0.06754860798392948,0.9324513920160705,1.0,1,0.11672873824302021,0.8832712617569798,1.0,1,0.1082575443972027,0.8917424556027973,1.0,1,0.04579416445771245,0.9542058355422876,1.0,1
2023-10-17,1,1,0.059,0.941,1.0,1,0.06612553958830958,0.9338744604116904,1.0,1,0.08465707849143489,0.9153429215085651,1.0,1,0.06999180918164993,0.9300081908183501,1.0,1,0.04579416445771245,0.9542058355422876,1.0,1
2023-10-18,1,1,0.059,0.941,1.0,1,0.0492968475685297,0.9507031524314703,1.0,1,0.08117932215569046,0.9188206778443095,1.0,1,0.06599251729826239,0.9340074827017376,1.0,1,0.04579416445771245,0.9542058355422876,1.0,1
2023-10-19,1,1,0.059,0.941,1.0,1,0.06014777607393007,0.9398522239260699,1.0,1,0.07301090492205653,0.9269890950779435,1.0,1,0.0498572811636222,0.9501427188363778,1.0,1,0.04579416445771245,0.9542058355422876,1.0,1
2023-10-20,1,1,0.059,0.941,1.0,1,0.045588806749819355,0.9544111932501806,1.0,1,0.05863457074367939,0.9413654292563206,1.0,1,0.04038344584211229,0.9596165541578877,1.0,1,0.04579416445771245,0.9542058355422876,1.0,1
2023-10-23,1,1,0.059,0.941,1.0,1,0.04091902762588284,0.9590809723741172,1.0,1,0.06373384284397188,0.9362661571560281,1.0,1,0.060990323630773835,0.9390096763692262,1.0,1,0.04579416445771245,0.9542058355422876,1.0,1
2023-10-24,1,1,0.059,0.941,1.0,1,0.055124063104906806,0.9448759368950932,1.0,1,0.06289026132929876,0.9371097386707012,1.0,1,0.06726970576590385,0.9327302942340961,1.0,1,0.04579416445771245,0.9542058355422876,1.0,1
2023-10-25,1,1,0.059,0.941,1.0,1,0.07518021231937566,0.9248197876806243,1.0,1,0.06838129924074898,0.931618700759251,1.0,1,0.0755068097231677,0.9244931902768323,1.0,1,0.04579416445771245,0.9542058355422876,1.0,1
2023-10-26,1,1,0.059,0.941,1.0,1,0.03118841499162961,0.9688115850083704,1.0,1,0.045067424306684756,0.9549325756933152,1.0,1,0.028559666311174015,0.971440333688826,1.0,1,0.04579416445771245,0.9542058355422876,1.0,1
2023-10-27,1,1,0.059,0.941,1.0,1,0.042207101173144634,0.9577928988268554,1.0,1,0.05550979191998473,0.9444902080800153,1.0,1,0.05472526904364694,0.9452747309563531,1.0,1,0.04579416445771245,0.9542058355422876,1.0,1
2023-10-30,1,0,0.059,0.941,1.0,1,0.056458217330089155,0.9435417826699108,1.0,1,0.04998851993627018,0.9500114800637298,1.0,1,0.050788290178098716,0.9492117098219013,1.0,1,0.04579416445771245,0.9542058355422876,1.0,1
2023-10-31,0,1,0.98559,0.01441,1.0,0,0.9886664079414059,0.01133359205859411,1.0,0,0.8023677368752491,0.19763226312475096,1.0,0,0.8810780920191578,0.11892190798084225,1.0,0,0.9823959865620522,0.017604013437947763,1.0,0
2023-11-01,1,1,0.059,0.941,1.0,1,0.032628541719290305,0.9673714582807097,1.0,1,0.4039261935173796,0.5960738064826204,1.0,1,0.28209118223360263,0.7179088177663974,1.0,1,0.04579416445771245,0.9542058355422876,1.0,1
2023-11-02,1,1,0.059,0.941,1.0,1,0.05501778136428026,0.9449822186357197,1.0,1,0.33974070353211594,0.6602592964678841,1.0,1,0.36399193975317357,0.6360080602468264,1.0,1,0.04579416445771245,0.9542058355422876,1.0,1
2023-11-03,1,1,0.059,0.941,1.0,1,0.062112611944072915,0.9378873880559271,1.0,1,0.26822911900550517,0.7317708809944948,1.0,1,0.255038344911265,0.744961655088735,1.0,1,0.04579416445771245,0.9542058355422876,1.0,1
2023-11-06,1,1,0.059,0.941,1.0,1,0.06347872839038249,0.9365212716096175,1.0,1,0.22538562164896703,0.774614378351033,1.0,1,0.23779167990521877,0.7622083200947812,1.0,1,0.04579416445771245,0.9542058355422876,1.0,1
2023-11-07,1,1,0.059,0.941,1.0,1,0.04911584725080376,0.9508841527491962,1.0,1,0.15076772280439033,0.8492322771956097,1.0,1,0.12066613271632198,0.879333867283678,1.0,1,0.04579416445771245,0.9542058355422876,1.0,1
2023-11-08,1,1,0.059,0.941,1.0,1,0.047428578683468614,0.9525714213165314,1.0,1,0.13858047292379705,0.861419527076203,1.0,1,0.12002036226769075,0.8799796377323092,1.0,1,0.04579416445771245,0.9542058355422876,1.0,1
2023-11-09,1,1,0.059,0.941,1.0,1,0.11191178105774424,0.8880882189422558,1.0,1,0.14112500533129524,0.8588749946687048,1.0,1,0.14654858177466856,0.8534514182253314,1.0,1,0.04579416445771245,0.9542058355422876,1.0,1
2023-11-10,1,1,0.059,0.941,1.0,1,0.039898578270586516,0.9601014217294135,1.0,1,0.09301755176884552,0.9069824482311545,1.0,1,0.05408930778896648,0.9459106922110335,1.0,1,0.04579416445771245,0.9542058355422876,1.0,1
2023-11-13,1,1,0.059,0.941,1.0,1,0.04149383068569268,0.9585061693143073,1.0,1,0.10709090646116604,0.892909093538834,1.0,1,0.0987587575226998,0.9012412424773002,1.0,1,0.04579416445771245,0.9542058355422876,1.0,1
2023-11-14,1,1,0.059,0.941,1.0,1,0.033524235471964814,0.9664757645280352,1.0,1,0.08804482871720232,0.9119551712827977,1.0,1,0.07882272462218465,0.9211772753778154,1.0,1,0.04579416445771245,0.9542058355422876,1.0,1
2023-11-15,1,1,0.059,0.941,1.0,1,0.0832848816487971,0.9167151183512029,1.0,1,0.11012035982944113,0.8898796401705589,1.0,1,0.17166900430885956,0.8283309956911404,1.0,1,0.04579416445771245,0.9542058355422876,1.0,1
2023-11-16,1,1,0.059,0.941,1.0,1,0.052585641994539745,0.9474143580054603,1.0,1,0.0713505218198297,0.9286494781801703,1.0,1,0.06980026036783382,0.9301997396321662,1.0,1,0.04579416445771245,0.9542058355422876,1.0,1
2023-11-17,1,0,0.059,0.941,1.0,1,0.042003732895575796,0.9579962671044242,1.0,1,0.0785656118743916,0.9214343881256084,1.0,1,0.08118201918774604,0.918817980812254,1.0,1,0.04579416445771245,0.9542058355422876,1.0,1
2023-11-20,0,0,0.98559,0.01441,1.0,0,0.9767193731671364,0.023280626832863586,1.0,0,0.7986779395082946,0.2013220604917054,1.0,0,0.8556129093831071,0.1443870906168929,1.0,0,0.9823959865620522,0.017604013437947763,1.0,0
2023-11-21,0,0,0.98559,0.01441,1.0,0,0.9891351442396699,0.01086485576033017,1.0,0,0.8598030164405894,0.14019698355941052,1.0,0,0.9221459075451424,0.07785409245485769,1.0,0,0.982445757521457,0.017554242478543015,1.0,0
2023-11-22,0,0,0.98559,0.01441,1.0,0,0.9849298852671468,0.015070114732853242,1.0,0,0.8787539979746464,0.12124600202535366,1.0,0,0.9171661909200646,0.08283380907993543,1.0,0,0.982495390273181,0.017504609726819,1.0,0
2023-11-24,0,0,0.98559,0.01441,1.0,0,0.9903927628575419,0.009607237142458164,1.0,0,0.9067965707281995,0.09320342927180048,1.0,0,0.9478934750866199,0.05210652491338007,1.0,0,0.9825448851868503,0.017455114813149694,1.0,0
2023-11-27,0,0,0.98559,0.01441,1.0,0,0.9767424578741076,0.02325754212589237,1.0,0,0.8992132055985769,0.10078679440142317,1.0,0,0.9216639618683021,0.07833603813169784,1.0,0,0.9825942426311824,0.01740575736881757,1.0,0
2023-11-28,0,0,0.98559,0.01441,1.0,0,0.9784796584570098,0.021520341542990158,1.0,0,0.9261401656505871,0.07385983434941294,1.0,0,0.9493493789244251,0.05065062107557499,1.0,0,0.9826434629739881,0.017356537026011917,1.0,0
2023-11-29,0,0,0.98559,0.01441,1.0,0,0.9832265061954629,0.016773493804537087,1.0,0,0.9244591307959652,0.07554086920403484,1.0,0,0.9484539307864733,0.05154606921352668,1.0,0,0.982692546582173,0.017307453417826996,1.0,0
2023-11-30,0,0,0.98559,0.01441,1.0,0,0.9897129778647343,0.010287022135265717,1.0,0,0.9436967945244816,0.05630320547551837,1.0,0,0.9686240867387467,0.03137591326125335,1.0,0,0.9827414938217397,0.017258506178260292,1.0,0
2023-12-01,0,0,0.98559,0.01441,1.0,0,0.9760957898826688,0.0239042101173312,1.0,0,0.9301839144151325,0.06981608558486746,1.0,0,0.941207979427652,0.058792020572347975,1.0,0,0.9827903050577893,0.01720969494221072,1.0,0
2023-12-04,0,0,0.98559,0.01441,1.0,0,0.9905844402454096,0.009415559754590368,1.0,0,0.9535784280750303,0.046421571924969665,1.0,0,0.9803409384971404,0.019659061502859575,1.0,0,0.9828389806545231,0.01716101934547688,1.0,0
2023-12-05,0,0,0.98559,0.01441,1.0,0,0.9787901281233189,0.021209871876681084,1.0,0,0.9389278278810326,0.06107217211896743,1.0,0,0.9510186024095311,0.04898139759046895,1.0,0,0.9828875209752448,0.01711247902475526,1.0,0
