DATE,HARD_STATE,POSTERIOR_STATE_0,POSTERIOR_STATE_1,POSTERIOR_STATE_2,POSTERIOR_STATE_3,MAX_POSTERIOR,POSTERIOR_ENTROPY,NORMALIZED_POSTERIOR_ENTROPY
2000-01-03,2,1.4695117948767618e-151,2.5257564446408578e-26,1.0,8.419325330852551e-55,1.0,1.4886978169564298e-24,1.0738684789526335e-24
2000-01-04,2,8.177248180465848e-06,0.00116849752084686,0.9985543400049822,0.00026898522599028623,0.9985543400049822,0.01164143031559861,0.008397516892584276
2000-01-05,2,0.0008755426209261264,0.0016276478300046677,0.9974355265246055,6.128302446361137e-05,0.9974355265246055,0.01977053916585421,0.014261429405139445
2000-01-06,2,0.013155034511249757,0.002239233487255669,0.984449913088809,0.0001558189126855131,0.984449913088809,0.08743135047626838,0.06306838787516865
2000-01-07,2,0.0007150628263814238,0.0014530933871636869,0.9975920805462284,0.00023976324022654432,0.9975920805462284,0.01907755111134103,0.013761544190318718
2000-01-10,2,0.39375310840042244,0.0001849271919766773,0.6060539055162151,8.058891385923812e-06,0.6060539055162151,0.6721777707233145,0.4848737682091623
2000-01-11,2,0.009085854912411788,0.0001384169177955548,0.9906703337094546,0.00010539446033810135,0.9906703337094546,0.054193993381680974,0.039092702748860224
2000-01-12,2,0.1777976462075276,9.617218278104064e-05,0.8220895328876686,1.664872202253928e-05,0.8220895328876686,0.4692009170909483,0.3384569181338324
2000-01-13,2,0.00575301617109645,0.0015314886137128773,0.9924388764911523,0.0002766187240385037,0.9924388764911523,0.049399369601228905,0.03563411277336698
2000-01-14,0,0.22435698883389715,0.00098437092668333,0.7746025092841381,5.6130955281359814e-05,0.7746025092841381,0.5405075525631988,0.3898937828229788
2000-01-18,0,0.7394024266769985,6.782449017848769e-05,0.26052572846374983,4.02036907313436e-06,0.7394024266769985,0.5743572209724669,0.41431115719787226
2000-01-19,0,0.9587144562721719,7.132364844168052e-06,0.04127795117093654,4.6019204730047166e-07,0.9587144562721719,0.17208300600498116,0.12413164969232603
2000-01-20,0,0.9914552301057665,6.047286369914187e-07,0.008544135020654871,3.0144941655994434e-08,0.9914552301057665,0.049208869881408754,0.035496696272829344
2000-01-21,0,0.9927918200544236,1.7644337303376484e-07,0.007207994160729972,9.341473472491827e-09,0.9927918200544236,0.04273895143354384,0.030829636642983976
2000-01-24,2,0.2125751363469664,3.8800826097825665e-05,0.7873813520241193,4.710802816579143e-06,0.7873813520241193,0.5178336033063226,0.37353798574784713
2000-01-25,2,0.4345982093555849,6.502954166986508e-05,0.5653289560708272,7.805031918024326e-06,0.5653289560708272,0.6853178483135061,0.49435233059729505
2000-01-26,2,0.7966485766386266,5.838360461625608e-05,0.20328940211044488,3.637646312292194e-06,0.7966485766386266,0.5055914612233046,0.3647071469113331
2000-01-27,2,0.8127696652743212,6.36976340687974e-05,0.18716225403731834,4.383054291678548e-06,0.8127696652743212,0.482805394154936,0.3482704739308838
2000-01-28,2,0.00732017135323154,0.0011036228749121703,0.9913567089824976,0.00021949678935861822,0.9913567089824976,0.05396382227395485,0.03892666939102403
2000-01-31,2,1.6724893309535756e-06,0.002195620510472562,0.9966448998382674,0.0011578071619290223,0.9966448998382674,0.02463994032027072,0.017773959853927292
2000-02-01,2,0.016138770869526385,0.0027135947325407903,0.9809253650426804,0.0002222693552524575,0.9809253650426804,0.10339426304025773,0.07458319527227443
2000-02-02,2,6.542939492587563e-06,0.00710144285907831,0.9924170717829065,0.0004749424185226063,0.9924170717829065,0.046400703971223284,0.03347103275652033
2000-02-03,2,0.03251161063155464,0.0027190438021776936,0.9646554472485958,0.0001138983176719828,0.9646554472485958,0.16319926048754488,0.11772338189106357
2000-02-04,2,0.0016952633521738248,0.0008588360914295107,0.9973446627168235,0.00010123783957316107,0.9973446627168235,0.020461962833786387,0.014760186153578951
2000-02-07,2,0.00813305293772193,0.0007703206013311151,0.9910552950764022,4.133138454474092e-05,0.9910552950764022,0.05397875374713607,0.038937440172179885
2000-02-08,2,2.6975310611106624e-05,0.004956110944933438,0.9935995086756413,0.0014174050688142076,0.9935995086756413,0.04226316211428957,0.03048642719728594
2000-02-09,2,0.0018738338148103894,0.0025443197922718564,0.9954620434019223,0.00011980299099530095,0.9954620434019223,0.032576159544824936,0.023498731913263304
2000-02-10,2,0.014261639770134123,0.001488369077641603,0.9842037307213216,4.626043090266362e-05,0.9842037307213216,0.08643653802602883,0.06235078238088105
2000-02-11,2,0.08048299457464254,0.0003545761149407912,0.9191437406186782,1.8688691738374814e-05,0.9191437406186782,0.2833097356620549,0.2043647753376049
2000-02-14,2,0.1430706417115371,0.0007979128874570286,0.856055224631861,7.622076914478321e-05,0.856055224631861,0.41765202883057395,0.3012722554055417
2000-02-15,2,0.000918348657179279,0.000719633395348445,0.9982856221387814,7.639580869100982e-05,0.9982856221387814,0.014066879290328838,0.010147108496470538
2000-02-16,2,0.3588587881752812,0.00013017515068817204,0.6410046064178294,6.430256201086618e-06,0.6410046064178294,0.6540761231405934,0.4718161896094065
2000-02-17,2,0.7776246132731178,7.538631784281016e-05,0.22229510161829358,4.898790745713005e-06,0.7776246132731178,0.5306331097387242,0.3827708779757733
2000-02-18,2,0.06259911414754606,0.00041852809753467753,0.9369396904000327,4.266735488661842e-05,0.9369396904000327,0.23817620389907648,0.17180781411147814
2000-02-22,2,0.005125718895436652,0.0017461953279743487,0.9929582119007444,0.00016987387584456746,0.9929582119007444,0.04661080988032089,0.033622592133078624
2000-02-23,2,0.01330128770232655,0.0008424673842651401,0.985832622000194,2.3622913214382493e-05,0.985832622000194,0.07774233840525831,0.056079243042188885
2000-02-24,2,0.5280726387393075,8.31728607564283e-05,0.47183982780689165,4.360593044458447e-06,0.5280726387393075,0.6924271964204483,0.49948064122621444
2000-02-25,2,0.04350811207328446,0.0008175509391343798,0.9556361874181876,3.814956939356199e-05,0.9556361874181876,0.18595469140871118,0.1341379555626926
2000-02-28,2,0.23167863662143098,0.00022756633258168676,0.7680812730329835,1.25240130038274e-05,0.7680812730329835,0.5435237040876844,0.39206947624645133
2000-02-29,2,0.08240097412515889,0.0009641643257514748,0.9165329209135985,0.00010194063549120244,0.9165329209135985,0.293200725520246,0.21149961634655254
2000-03-01,2,0.17429487916968187,0.000564359343323793,0.8251063819523583,3.437953463610689e-05,0.8251063819523583,0.4676898707986142,0.3373669286375804
2000-03-02,2,0.10401130563888135,0.00015612647527961737,0.895815571928779,1.699595706011201e-05,0.895815571928779,0.33551753703430326,0.24202474340533423
2000-03-03,2,0.24564041391979707,0.0002536283864657894,0.7540842550378788,2.170265585845064e-05,0.7540842550378788,0.5600254341068738,0.4039729582788379
2000-03-06,2,0.42592879728172817,0.0001648652746159691,0.5738957891909682,1.0548252687739403e-05,0.5738957891909682,0.6837685513110596,0.4932347490461482
2000-03-07,2,0.0013450387265636942,0.001352941331178217,0.9968006394106894,0.0005013805315686476,0.9968006394106894,0.024833116641860355,0.01791330711451456
2000-03-08,2,0.000712886930411976,0.00796741871976947,0.9794629211550531,0.01185677319476548,0.9794629211550531,0.11657524071039978,0.08409126083166549
2000-03-09,2,0.020981738686526502,0.0016229371816554386,0.9772851288266275,0.00011019530519059132,0.9772851288266275,0.114959711740763,0.08292590301521176
2000-03-10,2,0.2476585575268654,0.00031499617190289297,0.7520149236878929,1.1522613338817249e-05,0.7520149236878929,0.5626525133771149,0.40586799539643736
2000-03-13,2,0.3848625928168448,5.7178404852671455e-05,0.6150724653673214,7.763410981182219e-06,0.6150724653673214,0.6670778245459349,0.48119493467970914
2000-03-14,2,0.2800456134894609,0.00021072112155290937,0.7197281896876916,1.5475701294656644e-05,0.7197281896876916,0.595103394454145,0.4292763579975918
2000-03-15,2,1.0089432150097123e-05,0.0009500767226004397,0.9986809103239979,0.00035892352125174736,0.9986809103239979,0.010892967058813827,0.007857614778158772
2000-03-16,2,7.871601174518711e-08,0.009887276125716464,0.9882742990993847,0.0018383460588870509,0.9882742990993847,0.06888218530530625,0.04968799357277998
2000-03-17,2,0.4136123098990684,0.00041918877709330596,0.5859580114325142,1.0489891323975284e-05,0.5859580114325142,0.6817269028394418,0.49176201098352745
2000-03-20,2,0.6045453395945733,0.0008251043681248676,0.3945761674342444,5.338860305733778e-05,0.6045453395945733,0.6775715891771867,0.4887645857765907
2000-03-21,2,0.05467882623663861,0.0011285992011161696,0.9441082848758987,8.428968634650031e-05,0.9441082848758987,0.22166203665690612,0.15989536051913306
2000-03-22,2,0.00388546888722353,0.0006872736766715478,0.9953745695968772,5.268783922766345e-05,0.9953745695968772,0.03170535287581067,0.022870577681783348
2000-03-23,2,3.1960201382444448e-06,0.0006653352390553756,0.999156557963644,0.00017491077716252633,0.999156557963644,0.007263794904825726,0.005239720443613298
2000-03-24,2,0.03125782158592154,0.0010243213659983288,0.9676755417823096,4.231526577047201e-05,0.9676755417823096,0.14759710957180075,0.10646880901439094
2000-03-27,0,0.5264191069394742,0.0001096489352977694,0.4734664892679392,4.754857288851701e-06,0.5264191069394742,0.6928375537439713,0.49977665146403405
2000-03-28,0,0.7922144782837653,8.302775701956272e-05,0.20769899308507167,3.5008741434152674e-06,0.7922144782837653,0.5117825229555065,0.3691730539407757
2000-03-29,0,0.9652502304160903,7.2638788405270785e-06,0.034742133612292544,3.720927765386768e-07,0.9652502304160903,0.15095703121732162,0.10889248016227518
2000-03-30,2,9.186857455817115e-10,1.835265711311159e-05,0.9986521040062813,0.001329542417919901,0.9986521040062813,0.010352609185450336,0.007467828966055366
2000-03-31,2,0.38800101418699584,0.00016657017195510678,0.6118190650786258,1.3350562423108075e-05,0.6118190650786258,0.6695360834758362,0.48296819366340393
2000-04-03,2,0.36239789459761,0.00019745929708693883,0.6373866355771334,1.801052816968004e-05,0.6373866355771334,0.6567849349976359,0.4737701843258348
2000-04-04,2,6.761451154176336e-07,0.0009610868991609869,0.9982573389051959,0.0007808980505276838,0.9982573389051959,0.014015223801700848,0.01010984693783139
2000-04-05,2,0.04510981268577904,0.00014663897087292713,0.9547270551508303,1.6493192517613565e-05,0.9547270551508303,0.1854881611884517,0.133801425145096
2000-04-06,2,0.15397765056503634,0.000134500095971115,0.8458702961290225,1.755320997002413e-05,0.8458702961290225,0.4310648781942276,0.31094758103610864
2000-04-07,2,0.1162852567888743,0.0005837531470064103,0.883052581516448,7.840854767131134e-05,0.883052581516448,0.36512563812912535,0.26338247371515366
2000-04-10,2,0.08091102451850467,0.0010716418251526315,0.9179455235145741,7.181014176853271e-05,0.9179455235145741,0.2900487214663039,0.20922592603781043
2000-04-11,2,0.0005072220955436445,0.0008284086313452648,0.9985599103703714,0.00010445890273969059,0.9985599103703714,0.01212306002314154,0.008744939287892772
2000-04-12,2,0.002229208441312211,0.002238080541153872,0.9950532727907107,0.0004794382268233884,0.9950532727907107,0.03586763065533056,0.02587302643744118
2000-04-13,2,0.04519101525589512,0.0005321512653908122,0.9542493872429574,2.744623575649211e-05,0.9542493872429574,0.18893777115582894,0.13628979274156414
2000-04-14,2,3.1324062779447846e-11,0.038758571666410696,0.9460231038364687,0.015218324465796504,0.9460231038364687,0.24216676258818298,0.17468639372705327
2000-04-17,2,9.336263991707704e-15,0.022111989550177936,0.879127886585581,0.09876012386423164,0.879127886585581,0.42617214956216504,0.3074182233691626
2000-04-18,2,0.01706745346388983,0.0056520853048988035,0.9765742903175012,0.0007061709137100228,0.9765742903175012,0.1270010303589643,0.09161187834333323
2000-04-19,2,0.0038797924289140887,0.008539455552262104,0.9864186333727839,0.0011621186460398295,0.9864186333727839,0.08355617600266772,0.06027304037734707
2000-04-20,2,0.23620316471408573,0.0005790915933961546,0.7632068825702438,1.0861122274215894e-05,0.7632068825702438,0.5515352163067303,0.39784856072067076
2000-04-24,2,0.44696315858751107,9.843320733402233e-05,0.5529311549402629,7.253264892051486e-06,0.5529311549402629,0.6885478381682509,0.49668227577007606
2000-04-25,2,0.0013351315613555222,0.0007705912100659096,0.9976983159222194,0.00019596130635917469,0.9976983159222194,0.018332809799987443,0.013224326892001237
2000-04-26,2,0.2125281824945767,0.00037674430226282234,0.7870804608689633,1.461233419715e-05,0.7870804608689633,0.5207177893986544,0.3756184862340512
2000-04-27,2,0.03896738382754634,0.0005360590685924426,0.9604356164887666,6.094061509467158e-05,0.9604356164887666,0.16985019262762482,0.12252101529895476
2000-04-28,2,0.09853661606618326,0.00018967247220517302,0.9012591189845448,1.4592477066841925e-05,0.9012591189845448,0.323826713856596,0.2335915970941402
2000-05-01,2,0.36914009002232734,0.0001801181924196431,0.6306680592899022,1.1732495350797367e-05,0.6306680592899022,0.6602860382075494,0.4762956964451261
2000-05-02,2,0.15420210306485996,0.00040704716513189607,0.8453357607623478,5.5089007660257195e-05,0.8453357607623478,0.43403183360621567,0.3130877869658156
2000-05-03,2,6.281844193162341e-06,0.0038143351670892325,0.9947661814210123,0.0014132015677052895,0.9947661814210123,0.0358106152393593,0.0258318985085032
2000-05-04,2,0.0009850282498582888,0.0002578434789835881,0.9987000534904172,5.70747807409026e-05,0.9987000534904172,0.01080658191880908,0.007795301071613099
2000-05-05,2,0.0004071528114368061,0.0009575984004439564,0.9984328577482181,0.00020239103990117967,0.9984328577482181,0.013122022972135064,0.009465538734165157
2000-05-08,2,0.015341557569572173,0.00011805846264669634,0.9845085115018296,3.187246595143394e-05,0.9845085115018296,0.08085323093245546,0.058323277653051814
2000-05-09,2,0.07217591903042966,0.0007579383965319427,0.9269750104504246,9.113212261374324e-05,0.9269750104504246,0.26630996607100654,0.19210203369497464
2000-05-10,2,0.008317461240540747,0.00023813903876182744,0.9913942478508898,5.015186980752779e-05,0.9913942478508898,0.0508874883252397,0.03670756352505917
2000-05-11,2,0.03140816812846012,0.002056994371366019,0.9663458603984834,0.00018897710169052252,0.9663458603984834,0.15612110825263315,0.11261757432708143
2000-05-12,2,0.00023095643389150662,0.00013807720865604057,0.9995667923423782,6.417401507418187e-05,0.9995667923423782,0.0042136958105727235,0.0030395390248639347
2000-05-15,2,0.004347614951874447,0.0005084321071273279,0.9950457761589775,9.817678202052832e-05,0.9950457761589775,0.033346905517110316,0.024054707609263933
2000-05-16,2,0.304833361455992,0.00020867144640759528,0.6949462396583944,1.172743920602671e-05,0.6949462396583944,0.616945958182625,0.44503243718328145
2000-05-17,2,0.2718787931601942,0.000307203272013475,0.7277999464480502,1.4057119742030555e-05,0.7277999464480502,0.5879795581212741,0.4241375963228231
2000-05-18,2,0.3824924730863215,0.0003148935880369956,0.6171762761497088,1.6357175932684968e-05,0.6171762761497088,0.6681619607226972,0.4819769736226408
2000-05-19,2,4.9122334037781344e-05,0.00017724081536830546,0.9996658822056315,0.00010775464496247439,0.9996658822056315,0.003336829813080305,0.0024070139118107015
2000-05-22,2,9.38389806006635e-05,0.0007137623149613188,0.9990436708437639,0.00014872786067413312,0.9990436708437639,0.00830810468558334,0.005993030714538723
2000-05-23,2,0.03224073921974926,0.00041050581306052887,0.9673298665727287,1.888839446153151e-05,0.9673298665727287,0.146268784839796,0.10551062526261425
2000-05-24,2,0.14158840887021765,0.0005046587590554007,0.8578805728615875,2.6359509139527633e-05,0.8578805728615875,0.4123953534426274,0.2974803656486649
2000-05-25,2,0.04212434845418543,0.00060427234033846,0.9572019151103939,6.946409508230458e-05,0.9572019151103939,0.1804258087950552,0.13014970979850324
2000-05-26,2,0.5278137717279301,0.00015667065418881705,0.4720216885520592,7.869065821933875e-06,0.5278137717279301,0.6931053437499847,0.4999698211208716
2000-05-30,2,0.0018992769136128348,0.000764633462725273,0.9971901154968936,0.00014597412676819048,0.9971901154968936,0.02148369009356041,0.015497206578987477
2000-05-31,2,0.026458426068732582,0.00044035053596757143,0.9730121752907356,8.904810456429679e-05,0.9730121752907356,0.1269556090268788,0.09157911377805808
2000-06-01,2,0.00016959584563637863,0.0064770232517422375,0.9922253837897405,0.001127997112881026,0.9922253837897405,0.04951375145649658,0.03571662184104815
2000-06-02,2,0.0003569650382519268,0.0009095418904656917,0.9985867665660203,0.0001467265052622136,0.9985867665660203,0.011910053778265333,0.00859128776131213
2000-06-05,2,0.0010091205049052566,0.0009383596023929411,0.9979907033161982,6.181657650366541e-05,0.9979907033161982,0.016109616458377465,0.011620631887562197
2000-06-06,2,0.4163457670070914,8.574726375861162e-05,0.5835628917850836,5.593944066309911e-06,0.5835628917850836,0.6799978307008989,0.4905147490837199
2000-06-07,2,0.5247482983565226,0.0001086221185668595,0.4751331011379651,9.9783869454945e-06,0.5247482983565226,0.6930584459923246,0.4999359915396691
2000-06-08,2,0.6954406934696293,6.383619539972021e-05,0.30449155358505614,3.916749914694829e-06,0.6954406934696293,0.6153306061646158,0.4438672070104455
2000-06-09,2,0.35614487768453906,0.00026845149138632574,0.643572641703946,1.402912012866706e-05,0.643572641703946,0.6536900403084563,0.4715376897157583
2000-06-12,2,0.24645932599912518,0.00016231903467541148,0.7533539743219042,2.4380644295179854e-05,0.7533539743219042,0.5602209776130397,0.40411401310214967
2000-06-13,2,0.15748969264110477,0.0005915954865843986,0.8418920367577114,2.6675114599576784e-05,0.8418920367577114,0.440673845386232,0.31787898569409334
2000-06-14,2,0.12089363579517949,0.00023551043499204464,0.8788392183681846,3.163540164390245e-05,0.8788392183681846,0.37122958709426923,0.26778554216607986
2000-06-15,0,0.6443333696354006,5.0899381773141395e-05,0.35561264189018893,3.0890926375282018e-06,0.6443333696354006,0.6514246463493225,0.4699035534005072
2000-06-16,0,0.8841829216202579,4.65993643912393e-05,0.11576783144308136,2.64757226950393e-06,0.8841829216202579,0.3589489717469312,0.2589269507357451
2000-06-19,0,0.8889282911026969,2.1966761658427524e-05,0.11104820898570233,1.5331499424559738e-06,0.8889282911026969,0.34897814903419244,0.2517345224951195
2000-06-20,0,0.9507587420226706,9.735234028911614e-06,0.04923077203208434,7.507112160891175e-07,0.9507587420226706,0.19637692497635711,0.1416560079042072
2000-06-21,0,0.9405875388318784,1.000978179893655e-05,0.05940158904733448,8.62338988236611e-07,0.9405875388318784,0.22545526881256345,0.16263159912908673
2000-06-22,0,0.7019420168040075,5.000856931485314e-05,0.2980013206036274,6.654023050361058e-06,0.7019420168040075,0.6097724822042858,0.43985786807333843
2000-06-23,0,0.14017779840735925,0.0001477421996360203,0.8596530521107111,2.1407282293593324e-05,0.8596530521107111,0.4069629544883611,0.29356171813293974
2000-06-26,0,0.3487480694243685,0.0002565035048122563,0.650977436457195,1.7990613624332138e-05,0.650977436457195,0.6491423401698878,0.4682572174970769
2000-06-27,0,0.5512897877851077,9.927652808181218e-05,0.4486023812324621,8.554454348442925e-06,0.5512897877851077,0.6889129483396655,0.4969456470869151
2000-06-28,0,0.9329717039947634,1.1232552868021397e-05,0.06701654557406193,5.178783066647165e-07,0.9329717039947634,0.2459988399432035,0.17745065322524878
2000-06-29,0,0.6828467056085082,0.00017370572886773452,0.316956478127637,2.3110534987031666e-05,0.6828467056085082,0.6264264582919336,0.4518711724297048
2000-06-30,0,0.9245741088215861,2.122112341704259e-05,0.07540351405551692,1.1559994799139328e-06,0.9245741088215861,0.26766181818552554,0.19307718886579053
2000-07-03,0,0.983876933618295,2.2029747540687626e-06,0.016120747073325836,1.1633362527276882e-07,0.983876933618295,0.08256371090396351,0.0595571281392691
2000-07-05,0,0.16961494829223273,0.0009339860553703275,0.8293080218386231,0.00014304381377388598,0.8293080218386231,0.46393309476264505,0.3346569875591688
2000-07-06,0,0.470279867148638,0.00023024826519369397,0.5294791422455919,1.0742340576435477e-05,0.5294791422455919,0.6935189221675724,0.5002681548869079
2000-07-07,0,0.6999882134133537,0.0001180974344272282,0.29988586908353515,7.820068683896017e-06,0.6999882134133537,0.6120086112678035,0.4414708942287007
2000-07-10,0,0.973743229897618,4.26766256487227e-06,0.02625230915034584,1.9328947124945885e-07,0.973743229897618,0.12152319936492173,0.08766045853836671
2000-07-11,0,0.9893847194032115,4.40169347867084e-07,0.010614802887999044,3.753944164991652e-08,0.9893847194032115,0.0588154698848315,0.04242639336520029
2000-07-12,0,0.9854535022172237,5.027922979226244e-07,0.014545958451713964,3.653876444383337e-08,0.9854535022172237,0.07598393340129204,0.05481082195264065
2000-07-13,2,0.0004057452619079904,0.0014112310505214102,0.997913043834108,0.000269979853462661,0.997913043834108,0.016734351441893457,0.012071282918856382
2000-07-14,2,7.22815699317794e-06,0.002342411456916381,0.9975252973021345,0.00012506308395603732,0.9975252973021345,0.017868094173407827,0.012889105427056227
2000-07-17,0,0.26311213158744906,0.00039892924185191676,0.7364760422516541,1.2896919044827022e-05,0.7364760422516541,0.5798404865289255,0.4182664972109623
2000-07-18,0,0.7677737408276039,3.9438574308593186e-05,0.2321833477235092,3.472874578403275e-06,0.7677737408276039,0.5423762422933789,0.3912417575263243
2000-07-19,0,0.9722212235796006,4.210767111195245e-06,0.027774365399312956,2.0025397512799526e-07,0.9722212235796006,0.12697790865984834,0.09159519956300749
2000-07-20,0,0.1618597231440358,0.0013526519765391014,0.8365816104077123,0.00020601447171265944,0.8365816104077123,0.45470665899054796,0.3280015209924263
2000-07-21,0,0.3906536746564609,0.00041021398397775364,0.608916048113784,2.0063245777317542e-05,0.608916048113784,0.6726727714567244,0.4852308357608257
2000-07-24,0,0.6255685263076942,0.00011812584777820172,0.374308099272494,5.248572033565341e-06,0.6255685263076942,0.6624063999547096,0.47782521413388546
2000-07-25,0,0.9463789263508994,7.952571415247943e-06,0.05361266255601534,4.5852167001060223e-07,0.9463789263508994,0.20912617015105156,0.15085264429851183
2000-07-26,0,0.9627596707150531,4.891755437514394e-06,0.03723521432621164,2.232032976937737e-07,0.9627596707150531,0.15912385665674203,0.114783599442904
2000-07-27,2,0.08120524294543392,0.00032175670051089346,0.9184361100707362,3.6890283319086915e-05,0.9184361100707362,0.28499540770993165,0.20558073068962332
2000-07-28,2,0.01546929289849102,0.0005278656266113407,0.9839716160337624,3.1225441135317714e-05,0.9839716160337624,0.0846967152314456,0.06109576552199566
2000-07-31,0,0.3391171113786011,0.00020421885859360272,0.6606658505308097,1.2819231995560206e-05,0.6606658505308097,0.642454746792189,0.46343313859633284
2000-08-01,0,0.8674830660383455,3.0283518564272677e-05,0.13248471864312758,1.9317999625567475e-06,0.8674830660383455,0.3914510569779426,0.2823722493264104
2000-08-02,0,0.9240389179110807,1.4611282536268667e-05,0.07594570615504924,7.646513337590113e-07,0.9240389179110807,0.2689415535162533,0.1940003227734362
2000-08-03,0,0.9757876007666133,3.93401746770348e-06,0.02420822124101023,2.439749087068075e-07,0.9757876007666133,0.11404987725778877,0.08226959616690342
2000-08-04,0,0.9714171828589765,3.989691058454614e-06,0.02857853359883291,2.9385113227004054e-07,0.9714171828589765,0.12982392663631837,0.09364816757347456
2000-08-07,0,0.9743153313133042,3.1927697032064787e-06,0.025681247850365057,2.2806662758881064e-07,0.9743153313133042,0.11944042887730139,0.08615805721146683
2000-08-08,0,0.9906525987209095,6.294467312300264e-07,0.009346731628680533,4.020367863693148e-08,0.9906525987209095,0.0529879894919675,0.03822275483336901
2000-08-09,0,0.9065464606719235,3.5663001545439544e-06,0.09344968102424397,2.9200367810077116e-07,0.9065464606719235,0.3104999038033098,0.22397833570676762
2000-08-10,0,0.9835155570639426,1.915426648584134e-06,0.016482381744583895,1.4576482495131083e-07,0.9835155570639426,0.08404314631398209,0.06062431520394376
2000-08-11,0,0.9568724228574339,2.0734040718685132e-06,0.04312532742896157,1.7630953275315718e-07,0.9568724228574339,0.17778450456760966,0.12824441154329586
2000-08-14,0,0.9328978436940684,8.807708638818614e-06,0.0670924782633126,8.703339803569582e-07,0.9328978436940684,0.2461759854203573,0.1775784366759516
2000-08-15,0,0.9924607314198687,6.498051915377846e-07,0.0075385867689372965,3.2006002351266326e-08,0.9924607314198687,0.044367091886481726,0.032004091721646075
2000-08-16,0,0.9898298547126668,1.2717579729525846e-07,0.010170006216026777,1.1895509116478009e-08,0.9898298547126668,0.056783655676427444,0.04096074922396416
2000-08-17,0,0.7366413276027867,1.5670873132536477e-05,0.26334128609894714,1.7154251337463315e-06,0.7366413276027867,0.57673108833388,0.4160235405328917
2000-08-18,0,0.6282031695178809,4.151958357672769e-05,0.37174925322402713,6.057674515232997e-06,0.6282031695178809,0.6603972476737628,0.4763759171178291
2000-08-21,0,0.860579184848515,1.655678303057749e-05,0.13940283546706625,1.422901388193414e-06,0.860579184848515,0.4040946809765906,0.2914926961472675
2000-08-22,0,0.9743364673803894,3.284706940515021e-06,0.025660059959180824,1.879534892966194e-07,0.9743364673803894,0.11936392482641422,0.08610287120405541
2000-08-23,0,0.9671930770934722,3.6770275589705498e-06,0.03280301026101904,2.356179498364223e-07,0.9671930770934722,0.14440799475968288,0.10416834895225696
2000-08-24,0,0.9932567386015732,4.0840882512537397e-07,0.006742829904141349,2.3085460373605612e-08,0.9932567386015732,0.04043615321785884,0.029168518860015622
2000-08-25,0,0.9904180912464061,1.5903413584984068e-07,0.009581739885393941,9.834064196935254e-09,0.9904180912464061,0.054073457114449205,0.039005754211368954
2000-08-28,0,0.9813102265300188,7.460222857479941e-07,0.018688970616119408,5.683157594626838e-08,0.9813102265300188,0.09290426616130927,0.06701626203417461
2000-08-29,0,0.9872724637055695,6.463082479540997e-07,0.012726853759179008,3.622700339379057e-08,0.9872724637055695,0.06819653947534376,0.04919340465343344
2000-08-30,0,0.9859775359497965,7.749373234076529e-07,0.014021622621623682,6.64912562908921e-08,0.9859775359497965,0.07376812152491342,0.0532124515498435
2000-08-31,0,0.9635391628946843,2.8634869854676167e-06,0.036457675891826316,2.977265038964222e-07,0.9635391628946843,0.15656229192422222,0.1129358210746428
2000-09-01,0,0.9844275339705619,1.3393036546643732e-06,0.015571058519236012,6.820654724492929e-08,0.9844275339705619,0.08028187831506362,0.057911133859196745
2000-09-05,0,0.9931655024171867,2.434721210173594e-07,0.006834237095782496,1.7014909749994396e-08,0.9931655024171867,0.04088931166414907,0.029495403581615554
2000-09-06,0,0.9494071669492598,1.8030171059350556e-06,0.05059093479453811,9.523909620846143e-08,0.9494071669492598,0.20027873881322175,0.14447057164066548
2000-09-07,0,0.8835877632923326,6.382596576468419e-06,0.11640479647648437,1.0576346067615491e-06,0.8835877632923326,0.3597974831582995,0.25953902233840453
2000-09-08,0,0.9133025444460392,4.5358292025345056e-05,0.08664960103544979,2.496226485669268e-06,0.9133025444460392,0.2952462558748061,0.21297515459580835
2000-09-11,0,0.9014513700204471,9.893691388908649e-06,0.09853621022616631,2.5260619977483044e-06,0.9014513700204471,0.322012443133097,0.23228287740632922
2000-09-12,0,0.9416171687895254,8.812332785290347e-06,0.05837357804802676,4.408296625025556e-07,0.9416171687895254,0.22258643100731662,0.16056217009171456
2000-09-13,0,0.9805031449666851,2.0618847733893512e-06,0.01949467729453592,1.1585400560569861e-07,0.9805031449666851,0.09609689875703271,0.06931925964078994
2000-09-14,2,0.801842255470574,3.092978329430842e-05,0.19812560776038607,1.2069857457050938e-06,0.801842255470574,0.4981556157671253,0.3593433182291098
2000-09-15,2,2.015236797140854e-05,0.000546585287027211,0.9991974989352542,0.00023576340974713731,0.9991974989352542,0.007095177313832801,0.005118088562447229
2000-09-18,2,2.8633770975250318e-09,2.143148516401709e-05,0.9994201299120072,0.0005584357394516275,0.9994201299120072,0.004993051512302081,0.003601725327850676
2000-09-19,0,0.28755737253127145,0.0001625564234054291,0.712264604676447,1.546636887619589e-05,0.712264604676447,0.6016572606213374,0.43400397310662103
2000-09-20,0,0.44727208658854767,0.0001299624613533005,0.5525901473341707,7.803615928359756e-06,0.5525901473341707,0.6888871475924256,0.496927035781868
2000-09-21,0,0.293005437162191,0.00013121082518589142,0.7068460268363567,1.7325176266470896e-05,0.7068460268363567,0.6062806280657452,0.4373390277487484
2000-09-22,0,0.324221296135742,0.00012844226720007472,0.6756411841317506,9.077465307279664e-06,0.6756411841317506,0.6313503474978436,0.45542300769933136
2000-09-25,0,0.4720465459071609,8.986679705421768e-05,0.527856237685369,7.349610415752308e-06,0.527856237685369,0.6925428690412931,0.49956408138444425
2000-09-26,0,0.7837874347794767,4.999607309976515e-05,0.21615957411486023,2.9950325633185104e-06,0.7837874347794767,0.5225774229159478,0.3769599282606862
2000-09-27,0,0.9029163278754535,2.6900248302659104e-05,0.09705566503992108,1.106836322713664e-06,0.9029163278754535,0.3188884278400409,0.23002937672085255
2000-09-28,0,0.7611141249938536,4.8401940605626203e-05,0.2388289070487769,8.566016764012378e-06,0.7611141249938536,0.5503485550364032,0.3969925655557129
2000-09-29,0,0.909482677192878,1.407540803718886e-05,0.0905022063198108,1.0410792739852039e-06,0.909482677192878,0.30388346903291313,0.21920558689095934
2000-10-02,0,0.9446591949420182,6.245328341208169e-06,0.05533385269828587,7.070313548637666e-07,0.9446591949420182,0.21402196639369736,0.15438421477874578
2000-10-03,0,0.8018038689522848,2.0955100377359516e-05,0.19817353503114782,1.6409161900633472e-06,0.8018038689522848,0.49812517109692067,0.35932135704174695
2000-10-04,0,0.9232047136905808,1.3205837296543615e-05,0.07678120562847791,8.748436447094867e-07,0.9232047136905808,0.2710102189987349,0.1954925494898534
2000-10-05,0,0.9133622355218939,1.7918630736319416e-05,0.08661852308919707,1.3227581725959342e-06,0.9133622355218939,0.2948749570814839,0.21270731913190138
2000-10-06,2,0.8147676142588487,3.1049474902004746e-05,0.18519813960980833,3.1966564409936207e-06,0.8147676142588487,0.479574788080915,0.34594008424985584
2000-10-10,2,0.0019545667547787807,0.0027922010809801594,0.994130302156411,0.0011229300078300327,0.994130302156411,0.04209167401973467,0.030362724685493014
2000-10-11,2,0.08729416327157191,0.0002613785329573613,0.9124285064899834,1.595170548739715e-05,0.9124285064899834,0.2988168075685782,0.21555076320672972
2000-10-12,2,7.800874147714625e-06,2.055175111403601e-05,0.9996706742513621,0.0003009731233761326,0.9996706742513621,0.003083263274039967,0.002224104317606265
2000-10-13,2,6.079229190328139e-08,0.0035831542114942968,0.9909268472379047,0.00548993775830918,0.9909268472379047,0.057785690642298534,0.04168356466199394
2000-10-16,2,0.2236890007759077,0.0006043892312793429,0.7756570561734001,4.9553819412934144e-05,0.7756570561734001,0.5369961036405537,0.38736080784946136
2000-10-17,2,0.0005949589823544326,0.00011880741408348479,0.9991870861695518,9.91474340104062e-05,0.9991870861695518,0.007219167197728407,0.0052075283577555235
2000-10-18,2,0.000539832250836134,0.00012283820929762652,0.9992937271386035,4.3602401262691796e-05,0.9992937271386035,0.006311756975850283,0.004552970244177762
2000-10-19,2,0.001605078439269268,0.0004091753679840431,0.9978067504709429,0.0001789957218038708,0.9978067504709429,0.01725538127196568,0.01244712649485659
2000-10-20,2,0.10272204332163769,0.00023592740646187239,0.8970076486056154,3.438066628503464e-05,0.8970076486056154,0.3335878736777382,0.24063278552778342
2000-10-23,2,0.016618589238008002,0.00011642081215676331,0.9832321878569482,3.280209288703713e-05,0.9832321878569482,0.08610993524680152,0.06211518827591516
2000-10-24,2,0.38303042818391764,0.0001790052882886094,0.6167826457638581,7.920763935711152e-06,0.6167826457638581,0.6672623342482671,0.4813280302959844
2000-10-25,2,0.012137293666829462,0.00043591327695088325,0.9873755556043701,5.123745184961463e-05,0.9873755556043701,0.06996705826909214,0.050470563995204186
2000-10-26,2,0.6047725017278264,6.985716832233351e-05,0.39515367111315153,3.969990699576741e-06,0.6047725017278264,0.6717521967127845,0.48456678145190085
2000-10-27,2,0.4199083540112018,0.00016358969348288584,0.5798735890821582,5.446721315711921e-05,0.5798735890821582,0.6823226245432473,0.49219173335744254
2000-10-30,2,0.6807177054855202,6.715672298985141e-05,0.31921037000167046,4.7677898193657945e-06,0.6807177054855202,0.6270207858624195,0.45229988914900665
2000-10-31,2,0.18317205518166074,0.00020324047497737927,0.8166030900638069,2.1614279554879713e-05,0.8166030900638069,0.4783087798368956,0.3450268523421702
2000-11-01,2,0.45056678985939697,0.00012419370607380604,0.5493025586819921,6.457752537228974e-06,0.5493025586819921,0.6894984244159931,0.4973679788028535
2000-11-02,2,0.3598844993135263,8.792726834063818e-05,0.6400165300659411,1.1043352191950763e-05,0.6400165300659411,0.6543537205246749,0.4720164337940956
2000-11-03,2,0.021350759128372757,0.00011602933662346002,0.9784917984234475,4.1413111556287785e-05,0.9784917984234475,0.10487386220229812,0.075650500459064
2000-11-06,2,0.5342119023652929,6.23466810227643e-05,0.46572173394833744,4.0170053469635e-06,0.5342119023652929,0.691473699100913,0.49879283829901727
2000-11-07,2,0.062207623997560295,6.0519542747146936e-05,0.9377063402742151,2.551618547741907e-05,0.9377063402742151,0.2339373282339544,0.16875011166096987
2000-11-08,2,0.03214292990658197,9.606080573094595e-05,0.9677412068699243,1.980241776276594e-05,0.9677412068699243,0.14332919789492296,0.10339016150879911
2000-11-09,2,0.38272428432051536,9.459356780965255e-05,0.6171729737690681,8.148342606836006e-06,0.6171729737690681,0.6664072018364164,0.4807111826510443
2000-11-13,2,1.3078642483733076e-11,0.0012838657977735863,0.9955380676922752,0.003178066496872704,0.9955380676922752,0.031278380442251924,0.022562582175537596
2000-11-14,2,0.07135236928759335,0.0004664717047997968,0.9281388162755795,4.2342732027385346e-05,0.9281388162755795,0.26159851495314307,0.18870344011340842
2000-11-15,2,0.04383960201086579,0.0002515827114316841,0.9558798956459857,2.891963171685742e-05,0.9558798956459857,0.18261544483415984,0.13172919832598723
2000-11-16,2,0.3346899246802348,0.0001501204971901768,0.6651516804414239,8.274381151113063e-06,0.6651516804414239,0.6389626789596645,0.4609141441241174
2000-11-17,2,0.5894447025226883,9.806820992796231e-05,0.4104502127608341,7.016506549631351e-06,0.5894447025226883,0.6780599598830153,0.48911687077429783
2000-11-20,2,0.1638881103090213,0.00023995386315903331,0.8358543583181385,1.757750968130093e-05,0.8358543583181385,0.44846525736078097,0.3234993014026957
2000-11-21,2,0.360070468777076,0.00017639809682298228,0.6397414316747844,1.1701451316701024e-05,0.6397414316747844,0.6552202810107615,0.4726415250520493
2000-11-22,2,0.038235569762979205,0.0005305299320422778,0.9611611435046745,7.275680030400128e-05,0.9611611435046745,0.16756946826513716,0.12087582043525696
2000-11-24,2,0.18024046312648292,0.00016061579047980037,0.8195876368597832,1.1284223254161556e-05,0.8195876368597832,0.4734274046908484,0.34150568448420965
2000-11-27,2,0.5953258999922639,7.982017608082119e-05,0.40458940610327554,4.873728379646172e-06,0.5953258999922639,0.675682235193217,0.48740170496501223
2000-11-28,2,0.19558176309336922,0.0001902786013257156,0.8042074704549466,2.048785035848432e-05,0.8042074704549466,0.496232272630075,0.35795591942623467
2000-11-29,2,0.7477310523825449,4.206808469250383e-05,0.2522242354400716,2.6440926911488284e-06,0.7477310523825449,0.5652551114017911,0.4077453730282513
2000-11-30,2,0.0006025059239092704,0.0003686516511535298,0.998919391545973,0.00010945087896417692,0.998919391545973,0.009459882012603303,0.006823862433488746
2000-12-01,2,0.136775255971985,0.00032308233897870967,0.8628823246960525,1.933699298384644e-05,0.8628823246960525,0.4021648434007568,0.2901006125970792
2000-12-04,2,0.271090746078489,0.0001341802114194382,0.7287633987332608,1.1674976830687961e-05,0.7287633987332608,0.5857694253151461,0.42254332250326965
2000-12-05,2,6.331328838222664e-05,0.0018313102109933437,0.9957634019967823,0.00234197450384214,0.9957634019967823,0.030566708476939066,0.022049219367989314
2000-12-06,2,0.0018410165222443177,0.0011788636766554034,0.9968141460483858,0.00016597375271446468,0.9968141460483858,0.02416836120956721,0.017433787431727903
2000-12-07,0,0.5345078137944705,0.00010717237454259272,0.46538096123487255,4.052596114353695e-06,0.5345078137944705,0.6918198583327503,0.49904253940258203
2000-12-08,0,0.5376756222614307,0.00010883992463577812,0.4622072497437109,8.288070222745797e-06,0.5376756222614307,0.6914225425116818,0.4987559366202209
2000-12-11,0,0.9396169741672221,1.216924280853472e-05,0.06037009245666441,7.641333047311438e-07,0.9396169741672221,0.22814523786427465,0.164572001634611
2000-12-12,0,0.9746339761591841,2.4693804852196736e-06,0.025363410142175493,1.443181551189008e-07,0.9746339761591841,0.11827223148012952,0.08531538091562721
2000-12-13,2,0.26355000106063253,0.0004624244007640957,0.7359580135287754,2.9561009827996334e-05,0.7359580135287754,0.5809380306185715,0.419058207918607
2000-12-14,2,0.28292366313966727,0.00025154692668533216,0.7168107425180847,1.4047415562550726e-05,0.7168107425180847,0.5981124093545115,0.4314469034349517
2000-12-15,2,0.3162649885930142,0.00014598384795894425,0.6835730187731618,1.6008785864931306e-05,0.6835730187731618,0.6255884825296328,0.45126670069137664
2000-12-18,2,0.7959639817360165,4.411785033929198e-05,0.2039897638961451,2.136517499193979e-06,0.7959639817360165,0.5063899495356163,0.3652831344755231
2000-12-19,2,0.005497142075096999,0.00038930679808390996,0.9940610616912489,5.2489435570300055e-05,0.9940610616912489,0.03809957605188398,0.027483034715012466
2000-12-20,2,8.817073251544863e-05,0.013965365163920352,0.9850484692233463,0.0008979948802179109,0.9850484692233463,0.08161064065333544,0.05886963327716914
2000-12-21,2,0.3023799995509814,0.0008485069015202778,0.6967558692595472,1.562428795106361e-05,0.6967558692595472,0.6195934202786357,0.44694217740170955
2000-12-22,2,0.05671411588641249,0.0004953990941434618,0.9427551004106282,3.538460881583308e-05,0.9427551004106282,0.22246126467226965,0.1604718816662853
2000-12-26,0,0.5758839214104119,9.217647831929415e-05,0.4240193516243386,4.550486930074866e-06,0.5758839214104119,0.6825120240297565,0.4923283562074094
2000-12-27,0,0.8928979601958226,2.0046824275002407e-05,0.10708091090519445,1.082074708017597e-06,0.8928979601958226,0.34061887104219285,0.24570457804288448
2000-12-28,0,0.9882988023913057,1.404242399085153e-06,0.011699707504723525,8.586157158633116e-08,0.9882988023913057,0.06369532934566662,0.04594646788739125
2000-12-29,0,0.9818514617235369,7.122936181331947e-07,0.018147771498731285,5.448411362376092e-08,0.9818514617235369,0.09075202352662953,0.06546374714625348
2001-01-02,2,0.12828543419813704,0.00014249821869971891,0.871550897164777,2.1170418386144078e-05,0.871550897164777,0.38474537021249533,0.27753511880527765
2001-01-03,2,1.9912348301332284e-08,0.012018466112703553,0.9856025941850715,0.00237891978987674,0.9856025941850715,0.08180230449492486,0.059007889514058526
2001-01-04,2,4.9054931089535836e-05,0.013928465735828377,0.9856855028651212,0.00033697646796084977,0.9856855028651212,0.07692036213405952,0.05548631249709544
2001-01-05,2,5.8814653115563235e-05,0.04893024638480337,0.9504402559582805,0.0005706830038005479,0.9504402559582805,0.20078616692656193,0.14483660365202725
2001-01-08,2,0.13932699555667413,0.00398518719448997,0.8566702678059012,1.7549442934808973e-05,0.8566702678059012,0.4293437602842168,0.30970605689932973
2001-01-09,2,0.7487305508293456,9.504386144766138e-05,0.25117219063310753,2.2146760991871777e-06,0.7487305508293456,0.5645974414691319,0.4072709644530567
2001-01-10,2,0.9122109441373588,5.269235381235641e-05,0.08773268119131067,3.682317518133653e-06,0.9122109441373588,0.29787679435439457,0.2148726870054933
2001-01-11,2,0.8897496495845112,3.3360660744757904e-05,0.11021563594607914,1.3538086649371623e-06,0.8897496495845112,0.34735877807168253,0.2505663932666332
2001-01-12,2,0.36736655102351673,0.0002821558594260461,0.6323361615008664,1.5131616190882893e-05,0.6323361615008664,0.6601743406967084,0.47621512372264113
2001-01-16,2,0.4744261411109212,0.00011731126218597313,0.5254474037631861,9.143863706827229e-06,0.5254474037631861,0.6930514986173623,0.49993098006796644
2001-01-17,2,0.17542071027460626,0.0006825028122449056,0.8238126458717573,8.414104139152137e-05,0.8238126458717573,0.4707613625310791,0.33958254158285966
2001-01-18,2,0.027725298296977,0.0013040236972029877,0.9708746868753605,9.599113045938472e-05,0.9708746868753605,0.1376533096451428,0.09929587359350023
2001-01-19,2,0.0021585955556454217,0.003490706941564599,0.9941899364878485,0.0001607610149415074,0.9941899364878485,0.0401967981639917,0.02899586068540271
2001-01-22,0,0.16940096460532658,0.0007217745514933355,0.829859459574887,1.7801268293048135e-05,0.829859459574887,0.46095291864487953,0.33250724490613076
2001-01-23,0,0.39774552350100334,0.00018949617655440406,0.6020557064570699,9.273865372438217e-06,0.6020557064570699,0.6739165727826012,0.48612804876317245
2001-01-24,0,0.6824792781629129,8.860371758630841e-05,0.3174282617686265,3.856350874306355e-06,0.6824792781629129,0.6258477429273335,0.45145371753640745
2001-01-25,0,0.566143889269391,0.00022813340931283782,0.4336106473260405,1.7329995255600335e-05,0.566143889269391,0.6865148935922231,0.49521581624095734
2001-01-26,0,0.8206718532137417,3.2026033443199004e-05,0.17929434523456173,1.775518253332944e-06,0.8206718532137417,0.4707038489826922,0.3395410543273388
2001-01-29,0,0.9321612560183686,9.570956276910768e-06,0.06782839673711687,7.762882374789962e-07,0.9321612560183686,0.24811626313019938,0.17897805119091992
2001-01-30,0,0.6446083644697368,0.0003055047775452528,0.35505708142059456,2.9049332123385972e-05,0.6446083644697368,0.6534849025130852,0.4713897140757179
2001-01-31,0,0.8684992631298983,5.6361183688009205e-05,0.13144208540226246,2.290284151306794e-06,0.8684992631298983,0.3897504366419309,0.2811455110638109
2001-02-01,0,0.9591792670931084,1.4961434897713234e-05,0.040804594065397604,1.1774065962288365e-06,0.9591792670931084,0.17069057789234912,0.12312722512588171
2001-02-02,2,0.752385925476842,6.0097334317027936e-05,0.2475450905342002,8.886654640716247e-06,0.752385925476842,0.5603588846333749,0.4042134919893204
2001-02-05,2,0.04266194229280527,0.00041859180443343306,0.9568515713508587,6.789455190265515e-05,0.9568515713508587,0.18068641580732023,0.13033769802061104
2001-02-06,2,0.02251434759603518,0.000524031757145514,0.9769276659077152,3.3954739104145556e-05,0.9769276659077152,0.11252250685338822,0.0811678313128888
2001-02-07,0,0.2191430346855636,8.54600988792354e-05,0.7807558822393411,1.562297621594506e-05,0.7807558822393411,0.5268706997036154,0.3800568728260521
2001-02-08,0,0.6795146685041601,5.6967983980560184e-05,0.3204251604194798,3.2030923794891923e-06,0.6795146685041601,0.6278237142004797,0.452879079514761
2001-02-09,0,0.8390166838574143,4.299147617671194e-05,0.16093791450504805,2.4101613609526082e-06,0.8390166838574143,0.44172275742989525,0.31863561579595423
2001-02-12,0,0.8255263015980739,4.645965107899984e-05,0.17442447134685898,2.7674039880832426e-06,0.8255263015980739,0.46337160912178543,0.3342519612843695
2001-02-13,0,0.896216376281345,1.818460797246783e-05,0.1037644029410518,1.0361696307286807e-06,0.896216376281345,0.3335062245940118,0.24057388816369085
2001-02-14,0,0.9577561892245162,6.984662484063038e-06,0.0422364124605434,4.1365245640548205e-07,0.9577561892245162,0.17508367375962178,0.12629617393681375
2001-02-15,0,0.971280181295941,2.9547863471000018e-06,0.028716673755581637,1.9016213018505182e-07,0.971280181295941,0.1302961189158176,0.09398878230346436
2001-02-16,2,0.9105804784322054,6.5231499030103725e-06,0.08941245837636785,5.400415237709165e-07,0.9105804784322054,0.30126843732050845,0.21731924024933252
2001-02-20,2,0.017909052265813543,4.8937685000777024e-05,0.9820108009382901,3.120911089550253e-05,0.9820108009382901,0.09067415638251773,0.06540757787492434
2001-02-21,2,0.00014716080999396214,0.00021798262710955084,0.999531721402012,0.00010313516088449635,0.999531721402012,0.004551272076776113,0.003283048827450656
2001-02-22,0,0.4806700368847379,9.034589061743759e-05,0.5192353973488937,4.219875751073211e-06,0.5192353973488937,0.6933258081953064,0.5001288526018506
2001-02-23,0,0.9155508369324736,1.337200557139308e-05,0.08443494016988029,8.508920745721697e-07,0.9155508369324736,0.28964453565659004,0.2089343676061745
2001-02-26,0,0.9350852941392253,1.3443683473302392e-05,0.06490027608411149,9.860931899849373e-07,0.9350852941392253,0.24042103625739733,0.1734271183669664
2001-02-27,2,0.6411018939889903,0.00014475449441550436,0.35874020137626345,1.3150140330647331e-05,0.6411018939889903,0.6542051241923106,0.47190924419819746
2001-02-28,2,0.0361234733066848,0.0007286003498869966,0.9631088268441058,3.909949932247388e-05,0.9631088268441058,0.1618219720551598,0.11672987829542573
2001-03-01,2,0.14885980065523507,0.00020452286305585598,0.8509168206608941,1.8855820815072627e-05,0.8509168206608941,0.4228560471544557,0.30502616111982145
2001-03-02,2,0.0006158497731907328,0.0022761668683101925,0.9969786588863394,0.00012932447215957465,0.9969786588863394,0.022578385153268928,0.016286862145951042
2001-03-05,2,0.10488442172773724,0.00040691800813722915,0.8946830057167521,2.565454737343168e-05,0.8946830057167521,0.33951696929655434,0.2449097239508947
2001-03-06,2,0.20846380567863454,0.0001857594074750269,0.791340072596563,1.036231732742346e-05,0.791340072596563,0.5137792523624809,0.37061338974749525
2001-03-07,2,0.6336453745877436,0.00014656477193821974,0.36619743298966984,1.0627650648295617e-05,0.6336453745877436,0.6584019095397602,0.47493658490241797
2001-03-08,2,0.7625927252620538,4.434942676676156e-05,0.23736007541814058,2.849893038828316e-06,0.7625927252620538,0.5485331176143406,0.3956830042727859
2001-03-09,2,0.02262513710701748,0.0005190815479958493,0.9768162780245262,3.950332046036509e-05,0.9768162780245262,0.11295916959035475,0.0814828168954701
2001-03-12,2,1.5112167534882874e-05,0.0010162280518419753,0.9987612862299374,0.00020737355068581195,0.9987612862299374,0.010167919893177451,0.007334603803021674
2001-03-13,2,0.17269455481036652,0.00021522509196899382,0.8270761046362284,1.4115461436015528e-05,0.8270761046362284,0.4622939493412286,0.3334745940737821
2001-03-14,2,0.016863145613382372,0.002039104998895191,0.9809963878872385,0.00010136150048376826,0.9809963878872385,0.10123274146689488,0.0730239870449419
2001-03-15,2,0.010704083700911726,0.00024241703674783436,0.9890335317822921,1.9967480048339574e-05,0.9890335317822921,0.0617060962091253,0.04451153949676117
2001-03-16,2,0.023733518014646786,0.000298730806143812,0.9759452521742442,2.2499004965279723e-05,0.9759452521742442,0.1152122926490164,0.08310810162709198
2001-03-19,2,8.173964734022431e-05,0.00017652677286538395,0.9996564591433935,8.527443640088378e-05,0.9996564591433935,0.003437354557757393,0.0024795271871268336
2001-03-20,2,0.0017891028384303112,0.0006798916138685682,0.9974648254624223,6.618008527868764e-05,0.9974648254624223,0.019445597735826863,0.014027033710299536
2001-03-21,2,0.01014470520093727,0.0003982999202707668,0.9894303782206807,2.6616658111398592e-05,0.9894303782206807,0.06048430477941012,0.04363020327843581
2001-03-22,2,7.121743830207137e-06,0.0001063980540892035,0.9997440739223812,0.00014240627969936106,0.9997440739223812,0.002574934283135114,0.0018574224604470035
2001-03-23,2,1.6340501283691362e-07,0.00011649416666836291,0.9995270171723908,0.00035632525592813074,0.9995270171723908,0.0043596938677129115,0.003144854361371721
2001-03-26,2,5.449202519601779e-06,0.0001258295618840686,0.9997257504380371,0.00014297079755917994,0.9997257504380371,0.0027359811493015127,0.0019735932180314896
2001-03-27,2,0.0010517435804794594,0.0007889929773551567,0.9980849798938431,7.428354832234264e-05,0.9980849798938431,0.01546873266306757,0.011158331950922357
2001-03-28,2,0.0005605622171457606,0.006955654552295437,0.9921255362633287,0.00035824696723013393,0.9921255362633287,0.04943958685088042,0.0356631233866822
2001-03-29,2,5.752752942352354e-05,0.0002573959199688746,0.9996313063265958,5.377022401189617e-05,0.9996313063265958,0.003586235273334642,0.002586921922150482
2001-03-30,2,0.016327270884995214,0.00021178262947005105,0.983433992258897,2.6954226637571476e-05,0.983433992258897,0.08568868243851571,0.061811318607177916
2001-04-02,2,0.289116586369138,0.00025315696688908837,0.7106193154267103,1.0941237262596721e-05,0.7106193154267103,0.6037542193785591,0.43551660910661727
2001-04-03,2,0.00183216491884952,0.0005187008705000417,0.9975600840934492,8.905011720113944e-05,0.9975600840934492,0.018737768582656657,0.013516442905761891
2001-04-04,2,0.19146387924872071,0.0003113406815399643,0.8082027529067287,2.2027163010654513e-05,0.8082027529067287,0.4913512654334852,0.3544350169877029
2001-04-05,2,0.00010339608164538979,0.0017164718970208374,0.9978740377082138,0.0003060943131199389,0.9978740377082138,0.016478966751576,0.011887061805736404
2001-04-06,2,0.011218771866129814,0.0007297839627011688,0.9880024664627076,4.897770846140195e-05,0.9880024664627076,0.06805654881201151,0.04909242273555334
2001-04-09,2,0.206318203016442,0.0002101935052384474,0.7934608906160285,1.071286229096895e-05,0.7934608906160285,0.5111097710275941,0.36868776600570186
2001-04-10,2,0.0003704115712855415,0.009536904800690537,0.9895545954088715,0.0005380882191525164,0.9895545954088715,0.06173896880578951,0.04453525206285547
2001-04-11,2,0.33781843641441894,0.0003217641670636345,0.6618516314079881,8.168010529405143e-06,0.6618516314079881,0.6424549096085298,0.4634332560434966
2001-04-12,2,0.41486685286433805,0.00015471147923362612,0.5849660290257911,1.2406630637263718e-05,0.5849660290257911,0.6801561368323238,0.4906289428190944
2001-04-16,2,0.1342967114800444,0.0003349851689671882,0.8653016729247938,6.663042619461572e-05,0.8653016729247938,0.398138417017359,0.287196159909163
2001-04-17,2,0.40162711793635764,0.00021287078814419508,0.5981454185648505,1.4592710647673688e-05,0.5981454185648505,0.6757387767460697,0.48744249107396465
2001-04-18,2,0.00015778719359028548,0.002662070508537729,0.9968268784348713,0.00035326386300064874,0.9968268784348713,0.023139725195482234,0.01669178339352781
2001-04-19,2,2.9638013037275293e-05,0.0008088754946529929,0.9990385635065859,0.0001229229857239076,0.9990385635065859,0.008135871008587635,0.005868790378700835
2001-04-20,2,2.4540224805998123e-11,6.169592205756868e-05,0.9986824434137451,0.0012558606396571045,0.9986824434137451,0.01030379186202687,0.007432614710849112
2001-04-23,2,1.1022934467738707e-17,1.9816560767030994e-05,0.9691829226479555,0.030797260791277425,0.9691829226479555,0.13773648636737346,0.09935587291584
2001-04-24,2,2.649545449612759e-05,0.002188537663970222,0.9970295953225864,0.0007553715589472262,0.9970295953225864,0.02207879636433545,0.015926485011812014
2001-04-25,2,0.10570342268301154,0.0003993665942617628,0.8938749485450578,2.2262177668833795e-05,0.8938749485450578,0.34117513330969335,0.2461058364502628
2001-04-26,2,8.245167166950437e-05,0.0006159733622964409,0.9988377347602043,0.00046384020582984777,0.9988377347602043,0.010050795017738163,0.0072501160645411745
2001-04-27,2,0.0014568785360737325,0.0006448418240511913,0.9978307621305164,6.751750935876732e-05,0.9978307621305164,0.01706813897023428,0.012312059724780326
2001-04-30,2,0.45762280842450415,0.00010774026681117288,0.5422631538486987,6.297459985844975e-06,0.5422631538486987,0.6906551801455476,0.49820240168012764
2001-05-01,2,0.055200014734073405,0.00025380684392949153,0.9445069507395053,3.9227682491772646e-05,0.9445069507395053,0.21632623509097773,0.1560463932899668
2001-05-02,2,0.5794076655493717,0.00012423978301139533,0.4204610345535191,7.060114097936973e-06,0.5794076655493717,0.681701097283907,0.49174339621002877
2001-05-03,2,0.06478776099968651,0.00034358286930112494,0.9348109197449743,5.773638603798106e-05,0.9348109197449743,0.24362115024421915,0.17573551265650003
2001-05-04,0,0.2918686996162928,0.00017689097500816152,0.707943244943615,1.116446508401209e-05,0.707943244943615,0.6055951847331802,0.4368445849003974
2001-05-07,0,0.5564774831748851,0.0001548329680610665,0.44336053650931123,7.147347742714989e-06,0.5564774831748851,0.6882274548963819,0.4964511680913215
2001-05-08,0,0.867709626175283,2.8320244838497356e-05,0.1322608148312005,1.2387486779785432e-06,0.867709626175283,0.3910007177615632,0.28204739824931624
2001-05-09,0,0.9767807954282887,2.1781690884875283e-06,0.023216848069789183,1.7833283365418204e-07,0.9767807954282887,0.11034084084683181,0.07959409194862131
2001-05-10,2,0.4740808924338417,0.0001587128576303044,0.5257522017075539,8.19300097424987e-06,0.5257522017075539,0.6933470463243316,0.5001441726735618
2001-05-11,2,0.0014892555328410335,0.0016854581484067887,0.9964984580433197,0.000326828275432408,0.9964984580433197,0.026575690559948777,0.01917030848951887
2001-05-14,2,0.20390648084792637,0.0001892633022444009,0.7958927654516259,1.1490398203300114e-05,0.7958927654516259,0.5076785728747668,0.3662126797260062
2001-05-15,2,0.6660820591393709,8.267828765736572e-05,0.3338318402721769,3.4223007948544923e-06,0.6660820591393709,0.637730559801085,0.46002535802418393
2001-05-16,2,0.1171453135495142,0.000284534603191852,0.8825071005886596,6.305125863438386e-05,0.8825071005886596,0.36443551632529436,0.26288465606315553
2001-05-17,2,0.18047413860764902,0.0002590542593482154,0.8192371361599888,2.967097301387297e-05,0.8192371361599888,0.47479161688788485,0.3424897555699021
2001-05-18,2,0.26195678197670075,0.00041617545114644303,0.7375833461100968,4.36964620560172e-05,0.7375833461100968,0.5790920696569946,0.4177266285561361
2001-05-21,2,0.628958154051817,8.84945405177588e-05,0.3709473003850345,6.051022630811435e-06,0.628958154051817,0.6604072246768895,0.476383114004296
2001-05-22,2,0.25449312998030055,0.0001122368589547932,0.7453775976819526,1.70354787921987e-05,0.7453775976819526,0.5685168610651515,0.410098228060227
2001-05-23,2,0.08196061905433573,0.0006018398153589576,0.9173959133637123,4.162776659308407e-05,0.9173959133637123,0.2890030212145411,0.20847161275407317
2001-05-24,2,0.0412074762636966,0.0011787996970822085,0.9575532238231834,6.0500216037715515e-05,0.9575532238231834,0.1814856979655834,0.1309142582236097
2001-05-25,2,0.09352371918870427,0.00036199885294102606,0.9060936283410829,2.065361727175023e-05,0.9060936283410829,0.3140517276501622,0.2265404350317502
2001-05-29,2,0.7003844867431329,4.7879596358917984e-05,0.2995653158602258,2.3178002822914725e-06,0.7003844867431329,0.6110341907013492,0.44076799836921887
2001-05-30,2,0.1537238280282601,9.859737894927572e-05,0.8461609430613878,1.66315314028079e-05,0.8461609430613878,0.4303029430268844,0.31039796099240613
2001-05-31,2,0.07030418747234428,0.0006149868902572973,0.9290321087842294,4.87168531691196e-05,0.9290321087842294,0.26007105067111663,0.18760160754100114
2001-06-01,2,0.31964596254391764,0.0003330757441810646,0.6799989729063624,2.1988805538945908e-05,0.6799989729063624,0.6297233414355967,0.45424937091058143
2001-06-04,2,0.0024740308107075843,0.00012125003368499864,0.9973448055728412,5.99135827662563e-05,0.9973448055728412,0.019176475307208566,0.01383290291371973
2001-06-05,2,0.07137781517171451,0.0003185744137448421,0.9282721675398544,3.144287468631452e-05,0.9282721675398544,0.2604034952842006,0.1878414156383344
2001-06-06,2,0.2562395424924463,0.00021653492685094224,0.7435286229334794,1.529964722344248e-05,0.7435286229334794,0.5712466059048711,0.4120673227318048
2001-06-07,2,0.3461194151908161,0.0003422262360710599,0.6535237219249392,1.4636648173488215e-05,0.6535237219249392,0.648110324040797,0.4675127752212985
2001-06-08,2,0.0001791126542438949,0.0004544618388151557,0.9992541231510429,0.00011230235589808009,0.9992541231510429,0.006809923885871292,0.004912321709488906
2001-06-11,0,0.4592272978190387,9.837828023500709e-05,0.5406685999008647,5.723999861579302e-06,0.5406685999008647,0.6908355535940148,0.49833251361993347
2001-06-12,0,0.8692858684549793,2.4609426162004226e-05,0.1306877704906355,1.75162822303134e-06,0.8692858684549793,0.38799909265139176,0.2798821834187902
2001-06-13,0,0.9749178348086082,3.2532788916074366e-06,0.025078744231292374,1.676812078257229e-07,0.9749178348086082,0.11724226444992325,0.08457241675224834
2001-06-14,0,0.9121859275079904,4.296270943386778e-06,0.08780935708436317,4.191367029130634e-07,0.9121859275079904,0.29750349021727496,0.2146034049918104
2001-06-15,0,0.9532931466972613,1.3739171333007088e-05,0.04669249201596724,6.221154386123293e-07,0.9532931466972613,0.18883522367880543,0.1362158203732854
2001-06-18,0,0.4312924881659819,4.868558089837215e-05,0.568649087197103,9.739056016682217e-06,0.568649087197103,0.6842970798232053,0.49361600177786874
2001-06-19,0,0.9090710891228391,1.3364180021852227e-05,0.09091480078014531,7.459169937947337e-07,0.9090710891228391,0.30482251885303907,0.21988296815028102
2001-06-20,0,0.9463784941752202,7.881531978967426e-06,0.05361224777437503,1.3765184257896752e-06,0.9463784941752202,0.2091369014108663,0.15086038526617043
2001-06-21,0,0.9812490810361026,2.1863521847882088e-06,0.018748577571643832,1.5504006865884562e-07,0.9812490810361026,0.09316123218822935,0.06720162384053188
2001-06-22,0,0.815465386683285,2.825991067226308e-05,0.18450404742658016,2.3059794624175405e-06,0.815465386683285,0.4785051672543253,0.34516851591877956
2001-06-25,0,0.9456190339612663,8.14446021773002e-06,0.054372382517638096,4.390608776539022e-07,0.9456190339612663,0.21130351227892186,0.1524232646436104
2001-06-26,0,0.8602091656704163,3.306818422233365e-05,0.13975584189492302,1.924250438407779e-06,0.8602091656704163,0.40491623106537594,0.29208531926673376
2001-06-27,0,0.9786343343358953,5.664895283897518e-06,0.021359689366317772,3.114025028158893e-07,0.9786343343358953,0.10336358216268389,0.07456106369731148
2001-06-28,0,0.9552579378431102,2.629211343688908e-06,0.04473923966588962,1.9327965659066934e-07,0.9552579378431102,0.18276317216788235,0.13183576107186984
2001-06-29,0,0.9626280696132933,2.7244017695585654e-06,0.0373689592560296,2.4672890761119615e-07,0.9626280696132933,0.15953198506685734,0.11507800185956363
2001-07-02,0,0.8859414035731491,1.9447931656666428e-05,0.11403770421385746,1.4442813367359257e-06,0.8859414035731491,0.3551234953350024,0.25616745281148146
2001-07-03,0,0.9744635051885733,2.869460416609265e-06,0.02553345704615486,1.683048553052512e-07,0.9744635051885733,0.11889760709119246,0.0857664940620139
2001-07-05,2,0.06357666601089904,1.6023716582437802e-05,0.9363867280306438,2.0582241874679384e-05,0.9363867280306438,0.2371307152095332,0.17105365343762333
2001-07-06,2,0.00017562369381799107,8.237459430663478e-05,0.9996014044253864,0.00014059728648900316,0.9996014044253864,0.003938876666793484,0.002841298916928105
2001-07-09,2,0.04301209252738577,0.00021272723558632837,0.9567342417546025,4.093848242542333e-05,0.9567342417546025,0.1798561593288864,0.12973879456855986
2001-07-10,2,0.00250969125664169,0.000248880030612075,0.9971935090177008,4.7919695045536906e-05,0.9971935090177008,0.020371514572953168,0.014694941524898393
2001-07-11,3,5.340535501002589e-16,3.078899389061779e-05,0.9877811315157461,0.012188079490362748,0.9877811315157461,0.06618024404161128,0.047738954941826985
2001-07-12,3,1.067406380762515e-61,2.5444280905223283e-13,2.111589222608686e-07,0.9999997888408233,0.9999997888408233,3.4568174353730125e-06,2.493566685635575e-06
2001-07-13,2,1.527286891898242e-07,0.07401336597372415,0.8829619369759109,0.0430245443216758,0.8829619369759109,0.4379565404223369,0.31591886449609613
2001-07-16,2,0.2555670292627777,0.003983815473745831,0.740373421679292,7.573358418473645e-05,0.740373421679292,0.5939504809452045,0.4284447066966307
2001-07-17,2,6.778781195019684e-16,9.292177159397746e-05,0.978344393611186,0.021562684617219403,0.978344393611186,0.10501359004708302,0.07575129279343665
2001-07-18,2,5.3159084498992287e-05,0.0021637126053994926,0.997068786728003,0.0007143415820985512,0.997068786728003,0.021901302135263083,0.015798449989777457
2001-07-19,2,0.3635750583220174,0.00015600246924916538,0.6362625928619234,6.34634680992816e-06,0.6362625928619234,0.6569798348789503,0.4739107748719558
2001-07-20,2,5.225235944780378e-05,0.00023773710889553174,0.999569819875017,0.00014019065663970168,0.999569819875017,0.0041728689192040355,0.0030100886480076755
2001-07-23,2,3.6823137681300105e-06,0.00022829016717543127,0.9996240590428641,0.00014396847619234092,0.9996240590428641,0.0036096649965276927,0.00260382289488049
2001-07-24,2,0.16162272796674176,0.0001965861450534562,0.8381664088925865,1.4276995618248097e-05,0.8381664088925865,0.4443616602014841,0.3205391817669339
2001-07-25,2,0.0920243322265894,0.00023343154923014534,0.9077187169147495,2.3519309431062532e-05,0.9077187169147495,0.3096314084044357,0.22335184870427235
2001-07-26,2,0.09300257493882136,0.0001629144204422563,0.9068210943918054,1.3416248931006106e-05,0.9068210943918054,0.31116079282849235,0.22445506636637202
2001-07-27,2,7.510242547601592e-08,7.918650597380186e-05,0.999632420818394,0.00028831757320673247,0.999632420818394,0.0034667633078569677,0.002500741116090533
2001-07-30,2,0.5212679944814906,9.160900804494032e-05,0.47863502158381754,5.374926646937426e-06,0.5212679944814906,0.6931847836499688,0.5000271248957495
2001-07-31,2,0.6551488805198067,9.728593662297338e-05,0.3447461233474824,7.710196087937353e-06,0.6551488805198067,0.6451835629544785,0.46540156336874927
2001-08-01,2,0.011118968405254608,5.9657705695374636e-05,0.988791042300124,3.0331588926010746e-05,0.988791042300124,0.06206711580213138,0.04477196008500798
2001-08-02,2,6.594221590199548e-08,0.00038974272612807775,0.9991631925784095,0.0004469987532465711,0.9991631925784095,0.007344718321609217,0.005298094349655964
2001-08-03,2,0.3818530427430943,0.00012161706411203693,0.6180190363423267,6.303850466951217e-06,0.6180190363423267,0.6662021893758583,0.48056329742096043
2001-08-06,2,0.8120284372121466,3.48929449570403e-05,0.18793498351638574,1.686326510575803e-06,0.8120284372121466,0.48362427100765465,0.3488611687181417
2001-08-07,2,0.9283386651574466,1.1385985526791745e-05,0.0716490585907561,8.902662706394465e-07,0.9283386651574466,0.2580371873898736,0.1861344853061534
2001-08-08,2,0.0032296554686485983,0.0002701247842375908,0.996371241536078,0.0001289782110356301,0.996371241536078,0.02552009350635225,0.018408856172318515
2001-08-09,2,0.1871353756839214,0.0002640018586021903,0.8125869648855422,1.3657571934237276e-05,0.8125869648855422,0.4845907891084597,0.3495583641536222
2001-08-10,2,0.7611276709571831,5.180618057994689e-05,0.23881716153541105,3.3613268258681013e-06,0.7611276709571831,0.5503063529731093,0.3969621232019981
2001-08-13,2,0.9453302922572552,6.7296984837063796e-06,0.05466254052593182,4.375183292472936e-07,0.9453302922572552,0.21211472931726483,0.1530084340427614
2001-08-14,2,0.8493569860055453,7.889380081765659e-06,0.15063379461668028,1.3299976927647976e-06,0.8493569860055453,0.4239253047634716,0.3057974674448015
2001-08-15,2,0.11249052898976716,0.00019295007378087746,0.8872902871404844,2.6233795967516448e-05,0.8872902871404844,0.3538109601512295,0.25522065881117073
2001-08-16,2,0.00405279407559101,0.00037994771339280284,0.9954050476929804,0.00016221051803571145,0.9954050476929804,0.03131640072589218,0.022590008012868094
2001-08-17,2,3.2298209438496387e-06,0.0009769092145020105,0.9987097747547867,0.0003100862097674274,0.9987097747547867,0.01060638046675319,0.007650886250583198
2001-08-20,2,0.04150717032288542,0.0001478162280265532,0.9583232460280281,2.1767421059979574e-05,0.9583232460280281,0.1744045140136952,0.12580626373810389
2001-08-21,2,0.0007678223279755442,0.00031062661680691223,0.9988202842789107,0.00010126677630677646,0.9988202842789107,0.010126137334937607,0.0073044640582375355
2001-08-22,2,2.034731501614706e-12,4.1891740197944404e-05,0.9970532374270867,0.002904870830680611,0.9970532374270867,0.02033311779994926,0.014667244107898955
2001-08-23,2,0.20997082517768248,0.0001804063096138909,0.7898298847288329,1.8883783870682613e-05,0.7898298847288329,0.5158308679293182,0.3720933175495386
2001-08-24,2,0.06361109403544726,0.00019625511220035488,0.9361723300452488,2.032080710372837e-05,0.9361723300452488,0.2388871923510561,0.1723206838683783
2001-08-27,2,0.6829768649548321,5.510100017439296e-05,0.3169656158498553,2.418195138330799e-06,0.6829768649548321,0.625168234258946,0.45096355564334556
2001-08-28,2,0.0110991109289867,0.0003461928705883788,0.9884630286568822,9.16675435429365e-05,0.9884630286568822,0.06503695089226277,0.04691424326340327
2001-08-29,2,0.017887180245015396,0.00030699608077860367,0.9817675756392564,3.824803494963102e-05,0.9817675756392564,0.09290955133136294,0.06702007447848796
2001-08-30,2,0.07341611725433096,0.00036392154447667985,0.9262002899567336,1.9671244458728896e-05,0.9262002899567336,0.26583623465483736,0.19176030871256433
2001-08-31,2,0.6467797561118817,8.440389357716316e-05,0.3531298359602185,6.00403432272434e-06,0.6467797561118817,0.650277536072976,0.46907608824698827
2001-09-04,2,6.4231595211663e-09,0.003990363372987133,0.9927684667663731,0.0032411634374802656,0.9927684667663731,0.047825478927639664,0.03449879063852268
2001-09-05,2,0.3998401413530313,0.00018695568521456897,0.5999654873747204,7.415587033668155e-06,0.5999654873747204,0.674734437836154,0.486718013691611
2001-09-06,2,0.022355940830716525,0.0002051254236509173,0.9773925043679023,4.642937773029722e-05,0.9773925043679023,0.10952255468396507,0.07900382325402336
2001-09-07,2,0.018782128313037473,0.00018005692756562256,0.9810129240605215,2.48906988753403e-05,0.9810129240605215,0.09527816293311635,0.0687286665843088
2001-09-10,2,0.22352795232238656,0.00019538071373040975,0.7762647680305584,1.1898933324650814e-05,0.7762647680305584,0.5332954390199441,0.384691342601388
2001-09-14,3,4.117076613918053e-38,8.612805847496646e-10,0.0020542282658191306,0.9979457708729004,0.9979457708729004,0.014763402460026078,0.010649543757863773
2001-09-17,1,6.371713802695024e-16,0.6431261364975444,0.008944947482327093,0.347928916020128,0.6431261364975444,0.6934038925271627,0.5001851785410207
2001-09-18,1,1.0208482861959194e-08,0.962855090546363,0.01454377179049589,0.022601127454658376,0.962855090546363,0.18362803878110556,0.13245963045883363
2001-09-19,2,0.0004258926870364105,0.7897593335060981,0.20850670832495652,0.0013080654819091144,0.7897593335060981,0.5252880443248467,0.3789152282928592
2001-09-20,2,2.143474901213879e-07,0.8698291381245972,0.12646881244644412,0.0037018350814687156,0.8698291381245972,0.4035417373518925,0.29109383163464597
2001-09-21,2,3.1661586473357014e-05,0.3530162253637835,0.6438889950150086,0.003063118034734486,0.6438889950150086,0.6690919660657567,0.4826478306708569
2001-09-24,2,2.057739517117422e-06,0.6052554129657756,0.2774774200547991,0.11726510923990814,0.6052554129657756,0.9109953908286039,0.657144266310565
2001-09-25,2,0.011670037881456695,0.322927339877311,0.6625169072005203,0.002885715040712113,0.6625169072005203,0.7065939056319407,0.5096997617887825
2001-09-26,2,1.3682324099595107e-08,0.5340691396926781,0.444143273783786,0.021787572841211675,0.5340691396926781,0.7788229965957704,0.5618020374595
2001-09-27,2,0.025190366297619348,0.20282990059404296,0.7712563395172177,0.0007233935911200729,0.7712563395172177,0.6218785689804776,0.4485905637516301
2001-09-28,2,0.010332772970139858,0.02840648110746146,0.9610864178146599,0.00017432810773885767,0.9610864178146599,0.18806049372897424,0.13565697084496056
2001-10-01,2,0.2917327968039246,0.0012782319852612698,0.706977026925463,1.1944285350953303e-05,0.706977026925463,0.6131912210375668,0.44232396685377295
2001-10-02,2,0.013797777340115827,0.00046233602442515036,0.9856855362172123,5.435041824672959e-05,0.9856855362172123,0.0773949220566711,0.05582863512057363
2001-10-03,2,0.023401585333209723,0.00032471857920820927,0.9762452567381377,2.8439349444288308e-05,0.9762452567381377,0.11424817090634787,0.08241263479861141
2001-10-04,2,0.0002570920981564546,7.66942056102482e-05,0.999613769814573,5.244388166026811e-05,0.999613769814573,0.0037549032167751278,0.0027085901249297465
2001-10-05,2,0.5100803498777084,7.654977799410897e-05,0.48983849388032147,4.606463975976686e-06,0.5100803498777084,0.6937492935863189,0.5004343327386019
2001-10-09,2,0.20699520276659547,0.0003450582997121591,0.7926404449995592,1.9293934133308754e-05,0.7926404449995592,0.5131881808441716,0.3701870217733575
2001-10-10,2,0.005998841997780468,0.0004972880549284074,0.9933581129738231,0.00014575697346817394,0.9933581129738231,0.04238108610086483,0.030571491372602934
2001-10-11,2,0.0004249333347321265,0.0002854502005791742,0.9992298870634511,5.972940123771995e-05,0.9992298870634511,0.006979414468771166,0.00503458332120242
2001-10-12,2,0.002422838003060412,0.0009572933174441338,0.9965276457944201,9.222288507528928e-05,0.9965276457944201,0.025570025503054157,0.018444874494330278
2001-10-15,2,0.024553709846637514,0.00021383806815428527,0.9751992510728703,3.320101233797821e-05,0.9751992510728703,0.11765798820370525,0.08487229805122887
2001-10-16,2,0.00686953959446352,0.00013029671138423026,0.9929578679808901,4.2295713262115746e-05,0.9929578679808901,0.04282365398106822,0.030890736615616022
2001-10-17,2,0.011086782985882775,0.00025155420680684874,0.9886361661207187,2.549668659160663e-05,0.9886361661207187,0.06356625584036824,0.04585336103438918
2001-10-18,2,0.14560227428922293,0.00020591782605411401,0.8541779722685755,1.383561614746804e-05,0.8541779722685755,0.417092104220794,0.3008683551766411
2001-10-19,2,0.14180440239869102,0.0003955035510901373,0.8577802097898751,1.9884260343636455e-05,0.8577802097898751,0.41189145847183645,0.2971168822609204
2001-10-22,2,0.06386961306426303,0.00023548008180511543,0.9358643054323517,3.060142158020711e-05,0.9358643054323517,0.24001848130693415,0.17313673635160715
2001-10-23,2,0.6568837682048517,5.956064440145269e-05,0.343053912017859,2.7591328879355953e-06,0.6568837682048517,0.6436912574737867,0.4643250925105065
2001-10-24,2,0.6236051931308052,0.00012568027035264552,0.3762547138648862,1.4412733955972611e-05,0.6236051931308052,0.6635642683438832,0.4786604396254168
2001-10-25,2,0.8710566324852318,3.285774519729218e-05,0.1289081835741678,2.32619540315699e-06,0.8710566324852318,0.3847056281444515,0.2775064509630369
2001-10-26,2,0.6269594267040629,3.138101481957734e-05,0.3730032844296277,5.907851489714108e-06,0.6269594267040629,0.6609511594410886,0.47677547999773456
2001-10-29,2,8.29602116484043e-09,3.455894483214182e-05,0.9992557581685745,0.0007096745905721787,0.9992557581685745,0.006244778240988151,0.004504655299862455
2001-10-30,2,0.10437254081745033,0.000224089466462293,0.8953890157779206,1.4353938166857077e-05,0.8953890157779206,0.3368408802776644,0.24297933377262973
2001-10-31,2,0.0002939739123710678,0.024106281632178598,0.9731042813733859,0.0024954630820645807,0.9731042813733859,0.13368007171719734,0.09642978826604079
2001-11-01,2,8.829438588602265e-11,0.18758053462418608,0.7774835923523308,0.03493587293518885,0.7774835923523308,0.6267951596359634,0.45213713423000534
2001-11-02,2,3.020616417656917e-09,0.16091480243939785,0.8343277905248014,0.004757404015184276,0.8343277905248014,0.47053587156077925,0.33941988423055125
2001-11-05,2,2.668113074815642e-05,0.020159757017411642,0.9781965882940085,0.0016169735578316921,0.9781965882940085,0.1109426152637044,0.08002818043209928
2001-11-06,2,0.06391873424097085,0.0021560794824512846,0.9339001295755649,2.505670101299371e-05,0.9339001295755649,0.2531537605795554,0.18261183748525828
2001-11-07,2,2.3744177551804485e-05,0.0003748720171656329,0.9992697190003823,0.0003316648049003149,0.9992697190003823,0.006597278634726126,0.004758930584841046
2001-11-08,2,0.0724992171213077,0.000571434972336238,0.9269022841609426,2.706374541345021e-05,0.9269022841609426,0.26516120098572143,0.191273374849131
2001-11-09,2,0.44590991327600044,0.0002808871961785779,0.5537786240900608,3.057543776002782e-05,0.5537786240900608,0.6900265298328649,0.49774892633584733
2001-11-13,2,0.513886901243186,0.00010380188631135373,0.48600117230631684,8.124564185744762e-06,0.513886901243186,0.6938400207202372,0.5004997785316909
2001-11-14,2,0.07896796539873144,0.0030818862467174085,0.9177284617249444,0.00022168662960679012,0.9177284617249444,0.2989528584134944,0.2156489031463644
2001-11-15,2,0.0001549755709422993,0.06672400137247096,0.9260600890563652,0.007060934000221537,0.9260600890563652,0.28810450765392204,0.20782347222503486
2001-11-16,2,0.001415486026015335,0.028288226353235763,0.9696815214735667,0.0006147661471821849,0.9696815214735667,0.14454217560278695,0.10426513997072123
2001-11-19,2,0.007601587831661715,0.008728598826732836,0.983514747479844,0.0001550658617614111,0.983514747479844,0.09618357641654361,0.06938178435555606
2001-11-20,2,0.003489178218915185,0.004672999297069545,0.9917793141049671,5.850837904814372e-05,0.9917793141049671,0.05357422674744234,0.03864563562399796
2001-11-21,2,0.02219606614465677,0.0012070255090070431,0.9765620628467104,3.484549962568911e-05,0.9765620628467104,0.11614856907623046,0.08378348230631345
2001-11-23,2,0.003037850374782718,0.0007936769684910464,0.9961130343766252,5.543828010109994e-05,0.9961130343766252,0.027697857230421404,0.01997978063478974
2001-11-26,2,0.018581763843209427,0.00018498561215053253,0.981206479887357,2.6770657283117642e-05,0.981206479887357,0.09454665271711923,0.06820099350381947
2001-11-27,2,5.423851555086002e-06,0.0008900999113627105,0.9988860153114991,0.00021846092558303504,0.9988860153114991,0.009272731793962978,0.006688862087321905
2001-11-28,2,0.007221086331558005,0.0029466847578660544,0.9895343102219316,0.0002979186886443747,0.9895343102219316,0.06560536415387536,0.04732426676025527
2001-11-29,2,3.042762836155488e-06,0.0006477260900284786,0.9989847303749692,0.000364500772166168,0.9989847303749692,0.00869478409453278,0.006271960947391339
2001-11-30,2,0.44017510212445654,0.0001441454105768687,0.5596682205206496,1.2531944317085118e-05,0.5596682205206496,0.68745410013982,0.4958933105552516
2001-12-03,2,1.521808231748925e-07,0.0002357914491826726,0.9993245754588247,0.00043948091116941305,0.9993245754588247,0.006044198897736282,0.004359967887955336
2001-12-04,2,0.0035563951579403517,0.0006334020305953127,0.9957250898197862,8.511299167806343e-05,0.9957250898197862,0.029782568140642673,0.02148358168072141
2001-12-05,2,3.891207057798137e-07,0.0028552453891982333,0.9963388366539931,0.0008055288361029004,0.9963388366539931,0.026126526477452734,0.018846305092337628
2001-12-06,2,0.025297882632490075,0.0016544924714073997,0.9729974204505492,5.020444555329361e-05,0.9729974204505492,0.13074866840869773,0.09431522775803185
2001-12-07,2,0.005089249998245388,0.004191896479909977,0.9905815579667954,0.00013729555504928304,0.9905815579667954,0.0604183541634694,0.04358262996515518
2001-12-10,2,0.10701312104169178,0.0007698420352938633,0.8921939458901912,2.3091032823196658e-05,0.8921939458901912,0.3466932191171246,0.2500862939650532
2001-12-11,2,0.0570509558725197,0.00020129438363298196,0.9427172614781053,3.0488265741966582e-05,0.9427172614781053,0.22102313625400444,0.15943449129768894
2001-12-12,2,0.10044219335709566,0.0002401844321835407,0.8992923078943871,2.5314316333638715e-05,0.8992923078943871,0.32856049480688904,0.23700629824496142
2001-12-13,2,0.060326231035145075,0.0005404747455953343,0.9390969364951729,3.6357724086725404e-05,0.9390969364951729,0.23284265802992984,0.1679604740235923
2001-12-14,2,0.02361563596395062,0.0011988725033760944,0.9750645407720094,0.00012095076066385634,0.9750645407720094,0.12223755097318893,0.08817575429971578
2001-12-17,2,0.00027701529027291045,0.0007996873962593712,0.998879871265426,4.342604804176405e-05,0.998879871265426,0.009527647968599201,0.006872745237816937
2001-12-18,2,0.004226959341151684,0.004343695093226319,0.9910058849279367,0.00042346063768524707,0.9910058849279367,0.05897378467574749,0.04254059334707722
2001-12-19,2,0.07065781260712588,0.0005726288518673846,0.9287270340314236,4.252450958302894e-05,0.9287270340314236,0.2606099202861355,0.18799031980163788
2001-12-20,2,0.0009280404850885341,0.0009239105776857493,0.9979917822413068,0.0001562666959188778,0.9979917822413068,0.01631096188239005,0.011765871909926518
2001-12-21,2,0.10505517254186068,0.0004437967679777294,0.8944800522079652,2.0978482196342003e-05,0.8944800522079652,0.3401156484010696,0.24534157963847872
2001-12-24,2,0.12178488843870945,0.00010486759341703872,0.8780975884469769,1.2655520896666805e-05,0.8780975884469769,0.37167209342996477,0.26810474301411485
2001-12-26,2,0.41636392785101006,0.0007842647424573294,0.5827476160818982,0.00010419132463447335,0.5827476160818982,0.6860640316031177,0.49489058806305347
2001-12-27,2,0.11759289834896249,0.0006156220027516642,0.8817173673761964,7.411227208948558e-05,0.8817173673761964,0.36796061304304195,0.26542747583982973
2001-12-28,2,0.06916604217577135,0.00026695951657062627,0.9305435324039971,2.3465903661071993e-05,0.9305435324039971,0.2541927586913655,0.18336131619695897
2001-12-31,2,0.008148864892386063,0.0014511634686652827,0.9902858724318998,0.00011409920704885845,0.9902858724318998,0.05938158856107751,0.04283476166858766
2002-01-02,2,0.0005407715800245078,0.005484948813864539,0.993775151969711,0.0001991276364000322,0.993775151969711,0.040523532572864174,0.02923154974108676
2002-01-03,2,0.00016641832782058802,0.0007473047355310827,0.9989681201584454,0.00011815677820302368,0.9989681201584454,0.008927779553357744,0.006440031643889551
2002-01-04,2,0.002018266927786876,0.002423584721467567,0.9953716850524555,0.0001864632982898774,0.9953716850524555,0.03333924473606268,0.024049181523850553
2002-01-07,2,0.10057001326495163,0.0006811566273478692,0.8987142854565491,3.454465115140524e-05,0.8987142854565491,0.33229486320711105,0.2397000756308878
2002-01-08,2,0.6603890057506616,5.496505364886825e-05,0.33955316008103853,2.8691146510459576e-06,0.6603890057506616,0.6413482425095408,0.4626349644756834
2002-01-09,2,0.9213071491216278,2.4530478855537512e-05,0.0786672264236203,1.093975896363618e-06,0.9213071491216278,0.27580109308483014,0.1989484346326199
2002-01-10,2,0.09162007935362751,0.00031350511377686505,0.9079744592018459,9.195633074966191e-05,0.9079744592018459,0.31002049052943054,0.22363251213038665
2002-01-11,2,0.09554445427305414,0.00028715170403824326,0.9041489033895129,1.949063339454251e-05,0.9041489033895129,0.3180104102995315,0.2293960209450993
2002-01-14,2,0.07392793486403249,0.0006686702516422823,0.9253749233657232,2.8471518601841798e-05,0.9253749233657232,0.2695122511198484,0.19441199407471313
2002-01-15,2,0.2843129122799621,0.0002994477029185601,0.7153681305020817,1.9509515037720327e-05,0.7153681305020817,0.5998340611532735,0.43268881269105747
2002-01-16,2,0.38374501604809125,0.00019469267197763643,0.6160453570018901,1.4934278041078762e-05,0.6160453570018901,0.6678052961717889,0.4817196945332126
2002-01-17,2,0.15992518991982166,0.0003446566913441558,0.8396876319605411,4.252142829311673e-05,0.8396876319605411,0.443041358100808,0.3195867851203736
2002-01-18,2,0.5985069288549145,9.139423822386769e-05,0.401396560227047,5.1166798145797495e-06,0.5985069288549145,0.6745331726554503,0.4865728315525586
2002-01-23,2,0.006786138894240131,0.0034401870206476385,0.98965320847833,0.00012046560678222744,0.98965320847833,0.06477603790474505,0.0467260343268056
2002-01-24,0,0.30273622582415266,0.00032332726609090597,0.6969298520397762,1.059486998028553e-05,0.6969298520397762,0.6160982348004286,0.44442093402351124
2002-01-25,0,0.8130813195883202,3.820219344005938e-05,0.18687765665815825,2.8215600815657885e-06,0.8130813195883202,0.4821209346127618,0.3477767407372918
2002-01-28,0,0.9846632708475815,2.154670179742971e-06,0.015334459152879338,1.1532935945351332e-07,0.9846632708475815,0.07931051739620325,0.057210445068920146
2002-01-29,2,0.13697002836283675,0.00013765263844719942,0.8628778882181187,1.4430780597241978e-05,0.8628778882181187,0.4009392029029242,0.2892164998630113
2002-01-30,2,0.00021045067050646217,0.001597408845516034,0.9979836697317347,0.00020847075224289882,0.9979836697317347,0.015849274549421144,0.011432834897068773
2002-01-31,2,0.2130291823548561,0.0003293092742488843,0.7866254704879723,1.6037882922759094e-05,0.7866254704879723,0.5210227296246787,0.37583845410997757
2002-02-01,2,0.7371838809879233,4.440939999866401e-05,0.2627667661380456,4.943474032437313e-06,0.7371838809879233,0.5764707957606054,0.41583577913057
2002-02-04,2,0.0008266559116406956,0.0010537093553267868,0.9980232580391003,9.637669393229788e-05,0.9980232580391003,0.015957350266883857,0.01151079504788076
2002-02-05,2,0.00035090565858025494,0.0007902471436084034,0.9987929814354622,6.586576234921097e-05,0.9987929814354622,0.010276755963605758,0.007413112432560054
2002-02-06,2,0.23229201564598864,0.00024045190547087046,0.7674566015097275,1.0930938813002016e-05,0.7674566015097275,0.5443444596976477,0.39266152627058926
2002-02-07,2,0.22868637315300558,0.00016807043735925304,0.7711358669522785,9.689457356582236e-06,0.7711358669522785,0.5393883565554903,0.389086453557927
2002-02-08,2,0.009932852973959141,0.0007962273026591272,0.9891970110054836,7.390871789808118e-05,0.9891970110054836,0.06293847499538532,0.04540051287847822
2002-02-11,2,0.01515168018365831,0.0019461383749408286,0.9827508011320845,0.00015138030931627813,0.9827508011320845,0.09405882747003845,0.06784910197142754
2002-02-12,2,0.06509539034347513,0.0004794010364090057,0.9344001728018345,2.503581828137012e-05,0.9344001728018345,0.24516300807231256,0.17684772797767312
2002-02-13,0,0.13777697162540584,0.00026402360897101815,0.8619416170771506,1.7387688472544414e-05,0.8619416170771506,0.4035130580305507,0.29107314387730804
2002-02-14,0,0.7393378059403451,5.438114982558886e-05,0.26060492414254655,2.8887672828341113e-06,0.7393378059403451,0.5742995154937,0.41426953149384765
2002-02-15,0,0.9445670211173736,9.305604538672125e-06,0.055423139367587256,5.339105005690401e-07,0.9445670211173736,0.2143086188124576,0.1545909907902479
2002-02-19,0,0.45127555961360577,0.00030224290383469457,0.5484089905722442,1.3206910315244922e-05,0.5484089905722442,0.6911153714357332,0.49853435952623315
2002-02-20,0,0.6885229844077512,9.266989055749632e-05,0.31137796118868494,6.384513006522833e-06,0.6885229844077512,0.6211978017744572,0.44809949401556737
2002-02-21,0,0.8191344324271375,3.4902716819943245e-05,0.1808273703293109,3.2945267316347848e-06,0.8191344324271375,0.4730761214261455,0.34125228717224265
2002-02-22,0,0.9806148258701406,2.852608486419227e-06,0.01938215350647286,1.6801490005582206e-07,0.9806148258701406,0.09566673029747828,0.06900895868911694
2002-02-25,0,0.8155923578823788,2.1926936479781176e-05,0.18438321606228908,2.4991188523952846e-06,0.8155923578823788,0.4782622019077745,0.34499325346849125
2002-02-26,0,0.8563419160607242,4.853351680813481e-05,0.14360628448666332,3.2659358043625443e-06,0.8563419160607242,0.4120234303061403,0.29721207981636405
2002-02-27,0,0.8381728252870395,5.5558955240629224e-05,0.16176822892952822,3.386828191542463e-06,0.8381728252870395,0.44322598051716705,0.31971996204263264
2002-02-28,0,0.9496582638749882,1.007040426503248e-05,0.050331142697531965,5.230232145891312e-07,0.9496582638749882,0.19962260123501527,0.1439972684255558
2002-03-01,2,0.19482605095705036,0.0006916061188939512,0.8044312572063589,5.108571769692705e-05,0.8044312572063589,0.4992643102023836,0.36014307221091396
2002-03-04,2,0.23400548315945802,0.0002299246485343485,0.7657511096833298,1.3482508677769334e-05,0.7657511096833298,0.5463270267926789,0.39409164612870484
2002-03-05,2,0.4344292983830337,0.00026112153281536004,0.5652850424560993,2.4537628051734357e-05,0.5652850424560993,0.6870609759421636,0.49560973139004544
2002-03-06,2,0.4802010841790696,0.0001621511806538976,0.5196254790834848,1.1285556791783757e-05,0.5196254790834848,0.6939665625181182,0.500591059143825
2002-03-07,2,0.016568796657007077,0.001457978090696353,0.9818911855349188,8.20397173777854e-05,0.9818911855349188,0.09617327485648453,0.06937435335075073
2002-03-08,0,0.14937540088332552,0.0003921896959750877,0.8502158679664694,1.654145422993966e-05,0.8502158679664694,0.42522499173906314,0.30673499342199845
2002-03-11,0,0.8135000211541343,3.519738965852425e-05,0.1864628211281015,1.9603281056780205e-06,0.8135000211541343,0.4814693609662501,0.34730672970299364
2002-03-12,0,0.9754411597125306,3.2626894828367325e-06,0.024555401948109113,1.756498773547162e-07,0.9754411597125306,0.11532126088474737,0.0831867055937437
2002-03-13,0,0.9901685288261324,5.51152079019293e-07,0.009830891508403942,2.8513384576145347e-08,0.9901685288261324,0.05523202020431817,0.039841480823524435
2002-03-14,2,0.011377836100785332,0.00043343395043053494,0.9881567208595647,3.2009089219390446e-05,0.9881567208595647,0.06638875591873977,0.04788936446737684
2002-03-15,0,0.24580562987288052,0.00022811988638627847,0.7539501434990002,1.6106741732904367e-05,0.7539501434990002,0.5599460463941447,0.403915692149107
2002-03-18,0,0.7241646630675167,9.040413440402835e-05,0.27573771829372246,7.2145043568374185e-06,0.7241646630675167,0.5898758662827778,0.4255054935131224
2002-03-19,0,0.9467204059834848,8.830749578513726e-06,0.05327036960427775,3.936626589376128e-07,0.9467204059834848,0.20815160765442295,0.1501496460580506
2002-03-20,0,0.9274713236682863,1.698862839055459e-05,0.07251094816535839,7.395379648183553e-07,0.9274713236682863,0.26029951061223505,0.18776640655304783
2002-03-21,0,0.9737691894542683,1.9880292935061836e-06,0.026228586712122342,2.3580431607853387e-07,0.9737691894542683,0.12140923485563038,0.08757825052217072
2002-03-22,0,0.986597102742791,9.61680610225126e-07,0.01340188641899271,4.915760601422099e-08,0.986597102742791,0.07112058165762691,0.05130265523129846
2002-03-25,0,0.9860112167719359,5.701257284227454e-07,0.01398818289592556,3.020641021475159e-08,0.9860112167719359,0.07362234046658667,0.05310729274489172
2002-03-26,0,0.8348005274498771,1.685569663381662e-05,0.16518103139357346,1.5854599156217271e-06,0.8348005274498771,0.44838374933313846,0.3234405057890595
2002-03-27,0,0.9484401058582904,9.516084752727948e-06,0.05154966986370701,7.081932500197025e-07,0.9484401058582904,0.20318285811945005,0.14656545090128822
2002-03-28,0,0.9634269750337339,6.158583046508141e-06,0.036566604239059296,2.621441602262742e-07,0.9634269750337339,0.15695878215594902,0.1132218283201794
2002-04-01,0,0.9932517508727521,4.605528738886553e-07,0.0067477596653232295,2.8909050716389223e-08,0.9932517508727521,0.040461628509137176,0.029186895398211853
2002-04-02,0,0.9749755637410583,9.146641164998019e-07,0.025023416856320972,1.0473850416267064e-07,0.9749755637410583,0.11700802203251179,0.08440344656526566
2002-04-03,0,0.9808761108349537,1.5591397867560067e-06,0.01912224886919774,8.115606177577934e-08,0.9808761108349537,0.09462690283740462,0.06825888172910272
2002-04-04,0,0.9423386218927584,8.846837384050016e-06,0.05765195447079342,5.767990640720332e-07,0.9423386218927584,0.2205773935892515,0.1591129559317131
2002-04-05,0,0.9912446984909261,1.092142169648893e-06,0.00875415409742604,5.526947818447979e-08,0.9912446984909261,0.050211946115219785,0.03622026282690572
2002-04-08,0,0.9911926286309123,1.9091790206590134e-07,0.008807168278730224,1.2172455454797565e-08,0.9911926286309123,0.05044883530609549,0.036391142257364006
2002-04-09,0,0.989964746093274,3.413920931537659e-07,0.010034890126546188,2.2388086674643994e-08,0.989964746093274,0.05616763513736689,0.04051638433556995
2002-04-10,0,0.9510836657662052,1.7748593406738266e-06,0.04891443293946492,1.2643498907297654e-07,0.9510836657662052,0.19533368308046226,0.14090346794937966
2002-04-11,2,0.06044917415719661,0.0008122894533283489,0.938672306980607,6.622940886808441e-05,0.938672306980607,0.2354422414703258,0.16983567709251043
2002-04-12,2,0.015379814304684412,0.0005065622634160971,0.9838478094536632,0.0002658139782361062,0.9838478094536632,0.08625923286108395,0.06222288373978606
2002-04-15,2,0.0007345027361237732,4.381906640110743e-05,0.9990990998270926,0.00012257837038255867,0.9990990998270926,0.007744676340907134,0.005586603075158403
2002-04-16,2,0.05917982454650977,0.0003293852688069777,0.940466950907762,2.3839276921281418e-05,0.940466950907762,0.22793125558509217,0.16441764604810366
2002-04-17,2,0.013628554648375405,0.0017821056225155343,0.9844848631039653,0.00010447662514362662,0.9844848631039653,0.08617515337673624,0.0621622332122316
2002-04-18,0,0.5911935613002087,9.444041575049731e-05,0.40870850577400514,3.492510035671136e-06,0.5911935613002087,0.6773506186316831,0.48860518922150037
2002-04-19,0,0.9199084202413905,1.4527852792045754e-05,0.08007629227132716,7.596344903775549e-07,0.9199084202413905,0.27914221160004615,0.20135854218908214
2002-04-22,0,0.8640806289971591,2.051910818219002e-05,0.13589744546730737,1.40642735135018e-06,0.8640806289971591,0.39770484259248146,0.2868834020728494
2002-04-23,0,0.9828732160940021,2.309282094150366e-06,0.017124322577034543,1.5204686925201897e-07,0.9828732160940021,0.08666062857424402,0.06251242954219112
2002-04-24,0,0.9503074897201611,4.184548875188633e-06,0.049688032463641986,2.9326732166384894e-07,0.9503074897201611,0.19765613038090224,0.14257875955091504
2002-04-25,0,0.9938837411792695,3.7623852309931956e-07,0.006115858384765545,2.4197441841066162e-08,0.9938837411792695,0.037275242341552044,0.026888403637045723
2002-04-26,0,0.9871671604361517,2.3104360894678425e-07,0.012832591123028217,1.739721103371797e-08,0.9871671604361517,0.06864976453681987,0.04952033742773253
2002-04-29,0,0.920839747286769,4.3812074437254165e-06,0.07915557605534666,2.9545044054326594e-07,0.920839747286769,0.2767649248742924,0.19964369230407408
2002-04-30,0,0.7579972659238601,4.365406759886639e-05,0.2419540354338121,5.044574728929591e-06,0.7579972659238601,0.553856846541731,0.39952326293407747
2002-05-01,0,0.6011664646521137,0.0001251302344260947,0.39869694677232376,1.1458341136308191e-05,0.6011664646521137,0.6738016810606696,0.4860451719044375
2002-05-02,0,0.9353550025066979,1.5921506026933726e-05,0.0646282759256376,8.00061637567611e-07,0.9353550025066979,0.23971962134659777,0.17292115446025835
2002-05-03,0,0.9773633269012675,2.370287375789048e-06,0.02263412589645853,1.769148983639647e-07,0.9773633269012675,0.1081567402155798,0.07801859637386645
2002-05-06,0,0.6164333474411549,6.402447124541698e-05,0.38349906393696287,3.564150636928493e-06,0.6164333474411549,0.6664489735391556,0.4807413145652399
2002-05-07,0,0.931117683647538,1.2095939477648148e-05,0.0688694934182895,7.269946948191214e-07,0.931117683647538,0.25086395373878423,0.18096009099837118
2002-05-08,2,0.0005253027804686153,0.0014288510385658515,0.9979055861035984,0.00014026007736710254,0.9979055861035984,0.016663689213723437,0.012020310895776857
2002-05-09,2,0.00047993066851103456,0.0002044797962541657,0.9992708431088945,4.47464263401769e-05,0.9992708431088945,0.006581635615793051,0.0047476465319214066
2002-05-10,2,0.1058454452580688,0.00021976002420356908,0.8939193446094713,1.5450108256204886e-05,0.8939193446094713,0.3399711463891544,0.24523734347048443
2002-05-13,2,0.028510896512054736,0.0004748442352094716,0.9709722728259881,4.198642674774528e-05,0.9709722728259881,0.13408581739951983,0.09672247190791518
2002-05-14,2,0.013087448372473026,0.0008567155284894111,0.9859973596842464,5.847641479127972e-05,0.9859973596842464,0.07727308370329815,0.05574074732647301
2002-05-15,2,0.06575518315417939,0.0009003178105063587,0.9332780904365658,6.640859874841367e-05,0.9332780904365658,0.2503708824100712,0.18060441521800177
2002-05-16,0,0.4656416010801941,0.00017364361200195518,0.5341755616445159,9.193663287984716e-06,0.5341755616445159,0.6924626568141045,0.49950622049325233
2002-05-17,0,0.33965656197843863,0.00010509044867948664,0.6602291837398996,9.163832982261587e-06,0.6602291837398996,0.6419432476408519,0.4630641699518064
2002-05-20,0,0.7090530240268124,5.21628482464164e-05,0.2908907740172586,4.0391076825353466e-06,0.7090530240268124,0.603548771091484,0.43536840949415606
2002-05-21,0,0.40594056052287597,0.0003266407724244935,0.5937159891431185,1.680956158108262e-05,0.5937159891431185,0.6783180732354341,0.4893030602010588
2002-05-22,0,0.5386638475973665,0.00011343088460663183,0.4612152636630117,7.457855015100652e-06,0.5386638475973665,0.6913002488708729,0.4986677204056573
2002-05-23,0,0.5953267128660789,9.027163922856804e-05,0.4045762655103806,6.749984311953336e-06,0.5953267128660789,0.6757913545377806,0.4874804179336457
2002-05-24,0,0.9082724840552825,1.7638994029002207e-05,0.09170904670698074,8.302437078297772e-07,0.9082724840552825,0.30669558524730206,0.2212340999494105
2002-05-28,0,0.9789437782770842,3.0648824104437873e-06,0.021053021023595096,1.358169101557179e-07,0.9789437782770842,0.1021536590400704,0.07368828865288579
2002-05-29,0,0.9939469735473859,2.6391234608286854e-07,0.006052740674036552,2.1866231359116608e-08,0.9939469735473859,0.036951877277801186,0.02665514505011067
2002-05-30,0,0.9899844914095637,4.300270235445157e-07,0.010015055558595172,2.300481775378104e-08,0.9899844914095637,0.056077862024899006,0.04045162672348866
2002-05-31,0,0.9964009521072661,9.449803267957272e-08,0.003598947657293261,5.737407901606767e-09,0.9964009521072661,0.023845888891698013,0.017201172824820973
2002-06-03,2,0.10146170027529769,4.4228729378792075e-05,0.8984906001211065,3.470874216879552e-06,0.8984906001211065,0.3288125094974043,0.2371880884170802
2002-06-04,2,0.2504058219715287,6.877177333892234e-05,0.7495156079001735,9.798354958820824e-06,0.7495156079001735,0.5636086321974916,0.40655768933676645
2002-06-05,2,0.06462519118963146,0.00017372556091860796,0.9351818092019979,1.927404745191321e-05,0.9351818092019979,0.24140210483652497,0.1741348097539061
2002-06-06,2,0.001027231598144651,0.00010133182338692736,0.9988187579040206,5.267867444789345e-05,0.9988187579040206,0.009699722940150054,0.0069968710918757
2002-06-07,2,0.4331795227775327,0.00012177212241790569,0.5666935632714745,5.141828574856199e-06,0.5666935632714745,0.685405497791793,0.4944155563311256
2002-06-10,2,0.3651701119549793,0.0001928350146815309,0.6346179195435615,1.9133486777627312e-05,0.6346179195435615,0.6583079346050904,0.47486879631631
2002-06-11,2,0.09143950819292317,0.00025849445705473597,0.908270829937077,3.1167412945037866e-05,0.908270829937077,0.3085762940977188,0.22259074461533662
2002-06-12,2,0.007100383075559597,9.902562956381476e-05,0.9927602058860369,4.038540883972888e-05,0.9927602058860369,0.043665035324828017,0.03149766496168539
2002-06-13,2,0.002463894136296927,0.0003459885160329934,0.9971257890835293,6.432826414062915e-05,0.9971257890835293,0.02104633842982848,0.015181724040792181
2002-06-14,2,3.6550054522810502e-06,0.0013347552582842236,0.9981333838393855,0.0005282058968779059,0.9981333838393855,0.01473124089305905,0.010626344091278498
2002-06-17,2,0.0015614785190505966,0.0007395925108356575,0.9976526928113583,4.6236158755520444e-05,0.9976526928113583,0.018228559234585134,0.013149126005143346
2002-06-18,2,0.3219739650029581,0.0001551001743423131,0.6778631704130506,7.76440964904337e-06,0.6778631704130506,0.6298998012989069,0.45437665979543823
2002-06-19,2,1.9371164611859464e-05,0.00040547454043494307,0.9993439945174556,0.00023115977749767948,0.9993439945174556,0.005968302887871349,0.0043052204894276375
2002-06-20,3,1.1044116700375605e-14,5.625487070819467e-06,0.9733670187236352,0.02662735578928293,0.9733670187236352,0.122889031731205,0.08864569832912796
2002-06-21,3,6.028590460451615e-17,0.0002092280199892513,0.8774588417340553,0.1223319302459554,0.8774588417340553,0.37350009377590526,0.26942336653103066
2002-06-24,3,6.786029683327597e-44,0.005672840482461639,2.1756754114718978e-06,0.9943249838421269,0.9943249838421269,0.03502755105834621,0.02526703710318052
2002-06-25,2,1.1553765831097722e-07,0.19235845547486058,0.7569957424830646,0.05064568650441659,0.7569957424830646,0.6789014178944665,0.4897238544244163
2002-06-26,2,2.6489961570061016e-11,0.23059430068124495,0.6651709458699684,0.10423475342229667,0.6651709458699684,0.8451876963555429,0.6096740490762544
2002-06-27,2,2.3666261188433867e-05,0.07876998453850347,0.9180851415527542,0.0031212076475538772,0.9180851415527542,0.2968963954608282,0.2141654786945727
2002-06-28,2,3.2268118834917536e-09,0.021148707169715033,0.9776754864484136,0.0011758031550594915,0.9776754864484136,0.11155839440795637,0.08047237119094686
2002-07-01,2,0.001227327362792649,0.003660522801188244,0.9950462097028013,6.594013321776119e-05,0.9950462097028013,0.034339042097792496,0.02477038287168129
2002-07-02,2,0.0011080207886185428,0.0005891689941894089,0.9982285143932806,7.429582391142375e-05,0.9982285143932806,0.01439809119490678,0.010386027382579531
2002-07-03,2,0.025249383287761905,0.00012811122117596522,0.9746060772237155,1.6428267346586854e-05,0.9746060772237155,0.11928923419910697,0.08604899330524689
2002-07-05,2,0.00012335180789193632,0.0012178150909485993,0.99849653628585,0.00016229681530933248,0.99849653628585,0.012201160793020218,0.00880127708458956
2002-07-08,2,1.1589347735723921e-06,0.01647604853215877,0.9822274035576019,0.0012953889754658383,0.9822274035576019,0.09389067285987522,0.06772780406033499
2002-07-09,2,3.831893762440532e-06,0.014482441908465201,0.9848723474902025,0.0006413787075698638,0.9848723474902025,0.08110629568522247,0.058505825284972196
2002-07-10,2,3.6214412518029847e-06,0.005434191622168907,0.9942801994391813,0.0002819874973979786,0.9942801994391813,0.03639320060490935,0.026252145017389972
2002-07-11,2,1.9304933243637456e-11,0.09563074362629084,0.8943155607067133,0.010053695647690982,0.8943155607067133,0.37060744651506794,0.26733676260190514
2002-07-12,2,0.002200881499640661,0.008855766830548464,0.9888173315212551,0.00012602014855582114,0.9888173315212551,0.06757685229609817,0.04874639484323339
2002-07-15,2,0.0013590968588764606,0.0021566320018407666,0.9963925288842818,9.174225500104668e-05,0.9963925288842818,0.0266651620325359,0.01923484851442011
2002-07-16,2,0.006234360718719132,0.0017321550796331334,0.9919368038454024,9.66803562453782e-05,0.9919368038454024,0.05159412343904755,0.03721729301226347
2002-07-17,2,0.06819736193477006,0.0005219171483291157,0.9312581589708891,2.2561946011602218e-05,0.9312581589708891,0.2536428313579406,0.18296462747856826
2002-07-18,2,0.0004842085715725949,0.0009443072900991974,0.998493943049445,7.754108888308388e-05,0.998493943049445,0.012511943054971941,0.009025459098646563
2002-07-19,2,5.3830776280966515e-06,0.0011832562758347692,0.9986426938150224,0.0001686668315147433,0.9986426938150224,0.010861538965320728,0.00783494420084523
2002-07-22,2,0.00013535165436948438,0.0030803424208808035,0.9965922876953106,0.00019201822943908602,0.9965922876953106,0.024063580002224437,0.017358203767622014
2002-07-23,2,2.0554602328785058e-05,0.002906742567531077,0.9967828176587232,0.000289885171416846,0.9967828176587232,0.022772723612837952,0.016427047711888156
2002-07-24,2,1.7273918500407806e-14,0.2535136155886287,0.4931913427239672,0.2532950416873868,0.4931913427239672,1.044347406808596,0.7533374123840052
2002-07-25,2,0.0005992053247435124,0.010972132094711859,0.9859963351412103,0.0024323274393342727,0.9859963351412103,0.08250176412565303,0.05951244298433531
2002-07-26,2,1.2415485662783954e-05,0.003151381358493785,0.9963602990675156,0.0004759040883279459,0.9963602990675156,0.025565814672879723,0.018441837022424936
2002-07-29,2,8.901647288450212e-25,0.001634827246365727,0.3345227422139653,0.6638424305396691,0.6638424305396691,0.6487918635623389,0.4680044020652476
2002-07-30,2,4.979056624783313e-09,0.027565484302160107,0.8147598552570317,0.1576746554617517,0.8147598552570317,0.5571662495064575,0.4019104925568346
2002-07-31,2,0.0009050346278611936,0.04414023953776272,0.9478084675175756,0.007146258316800454,0.9478084675175756,0.23019260971827915,0.16604886824492499
2002-08-01,2,2.3830700151147202e-12,0.03629639939366668,0.9433674678814282,0.02033613272252207,0.9433674678814282,0.25457442152498166,0.18363662773563383
2002-08-02,2,3.2007585820750474e-06,0.010391969830454225,0.9888606759019318,0.0007441535090318876,0.9888606759019318,0.06393511639201409,0.0461194376787087
2002-08-05,2,7.942527323882264e-10,0.05237391726445567,0.944850835815912,0.0027752461253795894,0.944850835815912,0.22440646428054523,0.16187504658048446
2002-08-06,2,0.0015508501667813271,0.01140537548885021,0.9869409328131259,0.00010284153124245115,0.9869409328131259,0.0749740150937669,0.0540823198856559
2002-08-07,2,0.008681133463615985,0.0011740240947383123,0.9900386927523697,0.00010614968927604086,0.9900386927523697,0.06001027722087585,0.04328826467446476
2002-08-08,2,5.467073051943519e-07,0.0004743875627931745,0.999012200063654,0.0005128656662474923,0.999012200063654,0.008511125716550586,0.006139479431825028
2002-08-09,2,1.5434612498901884e-11,0.0001108038046469001,0.9948758810238161,0.005013315156102479,0.9948758810238161,0.03266894375774766,0.023565661575191504
2002-08-12,2,1.0080683913374375e-06,4.614544651284639e-05,0.9987077116606505,0.0012451348244453147,0.9987077116606505,0.010094173259299326,0.007281406851532561
2002-08-13,2,0.011076535693777187,0.0002214821668422365,0.988663719775798,3.826236358250802e-05,0.988663719775798,0.06340158232812788,0.04573457420465172
2002-08-14,2,1.545210975026705e-06,0.011772431730583772,0.9846860725930057,0.003539950465435518,0.9846860725930057,0.08748803678610004,0.06310927840420887
2002-08-15,2,0.0006903303198183098,0.009031394611456729,0.990113035331823,0.00016523973690197764,0.990113035331823,0.05881252439868739,0.04242426864607373
2002-08-16,2,0.001648416763978205,0.0020828511715608915,0.9962002280338723,6.85040305885475e-05,0.9962002280338723,0.027871918075900757,0.02010533899408274
2002-08-19,2,0.0007269520434932674,0.0018609353018215727,0.9972564763033993,0.00015563635128584992,0.9972564763033993,0.02105689994870581,0.01518934256624647
2002-08-20,2,0.003212454984198217,0.0024596397882195075,0.9942125130468388,0.00011539218074345637,0.9942125130468388,0.040035669337604954,0.0288796308060165
2002-08-21,2,0.14352116746368587,0.00030407714389356767,0.8561620055843991,1.2749808021529128e-05,0.8561620055843991,0.4141781528879902,0.2987663836080272
2002-08-22,2,0.0021781723819108687,0.00030477361832639236,0.9974831998247443,3.385417501841212e-05,0.9974831998247443,0.0186801405907337,0.01347487309668007
2002-08-23,2,0.00017490695737021445,0.0004080668205520987,0.999335479354124,8.154686795370506e-05,0.999335479354124,0.006129760035709443,0.004421687202678684
2002-08-26,2,0.37741886646730843,0.00018813218083906094,0.6223808566683681,1.2144683484349297e-05,0.6223808566683681,0.6646430507322583,0.4794386166263704
2002-08-27,2,0.04061117601314199,0.0009101323272820656,0.9584363036389698,4.2388020606078714e-05,0.9584363036389698,0.1775936789364196,0.12810675994739967
2002-08-28,2,0.0321932902180657,0.0006063190793084281,0.9671639583994676,3.643230315822611e-05,0.9671639583994676,0.14777101022657382,0.10659425182051518
2002-08-29,2,0.0697624082614332,0.0003536563851109975,0.9298597829834757,2.4152369980005324e-05,0.9298597829834757,0.2564416871532524,0.1849835751665981
2002-08-30,2,0.28630371212440087,0.00013443775233237796,0.7135523899954631,9.460127803681579e-06,0.7135523899954631,0.6002120425650151,0.4329614686451914
2002-09-03,2,2.3197648538608465e-06,0.011456037360084442,0.9874065368874954,0.00113510598756636,0.9874065368874954,0.07144087627298887,0.051533698957901525
2002-09-04,2,0.13335815050739339,0.0014005273648767325,0.8652066331121024,3.468901562753918e-05,0.8652066331121024,0.40350848174206677,0.2910698427829573
2002-09-05,2,0.2970885192472838,0.00022683424134277238,0.7026671618976205,1.7484613752965298e-05,0.7026671618976205,0.6106303003810634,0.4404766530881491
2002-09-06,2,0.03168830360361549,0.0012584073126509165,0.9669872434350947,6.604564863872048e-05,0.9669872434350947,0.15088289547229855,0.10883900252642648
2002-09-09,2,0.33180137533782755,0.00019874642491427523,0.6679887979928689,1.108024438932305e-05,0.6679887979928689,0.6373926500662863,0.4597816076748529
2002-09-10,2,0.011482488088135276,0.00036247545599491074,0.9881159758180255,3.9060637844356064e-05,0.9881159758180255,0.0663728355138583,0.04787788032279112
2002-09-11,2,0.44985931662286543,0.000122308768413392,0.5500129756565153,5.398952205999337e-06,0.5500129756565153,0.6893292804228204,0.4972459672027803
2002-09-12,2,0.002044832572389752,0.003457974184221341,0.9942623606574149,0.0002348325859740933,0.9942623606574149,0.03994264998567648,0.028812531527149545
2002-09-13,2,0.26190297220611597,0.00025823926485337296,0.7378264691410166,1.231938801398486e-05,0.7378264691410166,0.5774990542053703,0.4165775108100772
2002-09-16,2,0.09504633382366573,0.0001144326302650841,0.9048228256880257,1.640785804348184e-05,0.9048228256880257,0.3153973544621631,0.22751109959603066
2002-09-17,2,0.0021409424793061896,0.000557261647440768,0.9972520614908412,4.973438241178718e-05,0.9972520614908412,0.020571560062929813,0.014839243843069148
2002-09-18,2,0.03407821469622522,0.00023759938429815353,0.9656603561042983,2.382981517824764e-05,0.9656603561042983,0.15113317002053273,0.10901953745122556
2002-09-19,2,0.004478719061236157,0.00040318134283412384,0.9950780694494453,4.0030146484372085e-05,0.9950780694494453,0.03268923938504725,0.02358030177561993
2002-09-20,2,0.4658669801162947,0.00011533855325505261,0.5340124175948515,5.26373559877016e-06,0.5340124175948515,0.6919700262913944,0.49915086268720016
2002-09-23,2,0.04795034052884274,0.00012394742487844182,0.9518947861487297,3.0925897549147275e-05,0.9518947861487297,0.1940187099494064,0.1399549153418414
2002-09-24,2,0.00020229893099959554,0.0008271728198123606,0.9988928343216416,7.769392754650571e-05,0.9988928343216416,0.009433312991001192,0.0068046969356354275
2002-09-25,2,0.0014207109046866068,0.0005037501963743532,0.9980215775296126,5.396136932654254e-05,0.9980215775296126,0.015646977553004957,0.01128690846031059
2002-09-26,2,0.005772621242565096,0.0004739433220513542,0.9937130377114112,4.0397723972411846e-05,0.9937130377114112,0.04005933446664557,0.028896701588170946
2002-09-27,2,1.6846675981028445e-08,0.0005017969957252859,0.9988835386674052,0.0006146474901935214,0.9988835386674052,0.009473436485136367,0.006833639918641404
2002-09-30,2,0.01073462063377965,0.00044843900032033265,0.9887891105140783,2.7829851821851195e-05,0.9887891105140783,0.06357086533307085,0.04585668608052072
2002-10-01,2,1.6714684601717546e-05,0.001091354213215378,0.9986749529820297,0.00021697812015337767,0.9986749529820297,0.010781785052711209,0.007777413913738606
2002-10-02,2,0.00025320183308204155,0.0004633843655757767,0.9992235614595831,5.9852341759184147e-05,0.9992235614595831,0.00701234569571307,0.005058338180102157
2002-10-03,2,0.00634662738556309,0.0003889085648326139,0.9932379528490987,2.6511200505574e-05,0.9932379528490987,0.04218514766148733,0.03043015166519821
2002-10-04,2,1.899330569119826e-06,0.0013638225854220268,0.9984607799823656,0.00017349810164327538,0.9984607799823656,0.012063206469884746,0.008701764075661192
2002-10-07,2,0.04792637175370908,0.00027338069652072395,0.9517822811608719,1.7966388898149903e-05,0.9517822811608719,0.19508000772064635,0.1407204798575786
2002-10-08,2,1.065800412911015e-09,0.02433439781834641,0.9692200377009202,0.006445563414932897,0.9692200377009202,0.15323843005186832,0.11053816155472036
2002-10-09,2,0.00021424783355186255,0.018682046060035328,0.9802063012397219,0.0008974048666909681,0.9802063012397219,0.10206087643958492,0.0736213601540852
2002-10-10,2,2.069814354222717e-05,0.003868311272550176,0.995970570689607,0.00014041989430047932,0.995970570689607,0.026978412779662894,0.019460811164137545
2002-10-11,2,1.747658078815338e-08,0.009964978149679627,0.9895240668290687,0.0005109375446708706,0.9895240668290687,0.06021909099222821,0.043438891970664445
2002-10-15,2,4.1083328962323456e-13,0.09324203857553666,0.8998440230663283,0.006913938357724342,0.8998440230663283,0.35057742963871497,0.2528881595936868
2002-10-16,2,0.00027372834302262706,0.019542210145928846,0.9800027132992618,0.00018134821178660606,0.9800027132992618,0.10050590800552611,0.07249968752980744
2002-10-17,2,0.0005505093198300458,0.007257558731566487,0.9918939165928174,0.0002980153557860861,0.9918939165928174,0.05037256898173055,0.03633612773338994
2002-10-18,2,0.20134488544882945,0.0003352010539690066,0.7983085840093405,1.1329487861130764e-05,0.7983085840093405,0.5053406253946907,0.36452620710832384
2002-10-21,2,0.3925929248838735,0.0001576395259033324,0.6072354546285424,1.3980961680797617e-05,0.6072354546285424,0.671516290523858,0.4843966111074612
2002-10-22,2,0.11073441637433858,0.0004899903059692929,0.8887476077642653,2.7985555426813612e-05,0.8887476077642653,0.352532770684379,0.25429864000859986
2002-10-23,2,0.6029132875485783,7.414155217067849e-05,0.39700864954040177,3.9213588491125135e-06,0.6029132875485783,0.6725725595768165,0.485158548169735
2002-10-24,2,0.5029878585836169,0.00017184453593170772,0.49682910617717346,1.1190703277880713e-05,0.5029878585836169,0.6948016453723141,0.5011934440900649
2002-10-25,2,0.44431481066926415,0.0003132307817196103,0.5553400330263352,3.1925522680954524e-05,0.5553400330263352,0.6899326879139195,0.49768123370030226
2002-10-28,2,0.21234302518069295,0.0003780142888492463,0.7872603762100342,1.858432042367655e-05,0.7872603762100342,0.5205277511904097,0.3754814026437442
2002-10-29,2,0.06648062222311484,0.0004866279587145627,0.9329827643830404,4.998543513024895e-05,0.9329827643830404,0.2491453580142941,0.17972038623386374
2002-10-30,2,0.00279873599375011,0.00026802822499243534,0.9968890553287192,4.4180452538150325e-05,0.9968890553287192,0.02220609849592796,0.01601831408878357
2002-10-31,2,0.0016615444908444482,0.0007802119081864867,0.9974685327003182,8.97109006508256e-05,0.9974685327003182,0.019581320005979105,0.014124936633342952
2002-11-01,2,0.026770734929344415,0.0004211407962829698,0.9727724241181238,3.57001562488467e-05,0.9727724241181238,0.12741441145467453,0.09191006977172243
2002-11-04,2,0.08339505122351283,0.00030464145154200986,0.9162874490803239,1.2858244621312264e-05,0.9162874490803239,0.2898850432969129,0.20910785719616934
2002-11-05,2,0.33260780364303355,0.0001599340561486418,0.6672233586387363,8.903662081575804e-06,0.6672233586387363,0.6376121113722634,0.4599399155437529
2002-11-06,2,3.0816888151290405e-05,0.0007939302756016144,0.9990368007958181,0.00013845204042887136,0.9990368007958181,0.008180471626326338,0.005900962923716941
2002-11-07,2,0.00011122148404009193,0.00295899275960612,0.9966381608775172,0.00029162487883662146,0.9966381608775172,0.023972517311855183,0.01729251592171915
2002-11-08,2,0.010486590431347838,0.0008004714360066936,0.9886681312344369,4.480689820867234e-05,0.9886681312344369,0.06521797874991035,0.04704482725964873
2002-11-12,2,0.034526227338340564,0.0003280914025849476,0.9651229010884342,2.278017064021511e-05,0.9651229010884342,0.15335375359869666,0.11062134990927384
2002-11-13,2,0.6163060123999383,7.596301346782715e-05,0.38361426052854286,3.7640580510812458e-06,0.6163060123999383,0.6666144782840983,0.48086070100262607
2002-11-14,2,0.0005564602069160222,0.001781191377869502,0.9975571328191839,0.00010521559603047599,0.9975571328191839,0.018849452144129607,0.013597005565904811
2002-11-15,2,0.0012318986514873722,0.0013791512141939843,0.9973142088389665,7.474129535217732e-05,0.9973142088389665,0.020728553526241235,0.014952490688554834
2002-11-18,2,0.025901221979800507,0.0005413668966874224,0.9735133008949093,4.411022860276398e-05,0.9735133008949093,0.12527621690645716,0.09036768843613793
2002-11-19,2,0.07727513661209134,0.00021869001907806075,0.9224890975566948,1.707581213574001e-05,0.9224890975566948,0.274310654863058,0.1978733107169689
2002-11-20,2,0.07218553551939678,0.0004285470632962249,0.9273638508879936,2.20665293133098e-05,0.9273638508879936,0.26323266699125214,0.1898822316341277
2002-11-21,2,0.027238154168464975,0.0004898555114324712,0.9722435755218275,2.841479827501134e-05,0.9722435755218275,0.12954123778132987,0.09344425066887131
2002-11-22,2,0.627726502839874,6.52595820475183e-05,0.3722050035935343,3.2339845441837034e-06,0.627726502839874,0.660825202258441,0.4766846210963495
2002-11-25,2,0.9130564766280629,1.5812540897552314e-05,0.08692671506874891,9.957622904720899e-07,0.9130564766280629,0.2955729434281628,0.2132108098523823
2002-11-26,2,0.22287099161142968,9.748195588838778e-05,0.7770101687407032,2.1357691978668555e-05,0.7770101687407032,0.5317366126245651,0.3835668870462779
2002-11-27,2,0.00016736919792812937,0.0033977055916259474,0.9961297276780283,0.00030519753241762876,0.9961297276780283,0.027103320773335302,0.019550913235656834
2002-11-29,0,0.30826721805772817,0.00028384179953954726,0.6914372234064498,1.1716736282694311e-05,0.6914372234064498,0.6203449721358135,0.4474843074703702
2002-12-02,0,0.31723480819094846,0.0001653620081153722,0.6825881215664266,1.1708234509618491e-05,0.6825881215664266,0.6264498322546939,0.45188803317978493
2002-12-03,0,0.682464031455351,5.347657134539143e-05,0.31747908597970803,3.4059935955420636e-06,0.682464031455351,0.6255586851644775,0.4512452064359061
2002-12-04,0,0.9376715623208366,1.1319277537630244e-05,0.062316453716119595,6.646855061418355e-07,0.9376715623208366,0.2334439009601268,0.16839417912047464
2002-12-05,0,0.8656020073758854,8.981081153198127e-06,0.1343876147204344,1.3968225269375205e-06,0.8656020073758854,0.3947751494795714,0.28477007521018843
2002-12-06,0,0.9852767099494054,1.724502384878858e-06,0.014721475174496932,9.037371272260158e-08,0.9852767099494054,0.07674049430154427,0.05535656528210284
2002-12-09,0,0.4106400405527239,3.735494516427208e-05,0.5893186475744064,3.956927705357165e-06,0.5893186475744064,0.6775401805262007,0.4887419292240814
2002-12-10,0,0.5471551941571243,0.00011602635630185489,0.45271784843668084,1.0931049892905024e-05,0.5471551941571243,0.6898959734298592,0.49765474979826096
2002-12-11,0,0.9287339506363982,1.6558328855609556e-05,0.07124853341848464,9.576162615213312e-07,0.9287339506363982,0.2570683845333942,0.18543564176783248
2002-12-12,0,0.984167782510215,1.7433622755789442e-06,0.01583037512867006,9.899883941954211e-08,0.984167782510215,0.08136089470036924,0.058689479653255924
2002-12-13,0,0.8724720685675547,1.619068037307635e-05,0.1275110307275566,7.10024515611852e-07,0.8724720685675547,0.3818309893779146,0.27543283741662195
2002-12-16,0,0.47843574923214927,0.00029069525883582885,0.5212546640260074,1.8891483007384064e-05,0.5212546640260074,0.6948975146669032,0.5012625991680035
2002-12-17,0,0.19673298146341983,0.0002783611905224529,0.8029726074272915,1.6049918766238624e-05,0.8029726074272915,0.4985257606269697,0.3596103213059638
2002-12-18,0,0.4063111585591474,0.00015717141139084384,0.5935222471026066,9.422926855091968e-06,0.5935222471026066,0.677053072467692,0.4883905550338876
2002-12-19,0,0.8357958949431766,4.216816197900749e-05,0.16415951887899585,2.418015848460972e-06,0.8357958949431766,0.446996046403836,0.32243948972189357
2002-12-20,0,0.9614778812016862,6.151504930252853e-06,0.038515577232423416,3.9006096022305694e-07,0.9614778812016862,0.16328338561280922,0.11778406534158009
2002-12-23,0,0.9939783727485421,5.078941379281763e-07,0.006021088614248532,3.0743071591907476e-08,0.9939783727485421,0.03679409192984251,0.02654132698059821
2002-12-24,0,0.9952558981324464,8.155688573588699e-08,0.0047440157629872,4.547680822865785e-09,0.9952558981324464,0.030118867069038553,0.021726170078847914
2002-12-26,0,0.9964185339891312,3.9855943194257115e-08,0.003581423599631663,2.555293876580452e-09,0.9964185339891312,0.023746333975785357,0.01712935913307932
2002-12-27,0,0.9009669318256345,2.3499595469459003e-06,0.09903053486011387,1.833547046988141e-07,0.9009669318256345,0.3229831756134235,0.23298311287402762
2002-12-30,0,0.9254464768401875,2.7068357566946134e-05,0.07452445097894972,2.00382329581966e-06,0.9254464768401875,0.26552589879482336,0.19153644870943823
2002-12-31,0,0.9607149600174925,7.1043672520386394e-06,0.03927761863920999,3.1697604551537706e-07,0.9607149600174925,0.16573763477261644,0.11955443188755999
2003-01-02,2,0.0006444693074024049,0.0019386985230939048,0.9972757286877393,0.0001411034817642898,0.9972757286877393,0.020815156508883933,0.015014961535347239
2003-01-03,2,0.4705213642886808,0.00016247657994514222,0.5293094322341065,6.726897267523531e-06,0.5293094322341065,0.6929674963310849,0.4998703852270486
2003-01-06,2,0.2331809535471846,0.00017901715210918724,0.7666088650914338,3.116420927248466e-05,0.7666088650914338,0.5451137288245392,0.39321643664782696
2003-01-07,2,0.4559453073858849,0.00014334603067196834,0.5439036068679413,7.73971550198358e-06,0.5439036068679413,0.6906793466134532,0.49821983410182924
2003-01-08,2,0.6496856822861102,9.401288520515543e-05,0.3502138511381564,6.453690528286329e-06,0.6496856822861102,0.6485848892507194,0.46785510165876526
2003-01-09,2,0.03022013767840176,0.0015636594473790067,0.9680849426681916,0.00013126020602771958,0.9680849426681916,0.1484236076036089,0.107065001320288
2003-01-10,0,0.45488617677221355,0.00015776308368264374,0.5449495893676521,6.470776451653059e-06,0.5449495893676521,0.690594121755224,0.49815835736166536
2003-01-13,0,0.9130125061641802,1.652098539011989e-05,0.08697003691889131,9.359315385235319e-07,0.9130125061641802,0.295681741302291,0.21328929092911433
2003-01-14,0,0.980136170365591,1.949110153673749e-06,0.019861723833686225,1.5669056928573736e-07,0.980136170365591,0.097530624325877,0.07035347402487363
2003-01-15,0,0.9577315909387311,1.972912998158648e-06,0.04226627647271163,1.596755591242061e-07,0.9577315909387311,0.1751112539870106,0.12631606886545396
2003-01-16,0,0.9935913759243415,4.991356956389525e-07,0.006408092420462659,3.251949995658458e-08,0.9935913759243415,0.03875795579980654,0.027957955313687267
2003-01-17,0,0.8158642049065238,4.9875734383608105e-06,0.18413031817209902,4.893479387893105e-07,0.8158642049065238,0.4776713992751163,0.34456707945435117
2003-01-21,0,0.7368967786321015,2.25677227475997e-05,0.2630774851881548,3.1684569961513077e-06,0.7368967786321015,0.5765507707142667,0.4158934688650912
2003-01-22,0,0.9279389349062105,8.782631150531329e-06,0.07205160218023678,6.802824021710402e-07,0.9279389349062105,0.25903443410983196,0.18685384675486677
2003-01-23,0,0.9747491189927285,3.0043823752512297e-06,0.02524773637779133,1.4024710501211914e-07,0.9747491189927285,0.11785667105097115,0.08501561743045898
2003-01-24,2,0.3115526025853681,3.9108549806516916e-05,0.6883962505888089,1.2038276016552671e-05,0.6883962505888089,0.6209026349433593,0.4478865761538374
2003-01-27,2,0.012788358333421176,0.0009796231182923336,0.9861728339090078,5.9184639278749736e-05,0.9861728339090078,0.07684171302866076,0.05542957915993087
2003-01-28,2,0.07344527670469246,0.0006140553817695248,0.9258999599096036,4.0708003934461864e-05,0.9258999599096036,0.2680182971025401,0.19333433404866973
2003-01-29,0,0.39905953761294155,0.0001902271621563545,0.6007410283050166,9.206919885276422e-06,0.6007410283050166,0.6744628274179245,0.48652208818989423
2003-01-30,0,0.15182328002292986,0.0002736379812683153,0.8478784377450771,2.4644250724585228e-05,0.8478784377450771,0.4286142150574068,0.30917980125891825
2003-01-31,0,0.4406147689142729,0.00016428280336858785,0.5592084635275394,1.248475481911638e-05,0.5592084635275394,0.6877238575017852,0.4960878993594269
2003-02-03,0,0.9368503587957808,9.997912942034188e-06,0.06313912109585516,5.221954220599675e-07,0.9368503587957808,0.23565145100115967,0.1699865898688308
2003-02-04,0,0.7576599313902159,1.548873821171328e-05,0.24231943175586193,5.14811571047129e-06,0.7576599313902159,0.5539879166120233,0.3996178100042873
2003-02-05,0,0.6484336231596695,0.00018784836366542203,0.351370648721093,7.879755572187775e-06,0.6484336231596695,0.6501062792045745,0.46895255252960777
2003-02-06,0,0.9377425082707649,1.2267276974833256e-05,0.06224455041952282,6.74032737475329e-07,0.9377425082707649,0.23325974382536283,0.16826133782794048
2003-02-07,0,0.9857119178466976,1.336741454268255e-06,0.01428665492800565,9.048384249100715e-08,0.9857119178466976,0.07490090993938138,0.054029585663808194
2003-02-10,0,0.9452904757725346,4.702763716501874e-06,0.05470456686311353,2.5460063554923077e-07,0.9452904757725346,0.2122074229144466,0.15307529833924954
2003-02-11,0,0.986617809682478,1.2209498864625742e-06,0.01338090001653286,6.935110254228641e-08,0.986617809682478,0.07103423953241686,0.05124037255336828
2003-02-12,0,0.9853627033080022,5.722009539167423e-07,0.014636693726682939,3.0764360811163086e-08,0.9853627033080022,0.07636706931564861,0.05508719609445499
2003-02-13,0,0.9888456689402361,3.6589757227048694e-07,0.011153935116805102,3.004538652047431e-08,0.9888456689402361,0.06124551092273773,0.04417929744247228
2003-02-14,0,0.7936740568799848,1.3732628397117722e-05,0.20631117448168929,1.0360099286278404e-06,0.7936740568799848,0.5092074422121834,0.3673155258316352
2003-02-18,0,0.8349877890101487,4.116093452831487e-05,0.16496714947246408,3.900582858939497e-06,0.8349877890101487,0.44831667470191333,0.3233921216701405
2003-02-19,0,0.9065921513037988,2.2874131411251596e-05,0.09338365234814153,1.3222166483300621e-06,0.9065921513037988,0.310581380487638,0.2240371087109818
2003-02-20,0,0.8595931632047363,9.655022144474529e-05,0.14030635541554345,3.931158275397622e-06,0.8595931632047363,0.40654608371268935,0.29326100943256317
2003-02-21,0,0.9443153356399353,1.5393557512953026e-05,0.05566854512550935,7.256770423005962e-07,0.9443153356399353,0.21507519591253238,0.15514395928061636
2003-02-24,0,0.753078743734543,3.806674257487662e-05,0.24688009363142463,3.0958914574426134e-06,0.753078743734543,0.559337684777351,0.4034768520052993
2003-02-25,0,0.9243429230535075,1.746094292724483e-05,0.0756384458572446,1.1701463206834892e-06,0.9243429230535075,0.26820994622389993,0.193472579667158
2003-02-26,0,0.5685683363290207,0.00018558628710225848,0.43122252466389877,2.355271997807511e-05,0.5685683363290207,0.6855930656594903,0.49455085794740405
2003-02-27,0,0.9039370067723037,2.041708791364419e-05,0.09604138138342486,1.1947563578332938e-06,0.9039370067723037,0.31655310784521146,0.2283447994331379
2003-02-28,0,0.9884283684859322,1.8035607820387645e-06,0.011569726181489803,1.0177179592780849e-07,0.9884283684859322,0.06312352598760868,0.04553399895287432
2003-03-03,0,0.9895949438301309,3.420504734925679e-07,0.01040469743420075,1.6685194773159114e-08,0.9895949438301309,0.05785875047241148,0.04173626618929001
2003-03-04,0,0.9851766979798412,3.6466168834835746e-07,0.014822909387359641,2.797111083855268e-08,0.9851766979798412,0.0771466712212002,0.05564955999595842
2003-03-05,0,0.9832374470408433,6.985286431301747e-07,0.01676180279082447,5.1639689110538006e-08,0.9832374470408433,0.08516522630542878,0.061433724823514196
2003-03-06,0,0.8131771881207805,1.2939262647428526e-05,0.18680897086830703,9.017482650754925e-07,0.8131771881207805,0.4817318794664317,0.34749609677217047
2003-03-07,0,0.9593763869956417,7.3524814336692875e-06,0.04061574142686706,5.190960577314366e-07,0.9593763869956417,0.16999806143631419,0.12262768009745391
2003-03-10,0,0.6145331534081209,7.603417409563279e-05,0.3853860102424078,4.802175375613054e-06,0.6145331534081209,0.667460810674499,0.48147120077391353
2003-03-11,0,0.8959840934754543,2.0143957358465185e-05,0.10399478008210597,9.824850812635038e-07,0.8959840934754543,0.3340229798388727,0.24094664827824794
2003-03-12,0,0.9380244856631779,1.641354388880098e-05,0.061957852470293485,1.2483226398238901e-06,0.9380244856631779,0.23253531704564692,0.16773877436664883
2003-03-13,2,0.00918939903225391,0.0006121643542202958,0.989841381634606,0.00035705497891977216,0.989841381634606,0.0605656831405638,0.043688905357471844
2003-03-14,2,0.00883848227718034,0.001714418227583861,0.9892809212252199,0.00016617827001582703,0.9892809212252199,0.06482016644871182,0.04675786634257686
2003-03-17,2,1.0789010018425815e-05,0.001521177184190563,0.9980165053528359,0.0004515284529550767,0.9980165053528359,0.015452795368663529,0.011146835623121408
2003-03-18,2,0.00617814644279871,0.0005189874036280793,0.993001073428812,0.0003017927247610375,0.993001073428812,0.04477267436378601,0.03229665763598525
2003-03-19,2,6.9612311187227156e-06,0.0007683377305920081,0.9990166443508934,0.00020805668739579022,0.9990166443508934,0.008339345762115997,0.006015566387631571
2003-03-20,2,0.13349207382997347,0.0005375332482099243,0.8659452617062048,2.5131215611869935e-05,0.8659452617062048,0.39776635448533004,0.2869277735242336
2003-03-21,2,0.02524358211484597,0.0003744789130756232,0.9742339905658965,0.00014794840618193006,0.9742339905658965,0.12256627808661749,0.08841288078789035
2003-03-24,2,2.0666352598667467e-06,0.00012987562844156246,0.9991924802724215,0.0006755774638771931,0.9991924802724215,0.006928170130177754,0.004997618344621245
2003-03-25,2,0.0949349586847783,0.0002197017834287598,0.9048006498499045,4.468968188845788e-05,0.9048006498499045,0.3163454011378285,0.2281949707147875
2003-03-26,2,0.11453112059081566,0.00028026662509407117,0.8851720806062552,1.6532177835159823e-05,0.8851720806062552,0.35862030165660086,0.2586898653810411
2003-03-27,2,0.3971233446903544,8.838664846957618e-05,0.6027680963171195,2.01723440565282e-05,0.6027680963171195,0.6729247132005063,0.4854125733129992
2003-03-28,2,0.7040961783534215,6.07370813735276e-05,0.2958392121634444,3.872401760497071e-06,0.7040961783534215,0.6079774410637169,0.43856301959749316
2003-03-31,2,0.18617852030870047,0.00030701428644979264,0.813459738585833,5.4726819016774184e-05,0.813459738585833,0.48394158912735336,0.3490900653569785
2003-04-01,2,0.4479771464424389,0.00013326011937236413,0.5518755610862985,1.4032351890227427e-05,0.5518755610862985,0.6891302813736618,0.49710241973209895
2003-04-02,2,0.007785792965105941,0.0003330225449740447,0.9917973103131126,8.387417680764347e-05,0.9917973103131126,0.0494263904320283,0.03565360418266447
2003-04-03,2,0.07988468059814303,0.00023817868222753688,0.9198626019100593,1.453880957011295e-05,0.9198626019100593,0.2808682202631941,0.2026035942585096
2003-04-04,0,0.7682933383529625,3.8213015800448496e-05,0.23166657383773012,1.8747935069527858e-06,0.7682933383529625,0.5417252139055411,0.3907721398130185
2003-04-07,0,0.8472307838621922,3.686895237554849e-05,0.1527284239499374,3.9232354948733284e-06,0.8472307838621922,0.42787199872749115,0.30864440534970017
2003-04-08,0,0.9065250422073359,1.5288989576461942e-05,0.09345823816060415,1.4306424835282171e-06,0.9065250422073359,0.3106705998741855,0.22410146689424343
2003-04-09,0,0.9454720352544312,5.791052485651589e-06,0.05452117695274554,9.967403376674239e-07,0.9454720352544312,0.2117083002969429,0.1527152574767155
2003-04-10,0,0.9763212782772409,3.3979092237357055e-06,0.02367508428579671,2.3952773841709864e-07,0.9763212782772409,0.11206628317716506,0.08083873549527715
2003-04-11,0,0.9837925443487183,1.1841770020777943e-06,0.016206191309318725,8.016496088361116e-08,0.9837925443487183,0.08290065521181862,0.059800182080268265
2003-04-14,0,0.8358085576913039,6.584344875113454e-06,0.16418380954907102,1.048414750122223e-06,0.8358085576913039,0.44664217838479175,0.3221842279037914
2003-04-15,0,0.8746446662530517,3.986822998046416e-05,0.1253122051162572,3.2604007105863734e-06,0.8746446662530517,0.377859645447887,0.2725681183198643
2003-04-16,0,0.8853411507030485,2.5199771270833096e-05,0.11463218923178796,1.4602938925467666e-06,0.8853411507030485,0.35640164580291883,0.2570894434822679
2003-04-17,0,0.854792581048177,8.905237050352298e-05,0.14511107661155184,7.28996976754267e-06,0.854792581048177,0.41513216439872447,0.2994545574457709
2003-04-21,0,0.9889170342931916,1.4779445051721498e-06,0.011081414369618934,7.339268431372366e-08,0.9889170342931916,0.06093628089759613,0.043956235130589404
2003-04-22,2,0.9161023113033755,4.085324758555449e-06,0.08389300596284206,5.97409023898562e-07,0.9161023113033755,0.2882394981469185,0.20792084728244145
2003-04-23,2,0.0003763717818288643,0.00354857770193589,0.9957551839439238,0.00031986657231151483,0.9957551839439238,0.029795887071494016,0.021493189258465998
2003-04-24,2,0.12946990291016924,0.00041723380489673334,0.8700929543603656,1.9908924568533357e-05,0.8700929543603656,0.3892165493566377,0.2807603927943678
2003-04-25,2,0.2497002219729352,0.0003861726379153791,0.7498986848572383,1.4920531911017484e-05,0.7498986848572383,0.5654921505265472,0.40791636061314246
2003-04-28,2,0.055284567635908735,0.0005600354832437419,0.9440833540851445,7.204279570288757e-05,0.9440833540851445,0.21926704097472394,0.15816773632231568
2003-04-29,2,0.22539877368778935,0.00018231654232647848,0.7744036551163167,1.5254653567546408e-05,0.7744036551163167,0.5355425447436046,0.3863122867433271
2003-04-30,2,0.19711281190466495,0.00022363134625052731,0.8026376078781375,2.5948870947004983e-05,0.8026376078781375,0.4987222749127767,0.3597520763987626
2003-05-01,2,0.7900265731199914,4.3958182244410435e-05,0.20992742593775163,2.0427600125864957e-06,0.7900265731199914,0.5143634229581772,0.3710347797582173
2003-05-02,2,0.4414988953670033,8.248653666845193e-05,0.5584057693578062,1.2848738522080414e-05,0.5584057693578062,0.6872468300145408,0.49574379676431923
2003-05-05,2,0.724575422473078,4.678725873818002e-05,0.27536997321440887,7.817053775002707e-06,0.724575422473078,0.5891224875419373,0.42496204562646156
2003-05-06,2,0.04967807014385239,0.0004775859052500067,0.9497758715462292,6.847240466840824e-05,0.9497758715462292,0.20239289990220183,0.14599561650002146
2003-05-07,2,0.2696590686392331,0.00028832293526978803,0.7300283038538239,2.430457167327331e-05,0.7300283038538239,0.585742242869565,0.42252371451355014
2003-05-08,2,0.028557051025194766,0.0004596056297425676,0.9709478104342778,3.5532910784884446e-05,0.9709478104342778,0.13406682831028457,0.09670877417547982
2003-05-09,2,0.20566271937245348,0.0003991976998393873,0.7939111959410979,2.6886986609212154e-05,0.7939111959410979,0.5118880739952153,0.36924919292154995
2003-05-12,2,0.6148209176603169,9.594104465870265e-05,0.38507638475444406,6.756540580288064e-06,0.6148209176603169,0.6675154785675383,0.48151063532300536
2003-05-13,2,0.4188356566090495,0.0002421220213803343,0.5808971971835727,2.502418599740977e-05,0.5808971971835727,0.6823165690957644,0.49218736527541557
2003-05-14,2,0.07851079517852053,0.000282609413199368,0.9211313917411654,7.520366711479544e-05,0.9211313917411654,0.2784689611986724,0.20087289468141295
2003-05-15,2,0.005550099850740164,0.0002508222715641175,0.9941432298004309,5.584807726484923e-05,0.9941432298004309,0.03729288982198398,0.026901133603297392
2003-05-16,2,0.10729165312130406,0.00021984275306879863,0.8924716518476106,1.6852278016655457e-05,0.8924716518476106,0.3430618202921771,0.2474667934269323
2003-05-19,2,0.004194073474512062,0.002246500725340401,0.9934683378510463,9.108794910121955e-05,0.9934683378510463,0.044016461901157405,0.03175116565113889
2003-05-20,2,0.0008557601364194863,0.004084109809199665,0.9946244415225326,0.00043568853184819775,0.9946244415225326,0.037242639970907286,0.026864885997820515
2003-05-21,2,6.874689404651843e-08,0.016185744543980654,0.9825611840807297,0.0012530026283954926,0.9825611840807297,0.0924037627321029,0.06665522512654264
2003-05-22,2,0.1322196550366576,0.0012712984213203015,0.8664739383168409,3.510822518124753e-05,0.8664739383168409,0.4005414202293901,0.2889295603177817
2003-05-23,2,0.5193079276783004,0.00012100881898410868,0.48056389435952707,7.169143188320893e-06,0.5193079276783004,0.6936120504198269,0.5003353327207549
2003-05-27,2,0.03435459942749329,0.0006619897162281993,0.964951106444712,3.230441156639979e-05,0.964951106444712,0.15541737165472025,0.11210993567713093
2003-05-28,2,0.04724550044013501,0.0005010892355594099,0.9522279686256502,2.5441698655405013e-05,0.9522279686256502,0.19490118553566968,0.1405914869178452
2003-05-29,0,0.4979023537012842,0.00019545664581047492,0.501889090745758,1.3098907147287203e-05,0.501889090745758,0.6950197100959553,0.5013507445377599
2003-05-30,0,0.7724248398678248,4.667656528036004e-05,0.22752531821675157,3.1653501432829157e-06,0.7724248398678248,0.5368113503665017,0.38722753653333
2003-06-02,0,0.920724326367625,3.08449935189651e-05,0.07924317032498364,1.6583138724130228e-06,0.920724326367625,0.27728929215114284,0.20002194333903237
2003-06-03,0,0.9889851823130569,2.21179680404853e-06,0.01101248125228341,1.2463785567966798e-07,0.9889851823130569,0.06063697389530354,0.04374033076663398
2003-06-04,0,0.9565629199346376,1.4864981643160329e-06,0.043435366905092074,2.2666210591949482e-07,0.9565629199346376,0.17873735594171816,0.12893174851936115
2003-06-05,0,0.8707870479440445,2.0978889916083673e-05,0.12919052912089754,1.4440451418417742e-06,0.8707870479440445,0.38510975857414464,0.2777979694464322
2003-06-06,0,0.9652594592117899,7.247888779322104e-06,0.034732792731653125,5.001677777197577e-07,0.9652594592117899,0.1509276597517813,0.10887129312843584
2003-06-09,0,0.9724573963580357,3.038210457350891e-06,0.027539380992347023,1.844391598463519e-07,0.9724573963580357,0.12612649734653025,0.0909810361232671
2003-06-10,0,0.9663843624607908,4.19334159221816e-06,0.033611079347339194,3.64850277827739e-07,0.9663843624607908,0.14714053796571533,0.10613946221843588
2003-06-11,0,0.9785184212028608,1.9703121126529653e-06,0.021479461265217534,1.4721980907077644e-07,0.9785184212028608,0.10377264683287954,0.07485614148285856
2003-06-12,0,0.9948215323222968,3.2653311302153133e-07,0.005178124499513885,1.6645076520327494e-08,0.9948215323222968,0.03242429767577517,0.02338918673057419
2003-06-13,0,0.9607163493236801,1.8147993493711612e-06,0.039281715207317096,1.2066965339809865e-07,0.9607163493236801,0.16568241423561672,0.11951459869011763
2003-06-16,2,0.6443482194051243,7.564702432680103e-05,0.3555671085963311,9.02497421763728e-06,0.6443482194051243,0.6516950861706623,0.4700986344950601
2003-06-17,2,0.8127430568669757,9.052616819171661e-05,0.18716163903446584,4.777930366743833e-06,0.8127430568669757,0.4830579111606502,0.3484526264468258
2003-06-18,2,0.0042563084052536036,0.0003565985887973365,0.9953222015766434,6.489142930555085e-05,0.9953222015766434,0.0313602659853471,0.02262165010900955
2003-06-19,2,0.004812598704461465,0.0003123197550532589,0.9948388999370609,3.618160342440882e-05,0.9948388999370609,0.03372118996991036,0.024324696771232165
2003-06-20,2,0.2885123019350002,0.0001205160670783495,0.7113540489231867,1.3133074734701759e-05,0.7113540489231867,0.6021375091143395,0.4343503991662453
2003-06-23,2,0.43572241436346315,0.0001612887220537031,0.5641059057575681,1.0391156915021046e-05,0.5641059057575681,0.6864621272221072,0.4951777533507114
2003-06-24,2,0.8098572589267959,4.011619022434168e-05,0.19009960053496217,3.024348017444335e-06,0.8098572589267959,0.48684595907158695,0.35118512541470487
2003-06-25,2,0.8369792159607483,6.803432889338103e-05,0.16294662310335492,6.126607003448676e-06,0.8369792159607483,0.4453112372382275,0.32122415680785976
2003-06-26,2,0.08462487756249765,0.000799833625709258,0.9144412781179755,0.0001340106938177601,0.9144412781179755,0.2976716509886231,0.21472470734725843
2003-06-27,2,0.4215545565614726,0.00010955141096701459,0.5783272771326409,8.614894919392568e-06,0.5783272771326409,0.6819417589357533,0.4919169968958541
2003-06-30,2,0.7122348518255386,9.013870221190957e-05,0.2876668902521141,8.119220135471676e-06,0.7122348518255386,0.6010490688258923,0.43356525546302205
2003-07-01,2,0.8537801455229596,3.81570505211169e-05,0.14617885522588536,2.842200633898134e-06,0.8537801455229596,0.41648227962163836,0.3004284597141341
2003-07-02,2,0.7950523997170456,4.652301605576732e-05,0.2048976027461899,3.4745207087341947e-06,0.7950523997170456,0.507663738167944,0.366201978747023
2003-07-03,2,0.6109154328088788,0.00017068576607597418,0.38890342771315817,1.0453711887064166e-05,0.6109154328088788,0.669947655056775,0.4832650798027996
2003-07-07,2,9.357031444955908e-06,0.0002661197687162472,0.9995162791660511,0.00020824403378762665,0.9995162791660511,0.0045477774107659,0.003280527958789407
2003-07-08,0,0.5929097752833872,7.153294034860772e-05,0.40701475497234285,3.936803921259298e-06,0.5929097752833872,0.6765214136853993,0.48800704428955827
2003-07-09,0,0.9261317916116835,1.5007907736009535e-05,0.07385221457792722,9.859026533973588e-07,0.9261317916116835,0.2636864289655957,0.1902095517091924
2003-07-10,0,0.6358692595694728,0.000261302338649788,0.3638575402667859,1.1897825091476617e-05,0.6358692595694728,0.6580456180455676,0.4746795749165267
2003-07-11,0,0.8884073684533758,1.8893856421747633e-05,0.11157246108738189,1.2766028205355796e-06,0.8884073684533758,0.35003098143240347,0.25249398053501265
2003-07-14,0,0.8872622095753806,2.656934056860023e-05,0.11270997447644727,1.2466076034399652e-06,0.8872622095753806,0.3524653159954546,0.2542499817360019
2003-07-15,0,0.9111035538408617,0.0001501622974334375,0.08873821732710854,8.066534596293197e-06,0.9111035538408617,0.3011688698352262,0.2172474174907073
2003-07-16,0,0.9858822536471303,2.833720039254882e-06,0.014114813186137257,9.944669305616878e-08,0.9858822536471303,0.07419201123088986,0.05351822333819155
2003-07-17,2,0.44800583376595227,2.6098146690556694e-05,0.551964878252597,3.1898347602837813e-06,0.551964878252597,0.6880582905317562,0.4963291417963511
2003-07-18,2,0.8015432829395155,4.3751868308406623e-05,0.19841039518632958,2.570005846531479e-06,0.8015432829395155,0.49869914381959507,0.35973539084205086
2003-07-21,2,0.012958443704804704,0.006420909743500621,0.979867446955108,0.0007531995965867284,0.979867446955108,0.11407641673775373,0.08228874035497002
2003-07-22,0,0.3216284518878275,0.0009151604234370582,0.6774227405931009,3.3647095634532254e-05,0.6774227405931009,0.6354201897312756,0.45835877830301774
2003-07-23,0,0.7106191784344678,8.358095842258794e-05,0.28929154175203653,5.6988550730809846e-06,0.7106191784344678,0.6024285215065311,0.4345603202337714
2003-07-24,0,0.9016833609976058,1.9339043884049002e-05,0.0982956939215415,1.6060369685847731e-06,0.9016833609976058,0.32157211008021047,0.23196524425045975
2003-07-25,0,0.8922322195131154,2.067864337221122e-05,0.10774570915892961,1.3926845827386845e-06,0.8922322195131154,0.34203746969987053,0.24672788066710616
2003-07-28,0,0.9677192391945373,1.589337220180246e-05,0.032263995942815045,8.714904458602462e-07,0.9677192391945373,0.14273003117792626,0.10295795408316068
2003-07-29,0,0.989641092923183,3.2178971721653587e-06,0.010355486410826889,2.027688178557474e-07,0.989641092923183,0.05767593423468431,0.04160439214950853
2003-07-30,2,0.753959000056792,1.3678977801671302e-05,0.24602554583996847,1.7751254378551702e-06,0.753959000056792,0.5581142818959813,0.4025943533703186
2003-07-31,2,0.20848589540395035,0.0009466819321220337,0.7904783853457952,8.90373181324573e-05,0.7904783853457952,0.5201582760595574,0.37521488267423797
2003-08-01,2,7.319074117826952e-05,4.234989926943098e-05,0.9992200354202796,0.0006644239392727668,0.9992200354202796,0.006764376734144949,0.0048794663845278
2003-08-04,2,0.024332133698371415,0.000454835666653888,0.9751539104217511,5.912021322344821e-05,0.9751539104217511,0.11902782225351922,0.08586042444648259
2003-08-05,2,7.073436819993822e-05,0.002543320352584388,0.9967113243199422,0.0006746209592734791,0.9967113243199422,0.024079411010840955,0.017369623426433674
2003-08-06,2,0.0005512115965268765,0.002360853667556188,0.9967919646003105,0.0002959701356065381,0.9967919646003105,0.024023843783429387,0.017329540144722363
2003-08-07,2,0.2761725846240126,0.0003327710187183937,0.7234805454832945,1.4098873974386122e-05,0.7234805454832945,0.5923590391511699,0.4272967241045721
2003-08-08,2,0.02586330785320594,0.0001873916464358719,0.9739207170902132,2.858341014499604e-05,0.9739207170902132,0.12217211515394974,0.08812855233375934
2003-08-11,0,0.2715568507933996,0.0001870828496389756,0.7282457053676252,1.0360989336271385e-05,0.7282457053676252,0.5866608651061299,0.4231863603861214
2003-08-12,0,0.8374692083811951,3.059729669494462e-05,0.16249857343983148,1.6208822784794673e-06,0.8374692083811951,0.4441561174858112,0.3203909140386378
2003-08-13,0,0.43598298809078595,0.0018766201579276714,0.5620508384922782,8.95532590082223e-05,0.5620508384922782,0.6983817047853043,0.5037759110706692
2003-08-14,0,0.6013028054162924,0.0002205067016075926,0.3984670928271071,9.595054992896893e-06,0.6013028054162924,0.6744657702549579,0.48652421099809134
2003-08-15,0,0.9288238743378104,1.278512985186506e-05,0.07116272414213827,6.163901996011384e-07,0.9288238743378104,0.25680150139865304,0.18524312628033848
2003-08-18,0,0.9816571771166954,2.2635293379506446e-06,0.018340401194029847,1.5815993675776442e-07,0.9816571771166954,0.09154228031625398,0.0660337969219635
2003-08-19,0,0.9755210535437149,4.266751836296444e-06,0.024474358060385688,3.2164406322940043e-07,0.9755210535437149,0.1150374608277997,0.08298198712636251
2003-08-20,0,0.9878910891318176,8.792182478581494e-07,0.01210799336854251,3.8281392076843315e-08,0.9878910891318176,0.06549155810898494,0.047242173051961975
2003-08-21,0,0.9944149983526429,1.7179288764002008e-07,0.005584819127148196,1.0727321255250158e-08,0.9944149983526429,0.03454463351323772,0.024918685729437375
2003-08-22,0,0.9693883893632977,6.855778046657582e-07,0.030610867611438445,5.7447459167250674e-08,0.9693883893632977,0.13687064248101763,0.09873129857532521
2003-08-25,0,0.992519213222253,5.60008793425788e-07,0.007480197391209487,2.9377744072133942e-08,0.992519213222253,0.044080583799801974,0.03179741982373235
2003-08-26,0,0.9605151463406923,2.094830733820767e-06,0.03948255824311385,2.0058545985375314e-07,0.9605151463406923,0.16632887766727847,0.11998092348360485
2003-08-27,0,0.988510836458986,1.0238651343716783e-06,0.011488091488633705,4.818724590823045e-08,0.988510836458986,0.06274876259527241,0.0452636643090592
2003-08-28,0,0.9812035129601304,1.1470225185423765e-06,0.01879524233445777,9.768289336521722e-08,0.9812035129601304,0.09333112252511859,0.06732417381379441
2003-08-29,0,0.9946209195668121,1.921215902300956e-07,0.005378876017320207,1.229427741123261e-08,0.9946209195668121,0.03347389321467536,0.02414630987002943
2003-09-02,0,0.6228706489622071,3.703132662637229e-05,0.3770860039649845,6.315746182006369e-06,0.6228706489622071,0.6630958469469116,0.47832254501218824
2003-09-03,0,0.958670561328364,6.706143472677062e-06,0.041322390247689786,3.422804734028584e-07,0.958670561328364,0.17221597548980802,0.12422756690050066
2003-09-04,0,0.981855833563313,1.6908375516344517e-06,0.018142354803003073,1.2079613231603582e-07,0.981855833563313,0.09074483325262997,0.06545856045993258
2003-09-05,0,0.9529526817506329,1.909540550145229e-05,0.04702699174734089,1.231096524624189e-06,0.9529526817506329,0.18991015250410384,0.1369912176160687
2003-09-08,0,0.9880310502484243,1.1159949734722652e-06,0.011967768494103307,6.52624989072237e-08,0.9880310502484243,0.06487722636136341,0.04679902636908486
2003-09-09,0,0.9831669526295516,3.881887661159476e-07,0.016832627731126714,3.145055568402109e-08,0.9831669526295516,0.08544863677441607,0.061638162262586185
2003-09-10,0,0.9059706401826025,7.438004713019045e-06,0.0940212449843883,6.768282962881178e-07,0.9059706401826025,0.31184885440676935,0.22495139787977525
2003-09-11,0,0.9845300675945542,2.0261532347516343e-06,0.01546779371907284,1.1253313811909916e-07,0.9845300675945542,0.0798631716786772,0.05760910086524575
2003-09-12,0,0.9898863554814075,8.047574414392791e-07,0.010112797850027153,4.191112403897066e-08,0.9898863554814075,0.05653205675561773,0.040779258966291566
2003-09-15,0,0.9961260146391154,9.456786737296794e-08,0.0038738863237217664,4.469295398610974e-09,0.9961260146391154,0.025381703534510518,0.0183090289092761
2003-09-16,0,0.8946091907292749,2.1988845728552553e-06,0.10538846364447056,1.467416818424028e-07,0.8946091907292749,0.33679687627396293,0.24294759159367005
2003-09-17,0,0.8359130890522736,8.271474923047637e-05,0.16399686107722838,7.335121267493278e-06,0.8359130890522736,0.4471767166098851,0.3225698157270453
2003-09-18,0,0.9680617142382738,5.451921792093332e-06,0.03193251401179387,3.19828140272972e-07,0.9680617142382738,0.1414733452258327,0.10205144678764057
2003-09-19,0,0.9921817685383177,5.091036999763779e-07,0.007817694804253946,2.755372832591458e-08,0.9921817685383177,0.04572194123925403,0.03298140894284419
2003-09-22,0,0.9638613548951656,1.1507596237033368e-06,0.03613739455878666,9.978642416120766e-08,0.9638613548951656,0.15548656194052332,0.11215984591823382
2003-09-23,0,0.9706173908706782,2.5755161199673555e-06,0.02937982661910854,2.069940933277724e-07,0.9706173908706782,0.13261876199861553,0.09566421513211817
2003-09-24,0,0.3835103574236514,9.14588006987564e-05,0.6163847954501487,1.338832550111534e-05,0.6163847954501487,0.6668113817431012,0.4810027368245448
2003-09-25,0,0.8589797480645922,2.5081616103896768e-05,0.1409937473186978,1.423000606197784e-06,0.8589797480645922,0.40707066416832344,0.2936394142435084
2003-09-26,0,0.9718701522046351,5.815631081862498e-06,0.028123734206983133,2.979572998662214e-07,0.9718701522046351,0.12823885742036575,0.09250478182481427
2003-09-29,0,0.9777277705230917,1.452085328803502e-06,0.022270697184649205,8.020693026080501e-08,0.9777277705230917,0.10677167116903215,0.0770194802514949
2003-09-30,0,0.7500593248866336,5.799748513904076e-05,0.24987402868394748,8.648944279896032e-06,0.7500593248866336,0.5629107922665861,0.40605430423294064
2003-10-01,0,0.579583517851174,0.0001280586009202972,0.4202782662243384,1.0157323567185584e-05,0.579583517851174,0.6817090754369255,0.49174915123092633
2003-10-02,0,0.9533443778369907,1.0981204980329274e-05,0.04664408060838447,5.60349644723054e-07,0.9533443778369907,0.18865724743395437,0.13608743765036405
2003-10-03,0,0.4388819958385154,0.0007038769948560642,0.5603772192796787,3.690788694977903e-05,0.5603772192796787,0.6914559951253281,0.49878006758012705
2003-10-06,0,0.9395904429525473,1.4924368407418672e-05,0.06039399458925217,6.380897930726024e-07,0.9395904429525473,0.22823978152648758,0.16464020047092204
2003-10-07,0,0.9467804186327848,1.2537647940065605e-05,0.05320653041394401,5.133053311617761e-07,0.9467804186327848,0.20801185138653958,0.15004883322074636
2003-10-08,0,0.6103760506035055,3.628840819085338e-05,0.3895824134768776,5.247511426011077e-06,0.6103760506035055,0.6690167717287071,0.4825935894222747
2003-10-09,0,0.8230250444627314,4.636049208682274e-05,0.17692541997019778,3.175074984067425e-06,0.8230250444627314,0.4672419093621621,0.3370437927661409
2003-10-10,0,0.9756399240504033,4.602027299418825e-06,0.0243551854853355,2.884369617474378e-07,0.9756399240504033,0.11460159784703257,0.0826675784459326
2003-10-14,0,0.9628181861164405,3.774881146669943e-06,0.037177847856401366,1.9114601148280957e-07,0.9628181861164405,0.1589229780519338,0.11463869615941524
2003-10-15,0,0.9901723628147759,7.656667131993046e-07,0.009826837781895196,3.373661573013751e-08,0.9901723628147759,0.05521646453100309,0.03983025977714975
2003-10-16,0,0.9888868199601697,3.2982240196661256e-07,0.011112831253283663,1.8964144519690606e-08,0.9888868199601697,0.06106036358671276,0.04404574187071377
2003-10-17,0,0.2094552979448889,5.335895894215873e-05,0.7904832152363345,8.1278598343166e-06,0.7904832152363345,0.5139013499230354,0.37070146452005354
2003-10-20,0,0.7219535202553342,4.720498472152443e-05,0.27799608643724805,3.188322696321811e-06,0.7219535202553342,0.5915952619768635,0.4267457753337141
2003-10-21,0,0.9429831248836396,8.711252342340945e-06,0.05700762079660857,5.430674093276801e-07,0.9429831248836396,0.21877127498887755,0.15781011675770468
2003-10-22,0,0.8486815712821459,1.505632779556899e-05,0.1513016974853744,1.6749046841651844e-06,0.8486815712821459,0.42516382786117485,0.3066908730103429
2003-10-23,0,0.8784882250588585,1.892312915556501e-05,0.12149076636200566,2.085449980282665e-06,0.8784882250588585,0.37013611118299716,0.266996766028818
2003-10-24,0,0.8968436177691633,3.042768689094306e-05,0.10312333667395691,2.617869988850781e-06,0.8968436177691633,0.33227149249625915,0.23968321722656374
2003-10-27,0,0.9882720684472099,1.2245893649259405e-06,0.01172664151374222,6.544968295374196e-08,0.9882720684472099,0.06381202318970586,0.04603064470244009
2003-10-28,0,0.9753815791955663,1.2501671871701816e-06,0.024617076321576285,9.431567019672065e-08,0.9753815791955663,0.11552079099421565,0.08333063614346267
2003-10-29,0,0.9689506881072408,2.3817822309692695e-06,0.031046783145009672,1.4696551850777028e-07,0.9689506881072408,0.1383978705904402,0.0998329607852103
2003-10-30,0,0.9938921060888696,4.24998507200136e-07,0.006107448191279554,2.0721343581940435e-08,0.9938921060888696,0.03723307923024128,0.02685798938124748
2003-10-31,0,0.9788267092700492,5.935791809618669e-07,0.02117265340343673,4.37473331175597e-08,0.9788267092700492,0.10257831786702837,0.07399461524474679
2003-11-03,0,0.965344060735709,2.261426665745756e-06,0.03465350117404774,1.7666357751663546e-07,0.965344060735709,0.15059793209055308,0.10863344489758692
2003-11-04,0,0.9818272453562684,1.6294249178342528e-06,0.018171031705835283,9.351297846972426e-08,0.9818272453562684,0.0908580116645465,0.06554020142673642
2003-11-05,0,0.9577101295881234,3.485552726497945e-05,0.04224958061777646,5.434266835027256e-06,0.9577101295881234,0.17549088988864522,0.1265899182817698
2003-11-06,0,0.9905290709130944,1.0650985531669344e-06,0.009469816139421772,4.7848930702999585e-08,0.9905290709130944,0.05356738066516806,0.03864069721952465
2003-11-07,0,0.9952183803889368,9.308455867565587e-08,0.004781520326279871,6.200224605911541e-09,0.9952183803889368,0.03031944103077772,0.02187085360881419
2003-11-10,0,0.99179540573847,1.2468301112105397e-07,0.008204463645421956,5.933096814496037e-09,0.99179540573847,0.047579608709394476,0.034321432766240376
2003-11-12,0,0.9744144760339459,1.5783818927091014e-06,0.025583817185049484,1.2839911182998748e-07,0.9744144760339459,0.11906354593782678,0.08588619363757899
2003-11-13,0,0.9278354208454038,1.1940577661817583e-05,0.0721511915810342,1.4469959002606028e-06,0.9278354208454038,0.2593353948947978,0.1870709440708529
2003-11-14,0,0.9890326784214384,1.069679719236578e-06,0.010966187917091492,6.398175093337026e-08,0.9890326784214384,0.06041245775746456,0.043578376607304056
2003-11-17,0,0.9788704733376598,1.2156297562010403e-06,0.021128242341037416,6.869154649620663e-08,0.9788704733376598,0.1024170858753592,0.07387831094733992
2003-11-18,0,0.9808798521178067,1.7061043504745413e-06,0.01911821579146118,2.259863816860831e-07,0.9808798521178067,0.09461525257579784,0.06825047784178014
2003-11-19,0,0.9886605158418503,1.0917919787283333e-06,0.011338302835291476,8.953087943108701e-08,0.9886605158418503,0.062082094524948825,0.04478276494957177
2003-11-20,0,0.930972610150565,6.6605237325712485e-06,0.06902018515499485,5.441707076087674e-07,0.930972610150565,0.2511909920927225,0.1811959993040748
2003-11-21,0,0.9736965936364216,3.344034240745755e-06,0.026299789649097155,2.7268024049633023e-07,0.9736965936364216,0.12168442819286272,0.08777676055362611
2003-11-24,0,0.8875674055012021,2.203254099314802e-05,0.11240721147535805,3.3504824468081342e-06,0.8875674055012021,0.35181963336656713,0.25378422017265984
2003-11-25,0,0.9753550166531,3.4668519061647577e-06,0.024641266039705963,2.5045528789392907e-07,0.9753550166531,0.11564097061793294,0.08341732741703908
2003-11-26,0,0.993166886955369,5.217753218406898e-07,0.0068325605107347675,3.075857452746978e-08,0.993166886955369,0.04088532187482676,0.029492525556980814
2003-11-28,0,0.9950363319766471,1.1614159692274534e-07,0.004963545947028421,5.934727617850448e-09,0.9950363319766471,0.03128805814004839,0.02256956315884669
2003-12-01,0,0.9917993132612063,1.213162063130865e-07,0.008200558323346843,7.099240544018289e-09,0.9917993132612063,0.047560850814174556,0.03430790180503473
2003-12-02,0,0.995802210727308,9.095231178798172e-08,0.0041976923095267404,6.01085342998749e-09,0.995802210727308,0.027165449579732586,0.019595729696099688
2003-12-03,0,0.9865471295122544,2.1428043012698166e-07,0.013452645525530597,1.0681785011601298e-08,0.9865471295122544,0.07132725135599978,0.051451735905770735
2003-12-04,0,0.9962513303734328,1.2309466907851106e-07,0.0037485394282004442,7.103697611612e-09,0.9962513303734328,0.024684525757499718,0.017806121448520364
2003-12-05,0,0.9697336427965291,2.134039332920991e-06,0.03026409547235678,1.276917813297282e-07,0.9697336427965291,0.13569107946799408,0.09788042372067265
2003-12-08,0,0.9033204416125757,3.365938518757428e-05,0.09664357888479518,2.3201174415591985e-06,0.9033204416125757,0.3180540309580481,0.2294274865989604
2003-12-09,0,0.9119729681305612,1.941129759103184e-05,0.08800665475970891,9.658121389220165e-07,0.9119729681305612,0.29814401129265905,0.21506544328133118
2003-12-10,0,0.9444488109316046,4.3698174303553904e-06,0.05554639271628882,4.265346762637847e-07,0.9444488109316046,0.2145978995568542,0.15479966273793072
2003-12-11,0,0.8554744983865689,1.637852066354843e-05,0.14450730048284505,1.822609922386679e-06,0.8554744983865689,0.41328185044203986,0.29811983806107256
2003-12-12,0,0.9754791514633768,6.788160467061186e-06,0.024513521410453078,5.389657028828452e-07,0.9754791514633768,0.11521542508166432,0.08311036119961551
2003-12-15,0,0.9845741422802775,1.3579480104925042e-06,0.015424409748325,9.002338695213184e-08,0.9845741422802775,0.07967368225905595,0.0574724131422515
2003-12-16,0,0.9920006435995526,4.0072702697468486e-07,0.00799892876232617,2.6911094273876075e-08,0.9920006435995526,0.04659605646940627,0.033611949796697266
2003-12-17,0,0.9747572661155023,1.236226769507949e-06,0.025241387835460632,1.098222675716374e-07,0.9747572661155023,0.11780988525785713,0.08498186861460415
2003-12-18,0,0.9721534036350988,3.4645217808943205e-06,0.02784284047231035,2.913708097759488e-07,0.9721534036350988,0.12721338133237126,0.09176505719146433
2003-12-19,0,0.9906512124046655,7.808379347392393e-07,0.00934797034342549,3.6413974310990015e-08,0.9906512124046655,0.05299584457464271,0.038228421077779656
2003-12-22,0,0.9942470047726564,2.0990512977835897e-07,0.005752771795256986,1.3526956933017623e-08,0.9942470047726564,0.035413107328115,0.02554515716237006
2003-12-23,0,0.9875370504338309,3.239234252840613e-07,0.012462609842353771,1.5800390038798263e-08,0.9875370504338309,0.06703890893296537,0.04835835073209798
2003-12-24,0,0.9668930571568173,8.058789064566717e-07,0.03310602792099746,1.0904327884480023e-07,0.9668930571568173,0.14539247773888847,0.1048785033082267
2003-12-26,0,0.9931952656982136,3.9191490776052296e-07,0.006804316047662667,2.6339215905853672e-08,0.9931952656982136,0.040742656084676115,0.029389613943003393
2003-12-29,0,0.9812347519326265,4.693401085640469e-07,0.01876475061084199,2.811642298163467e-08,0.9812347519326265,0.09319982600950806,0.06722946339781576
2003-12-30,0,0.9923652879152451,3.875682465127723e-07,0.007634306284033785,1.8232474536111388e-08,0.9923652879152451,0.044829570963851956,0.032337699857364545
2003-12-31,0,0.9958948987095468,7.462807595272963e-08,0.004105022681444286,3.980932849820704e-09,0.9958948987095468,0.026657298320589565,0.01922917604530613
2004-01-02,0,0.965682441737817,1.577499400883609e-06,0.034315894840070776,8.592271123329063e-08,0.965682441737817,0.14946255872017683,0.10781444613208731
2004-01-05,0,0.9679809046364404,3.6652844987587503e-06,0.03201516134069744,2.6873836343495724e-07,0.9679809046364404,0.1417325072398154,0.10223839266382038
2004-01-06,0,0.9927563421342466,7.934595055030644e-07,0.007242816610105787,4.779614229291024e-08,0.9927563421342466,0.04292006444337026,0.0309602820635425
2004-01-07,0,0.9956904005122729,8.217186002390574e-08,0.0043095124330895344,4.8827776816493894e-09,0.9956904005122729,0.027775348565361728,0.020035678817104875
2004-01-08,0,0.9646951566267407,1.206212404872201e-06,0.035303530376069814,1.0678478456849374e-07,0.9646951566267407,0.15273928068072937,0.11017810139351786
2004-01-09,0,0.8952118632619644,2.9650537709223378e-05,0.10475585149725093,2.6347030752822616e-06,0.8952118632619644,0.3357804168711288,0.24221437112380317
2004-01-12,0,0.9872010053757277,1.767331729516754e-06,0.01279712481119013,1.0248135263872944e-07,0.9872010053757277,0.0685185085190699,0.049425656224785175
2004-01-13,0,0.9651068694622287,1.2639415691934437e-06,0.03489176673767924,9.985852288190607e-08,0.9651068694622287,0.15137541049543218,0.10919427701714558
2004-01-14,0,0.750987749348522,4.262807980280184e-05,0.24896499625433768,4.626317337406022e-06,0.750987749348522,0.5617147361416406,0.4051915321128987
2004-01-15,0,0.9503718320165246,1.772394242770654e-05,0.049608943610774586,1.500430272961431e-06,0.9503718320165246,0.197594464818478,0.1425342772503635
2004-01-16,0,0.9417584982864916,7.759389418429352e-06,0.05823218546270958,1.5568613805213771e-06,0.9417584982864916,0.2221962330167283,0.16028070173872125
2004-01-20,0,0.9850413956042742,1.4288901375754948e-06,0.014957060761513444,1.147440747078372e-07,0.9850413956042742,0.07772534871121527,0.05606698756851783
2004-01-21,0,0.9911400014051563,4.4677005549145313e-07,0.008859526741528078,2.508326019766729e-08,0.9911400014051563,0.05070004764607421,0.036572353655912715
2004-01-22,0,0.9879157710742502,4.410015140058682e-07,0.012083757351650713,3.0572585083153564e-08,0.9879157710742502,0.06537848210910661,0.04716060595982797
2004-01-26,0,0.945072619098108,1.0050306851955792e-05,0.05491655852550003,7.720695399596394e-07,0.945072619098108,0.2128815704182683,0.15356159296954516
2004-01-27,0,0.9818268688712857,2.5975047844795508e-06,0.018170412222570678,1.2140135913260809e-07,0.9818268688712857,0.09086862816163432,0.06554785961058653
2004-01-28,0,0.9807668829027232,2.7550773487251683e-06,0.01923022552714705,1.364927812052578e-07,0.9807668829027232,0.0950682431386814,0.06857724146110093
2004-01-29,2,2.4185696818238395e-06,3.320384115411925e-05,0.9997815357143603,0.00018284187480359867,0.9997815357143603,0.002165843932709029,0.0015623261505293832
2004-01-30,0,0.3864930049549056,0.00013087132428932043,0.6133677042858435,8.419434961594635e-06,0.6133677042858435,0.6684932504013401,0.48221594861087874
2004-02-02,0,0.08649448475197312,7.077656067840335e-05,0.9133992902720476,3.544841530071433e-05,0.9133992902720476,0.29548762684679275,0.21314926694795822
2004-02-03,0,0.4921595907310046,0.00010646774583991589,0.5077257933938125,8.148129342919371e-06,0.5077257933938125,0.6941305812386821,0.5007093736412103
2004-02-04,0,0.875848404537197,3.265187868870239e-05,0.12411745012684228,1.4934572721129431e-06,0.875848404537197,0.37543616522254275,0.270819946868466
2004-02-05,0,0.8465987275884063,1.921020710156993e-05,0.15337998231080632,2.0798936858025197e-06,0.8465987275884063,0.4287810622974248,0.30930015610179823
2004-02-06,0,0.9489079752755099,1.3999552711437044e-05,0.05107697009972466,1.0550720540048284e-06,0.9489079752755099,0.2018594399643178,0.14561080649657235
2004-02-09,0,0.9886177267334941,1.0357087607230018e-06,0.011381180133053637,5.742469150179018e-08,0.9886177267334941,0.0622722974452325,0.0449199673544997
2004-02-10,0,0.9902902589745604,3.7649745638337315e-07,0.009709331089000808,3.3438982426923836e-08,0.9902902589745604,0.0546681180728033,0.03943471141918282
2004-02-11,0,0.9882226406355891,5.885749454168333e-07,0.011776727725181806,4.3064283724611575e-08,0.9882226406355891,0.06402477246304222,0.04618411086323764
2004-02-12,0,0.9801746704368969,7.462932991040906e-07,0.019824541324595837,4.1945208055497774e-08,0.9801746704368969,0.09736748582452354,0.07023579447143327
2004-02-13,0,0.9926512636610003,2.761671870475043e-07,0.007348440182094704,1.99897178577696e-08,0.9926512636610003,0.043431043295326384,0.03132887539140062
2004-02-17,0,0.9716913679609778,7.998723143986082e-07,0.028307760445285265,7.172142243966596e-08,0.9716913679609778,0.12882290536750707,0.09292608336330534
2004-02-18,0,0.9939193978843804,3.7103372873146804e-07,0.006080211295812156,1.978607877319889e-08,0.9939193978843804,0.03709351296233301,0.026757313599954157
2004-02-19,0,0.9779889203592073,2.1380374285981384e-07,0.02201084259359902,2.324345088856205e-08,0.9779889203592073,0.1057689508178936,0.07629617041250189
2004-02-20,0,0.9916915284865683,5.42988214387902e-07,0.008307902304748439,2.622046879632784e-08,0.9916915284865683,0.04808155701188102,0.03468351192963036
2004-02-23,0,0.9937605420251767,1.4505235426783312e-07,0.006239303360162066,9.56230691133633e-09,0.9937605420251767,0.03789864905690606,0.027338096525394786
2004-02-24,0,0.9936189913495976,1.0943592276192573e-07,0.0063808924589013145,6.75557826454939e-09,0.9936189913495976,0.03861437240485393,0.0278543817877612
2004-02-25,0,0.9855634289740548,1.876640455550672e-07,0.014436360867502808,2.249439686246364e-08,0.9855634289740548,0.07551653374972722,0.05447366437292775
2004-02-26,0,0.9848979787232903,7.837409928278059e-07,0.015101196846323977,4.068939288780874e-08,0.9848979787232903,0.07831815414455014,0.05649460629795995
2004-02-27,0,0.9838159346111172,7.209843870113976e-07,0.016183263453520877,8.095097487724319e-08,0.9838159346111172,0.0828000904377956,0.0597276399298827
2004-03-01,0,0.969578966377669,2.3245603630900515e-06,0.030418541470637675,1.6759133011954074e-07,0.969578966377669,0.13622924722424481,0.09826862969722729
2004-03-02,0,0.9916729795932728,7.051157453554909e-07,0.008326283002164479,3.228881731163509e-08,0.9916729795932728,0.048171857438732285,0.0347486499186346
2004-03-03,0,0.9924008849212523,2.553840217783322e-07,0.0075988411640275635,1.8530698441191985e-08,0.9924008849212523,0.044654892685814386,0.03221169611462663
2004-03-04,0,0.9927126711819081,2.474293087651131e-07,0.0072870635322422606,1.785654091931741e-08,0.9927126711819081,0.04312920392097729,0.03111114430714139
2004-03-05,0,0.9729992717386249,4.537261578314409e-06,0.02699573436657628,4.56633220473465e-07,0.9729992717386249,0.12420602747887964,0.08959570994614899
2004-03-08,0,0.9353497662864362,7.082285855752575e-06,0.0646425707008608,5.8072684727695e-07,0.9353497662864362,0.23965455593859272,0.1728742196895272
2004-03-09,0,0.990441180912895,9.318985185731329e-07,0.009557835351737501,5.1836848893850206e-08,0.990441180912895,0.05397449748565292,0.038934369928512645
2004-03-10,0,0.9793434596701808,1.0797026338620016e-06,0.020655395227459156,6.539972626532233e-08,0.9793434596701808,0.10059598830646638,0.0725646667315316
2004-03-11,0,0.983315325282833,1.0794205493468838e-06,0.016683491838957475,1.0345766032950792e-07,0.983315325282833,0.08485232960329754,0.061208017563276575
2004-03-12,0,0.990635020389183,3.877452102620138e-07,0.009364567482153483,2.4383453369662863e-08,0.990635020389183,0.053067371353204,0.03828001674214023
2004-03-15,0,0.9042716099325817,4.898049663596384e-06,0.09572278268464567,7.093331089250197e-07,0.9042716099325817,0.31565698646669127,0.22769838449872506
2004-03-16,0,0.9658867812925922,5.6166377481070835e-06,0.034107138561559315,4.635081004024879e-07,0.9658867812925922,0.14882168745784524,0.10735215523608028
2004-03-17,0,0.9825282986169339,2.4769911470162778e-06,0.01746902340880516,2.0098311390515024e-07,0.9825282986169339,0.08805608142292135,0.0635190359944817
2004-03-18,0,0.9941364992335125,2.7312178557141607e-07,0.005863215189931744,1.2454770072689917e-08,0.9941364992335125,0.03598202921884393,0.025955547557573958
2004-03-19,0,0.7033465664792881,1.1998871245546664e-05,0.2966397770851624,1.657564303924577e-06,0.7033465664792881,0.6081571198469238,0.438692630442236
2004-03-22,0,0.8704233610842996,1.858776307930274e-05,0.12955644115235676,1.610000264322857e-06,0.8704233610842996,0.3857839965022102,0.2782843293040319
2004-03-23,0,0.990319046222124,1.0153725195360708e-06,0.009679887021764536,5.138359210964848e-08,0.990319046222124,0.05454127712511756,0.03934321501607888
2004-03-24,0,0.992681623297507,2.350444451826301e-07,0.007318129715636748,1.1942410957867617e-08,0.992681623297507,0.043281511910304195,0.031221011297586233
2004-03-25,0,0.9419197087966144,3.7060315950880407e-06,0.05807608830285381,4.96868936713117e-07,0.9419197087966144,0.22169817305145642,0.1599214274177397
2004-03-26,0,0.9817592329902293,3.1969020326497374e-06,0.018237423435809735,1.4667192833212965e-07,0.9817592329902293,0.09114388465848552,0.06574641520207637
2004-03-29,0,0.9485012253364306,2.558841265740248e-06,0.051496016090902,1.9973140174078386e-07,0.9485012253364306,0.20293547354763844,0.1463870006538157
2004-03-30,0,0.9811680599728552,3.7932246610462496e-06,0.018827871260927286,2.7554155656173576e-07,0.9811680599728552,0.09349716115592208,0.0674439453684225
2004-03-31,0,0.9921721430375897,4.104984094904726e-07,0.007827423958767506,2.2505233272298454e-08,0.9921721430375897,0.04576753181800966,0.033014295593785194
2004-04-01,0,0.9577003099200914,2.1877058879951914e-06,0.042297319744629344,1.826293912947619e-07,0.9577003099200914,0.1752112726475148,0.12638821707820683
2004-04-02,2,0.47665491964958145,0.0020622432382822165,0.5209965223357843,0.0002863147763520672,0.5209965223357843,0.7079680618178829,0.5106910059462153
2004-04-07,2,3.559383404761692e-05,0.16711500642709393,0.8107292725578265,0.02212012718103191,0.8107292725578265,0.5537593788877295,0.39945295488354
2004-04-08,0,0.528633848594252,0.004214887045678658,0.46712154525772814,2.971910234132983e-05,0.528633848594252,0.7159010315974932,0.5164134340264983
2004-04-12,0,0.7991920233632841,0.00011259557581134469,0.20069269586667007,2.6851942345100927e-06,0.7991920233632841,0.5025087853144414,0.3624834662881407
2004-04-13,0,0.7614873449601723,0.000247630955252671,0.23825476138101903,1.0262703556043166e-05,0.7614873449601723,0.5514216388463414,0.3977666319012409
2004-04-14,0,0.9601284422867367,5.957127472965417e-06,0.03986521806963065,3.825161597231154e-07,0.9601284422867367,0.16759897041124933,0.12089710173520277
2004-04-15,2,0.01808229417985885,3.1059694591942857e-05,0.9818675767375993,1.9069387949939622e-05,0.9818675767375993,0.09105767916448089,0.06568423108272743
2004-04-16,0,0.5161422466888034,0.00013341408410660817,0.4837170649801656,7.274246924384526e-06,0.5161422466888034,0.6939408692667796,0.5005725253806796
2004-04-19,0,0.94009577739876,1.0135283102503178e-05,0.05989361164116089,4.756769766560344e-07,0.94009577739876,0.22680812204213424,0.16360747645176293
2004-04-20,0,0.965773561608101,4.366546582796242e-06,0.03422180101343246,2.708318837970022e-07,0.965773561608101,0.14918679554492134,0.10761552504938686
2004-04-21,2,0.4643237658297372,0.0001709095398522175,0.5354825668102844,2.2757820126270026e-05,0.5354825668102844,0.6923979974750017,0.499459578639317
2004-04-22,2,0.18456481994647148,0.001421624819898062,0.8138815733806196,0.00013198185301076606,0.8138815733806196,0.4899794314477537,0.35344544794363403
2004-04-23,2,0.028357628039398872,0.003155825734352989,0.9680113920968187,0.0004751541294293422,0.9680113920968187,0.1543143212120697,0.11131425297539976
2004-04-26,2,0.21159236968659076,0.0002996989822120233,0.7880896011351001,1.833019609718094e-05,0.7880896011351001,0.5189324747387158,0.3743306539308913
2004-04-27,2,0.02043789510244321,6.283129201884645e-05,0.979463156884605,3.6116720932923885e-05,0.979463156884605,0.1008126904886776,0.07272098431334457
2004-04-28,2,4.5862290936074266e-05,0.0004812924509356709,0.9992510333507534,0.00022181190737480627,0.9992510333507534,0.006749708994030836,0.0048688858465659604
2004-04-29,2,0.19703995725015325,0.00023547153507185215,0.8027039531192207,2.0618095554117016e-05,0.8027039531192207,0.4986608660425345,0.35970777926248015
2004-04-30,2,0.5290329966468581,8.782935395259244e-05,0.47087351437585345,5.659623335898364e-06,0.5290329966468581,0.6923722043945872,0.4994409728647154
2004-05-03,2,0.0001193106638508495,4.647814107723195e-05,0.9996559788920187,0.00017823230305320415,0.9996559788920187,0.0034240552866862664,0.0024699337909159574
2004-05-04,2,0.42689359791767184,0.00016445407916962953,0.5729317890369977,1.0158966160638207e-05,0.5729317890369977,0.6840467233791182,0.49343540777769923
2004-05-05,2,0.8037388872382991,4.132274693719486e-05,0.1962175807277621,2.2092870016276674e-06,0.8037388872382991,0.4955938643583286,0.35749540520237916
2004-05-06,2,1.2386788249256836e-08,4.9725579493234197e-05,0.9990353437111008,0.0009149183226178028,0.9990353437111008,0.007858533555365275,0.005668733694492499
2004-05-07,2,5.5813379294815796e-08,6.927775332828427e-05,0.9977803693966095,0.00215029703668289,0.9977803693966095,0.016089042803713368,0.01160579113278377
2004-05-10,2,1.6288975742644726e-06,0.0007321457406104593,0.9983822791038843,0.0008839462579310757,0.9983822791038843,0.013138996998279612,0.009477782905836486
2004-05-11,2,7.700267151271077e-09,0.0005555532312605745,0.9984866419105073,0.0009577971579648995,0.9984866419105073,0.012334058989987304,0.008897142869443311
2004-05-12,2,0.056667619693752606,0.0003654903916760197,0.9429376857659568,2.9204148614563235e-05,0.9429376857659568,0.22126726153406792,0.15961059046314055
2004-05-13,2,0.25831883695104574,0.0002522501598994793,0.7414177915382566,1.112135079821482e-05,0.7414177915382566,0.5736925105385801,0.41383166997457443
2004-05-17,2,2.0522478157032077e-07,0.0006584032522249063,0.9980887824306061,0.0012526090923875924,0.9980887824306061,0.015106404009012343,0.010896967074733631
2004-05-18,2,0.23196611119294683,0.0002801618727440947,0.7677381146041153,1.5612330193766713e-05,0.7677381146041153,0.544323332754805,0.3926462864027552
2004-05-19,2,0.29423605636426786,0.0003020596436191268,0.7054316665215636,3.0217470549304323e-05,0.7054316665215636,0.6088801729913134,0.439214203035091
2004-05-20,2,0.0001826016411731821,0.0003338007392244742,0.9993348155028625,0.00014878211673972528,0.9993348155028625,0.006220119902368955,0.004486868068441218
2004-05-21,0,0.09237074783683032,0.00030244195375103244,0.9072895075266215,3.730268279706269e-05,0.9072895075266215,0.3111268061979725,0.22443055019471828
2004-05-24,0,0.5567931510865103,0.0001880738868686739,0.4429992883397737,1.9486686847264146e-05,0.5567931510865103,0.6885457022008635,0.4966807349952974
2004-05-25,0,0.24229621591732955,0.00018164162334827373,0.7574890153464449,3.312711287728921e-05,0.7574890153464449,0.5557737320280215,0.4009060035265891
2004-05-26,0,0.7034244544577819,5.197681324927631e-05,0.2965203424688453,3.226260123594671e-06,0.7034244544577819,0.6084764177393701,0.4389229551852353
2004-05-27,0,0.9399733063376078,2.0812450097697323e-05,0.060004490432781485,1.3907795132574927e-06,0.9399733063376078,0.22724381985680514,0.16392176599003888
2004-05-28,0,0.991538827966765,1.159675940898481e-06,0.008459948024665005,6.433262916427737e-08,0.991538827966765,0.04881654952601114,0.03521369695724338
2004-06-01,2,0.1071837330776132,0.0001918118364610625,0.8918896786108779,0.0007347764750478599,0.8918896786108779,0.3483513161022923,0.25128235811396044
2004-06-02,2,0.0367568326361838,0.0008723941407023893,0.9620543979461553,0.0003163752769584357,0.9620543979461553,0.16733496578242776,0.12070666265081646
2004-06-03,0,0.5533541087836578,0.0001219137261466927,0.4465182702627246,5.7072274707465885e-06,0.5533541087836578,0.6886353644715152,0.4967454126519094
2004-06-04,0,0.7666544826455682,4.083121915500211e-05,0.2333017491145048,2.937020771889613e-06,0.7666544826455682,0.5437174009041427,0.3922091989647215
2004-06-07,0,0.41947009043175054,0.00011420997519172975,0.5803999627726436,1.5736820414105104e-05,0.5803999627726436,0.6813904277461419,0.49151929550928425
2004-06-08,0,0.6823802436955285,0.00016614043507002325,0.31744219731499373,1.141855440779458e-05,0.6823802436955285,0.6266119412140095,0.4520049700756291
2004-06-09,0,0.9127301193256452,1.8885564982822902e-05,0.08724962289466213,1.372214709880426e-06,0.9127301193256452,0.2963701944338175,0.2137859048884832
2004-06-10,0,0.9445112267373796,4.321029264399731e-06,0.055484009345861854,4.4288749418203864e-07,0.9445112267373796,0.21442074551717755,0.15467187311067324
2004-06-14,0,0.9176032489046612,1.1016154282354344e-05,0.0823847507070499,9.84234006565596e-07,0.9176032489046612,0.2847058151016564,0.20537183377970492
2004-06-15,0,0.8485578320243552,0.00018618042698747086,0.15123520851122677,2.0779037430413534e-05,0.8485578320243552,0.4268418063513668,0.30790127863360206
2004-06-16,0,0.9807534852409221,3.6215236910395484e-06,0.019242758464088825,1.3477129794069637e-07,0.9807534852409221,0.09512844104086852,0.06862066506857958
2004-06-17,0,0.990000492082732,7.36263134834117e-07,0.009998711132326366,6.05218067014453e-08,0.990000492082732,0.05600780370661267,0.040401090329306305
2004-06-18,0,0.9935649703622738,1.7739602890301497e-07,0.006434843247265119,8.99443213225856e-09,0.9935649703622738,0.03888760241511444,0.028051475578173644
2004-06-21,0,0.9872499869646116,2.7608535437720777e-07,0.012749717860789694,1.9089244389068962e-08,0.9872499869646116,0.06829030031869562,0.04926103880530009
2004-06-22,0,0.9959188834389275,1.1228645868922952e-07,0.004080998191109895,6.083503852029969e-09,0.9959188834389275,0.02652594858914664,0.019134427242218727
2004-06-23,0,0.9956062058649044,4.891374514563989e-08,0.004393742169177471,3.0521727765414865e-09,0.9956062058649044,0.028232371166364126,0.02036535093712504
2004-06-24,0,0.9944272953469273,8.016793792984438e-08,0.005572618940680739,5.544454107877436e-09,0.9944272953469273,0.03447984363118665,0.024871949708669943
2004-06-25,0,0.88443586612871,1.712631259324193e-06,0.11556222700137214,1.9423865862838029e-07,0.88443586612871,0.3580161932090151,0.2582540932502956
2004-06-28,0,0.9844472617740769,3.749742167123538e-06,0.015548780427988334,2.0805576767137485e-07,0.9844472617740769,0.08022280537501568,0.0578685217403678
2004-06-29,0,0.9948476076130137,2.851005664383192e-07,0.005152092097659902,1.5188759871241404e-08,0.9948476076130137,0.03228670282385247,0.023289933025313826
2004-06-30,0,0.990304945270481,3.2526616708403643e-07,0.009694698202718982,3.126063310339044e-08,0.990304945270481,0.05459963260409155,0.03938530959614112
2004-07-01,0,0.9793021921456377,8.630121965526891e-07,0.02069686312761413,8.171455155212797e-08,0.9793021921456377,0.10075323831489855,0.07267809863520402
2004-07-02,0,0.6821421246786751,2.7099378428260414e-05,0.31782640316863825,4.372774258411166e-06,0.6821421246786751,0.6255785643366645,0.4512595462274716
2004-07-06,0,0.9508816364047721,7.819424055648642e-06,0.049110053063671236,4.911075009035849e-07,0.9508816364047721,0.19599343866319033,0.14137938100307995
2004-07-07,0,0.986876771523863,1.1508570057839265e-06,0.01312201177901193,6.58401192336664e-08,0.986876771523863,0.06991733433996443,0.050434695762221156
2004-07-08,0,0.9869398956068678,2.8176488172840257e-07,0.013059791288488914,3.133976159969373e-08,0.9869398956068678,0.06963544901309218,0.05023135848063218
2004-07-09,0,0.9955688529748011,1.4255687827604627e-07,0.004430995561102169,8.907218521207664e-09,0.9955688529748011,0.02843587262199731,0.020512146207552883
2004-07-12,0,0.9857752933455965,1.936900209022559e-07,0.014224495678737095,1.728564546797034e-08,0.9857752933455965,0.07462014464529727,0.05382705631509376
2004-07-13,0,0.9936799429819454,2.1289588250903493e-07,0.006319832886084041,1.1236088117405019e-08,0.9936799429819454,0.03830754833075856,0.027633055002699834
2004-07-14,0,0.9907358173293678,2.78759761459044e-07,0.009263880506605895,2.3404264868553997e-08,0.9907358173293678,0.05259583731909931,0.03793987683583362
2004-07-15,0,0.9930448371980388,1.9235053903538125e-07,0.006954961205220558,9.246201690372262e-09,0.9930448371980388,0.04148839890618044,0.029927553678184806
2004-07-16,0,0.5407333021172913,2.271681134511527e-05,0.4592391902853987,4.7907859649307506e-06,0.5407333021172913,0.6901327776337774,0.49782556792358823
2004-07-19,0,0.9626783371849241,5.027525963472548e-06,0.037316374575575545,2.6071353696790823e-07,0.9626783371849241,0.15938996575327957,0.11497555657985908
2004-07-20,0,0.9621916181913933,6.573718550719798e-06,0.03780134943448011,4.586555758306474e-07,0.9621916181913933,0.16098453352650371,0.116125794089255
2004-07-21,0,0.6607042916487742,2.1373779176360277e-05,0.33927093854735046,3.396024698907767e-06,0.6607042916487742,0.64083782078911,0.46226677303326963
2004-07-22,0,0.9723980656812078,4.11572260083769e-06,0.027597560478309094,2.5811788238232656e-07,0.9723980656812078,0.12634841239684821,0.09114111399456327
2004-07-23,0,0.9910939189089256,4.827890174487021e-07,0.008905568461671239,2.984038567121242e-08,0.9910939189089256,0.050917730320660194,0.03672937851346904
2004-07-26,0,0.9894881644203353,2.3005168007595694e-07,0.01051158991282316,1.5615161647120453e-08,0.9894881644203353,0.05834339060484601,0.04208586014712954
2004-07-27,0,0.9271515941235123,8.004573223804511e-06,0.07283988359438807,5.177088757940078e-07,0.9271515941235123,0.2610329686437152,0.18829548468540613
2004-07-28,0,0.9894488016157407,1.257566702406888e-06,0.010549863932713227,7.688484355328756e-08,0.9894488016157407,0.05853288995312991,0.04222255503213998
2004-07-29,0,0.9790999513955787,6.32307065865557e-07,0.020899371841489423,4.445586609250162e-08,0.9790999513955787,0.1015294093219054,0.07323798766654932
2004-07-30,0,0.9881060294346841,1.2092909611040488e-06,0.011892658593988652,1.0268036620452895e-07,0.9881060294346841,0.06454737328318917,0.04656108766903289
2004-08-02,0,0.9946778049077044,1.2792919351066414e-07,0.005322058920970962,8.242131143641924e-09,0.9946778049077044,0.03317593278506482,0.023931376852939296
2004-08-03,0,0.9939169572882779,8.712195644064269e-08,0.006082949842178642,5.747586957304151e-09,0.9939169572882779,0.037102853981515575,0.026764051720979926
2004-08-04,0,0.9949157651367687,1.2101971005710893e-07,0.00508410635041722,7.49310409730615e-09,0.9949157651367687,0.03192575505544886,0.023029564247565915
2004-08-05,0,0.9653304053954244,6.51523503224366e-07,0.03466886570133962,7.737973290012532e-08,0.9653304053954244,0.15062580171930232,0.10865354858518088
2004-08-06,0,0.5599154512403488,0.00035009424033449564,0.43970536331082466,2.909120849198132e-05,0.5599154512403488,0.6891076343255227,0.4970860833400784
2004-08-09,0,0.9497130469250373,1.0412828294268534e-05,0.05027601334752534,5.268991431718108e-07,0.9497130469250373,0.1994646004904229,0.1438832949802157
2004-08-10,0,0.976306076216128,2.564349100656425e-06,0.02369116303338922,1.964013821311514e-07,0.976306076216128,0.11211483152267587,0.08087375572393306
2004-08-11,0,0.9873856219952433,5.228969492754644e-07,0.012613816095950579,3.901185683368144e-08,0.9873856219952433,0.06770245411494603,0.04883699740382262
2004-08-12,0,0.9711123488929089,1.4991430856709997e-06,0.028886058957573558,9.300643195993109e-08,0.9711123488929089,0.1308715736380776,0.09440388514049468
2004-08-13,0,0.9925084011381674,5.984073583853372e-07,0.007490958347621772,4.210685234453018e-08,0.9925084011381674,0.04413394484256657,0.03183591167961892
2004-08-16,0,0.9819824092509334,5.527261956562099e-07,0.018017004632738236,3.339013257479204e-08,0.9819824092509334,0.09022703379169937,0.06508504710270281
2004-08-17,0,0.9751638557366549,2.1307026047544598e-06,0.02483383614895979,1.774117805164513e-07,0.9751638557366549,0.11633036289989389,0.08391461883024519
2004-08-18,0,0.9893386275141643,6.658179429382985e-07,0.010660665593803437,4.1074089302417596e-08,0.9893386275141643,0.059026660160564196,0.04257873494694206
2004-08-19,0,0.9683658842173605,1.0535976159070587e-06,0.03163285997597864,2.0220904494301915e-07,0.9683658842173605,0.14039195652185585,0.10127138972739021
2004-08-20,0,0.9823713376385532,1.027633366528046e-06,0.017627527403374723,1.0732470547931963e-07,0.9823713376385532,0.08867337790498538,0.0639643212811977
2004-08-23,0,0.9933441227884006,3.717626767546518e-07,0.006655486294018668,1.915490393679454e-08,0.9933441227884006,0.039998907416253254,0.028853112685202676
2004-08-24,0,0.9947768822354055,1.0115512459541924e-07,0.005223010227662728,6.3818072744709906e-09,0.9947768822354055,0.03265645770948013,0.02355665479523357
2004-08-25,0,0.9880861201001069,5.268521473383248e-07,0.011913299553670889,5.349407490979715e-08,0.9880861201001069,0.06462824522577004,0.046619424444287134
2004-08-26,0,0.991624837997235,2.566547195386671e-07,0.008374890033817592,1.5314227819467666e-08,0.991624837997235,0.048397219192554825,0.034911214060957506
2004-08-27,0,0.9968972013634819,5.904310007093798e-08,0.0031027364562955856,3.1371224564110203e-09,0.9968972013634819,0.02101878806098693,0.015161850650540999
2004-08-30,0,0.9931971757356046,8.442228657648395e-08,0.006802735698495914,4.143612715944277e-09,0.9931971757356046,0.04072966670570234,0.029380244086688545
2004-08-31,0,0.9895518347813064,2.139587480314412e-07,0.010447932840232097,1.8419713537662187e-08,0.9895518347813064,0.05805369628060005,0.04187688986464788
2004-09-01,0,0.988649178093773,8.776624531549059e-07,0.011349811248597677,1.3299517617008703e-07,0.988649178093773,0.062131246224962904,0.04481822040650256
2004-09-02,0,0.9895753764788068,3.6197664398097227e-07,0.010424239469848598,2.2074700668346117e-08,0.9895753764788068,0.05794813822258396,0.04180074582123504
2004-09-07,0,0.9870402501255144,3.749201563153155e-07,0.01295933889763879,3.6056690463535985e-08,0.9870402501255144,0.06920206379271684,0.04991873712651714
2004-09-08,0,0.9909499177383003,4.662603832657727e-07,0.00904959019703412,2.5804282241054365e-08,0.9909499177383003,0.05159490031583025,0.03721785341040436
2004-09-09,0,0.9937277995161508,3.201271750967344e-07,0.006271856302407692,2.4054266316012286e-08,0.9937277995161508,0.038066564724718664,0.027459222076015182
2004-09-10,0,0.9911860751905748,4.1764520571097e-07,0.008813472661822667,3.4502396898526834e-08,0.9911860751905748,0.05048240950815319,0.036415360924769234
2004-09-13,0,0.9934450909680266,1.3660968226313414e-07,0.006554759448121372,1.2974169672456343e-08,0.9934450909680266,0.03949024511881387,0.028486190398201182
2004-09-14,0,0.9967713088918995,5.2992651251791225e-08,0.003228635177558313,2.937890874691136e-09,0.9967713088918995,0.021742887927146463,0.01568417829354936
2004-09-15,0,0.9634099690979341,4.713543252561547e-07,0.03658951785784778,4.16898928902076e-08,0.9634099690979341,0.15695775970858256,0.1132210907803068
2004-09-16,0,0.9746621116333734,4.640088044965197e-06,0.025332856808130695,3.914704511490083e-07,0.9746621116333734,0.11819168947577714,0.085257282140496
2004-09-17,0,0.9926616748568092,7.472243346880219e-07,0.0073375341608926375,4.375796352409871e-08,0.9926616748568092,0.04338477991737706,0.03129550341842949
2004-09-20,0,0.9947130181181585,1.1565402135023024e-07,0.005286858966045724,7.26177451855224e-09,0.9947130181181585,0.03299148639455733,0.023798326906491786
2004-09-21,0,0.9894848788271632,3.1143402565092573e-07,0.010514784619264377,2.511954683304855e-08,0.9894848788271632,0.05835930754992648,0.04209734179599639
2004-09-22,0,0.9621822285539657,1.3915913881076694e-06,0.03781622038695323,1.594676929038477e-07,0.9621822285539657,0.16096352291075894,0.11611063813368448
2004-09-23,0,0.9940055999923845,4.1416693779834773e-07,0.005993963801321676,2.2039355978764653e-08,0.9940055999923845,0.036654000010921006,0.026440272022249873
2004-09-24,0,0.9868175315455409,1.5313972986471193e-07,0.013182301205202114,1.4109527110499753e-08,0.9868175315455409,0.07016245572419273,0.05061151346494216
2004-09-27,0,0.9927748109439951,1.7132311062078757e-07,0.007225001213377819,1.6519516504464692e-08,0.9927748109439951,0.04282274735391708,0.030890082622368576
2004-09-28,0,0.9745808934416603,8.222709434298149e-07,0.025418232194915034,5.2092481215765026e-08,0.9745808934416603,0.11844874628884525,0.08544270943521602
2004-09-29,0,0.9922013479272639,5.635848961468521e-07,0.0077980594691123084,2.9018727605764766e-08,0.9922013479272639,0.04562762396886067,0.032913373413710846
2004-09-30,0,0.9926544408713116,1.6938186916668394e-07,0.007345381699166136,8.04765310667476e-09,0.9926544408713116,0.043414185932535126,0.031316715374549914
2004-10-01,0,0.9771195508044604,1.0142740798011465e-06,0.022879370837049755,6.408441001183526e-08,0.9771195508044604,0.10905900398678597,0.07866944210801291
2004-10-04,0,0.9720521579553862,1.5598035212151803e-06,0.02794611845118984,1.6378990266294513e-07,0.9720521579553862,0.1275536213454555,0.09201048848125865
2004-10-05,0,0.9949680983319829,3.0959526274034437e-07,0.005031571732431263,2.0340323298510748e-08,0.9949680983319829,0.031651413507188135,0.022831668651973138
2004-10-06,0,0.9820846649251153,9.318675375681245e-07,0.017914340674136244,6.253321091049447e-08,0.9820846649251153,0.08982209788652953,0.0647929475915696
2004-10-07,0,0.9867872822822309,5.934385773720448e-07,0.013212087248210769,3.7030981013760725e-08,0.9867872822822309,0.07029790753061313,0.05070922128964324
2004-10-08,0,0.9560083668279277,3.3142802948133347e-06,0.04398799050526756,3.283865097810027e-07,0.9560083668279277,0.18046759491996775,0.1301798521160979
2004-10-12,0,0.9928316743315061,7.16324803971978e-07,0.007167573668395357,3.5675294388651494e-08,0.9928316743315061,0.04254814564067046,0.03069199935740832
2004-10-13,0,0.9836128646758915,2.0106912647613066e-07,0.016386912845724914,2.140925729244796e-08,0.9836128646758915,0.0836266654173116,0.060323887741818016
2004-10-14,0,0.8887613421044858,2.4175525804851215e-06,0.11123567449978623,5.65843147460685e-07,0.8887613421044858,0.3491330764226132,0.2518462789826058
2004-10-15,0,0.9841673032117076,1.8714852514956993e-06,0.01583072661821616,9.868482471419445e-08,0.9841673032117076,0.08136403347120084,0.05869174379781255
2004-10-18,0,0.9947761659620897,2.6546875959982464e-07,0.00522355086072361,1.770842709739913e-08,0.9947761659620897,0.03266205648351448,0.023560693457000778
2004-10-19,0,0.9893918128697115,1.0862102490764514e-07,0.010608068244815628,1.0264447983821524e-08,0.9893918128697115,0.05877941862340688,0.04240038787716274
2004-10-20,0,0.9926428851087185,2.2243646154338071e-07,0.007356862467029517,2.99877906359399e-08,0.9926428851087185,0.04347171559608824,0.03135821425470596
2004-10-21,0,0.9916529191423837,1.9253529044625459e-07,0.008346877684068232,1.0638257536332054e-08,0.9916529191423837,0.04826237175792909,0.03481394219835193
2004-10-22,0,0.992911484152234,1.5285161402690677e-07,0.0070883537199347155,9.276217304528473e-09,0.992911484152234,0.04214830753598952,0.030403577132017502
2004-10-25,0,0.935790302156262,1.0150051702459192e-06,0.06420858716400604,9.56745617085841e-08,0.935790302156262,0.23841048741105514,0.17197681394192496
2004-10-26,0,0.9643671364504504,6.091504516742825e-06,0.0356263561439034,4.1590112943963327e-07,0.9643671364504504,0.15387172242408226,0.11099498543713329
2004-10-27,0,0.9045090559154191,1.368293745769418e-05,0.09547423404612758,3.027100995548522e-06,0.9045090559154191,0.315230236710145,0.22739054961999014
2004-10-28,0,0.959257797363662,1.2961711073793083e-05,0.040728554508458886,6.864168051792004e-07,0.959257797363662,0.17042134843838222,0.12293301712683206
2004-10-29,0,0.9919645684572965,8.712121587033866e-07,0.00803450008121602,6.024932880518794e-08,0.9919645684572965,0.046774731376475975,0.033740836497877645
2004-11-01,0,0.9807760579767721,1.2716990679823676e-06,0.01922257469647322,9.562768662986892e-08,0.9807760579767721,0.09501804590724884,0.06854103181267389
2004-11-02,0,0.9391001604605633,9.676718615645195e-06,0.06088966480932234,4.980114986325e-07,0.9391001604605633,0.22953697027030898,0.1655759243548261
2004-11-03,0,0.984022966894473,1.951906058206041e-06,0.015974931388756577,1.4981071230038637e-07,0.984022966894473,0.08196078132684595,0.05912220638381271
2004-11-04,0,0.9044587324926753,7.2795656138141725e-06,0.09553193121427507,2.056727435903468e-06,0.9044587324926753,0.31527466213193645,0.2274225957878441
2004-11-05,0,0.9471277231098724,1.466982951907551e-05,0.052856384173177694,1.2228874307815633e-06,0.9471277231098724,0.20703626455883226,0.14934509608160138
2004-11-08,0,0.9905188409449575,8.123031303803163e-07,0.009480308558247674,3.819366444981662e-08,0.9905188409449575,0.05361249536171572,0.03867324059401491
2004-11-09,0,0.9920922847211948,3.0605437564956554e-07,0.007907393900388048,1.5324041482907342e-08,0.9920922847211948,0.046152679580491726,0.03329212097725637
2004-11-10,0,0.9957094446791601,8.992600525485323e-08,0.004290459842756316,5.552078445113133e-09,0.9957094446791601,0.027671749233993296,0.01996094769630255
2004-11-12,0,0.9510382336703475,1.438076760744921e-06,0.04896013136147417,1.9689141767596696e-07,0.9510382336703475,0.1954658939804439,0.14099883795425716
2004-11-15,0,0.9900901568682737,9.094142227601813e-07,0.009908885225969163,4.849153433305572e-08,0.9900901568682737,0.05559684592319093,0.040104646951227674
2004-11-16,0,0.9944698280991895,1.4736633815856338e-07,0.005530017386178042,7.148294192679079e-09,0.9944698280991895,0.03425992548589174,0.024713312299860714
2004-11-17,0,0.9947419960607271,1.4774835026559293e-07,0.005257844362063455,1.182885928177834e-08,0.9947419960607271,0.03284004278880435,0.0236890834369947
2004-11-18,0,0.9955389185343555,7.146329647747418e-08,0.004461005640953026,4.3613950872949164e-09,0.9955389185343555,0.028597038265842648,0.020628402645121557
2004-11-19,0,0.9841734057947733,2.908679033686133e-07,0.015826271221511732,3.2115811497308836e-08,0.9841734057947733,0.08132266911654279,0.058661905723145176
2004-11-22,0,0.9757620217814807,1.3947083358709716e-06,0.024236471163299134,1.1234688433337815e-07,0.9757620217814807,0.11411960764633117,0.0823198960097781
2004-11-23,0,0.9894241929743115,8.020048681012736e-07,0.010574950310205925,5.471061437253585e-08,0.9894241929743115,0.05864013201876838,0.042299913830275634
2004-11-24,0,0.9960222949186411,1.0221276621653835e-07,0.003977597298096553,5.570496062357708e-09,0.9960222949186411,0.02595602248975383,0.018723312463585128
2004-11-26,0,0.9952047139156766,5.011571746549521e-08,0.004795233342295362,2.6263105010088116e-09,0.9952047139156766,0.030391847933034732,0.02192308414822035
2004-11-29,0,0.9403991286080414,1.004957335781678e-06,0.05959977481488565,9.161973716059513e-08,0.9403991286080414,0.22588125874327136,0.1629388859093372
2004-11-30,0,0.9738707890594495,3.6457659925369924e-06,0.026125416266497763,1.4890806018154582e-07,0.9738707890594495,0.12105595889524509,0.08732341578411415
2004-12-01,0,0.9391364700131287,1.0477627909268268e-05,0.06084979658145598,3.255777505990569e-06,0.9391364700131287,0.22947354124638827,0.1655301699856967
2004-12-02,0,0.9775123130368619,8.656432696608058e-06,0.02247849121704469,5.393133967334066e-07,0.9775123130368619,0.10765190406921131,0.0776544340714528
2004-12-03,0,0.9501035592818402,1.319911947976009e-05,0.0498823861588398,8.554398401434756e-07,0.9501035592818402,0.19834237491001497,0.14307378034040907
2004-12-06,0,0.9738857611775545,2.7086380864461167e-06,0.026111352598718662,1.7758564050735392e-07,0.9738857611775545,0.1209936727045278,0.08727848579488229
2004-12-07,0,0.9815776671059436,1.9928597309400484e-06,0.018420235334780686,1.046995446942784e-07,0.9815776671059436,0.09185547768066758,0.06625972106419299
2004-12-08,2,0.6216577788484169,8.35341908732089e-05,0.37825083580805596,7.85115265381975e-06,0.6216577788484169,0.6641259763634757,0.47906562631256366
2004-12-09,2,0.001210410245073659,0.0006843897190084307,0.99804941337447,5.5786661448063955e-05,0.99804941337447,0.015612271086328193,0.011261873036629918
2004-12-10,0,0.37477538610225825,0.0002780448369797559,0.6249271762326583,1.9392828103679884e-05,0.6249271762326583,0.6640930484880847,0.4790418738712969
2004-12-13,0,0.8213553137369006,4.5110747595953195e-05,0.178596478924464,3.0965910395867545e-06,0.8213553137369006,0.4697879727646828,0.33888038928844366
2004-12-14,0,0.9810169037528954,2.8238786515659725e-06,0.018980105213293668,1.6715515932740572e-07,0.9810169037528954,0.09408450111359175,0.06786762159054549
2004-12-15,0,0.9694366810627839,5.3956658153042475e-06,0.03055724841952677,6.748518740458954e-07,0.9694366810627839,0.13675483479462439,0.09864776098789703
2004-12-16,0,0.9386791620385637,1.4823662787455599e-05,0.06130543703676016,5.772618886493977e-07,0.9386791620385637,0.23073201957121262,0.16643797020484186
2004-12-17,0,0.9836608955279625,2.704404585552022e-06,0.016336130921283856,2.691461682223086e-07,0.9836608955279625,0.08345661717099219,0.06020122386097957
2004-12-20,0,0.9949048733888897,2.1814629587743755e-07,0.005094897683076186,1.078173840164704e-08,0.9949048733888897,0.03198426037597142,0.023071766915457672
2004-12-21,0,0.9830543315577904,4.32256596625757e-07,0.01694520433148704,3.185412591570738e-08,0.9830543315577904,0.08590680982408337,0.061968664255898184
2004-12-22,0,0.9917474266467708,4.396083757489464e-07,0.008252106692413504,2.7052439852806308e-08,0.9917474266467708,0.04781305505815729,0.034489828711077246
2004-12-23,0,0.9965454751190891,6.482993876121094e-08,0.0034544568266268046,3.224345327157911e-09,0.9965454751190891,0.02302985956346431,0.016612532092289613
2004-12-27,0,0.8216183877473561,2.9068973171701563e-05,0.17835060271866604,1.94056080608251e-06,0.8216183877473561,0.46923727998060555,0.33848314841412286
2004-12-28,0,0.9372705998210041,1.0158967856169875e-05,0.06271845658548,7.846256596634937e-07,0.9372705998210041,0.23452090753489374,0.16917107514268517
2004-12-29,0,0.980136471580612,5.157436012564324e-06,0.019857990075129825,3.8090824566510247e-07,0.980136471580612,0.09755976999935562,0.0703744981841691
2004-12-30,0,0.9939820585113829,3.108383973746531e-07,0.006017612618137435,1.803208243119169e-08,0.9939820585113829,0.03677321887338046,0.026526270253075215
2004-12-31,0,0.9936411899397928,1.3256912917101653e-07,0.006358668929759029,8.561319161887955e-09,0.9936411899397928,0.03850255009509533,0.027773719041886462
2005-01-03,0,0.9915766773279089,2.887096508939941e-07,0.008423018024459881,1.5937980261437484e-08,0.9915766773279089,0.048627343634993006,0.03507721375690396
2005-01-04,0,0.9902225891258104,2.9847807813507685e-07,0.009777093122560768,1.9273550786416808e-08,0.9902225891258104,0.05497986392279443,0.03965958851508278
2005-01-05,0,0.9515085337442943,2.674679988640724e-06,0.04848857066304489,2.2091267214863278e-07,0.9515085337442943,0.19408111019468674,0.1399999276040495
2005-01-06,0,0.9858144796674387,1.712021390120841e-06,0.014183573148460362,2.351627107548976e-07,0.9858144796674387,0.07447136605577662,0.05371973524844781
2005-01-07,0,0.9890647195371562,5.668726305918481e-07,0.010934671430690632,4.215952255755381e-08,0.9890647195371562,0.06026311204962329,0.04347064645126373
2005-01-10,0,0.9888989696801046,2.908316791347663e-07,0.011100717890436061,2.1597780240638585e-08,0.9888989696801046,0.06100544905985573,0.04400612941292907
2005-01-11,0,0.9917571206230104,2.755861917089317e-07,0.008242583390708972,2.0400088916689055e-08,0.9917571206230104,0.04776489083824449,0.03445508557046901
2005-01-12,0,0.9948053815659779,1.1359034812361815e-07,0.005194498288136602,6.555537551987054e-09,0.9948053815659779,0.03250691025557789,0.023448779110172405
2005-01-13,0,0.990317608030516,1.6589272785225973e-07,0.009682210791067807,1.528568834439079e-08,0.990317608030516,0.05453914440535475,0.03934167658396617
2005-01-14,0,0.9883565417551237,2.5923827046718775e-07,0.011643178352115044,2.0654490704094643e-08,0.9883565417551237,0.06342718414249301,0.045753042009962885
2005-01-18,0,0.9402326107557409,2.1594056347376458e-06,0.059764989710012976,2.401286112715389e-07,0.9402326107557409,0.22635447579358137,0.16328023985521037
2005-01-19,0,0.974221688901843,3.0037014783121297e-06,0.025775111169149365,1.962275292640079e-07,0.974221688901843,0.11977865581374333,0.08640203637341676
2005-01-20,0,0.9929771934528373,4.1389194600660297e-07,0.007022372867238572,1.9787978179567154e-08,0.9929771934528373,0.04182604098626521,0.030171110955451674
2005-01-21,0,0.9903565788240785,2.565449239858681e-07,0.00964314349275063,2.1138246957226394e-08,0.9903565788240785,0.054359769043224246,0.039212284611264504
2005-01-24,0,0.9946199171452607,1.3067185985834776e-07,0.005379944072138965,8.110740676100943e-09,0.9946199171452607,0.033478430160915416,0.024149582584950088
2005-01-25,0,0.9790459142162173,8.538651741973261e-07,0.02095317925456398,5.266404432680735e-08,0.9790459142162173,0.10173959208959187,0.0733896024848601
2005-01-26,0,0.9954429630056244,2.0332863944854857e-07,0.004556823154981272,1.0510754929645005e-08,0.9954429630056244,0.029116388040076928,0.021003034317008853
2005-01-27,0,0.9971563574801121,2.982025805250919e-08,0.002843611147518729,1.5521111417010252e-09,0.9971563574801121,0.019511327375517286,0.01407444762290993
2005-01-28,0,0.9925252774354651,1.5219751962216076e-07,0.007474561778233646,8.588781721657178e-09,0.9925252774354651,0.0440465871983921,0.03177289645960179
2005-01-31,0,0.9873262458620472,4.919420594172643e-07,0.01267322414148456,3.805440882102565e-08,0.9873262458620472,0.06796088304301712,0.04902341447029782
2005-02-01,0,0.9942833938272877,1.9781011407152644e-07,0.005716396650332277,1.1712265785169126e-08,0.9942833938272877,0.035225356354841544,0.025409723463338214
2005-02-02,0,0.9951527397824025,9.543032676988404e-08,0.004847159023603394,5.763667310333723e-09,0.9951527397824025,0.03066941278887144,0.02212330486874069
2005-02-03,0,0.9954509496138478,6.17884141462566e-08,0.0045489849104219104,3.687316065059225e-09,0.9954509496138478,0.029071783577814276,0.02097085899875493
2005-02-04,0,0.942765469483268,2.564088289808886e-06,0.057231724373089564,2.420553525788144e-07,0.942765469483268,0.21932091349801305,0.15820659713341037
2005-02-07,0,0.9802041509451439,2.48103386677513e-06,0.019793208223673444,1.5979731592700174e-07,0.9802041509451439,0.09727033330996578,0.0701657137459521
2005-02-08,0,0.9932998064335921,2.977854197981716e-07,0.006699877086996475,1.869399158858916e-08,0.9932998064335921,0.04021985201467129,0.02901249052342713
2005-02-09,0,0.9730390507565059,1.1237874376288874e-06,0.026959760039880928,6.541617564819544e-08,0.9730390507565059,0.12402733215783561,0.08946680851939885
2005-02-10,0,0.9596312667055251,1.237980058676931e-05,0.04035547256711739,8.80926770898614e-07,0.9596312667055251,0.16923709941693413,0.12207876203162167
2005-02-11,0,0.9887044060965002,9.103952040299066e-07,0.011294635143793872,4.8364501851712156e-08,0.9887044060965002,0.06188371186879833,0.04463966211245842
2005-02-14,0,0.9958805439452227,1.0382680250949603e-07,0.004119345179170705,7.04880407525778e-09,0.9958805439452227,0.02673645659388911,0.019286276669473423
2005-02-15,0,0.9904213191977564,2.0013441112669728e-07,0.009578468769610443,1.1898222084029915e-08,0.9904213191977564,0.054058960163488656,0.038995296871739554
2005-02-16,0,0.9958793288803737,1.2722366761400472e-07,0.004120536257855281,7.638103483005217e-09,0.9958793288803737,0.02674337769592101,0.01929126918926288
2005-02-17,0,0.9693523574800728,6.814992388475512e-07,0.03064693228868004,2.8732008234468482e-08,0.9693523574800728,0.13699469078028217,0.09882078050841504
2005-02-18,0,0.9616402319199197,2.8213554521761362e-06,0.03835668214970883,2.6457491948880656e-07,0.9616402319199197,0.1627289856280436,0.11738415028723496
2005-02-22,0,0.7026186838078317,9.433523878609739e-05,0.2972185190625538,6.846189082844536e-05,0.7026186838078317,0.6101253220263883,0.44011238820412607
2005-02-23,0,0.9654579233434333,5.513985417483536e-06,0.03453625424518515,3.0842596404335505e-07,0.9654579233434333,0.1502501451902187,0.10838256967938763
2005-02-24,0,0.9917372572930239,5.723989377185361e-07,0.008262133608650538,3.669938793369059e-08,0.9917372572930239,0.047863158605607144,0.03452597078079567
2005-02-25,0,0.9915310963134587,2.5891043122028395e-07,0.008468627932430426,1.6843679740834205e-08,0.9915310963134587,0.04884426850259757,0.03523369197227326
2005-02-28,0,0.9927326076841125,3.1344140781992054e-07,0.00726705866616013,2.020831935548462e-08,0.9927326076841125,0.043031902892376815,0.031040956451423737
2005-03-01,0,0.9201355637607685,2.9114320495898313e-06,0.07986131275462705,2.1205255470586397e-07,0.9201355637607685,0.278473752282964,0.2008763507181869
2005-03-02,0,0.986147743460195,1.7048654415989383e-06,0.013850448728323044,1.0294604037969324e-07,0.986147743460195,0.0730523000285967,0.052696095488394566
2005-03-03,0,0.9738648201031823,1.2144672155514466e-06,0.026133902721955298,6.270764683716947e-08,0.9738648201031823,0.12105380338681343,0.08732186091345168
2005-03-04,0,0.9704296763961346,3.880128226887302e-06,0.029566133461579658,3.100140587586685e-07,0.9704296763961346,0.1332878111468571,0.09614683207625771
2005-03-07,0,0.9847192005087045,1.0894733960012284e-06,0.01527964327753668,6.674036281646771e-08,0.9847192005087045,0.07906727134202916,0.05703498013088377
2005-03-08,0,0.9861769284983607,9.311834371272406e-07,0.013822084990814653,5.532738758084548e-08,0.9861769284983607,0.07292003081063879,0.0526006834159895
2005-03-09,0,0.7551125900036175,4.3523721158219e-05,0.24484056889088673,3.3173843376277057e-06,0.7551125900036175,0.5571082275052381,0.4018686385301237
2005-03-10,0,0.5400543503131375,0.00017933857959594296,0.45975100062755453,1.53104797119835e-05,0.5400543503131375,0.6916952357202343,0.4989526431900523
2005-03-11,0,0.9122007936179055,3.631241067898885e-05,0.08776040419990455,2.4897715108439244e-06,0.9122007936179055,0.2977639609146932,0.2147912948835415
2005-03-14,0,0.45547375278464275,5.64487508671797e-05,0.5444601853700788,9.613094411384917e-06,0.5444601853700788,0.6898658983349573,0.49763305520312634
2005-03-15,0,0.5388688520597222,3.862483212880778e-05,0.4610850728031505,7.450304998413839e-06,0.5388688520597222,0.6906134202134793,0.4981722782566762
2005-03-16,0,0.9086416367766833,9.682651405907608e-06,0.09134764089126961,1.0396806411543e-06,0.9086416367766833,0.3057805404194558,0.22057403463174807
2005-03-17,0,0.4492821876706833,0.0001987732703179515,0.5505050570572901,1.3982001708624818e-05,0.5505050570572901,0.6899300279597503,0.49767931494895784
2005-03-18,0,0.8130731343929022,3.862361197868694e-05,0.18688655120003728,1.6907950819014714e-06,0.8130731343929022,0.482123729995542,0.347778757179729
2005-03-21,0,0.9499720158485125,6.0437933834240635e-06,0.050021539018260223,4.0133984389070907e-07,0.9499720158485125,0.19866330939232735,0.14330528563345024
2005-03-22,0,0.9862333780736273,2.5645681824619243e-06,0.01376392282402609,1.3453416400101482e-07,0.9862333780736273,0.0726946727690415,0.05243812195147107
2005-03-23,0,0.735881265726795,7.292789459106594e-05,0.2640373651612252,8.441217388597415e-06,0.735881265726795,0.5780874009041761,0.4170019132424225
2005-03-24,0,0.9218175462706589,7.812187707728517e-06,0.0781738740953205,7.67446312946303e-07,0.9218175462706589,0.27439708188528067,0.19793565463514862
2005-03-28,0,0.9639122135249955,5.0854886883454585e-06,0.036082391612309736,3.0937400636835345e-07,0.9639122135249955,0.15535918118502418,0.11206796012610216
2005-03-29,0,0.988681785364422,8.866524365061343e-07,0.011317274013872013,5.396926957819914e-08,0.988681785364422,0.061984695236015366,0.04471250621400656
2005-03-30,0,0.8155852767727196,1.2397155222967365e-05,0.1844010866718402,1.2394002173921468e-06,0.8155852767727196,0.47816963792907363,0.34492648267197284
2005-03-31,0,0.9298264010241167,2.055744886109195e-05,0.07015128948907305,1.7520379492534592e-06,0.9298264010241167,0.2542958814115835,0.1834357035154897
2005-04-01,0,0.9874792511319509,1.2581681485447726e-06,0.012519390504319711,1.0019558074143739e-07,0.9874792511319509,0.06730164024207945,0.04854787131047056
2005-04-04,0,0.9349816474988115,1.8410791139164983e-06,0.06501634280211695,1.6861995759118039e-07,0.9349816474988115,0.24058148793680148,0.17354285978805575
2005-04-05,0,0.9899203868747233,1.0324328810219477e-06,0.010078508642758168,7.204963743291045e-08,0.9899203868747233,0.05637848933749134,0.04066848349000503
2005-04-06,0,0.9332154686839869,1.4737604583139184e-06,0.06678288534697463,1.7220858022765042e-07,0.9332154686839869,0.245260629555284,0.17691814699235667
2005-04-07,0,0.9706359493424782,5.1959617681348e-06,0.02935849804039281,3.566553607793281e-07,0.9706359493424782,0.13257902857608547,0.09563555352629734
2005-04-08,0,0.9907612078350573,7.340099672021573e-07,0.009238023866785721,3.428818979415784e-08,0.9907612078350573,0.05248179059437659,0.03785760951374008
2005-04-11,0,0.9869554667611729,3.8715859629032443e-07,0.013044119940121486,2.6140109581630505e-08,0.9869554667611729,0.06956914011144102,0.05018352671884272
2005-04-12,0,0.9903898802285946,8.872441006266946e-07,0.009609171737941827,6.078936276741241e-08,0.9903898802285946,0.054212128513287244,0.03910578448107734
2005-04-13,0,0.9674241285051907,1.7552195337649692e-06,0.03257402773652478,8.853875079079847e-08,0.9674241285051907,0.1436054090346007,0.10358940572952478
2005-04-14,2,0.18137821194470852,2.815483070639193e-05,0.8185836514933913,9.981731193789081e-06,0.8185836514933913,0.47391735419879205,0.34185910834690786
2005-04-15,2,0.0092823397783047,0.0003602636648865193,0.9903043643434851,5.3032213323707585e-05,0.9903043643434851,0.05646499881515783,0.0407308868872147
2005-04-18,2,0.04147968608260912,0.0004374186428030107,0.9580536725022681,2.9222772319704787e-05,0.9580536725022681,0.17675361964912556,0.12750078526348374
2005-04-19,0,0.3118758265166217,0.00047399542342935755,0.6876069410325509,4.32370273980866e-05,0.6876069410325509,0.6249796272340274,0.45082750443358216
2005-04-20,0,0.38441209758743583,0.00016362120689816039,0.6154128055868672,1.1475618798725086e-05,0.6154128055868672,0.6678299093548621,0.48173744919179273
2005-04-21,0,0.2320521838195285,0.0003444578452600243,0.7675772891971204,2.6069138090974084e-05,0.7675772891971204,0.5450384603296653,0.3931621419056821
2005-04-22,0,0.45358784196881147,9.627928866194194e-05,0.5463070135805368,8.865161989604038e-06,0.5463070135805368,0.6898679299131635,0.49763452067702796
2005-04-25,0,0.7824680030186599,5.9812649509187945e-05,0.21746787573638557,4.308595445277847e-06,0.7824680030186599,0.5243676659333212,0.37825131562226155
2005-04-26,0,0.9533967339796962,9.497272214982617e-06,0.046593206387443215,5.623606458244022e-07,0.9533967339796962,0.1884867579574436,0.13596445548922112
2005-04-27,0,0.9871313430038015,2.2591106167158746e-06,0.012866246646886457,1.5123869536490066e-07,0.9871313430038015,0.06882591814867581,0.04964740539886215
2005-04-28,0,0.9236305239531037,2.912973839740351e-06,0.07636621408600247,3.489870540336687e-07,0.9236305239531037,0.26984875382283235,0.19465472946513349
2005-04-29,0,0.9588893124977882,6.110269728393173e-06,0.04110389449318745,6.827392959137642e-07,0.9588893124977882,0.17152621277247865,0.12373000827466006
2005-05-02,0,0.9946612280520387,3.8976847902219884e-07,0.005338359155569126,2.30239131240937e-08,0.9946612280520387,0.03326541531053532,0.023995924850810552
2005-05-03,0,0.980065064771173,4.003703147431034e-07,0.019934486749570584,4.8108941722023426e-08,0.980065064771173,0.0977911857551857,0.07054142936582893
2005-05-04,0,0.9718699034240514,2.093545042723836e-06,0.028127906428778132,9.66021277532372e-08,0.9718699034240514,0.128204178698723,0.09247976641494508
2005-05-05,0,0.9931043583468413,4.077927612829571e-07,0.006895214437092761,1.942330477396519e-08,0.9931043583468413,0.04119513993625929,0.029716012047384086
2005-05-06,0,0.9580473070771265,1.9659297772446985e-06,0.04195059644690248,1.3054619369174353e-07,0.9580473070771265,0.17412436707313672,0.12560418043717192
2005-05-09,0,0.9885272341640097,9.042426598973692e-07,0.011471805922889771,5.5670440659450364e-08,0.9885272341640097,0.06267467024826626,0.04521021797826239
2005-05-10,0,0.9250960954677018,1.448339091336667e-06,0.07490225070762237,2.054855845642232e-07,0.9250960954677018,0.26616298044070685,0.19199600597501698
2005-05-11,0,0.9829633741971133,2.8339950497209475e-06,0.017033594649473138,1.9715836389840996e-07,0.9829633741971133,0.08630038407411106,0.06225256806526645
2005-05-12,0,0.9877266332178869,8.08400934590373e-07,0.01227251448303898,4.38981396234717e-08,0.9877266332178869,0.06621371128576205,0.04776309645541125
2005-05-13,0,0.993933914173674,2.2211064328708726e-07,0.0060658508067166295,1.2908966023657063e-08,0.993933914173674,0.037017943519743864,0.026702801769921108
2005-05-16,0,0.9803821224234245,4.1229114612802164e-07,0.019617435416562398,2.986886697038465e-08,0.9803821224234245,0.0965534957946461,0.06964862478171466
2005-05-17,0,0.9771775093138478,7.39857809889214e-07,0.02282167132170168,7.950664059794626e-08,0.9771775093138478,0.10883873531521901,0.07851055184794647
2005-05-18,0,0.9669679130718104,2.1908651765119255e-06,0.033029635307018405,2.607559946772772e-07,0.9669679130718104,0.14515554138635203,0.10470758985782139
2005-05-19,0,0.9851407518018253,1.3896833524885184e-06,0.01485777283386797,8.56809543495839e-08,0.9851407518018253,0.07730824954119246,0.055766114116442424
2005-05-20,0,0.993370291746801,2.4443273356937903e-07,0.006629450977634847,1.2842830496998402e-08,0.993370291746801,0.03986651036243801,0.028757608398718895
2005-05-23,0,0.9949011570850429,1.3218548372605403e-07,0.005098699737623592,1.0991849688269914e-08,0.9949011570850429,0.0320029786097793,0.023085269267002082
2005-05-24,0,0.9961560113289515,4.32927736530299e-08,0.00384394266274797,2.7155268863617234e-09,0.9961560113289515,0.025214530567744333,0.018188439104213965
2005-05-25,0,0.7911056667494064,5.906131156592349e-06,0.2088880020221605,4.250972766264478e-07,0.7911056667494064,0.5125618158884073,0.36973519496562357
2005-05-26,0,0.9354524723409147,1.722691910628319e-05,0.0645292115567166,1.0891832624694322e-06,0.9354524723409147,0.23947308844947401,0.17274331856621014
2005-05-27,0,0.9876911220109523,1.2540700116261318e-06,0.012307566087447977,5.783158804485222e-08,0.9876911220109523,0.06637384393878565,0.04787860774761202
2005-05-31,0,0.9427389428424617,3.38237704561538e-06,0.05725739093677849,2.8384371415177396e-07,0.9427389428424617,0.21940381614478646,0.15826639875209866
2005-06-01,0,0.9634686370153023,1.9097941476935492e-05,0.03650859353684556,3.671506375341213e-06,0.9634686370153023,0.1569603050612717,0.11322292686415777
2005-06-02,0,0.9687559336779236,3.395611322873836e-06,0.031240368753550327,3.0195720319769686e-07,0.9687559336779236,0.13907859785253796,0.10032400170782348
2005-06-03,0,0.9884488884508136,1.936043190091568e-06,0.011549009128745702,1.6637725074475514e-07,0.9884488884508136,0.06303413161961892,0.04546951454718321
2005-06-06,0,0.9709327681213379,6.547110335062135e-07,0.02906649831580802,7.885182043106329e-08,0.9709327681213379,0.13149342244340634,0.09485245423430992
2005-06-07,0,0.9884576862431136,9.64119981628148e-07,0.011541288109136797,6.15277680823106e-08,0.9884576862431136,0.06298502103433729,0.04543408874826273
2005-06-08,0,0.9956492644037106,1.7001489688998527e-07,0.004350556945556479,8.635835969023399e-09,0.9956492644037106,0.02800000981365828,0.020197737651503553
2005-06-09,0,0.9922436428807104,1.2826801403911243e-07,0.007756216198597347,1.265267812614462e-08,0.9922436428807104,0.045417940402552794,0.03276211869307671
2005-06-10,0,0.9687714291010083,1.2169814479041104e-06,0.03122724904488708,1.0487265665811866e-07,0.9687714291010083,0.13900220292731133,0.10026889441793671
2005-06-13,0,0.9896381469648625,1.5374540210159226e-06,0.010360199979142184,1.1560197426588196e-07,0.9896381469648625,0.05767428198220018,0.04160320030127595
2005-06-14,0,0.988312581063552,4.6787861327994553e-07,0.011686931563973503,1.949386117473888e-08,0.988312581063552,0.06362449672108389,0.04589537294928192
2005-06-15,0,0.9963389372335396,9.480400506870893e-08,0.0036609627205571645,5.241898141320326e-09,0.9963389372335396,0.024194093444382534,0.01745234931550743
2005-06-16,0,0.9954809767766131,5.68113086990296e-08,0.004518962533281791,3.878796424240916e-09,0.9954809767766131,0.028909835420145868,0.020854038096780273
2005-06-17,0,0.9962447842481265,5.698258015645162e-08,0.0037551551440197137,3.6252736475155826e-09,0.9962447842481265,0.024720312886351913,0.01783193640518172
2005-06-20,0,0.9966450143439066,3.6065682527079716e-08,0.003354947294369367,2.2960412950155567e-09,0.9966450143439066,0.022464220847644097,0.0162045100071653
2005-06-21,0,0.9943987582250509,8.359403285270214e-08,0.0056011531578140355,5.023102336040057e-09,0.9943987582250509,0.03462774624181659,0.024978638890115118
2005-06-22,0,0.9823201274864288,6.817447076782123e-07,0.0176791431247225,4.764414105120546e-08,0.9823201274864288,0.0888750156545988,0.06410977217190934
2005-06-23,0,0.992495619518852,2.472490523069644e-07,0.007504113545943541,1.9686152200664925e-08,0.992495619518852,0.04419266681963761,0.031878270632174716
2005-06-24,0,0.994628252326527,9.966109094314942e-08,0.005371641542294734,6.470087258324942e-09,0.994628252326527,0.033434561027443105,0.024117937694295787
2005-06-27,0,0.9937366107028336,8.976992046921831e-08,0.0062632938743405215,5.652905523294616e-09,0.9937366107028336,0.03801929422221446,0.02742512361624361
2005-06-28,0,0.9866854043470213,3.300878219854448e-07,0.013314238547547748,2.701760880834672e-08,0.9866854043470213,0.0707341051917029,0.051023871390894024
2005-06-29,0,0.9958579004668792,1.2821345967516634e-07,0.004141964860177446,6.459483761843479e-09,0.9958579004668792,0.02686090794508686,0.019376049343075886
2005-06-30,0,0.990600931434415,1.446986588144584e-07,0.009398914967547665,8.899378479445596e-09,0.990600931434415,0.05322345166761491,0.03839260488993073
2005-07-01,0,0.9854438700556549,1.1357199038300399e-06,0.014554926135742047,6.808869905664303e-08,0.9854438700556549,0.07603114307065652,0.054844876530577714
2005-07-05,0,0.8618775313925513,1.7926957118878627e-05,0.1381016859065472,2.855743782694022e-06,0.8618775313925513,0.401752550498447,0.28980320613430116
2005-07-06,0,0.980162967798581,2.3939130531723783e-06,0.019834432739176455,2.0554918934318787e-07,0.980162967798581,0.09743074981244258,0.0702814297922521
2005-07-07,0,0.9910446069812168,4.617138737954582e-07,0.008954905875168114,2.5429741317482865e-08,0.9910446069812168,0.051149693594016485,0.036896704645538785
2005-07-08,0,0.9771369330706209,6.797791502231735e-07,0.022862316148815537,7.100141330949287e-08,0.9771369330706209,0.1089904106441751,0.07861996247040155
2005-07-11,0,0.9914934405446464,4.2057538174280607e-07,0.008506110946584915,2.793338697978177e-08,0.9914934405446464,0.049025315675987044,0.035364289901881236
2005-07-12,0,0.9818844073468016,6.790913284627338e-07,0.018114875244302716,3.831756736807711e-08,0.9818844073468016,0.09061996481029226,0.06536848691867052
2005-07-13,0,0.9931264617951099,3.6374474482152667e-07,0.006873154123885504,2.0336259730249184e-08,0.9931264617951099,0.04108483038905929,0.029636440529030007
2005-07-14,0,0.9599772365897431,2.3525613076940767e-06,0.040020181525512545,2.2932343668503804e-07,0.9599772365897431,0.1680447519709996,0.1212186651579885
2005-07-15,0,0.9906872374704263,9.209276289297252e-07,0.009311782042397137,5.95595475182794e-08,0.9906872374704263,0.05282936732158363,0.038108333124075085
2005-07-18,0,0.9929173480764389,2.434197639622911e-07,0.00708239799604661,1.0507750459797461e-08,0.9929173480764389,0.04212029141160009,0.030383367770156725
2005-07-19,0,0.9660643809932877,8.908109245309424e-07,0.033934646064852525,8.213093514239104e-08,0.9660643809932877,0.14817865478759829,0.10688830521383286
2005-07-20,0,0.9941944667479612,4.3654038088569944e-07,0.0058050710770045704,2.5634653377697255e-08,0.9941944667479612,0.03568593630790134,0.025741961670444333
2005-07-21,0,0.9219461508270361,6.930989481739502e-06,0.07804663973270562,2.784507765733363e-07,0.9219461508270361,0.2740656350256417,0.19769656626478893
2005-07-22,0,0.9627237422376164,3.945147174706506e-06,0.0372718137218151,4.988933939747609e-07,0.9627237422376164,0.15923532822759787,0.11486400918414091
2005-07-25,0,0.9848037965679264,1.5329237173080052e-06,0.01519458211656895,8.839178731536155e-08,0.9848037965679264,0.07871903559684874,0.05678378113956773
2005-07-26,0,0.9963247455125818,1.07356689666288e-07,0.0036751408899883572,6.240740399199206e-09,0.9963247455125818,0.024273774968885636,0.01750982738563298
2005-07-27,0,0.9951000221818734,5.3191257677672225e-08,0.0048999216772444626,2.949624342198957e-09,0.9951000221818734,0.030949312249116123,0.02232520965036194
2005-07-28,0,0.9908429445211296,2.795376632322088e-07,0.009156752749924169,2.319128294726875e-08,0.9908429445211296,0.05209468201875593,0.03757836970257332
2005-07-29,0,0.9734101151751454,1.3827583785801328e-06,0.026588438761301257,6.33051746782586e-08,0.9734101151751454,0.12269658291923156,0.08850687585579844
2005-08-01,0,0.9938283363623943,5.22214126809934e-07,0.006171109641724487,3.178175435697673e-08,0.9938283363623943,0.037558526658292166,0.027092750076507018
2005-08-02,0,0.9951884480631303,8.867901331536405e-08,0.004811458575758101,4.682098370926768e-09,0.9951884480631303,0.030479063226500323,0.021985996683906592
2005-08-03,0,0.988873869353929,3.1041581725593843e-07,0.011125802333906512,1.7896347223428222e-08,0.988873869353929,0.061118267355803405,0.04408751061097169
2005-08-04,0,0.9930933908348654,2.0293374079352476e-07,0.006906396387727256,9.843666646999099e-09,0.9930933908348654,0.0412474564647266,0.02975375044547224
2005-08-05,0,0.9916925016862002,2.472083269408095e-07,0.008307237357365908,1.3748106947017678e-08,0.9916925016862002,0.04807379008343587,0.03467790927505498
2005-08-08,0,0.9912773754070077,1.2792919350366878e-07,0.0087224823255021,1.4338296611642566e-08,0.9912773754070077,0.05004747595324152,0.0361016226833756
2005-08-09,0,0.9945151769408358,1.525533464062638e-07,0.005484660651229213,9.854588545052393e-09,0.9945151769408358,0.03402437667678949,0.02454339975047115
2005-08-10,0,0.9870277817670261,3.9873443309835345e-07,0.012971786937141384,3.256139954491834e-08,0.9870277817670261,0.06925628506012332,0.049957849503316165
2005-08-11,0,0.9409208142294915,1.691005603021435e-06,0.05907722167027869,2.730946267373614e-07,0.9409208142294915,0.22444932557142144,0.16190596446638106
2005-08-12,0,0.9766079627553763,3.648841065622419e-06,0.02338816027581952,2.2812773851276107e-07,0.9766079627553763,0.11100029021776969,0.08006978411720603
2005-08-15,0,0.9935036478624689,3.469735634235378e-07,0.006495989159693028,1.600427461465985e-08,0.9935036478624689,0.03919815953566359,0.02827549518703815
2005-08-16,0,0.9895946008324089,2.0367695874622585e-07,0.010405183988844461,1.1501787939815976e-08,0.9895946008324089,0.05785878157463087,0.04173628862479884
2005-08-17,0,0.9894501498186586,9.270091317203994e-07,0.010548857060222454,6.61119872224823e-08,0.9894501498186586,0.05852360510711418,0.04221585743148882
2005-08-18,0,0.9944056337696328,1.4548519026244962e-07,0.005594211068704029,9.67647302762034e-09,0.9944056337696328,0.03459286447714587,0.02495347701566117
2005-08-19,0,0.9898237145412654,9.985360972013128e-08,0.010176174318575261,1.1286549678202476e-08,0.9898237145412654,0.05681144409083964,0.04098079432779748
2005-08-22,0,0.996738595213138,7.464300441642982e-08,0.0032613261339338694,4.009923655117277e-09,0.996738595213138,0.021930501706622377,0.015819513028175525
2005-08-23,0,0.9969287572245062,2.3999555115956025e-08,0.0030712174705395624,1.3053990968337834e-09,0.9969287572245062,0.020836054715278714,0.015030036404711853
2005-08-24,0,0.993243855368318,4.093267567826697e-08,0.0067560992929521545,4.4060540369199515e-09,0.993243855368318,0.0404963711488993,0.029211956915257957
2005-08-25,0,0.9941944293598372,1.2141643017925576e-07,0.0058054412934091335,7.930323501295123e-09,0.9941944293598372,0.03568274992232296,0.02573966317910819
2005-08-26,0,0.992544136769879,1.8616378317502044e-07,0.0074556682072837045,8.859054042769121e-09,0.992544136769879,0.043954731660189435,0.031706636694880205
2005-08-29,0,0.9950067678036985,9.916183062418241e-08,0.004993126462308763,6.572162230440551e-09,0.9950067678036985,0.03144450562803834,0.022682416166388008
2005-08-30,0,0.9947237108058178,7.921684642789403e-08,0.005276201459424061,8.517911708115334e-09,0.9947237108058178,0.03293509494015581,0.02375764907068499
2005-08-31,0,0.9931823445863517,1.4633784103273333e-07,0.006817497966079294,1.1109728102591568e-08,0.9931823445863517,0.04080433974975284,0.029434109301858413
2005-09-01,0,0.8868326398832417,1.2073206172780528e-05,0.11315437401372011,9.128968653298828e-07,0.8868326398832417,0.3532207635655798,0.2547949219675375
2005-09-02,0,0.9688923061790361,7.629571304158745e-06,0.031099569194235767,4.950554238079144e-07,0.9688923061790361,0.13864880497036164,0.1000139716779609
2005-09-06,0,0.9810998366369916,1.876826695333907e-06,0.01889816291441599,1.2362189700346883e-07,0.9810998366369916,0.09374809411192668,0.06762495523403422
2005-09-07,0,0.9710020926893634,3.5161279165048127e-06,0.028994217265930707,1.7391678936959955e-07,0.9710020926893634,0.13127883974060156,0.09469766553371142
2005-09-08,0,0.9848475512390978,9.415362103881083e-07,0.01515145685324887,5.037144289471238e-08,0.9848475512390978,0.07853040846020223,0.05664771542225923
2005-09-09,0,0.9915068920350785,3.8046900617860697e-07,0.008492704298764198,2.3197151165771883e-08,0.9915068920350785,0.048960837226052774,0.03531777853189905
2005-09-12,0,0.994957452612023,1.430583433944787e-07,0.005042397508408246,6.821225411051591e-09,0.994957452612023,0.03170584071507371,0.02287092958342611
2005-09-13,0,0.9949799143356894,6.706513419660235e-08,0.005020015097784513,3.50139179378616e-09,0.9949799143356894,0.03158621789147741,0.022784639956236356
2005-09-14,0,0.9927565600584924,1.490123160402983e-07,0.007243281057760527,9.8714309822333e-09,0.9927565600584924,0.04291224536229542,0.03095464178879701
2005-09-15,0,0.9867665300848608,3.9886920587263203e-07,0.013233053392995851,1.7652937575429612e-08,0.9867665300848608,0.07038516368131413,0.05077216329759494
2005-09-16,0,0.991179733487923,3.8610076716929867e-07,0.008819854212487193,2.6198822890176453e-08,0.991179733487923,0.05051193684264377,0.03643666039428935
2005-09-19,0,0.976583673561811,2.154549072011211e-06,0.023413580953727697,5.909353891779972e-07,0.976583673561811,0.11108144868869849,0.08012832757897358
2005-09-20,0,0.9866182482396009,1.265406884957551e-06,0.013380406037440541,8.031607369700798e-08,0.9866182482396009,0.07103289888650298,0.051239405481762514
2005-09-21,0,0.9818082049902475,7.101124222949366e-07,0.01819103765246301,4.7244867308935585e-08,0.9818082049902475,0.09092448930958646,0.06558815491115098
2005-09-23,0,0.9933278420974581,3.7779498538601264e-07,0.0066717580378390425,2.2069717528031145e-08,0.9933278420974581,0.04008047861554672,0.0289119538675527
2005-09-26,0,0.9945686187039907,1.469619417466084e-07,0.005431225565089962,8.768977706205908e-09,0.9945686187039907,0.03374612770225223,0.02434268554262248
2005-09-27,0,0.9961669966713982,6.049169058683686e-08,0.003832939845061763,2.99184935440702e-09,0.9961669966713982,0.02515366157262565,0.018144531405513156
2005-09-28,0,0.9914607150114382,1.2427005739031194e-07,0.008539151480064637,9.238439807096329e-09,0.9914607150114382,0.04917764603185498,0.035474173026375
2005-09-29,0,0.9895928491708781,2.385602998663725e-07,0.010406898107187616,1.4161634383130423e-08,0.9895928491708781,0.05786717177929859,0.04174234087813193
2005-09-30,0,0.9964530106317337,8.975765346095587e-08,0.0035468949445874778,4.666025288814155e-09,0.9964530106317337,0.023552693204958595,0.016989676843186474
2005-10-03,0,0.9927820535174569,1.2908629556169434e-07,0.007217809684291149,7.711956433646313e-09,0.9927820535174569,0.04278651604586794,0.03086394725814487
2005-10-04,0,0.9799059353693983,5.725903796382988e-07,0.020093456121213202,3.591900893692206e-08,0.9799059353693983,0.09841204701842671,0.07098928609860786
2005-10-05,0,0.9796276909203363,1.2664956043382097e-06,0.020370974554158143,6.802990129008817e-08,0.9796276909203363,0.09949901772648694,0.07177336972366288
2005-10-06,2,0.0062238613826188045,8.949052006873585e-05,0.9936557886466606,3.0859450651994864e-05,0.9936557886466606,0.03909198964273907,0.02819890979803119
2005-10-07,2,0.0873880128173693,0.00017156211110608442,0.9124241469149195,1.6278156605000258e-05,0.9124241469149195,0.29829028084791703,0.21517095446233303
2005-10-11,2,0.602924549732273,6.923496113255098e-05,0.39700048765599666,5.727650597678329e-06,0.602924549732273,0.6725460153949789,0.4851394005899843
2005-10-12,2,0.06094449356354843,0.0001036572897683497,0.9389230820581047,2.8767088578479323e-05,0.9389230820581047,0.230934340382153,0.166583913820148
2005-10-13,2,0.02182504424874827,0.0003239558051782087,0.9778144054263262,3.659451974718108e-05,0.9778144054263262,0.10838862741733774,0.07818586763187735
2005-10-14,0,0.40926074775974064,0.00012632288457113333,0.5906048177235608,8.11163212753446e-06,0.5906048177235608,0.6778810552573103,0.4889878183661495
2005-10-17,0,0.6722713478999699,8.30024179004842e-05,0.32764083928576926,4.81039636040865e-06,0.6722713478999699,0.6333871063883622,0.4568922186747502
2005-10-18,0,0.6892797974890592,0.00016466687020280928,0.31054625437208966,9.281268648420453e-06,0.6892797974890592,0.6211883348324834,0.44809266506044837
2005-10-19,0,0.8235592438727795,4.4802543770206525e-05,0.1763927796038734,3.1739795771126087e-06,0.8235592438727795,0.46640684405888694,0.33644142048021414
2005-10-20,0,0.9399826771943719,1.326850344377914e-05,0.060003454234511804,6.000676723975311e-07,0.9399826771943719,0.22714764069364105,0.16385238738917202
2005-10-21,0,0.9703270087380709,5.529155798171919e-06,0.029667032828348695,4.2927778223817766e-07,0.9703270087380709,0.1336618353708171,0.09641663352279745
2005-10-24,0,0.9683585485835943,2.449449853464122e-06,0.0316388006222478,2.0134430450691332e-07,0.9683585485835943,0.1404307640706179,0.10129938345646422
2005-10-25,0,0.7930125769585873,0.00012045401610586532,0.20685299631328385,1.3972712022998361e-05,0.7930125769585873,0.5111036281409314,0.3686833348496393
2005-10-26,0,0.8627676964539376,8.088822299684396e-05,0.13714808844858278,3.3268744829139005e-06,0.8627676964539376,0.40062838430937625,0.28899229164124746
2005-10-27,0,0.9549143476212519,5.176694763858873e-06,0.0450801027397269,3.7294425753083887e-07,0.9549143476212519,0.18383960117704967,0.1326122404685672
2005-10-28,0,0.9656242433512827,3.4032061073824994e-06,0.03437209152390136,2.6191870859151247e-07,0.9656242433512827,0.14967632951936755,0.10796864916802697
2005-10-31,0,0.9791352771275063,1.6167972235534574e-06,0.020862968837538638,1.372377315505696e-07,0.9791352771275063,0.10140434282980326,0.07314777126258075
2005-11-01,0,0.9955417563948227,1.8940463569574836e-07,0.004458045233614541,8.966927033194576e-09,0.9955417563948227,0.02858298786099079,0.020618267420420427
2005-11-02,0,0.9912747019269035,1.1092447436795026e-07,0.008725181179281774,5.969340287314932e-09,0.9912747019269035,0.05005982431035845,0.03611053014016345
2005-11-03,0,0.9845240205714184,5.201583123948047e-07,0.01547541013295674,4.913731253324399e-08,0.9845240205714184,0.07987324993589652,0.057616370791101316
2005-11-04,0,0.9905032011936775,3.847049043470097e-07,0.009496392641373877,2.1460044316883154e-08,0.9905032011936775,0.05368083429953731,0.038722536717362324
2005-11-07,0,0.9940010976599916,1.825751600210277e-07,0.005998709649884253,1.0114964181945263e-08,0.9940010976599916,0.036674555544962205,0.026455099705761907
2005-11-08,0,0.9720489097593096,9.211893129853002e-07,0.027950090905631594,7.814574583195367e-08,0.9720489097593096,0.12755768202159287,0.09201341763992166
2005-11-09,0,0.9933748197037765,4.6722108637642805e-07,0.006624690664513743,2.2410623405941705e-08,0.9933748197037765,0.039846142758372435,0.028742916278028798
2005-11-10,0,0.9371081196381257,5.407805077886005e-06,0.06288597439458328,4.981622131252439e-07,0.9371081196381257,0.2349139638287214,0.16945460532563286
2005-11-14,0,0.9909884627516432,1.0288721894888736e-06,0.009010455655183346,5.272098392378688e-08,0.9909884627516432,0.051419445720624346,0.03709128967320199
2005-11-15,0,0.9897564901350474,3.716737191645929e-07,0.010243115335715026,2.2855518317467633e-08,0.9897564901350474,0.05712201232593452,0.04120482195411199
2005-11-16,0,0.9933317595649127,2.417367717155482e-07,0.006667982243195255,1.645512028776437e-08,0.9933317595649127,0.04005944747794946,0.02889678310859479
2005-11-17,0,0.9950261141922181,9.940919446233348e-08,0.0049737799195167295,6.479070830112708e-09,0.9950261141922181,0.03134203625052312,0.022608500134995914
2005-11-18,0,0.9940301093618464,9.188922791323282e-08,0.005969793665671464,5.083254166461432e-09,0.9940301093618464,0.03652519075236752,0.026347355782982026
2005-11-21,0,0.9967610100524087,5.383775449101876e-08,0.0032389330148501995,3.0949866645833824e-09,0.9967610100524087,0.02180192065854291,0.01572676140796725
2005-11-22,0,0.993809717422222,7.027078347857052e-08,0.006190208462369655,3.844624713637907e-09,0.993809717422222,0.03764820355838396,0.027157438286029383
2005-11-23,0,0.9889827085365361,2.3633982640595487e-07,0.011017042242373801,1.2881263674367955e-08,0.9889827085365361,0.060628479841010094,0.043734203601630876
2005-11-25,0,0.995955875335157,1.1601735667247778e-07,0.0040440016677962005,6.979690119850622e-09,0.995955875335157,0.026322474326324837,0.018987651587257952
2005-11-28,0,0.9919916954645385,1.1529195806134446e-07,0.008008182898656771,6.3448467770153704e-09,0.9919916954645385,0.046635946183112474,0.03364072414277047
2005-11-29,0,0.9918131719853254,2.2912139053326954e-07,0.00818658752794902,1.136533502148527e-08,0.9918131719853254,0.04749560133768073,0.034260834256955607
2005-11-30,0,0.9950961768747827,9.929752826415376e-08,0.0049037162528031775,7.574885988017726e-09,0.9950961768747827,0.030970318173067127,0.022340362221518643
2005-12-01,0,0.988856580673139,3.548157821466076e-07,0.011143040349059104,2.416201975870431e-08,0.988856580673139,0.06119637853241773,0.04414385591454144
2005-12-02,0,0.9966484156853024,8.591416205961249e-08,0.00335149348608287,4.9144526366592465e-09,0.9966484156853024,0.022445433583788497,0.01619095786096713
2005-12-05,0,0.994035269121679,5.066276124551983e-08,0.00596467630197659,3.913583020161176e-09,0.994035269121679,0.03649831167603562,0.026327966627918174
2005-12-06,0,0.9912853689573935,2.0723719596831767e-07,0.008714408953871124,1.4851539430319453e-08,0.9912853689573935,0.05001050684511245,0.03607495510889364
2005-12-07,0,0.9893135220319773,3.7325583567783973e-07,0.0106860846054908,2.0106696253087782e-08,0.9893135220319773,0.05913719249353579,0.04265846717126006
2005-12-08,0,0.992347814000461,1.7585385357503696e-07,0.007651990410550652,1.973513460483111e-08,0.992347814000461,0.0449124567162856,0.03239748928936272
2005-12-09,0,0.9927341679893376,2.063026998728811e-07,0.00726561523999801,1.0467964628342856e-08,0.9927341679893376,0.04302300536809244,0.03103453824434311
2005-12-12,0,0.9957426914252036,7.410716258206608e-08,0.0042572281046934545,6.362940468653399e-09,0.9957426914252036,0.027490361615209947,0.019830104187253852
2005-12-13,0,0.9968312374763887,3.325822938687121e-08,0.003168727406141164,1.8592407800691635e-09,0.9968312374763887,0.021398551636949908,0.015435792164417022
2005-12-14,0,0.9889251106230146,1.9451999380332565e-07,0.011074678640876407,1.6216115066351298e-08,0.9889251106230146,0.06088695058956319,0.04392065083520708
2005-12-15,0,0.9914242035673644,2.9288988558391617e-07,0.008575487859420083,1.5683329878611723e-08,0.9914242035673644,0.04935304469523646,0.0356006964172945
2005-12-16,0,0.9942229438550858,2.059696459025041e-07,0.005776839451344449,1.0723923788587757e-08,0.9942229438550858,0.03553694902694827,0.025634490064751072
2005-12-19,0,0.9957047067184953,6.978448915092118e-08,0.004295220100431019,3.3965845308831373e-09,0.9957047067184953,0.02769730540764592,0.01997938257879892
2005-12-20,0,0.9971421205152563,2.9608388064085762e-08,0.0028578483793317783,1.4970238864405165e-09,0.9971421205152563,0.019594714700584135,0.014134598863083402
2005-12-21,0,0.9970194436375095,2.2547223118702233e-08,0.002980532615191962,1.200075415969248e-09,0.9970194436375095,0.020310275972530486,0.014650767212328001
2005-12-22,0,0.9939969070409023,6.426529431236601e-08,0.0060030242201284684,4.473675085818038e-09,0.9939969070409023,0.03669461026185547,0.026469566126066078
2005-12-23,0,0.9917383713529223,1.5452472340021186e-07,0.008261462537865413,1.1584488951256157e-08,0.9917383713529223,0.04785328576791999,0.03451884903381029
2005-12-27,0,0.9909708431227565,2.2305156223290984e-07,0.009028920808030381,1.3017650882327658e-08,0.9909708431227565,0.05149396483004025,0.037145043848004884
2005-12-28,0,0.9895475294281354,4.848491888789877e-07,0.010451953485026394,3.223764929157886e-08,0.9895475294281354,0.05807626617262305,0.04189317060029537
2005-12-29,0,0.99663987615374,7.203195681994272e-08,0.0033600476470928664,4.1672103028510254e-09,0.99663987615374,0.022493897162361654,0.01622591694320274
2005-12-30,0,0.9887862608560438,1.2651967707443955e-07,0.011213604287798927,8.336479917529016e-09,0.9887862608560438,0.06150891396815554,0.044369302576161944
2006-01-03,0,0.9709363500840307,2.0131474446398093e-06,0.029061476396999707,1.6037152497009688e-07,0.9709363500840307,0.13149550026673784,0.09485395306701802
2006-01-04,0,0.9881054043603085,7.194678834953901e-07,0.011893829059911702,4.711189653024615e-08,0.9881054043603085,0.06454484971270123,0.046559267297718754
2006-01-05,0,0.9942552925978597,2.1560133942301978e-07,0.0057444799336848346,1.1867116052505296e-08,0.9942552925978597,0.03537043643259146,0.02551437661768901
2006-01-06,0,0.993304190754197,1.2987691462060545e-07,0.006695671947675933,7.421212512037509e-09,0.993304190754197,0.04019604233837742,0.028995315472469956
2006-01-09,0,0.9967780998939684,5.2915048957066626e-08,0.0032218442223784327,2.9686040935816214e-09,0.9967780998939684,0.021703951168774632,0.01565609135944369
2006-01-10,0,0.9937428183110221,5.3625326389587997e-08,0.006257125071283992,2.992367691783982e-09,0.9937428183110221,0.03798738924472341,0.027402109039840607
2006-01-12,0,0.9960941713236859,5.109594418034817e-08,0.0039057743105513614,3.2698186081797605e-09,0.9960941713236859,0.02555780001364759,0.018436055667860628
2006-01-13,0,0.9952168299041149,6.580412489118725e-08,0.004783099729043396,4.562716723373322e-09,0.9952168299041149,0.030327394774444814,0.021876591022086698
2006-01-17,0,0.9962468082303925,4.5153644283810784e-08,0.0037531428035627373,3.812400413620145e-09,0.9962468082303925,0.024708886788103592,0.01782369421754194
2006-01-18,0,0.9952545110168636,5.4809339072609104e-08,0.004745431312711121,2.8610861814678064e-09,0.9952545110168636,0.030125960390448275,0.021731286828658533
2006-01-19,0,0.9921838626754438,1.4606107374868448e-07,0.00781598265243231,8.611050083545776e-09,0.9921838626754438,0.04570787116965609,0.032971259533027236
2006-01-20,0,0.9422977069713445,1.575796451577757e-06,0.0577005946479424,1.225842614394336e-07,0.9422977069713445,0.22061778508532456,0.15914209223725242
2006-01-23,0,0.9917584442809568,7.97968341489632e-07,0.008240711674929423,4.607577226435369e-08,0.9917584442809568,0.04776392731393568,0.03445439053459796
2006-01-24,0,0.9913591307899948,2.3715135525604786e-07,0.00864061898736369,1.3071286243204827e-08,0.9913591307899948,0.04966129313978509,0.035823050668450526
2006-01-25,0,0.9876376374124703,5.466960934589458e-07,0.012361791069269441,2.482216679004542e-08,0.9876376374124703,0.06660108917371275,0.048042530534359515
2006-01-26,0,0.9897743439053922,3.3133354444822663e-07,0.010225307569662629,1.71914007577419e-08,0.9897743439053922,0.0570399005242306,0.041145590809553635
2006-01-27,0,0.9709861518152185,1.4007276477185078e-06,0.029012336909008746,1.1054812508208473e-07,0.9709861518152185,0.1313141290185926,0.09472312136688854
2006-01-30,0,0.9921420253188559,4.203012257457208e-07,0.00785752772722806,2.6652690244746617e-08,0.9921420253188559,0.04591346052299158,0.03311956090328557
2006-01-31,0,0.9868661199190131,2.8002906571840946e-07,0.013133579829137241,2.0222784046302913e-08,0.9868661199190131,0.06995415851213943,0.050461258787512016
2006-02-01,0,0.9910479963779385,7.989190632693863e-07,0.008951143653781317,6.104921679435116e-08,0.9910479963779385,0.05113740577962106,0.03688784086109296
2006-02-02,0,0.9929274531317178,1.9544748829494964e-07,0.007072341142724485,1.027806937020385e-08,0.9929274531317178,0.042069833343234976,0.03034696996765513
2006-02-03,0,0.9936890875345243,1.1932123083950076e-07,0.0063107843233018174,8.82094286942404e-09,0.9936890875345243,0.03826027078349499,0.02759895146120856
2006-02-06,0,0.9863074234721926,2.5918314569305003e-07,0.01369230087795113,1.6466710471926813e-08,0.9863074234721926,0.07235521757218884,0.05219325678691941
2006-02-07,0,0.9819203771767576,2.598597825029294e-06,0.018076884504661994,1.3972075533313853e-07,0.9819203771767576,0.0904955466012147,0.06527873815205427
2006-02-08,0,0.9901251968286066,5.044103248308376e-07,0.009874270396659836,2.8364408741745497e-08,0.9901251968286066,0.05543132434026946,0.03998524836780722
2006-02-09,0,0.9947718768696301,1.3450534200912003e-07,0.005227980156761925,8.46826601144019e-09,0.9947718768696301,0.03268311575896108,0.02357588451312654
2006-02-10,0,0.9337565580057046,1.0567420459069132e-06,0.06624220098409558,1.8426815387738922e-07,0.9337565580057046,0.2438269413422802,0.17588395955481592
2006-02-13,0,0.9877216700693364,1.608320185145926e-06,0.01227664263502449,7.897545409351393e-08,0.9877216700693364,0.0662433127450046,0.0477844493946374
2006-02-14,0,0.9863978188249093,6.590414903622872e-07,0.013601478580060423,4.355353997293751e-08,0.9863978188249093,0.07197276560796036,0.05191737601083408
2006-02-15,0,0.9938908213030101,3.249078426538987e-07,0.006108834028874742,1.97602724883029e-08,0.9938908213030101,0.03723863822932937,0.026861999351455827
2006-02-16,0,0.9921820675367685,1.341605789686307e-07,0.007817788517554521,9.785097935618276e-09,0.9921820675367685,0.04571645210305192,0.03297744936805541
2006-02-17,0,0.994410402482608,1.4302895046074967e-07,0.005589443110869476,1.1377572121790027e-08,0.994410402482608,0.034568155007303994,0.02493565290085923
2006-02-21,0,0.9955390676332156,9.199246161544808e-08,0.004460832794430309,7.579892357998898e-09,0.9955390676332156,0.02859649949205112,0.020628014001982956
2006-02-22,0,0.9938328239928801,1.2245661526719665e-07,0.006167045233060963,8.317443750292237e-09,0.9938328239928801,0.0375314517467792,0.02707321965622089
2006-02-23,0,0.9899200430391264,1.6956697718886658e-07,0.010079776844200607,1.0549695780500925e-08,0.9899200430391264,0.05637081353857398,0.04066294657148856
2006-02-24,0,0.9922758725725263,3.273416109221095e-07,0.007723759534058378,4.055180456837774e-08,0.9922758725725263,0.04526394698650262,0.032651035924244134
2006-02-27,0,0.9865520706238923,3.391664772584859e-07,0.01344755668905333,3.352057714514298e-08,0.9865520706238923,0.07130768223818174,0.05143761977115541
2006-02-28,0,0.9891092452081538,3.054480136945599e-07,0.010890422487694458,2.6856138099736168e-08,0.9891092452081538,0.0600595951388961,0.04332384003234215
2006-03-01,0,0.976219981127951,9.716211926915937e-07,0.023779004404739484,4.284611673593403e-08,0.976219981127951,0.1124177464446764,0.08109226265182377
2006-03-02,0,0.989336558975109,7.41363570360807e-07,0.010662627797540236,7.18637805034849e-08,0.989336558975109,0.059037133108154186,0.04258628958171784
2006-03-03,0,0.9884335865243922,2.8418557536254174e-07,0.011566109589357885,1.9700674455406865e-08,0.9884335865243922,0.06308499822903031,0.04550620704975554
2006-03-06,0,0.9465139002535917,6.4742407915053755e-06,0.053479259052406164,3.6645321062180906e-07,0.9465139002535917,0.2087242393909178,0.15056271254129897
2006-03-07,0,0.7957997159732169,2.0867343393134642e-05,0.20417719390914424,2.2227742459711345e-06,0.7957997159732169,0.5064106414118035,0.365298060509104
2006-03-08,0,0.9263369186480435,2.08956517286451e-05,0.07364090785092772,1.2778492999841202e-06,0.9263369186480435,0.26321961003869726,0.18987281303377768
2006-03-09,0,0.9905491588671793,9.72853012467542e-07,0.009449812224087927,5.6055720178901424e-08,0.9905491588671793,0.053473204260820695,0.0385727633037643
2006-03-13,0,0.9916874620211346,2.5746075259083794e-07,0.008312267205755374,1.3312357427067136e-08,0.9916874620211346,0.04809799050543466,0.03469536618945752
2006-03-14,0,0.9871345505941522,5.271267359822318e-07,0.012864861061967759,6.121714393971041e-08,0.9871345505941522,0.06879499797955917,0.04962510121153813
2006-03-15,0,0.990155698715712,4.431299143310251e-07,0.009843835821373699,2.2332999943912366e-08,0.990155698715712,0.05529004019082373,0.039883333396926436
2006-03-16,0,0.9957197835564844,1.40647159234733e-07,0.0042800668834206135,8.912935755754936e-09,0.9957197835564844,0.027615999017861086,0.019920732416131338
2006-03-17,0,0.9967627596331964,3.7248809793781885e-08,0.0032372012825152116,1.8354787565922791e-09,0.9967627596331964,0.02179169319402993,0.015719383851800377
2006-03-20,0,0.9934263100730117,1.3530592614715242e-07,0.006573546585955035,8.035106961350543e-09,0.9934263100730117,0.03958443666858714,0.028554135239076954
2006-03-21,0,0.9936796539117914,2.0171062699753839e-07,0.006320130208884297,1.416869729711231e-08,0.9936796539117914,0.03830893334574963,0.027634054079829416
2006-03-22,0,0.9960694672313014,6.895977980679836e-08,0.003930459921263195,3.887655640994002e-09,0.9960694672313014,0.02569482341123087,0.01853489715595021
2006-03-23,0,0.995556666699275,4.8713242611596346e-08,0.00444328050874069,4.078741538434848e-09,0.995556666699275,0.02850076316678321,0.020558954841134482
2006-03-24,0,0.9960297258741158,5.399278652666324e-08,0.003970216637629083,3.495468761174997e-09,0.9960297258741158,0.025914421942140886,0.0186933040117154
2006-03-27,0,0.9969965619856109,3.026860003226144e-08,0.0030034061559818565,1.589807076481408e-09,0.9969965619856109,0.020443287155244547,0.014746714499170177
2006-03-28,0,0.9928765354866478,1.1138302751980657e-07,0.0071233454818148325,7.648509878817038e-09,0.9928765354866478,0.042320469606338416,0.030527765814578268
2006-03-29,0,0.9918317870197974,1.6291223551339046e-07,0.008168041464722853,8.603244412707979e-09,0.9918317870197974,0.04740554072902127,0.03419586926020938
2006-03-30,0,0.9919951984411911,2.2531332789514738e-07,0.00800456373516498,1.251031598057981e-08,0.9919951984411911,0.04662033355235015,0.03362946201028246
2006-03-31,0,0.9963469033679745,7.269466396636354e-08,0.0036530203025686462,3.6347929161542374e-09,0.9963469033679745,0.024149165548353904,0.01741994068910839
2006-04-03,0,0.9967424580484917,2.7398982439417502e-08,0.0032575129272907387,1.6252351662692596e-09,0.9967424580484917,0.02190783700196601,0.01580316389967005
2006-04-04,0,0.9936816632399476,6.481022136829185e-08,0.00631826838522363,3.5646075181266298e-09,0.9936816632399476,0.038297146348510405,0.02762555155859742
2006-04-05,0,0.9889877100254049,1.4558112440959343e-07,0.01101212979177255,1.4601698240320853e-08,0.9889877100254049,0.060605013412904286,0.043717276151903066
2006-04-06,0,0.981856073910505,7.343604131209307e-07,0.01814313392821139,5.780087048152214e-08,0.981856073910505,0.09073388180113855,0.06545066065755398
2006-04-07,0,0.9664085349307858,2.7776477253378544e-06,0.033588546414318306,1.410071704612985e-07,0.9664085349307858,0.1470436959457302,0.10606960546744476
2006-04-10,0,0.9921320440402296,4.861040373398235e-07,0.007867420453199913,4.9402533175336325e-08,0.9921320440402296,0.04596266872122209,0.03315505711506469
2006-04-11,0,0.994805415921316,1.0238932114908825e-07,0.00519447598651971,5.702843131521774e-09,0.994805415921316,0.032506597315916444,0.023448553371923572
2006-04-12,0,0.996021476707482,6.025758405815691e-08,0.003978460137875572,2.8970582898421135e-09,0.996021476707482,0.02596005109401323,0.018726218487278498
2006-04-13,0,0.9956521925538426,6.09313321490357e-08,0.004347743274858837,3.2399664531779663e-09,0.9956521925538426,0.027982873175960692,0.020185376180391644
2006-04-17,0,0.995413357299452,4.928245412011734e-08,0.004586589612899764,3.805193946275461e-09,0.995413357299452,0.029274046359902023,0.02111676075509213
2006-04-18,0,0.9802552992324988,7.120243046090966e-07,0.019743939445540194,4.9297656493328564e-08,0.9802552992324988,0.09705254635650601,0.07000861366708873
2006-04-21,0,0.9911717095550459,6.050418866477759e-07,0.0088276509553866,3.4447680915802284e-08,0.9911717095550459,0.05055206984017455,0.03646561023254618
2006-04-24,0,0.9910894768974781,4.40459107497916e-07,0.008910050921804896,3.172160954064676e-08,0.9910894768974781,0.05093826648423576,0.03674419222414371
2006-04-25,0,0.9791063353199073,1.360669871917015e-06,0.02089223299758107,7.10126396654193e-08,0.9791063353199073,0.10151245465891331,0.07322575746243999
2006-04-26,0,0.9959567699820914,1.722038092227028e-07,0.004043049187319124,8.626780270337968e-09,0.9959567699820914,0.026318145375518114,0.018984528909327395
2006-04-27,0,0.9738045247294104,1.4112363872744638e-06,0.026193993176323305,7.085787909316733e-08,0.9738045247294104,0.12127393642648887,0.08748065333578946
2006-04-28,0,0.9895307085834644,6.890131890718108e-07,0.010468547656245575,5.474710111593481e-08,0.9895307085834644,0.05815507383997891,0.04195001831573453
2006-05-01,0,0.9921619320525226,3.301640597273614e-07,0.007837717822195858,1.9961221798324576e-08,0.9921619320525226,0.04581613647949278,0.033049356445828085
2006-05-02,0,0.9925755013923628,2.0934173527034196e-07,0.007424274735581822,1.4530320181555501e-08,0.9925755013923628,0.04380157140199397,0.03159615492240027
2006-05-03,0,0.9860210883472962,6.799798769903881e-07,0.013978196419284555,3.525354210753235e-08,0.9860210883472962,0.07358149468017278,0.05307782873814146
2006-05-04,0,0.9957640062085559,1.6415109945724807e-07,0.004235819894877274,9.745467334632243e-09,0.9957640062085559,0.027375028939380482,0.01974690924751804
2006-05-05,0,0.9899623422834618,1.5706224496596934e-07,0.010037487406052663,1.3248240565324408e-08,0.9899623422834618,0.056176592133702206,0.040522845442667065
2006-05-08,0,0.9966826402471607,7.810902941839496e-08,0.003317277421424546,4.22238533149563e-09,0.9966826402471607,0.022250256907526845,0.016050167649497193
2006-05-09,0,0.9929808702912523,5.9299521799750236e-08,0.007019063626231738,6.782994187323726e-09,0.9929808702912523,0.04180396925086853,0.030155189563851374
2006-05-10,0,0.9963317444969247,7.761674652016161e-08,0.003668171966321121,5.920007570105724e-09,0.9963317444969247,0.02423423730459781,0.017481306989534793
2006-05-11,2,0.9399967805652132,5.699267069023371e-07,0.06000252517991279,1.2432816716258318e-07,0.9399967805652132,0.22698529298982403,0.16373527827557377
2006-05-15,2,5.137825708061974e-06,0.006522481159579678,0.9902258538385019,0.0032465271762103444,0.9902258538385019,0.061216335735884954,0.04415825199377753
2006-05-17,0,0.10078595629536558,0.0006461008782190794,0.8985490527831811,1.889004323420179e-05,0.8985490527831811,0.33235136025426576,0.2397408296357653
2006-05-18,0,0.44405121257116137,0.00020049989826026202,0.5557365949151731,1.1692615405366961e-05,0.5557365949151731,0.6888010781716216,0.49686494981858487
2006-05-19,0,0.7973300714582864,9.967891763071388e-05,0.20256203253824134,8.217085841677546e-06,0.7973300714582864,0.5050317874230609,0.36430342760326956
2006-05-22,0,0.6159801122108358,2.2291514076818655e-05,0.38399181763089685,5.778644190628591e-06,0.6159801122108358,0.6663074811485917,0.4806392493801449
2006-05-23,0,0.9405420992323472,1.4460981212621715e-05,0.05944228977383152,1.1500126086463124e-06,0.9405420992323472,0.22562173307933758,0.16275167771516685
2006-05-24,0,0.24839425853016267,0.0005686769001734047,0.7509727789807156,6.428558894851515e-05,0.7509727789807156,0.5658858915805,0.4082003847461085
2006-05-25,0,0.29144430558908463,0.00032956249943697934,0.7082081617191436,1.797019233491452e-05,0.7082081617191436,0.6065062478709814,0.43750177803581863
2006-05-26,0,0.7390510011606268,5.4261296323271734e-05,0.26089162269577076,3.114847279147498e-06,0.7390510011606268,0.5745999227888463,0.4144862295513249
2006-05-30,0,0.7836286995566715,3.2211339836991495e-05,0.21633636976616308,2.7193373285916235e-06,0.7836286995566715,0.5226261929605862,0.3769951084114581
2006-06-02,0,0.37590212542486545,0.0005653888073548279,0.623463973267382,6.851250039784157e-05,0.623463973267382,0.667241966520876,0.48131333808633375
2006-06-05,0,0.3661205542667744,0.00019884163493577434,0.6336697604693232,1.084362896671308e-05,0.6336697604693232,0.6587913919907302,0.47521753710268183
2006-06-06,0,0.7312985006583562,0.00011022995183564927,0.2685844046576063,6.864732201826455e-06,0.7312985006583562,0.5830123638712877,0.42055452306702934
2006-06-07,0,0.8914462088612488,2.552556236312653e-05,0.1085264804236197,1.785152768386194e-06,0.8914462088612488,0.34374121127750484,0.24795687042961084
2006-06-08,0,0.9411824637102647,1.2592538800099112e-05,0.05880404775292151,8.959980136745644e-07,0.9411824637102647,0.22383128019432327,0.16146013896608913
2006-06-09,0,0.9906339606745136,8.104148745901056e-07,0.009365182599690845,4.6310921074153005e-08,0.9906339606745136,0.05307667613172254,0.03828672872105286
2006-06-12,0,0.9865265053321136,4.6566562010857703e-07,0.01347300582938375,2.3172882618616322e-08,0.9865265053321136,0.07141865441641326,0.05151766927676104
2006-06-13,0,0.9369862371400205,1.0351292898203907e-05,0.0630028094560638,6.021110175420454e-07,0.9369862371400205,0.23528882070697096,0.16972500740527974
2006-06-14,0,0.9717355481349441,4.403298673341279e-06,0.028259832888122543,2.1567825995736219e-07,0.9717355481349441,0.12870224439075326,0.09283904486690957
2006-06-15,0,0.9258201284706707,7.093978516050281e-06,0.07417231440213502,4.631486782396655e-07,0.9258201284706707,0.2643979478060228,0.19072280406048406
2006-06-16,0,0.9907891313351878,8.99425903095406e-07,0.009209924972743984,4.426616518257573e-08,0.9907891313351878,0.05235286863371128,0.037764611977083314
2006-06-19,0,0.993537235808928,2.2033155345053398e-07,0.006462533360063577,1.0499454882155133e-08,0.993537235808928,0.03902777893558401,0.0281525915636389
2006-06-20,0,0.9966011838849634,4.6245281611817425e-08,0.0033987670855921285,2.784162701348841e-09,0.9966011838849634,0.022713625792630095,0.016384417645817544
2006-06-21,0,0.9888186183853136,1.257074848041656e-07,0.011181245187359582,1.0719841889374149e-08,0.9888186183853136,0.06136395005657435,0.04426473321798892
2006-06-22,0,0.9915443429924954,1.9027750328352784e-07,0.008455453791153669,1.2938847574335349e-08,0.9915443429924954,0.04878039054627335,0.03518761376686772
2006-06-23,0,0.8938363076858397,2.469086910840683e-06,0.10616102823133201,1.949959175365185e-07,0.8938363076858397,0.33845024822922987,0.2441402473539743
2006-06-26,0,0.9242595441390737,8.539099158308867e-06,0.07573084218710133,1.0745746663621744e-06,0.9242595441390737,0.2683400076769573,0.19356639917382634
2006-06-27,0,0.9800499744601341,1.9412033056104297e-06,0.019947960073294035,1.2426326619656092e-07,0.9800499744601341,0.09786604493061095,0.07059542884640445
2006-06-28,0,0.9759030468671922,1.4375011348414231e-06,0.024095438089609997,7.754206291142758e-08,0.9759030468671922,0.11359803144973393,0.08194365831363982
2006-06-29,0,0.938079150405646,1.3350564518933182e-05,0.06190636797320543,1.1310566297897498e-06,0.938079150405646,0.23235994629067216,0.16761227110738933
2006-06-30,0,0.8170048234944259,3.207238889398024e-05,0.18295992513977896,3.178976901237933e-06,0.8170048234944259,0.47625244852351806,0.3435435228480529
2006-07-03,0,0.9677262376310193,4.4576551580084355e-06,0.032269032986313756,2.7172750885128783e-07,0.9677262376310193,0.14260677601162772,0.10286904427456925
2006-07-05,0,0.9864473011752299,1.28792050978148e-06,0.013551336686638767,7.421762152141973e-08,0.9864473011752299,0.07176708820198942,0.05176901112402549
2006-07-06,0,0.9928696764564002,3.127464047357876e-07,0.007129989351080924,2.1446114255865633e-08,0.9928696764564002,0.042356619160722746,0.030553842205998577
2006-07-07,0,0.9918302266588239,2.5219903997991834e-07,0.008169507675447902,1.346668805375851e-08,0.9918302266588239,0.04741404042544211,0.034202000495147086
2006-07-10,0,0.996254787080644,7.147027003905623e-08,0.003745137455557857,3.993528136558697e-09,0.996254787080644,0.024664639153701026,0.017791776296180114
2006-07-11,0,0.9955827158628118,6.655630244074373e-08,0.0044172128144901535,4.7663957172255415e-09,0.9955827158628118,0.028359920864546525,0.020457358595642357
2006-07-12,0,0.9918210336743949,9.843101058687838e-08,0.008178859588269425,8.30632507289286e-09,0.9918210336743949,0.04745642547456003,0.03423257484523221
2006-07-13,0,0.9514960978500726,8.245228302084871e-07,0.0485029852737304,9.235336661776674e-08,0.9514960978500726,0.19409747584378137,0.14001173292444438
2006-07-17,0,0.9884088580729129,1.4790238906640048e-06,0.011589593297499486,6.960569673849426e-08,0.9884088580729129,0.06320702936816645,0.04559423390938841
2006-07-19,0,0.9288812545155752,2.3633809939863445e-06,0.0711159870996097,3.9500382112203375e-07,0.9288812545155752,0.25655513756141846,0.18506541233722212
2006-07-20,0,0.9757731964879375,3.670093039828812e-06,0.024222954432264885,1.7898675785339645e-07,0.9757731964879375,0.11410004985729617,0.08230578804715234
2006-07-21,0,0.9883843093872454,7.628263566162228e-07,0.0116148875756223,4.021077553549117e-08,0.9883843093872454,0.0633091510290703,0.045667899116265065
2006-07-24,0,0.9688567394420871,1.4982424080267565e-06,0.031141652098656873,1.1021684799019361e-07,0.9688567394420871,0.13871195563392463,0.10005952525253649
2006-07-25,0,0.9832736431389971,1.547274966174802e-06,0.01672472771980849,8.186622819601228e-08,0.9832736431389971,0.08502635768919366,0.061333552291525435
2006-07-26,0,0.9947068087544507,2.1931957440219517e-07,0.005292960542501285,1.1383473545811602e-08,0.9947068087544507,0.03302513302298221,0.02382259781847739
2006-07-27,0,0.9948043419983376,8.156630318348674e-08,0.005195571617966311,4.817392947749788e-09,0.9948043419983376,0.03251200050906966,0.023452450951907126
2006-07-28,0,0.9888833543473938,2.422989586876456e-07,0.011116385408293716,1.7945353753649067e-08,0.9888833543473938,0.06107497954601763,0.044056285056717256
2006-07-31,0,0.9884103116248631,3.8862812954994064e-07,0.011589271474051898,2.827295533203046e-08,0.9884103116248631,0.0631897060913444,0.04558173780660685
2006-08-01,0,0.9958455455116637,9.201170011020665e-08,0.00415435694016085,5.536475385523438e-09,0.9958455455116637,0.026928230612248662,0.01942461238210276
2006-08-02,0,0.9965243622511607,4.374191719182605e-08,0.0034755914042084277,2.602713795644776e-09,0.9965243622511607,0.023149149313281714,0.01669858145753484
2006-08-03,0,0.996091804500978,4.006623489634473e-08,0.0039081532377105085,2.1950766450741713e-09,0.996091804500978,0.025570774217365404,0.018445414577542216
2006-08-04,0,0.9924020110976198,1.0660055153856279e-07,0.007597876084259114,6.2175695345098196e-09,0.9924020110976198,0.044647652857325096,0.03220647368229744
2006-08-07,0,0.9965246956945347,6.290806233241072e-08,0.003475237671681072,3.725721824774174e-09,0.9965246956945347,0.02314749068760659,0.016697385012016744
2006-08-08,0,0.9910208855188651,1.5312021346412261e-07,0.008978954796148245,6.564773082711586e-09,0.9910208855188651,0.051257870306370405,0.03697473764876512
2006-08-09,0,0.9928822181047938,1.8603751511274763e-07,0.007117587356028735,8.50166233716081e-09,0.9928822181047938,0.04229322789840784,0.03050811507610987
2006-08-10,0,0.9910578863673083,2.659750735111995e-07,0.00894183118518297,1.647243541039351e-08,0.9910578863673083,0.05108508602337573,0.03685010013465513
2006-08-11,0,0.9954238948879699,1.1680250673068928e-07,0.004575982857607248,5.451916066153246e-09,0.9954238948879699,0.02921810355477918,0.021076406551330057
2006-08-15,0,0.9773884109590965,6.318952159893743e-07,0.022610896630306913,6.051538078171105e-08,0.9773884109590965,0.10804402223054949,0.07793728753485533
2006-08-16,0,0.9921049862114419,4.7300239033827664e-07,0.007894505865208887,3.4920958790478885e-08,0.9921049862114419,0.04609320092034938,0.03324921619324333
2006-08-17,0,0.9956034289673155,1.3520097559775209e-07,0.004396427544200037,8.287509010628161e-09,0.9956034289673155,0.028248434112730224,0.02037693790365726
2006-08-18,0,0.9939209484740509,5.902064909251897e-08,0.006078988275699881,4.229600223280331e-09,0.9939209484740509,0.03708217311689709,0.026749133630566736
2006-08-21,0,0.9962549817303563,5.057883428095641e-08,0.0037449639245864417,3.766222905319469e-09,0.9962549817303563,0.024663318757365948,0.017790823831557803
2006-08-22,0,0.9963427861518331,3.443501315176332e-08,0.0036571775210216977,1.8921319622729664e-09,0.9963427861518331,0.024171803476733467,0.01743627050261299
2006-08-23,0,0.9916786280459992,1.0920875533565914e-07,0.008321256301675668,6.443569714030487e-09,0.9916786280459992,0.048138539154679666,0.03472461585704777
2006-08-28,0,0.9693420600148015,1.4363119806675574e-06,0.030656400287774183,1.0338544371529546e-07,0.9693420600148015,0.13703900701796143,0.0988527479165804
2006-08-29,0,0.9954644120054815,2.5824595763289065e-07,0.0045353160656686825,1.3682892361219804e-08,0.9954644120054815,0.029001384639011075,0.02092007689880732
2006-08-30,0,0.9922872780422438,1.1971600676919372e-07,0.007712594503564899,7.738184532836083e-09,0.9922872780422438,0.04520596064230529,0.03260920761863775
2006-08-31,0,0.9950144015025809,1.05271950299692e-07,0.004985486461354272,6.76411454564689e-09,0.9950144015025809,0.031404150267472154,0.022653305927106945
2006-09-01,0,0.9951648197800932,7.852023641135464e-08,0.004835097040242856,4.659427372999961e-09,0.9951648197800932,0.030604877703012637,0.02207675264457477
2006-09-05,0,0.9905999476408761,1.6372326245320123e-07,0.009399879568238349,9.067623074532551e-09,0.9905999476408761,0.05322824580305013,0.0383960631276396
2006-09-06,0,0.9913511368345149,2.5609921892122726e-07,0.008648594826090835,1.2240175372794328e-08,0.9913511368345149,0.049699388694028804,0.035850530802044187
2006-09-07,0,0.9941325676531244,1.3722446388183313e-07,0.0058672869733958095,8.14901586107223e-09,0.9941325676531244,0.03600075527693884,0.025969055553148424
2006-09-08,0,0.9960198981650292,7.52000923189664e-08,0.003980022059030796,4.575847646122275e-09,0.9960198981650292,0.02596895630276945,0.018732642237533837
2006-09-11,0,0.9909412878752869,2.0994875632162679e-07,0.009058489106390797,1.30695660032584e-08,0.9909412878752869,0.05163263533850085,0.03724507347544171
2006-09-12,0,0.9855154029067819,8.115721855960609e-07,0.014483716256188162,6.926484445550054e-08,0.9855154029067819,0.07572634046891784,0.05462500792958849
2006-09-13,0,0.9964861804530565,1.1080736194347086e-07,0.003513702987785834,5.751795697999363e-09,0.9964861804530565,0.023365756204785287,0.01685483030163213
2006-09-14,0,0.9949860253008164,5.638662867960581e-08,0.005013915555098486,2.75745643321367e-09,0.9949860253008164,0.031553760122981084,0.02276122662541237
2006-09-15,0,0.9933595610778949,1.2464877573620983e-07,0.006640305824681457,8.44864795949955e-09,0.9933595610778949,0.039918940318724144,0.02879542861768291
2006-09-18,0,0.9969266417089432,4.7069787306126984e-08,0.003073308357989037,2.863280539148363e-09,0.9969266417089432,0.02084857201730424,0.01503906572949062
2006-09-19,0,0.9876169424622777,2.453552967332263e-07,0.012382797339535324,1.4842890296767445e-08,0.9876169424622777,0.0666884702656632,0.048105562668371696
2006-09-20,0,0.9908422088423385,4.535677479183897e-07,0.009157306533901942,3.1056011624565677e-08,0.9908422088423385,0.052099991978302326,0.03758220002872577
2006-09-21,0,0.48508905251869705,5.652186057138986e-06,0.5149015426499792,3.7526452666156387e-06,0.5149015426499792,0.6928207840915455,0.49976455471683795
2006-09-22,0,0.9211354256879655,1.609810700436222e-05,0.07884761024167568,8.659633543264826e-07,0.9211354256879655,0.27615110520073816,0.1992009150045557
2006-09-25,0,0.9876408000845931,1.526339525786757e-06,0.012357578318193204,9.525768790525294e-08,0.9876408000845931,0.06659733467013386,0.04803982223251237
2006-09-26,0,0.9894571388695148,3.552521656154704e-07,0.010542483281856762,2.2596462755415022e-08,0.9894571388695148,0.05848575339111142,0.04218855319000566
2006-09-27,0,0.9956178424727408,1.29056040956337e-07,0.004382021378183026,7.0930352108965626e-09,0.9956178424727408,0.02817017250839268,0.020320484089422365
2006-09-28,0,0.9955743069781786,6.737239979362978e-08,0.004425621792582718,3.85683895437597e-09,0.9955743069781786,0.028405467113958208,0.02049021326972102
2006-09-29,0,0.9965745307274674,3.344175183717441e-08,0.00342543392699198,1.9037886519696577e-09,0.9965745307274674,0.022864778106158824,0.01649345099239094
2006-10-02,0,0.9947128871058822,5.436998183906732e-08,0.005287055355596024,3.168539967596451e-09,0.9947128871058822,0.03299143798410889,0.02379829198573484
2006-10-03,0,0.9927529250918533,1.8693266883808323e-07,0.0072468761581825835,1.1817295249874488e-08,0.9927529250918533,0.04293056085322654,0.030967853622765898
2006-10-04,0,0.9928455298231174,1.8620212817538453e-07,0.00715427245322919,1.1521525335499379e-08,0.9928455298231174,0.04247434360248274,0.03063876244015786
2006-10-05,0,0.9932592371290291,1.5117413191166908e-07,0.006740604065352869,7.631486023673218e-09,0.9932592371290291,0.040420872249725306,0.029157495971542508
2006-10-06,0,0.9918163204163931,2.6506839046096016e-07,0.008183402282735109,1.2232481286388936e-08,0.9918163204163931,0.04748088341060422,0.03425021751675288
2006-10-10,0,0.9958968282693973,9.776270835058507e-08,0.004103068619357528,5.348536791576631e-09,0.9958968282693973,0.026646969789470062,0.019221725584993243
2006-10-11,0,0.9939213143603174,8.474094802001151e-08,0.006078596751156731,4.147577927278198e-09,0.9939213143603174,0.037080599028346706,0.026747998165693954
2006-10-12,0,0.9949670333899159,1.0277649368888867e-07,0.0050328576189218625,6.214668555526574e-09,0.9949670333899159,0.03165476269328819,0.022834084579061917
2006-10-13,0,0.9957042459035137,8.638252204577189e-08,0.004295661742378256,5.9715859011799045e-09,0.9957042459035137,0.027700031546984846,0.01998134907265144
2006-10-16,0,0.9962688154057379,4.998422002141377e-08,0.003731131386022919,3.2240192271833936e-09,0.9962688154057379,0.024586037295494814,0.017735077040660737
2006-10-17,0,0.994346215801536,6.889230545272001e-08,0.005653711526848637,3.7793097568261895e-09,0.994346215801536,0.034899442716644274,0.025174626468545576
2006-10-18,0,0.9955360473872985,7.163631914775113e-08,0.0044638763636870235,4.612695344350782e-09,0.9955360473872985,0.028612569623761987,0.02063960615164581
2006-10-19,0,0.9965652747351025,4.705980899499129e-08,0.003434675470181699,2.7349067343604133e-09,0.9965652747351025,0.022917442202331325,0.016531440107581424
2006-10-20,0,0.996721930330269,3.082477017720903e-08,0.00327803720038185,1.644578965035888e-09,0.996721930330269,0.022025303355508678,0.015887897962533707
2006-10-23,0,0.9915393798130796,7.435032729794971e-08,0.008460541467485849,4.369107313867571e-09,0.9915393798130796,0.048802630563378226,0.035203656548060965
2006-10-24,0,0.9969164870681706,5.668852897944531e-08,0.003083453027649622,3.215650610830846e-09,0.9969164870681706,0.020907379177146065,0.015081486128426903
2006-10-25,0,0.9959491786992174,5.10022047694363e-08,0.004050766046925524,4.2516521361571595e-09,0.9959491786992174,0.026358603550101615,0.019013713313244914
2006-10-26,0,0.9875271277978569,2.1324646641112822e-07,0.01247264393739958,1.5018277066251712e-08,0.9875271277978569,0.06708109071773254,0.0483887784579477
2006-10-27,0,0.9871982326710229,4.520240724043191e-07,0.012801281043369415,3.4261535353029985e-08,0.9871982326710229,0.06851733702912047,0.04942481117341492
2006-10-30,0,0.9948925540641446,2.344594864600037e-07,0.005107197850052861,1.3626315989954534e-08,0.9948925540641446,0.03204942291663389,0.023118771752590403
2006-10-31,0,0.9933553619850702,1.2677032003560065e-07,0.006644503252249752,7.992360117136192e-09,0.9933553619850702,0.03993998463072741,0.028810608879965928
2006-11-01,0,0.9937897442496247,1.0875119727432014e-07,0.006210140147756252,6.8514217294077945e-09,0.9937897442496247,0.037750077749676134,0.02723092498131528
2006-11-02,0,0.9965082641418618,5.6406201997671825e-08,0.0034916765999315714,2.8520046068038003e-09,0.9965082641418618,0.023240348031405556,0.01676436742672119
2006-11-03,0,0.9879935950355787,2.976715519562327e-07,0.012006091900720264,1.5392148982585543e-08,0.9879935950355787,0.06503382162494617,0.04691198597418363
2006-11-06,0,0.9894598351930607,3.7993788039230547e-07,0.010539755371659435,2.9497399579618115e-08,0.9894598351930607,0.058473849520836535,0.04217996636269918
2006-11-07,0,0.9954489699797471,1.431152007844375e-07,0.00455087912056037,7.78449162671153e-09,0.9954489699797471,0.02908337829718886,0.020979222820826038
2006-11-08,0,0.9962416856436617,4.2841337730536547e-08,0.0037582688960602,2.6189403542005e-09,0.9962416856436617,0.02473743155515449,0.01784428491447577
2006-11-09,0,0.9959947635017683,3.77239545822543e-08,0.00400519627195925,2.5023180238071587e-09,0.9959947635017683,0.026107234222230657,0.018832388671869402
2006-11-10,0,0.9940906033670128,1.3743709718836464e-07,0.005909250241453028,8.95443690482136e-09,0.9940906033670128,0.036215998561529905,0.026124320762780515
2006-11-13,0,0.9961412885713296,6.760679850456903e-08,0.0038586400735650087,3.7483069179064156e-09,0.9961412885713296,0.02529660839470996,0.01824764574117909
2006-11-14,0,0.9957188134685688,5.3606567805303025e-08,0.00428112959336466,3.3314986194881663e-09,0.9957188134685688,0.027620276185472234,0.019923817740382165
2006-11-15,0,0.9958373814724656,5.960667693493268e-08,0.004162555780707084,3.1401502903938116e-09,0.9958373814724656,0.0269725699421762,0.01945659644780416
2006-11-16,0,0.9928598404248413,1.6435615162528034e-07,0.007139983932235717,1.1286771265609353e-08,0.9928598404248413,0.04240350186646708,0.030587660929538983
2006-11-17,0,0.9937586188902655,1.0872412928069563e-07,0.006241264590333604,7.79527167448845e-09,0.9937586188902655,0.03790798383436549,0.027344830143969046
2006-11-20,0,0.9965414645909875,5.048616419609312e-08,0.0034584821104272725,2.812421030263624e-09,0.9965414645909875,0.023052411792254292,0.016628800086607765
2006-11-21,0,0.9965729744228472,3.874675914965072e-08,0.0034269840505334152,2.7798601223204832e-09,0.9965729744228472,0.022873680064497304,0.016499872397965503
2006-11-22,0,0.9960070579253986,3.431955781122962e-08,0.003992905885330158,1.869713508529799e-09,0.9960070579253986,0.0260393487102135,0.01878341962610172
2006-11-24,0,0.9955397772616357,4.122644672500949e-08,0.004460178544151757,2.967765771750133e-09,0.9955397772616357,0.0285920333084231,0.020624792331497034
2006-11-27,0,0.9680656555733406,2.598350213430434e-07,0.03193405095153403,3.364010411258048e-08,0.9680656555733406,0.14140694907835566,0.10200355209129094
2006-11-28,0,0.9953714134937195,2.534259109187843e-07,0.0046283184129268795,1.4667442651383385e-08,0.9953714134937195,0.02950178274226872,0.021281037829827345
2006-11-29,0,0.9940618428404503,1.0141664939651453e-07,0.005938050067430522,5.675469891614617e-09,0.9940618428404503,0.036362900552536416,0.026230288149741418
2006-11-30,0,0.9935048199834848,1.4206370842245318e-07,0.006495027379109927,1.0573696954526246e-08,0.9935048199834848,0.03919009861501897,0.028269680461918655
2006-12-01,0,0.9893152850116441,1.4355877197798566e-07,0.010684558751557743,1.2678026080287435e-08,0.9893152850116441,0.059126660254205085,0.04265086976653413
2006-12-04,0,0.9901261730068274,3.2623770833432786e-07,0.009873479968068187,2.0787395980185838e-08,0.9901261730068274,0.05542493165472234,0.03998063701993883
2006-12-05,0,0.995747228651459,9.944410759027596e-08,0.004252666970642502,4.933790863514245e-09,0.995747228651459,0.02746586358422613,0.019812432593347903
2006-12-06,0,0.9932425806606657,1.0108059867330241e-07,0.0067573117666690895,6.492066506814321e-09,0.9932425806606657,0.04050345317835485,0.02921706551964543
2006-12-07,0,0.9958615275809198,7.16129140356944e-08,0.004138397079447421,3.726718767220321e-09,0.9958615275809198,0.026840381189623386,0.01936124241891954
2006-12-08,0,0.9934126180148087,9.695530600027417e-08,0.006587280016936875,5.012948448975962e-09,0.9934126180148087,0.03965266876091678,0.02860335428969368
2006-12-11,0,0.9954489927315658,8.327641990329468e-08,0.004550919145728012,4.84628631161697e-09,0.9954489927315658,0.02908258095073498,0.020978647656938597
2006-12-12,0,0.9964324235897142,3.988646746061325e-08,0.0035675343423821337,2.1814363481981156e-09,0.9964324235897142,0.02366812561470016,0.017072943725732485
2006-12-13,0,0.9870320327119873,2.3537913729260475e-07,0.012967720561475974,1.1347399387322746e-08,0.9870320327119873,0.06923585029622818,0.049943108937049535
2006-12-14,0,0.9933366722006652,2.8313537058787286e-07,0.006663026333117234,1.833084696803905e-08,0.9933366722006652,0.04003530809346836,0.02887937022345429
2006-12-15,0,0.9772551813376845,1.1029361987003614e-06,0.022743629631002155,8.609511450798028e-08,0.9772551813376845,0.10855054642278432,0.07830266750496907
2006-12-18,0,0.9901591457241402,8.508153656222124e-07,0.009839955935121844,4.752537221117543e-08,0.9901591457241402,0.055278394903421416,0.03987493309773391
2006-12-19,0,0.9966514795648437,8.171685335958425e-08,0.0033484342872549624,4.43104814200393e-09,0.9966514795648437,0.02242793241855821,0.016178333438823373
2006-12-20,0,0.9965497320798733,3.013790351440408e-08,0.0034502361009428333,1.6812803800768517e-09,0.9965497320798733,0.02300533182168804,0.0165948390665772
2006-12-21,0,0.9962104133432517,3.826435127165094e-08,0.003789546313867913,2.0785291455740858e-09,0.9962104133432517,0.024911741623131044,0.017970023049799166
2006-12-22,0,0.989795927142052,1.7006408125188543e-07,0.010203894684150111,8.10971680017074e-09,0.989795927142052,0.05693934743680708,0.041073057089267645
2006-12-26,0,0.9942253541044576,1.9336653562690914e-07,0.005774440204102871,1.2324903944095111e-08,0.9942253541044576,0.03552443185329172,0.025625460832570945
2006-12-27,0,0.9928497855129554,1.3369564071253732e-07,0.00715007305935513,7.732048686184671e-09,0.9928497855129554,0.04245273586580921,0.03062317575288599
2006-12-28,0,0.9949531745023956,8.552566201550297e-08,0.005046735119654112,4.85228825252529e-09,0.9949531745023956,0.03172780503918278,0.02288677349416043
2006-12-29,0,0.9967884156056191,3.523445060582561e-08,0.0032115471013894805,2.0585407707531427e-09,0.9967884156056191,0.021644567489377795,0.015613255089555914
2007-01-03,0,0.9299460389078313,5.182993566071336e-06,0.0700479331971616,8.449014409231325e-07,0.9299460389078313,0.25384340051974286,0.18310930754611196
2007-01-04,0,0.9583910412954313,1.679053658605555e-05,0.04159098778933573,1.1803786470951736e-06,0.9583910412954313,0.173185770256481,0.12492712595078023
2007-01-05,0,0.9915741582709873,5.180339271960092e-07,0.008425291764800317,3.193028519868798e-08,0.9915741582709873,0.04864184373100615,0.035087673365209245
2007-01-08,0,0.9964099579844956,7.262091917854614e-08,0.0035899654012908257,3.9932945765642355e-09,0.9964099579844956,0.023794975923780957,0.017164446881655533
2007-01-09,0,0.9944963730927082,4.8100146776873606e-08,0.005503575987226906,2.8199180421521584e-09,0.9944963730927082,0.03412088835781515,0.02461301821227294
2007-01-10,0,0.9955270827549587,8.596295488537591e-08,0.004472826694159566,4.587926737636619e-09,0.9955270827549587,0.02866119122631446,0.02067467922408707
2007-01-11,0,0.9926228457492468,1.2060903169276638e-07,0.0073770261900912,7.451630353017007e-09,0.9926228457492468,0.04356859606875568,0.031428098743444106
2007-01-12,0,0.993545719598448,2.627108216025497e-07,0.0064539994772795945,1.821345070992888e-08,0.993545719598448,0.03898558786359294,0.02812215713847325
2007-01-16,0,0.9939508156819955,2.476935554779741e-07,0.0060489218141263085,1.481032283538172e-08,0.9939508156819955,0.03693202361749425,0.026640823661476517
2007-01-17,0,0.9940790330123954,1.279109749494301e-07,0.005920832182932748,6.89369681168396e-09,0.9940790330123954,0.036275158956315896,0.026166995966867907
2007-01-18,0,0.9926210348023582,1.2901568114929094e-07,0.007378828200515372,7.981445152361734e-09,0.9926210348023582,0.04357757273473871,0.03143457403919282
2007-01-19,0,0.9953967310133491,1.0967580239760116e-07,0.004603152234835635,7.076012868892136e-09,0.9953967310133491,0.029364174428702504,0.021181774414043807
2007-01-22,0,0.9957294688287229,4.7153847155874796e-08,0.004270481436743361,2.5806866135642023e-09,0.9957294688287229,0.02756211527864197,0.01988186351445335
2007-01-23,0,0.9763918912709372,7.982657812989046e-07,0.023607205937973025,1.0452530851178284e-07,0.9763918912709372,0.11177749878615924,0.08063042159088203
2007-01-24,0,0.9900229314612452,5.002624979438395e-07,0.009976538626675724,2.9649581119526112e-08,0.9900229314612452,0.0559019951251614,0.04032476557143468
2007-01-25,0,0.9867144824403323,6.513004563013738e-07,0.013284836642433646,2.961677772625053e-08,0.9867144824403323,0.0706121950282573,0.050935931796775566
2007-01-26,0,0.9936680322185343,1.4830067733197304e-07,0.006331808009137094,1.1471651228780522e-08,0.9936680322185343,0.03836710516967148,0.027676016180775177
2007-01-29,0,0.9937514161923078,2.1261714400090645e-07,0.00624835934580057,1.184474758694364e-08,0.9937514161923078,0.03794565358122539,0.027372003122462202
2007-01-30,0,0.9929344738315622,2.3722730220768099e-07,0.007065261054573981,2.788656152507011e-08,0.9929344738315622,0.04203577698379328,0.0303224034972165
2007-01-31,0,0.9900651405580615,2.888777392008944e-07,0.00993454444819555,2.6116003793263608e-08,0.9900651405580615,0.05570565895602426,0.04018313896265403
2007-02-01,0,0.986955037226301,3.489919952001012e-07,0.01304458486365226,2.8918051556959537e-08,0.986955037226301,0.06957063486574902,0.05018460495615647
2007-02-02,0,0.9966218643973402,9.901079606390652e-08,0.003378030278812134,6.313051498448748e-09,0.9966218643973402,0.022596693926543808,0.016300069134155257
2007-02-05,0,0.9970718420146114,2.5987491767789274e-08,0.0029281306391787765,1.3587181232467029e-09,0.9970718420146114,0.020005279481924064,0.01443075875008479
2007-02-06,0,0.9943574949034496,5.78892559393563e-08,0.0056424434571929975,3.750101607376004e-09,0.9943574949034496,0.03484099516984053,0.025132465475582632
2007-02-07,0,0.9911589985808069,1.6174055545702096e-07,0.008840829921803938,9.756833716166376e-09,0.9911589985808069,0.05060726820435144,0.03650542743567777
2007-02-08,0,0.9937715820770049,2.384198006628949e-07,0.006228152143919964,2.7359274481710048e-08,0.9937715820770049,0.03784385739470132,0.027298572695722362
2007-02-09,0,0.9906928559940961,2.1762590364250762e-07,0.009306916096611271,1.028338903085591e-08,0.9906928559940961,0.05279564838421326,0.038084010052210945
2007-02-12,0,0.9943828374445602,2.4382310748300827e-07,0.005616904610522506,1.4121809739017227e-08,0.9943828374445602,0.03471198131549095,0.025039401651644574
2007-02-13,0,0.9944990835686555,1.3592044082822545e-07,0.005500771350714605,9.160189125761767e-09,0.9944990835686555,0.03410785864174557,0.024603619258894056
2007-02-14,0,0.9918960938166643,3.1526831249126594e-07,0.008103566836730466,2.4078292588168273e-08,0.9918960938166643,0.04709845110572811,0.03397435092189263
2007-02-15,0,0.9953206074562372,1.0785801753172921e-07,0.00467927863098347,6.054761919871286e-09,0.9953206074562372,0.02977278305819689,0.0214765232357618
2007-02-16,0,0.9962488004965206,4.822516670104655e-08,0.00375114700024745,4.2780649937770826e-09,0.9962488004965206,0.02469780770917752,0.01781570235142981
2007-02-20,0,0.9958941183382839,5.12639396030522e-08,0.004105827579320507,2.8184560693019144e-09,0.9958941183382839,0.026661308173454083,0.019232068542727295
2007-02-21,0,0.9944547349871538,8.555951390210084e-08,0.005545172009031181,7.44430113099535e-09,0.9944547349871538,0.034337606069114124,0.02476934699595486
2007-02-22,0,0.9946223657990177,1.0217526078649262e-07,0.005377525660484418,6.365237052165275e-09,0.9946223657990177,0.03346531866506849,0.024140124639931586
2007-02-23,0,0.9952035762978578,6.754753583103416e-08,0.004796351763309678,4.391296534679156e-09,0.9952035762978578,0.030398139509532487,0.021927622561326694
2007-02-26,0,0.9938386058467894,7.960156021831084e-08,0.00616130902205928,5.529590950997806e-09,0.9938386058467894,0.037501552889455135,0.02705165218962605
2007-02-27,2,0.00045538564798658284,0.00012901661056827132,0.9993750538122007,4.0543929244492485e-05,0.9993750538122007,0.005694097692108906,0.004107423251371405
2007-02-28,2,0.054810944170695056,0.0003304410240254375,0.9448424262383712,1.6188566908350482e-05,0.9448424262383712,0.2155983241848554,0.15552131656273097
2007-03-01,0,0.661553854161665,6.0549546628296866e-05,0.3383828755053186,2.72078638801993e-06,0.661553854161665,0.6406170754472781,0.46210753892828954
2007-03-02,0,0.9007339601989306,2.4627057131456416e-05,0.0992402250298886,1.1877140494093707e-06,0.9007339601989306,0.3237110178737856,0.23350814008381454
2007-03-05,0,0.9767068901652924,4.598005236855745e-06,0.023288300877695053,2.1095177560710861e-07,0.9767068901652924,0.11063889611277065,0.07980909337566172
2007-03-06,0,0.9818008096818092,1.4431611964429356e-06,0.018197654045640516,9.311135381391461e-08,0.9818008096818092,0.09096170740516653,0.06561500209211332
2007-03-07,0,0.995368571829339,2.11886606453494e-07,0.00463120108310532,1.520094921609579e-08,0.995368571829339,0.02951663972785666,0.021291754879542484
2007-03-08,0,0.9955431358197253,5.520925825583739e-08,0.0044568061389880275,2.8320284182396064e-09,0.9955431358197253,0.0285740266305649,0.02061180325907258
2007-03-09,0,0.9832422456830342,4.301310413581874e-07,0.01675729737602486,2.6809899750365915e-08,0.9832422456830342,0.08514259767928828,0.06141740172015668
2007-03-12,0,0.9958411755592836,1.8424357905296007e-07,0.0041586297075962625,1.0489541094559905e-08,0.9958411755592836,0.0269531913528092,0.019442617750414563
2007-03-13,0,0.7604856348106812,7.84218627520997e-06,0.23950597385806405,5.491449794693121e-07,0.7604856348106812,0.5506160073375373,0.39718549160997313
2007-03-14,0,0.9597474989508398,6.013862076913081e-06,0.040246203131779595,2.840553038303688e-07,0.9597474989508398,0.168808423184245,0.12176953749409788
2007-03-15,0,0.9924995540912952,5.407627578594685e-07,0.007499875386961177,2.975898578801503e-08,0.9924995540912952,0.04417647289947776,0.03186658918802113
2007-03-16,0,0.9963582754361351,6.142039595346197e-08,0.003641659905329226,3.2381396130637966e-09,0.9963582754361351,0.024085238618374985,0.01737382715667847
2007-03-19,0,0.994519910507433,5.658756678116285e-08,0.005480029660244156,3.2447560150054247e-09,0.994519910507433,0.03399862176980906,0.024524821512181546
2007-03-20,0,0.9964078280884326,4.9587302271485583e-08,0.003592119447565968,2.876699091953171e-09,0.9964078280884326,0.023806689552911226,0.01717289647898406
2007-03-21,0,0.9506359912319376,1.041777390288418e-06,0.04936287906657215,8.792409987077429e-08,0.9506359912319376,0.19665184050107323,0.14185431753629288
2007-03-22,0,0.5965343681485261,0.00018074860587122496,0.4032747841458095,1.0099099793176251e-05,0.5965343681485261,0.6760833735261164,0.4876910651068044
2007-03-23,0,0.9516850775027899,8.05102051782267e-06,0.04830648144044422,3.9003624817625105e-07,0.9516850775027899,0.19360647826534727,0.1396575530386967
2007-03-26,0,0.9898951323412782,8.1803243250692e-07,0.01010399851240291,5.111388653356038e-08,0.9898951323412782,0.05649205992277917,0.040750407350097835
2007-03-27,0,0.9948948914529371,1.2987107409166158e-07,0.005104972511300573,6.16468823172422e-09,0.9948948914529371,0.032035928828036055,0.0231090378252397
2007-03-28,0,0.9936516876984388,9.422051774230748e-08,0.00634821184677307,6.234270327883273e-09,0.9936516876984388,0.03844906009691435,0.02773513416433003
2007-03-29,0,0.9951658182275915,1.2028164621389573e-07,0.004834051599408194,9.891353982207784e-09,0.9951658182275915,0.03060008012476141,0.022073291923399112
2007-03-30,0,0.9959288283630289,6.128577850007561e-08,0.004071106979281092,3.371911664697578e-09,0.9959288283630289,0.0264706795301253,0.019094559043536383
2007-04-02,0,0.9967022551076731,3.7836926106052674e-08,0.0032977049666911462,2.0887097000903945e-09,0.9967022551076731,0.02213781879643957,0.015969060696860923
2007-04-03,0,0.990589671877567,1.2048881755896362e-07,0.009410198920175226,8.71344012650281e-09,0.990589671877567,0.05327561565796221,0.038430233255024246
2007-04-04,0,0.9958830982350296,9.106092434399488e-08,0.004116804748027598,5.9560184577749045e-09,0.9958830982350296,0.026722287445313617,0.019276055789281682
2007-04-05,0,0.9964055310223704,3.74266308379755e-08,0.0035944295997428705,1.9512558345347377e-09,0.9964055310223704,0.02381945988184915,0.017182108324098694
2007-04-09,0,0.9926796589819591,1.1424820784056884e-07,0.007320220974977994,5.794855164189218e-09,0.9926796589819591,0.04328978448303283,0.03122697869741173
2007-04-10,0,0.9944168224501014,1.082000082479576e-07,0.005583060775311796,8.574578585718098e-09,0.9944168224501014,0.03453447775151673,0.024911359895901715
2007-04-11,0,0.9954761400917232,6.655519732225153e-08,0.0045237901247484,3.2283310933090366e-09,0.9954761400917232,0.028936026488037225,0.0208729309586615
2007-04-12,0,0.9906475899552655,9.882757474757241e-08,0.009352303145540444,8.071619233596434e-09,0.9906475899552655,0.05300548455788719,0.03823537485579019
2007-04-13,0,0.9941101835732359,1.6630020703102164e-07,0.005889639765913675,1.0360643503616404e-08,0.9941101835732359,0.03611593501417031,0.026052140171005794
2007-04-16,0,0.9898139534624153,2.390684238556307e-07,0.010185789547920723,1.792123999144725e-08,0.9898139534624153,0.056857745847824416,0.04101419398539067
2007-04-17,0,0.9945172153074207,1.9810834690464643e-07,0.005482573879611472,1.2704621042328683e-08,0.9945172153074207,0.034014285146006934,0.02453612024976367
2007-04-18,0,0.9968682901646849,4.3041625363740265e-08,0.003131664370383414,2.4233064329859177e-09,0.9968682901646849,0.021185352879960942,0.015282001769701185
2007-04-19,0,0.9932167820624972,6.355499301814841e-08,0.006783151454696375,2.927813412746196e-09,0.9932167820624972,0.040631671959538804,0.029309555819526892
2007-04-20,0,0.9955089659389285,8.183690843908403e-08,0.004490947629524867,4.594638161977358e-09,0.9955089659389285,0.028759035540085215,0.020745258977215197
2007-04-23,0,0.9963298881078647,3.602145957400552e-08,0.003670073251633054,2.6190426960453505e-09,0.9963298881078647,0.024244133892724652,0.01748844586884095
2007-04-24,0,0.9961902773118002,5.3903636398861363e-08,0.0038096659681992107,2.8163639790028887e-09,0.9961902773118002,0.0250240678646099,0.01805104930557079
2007-04-25,0,0.9917357896277248,1.40104439614886e-07,0.008264060364647,9.903188454391256e-09,0.9917357896277248,0.047865465816048856,0.034527635081326946
2007-04-26,0,0.9937245979241397,1.5931540041678133e-07,0.006275235053295559,7.707164403613926e-09,0.9937245979241397,0.03808093076329924,0.027469584982323894
2007-04-27,0,0.9965688136888041,4.803081179104053e-08,0.0034311355324106968,2.747973421690008e-09,0.9965688136888041,0.022897384162572393,0.01651697129033634
2007-04-30,0,0.9733754783033469,5.047939093159918e-07,0.02662398483808416,3.206465961946946e-08,0.9733754783033469,0.12281181908876143,0.08859000118095432
2007-05-01,0,0.9958306524605065,2.0395356122392994e-07,0.0041691325922245314,1.0993707594655184e-08,0.9958306524605065,0.027011030862438487,0.019484340137269372
2007-05-02,0,0.9960893691130359,4.393168739539392e-08,0.003910584470789494,2.4844872202355066e-09,0.9960893691130359,0.02558431576643002,0.018455182740382953
2007-05-03,0,0.9947933334389297,5.8055145180855116e-08,0.005206605122958513,3.3829666778868026e-09,0.9947933334389297,0.03256955183847497,0.023493965460671933
2007-05-04,0,0.9930023225670419,1.2084693235156988e-07,0.006997548233147271,8.352878670904866e-09,0.9930023225670419,0.041698418645843324,0.030079050896635026
2007-05-07,0,0.9967310813572803,6.120030465896647e-08,0.0032688540323283295,3.4100866572992187e-09,0.9967310813572803,0.021973336809707443,0.015850412023573922
2007-05-08,0,0.9955959434986,4.469478177112006e-08,0.00440400974894699,2.0576711688118332e-09,0.9955959434986,0.02828795109569121,0.020405443381331614
2007-05-09,0,0.9942863150281847,7.764500437783287e-08,0.005713603533149902,3.793660983526175e-09,0.9942863150281847,0.035208896919771346,0.02539785049066241
2007-05-10,0,0.9804902092735942,4.124678154576826e-07,0.01950935536088678,2.2897703626058045e-08,0.9804902092735942,0.09613031492432747,0.06934336431021078
2007-05-11,0,0.9861679039214586,1.0587285851996992e-06,0.013830966006625468,7.134333074895304e-08,0.9861679039214586,0.07295995459636936,0.05262948233983301
2007-05-14,0,0.9950882967094613,1.62190441675914e-07,0.004911533367544672,7.732552289760356e-09,0.9950882967094613,0.03101284314966449,0.02237103750794411
2007-05-15,0,0.9925644605273994,1.7360297692543245e-07,0.0074353545793652935,1.1290258404891291e-08,0.9925644605273994,0.04385519353262165,0.031634835113369494
2007-05-16,0,0.9937735188976345,1.2279553937569464e-07,0.006226349710280632,8.596545603780975e-09,0.9937735188976345,0.03783258237944043,0.027290439491420942
2007-05-17,0,0.9954613457409489,7.612445054152008e-08,0.004538574318987235,3.815613391135704e-09,0.9954613457409489,0.029015915145328263,0.020930558443510026
2007-05-18,0,0.9948148536970327,6.898663696697383e-08,0.005185073792735375,3.5235948787224117e-09,0.9948148536970327,0.03245659525997569,0.023412484512853583
2007-05-21,0,0.9916273413380484,1.1285994405853788e-07,0.00837253529314927,1.0508858274300735e-08,0.9916273413380484,0.0483836577728144,0.03490143156445404
2007-05-22,0,0.9903552353899109,3.743769370319063e-07,0.009644370737500407,1.9495651635084845e-08,0.9903552353899109,0.05436718766566226,0.03921763601616528
2007-05-23,0,0.9958824523115782,9.202435094795952e-08,0.004117450849198956,4.814872022182447e-09,0.9958824523115782,0.026725827440045206,0.0192786093557037
2007-05-24,0,0.9868621536365025,1.395552545462361e-07,0.013137697274574586,9.533668407618528e-09,0.9868621536365025,0.06996958889769046,0.050472389457868756
2007-05-25,0,0.9959581042647226,1.3417607446424894e-07,0.004041753373466563,8.185736359560945e-09,0.9959581042647226,0.026310404644010108,0.018978945151847667
2007-05-29,0,0.9944639537326075,1.0579830222002504e-07,0.005535934151366858,6.3177233904447316e-09,0.9944639537326075,0.03428996647949739,0.024734982296109837
2007-05-30,0,0.9936790847993447,9.020030830367618e-08,0.00632081839721223,6.603134756858141e-09,0.9936790847993447,0.03831051743712487,0.027635196760215107
2007-05-31,0,0.9956285029589226,6.919217615455218e-08,0.004371423788791517,4.060109640973575e-09,0.9956285029589226,0.028111634904347337,0.020278258133891496
2007-06-01,0,0.9938262275147758,1.0237613493017499e-07,0.00617366461971871,5.489370534042008e-09,0.9938262275147758,0.037564715851035345,0.027097214635345864
2007-06-04,0,0.9876852847515372,2.394470717703379e-07,0.012314456840068138,1.8961323005969833e-08,0.9876852847515372,0.0663890005659144,0.04788954094300965
2007-06-05,0,0.9867554016093688,5.379857527642805e-07,0.01324403271121971,2.7693658722565505e-08,0.9867554016093688,0.07043470158107265,0.05080789733875377
2007-06-06,0,0.9768506748601193,7.771899448987175e-07,0.023148496274857235,5.167507858811827e-08,0.9768506748601193,0.1100642844053012,0.07939459864526026
2007-06-07,2,0.045626764803956596,0.00024817708023450695,0.9540781998704463,4.685824536264369e-05,0.9540781998704463,0.18823990513889358,0.13578638882064534
2007-06-08,2,0.09510718795157161,0.00039272332505847687,0.90446128010099,3.8808622379887114e-05,0.90446128010099,0.31805976306603706,0.2294316214408452
2007-06-11,2,0.26687644668606564,0.0001757628033762225,0.7329314624901503,1.63280204078871e-05,0.7329314624901503,0.5819593941921731,0.4197949659998968
2007-06-12,2,2.4356719977221734e-05,0.0029191625998933736,0.9968557246659044,0.00020075601422500728,0.9968557246659044,0.022144752748613432,0.01597406248606842
2007-06-13,2,5.703917843089108e-06,0.00888446204516997,0.9901790483343957,0.0009307857025912275,0.9901790483343957,0.058303164567921326,0.04205684319513661
2007-06-14,0,0.2697812482185377,0.0005978558547753825,0.7296088833307276,1.201259595931015e-05,0.7296088833307276,0.5880324872316413,0.4241757766053458
2007-06-15,0,0.45045639533637133,0.00015625452178588198,0.5493765518479925,1.0798293850206567e-05,0.5493765518479925,0.6897899055369645,0.4975782379867226
2007-06-18,0,0.9343301020470776,1.021280717067774e-05,0.06565918659363375,4.985521179074257e-07,0.9343301020470776,0.24239761714588567,0.1748529200898354
2007-06-19,0,0.9824722670857438,2.5982967433836592e-06,0.017524980133503665,1.544840092224806e-07,0.9824722670857438,0.08828231786946807,0.06368223109423235
2007-06-20,0,0.9478606302650199,3.6504536005792916e-06,0.052135527849896064,1.914314834552704e-07,0.9478606302650199,0.20480810714894365,0.14773782025881824
2007-06-21,0,0.6677019564319885,3.871508298734092e-05,0.33225629388933625,3.034595687910283e-06,0.6677019564319885,0.6362217709992068,0.4589369969630747
2007-06-22,0,0.7004558977505587,6.510185177240079e-05,0.29947444115441063,4.559243258117622e-06,0.7004558977505587,0.6111468270827245,0.44084924834363576
2007-06-25,0,0.9007418317802508,1.884398800099972e-05,0.09923798260901437,1.3416227337209938e-06,0.9007418317802508,0.3236466431335399,0.23346170352455906
2007-06-26,0,0.9466386778172196,1.1684239301753091e-05,0.05334906787646289,5.700670157516993e-07,0.9466386778172196,0.20841319975981748,0.15033834487464479
2007-06-27,0,0.9756500994151627,2.7202394776441382e-06,0.024346985702349215,1.9464301049518008e-07,0.9756500994151627,0.11454637854829587,0.0826277461417082
2007-06-28,0,0.9898759624730948,6.159022839572782e-07,0.010123390416664999,3.1207956199317285e-08,0.9898759624730948,0.056577749662205294,0.0408122194311604
2007-06-29,0,0.1281882208776394,0.00011098327747053062,0.8716858129482258,1.4982896664159389e-05,0.8716858129482258,0.38421376355649295,0.2771516456621186
2007-07-02,0,0.7099422661231476,6.23013058372082e-05,0.28999162413411866,3.8084368965560444e-06,0.7099422661231476,0.6028384675409645,0.43485603378922594
2007-07-03,0,0.8360807060224873,4.078862992806738e-05,0.16387659891066625,1.9064369184548687e-06,0.8360807060224873,0.44651503351324545,0.32209251226596425
2007-07-05,0,0.6580212119310588,0.000112445849153958,0.3418607918000941,5.550419693118001e-06,0.6580212119310588,0.6434202889017192,0.46412963000292723
2007-07-06,0,0.9614819029781656,7.100087363984302e-06,0.03851065277712028,3.441573501804518e-07,0.9614819029781656,0.16327813785214285,0.11778027988243552
2007-07-09,0,0.9779574654465766,2.0873889534044364e-06,0.022040318913525613,1.2825094446585098e-07,0.9779574654465766,0.105908342468402,0.07639672023396678
2007-07-10,0,0.6229001572373415,3.8612951159624474e-05,0.37705509276355964,6.137047939438815e-06,0.6229001572373415,0.6630936307243392,0.4783209463455309
2007-07-11,0,0.9232895910801912,1.4096591445884576e-05,0.07669564924551431,6.63082848795182e-07,0.9232895910801912,0.2708043399637936,0.195344039158487
2007-07-12,0,0.9387730839776409,1.0064342368127422e-05,0.06121615165602049,7.000239704581542e-07,0.9387730839776409,0.2304365875460128,0.16622486104600406
2007-07-13,0,0.9925158138694422,6.609951014028681e-07,0.007483485406147322,3.972930906193517e-08,0.9925158138694422,0.04409827702387222,0.03181018278704409
2007-07-16,0,0.9786129834465955,1.1462523135069709e-06,0.021385797120997245,7.318009352797475e-08,0.9786129834465955,0.10340254256939273,0.07458916769008642
2007-07-17,0,0.9802455645934559,1.4014873610674594e-06,0.019752970215416797,6.370376618734674e-08,0.9802455645934559,0.09709753538616357,0.07004106639207941
2007-07-18,0,0.8143302380890375,1.2018975195074582e-05,0.18565567174359243,2.0711921749359366e-06,0.8143302380890375,0.480036431999093,0.34627308994556183
2007-07-19,0,0.9824637146442464,2.243376068551094e-06,0.01753393138656084,1.1059312423432745e-07,0.9824637146442464,0.0883130791111532,0.06370442063964772
2007-07-20,0,0.9726099726294762,1.2583841556846244e-06,0.02738867721051572,9.17758524611244e-08,0.9726099726294762,0.12556423734037347,0.09057545126198081
2007-07-23,0,0.9893172773744972,6.891917525851688e-07,0.010681991269756174,4.216399420994419e-08,0.9893172773744972,0.059123604356478524,0.04264866540228634
2007-07-24,2,0.5592724129085107,1.846437979452443e-05,0.4407065381451988,2.5845664958034204e-06,0.5592724129085107,0.6863425034928317,0.4950914630702122
2007-07-25,2,0.7669271422168316,4.186540506242859e-05,0.23302716227519668,3.830102909476945e-06,0.7669271422168316,0.543411692673019,0.391988677090221
2007-07-26,2,1.402222437207295e-07,0.00013075495248986719,0.9989381502553967,0.0009309545698697839,0.9989381502553967,0.0087301448482165,0.006297468339382138
2007-07-27,0,0.16199415593337924,0.00018684307724496863,0.8378053360125073,1.36649768683715e-05,0.8378053360125073,0.44488409820249136,0.32091604112354644
2007-07-30,0,0.7211722296326927,5.23393978434441e-05,0.27877256136019296,2.8696092708014693e-06,0.7211722296326927,0.5923800426852862,0.42731187495182743
2007-07-31,0,0.3737051344882524,0.00015660002104387144,0.6261257162733939,1.2549217309886541e-05,0.6261257162733939,0.6625019139557574,0.477894112921709
2007-08-01,0,0.8586026130450946,3.070286988367222e-05,0.14136484170113664,1.8423838850936336e-06,0.8586026130450946,0.40780430390551825,0.2941686234488335
2007-08-02,0,0.9768551721309228,3.1888420854861596e-06,0.02314143390772309,2.051192685775389e-07,0.9768551721309228,0.11007207418822787,0.0794002177858592
2007-08-03,2,0.2954113374180601,0.00011548214142678869,0.7044648114210507,8.369019462543445e-06,0.7044648114210507,0.6081513811555458,0.43868849085143985
2007-08-06,2,0.011946403412515232,0.0005560394295825311,0.9874264807825756,7.107637532668651e-05,0.9874264807825756,0.07023098674668997,0.05066094814809407
2007-08-07,2,0.5119985283883174,0.00010215671677849356,0.48789391974545215,5.39514945184053e-06,0.5119985283883174,0.6938937634352923,0.5005385457059379
2007-08-08,2,6.0923865180568965e-05,0.002054683431072559,0.9977073124071443,0.00017708029660260636,0.9977073124071443,0.017124785712837876,0.012352921712098688
2007-08-09,2,0.00033145435412533514,0.001361073991238465,0.9982022668623022,0.00010520479233402758,0.9982022668623022,0.014397751511179316,0.010385782352564989
2007-08-10,2,0.4853512777445321,9.855480535198273e-05,0.5145454175395123,4.7499106036277375e-06,0.5145454175395123,0.6937200005520099,0.5004132022809368
2007-08-13,2,0.9487253445469929,7.519660795202357e-06,0.0512667647049818,3.7108723023492367e-07,0.9487253445469929,0.20233008361678978,0.14595030412829596
2007-08-14,2,0.8787708702130967,7.656053226237678e-06,0.12122055695927703,9.167744000038816e-07,0.8787708702130967,0.36946023131503575,0.2665092217619457
2007-08-15,2,0.5834988556421811,4.0988668506551786e-05,0.4164543337324531,5.821956859313037e-06,0.5834988556421811,0.6796275775964993,0.49024766792492436
2007-08-16,2,1.7091101521290857e-09,0.003022268912075331,0.983336375419152,0.013641353959662485,0.983336375419152,0.092643316280526,0.06682802648471131
2007-08-17,2,0.003425153568993061,0.0018938763801187707,0.9945622039211729,0.00011876612971519794,0.9945622039211729,0.03781264861695751,0.02727606032128076
2007-08-20,2,0.02935699254311632,0.0006420593738509186,0.9699660859096376,3.486217339515662e-05,0.9699660859096376,0.13823387080018523,0.09971465994315647
2007-08-21,0,0.2676263384822112,0.00021829109248348055,0.732143847830277,1.1522595028434202e-05,0.732143847830277,0.5830129722170431,0.42055496189573155
2007-08-22,0,0.44821165855446304,0.00012270612647390512,0.5516554773611633,1.0157957899782238e-05,0.5516554773611633,0.6890491772328954,0.4970439154612593
2007-08-23,0,0.8588987226664728,2.6658075590567617e-05,0.14107296507593545,1.6541820012343332e-06,0.8588987226664728,0.40723325815458844,0.2937567010123399
2007-08-24,0,0.9215135448153419,3.1209278212880304e-05,0.07845286205849547,2.383847949636591e-06,0.9215135448153419,0.27535986720384814,0.19863015743741763
2007-08-27,0,0.9710055818407618,3.4838345685819993e-06,0.028990714132551,2.2019211867860902e-07,0.9710055818407618,0.1312668476909446,0.09468901509842632
2007-08-28,0,0.5219156759893151,0.00013029473590235325,0.47794732978801907,6.699486763398461e-06,0.5219156759893151,0.6934675495679965,0.500231097389585
2007-08-29,0,0.5505790852414965,0.00015446559614447813,0.4492563904942421,1.0058668117087517e-05,0.5505790852414965,0.6895261039129295,0.4973879453393357
2007-08-30,0,0.7410480019376819,6.588144865607798e-05,0.2588820670043822,4.049609279730018e-06,0.7410480019376819,0.5726178875416036,0.4130564933402928
2007-08-31,0,0.9396174843370472,1.119712075554914e-05,0.06037058522221074,7.333199865751516e-07,0.9396174843370472,0.2281351773171434,0.16456474448388356
2007-09-04,0,0.9889662083832645,1.3370172119379326e-06,0.011032375566034269,7.903348918643201e-08,0.9889662083832645,0.060714116101657445,0.04379597710590898
2007-09-05,0,0.9618718013461306,1.5151497356692657e-06,0.03812657328795339,1.1021618044610798e-07,0.9618718013461306,0.16196752791951746,0.11683487465726629
2007-09-06,0,0.9944651761735469,3.726016343980703e-07,0.005534431678645457,1.954617332419461e-08,0.9944651761735469,0.034286489404215276,0.024732474116476683
2007-09-07,0,0.12566544110465722,7.516747653345032e-05,0.8742466990551246,1.2692363684521903e-05,0.8742466990551246,0.3789959600765009,0.2733877960596597
2007-09-10,0,0.725556991298695,4.7389526249296855e-05,0.2743924897312668,3.129443788970735e-06,0.725556991298695,0.5881247713403035,0.4242423455183057
2007-09-11,0,0.9248698503541708,1.5250384345899131e-05,0.07511396317944932,9.360820340527536e-07,0.9248698503541708,0.26686773731071745,0.19250438059571534
2007-09-12,0,0.9858269009218636,1.945250803585422e-06,0.014171058690961965,9.513637081190117e-08,0.9858269009218636,0.07441917092710129,0.05368208442179858
2007-09-13,0,0.9621237359718248,1.9112225298707248e-06,0.03787424528186582,1.0752377956334034e-07,0.9621237359718248,0.16115735209955617,0.11625045633841313
2007-09-14,0,0.9858161525265191,1.0855513535615262e-06,0.014182699503892808,6.241823455602947e-08,0.9858161525265191,0.07445649536201417,0.05370900831037497
2007-09-17,0,0.9957441727748765,1.182597861282599e-07,0.004255701478799232,7.486538138940387e-09,0.9957441727748765,0.027482768480288997,0.019824626898206226
2007-09-18,2,0.4491137643032075,2.8851880021094698e-05,0.5508551611670444,2.2226497270802926e-06,0.5508551611670444,0.6883024616653891,0.49650527403816136
2007-09-19,2,0.028728530812412074,0.0008161089668439338,0.9704140044304194,4.1355790324645706e-05,0.9704140044304194,0.13734707842289864,0.09907497446065172
2007-09-20,2,4.3984753075974214e-06,0.009470826413746691,0.9899723325897606,0.0005524425211851829,0.9899723325897606,0.05830511981287554,0.0420582536062362
2007-09-21,2,0.07286026920154065,0.0012820821750374675,0.9258236609416153,3.3987681806445325e-05,0.9258236609416153,0.27107853631089596,0.19554183001358422
2007-09-24,0,0.5251716134204083,0.0001312750489063321,0.4746911594368494,5.952093836079047e-06,0.5251716134204083,0.6931594037026124,0.500008817133655
2007-09-25,0,0.9114303381589116,1.8184216110586844e-05,0.08855066195735212,8.156676256682218e-07,0.9114303381589116,0.29939885039478026,0.21597061835620307
2007-09-26,0,0.9809783680108861,1.955565481408405e-06,0.019019565123924394,1.1129970808390396e-07,0.9809783680108861,0.09422802751504243,0.06797115400435026
2007-09-27,0,0.9761465263893356,2.3167756638237945e-06,0.02385082728626667,3.2954873389417016e-07,0.9761465263893356,0.11270684294909958,0.0813008016984586
2007-09-28,0,0.993039192995324,3.719672474209182e-07,0.006960416589272485,1.8448156148657622e-08,0.993039192995324,0.04151833992122115,0.029949151555144014
2007-10-01,0,0.9731658892397848,8.60262282053542e-07,0.02683317853953408,7.195839913262821e-08,0.9731658892397848,0.12356956633157315,0.0891366002756802
2007-10-02,0,0.992184192247605,7.820780771225729e-07,0.007814976894131818,4.878018606555197e-08,0.992184192247605,0.045713029859769556,0.03297498074134932
2007-10-03,0,0.9915821747036754,1.9264372492571484e-07,0.008417623141477452,9.5111221607117e-09,0.9915821747036754,0.04860003660636679,0.035057515899513725
2007-10-04,0,0.9963109854868473,8.177230703125245e-08,0.003688927038991344,5.701854348094471e-09,0.9963109854868473,0.024350561709228585,0.01756521731038238
2007-10-05,0,0.1924470579927928,6.010229757148036e-05,0.8074901356654003,2.7040442354442035e-06,0.8074901356654003,0.49042004183737237,0.3537632811556676
2007-10-09,0,0.8082673359291561,3.525703465915089e-05,0.19169502852828554,2.3785078992917966e-06,0.8082673359291561,0.4890933695849993,0.35280628941597575
2007-10-10,0,0.9847813921966838,2.0712188759575726e-06,0.015216413413980731,1.2317045936254184e-07,0.9847813921966838,0.07881776080912055,0.056854996326645355
2007-10-11,0,0.9899214732370786,4.802960520693166e-07,0.010078018942270447,2.752459904327146e-08,0.9899214732370786,0.05636770370311102,0.04066070329938836
2007-10-12,0,0.9956087288217267,1.1185008423782443e-07,0.004391153672288878,5.655900157940163e-09,0.9956087288217267,0.028219412264677154,0.02035600306552546
2007-10-15,0,0.9940987383665794,5.756289192481238e-08,0.005901198662141489,5.408387308048587e-09,0.9940987383665794,0.036173368370119086,0.026093569579910245
2007-10-16,0,0.99300211172172,1.1092392681347994e-07,0.006997771454271058,5.9000820441317255e-09,0.99300211172172,0.04169932032314419,0.030079701319320248
2007-10-17,2,0.13553839211655422,0.00014250240146528978,0.8643046404130011,1.4465068979333036e-05,0.8643046404130011,0.3983382691418744,0.28734032274363774
2007-10-18,2,0.6843209749498148,6.590259359331658e-05,0.3156079343960698,5.188060522088472e-06,0.6843209749498148,0.624256137097897,0.4503056166178184
2007-10-19,2,0.04642393681858969,0.00037240565086198857,0.9531632464305053,4.0411100043011916e-05,0.9531632464305053,0.19159023391740332,0.13820314017769714
2007-10-22,0,0.5690228433266341,7.95948474114467e-05,0.43089287871972454,4.683106229894841e-06,0.5690228433266341,0.6844104415700306,0.49369777499285444
2007-10-23,0,0.8944288665756325,1.9510390672580526e-05,0.1055505894651169,1.0335685781560356e-06,0.8944288665756325,0.33735452084244516,0.24334984712043406
2007-10-24,0,0.8626236504978239,2.628833013742807e-05,0.13734789542550357,2.1657465352209996e-06,0.8626236504978239,0.4004495245854665,0.28886327162289777
2007-10-25,0,0.9803383364390889,3.5820756825985813e-06,0.019657854901418317,2.2658381015296744e-07,0.9803383364390889,0.09675666039131683,0.06979517705976519
2007-10-29,0,0.776592120351863,0.00028768210575076463,0.22309193858365603,2.825895873037995e-05,0.776592120351863,0.5336713318012792,0.3849624919271571
2007-10-30,0,0.9515969596469125,2.130706424328949e-05,0.048380889326069605,8.439627744641327e-07,0.9515969596469125,0.19398203304743517,0.13992845854954686
2007-10-31,2,0.7797446957669686,0.00010689467600598884,0.22014372879879704,4.680758228380538e-06,0.7797446957669686,0.5282084904365063,0.38102188485409655
2007-11-01,2,1.3730577847674199e-06,0.006548357645061446,0.9927994749317002,0.0006507943654536566,0.9927994749317002,0.0448968423921027,0.03238622593532997
2007-11-02,2,0.0004006094606612309,0.002766726991135863,0.9964516019739919,0.0003810615742111561,0.9964516019739919,0.025972069739730062,0.018734888107565437
2007-11-05,2,0.19046637526625212,0.00028628307301046196,0.8092375553409017,9.786319835794919e-06,0.8092375553409017,0.48958049345882254,0.35315767501450746
2007-11-06,2,0.5860744550937703,0.0001848024398092463,0.41372904328516463,1.1699181255850643e-05,0.5860744550937703,0.6800000737702596,0.4905163671162414
2007-11-07,2,0.10652626141673403,0.0002787145624041119,0.8931660763687828,2.8947652079071003e-05,0.8931660763687828,0.34204726935091817,0.2467349496210906
2007-11-08,2,0.228655328804807,0.00015368550825953906,0.771177496521889,1.3489165044393754e-05,0.771177496521889,0.5392709167734018,0.38900173866231585
2007-11-09,2,0.024055309705967438,0.000447477672068004,0.9754641016044548,3.311101750961502e-05,0.9754641016044548,0.11768860819153242,0.08489438570352403
2007-11-13,2,0.0168757456082604,0.0019887665304688033,0.9804294613401375,0.0007060265211332802,0.9804294613401375,0.10575594083648511,0.07628678569467184
2007-11-14,2,0.1319758356577736,0.0004993575534250214,0.867490516760671,3.4290028130345674e-05,0.867490516760671,0.39473219083510186,0.2847390870985187
2007-11-16,2,0.029482105948994388,0.0004002643175824069,0.9700765551501681,4.1074583255123134e-05,0.9700765551501681,0.13691159450403942,0.09876083921558916
2007-11-19,2,0.014298053391112675,0.0003077193301910121,0.9853580232950316,3.620398366476368e-05,0.9853580232950316,0.07812567532064729,0.056355762175599566
2007-11-21,2,0.00924221605951011,9.1682158939362e-05,0.9905707992078397,9.530257371060888e-05,0.9905707992078397,0.05440964167317151,0.03924826010921501
2007-11-23,2,0.05983319446643715,0.0003143319345447939,0.9398209307343303,3.154286468783209e-05,0.9398209307343303,0.22969479732778644,0.16568977251139652
2007-11-26,2,8.22131804970804e-07,0.003811645727557731,0.9954213315276288,0.0007662006130084953,0.9954213315276288,0.0313061649230907,0.022582624441897483
2007-11-27,2,2.768273081049709e-05,0.004165674948985086,0.9956002928027377,0.0002063495174667634,0.9956002928027377,0.029263157577815658,0.02110890615913347
2007-11-28,2,0.00047680525297498255,0.0008637333645218099,0.9984111416802731,0.0002483197022302289,0.9984111416802731,0.01338863245775649,0.00965785682554515
2007-11-29,2,0.0012724943072814196,0.0010125394897290748,0.9976339736803469,8.099252264252792e-05,0.9976339736803469,0.01859146016634946,0.013410903692438534
2007-11-30,2,0.034173939407296156,0.00041791829255388013,0.9653870082639091,2.1134036240851945e-05,0.9653870082639091,0.15286712263030713,0.11027031986685457
2007-12-04,2,0.1704504891265652,0.00027829054948794375,0.8292471366071479,2.408371679882625e-05,0.8292471366071479,0.45938004314102804,0.33137265506145963
2007-12-05,2,0.10024412472473394,0.0004243801504556683,0.8992947507591595,3.6744365650828794e-05,0.8992947507591595,0.329701813668314,0.23782958577568686
2007-12-06,2,0.08993888586998953,0.0006088657409156886,0.9094267462558692,2.5502133225585045e-05,0.9094267462558692,0.30774848465215493,0.2219936063243786
2007-12-07,2,0.0678797413655056,0.0006971391956142162,0.9313852488935579,3.787054532223423e-05,0.9313852488935579,0.254255441794957,0.1834065324983085
2007-12-10,2,0.6908948489551022,5.698368691301889e-05,0.30904561529258984,2.5520653949500026e-06,0.6908948489551022,0.6189621904889081,0.44648684135805883
2007-12-11,2,0.0016597352708424278,0.0007623859080166347,0.9974173352752722,0.00016054354586869505,0.9974173352752722,0.020079326107734666,0.014484172100010548
2007-12-12,2,0.03730092493128754,0.0008938521489573147,0.9617383444585024,6.687846125285367e-05,0.9617383444585024,0.1671107913730634,0.12054495499647437
2007-12-13,2,0.10055155998347899,0.0006212024732040276,0.8988046017775978,2.2635765719159567e-05,0.8988046017775978,0.33169754485169045,0.23926920151628916
2007-12-14,2,0.2661217437738928,0.0003405530636057303,0.733524828380305,1.287478219643792e-05,0.733524828380305,0.5824714240191211,0.42016431744595933
2007-12-17,2,0.3751375319532796,0.00015032406408590728,0.6247027559800282,9.388002606229743e-06,0.6247027559800282,0.6631499803781318,0.4783615940285721
2007-12-18,2,0.18710994158809893,0.000487589329433091,0.8123624093603814,4.005972208649806e-05,0.8123624093603814,0.4865472633023044,0.35096966196216567
2007-12-19,2,0.7185094597301199,6.137035365163877e-05,0.28142488608820837,4.283828020085588e-06,0.7185094597301199,0.5949861473157626,0.4291917820650405
2007-12-20,2,0.9527128832541515,8.760245212021894e-06,0.047277798592215765,5.579084207187281e-07,0.9527128832541515,0.19053942018126016,0.13744513829468125
2007-12-21,2,0.0010088923464476852,0.0023479917039020454,0.9965460486569783,9.706729267208601e-05,0.9965460486569783,0.025520340743577268,0.018409034516277744
2007-12-24,2,0.38895043929026424,0.00020303628411613378,0.6108391895279839,7.334897635884141e-06,0.6108391895279839,0.6701959600355922,0.4834441939835834
2007-12-26,2,0.5667820691376589,0.00022687936846416956,0.43297909872556656,1.1952768310392026e-05,0.5667820691376589,0.6862790043588457,0.495045658127361
2007-12-27,2,0.6884264833487932,5.948994379974588e-05,0.31150894248983707,5.084217570039344e-06,0.6884264833487932,0.6209839423540663,0.4479452270529447
2007-12-28,2,0.13530221620357236,0.0007670961989412269,0.8638645061506848,6.618144680175673e-05,0.8638645061506848,0.40319403500982964,0.2908430174123462
2007-12-31,2,0.5931963524530677,9.378342789276145e-05,0.40670415332427307,5.710794766507448e-06,0.5931963524530677,0.6766227889467592,0.48808017108297463
2008-01-02,2,0.032845813771560484,0.0005488141565328956,0.9662799379949104,0.00032543407699631415,0.9662799379949104,0.1520777828864377,0.10970093159982607
2008-01-03,2,0.04718069919174287,0.0003221101664689981,0.9524806262123283,1.6564429459910663e-05,0.9524806262123283,0.19322333892106902,0.13938117642271686
2008-01-04,2,0.018632808539192705,0.0005928823335971371,0.9807445599466134,2.974918059691199e-05,0.9807445599466134,0.09799567449963227,0.07068893681459426
2008-01-07,2,0.5272473410673523,0.00015047949889012677,0.4725926733104434,9.506123314064477e-06,0.5272473410673523,0.6931361073491575,0.4999920123668549
2008-01-08,2,0.4156982193011984,0.00017708487010735852,0.5841114191666842,1.3276662010050026e-05,0.5841114191666842,0.6806324281450834,0.4909725143765628
2008-01-09,2,0.20520478106910095,0.0003061848043970971,0.7944570488927519,3.1985233750110115e-05,0.7944570488927519,0.5106025946334873,0.36832191557138494
2008-01-10,2,0.0011787602093947206,0.002369981969833123,0.9963532564510622,9.800136970981631e-05,0.9963532564510622,0.026819654798951674,0.019346291488400735
2008-01-11,2,0.033683757134142026,0.0004778225944600785,0.965810702030488,2.7718240909949045e-05,0.965810702030488,0.1517553344181555,0.10946833419675958
2008-01-14,2,0.335738402653722,0.00019166137433561988,0.6640496568094895,2.0279162452786913e-05,0.6640496568094895,0.640153156541393,0.46177289217584205
2008-01-15,2,0.010181556434857268,0.0009044275726895386,0.988857582565894,5.6433426559142954e-05,0.988857582565894,0.06467518826125775,0.04665328668653833
2008-01-16,2,0.10890437255906778,0.0004106732597600548,0.8906652494411883,1.9704739983760275e-05,0.8906652494411883,0.3480149709362061,0.25103973636239063
2008-01-17,2,0.002674709826547629,0.0005586127701881609,0.9967185628484945,4.811455476967017e-05,0.9967185628484945,0.023783190516469235,0.017155945507313794
2008-01-18,2,0.007482063621961254,0.00044955175705549405,0.992043172178361,2.5212442622211478e-05,0.992043172178361,0.048283400559041484,0.034829111271892275
2008-01-22,2,0.0009676373369739801,0.0009276491886828521,0.9979668637794514,0.00013784969489163992,0.9979668637794514,0.016450138452714654,0.01186626658383414
2008-01-23,2,0.01407474200540345,0.0012867954134317724,0.9844488169006571,0.00018964568050774063,0.9844488169006571,0.085625239302784,0.06176555405852862
2008-01-24,2,1.9878808303485956e-09,0.20147465286795702,0.7906898237375183,0.007835521406643849,0.7906898237375183,0.5464691657155426,0.39419417768827125
2008-01-25,2,0.00034076999954917974,0.04603141869894729,0.9531162883526438,0.0005115229488598032,0.9531162883526438,0.19406882350732213,0.13999106463258457
2008-01-28,2,0.1438911323231579,0.0027481767194634872,0.8533400416343494,2.0649323029340495e-05,0.8533400416343494,0.4307270652215695,0.31070390048590774
2008-01-29,2,0.2969424365584104,0.0003725138878955821,0.7026758620752562,9.187478437651488e-06,0.7026758620752562,0.6115460893135525,0.44113725516385066
2008-01-30,2,0.06364496060049911,0.0010536461358280054,0.93526917876694,3.221449673279509e-05,0.93526917876694,0.24545143718974125,0.1770557856063543
2008-01-31,2,5.116840554010807e-05,0.0030873661269421615,0.996307603325954,0.0005538621415637114,0.996307603325954,0.026190648030866782,0.018892559015899903
2008-02-01,2,0.0780873317520966,0.0010648384749568855,0.9207843988686507,6.343090429588163e-05,0.9207843988686507,0.2830106238006125,0.20414901173801783
2008-02-04,2,0.006220700908164973,0.0012865181910111823,0.9924196345270087,7.314637381523303e-05,0.9924196345270087,0.048411334814369406,0.03492139632975298
2008-02-05,2,0.001397150285001592,0.0010091098190811944,0.9975380463003766,5.5693595540671475e-05,0.9975380463003766,0.019149924594340718,0.013813750622826474
2008-02-06,2,0.31699224139376647,0.00019005788904222408,0.6828111077117532,6.5930054378604935e-06,0.6828111077117532,0.626410223420583,0.4518594614455113
2008-02-07,2,0.0002764129185549439,0.002908998935401898,0.9966794025805551,0.00013518556548801323,0.9966794025805551,0.02377264612243833,0.01714833933482501
2008-02-08,2,6.920868186781536e-06,0.00045878388168177505,0.9982374973751545,0.0012967978749770185,0.9982374973751545,0.01399074243281791,0.010092187363090597
2008-02-11,2,0.28800838003777995,0.00015980227205139247,0.7118179085393828,1.3909150785919826e-05,0.7118179085393828,0.6020259236741283,0.4342699072856313
2008-02-12,2,0.30325080496774715,0.00023633033655065533,0.6964966179129206,1.624678278149843e-05,0.6964966179129206,0.6159074479031501,0.44428331036822616
2008-02-13,2,0.4226370470979159,0.000190980997010361,0.5771608113563926,1.1160548681118228e-05,0.5771608113563926,0.6829826762671547,0.4926678600318482
2008-02-14,2,2.6573041305176725e-05,0.019052182319611553,0.9793858296375766,0.0015354150015067594,0.9793858296375766,0.10608564129749691,0.07652461430471211
2008-02-15,2,0.0053332639046719775,0.003058399484005501,0.9915404619626491,6.787464867329912e-05,0.9915404619626491,0.054696014280893275,0.039454834279718326
2008-02-19,2,0.22132019532323524,0.0019418648777913636,0.776618953168945,0.00011898663002846149,0.776618953168945,0.5433168397462605,0.3919202551666969
2008-02-20,2,0.2471791437177345,0.000337148111574822,0.7524657548268893,1.795334380124845e-05,0.7524657548268893,0.562360723405613,0.40565751342400397
2008-02-21,2,0.02568536671681509,0.0005708958856648678,0.9737015044250421,4.223297247784646e-05,0.9737015044250421,0.12469417064705665,0.0899478308101354
2008-02-22,2,0.09316979090898063,0.0003012149863164836,0.9065165345981676,1.2459506535207773e-05,0.9065165345981676,0.3126766641755262,0.22554853640386774
2008-02-25,2,0.11312987203435519,0.0004705029597775454,0.8863792749983391,2.0350007528151723e-05,0.8863792749983391,0.3572659406717923,0.2577129004428627
2008-02-26,2,0.07019750598247206,0.000854343659764538,0.9288605980465745,8.755231118883405e-05,0.9288605980465745,0.2618765132815111,0.18890397351826443
2008-02-27,2,0.7603854774081227,4.195796858846743e-05,0.23957075607906583,1.8085442232124942e-06,0.7603854774081227,0.5510632230609077,0.3975080895631301
2008-02-28,2,0.00013197239034800924,0.004077516538135302,0.9948801944271894,0.0009103166443271195,0.9948801944271894,0.03509494132148744,0.025315648902399547
2008-02-29,2,4.219311028147689e-05,0.00845528148579258,0.9910834579949092,0.0004190674090167797,0.9910834579949092,0.0529177349246714,0.03817207687545007
2008-03-03,2,0.1187428743570411,0.00040409724308757895,0.880839577401262,1.34509986092681e-05,0.880839577401262,0.3680858493323122,0.2655178147265645
2008-03-04,2,0.036443649529715544,0.001874108294043214,0.9616148122415064,6.742993473487912e-05,0.9616148122415064,0.17075611484886097,0.12317450004695901
2008-03-05,2,0.0006369027487601337,0.01862210529863191,0.979758749578003,0.0009822423746049108,0.979758749578003,0.10570399349408212,0.07624931360803576
2008-03-06,2,0.003918463466755039,0.0018852004573873976,0.9941498594260314,4.647664982619765e-05,0.9941498594260314,0.039840236762211045,0.028738656002342024
2008-03-07,2,0.0008437686571265351,0.0015494002472885146,0.9974493975729736,0.0001574335226113013,0.9974493975729736,0.019922243952552564,0.014370861276863864
2008-03-10,2,1.8926845760517903e-05,0.002190270972427106,0.9974044464326642,0.0003863557491482122,0.9974044464326642,0.01924691240438554,0.013883712539115647
2008-03-11,1,5.964852025092193e-07,0.054825503633138525,0.9337326145426547,0.011441285339004301,0.9337326145426547,0.2743699723180367,0.1979160992160369
2008-03-12,1,1.1972932449626458e-16,0.8312820411534548,0.10901789473983241,0.05970006410671266,0.8312820411534548,0.5634795584856644,0.4064645823347854
2008-03-13,1,0.34086112766529497,0.17228920957027336,0.4863011194047193,0.0005485433597121813,0.4863011194047193,1.0245528810416238,0.7390586803036253
2008-03-14,1,9.860155890138365e-06,0.42426926385527813,0.574086884998938,0.0016339909898936342,0.574086884998938,0.6929650721577939,0.499868636555656
2008-03-17,1,6.310827552054771e-08,0.9775428901968807,0.011296611698416854,0.011160434996426858,0.9775428901968807,0.12302004823177731,0.08874020675695311
2008-03-19,1,0.0003324483083642227,0.7032050538697299,0.28314977126202573,0.013312726559880094,0.7032050538697299,0.6650364783392867,0.47972241465517473
2008-03-20,1,4.66998682651459e-05,0.6121453320647225,0.3823474513890916,0.0054605166779208136,0.6121453320647225,0.6969468142403678,0.50274085633397
2008-03-24,1,2.164856846095938e-21,0.9934425340140963,0.0002090527792872022,0.006348413206616478,0.9934425340140963,0.04042732341596662,0.029162149504314658
2008-03-25,2,0.0017065291790806802,0.676833208133434,0.3203247719134138,0.0011354907740716326,0.676833208133434,0.6474282937483006,0.4670207943609382
2008-03-26,2,0.07485528351449197,0.11610497571868066,0.8087248738217301,0.00031486694509731293,0.8087248738217301,0.6182723689427665,0.4459892402962004
2008-03-27,2,0.022649394871318035,0.03215652418567244,0.9450768535320314,0.00011722741097814379,0.9450768535320314,0.2507613672177453,0.1808860904657887
2008-03-28,2,0.1660896157079821,0.0038539983520915508,0.8300312360015141,2.5149938412248254e-05,0.8300312360015141,0.47448618569222084,0.34226943353424344
2008-03-31,2,0.19423800023426516,0.002113990656130299,0.8035606411426894,8.736796691508805e-05,0.8035606411426894,0.5078699442486395,0.3663507249920333
2008-04-01,2,0.0006744328942596461,0.001368528502132222,0.9978049009023445,0.00015213770126353237,0.9978049009023445,0.017478657048921126,0.012608185922938716
2008-04-02,0,0.3359710413570374,0.0004301590562587278,0.6635671085475,3.169103920375497e-05,0.6635671085475,0.6422620670506018,0.4632941495424991
2008-04-03,0,0.8715843493845064,2.7652535122205186e-05,0.12838661694621534,1.3811341561727096e-06,0.8715843493845064,0.3836420974246153,0.27673927571536655
2008-04-04,0,0.9748049191760975,5.912642316518015e-06,0.025188472062760186,6.961188258549665e-07,0.9748049191760975,0.11768408968022255,0.08489112628659455
2008-04-07,0,0.4229512931394085,0.00012682873538953803,0.5769161676814756,5.710443726487643e-06,0.5769161676814756,0.682493318880269,0.49231486329420704
2008-04-08,0,0.7908950620537997,4.528784425052643e-05,0.20905758046917627,2.0696327735104155e-06,0.7908950620537997,0.5132216826422983,0.3702111882123666
2008-04-09,0,0.6904866975645386,8.575401846447055e-05,0.30940858403218496,1.8964384811855568e-05,0.6904866975645386,0.6197017879488097,0.4470203481518859
2008-04-10,0,0.9191134927847764,1.7310639044654872e-05,0.08086817424284053,1.0223333383720568e-06,0.9191134927847764,0.2811053363995242,0.2027746373955087
2008-04-11,0,0.6578358743435996,0.00014550479590150214,0.34201059489791763,8.025962581142783e-06,0.6578358743435996,0.6438290910947708,0.4644245184512373
2008-04-14,0,0.9187572741220468,1.6853331305156794e-05,0.08122516683771908,7.057089289579531e-07,0.9187572741220468,0.2819628056932044,0.2033931707443622
2008-04-15,0,0.9139610335817933,2.1127269400286817e-05,0.08601690146114098,9.376876655539682e-07,0.9139610335817933,0.29348474267347213,0.2117044914157959
2008-04-16,0,0.09834156158195514,0.0011770426367448967,0.9004184996629615,6.289611833853719e-05,0.9004184996629615,0.33108170115336705,0.23882496419152222
2008-04-17,0,0.4427993507740989,0.0002968248327669862,0.5568872323839069,1.659200922725847e-05,0.5568872323839069,0.6893125780823904,0.49723391901092556
2008-04-18,0,0.4973963286582968,0.00011976523012414843,0.5024747549052722,9.151206306855117e-06,0.5024747549052722,0.6943614798507529,0.5008759317825016
2008-04-21,0,0.8117077398027858,3.8996040915811054e-05,0.18825074109497664,2.523061321853375e-06,0.8117077398027858,0.4841378275533407,0.3492316214589804
2008-04-22,0,0.9537018888445565,5.150288288648785e-06,0.0462925254961936,4.3537096118243587e-07,0.9537018888445565,0.18752501306160882,0.13527070319331058
2008-04-23,0,0.993439041916999,5.08574585401543e-07,0.006560424015922247,2.5492493443389097e-08,0.993439041916999,0.039524487265308036,0.028510890885669448
2008-04-24,2,0.008293658476753403,0.0004525509788877423,0.9912073486798603,4.6441864498555564e-05,0.9912073486798603,0.052447567403617355,0.037832922699944205
2008-04-25,0,0.25222115273443796,0.00016272827904161713,0.7476066859518705,9.433034649899946e-06,0.7476066859518705,0.566413004200987,0.40858061612789176
2008-04-28,0,0.7592437079281709,4.5965398703087e-05,0.24070732954807333,2.9971250525863487e-06,0.7592437079281709,0.5524265620594059,0.39849153076922206
2008-04-29,0,0.9543331129589705,1.4551964687020203e-05,0.04565133139538999,1.0036809525617113e-06,0.9543331129589705,0.18569684072315923,0.13395195561002476
2008-04-30,0,0.9892905645845264,1.7282981482479804e-06,0.0107076192815197,8.783580565477174e-08,0.9892905645845264,0.05925456647326269,0.042743134600500755
2008-05-01,0,0.9838171741774467,7.086294700450231e-07,0.016182057867449955,5.93256331833989e-08,0.9838171741774467,0.0827946078946474,0.05972368511097702
2008-05-02,2,3.16230901803155e-07,0.004069152546476858,0.9954167995849709,0.0005137316376505303,0.9954167995849709,0.030866239871149555,0.022265285596498333
2008-05-05,2,0.3013292189748423,0.00028350526144416247,0.6983759382788037,1.1337484909949027e-05,0.6983759382788037,0.6146202551199816,0.44335479704575353
2008-05-06,2,0.506785084627279,0.00020202614357259233,0.49300285016392975,1.0039065218660467e-05,0.506785084627279,0.6949514319227615,0.5013014922468261
2008-05-07,2,0.6346060801616928,6.89145954620792e-05,0.36531895161251277,6.0536303322991825e-06,0.6346060801616928,0.6571912617240196,0.47406328710240203
2008-05-08,2,0.3048654789688625,0.0002343897947124641,0.6948675787821121,3.255245431294146e-05,0.6948675787821121,0.6173959440361609,0.44535703336296467
2008-05-09,2,0.6746107069895045,4.4806015871916456e-05,0.32533945600452274,5.0309901007654695e-06,0.6746107069895045,0.6313691196991501,0.4554365489801971
2008-05-12,2,0.9218366974713366,1.422121028572215e-05,0.07814818066111227,9.006572656461268e-07,0.9218366974713366,0.27440827208317997,0.19794372665665658
2008-05-13,2,0.10031340434766466,0.0008753479305207802,0.8987696741777215,4.1573544093138054e-05,0.8987696741777215,0.3331731989186923,0.24033366091855476
2008-05-14,2,0.3100457973883466,0.0002858435571178742,0.6896523971191241,1.596193541141639e-05,0.6896523971191241,0.6218358399690209,0.4485597412851648
2008-05-15,2,0.046008694611439846,0.0007046948092229587,0.9532196513250588,6.695925427829885e-05,0.9532196513250588,0.19308405969662537,0.139280707699515
2008-05-16,0,0.5720776672623578,0.00011121611567389233,0.42780600369294447,5.112929023881002e-06,0.5720776672623578,0.6838128927382084,0.493266734624675
2008-05-19,0,0.9335436609160063,1.1389801491618466e-05,0.06644432916998742,6.201125146435326e-07,0.9335436609160063,0.24449256308350586,0.17636410414740297
2008-05-20,0,0.9630407708004536,3.991257528804498e-06,0.0369547819288782,4.5601313926128983e-07,0.9630407708004536,0.1582030349939651,0.11411936701968829
2008-05-21,0,0.9258581936507486,1.118546781406059e-05,0.07412920294063689,1.4179408003789435e-06,0.9258581936507486,0.2643495216020898,0.19068787193835243
2008-05-22,0,0.9850438422812198,3.020262092324116e-06,0.014952970129315707,1.6732737210037687e-07,0.9850438422812198,0.07772977214724613,0.056070178403130534
2008-05-23,0,0.9416750559774721,3.163041040917187e-06,0.058321537374539344,2.4360694756760206e-07,0.9416750559774721,0.22237094485575873,0.16040672969059813
2008-05-27,0,0.964831040179287,6.853075023866196e-06,0.0351616726538832,4.3409180602652556e-07,0.964831040179287,0.15234519967905133,0.10989383204010313
2008-05-28,0,0.9775764753491585,6.399758243874083e-06,0.02241665817963746,4.667129601152759e-07,0.9775764753491585,0.1073909244943065,0.07746617710220854
2008-05-29,0,0.935006282506684,1.5755145550716252e-05,0.06497687114169755,1.091206067873646e-06,0.935006282506684,0.2406523524637995,0.17359397773889323
2008-05-30,0,0.6846141761172889,8.901216323584072e-05,0.31528904647507466,7.765244400719764e-06,0.6846141761172889,0.6242490177381348,0.45030048108530685
2008-06-02,0,0.9200529404390754,1.3524208637128251e-05,0.07993266071090893,8.746413784460957e-07,0.9200529404390754,0.27878189530038355,0.20109862891974478
2008-06-03,0,0.9658071135326445,1.1452809465237747e-05,0.0341806983760803,7.352818099469612e-07,0.9658071135326445,0.1491394732835606,0.10758138925349246
2008-06-04,2,0.7388033866869483,6.463431728547387e-05,0.26112890128816285,3.0777076032905335e-06,0.7388033866869483,0.574944192957484,0.41473456798383473
2008-06-05,2,0.21926351077624825,0.00220313270804257,0.7782926755384372,0.00024068097727198684,0.7782926755384372,0.5432931816977561,0.39190318949206965
2008-06-06,2,4.591356383517307e-05,0.002262288147964068,0.9777118881249222,0.019979910163278655,0.9777118881249222,0.11445888625494496,0.08256463379284153
2008-06-09,0,0.31951416060185844,0.0007271133268736054,0.6796745381622533,8.418790901478716e-05,0.6796745381622533,0.6330455333065044,0.4566458257791015
2008-06-10,0,0.7404469052902156,0.00012317055137792336,0.2594252186532802,4.705505126223893e-06,0.7404469052902156,0.5737108104841651,0.41384487059494646
2008-06-11,0,0.6822880837759887,0.0001469537799200163,0.31750408548548875,6.087695860254563e-05,0.6822880837759887,0.6269900179385665,0.45227769478342605
2008-06-12,0,0.9457433836177267,2.1971296466452333e-05,0.054233454589665796,1.1904961410483242e-06,0.9457433836177267,0.2110703471625089,0.15225507156503174
2008-06-13,0,0.9467513937694743,7.015026464767257e-06,0.05324109493357321,4.962704878461277e-07,0.9467513937694743,0.20804762128313234,0.1500746357469601
2008-06-16,0,0.9390654349857056,5.66611439461662e-06,0.060928343994328886,5.549055707345632e-07,0.9390654349857056,0.22959656552916857,0.1656189132470347
2008-06-17,0,0.9878677117864665,1.0990832543837991e-06,0.01213113495151574,5.4178763281964303e-08,0.9878677117864665,0.06559670429806601,0.04731801999473979
2008-06-18,0,0.9850406437405328,5.061479796858117e-07,0.01495880717976359,4.293172400057671e-08,0.9850406437405328,0.07771868323839387,0.056062179446225525
2008-06-19,0,0.9877781105654179,1.0748607808227008e-06,0.012220735130399462,7.944340197779853e-08,0.9877781105654179,0.06599067556786564,0.047602210193336124
2008-06-20,0,0.9253112338958648,2.2968625869767522e-06,0.07468619767467619,2.715668720033866e-07,0.9253112338958648,0.2656316825826084,0.1916127555824602
2008-06-23,0,0.9931093398770834,6.04425682688431e-07,0.006890018601401152,3.709583269940524e-08,0.9931093398770834,0.041172472357570614,0.029699660845702528
2008-06-24,0,0.8720207622924886,3.596986817312112e-06,0.12797519194272322,4.487779708685198e-07,0.8720207622924886,0.382574565235363,0.27596921401765473
2008-06-25,0,0.9799269843494164,2.101633324155505e-06,0.020070786416279383,1.2760098003360395e-07,0.9799269843494164,0.09834615745545455,0.07094175682573473
2008-06-26,2,2.6321031405370842e-06,0.000262646926225301,0.9972245642602566,0.002510156710377381,0.9972245642602566,0.020000179906940353,0.014427080184314968
2008-06-27,2,9.92127473688958e-05,0.00240419331220902,0.9971788895940638,0.0003177043463583439,0.9971788895940638,0.020789195131446465,0.0149962343601054
2008-06-30,0,0.4991506149240499,0.00017815370735204262,0.5006658477946838,5.383573914096117e-06,0.5006658477946838,0.6948056255425745,0.5011963151760132
2008-07-01,0,0.7004644525328473,3.9101268283220574e-05,0.2994921281057932,4.318093076242581e-06,0.7004644525328473,0.6109115246395179,0.44067951350967416
2008-07-02,0,0.45441202960193217,0.00012208320089570767,0.5454386705803831,2.721661678915954e-05,0.5454386705803831,0.6904298569701522,0.4980398653662575
2008-07-03,0,0.8771441332286801,2.3372964063817976e-05,0.12283136387528419,1.1299319718241188e-06,0.8771441332286801,0.3728145948620681,0.2689288835892668
2008-07-07,0,0.9558912732286228,9.524091500602014e-06,0.04409858486584067,6.17814035929375e-07,0.9558912732286228,0.18088638694757322,0.130481946706793
2008-07-08,2,0.045817516360930836,0.001365996986414493,0.952582475240562,0.00023401141209256903,0.952582475240562,0.19850089091719783,0.1431881254691412
2008-07-09,2,0.014257111451189635,0.0006610200571625726,0.985050841715252,3.102677639568919e-05,0.985050841715252,0.08059858936833161,0.05813959259216898
2008-07-10,2,0.4259811599927503,0.00020852059020344364,0.5737915851659843,1.8734251061900304e-05,0.5737915851659843,0.6842215234698479,0.49356149938972055
2008-07-11,2,0.06808880437885041,0.0015800364967590618,0.9302396563814939,9.150274289674483e-05,0.9302396563814939,0.2612617679076167,0.18846052846710096
2008-07-15,2,0.0003652568422133204,0.04021700681174832,0.9578711485805236,0.0015465877655146025,0.9578711485805236,0.18336469011926881,0.13226966455460532
2008-07-16,2,0.00022345467416247757,0.014159858136227351,0.9854738275185823,0.00014285967102791304,0.9854738275185823,0.0778467997451279,0.05615459597068612
2008-07-17,2,0.031047730276063158,0.001527098769212001,0.9672673068341455,0.00015786412057932825,0.9672673068341455,0.15128008743047872,0.10912551596060023
2008-07-18,2,0.35116277359777426,0.00023299953039245683,0.6485890110827232,1.521578911012489e-05,0.6485890110827232,0.650421977948088,0.4691802810354486
2008-07-21,2,0.32812055248169175,0.00023804511459092436,0.6716239147990688,1.7487604648452286e-05,0.6716239147990688,0.635171089985431,0.4581790908190095
2008-07-22,2,0.48916613585997715,0.0001532077704014049,0.5106623156938705,1.8340675750966953e-05,0.5106623156938705,0.6945144696762416,0.5009862906137711
2008-07-23,2,0.033030484732695826,0.0011343886427914627,0.965348767195619,0.0004863594288936713,0.965348767195619,0.1580917517040811,0.11403909309446357
2008-07-24,2,0.0009848978152800516,0.0009853062511382428,0.9979464553697301,8.334056385147368e-05,0.9979464553697301,0.01647347754489662,0.011883102180109026
2008-07-25,2,0.0032218252631263967,0.001038988820664677,0.9957015830685718,3.760284763715615e-05,0.9957015830685718,0.030295833080779506,0.0218538240726202
2008-07-28,2,0.000241711449539797,0.0009819091730412187,0.9986672058624494,0.00010917351496957139,0.9986672058624494,0.011141479662990526,0.008036878728980837
2008-07-29,2,0.012787463116643801,0.000702780775326844,0.9864302289975817,7.952711044752248e-05,0.9864302289975817,0.07507474767720866,0.05415498308494958
2008-07-30,2,0.22858675807503157,0.00026685713725018497,0.7711316867585816,1.4698029136666999e-05,0.7711316867585816,0.5401309599353926,0.38962212866469315
2008-07-31,2,0.5053320616252628,0.0002356998720649195,0.49442198562932804,1.0252873344207985e-05,0.5053320616252628,0.6952496649755434,0.5015166219199648
2008-08-01,2,0.8890633026857605,1.8547658975815535e-05,0.11091706069053633,1.0889647272227734e-06,0.8890633026857605,0.3486627480764376,0.2515070087962972
2008-08-04,2,0.9242852648220057,6.148055250458305e-05,0.07564979045350015,3.464171989544972e-06,0.9242852648220057,0.26871345319891693,0.19383578317511302
2008-08-05,2,0.0025146110822858825,0.0008474139748646756,0.9965340104162993,0.00010396452655018507,0.9965340104162993,0.025459063381758053,0.018364832243270072
2008-08-06,2,0.2949967771744056,0.00021346754223040585,0.7047805057391262,9.249544237801651e-06,0.7047805057391262,0.6086215645998653,0.4390276565131538
2008-08-07,2,4.5381344233119343e-07,0.0038617878365689463,0.9947974106681301,0.0013403476818585913,0.9947974106681301,0.0355203345143004,0.02562250522724914
2008-08-08,2,0.000186468632357904,0.004224989884019251,0.9949285295668974,0.000660011916725465,0.9949285295668974,0.03459018955470139,0.02495154746698846
2008-08-11,2,0.009877578240213557,0.0012307263339305706,0.9888557277405734,3.596768528240025e-05,0.9888557277405734,0.06530564638345898,0.047108066089732274
2008-08-12,2,0.06676051961155124,0.0005081810813647907,0.9327089253507447,2.2373956339213937e-05,0.9327089253507447,0.24976534451959817,0.18016761196217387
2008-08-13,2,0.2675138094281585,0.0004534035485397989,0.7319902170201509,4.2570003150906166e-05,0.7319902170201509,0.5850307822785857,0.42201050418035324
2008-08-14,2,0.017098243454138764,0.0007920542951490256,0.9820389332040558,7.076904665642995e-05,0.9820389332040558,0.09370001600387423,0.06759027421000294
2008-08-15,0,0.4507143116977692,0.0001822837231979899,0.5490925566100838,1.0847968949015154e-05,0.5490925566100838,0.6900519718735892,0.49776727888883887
2008-08-18,0,0.7523095850295397,4.5925799489185756e-05,0.2476413696860118,3.1194849594594304e-06,0.7523095850295397,0.5602624237299432,0.4041439101558101
2008-08-19,0,0.8809840150521628,2.330885641599541e-05,0.1189913065774269,1.3695139943849575e-06,0.8809840150521628,0.36519908033869025,0.2634354510709193
2008-08-20,0,0.9078557787619704,1.8220154489119517e-05,0.09212425913834744,1.7419451931126922e-06,0.9078557787619704,0.3076651954367831,0.22193352585539036
2008-08-21,0,0.9475910377789656,3.422836698147527e-05,0.0523648917993509,9.84205470187713e-06,0.9475910377789656,0.20592762953635918,0.14854538495706252
2008-08-22,0,0.882326503624236,7.677214962830823e-05,0.1175717089165196,2.501530961596581e-05,0.882326503624236,0.36314021073138864,0.26195029058477376
2008-08-25,0,0.4499302379493069,0.00015372928282323504,0.5499058038996654,1.0228868204597858e-05,0.5499058038996654,0.6896580635691832,0.4974831341101731
2008-08-26,0,0.9294605890618486,1.0007087981557838e-05,0.07052885619315052,5.476570192750623e-07,0.9294605890618486,0.2551376728293703,0.18404292766744165
2008-08-27,0,0.989864862746573,9.416414120156713e-07,0.010134139952338568,5.565967644268697e-08,0.989864862746573,0.05663200150461997,0.040851353863165775
2008-08-28,0,0.9707118243996063,1.162897245345466e-06,0.029286851785556404,1.6091759190209762e-07,0.9707118243996063,0.1322740803190484,0.09541557985721977
2008-08-29,0,0.9216875416687395,9.009055803695928e-06,0.0783029314569723,5.178184846163007e-07,0.9216875416687395,0.27472575371721253,0.1981727412461526
2008-09-02,0,0.9238108723682033,6.028242018815055e-05,0.0761234329447534,5.412266855170967e-06,0.9238108723682033,0.2699096722622921,0.19469867283038714
2008-09-03,0,0.9690057221731359,8.374430134651155e-06,0.030985410857138938,4.925395905815861e-07,0.9690057221731359,0.1382646844605619,0.09973688730066499
2008-09-04,2,0.05665294951419028,0.0005722775403169233,0.9427197486556912,5.502428980156233e-05,0.9427197486556912,0.22305963195431686,0.16090351242150513
2008-09-05,2,0.5198639786194589,0.0001432299298140409,0.47998441834823946,8.37310248758861e-06,0.5198639786194589,0.6937637898875965,0.5004447896095842
2008-09-08,2,0.528678768637647,0.00013580762784281555,0.47117431954156197,1.1104192948293115e-05,0.528678768637647,0.6928736601359206,0.49980269672033883
2008-09-09,2,0.0009849596469321778,0.004197454622272849,0.9945529187274936,0.0002646670033013733,0.9945529187274936,0.037404909742647596,0.02698193889530848
2008-09-10,2,0.2800872083791341,0.0004023779802607235,0.7194990670917423,1.1346548862891915e-05,0.7194990670917423,0.5965883462476818,0.43034752429183915
2008-09-11,2,0.0006535726736116202,0.0008637632528563227,0.9982917194155471,0.00019094465798491543,0.9982917194155471,0.014227834879961062,0.010263213411953423
2008-09-12,2,0.0002876543658223349,0.0038815477243973663,0.9956597999292943,0.00017099798048606982,0.9956597999292943,0.02970793703092072,0.02142974671477546
2008-09-15,3,2.0650144591262875e-222,9.590010464209028e-06,2.3233029662197853e-44,0.9999904099895358,0.9999904099895358,0.00012040050785378214,8.685060780058209e-05
2008-09-16,3,4.82408748199955e-81,0.003838914426209613,5.082287323174821e-16,0.9961610855737899,0.9961610855737899,0.025185749882252514,0.01816767822809775
2008-09-17,3,5.463771551565878e-56,0.001103669133973897,1.3545983505083494e-09,0.9988963295114277,0.9988963295114277,0.008618099017022535,0.006216644356874231
2008-09-18,1,1.930425330770882e-15,0.33565810784240224,0.1489091942396569,0.5154326979179389,0.5154326979179389,0.9916129662222373,0.7152975544250084
2008-09-19,1,7.515062492898041e-66,0.9572124996429979,3.908026873869881e-16,0.04278750035700174,0.9572124996429979,0.17670397676961025,0.12746497549543764
2008-09-22,1,5.255038030307836e-23,0.8575073299151456,0.020411800049667434,0.12208087003518706,0.8575073299151456,0.46800101706514163,0.3375913732254355
2008-09-23,1,3.2380108312606434e-05,0.9619066358183397,0.029078883683564156,0.008982100389783596,0.9619066358183397,0.1828951230334197,0.13193094350154572
2008-09-24,1,1.0120321131981975e-05,0.9556764778962143,0.04146545470514209,0.0028479470775116013,0.9556764778962143,0.19211522207197507,0.13858183908126018
2008-09-25,1,3.448656577024804e-19,0.9884068750687665,0.00019471856824664681,0.011398406362987008,0.9884068750687665,0.06418901149138287,0.046302584279091376
2008-09-26,1,2.164008529385498e-29,0.9800783885864556,4.199733101328443e-06,0.019917411680443114,0.9800783885864556,0.097773630129355,0.0705287656586661
2008-09-29,1,1.8517128199386029e-47,0.9907692306478283,2.1146900644579455e-11,0.009230769331024817,0.9907692306478283,0.0524361540121695,0.037824689678323434
2008-09-30,1,4.73363673746896e-67,0.9401314150077672,7.750217029467418e-11,0.05986858491473065,0.9401314150077672,0.22660577792291614,0.16346151602308845
2008-10-01,1,3.8253940572620677e-16,0.9536849302465196,0.039684818421127685,0.006630251332352384,0.9536849302465196,0.20653810038944814,0.14898574659324187
2008-10-02,1,6.566897470600341e-21,0.9953339872851198,4.595860976946962e-06,0.004661416853903227,0.9953339872851198,0.029736111929630535,0.02145007060809856
2008-10-03,1,3.781576627385636e-06,0.6792176871569902,0.3198423768465096,0.0009361544198728154,0.6792176871569902,0.6339032972761987,0.4572645716917671
2008-10-06,3,4.743015025346265e-45,0.06567090103291871,5.1682981266972496e-09,0.934329093798783,0.934329093798783,0.24229424271049704,0.17477835119719048
2008-10-07,3,1.4389028757831192e-26,0.0926616551822129,2.740636240692441e-05,0.9073109384553802,0.9073109384553802,0.3089656872333384,0.2228716323881939
2008-10-08,3,1.0826887468782062e-37,0.008600645279909978,1.0071697695953422e-10,0.991399354619373,0.991399354619373,0.04946751975085592,0.035683272714818345
2008-10-09,3,2.3872111773194585e-29,0.061538184124007585,0.00010215839283004367,0.9383596574831624,0.9383596574831624,0.23221347732558328,0.1675066160826004
2008-10-10,3,2.4876962502215713e-128,3.349678520774727e-22,3.785548926624296e-27,1.0,1.0,1.656372322577816e-20,1.1948200678243747e-20
2008-10-14,3,1.4339589968047454e-114,9.013302179894702e-18,2.3791597009909306e-17,1.0,1.0,1.2644282517738609e-15,9.120921841970254e-16
2008-10-15,3,1.0578761586160334e-69,6.341255189563071e-05,6.696371899705137e-12,0.999936587441408,0.999936587441408,0.0006763468548978749,0.0004878811267410057
2008-10-16,3,4.6899132601753213e-38,0.0022682576683754887,1.1612756580602332e-06,0.9977305810559663,0.9977305810559663,0.016093550502288494,0.011609042749973849
2008-10-17,3,4.801379682874943e-12,0.2110572813285578,0.13414297859527038,0.6547997400713704,0.6547997400713704,0.8750582505281179,0.631221099262944
2008-10-20,3,9.184400442148541e-25,0.003356282449910136,0.0014280386911200388,0.9952156788589699,0.9952156788589699,0.03324906388866596,0.02398412979318935
2008-10-21,3,3.79625156838389e-18,0.023897597755644137,0.008548280047047052,0.9675541221973087,0.9675541221973087,0.1618539365700382,0.11675293581897547
2008-10-22,3,2.545799409924656e-175,4.739029720061983e-30,7.973646863527809e-32,1.0,1.0,3.256970955101893e-28,2.349407922622446e-28
2008-10-23,3,1.7229072845675683e-70,5.031156076838829e-06,6.681917317085421e-10,0.9999949681757314,0.9999949681757314,6.64253317443883e-05,4.7915748348516616e-05
2008-10-24,3,1.939215000757267e-52,0.031686921678629985,5.392718835047108e-14,0.9683130783213161,0.9683130783213161,0.1405580430936118,0.10139119586410549
2008-10-27,3,3.557279908205512e-32,0.002968866018141764,0.00014742027278882977,0.9968837137090694,0.9968837137090694,0.02168953923240016,0.01564569534487516
2008-10-28,3,8.642627750043892e-43,2.469535666379986e-06,2.6068032305355813e-08,0.9999975043963013,0.9999975043963013,3.483617644986045e-05,2.5128989503873283e-05
2008-10-29,3,3.1432831627270492e-43,0.00025148942104755444,1.1911001066072311e-07,0.9997483914689418,0.9997483914689418,0.0023378477649957582,0.0016864006884563635
2008-10-30,3,2.017464017847624e-58,1.6395882695100834e-10,7.838348462232585e-09,0.9999999919976927,0.9999999919976927,1.5799332880822905e-07,1.1396809598258573e-07
2008-10-31,3,2.5205955883608134e-28,0.0004052873712608572,0.002339874677230308,0.9972548379515089,0.9972548379515089,0.0200812158569814,0.01448553526594394
2008-11-03,3,3.070852515439696e-08,0.1566214743446695,0.471068809698878,0.3723096852479273,0.471068809698878,1.0128151814121589,0.7305917197801888
2008-11-04,3,1.838212839730403e-39,3.342557972762977e-05,5.126216906891441e-09,0.9999665692940555,0.9999665692940555,0.00037801834611242446,0.0002726825966507213
2008-11-05,1,6.844029452038378e-28,0.5834181391757072,3.881132008538008e-06,0.41657797969228433,0.5834181391757072,0.679213555411763,0.48994901404855584
2008-11-06,1,1.215242179928069e-33,0.8883423015218739,1.92154384853223e-07,0.11165750632374119,0.8883423015218739,0.3499699245756924,0.252449937322818
2008-11-07,1,2.1314682788443928e-09,0.7648404189951213,0.2281290677388189,0.007030511134591479,0.7648404189951213,0.5770374748242026,0.41624455166798363
2008-11-10,1,0.004218624363273818,0.2795557590295191,0.7151654387702503,0.001060177836956868,0.7151654387702503,0.6263917951986016,0.45184616829327884
2008-11-12,3,2.0865231116181528e-38,0.2166888419988749,1.5346479864535839e-07,0.7833110045363265,0.7833110045363265,0.5226876021645742,0.3770394057884873
2008-11-13,3,5.255733309500659e-50,0.0030959078081302105,8.049122616429564e-07,0.9969032872796081,0.9969032872796081,0.020990354269467507,0.015141340005531627
2008-11-14,3,1.4351044381479613e-16,0.5753178484608097,0.09321743678956995,0.33146471474962025,0.5753178484608097,0.9052572919098026,0.6530051028834225
2008-11-18,3,3.1559427808258905e-11,0.8547799766732794,0.025117708332549952,0.1201023149626112,0.8547799766732794,0.48120894953240406,0.3471188825608934
2008-11-19,3,1.0005302256809163e-25,0.6367092599585035,1.9598727186649086e-06,0.3632887801687778,0.6367092599585035,0.6553138326151022,0.4727090082698741
2008-11-20,3,1.8265869959890298e-85,0.00406082162503045,3.8794572375601724e-28,0.9959391783749696,0.9959391783749696,0.02641295149477634,0.01905291706837728
2008-11-21,3,3.24680279968979e-53,0.01622061566713006,1.4394012699379818e-09,0.9837793828934688,0.9837793828934688,0.08294119281422563,0.059829423779249324
2008-11-25,3,1.3465008970533094e-80,1.4775136112221685e-13,1.9670379762130152e-17,0.9999999999998522,0.9999999999998522,4.5135820917765765e-12,3.255861250225651e-12
2008-11-26,1,1.0898136966391491e-23,0.5886172655559881,0.028123083850486404,0.3832596505935255,0.5886172655559881,0.7799493391868806,0.5626145218947683
2008-11-28,1,0.0005440760954724304,0.7456729644236053,0.23161474322745848,0.022168216253463862,0.7456729644236053,0.6461398600901217,0.46609138593635363
2008-12-01,1,1.2039579310528918e-50,0.9872190966812707,9.09091735547656e-12,0.012780903309638339,0.9872190966812707,0.06842110012323582,0.049355390919979786
2008-12-02,1,1.5417211586095228e-24,0.7580580470630044,0.008863863207948857,0.23307808972904678,0.7580580470630044,0.59131780291995,0.42654563093098463
2008-12-03,1,8.665396776318515e-11,0.9410536635019952,0.003081242779313905,0.055865093632036796,0.9410536635019952,0.23615136046943003,0.17034719832421436
2008-12-04,1,1.877539771984568e-17,0.9959051724620231,1.4691761567364375e-05,0.004080135776409483,0.9959051724620231,0.026697302515708256,0.019258032972262376
2008-12-05,1,4.1855566403602704e-23,0.945061986436105,0.00013855536786706285,0.054799458196027925,0.945061986436105,0.21377319452564167,0.15420476380856749
2008-12-08,1,1.4442722802754175e-17,0.9818751328289225,5.466603321498404e-06,0.018119400567756055,0.9818751328289225,0.09069863387816118,0.06542523465571344
2008-12-09,1,9.279826494364964e-10,0.886026271121775,0.1068190195009355,0.00715470844930676,0.886026271121775,0.3814745150226663,0.27517569552436155
2008-12-10,1,0.00046326190475540636,0.5941153802230825,0.40302124934269773,0.002400108529464411,0.5941153802230825,0.6936316287132097,0.5003494554741412
2008-12-11,1,7.947614137083609e-06,0.6877319151583772,0.2718960757065378,0.04036406152094794,0.6877319151583772,0.7412110775399936,0.5346707729094569
2008-12-12,1,0.003691072694231568,0.4529127894319576,0.5412216849627488,0.0021744529110619085,0.5412216849627488,0.725010701846915,0.5229846720729855
2008-12-15,1,1.0905139346070893e-05,0.7035716984376607,0.2938966071270446,0.0025207892959486613,0.7035716984376607,0.6224569543816734,0.449007780626644
2008-12-16,1,3.5348138157123543e-13,0.960241898226268,0.003929211231519026,0.03582889054185947,0.960241898226268,0.1799966078767394,0.12984010678030364
2008-12-17,1,2.756492105094103e-38,0.5369618765023851,6.305517299135438e-09,0.4630381171920976,0.5369618765023851,0.6904124463871939,0.498027306285411
2008-12-18,1,2.789001494910231e-23,0.8573054603925075,0.0001317547361784894,0.14256278487131402,0.8573054603925075,0.4108771970454784,0.2963852472959346
2008-12-19,1,2.3410699713319123e-09,0.951271948042544,0.03675758947183447,0.01197046014455162,0.951271948042544,0.22191956530413626,0.16008112817025594
2008-12-22,1,1.289663736083163e-06,0.9344576955084598,0.06364347752107159,0.0018975373067325607,0.9344576955084598,0.2505589259809391,0.18074005998158285
2008-12-23,1,0.0002855720562505291,0.6797559098508467,0.31897544892046703,0.0009830691724359414,0.6797559098508467,0.636013014153362,0.45878641072994875
2008-12-24,1,0.00048059425332854286,0.3488644115746691,0.6493192728540054,0.001335721317997079,0.6493192728540054,0.6602874993480127,0.4762967504351763
2008-12-26,1,0.16438108505235474,0.024562812147927496,0.8109711154966852,8.4987303032585e-05,0.8109711154966852,0.5585573584627074,0.4029139655530935
2008-12-29,1,0.44685727530538155,0.0013574014286790023,0.5517753314852122,9.991780727244037e-06,0.5517753314852122,0.6971210695965666,0.5028665550030883
2008-12-30,1,1.316473741803791e-13,0.38520724741457235,0.55935716508418,0.05543558750111598,0.55935716508418,0.8527950061651806,0.6151615631446895
2008-12-31,1,3.9028148508225266e-47,0.8041870405419049,8.585450294753819e-10,0.19581295859955003,0.8041870405419049,0.4945428948597824,0.3567372909605401
2009-01-02,1,1.5305502907606238e-15,0.9707094875041722,0.021295452259193555,0.007995060236632764,0.9707094875041722,0.14943666176024892,0.10779576542425626
2009-01-05,1,6.492293933474109e-30,0.9992645223673349,8.729239937428894e-09,0.000735468903425173,0.9992645223673349,0.00604177891612058,0.004358222240217329
2009-01-07,1,9.537608779036418e-25,0.9987106970723656,1.5326226008516285e-06,0.0012877703050334986,0.9987106970723656,0.009878900185500208,0.007126120153529106
2009-01-08,1,6.247524358390542e-14,0.8673751862350902,0.059790080012587635,0.07283473375225948,0.8673751862350902,0.4826320405330104,0.34814542572554763
2009-01-09,1,1.4480831097875758e-07,0.9797479733883171,0.016105116491721777,0.004146765311650302,0.9797479733883171,0.10928649137296002,0.07883353956996196
2009-01-12,1,8.526265823250457e-08,0.9966299071825405,0.0019252895076457433,0.0014447180471554826,0.9966299071825405,0.02485223912862683,0.01792710107292829
2009-01-13,1,0.0004179063246195264,0.7019234890516881,0.2957628760135365,0.0018957286101559387,0.7019234890516881,0.6238640432462009,0.450022780690116
2009-01-14,1,3.832092456897988e-10,0.9688529103807706,0.025455469712210504,0.005691619523809701,0.9688529103807706,0.15351809450852874,0.11073989681708882
2009-01-15,1,3.7685866248034044e-06,0.9645877116268742,0.03229966837150749,0.003108851414993665,0.9645877116268742,0.1636487801089426,0.11804764175534997
2009-01-16,1,8.59368300446211e-05,0.8149499516113907,0.1836955585880586,0.0012685529705062238,0.8149499516113907,0.48729529158146667,0.3515092503065617
2009-01-20,1,1.9698617872334426e-17,0.9985542638652795,3.692093651486537e-05,0.0014088151982055565,0.9985542638652795,0.011070413179298138,0.007985615097182625
2009-01-21,1,5.130867842723362e-38,0.9950257254350056,2.3072917709680264e-07,0.004974043835817356,0.9950257254350056,0.031345359817192414,0.02261089758157184
2009-01-22,1,1.15295836355992e-24,0.9975046699484422,3.965576518118974e-06,0.0024913644750397877,0.9975046699484422,0.01747707992493535,0.012607048268462144
2009-01-23,1,2.6208090691334835e-12,0.9727007713613542,0.0055567260179515635,0.021742502618073343,0.9727007713613542,0.139018707929068,0.10028080026002882
2009-01-26,1,0.0004077911064721663,0.8004668592658354,0.1977157876591905,0.0014095619685018357,0.8004668592658354,0.511070171096705,0.36865920069374525
2009-01-27,1,6.806256736762731e-05,0.9723698018751481,0.02433040196137692,0.0032317335961073407,0.9723698018751481,0.13684359559437234,0.09871178837070789
2009-01-28,1,6.7246448771302045e-31,0.9990701889031378,5.735675360372703e-07,0.0009292375293261397,0.9990701889031378,0.007424764669290396,0.00535583558407642
2009-01-29,1,1.3467452173537935e-42,0.9907018059160617,9.037396669338058e-09,0.009298185046541741,0.9907018059160617,0.05275131372664393,0.03805202935690355
2009-01-30,1,2.325347677774107e-12,0.9671779208316355,0.03144216377013768,0.0013799153959015082,0.9671779208316355,0.150142679916095,0.10830504987036461
2009-02-02,1,2.6500201876748453e-13,0.9944849193890654,0.0010127807488809022,0.004502299861788817,0.9944849193890654,0.03680970174673491,0.026552587083308134
2009-02-03,1,1.0292170112154288e-11,0.9938060162783164,0.005185876903097709,0.001008106808293653,0.9938060162783164,0.04041750884920151,0.02915506979091441
2009-02-04,1,0.005772721358065263,0.6853195403341713,0.3080715087779725,0.0008362295297908802,0.6853195403341713,0.6573744964686646,0.47419546303111093
2009-02-06,1,2.5522274801901096e-07,0.8863471815471251,0.10902263124491365,0.0046299319852131406,0.8863471815471251,0.37344140999965003,0.26938103513453865
2009-02-09,1,2.4577899785366516e-11,0.9943897171114697,0.001021543096441541,0.004588739767510737,0.9943897171114697,0.0373357751000548,0.026932068792297353
2009-02-10,1,6.89751651515089e-22,0.9929258507484484,3.612206669269405e-05,0.007038027184858918,0.9929258507484484,0.042302017278459975,0.030514455273616726
2009-02-11,1,9.784299647358347e-11,0.9819654814660552,0.014176053470277594,0.00385846496582404,0.9819654814660552,0.09965041136398883,0.07188257714868596
2009-02-12,1,0.00015256281719002617,0.4534851754348388,0.5445628567620701,0.0017994049859012661,0.5445628567620701,0.7022962600869579,0.5065996658311599
2009-02-13,1,2.420629364771882e-25,0.9991714403526786,1.4133522798974656e-06,0.0008271462950414846,0.9991714403526786,0.006717948310571327,0.004845975356304821
2009-02-17,1,9.196520153530056e-27,0.9956804969894321,5.6808252947769e-07,0.00431893492803841,0.9956804969894321,0.027833835714374627,0.020077868377023196
2009-02-18,1,6.354707634176393e-07,0.7356049644277962,0.26304868089282385,0.0013457192086165917,0.7356049644277962,0.5860612038344057,0.4227537962146566
2009-02-19,1,3.4206983894364177e-18,0.9922318223798146,0.0003719785911206472,0.007396199029064906,0.9922318223798146,0.0469669091077259,0.03387946342779942
2009-02-20,1,1.9104214824775004e-14,0.9931338019909395,0.0024089713234887932,0.004457226685552535,0.9931338019909395,0.045493175398865895,0.03281638927111781
2009-02-23,1,2.69165444680267e-07,0.9171074267483232,0.0804865695002613,0.002405734585970866,0.9171074267483232,0.2966675127442707,0.21400037471451136
2009-02-24,1,1.8364994809555116e-12,0.9921389351188512,0.0008351461426590582,0.0070259187366533676,0.9921389351188512,0.0485850750220542,0.03504672339776792
2009-02-25,1,4.646512258636946e-08,0.9680817699567793,0.02760884739623693,0.004309336181861129,0.9680817699567793,0.15398219425633836,0.1110746740194102
2009-02-26,1,1.3683704324956172e-06,0.9481899458232831,0.047911947425981094,0.003896738380303299,0.9481899458232831,0.2176553963407365,0.1570051804617512
2009-02-27,1,0.0001666936950630672,0.8517618426255845,0.14689837617134152,0.0011730875080108243,0.8517618426255845,0.4277831922643064,0.3085803450276824
2009-03-02,1,1.2821148590029358e-15,0.9976203085246719,4.8325964173856215e-05,0.002331365511153046,0.9976203085246719,0.016988207439048532,0.012254401312954157
2009-03-03,1,0.0004301843167454437,0.5621794107697284,0.4365833694577568,0.0008070354557692535,0.5621794107697284,0.6946904685864248,0.5011132469912326
2009-03-04,1,2.772471166833541e-05,0.9076999134305276,0.08942631053968529,0.002846051318118621,0.9076999134305276,0.3207824907054383,0.2313956542723729
2009-03-05,1,1.5091460224127987e-23,0.9933463826852612,4.120588470304114e-05,0.00661241143003592,0.9933463826852612,0.04023390161115166,0.029022625165011487
2009-03-06,1,6.155321702285486e-19,0.990430305471344,0.0001377887086815286,0.009431905819974398,0.990430305471344,0.054735845354403095,0.039483566325831276
2009-03-09,1,3.6259767496784576e-06,0.9165373850024596,0.08235927015090698,0.0010997188698838672,0.9165373850024596,0.2930393781584966,0.21138322882722435
2009-03-11,3,3.4601142349393774e-24,0.07572410625453052,0.00015078784912550943,0.924125105896344,0.924125105896344,0.26966565174918905,0.19452264923832263
2009-03-12,1,4.6200895201640516e-21,0.30841987925070086,1.4006339652642291e-05,0.6915661144096464,0.6915661144096464,0.617995913359365,0.4457898197466007
2009-03-13,1,1.3735619543374392e-05,0.31831002047109086,0.6620058713303144,0.019670372579051295,0.6620058713303144,0.7148752297241907,0.5156734743887242
2009-03-16,1,5.575256829099446e-06,0.5771452739713215,0.42156875778943426,0.001280392982415276,0.5771452739713215,0.689969472055122,0.4977077678493504
2009-03-17,1,7.693539797847382e-05,0.3311152554089243,0.6676303428191508,0.0011774663739463865,0.6676303428191508,0.644384473818408,0.4648251424018307
2009-03-18,1,1.4080640714645495e-72,0.12448431680591412,2.568683471744874e-17,0.8755156831940858,0.8755156831940858,0.3757654709832677,0.27105749076243296
2009-03-19,1,1.5158074197201206e-24,0.4607171976365765,0.003436261624936473,0.5358465407384871,0.5358465407384871,0.7108562549078112,0.5127743968702001
2009-03-20,1,0.0006780107683933315,0.4980614754542823,0.48446175446340456,0.01679875931391983,0.4980614754542823,0.7718565325337088,0.5567767958820663
2009-03-23,1,4.222840782926958e-15,0.9569685647962892,0.01643691914551976,0.026594516058186773,0.9569685647962892,0.20607822267192574,0.14865401494199942
2009-03-24,1,1.7212029528904613e-10,0.9723160851801017,0.024186248392058324,0.0034976662557196702,0.9723160851801017,0.13709925839486797,0.09889621009791531
2009-03-25,1,5.134144628696701e-07,0.9530593018919215,0.04572006398007317,0.0012201207135425713,0.9530593018919215,0.19507068286837526,0.14071375339851433
2009-03-26,1,7.087099288532838e-06,0.9379336247191423,0.057968735510725615,0.004090552670843619,0.9379336247191423,0.24776376205092768,0.17872377541143325
2009-03-27,1,0.004955545842477223,0.7385065167599576,0.2554406979333854,0.0010972394641796776,0.7385065167599576,0.6062545232965766,0.4373201971382368
2009-03-30,1,1.676377147380115e-07,0.9614055469990529,0.03716682717999585,0.001427458183236412,0.9614055469990529,0.1695608198937812,0.12231227699491241
2009-03-31,1,5.347573336083628e-09,0.992424173715295,0.0032443321567716603,0.0043314887803600705,0.992424173715295,0.04971121208495574,0.03585905957577258
2009-04-01,1,1.9836201160318436e-08,0.959546772664735,0.03529700546278775,0.005156202036276203,0.959546772664735,0.18481633688691598,0.13331680635100884
2009-04-02,1,2.913657178438768e-11,0.994202144954067,0.0007240841404574324,0.005073770876339103,0.994202144954067,0.03782471645498642,0.02728476542632004
2009-04-03,1,4.3481462118471425e-12,0.9813921339352055,0.014674075236123104,0.003933790824323115,0.9813921339352055,0.10216873258306268,0.07369916191574759
2009-04-06,1,1.7356678245888656e-05,0.9353362642515408,0.06372642778091571,0.0009199512892976447,0.9353362642515408,0.24459705819620856,0.17643948143784963
2009-04-07,1,0.005099840728970809,0.6380371401464404,0.35607478077047816,0.0007882383541105611,0.6380371401464404,0.6869478457683266,0.4955281252196606
2009-04-08,1,0.15352762785773044,0.15956939040248339,0.6866142222656387,0.00028875947414752905,0.6866142222656387,0.8410539045607639,0.6066921486150568
2009-04-09,1,8.996419927898608e-06,0.2500558876755678,0.7493647064946967,0.0005704094098077008,0.7493647064946967,0.5671739928123966,0.4091295533758186
2009-04-14,1,4.962644025337502e-18,0.9890664885455162,0.002495300679284416,0.008438210775199398,0.9890664885455162,0.06612105180276738,0.04769625676710738
2009-04-15,1,0.005867615063048234,0.7146331989294152,0.27845386132822164,0.001045324679315012,0.7146331989294152,0.6334348494623627,0.4569266580227989
2009-04-16,1,7.212329064902092e-05,0.4471080865639674,0.5522189498797877,0.000600840265595812,0.5522189498797877,0.6929597407031524,0.49986479072407
2009-04-17,1,0.05050750158800343,0.09651142779487026,0.8528020692108172,0.00017900140630912608,0.8528020692108172,0.5137839020147085,0.3706167437626005
2009-04-20,1,2.246375790325143e-23,0.9750456068479253,0.0002286315087853158,0.024725761643289428,0.9750456068479253,0.1180402014998146,0.08514800666465826
2009-04-21,1,9.375969502720934e-05,0.7220206696793253,0.27627322762294526,0.00161234300270228,0.7220206696793253,0.6017884933907655,0.43409863753944905
2009-04-22,1,2.130239050400862e-05,0.7757924762933098,0.22361496726381241,0.0005712540523737032,0.7757924762933098,0.5363828093895042,0.38691840956216395
2009-04-23,1,0.0051079907035441454,0.3026755955678976,0.6907621657343462,0.0014542479942118653,0.6907621657343462,0.6537354564013332,0.47157045050174334
2009-04-24,1,0.00012900147926070134,0.3477272041962969,0.6514207577271636,0.0007230365972788056,0.6514207577271636,0.6529000710642799,0.4709678473602443
2009-04-27,1,6.056058194994982e-06,0.45726549804766375,0.5415024943108874,0.001225951583253893,0.5415024943108874,0.6982595167106662,0.5036877710060013
2009-04-28,1,3.526832858756282e-05,0.6365843656271705,0.3628709047892048,0.0005094612550371001,0.6365843656271705,0.6595754909914786,0.47578314497265467
2009-04-29,1,0.0025383103288946843,0.36462346270523394,0.6323779035787153,0.00046032338715607755,0.6323779035787153,0.6763701455561464,0.48789792739959936
2009-04-30,1,0.00011479708518921441,0.1586303579455787,0.8404132949986549,0.0008415499705772381,0.8404132949986549,0.44518220013439036,0.3211310762129615
2009-05-01,1,0.009460118262138769,0.29531035799243427,0.6937064813057967,0.0015230424396302828,0.6937064813057967,0.6678618354220549,0.48176047898119984
2009-05-04,1,4.9878606937152235e-05,0.259818470372746,0.7392182875072257,0.0009133635130911815,0.7392182875072257,0.5804259266918056,0.4186888030208245
2009-05-05,1,0.006694183567622812,0.01754921199343879,0.9756570933790499,9.951105988847133e-05,0.9756570933790499,0.12942275214966056,0.09335878135225836
2009-05-06,1,0.0005390856860534976,0.019180935281397343,0.9799743777382149,0.00030560129433425783,0.9799743777382149,0.10219234083027323,0.07371619166633496
2009-05-07,1,8.9240931777751e-15,0.9877571588192067,0.006134522510646213,0.006108318670138234,0.9877571588192067,0.07455660408049972,0.0537812214862294
2009-05-08,2,0.00011462456414381778,0.8978224952879391,0.09996174396637952,0.0021011361815375727,0.8978224952879391,0.3409727523009665,0.24595984941143265
2009-05-11,2,3.1049632410869686e-09,0.8094696234940241,0.18089558760590904,0.009634785795103623,0.8094696234940241,0.5251324856205585,0.3788030164072373
2009-05-12,2,0.06564895190187701,0.09752843054908325,0.8364763280848639,0.00034628946417576993,0.8364763280848639,0.5579169139726019,0.4024519825081736
2009-05-13,2,0.0033643505342159674,0.02277182601484078,0.9737470594141581,0.00011676403678509844,0.9737470594141581,0.1322492896875193,0.09539769719663602
2009-05-14,2,0.08055910645758824,0.0021500018286006958,0.9172650980473066,2.5793666504496324e-05,0.9172650980473066,0.29560170695827864,0.2132315583535106
2009-05-15,2,0.0030065890032131407,0.02827600793050586,0.967920496166136,0.0007969069001450045,0.967920496166136,0.15552916126344496,0.11219057483419596
2009-05-18,2,2.5619707788553532e-06,0.14514504720502577,0.8527986325639755,0.002053758260219786,0.8527986325639755,0.4286675914620888,0.30921830419608587
2009-05-19,2,0.024468285325882567,0.020737521844121778,0.9547481023523567,4.60904776387854e-05,0.9547481023523567,0.21583371745834698,0.15569111691689344
2009-05-20,2,0.25639210703130816,0.0014401253401219779,0.7421465128013335,2.1254827236242486e-05,0.7421465128013335,0.5799277218402867,0.4183294241865079
2009-05-21,2,0.0005235771628110382,0.028478326153603163,0.9703012712733653,0.0006968254102205455,0.9703012712733653,0.13961734332313552,0.10071262441718973
2009-05-22,2,0.000136450093760719,0.018233300579746516,0.9814933862258022,0.0001368631006904648,0.9814933862258022,0.09378160663474437,0.0676491294092726
2009-05-26,2,3.52725104408117e-05,0.006792228402914715,0.9930785259249616,9.397316168279246e-05,0.9930785259249616,0.042037102151965176,0.030323359403991466
2009-05-27,1,1.2111662221550087e-14,0.833985884597359,0.12093546928141163,0.04507864612121733,0.833985884597359,0.546591107407037,0.3942821400250695
2009-05-28,1,1.56230179508013e-16,0.9757114336998282,0.0006059004606561556,0.023682665839515463,0.9757114336998282,0.11712467374405919,0.08448759298814598
2009-05-29,1,4.975245140935361e-18,0.9216380321343236,0.00017919695546511806,0.07818277091021122,0.9216380321343236,0.27601900458081663,0.1991056245499261
2009-06-01,1,2.62977834957474e-32,0.9976725810928063,1.0430110833775821e-07,0.0023273146060852393,0.9976725810928063,0.016436987134971052,0.011856779913389215
2009-06-02,1,3.480839027180854e-24,0.9913328037157731,0.00029771911846418106,0.008369477165762685,0.9913328037157731,0.051079396595581285,0.03684599608002286
2009-06-03,1,2.5694655179797325e-21,0.9960466232416352,4.148146415290278e-05,0.003911895294212092,0.9960466232416352,0.02605061494448284,0.018791546496256657
2009-06-04,1,3.95740401142857e-09,0.9943075682586694,0.004505808710040357,0.001186619073886292,0.9943075682586694,0.038012235976620797,0.027420032168285934
2009-06-05,1,0.0021999761745415754,0.731581486838652,0.265298092455013,0.0009204445317935291,0.731581486838652,0.6005745578405876,0.43322296814034883
2009-06-08,1,2.0693812043082963e-06,0.6844791674792298,0.3139206946754043,0.00159806846416167,0.6844791674792298,0.6335142203354683,0.45698391200530913
2009-06-09,1,4.617194630950997e-08,0.8226422085177211,0.17527583314394576,0.0020819121663868075,0.8226422085177211,0.4786874853377939,0.34530003061622183
2009-06-10,1,3.165840055300438e-05,0.8860058548816244,0.11296569340301979,0.0009967933148027183,0.8860058548816244,0.3607926390196553,0.26025687555144933
2009-06-11,1,0.00011194006831931792,0.7905742278977034,0.2075202708302635,0.0017935612037138073,0.7905742278977034,0.5244726970661062,0.37832707956946554
2009-06-12,1,2.238207049901386e-05,0.8137425504439412,0.18438426488753965,0.0018508025980200752,0.8137425504439412,0.49135125527166346,0.354435009657498
2009-06-15,1,0.0002732921925629119,0.6917709435744792,0.306829162960977,0.001126601271980804,0.6917709435744792,0.6273158605520353,0.4525127405447069
2009-06-16,1,7.784832481877122e-24,0.9855275634812439,0.000316787342033627,0.014155649176722435,0.9855275634812439,0.07718932556519534,0.0556803286012355
2009-06-17,1,4.788200692964305e-07,0.9114047392060608,0.0834504523992585,0.005144329574611459,0.9114047392060608,0.31891562568656273,0.2300489958200025
2009-06-18,1,2.14119095236828e-21,0.9897435321101062,3.5905237721904955e-05,0.01022056265217186,0.9897435321101062,0.05741561935437458,0.0414166146560623
2009-06-19,1,1.7487169231123537e-10,0.9721469176316275,0.0245899114345762,0.003263170758924629,0.9721469176316275,0.13725929755899768,0.09901165395213428
2009-06-22,1,3.1306869218444924e-09,0.9909189089876664,0.006874971492407982,0.0022061163892387473,0.9909189089876664,0.05677000140919903,0.040950899752155455
2009-06-23,1,0.0009068067264609733,0.6956466219093277,0.3010911913297096,0.0023553800345018066,0.6956466219093277,0.634477203344878,0.457678557411377
2009-06-24,2,0.01804042963361398,0.11423456672815478,0.8673795790167117,0.0003454246215195739,0.8673795790167117,0.4464297280326464,0.32203097736905384
2009-06-25,2,4.046846285291501e-06,0.2587880071682685,0.7392135285949031,0.0019944173905430103,0.7392135285949031,0.5856330291660181,0.422444933479298
2009-06-26,3,4.40429781594707e-210,6.317436530778465e-08,4.182956217337594e-40,0.9999999368256347,0.9999999368256347,1.1104390165470313e-06,8.010124311910099e-07
2009-06-29,3,1.2490133037187973e-139,0.00103205017310992,2.992418438855604e-23,0.9989679498268901,0.9989679498268901,0.008128109078378147,0.005863191329590358
2009-06-30,1,2.173339182369796e-25,0.8071679099659951,0.042150101629229164,0.15068198840477565,0.8071679099659951,0.5915617260014231,0.42672158424098444
2009-07-01,1,0.013345651440301497,0.48622720398485214,0.49776938842512053,0.0026577561497258036,0.49776938842512053,0.7712300196202433,0.5563248623454115
2009-07-02,1,5.639959549319486e-05,0.6071951926408193,0.391322637472924,0.0014257702907635018,0.6071951926408193,0.6799754531308478,0.49049860707904996
2009-07-06,2,0.20650453205792887,0.1538592647737845,0.6393879097800875,0.00024829338819914066,0.6393879097800875,0.9017514758115907,0.6504761911338429
2009-07-07,2,0.2034120900803319,0.018848563587335266,0.7777012751260549,3.8071206277971296e-05,0.7777012751260549,0.5947032131720223,0.4289876882220044
2009-07-08,2,6.600985693232107e-05,0.1517189785280796,0.8452944170591221,0.002920594555865966,0.8452944170591221,0.44584908119071004,0.3216121292093691
2009-07-09,1,3.400859877627135e-17,0.9832337191596712,0.013345026075474583,0.003421254764854197,0.9832337191596712,0.09365525023975875,0.06755798253705743
2009-07-10,1,1.2084069789334317e-05,0.9378833251860715,0.060125016501047505,0.0019795742430917065,0.9378833251860715,0.24163685304514457,0.17430414479212264
2009-07-13,1,0.00026762460533473004,0.595201525699875,0.40356973194645945,0.0009611177483308183,0.595201525699875,0.6839037598741251,0.4933322814078584
2009-07-14,1,1.3663951995651982e-05,0.8134537653780395,0.1857670987782268,0.0007654718917380003,0.8134537653780395,0.4862906333837789,0.35078454260676545
2009-07-15,1,1.3237900682791999e-08,0.9772256589524483,0.021321202574654537,0.0014531252349966046,0.9772256589524483,0.11405315435458489,0.08227196009255155
2009-07-16,1,0.09619336689812498,0.4603692956448342,0.4427876133664201,0.000649724090620718,0.4603692956448342,0.9478391192351832,0.6837213984405809
2009-07-17,1,0.002676161288310843,0.4271601092582838,0.5697473335695084,0.00041639588389716213,0.5697473335695084,0.7029522763954092,0.5070728815686324
2009-07-20,2,0.10856396555943798,0.051857210866937946,0.8394042423395836,0.0001745812340404776,0.8394042423395836,0.5429753653679773,0.39167393347062696
2009-07-21,2,0.013279838194691137,0.04191146142045088,0.9444855631070366,0.00032313727782161004,0.9444855631070366,0.24688167074140102,0.17808748103250058
2009-07-22,2,7.187316329412975e-05,0.04052651923622909,0.9592528824096518,0.0001487251908248698,0.9592528824096518,0.17182179610552534,0.12394322657903802
2009-07-23,2,5.109229234219006e-05,0.0949298216783631,0.9046348738730109,0.0003842121562839823,0.9046348738730109,0.31771587026429193,0.22918355522100764
2009-07-24,2,0.08215529183569316,0.011600648819261974,0.9062004405091642,4.3618835880776896e-05,0.9062004405091642,0.3467123807066226,0.25010011613012534
2009-07-27,2,0.134931410579374,0.0015800393766321563,0.8634742339583922,1.43160856015804e-05,0.8634742339583922,0.40736794775339036,0.2938538590204653
2009-07-28,2,0.26332244399349,0.0007207191945743683,0.735919222578292,3.761423364361595e-05,0.735919222578292,0.5826274836395656,0.4202768906662085
2009-07-29,2,0.4236862907015449,0.0006575719036632702,0.5756153777780239,4.075961676809847e-05,0.5756153777780239,0.6869970145537035,0.49556359300107555
2009-07-30,2,0.43831482671660654,0.0011876574554104257,0.5602945738031065,0.00020294202487655582,0.5602945738031065,0.6958297191597719,0.5019350425674816
2009-07-31,2,0.0004901275047803291,0.025609461014921796,0.9698936063168296,0.004006805163468231,0.9698936063168296,0.1493537556874393,0.10773596133420525
2009-08-03,2,1.0613641410565222e-08,0.20732560137456027,0.7890191374235671,0.003655250588231263,0.7890191374235671,0.5337011797630796,0.3849840226803921
2009-08-04,2,0.056489855060237584,0.016840817376861043,0.9266236479042916,4.56796586097501e-05,0.9266236479042916,0.30218407312981543,0.2179797318700063
2009-08-05,2,0.0005666614882487854,0.03031139115285057,0.9689369260258787,0.00018502133302205603,0.9689369260258787,0.14237767284992653,0.10270378127695011
2009-08-06,2,0.09780616387062316,0.0063386793963213705,0.8957992161532237,5.594057983179674e-05,0.8957992161532237,0.3585777614633427,0.2586591791181151
2009-08-07,2,0.0005546301437041279,0.019111450762673544,0.9798512277384442,0.0004826913551780829,0.9798512277384442,0.10342142944954635,0.07460279169425417
2009-08-10,2,0.010095432157778765,0.0026013868508940083,0.9872380688857824,6.511210554473147e-05,0.9872380688857824,0.07518578939172736,0.05423508275038355
2009-08-11,2,0.04417644982484932,0.0006171378952936836,0.9551757771928958,3.063508696129052e-05,0.9551757771928958,0.18649480789178563,0.13452756724850953
2009-08-12,2,0.06034245354565519,0.0003552224831011676,0.9392867732325555,1.5550738688253996e-05,0.9392867732325555,0.23124999855767084,0.16681161306236583
2009-08-13,2,8.65225357787955e-05,0.00601830686796974,0.9931650871929879,0.0007300834032636057,0.9931650871929879,0.043665145971282265,0.03149774477623081
2009-08-14,2,3.5832554112258632e-06,0.029500958668875497,0.969471444263451,0.0010240138122622736,0.969471444263451,0.14109369884278164,0.10177758981058098
2009-08-17,2,0.0001625985559823898,0.011617153008461216,0.9880961377706883,0.00012411066486805168,0.9880961377706883,0.06612515125550761,0.04769921389717672
2009-08-18,2,0.29453625480401363,0.0009061010490355641,0.7045440373124917,1.3606834459176108e-05,0.7045440373124917,0.6132627112311038,0.44237553612761693
2009-08-19,2,0.0008477838333330407,0.0024288214342276953,0.9964605992086116,0.0002627955238277218,0.9964605992086116,0.02631828179543657,0.018984627315497313
2009-08-20,2,0.05292791827870337,0.0007889142477086685,0.9462365592155321,4.6608258055851575e-05,0.9462365592155321,0.2139389550668803,0.1543243347639775
2009-08-21,2,2.1456970170172457e-06,0.008977456353899613,0.9907374716043537,0.000282926344729582,0.9907374716043537,0.05387020291283947,0.03885913729701785
2009-08-24,2,0.07569257876436168,0.0017699460782451824,0.9224887566381845,4.8718519208622185e-05,0.9224887566381845,0.28149426504297714,0.2030551901080933
2009-08-25,2,0.08295391962215237,0.0018091415646352541,0.9151225862186582,0.00011435259455428805,0.9151225862186582,0.3001425936833163,0.21650711573323578
2009-08-26,2,0.5299670567138596,0.00011670426254028025,0.46991092501661114,5.314006988835872e-06,0.5299670567138596,0.6925013370313315,0.49953412237203937
2009-08-27,0,0.8022899868102348,4.168966036413527e-05,0.19766632265048298,2.0008789181001834e-06,0.8022899868102348,0.49763096460891615,0.3589648624170373
2009-08-28,0,0.9622897854614039,8.38134595367692e-06,0.03770128922524705,5.439673952497791e-07,0.9622897854614039,0.16068301982948235,0.11590829793152858
2009-08-31,0,0.9757619177462865,4.974505589221306e-06,0.02423286169714679,2.4605097742946763e-07,0.9757619177462865,0.11415377808045289,0.08234454476770432
2009-09-01,2,0.40333624137599583,0.000538908842254166,0.5961050779315107,1.977185023947592e-05,0.5961050779315107,0.6788811071798192,0.489709203340767
2009-09-02,2,0.015374226781470433,0.001911730977719838,0.9825552979080314,0.0001587443327782863,0.9825552979080314,0.0948356926742148,0.06840949176017974
2009-09-03,2,0.05019802550765748,0.0006967214493254725,0.9490861123686383,1.9140674378678703e-05,0.9490861123686383,0.20504912288885324,0.14791167636519012
2009-09-04,2,1.8780732888006307e-06,0.053133865310134046,0.9449370418770202,0.0019272147395569372,0.9449370418770202,0.22153621689933772,0.15980460074898817
2009-09-08,2,0.02898785553689857,0.012189209773429077,0.9587552661691251,6.766852054727872e-05,0.9587552661691251,0.1973947117541345,0.1423901858726981
2009-09-09,2,0.4534923729716466,0.0004964607625706391,0.5460051513028247,6.014962958111391e-06,0.5460051513028247,0.6928630315197488,0.4997950297944176
2009-09-10,2,4.823567260333571e-06,0.13927632097446083,0.8397290298760987,0.02098982558218007,0.8397290298760987,0.5023931032787047,0.362400019338502
2009-09-11,2,0.14500786966106657,0.010164202740834039,0.8447504136053806,7.751399271896767e-05,0.8447504136053806,0.4699027384178697,0.3389631752078022
2009-09-14,2,0.19081472723292925,0.0012295304321972103,0.8079426739921505,1.3068342722946176e-05,0.8079426739921505,0.4967669175534277,0.35834158421601336
2009-09-15,2,0.04266598347950161,0.0012009226697335326,0.9560755199331072,5.7573917657658526e-05,0.9560755199331072,0.18616680834895477,0.13429096559158157
2009-09-16,2,0.00793874679180437,0.0004437462807236971,0.9915723520057204,4.515492175149719e-05,0.9915723520057204,0.05066144264464967,0.036544506033858365
2009-09-17,2,0.004894692369060448,0.0033702787136434915,0.9913830166801337,0.00035201223716243164,0.9913830166801337,0.05660290829723543,0.04083036755015716
2009-09-18,2,0.009795424286597753,0.0011178885489478842,0.9890589688590671,2.7718305387319665e-05,0.9890589688590671,0.06408140408815252,0.0462249619455897
2009-09-21,2,0.47909900717206305,0.00026714482442683336,0.5206222498190021,1.1598184508002165e-05,0.5206222498190021,0.6946998986290416,0.5011200493290919
2009-09-22,0,0.7588948615887876,9.468741990727389e-05,0.24100278625230595,7.66473899901106e-06,0.7588948615887876,0.5532747405669165,0.39910336223250914
2009-09-23,0,0.9438718851298994,1.6785985336279822e-05,0.056110599582985525,7.2930177882176e-07,0.9438718851298994,0.21634015763175235,0.15605643628023289
2009-09-24,0,0.963348994854282,9.237930084492357e-06,0.03664129810132886,4.6911430468219546e-07,0.963348994854282,0.15724228000695714,0.11342632879205544
2009-09-25,2,0.36268289294869044,0.0003437693185451143,0.6369442580475105,2.9079685253898113e-05,0.6369442580475105,0.6581965043886809,0.47478841640600045
2009-09-28,2,0.22749031709609105,0.00045745562762095017,0.7720102284503678,4.199882592026071e-05,0.7720102284503678,0.5405374289118057,0.38991533405296636
2009-09-29,0,0.8308432188905019,3.000972079289303e-05,0.16912522633095728,1.5450577479441618e-06,0.8308432188905019,0.4548553349901663,0.32810876805610056
2009-09-30,2,0.23607283850355712,0.0010878779528038398,0.7627172001622583,0.0001220833813807346,0.7627172001622583,0.5559171477111767,0.40100945607402605
2009-10-01,2,6.049155859471007e-06,0.0038355113228425064,0.9958205618058303,0.00033787771546769636,0.9958205618058303,0.028282659444508685,0.020401626261872044
2009-10-02,2,0.11006752773819535,0.0008204999196958595,0.8890928544546466,1.9117887462308587e-05,0.8890928544546466,0.353435665914649,0.25494994124417625
2009-10-05,2,0.04141169525411909,0.00020024032473538837,0.9583640506178149,2.4013803330487355e-05,0.9583640506178149,0.1745803501531602,0.1259331027013115
2009-10-06,2,0.15820259502222986,0.000399758695723681,0.8413786966156435,1.8949666403118903e-05,0.8413786966156435,0.44035783759166414,0.3176510342550407
2009-10-07,2,0.08019656952344265,0.0005151513647593335,0.9192489698739438,3.9309237854259305e-05,0.9192489698739438,0.28405613516170647,0.20490318876593952
2009-10-08,2,5.7785243139115034e-09,0.09626996998630732,0.8996446345674393,0.004085389667729129,0.8996446345674393,0.34294283294181455,0.24738096219678404
2009-10-09,2,0.00010129521841468933,0.20394757158520607,0.7954165738802794,0.0005345593160998574,0.7954165738802794,0.5112760939891061,0.3688077426615815
2009-10-13,1,1.0312340881594857e-09,0.6693001135049471,0.3113647152908854,0.019335170172933562,0.6693001135049471,0.7083298495560304,0.5109519806340553
2009-10-14,1,9.704640192230108e-12,0.9628095726024825,0.03582483412984201,0.0013655932579707813,0.9628095726024825,0.16476276223518663,0.11885120999993556
2009-10-15,1,0.043691989290690694,0.4174311563113871,0.5379856273857995,0.0008912270121226784,0.5379856273857995,0.8412333695576942,0.6068216052455991
2009-10-16,2,0.005592908348975642,0.11490266141191101,0.8792059454846441,0.0002984847544692943,0.8792059454846441,0.39322598219120497,0.28365258722797165
2009-10-19,2,0.11257483195804822,0.005527780843186615,0.8818550276715525,4.2359527212619846e-05,0.8818550276715525,0.3859121515936028,0.2783767736614403
2009-10-20,2,0.3892652829194044,0.0005072834522975321,0.6102147689315547,1.2664696743451162e-05,0.6102147689315547,0.6726729399969471,0.4852309573368974
2009-10-21,2,8.43756640451507e-06,0.005830841076230663,0.993201051819401,0.0009596695379638037,0.993201051819401,0.043540335804976786,0.031407713272240095
2009-10-22,2,0.14902675651176558,0.0006854207262129615,0.850265726749918,2.2096012103357633e-05,0.850265726749918,0.4268407139525048,0.3079004906343916
2009-10-23,2,0.12738585402750616,0.0004560412315090247,0.8721420001527292,1.610458825556272e-05,0.8721420001527292,0.38548064887566585,0.27806551024579146
2009-10-26,2,0.0026594883177017033,0.002185185114369831,0.9950665748134242,8.875175450428258e-05,0.9950665748134242,0.03490558294809348,0.025179055709276418
2009-10-27,2,4.2361670838873e-07,0.002412387857712999,0.9967424198638479,0.0008447686617307097,0.9967424198638479,0.023776241109628497,0.01715093256992067
2009-10-28,2,0.00022862722506477334,0.004805391811461549,0.9946932004224638,0.0002727805410100093,0.9946932004224638,0.03509929986285875,0.025318792925410498
2009-10-29,2,8.236612165020742e-07,0.044754094387734464,0.9544263347386358,0.0008187472124132021,0.9544263347386358,0.18938184973162592,0.1366101277210978
2009-10-30,2,3.0075458680537364e-12,0.48480189667728374,0.5051385270318979,0.010059576287810897,0.5051385270318979,0.7422406240151345,0.5354134337064821
2009-11-02,2,0.003467316900817364,0.04824704403329798,0.9479772154980003,0.0003084235678842344,0.9479772154980003,0.2190360804704966,0.1580011335352707
2009-11-03,2,0.030206842556461905,0.0038743746292380643,0.9658870886396438,3.1694174656270124e-05,0.9658870886396438,0.1610829946666381,0.11619681878855108
2009-11-04,2,0.00048334122157730244,0.011575524068211917,0.9877522935955979,0.00018884111461281395,0.9877522935955979,0.06909550972138911,0.04984187461137162
2009-11-05,2,5.08831322303942e-05,0.008503932714950613,0.9910519335214142,0.00039325063140482853,0.9910519335214142,0.053034619122879684,0.03825639100200676
2009-11-06,0,0.5124229563885011,0.0004586052877441745,0.48710936361076207,9.074712992787865e-06,0.5124229563885011,0.6966008104254864,0.5024912673400411
2009-11-09,2,0.35507038362649673,0.0007722177256842186,0.6441172546774491,4.014397037008328e-05,0.6441172546774491,0.6569248430934235,0.47387110668382126
2009-11-10,2,0.1915522789858909,0.00651779676819132,0.8001934772998989,0.0017364469460190172,0.8001934772998989,0.5387649638700162,0.3886367707899969
2009-11-12,2,0.06620845366496442,0.0174296365764853,0.9140930809155611,0.0022688288429892336,0.9140930809155611,0.34625542807964005,0.2497704944856909
2009-11-13,0,0.6566641636711008,0.0003746731953491918,0.34295574431941794,5.418814132119715e-06,0.6566641636711008,0.6462185832883055,0.46614817272016495
2009-11-16,2,0.01872272618693349,0.005213538631847953,0.9746128234938652,0.0014509116873532573,0.9746128234938652,0.1364289588572176,0.09841269118847612
2009-11-17,2,0.17278590833729005,0.0004862977961727147,0.82671504630902,1.2747557517146447e-05,0.82671504630902,0.46453395289226346,0.33509041508110793
2009-11-18,2,0.08808557956716126,0.0007188780562588038,0.9111730484897759,2.249388680415403e-05,0.9111730484897759,0.3042025876608404,0.21943578232194233
2009-11-19,2,0.4005165871959482,0.00020839836130140608,0.5992658000851175,9.21435763289728e-06,0.5992658000851175,0.6752000278137504,0.487053865867494
2009-11-20,0,0.9330940087924813,1.0368161801570904e-05,0.06689516029009152,4.6275562569884115e-07,0.9330940087924813,0.24566843921906914,0.1772123194821414
2009-11-23,0,0.9649687058723014,4.640926373915109e-06,0.035026340327421426,3.128739033155235e-07,0.9649687058723014,0.15186829040651637,0.10954981471888305
2009-11-24,0,0.9932118030570278,5.915812990363656e-07,0.006787571606333821,3.3755339394376084e-08,0.9932118030570278,0.04066222023675617,0.02933159174355149
2009-11-25,0,0.9944398523768416,2.0376359960663875e-07,0.005559922671717959,2.1187840847318973e-08,0.9944398523768416,0.034416244599872824,0.024826072705129047
2009-11-27,0,0.6990834432851529,5.163938522261936e-06,0.30091068917256864,7.036037560960274e-07,0.6990834432851529,0.6117105534028249,0.44125589092684947
2009-11-30,0,0.7798597878096081,1.9889526541109456e-05,0.22011762771989796,2.6949439529735284e-06,0.7798597878096081,0.5273236386950504,0.3803835992444364
2009-12-01,2,0.14059981786266104,0.0007230170277213218,0.8586503147648366,2.6850344781257806e-05,0.8586503147648366,0.41219827735355236,0.2973382053004718
2009-12-02,0,0.8088431884015269,4.221956992048627e-05,0.1911126464840597,1.9455444930109824e-06,0.8088431884015269,0.48831793983978034,0.3522469350919831
2009-12-03,0,0.925891068715007,1.8717656713622603e-05,0.07408943906810524,7.745601739421866e-07,0.925891068715007,0.2643235094914332,0.19066910816682875
2009-12-04,2,0.0374590681230878,0.0009108404754177388,0.9615744812455606,5.56101559340397e-05,0.9615744812455606,0.16763391268417507,0.12092230725713644
2009-12-07,2,0.12897853786155472,0.0002808209889241395,0.8707256411957899,1.4999953731222329e-05,0.8707256411957899,0.38715835448412067,0.2792757190264861
2009-12-08,2,0.33915135269744107,0.00022541891982608394,0.6606123263695842,1.0902013148634608e-05,0.6606123263695842,0.6426268962007322,0.4635573181453315
2009-12-09,2,0.02557876944163071,0.0011178793558720905,0.9732345205848705,6.883061762652932e-05,0.9732345205848705,0.12843275497929008,0.09264464934816456
2009-12-10,2,0.0020285776583898667,0.0013328319639744329,0.9966001276054819,3.8462772153869346e-05,0.9966001276054819,0.02518707260499767,0.018168632370870203
2009-12-11,2,0.4419556350809679,0.00013021464585312174,0.55790854316643,5.607106748751083e-06,0.55790854316643,0.687682985923915,0.4960584167480735
2009-12-14,0,0.8702918717284852,2.6871646471629352e-05,0.12967965566897072,1.600956072649611e-06,0.8702918717284852,0.3861059820168175,0.27851659275661295
2009-12-15,2,0.1845903687922005,0.0005277053616364265,0.8148610858408281,2.0840005334957486e-05,0.8148610858408281,0.48292679464758886,0.34835804587523966
2009-12-16,0,0.5674043633551656,0.00011435884702476931,0.4324730083655412,8.269432268305921e-06,0.5674043633551656,0.6851873307002324,0.49425818204058575
2009-12-17,2,0.0031430951956726086,0.002989768745397609,0.9936061608004004,0.0002609752585292857,0.9936061608004004,0.04401712639595375,0.031751644982812584
2009-12-18,2,3.583593890349958e-08,0.010165706412372586,0.9894204409538944,0.00041381679779405343,0.9894204409538944,0.060395416694056486,0.0435660840784689
2009-12-21,2,9.629994634453017e-05,0.009137338119169659,0.9906586186043634,0.00010774333012234132,0.9906586186043634,0.05407584832822205,0.03900747910749485
2009-12-22,2,0.002795124851179226,0.002614511549477761,0.9945254710576409,6.48925417021659e-05,0.9945254710576409,0.03806791345831363,0.027460194981649654
2009-12-23,2,0.4383989199950344,0.00035836947815744374,0.5612251710513065,1.7539475501767975e-05,0.5612251710513065,0.6887327345836295,0.49681565034084846
2009-12-24,2,0.07394557282974218,0.0007391978027074722,0.9252911769051313,2.40524624190316e-05,0.9252911769051313,0.27001705315618146,0.1947761317719373
2009-12-28,0,0.6947097978708319,6.781710482968621e-05,0.305218334420769,4.050603569320331e-06,0.6947097978708319,0.6159681057683746,0.44432706576890124
2009-12-29,2,0.10332197401696484,0.0005233993157646203,0.8961104185235104,4.4208143760229796e-05,0.8961104185235104,0.3372245329230693,0.24325608065710455
2009-12-30,2,0.3554352938575575,0.00017285228878562728,0.6443804313023451,1.1422551311800684e-05,0.6443804313023451,0.6524772622371906,0.47066285526120133
2009-12-31,2,0.002173920126211706,0.0013767812595940237,0.9963831345602803,6.616405391408382e-05,0.9963831345602803,0.02664607212050489,0.019221078053711035
2010-01-04,2,0.1823301278495031,0.0005568438086723739,0.8170872969785934,2.5731363231164793e-05,0.8170872969785934,0.47981801670446406,0.34611553661435407
2010-01-05,2,0.39502481683972246,0.0002296688122744608,0.6047305643678994,1.4949980103672971e-05,0.6047305643678994,0.6731548676010889,0.48557859461917885
2010-01-06,2,1.7001182211229778e-10,0.05960682077836629,0.9347334734929252,0.005659705558696646,0.9347334734929252,0.2604646034555805,0.18788549586623818
2010-01-07,2,0.3605052827311512,0.0029977689276901357,0.6364782326839584,1.871565720041233e-05,0.6364782326839584,0.6729895608510288,0.4854593510049103
2010-01-08,0,0.8941021291958005,3.758508688410548e-05,0.10585938168545103,9.040318643383304e-07,0.8941021291958005,0.33819954522311285,0.24395940336214383
2010-01-11,0,0.9583420048748439,6.142444893752787e-06,0.04165155801866895,2.9466159352743527e-07,0.9583420048748439,0.17324213609912484,0.12496778531160914
2010-01-12,2,0.021839298300734222,0.0019934247917490215,0.9759920070478817,0.00017526985963502064,0.9759920070478817,0.12114276941419506,0.0873860363367072
2010-01-13,2,1.1367428392528938e-09,0.01623025460757953,0.9829956385308822,0.0007741057247954597,0.9829956385308822,0.08928742699569817,0.06440726407021455
2010-01-14,2,5.276871446347286e-06,0.03138468584786314,0.9676745794836888,0.0009354577970016517,0.9676745794836888,0.14702174058455494,0.10605376802210054
2010-01-15,2,0.18927338838509142,0.0031307069306698034,0.8075735611393652,2.2343544873649373e-05,0.8075735611393652,0.5059454645428967,0.36496250632814997
2010-01-19,0,0.6911032206680521,0.00011620119649400089,0.30877739977093904,3.1783645148298815e-06,0.6911032206680521,0.6192872649705861,0.446721333029377
2010-01-20,2,0.08635618898355328,0.0007684198930406708,0.9128257574320467,4.9633691359432604e-05,0.9128257574320467,0.30077149958655625,0.2169607754471308
2010-01-21,2,0.07343016065027193,0.0003743099439448614,0.9261732707647365,2.225864104660106e-05,0.9261732707647365,0.2659808265913618,0.1918646097474525
2010-01-22,2,0.05737809835348954,0.000628046529067722,0.9419649428689632,2.8912248479589576e-05,0.9419649428689632,0.22524207579134456,0.16247781287185442
2010-01-25,2,0.4379793301797179,0.0001433710622732473,0.5618715194508684,5.77930714045358e-06,0.5618715194508684,0.6868359408546449,0.4954474028876508
2010-01-26,0,0.7107186342722623,8.359459721660844e-05,0.2891934933491431,4.277781377947308e-06,0.7107186342722623,0.6023236366447533,0.43448466179879575
2010-01-27,0,0.9249881848137619,2.553236842946416e-05,0.07498446140955839,1.8214082503432816e-06,0.9249881848137619,0.2666647358641799,0.19235794600560882
2010-01-28,0,0.9536645990025995,7.311787850028299e-06,0.046327718696874964,3.7051267546531794e-07,0.9536645990025995,0.1876563355708064,0.1353654323596988
2010-01-29,0,0.39142970086969164,0.00017648230619162218,0.6083813568234031,1.2460000713618163e-05,0.6083813568234031,0.671144313401633,0.4841282863326821
2010-02-01,2,0.00017415323945137423,0.0017020353603694244,0.9979953251621388,0.0001284862380403624,0.9979953251621388,0.015513316374851704,0.011190492300870053
2010-02-02,2,0.008529778239821232,0.0023492379138249433,0.9889287341276518,0.00019224971870195653,0.9889287341276518,0.06751377631760302,0.048700895142546316
2010-02-03,2,3.8492773878771005e-05,0.007567160893603727,0.9922242214598354,0.0001701248726820753,0.9922242214598354,0.046570798661325394,0.03359373013946626
2010-02-04,2,5.087386507561169e-08,0.1389549296245664,0.8570322947813771,0.0040127247201914625,0.8570322947813771,0.4286091118644202,0.309176120083311
2010-02-05,2,0.024299755849919568,0.07415673382984699,0.901128777754016,0.0004147325662174472,0.901128777754016,0.3802972683862345,0.27432649158221983
2010-02-08,2,0.03354172669130713,0.009924519593420568,0.9564931940470928,4.0559668179562606e-05,0.9564931940470928,0.20260880839351586,0.14615136155487377
2010-02-09,2,0.29525025067681415,0.0010467189830615654,0.7036854933488764,1.753699124775435e-05,0.7036854933488764,0.614851762811102,0.443521794544707
2010-02-10,2,0.33880530212766446,0.0003410953651254371,0.6608422544407919,1.1348066418233837e-05,0.6608422544407919,0.6432986983028316,0.4640419209259103
2010-02-11,2,0.425205216148303,0.00025094478395374097,0.574528936233525,1.4902834218215452e-05,0.574528936233525,0.6842811619887686,0.49360451948746703
2010-02-12,0,0.7450768571865473,6.918830533687162e-05,0.25485004879794587,3.905710169952164e-06,0.7450768571865473,0.56836396631393,0.4099879378105444
2010-02-16,2,0.4238597178536702,0.0005565530342974797,0.5754870914915593,9.663762047293557e-05,0.5754870914915593,0.6868639493402454,0.49546760673929013
2010-02-17,2,0.0033902018377489043,0.0022372453608940825,0.994307515451536,6.503734982109926e-05,0.994307515451536,0.03923568223617317,0.028302562094011115
2010-02-18,2,0.43980559236637834,0.00018372775295991657,0.5600044993011122,6.1805795495550175e-06,0.5600044993011122,0.6876172363117515,0.4960109884283692
2010-02-19,2,0.07378116480638951,0.0016978712015072125,0.9243444173770665,0.00017654661503691566,0.9243444173770665,0.27739584238782095,0.2000988030880629
2010-02-22,2,0.005025813075411327,0.00110434999647418,0.9938306735086586,3.916341945596442e-05,0.9938306735086586,0.04066911645388804,0.029336566312680015
2010-02-23,2,0.00045821230268635005,0.004126694766105126,0.9951451424318233,0.0002699504993852147,0.9951451424318233,0.033240831526976725,0.023978191399497417
2010-02-24,2,0.005759717168639026,0.0014381835305227759,0.9927586387228878,4.346057795045786e-05,0.9927586387228878,0.046765688556203666,0.033734313481896386
2010-02-25,2,0.027196391778798002,0.000730330919040882,0.972012556637775,6.072066438602305e-05,0.972012556637775,0.13149014298056994,0.0948500886019245
2010-02-26,2,0.08119606946744469,0.0006632947836747906,0.9180714250689364,6.921067994408664e-05,0.9180714250689364,0.2878682054929616,0.20765301624715038
2010-03-01,2,0.0180056054039524,0.0007324488706278011,0.9812268211982306,3.5124527189177246e-05,0.9812268211982306,0.09657355837680079,0.06966309687560565
2010-03-02,0,0.6369208367377943,6.794890265759722e-05,0.36300801998459536,3.19437495265766e-06,0.6369208367377943,0.6558608543352245,0.47310360103131355
2010-03-03,0,0.948036053403823,7.477447045097971e-06,0.05195599512556265,4.7402356910624703e-07,0.948036053403823,0.20433745767056144,0.14739831842458873
2010-03-04,0,0.9859362825306587,1.6320417645274985e-06,0.014061979443207378,1.0598436939543777e-07,0.9859362825306587,0.07395203304872917,0.05334511567152916
2010-03-05,2,0.1285283197825743,0.0002556743865018316,0.871206545346822,9.460484101855768e-06,0.871206545346822,0.3860323967887942,0.278463512234837
2010-03-08,2,0.4601322788241599,0.0001280028991009509,0.5397339608876927,5.757389046603493e-06,0.5397339608876927,0.6912330345017711,0.49861923548716747
2010-03-09,0,0.932324939381069,1.1074755112454406e-05,0.06766341959329056,5.662705279379011e-07,0.932324939381069,0.24769791096501012,0.17867627389388804
2010-03-10,0,0.9926701667821681,6.528880339637312e-07,0.007329149484925034,3.084487297823107e-08,0.9926701667821681,0.043342071079175176,0.03126469550389149
2010-03-11,0,0.9777585427851982,7.256890423400021e-07,0.02224067973363841,5.179212097142257e-08,0.9777585427851982,0.10664768501898989,0.07693004314959245
2010-03-12,0,0.9906439548443188,4.900216923441197e-07,0.009355525470792466,2.9663196476336292e-08,0.9906439548443188,0.05302680686199254,0.038250755646986746
2010-03-15,0,0.990375862022526,3.688247296884916e-07,0.009623751945793776,1.7206950581450307e-08,0.990375862022526,0.05427154265927141,0.03914864272796234
2010-03-16,0,0.9687234555447338,1.5319215707847803e-06,0.031274861739983506,1.5079371187718518e-07,0.9687234555447338,0.13917067184135606,0.10039041905135485
2010-03-17,0,0.9839683914340692,1.5943440916257692e-06,0.01602991642368357,9.779815543010903e-08,0.9839683914340692,0.08218170145190486,0.05928156656824023
2010-03-18,0,0.9014187870972415,7.037682929608441e-06,0.09857380628797822,3.6893185063732034e-07,0.9014187870972415,0.32203355676411394,0.23229810767171086
2010-03-19,0,0.9808499858910918,3.589482405109144e-06,0.01914618833917822,2.3628732485629484e-07,0.9808499858910918,0.09474973028684282,0.06834748300519748
2010-03-22,0,0.993267636527265,2.6242143563230883e-07,0.006732084360671625,1.669062755040811e-08,0.993267636527265,0.04038020743249689,0.029128162506465462
2010-03-23,0,0.978673321420792,5.421725474906451e-07,0.02132611163077922,2.4775881101594106e-08,0.978673321420792,0.1031649911402541,0.07441781055569922
2010-03-24,2,1.01296443706833e-06,0.011752545872232718,0.9877648948942243,0.00048154626910590636,0.9877648948942243,0.06807684219067979,0.04910706131393715
2010-03-25,2,0.0014864077355236178,0.004244354641099913,0.9941857084209139,8.352920246261704e-05,0.9941857084209139,0.03944367357959404,0.028452596133861675
2010-03-26,2,0.030761466935182037,0.0007200798238628891,0.9684912403041745,2.7212936780540834e-05,0.9684912403041745,0.14359953806709194,0.10358517072166974
2010-03-29,2,0.09129058087240664,0.0003707499832708265,0.9083106793525465,2.798979177605261e-05,0.9083106793525465,0.30909646621610615,0.22296596948313968
2010-03-30,0,0.7878720473433191,3.544061735513458e-05,0.21209071135438987,1.8006849359892731e-06,0.7878720473433191,0.5171289298457515,0.3730296712943412
2010-03-31,0,0.8691366795560981,2.701016104460925e-05,0.13083427579727275,2.034485584577631e-06,0.8691366795560981,0.38830532063465184,0.2801030802152055
2010-04-01,0,0.9810119069907637,3.818912969115708e-06,0.018984044391390228,2.2970487685177718e-07,0.9810119069907637,0.09411354307095084,0.06788857093447533
2010-04-05,2,3.6407087707195346e-05,0.0030168382856237026,0.9968255110090549,0.00012124361761425469,0.9968255110090549,0.02214325174530023,0.015972979741050265
2010-04-06,2,0.0022450752956507804,0.0014425446464899113,0.9962477222886381,6.465776922120187e-05,0.9962477222886381,0.027497879121859407,0.019835526922035367
2010-04-07,2,8.92873722797965e-06,0.0033352731488532164,0.9962065565694247,0.00044924154449416543,0.9962065565694247,0.026374510263133782,0.01902518758124909
2010-04-08,2,0.00011988246171543039,0.0023993379662062752,0.9974031961722971,7.758339978123312e-05,0.9974031961722971,0.01888426535768751,0.013622117991183508
2010-04-09,2,0.4669206631056549,0.00016704440170989385,0.532905602030734,6.69046190120901e-06,0.532905602030734,0.6925540515347325,0.49957214784835907
2010-04-12,0,0.9249481784471929,1.5180983181077026e-05,0.07503576175809644,8.78811529714034e-07,0.9249481784471929,0.26666980036325777,0.19236159926946095
2010-04-13,0,0.9922777780697773,8.053183298034233e-07,0.007721371796919795,4.481497300798878e-08,0.9922777780697773,0.045259311362260204,0.03264769202819116
2010-04-14,2,0.25196139058463274,9.300233716455864e-05,0.7479417253378091,3.8817403936974655e-06,0.7479417253378091,0.5654601572753285,0.4078932823607049
2010-04-15,0,0.7687514247169069,4.315904088444904e-05,0.2312032495351116,2.16670709695446e-06,0.7687514247169069,0.5412215997135098,0.39040885896433614
2010-04-16,0,0.6759655485624937,0.00014802368700487405,0.3238782234335647,8.204316936818657e-06,0.6759655485624937,0.6312547040567986,0.4553540155402868
2010-04-19,2,0.3349654243801607,0.000345153517521371,0.6646727011704203,1.6720931897569277e-05,0.6646727011704203,0.6407889302234094,0.4622315059449284
2010-04-20,2,0.4784511723507232,0.00019905901762847764,0.5213359634949382,1.3805136710232847e-05,0.5213359634949382,0.6941432940250755,0.500718543978153
2010-04-21,0,0.6111619285668345,0.00010907231419997936,0.38871961588446186,9.383234503569818e-06,0.6111619285668345,0.6693357958243472,0.48282371666262675
2010-04-22,2,0.1266836892932614,0.000269226968241164,0.873029960898488,1.7122840009267443e-05,0.873029960898488,0.3826820329915599,0.27604673561711507
2010-04-23,0,0.6645894719613828,6.611866888600228e-05,0.33534088371739623,3.5256523349309295e-06,0.6645894719613828,0.6386184255871415,0.4606658178074433
2010-04-26,0,0.9682433371419278,4.7189824240012695e-06,0.03175172767802433,2.161976238830609e-07,0.9682433371419278,0.14084555576301108,0.10159859241527303
2010-04-27,2,5.819694887237762e-05,0.0016200811149426808,0.9980159992813297,0.0003057226548552005,0.9980159992813297,0.015433184586912441,0.011132689434331282
2010-04-28,2,0.00013789957509197226,0.0011894897851551403,0.9986155645113387,5.70461284142489e-05,0.9986155645113387,0.01117699753647007,0.008062499458946767
2010-04-29,2,0.00025346485325506823,0.002029191799976024,0.9975214932328013,0.0001958501139677545,0.9975214932328013,0.018827621820562624,0.013581258316129267
2010-04-30,2,0.06226814841339588,0.00041493751198424676,0.937282319804383,3.459427023678296e-05,0.937282319804383,0.23717048016205058,0.17108233778752233
2010-05-03,2,0.02750337124644917,0.0004697067202213818,0.9720015152456835,2.5406787646043745e-05,0.9720015152456835,0.1303030832337503,0.09399380599693671
2010-05-04,2,2.916423220840281e-07,0.03455221708410989,0.9624509368302185,0.0029965544433495257,0.9624509368302185,0.17052835751163126,0.12301020785648532
2010-05-05,2,0.0036002030131780105,0.0050330837591573705,0.991259541608492,0.00010717161917268729,0.991259541608492,0.05657299163156638,0.04080878723755682
2010-05-06,3,1.07436724945225e-34,0.4591908663921652,2.3784583155258425e-05,0.5407853490246796,0.5407853490246796,0.6900750877508722,0.4977839534695998
2010-05-07,1,4.0680519008335353e-16,0.9689886204604273,0.0038892448260065032,0.027122134713565824,0.9689886204604273,0.14994952556042696,0.10816571845484042
2010-05-10,1,6.421651503449417e-17,0.9501913662275077,0.004316942644983104,0.04549169112750909,0.9501913662275077,0.21263329764685812,0.15338250202149456
2010-05-11,1,0.017864149560236586,0.5624051072720232,0.41850129835109495,0.0012294448166453214,0.5624051072720232,0.7683699798305802,0.5542617797347654
2010-05-12,2,0.025553944406138354,0.21903148210565496,0.7551852747150554,0.00022929877315133623,0.7551852747150554,0.6402851495994328,0.4618681050409749
2010-05-13,2,0.22976707722274556,0.012541913718098863,0.7576647582217767,2.6250837378934145e-05,0.7576647582217767,0.6033726385791923,0.4352413567431448
2010-05-14,1,1.0555571451460019e-08,0.5810550764637881,0.40575052442676335,0.013194388553877081,0.5810550764637881,0.7385592645264017,0.5327578941674199
2010-05-17,1,8.302458761514011e-06,0.649727258715722,0.34857171440686485,0.0016927244186516225,0.649727258715722,0.6584268610780841,0.4749545836327192
2010-05-18,2,5.757402727623702e-05,0.32609520702605294,0.6727734224144712,0.0010737965321996517,0.6727734224144712,0.6399658073208511,0.46163774828014686
2010-05-19,1,2.4855375814976898e-05,0.6243914736254886,0.37340217038341933,0.0021815006152770414,0.6243914736254886,0.6755438823563141,0.4873019044891659
2010-05-20,1,1.5087955076944417e-10,0.963864833576729,0.030086613163242074,0.006048553109149323,0.963864833576729,0.1717836218005193,0.12391568963877721
2010-05-21,1,5.897955744855658e-05,0.8377582013010832,0.1593245910675593,0.002858228073908931,0.8377582013010832,0.45827064361044867,0.3305723924608939
2010-05-24,1,0.0015793055822310655,0.49253515356056354,0.5053537992217394,0.0005317416354661958,0.5053537992217394,0.7079071215399302,0.510647046827819
2010-05-25,1,4.441300033612774e-06,0.653243562160655,0.3436083501412136,0.003143646398097793,0.653243562160655,0.6633846994965815,0.4785309080826667
2010-05-26,1,0.0003463076664785837,0.42204537482109156,0.5768459947302333,0.0007623227821964757,0.5768459947302333,0.6896756236877652,0.49749580105817093
2010-05-27,1,3.262863289007826e-08,0.8867370005028752,0.11211461844062962,0.001148348427862197,0.8867370005028752,0.3596990543990235,0.25946802099696037
2010-05-28,1,0.015125143836128894,0.38068831512682405,0.6037050218477263,0.0004815191893206613,0.6037050218477263,0.7394041455406805,0.5333673469921405
2010-06-01,2,0.16157009779003517,0.05123418330549303,0.7871274285866009,6.829031787093498e-05,0.7871274285866009,0.6358130745629069,0.4586421848021353
2010-06-02,2,0.0943387779019588,0.005388756467446252,0.9002428169031068,2.9648727488017186e-05,0.9002428169031068,0.3457850935843974,0.24943121986376815
2010-06-03,2,0.12643199509963685,0.001512157415329095,0.8720296119897161,2.623549531812956e-05,0.8720296119897161,0.39097346755065937,0.2820277413772492
2010-06-04,1,1.506839176110357e-18,0.8492212135977227,0.032146667452590066,0.11863211894968724,0.8492212135977227,0.5021868123052495,0.3622512118563101
2010-06-07,1,8.065416657516938e-10,0.9346791873945366,0.05524691777051582,0.010073894028405889,0.9346791873945366,0.26944913377203317,0.19436646453236958
2010-06-08,1,0.022527005098014263,0.5042571145786128,0.47193505822632165,0.0012808220970512705,0.5042571145786128,0.793608243149036,0.5724673383998584
2010-06-09,2,0.10591478866215798,0.0685779612461085,0.8254059059429727,0.00010134414876075904,0.8254059059429727,0.5808765304496046,0.4190138449242158
2010-06-10,2,4.784044987164885e-07,0.14661133806860402,0.8529391173831277,0.000449066143769487,0.8529391173831277,0.42063246923052217,0.3034221886978769
2010-06-11,1,2.7962011026552523e-27,0.9656072967803437,0.00032520716113431546,0.03406749605852192,0.9656072967803437,0.15153421869227812,0.10930883291616665
2010-06-14,1,4.781212403828818e-11,0.9832713641970542,0.014979750666391485,0.0017488850887422335,0.9832713641970542,0.09062197812677401,0.0653699392195225
2010-06-15,1,0.00481967837270911,0.6954159861789027,0.2988062383108559,0.0009580971375325053,0.6954159861789027,0.6459249263516204,0.4659363440170258
2010-06-16,2,0.13336260157298796,0.11127417977007346,0.7551783918571635,0.00018482679977517758,0.7551783918571635,0.726658456523595,0.5241732758233094
2010-06-17,2,0.14653736849363666,0.01647676277763753,0.836926386334864,5.948239386181444e-05,0.836926386334864,0.4986393739167974,0.3596922759708706
2010-06-18,2,0.0005160709876790443,0.00894347830935257,0.9904541909612341,8.625974173427365e-05,0.9904541909612341,0.056398485215479535,0.04068290746701093
2010-06-21,2,0.3475235248741168,0.0004970781059049568,0.6519728492664911,6.547753487240677e-06,0.6519728492664911,0.6500478153539658,0.4689103797759355
2010-06-22,2,0.04877001074066647,0.0005644877137128645,0.9506311137145428,3.4387831077883956e-05,0.9506311137145428,0.20002187761732027,0.14428528545390354
2010-06-23,2,0.0866516467298573,0.0008056826598070176,0.9124928128048566,4.98578054791316e-05,0.9124928128048566,0.3017327724656433,0.21765418725493077
2010-06-24,2,0.0020744937350878167,0.0009511021425433238,0.9969249800553307,4.942406703821458e-05,0.9969249800553307,0.02299429509246209,0.016586877749316244
2010-06-25,2,0.22694320964943387,0.0002750678011130494,0.7727626231366247,1.9099412828443374e-05,0.7727626231366247,0.5382373890208005,0.3882562059806664
2010-06-28,0,0.6449454985156554,0.0001234841298035578,0.3549231595172215,7.857837319688462e-06,0.6449454985156554,0.6517185065099872,0.4701155286987601
2010-06-29,2,0.007357059878635254,0.005291010010225208,0.9870403794778217,0.00031155063331777947,0.9870403794778217,0.07926343084289347,0.057176479300443867
2010-06-30,2,0.1306517703534465,0.0008223815091892377,0.8684949677029733,3.088043439105023e-05,0.8684949677029733,0.3945195290031222,0.284585684013327
2010-07-01,2,0.16505387236500416,0.0012530626586927456,0.8336085940107292,8.44709655739412e-05,0.8336085940107292,0.4582167477149188,0.33053351479029136
2010-07-02,2,2.6829642260055794e-05,0.006403414576719499,0.9933821961251561,0.00018755965586428748,0.9933821961251561,0.04083095337603872,0.029453306975189768
2010-07-06,2,7.12046188925466e-05,0.007137243011610412,0.9924026003424341,0.00038895202706291265,0.9924026003424341,0.04657785410798089,0.03359881956841683
2010-07-07,2,1.6826473953325722e-08,0.04005947007187991,0.9590304689714185,0.0009100441302276209,0.9590304689714185,0.17537796944005227,0.1265084633961698
2010-07-08,2,0.03275955988090478,0.009724637884086895,0.9574661321852072,4.9670049801147605e-05,0.9574661321852072,0.1991541176382655,0.14365932894467143
2010-07-09,2,0.40158862358961556,0.0005077286421021946,0.5978973336557458,6.314112536396545e-06,0.5978973336557458,0.6778274207894697,0.4889491292757623
2010-07-12,0,0.8752552484634614,3.2975233876467186e-05,0.1247103454152856,1.4308873763767942e-06,0.8752552484634614,0.3765955102538507,0.2716562375321396
2010-07-13,2,0.15856860915022608,0.000719552685960838,0.8406821916528328,2.9646510980479094e-05,0.8406821916528328,0.44342459828813274,0.3198632344792349
2010-07-14,2,0.0009142133141840947,0.0018328268794068994,0.9970946814040977,0.00015827840231124606,0.9970946814040977,0.022233655717338895,0.016038192422118687
2010-07-15,2,0.06160344580844221,0.0009271291459512841,0.9374147361724375,5.468887316903511e-05,0.9374147361724375,0.23928697104917881,0.17260906324099562
2010-07-16,2,3.161153842748289e-06,0.007939412907012453,0.9909880562693881,0.001069369669756764,0.9909880562693881,0.05472080380507853,0.03947271614152236
2010-07-19,2,0.0010180103061546374,0.002651427442393116,0.9962789410459592,5.1621205493206984e-05,0.9962789410459592,0.02696771441924497,0.019453093928377255
2010-07-20,2,0.028797592074825466,0.0007653962580907432,0.9703975999681802,3.941169890362135e-05,0.9703975999681802,0.13720976657577272,0.09897592490019978
2010-07-21,2,0.05245713795614215,0.00034210173394461107,0.9471788792060255,2.1881103887854448e-05,0.9471788792060255,0.20899673752477335,0.15075927839448142
2010-07-22,2,0.00017315638061500316,0.0029995829918856467,0.9966847835613769,0.0001424770661224234,0.9966847835613769,0.023496724393925073,0.016949303880125218
2010-07-23,2,0.0632354572184671,0.0006406538518134226,0.9361058842327694,1.8004696950184467e-05,0.9361058842327694,0.24130155659956512,0.17406227953249007
2010-07-26,2,0.628851873927496,7.173510323544651e-05,0.3710728181426285,3.5728266402535936e-06,0.628851873927496,0.6602939102291224,0.47630137490836866
2010-07-27,2,0.02439283118539319,0.0022757952681240847,0.9732534993932858,7.787415319704002e-05,0.9732534993932858,0.1315534347258672,0.09489574394545928
2010-07-28,2,0.532775024265284,0.0001019147703282109,0.46711865643833367,4.404526054126961e-06,0.532775024265284,0.6920136962771802,0.4991823639231646
2010-07-29,0,0.704200926061776,8.02199512131919e-05,0.29571412429115085,4.729695859950714e-06,0.704200926061776,0.6080587244076215,0.43862165313607226
2010-07-30,2,0.0008798265189821676,0.003792947309362239,0.9946764572778619,0.0006507688937938113,0.9946764572778619,0.037418750663513925,0.026991923009256076
2010-08-02,2,5.947484428382966e-10,0.12862662387482562,0.8683610060431641,0.003012369487261755,0.8683610060431641,0.40384691390713073,0.29131396998606485
2010-08-03,2,0.002939850495247051,0.02476251254658696,0.9721984013339695,9.923562419649233e-05,0.9721984013339695,0.1370460914316331,0.09885785824081626
2010-08-04,2,0.015646680963827358,0.004166625698974227,0.9801528739020688,3.381943512948085e-05,0.9801528739020688,0.10788384186392008,0.07782174182456332
2010-08-05,2,0.35223494148623996,0.0003201710518491091,0.6474367550576742,8.13240423682356e-06,0.6474367550576742,0.6516764651939642,0.47008520229969064
2010-08-06,2,0.38801732386839805,0.00029562604822383145,0.6116636349552527,2.3415128125547652e-05,0.6116636349552527,0.6706672721731487,0.48378417382536515
2010-08-09,2,0.2545424115792038,0.00023976263327904894,0.7452020148085586,1.5810978958410717e-05,0.7452020148085586,0.5696245595348389,0.4108972636047361
2010-08-10,2,0.005035989460001875,0.007159604244365469,0.9873753748371212,0.00042903145851145365,0.9873753748371212,0.0778808876609897,0.056179185204270156
2010-08-11,2,1.2915145304015837e-09,0.1469402246476648,0.8425284397678743,0.010531334292946446,0.8425284397678743,0.474110442842662,0.3419983923613894
2010-08-12,2,0.0005220748983386544,0.08772649871073152,0.9112461601535057,0.0005052662374242355,0.9112461601535057,0.30595928034908804,0.2207029682367927
2010-08-13,2,0.0015880592082341209,0.03347808539082106,0.9647360670858388,0.00019778831510602052,0.9647360670858388,0.16027745814417044,0.11561574701544156
2010-08-16,2,2.8333130177030716e-07,0.4551055219134579,0.5363971647562696,0.008497029998970717,0.5363971647562696,0.7329006124988838,0.5286760395583118
2010-08-17,2,1.1673784278190976e-06,0.5114410166278621,0.4874533808841008,0.0011044351096094127,0.5114410166278621,0.7007331837117754,0.5054721445636566
2010-08-18,2,0.003991199338447733,0.09977050200582475,0.8957844877006103,0.0004538109551172205,0.8957844877006103,0.3540846466021376,0.25541808185391257
2010-08-19,2,0.005980650307340208,0.029558541329786393,0.9643044730479394,0.00015633531493392612,0.9643044730479394,0.1711240001203668,0.12343987317536778
2010-08-20,0,0.5242181728231229,0.0008553844755202996,0.4749212270130511,5.215688305772468e-06,0.5242181728231229,0.6983000968712445,0.5037170434042136
2010-08-23,0,0.8834470371734756,2.8406130603925558e-05,0.11652340555368002,1.1511422404992427e-06,0.8834470371734756,0.3602794240000849,0.2598866691696273
2010-08-24,2,0.0032588138226364166,0.001788002454486226,0.9947259787654389,0.00022720495743847426,0.9947259787654389,0.03713958326687425,0.026790546299901102
2010-08-25,2,0.0025196501864700525,0.0003352209576655695,0.9971199702829616,2.5158572902633742e-05,0.9971199702829616,0.02090099237392557,0.015076879023760233
2010-08-26,2,0.00024862640649950675,0.0008865874204843126,0.9987236244339286,0.00014116173908747785,0.9987236244339286,0.010821586713160317,0.007806124742813144
2010-08-27,1,7.121268717794213e-18,0.7007284091168199,0.24492971885447828,0.05434187202870186,0.7007284091168199,0.7520352215243823,0.5424787423335297
2010-08-30,1,2.0580334948306045e-17,0.9800441588665811,0.0035234203252086796,0.01643242080821009,0.9800441588665811,0.10716938651258623,0.07730637122841036
2010-08-31,1,0.003182562643378703,0.766616800293843,0.22861304006356775,0.0015875969992105942,0.766616800293843,0.569645099905639,0.4109120803502818
2010-09-01,1,2.7593911352688694e-14,0.9918382490689615,0.007227534043744793,0.0009342168872661999,0.9918382490689615,0.05027597682458044,0.036266451220335325
2010-09-02,1,0.004492860303579372,0.7402224195297805,0.2545534837507027,0.0007312364159374324,0.7402224195297805,0.6005188403951659,0.4331827764992484
2010-09-03,2,0.07063454044319764,0.17282452846850324,0.7563588830519643,0.00018204803633493116,0.7563588830519643,0.7033607305257151,0.5073675189427439
2010-09-07,1,1.4124462274686073e-08,0.5019058490527433,0.49277693615378887,0.0053172006690055534,0.5019058490527433,0.722568145466732,0.5212227400845947
2010-09-08,1,1.668780296859281e-08,0.46031025294774747,0.5384678053756532,0.00122192498879629,0.5384678053756532,0.6986563733124372,0.5039740425316608
2010-09-09,1,1.1301423628318033e-08,0.8784306570004249,0.12068711558066436,0.0008822161174870158,0.8784306570004249,0.3752650043636085,0.2706964804072766
2010-09-10,1,0.000919867444083627,0.5624699568882028,0.4356805615633457,0.0009296141043677402,0.5624699568882028,0.6985589700614996,0.5039037809381137
2010-09-13,2,0.09555104375736884,0.07887238368987196,0.8253828385076157,0.00019373404514345667,0.8253828385076157,0.5847465369374892,0.42180546450835543
2010-09-14,2,0.12166086350359417,0.01750751509918944,0.8607410376203298,9.05837768865249e-05,0.8607410376203298,0.4570222357261285,0.32967185652903624
2010-09-15,2,3.403402509469441e-06,0.05360875355918754,0.9460666365939789,0.0003212064443240304,0.9460666365939789,0.2119400489499982,0.1528824287929633
2010-09-16,2,0.39004509587063396,0.0022936102357662483,0.6076527972053858,8.496688213998246e-06,0.6076527972053858,0.683966834570909,0.49337778018398626
2010-09-17,0,0.8638374337732185,4.9623628372223316e-05,0.13611104180738756,1.9007910217623237e-06,0.8638374337732185,0.3984014428093449,0.28738589291202493
2010-09-20,0,0.8068530001972611,5.6519021315916804e-05,0.19308535355913362,5.127222289455548e-06,0.8068530001972611,0.4913296401681225,0.3544194176561546
2010-09-21,2,0.0010304472721336026,0.005050341267156485,0.9931210187111824,0.0007981927495276039,0.9931210187111824,0.04634379203350515,0.03342997947136367
2010-09-22,2,0.10511766524972713,0.0007572177877726772,0.8941020602786901,2.3056683810049526e-05,0.8941020602786901,0.34256500557158626,0.24710841736011382
2010-09-23,2,0.17033516768209292,0.00044064117346407917,0.829196674679958,2.751646448511294e-05,0.829196674679958,0.46049177143848724,0.33217459751223977
2010-09-24,2,0.028670114202322853,0.0007608091329757963,0.9705368092075805,3.226745712084374e-05,0.9705368092075805,0.13665536354963206,0.0985760076519663
2010-09-27,2,1.4147382230007924e-07,0.014430978733340389,0.9830251705917559,0.002543709201081529,0.9830251705917559,0.09319256437703033,0.06722422523723356
2010-09-28,2,0.15040612147952312,0.0016030621213312098,0.847951589050929,3.9227348216606864e-05,0.847951589050929,0.4355009701883626,0.3141475449965415
2010-09-29,2,8.33810891031883e-07,0.013611979006563335,0.985081889746208,0.0013052974363377732,0.985081889746208,0.08197487278638804,0.05913237122321284
2010-09-30,2,0.2711735998680867,0.0012372969309833732,0.7275636589805973,2.5444220332637212e-05,0.7275636589805973,0.5938375177835795,0.4283632210000909
2010-10-01,2,0.22806064886676136,0.0007073778236185413,0.7712073045375776,2.4668772042682617e-05,0.7712073045375776,0.5428575871299566,0.39158897443066837
2010-10-04,0,0.7678267146794947,5.1796461543868286e-05,0.23211930685692003,2.182002041373366e-06,0.7678267146794947,0.5424037702777823,0.3912616147696165
2010-10-05,2,0.14179269443829204,0.0012521292740736091,0.8568269592499661,0.00012821703766836652,0.8568269592499661,0.41888953457437195,0.3021649271053662
2010-10-06,2,0.09550874208774005,0.0007427516502684977,0.9037040747547889,4.443150720265632e-05,0.9037040747547889,0.32160581189285464,0.23198955496944512
2010-10-07,2,7.361890818493752e-05,0.003962625598033112,0.9958227485407016,0.00014100695308016644,0.9958227485407016,0.028036065073376183,0.020223746023700046
2010-10-08,2,0.006707507544554384,0.005562669083077455,0.9874540529377607,0.0002757704346075413,0.9874540529377607,0.07717460465693246,0.055669709710561385
2010-10-12,2,0.02992604427515951,0.0010103155840859909,0.96904189816933,2.174197142451569e-05,0.96904189816933,0.14268721990891775,0.10292707228041431
2010-10-13,2,0.00010516676159150628,0.006957063455872275,0.9925318266904701,0.00040594309206597396,0.9925318266904701,0.04613634691817054,0.033280339451788724
2010-10-14,2,3.322009846996687e-05,0.04404441582539798,0.9547084195608438,0.001213944515288262,0.9547084195608438,0.1902741131933985,0.13725375975683066
2010-10-15,2,0.03517884668891622,0.010774478404125197,0.9539967548722775,4.9920034680949935e-05,0.9539967548722775,0.21199204797770382,0.15291993816266425
2010-10-18,2,2.8578907763705276e-06,0.030607032235430542,0.9677169660972685,0.0016731437765244654,0.9677169660972685,0.14920141038609713,0.10762606742883071
2010-10-19,2,0.0069912942856578154,0.020149778530764804,0.9727040967144739,0.00015483046910339584,0.9727040967144739,0.1416527680765354,0.10218087301610605
2010-10-20,2,0.23636387981395215,0.002153191436472024,0.7614471596393961,3.5769110179712104e-05,0.7614471596393961,0.5620363606356101,0.40542353514413787
2010-10-21,2,0.027409356105136475,0.0019178660146969193,0.9706269618596168,4.5816020549764455e-05,0.9706269618596168,0.13998222965261728,0.10097583426620547
2010-10-22,2,0.3735739830822984,0.00020969670033885434,0.6262071201943054,9.200023057451403e-06,0.6262071201943054,0.6628297123967176,0.4781305695143012
2010-10-25,0,0.8362919629072977,3.619819010361925e-05,0.16366962937968368,2.2095229149258706e-06,0.8362919629072977,0.44613566788792697,0.3218188578127989
2010-10-26,2,0.00989640067505911,0.0015078756492326517,0.9885394812095548,5.6242466153471524e-05,0.9885394812095548,0.06741939329135486,0.04863281218059016
2010-10-27,0,0.5390273546959407,0.00016293487183031678,0.46080379247463465,5.9179575943421006e-06,0.5390273546959407,0.6916282519362283,0.4989043246035496
2010-10-28,0,0.8515882018293485,3.776022732695415e-05,0.14837216647016618,1.8714731582437287e-06,0.8515882018293485,0.4203175312904702,0.30319500899572654
2010-10-29,0,0.9558424064299602,1.0053420247255152e-05,0.04414689102108731,6.491287052768394e-07,0.9558424064299602,0.1810414865665068,0.1305938274323326
2010-11-01,0,0.9556794410143765,6.716478300427055e-06,0.044313549687763173,2.92819559839197e-07,0.9556794410143765,0.18150958463669542,0.13093148881458805
2010-11-02,2,0.036524686256986336,0.002226261549015526,0.9609675228774106,0.0002815293165874184,0.9609675228774106,0.1750471179876086,0.12626980452131412
2010-11-03,1,2.18281745694821e-18,0.9098025850580294,0.06206219999778159,0.02813521494418901,0.9098025850580294,0.35897406087898376,0.25894504871894136
2010-11-04,1,1.8454348919404342e-05,0.8995257990946366,0.09614719118328888,0.004308555373155211,0.8995257990946366,0.3440837982354252,0.2482039946822433
2010-11-05,1,1.3608668246572014e-13,0.9835530977576008,0.014522522972379433,0.0019243792698836813,0.9835530977576008,0.08980444912110636,0.06478021669839269
2010-11-08,2,0.09173034496966208,0.34427278384219173,0.5633745431173773,0.0006223280707688555,0.5633745431173773,0.9141044356606962,0.6593869680911455
2010-11-09,1,1.0439272708110096e-06,0.5736040198365433,0.4255669490395183,0.0008279871966675081,0.5736040198365433,0.6882843694894729,0.4964922232919248
2010-11-10,2,2.236035989487709e-06,0.3787057192658519,0.618819792338157,0.002472252360001676,0.618819792338157,0.6795878754788627,0.4902190289008108
2010-11-12,1,0.00039148796669724036,0.8348701730770851,0.16249691667668553,0.002241422279532176,0.8348701730770851,0.46269467344027976,0.333763655409015
2010-11-15,1,0.00035752580331246394,0.8271038968862281,0.17127449420183985,0.001264083108619498,0.8271038968862281,0.4704898926199004,0.3393867174355556
2010-11-16,1,6.3947429649297855e-25,0.9915528179311677,3.560376587890784e-06,0.008443621692244468,0.9915528179311677,0.048768825118998445,0.03517927107458008
2010-11-17,1,1.4207903654650606e-07,0.8757595397167873,0.12341183623533046,0.0008284819688456423,0.8757595397167873,0.3802683305479692,0.27430561734434017
2010-11-18,1,0.06486654670714005,0.49639632919933413,0.4379290075530847,0.0008081165404409048,0.49639632919933413,0.8924555779128986,0.6437706182343164
2010-11-19,2,0.2970507585652939,0.06359056389460964,0.639251565715174,0.00010711182492237303,0.639251565715174,0.8228030914781632,0.5935269698518271
2010-11-22,0,0.7800040042232598,0.0011303084192150344,0.2188612642495762,4.423107948830761e-06,0.7800040042232598,0.5340405171746873,0.3852288028808493
2010-11-23,0,0.7667602943905012,8.754063460580496e-05,0.23314870456728848,3.460407604441142e-06,0.7667602943905012,0.5439813323092056,0.3923995852293311
2010-11-24,2,8.741554736421494e-07,0.023708053314352835,0.9753426274811949,0.0009484450489785115,0.9753426274811949,0.11967899755130633,0.08633014813291602
2010-11-29,1,1.0566242704819529e-18,0.7331951364046424,0.04099177230969694,0.22581309128566063,0.7331951364046424,0.694506366875898,0.5009804456788345
2010-11-30,1,0.0008148133990301043,0.7686392403726235,0.21691277684388166,0.013633169384464638,0.7686392403726235,0.5981071477568753,0.4314431079945433
2010-12-01,1,3.0573929610362965e-14,0.9959897303289481,0.0028360747702400216,0.0011741949007813978,0.9959897303289481,0.028559240025343713,0.020601136978060486
2010-12-02,1,2.548757393699771e-09,0.9622416290433635,0.034717729660338335,0.003040638747540567,0.9622416290433635,0.17132811781870666,0.12358711297094407
2010-12-03,1,0.02463969649890306,0.5643731565826716,0.41045188764624174,0.0005352592721835611,0.5643731565826716,0.7836323451586583,0.5652712491202925
2010-12-06,2,0.006578920404103491,0.1855298009966817,0.8075114519221667,0.00037982667704824076,0.8075114519221667,0.5212198676099308,0.3759806591068246
2010-12-07,1,3.1282926771196294e-33,0.9968787544780651,8.855638421862888e-06,0.003112389883513172,0.9968787544780651,0.021185248448480222,0.015281926438311512
2010-12-08,1,9.279468897521599e-10,0.984979625427168,0.011857141323481984,0.00316323232140315,0.984979625427168,0.08569943930974387,0.06181907804956609
2010-12-09,1,4.738823302482663e-05,0.9113115890418967,0.08629838964672203,0.002342633078356417,0.9113115890418967,0.31072009361252106,0.22413716907966932
2010-12-10,1,0.02716281791012406,0.354719162938779,0.6177176463065728,0.0004003728445241481,0.6177176463065728,0.7662892236044647,0.5527608313904077
2010-12-13,2,0.05241807549980413,0.02889719813535804,0.9185511944282899,0.00013353193654787885,0.9185511944282899,0.3361960739222689,0.24251420430699835
2010-12-14,1,5.614565813293364e-20,0.9751956314337052,0.01755482876568874,0.007249539800606031,0.9751956314337052,0.13117542285660252,0.09462306602086662
2010-12-15,1,1.4781049024284944e-10,0.9632491713762511,0.019901171177847243,0.016849657298091007,0.9632491713762511,0.1828238269755722,0.13187951426699995
2010-12-16,1,0.0001008658321028343,0.6253897343831962,0.37012011619041796,0.004389283594283011,0.6253897343831962,0.6861739770635529,0.49496989694832255
2010-12-17,1,8.876683759824215e-13,0.9855213796343936,0.0073182157799244335,0.007160404584794506,0.9855213796343936,0.0857263974685748,0.06183852425059453
2010-12-20,1,2.883180310894928e-17,0.9966365667193116,0.00107745080746039,0.002285982473228005,0.9966365667193116,0.024621128100094643,0.017760389705549225
2010-12-21,1,0.0029499179461712995,0.6590551043158409,0.33699545134567194,0.0009995263923159364,0.6590551043158409,0.6654280899478842,0.48000490271801377
2010-12-22,2,0.329270520286895,0.061303835432533725,0.6093608297356334,6.481454493781741e-05,0.6093608297356334,0.8394022814384421,0.6055007543710612
2010-12-23,0,0.865288957325621,0.0007014025474547643,0.13400773083173137,1.9092951928937756e-06,0.865288957325621,0.39965570394650896,0.2882906510733081
2010-12-27,0,0.5496400681129642,0.00048231708802433257,0.4498599418710386,1.7672927972834784e-05,0.5496400681129642,0.6921884609263714,0.4993084299695201
2010-12-28,2,9.807708613784152e-10,0.103130504881616,0.8934775082161882,0.0033919859214249022,0.8934775082161882,0.35421181657101264,0.25550981559563557
2010-12-29,1,3.416185380362687e-19,0.9658938849852884,0.008766420180691273,0.02533969483402041,0.9658938849852884,0.16817587507642467,0.12131325048495985
2010-12-30,1,1.2921378880506822e-07,0.9452887472971314,0.05302297627212959,0.0016881472169501942,0.9452887472971314,0.21969598453380942,0.15847715369507265
2010-12-31,1,0.0010062163109122758,0.7522093309248179,0.24463427940149216,0.002150173362777652,0.7522093309248179,0.5787786716307771,0.417500559667012
2011-01-03,1,5.181615081009406e-05,0.577285849085414,0.422111408491066,0.0005509262727098527,0.577285849085414,0.6858816729219872,0.4947590440805885
2011-01-04,1,0.0015512076933374382,0.3261058897339923,0.6717860983824726,0.0005568041901978235,0.6717860983824726,0.6468658696886266,0.466615091160054
2011-01-05,2,0.00010710684860905598,0.19768147869511898,0.8019097542640298,0.000301660192242174,0.8019097542640298,0.5009145126892788,0.36133344168306714
2011-01-06,2,0.0020751810870922173,0.05472120536796003,0.9430342064624541,0.00016940708249382156,0.9430342064624541,0.22859506091716242,0.16489648037845037
2011-01-07,2,0.33901731816533937,0.002036250498249858,0.6589349862763723,1.1445060038592702e-05,0.6589349862763723,0.6543263790511158,0.47199671108993846
2011-01-10,2,0.31471291835709525,0.0001985147521949049,0.6850771619213757,1.1404969334140178e-05,0.6850771619213757,0.6247724129292063,0.4506780309085988
2011-01-11,0,0.8991784791495804,1.8996345137194844e-05,0.10080141657667577,1.1079286068250114e-06,0.8991784791495804,0.3270799811403583,0.23593833338262532
2011-01-12,0,0.9646951872056871,5.8523141508409256e-06,0.035298701711511685,2.5876865041034115e-07,0.9646951872056871,0.15278421858135724,0.11021051723670976
2011-01-13,0,0.9926851513392125,5.142252054132487e-07,0.007314305011551456,2.9424030654423183e-08,0.9926851513392125,0.04326717696058791,0.0312106708171527
2011-01-14,0,0.5511784280014441,2.4221440510912643e-05,0.4487961228855531,1.227672491952294e-06,0.5511784280014441,0.6881787333749699,0.4964160229426587
2011-01-18,0,0.899910810816592,1.6283851458311646e-05,0.10007200482847645,9.005034733636866e-07,0.899910810816592,0.325448597869427,0.2347615391052444
2011-01-19,0,0.9340171518446938,9.336153081865423e-06,0.06597279638473055,7.156174938697889e-07,0.9340171518446938,0.2432226014712728,0.175448020487359
2011-01-20,2,1.292550303521688e-05,0.009949898369081249,0.9893613085284729,0.0006758675994106682,0.9893613085284729,0.06153184808727585,0.04438584604612296
2011-01-21,2,0.0005049677926176193,0.005620453925174488,0.9936788519582929,0.00019572632391512092,0.9936788519582929,0.04092711125476193,0.02952267022257796
2011-01-24,0,0.5333321296575352,0.0002193942961897207,0.4664430786252865,5.397420988537621e-06,0.5333321296575352,0.6928906718812142,0.49981496810062487
2011-01-25,2,0.07645923221330661,0.0013108740249225673,0.9221275372936506,0.00010235646812019379,0.9221275372936506,0.2809756892217697,0.20268111672530284
2011-01-26,2,8.275482903102417e-13,0.2759668613337046,0.7092463773495038,0.014786761315964004,0.7092463773495038,0.6612752793396791,0.4770092830829095
2011-01-27,2,0.002144490341389794,0.0893318029983227,0.9080326335092348,0.0004910731510528538,0.9080326335092348,0.32029327051647505,0.2310427565021129
2011-01-28,2,0.0017640095108260381,0.0012467053823613933,0.9969090489258169,8.023618099572466e-05,0.9969090489258169,0.023363984041936296,0.016853551956355187
2011-01-31,2,0.013883790634023566,0.0007346046673405356,0.9853521990787606,2.940561987526267e-05,0.9853521990787606,0.07952929442000584,0.057368259332570365
2011-02-01,2,0.04253325519011495,0.00035451561840998903,0.9570906831494345,2.1546042040703577e-05,0.9570906831494345,0.17932075072477893,0.12935257889956228
2011-02-02,2,0.34256703132925986,0.00021748068053142037,0.6572030284665923,1.2459523616365963e-05,0.6572030284665923,0.6448317775116561,0.46514780381184084
2011-02-03,0,0.9120256246209932,1.656743710872889e-05,0.08795694847463287,8.59467265018987e-07,0.9120256246209932,0.2979954912389875,0.21495830870887891
2011-02-04,0,0.9099099500001269,2.2246028075012946e-05,0.09006690708824978,8.968835483010278e-07,0.9099099500001269,0.30296437057371967,0.21854259749637578
2011-02-07,0,0.7557327227275227,7.516276273057016e-05,0.24418576215756316,6.352352183650813e-06,0.7557327227275227,0.5567053725808832,0.40157804012934145
2011-02-08,2,0.019530601802901577,0.0008679897096947057,0.9795607333162717,4.067517113213455e-05,0.9795607333162717,0.10362692492624921,0.07475102534683632
2011-02-09,2,0.00010541998312455667,0.0029134738191440323,0.9966166771407099,0.00036442905702142853,0.9966166771407099,0.024238284780946858,0.017484226626563234
2011-02-10,2,1.4543850329810673e-09,0.029184262404467046,0.9697504163372488,0.0010653198038990638,0.9697504163372488,0.14021982166478816,0.10114722067506236
2011-02-11,2,0.000819007097749734,0.009765908799778492,0.9892623062223928,0.0001527778800789572,0.9892623062223928,0.06304825132908493,0.04547969976459591
2011-02-14,2,0.290642572622558,0.000502453490909849,0.7088413601433602,1.3613743171927935e-05,0.7088413601433602,0.6070338685223785,0.4378823758844393
2011-02-15,0,0.6034005963431313,0.00012772324725941932,0.39646618799790756,5.492411701812368e-06,0.6034005963431313,0.672830366855414,0.48534451681090385
2011-02-16,0,0.9508865768870108,9.293548794331612e-06,0.049103636388081885,4.931761128940379e-07,0.9508865768870108,0.19599158235138722,0.1413780419571636
2011-02-17,0,0.9905951529612331,9.26346980537903e-07,0.009403873049147478,4.764263877455748e-08,0.9905951529612331,0.053258584618342555,0.03841794795682402
2011-02-18,2,0.3426093830524112,0.0001776728189854802,0.6572003089565815,1.2635172021811956e-05,0.6572003089565815,0.644538382546257,0.46493616408103927
2011-02-22,2,3.8677378913576435e-05,0.0016001387034348072,0.9980849730946164,0.00027621082303523175,0.9980849730946164,0.014870688085306824,0.010726933977639375
2011-02-23,2,0.07054640366360161,0.00023713672228022712,0.9291921617369489,2.429787716928155e-05,0.9291921617369489,0.2575298257478639,0.1857685012437211
2011-02-24,2,0.0005475284976289508,0.0012838949059308224,0.998051405239186,0.00011717135725417075,0.998051405239186,0.01566729547033187,0.011301564739594953
2011-02-25,2,0.38685763168811915,0.0002753689111052432,0.6128522962584583,1.4703142317251316e-05,0.6128522962584583,0.6698907230102554,0.4832240120122089
2011-02-28,0,0.8397379010324885,4.482728672048688e-05,0.1602145640991139,2.707581677301986e-06,0.8397379010324885,0.4405482895235902,0.3177884162838994
2011-03-01,0,0.8492189327271539,3.175649653664438e-05,0.15074686271713528,2.448059174262955e-06,0.8492189327271539,0.42439157169936154,0.30613380794287093
2011-03-02,2,0.294364035710089,0.0005442023487008752,0.7050725811625088,1.9180778701456397e-05,0.7050725811625088,0.6106784520348497,0.44051138716421323
2011-03-03,2,0.1790221615363308,0.000391988636459975,0.8205677203394269,1.8129487782394187e-05,0.8205677203394269,0.47350942132064155,0.3415648469767462
2011-03-04,2,0.00040771716719179414,0.001339349534414823,0.9981323630696103,0.00012057022878317694,0.9981323630696103,0.01499659947472417,0.010817759846191297
2011-03-07,2,0.21058683138580886,0.0003139620070138445,0.7890892708753895,9.935731787850972e-06,0.7890892708753895,0.5176273277711938,0.3733891894020537
2011-03-08,2,0.2845148907076382,0.000317471345197479,0.715154649089456,1.2988857708331898e-05,0.715154649089456,0.6000902280762459,0.4328735980657635
2011-03-09,2,0.036340900630278124,0.0007373679068864794,0.962860675098168,6.10563646674769e-05,0.962860675098168,0.162814876138497,0.11744610719398021
2011-03-10,2,0.05880891787462111,0.0006532784120515983,0.9405066217756229,3.1181937704337855e-05,0.9405066217756229,0.22943464469760172,0.16550211205667567
2011-03-11,2,0.035486750190243145,0.00045676438283239824,0.9640339082409284,2.2577185996083546e-05,0.9640339082409284,0.15754200860947515,0.11364253727628809
2011-03-14,0,0.6289364914297854,6.063023531104494e-05,0.3709996474427974,3.230892106331812e-06,0.6289364914297854,0.6601494279497526,0.4761971529743971
2011-03-15,2,0.36569304835487165,0.004323026523583138,0.6296509302362607,0.00033299488528437524,0.6296509302362607,0.6853430686360413,0.49437052321442065
2011-03-16,2,0.00020483776602277148,0.0028343444834589542,0.9967840967611074,0.00017672098941106198,0.9967840967611074,0.023103616562405605,0.016665736520591345
2011-03-17,2,0.0024628822391009443,0.0026295216444678256,0.9947010385155192,0.00020655760091215191,0.9947010385155192,0.03745250200590032,0.027016269456398175
2011-03-18,0,0.5995653722998731,0.00011513772416682375,0.4003156294610169,3.860514943285072e-06,0.5995653722998731,0.6742899208315454,0.4863973624525411
2011-03-21,0,0.8302248001001163,5.3263167413631584e-05,0.16971870431886013,3.2324136099691415e-06,0.8302248001001163,0.456050877205437,0.32897116946867283
2011-03-22,0,0.966591432179412,9.189742674470987e-06,0.03339873929663639,6.387812770059152e-07,0.966591432179412,0.14649010421931066,0.10567027344825346
2011-03-23,0,0.9934403346430625,4.92903577891614e-07,0.006559146580021462,2.5873338182441925e-08,0.9934403346430625,0.0395178536758783,0.02850610576238266
2011-03-24,0,0.9910049547568388,1.8716142798720806e-07,0.008994847859649963,1.0222083272802415e-08,0.9910049547568388,0.051333213086604094,0.03702908597647008
2011-03-25,0,0.9924107075069012,2.2340586824500204e-07,0.007589057556324824,1.15309057261106e-08,0.9924107075069012,0.04460660592309054,0.0321768645780655
2011-03-28,0,0.9634643408456893,1.3570097529074824e-06,0.03653421512164087,8.702291702120767e-08,0.9634643408456893,0.15678990631731776,0.11310001015271975
2011-03-29,0,0.8545620850715158,1.9063095322746712e-05,0.14541798909660023,8.62736561275164e-07,0.8545620850715158,0.4149141066749495,0.299297262047412
2011-03-30,0,0.6033696761671035,0.00011709718339276851,0.3965039133383072,9.313311196456093e-06,0.6033696761671035,0.6727991040481864,0.4853219654624282
2011-03-31,0,0.9603979737474376,7.1590716258978055e-06,0.039594288558941405,5.786219952752317e-07,0.9603979737474376,0.16675317474640725,0.12028698912956623
2011-04-01,0,0.9691318919764356,3.3421080929052e-06,0.030864556628980175,2.092864913632739e-07,0.9691318919764356,0.13778352640125535,0.09938980512764234
2011-04-04,0,0.9933571741988757,4.331415285224591e-07,0.006642368579249757,2.4080345818453558e-08,0.9933571741988757,0.039934222300575715,0.02880645223739902
2011-04-05,0,0.9464582456707137,1.4442917332209552e-06,0.053540237905056416,7.21324967310559e-08,0.9464582456707137,0.20883221974991967,0.15064060390552167
2011-04-06,0,0.7330718340253041,6.816423198267297e-05,0.26685690151072283,3.1002319904144826e-06,0.7330718340253041,0.580849923311875,0.4189946519313884
2011-04-07,0,0.8953404253114772,2.6489468583976844e-05,0.1046319079598353,1.1772601036964321e-06,0.8953404253114772,0.33546256890971266,0.24198509228495732
2011-04-08,0,0.9549709799596777,8.048070004557787e-06,0.04502014859007269,8.233802449112216e-07,0.9549709799596777,0.18369708965580778,0.1325094401360846
2011-04-11,0,0.9907950996741361,9.62455626017005e-07,0.009203892704927781,4.5165310087949106e-08,0.9907950996741361,0.05232553629857502,0.037744895864904815
2011-04-12,0,0.8492674907818966,2.5460743291472503e-05,0.15070536576820345,1.6827066085259446e-06,0.8492674907818966,0.42424508153936447,0.3060281376291875
2011-04-13,0,0.9831035613617675,2.420773591571286e-06,0.01689386672754794,1.511370929264515e-07,0.9831035613617675,0.08572713036890493,0.0618390529264304
2011-04-14,0,0.990053181988549,3.8448273529190463e-07,0.009946411663897231,2.186481848967496e-08,0.990053181988549,0.055761611516126464,0.04022350020314628
2011-04-15,0,0.6774753555897197,3.376841309927125e-05,0.32248745998761014,3.4160095708843593e-06,0.6774753555897197,0.6291436196639286,0.453831190048041
2011-04-18,2,0.2819731541008304,0.00023876712615820901,0.7177727444417162,1.5334331295086297e-05,0.7177727444417162,0.5971384397558839,0.43074433287999336
2011-04-19,0,0.7561009531540741,5.0676044778562295e-05,0.24384513245841005,3.2383427372966177e-06,0.7561009531540741,0.5560527170496746,0.40110724868019976
2011-04-20,2,0.15597400713150425,0.0008838742697229021,0.843086177769152,5.594082962087266e-05,0.843086177769152,0.4404754972739017,0.31773590777507904
2011-04-21,0,0.7931280362661689,4.9969673373320545e-05,0.20681984807942616,2.1459810315806963e-06,0.7931280362661689,0.5102755643044807,0.3680860130544459
2011-04-25,0,0.9714918557406638,3.5682421412808247e-06,0.028504353503440844,2.225137541782806e-07,0.9714918557406638,0.12955593041160954,0.09345484916129236
2011-04-26,0,0.9082784588579687,1.5778263113615866e-05,0.0917044240098008,1.3388691167194602e-06,0.9082784588579687,0.30667163785102397,0.22121682555448421
2011-04-27,2,0.0019978577096455177,0.0011255367909175347,0.9968251024832554,5.150301618162095e-05,0.9968251024832554,0.023738256777920293,0.017123532666427216
2011-04-28,2,0.007943030072405695,0.000589497787351759,0.991428185995536,3.9286144706552564e-05,0.991428185995536,0.05172536892211556,0.037311966616044114
2011-04-29,0,0.553073739162658,9.000353814158962e-05,0.446830984850952,5.272448248482477e-06,0.553073739162658,0.6884239625511893,0.49659291840086517
2011-05-02,0,0.9518331890837083,8.116381601319483e-06,0.04815831433453789,3.802001524399852e-07,0.9518331890837083,0.19316522063653097,0.13933925294227284
2011-05-03,0,0.9823303431994101,2.6036987674919513e-06,0.017666888684836755,1.6441698544077112e-07,0.9823303431994101,0.08885334622603391,0.06409414098334461
2011-05-04,0,0.9911819353853153,7.019334663442156e-07,0.008817327084625697,3.55965927149542e-08,0.9911819353853153,0.050504723537004755,0.036431457094152436
2011-05-05,2,0.4156812814042136,0.009170550286284836,0.5698852947364588,0.005262873573042714,0.5698852947364588,0.7559988959786399,0.5453379290729575
2011-05-06,0,0.6469554665894893,0.0006441524755998265,0.35238798838624164,1.2392548669184909e-05,0.6469554665894893,0.6541563197195044,0.4718740392127521
2011-05-09,0,0.9115841563386899,5.487296523983196e-05,0.08835544090846828,5.529787601917434e-06,0.9115841563386899,0.2993763947543819,0.21595442003568172
2011-05-10,0,0.9783829800624687,4.030782312647822e-06,0.021612804988396295,1.8416682239343217e-07,0.9783829800624687,0.10430823222272136,0.07524248467580724
2011-05-11,2,0.3160983881490356,0.0006684206153738855,0.6831059929531498,0.00012719828244073714,0.6831059929531498,0.6304138353496274,0.45474745698334945
2011-05-12,2,0.007407265855771196,0.0009739629135062812,0.991584275280308,3.449595041444678e-05,0.991584275280308,0.051823055735574046,0.03738243275671251
2011-05-13,2,0.04359749182977886,0.0005566167327165126,0.955805267526242,4.0623911262681484e-05,0.955805267526242,0.18436555767497342,0.13299163788420618
2011-05-16,2,0.35326634054475875,0.00022157870073077974,0.6464997039637023,1.2376790808278165e-05,0.6464997039637023,0.6515815469332867,0.4700167332477061
2011-05-17,2,0.5954864514080642,0.00021162727006420127,0.404286541929077,1.5379392794587664e-05,0.5954864514080642,0.676781803397153,0.48819487576248105
2011-05-18,2,0.15914980676559654,0.0011900902024325906,0.839594610769165,6.549226280594895e-05,0.839594610769165,0.44793903823486925,0.32311971454100885
2011-05-19,0,0.7117319012466665,7.933673572052022e-05,0.28818488706078565,3.874956827176446e-06,0.7117319012466665,0.6013707371004303,0.4337972900752657
2011-05-20,0,0.9577912481057373,6.820717910398353e-06,0.04220148922489843,4.4195145392115864e-07,0.9577912481057373,0.17497312501027998,0.1262164298705878
2011-05-23,0,0.9794644974071535,2.7334519155668424e-06,0.020532631789348235,1.3735158272107522e-07,0.9794644974071535,0.10014484230379606,0.07223923368114693
2011-05-24,0,0.9860959749044111,6.931285994841659e-07,0.013903274644036014,5.732295349400371e-08,0.9860959749044111,0.0732629692365628,0.05284806119919492
2011-05-25,0,0.9827736696892571,6.361881084620132e-07,0.017225637250454586,5.687217988018066e-08,0.9827736696892571,0.08704657669380238,0.06279083226125476
2011-05-26,2,0.2711276896070711,0.00013126335533975014,0.7287255936853864,1.5453352202851627e-05,0.7287255936853864,0.5858220035563917,0.4225812496872215
2011-05-27,2,0.1396892372590411,0.0003666270552223131,0.8599239870886385,2.0148597098058565e-05,0.8599239870886385,0.40784575457756167,0.2941985237883327
2011-05-31,0,0.57690227027479,0.00012068305938724123,0.4229693137647448,7.732901077872587e-06,0.57690227027479,0.6824699816563802,0.49229802904562076
2011-06-01,2,0.11349299256712131,0.0006540745511235636,0.8858156089685068,3.732391324831498e-05,0.8858156089685068,0.3595407877366292,0.25935385573247316
2011-06-02,2,4.490091874007385e-06,0.014239458714063269,0.985351348575117,0.00040470261894574785,0.985351348575117,0.0783002564890322,0.05648169586853032
2011-06-03,2,0.002402301650244551,0.0023986391795762234,0.9951550035243347,4.405564584440021e-05,0.9951550035243347,0.0342348295557951,0.024695209412912252
2011-06-06,2,0.09295336864143415,0.0007240521815301746,0.9063053201858567,1.725899117897764e-05,0.9063053201858567,0.3154114390618101,0.22752125948706245
2011-06-07,0,0.7237814466728805,5.678477110439485e-05,0.2761589801655024,2.7883905126307276e-06,0.7237814466728805,0.5899200506638995,0.42553736580688695
2011-06-08,0,0.7214945921467414,0.00010751813226256708,0.27838870964006934,9.180080926689009e-06,0.7214945921467414,0.5925926422772811,0.4274652331403605
2011-06-09,0,0.9219044443302071,1.6204937712619216e-05,0.07807854707689135,8.03655188738506e-07,0.9219044443302071,0.27425689783667806,0.19783453321928327
2011-06-10,0,0.4960934083717133,0.00016136912627213976,0.5037328800478253,1.2342454189238453e-05,0.5037328800478253,0.694719828942685,0.5011344260114203
2011-06-13,0,0.8393846881285115,3.241472364752944e-05,0.16058141215241847,1.4849954223828806e-06,0.8393846881285115,0.4410156985004811,0.3181255805904132
2011-06-14,2,0.035265672201089455,0.0013092000975947669,0.9633788474643605,4.628023695524814e-05,0.9633788474643605,0.16305330299891213,0.11761809581854804
2011-06-15,2,2.466459614083317e-14,0.5021066506164581,0.4328885714743926,0.0650047779091247,0.5021066506164581,0.8860466752616918,0.6391475721980983
2011-06-16,2,0.0007003943759345055,0.2269424052323295,0.7704481300979548,0.0019090702937813184,0.7704481300979548,0.5545292392106722,0.40000829171858326
2011-06-17,2,0.005841629879043518,0.039678220182294534,0.9544137773241622,6.637261449968282e-05,0.9544137773241622,0.20325129268541095,0.14661481600575682
2011-06-20,0,0.5757931139156105,0.0008707632292950589,0.42333090123113803,5.221623956538847e-06,0.5757931139156105,0.6879365003918239,0.49624128878089635
2011-06-21,0,0.892612457625807,2.955754690518427e-05,0.10735688066190792,1.1041653799179625e-06,0.892612457625807,0.34130391036656454,0.24619872946092697
2011-06-22,0,0.9828111616303706,2.4787465808547156e-06,0.017186207351189548,1.5227185907596707e-07,0.9828111616303706,0.08691334098197176,0.06269472301089109
2011-06-23,2,0.010198436430270484,0.0029888947522584202,0.9863875699042675,0.0004250989132036845,0.9863875699042675,0.08095862543496941,0.058399303716108734
2011-06-24,2,0.01654413701127442,0.0018700407763455706,0.9815355893932293,5.023281915075184e-05,0.9815355893932293,0.09839681955830858,0.07097830180800897
2011-06-27,2,2.535158788019411e-06,0.016045129246637205,0.9835883382649729,0.00036399732960187093,0.9835883382649729,0.0854952661354924,0.06167179823657851
2011-06-28,2,0.08886418605382725,0.003597695529203262,0.9074900375578091,4.808085916027294e-05,0.9074900375578091,0.3239251869938988,0.23366263044756397
2011-06-29,2,0.00325282012854374,0.0031510124404399496,0.9934609835926916,0.000135183838324657,0.9934609835926916,0.044504768375612264,0.03210340431570389
2011-06-30,2,0.45508721296542715,0.00016126699145116135,0.5447456536851139,5.8663580078390735e-06,0.5447456536851139,0.6906519805704262,0.4982000936745473
2011-07-01,0,0.7450379055159233,5.107908998803404e-05,0.25490811912377626,2.8962703123285124e-06,0.7450379055159233,0.568243097914617,0.40990074969039986
2011-07-05,0,0.9734853310952092,3.2453829923337255e-06,0.02651115603554548,2.674862529342821e-07,0.9734853310952092,0.12244559500445576,0.08832582634581337
2011-07-06,0,0.9922589545161387,4.274253351312084e-07,0.0077405913502021015,2.670832396562383e-08,0.9922589545161387,0.04534690031330759,0.03271087410084752
2011-07-07,0,0.9847524811874295,6.816626622600253e-07,0.015246782948220426,5.4201687912984396e-08,0.9847524811874295,0.07892445541515952,0.05693196021615637
2011-07-08,2,0.04072887820792948,0.00036300804739921086,0.9588715541753929,3.65595692783703e-05,0.9588715541753929,0.17388548519113728,0.12543186358391253
2011-07-11,2,0.015177793299639118,0.0004789343022368209,0.9843016018476248,4.167055049912534e-05,0.9843016018476248,0.08321916697157493,0.06002993974840089
2011-07-12,2,0.13673600873669745,0.00014670800133773752,0.8631042389293111,1.3044332653824609e-05,0.8631042389293111,0.4005718217423551,0.2889514903737768
2011-07-13,0,0.758273553045106,4.283831040964243e-05,0.24168066893714807,2.939707336099673e-06,0.758273553045106,0.5535108968603554,0.3992737129892186
2011-07-14,2,0.014478253541894663,0.0015431584702663389,0.9839207801819378,5.7807805901087906e-05,0.9839207801819378,0.0878206125991982,0.06334918114234703
2011-07-15,2,0.0589983318133226,0.0004433146038491157,0.9405340702284298,2.4283354398289043e-05,0.9405340702284298,0.2283224650054558,0.1646998439934575
2011-07-18,2,0.03986257255778131,0.000772327057497738,0.9593350760574849,3.0024327236023332e-05,0.9593350760574849,0.17412376027738646,0.12560374272656208
2011-07-19,2,1.1919926707974063e-10,0.17276090782412518,0.7882064523958009,0.03903263966087467,0.7882064523958009,0.6175278305875205,0.4454521693997679
2011-07-20,2,9.041194037331075e-08,0.34199954818419565,0.6555357615531161,0.002464599850747901,0.6555357615531161,0.6585845169477598,0.47506830830339325
2011-07-21,2,0.1342497036724576,0.03141616841852916,0.8342814976472628,5.263026175033598e-05,0.8342814976472628,0.5299714774864153,0.38229361119112415
2011-07-22,2,0.009450373183479277,0.009323782874091432,0.9811224623291299,0.00010338161329934495,0.9811224623291299,0.1072922083488222,0.07739496845543561
2011-07-25,2,4.281478505123032e-05,0.016657439138161808,0.9830400151801676,0.0002597308966193745,0.9830400151801676,0.08760082561490894,0.063190638346204
2011-07-26,2,0.011684500449520291,0.0035927865266876446,0.9846501166333478,7.259639044428374e-05,0.9846501166333478,0.08813661976215427,0.06357713212578808
2011-07-27,2,0.009863101526312645,0.0014860476622515115,0.9886146100743447,3.624073709115456e-05,0.9886146100743447,0.06692472091892898,0.04827598149130836
2011-07-28,2,0.16435794393745143,0.0003141801274854782,0.8353149450172626,1.293091780053994e-05,0.8353149450172626,0.449774098116296,0.32444343043634316
2011-07-29,2,1.49057424119043e-05,0.01019584518239006,0.9887875552878819,0.0010016937873161612,0.9887875552878819,0.06498861992591719,0.0468793798406692
2011-08-01,2,0.07912948756747248,0.0016249676383944614,0.9192055679124862,3.997688164690204e-05,0.9192055679124862,0.28900513140415074,0.20847313493411576
2011-08-02,2,1.6987725573247644e-08,0.037816777713066824,0.9544769201382618,0.007706285160945739,0.9544769201382618,0.20581777399076756,0.14846614093164293
2011-08-03,2,0.00024157299071980734,0.08563678898888628,0.9113638620304977,0.0027577759898961738,0.9113638620304977,0.3133152738767313,0.22600919592836383
2011-08-04,1,1.6645028894276652e-17,0.9858641099008817,0.005059563454609249,0.009076326644508874,0.9858641099008817,0.08346042628308786,0.060203971554544884
2011-08-05,1,2.3847465130683383e-11,0.9771265746154634,0.02070467551286969,0.0021687498478194667,0.9771265746154634,0.1161922855896793,0.08381501710489225
2011-08-08,1,2.0893339490953112e-40,0.9828983799939247,3.997090720655471e-08,0.017101580035168023,0.9828983799939247,0.08653444949314765,0.0624214105749103
2011-08-09,1,2.045017143920734e-33,0.6909153168432949,5.646580508841525e-06,0.30907903657619634,0.6909153168432949,0.6184335948182356,0.4461055401817015
2011-08-10,1,2.3540340695904994e-18,0.6716154953656003,0.0004558013176937722,0.32792870331670587,0.6716154953656003,0.6364832636120441,0.4591256240109594
2011-08-11,1,3.8885104239374775e-44,0.9280616818875121,6.063289726483694e-08,0.07193825747959058,0.9280616818875121,0.2586250691263153,0.18655855233905022
2011-08-12,1,5.196433710009189e-57,0.6069471612028682,4.52591315175486e-10,0.3930528383445404,0.6069471612028682,0.6700940992990694,0.483370716993862
2011-08-15,1,8.588248065188561e-18,0.9533794892056984,0.02150395157250579,0.025116559221795867,0.9533794892056984,0.22061643175654796,0.1591411160168951
2011-08-16,1,9.80587847185766e-13,0.9873042712694001,0.005201130353232428,0.007494598376386801,0.9873042712694001,0.07664227378775412,0.05528571415802353
2011-08-17,1,9.958165868798756e-06,0.9269788095611611,0.06868916337593257,0.004322068897037557,0.9269788095611611,0.27789272871793386,0.20045723081023262
2011-08-18,1,1.0077070354164004e-22,0.9190400680944298,1.6433925568482695e-06,0.08095828851301322,0.9190400680944298,0.28112702149971863,0.20279027988876455
2011-08-19,1,1.188683029735919e-08,0.7730597649316838,0.22049927719083084,0.006440945990654904,0.7730597649316838,0.564844278003317,0.40744901937494626
2011-08-22,2,0.3921129765895448,0.0728554379445946,0.5349225011117835,0.00010908435407696514,0.5349225011117835,0.8935874927286059,0.6445871221799813
2011-08-23,2,0.0001211882483467814,0.09184233350375968,0.9075748732061786,0.000461605041714925,0.9075748732061786,0.31194456842053725,0.22502044094627852
2011-08-24,2,0.0011224660449305956,0.06928619699066471,0.9293736254185523,0.00021771154585248275,0.9293736254185523,0.2624914795157188,0.1893475778864672
2011-08-25,2,2.948188131538448e-08,0.11158459736512155,0.8873458740886135,0.0010694990643836137,0.8873458740886135,0.3580743805717243,0.258296066560107
2011-08-26,2,0.017676831676043826,0.03389341671185835,0.9482392609632397,0.0001904906488579832,0.9482392609632397,0.23807744674115727,0.17173657588048696
2011-08-29,2,1.5425560804617515e-08,0.0582273051014981,0.9413109463713943,0.00046173310154673725,0.9413109463713943,0.22604233440508542,0.16305507743859074
2011-08-30,1,1.1228449816886926e-09,0.5169961711931793,0.4732432816914144,0.009760545992561181,0.5169961711931793,0.7403130976734567,0.5340230173593213
2011-08-31,1,6.995487215207199e-24,0.9967584099339695,0.0003092960549612423,0.0029322940110693553,0.9967584099339695,0.022836868662788626,0.01647331858461886
2011-09-01,1,1.1905801149458892e-09,0.9673933185848648,0.030530054321615787,0.0020766259029394397,0.9673933185848648,0.15141726832071387,0.10922447105562372
2011-09-02,1,1.139567607008222e-19,0.9942200585907842,3.869887655933197e-05,0.005741242532656523,0.9942200585907842,0.03578164285110636,0.02581099934807559
2011-09-06,1,4.4110844385120526e-11,0.9927541875676065,0.002971261836671415,0.004274550551611253,0.9927541875676065,0.04782658337380834,0.03449958732802792
2011-09-07,1,1.8395213230653555e-08,0.9707341208486306,0.028193727643782307,0.0010721331123738967,0.9707341208486306,0.13677878817574698,0.09866503969997609
2011-09-08,1,0.0002284858446966447,0.7340792739070744,0.26457013276880903,0.0011221074794198645,0.7340792739070744,0.5882549746037707,0.4243362673195616
2011-09-09,1,9.513063636250533e-05,0.5479857709754344,0.4510362619178716,0.0008828364703314434,0.5479857709754344,0.6958245458508553,0.5019313108139221
2011-09-12,2,0.04078605747021266,0.12610967429742542,0.8328165693524168,0.0002876988799451203,0.8328165693524168,0.5463174313394488,0.39408472447230974
2011-09-13,2,0.00036486616450548946,0.05506142565416896,0.944464677728409,0.0001090304529165064,0.944464677728409,0.21748683931680365,0.15688359227048373
2011-09-14,2,0.010272035701689705,0.0094277114672009,0.9802068049372459,9.344789386353227e-05,0.9802068049372459,0.11146360069513052,0.0804039919812462
2011-09-15,2,0.006342381023849836,0.001315196158819167,0.992316907396923,2.5515420407962392e-05,0.992316907396923,0.04874369243766673,0.03516114167721933
2011-09-16,2,0.2603303494413621,0.00021350412537110786,0.7394456909102155,1.0455523051326356e-05,0.7394456909102155,0.5754829727755809,0.41512321546968445
2011-09-19,1,7.115514289876684e-12,0.5924708524411548,0.29002488777603946,0.11750425977569026,0.5924708524411548,0.9207300867002095,0.6641663650398288
2011-09-20,2,0.0014174927509177922,0.23984962875408622,0.7571434280928735,0.001589450402122379,0.7571434280928735,0.5726230492969806,0.4130602167597352
2011-09-21,1,1.8804575599399786e-28,0.9802001194371187,8.592670681238221e-06,0.01979128789220004,0.9802001194371187,0.09733437915448706,0.07021191305709229
2011-09-22,1,5.991992577049823e-53,0.939823092453153,6.9327800436653915e-15,0.060176907546840096,0.939823092453153,0.2274540126687192,0.16407338805372834
2011-09-23,1,1.109287061071653e-27,0.9709464788979412,0.007994333093541316,0.02105918800851758,0.9709464788979412,0.1485294083248597,0.10714132040822351
2011-09-26,1,2.7103856960778964e-10,0.9215146120416058,0.06267086111317703,0.015814526574178655,0.9215146120416058,0.3144910427817935,0.22685733391264618
2011-09-27,1,3.2473941378627307e-11,0.9929341664812472,0.0047081545130563075,0.0023576789732224165,0.9929341664812472,0.04653340731127275,0.03356675798181972
2011-09-28,1,2.6342751766716902e-08,0.9737034417046722,0.024591252295601433,0.0017052796569745293,0.9737034417046722,0.12793724267263562,0.09228721277440964
2011-09-29,1,6.190244832351082e-11,0.9908547841472622,0.002860644171572941,0.006284571619262266,0.9908547841472622,0.0577178568982862,0.041634632958948176
2011-09-30,1,1.1546810077220792e-09,0.9945155455464635,0.0020465869209789107,0.0034378663778765473,0.9945155455464635,0.03764370808523532,0.027154195487620384
2011-10-03,1,1.8127629795941498e-17,0.9922556591397829,0.0009884728288936816,0.006755868031323533,0.9922556591397829,0.04831525993195988,0.034852092951549875
2011-10-04,1,3.7451620308223834e-09,0.8447785500963767,0.13652380252072138,0.01869764363773998,0.8447785500963767,0.48875645356038144,0.35256325587701964
2011-10-05,1,6.172783232280842e-09,0.9724788530823619,0.026477240628017602,0.0010439001168372959,0.9724788530823619,0.13045648934374593,0.09410446511400308
2011-10-06,1,6.433174148464379e-06,0.9401603758985944,0.05864660730929412,0.001186583617963203,0.9401603758985944,0.23241795244190222,0.16765411370074965
2011-10-07,1,0.00019075473189968288,0.8429903914879716,0.15619911294154537,0.0006197408385834041,0.8429903914879716,0.4401967588216573,0.31753484048370006
2011-10-11,1,5.1355321346510344e-11,0.988001711528069,0.010806089866335314,0.0011921985542403197,0.988001711528069,0.06887799237050245,0.04968496900965587
2011-10-12,1,4.4555862148868767e-10,0.9812024060545722,0.017181002256719202,0.001616591243150013,0.9812024060545722,0.09883309894103756,0.07129301085896157
2011-10-13,1,0.00016897013450688778,0.8943835880317953,0.10349945149209158,0.0019479903416061868,0.8943835880317953,0.3482128436747181,0.2511824713716798
2011-10-14,1,2.745000116846154e-07,0.9260929443346478,0.07305078737450628,0.0008559937908340848,0.9260929443346478,0.26830100360262066,0.19353826368151636
2011-10-17,1,0.00017463401572017818,0.6899016339892697,0.3086289304646336,0.001294801530376465,0.6899016339892697,0.6290455100247867,0.45376041890311425
2011-10-18,1,1.2287814048560048e-06,0.3824171067776104,0.6164855605999072,0.0010961038410776014,0.6164855605999072,0.6732902941024266,0.48567628419012127
2011-10-19,1,0.0025186806421873572,0.32096409253628216,0.6761960989073958,0.00032112791413472754,0.6761960989073958,0.6469835368940705,0.46669997010693864
2011-10-20,2,5.998544530117918e-07,0.11759069552881553,0.8819163096423814,0.0004923949743499991,0.8819163096423814,0.3662869459818661,0.26422018025520094
2011-10-21,2,0.0008444643989721422,0.029092186276803704,0.9699970710512493,6.627827297482224e-05,0.9699970710512493,0.13906946277949464,0.1003174121455346
2011-10-24,2,0.10320276131280412,0.002847390190159909,0.8939272031787502,2.264531828582778e-05,0.8939272031787502,0.3515482841050681,0.2535884830557031
2011-10-25,2,4.7967226505324205e-12,0.08991027944979488,0.8982282781924522,0.011861442352956275,0.8982282781924522,0.3655956285317003,0.2637215001266838
2011-10-26,1,3.405254974577927e-20,0.9844363838986299,0.007233677898050074,0.008329938203320088,0.9844363838986299,0.090979628438498,0.06562792938507078
2011-10-27,1,6.179336971581812e-34,0.9987934221388415,1.759824128997119e-08,0.001206560262917103,0.9987934221388415,0.00931422679560885,0.006718794403869994
2011-10-28,1,2.9646168999602884e-19,0.9940695173954983,0.0020285925085667417,0.003901890095934959,0.9940695173954983,0.040132004354567846,0.028949121831634658
2011-10-31,1,1.0872675171405853e-09,0.984072483115282,0.012737218595281395,0.003190297202169121,0.984072483115282,0.08971207696095429,0.0647135842697089
2011-11-01,1,2.474334656227704e-20,0.9929406774591822,8.883677716157068e-05,0.006970485763656038,0.9929406774591822,0.042479001967752256,0.03064212274039435
2011-11-02,1,9.034355801054982e-07,0.8574748419221323,0.14152561015266157,0.0009986444896259708,0.8574748419221323,0.4154820293130837,0.2997069316342344
2011-11-03,1,8.937619931105147e-06,0.7611582884221529,0.23803005915501474,0.0008027148029011688,0.7611582884221529,0.5552143942253713,0.4005025265895566
2011-11-04,1,0.00032862731969688643,0.4233555514432847,0.5755775214428106,0.0007382997942077683,0.5755775214428106,0.6897903354509011,0.49757854810407476
2011-11-07,2,4.039108765737297e-05,0.3194573762107963,0.6792303607594672,0.0012718719420791447,0.6792303607594672,0.6361542600024503,0.4588882980729617
2011-11-08,2,0.00019730684879286963,0.18056680499313416,0.8189911652178449,0.00024472294022809434,0.8189911652178449,0.4763238970618538,0.3435950620740208
2011-11-09,1,7.902766012359289e-22,0.9869727494941727,0.002075853599943926,0.010951396905883398,0.9869727494941727,0.07520312986180672,0.054247591255478636
2011-11-10,1,1.3884696080733185e-06,0.9425466813717888,0.05649337565505336,0.0009585545035496191,0.9425466813717888,0.22479225556819235,0.1621533361692378
2011-11-14,1,3.4308216077418776e-06,0.8972587412127487,0.10024315567729253,0.0024946722883512204,0.8972587412127487,0.3428428999877617,0.24730887580816732
2011-11-15,1,0.026666233338425372,0.4693867876323169,0.5030826926493087,0.0008642863799490831,0.5030826926493087,0.8033729016816601,0.5795110506203539
2011-11-16,1,7.60198373796388e-05,0.4391317069239306,0.5590036278686517,0.0017886453700381652,0.5590036278686517,0.6985386672414456,0.5038891355492098
2011-11-17,1,4.3351587627839125e-07,0.828928375326167,0.1686351263230077,0.002436064834948914,0.828928375326167,0.47036341112466196,0.3392954803225833
2011-11-18,2,0.24450422821013723,0.12941400512710843,0.6259336589533853,0.00014810770936900952,0.6259336589533853,0.9035702565586795,0.6517881641159876
2011-11-21,2,1.50077407103563e-05,0.24090066369437657,0.7579287538064847,0.001155574758428357,0.7579287538064847,0.5609449475061559,0.4046362469894255
2011-11-22,2,0.0034144680687180334,0.07084812490134884,0.9254741401453114,0.0002632668846217897,0.9254741401453114,0.2807906785643635,0.2025476597463271
2011-11-23,2,1.6456579988479958e-07,0.12743115438849412,0.8713945740789575,0.0011741069667484322,0.8713945740789575,0.3904120708955764,0.28162277929211926
2011-11-28,2,1.4635262967866608e-05,0.1455699628787692,0.8536558625422156,0.0007595393160472258,0.8536558625422156,0.42121771417597315,0.3038443536881307
2011-11-29,2,0.1290728358171185,0.013282799209898059,0.8576192374433182,2.512752966517091e-05,0.8576192374433182,0.45365191921251213,0.327240687068826
2011-11-30,2,5.097857783049415e-10,0.20873156724662845,0.7880305616736588,0.0032378705699269063,0.7880305616736588,0.5333066318414008,0.3846994165153926
2011-12-01,2,0.0032279764857692096,0.07147858436571461,0.9251820634434906,0.00011137570502555277,0.9251820634434906,0.28006174834857883,0.20202184774259377
2011-12-02,2,0.0009177846205169104,0.042150276442197,0.9566172854277898,0.00031465350949630346,0.9566172854277898,0.18485316398883342,0.13334337148966216
2011-12-05,2,2.8821510094208215e-09,0.1665310402826581,0.8322113507715334,0.0012576060636574648,0.8322113507715334,0.45976947126316065,0.33165356807175134
2011-12-06,2,1.3287578142704844e-05,0.11999058304634254,0.8797720861978462,0.000224043177668525,0.8797720861978462,0.369145178031384,0.26628195885697564
2011-12-07,2,4.4211132116516966e-05,0.1437103871518861,0.8553742671330913,0.0008711345829061351,0.8553742671330913,0.4189960520917283,0.3022417632523951
2011-12-08,2,0.0012018564994369274,0.10324443787739028,0.8950209057785244,0.0005327998446481224,0.8950209057785244,0.3457948089472207,0.24943822801665094
2011-12-09,1,2.0469098702452984e-08,0.4047238233398787,0.5942557113400437,0.0010204448509788364,0.5942557113400437,0.6823995217716269,0.49224720298246316
2011-12-12,1,8.990089532563904e-10,0.7705304522446362,0.22699976735845168,0.002469779497903062,0.7705304522446362,0.5522832091654185,0.3983881235145957
2011-12-13,2,0.0996684043701692,0.16915145198246584,0.7308222521484777,0.0003578914988871801,0.7308222521484777,0.7624163965545344,0.5499671772008301
2011-12-14,1,7.894898158071175e-05,0.7875835016541651,0.20846825610183234,0.003869293262421837,0.7875835016541651,0.5371739851314008,0.38748912222181686
2011-12-15,1,0.0005924472387643577,0.4015460954791064,0.5973670480519941,0.0004944092301351441,0.5973670480519941,0.6823275859689,0.49219531226953495
2011-12-16,1,0.00030282361115033035,0.3764028411194078,0.622133986952126,0.0011603483173159208,0.622133986952126,0.6733425400573869,0.48571397168018515
2011-12-19,2,0.17672113466287342,0.02609850608113516,0.7971264174369653,5.394181902608267e-05,0.7971264174369653,0.5827140448354433,0.4203393313702216
2011-12-20,1,3.06055021243545e-16,0.9496180359136817,0.036980196300492145,0.013401767785825922,0.9496180359136817,0.2288217794770333,0.16506002324945196
2011-12-21,1,0.008993346222421912,0.685553787014013,0.30471214295632354,0.0007407238072415894,0.685553787014013,0.668641279451401,0.48232272899909384
2011-12-22,2,0.0734068576061057,0.23432262953556787,0.6918065363745263,0.00046397648380015744,0.6918065363745263,0.790191528643395,0.5700026998631477
2011-12-23,1,7.07489700605107e-07,0.4326299018934132,0.5668381489787909,0.0005312416380952567,0.5668381489787909,0.6882880101855169,0.4964948494989888
2011-12-27,1,0.0006113058018632993,0.3325610920041322,0.6657160728684774,0.0011115293255270309,0.6657160728684774,0.6490858565814834,0.46821647320063553
2011-12-28,1,7.563387644586388e-10,0.9351514228502172,0.0609222950872208,0.003926281306223193,0.9351514228502172,0.2549208729151924,0.18388653958691686
2011-12-29,1,2.466694367356165e-08,0.9243973514150111,0.07392482904821804,0.001677794869827127,0.9243973514150111,0.27594438190655174,0.1990517956688762
2011-12-30,1,0.2929158991942034,0.20907687187707139,0.49775452815331667,0.00025270077540855064,0.49775452815331667,1.0362297832318932,0.7474817847450489
2012-01-03,1,2.333902293550819e-12,0.9698285994192172,0.028051027049150343,0.002120373529298662,0.9698285994192172,0.14301175894239532,0.1031611777075008
2012-01-04,1,0.0005292631982283106,0.6952061825918889,0.30241629665222025,0.0018482575576624922,0.6952061825918889,0.6300397922026277,0.454477641886722
2012-01-05,2,0.021669211786630466,0.27288265568723724,0.7049693947234316,0.0004787378027007429,0.7049693947234316,0.6875473812672596,0.4959605986652344
2012-01-06,2,0.18417322168079642,0.026931639921420964,0.7888320698279272,6.30685698554695e-05,0.7888320698279272,0.5966642383496493,0.4304022688714148
2012-01-09,2,0.09499695604398524,0.0019453210042029473,0.9030401948111354,1.752814067623887e-05,0.9030401948111354,0.3280490775696951,0.236637388688999
2012-01-10,2,0.37462515592298457,0.0003262963108183446,0.6250346856669431,1.3862099253868491e-05,0.6250346856669431,0.6643263292906931,0.4792101503998258
2012-01-11,2,0.09228202171837668,0.0009864511662352096,0.9066507688119254,8.075830346259453e-05,0.9066507688119254,0.31633797790447504,0.22818961598381432
2012-01-12,2,0.02932020554985682,0.0006858753196100615,0.9699662778100824,2.764132045085114e-05,0.9699662778100824,0.13834976103545318,0.09979825707701073
2012-01-13,2,0.0012812693219128404,0.0011822536310386205,0.9974225098491094,0.00011396719793927443,0.9974225098491094,0.020110855783054472,0.01450691595312291
2012-01-17,0,0.5441700806157407,0.00010227478273203269,0.45572265837167664,4.9862298507291745e-06,0.5441700806157407,0.6902636388904924,0.49791996436664177
2012-01-18,2,0.00013779115269645274,0.0029440424009896647,0.9967960079409894,0.00012215850532446405,0.9967960079409894,0.022682252841504276,0.01636178684531391
2012-01-19,2,9.619197122665581e-05,0.007284694410906802,0.9924808817701547,0.00013823184771195928,0.9924808817701547,0.045464000702170444,0.032795344175996825
2012-01-20,2,0.045724200077873325,0.0010486573674487877,0.9532056724517389,2.1470102938895136e-05,0.9532056724517389,0.19417179985542968,0.14006534636595638
2012-01-23,2,0.3206804258623257,0.0002755503654948122,0.6790342311348544,9.792637325047579e-06,0.6790342311348544,0.6299277931201022,0.45439685162625015
2012-01-24,0,0.8479823983981997,2.6538954104880364e-05,0.15198989206162497,1.1705860706423647e-06,0.8479823983981997,0.42646405163144335,0.3076287862030491
2012-01-25,0,0.9134075762660668,3.603586041935293e-05,0.0865541798610352,2.208012478543931e-06,0.9134075762660668,0.29492433367746684,0.21274293681698167
2012-01-26,0,0.9630525242900476,7.799400167249566e-06,0.03693910840679913,5.679029858657331e-07,0.9630525242900476,0.15819932652884086,0.11411669192756628
2012-01-27,0,0.9924222943221298,5.253763446891873e-07,0.007577151672560747,2.8628964776631168e-08,0.9924222943221298,0.04455335234691886,0.03213845024293925
2012-01-30,0,0.7334616551049559,3.6018535726884525e-05,0.26649923399772796,3.0923615893934114e-06,0.7334616551049559,0.5801804673305972,0.41851174151924697
2012-01-31,0,0.8343386891446705,4.2044337057223765e-05,0.16561643843059665,2.8280876757133135e-06,0.8343386891446705,0.4493635040040027,0.3241472493915313
2012-02-01,2,6.942382201999463e-08,0.052284410866395674,0.9458852855541212,0.0018302341556610821,0.9458852855541212,0.2184553209654171,0.15758220410630702
2012-02-02,0,0.6419347094140483,0.0008281652284233158,0.3572329553706974,4.169986830957318e-06,0.6419347094140483,0.6582019917544946,0.4747923747037239
2012-02-03,1,2.4063795762268754e-19,0.9002972401435587,0.0695597635691788,0.0301429962872624,0.9002972401435587,0.3855296659922573,0.278100868621304
2012-02-06,1,3.9346624632648975e-09,0.9435828608300384,0.0510196836758605,0.005397451559438838,0.9435828608300384,0.23479083369933504,0.169365785712108
2012-02-07,1,2.6254753557351043e-05,0.781844861691327,0.21731441010727845,0.0008144734478369791,0.781844861691327,0.5301923518785803,0.38245293838624206
2012-02-08,0,0.5442763917807114,0.050883766651579856,0.4047797639581073,6.007760960138645e-05,0.5442763917807114,0.8492965833217525,0.6126379845011164
2012-02-09,2,0.2536968192113396,0.011921252734455642,0.7343554758672451,2.6452186959677503e-05,0.7343554758672451,0.627798762132989,0.45286108040274664
2012-02-10,2,0.0001177498312801051,0.016065048568866314,0.9834963547323338,0.00032084686751970067,0.9834963547323338,0.08637951984919828,0.062309652460404076
2012-02-13,2,0.3991112111468258,0.000655535023819006,0.6002269395242024,6.314305152621468e-06,0.6002269395242024,0.6778547323195916,0.48896883038029526
2012-02-14,2,0.0053508586172572835,0.002321296591299028,0.9921399757745945,0.0001878690168492148,0.9921399757745945,0.05150870648236172,0.03715567770235423
2012-02-15,2,0.027273612877383925,0.000752376018615557,0.9719535607252263,2.0450378774251204e-05,0.9719535607252263,0.13151658638173097,0.09486916348378413
2012-02-16,2,0.2071732965406437,0.00023585153044868576,0.7925805729201001,1.0279008807545308e-05,0.7925805729201001,0.5124642541236177,0.3696648190285024
2012-02-17,0,0.7887046570133944,3.9196985044393766e-05,0.21125388216087726,2.2638406839965776e-06,0.7887046570133944,0.5160720147600015,0.37226726821791506
2012-02-21,0,0.9141868924684193,2.618386240842378e-05,0.08578563097409912,1.2926950731680299e-06,0.9141868924684193,0.2929961075552942,0.21135201568489614
2012-02-22,0,0.6873440622437499,7.385972348702311e-05,0.31257658193715504,5.496095608142713e-06,0.6873440622437499,0.6219655694786098,0.4486533213452352
2012-02-23,0,0.9684730488884362,4.364177722510349e-06,0.03152231910298959,2.6783085173681834e-07,0.9684730488884362,0.14005711712907162,0.10102985416165816
2012-02-24,0,0.973478107160909,3.966530858380378e-06,0.026517635603698308,2.907045343844328e-07,0.973478107160909,0.12247831182846575,0.08834942654568981
2012-02-27,0,0.9719355614743103,3.1003676409027304e-06,0.028061110575444446,2.275826043905099e-07,0.9719355614743103,0.1279824499605012,0.0923198229394175
2012-02-28,0,0.6214385474883738,7.401311266828171e-05,0.37848418279630736,3.2566026504511314e-06,0.6214385474883738,0.6641028032293707,0.4790489104297361
2012-02-29,0,0.4024657340077641,0.00024121949345453806,0.5972810850299983,1.1961468783103039e-05,0.5972810850299983,0.6762664118367252,0.4878230993383084
2012-03-01,2,0.07601691869839115,0.0007306789620403026,0.9232205591345575,3.1843205011087025e-05,0.9232205591345575,0.2752401238233956,0.19854378084683852
2012-03-02,2,0.12224480899550634,0.0003111513020668391,0.8774227892566816,2.1250445745198413e-05,0.8774227892566816,0.3744041368499804,0.2700754957608898
2012-03-05,2,0.01649373921967907,0.0008482834907573225,0.9826103128285766,4.766446098703151e-05,0.9826103128285766,0.09141431729154079,0.06594149111137805
2012-03-06,2,9.832093429084054e-08,0.011170089725928591,0.9878121566811725,0.0010176552719645719,0.9878121566811725,0.06933090063486114,0.05001167326313982
2012-03-07,2,0.10535612382042613,0.0010988077714169523,0.8935297401135116,1.5328294645387597e-05,0.8935297401135116,0.3453407564872666,0.2491106984005113
2012-03-08,2,0.12242284396046799,0.0005142225649386257,0.8770463603276677,1.657314692564169e-05,0.8770463603276677,0.3762625877987254,0.2714160847446347
2012-03-09,2,0.5560007672283691,0.00011377579672047776,0.4438800618820219,5.395092888585094e-06,0.5560007672283691,0.687982897798274,0.4962747574349943
2012-03-12,0,0.939917192064082,9.797167415860617e-06,0.060072458563416746,5.522050853932982e-07,0.939917192064082,0.22729750814954786,0.16396049390688572
2012-03-13,2,0.06562970840960514,0.0007521880955440231,0.9335880877822175,3.001571263321127e-05,0.9335880877822175,0.24863623865129197,0.17935313424375188
2012-03-14,2,6.917355110924838e-09,0.16572176190095983,0.8294468785450776,0.004831352636607478,0.8294468785450776,0.4787431216119921,0.3453401637046615
2012-03-15,2,0.008561493973967596,0.02210658897290536,0.9692133428579747,0.00011857419515246256,0.9692133428579747,0.1564041963922805,0.1128217792546833
2012-03-16,0,0.5516146073740612,0.00046469194756245286,0.4479159481768948,4.752501481406372e-06,0.5516146073740612,0.6915265575841276,0.49883096763481855
2012-03-19,2,1.3719705337506282e-05,0.0044815528599274,0.9953193987578177,0.0001853286769173344,0.9953193987578177,0.030651122242966195,0.022110111028804367
2012-03-20,2,0.0025876919157145043,0.0018968083744919171,0.9954398847638208,7.561494597271291e-05,0.9954398847638208,0.03257053239822462,0.023494672785015987
2012-03-21,2,0.0030747303222807246,0.001915980761472693,0.9948846018963334,0.00012468701991304377,0.9948846018963334,0.03599838484663605,0.025967345649127116
2012-03-22,2,0.10530946487892845,0.0003804851041913973,0.8942953958573296,1.4654159550484457e-05,0.8942953958573296,0.340105004340321,0.24533390157165025
2012-03-23,2,0.148567168088892,0.0004017192972928799,0.8509925562698651,3.855634394990822e-05,0.8509925562698651,0.4241181844744281,0.305936600746044
2012-03-26,2,0.15326688051871876,0.00030001515006108725,0.8464151012394171,1.8003091803027484e-05,0.8464151012394171,0.43122957591739663,0.3110663853303395
2012-03-27,0,0.7629623029634933,4.47753601503132e-05,0.23699059300659864,2.328669757912157e-06,0.7629623029634933,0.5480990876265417,0.3953699178172886
2012-03-28,0,0.9229381922352323,1.9237472575346506e-05,0.07704171788154847,8.524106438942307e-07,0.9229381922352323,0.2717233703105397,0.19600697942032552
2012-03-29,0,0.9385328243106331,1.3570861337455576e-05,0.06145267182139868,9.33006630853005e-07,0.9385328243106331,0.23112466716920402,0.16672120557606143
2012-03-30,2,0.0006113963426492256,0.002068859883092166,0.9972334363998077,8.630737445099874e-05,0.9972334363998077,0.020881673421305324,0.015062943345190033
2012-04-02,2,0.002209765263936588,0.0014564587268870368,0.9962040880278676,0.0001296879813086062,0.9962040880278676,0.027975100427507584,0.020179769327567956
2012-04-03,2,7.534471139420556e-07,0.00936733963985934,0.9902624614635652,0.00036944544946155677,0.9902624614635652,0.056370916199229903,0.04066302062549816
2012-04-04,2,1.0677111982587234e-06,0.021798145735245238,0.9772599986286844,0.0009407879248721121,0.9772599986286844,0.1124484900598338,0.08111443948238707
2012-04-05,2,0.059571498885219606,0.002842096653122449,0.9375373948068003,4.900965485762308e-05,0.9375373948068003,0.2456461078533604,0.17719621080685927
2012-04-09,2,6.655347108252485e-07,0.047567460830020405,0.9483111490903453,0.00412072454492341,0.9483111490903453,0.21784046935388013,0.15713868242088355
2012-04-10,2,0.009884893978909388,0.013691565970552152,0.9763291055499244,9.443450061407008e-05,0.9763291055499244,0.12864991420503172,0.09280129661719494
2012-04-11,2,0.030457667735238378,0.003288987613357575,0.9662224301803918,3.091447101212284e-05,0.9662224301803918,0.15866575230379865,0.11445314700380346
2012-04-12,2,0.24736731737960677,0.0004489004051786752,0.7521704662242565,1.3315990957939937e-05,0.7521704662242565,0.5633649790150683,0.406381930717777
2012-04-13,2,0.11150246075852338,0.0006060170046792344,0.8878538260578089,3.769617898848936e-05,0.8878538260578089,0.35508619855505846,0.2561405488717483
2012-04-16,2,0.6549628710416694,9.769433802218802e-05,0.34493438085501216,5.053765296257821e-06,0.6549628710416694,0.6452772835156162,0.46546916846314057
2012-04-17,2,0.47823340991453317,0.00024193685161146133,0.5215134398127185,1.1213421136827503e-05,0.5215134398127185,0.6944301009100126,0.5009254314134488
2012-04-18,0,0.8675398542467645,3.833059475071209e-05,0.13241962486117542,2.190297309321412e-06,0.8675398542467645,0.3914136670621384,0.2823452782033555
2012-04-19,0,0.9081950003582882,1.944264189675086e-05,0.09178387364975053,1.6833500644694875e-06,0.9081950003582882,0.3068981287711711,0.22138020421813553
2012-04-20,0,0.9842347503240377,2.135898597216449e-06,0.01576301945503963,9.432232524680624e-08,0.9842347503240377,0.08108766101186966,0.058492383209554855
2012-04-23,0,0.9655486765518136,1.6953143475577642e-06,0.034449493647752835,1.34486086069046e-07,0.9655486765518136,0.14991048148931196,0.10813755411095356
2012-04-24,0,0.9877136937310936,1.0028911010998298e-06,0.012285260358969995,4.301883510078664e-08,0.9877136937310936,0.06627232338127645,0.047805376145178616
2012-04-25,0,0.9846465838231818,6.183049643471411e-07,0.015352766335692991,3.1536161017417916e-08,0.9846465838231818,0.07936453717438222,0.057249412101964506
2012-04-26,0,0.9910513622665348,3.3028261703292876e-07,0.008948284600529441,2.285031867941303e-08,0.9910513622665348,0.05111654552305484,0.03687279336674308
2012-04-27,0,0.9946226964516364,1.5640370097954082e-07,0.005377137272810939,9.87185171356103e-09,0.9946226964516364,0.03346421678809061,0.024139329803705763
2012-04-30,0,0.9956399802449316,6.064560731932514e-08,0.004359955822160232,3.287300938145794e-09,0.9956399802449316,0.028049211963190268,0.020233229500068995
2012-05-01,0,0.8776673997146648,4.065104985520712e-06,0.12232837686265584,1.583176938209899e-07,0.8776673997146648,0.3715952041366646,0.268049279113044
2012-05-02,0,0.5942423564757033,0.00013600667157262887,0.4056071110251521,1.452582757197394e-05,0.5942423564757033,0.6766646128390502,0.48811034064397407
2012-05-03,0,0.8445572885570508,4.338499904232299e-05,0.15539718888888424,2.1375550226822996e-06,0.8445572885570508,0.4324594913242924,0.3119535817594602
2012-05-04,0,0.7625340342329555,0.00011653633863342199,0.23734271252327338,6.716905137779857e-06,0.7625340342329555,0.5492228797367186,0.3961805624694597
2012-05-07,0,0.9777474503693465,3.105504104626994e-06,0.02224929462382796,1.4950272085110424e-07,0.9777474503693465,0.10671330545217002,0.07697737828635744
2012-05-08,0,0.9490011312425175,3.714619740182983e-06,0.05099485583361945,2.9830412304198884e-07,0.9490011312425175,0.20148891186106893,0.1453435269680388
2012-05-09,0,0.9643456914052303,3.3234172449745475e-06,0.035650788850385834,1.9632713885331053e-07,0.9643456914052303,0.15391511703938326,0.11102628803528132
2012-05-10,0,0.9927216254986237,4.673645964510144e-07,0.007277881945552293,2.5191227492370478e-08,0.9927216254986237,0.043087472895469,0.031081041735365376
2012-05-11,0,0.9544463591659452,2.0224667806999235e-06,0.04555146350326156,1.548640125493221e-07,0.9544463591659452,0.18523338131877165,0.13361764031784312
2012-05-14,2,0.03359950207054539,0.0001980161714230199,0.9661527394878314,4.974227020027331e-05,0.9661527394878314,0.14946057238736174,0.10781301329583637
2012-05-15,2,0.29292054474191054,9.882591990577524e-05,0.7069717639827963,8.865355387519657e-06,0.7069717639827963,0.605830897055582,0.43701461539970016
2012-05-16,2,0.17650883178799115,0.0005776858775079322,0.822861665708052,5.1816626448850964e-05,0.822861665708052,0.47138399437220596,0.3400316755176063
2012-05-17,2,1.5962474898325725e-11,0.10016087009277239,0.8811162746039001,0.018722855287365173,0.8811162746039001,0.41646672018816333,0.3004172359553774
2012-05-18,2,0.1730878485703536,0.004498519034494434,0.822361355720636,5.2276674516013545e-05,0.822361355720636,0.4892475264106896,0.352917490059947
2012-05-21,2,0.06215833731568258,0.0010655438320666657,0.9367397328593416,3.6385992909165286e-05,0.9367397328593416,0.2415607707532593,0.17424926301952148
2012-05-22,2,4.516342379053575e-06,0.018181267590202,0.981339186830882,0.00047502923653688363,0.981339186830882,0.09503512823726662,0.06855335410907562
2012-05-23,2,2.612462612398531e-07,0.15773122251837846,0.8369000621557923,0.00536845407956801,0.8369000621557923,0.4683845265841639,0.33786801686604906
2012-05-24,2,0.0007433178720115867,0.0363862984405153,0.9627670197696324,0.00010336391784058963,0.9627670197696324,0.163403104714475,0.11787042441871655
2012-05-25,0,0.590457650382161,0.0006752137284856306,0.4088626172323647,4.518656988554537e-06,0.590457650382161,0.681748903225276,0.4917778809072978
2012-05-29,0,0.862096563680491,3.8041782620198245e-05,0.13786372705848968,1.6674783990610817e-06,0.862096563680491,0.4015096436391892,0.2896279858736766
2012-05-30,2,3.4211299983858056e-06,0.03481472767323615,0.9611074078697933,0.004074443326972148,0.9611074078697933,0.17748900496888223,0.1280312536404615
2012-05-31,2,0.15847381228026874,0.0023788014932147046,0.839117512186809,2.9874039707535852e-05,0.839117512186809,0.4538020211304249,0.3273489627151263
2012-06-01,2,3.700954423685431e-09,0.160159071169932,0.8287917487219085,0.011049176407205121,0.8287917487219085,0.4987622076836848,0.35978088180404166
2012-06-04,2,0.3096916357979841,0.008069618002366488,0.6822136592091943,2.5086990455095856e-05,0.6822136592091943,0.6630592158837848,0.4782961212856305
2012-06-05,2,0.029778976334805755,0.00503190021429165,0.9651118170694205,7.730638148207035e-05,0.9651118170694205,0.16627481750450476,0.11994192731923321
2012-06-06,2,1.0881994980618176e-07,0.011500431506656266,0.9879727596673699,0.0005267000060240932,0.9879727596673699,0.06728605110402652,0.04853662612439021
2012-06-07,2,0.07497350796329677,0.0018459617410683932,0.9231533548264419,2.717546919300061e-05,0.9231533548264419,0.27994874020411636,0.20194032959779573
2012-06-08,2,0.17016489608914098,0.0003089383955150623,0.8295151860903899,1.0979424954140317e-05,0.8295151860903899,0.4590300962766701,0.3311202217585677
2012-06-11,2,0.032075887572024474,0.0005133094405804006,0.967374957829418,3.584515797715734e-05,0.967374957829418,0.1466718624058031,0.10580138426540026
2012-06-12,2,0.07357519126957321,0.00033348402287412246,0.9260768408731421,1.4483834410575624e-05,0.9260768408731421,0.26594273181429956,0.19183713017447676
2012-06-13,2,1.846415570007127e-08,0.005923356860497991,0.9927801607732443,0.001296463902101965,0.9927801607732443,0.04619310329118967,0.0333212805207355
2012-06-14,2,0.09038580787155108,0.0008599973112180622,0.9087309482060779,2.3246611152961494e-05,0.9087309482060779,0.31054706239608304,0.22401235344073225
2012-06-15,2,0.4536413029381591,0.0002605911380773757,0.5460856445781436,1.2461345619944953e-05,0.5460856445781436,0.6912419408783552,0.49862566007983256
2012-06-18,0,0.8067542083199635,5.1435739979313005e-05,0.19319158369895786,2.772241099377582e-06,0.8067542083199635,0.49140382011310607,0.3544729271755352
2012-06-19,2,0.21549504857369414,0.00045627824013838483,0.7840293994272788,1.927375888863443e-05,0.7840293994272788,0.5252258885569633,0.37887039238381515
2012-06-20,0,0.7813175711898928,5.008859201905626e-05,0.2186295264674696,2.8137506185647904e-06,0.7813175711898928,0.5257396932092301,0.37924102409572064
2012-06-21,2,0.040264369425085995,0.004565029615053226,0.9547272264124724,0.00044337454738819316,0.9547272264124724,0.20159869014438384,0.14542271526050665
2012-06-22,2,5.019978531331449e-06,0.0063575831853901485,0.9934906146205456,0.0001467822155328915,0.9934906146205456,0.040002325396471125,0.028855578236757766
2012-06-25,2,5.115747207411862e-05,0.0035763658526394198,0.9960733149093367,0.0002991617659497655,0.9960733149093367,0.026999116564090677,0.019475745787698343
2012-06-26,2,0.29696239213440895,0.0002666826267420512,0.7027629230082174,8.002230631529197e-06,0.7027629230082174,0.6107349431239597,0.44055213687126993
2012-06-27,0,0.8443170809783287,2.9580386128886326e-05,0.15565170515735408,1.6334781885128592e-06,0.8443170809783287,0.4327447245419272,0.31215933403374946
2012-06-28,0,0.977439992597915,4.753944447280891e-06,0.022554985690105986,2.6776753165221993e-07,0.977439992597915,0.10788988934117186,0.07782610415728383
2012-06-29,2,8.263789281765145e-08,0.2135395300341569,0.7733839989627367,0.013076388365213621,0.7733839989627367,0.5851476482166272,0.42209480513498393
2012-07-02,2,0.011843918084607238,0.06676446162439893,0.9210281910314879,0.0003634292595059087,0.9210281910314879,0.311888946239613,0.2249803180239871
2012-07-03,2,0.00016981375636647997,0.0897674760590681,0.9096878349523511,0.0003748752322143824,0.9096878349523511,0.3069242927703565,0.22139907755407282
2012-07-05,2,0.19071027258013615,0.004726238430330335,0.804546461120219,1.702786931465218e-05,0.804546461120219,0.5164711162409987,0.3725551590816381
2012-07-06,2,0.10670177674762654,0.0024266315755160825,0.8907998836395741,7.170803728337657e-05,0.8907998836395741,0.35707215817189364,0.2575731159170553
2012-07-09,2,0.4929761045899349,0.00023861274273612816,0.5067670800096419,1.8202657687094475e-05,0.5067670800096419,0.6953196817517913,0.5015671283479007
2012-07-10,0,0.8458269983381355,5.7484950708062324e-05,0.15411298451268093,2.532198475629532e-06,0.8458269983381355,0.4304215109557294,0.31048348967388273
2012-07-11,0,0.9563162561490453,8.390154564635292e-06,0.04367484777297961,5.05923410690438e-07,0.9563162561490453,0.1795660082014008,0.12952949477219394
2012-07-12,0,0.9822482410449256,1.8469176333538342e-06,0.017749779789112016,1.322483290445983e-07,0.9822482410449256,0.08917587915186477,0.0643267993096544
2012-07-13,0,0.8630907786803389,1.4524064697581646e-05,0.13689398308241602,7.141725473737101e-07,0.8630907786803389,0.3994697446922732,0.28815650982636143
2012-07-16,0,0.924265158782768,1.4437796833224401e-05,0.07571914167289864,1.2617475001556566e-06,0.924265158782768,0.2683799708801436,0.1935952265313538
2012-07-17,2,0.05733592077866221,0.0005760091683356847,0.9420639248223474,2.4145230654738354e-05,0.9420639248223474,0.22469130368392795,0.16208051477783947
2012-07-18,2,0.23548893568838355,0.00014853858010920262,0.7643512810613448,1.1244670162556106e-05,0.7643512810613448,0.5473784114205795,0.3948500598230744
2012-07-19,2,0.05328923478911911,0.0005471348028184751,0.9461372860566304,2.6344351431948447e-05,0.9461372860566304,0.21301771116649718,0.15365979776071154
2012-07-20,2,0.00516980001606546,0.0007891415832934461,0.9939780993606935,6.295903994769693e-05,0.9939780993606935,0.03946940019744887,0.028471153965860682
2012-07-23,2,0.014111575162964273,0.0008827676639782137,0.9849354200559836,7.023711707383388e-05,0.9849354200559836,0.08195630860074914,0.05911897999393314
2012-07-24,2,0.040448152086984095,0.0006081931842169482,0.9588999200673481,4.373466145090806e-05,0.9588999200673481,0.1749332447520672,0.1261876623452113
2012-07-25,2,0.4642133467472425,0.00014453185255038518,0.5356344676046022,7.653795604793296e-06,0.5356344676046022,0.6920089336097925,0.49917892838485384
2012-07-26,2,0.5924550092105781,0.0001016675046382371,0.40743792239054755,5.400894235937765e-06,0.5924550092105781,0.6769637104269809,0.4883260939473988
2012-07-27,1,2.043543650199454e-16,0.8703973380516536,0.10260445292616896,0.026998209022177134,0.8703973380516536,0.45195042877647723,0.3260133211617322
2012-07-30,1,4.152395761283909e-09,0.9193058405761294,0.07498406917360392,0.005710086097870838,0.9193058405761294,0.3010874498200481,0.217188685364644
2012-07-31,1,0.057929083908029755,0.511938905944958,0.42964361387982863,0.0004883962671837614,0.511938905944958,0.8744680608465542,0.630795367399556
2012-08-01,2,0.08046449803096208,0.10618780337422906,0.8132406546992798,0.0001070438955292532,0.8132406546992798,0.6099950848504415,0.44001844194018724
2012-08-02,2,6.405691109583412e-06,0.14515591555708107,0.8540124120344027,0.0008252667174067226,0.8540124120344027,0.42085034850681496,0.303579355373587
2012-08-03,1,7.303429485407823e-11,0.8564200407773549,0.14231700001592934,0.0012629591336813845,0.8564200407773549,0.41864482520163626,0.3019884066061138
2012-08-06,2,0.17916206733988538,0.1759679106639209,0.6446278042288854,0.00024221776730827044,0.6446278042288854,0.8988601005092139,0.6483905047287991
2012-08-07,2,0.0004459703397551446,0.1195851141348994,0.8797839504535298,0.00018496507181582742,0.8797839504535298,0.3716785110283286,0.2681093723327818
2012-08-08,0,0.6120572293459748,0.002673305978875492,0.3852627389322845,6.725742865124697e-06,0.6120572293459748,0.6838699402400913,0.49330788569870576
2012-08-09,0,0.9498922610691941,2.0046594690600042e-05,0.050087146300616066,5.460354992015846e-07,0.9498922610691941,0.19901602187700762,0.14355971390970418
2012-08-10,0,0.976829028466963,2.626417577499432e-06,0.023168167637815578,1.774776439300251e-07,0.976829028466963,0.11016453053022654,0.07946691093890933
2012-08-13,0,0.9913748586964292,5.425575053759076e-07,0.008624570846138517,2.789992695597937e-08,0.9913748586964292,0.049589943450164355,0.035771582746758124
2012-08-14,2,0.019316355363837596,0.0003442410309390795,0.9803262082677152,1.3195337508257775e-05,0.9803262082677152,0.09861012653532755,0.07113217026697512
2012-08-15,2,0.055613574601044574,0.0009774381776976265,0.9433672553462309,4.173187502691706e-05,0.9433672553462309,0.22287885017080686,0.16077310593022867
2012-08-16,2,0.37600968689306574,0.0001589566785881602,0.6238237113951448,7.645033201367363e-06,0.6238237113951448,0.663645289127317,0.4787188837666513
2012-08-17,0,0.6704587269920161,9.625228794651174e-05,0.3294385068327428,6.513887294570135e-06,0.6704587269920161,0.6348099492996747,0.4579185828808075
2012-08-20,0,0.9759062011705277,3.4249041371926493e-06,0.024090189506739676,1.8441859531685858e-07,0.9759062011705277,0.11360599968418139,0.08194940617980082
2012-08-21,0,0.9941426787828781,3.183214308951408e-07,0.005856982740209327,2.0155481567724923e-08,0.9941426787828781,0.03595085104002725,0.025933057255592574
2012-08-22,2,0.20897965602698026,8.956600991611635e-05,0.7909218375465985,8.940416505089531e-06,0.7909218375465985,0.513615791551469,0.3704954776967819
2012-08-23,0,0.6733337710321211,8.969953970765969e-05,0.3265713997924192,5.1296357519653725e-06,0.6733337710321211,0.6326796465428338,0.45638189426936426
2012-08-24,0,0.8338325855701331,3.419939552206043e-05,0.16613154692496018,1.6681093847503963e-06,0.8338325855701331,0.4501021604087378,0.3246800773575474
2012-08-27,0,0.8401742533725518,3.7843787127932315e-05,0.15978539220035404,2.5106399660337764e-06,0.8401742533725518,0.4397648688848028,0.3172232977486451
2012-08-28,0,0.9872239325222498,1.6163588906237587e-06,0.012774374193717603,7.692514195102127e-08,0.9872239325222498,0.06841720278552428,0.04935257958508523
2012-08-29,0,0.9891753654525122,4.296115057916093e-07,0.010824184928505443,2.0007476674588403e-08,0.9891753654525122,0.05976244978428475,0.04310949496758166
2012-08-30,0,0.9403460619209504,3.914043181858496e-06,0.059649700519791744,3.2351607601761064e-07,0.9403460619209504,0.226060116343825,0.1630679043960092
2012-08-31,0,0.800854490507927,5.513522835429915e-05,0.19908467113134065,5.703132378051679e-06,0.800854490507927,0.4997877201560131,0.36052063268314055
2012-09-04,0,0.622756951676732,0.0001277230364234896,0.3771092473933172,6.077893527472657e-06,0.622756951676732,0.6639197794010381,0.4789168866449861
2012-09-05,0,0.93257275547128,1.5100305648918641e-05,0.06741153116569198,6.130573789140626e-07,0.93257275547128,0.24708233549174238,0.17823223005259994
2012-09-06,2,0.001607090989519321,0.0016934146154344756,0.9966314397856073,6.805460943892146e-05,0.9966314397856073,0.02516051654509307,0.018149476222905244
2012-09-07,2,0.09397469844238894,0.0008097727826376659,0.9051888096741938,2.6719100779704554e-05,0.9051888096741938,0.3184381126264438,0.22970454295810583
2012-09-10,2,0.6366201872977628,8.023328526552744e-05,0.36329651950293995,3.0599140315929327e-06,0.6366201872977628,0.6561325249985851,0.47329956999070627
2012-09-11,0,0.968500735256814,4.557486618915313e-06,0.031494491394133545,2.158624334226014e-07,0.968500735256814,0.13996337910282539,0.10096223646885408
2012-09-12,2,0.0058880673923101855,0.0009168615735347365,0.9931595765066542,3.5494527500869485e-05,0.9931595765066542,0.0438279038028021,0.03161514973443057
2012-09-13,2,1.1800284279684136e-05,0.007742006277201358,0.9903552435025229,0.0018909499359960826,0.9903552435025229,0.05922415576866706,0.042721197914145734
2012-09-14,1,1.8428722263400459e-22,0.8483428164710682,4.332196157284669e-05,0.151613861567359,0.8483428164710682,0.4259697570363461,0.3072722280225066
2012-09-17,1,9.803155218055298e-09,0.9615732580424453,0.01596675588695508,0.02245997626744439,0.9615732580424453,0.18899590487528917,0.13633172735595098
2012-09-18,1,0.009089626683130734,0.7020447322461036,0.2874609248937452,0.00140471617702036,0.7020447322461036,0.6586754418037192,0.47513389672278633
2012-09-19,2,0.3954849669269631,0.08764422177445305,0.5167341280721225,0.00013668322646131142,0.5167341280721225,0.9226137612610551,0.6655251490136191
2012-09-20,0,0.7629608674989147,0.0031905874176805242,0.23383926662771484,9.278455689939386e-06,0.7629608674989147,0.564660342556693,0.4073163379966021
2012-09-21,0,0.9788503376719991,1.3766013071717364e-05,0.021135711850116343,1.8446481268855121e-07,0.9788503376719991,0.10259738881012401,0.07400837202226136
2012-09-24,0,0.9243391492728008,1.832574856475502e-05,0.07564128723251844,1.2377461158794122e-06,0.9243391492728008,0.26822735984027635,0.1934851409361531
2012-09-25,0,0.943655103635535,8.925291163839922e-06,0.05633530263464823,6.684386528821543e-07,0.943655103635535,0.21688488885840232,0.15644937679988552
2012-09-26,0,0.40490691424186964,0.00026969927898593454,0.5948019861339898,2.140034515466981e-05,0.5948019861339898,0.6775376337837158,0.4887400921377047
2012-09-27,2,0.09736861417655014,0.0005172194771570971,0.9020924421715211,2.1724174771544744e-05,0.9020924421715211,0.32389310532119125,0.23363948841250468
2012-09-28,2,0.4590494580030057,0.00016116771822280988,0.5407801199843222,9.25429444943013e-06,0.5407801199843222,0.6913699597017509,0.49871800614065925
2012-10-01,0,0.9467929734869742,8.226070687088467e-06,0.05319840085820772,3.9958413080112157e-07,0.9467929734869742,0.20793751934098587,0.14999521398399662
2012-10-02,0,0.9651870588130981,6.5299371181599166e-06,0.03480602982281527,3.8142696861025035e-07,0.9651870588130981,0.15116083004118602,0.10903948993853926
2012-10-03,0,0.9693477635469293,4.348982322538918e-06,0.030647654681875972,2.3278887230965973e-07,0.9693477635469293,0.13704800755543478,0.09885924043196948
2012-10-04,2,0.019351870936646233,0.0010526490129537298,0.9794817804341049,0.00011369961629503527,0.9794817804341049,0.10489878732261818,0.07566848013280365
2012-10-05,2,0.00020832672402283328,0.003799148690573661,0.9958912051073093,0.00010131947809418448,0.9958912051073093,0.027970635279296305,0.020176548403977333
2012-10-09,2,0.09025105031341196,0.0004144978769670903,0.90931238947314,2.2062336480983006e-05,0.90931238947314,0.30697827748912865,0.22143801929710102
2012-10-10,2,0.1154424666427869,0.0005317272962728851,0.883983582162605,4.222389833523495e-05,0.883983582162605,0.3626825345809795,0.26162014702850955
2012-10-11,2,0.16195039457555344,0.0007197162012890996,0.8372645350479416,6.53541752158396e-05,0.8372645350479416,0.4493740400147061,0.3241548495167276
2012-10-12,2,0.4903065656018087,0.0001791466211409283,0.5095044338443534,9.853932696853484e-06,0.5095044338443534,0.6946799781183077,0.5011056797180681
2012-10-15,0,0.8063201751786583,4.542302013762218e-05,0.19363225008141413,2.1517197899346303e-06,0.8063201751786583,0.49196672810176006,0.35487897945738917
2012-10-16,2,0.00012873232823854295,0.0029565283251319556,0.9967819736757663,0.0001327656708631935,0.9967819736757663,0.022769238323563267,0.01642453360711183
2012-10-17,2,0.00018829069392761947,0.002976875653027132,0.9967696746610999,6.515899194536087e-05,0.9967696746610999,0.022784348087093117,0.01643543299756859
2012-10-18,2,0.49053086748343694,0.0001575462710555138,0.5093074742088616,4.112036645964054e-06,0.5093074742088616,0.6944508915333198,0.50094042867802
2012-10-19,2,3.405780331224946e-05,0.004021656646193788,0.9955982105356079,0.00034607501488601543,0.9955982105356079,0.029683981781717394,0.02141246665516101
2012-10-22,0,0.5149073867104013,0.00016563137453081873,0.4849224939969509,4.487918117123804e-06,0.5149073867104013,0.6942468862905555,0.5007932700019943
2012-10-23,2,0.2017822423704068,0.00041816688219263186,0.7977736952851631,2.589546223753668e-05,0.7977736952851631,0.506733767698649,0.36553114685491045
2012-10-24,0,0.7321705015487587,5.680949848229456e-05,0.2677704305079378,2.258444821289558e-06,0.7321705015487587,0.5816540044319819,0.41957467385361374
2012-10-25,0,0.8443825294146671,3.757055063812559e-05,0.15557828871066023,1.6113240344354474e-06,0.8443825294146671,0.43270125186273917,0.3121279751244101
2012-10-26,2,0.10717963949924318,0.00030722123080180875,0.8924569099707105,5.6229299244627965e-05,0.8924569099707105,0.34393498352704094,0.24809664756134464
2012-10-31,2,0.02601714712433704,0.00037357051365682214,0.9735487057817174,6.05765802888091e-05,0.9735487057817174,0.1245715533719189,0.08985938114275112
2012-11-01,2,0.004035927146246598,0.0006288603443598207,0.9953087745511665,2.6437958227116613e-05,0.9953087745511665,0.03184271300865218,0.02296966207301649
2012-11-02,2,0.2672872301421623,0.0003481629373921689,0.7323481886334621,1.641828698345037e-05,0.7323481886334621,0.5837463029559773,0.4210839482059274
2012-11-05,2,0.04632190240992768,0.0006743761628881353,0.9529429974460926,6.07239810916604e-05,0.9529429974460926,0.19375310824636224,0.13976332421192467
2012-11-06,2,0.2364189450057496,0.00041688767497725156,0.7631443602047151,1.980711455809922e-05,0.7631443602047151,0.5506946325506615,0.3972422077125047
2012-11-07,2,1.50147315222266e-09,0.04102590058206484,0.9546733345661877,0.004300763350274245,0.9546733345661877,0.19873659380221637,0.14335814916081094
2012-11-08,2,0.008190550947710037,0.005644362619478747,0.9860912819690759,7.380446373531325e-05,0.9860912819690759,0.08308888821198304,0.059935963488202695
2012-11-09,2,0.19241638641992628,0.0006800692310859623,0.806881509563561,2.2034785426715663e-05,0.806881509563561,0.49545583015225647,0.3573958345700925
2012-11-13,0,0.6811413269761852,8.42819086592968e-05,0.318769913715222,4.477399933267976e-06,0.6811413269761852,0.6268392801122803,0.4521689604261973
2012-11-14,0,0.9251890069239749,1.2776518512738545e-05,0.07479748178884683,7.347686655519053e-07,0.9251890069239749,0.26604218278669045,0.19190886888681674
2012-11-15,0,0.9925714995528382,7.319727330141659e-07,0.007427729156045741,3.931838298247068e-08,0.9925714995528382,0.043826554855078644,0.03161417667433504
2012-11-16,0,0.9958353400662658,7.110595857972216e-08,0.004164584477944726,4.349830948511422e-09,0.9958353400662658,0.026983895218809957,0.019464765908022267
2012-11-19,0,0.7404307347602576,1.2587587239437043e-05,0.25955595760269906,7.200498038289258e-07,0.7404307347602576,0.5727534662213689,0.41315429268476667
2012-11-20,0,0.887639131529601,3.01164861425235e-05,0.11232951697388945,1.2350103671175672e-06,0.887639131529601,0.3517161508508754,0.25370957331655625
2012-11-21,0,0.9882890246062405,1.5931044631036227e-06,0.011709300577031638,8.171226481112971e-08,0.9882890246062405,0.06374034742890006,0.04597894157010685
2012-11-26,0,0.9715672643692375,1.132362690572372e-06,0.028431502502887503,1.0076518435378165e-07,0.9715672643692375,0.129265236022307,0.09324515748436185
2012-11-27,0,0.9867818386933476,7.318391383406928e-07,0.013217385822103325,4.364541072169178e-08,0.9867818386933476,0.07032284088844115,0.05072720690548884
2012-11-28,0,0.9954006283529657,1.4926890582933177e-07,0.004599213603787004,8.77434147762102e-09,0.9954006283529657,0.029343656665478706,0.021166973976417255
2012-11-29,0,0.9920383488882972,1.4065030738972818e-07,0.007961503772576494,6.688818841122431e-09,0.9920383488882972,0.04641125915060665,0.03347864670899637
2012-11-30,0,0.9933226336648275,1.4184454266199713e-07,0.006677216328973771,8.161656090074278e-09,0.9933226336648275,0.04010394941831161,0.028928884472929992
2012-12-03,0,0.9953227183496254,8.014877737676638e-08,0.004677197566079498,3.9355176506818844e-09,0.9953227183496254,0.02976113942993967,0.021468124133389478
2012-12-04,0,0.9952943973457105,7.399075104983071e-08,0.004705524409233013,4.254305497927201e-09,0.9952943973457105,0.02991280104476825,0.02157752486319268
2012-12-05,0,0.9937198341339968,7.791102304934268e-08,0.006280083704771173,4.250209060294482e-09,0.9937198341339968,0.03810412174922818,0.027486313742520394
2012-12-06,0,0.9965551428823789,6.144968590210498e-08,0.0034447922800049427,3.3879301995098967e-09,0.9965551428823789,0.022975047075971408,0.016572993240347215
2012-12-07,0,0.9746267547043987,4.0459111820820766e-07,0.025372822729336206,1.7975146674257685e-08,0.9746267547043987,0.1182765586995632,0.08531850234463612
2012-12-10,0,0.9893071953229632,6.36811072853819e-07,0.010692132369533489,3.5496430320364736e-08,0.9893071953229632,0.059168664658599185,0.04268116953949156
2012-12-11,0,0.9906593428883499,2.871947765622246e-07,0.009340356115017026,1.3801856373329777e-08,0.9906593428883499,0.052952794621520444,0.03819736710083966
2012-12-12,0,0.8720783816906725,9.291483918485214e-06,0.12791197074894703,3.5607646198981917e-07,0.8720783816906725,0.38251935502388723,0.27592938826850344
2012-12-13,0,0.981955273361567,3.376028793901876e-06,0.018041158808766417,1.9180087278665562e-07,0.981955273361567,0.09036348112684325,0.06518347304958011
2012-12-14,0,0.9875366411203629,7.256200406664394e-07,0.012462579473156911,5.378643958091537e-08,0.9875366411203629,0.06704524400607977,0.04836292052138089
2012-12-17,0,0.6775442254331827,2.461195369526636e-05,0.3224299860427664,1.1765703556419572e-06,0.6775442254331827,0.628980565081986,0.45371357102965953
2012-12-18,2,0.14011131162710394,0.0007496885290371093,0.8591093331114719,2.9666732386997627e-05,0.8591093331114719,0.4115307912819639,0.2968567158778002
2012-12-19,0,0.6403160529364195,9.050817818236313e-05,0.3595883739620152,5.064923382996577e-06,0.6403160529364195,0.6541383615313334,0.4718610851182433
2012-12-20,0,0.9437644735001605,9.59813929052482e-06,0.056225472682195854,4.556783529652644e-07,0.9437644735001605,0.21657993459163746,0.15622939879570572
2012-12-21,0,0.7009150227955415,8.718825623020222e-05,0.2989909623967367,6.826551491581819e-06,0.7009150227955415,0.6109637189063358,0.44071716371462466
2012-12-24,0,0.9670995705906699,5.268598795504877e-06,0.03289493359829458,2.2721224001439623e-07,0.9670995705906699,0.14473835031086615,0.10440665010996808
2012-12-26,0,0.9952340681724972,2.5252405411473435e-07,0.004765665219618368,1.408383037110488e-08,0.9952340681724972,0.030237410027045882,0.021811680747672656
2012-12-27,0,0.983936136679406,4.2379939256526806e-07,0.01606340688794625,3.2633255028675146e-08,0.983936136679406,0.08230225494533701,0.059368527531808435
2012-12-28,0,0.9770959475365998,1.2943092889273427e-06,0.022902679379718342,7.877439306268443e-08,0.9770959475365998,0.10915056506322503,0.07873548946347145
2012-12-31,0,0.9085737036359816,8.301656379422632e-06,0.09141757520794663,4.194996923057193e-07,0.9085737036359816,0.30591653064498253,0.22067213084373646
2013-01-02,2,1.4053243275697067e-05,0.007268067892051961,0.9924162206121973,0.00030165825247524503,0.9924162206121973,0.04594715931593546,0.033143869444017614
2013-01-03,2,0.0009959120166052216,0.0032281781841332294,0.9957105057586491,6.540404061266754e-05,0.9957105057586491,0.030310345348183325,0.021864292460727974
2013-01-04,2,0.29729438162108124,0.00027635609756879404,0.7024192353061277,1.0026975222242664e-05,0.7024192353061277,0.6111194866568254,0.4408295263952055
2013-01-07,0,0.600871846603301,5.831405349621886e-05,0.39906492952575195,4.909817450949369e-06,0.600871846603301,0.6732902907148979,0.4856762817465358
2013-01-08,0,0.8247447553787248,2.4406346381704227e-05,0.17522840871695025,2.429557943137724e-06,0.8247447553787248,0.464392715261424,0.33498853366630843
2013-01-09,0,0.9593051050729444,5.758536989892965e-06,0.04068875507975324,3.8131031243493573e-07,0.9593051050729444,0.17020790143719286,0.1227790476617778
2013-01-10,0,0.9847070250577588,1.265983021356319e-06,0.015291642539041866,6.6420178046559e-08,0.9847070250577588,0.07911965535824106,0.05707276721108914
2013-01-11,0,0.9886116218809753,4.7344265237978207e-07,0.011387871933382239,3.2742990197827186e-08,0.9886116218809753,0.06229381897871524,0.044935491859313635
2013-01-14,0,0.9964722206405007,9.565160495612471e-08,0.003527678069497026,5.638397364671864e-09,0.9964722206405007,0.023444407618997222,0.016911565304253362
2013-01-15,0,0.9514613944660002,8.446169842546921e-07,0.048537702099164526,5.881785108535944e-08,0.9514613944660002,0.19420052602292817,0.14008606791565328
2013-01-16,0,0.9948971110482943,3.633583480236336e-07,0.005102506471242416,1.9122115298317296e-08,0.9948971110482943,0.032026723218535995,0.02310239738165265
2013-01-17,0,0.9889918303815864,2.3813952919955765e-07,0.011007920944755376,1.053412900076386e-08,0.9889918303815864,0.060587440006375406,0.043704599618677696
2013-01-18,0,0.9902867366416704,3.2139273689344646e-07,0.00971291757253733,2.439305529128334e-08,0.9902867366416704,0.05468372875831138,0.03944597214846651
2013-01-22,0,0.9952388081920804,1.282646433718797e-07,0.0047610555528377115,7.990438563106072e-09,0.9952388081920804,0.030210748872149168,0.021792448789695724
2013-01-23,0,0.9963472978126894,4.186874101701878e-08,0.0036526582304839124,2.088085747697439e-09,0.9963472978126894,0.024146590095242965,0.017418082892392796
2013-01-24,0,0.9969229548033423,2.7509096259763044e-08,0.0030770163557890737,1.3317722997075265e-09,0.9969229548033423,0.02086964375075174,0.01505426577216444
2013-01-25,2,0.4632668902840971,3.253640086595583e-05,0.5366993474238106,1.2258912263474926e-06,0.5366993474238106,0.6908117477295967,0.49831534131866345
2013-01-28,0,0.9280040399946453,9.268354826477567e-06,0.07198609759866267,5.940518656798642e-07,0.9280040399946453,0.25887138145406324,0.1867362291259261
2013-01-29,0,0.9862332389085535,1.1167800396231011e-06,0.013765574236617879,7.007478899065142e-08,0.9862332389085535,0.07268155183022607,0.05242865719479065
2013-01-30,0,0.9545947787547789,8.432087675521379e-07,0.045404235079579185,1.4295687427749243e-07,0.9545947787547789,0.184769185529168,0.13328279383601174
2013-01-31,0,0.9484129862356216,3.0826536982649812e-06,0.051583582380934155,3.487297458409968e-07,0.9484129862356216,0.20319942065100616,0.14657739824235852
2013-02-01,0,0.808116550519815,2.9052691490353732e-05,0.19185288230741515,1.5144812794936964e-06,0.808116550519815,0.4892463827396022,0.3529166650756439
2013-02-04,0,0.7700063840054874,3.620335202083834e-05,0.22995412808867566,3.284553816181205e-06,0.7700063840054874,0.5396617766745176,0.38928368448282696
2013-02-05,0,0.9269475540526341,1.3986732027568183e-05,0.07303778347357374,6.75741764578826e-07,0.9269475540526341,0.26160628663665836,0.18870904619804185
2013-02-06,0,0.9858592915494487,1.6702692589425111e-06,0.014138937091759977,1.010895324509611e-07,0.9858592915494487,0.0742793286216712,0.05358120952152335
2013-02-07,0,0.994211250207883,2.144660158230954e-07,0.005788522377213267,1.2948887901783922e-08,0.994211250207883,0.03559725326332771,0.02567799037613568
2013-02-08,0,0.9951648526900841,9.018555407348614e-08,0.004835051716134241,5.408227554091571e-09,0.9951648526900841,0.03060484052585573,0.02207672582692482
2013-02-11,0,0.9964715982171394,4.421140554291958e-08,0.0035283550245327135,2.5469224116818074e-09,0.9964715982171394,0.023447319685647047,0.01691366591631058
2013-02-12,0,0.9744052748911588,3.33551528066908e-07,0.025594375026674564,1.653063859234089e-08,0.9744052748911588,0.11908279879948783,0.08590008164159965
2013-02-13,0,0.9934158716443906,3.468273791056222e-07,0.006583765068844862,1.645938540074235e-08,0.9934158716443906,0.039639088727125904,0.02859355836599108
2013-02-14,0,0.988299142059075,3.408081880223241e-07,0.011700493454309562,2.3678427422859327e-08,0.988299142059075,0.06368287421208482,0.045937483407665215
2013-02-15,0,0.9875109237344547,4.7047407842418047e-07,0.012488582769217072,2.3022249798101398e-08,0.9875109237344547,0.06715473485243002,0.048441901471907016
2013-02-19,0,0.9882616719774231,3.807836029530112e-07,0.01173792797484632,1.9264127366181962e-08,0.9882616719774231,0.06384940116810976,0.046057607214480975
2013-02-20,0,0.9906081297572248,3.5528444715608035e-07,0.009391497177444986,1.7780883022922116e-08,0.9906081297572248,0.05319226576382296,0.03837010901555759
2013-02-21,0,0.9791563586480443,1.110458259067433e-06,0.020842461300166742,6.95935298968961e-08,0.9791563586480443,0.1013174868851743,0.07308511794228677
2013-02-22,0,0.9930724052180125,2.990740555559221e-07,0.006927276819458843,1.8888473016540587e-08,0.9930724052180125,0.04135279103620272,0.029829733277423623
2013-02-25,0,0.8725333750235692,5.185815633885024e-06,0.12746096991078587,4.692500110605072e-07,0.8725333750235692,0.3816062866715001,0.2752707486765127
2013-02-26,0,0.9850074101848942,1.9977779465900753e-06,0.014990468230373994,1.2380678517489746e-07,0.9850074101848942,0.07787289619177894,0.05617342057777026
2013-02-27,0,0.9748947078501867,1.321188328732377e-06,0.025103900812759483,7.014872521050566e-08,0.9748947078501867,0.11730767142086276,0.08461959790855535
2013-02-28,0,0.9925557809863782,3.86743016705481e-07,0.007443809978549048,2.229205619566858e-08,0.9925557809863782,0.043899986494383834,0.03166714640527001
2013-03-01,0,0.9948625365472505,1.2478085085197906e-07,0.005137331417717792,7.2541808894883225e-09,0.9948625365472505,0.03220637548248114,0.02323198909679172
2013-03-04,0,0.9938333329110111,9.140746238087864e-08,0.0061665714972305675,4.184295893014765e-09,0.9938333329110111,0.03752846761790723,0.027071067062258404
2013-03-05,0,0.9938935618232496,1.1622429175080998e-07,0.006106315664769014,6.28768960316405e-09,0.9938935618232496,0.03722236368290847,0.02685025974774875
2013-03-06,0,0.9814604487286419,5.275937060347527e-07,0.018539002275074858,2.140257709925858e-08,0.9814604487286419,0.0923059153138911,0.06658464313403366
2013-03-07,0,0.9870488795064447,7.383412486432835e-07,0.012950344852566378,3.729974027002404e-08,0.9870488795064447,0.06916834734536699,0.04989441585082313
2013-03-08,0,0.936424714570684,3.170193473531029e-06,0.06357194902835586,1.6620748673266827e-07,0.936424714570684,0.2367306487763149,0.17076506650800824
2013-03-11,0,0.9918126080780468,6.095575947674516e-07,0.008186744873598231,3.749076014258136e-08,0.9918126080780468,0.04750241256036242,0.034265747515548235
2013-03-12,0,0.9941730838481698,1.406900391250578e-07,0.00582676659377213,8.868019012209614e-09,0.9941730838481698,0.03579271229675488,0.025818984265246845
2013-03-13,0,0.9951175812819306,6.256520904571937e-08,0.004882352453800347,3.699060017285713e-09,0.9951175812819306,0.030856095119076585,0.02225796770474497
2013-03-14,0,0.9853871902982976,2.2934091947850984e-07,0.014612567003054033,1.3357729077733412e-08,0.9853871902982976,0.07626012479678547,0.055010051930947934
2013-03-15,0,0.9954441220303185,1.345816425702529e-07,0.004555734543686611,8.844352282396736e-09,0.9954441220303185,0.029109421109981083,0.020998008739259107
2013-03-18,0,0.9911497982814274,1.3483625288899927e-07,0.00885005845816359,8.424156107845416e-09,0.9911497982814274,0.05065036986114419,0.03653651870893227
2013-03-19,0,0.9642926357267312,1.648841083609652e-06,0.03570558561274435,1.2981944082292225e-07,0.9642926357267312,0.1540731560495079,0.11114028908336822
2013-03-20,0,0.9892356751218633,8.952290113762655e-07,0.010763386641745922,4.300737948691491e-08,0.9892356751218633,0.0594947941880662,0.04291642226691631
2013-03-21,0,0.9910154136969049,3.268285217496186e-07,0.008984239874726794,1.9599846423628276e-08,0.9910154136969049,0.0512856162185999,0.036994752093754336
2013-03-22,0,0.9915555419034744,2.0069777708616342e-07,0.008444242938438156,1.4460310394486232e-08,0.9915555419034744,0.048727157895867845,0.03514921452649102
2013-03-25,0,0.9959731093273956,7.710571076782131e-08,0.00402680967614484,3.8907489544692834e-09,0.9959731093273956,0.02622708295992581,0.018918841261634203
2013-03-26,0,0.9894741026212887,1.45754646743187e-07,0.01052574079996219,1.0824102385820095e-08,0.9894741026212887,0.058406300396341204,0.042131239969236275
2013-03-27,0,0.9916076800203353,1.9802859912744916e-07,0.008392105556336264,1.639472920006949e-08,0.9916076800203353,0.04847851304067068,0.03496985517672327
2013-03-28,0,0.9935075564763024,1.6106816489761287e-07,0.006492274894897366,7.560635386503338e-09,0.9935075564763024,0.03917649498542818,0.028259867517444293
2013-04-01,0,0.9949909016490047,8.447504696533512e-08,0.00500900864613049,5.2298177940864256e-09,0.9949909016490047,0.031528308115936966,0.02274286688324076
2013-04-02,0,0.9949658391725115,6.421354498843878e-08,0.005034093029435385,3.5845081445781006e-09,0.9949658391725115,0.03166061479647219,0.022838305979183085
2013-04-03,0,0.9744029693745326,9.933718433938808e-07,0.025595970468471316,6.678515264883061e-08,0.9744029693745326,0.11909886029748158,0.08591166756335207
2013-04-04,0,0.9319374151351156,9.497632553226694e-06,0.06805225497024059,8.322620905264125e-07,0.9319374151351156,0.24870243238361944,0.17940088292843526
2013-04-05,2,0.0003121647563424209,0.003555174107763726,0.9949725042094346,0.0011601569264592482,0.9949725042094346,0.03542523241512292,0.0255539035638184
2013-04-08,2,0.07459665442635288,0.0004978507319114746,0.9248875367458371,1.795809589853208e-05,0.9248875367458371,0.2698281341607755,0.19463985552303636
2013-04-09,2,0.16278975769174833,0.0003093445001797492,0.8368869194073961,1.3978400675901035e-05,0.8368869194073961,0.44718900813314255,0.3225786821868695
2013-04-10,2,0.010778955606290176,0.000695466588894576,0.9884972085416093,2.8369263205953437e-05,0.9884972085416093,0.06562048763340644,0.047335176044715516
2013-04-11,2,0.3816199273629073,0.0001682859577593715,0.6182037881865913,7.998492742047536e-06,0.6182037881865913,0.6664993723257537,0.48077766960498586
2013-04-12,2,0.21910206521722217,0.0007440497318718625,0.7800952018518457,5.868319906027863e-05,0.7800952018518457,0.5323043808064203,0.38397644521644647
2013-04-15,2,0.02770238561212431,0.0023410240698983806,0.9698330920948726,0.00012349822310479756,0.9698330920948726,0.14434592301651855,0.1041235736542357
2013-04-16,2,0.07251603313332271,0.0002654557043434632,0.9272025343825898,1.5976779743880416e-05,0.9272025343825898,0.26272148742847384,0.1895134935240157
2013-04-17,2,0.29173585000196717,0.0002819190836709302,0.7079679326165285,1.4298297833557e-05,0.7079679326165285,0.6063564837755532,0.4373937460769299
2013-04-18,2,0.028240210201431287,0.004459142384601271,0.9667195267047982,0.0005811207091692016,0.9667195267047982,0.16191960890641857,0.11680030839598525
2013-04-19,2,0.15097782681384656,0.0005509417330432967,0.8484524081916894,1.8823261420652872e-05,0.8484524081916894,0.4292168110913228,0.30961448241381323
2013-04-22,0,0.736671698071125,4.943581571724017e-05,0.2632763646810483,2.5014321095263283e-06,0.736671698071125,0.5770145499729862,0.41622801488340205
2013-04-23,0,0.9614944357087232,6.14321657381839e-06,0.03849910339082783,3.176838752941819e-07,0.9614944357087232,0.16322920733702403,0.1177449839766805
2013-04-24,0,0.9951912149316923,2.8820215707075345e-07,0.0048084802892536475,1.6576896930346688e-08,0.9951912149316923,0.030466500076174755,0.021976934286570275
2013-04-25,0,0.986914061849936,2.408146443755403e-07,0.013085678987139896,1.8348279659371868e-08,0.986914061849936,0.06974654148662336,0.05031149476095394
2013-04-26,0,0.9850298360689019,9.259378385953198e-07,0.014969175987436228,6.20058232793298e-08,0.9850298360689019,0.07776835698415198,0.056098011479559326
2013-04-29,0,0.9884212969844313,6.445162650381702e-07,0.011578023552155366,3.494714822538563e-08,0.9884212969844313,0.06314351123482531,0.045548415261399515
2013-04-30,0,0.9934521524455173,1.7831347590299506e-07,0.006547657653642039,1.1587364839291488e-08,0.9934521524455173,0.039455211072102925,0.028460918675475105
2013-05-01,0,0.9344179090094816,4.852688581537215e-06,0.06557677113275286,4.6716918403800825e-07,0.9344179090094816,0.24211528202667754,0.17464925835166023
2013-05-02,0,0.9560196684669076,8.929369047305487e-06,0.0439706780404523,7.241235927485211e-07,0.9560196684669076,0.18048736188985334,0.13019411097081154
2013-05-03,2,0.004076009314330274,0.004446255901021083,0.9913246360197219,0.00015309876492675652,0.9913246360197219,0.056490864406670185,0.04074954496751697
2013-05-06,2,0.3465703983778127,0.00028319507564986753,0.6531401705327591,6.236013778363396e-06,0.6531401705327591,0.6478521654203574,0.46732655314056304
2013-05-07,0,0.8173561426745843,2.9797738572441022e-05,0.1826125930038777,1.46658296563465e-06,0.8173561426745843,0.47568723426797227,0.3431358069462951
2013-05-08,0,0.9553292750601993,1.2117433845316354e-05,0.04465775767651058,8.498294447542109e-07,0.9553292750601993,0.18263563740082497,0.13174376418388253
2013-05-09,0,0.9802858099584967,2.0849606026297063e-06,0.019712019183216883,8.589768376574842e-08,0.9802858099584967,0.09694701610726555,0.06993248968346724
2013-05-10,0,0.6758961565627408,6.767729514073891e-05,0.3240315552393929,4.6109027255533715e-06,0.6758961565627408,0.630621449123904,0.45489721866463406
2013-05-13,0,0.9399532204471118,7.964433386466393e-06,0.060038348073814446,4.6704568725602213e-07,0.9399532204471118,0.22718124961859862,0.16387663110385498
2013-05-14,0,0.9209241702427688,9.940713843680227e-06,0.07906536550318996,5.235401975229597e-07,0.9209241702427688,0.2766123942449649,0.19953366471281686
2013-05-15,0,0.9775111668009315,2.4044893812249185e-06,0.02248625516264187,1.7354704537706428e-07,0.9775111668009315,0.10759984219192789,0.07761687936536471
2013-05-16,0,0.9435223481316571,8.360699343708602e-06,0.05646861304754743,6.781214516400781e-07,0.9435223481316571,0.21725403647095604,0.15671566051487915
2013-05-17,0,0.8322484745903052,4.730854337460712e-05,0.16770206778629843,2.1490800218771023e-06,0.8322484745903052,0.4527633308881989,0.3265997060843867
2013-05-20,0,0.9754013607127144,2.4664320646260184e-06,0.024596014441456884,1.5841376398773832e-07,0.9754013607127144,0.11546034596146096,0.08328703426896189
2013-05-21,0,0.9904944952048843,4.976833730587337e-07,0.009504973260846681,3.3850896085995155e-08,0.9904944952048843,0.05372257527290591,0.038752646465002705
2013-05-22,0,0.8517744168313373,1.4524881463813541e-05,0.14821021601438716,8.422728118338609e-07,0.8517744168313373,0.4197784080975479,0.30280611381729794
2013-05-23,0,0.6738871122720143,3.1735245244489484e-05,0.3260752663120534,5.8861706876486e-06,0.6738871122720143,0.6317866698530527,0.45573774774837594
2013-05-24,0,0.932506303496784,8.173268304169395e-06,0.0674848848779158,6.383569959352259e-07,0.932506303496784,0.24719704070067866,0.1783149723706482
2013-05-28,2,0.12073857419989296,0.0004896350547849663,0.8787231310521845,4.8659693137699746e-05,0.8787231310521845,0.37307798436053646,0.2691188789508981
2013-05-29,2,0.0023727797275974946,0.0004675068614573976,0.9970522584069778,0.00010745500396748572,0.9970522584069778,0.021850603940985803,0.01576187897304453
2013-05-30,2,0.022357630846911957,0.0006330743091692389,0.9769734124849286,3.5882358990070445e-05,0.9769734124849286,0.11276136021272322,0.08134012759139493
2013-05-31,2,0.001013954946387872,0.0013397128538372993,0.9975688255908323,7.750660894264716e-05,0.9975688255908323,0.019014531357686795,0.013716085047281215
2013-06-03,2,0.011442913525597318,0.00016744056022801457,0.9883586171702895,3.102874388517997e-05,0.9883586171702895,0.06450555519322544,0.046530922293527836
2013-06-04,2,0.46100064597942947,0.00010709304435589371,0.538887473754738,4.787221476645356e-06,0.538887473754738,0.6911825773834882,0.49858283837000533
2013-06-05,2,0.008245766603849281,0.0010569078406391249,0.9905955179781147,0.00010180757739680059,0.9905955179781147,0.05710198727717889,0.041190376934845334
2013-06-06,2,0.005293873242041212,0.00046062472053245756,0.9941816566651305,6.38453722957746e-05,0.9941816566651305,0.03770329086165395,0.027197175375651163
2013-06-07,2,0.0012482558775369227,0.0014427414048319123,0.9972590967770592,4.990594057213633e-05,0.9972590967770592,0.021014603951325154,0.015158832453411208
2013-06-10,2,0.029823119522277213,0.0005776417381163579,0.9695652250284548,3.4013711151635777e-05,0.9695652250284548,0.13937689600932207,0.10053917834357286
2013-06-11,2,3.8391555528329934e-05,0.0005628077854875932,0.9990876481092387,0.0003111525497453371,0.9990876481092387,0.008026165906070935,0.005789654875020306
2013-06-12,2,0.0021772186728988225,0.0008177395206674876,0.9969494328462158,5.560896021784865e-05,0.9969494328462158,0.022749715347705077,0.01641045075688483
2013-06-13,2,0.00017803313958733653,0.0012482644250785004,0.9983229030329035,0.0002507994024308057,0.9983229030329035,0.013637985634875123,0.009837727121574632
2013-06-14,2,0.15903705397332588,0.000244432168017437,0.8407041450051983,1.4368853458299614e-05,0.8407041450051983,0.44047663191620273,0.3177367262464895
2013-06-17,2,0.1418338142602773,0.0002993669440306606,0.8578543177756751,1.2501020016922086e-05,0.8578543177756751,0.411112732118618,0.2965551499369215
2013-06-18,2,0.010114507732168853,0.0001440167487810567,0.9896990664314916,4.240908755846368e-05,0.9896990664314916,0.058412457222092644,0.04213568118022589
2013-06-19,2,0.005051790068560613,0.002593079739480924,0.9921455740731714,0.0002095561187871459,0.9921455740731714,0.05175403154514879,0.03733264232809857
2013-06-20,2,1.9058712497665607e-12,0.016314463111397576,0.5937091609452442,0.38997637594145224,0.5937091609452442,0.7439137950740398,0.5366203715011029
2013-06-21,2,0.1582310113951291,0.01407232000521146,0.8250582256836104,0.002638442916048901,0.8250582256836104,0.5260540833126671,0.37946780861728724
2013-06-24,2,7.381890334653244e-11,0.0023661092059239237,0.968111821762929,0.029522068957328125,0.968111821762929,0.14967590670553418,0.10796834417231665
2013-06-25,2,0.0005365633866704582,0.0016460797734360805,0.997505600069323,0.0003117567705704527,0.997505600069323,0.019599001169066946,0.01413769089649494
2013-06-26,2,0.21716597192894962,0.00027470691371096425,0.7825392538900493,2.0067267290194497e-05,0.7825392538900493,0.5259896994116176,0.37942136544990857
2013-06-27,2,0.020180801944309084,0.0026338461896618665,0.9769773798656867,0.0002079720003423556,0.9769773798656867,0.11892812489468353,0.08578850800389161
2013-06-28,2,0.02397609141503623,0.0005755497027709265,0.9754089876513498,3.9371230843098e-05,0.9754089876513498,0.11842673256526358,0.08542682989029464
2013-07-01,2,0.2305283159808017,0.00024409533874758228,0.7692145477398791,1.3040940571643736e-05,0.7692145477398791,0.5422806846031267,0.3911728272234015
2013-07-02,2,0.48520959023049337,0.00016220614318270967,0.5146193167102685,8.886916055397452e-06,0.5146193167102685,0.6942859420365551,0.5008214427675303
2013-07-03,2,0.4200639964709893,0.0001070174419018088,0.5798192879090479,9.698178061194396e-06,0.5798192879090479,0.6814561215579616,0.49156668357754896
2013-07-05,2,1.3305638731079586e-05,0.03816609073337246,0.9602207195269297,0.001599884100966832,0.9602207195269297,0.1740696572944523,0.12556471567397387
2013-07-08,2,1.4343868784845715e-05,0.0012418835285422814,0.998574204213949,0.0001695683887238213,0.998574204213949,0.011366579501231468,0.008199253939148393
2013-07-09,2,0.24193138775356343,0.00021011525071969967,0.757850566011715,7.93098400194992e-06,0.757850566011715,0.5553259851300445,0.4005830224119467
2013-07-10,2,0.03847555635841514,0.0003749021488561967,0.9611266986649453,2.284282778342222e-05,0.9611266986649453,0.1666524693054838,0.12021434550946083
2013-07-11,2,0.324647825326332,0.00033351797782244825,0.6749945770691985,2.407962664695682e-05,0.6749945770691985,0.6334666329843265,0.45694958498755844
2013-07-12,0,0.7362541916675559,6.161409706559864e-05,0.263681718161742,2.4760736363935383e-06,0.7362541916675559,0.5775465176111335,0.4166117484201364
2013-07-15,2,0.46411573351523305,0.00019689137332062388,0.5356734961067781,1.3879004668347286e-05,0.5356734961067781,0.6924841312749522,0.4995217110423378
2013-07-16,0,0.9092870833663794,1.813786208651504e-05,0.09069388781721996,8.90954313984697e-07,0.9092870833663794,0.304367945142637,0.21955506253142323
2013-07-17,0,0.9152356138248837,1.0279675062090054e-05,0.08475325664178432,8.498582699643476e-07,0.9152356138248837,0.29036777006134545,0.20945607095074495
2013-07-18,2,0.18346872251549215,0.0002884877885255782,0.8162236489430732,1.9140752909091728e-05,0.8162236489430732,0.47941729833725105,0.3458264794137684
2013-07-19,2,0.39859456503833507,0.0001856508935360804,0.6012053167050013,1.4467363127434438e-05,0.6012053167050013,0.6742922879383236,0.4863990699591463
2013-07-22,0,0.8939391208016342,1.8615790219389124e-05,0.10604118396330428,1.0794448422238448e-06,0.8939391208016342,0.3383926499632637,0.2440986989876377
2013-07-23,0,0.8943957215920856,2.2593935518751606e-05,0.10558069673064943,9.877417462633776e-07,0.8943957215920856,0.3374510913899383,0.24341950804541618
2013-07-24,0,0.967265324590624,8.5969864821879e-06,0.03272562087414482,4.575487490513691e-07,0.967265324590624,0.14420834203644348,0.10402432995539822
2013-07-25,0,0.9721323244026685,1.5886613602897509e-06,0.0278659399765665,1.4695940476387956e-07,0.9721323244026685,0.12726906037379765,0.09180522112993798
2013-07-26,0,0.9885921175427862,9.140507136070951e-07,0.011406908898176216,5.9508323963957626e-08,0.9885921175427862,0.0623854823081901,0.04500161297474601
2013-07-29,0,0.9815524144560578,6.986406633510947e-07,0.018446851983268942,3.492000997324414e-08,0.9815524144560578,0.09194260091065568,0.06632256719011802
2013-07-30,0,0.9785607403067365,7.264944658046722e-07,0.021438481115022542,5.208377529981234e-08,0.9785607403067365,0.10359773799721944,0.0747299714279513
2013-07-31,2,0.1268064263910505,0.00010527774548342785,0.8730664700262677,2.1825837198396395e-05,0.8730664700262677,0.3815787810117646,0.27525090753706427
2013-08-01,2,1.2382035558190107e-07,0.016326184338199375,0.9829971522474474,0.0006765395939974988,0.9829971522474474,0.08897918444535867,0.06418491407083167
2013-08-02,2,0.07055504295319621,0.0024260467144288033,0.9269734874736298,4.542285874514319e-05,0.9269734874736298,0.27242228629128523,0.19651114073003534
2013-08-05,2,0.3276243696253708,0.00039039344403261363,0.6719757032646518,9.533665944856853e-06,0.6719757032646518,0.6358986955965359,0.45870394732244146
2013-08-06,2,0.677295964979791,0.00010823355538146306,0.3225909911033108,4.8103615165744276e-06,0.677295964979791,0.6299232819524381,0.4543935975066414
2013-08-07,0,0.8452830662692267,3.823724796005551e-05,0.1546759906437204,2.7058390930832903e-06,0.8452830662692267,0.43119273271427494,0.3110398085771224
2013-08-08,0,0.9874578422941563,1.5950588025367248e-06,0.012540474590445213,8.805659588162782e-08,0.9874578422941563,0.06739804986832286,0.04861741615530822
2013-08-09,0,0.9954099901118334,1.3710212063673162e-07,0.004589864837261564,7.948784321307206e-09,0.9954099901118334,0.029293169328454185,0.021130555061040772
2013-08-12,0,0.9948776838211879,8.09570524656183e-08,0.005122230843070242,4.3786893547225645e-09,0.9948776838211879,0.032126072688250774,0.023174062875288882
2013-08-13,0,0.9636602193299569,1.9177965299358593e-06,0.036337776755275546,8.61182377639129e-08,0.9636602193299569,0.15615399302311886,0.11264129567473169
2013-08-14,0,0.9917342357751615,6.940208382826314e-07,0.008265025182641743,4.502135834242395e-08,0.9917342357751615,0.04787887885223488,0.034537310541721364
2013-08-15,0,0.9813495956013938,1.022367118172124e-06,0.01864929829157556,8.373991231148842e-08,0.9813495956013938,0.09275137357177515,0.06690597334381984
2013-08-16,0,0.9909352025499822,8.657556180116925e-07,0.009063882562212976,4.9132186801354054e-08,0.9909352025499822,0.051668088291329746,0.037270647375057274
2013-08-19,2,0.2436448884304073,3.482665247806314e-05,0.7563153148333855,4.970083729071149e-06,0.7563153148333855,0.5556919012930046,0.4008469751287886
2013-08-20,2,0.059828864629039386,0.00020937227463251298,0.9399208636989371,4.089939739112216e-05,0.9399208636989371,0.22891811513722085,0.16512951473905865
2013-08-21,2,0.3975526832113953,0.0001173227997532994,0.602323324995954,6.668992897523186e-06,0.602323324995954,0.6732093455221208,0.48561789213243417
2013-08-22,2,0.6370977396116709,0.0002016808532438778,0.36268562370391794,1.4955831167125743e-05,0.6370977396116709,0.656949010029109,0.4738885394429547
2013-08-23,0,0.726936872169232,0.00013985222110480137,0.2729111052263069,1.2170383356287633e-05,0.726936872169232,0.5876153016069787,0.4238748407894304
2013-08-26,0,0.9691289406421507,4.351662918985207e-06,0.03086647613246879,2.3156246144057878e-07,0.9691289406421507,0.13780304185406783,0.09940388255113897
2013-08-27,0,0.4254074454059283,3.404444360645023e-05,0.574545371138565,1.3139011900319931e-05,0.574545371138565,0.6824963949103592,0.4923170821808854
2013-08-28,0,0.863504450107573,2.6839680068239734e-05,0.13646719921852296,1.510993835778028e-06,0.863504450107573,0.39882517384400845,0.28769155024321486
2013-08-29,0,0.9025596953093362,4.3173876730071234e-05,0.0973938199945901,3.3108193437632513e-06,0.9025596953093362,0.31983598758770404,0.23071289659530234
2013-08-30,0,0.9479587131774285,1.6552083621518052e-05,0.052023700510752675,1.0342281972279513e-06,0.9479587131774285,0.20464445902426495,0.14761977308985585
2013-09-03,0,0.5393254599266123,0.0002231670298794595,0.4604423543258647,9.018717643418663e-06,0.5393254599266123,0.6920842289354155,0.499233242481293
2013-09-04,0,0.8722507223630387,4.89474891812772e-05,0.1276969484729835,3.3816747965910378e-06,0.8722507223630387,0.38255870307157736,0.27595777188513904
2013-09-05,0,0.9399431033027609,2.163037958581728e-05,0.06003434546637789,9.20851275619343e-07,0.9399431033027609,0.22732830835311424,0.16398271155735752
2013-09-06,0,0.9886094945245426,1.256244558752038e-06,0.011389187539494713,6.169140393752797e-08,0.9886094945245426,0.062311127948668346,0.04494797764187076
2013-09-09,0,0.9911475295345773,3.5292196364589734e-07,0.008852092813320181,2.4730138918268856e-08,0.9911475295345773,0.05066358781592832,0.03654605344784115
2013-09-10,0,0.9639469282317422,1.686482941723123e-06,0.036051298434720956,8.685059508446974e-08,0.9639469282317422,0.15521073713355948,0.11196088037765338
2013-09-11,0,0.9778787437653664,2.2344892786576425e-06,0.022118886058092556,1.3568726238277648e-07,0.9778787437653664,0.10620820591301545,0.07661302598621064
2013-09-12,0,0.9918537703098509,4.329911803793817e-07,0.008145770277868109,2.6421100675844817e-08,0.9918537703098509,0.04730300833073991,0.034121907768943895
2013-09-13,0,0.9957654547489646,8.637055637091625e-08,0.004234454205392838,4.675086188349939e-09,0.9957654547489646,0.027366239885996763,0.01974056928565264
2013-09-16,0,0.8284594065011531,6.263409860740156e-06,0.17153389410265854,4.359863277259514e-07,0.8284594065011531,0.45839694428073274,0.33066349913623383
2013-09-17,0,0.9651522756755958,7.186018838892925e-06,0.03484009382413812,4.444814270873578e-07,0.9651522756755958,0.15128269406328554,0.10912739624871214
2013-09-18,2,0.005957731061307531,0.003165167106264729,0.990423604991502,0.00045349684092573135,0.990423604991502,0.06176077235218033,0.044550979996981384
2013-09-19,2,1.6686544601318739e-07,0.005457783164879472,0.9939542679419415,0.0005877820277330496,0.9939542679419415,0.038841564465808075,0.028018266217595147
2013-09-20,2,0.2993210783826145,0.00042181557110157453,0.7002462100938,1.0895952483939797e-05,0.7002462100938,0.6139690291306403,0.44288503679309316
2013-09-23,0,0.8454891225479374,3.170268163029241e-05,0.15447770828624321,1.4664841890329057e-06,0.8454891225479374,0.4307738458864568,0.3107376456025289
2013-09-24,2,0.2687790605455979,0.0006600105376476971,0.730488832417071,7.209649968346691e-05,0.730488832417071,0.5880642889647726,0.4241987167066859
2013-09-25,0,0.8875908880880162,2.0241183875964844e-05,0.1123878942739058,9.764542020266567e-07,0.8875908880880162,0.35172983030554106,0.25371944095726034
2013-09-26,0,0.9218267933063689,8.999196520898904e-06,0.07816356499765546,6.424994548089902e-07,0.9218267933063689,0.2743836609466533,0.19792597347434773
2013-09-27,0,0.9877896406188781,1.1567681041927989e-06,0.012209138931741585,6.36812760920824e-08,0.9877896406188781,0.06594059819487202,0.047566087004496806
2013-09-30,0,0.985658053346638,4.779168591885346e-07,0.014341438428713087,3.030778978858658e-08,0.985658053346638,0.07511978616059763,0.05418747148326679
2013-10-01,0,0.9722711732224079,1.408298497440148e-06,0.02772735278590183,6.569319301102509e-08,0.9722711732224079,0.1267727130222391,0.09144718219861205
2013-10-02,0,0.9955551837383781,2.1624831405002184e-07,0.004444586520338341,1.3492969542642117e-08,0.9955551837383781,0.028510671395252107,0.02056610211717252
2013-10-03,0,0.990129437113942,1.4015952026346577e-07,0.009870415773379618,6.953158192139422e-09,0.990129437113942,0.05540771561560308,0.03996821827280827
2013-10-04,0,0.992748918335886,1.880899063839315e-07,0.007250882460043126,1.111416439446611e-08,0.992748918335886,0.042950275453354066,0.030982074700684443
2013-10-07,0,0.9921726640463105,1.6358134414597222e-07,0.007827161007398675,1.1364946489866487e-08,0.9921726640463105,0.045762333462761,0.03301054577311618
2013-10-08,0,0.9735142989740815,7.706719520240027e-07,0.02648487006622758,6.028773895130996e-08,0.9735142989740815,0.1223150409871234,0.08823165152912661
2013-10-09,0,0.9817196142272857,1.8366642504215353e-06,0.018278472905834314,7.620262957966378e-08,0.9817196142272857,0.09128879865356651,0.06585094855310575
2013-10-10,0,0.925840624705622,7.631600685652276e-06,0.07415120497653305,5.387171594530071e-07,0.925840624705622,0.2643520616646445,0.19068970420617803
2013-10-11,0,0.9853586267913036,1.701501330400644e-06,0.014639579115921605,9.259144440468138e-08,0.9853586267913036,0.0763957340208309,0.05510787330846251
2013-10-15,0,0.9787875372167794,1.1571268165174645e-06,0.02121125424471588,5.141168826683587e-08,0.9787875372167794,0.10273425159314392,0.07410709765143392
2013-10-16,0,0.9341406795747512,8.613349608259847e-06,0.06584990258434789,8.044912926191392e-07,0.9341406795747512,0.24288967476959722,0.17520786463661556
2013-10-17,0,0.9653985457486319,8.534495877561244e-06,0.034592205246934994,7.14508555577614e-07,0.9653985457486319,0.15047808675093804,0.10854699475901877
2013-10-18,0,0.9921291926555235,5.674557858358486e-07,0.007870209466037247,3.0422653548963707e-08,0.9921291926555235,0.045977011143651,0.03316540298592095
2013-10-21,0,0.9946669278841144,1.22592340526305e-07,0.005332944084617252,5.43892777411248e-09,0.9946669278841144,0.033232719592042645,0.02397233987534671
2013-10-22,0,0.9850797324070643,5.028709654140251e-07,0.014919726944273912,3.7777696465172077e-08,0.9850797324070643,0.07755485232628777,0.05594400042400563
2013-10-23,0,0.9887467626011841,5.686380045786753e-07,0.011252628631573117,4.0129238119531084e-08,0.9887467626011841,0.06169081353229053,0.04450051537572065
2013-10-24,0,0.9945803593366584,1.4641363104210626e-07,0.0054194865539982755,7.695712283770764e-09,0.9945803593366584,0.03368492439734929,0.02429853669038774
2013-10-25,0,0.9931533465741413,8.954457676234124e-08,0.006846557370457606,6.5108241004797066e-09,0.9931533465741413,0.040948043113677744,0.029537769367105175
2013-10-28,0,0.9960657528922041,5.7445898661023795e-08,0.003934186404239401,3.257657650565621e-09,0.9960657528922041,0.025715244860210294,0.0185496281175354
2013-10-29,0,0.947600728823933,5.917687429213105e-07,0.05239863882413871,4.058318534730566e-08,0.947600728823933,0.205527997294085,0.14825711123000837
2013-10-30,0,0.9920880752270813,6.279997540492373e-07,0.00791126304265326,3.3730511514564554e-08,0.9920880752270813,0.046176394258789756,0.03330922750164479
2013-10-31,0,0.995969363335596,1.0208951127537632e-07,0.004030529127492081,5.447400620566752e-09,0.995969363335596,0.026248013463980466,0.01893393942883568
2013-11-01,0,0.9495265086291564,1.6161630993794688e-06,0.05047178489576612,9.031197793321057e-08,0.9495265086291564,0.19992668439984698,0.14421661806251607
2013-11-04,0,0.9893273077018402,7.093466199248786e-07,0.010671937714158523,4.523738143232119e-08,0.9893273077018402,0.059078409983471074,0.04261606455337937
2013-11-05,0,0.5471538430001499,2.8087732995268415e-05,0.45281611194488997,1.957321964802873e-06,0.5471538430001499,0.6890199289516801,0.4970228172861274
2013-11-06,2,0.4474399436983437,0.00024533751381725875,0.5522957910675936,1.8927720245225826e-05,0.5522957910675936,0.6899645793320531,0.49770423849569645
2013-11-07,0,0.7281271072239263,8.324372035376354e-05,0.27178505698054123,4.592075178778068e-06,0.7281271072239263,0.5859246102873802,0.422655264798201
2013-11-08,2,0.046628156964610756,0.0007286442105866107,0.9525696517754411,7.354704936145778e-05,0.9525696517754411,0.19519224342524208,0.14080144080479406
2013-11-12,2,0.0023868037432544786,9.356319659583583e-05,0.997490246976091,2.9386084058706955e-05,0.997490246976091,0.018092262372274157,0.01305080860147096
2013-11-13,2,0.46865340663656213,9.34259745855353e-05,0.5312470741548142,6.093234038227612e-06,0.5312470741548142,0.6921572608166124,0.4992859238477078
2013-11-14,0,0.9435659409046608,1.0727521026907902e-05,0.056422750789186536,5.807851257112479e-07,0.9435659409046608,0.21715071542224063,0.15664113013257855
2013-11-15,0,0.9901705139566842,8.273777008322366e-07,0.009828613410431428,4.525518361735145e-08,0.9901705139566842,0.05522571721960016,0.039836934181126694
2013-11-18,0,0.9934013885388765,2.014508364838568e-07,0.006598398296594143,1.1713692926124648e-08,0.9934013885388765,0.03971019743165582,0.02864485245368575
2013-11-19,0,0.9937295481774938,1.316328899245348e-07,0.006270313946795159,6.242821153142177e-09,0.9937295481774938,0.03805554098274785,0.027451270127078514
2013-11-20,2,0.02387584849386134,0.0002932983619834823,0.9758198765056423,1.0976638512796926e-05,0.9758198765056423,0.11557014883732086,0.08336624030120111
2013-11-21,2,0.04674396812938886,0.00020572557703261657,0.9530200550912161,3.0251202362323224e-05,0.9530200550912161,0.19109992786591298,0.13784945912319566
2013-11-22,2,0.5737965378231147,0.0001059095119580719,0.42609067891745606,6.873747471276536e-06,0.5737965378231147,0.6832831077877213,0.4928845755642723
2013-11-25,0,0.9507092826238599,7.991816724121325e-06,0.04928234009946968,3.8545994647571687e-07,0.9507092826238599,0.1965041387319915,0.1417477732314005
2013-11-26,0,0.9705060338958112,3.853651022933946e-06,0.02948982138235274,2.910708130522272e-07,0.9705060338958112,0.133020682649488,0.09595413959704045
2013-11-27,0,0.9942491762463138,3.306402161089064e-07,0.005750474369643379,1.8743826710135062e-08,0.9942491762463138,0.03540318972736415,0.025538003125659677
2013-12-02,0,0.8129848922095968,5.089409746319005e-06,0.18700959883476792,4.195458888743826e-07,0.8129848922095968,0.4819302424648544,0.3476391854292306
2013-12-03,0,0.982791240667528,2.0340528137005297e-06,0.017206588853767687,1.3642589052680092e-07,0.982791240667528,0.0869897744457983,0.06274985810050135
2013-12-04,0,0.9654200976165164,3.8218103064875415e-06,0.03457590701695602,1.7355622105974706e-07,0.9654200976165164,0.150359415671168,0.10846139166987818
2013-12-05,0,0.9938482773345043,4.066195259917229e-07,0.006151297535376826,1.851059290484142e-08,0.9938482773345043,0.03745589817924009,0.027018719277615816
2013-12-06,0,0.9904348726279733,2.3058174137236975e-07,0.009564881021740504,1.5768544787446678e-08,0.9904348726279733,0.053996459270684444,0.03895021200768967
2013-12-09,0,0.9963100420901759,9.475540163990565e-08,0.0036898579049884405,5.249434019785902e-09,0.9963100420901759,0.02435597549543495,0.01756912253163856
2013-12-10,0,0.9871750041262336,2.040649411434519e-07,0.012824776334611786,1.5474213532763976e-08,0.9871750041262336,0.06861537567447219,0.04949553110714713
2013-12-11,0,0.8668301898050321,1.3415311851374606e-05,0.13315585067992672,5.442031896939211e-07,0.8668301898050321,0.3925124405701313,0.2831378757488762
2013-12-12,0,0.9861726274067594,1.994379426765071e-06,0.013825283182155262,9.503165867591625e-08,0.9861726274067594,0.07294862394792,0.05262130900466903
2013-12-13,0,0.9961434734073215,1.266023208164905e-07,0.0038563933159834274,6.6743743822227795e-09,0.9961434734073215,0.02528513937261111,0.018239372590526163
2013-12-16,0,0.9945969848750391,6.32249576356884e-08,0.005402948968243911,2.931759475115027e-09,0.9945969848750391,0.03359727013235521,0.024235307503677875
2013-12-17,0,0.9951495646768798,7.36070174079097e-08,0.0048503577931137435,3.92298928743927e-09,0.9951495646768798,0.03068605296894639,0.022135308221377506
2013-12-18,2,0.0709506964143664,5.264946840424611e-05,0.9289936027219828,3.0513952465337557e-06,0.9289936027219828,0.2567002375819527,0.18517007987725095
2013-12-19,2,0.030454724696480865,0.00121879338954008,0.9681857835515671,0.00014069836241191442,0.9681857835515671,0.14706160518946107,0.10608252425600306
2013-12-20,2,0.038351379159071955,0.0010463119534071948,0.9605138080268403,8.85008606806259e-05,0.9605138080268403,0.17176487384827735,0.12390216584991406
2013-12-23,0,0.6565897624293449,6.884235157147326e-05,0.3433386754557676,2.719763316116429e-06,0.6565897624293449,0.6439612819844334,0.46451987402172074
2013-12-24,0,0.8622212284580643,3.776303733482834e-05,0.13773953543937242,1.4730652286343025e-06,0.8622212284580643,0.40127655695120185,0.2894598493692483
2013-12-26,0,0.9810522778286249,2.3613428052483085e-06,0.018945251358645235,1.094699246467848e-07,0.9810522778286249,0.09394011142319413,0.06776346644539942
2013-12-27,0,0.984883712293426,5.653877282705726e-07,0.015115686992157826,3.532668802316415e-08,0.984883712293426,0.07837549169176507,0.05653596659547181
2013-12-30,0,0.9907620846903041,4.004271700701495e-07,0.009237490050585473,2.4831940308964728e-08,0.9907620846903041,0.05247433141298733,0.03785222885174039
2013-12-31,0,0.9880916003906283,3.748576840207216e-07,0.01190800490555518,1.984613262978251e-08,0.9880916003906283,0.06460205484983868,0.04660053208154954
2014-01-02,0,0.9124364853677208,6.911856326359482e-06,0.08755622033296477,3.8244298810697355e-07,0.9124364853677208,0.2969414538374396,0.21419798144281657
2014-01-03,0,0.9901743037031556,1.1096869813636273e-06,0.009824534164403093,5.24454598505088e-08,0.9901743037031556,0.055210928990523045,0.03982626672875015
2014-01-06,0,0.9956458130074419,1.1589040759033635e-07,0.0043540643656848335,6.73646567547561e-09,0.9956458130074419,0.02801817590996782,0.020210841720032596
2014-01-07,0,0.9952301894554472,5.538203423261057e-08,0.004769751694705041,3.4678134715506603e-09,0.9952301894554472,0.03025593161153612,0.02182504124671939
2014-01-08,0,0.9807067095652185,4.092615257331785e-07,0.019292856700388543,2.447286718806402e-08,0.9807067095652185,0.09528100625663244,0.06873071760867695
2014-01-09,0,0.9913013159087815,5.057063351512467e-07,0.008698148420445435,2.996443798853146e-08,0.9913013159087815,0.049938218114015984,0.03602280981196113
2014-01-10,0,0.9712020927990589,1.803413077903903e-06,0.028795935690011137,1.6809785226156896e-07,0.9712020927990589,0.13055986970513603,0.09417903828135449
2014-01-13,0,0.9834489278119467,1.1247894681037295e-06,0.01654987431744126,7.30811438786414e-08,0.9834489278119467,0.08430721942598411,0.06081480368850248
2014-01-14,0,0.9899414111286746,5.070935024785129e-07,0.010058050067042613,3.171078024954124e-08,0.9899414111286746,0.05627654250034192,0.04059494439181014
2014-01-15,0,0.9945669709210573,1.3526954577948674e-07,0.0054328863584838,7.450913220399348e-09,0.9945669709210573,0.0337545714983058,0.024348776453968865
2014-01-16,0,0.9925868591614103,1.5387720669984565e-07,0.0074129772783146745,9.683068372496542e-09,0.9925868591614103,0.043745306440844366,0.031555568332187096
2014-01-17,0,0.9960717101365926,6.386316319097364e-08,0.003928222145396268,3.8548480096285444e-09,0.9960717101365926,0.02568235169630001,0.01852590071530914
2014-01-21,0,0.9940615135334165,8.397094246833463e-08,0.005938397017479762,5.478161219155887e-09,0.9940615135334165,0.03636439088615102,0.026231363198198947
2014-01-22,0,0.9958996708734489,5.635772197984173e-08,0.0041002690231483185,3.745680858772771e-09,0.9958996708734489,0.026630884415142417,0.019210122440106576
2014-01-23,2,0.33922688604577733,1.2226206985225593e-05,0.6607579661586886,2.9215885489438375e-06,0.6607579661586886,0.6407057477078042,0.46217150244355226
2014-01-24,2,0.06833646828746122,0.0002525421763057674,0.9313842382217914,2.6751314441585842e-05,0.9313842382217914,0.2519476822317369,0.18174183585959763
2014-01-27,2,0.44442954354108394,0.0001456728039157049,0.5554188401262761,5.943528724263038e-06,0.5554188401262761,0.6883791475119314,0.49656059118341783
2014-01-28,0,0.9388628988598949,9.485471199272437e-06,0.06112712880072075,4.868681850484932e-07,0.9388628988598949,0.23018378664480468,0.16604250374275148
2014-01-29,0,0.9332825937572002,4.946740041350987e-06,0.0667118310120102,6.284907481399821e-07,0.9332825937572002,0.24512380005306153,0.17681944537020486
2014-01-30,0,0.8367979379161304,1.5051763742831406e-05,0.16318574694881557,1.2633713112034366e-06,0.8367979379161304,0.44511272073764513,0.32108095742239734
2014-01-31,0,0.967795156961018,3.5665813092260715e-06,0.032201045786139484,2.3067153340335673e-07,0.967795156961018,0.14236382032844297,0.10269378879492604
2014-02-03,2,0.26267116771039595,0.00012838591142405855,0.7371867824065881,1.3663971591862872e-05,0.7371867824065881,0.5772345684147074,0.41638672464078974
2014-02-04,2,0.031635677591310536,0.0003465320115666494,0.9679887197917787,2.907060534417436e-05,0.9679887197917787,0.14381088995759822,0.10373762888382769
2014-02-05,2,0.1671692329230581,0.00030757124188031013,0.8325107862229617,1.2409612099832755e-05,0.8325107862229617,0.4542579966247213,0.32767787950732047
2014-02-06,2,0.6511851329496728,7.247296493743603e-05,0.34873891767248266,3.476412907024508e-06,0.6511851329496728,0.6474403875501017,0.46702951819488014
2014-02-07,0,0.9389452189077516,1.4222280439143264e-05,0.061039765030614986,7.937811941308194e-07,0.9389452189077516,0.23000289039100202,0.16591201467861322
2014-02-10,0,0.9921667739176775,6.414507452904264e-07,0.007832550644963668,3.398661354297477e-08,0.9921667739176775,0.04579589363117491,0.033034754317387255
2014-02-11,0,0.9927333205715363,1.9828837674452483e-07,0.0072664693836058504,1.1756481045231739e-08,0.9927333205715363,0.043027105526030354,0.031037495883105053
2014-02-12,0,0.9838731710884004,4.4353831901624636e-07,0.016126365845372158,1.9527908244375042e-08,0.9838731710884004,0.08256126700354517,0.059555365237762115
2014-02-13,0,0.9486939142419935,2.3112286898856447e-06,0.051303554347258244,2.2018205834037117e-07,0.9486939142419935,0.20237150578157712,0.14598018390415676
2014-02-14,0,0.9903791421026295,8.936784776384557e-07,0.009619915800442245,4.841845058621531e-08,0.9903791421026295,0.054261808060981756,0.03914162069962358
2014-02-18,0,0.9926488875118828,1.8244600120373582e-07,0.007350915467031614,1.4575084394899178e-08,0.9926488875118828,0.0434416567951406,0.03133653141317484
2014-02-19,0,0.9955448525829931,9.364777424819477e-08,0.004455048731562589,5.037670046830684e-09,0.9955448525829931,0.028565194597205912,0.020605432293708592
2014-02-20,0,0.994502581798978,7.133211750729541e-08,0.005497342416525521,4.452378999750174e-09,0.994502581798978,0.03408890812759834,0.024589949352502805
2014-02-21,0,0.9950759817458217,7.374412647066104e-08,0.00492394003078117,4.479270677431037e-09,0.9950759817458217,0.031077247991213384,0.022417495780700025
2014-02-24,0,0.9896843365217263,1.395382011396875e-07,0.010315515584179761,8.355892728734714e-09,0.9896843365217263,0.057448894413218675,0.04144061753725213
2014-02-25,0,0.9926794158977749,2.42434333802465e-07,0.007320325943870138,1.5724021156363476e-08,0.9926794158977749,0.04329247622324789,0.031228920377541547
2014-02-26,0,0.9959208035234554,7.824562270115196e-08,0.004079113933995023,4.296926967021369e-09,0.9959208035234554,0.02651500532881747,0.019126533348514704
2014-02-27,0,0.9355028641932391,1.3150256969297238e-06,0.06449570228582714,1.1849523678150988e-07,0.9355028641932391,0.2391835015827953,0.17253442579797817
2014-02-28,0,0.9915263504164589,7.080199448441913e-07,0.008472901309025893,4.02545705387869e-08,0.9915263504164589,0.04887157275489405,0.03525338782696491
2014-03-03,2,0.24629006091251693,5.082699450593021e-06,0.7537003722950817,4.484092950813589e-06,0.7537003722950817,0.5583465744443546,0.40276191702410546
2014-03-04,2,0.010947648383525748,0.000401934003524869,0.9886104917130147,3.9925899934708956e-05,0.9886104917130147,0.06429618898770294,0.046379896500309305
2014-03-05,0,0.5610416602630365,8.600028437455783e-05,0.4388683133492555,4.026103333327971e-06,0.5610416602630365,0.6865473605268225,0.49523923618372706
2014-03-06,0,0.8979144332624557,2.326501367063596e-05,0.10206126458362298,1.0371402506658783e-06,0.8979144332624557,0.32987275336768385,0.2379528927039728
2014-03-07,0,0.9869763596411347,1.6790798650365618e-06,0.013021877143440597,8.413555973271649e-08,0.9869763596411347,0.0694917496051073,0.05012770126899294
2014-03-10,0,0.9933795563164468,2.0553182065450072e-07,0.006620226992405113,1.1159327547874917e-08,0.9933795563164468,0.0398196696435415,0.02872381996228706
2014-03-11,0,0.9959037872319227,6.746706576569422e-08,0.004096141348718289,3.9522932065431355e-09,0.9959037872319227,0.02660839904828965,0.019193902676481047
2014-03-12,0,0.9899201903886414,1.6033442636556806e-07,0.010079638050650755,1.1226281511945727e-08,0.9899201903886414,0.056370045179410355,0.04066239231751107
2014-03-13,0,0.9529286749802717,2.1542010276648337e-06,0.04706900619713737,1.646215632897135e-07,0.9529286749802717,0.18982584384041964,0.13693040177056812
2014-03-14,0,0.9940652181743722,3.9824533105257895e-07,0.005934359100157953,2.4480138736592026e-08,0.9940652181743722,0.03634887052422236,0.026220167623605305
2014-03-17,0,0.989499996453871,2.167844058805429e-07,0.010499774705094798,1.2056628335437351e-08,0.989499996453871,0.05828941979909279,0.042046928440223064
2014-03-18,0,0.9957414244882045,1.112277265411479e-07,0.004258458283044668,6.001024359240822e-09,0.9957414244882045,0.027497666293612215,0.019835373398906973
2014-03-19,0,0.9431946216870867,1.9905962321271574e-06,0.05680320633015589,1.813865253343733e-07,0.9431946216870867,0.2181102768258297,0.15733330737177176
2014-03-20,0,0.9615149788969163,7.0452786448761e-06,0.03847744092371479,5.349007239294838e-07,0.9615149788969163,0.1631734006685549,0.11770472797475602
2014-03-21,0,0.9885997485637247,1.1118018598488356e-06,0.011399070034548528,6.959986689932608e-08,0.9885997485637247,0.06235339659135531,0.04497846802246555
2014-03-24,0,0.9933900531391099,2.1664906696579202e-07,0.00660971649777208,1.3714051121740164e-08,0.9933900531391099,0.03976721062918439,0.028685978782355598
2014-03-25,0,0.9948940812220478,8.97640153609324e-08,0.0051058242912900035,4.722646977045559e-09,0.9948940812220478,0.03203974954976936,0.023111793893388327
2014-03-26,0,0.9930677133999485,1.0063454375050462e-07,0.006932180270966595,5.6945412666695745e-09,0.9930677133999485,0.04137382713208729,0.029844907613029787
2014-03-27,0,0.943581622502677,1.8410140046657239e-06,0.05641634688287958,1.8960043869310692e-07,0.943581622502677,0.21702009212302725,0.1565469053395787
2014-03-28,0,0.9916140356676326,7.574920483610449e-07,0.008385170120201972,3.672011699956106e-08,0.9916140356676326,0.04845394263831209,0.03495213137790557
2014-03-31,0,0.994113288934977,1.3274071897759e-07,0.005886571888574188,6.435729904924276e-09,0.994113288934977,0.03609959984553885,0.026040356837617445
2014-04-01,0,0.9779073065446103,5.820387247819357e-07,0.022092081206868765,3.020979592251683e-08,0.9779073065446103,0.10608256789349552,0.07652239731235638
2014-04-02,0,0.9894292810505445,6.164475527894564e-07,0.010570074307699939,2.8194203005382507e-08,0.9894292810505445,0.05861492367323774,0.0422817298527326
2014-04-03,0,0.9953066514845728,1.177889921507165e-07,0.004693222099590106,8.626845036354133e-09,0.9953066514845728,0.02984770509845079,0.021530568063725594
2014-04-04,0,0.9660792612989174,6.061910679017525e-07,0.03392009148100138,4.102901334611616e-08,0.9660792612989174,0.14812522294008876,0.10684976228311908
2014-04-07,0,0.9679834677745217,2.6170618656947978e-06,0.0320137428447122,1.7231890046060072e-07,0.9679834677745217,0.14171294333099316,0.10222428028670126
2014-04-08,0,0.9933225529352355,5.585297362403142e-07,0.006676850678967909,3.78560603659744e-08,0.9933225529352355,0.0401088636325068,0.028932429329154626
2014-04-09,0,0.9873518495694051,3.099004267906575e-07,0.012647825357646393,1.5172521982127254e-08,0.9873518495694051,0.06784715240141248,0.048941375153977756
2014-04-10,0,0.6713511153126864,2.1342378677926808e-05,0.3286256134146867,1.928893948912547e-06,0.6713511153126864,0.6334699547277323,0.45695198111892776
2014-04-11,0,0.910091628868419,1.529424632364238e-05,0.08989212564535563,9.512399018454481e-07,0.910091628868419,0.30248565783539083,0.2181972792495771
2014-04-14,0,0.9536368590022972,4.972814434210429e-06,0.046357764000006886,4.041832616441586e-07,0.9536368590022972,0.18771972339182913,0.13541115700721992
2014-04-15,0,0.9803448337808921,1.627996753805219e-06,0.019653411772559443,1.2644979470224181e-07,0.9803448337808921,0.09671259859447699,0.06976339319186844
2014-04-16,0,0.9855714611658536,7.811210042501616e-07,0.014427705822759783,5.1890382412739534e-08,0.9855714611658536,0.0754891428290286,0.054453906000199115
2014-04-17,0,0.953124250157109,3.863867436774219e-06,0.04687171566469121,1.7031076306090544e-07,0.953124250157109,0.18925374068167783,0.13651771657557124
2014-04-21,0,0.988970893410172,8.928140374067661e-07,0.011028171628445459,4.2147345171890025e-08,0.988970893410172,0.06068851530621128,0.04377751003559248
2014-04-22,0,0.9912901782332706,3.1298975931663645e-07,0.008709487375639452,2.1401330633919206e-08,0.9912901782332706,0.04998892655348599,0.03605938821903843
2014-04-23,0,0.9951379465862641,9.888136069556177e-08,0.0048619481570607885,6.375314372176868e-09,0.9951379465862641,0.030748202209423398,0.022180139421893102
2014-04-24,0,0.9963768339892245,3.841896945265912e-08,0.003623125085331208,2.5064748440255733e-09,0.9963768339892245,0.023980778721575155,0.017298475269136027
2014-04-25,0,0.9890662878555946,1.1046851208282614e-07,0.010933593971043602,7.704849846699734e-09,0.9890662878555946,0.06025081690377261,0.043461777378290836
2014-04-28,0,0.9948587880938874,1.3542021033636954e-07,0.005141069100833515,7.385068609206179e-09,0.9948587880938874,0.03222622810598963,0.023246309737533884
2014-04-29,0,0.9814345131825806,3.763236923309012e-07,0.01856509301013391,1.748359329806525e-08,0.9814345131825806,0.09240717764726698,0.06665768846712877
2014-04-30,0,0.9887710429795462,6.69452412210507e-07,0.011228246080198435,4.148784304814775e-08,0.9887710429795462,0.06158311770752121,0.04442282925956108
2014-05-01,0,0.9920433427971005,3.5863439961071986e-07,0.00795627692765646,2.1640843390379593e-08,0.9920433427971005,0.046389627688500086,0.03346304290744221
2014-05-02,0,0.9926692580485742,2.0171743349759436e-07,0.007330526570251088,1.3663741493022733e-08,0.9926692580485742,0.04334189092616982,0.031264565550967786
2014-05-05,0,0.9892241989202677,2.798832163350714e-07,0.010775509514440363,1.1682075594961794e-08,0.9892241989202677,0.059540192384553305,0.04294917014338494
2014-05-06,0,0.9675419127694171,1.1321248917573194e-06,0.03245686412011014,9.098558096618428e-08,0.9675419127694171,0.14319955059255157,0.1032966407487012
2014-05-07,0,0.9513168922109904,4.002249317172767e-06,0.04867886442486226,2.411148302433847e-07,0.9513168922109904,0.1946641605466321,0.14042050952971957
2014-05-08,0,0.9794409684699832,2.7277454557402822e-06,0.020556184394315877,1.193902450818336e-07,0.9794409684699832,0.10023550146857471,0.07230463044486557
2014-05-09,0,0.9934820083652959,3.428458203602909e-07,0.006517633018368894,1.577051477236982e-08,0.9934820083652959,0.0393069274443838,0.028353954648297403
2014-05-12,0,0.9922894882442629,1.4133778665002005e-07,0.007710362372859481,8.045091006730052e-09,0.9922894882442629,0.04519546682803411,0.03260163793173323
2014-05-13,0,0.9940334191490477,1.422747058036581e-07,0.005966429240614969,9.335631476474242e-09,0.9940334191490477,0.0365088646044486,0.0263355789566623
2014-05-14,0,0.9752242390217071,8.036966335983202e-07,0.024774893930276216,6.335138314280606e-08,0.9752242390217071,0.11609429111153773,0.08374432903106757
2014-05-15,0,0.9672451793756788,2.492654650037804e-06,0.03275217255760216,1.5541206906229327e-07,0.9672451793756788,0.1442196921095354,0.10403251730247993
2014-05-16,0,0.9937343472216448,3.4713473070356967e-07,0.006265287037763446,1.8605861185137196e-08,0.9937343472216448,0.03803359175860974,0.027435437108670812
2014-05-19,0,0.991672904655397,1.7066701082225955e-07,0.008326917194300697,7.483291497757975e-09,0.991672904655397,0.04816658904319725,0.03474484957457868
2014-05-20,0,0.9947849152164551,8.717920404885406e-08,0.0052149922118620295,5.392478780999125e-09,0.9947849152164551,0.032614116600996355,0.02352611214161593
2014-05-21,0,0.9875236010212475,2.543231767190885e-07,0.012476132813613344,1.1841962348773974e-08,0.9875236010212475,0.06709691161718673,0.04840019082454019
2014-05-22,0,0.9910886472836864,2.9467288872850103e-07,0.008911041315796434,1.672762840131437e-08,0.9910886472836864,0.05094051006480185,0.03674581062542198
2014-05-23,0,0.995020200334737,1.3139969620312986e-07,0.004979659884202606,8.381364088821383e-09,0.995020200334737,0.0313737348626353,0.022631365850244563
2014-05-27,0,0.9939355445590247,1.1030410352884823e-07,0.0060643379192948255,7.217577217694473e-09,0.9939355445590247,0.03700837746961357,0.02669590132337917
2014-05-28,0,0.9820132451415987,6.492168410757663e-07,0.01798605589475879,4.9746801397807463e-08,0.9820132451415987,0.09010492404798463,0.06499696354185207
2014-05-29,0,0.9885034706589448,5.332619710038028e-07,0.011495967177699339,2.8901384872745925e-08,0.9885034706589448,0.06277661253156791,0.04528375379155049
2014-05-30,0,0.9964078901400844,1.0239382633397408e-07,0.003592002157769398,5.308319896133559e-09,0.9964078901400844,0.02380694329245254,0.017173079513373025
2014-06-02,0,0.9910085844102429,1.632561094929004e-07,0.00899124438293104,7.950716533923173e-09,0.9910085844102429,0.05131585481936639,0.03701656463343895
2014-06-03,0,0.9152503337023966,4.831027496661608e-06,0.08474461447437628,2.2079573047709969e-07,0.9152503337023966,0.2902742394320216,0.20938860286319658
2014-06-04,0,0.991941028395905,7.786171945269922e-07,0.00805814915593315,4.383096713239756e-08,0.991941028395905,0.04688701724988669,0.03382183363424341
2014-06-05,0,0.9963280606666742,7.76015467329985e-08,0.0036718577096453734,4.022133675218875e-09,0.9963280606666742,0.02425485523798385,0.0174961796846595
2014-06-06,0,0.888306657926156,9.912978458415775e-07,0.11169222630527768,1.2447072042005157e-07,0.888306657926156,0.3500554504928414,0.25251163123108716
2014-06-09,0,0.9910284149831646,8.968479437394439e-07,0.008970641891293683,4.627759808768067e-08,0.9910284149831646,0.05123028328340058,0.03695483781814939
2014-06-10,0,0.9938772422060006,1.1945900498015153e-07,0.006122631424536178,6.910458077597611e-09,0.9938772422060006,0.0373054899346316,0.026910222663313076
2014-06-11,0,0.9892728333869678,1.2816509558658515e-07,0.010727029049379605,9.398557128792708e-09,0.9892728333869678,0.05931858631710663,0.04278931515611683
2014-06-12,0,0.9730447824281176,9.94249966155119e-07,0.026954094442326788,1.2887958929403101e-07,0.9730447824281176,0.12400625970519473,0.08945160795793666
2014-06-13,0,0.9953323700992849,2.7138825030428754e-07,0.004667342866169101,1.5646295785517912e-08,0.9953323700992849,0.029711504953831857,0.021432320427120545
2014-06-16,0,0.9614470015906103,2.9764304868243094e-07,0.03855266023748344,4.052885766210224e-08,0.9614470015906103,0.16332231452293647,0.11781214661437399
2014-06-17,0,0.9777099735885517,1.9598981846600833e-06,0.022287965474156287,1.0103910731642299e-07,0.9777099735885517,0.10684404458518415,0.07707168663578225
2014-06-18,0,0.9946698492339373,2.789812047104087e-07,0.005329854859567247,1.6925290849986562e-08,0.9946698492339373,0.0332191924456541,0.023962582101840643
2014-06-19,0,0.9676866222229381,1.2175562353023486e-06,0.032312109185686944,5.103513963218081e-08,0.9676866222229381,0.14270830255605257,0.10294228019564942
2014-06-20,0,0.9945381617946092,2.8991500921217936e-07,0.005461531249412474,1.7040969056246422e-08,0.9945381617946092,0.03390628449255688,0.024458214246191087
2014-06-23,0,0.9954969260890694,6.782438412363557e-08,0.0045030027679243525,3.31862207630178e-09,0.9954969260890694,0.02882387683605649,0.02079203208528648
2014-06-24,0,0.9908748813742918,1.2626958492382853e-07,0.00912498448847739,7.86764595199942e-09,0.9908748813742918,0.051943181344966276,0.03746908506718948
2014-06-25,0,0.9960720728446293,9.509885396590513e-08,0.0039278263346715385,5.721845202428521e-09,0.9960720728446293,0.0256807070981163,0.018524714388487195
2014-06-26,0,0.991713365499989,1.1260542742277299e-07,0.008286514769915113,7.124668489497507e-09,0.991713365499989,0.047972448219620684,0.03460480657287467
2014-06-27,0,0.9959286983920195,8.14050265798647e-08,0.004071216316039804,3.886914127598297e-09,0.9959286983920195,0.02647162192362639,0.01909523883675168
2014-06-30,0,0.9940380246306706,8.008145342344645e-08,0.005961890317396649,4.970479284715593e-09,0.9940380246306706,0.03648456523020177,0.026318050663301
2014-07-01,0,0.9813276836719913,4.857426314887761e-07,0.018671808977504707,2.160787238490807e-08,0.9813276836719913,0.09283196123079797,0.06696410505183437
2014-07-02,0,0.9523359539018856,5.0467486371789675e-06,0.04765880202854635,1.973209309524495e-07,0.9523359539018856,0.19163274642325373,0.1382338064683802
2014-07-03,0,0.9914416246076472,6.194736119903471e-07,0.008557722219933749,3.3698807210871616e-08,0.9914416246076472,0.04927372369889414,0.03554347841326379
2014-07-07,0,0.9904920597569296,3.4252092445961627e-07,0.009507577250780429,2.047136546355916e-08,0.9904920597569296,0.05373216333919307,0.0387595627928448
2014-07-08,0,0.9814991225355362,7.36283604439446e-07,0.0185000917189484,4.9461910952042184e-08,0.9814991225355362,0.09215488888385427,0.06647570059320501
2014-07-09,0,0.8240379514369934,1.6481985914764793e-05,0.1759443125617297,1.2540153620767867e-06,0.8240379514369934,0.4654004692820966,0.33571547453033856
2014-07-10,0,0.9239976067346051,1.165125365194238e-05,0.07599011146451722,6.305472257633021e-07,0.9239976067346051,0.26901756142224126,0.1940551508879548
2014-07-11,0,0.9919057301069154,9.242797523896009e-07,0.008093295537245722,5.007608625035715e-08,0.9919057301069154,0.04705823906961571,0.03394534406935093
2014-07-14,0,0.9951891455481178,9.954887366464677e-08,0.0048107496441204285,5.258888340419273e-09,0.9951891455481178,0.030475470038954035,0.021983404746979587
2014-07-15,0,0.994926082819948,7.663993145700971e-08,0.005073836469616692,4.070503984303639e-09,0.994926082819948,0.03187077424983353,0.022989903979763256
2014-07-16,0,0.9947029074779102,9.170445428014448e-08,0.005296994827481951,5.990153590832453e-09,0.9947029074779102,0.03304415144522401,0.023836316710204277
2014-07-17,0,0.9451672097997744,8.089202971197902e-07,0.054831886296748025,9.498318037913268e-08,0.9451672097997744,0.21251757066968857,0.15329902265346476
2014-07-18,0,0.9773123877852465,1.9963654980159476e-06,0.022685457504822114,1.583444333373866e-07,0.9773123877852465,0.10834480959486449,0.078154259754285
2014-07-21,0,0.9920345585106699,3.8648444137988196e-07,0.007965026690022465,2.8314866187976903e-08,0.9920345585106699,0.04643237633446876,0.033493879537214076
2014-07-22,0,0.9955578951849072,9.226299587799573e-08,0.004442006734917589,5.817179289367839e-09,0.9955578951849072,0.02849462037203942,0.02055452375137745
2014-07-23,0,0.9939747959484779,7.054997065575024e-08,0.006025129568035178,3.933516277237329e-09,0.9939747959484779,0.03680760931843555,0.02655107771534268
2014-07-24,0,0.989825037855423,2.369252899510732e-07,0.010174714870052835,1.034923423970699e-08,0.989825037855423,0.05680688670125607,0.04097750686612167
2014-07-25,0,0.9603526142228979,1.111833180071561e-06,0.03964613975875353,1.3418516859967983e-07,0.9603526142228979,0.16683648742176982,0.12034708652136063
2014-07-28,0,0.9936070804904739,3.9552978319532e-07,0.00639250334971726,2.063002565074555e-08,0.9936070804904739,0.038677587401387416,0.027899981768765538
2014-07-29,0,0.9936911737969847,1.20340898127548e-07,0.0063086984485510355,7.413566148124238e-09,0.9936911737969847,0.038249707686173424,0.027591331797147435
2014-07-30,0,0.6231344000294301,2.983098854043318e-05,0.37683427237726663,1.4966047627299223e-06,0.6231344000294301,0.6628404797986462,0.47813833655298404
2014-07-31,2,0.3836901104770515,0.00014753059586287282,0.61614959494274,1.2763984345684993e-05,0.61614959494274,0.66736971468832,0.48140548891016083
2014-08-01,2,0.194226344660362,0.00010027428530465758,0.8056592492235569,1.4131830776482407e-05,0.8056592492235569,0.49346429039694406,0.3559592423057313
2014-08-04,0,0.6632606707980919,6.385471440600288e-05,0.3366716394097229,3.835077779268006e-06,0.6632606707980919,0.6395075681129361,0.46130719856374697
2014-08-05,0,0.9018547113640041,1.3070355646322715e-05,0.09813127578475674,9.424955927803944e-07,0.9018547113640041,0.3211300780172776,0.23164638551790617
2014-08-06,0,0.9906826614959887,7.90630444799887e-07,0.009316499289597893,4.8583968504030625e-08,0.9906826614959887,0.05284937917552337,0.03812276862529401
2014-08-07,0,0.9897171100970472,2.2279476931194322e-07,0.010282649599679948,1.750850358371097e-08,0.9897171100970472,0.05730030844286837,0.041333435415967096
2014-08-08,0,0.9882278722140925,3.483976966146754e-07,0.0117717542461708,2.514204010175941e-08,0.9882278722140925,0.06399893169299228,0.04616547068783574
2014-08-11,0,0.9945032709295382,1.5416128952505605e-07,0.005496566990631168,7.918541252172914e-09,0.9945032709295382,0.03408626956541643,0.024588046032215344
2014-08-12,0,0.9940856077594538,1.0779074404467108e-07,0.0059142796674459056,4.782356340651219e-09,0.9940856077594538,0.036241223616904315,0.02614251679392792
2014-08-13,0,0.9962974529829164,6.161014016887226e-08,0.003702481736827714,3.670115754721828e-09,0.9962974529829164,0.024426055101517248,0.01761967428171975
2014-08-14,0,0.9217588152593729,2.0404550467879973e-06,0.078238892213548,2.520720323781085e-07,0.9217588152593729,0.2744795930108219,0.1979951738309669
2014-08-15,0,0.9374763581442139,1.704238196796003e-05,0.06250515445993238,1.4450138858285793e-06,0.9374763581442139,0.23402946471561678,0.1688165740835595
2014-08-18,0,0.9493086951349812,8.314731999778925e-06,0.05068256598576683,4.241472522226491e-07,0.9493086951349812,0.20063190339487072,0.1447253260359468
2014-08-19,0,0.9795653715330932,2.0800821207749087e-06,0.020432445611721365,1.0277306480514773e-07,0.9795653715330932,0.09974838198259257,0.07195324801149217
2014-08-20,0,0.9922557045970521,4.908228379722537e-07,0.007743772571570101,3.200853970792675e-08,0.9922557045970521,0.045363356400219323,0.03272274465833752
2014-08-21,0,0.9877523470694051,2.5487268304217917e-07,0.012247379842054429,1.8215857543156135e-08,0.9877523470694051,0.06609493134906122,0.04767741484259355
2014-08-22,0,0.9856291252329258,8.6902397465135e-07,0.014369942991760518,6.275133913395694e-08,0.9856291252329258,0.07524644209463502,0.054278834427234246
2014-08-25,0,0.9938315992607223,2.3220413775855228e-07,0.0061681539572399765,1.457789991293508e-08,0.9938315992607223,0.03753890826444846,0.027078598396752758
2014-08-26,0,0.9933664984237677,1.2290520463307446e-07,0.006633373211471107,5.459556612802754e-09,0.9933664984237677,0.03988413473043277,0.028770321692871317
2014-08-27,0,0.9813696106134981,4.94011326970428e-07,0.018629857096413772,3.827876100619595e-08,0.9813696106134981,0.09266611305929601,0.06684447088455119
2014-08-28,0,0.9894918398934525,5.109092852287769e-07,0.010507611714140408,3.7483121983958915e-08,0.9894918398934525,0.058329855119310874,0.042076096358200754
2014-08-29,0,0.9577219539681109,1.7047388123032074e-06,0.042276248553668315,9.273940849143865e-08,0.9577219539681109,0.17513777993755528,0.1263352032941068
2014-09-02,0,0.5163953502731549,0.0003934837650339037,0.483193612650138,1.755331167334555e-05,0.5163953502731549,0.6959990296006318,0.5020571742341812
2014-09-03,0,0.680123522692224,8.899603027213526e-05,0.31978215150860523,5.329768898517265e-06,0.680123522692224,0.6276578858930846,0.452759459676402
2014-09-04,0,0.8915059508285347,2.8090157952720545e-05,0.10846477007627162,1.1889372410212873e-06,0.8915059508285347,0.34363000626184903,0.24787665296730652
2014-09-05,0,0.9494673630667955,7.844620247043804e-06,0.050524452231569074,3.4008138842119885e-07,0.9494673630667955,0.20016161960617565,0.14438608799106636
2014-09-08,0,0.9842060075090966,2.2448163825236366e-06,0.015791600895362745,1.4677915812621597e-07,0.9842060075090966,0.08120804894605747,0.05857922474737266
2014-09-09,0,0.9945508824763922,2.717914853403939e-07,0.005448831393943105,1.4338179415021747e-08,0.9945508824763922,0.033839850747041385,0.024410292428589647
2014-09-10,0,0.9953136409150328,8.158381648848917e-08,0.004686273328421971,4.172728638715144e-09,0.9953136409150328,0.029809808024806386,0.0215032311036201
2014-09-11,0,0.9949852808461043,7.016670778926577e-08,0.005014645133749103,3.853438976688507e-09,0.9949852808461043,0.03155786968865149,0.02276419105041882
2014-09-12,0,0.5088083183852323,6.1833128009708e-05,0.4911273967506106,2.4517361471939414e-06,0.5088083183852323,0.6936414813248576,0.5003565626311233
2014-09-15,0,0.8726654613563799,1.4031619461521746e-05,0.12731935797626218,1.1490478963080413e-06,0.8726654613563799,0.381444581258398,0.275154102877729
2014-09-16,0,0.9841032509395219,1.8296709841036917e-06,0.015894812137551995,1.072519420677746e-07,0.9841032509395219,0.08162815140709638,0.058882264615975705
2014-09-17,0,0.8927892012760664,1.5674519332634286e-05,0.10719407172046436,1.052484136482128e-06,0.8927892012760664,0.3408110848104075,0.2458432309679814
2014-09-18,0,0.9637532565849147,1.0365015584427877e-05,0.03623553251578876,8.458837120239771e-07,0.9637532565849147,0.15593170679217128,0.1124809500532087
2014-09-19,0,0.9767862817039571,3.58340521098257e-06,0.023209891215977094,2.4367485470606416e-07,0.9767862817039571,0.11033373696654235,0.07958896758218897
2014-09-22,0,0.9820549320211004,1.5017543653008423e-06,0.017943485841100802,8.038343337844603e-08,0.9820549320211004,0.0899468230786869,0.06488291779966927
2014-09-23,0,0.9670428534759906,1.8819175903300006e-06,0.03295513673372476,1.2787269447154785e-07,0.9670428534759906,0.14489780034903013,0.10452166899963244
2014-09-24,0,0.9849671523724168,1.1581981189727817e-06,0.01503162786574979,6.156371437902956e-08,0.9849671523724168,0.07803287971911281,0.05628882429852451
2014-09-25,0,0.8979342455814637,6.985610919810333e-06,0.10205818139226051,5.874153559234402e-07,0.8979342455814637,0.32967998472548465,0.23781383952190296
2014-09-26,0,0.8755528358519863,6.0114057891488425e-05,0.12438180597077268,5.244119349513389e-06,0.8755528358519863,0.37627016092735344,0.2714215476021925
2014-09-29,0,0.5995320367279897,5.245482151099528e-05,0.4004053347353761,1.0173715123312877e-05,0.5995320367279897,0.6738401900973113,0.4860729503025337
2014-09-30,0,0.6413718774671,0.00019431892717334737,0.35842522295149865,8.580654228132385e-06,0.6413718774671,0.6543803073585134,0.47203561214076145
2014-10-01,2,0.09939207842685378,0.0007409260568129678,0.8998092587988651,5.7736717468322415e-05,0.8998092587988651,0.3303636707258005,0.2383070147229934
2014-10-02,2,0.08162930674135646,0.00047382929178729825,0.9178805465205535,1.6317446302613176e-05,0.9178805465205535,0.2869859340144086,0.20701659190373728
2014-10-03,2,0.24068599827533307,0.0003366921516025125,0.7589534782183863,2.3831354678154382e-05,0.7589534782183863,0.5550765249763808,0.40040307494865174
2014-10-06,0,0.7659468074077567,4.574567168752956e-05,0.23400492862489325,2.518295662459754e-06,0.7659468074077567,0.5445954121727927,0.39284255021628456
2014-10-07,0,0.6815170673765577,0.00010319501232397579,0.3183717286997614,8.008911356948582e-06,0.6815170673765577,0.6267457885456857,0.45210152051645186
2014-10-08,2,0.4977740851813566,0.0002240952044649762,0.5019831792169077,1.8640397270724124e-05,0.5019831792169077,0.6952989425689768,0.5015521681898015
2014-10-09,2,0.06507377297340207,0.0004183028976873873,0.9344815384226164,2.638570629417143e-05,0.9344815384226164,0.244652690060884,0.17647961134549098
2014-10-10,2,0.20564747209771156,0.00016770162689636086,0.7941729451981308,1.1881077261358502e-05,0.7941729451981308,0.5098633468749938,0.3677886610338015
2014-10-14,2,0.0638227931917774,0.0010847863721804912,0.9350183672467419,7.405318930022428e-05,0.9350183672467419,0.24655016607990185,0.17784835096691237
2014-10-15,2,0.002784147005538735,0.00264116030465468,0.9944000608747923,0.00017463181501423277,0.9944000608747923,0.03915603777431394,0.02824511075893182
2014-10-16,2,0.002603175008306329,0.002098480735987344,0.9952094015525341,8.894270317227456e-05,0.9952094015525341,0.034040644160367846,0.02455513425941427
2014-10-17,2,0.1623659261293275,0.00030040787729795573,0.8373228700924589,1.0795900915679712e-05,0.8373228700924589,0.4463882758223974,0.32200107591997373
2014-10-20,0,0.7592479236041126,4.779253978726392e-05,0.2407015312331049,2.752622995127535e-06,0.7592479236041126,0.5524345584582155,0.39849729895167585
2014-10-21,0,0.586867266046531,0.00011106953604423893,0.41301482569718867,6.838720236038966e-06,0.586867266046531,0.679084805629632,0.48985614071245787
2014-10-22,0,0.8915220310118896,2.3080444704555877e-05,0.10845377078320374,1.1177602021270136e-06,0.8915220310118896,0.3435534678048872,0.24782144214115848
2014-10-23,0,0.9497402374057291,1.1761130763921565e-05,0.050247350015077956,6.514484290317858e-07,0.9497402374057291,0.19939745640326773,0.14383486075943383
2014-10-24,0,0.9763090893037577,2.5017991469504485e-06,0.0236882760378177,1.3285927757130743e-07,0.9763090893037577,0.11210229964630941,0.08086471588598959
2014-10-27,0,0.994496288902026,2.684687767983749e-07,0.005503427238544853,1.5390652314551244e-08,0.994496288902026,0.034123819931164125,0.024615132895439228
2014-10-28,0,0.9901214642728815,1.8397378769225025e-07,0.00987834210478463,9.648546132852542e-09,0.9901214642728815,0.05544497414982913,0.03999509462408763
2014-10-29,0,0.8998927195602102,8.951501036540412e-06,0.10009743945138411,8.894873691682233e-07,0.8998927195602102,0.32542226239163996,0.234742542073643
2014-10-30,0,0.9850043056614158,1.7953578921310876e-06,0.014993791574010856,1.0740668131476156e-07,0.9850043056614158,0.07788387904864041,0.05618134303433468
2014-10-31,0,0.9880788284227022,4.6152268062771955e-07,0.01192068541811296,2.463650406695411e-08,0.9880788284227022,0.0646594340406609,0.046641922418574254
2014-11-03,0,0.9967289964029017,8.937364371377566e-08,0.0032709096192070114,4.604247618347195e-09,0.9967289964029017,0.021985579465356352,0.01585924323286992
2014-11-04,0,0.9926523136503921,9.86946324996561e-08,0.007347581664250117,5.990725329220487e-09,0.9926523136503921,0.04342382175197246,0.031323666149008486
2014-11-05,0,0.9921539670131758,1.4122492752323083e-07,0.007845882781109812,8.980786870602614e-09,0.9921539670131758,0.045852572677204356,0.033075639606701755
2014-11-06,0,0.9911722301871391,1.6387772550714773e-07,0.008827596460257032,9.474878330535374e-09,0.9911722301871391,0.05054483114575916,0.03646038861827838
2014-11-07,0,0.9851411635920224,3.1557830699318326e-07,0.014858488112493911,3.271717681473261e-08,0.9851411635920224,0.07729529100470395,0.05575676650827784
2014-11-10,0,0.9897069895918047,4.991403937859842e-07,0.010292486811566488,2.44562349436426e-08,0.9897069895918047,0.05734945629963522,0.04136888810058103
2014-11-12,0,0.9958050445837714,1.1164575094882592e-07,0.004194836859300026,6.91117764928943e-09,0.9958050445837714,0.02715018230336556,0.019584716684148396
2014-11-13,0,0.9929257016555263,1.811543674849511e-07,0.007074105617380158,1.1572726112737358e-08,0.9929257016555263,0.042078359997888705,0.030353120648847286
2014-11-14,0,0.9923729356715874,1.49304663186134e-07,0.007626901641059641,1.3382689864039132e-08,0.9923729356715874,0.044789827005503186,0.03230903065155701
2014-11-17,0,0.9967159118044927,7.08934158328633e-08,0.0032840132970501316,4.005041243717719e-09,0.9967159118044927,0.02206018500253957,0.01591305975212846
2014-11-18,0,0.9904717527472575,1.1033100189277193e-07,0.009528129552740112,7.369000480170967e-09,0.9904717527472575,0.053823830251090436,0.038825686492448774
2014-11-19,0,0.9937992844883589,1.6364090604288505e-07,0.006200542000560051,9.870174990272185e-09,0.9937992844883589,0.037702280341943506,0.027196446439763676
2014-11-20,0,0.9969350088684643,4.3860141440103674e-08,0.0030649446202940037,2.6511000910772157e-09,0.9969350088684643,0.020800143672178598,0.015004132062815008
2014-11-21,0,0.9964499802601771,3.619989366586112e-08,0.0035499812617760507,2.2781531013823183e-09,0.9964499802601771,0.02356915682893085,0.017001552837516393
2014-11-24,0,0.9934914478811734,7.198890051120752e-08,0.006508476484980407,3.6449457531173536e-09,0.9934914478811734,0.0392564805311653,0.028317564892533162
2014-11-25,0,0.9855103320735351,5.085548918514786e-07,0.014489124118827718,3.52527452528251e-08,0.9855103320735351,0.07574428047492932,0.05463794890844163
2014-11-26,0,0.9942773121107757,2.2909862581465056e-07,0.005722445325670778,1.3464927746259504e-08,0.9942773121107757,0.0352570686480473,0.025432599047409795
2014-12-01,0,0.9359762391661048,7.268567289371933e-06,0.06401601832472989,4.7394187593152543e-07,0.9359762391661048,0.2379777796199138,0.17166468124970813
2014-12-02,0,0.9763865740146479,4.916424370598306e-06,0.023608174103732057,3.3545724940754613e-07,0.9763865740146479,0.11183755334616395,0.08067374179883281
2014-12-03,0,0.992658847743387,4.01621674076716e-07,0.007340726275580324,2.4359358600687346e-08,0.992658847743387,0.043395141382223265,0.031302977635404475
2014-12-04,0,0.9928582693291803,1.6198350731888714e-07,0.007141558049726768,1.063758587471624e-08,0.9928582693291803,0.042411220812965514,0.03059322897245607
2014-12-05,0,0.9902142480409176,4.257145321460657e-07,0.009785295733064825,3.051148544453527e-08,0.9902142480409176,0.0550198224284539,0.0396884124840609
2014-12-08,2,0.4019406732083209,0.00011204768146100447,0.5979355457774308,1.1733332787338948e-05,0.5979355457774308,0.6750032976927096,0.4869119550824844
2014-12-09,2,0.1491181880745683,6.559623326151756e-05,0.8507952938256632,2.0921866506980353e-05,0.8507952938256632,0.4221062337497508,0.30448528507954153
2014-12-10,2,0.0030246269392919713,0.0005051319771584745,0.9963894048749089,8.083620864063924e-05,0.9963894048749089,0.02574585887904484,0.018571711464112538
2014-12-11,2,0.35093772110494453,0.00014967542093796327,0.6489029264858452,9.676988272146808e-06,0.6489029264858452,0.6495455757034566,0.46854809044937185
2014-12-12,2,1.0737664515834485e-06,0.0007245626227750324,0.9984075305147885,0.0008668330959849378,0.9984075305147885,0.012956254039815472,0.00934596172586969
2014-12-15,2,4.009282183617468e-05,0.00024991124807915267,0.9995648042618919,0.00014519166819272202,0.9995648042618919,0.0041970033030685324,0.0030274979259657855
2014-12-16,2,4.505707410180768e-05,0.0004003457229554727,0.9993867700166676,0.00016782718627513196,0.9993867700166676,0.00565478223398803,0.004079063143140773
2014-12-17,2,2.7881101565853224e-09,0.0002472451988413415,0.9986493861769493,0.001103365836099201,0.9986493861769493,0.010916407975330746,0.0078745238251652
2014-12-18,2,6.48696886707635e-08,9.217151419183417e-05,0.9990858305921819,0.0008219330239376279,0.9990858305921819,0.0076101600965397635,0.005489570115824496
2014-12-19,2,0.11732033769999414,0.0002661942389712426,0.8823887245229874,2.474353804716134e-05,0.8823887245229874,0.36425988786268654,0.2627579669071339
2014-12-22,0,0.7613836804392913,5.7563467382162856e-05,0.23855541508551203,3.3410078146063236e-06,0.7613836804392913,0.5500574575347317,0.3967825830946745
2014-12-23,2,0.021358347451248143,0.0025227757631589376,0.976030178643262,8.869814233096063e-05,0.976030178643262,0.12175092371775462,0.08782472693562754
2014-12-24,2,0.3102735135226657,0.0004347656877111967,0.6892717639347802,1.9956854842943648e-05,0.6892717639347802,0.6231863583857513,0.4495339343963879
2014-12-26,0,0.8780900878598479,2.183145348905201e-05,0.12188688542529558,1.1952613674156602e-06,0.8780900878598479,0.3709383287409837,0.26757544367512864
2014-12-29,0,0.9705670808548253,6.757226458213371e-06,0.02942575132268425,4.105960321907629e-07,0.9705670808548253,0.13283375761340221,0.09581930168575098
2014-12-30,0,0.9868368026704599,8.235075177725312e-07,0.013162322572389772,5.1249632529832146e-08,0.9868368026704599,0.07008665780699253,0.050556836825314935
2014-12-31,0,0.9820314019468029,1.2288975904963367e-06,0.017967313331400933,5.5824205418743105e-08,0.9820314019468029,0.09003808943327199,0.06494875255824924
2015-01-02,0,0.9377777674415153,5.67668656341545e-06,0.062216066713956915,4.891579643105463e-07,0.9377777674415153,0.23310351121224285,0.1681486398198538
2015-01-05,2,0.0006243393920617871,0.0027963565058686875,0.9959683956055562,0.0006109084965133447,0.9959683956055562,0.029592423928042674,0.021346421624435532
2015-01-06,2,0.0001322621353405031,0.0088011541904982,0.9902715561343147,0.0007950275398466207,0.9902715561343147,0.058191122829804466,0.04197602216515973
2015-01-07,2,0.1290754074659349,0.0005932238527710484,0.8703119808637197,1.9387817574341285e-05,0.8703119808637197,0.3897710318801301,0.2811603673878189
2015-01-08,2,0.0012406596559391605,0.0016705555618666422,0.9970008043876785,8.798039451573323e-05,0.9970008043876785,0.022801455767137005,0.016447773580148806
2015-01-09,2,0.21356240268933502,0.00017100898962852667,0.786256091309253,1.0497011783503924e-05,0.786256091309253,0.5203800164029514,0.37537483452112774
2015-01-12,2,0.014391937018231778,0.002322450660593528,0.9831002306479054,0.00018538167326922296,0.9831002306479054,0.09347258891155685,0.0674262202408779
2015-01-13,0,0.549047124542756,0.00013555494472420815,0.4508120550028737,5.265509646185101e-06,0.549047124542756,0.6896281131532831,0.49746152945192723
2015-01-14,2,0.19329860961821183,0.00038058419561428383,0.8062899487415898,3.0857444584133295e-05,0.8062899487415898,0.49461087988050434,0.3567863317866652
2015-01-15,2,0.5450178190439808,0.000179926396134115,0.4547941082670163,8.146292868811103e-06,0.5450178190439808,0.6907753620629312,0.49828909460823456
2015-01-16,0,0.7918177874772085,0.00010148868283369137,0.20807423941512435,6.484424833454884e-06,0.7918177874772085,0.5124874653850146,0.3696815624143574
2015-01-20,0,0.9434190326340788,2.074992142249304e-05,0.05655886754494082,1.3498995578518333e-06,0.9434190326340788,0.21765501647972393,0.15700490644995166
2015-01-21,0,0.9533774758534654,6.521300681588741e-06,0.046615635671757076,3.671740958688114e-07,0.9533774758534654,0.18851682054828836,0.13598614106458512
2015-01-22,0,0.9571942833029249,5.068932858090874e-06,0.0428003383347874,3.0942942966316965e-07,0.9571942833029249,0.17681545569157814,0.12754539053938102
2015-01-23,0,0.7773752982508613,3.469275592628565e-05,0.22258595363102324,4.0553621891008834e-06,0.7773752982508613,0.5305970852205225,0.38274489177889326
2015-01-26,0,0.9724121624602002,3.239479421465255e-06,0.027584401234476974,1.9682590137937926e-07,0.9724121624602002,0.12628965721886182,0.09109873109260952
2015-01-27,0,0.971045435856242,2.0708223902614175e-06,0.028952362497150906,1.3082421682225215e-07,0.971045435856242,0.13111271462242677,0.0945778315916325
2015-01-28,2,0.32204026999962787,0.000523612182691238,0.6773938690398226,4.2248777858276996e-05,0.6773938690398226,0.6331247852283408,0.4567029939564087
2015-01-29,0,0.787564196193276,4.907943420056506e-05,0.21238438493966127,2.339432862072944e-06,0.787564196193276,0.5176551583911394,0.37340926495074384
2015-01-30,0,0.7973484702746237,4.062654698501102e-05,0.20259793743766089,1.296574073036604e-05,0.7973484702746237,0.5045810481694444,0.3639782879603063
2015-02-02,0,0.9588692167388647,7.83544069017632e-06,0.04112251883746625,4.289829788313073e-07,0.9588692167388647,0.17160163835026637,0.12378441632817533
2015-02-03,2,0.0038315869335854773,0.013976771325759163,0.9816346471340939,0.0005569946065613632,0.9816346471340939,0.10337580217498935,0.07456987857288783
2015-02-04,2,0.2289750553318767,0.003385451437426099,0.7675940225785455,4.5470652151576065e-05,0.7675940225785455,0.5602780302403305,0.4041551678733808
2015-02-05,2,0.4916321392301411,0.0003398003578986121,0.5080203953303777,7.66508158252661e-06,0.5080203953303777,0.6959237237160588,0.5020028525210696
2015-02-06,2,0.3148193213212501,0.0008048599304091868,0.684348488059885,2.7330688455633133e-05,0.684348488059885,0.6294412921167092,0.4540459153337589
2015-02-09,0,0.8630887513067166,2.987406999478319e-05,0.1368797367780285,1.6378452601309778e-06,0.8630887513067166,0.3996185519829389,0.2882638515965072
2015-02-10,2,0.02162859960437228,0.00028227329586605083,0.9780520226422793,3.7104457482401594e-05,0.9780520226422793,0.10730918779010637,0.07740721653330448
2015-02-11,0,0.6536571137555591,6.281330303737663e-05,0.34627674737029124,3.325571112323739e-06,0.6536571137555591,0.6457989925146187,0.46584550195596464
2015-02-12,0,0.8086988174282137,7.533560248649431e-05,0.19122038441465516,5.4625546447475415e-06,0.8086988174282137,0.4888327460625026,0.35261828928425326
2015-02-13,0,0.7487896063703451,0.00010792917540125883,0.2510982588351493,4.205619104255616e-06,0.7487896063703451,0.5646560854823849,0.40731326716660565
2015-02-17,2,0.08287283952080356,0.0018476114148998062,0.9152211192179067,5.8429846389866064e-05,0.9152211192179067,0.29966771224480443,0.21616456118506014
2015-02-18,2,0.06602332560902588,0.0005894678720656581,0.9333546270633464,3.257945556212939e-05,0.9333546270633464,0.24852828851846845,0.17927526468310798
2015-02-19,2,0.5302946339015032,0.00012094175701485204,0.46957998508694004,4.439254541854522e-06,0.5302946339015032,0.6924867792557391,0.49952362115671256
2015-02-20,0,0.9106000546433037,1.4143528325676066e-05,0.08938506958878549,7.322395849592545e-07,0.9106000546433037,0.3012945427586274,0.21733807134238975
2015-02-23,2,0.20778184850411444,0.0008348052056106201,0.7913045736313186,7.87726589563862e-05,0.7913045736313186,0.5183648580687641,0.37392120505345866
2015-02-24,0,0.6973636199980756,0.00010843181611363862,0.3025223326465829,5.615539227816642e-06,0.6973636199980756,0.614117101680966,0.4429918485601165
2015-02-25,0,0.9624618387000924,6.924542270645492e-06,0.03753079999832904,4.367593079304827e-07,0.9624618387000924,0.16011163625162705,0.11549613180441996
2015-02-26,0,0.938404675788677,1.3216279750739238e-05,0.06158156441185779,5.43519714596962e-07,0.938404675788677,0.23146645581399736,0.1669677539674992
2015-02-27,0,0.7763293668327047,4.53674931109482e-05,0.22362023858590352,5.027088280853876e-06,0.7763293668327047,0.5320046152793869,0.38376021009680616
2015-03-02,2,0.09734666325655471,0.0009833851369788205,0.9016006518185913,6.929978787525904e-05,0.9016006518185913,0.3276309799036333,0.23633579497428173
2015-03-03,0,0.6057302091919724,9.702799277263873e-05,0.39416842113942874,4.341675826355716e-06,0.6057302091919724,0.6715769554038646,0.48444037156823205
2015-03-04,0,0.8984623969783021,3.313471634563319e-05,0.10150291580510783,1.552500244521081e-06,0.8984623969783021,0.3287662455981719,0.2371547160680828
2015-03-05,0,0.9602511157443757,7.3923269443168605e-06,0.039741073529564595,4.1839911531508965e-07,0.9602511157443757,0.16722137046084037,0.1206247209472553
2015-03-06,2,0.029907251379281175,0.004806891725609999,0.9651133896193944,0.0001724672757144146,0.9651133896193944,0.16638723286433246,0.12002301786030481
2015-03-09,2,0.030614470917235834,0.0022863446490759645,0.9670045823897421,9.460204394613324e-05,0.9670045823897421,0.15395504784645758,0.11105509202395372
2015-03-10,2,0.002124422775403117,0.002938863035471079,0.9947616272096551,0.00017508697947069799,0.9947616272096551,0.03694619587167399,0.02665104678188818
2015-03-11,2,0.3645871172273489,0.0002759247265326401,0.6351249854378254,1.1972608293153488e-05,0.6351249854378254,0.6585661474552628,0.47505505751552873
2015-03-12,0,0.8156825928221642,3.697020679308961e-05,0.18427799019203916,2.4467790035221655e-06,0.8156825928221642,0.478259086513582,0.34499100618661527
2015-03-13,0,0.951853664611363,1.4404161300541452e-05,0.04813104061343137,8.906139051620694e-07,0.951853664611363,0.19316252077035906,0.1393373054005042
2015-03-16,0,0.9140192358963126,1.6303639495594855e-05,0.08596313617111394,1.3242930777038168e-06,0.9140192358963126,0.2933108339268831,0.2115790427726603
2015-03-17,0,0.5142100832991383,0.00022531678250103533,0.48554555478255257,1.904513580805869e-05,0.5142100832991383,0.6949103564235072,0.501271862537288
2015-03-18,2,0.005759380556366483,0.004911083723437712,0.9871047122159365,0.002224823504259182,0.9871047122159365,0.08221047538313106,0.059302322572183694
2015-03-19,2,0.046240415361498345,0.00046673843428470836,0.9532704200637828,2.24261404343032e-05,0.9532704200637828,0.1915786410814282,0.13819477771421154
2015-03-20,2,0.4301699598345569,0.00023989655879238438,0.569573401241588,1.6742365062815094e-05,0.569573401241588,0.6856587367614942,0.49459822963399946
2015-03-23,0,0.8475540173547941,2.9377162267196956e-05,0.15241503924905228,1.5662338864205953e-06,0.8475540173547941,0.4272287662626202,0.3081804112060961
2015-03-24,0,0.9660111504816601,6.541380586597716e-06,0.033981958601424306,3.495363291221988e-07,0.9660111504816601,0.14841230724901577,0.1070568498375221
2015-03-25,0,0.7476766151474661,5.094826311351485e-05,0.2522699031074538,2.5334819665615104e-06,0.7476766151474661,0.5653893622594318,0.40784221455152797
2015-03-26,2,0.19333959321187477,0.001089986142050052,0.8055257263970992,4.4694248975892226e-05,0.8055257263970992,0.4998025101875838,0.3605313014357414
2015-03-27,2,0.0394637004838867,0.003277980373459153,0.9569985929372886,0.0002597262053655766,0.9569985929372886,0.19052078800875302,0.13743169802324273
2015-03-30,2,0.06401980276785804,0.0006255658451982728,0.9353366291394631,1.800224748060514e-05,0.9353366291394631,0.24329994831350188,0.17550381444021515
2015-03-31,2,0.4987928356702694,0.0001826540946382633,0.5010174636828139,7.046552278585282e-06,0.5010174636828139,0.6948587620150269,0.5012346450386619
2015-04-01,2,0.4724111742804685,0.00029252838238865976,0.5272630779204325,3.321941671030225e-05,0.5272630779204325,0.6944643318427248,0.5009501238118833
2015-04-02,2,0.45133036607050975,0.00022443995969813858,0.5484353595898633,9.83437992881353e-06,0.5484353595898633,0.6904949127628892,0.4980867932010389
2015-04-06,2,0.33531062906787445,0.0005488171285160141,0.6641132366923637,2.731711124585221e-05,0.6641132366923637,0.6426239352534011,0.46355518227331605
2015-04-07,0,0.8345693843649445,4.3271572872618605e-05,0.16538466679163283,2.677270550072258e-06,0.8345693843649445,0.44899876622785573,0.3238841467010952
2015-04-08,0,0.9311141922310301,1.612377772997428e-05,0.0688672926428758,2.391348364084795e-06,0.9311141922310301,0.2509251570145817,0.18100423982961075
2015-04-09,0,0.8015482385069795,7.05197758930971e-05,0.19837854797900117,2.6937381262320245e-06,0.8015482385069795,0.498912090484858,0.35988899939102525
2015-04-10,0,0.9653291357886031,8.009003479352874e-06,0.034662321860516154,5.333474015078759e-07,0.9653291357886031,0.15070271152659834,0.10870902728397172
2015-04-13,0,0.9949071927921919,3.2766023776457834e-07,0.005092464267695262,1.5279875208278657e-08,0.9949071927921919,0.03197316202954222,0.023063761150779936
2015-04-14,0,0.9951230638072834,7.01420948225063e-08,0.00487686129956341,4.751058389230658e-09,0.9951230638072834,0.030827039746595467,0.022237008683850125
2015-04-15,0,0.9879245202230087,2.3363540331530155e-07,0.0120752180288168,2.8112771180024225e-08,0.9879245202230087,0.0653377404406141,0.047131217058282125
2015-04-16,0,0.9937260734851703,1.5121844025070606e-07,0.006273764980632556,1.0315757034410727e-08,0.9937260734851703,0.038073406314961936,0.027464157240173065
2015-04-17,0,0.8999130221039395,2.204795148914168e-06,0.10008454074061031,2.3236030119357888e-07,0.8999130221039395,0.32530313531288,0.23465661005076172
2015-04-20,0,0.8658678940132958,3.283678346526487e-05,0.13409776963157904,1.4995716600328635e-06,0.8658678940132958,0.3944913235834356,0.28456533810377294
2015-04-21,0,0.9823749022107139,2.6221901386897187e-06,0.017622342103970966,1.334951765306867e-07,0.9823749022107139,0.08867404215011251,0.06396480043277313
2015-04-22,0,0.8732228044620507,1.534287372178399e-05,0.1267612104754566,6.421887708949345e-07,0.8732228044620507,0.38037624370162376,0.2743834602301522
2015-04-23,0,0.9778483428787377,3.204382700419903e-06,0.0221482226871244,2.3005143747930214e-07,0.9778483428787377,0.10633321685998795,0.07670320232283767
2015-04-24,0,0.9939527315385861,2.988483849770217e-07,0.006046953185601407,1.6427427441036085e-08,0.9939527315385861,0.03692278164646844,0.02663415698859303
2015-04-27,0,0.9966518195953867,4.562856450609114e-08,0.003348132385610764,2.390437889028048e-09,0.9966518195953867,0.02242557465259541,0.016176632670192318
2015-04-28,0,0.9918116490795496,1.2045930273867424e-07,0.008188224941335335,5.51981242619625e-09,0.9918116490795496,0.04750165550816283,0.03426520141782121
2015-04-29,0,0.919723546321883,6.362846689689641e-06,0.08026970545424575,3.853771815674335e-07,0.919723546321883,0.2795155993031453,0.20162788448287716
2015-04-30,0,0.8614184806345203,2.1185022763972715e-05,0.13855865266117418,1.6816815414224985e-06,0.8614184806345203,0.402608182188102,0.29042041393204754
2015-05-01,0,0.7290995733687076,8.572023723714029e-05,0.27081088518049473,3.821213560486566e-06,0.7290995733687076,0.5849753445024486,0.42197051427799775
2015-05-04,0,0.5721737491702703,0.0001476582145561846,0.4276724419697436,6.150645430005162e-06,0.5721737491702703,0.6840920250440906,0.4934680860213991
2015-05-05,0,0.8102894867393269,5.279001344126463e-05,0.18965540179423404,2.321452997847771e-06,0.8102894867393269,0.4863164834117922,0.3508031894603762
2015-05-06,0,0.4811134277017866,0.00039717810679101227,0.5184732528973112,1.614129411123965e-05,0.5184732528973112,0.6958640507138801,0.5019598075489106
2015-05-07,2,0.02296249364438277,0.0024780243442310175,0.9743314674800052,0.0002280145313810423,0.9743314674800052,0.12877526344524662,0.09289171698081355
2015-05-08,2,0.4247779967477054,0.0002166994936188984,0.5749975323926751,7.771366000483958e-06,0.5749975323926751,0.683807419426392,0.4932627864647676
2015-05-11,2,0.0005403818147118327,0.012144172544457581,0.9869533720459764,0.0003620735948539841,0.9869533720459764,0.07346231821020548,0.05299186108703522
2015-05-12,2,0.06115677419639434,0.00040186913365366383,0.9384118538033774,2.9502866574493952e-05,0.9384118538033774,0.23399279998513298,0.16879012607113722
2015-05-13,2,0.05811587737535488,0.0006258449927130757,0.9412378079299841,2.0469701947821453e-05,0.9412378079299841,0.22719639476155193,0.16388755601517113
2015-05-14,2,0.34442230226948156,0.00011854533049648958,0.6554508302038815,8.322196140397909e-06,0.6554508302038815,0.6451675838887169,0.46539003690928304
2015-05-15,2,0.019039429905738273,0.004009011084277972,0.9765337784301854,0.0004177805797982421,0.9765337784301854,0.12398566382579532,0.08943675117140053
2015-05-18,2,0.009963597304074789,0.002808486149294282,0.9871755590250094,5.235752162143474e-05,0.9871755590250094,0.07567852560825448,0.05459051679840859
2015-05-19,2,0.5007765966259682,0.000333450310572764,0.4988776054665894,1.234759686975237e-05,0.5007765966259682,0.6960605880196066,0.5021015792470711
2015-05-20,0,0.8676475413386803,3.1781026255068106e-05,0.13231920966149419,1.467973570480778e-06,0.8676475413386803,0.3911491599801643,0.2821544766756334
2015-05-21,2,0.3943938344594135,0.0005466067408101789,0.6049997792966594,5.9779503117012046e-05,0.6049997792966594,0.6756622827013199,0.48738731228445553
2015-05-22,0,0.877563308399489,3.4539768043597386e-05,0.12240080893484641,1.3428976211104137e-06,0.877563308399489,0.37208549451224776,0.26840294885976873
2015-05-26,2,0.015219770444271169,0.006350377172208667,0.9778837086154248,0.0005461437680952482,0.9778837086154248,0.12179814179493449,0.08785878757852139
2015-05-27,2,0.2467458522201806,0.000691123422931462,0.7525413097002226,2.1714656665197657e-05,0.7525413097002226,0.564504892688183,0.4072042046193991
2015-05-28,0,0.8508129408727126,2.3681473100648608e-05,0.14916225985622608,1.1177979606337603e-06,0.8508129408727126,0.42154152495450536,0.30407793379031806
2015-05-29,0,0.8998399199703959,1.522816402988281e-05,0.10014306037821237,1.79148736189584e-06,0.8998399199703959,0.3256050412330875,0.2348743891377109
2015-06-01,0,0.6918615487586592,0.000216835675328958,0.3079131964496086,8.419116403032853e-06,0.6918615487586592,0.6194907786396975,0.4468681371099671
2015-06-02,0,0.8329872631443006,8.293192136766394e-05,0.16692625572319011,3.549211141646547e-06,0.8329872631443006,0.45187333140241925,0.3259577071621227
2015-06-03,0,0.5701015985404386,0.0003205031618668263,0.4295655983945062,1.2299903188363919e-05,0.5701015985404386,0.6860556844479735,0.49488456686338744
2015-06-04,2,0.310431391044406,0.0004492597469031667,0.6890873957377612,3.195347092960525e-05,0.6890873957377612,0.6235411885147715,0.44978989023013555
2015-06-05,2,0.35646793628544227,0.00034703884278541186,0.6431695221208289,1.5502750943358557e-05,0.6431695221208289,0.6544977186816752,0.47212030650759634
2015-06-08,0,0.6220007338382475,4.5154798259945654e-05,0.37795028613399273,3.825229499895268e-06,0.6220007338382475,0.6635770038153502,0.47866962632618126
2015-06-09,0,0.9115591770025038,2.1175225688709776e-05,0.08841809940658979,1.5483652176481007e-06,0.9115591770025038,0.2991317603840984,0.21577795363926222
2015-06-10,0,0.880175941756365,1.8186271865440975e-05,0.11980463450124379,1.2374705256925955e-06,0.880175941756365,0.36676783612624453,0.2645670691684545
2015-06-11,2,0.17439187658321056,0.0019124099635310407,0.8235137329484596,0.00018198050479880287,0.8235137329484596,0.47801024357481764,0.34481150394975746
2015-06-12,0,0.6764842438821993,0.0001026698026660549,0.3234094467241572,3.639590977343432e-06,0.6764842438821993,0.6304660086644739,0.45478509207464735
2015-06-15,0,0.7340673585564863,5.230167372582554e-05,0.2658760778381329,4.261931654899839e-06,0.7340673585564863,0.5797212080962503,0.41818045600930953
2015-06-16,0,0.5548302490696356,6.38079150676605e-05,0.445095693042922,1.0249972374630403e-05,0.5548302490696356,0.6878705907540993,0.49619374502715036
2015-06-17,0,0.9026788383723732,1.797271298938994e-05,0.09730230150067369,8.874139638615731e-07,0.9026788383723732,0.31934044228568603,0.23035543622042373
2015-06-18,2,0.1947168743717698,0.00019044157364263826,0.8050743323452112,1.8351709376360063e-05,0.8050743323452112,0.4949856921775395,0.3570567017077636
2015-06-19,2,0.16996015522006616,0.000713765556363919,0.8292750393915754,5.1039831994519486e-05,0.8292750393915754,0.4621206340338579,0.33334957350655514
2015-06-22,2,0.006779544503354467,0.0023507525124845485,0.9907994570241826,7.024595997832169e-05,0.9907994570241826,0.057915033696701715,0.04177686595357439
2015-06-23,2,0.31842242394518183,0.0003053466726796541,0.6812634473385262,8.78204361243925e-06,0.6812634473385262,0.6284419809201043,0.4533250646799355
2015-06-24,0,0.5665492483286594,0.00014753408333330082,0.4332943473537402,8.870234267398632e-06,0.5665492483286594,0.6856935123186662,0.4946233148959375
2015-06-25,0,0.9630815526114014,5.25688960709178e-06,0.036912920476848465,2.7002214306571956e-07,0.9630815526114014,0.15807927583840142,0.11403009365969013
2015-06-26,0,0.5760688405269563,0.00018422467616558436,0.42374023971257685,6.695084301329262e-06,0.5760688405269563,0.6832201926263862,0.4928391918686449
2015-06-29,2,4.4647888309860685e-07,0.021029715706122516,0.9733249344197675,0.0056449033952269256,0.9733249344197675,0.13675923691912878,0.09865093644949297
2015-06-30,2,0.3868170191855928,0.0012212652070875654,0.6119369776565265,2.4737950793042612e-05,0.6119369776565265,0.6763927979298142,0.48791426763317686
2015-07-01,2,0.06655002819288806,0.0013100969908164993,0.9320816432252605,5.8231591034846416e-05,0.9320816432252605,0.2551589847728288,0.1840583009850113
2015-07-02,2,0.4820732687961458,0.0001568859834872133,0.5177644169431856,5.4282771813074225e-06,0.5177644169431856,0.6939999378553524,0.5006151343605829
2015-07-06,2,0.000803896109327563,0.03934147447041808,0.9554033968943455,0.004451232525908985,0.9554033968943455,0.2007055743496479,0.14477846839650407
2015-07-07,2,0.11283173142299056,0.00460830791017696,0.8825027629519933,5.719771483920069e-05,0.8825027629519933,0.3818407387262805,0.2754398700848916
2015-07-08,2,0.2268847714540893,0.0005872570824464116,0.7725062932250256,2.1678238438546425e-05,0.7725062932250256,0.5405387173577596,0.3899162634702604
2015-07-09,2,0.0023993761101677794,0.004433901868694248,0.9930158279072675,0.0001508941138705103,0.9930158279072675,0.04678676864395054,0.03374951955092335
2015-07-10,2,0.0038281600022177986,0.003002659888351983,0.9930952942258768,7.388588355341696e-05,0.9930952942258768,0.04632903908727464,0.03341933747018104
2015-07-13,2,0.38780653081815036,0.00023509532746850386,0.6119494734246651,8.900429716143973e-06,0.6119494734246651,0.6699488694355014,0.48326595579188275
2015-07-14,0,0.8794848430183975,1.8380848110701907e-05,0.12049564339447032,1.132739021439029e-06,0.8794848430183975,0.3681443088708162,0.2655599843697107
2015-07-15,0,0.9015805582735753,3.350994909367839e-05,0.09838358205488643,2.349722444725569e-06,0.9015805582735753,0.32192463022664436,0.23221953378399657
2015-07-16,0,0.9729965377212819,4.597320143784858e-06,0.02699855114237957,3.138161947392118e-07,0.9729965377212819,0.12421475526433771,0.08960200571254814
2015-07-17,0,0.9866920473840767,1.3796875035044934e-06,0.013306483950744971,8.897767481946359e-08,0.9866920473840767,0.07071647655818229,0.05101115501981512
2015-07-20,0,0.9950917710151566,2.149093772230825e-07,0.00490800315556757,1.0919898567613806e-08,0.9950917710151566,0.03099496719631743,0.022358142733321627
2015-07-21,0,0.9953384513873018,5.144782069244061e-08,0.00466149371941168,3.4454659478064904e-09,0.9953384513873018,0.029676450289038855,0.021407033831592103
2015-07-22,0,0.9822318924972048,5.480401387035355e-07,0.017767521786679112,3.76759775248407e-08,0.9822318924972048,0.08922777612486103,0.06436423506244383
2015-07-23,0,0.949980193975327,5.805368852505044e-06,0.05001357470826036,4.259475599738214e-07,0.949980193975327,0.19863736484167105,0.14328657059616529
2015-07-24,0,0.9830702654983987,2.570012404070296e-06,0.016927026888034553,1.3760116281225724e-07,0.9830702654983987,0.08586356218409581,0.06193746767802808
2015-07-27,0,0.95722128494732,2.3232725712523688e-06,0.042776202752665984,1.8902744290712777e-07,0.95722128494732,0.1767043323494351,0.12746523199206264
2015-07-28,0,0.9862905584496142,1.1761661802094613e-06,0.01370819621430742,6.916989820693971e-08,0.9862905584496142,0.07243712406980421,0.05225233983588255
2015-07-29,0,0.9911137893596641,3.3978705731190667e-07,0.00888585473978715,1.611349130015883e-08,0.9911137893596641,0.05082247094445116,0.03666066339864156
2015-07-30,0,0.975694231153161,9.203613217550876e-07,0.024304779244815753,6.924070143823889e-08,0.975694231153161,0.11436475810214965,0.0824967346832186
2015-07-31,0,0.99264670987086,5.726537287618873e-07,0.007352689641485265,2.7833926062694215e-08,0.99264670987086,0.043456381371642594,0.03134715294992415
2015-08-03,0,0.7967337913454836,4.668758396993707e-05,0.203215677444141,3.8436264053573716e-06,0.7967337913454836,0.5053806605041348,0.364555086335252
2015-08-04,0,0.9476811503147531,1.3398201694662805e-05,0.052304621805793615,8.296777585873482e-07,0.9476811503147531,0.20542136266987518,0.14818019060824109
2015-08-05,0,0.9858785450410404,1.7506660325430437e-06,0.01411962429483005,7.999809685153897e-08,0.9858785450410404,0.07419806513802396,0.053522590309091726
2015-08-06,0,0.9797032398000162,8.75781635850494e-07,0.020295816564082948,6.785426505287913e-08,0.9797032398000162,0.09920241637335667,0.07155941707302188
2015-08-07,0,0.8436452812690013,2.8922641951322326e-05,0.1563232256634562,2.570425591272274e-06,0.8436452812690013,0.43388383204909164,0.3129810264095622
2015-08-10,0,0.5283874923476676,0.0005286625143625079,0.47104902190553416,3.482323243565857e-05,0.5283874923476676,0.6960205603540593,0.5020727053897794
2015-08-11,2,0.1669563870325869,0.0018875087155630897,0.8310516216153588,0.00010448263649112527,0.8310516216153588,0.4654500585767723,0.33575124564509345
2015-08-12,0,0.6784486538044875,9.578223888875486e-05,0.3214520722302322,3.491726391452248e-06,0.6784486538044875,0.6289501043529825,0.45369159825832195
2015-08-13,0,0.9584947641053616,8.574192329322412e-06,0.04149625753837919,4.0416392997785263e-07,0.9584947641053616,0.17278510647873827,0.12463810812817361
2015-08-14,0,0.9932114570969963,5.219029401262328e-07,0.006787990331583415,3.066847995732452e-08,0.9932114570969963,0.04066325167363203,0.029332335767984385
2015-08-17,0,0.9818164144922832,5.641478940377975e-07,0.01818298048345048,4.0876372102452064e-08,0.9818164144922832,0.09089016396888608,0.06556339441174834
2015-08-18,0,0.9663026228325269,3.2498705940521788e-06,0.03369400034968054,1.2694719834419666e-07,0.9663026228325269,0.14740355225076598,0.10632918692079865
2015-08-19,0,0.9521128316771694,6.0034798363541406e-06,0.04788074940611253,4.1543688166339216e-07,0.9521128316771694,0.19231170589943938,0.13872357220300902
2015-08-20,0,0.5284401742744848,7.078985590534034e-05,0.4714782946796537,1.0741189956286216e-05,0.5284401742744848,0.6923482043075591,0.49942366046144715
2015-08-21,2,0.01084955817183613,0.001815756969262291,0.9872378803787725,9.680448012899056e-05,0.9872378803787725,0.07411417938466244,0.05346207952890378
2015-08-24,2,2.44328389108006e-06,0.010761227215770759,0.9882592490701021,0.0009770804302359376,0.9882592490701021,0.06724300748538964,0.04850557671681554
2015-08-25,2,2.927254064938678e-09,0.39841916680595496,0.5961190059817618,0.005461824285029056,0.5961190059817618,0.7034827848424815,0.5074555625215028
2015-08-26,2,8.282616012839382e-07,0.21650140713988283,0.7817203717770171,0.0017773928214987072,0.7817203717770171,0.5350535793212052,0.38595957274829623
2015-08-27,2,0.0003881846257671883,0.586008241519989,0.4101186434526101,0.0034849304016337716,0.586008241519989,0.7014888155754359,0.506017217734877
2015-08-28,2,0.33648624201700406,0.07529787286275781,0.5880634898402446,0.00015239527999347222,0.5880634898402446,0.8747975788492125,0.6310330643937154
2015-08-31,0,0.7373426626344984,0.0026397684434258236,0.26000732453843195,1.0244383643707603e-05,0.7373426626344984,0.5907020516433398,0.42610146027439133
2015-09-01,2,0.00869741163354097,0.021147881647095218,0.9698373652017561,0.000317341517607591,0.9698373652017561,0.15507711149222378,0.11186448985260806
2015-09-02,2,0.019261696561178297,0.0019868786598387627,0.9787276549846045,2.3769794378560563e-05,0.9787276549846045,0.10973500209600297,0.07915707166792174
2015-09-03,2,0.4505492152138,0.00018456042245414725,0.5492586313154237,7.593048322171188e-06,0.5492586313154237,0.6900017406297982,0.49773104470568136
2015-09-04,2,0.29824679289624395,0.0004609682966323746,0.7012625574126338,2.968139449002647e-05,0.7012625574126338,0.6135388601106555,0.4425747354371551
2015-09-08,2,0.005433247674162978,0.0009702892243567211,0.9935499757556705,4.6487345809789337e-05,0.9935499757556705,0.041960308870626975,0.03026796476091136
2015-09-09,2,0.1600778171673518,0.0004950564430701959,0.8394083234716935,1.8802917884467818e-05,0.8394083234716935,0.44419535559858786,0.32041921835399617
2015-09-10,2,0.2444964653463979,0.0003128399667896201,0.755170097990798,2.0596696014342075e-05,0.755170097990798,0.559194408341205,0.40337349990334725
2015-09-11,0,0.6926634701271974,8.244363511987604e-05,0.3072487642985901,5.321939092566907e-06,0.6926634701271974,0.6177770457569061,0.44563194014426133
2015-09-14,0,0.9702975622287362,5.646258204891652e-06,0.02969650560963638,2.8590342254316714e-07,0.9702975622287362,0.13376389740085526,0.09649025571509699
2015-09-15,2,0.05593042431903566,0.0007849777403497709,0.9432503587173922,3.423922322242779e-05,0.9432503587173922,0.22235614271948087,0.16039605220629682
2015-09-16,2,0.4065895933311749,0.00021027126540016795,0.5931912394301366,8.89597328820708e-06,0.5931912394301366,0.6775818154956547,0.4887719625060608
2015-09-17,2,0.5726588422427297,0.0002763922002714418,0.42704854200674325,1.6223550255673526e-05,0.5726588422427297,0.6850384307616264,0.494150773439078
2015-09-18,2,0.00042898017033257576,0.004627012528747032,0.9942211454008885,0.0007228619000320396,0.9942211454008885,0.03919052533985582,0.028269988278821625
2015-09-21,2,0.002220157258819009,0.0037404574572150544,0.993948522878697,9.086240526895034e-05,0.993948522878697,0.041347988371499125,0.029826268887148157
2015-09-22,2,2.1180819548604484e-05,0.0033819266189124134,0.9960747823721094,0.0005221101894296371,0.9960747823721094,0.02733220525205237,0.01971601848684762
2015-09-23,2,0.4700031595471237,0.00016836227456494944,0.5298231023340826,5.3758442287934905e-06,0.5298231023340826,0.6929380788328794,0.49984916498766035
2015-09-24,2,0.04097735219060024,0.0002566640483042862,0.9586959287125716,7.005504852386382e-05,0.9586959287125716,0.1741430720292622,0.12561767321089307
2015-09-25,2,0.3965732226832064,0.00021141369656358673,0.6032055947270974,9.768893132522451e-06,0.6032055947270974,0.6736087715379914,0.48590601709858344
2015-09-28,2,0.00011745263812651283,0.007676927188842349,0.991289886203015,0.0009157339700162462,0.991289886203015,0.05352430524096267,0.038609624869081996
2015-09-29,2,0.12793576848933252,0.00034982148227073723,0.871696941289316,1.7468739080624683e-05,0.871696941289316,0.3857359797030894,0.2782496925050465
2015-09-30,2,0.11696986997147991,0.0003222938457895899,0.8826870257804088,2.0810402321673144e-05,0.8826870257804088,0.36395982649895786,0.26254151838642703
2015-10-01,2,0.11265866442887987,0.00035316180820594244,0.886965796339245,2.237742366907879e-05,0.886965796339245,0.3554153820388238,0.2563780045615337
2015-10-02,2,0.04673108659224133,0.0006002973138824934,0.9526175688200649,5.104727381124743e-05,0.9526175688200649,0.19435273818521615,0.1401958657815012
2015-10-05,2,0.0008162271451567904,0.0013614315901213229,0.9977497887026724,7.255256204952871e-05,0.9977497887026724,0.017727617699382713,0.012787773070837427
2015-10-06,2,0.47895147912393216,0.00017186596093029396,0.5208646225391762,1.2032375961483888e-05,0.5208646225391762,0.6939509910932804,0.5005798267351285
2015-10-07,0,0.7896479813982552,4.7438273982979115e-05,0.2103023135632633,2.2667644984640388e-06,0.7896479813982552,0.5148966668532272,0.37141943391970383
2015-10-08,0,0.4696411639136101,0.0002410267918769281,0.5301076095932642,1.019970124878026e-05,0.5301076095932642,0.6935196923011773,0.5002687104208742
2015-10-09,0,0.5457677046542461,0.00018925171283623644,0.4540248339601618,1.8209672755994608e-05,0.5457677046542461,0.6908167214583162,0.4983189291055426
2015-10-13,0,0.7614753975027536,0.0001397925202812163,0.23837705542333992,7.754553625280325e-06,0.7614753975027536,0.5506412742007704,0.3972037177991157
2015-10-14,0,0.9098801897594844,2.6945870647916244e-05,0.09009114739366746,1.7169762002255775e-06,0.9098801897594844,0.30308091910659285,0.2186266694915753
2015-10-15,0,0.897152225918834,1.3411590875216303e-05,0.10283326631873031,1.0961715604206179e-06,0.897152225918834,0.3314425149770641,0.2390852363485882
2015-10-16,0,0.9558115814811557,6.592044726902171e-06,0.04418125619266846,5.702814488327231e-07,0.9558115814811557,0.1811056682023317,0.130640124696193
2015-10-19,0,0.9792872053912053,3.582962244816418e-06,0.020709019052378458,1.9259417149315526e-07,0.9792872053912053,0.10083741218288418,0.07273881724616167
2015-10-20,0,0.9663159952840068,1.8901769257156158e-06,0.03368200462545549,1.0991361218538249e-07,0.9663159952840068,0.14734554836612077,0.10628734596243367
2015-10-21,0,0.8930195820357195,1.7151103806223358e-05,0.10696190957838922,1.3572820849821221e-06,0.8930195820357195,0.34033890880839957,0.2455026279797196
2015-10-22,0,0.9558617579338162,7.094395624787574e-06,0.04413072364464501,4.240259140127689e-07,0.9558617579338162,0.1809541225416029,0.13053080760959215
2015-10-23,0,0.692430228712737,6.818287260838479e-05,0.30749685012572625,4.738288928386646e-06,0.692430228712737,0.6178414911490295,0.44567842766807364
2015-10-26,0,0.6215846781558899,0.00016379744737534725,0.3782410261549513,1.0498241783512953e-05,0.6215846781558899,0.6648360570840258,0.4795778412796479
2015-10-27,0,0.8581793863809893,2.0386945152261117e-05,0.141798811344048,1.4153298103185453e-06,0.8581793863809893,0.4084731812279935,0.2946511164468825
2015-10-28,0,0.37589487321371184,0.0010799272684978002,0.6229076527709918,0.00011754674679864333,0.6229076527709918,0.6710909220143069,0.4840897725878213
2015-10-29,2,0.005307194945872198,0.006289573349855049,0.9882195091612227,0.00018372254304998615,0.9882195091612227,0.07297496195035048,0.05264030785741572
2015-10-30,2,0.31603905276862765,0.00033656669355010933,0.6836126047554273,1.1775782394818082e-05,0.6836126047554273,0.6268886882846546,0.45220460088882924
2015-11-02,0,0.8069657700290161,3.692782920747438e-05,0.19299542623261426,1.8759091621476676e-06,0.8069657700290161,0.49096945313039275,0.354159597629592
2015-11-03,0,0.7242335221854826,0.0001273339999994903,0.2756327563631745,6.387451343463677e-06,0.7242335221854826,0.5900901793222209,0.4256600876927236
2015-11-04,0,0.9582292592866528,1.0897503419391786e-05,0.04175915448902145,6.887209063733452e-07,0.9582292592866528,0.1736404840641774,0.1252551326284739
2015-11-05,0,0.97290219612999,3.2583488724782044e-06,0.027094395060711162,1.5046042642260345e-07,0.97290219612999,0.12453901155204417,0.08983590718167372
2015-11-06,0,0.8868591632761433,1.9930403050371606e-05,0.11311989208383155,1.0142369747852856e-06,0.8868591632761433,0.3532370569443791,0.2548066751559341
2015-11-09,0,0.5653035632410662,7.837848076397084e-05,0.4346113451993539,6.7130788158982395e-06,0.5653035632410662,0.6854287967180213,0.49443236295378934
2015-11-10,0,0.9439458612919247,9.241819113289903e-06,0.05604438470705896,5.121819030639756e-07,0.9439458612919247,0.21606558079784394,0.15585837096192154
2015-11-12,0,0.7907984085391205,9.274066843030324e-05,0.2091029076857207,5.943106728522161e-06,0.7907984085391205,0.5137738672397097,0.370609505202537
2015-11-13,0,0.9081927914381397,1.81300281956327e-05,0.09178808233531865,9.961983460483216e-07,0.9081927914381397,0.3068843829703438,0.22137028871879225
2015-11-16,0,0.9689465744962684,4.1109907297295e-06,0.03104908088690873,2.336260930950333e-07,0.9689465744962684,0.13842893548482127,0.09985536936974496
2015-11-17,0,0.9909284998575209,7.771850145524439e-07,0.009070678620103334,4.433736137424354e-08,0.9909284998575209,0.05169866761456844,0.037292705694052374
2015-11-18,0,0.9816582099542461,5.966993776198015e-07,0.018341151087180155,4.225919605306189e-08,0.9816582099542461,0.0915208851853644,0.06601836359734671
2015-11-19,0,0.9951838991522403,2.1425017397058869e-07,0.004815873437214633,1.316037109582977e-08,0.9951838991522403,0.030504733403293228,0.022004513802285526
2015-11-20,0,0.9942006408892752,8.818460915433107e-08,0.005799266760196661,4.1659188728295625e-09,0.9942006408892752,0.035650384848254155,0.025716316713179657
2015-11-23,0,0.9963554158102075,4.3982133709231184e-08,0.003644537310144452,2.897514308114474e-09,0.9963554158102075,0.024101085582458485,0.017385258324926676
2015-11-24,0,0.9965069675098878,3.456852193497758e-08,0.00349299520541356,2.7161767272724366e-09,0.9965069675098878,0.023247431016272975,0.016769476720292647
2015-11-25,0,0.9966877783097794,2.7653525268368997e-08,0.0033121924159776736,1.6207178598680218e-09,0.9966877783097794,0.022220343079421494,0.016028589383766393
2015-11-27,0,0.9928505551612958,1.139854759504757e-07,0.007149325012208856,5.841019461837838e-09,0.9928505551612958,0.042448696453212864,0.030620261932625566
2015-11-30,0,0.9946023784451772,1.0398507263935817e-07,0.005397511383134329,6.186615818318775e-09,0.9946023784451772,0.03356963527081292,0.02421537316482652
2015-12-01,0,0.6351873944247086,3.9040416129508495e-05,0.36476799895352596,5.566205635761739e-06,0.6351873944247086,0.6566002935073748,0.4736369936446638
2015-12-02,0,0.8646339095386576,7.330191683983412e-05,0.13528807887969876,4.709664803856658e-06,0.8646339095386576,0.39713923734855716,0.2864754041325942
2015-12-03,2,1.9664245373594904e-06,0.30526463656343256,0.679323862300427,0.015409534711602996,0.679323862300427,0.6892115487701814,0.4971610417670714
2015-12-04,2,0.0011111812733567625,0.12791987710404387,0.8699352469618404,0.0010336946607588599,0.8699352469618404,0.3989267978717732,0.28776485648366057
2015-12-07,2,0.028268317489090894,0.08347859301580093,0.8878677565630935,0.000385332932014707,0.8878677565630935,0.41672189261663745,0.300601303953943
2015-12-08,2,0.4254186943319702,0.003387969781314634,0.5711835073788528,9.828507862281014e-06,0.5711835073788528,0.7028682646122529,0.5070122798771645
2015-12-09,0,0.8016867296982357,9.840665770806446e-05,0.19821239706101593,2.466583040250337e-06,0.8016867296982357,0.4989326436427269,0.35990382536049126
2015-12-10,0,0.972038688986459,6.633281922666588e-06,0.027954278497857307,3.9923376116472027e-07,0.972038688986459,0.1276492978959372,0.0920795045237133
2015-12-11,2,0.0017449172066112844,0.0007567504573032463,0.9973310232465836,0.00016730908950190795,0.9973310232465836,0.020640699087544703,0.014889117107041048
2015-12-14,2,0.053436462651869784,0.0009406168018786272,0.9455647106241442,5.820992210748331e-05,0.9455647106241442,0.21657821136750935,0.15622815575225374
2015-12-15,2,0.22787174981665662,0.00021959127694313064,0.7718977405056933,1.0918400706883149e-05,0.7718977405056933,0.5388373254989628,0.3886889686716129
2015-12-16,2,0.10017635240916507,0.0003457226714212366,0.8994532325094031,2.46924100104959e-05,0.8994532325094031,0.3288188538099191,0.23719266487118165
2015-12-17,2,0.01461536779104062,0.0005143270044901937,0.9848274572134729,4.284799099631623e-05,0.9848274572134729,0.08114252340807596,0.05853195806302391
2015-12-18,2,0.14513854147288008,0.00013774540133602238,0.8547119340772912,1.1779048492799306e-05,0.8547119340772912,0.4156671935978217,0.29984049943190505
2015-12-21,2,0.5947288615911223,6.995251069518794e-05,0.40519738824788043,3.797650302141355e-06,0.5947288615911223,0.6758149435201231,0.4874974337875682
2015-12-22,0,0.8782032571413013,2.6643949715738095e-05,0.121768735466833,1.363442149927062e-06,0.8782032571413013,0.37075774656558724,0.2674451811706699
2015-12-23,0,0.8863779006143342,3.8262183103147276e-05,0.113581555808745,2.2813938176889823e-06,0.8863779006143342,0.354393000316992,0.2556405120415426
2015-12-24,0,0.9852760015547243,1.913731230451783e-06,0.014721960723819715,1.2399022556425765e-07,0.9852760015547243,0.0767455728450096,0.05536022867683903
2015-12-28,0,0.9940463712122591,2.8900732835934617e-07,0.005953323748814457,1.603159804332997e-08,0.9940463712122591,0.03644418351453744,0.026288921412835238
2015-12-29,2,0.1995232108758543,0.00020143888028528604,0.8002681866882465,7.1635556138176e-06,0.8002681866882465,0.5017020067989032,0.36190149860640936
2015-12-30,0,0.7029315395781189,0.00010817592128452572,0.2969557617038974,4.522796699114568e-06,0.7029315395781189,0.6093792941610224,0.43957424285326197
2015-12-31,0,0.9481926470720177,6.471031536315471e-06,0.051800386735882505,4.951605636342049e-07,0.9481926470720177,0.20387373500549577,0.1470638132299697
2016-01-04,0,0.9660986263229493,4.0024361361150955e-06,0.03389714856802854,2.2267288608525917e-07,0.9660986263229493,0.14809560749564402,0.10682839925570202
2016-01-05,0,0.9849916274718874,1.4150140116467165e-06,0.015006892529184803,6.498491628667403e-08,0.9849916274718874,0.07793294121800308,0.05621673390855207
2016-01-06,0,0.7998660460835622,6.613727900855822e-05,0.20006363187775159,4.1847596776361e-06,0.7998660460835622,0.5012335596542734,0.36156358542017136
2016-01-07,0,0.6638913232601776,8.865370150274181e-05,0.33601389582504415,6.127213275537043e-06,0.6638913232601776,0.6393127599896404,0.4611666742070452
2016-01-08,0,0.8884954624305808,1.9045713526927614e-05,0.11148444139817701,1.050457715327533e-06,0.8884954624305808,0.3498468924127381,0.252361188377136
2016-01-11,0,0.9694184911803355,1.3474660721398915e-05,0.03056712162976232,9.125291807343423e-07,0.9694184911803355,0.13688579143208743,0.09874222623361675
2016-01-12,2,0.10027264643006789,0.0007745918806138809,0.8988533078476968,9.945384162155753e-05,0.8988533078476968,0.33292797751576697,0.24015677106759467
2016-01-13,2,0.044640083248024806,0.0003691824511834575,0.9549659596214077,2.4774679384074535e-05,0.9549659596214077,0.1859767992156376,0.1341539029744014
2016-01-14,2,0.014696730969303688,0.0005758451769415907,0.9846803333689035,4.7090484851306895e-05,0.9846803333689035,0.08198863395768587,0.05914229781000693
2016-01-15,2,1.6267470201799827e-05,0.013635966643614177,0.9850887286032352,0.0012590372829489702,0.9850887286032352,0.08195309965209274,0.05911666522677662
2016-01-19,2,0.4601348606665487,0.00044902662982281683,0.5394094047106339,6.707992994628953e-06,0.5394094047106339,0.6936811534250032,0.5003851800021942
2016-01-20,2,0.004468317843989372,0.002783010570667512,0.9925234824045295,0.00022518918081358607,0.9925234824045295,0.04989253824387422,0.03598985875090015
2016-01-21,2,0.20968506781658156,0.0004397333723256003,0.7898611906359109,1.4008175182081378e-05,0.7898611906359109,0.5174413481873522,0.37325503349039624
2016-01-22,2,0.04710116746690936,0.003324742115227816,0.9493514436478164,0.00022264677004635224,0.9493514436478164,0.21410394135041594,0.15444334721051328
2016-01-25,2,0.2352692593738019,0.0007076861034665678,0.7640048473540361,1.8207168695262688e-05,0.7640048473540361,0.5514280298062445,0.39777124200432024
2016-01-26,2,0.43586896075346987,0.0002966460703903303,0.5638114800360984,2.2913140041368437e-05,0.5638114800360984,0.6876898748566067,0.4960633860625892
2016-01-27,2,0.16021764674795744,0.0003663628795471649,0.8393938805183873,2.210985410808501e-05,0.8393938805183873,0.4434867895734988,0.319908096008727
2016-01-28,2,0.6506456425464184,6.939300106602848e-05,0.34928135305368924,3.611398826354847e-06,0.6506456425464184,0.6477520091046624,0.4672543056305795
2016-01-29,2,0.21529307786057303,0.000751974673707975,0.7838654251858798,8.952227983911508e-05,0.7838654251858798,0.5277659568127849,0.38070266432191185
2016-02-01,2,0.777603383287096,9.321760771472408e-05,0.22229816276919975,5.236335989553342e-06,0.777603383287096,0.5308037992446837,0.382894004427663
2016-02-02,2,0.004282640060626269,0.004230187383851889,0.9911124472720998,0.0003747252834219921,0.9911124472720998,0.05827842597116058,0.04203899806970397
2016-02-03,2,0.13693226094454614,0.001135371898881586,0.8618883670272913,4.4000129280893044e-05,0.8618883670272913,0.4085003175512286,0.2946706911663622
2016-02-04,0,0.8084485161366647,4.001787823659221e-05,0.191509741356758,1.7246283407002043e-06,0.8084485161366647,0.4888656973624024,0.35264205862273135
2016-02-05,0,0.7082023330656102,9.449004374314218e-05,0.29169656819386575,6.608696780985445e-06,0.7082023330656102,0.6046844688773725,0.436187642275981
2016-02-08,2,5.55701645380817e-06,0.043787441577278055,0.9451296156942784,0.011077385711989726,0.9451296156942784,0.24026872625587553,0.17331724992502975
2016-02-09,2,0.07302188018897739,0.014289669298243227,0.9123334592794221,0.00035499123335719265,0.9123334592794221,0.33832979959581644,0.2440533620309206
2016-02-10,0,0.7306906560435121,0.00021460929403316746,0.2690918003012396,2.93436121532248e-06,0.7306906560435121,0.5843528681203376,0.42152149248322673
2016-02-11,2,0.472922211503019,0.00014328693060158143,0.526922817878064,1.1683688315418187e-05,0.526922817878064,0.6931366326734881,0.4999923913082582
2016-02-12,2,0.013846002531128531,0.007168801119435568,0.9785498855505842,0.00043531079885167676,0.9785498855505842,0.11924467495405408,0.0860168506043151
2016-02-16,2,0.035436702201348126,0.0009173618323702557,0.9636065818368308,3.935412945071075e-05,0.9636065818368308,0.16089703730848814,0.11606267890934119
2016-02-17,2,0.007154839462287858,0.0018791738282740837,0.9908700104557977,9.597625364039514e-05,0.9908700104557977,0.05711619478629162,0.04120062548631549
2016-02-18,2,0.08856095907566447,0.0007902312810118987,0.9106099330034906,3.887663983315589e-05,0.9106099330034906,0.305987116083792,0.22072304747500113
2016-02-19,0,0.7231991863309765,7.159641711244205e-05,0.2767259582138047,3.2590381064034515e-06,0.7231991863309765,0.5906095865517994,0.426034760809881
2016-02-22,0,0.9042456206402376,3.076310148961334e-05,0.09572200717772539,1.60908054727686e-06,0.9042456206402376,0.3159504546101745,0.22791007701635616
2016-02-23,0,0.952675197520105,1.4475145269744697e-05,0.04730970918648928,6.18148135847714e-07,0.952675197520105,0.1907008263842103,0.1375615682589637
2016-02-24,0,0.9879645091904964,9.613393247367257e-07,0.012034446538320904,8.293185808508861e-08,0.9879645091904964,0.06516948293121301,0.04700984492107948
2016-02-25,0,0.9899532545598101,4.386973176450919e-07,0.010046277713332396,2.9029539870590367e-08,0.9899532545598101,0.05622146709629797,0.04055521588566555
2016-02-26,0,0.7364022653453707,2.4908834792298028e-05,0.263571618193712,1.2076261250393357e-06,0.7364022653453707,0.577058287052718,0.4162595645174181
2016-02-29,0,0.913824849899843,1.675670238630693e-05,0.08615725184979263,1.141547977988528e-06,0.913824849899843,0.293771948182071,0.21191166639728168
2016-03-01,2,0.021782451219034698,0.0010629093920175375,0.9770956792767675,5.8960112180044914e-05,0.9770956792767675,0.11384548329276623,0.08212215708704058
2016-03-02,0,0.6792171825321701,6.546610560385436e-05,0.32071437505770206,2.9763045240714537e-06,0.6792171825321701,0.6281173045095018,0.4530908601562006
2016-03-03,0,0.9737391030991256,4.141316974079077e-06,0.026256509274264844,2.4630963551496807e-07,0.9737391030991256,0.12153762654786987,0.08767086555101335
2016-03-04,0,0.7448084674374861,8.695611657036057e-05,0.2550994931286262,5.083317317261922e-06,0.7448084674374861,0.5688084148970911,0.4103085396939727
2016-03-07,0,0.7311602171739261,0.00015169833102299872,0.26867452068305697,1.3563811993935825e-05,0.7311602171739261,0.5835355621045931,0.4209319308153251
2016-03-08,2,0.26908086613901655,0.0006412920777347203,0.7302380016325469,3.984015070186967e-05,0.7302380016325469,0.5879282181852988,0.4241005623873076
2016-03-09,0,0.5705571748266289,0.00020548268493983239,0.42922934136072877,8.001127702371542e-06,0.5705571748266289,0.6850286990569002,0.49414375349800405
2016-03-10,0,0.6479518652357078,0.00011933068713701092,0.35192316178601507,5.6422911401306445e-06,0.6479518652357078,0.6498459596011356,0.468764771629144
2016-03-11,2,0.013555140277060635,0.0010515384148132585,0.9853494056261582,4.39156819678988e-05,0.9853494056261582,0.08049480403088173,0.05806472729634101
2016-03-14,2,0.003934414546648079,0.0010193980909066222,0.9949959990369286,5.018832551672278e-05,0.9949959990369286,0.034299239269477935,0.024741671200169905
2016-03-15,2,0.060727511428096494,0.00035437271525728996,0.9388991303936719,1.8985462974403595e-05,0.9388991303936719,0.23233646985325004,0.167595336437466
2016-03-16,2,0.0032234312432389456,0.002962371203814426,0.9934346301348819,0.0003795674180648237,0.9934346301348819,0.0452734754807574,0.03265790927994839
2016-03-17,2,0.03954257592692041,0.0007560489888670132,0.9596391506387757,6.222444543692711e-05,0.9596391506387757,0.1733092647732162,0.12501620841421568
2016-03-18,2,0.5594742535286176,0.0001326547779661399,0.440387067121526,6.024571890253171e-06,0.5594742535286176,0.6873377229929768,0.49580936218893984
2016-03-21,2,0.4139532845408932,0.0003614507497750137,0.5856721693209426,1.3095388389171231e-05,0.5856721693209426,0.6814512896942542,0.49156319812464444
2016-03-22,0,0.7866915122641959,6.605389326225408e-05,0.21323829296371777,4.1408788240748666e-06,0.7866915122641959,0.5189561332519783,0.3743477199407706
2016-03-23,2,0.4320057602605601,0.0008046316297723497,0.5671320454873674,5.7562622300203056e-05,0.5671320454873674,0.6905409447722991,0.49811999827688774
2016-03-24,0,0.9138877878445767,1.8464012892053857e-05,0.0860928913867244,8.56755806724087e-07,0.9138877878445767,0.2936345636865753,0.21181256443210836
2016-03-28,0,0.9908939172335082,9.962295811443888e-07,0.009105028998252926,5.753865777488368e-08,0.9908939172335082,0.05186310154018786,0.0374113196985749
2016-03-29,0,0.6850446043746115,3.3025609072695765e-05,0.3149174693829331,4.900633382758434e-06,0.6850446043746115,0.6234031266440695,0.4496902996420368
2016-03-30,2,0.3379389722026667,0.0005360450752093603,0.6615029800027621,2.2002719361926964e-05,0.6615029800027621,0.6442596877659976,0.4647351282923384
2016-03-31,0,0.8965620435666187,2.2281650315963713e-05,0.10341461147503848,1.0633080269357755e-06,0.8965620435666187,0.3327956070410686,0.24006128595389092
2016-04-01,0,0.986504802584245,2.1814675145007077e-06,0.013492870063497942,1.458847425754101e-07,0.986504802584245,0.07152927638823016,0.051597466161837836
2016-04-04,0,0.9926014050043779,4.2550581568908684e-07,0.007398149552889338,1.9936917124300006e-08,0.9926014050043779,0.04367696177794172,0.03150626807906666
2016-04-05,0,0.7634680615927316,2.370273652534022e-05,0.23650598859049926,2.247080243903984e-06,0.7634680615927316,0.5473194797681603,0.39480754962172615
2016-04-06,0,0.9255687982641418,2.0264268958036843e-05,0.07440992513815298,1.0123287469655804e-06,0.9255687982641418,0.2651520928259564,0.1912668047006687
2016-04-07,0,0.8344090179564119,4.4481145338340866e-05,0.16554321554930357,3.2853489463549936e-06,0.8344090179564119,0.4492748545713386,0.32408330234309024
2016-04-08,0,0.9274132509752122,4.2175936145382244e-05,0.07254168542883314,2.88765980944197e-06,0.9274132509752122,0.26066779293198816,0.18803206609122525
2016-04-11,0,0.9749438190215914,3.6294644624155592e-06,0.02505233445124149,2.1706270449731247e-07,0.9749438190215914,0.11715106703540487,0.08450663172341456
2016-04-12,0,0.9377925634917202,1.723430316563593e-05,0.062189063470448176,1.138734665883778e-06,0.9377925634917202,0.23317061444931417,0.16819704457352902
2016-04-13,0,0.9859759620791512,1.906650803933373e-06,0.01402201188184444,1.193882005159427e-07,0.9859759620791512,0.07378595640033138,0.05322531669300368
2016-04-14,0,0.9883267699071315,5.252235785966951e-07,0.011672679873476265,2.4995813674648098e-08,0.9883267699071315,0.06356217430703089,0.045850416830436676
2016-04-15,0,0.9924519910496713,2.4896799836704074e-07,0.007547744709749027,1.5272581332356527e-08,0.9924519910496713,0.044405614834696246,0.03203188015482083
2016-04-18,0,0.9919942331040604,1.5043983736172455e-07,0.008005607985420507,8.470681755124863e-09,0.9919942331040604,0.04662413274981222,0.0336322025519514
2016-04-19,0,0.9861132545778164,6.957375895955284e-07,0.013886004596988334,4.508760570535546e-08,0.9861132545778164,0.07318919151785853,0.052794841824743546
2016-04-20,0,0.755951914068045,6.319075799287162e-05,0.24398155472233093,3.3404516312363057e-06,0.755951914068045,0.5563271464482619,0.40130520764640776
2016-04-21,2,0.2505467079819899,0.00042393192685510526,0.7490116904251912,1.7669665963765687e-05,0.7490116904251912,0.5667346764125809,0.4088126535801209
2016-04-22,0,0.4832709429494591,9.152849409016607e-05,0.5166323694922531,5.159064197650106e-06,0.5166323694922531,0.6935341162474069,0.5002791150987219
2016-04-25,0,0.858338353284492,1.9983574041900553e-05,0.14164050505856102,1.1580829049516297e-06,0.858338353284492,0.4081803136318797,0.2944398571326073
2016-04-26,0,0.9659391967023114,4.463877877128092e-06,0.03405599564570831,3.4377410302562965e-07,0.9659391967023114,0.1486348662553013,0.10721739222485877
2016-04-27,0,0.9914231719489676,7.933529445682984e-07,0.008575974576670909,6.012141676639127e-08,0.9914231719489676,0.04936335284990403,0.03560813217910431
2016-04-28,0,0.9540051872646851,2.1648499358513507e-06,0.04599252607926116,1.2180611791678413e-07,0.9540051872646851,0.1865743251784228,0.13458492684605772
2016-04-29,0,0.9899281284396012,7.53305570015597e-07,0.010071066261066974,5.1993761843363795e-08,0.9899281284396012,0.05634012776152331,0.04064081146230015
2016-05-02,0,0.9736137524429128,1.249621185901816e-06,0.026384922828689265,7.510721212463207e-08,0.9736137524429128,0.12196145144280168,0.08797659058807505
2016-05-03,0,0.8428572605145797,3.772643503967816e-05,0.15710219103965317,2.822010727541348e-06,0.8428572605145797,0.435287183704104,0.31399333064621704
2016-05-04,0,0.9666470032213836,4.624642068452775e-06,0.03334806830980895,3.038267389418804e-07,0.9666470032213836,0.14626049005196348,0.10550464183797864
2016-05-05,0,0.9898744573112583,8.668848896197285e-07,0.010124623488392097,5.231545988018327e-08,0.9898744573112583,0.05658730028773361,0.040819108751203946
2016-05-06,0,0.9865110363119216,5.737730820714245e-07,0.013488352155777265,3.775921897130616e-08,0.9865110363119216,0.07148635046874507,0.051566501656254475
2016-05-09,0,0.9939179114139308,4.342389732573425e-07,0.006081625661481733,2.868561441799761e-08,0.9939179114139308,0.03710180772123059,0.02676329700371761
2016-05-10,0,0.9828410455868629,6.612328805785138e-07,0.017158225197197362,6.798305901660186e-08,0.9828410455868629,0.08677436986080922,0.06259447653722709
2016-05-11,0,0.9671018036666053,3.267997153557048e-06,0.032894477547771306,4.50788469925839e-07,0.9671018036666053,0.1447154480675027,0.10439012963350523
2016-05-12,0,0.9811072931778213,1.5545806320097463e-06,0.018891074271899195,7.796964755452004e-08,0.9811072931778213,0.09371508802926046,0.06760114637814336
2016-05-13,0,0.977461855672963,1.6966082179801817e-06,0.02253633146490392,1.1625391513315454e-07,0.977461855672963,0.10777851819145229,0.07774576685458458
2016-05-16,0,0.9812016576834904,1.511045460500972e-06,0.018796751533087092,7.973796207114999e-08,0.9812016576834904,0.09334172038368266,0.06733181855279162
2016-05-17,0,0.9911729928647798,3.560396252572671e-07,0.008826627400013524,2.3695581388467198e-08,0.9911729928647798,0.05054342781444798,0.0364593763287167
2016-05-18,0,0.9344346657332664,1.04636216913673e-05,0.0655543789256696,4.917193725800241e-07,0.9344346657332664,0.24212198982047883,0.17465409700208645
2016-05-19,2,0.08049583866524647,0.00015372235548918102,0.9193107111366817,3.972784258263696e-05,0.9193107111366817,0.28190822859209513,0.20335380168780398
2016-05-20,0,0.7478147298421363,4.059102751725208e-05,0.25214251294753226,2.166182814150108e-06,0.7478147298421363,0.5651457586137991,0.4076664916657796
2016-05-23,0,0.9806577642386253,2.5939081032050236e-06,0.019339512450192803,1.2940307868292587e-07,0.9806577642386253,0.09549544997066921,0.06888540605007229
2016-05-24,0,0.9882607440856723,5.436889256241645e-07,0.01173867930707525,3.291832680460243e-08,0.9882607440856723,0.06385534557253318,0.046061895195872324
2016-05-25,0,0.9860989417162357,6.397026972831405e-07,0.013900387487223023,3.109384408067143e-08,0.9860989417162357,0.07324946168441744,0.05283831755994759
2016-05-26,0,0.9851629428870531,6.13095139654663e-07,0.014836400659577496,4.335822979295781e-08,0.9851629428870531,0.07720715590299763,0.055693190471197876
2016-05-27,0,0.9962313534361869,1.2407787611261042e-07,0.003768515767069022,6.718867989402499e-09,0.9962313534361869,0.024796001403813085,0.017886534129578458
2016-05-31,0,0.9917101037244489,1.1513045901683331e-07,0.008289774485667792,6.659424426421959e-09,0.9917101037244489,0.04798807628660919,0.03461607984024617
2016-06-01,0,0.9941548896302493,1.5799227924953078e-07,0.0058449419865010364,1.0390970431673481e-08,0.9941548896302493,0.03588639527054061,0.025886562246095045
2016-06-02,0,0.9932507893730479,1.5118884416702657e-07,0.006749048583412293,1.085469582508947e-08,0.9932507893730479,0.04046308892518106,0.029187948865703927
2016-06-03,0,0.9885663480536468,3.960626887074842e-07,0.011433226767633297,2.9116031103924776e-08,0.9885663480536468,0.062494985112546676,0.045080602551150345
2016-06-06,0,0.9828344182822184,8.958461323771096e-07,0.017164641955095823,4.3916553260506315e-08,0.9828344182822184,0.08680323869400139,0.06261530099846839
2016-06-07,0,0.9963563799178806,1.3977148974477067e-07,0.0036434725778236856,7.73280599769688e-09,0.9963563799178806,0.024096760087228337,0.017382138139667713
2016-06-08,0,0.9958547968891618,6.402890836095866e-08,0.004145134198270977,4.883658664533454e-09,0.9958547968891618,0.026877214455769828,0.019387812004124146
2016-06-09,0,0.9901192939280462,1.6673661025765136e-07,0.009880527473761768,1.1861581866245616e-08,0.9901192939280462,0.05545481555733168,0.040002193698987276
2016-06-10,0,0.9865373669754574,6.176782943581414e-07,0.013461979189813967,3.6156434429994816e-08,0.9865373669754574,0.07137372369081703,0.051485258609260426
2016-06-13,0,0.990153933257981,3.6883524806891993e-07,0.009845669964479102,2.794229186369864e-08,0.990153933257981,0.055297502635356925,0.03988871641278691
2016-06-14,0,0.9643575287174292,1.3812967433627575e-06,0.035640968917267334,1.210685599900564e-07,0.9643575287174292,0.15385639859317174,0.11098393162970228
2016-06-15,0,0.9919455654525614,6.792581438063671e-07,0.008053724492668729,3.07966259653949e-08,0.9919455654525614,0.04686409392713011,0.0338052979522126
2016-06-16,0,0.971262359195725,2.1081920626618294e-06,0.028735341853268592,1.907589436372927e-07,0.971262359195725,0.13035096571624386,0.09402834590695615
2016-06-17,0,0.9629207217827324,7.2731310483908285e-06,0.03707154087819639,4.642080227751715e-07,0.9629207217827324,0.15862323559523853,0.11442247768150617
2016-06-20,0,0.735846241179007,6.353737323791795e-05,0.2640873117687624,2.9096789926434103e-06,0.735846241179007,0.5779860250602189,0.416928786028751
2016-06-21,0,0.9654418264574883,6.162771561446939e-06,0.034551740180033465,2.705909168818531e-07,0.9654418264574883,0.15030894670922965,0.10842498600932454
2016-06-22,0,0.9902226182825806,8.164528359170429e-07,0.009776528948223779,3.631635978626293e-08,0.9902226182825806,0.05498502889697405,0.039663314256400406
2016-06-23,0,0.4949258982811597,0.00011828118013569377,0.5049506976036199,5.122935084707463e-06,0.5049506976036199,0.6942667421560207,0.5008075929813138
2016-06-24,2,3.88286099606508e-08,0.062399484630926705,0.9289531800761174,0.008647296464345965,0.9289531800761174,0.2826492666968895,0.20388834768725228
2016-06-27,1,6.942988916765617e-11,0.8965860422309696,0.07764026151960622,0.025773696179994265,0.8965860422309696,0.390585576842411,0.28174793737665077
2016-06-28,1,0.051671110055783516,0.5292699306232324,0.41781802210897656,0.0012409372120075696,0.5292699306232324,0.8627835122336359,0.6223667472301144
2016-06-29,2,0.049899239061495695,0.13467629874609105,0.8151234087423685,0.00030105345004468367,0.8151234087423685,0.5886604710076755,0.4246287711450674
2016-06-30,2,0.014156605530434617,0.027869261153975276,0.9579089948930186,6.513842257158785e-05,0.9579089948930186,0.2018715370454497,0.14561953269605146
2016-07-01,2,0.0986165929446958,0.0034797414473170226,0.8978625450414589,4.1120566528279786e-05,0.8978625450414589,0.34529445351657306,0.24907729786741234
2016-07-05,2,0.0013244485313477618,0.021171514253959495,0.9762982733749451,0.001205763839747554,0.9762982733749451,0.12191717976342004,0.08794465532192719
2016-07-06,2,0.3548210677461561,0.0008478404630936504,0.644322434883578,8.656907172035616e-06,0.644322434883578,0.6569582172681103,0.4738951810619785
2016-07-07,0,0.7696470593500809,0.00018208173711302755,0.23016034037575256,1.0518537053617167e-05,0.7696470593500809,0.541300690349499,0.3904659107984973
2016-07-08,0,0.8398775718503751,8.081780391416328e-05,0.16003637042940339,5.239916307247341e-06,0.8398775718503751,0.4406265147789415,0.31784484387788325
2016-07-11,0,0.5142688054699696,0.0001238627216678359,0.48559889167330195,8.44013506069652e-06,0.5142688054699696,0.693989589337905,0.5006076694831819
2016-07-12,2,0.07119463627515274,0.001038543436328867,0.9277148776486579,5.194263986043547e-05,0.9277148776486579,0.26537466283076844,0.1914273550217652
2016-07-13,2,0.38636492124479926,0.0003704140036138631,0.6132450255020568,1.963924952997069e-05,0.6132450255020568,0.670433163212511,0.48361529990709534
2016-07-14,2,0.16386098358650394,0.0007009342544638117,0.8354151019686131,2.298019041907374e-05,0.8354151019686131,0.45194761978927167,0.3260112949057765
2016-07-15,2,0.5738250930424794,0.0001530958929173665,0.42601647085606315,5.340208540197488e-06,0.5738250930424794,0.6836399066418147,0.49314195153297
2016-07-18,0,0.9173084296288919,1.2431972401400173e-05,0.0826784803929811,6.580057256420173e-07,0.9173084296288919,0.2854246491154705,0.20589036291318089
2016-07-19,0,0.9834664664161803,2.4787203976958154e-06,0.016530906826573932,1.48036848148384e-07,0.9834664664161803,0.08424885179763572,0.06077270034451914
2016-07-20,0,0.9949247598832615,2.014841255311143e-07,0.005075029238485933,9.39412709608258e-09,0.9949247598832615,0.03187914543580066,0.02299594251400382
2016-07-21,0,0.9940962874149822,9.202160695916256e-08,0.005903616293191384,4.270219362547394e-09,0.9940962874149822,0.03618630603077884,0.026102902129347513
2016-07-22,0,0.9946508795708577,1.0989193683953794e-07,0.005349003560903969,6.976301370622128e-09,0.9946508795708577,0.03331648866510943,0.024032766488493368
2016-07-25,0,0.9964708269232609,5.2199755594213004e-08,0.003529118154305244,2.7226783637484935e-09,0.9964708269232609,0.023451764279246265,0.01691687201288276
2016-07-26,0,0.9815606965550292,1.6582140104525915e-07,0.018439122861941354,1.4761628281723233e-08,0.9815606965550292,0.09190369200486301,0.06629450034740127
2016-07-27,0,0.9819445196182253,1.5836542105741142e-06,0.018053793140519015,1.0358704517979989e-07,0.9819445196182253,0.0903894447470134,0.06520220184261159
2016-07-28,0,0.9941749455625819,2.4536184807277697e-07,0.005824796328896244,1.2746673934312957e-08,0.9941749455625819,0.035784276002954654,0.02581289876563231
2016-07-29,0,0.9916023105272309,1.606924916038717e-07,0.008397514250860392,1.4529417104975268e-08,0.9916023105272309,0.04850370850911315,0.03498802986541068
2016-08-01,0,0.962275156411326,1.757802259101846e-06,0.03772292333322483,1.6245319008986552e-07,0.962275156411326,0.1606663769259149,0.1158962926143072
2016-08-02,0,0.9879169643618193,1.3954252258604694e-06,0.01208157593562976,6.427732504059938e-08,0.9879169643618193,0.0653827469269675,0.04716368237561706
2016-08-03,0,0.9943490829413902,1.5981082160519386e-07,0.0056507458731385905,1.1374649542930237e-08,0.9943490829413902,0.034885707741257516,0.02516471877810697
2016-08-04,0,0.996319262858102,6.742103286231446e-08,0.0036806654143336907,4.306531536883189e-09,0.996319262858102,0.024304035703516108,0.0175316558915255
2016-08-05,0,0.9618781080239854,7.586922087521224e-07,0.03812109627713965,3.700666626641828e-08,0.9618781080239854,0.1619383062157181,0.11681379565368745
2016-08-08,0,0.9934183472186351,4.7439051617236995e-07,0.006581150297895165,2.8092953684097783e-08,0.9934183472186351,0.03962805170325331,0.028585596836187496
2016-08-09,0,0.9879116437263064,4.093588369311214e-07,0.01208792011577872,2.679907801028399e-08,0.9879116437263064,0.06539628375939419,0.047173447136122724
2016-08-10,0,0.9932838224491933,2.735512368210261e-07,0.006715887248669072,1.6750900637617167e-08,0.9932838224491933,0.04029946697893589,0.029069920580489673
2016-08-11,0,0.9780699814281164,1.1088475735800649e-06,0.021928854199140313,5.552516947660864e-08,0.9780699814281164,0.10547108046382474,0.0760813023711804
2016-08-12,0,0.9905585197213634,6.581771422760636e-07,0.009440775880157978,4.622133637287517e-08,0.9905585197213634,0.05342658483532155,0.03853913449677595
2016-08-15,0,0.9815349441074203,9.794854390716312e-07,0.018464029081540156,4.7325600554690664e-08,0.9815349441074203,0.09201499488129637,0.06637478840133482
2016-08-16,0,0.9884928910064854,6.66323366140219e-07,0.011506403231801467,3.9438346932851814e-08,0.9884928910064854,0.06282517810280278,0.04531878644593973
2016-08-17,0,0.9932867277994548,1.5450445709562548e-07,0.006713105818894999,1.1877193093082105e-08,0.9932867277994548,0.040283651862423546,0.029058512385407954
2016-08-18,0,0.9964463442707674,6.09039168223866e-08,0.003553590741293487,4.0840222940758665e-09,0.9964463442707674,0.023589954117724198,0.01701655491021944
2016-08-19,0,0.9955829344116583,4.751604040048698e-08,0.0044170159030043465,2.169296790982892e-09,0.9955829344116583,0.028358485798115996,0.020456323414031023
2016-08-22,0,0.969694551752218,7.843162484310086e-07,0.03030460412425352,5.980728019114702e-08,0.969694551752218,0.1358122523013636,0.09796783144356899
2016-08-23,0,0.9958634766299291,2.21972572393198e-07,0.004136289498384969,1.189911357362149e-08,0.9958634766299291,0.02683134942345946,0.019354727376791954
2016-08-24,0,0.9934907798164258,1.1151862897703082e-07,0.006509103637859827,5.027085373293519e-09,0.9934907798164258,0.03926030111035578,0.028320320857858874
2016-08-25,0,0.9958437901085377,6.580982631840384e-08,0.0041561407087777604,3.3728583077804167e-09,0.9958437901085377,0.026937534111041855,0.019431323437888687
2016-08-26,0,0.9856030419419453,2.3175965814201276e-07,0.014396710710665863,1.558773061666802e-08,0.9856030419419453,0.07534957227352038,0.05435322712605619
2016-08-29,0,0.8280902221094368,2.928318495273645e-05,0.17187767599769194,2.818707918419086e-06,0.8280902221094368,0.45921879053862324,0.3312563358965497
2016-08-30,0,0.9784364922994422,4.002359033079152e-06,0.021559329589881687,1.7575164309918004e-07,0.9784364922994422,0.10410380038088728,0.07509501827360032
2016-08-31,0,0.9862691841869596,1.3878320634412824e-06,0.01372935014858423,7.783239274144963e-08,0.9862691841869596,0.07253057202397359,0.052319748285913244
2016-09-01,0,0.9913985605500838,3.635532853372815e-07,0.00860105505175049,2.0844880368890883e-08,0.9913985605500838,0.04947560289608685,0.03568910347158807
2016-09-02,0,0.9839251857633793,7.772426326296781e-07,0.016073997679088074,3.9314899841838454e-08,0.9839251857633793,0.08235100986505714,0.05940369677225802
2016-09-06,0,0.9957737555029875,1.9302787247014493e-07,0.004226039625302595,1.1843837435650485e-08,0.9957737555029875,0.02732210506028115,0.019708732738557434
2016-09-07,0,0.9397223164574937,9.532887766283318e-07,0.060276657529831926,7.272389762681302e-08,0.9397223164574937,0.2277434512294355,0.16428217384182206
2016-09-08,0,0.5550204781161839,0.00047954787534262795,0.44447607635111797,2.3897657355497518e-05,0.5550204781161839,0.6910952401876096,0.49851983790031573
2016-09-09,2,0.021323222648108407,0.004733365507208818,0.973762254018886,0.0001811578257967037,0.973762254018886,0.13484051180385284,0.09726686884517412
2016-09-12,2,0.01096093421079314,0.00032951222478124685,0.9886816972531676,2.7856311258040144e-05,0.9886816972531676,0.06365944756132859,0.04592058465122989
2016-09-13,2,0.024421081216150053,0.0014403078465196066,0.9740830530851594,5.555785217088368e-05,0.9740830530851594,0.12620490005626692,0.09103759172353178
2016-09-14,2,0.01892439320091393,0.00026280212663171203,0.9807900672557102,2.2737416744036e-05,0.9807900672557102,0.09651270771662065,0.06961920240276731
2016-09-15,2,0.2878064418741051,0.00014153072417507267,0.7120443022340545,7.725167665210511e-06,0.7120443022340545,0.6016198046302693,0.4339769543203383
2016-09-16,0,0.8688711425520066,2.124755920592219e-05,0.13110639731177937,1.2125770080087489e-06,0.8688711425520066,0.3887489535680407,0.2804230937316931
2016-09-19,0,0.9882051041225888,1.3988207335936631e-06,0.011793423001434343,7.40552431702894e-08,0.9882051041225888,0.06411044617132947,0.04624591138027793
2016-09-20,0,0.9947116243271598,1.6921648386245027e-07,0.005288196106177261,1.0350179146565627e-08,0.9947116243271598,0.032999390831688874,0.023804028752617133
2016-09-21,0,0.9843683200537907,3.847240080686297e-07,0.015631267123710997,2.8098490191815553e-08,0.9843683200537907,0.0805173788698072,0.05808101160042433
2016-09-22,0,0.9823139587533195,1.0836299290475526e-06,0.017684866745638086,9.0871113491872e-08,0.9823139587533195,0.08890432086064746,0.06413091140962866
2016-09-23,0,0.9582654759651263,4.708759848489492e-06,0.04172954342358347,2.718514416762652e-07,0.9582654759651263,0.17346894318076833,0.12513139203757193
2016-09-26,0,0.9411750686924089,3.6082827056794632e-06,0.05882078339554643,5.396293388655366e-07,0.9411750686924089,0.22376736701517086,0.1614140353527838
2016-09-27,0,0.8861755446271482,3.729306924862736e-05,0.11378390539106763,3.2569125355561766e-06,0.8861755446271482,0.35481116775197474,0.25594215608389803
2016-09-28,0,0.9806050215181038,4.352894645903804e-06,0.01939032070222121,3.048850291473057e-07,0.9806050215181038,0.0957196486941046,0.06904713124330923
2016-09-29,0,0.9908262776846851,4.601557160961465e-07,0.009173233051880997,2.9107717818362567e-08,0.9908262776846851,0.05217464026060385,0.03763604738206942
2016-09-30,0,0.9515245105888199,2.7483824460733855e-06,0.04847261763965139,1.233890824615138e-07,0.9515245105888199,0.19403304539139168,0.13996525617737196
2016-10-03,0,0.9938809398030553,4.283899595243515e-07,0.006118608371712628,2.3435272492688227e-08,0.9938809398030553,0.03728999550124166,0.02689904579220655
2016-10-04,0,0.9328657832848439,3.7038566991921058e-06,0.06713036597017591,1.4688828084510687e-07,0.9328657832848439,0.2462042468969337,0.1775988230220041
2016-10-05,0,0.9529446059315994,4.461291133897594e-06,0.04705062684424817,3.059330186180764e-07,0.9529446059315994,0.18980175960701115,0.1369130286685171
2016-10-06,0,0.9821366757037111,1.5976383370888961e-06,0.017861651778288738,7.487966299974077e-08,0.9821366757037111,0.08962028944271568,0.06464737357101971
2016-10-07,0,0.9827468500162977,7.467656530434058e-07,0.017252364199610064,3.901843921326452e-08,0.9827468500162977,0.08715590484287547,0.06286969585050342
2016-10-11,0,0.9859459027634653,4.761300563297372e-07,0.014053588432018814,3.267445947705812e-08,0.9859459027634653,0.07389920023383342,0.053307004851506
2016-10-12,0,0.993528525046296,2.1704016688705505e-07,0.006471247075051032,1.0838485986015538e-08,0.993528525046296,0.03907160452696681,0.028184205045314898
2016-10-13,0,0.9952481721311776,8.009570264966946e-08,0.004751742022735926,5.7503839295268896e-09,0.9952481721311776,0.03016016532532527,0.02175596047361902
2016-10-14,0,0.5327887005793561,5.421712281765725e-05,0.4671548427865847,2.239511241559798e-06,0.5327887005793561,0.6915706130301145,0.49886274692154325
2016-10-17,0,0.7818186046388482,2.8219402174833924e-05,0.21815045664787358,2.719311103456394e-06,0.7818186046388482,0.5249108540621722,0.37864314303214314
2016-10-18,0,0.9714053309615176,4.060464961825508e-06,0.028590371009132243,2.3756438829358715e-07,0.9714053309615176,0.1298656904738979,0.09367829381415681
2016-10-19,0,0.9951738481706285,2.759955223008222e-07,0.0048258621182473435,1.371560187642058e-08,0.9951738481706285,0.03055892254463645,0.022043603005028476
2016-10-20,0,0.9901772322301755,1.4828106848970938e-07,0.00982260808257974,1.1406176220808525e-08,0.9901772322301755,0.05518749687476504,0.03980936403014935
2016-10-21,0,0.9954029623215495,1.1166692197994412e-07,0.004596919368895601,6.642633004062481e-09,0.9954029623215495,0.029330683544195022,0.021157615847546843
2016-10-24,0,0.9957754012930263,5.164949249395904e-08,0.004224544429589308,2.627891870912199e-09,0.9957754012930263,0.027311505771701793,0.01970108696802224
2016-10-25,0,0.9954746771371226,4.662038638532919e-08,0.004525273522829893,2.719661111287719e-09,0.9954746771371226,0.02894368484116175,0.02087845529269856
2016-10-26,0,0.9806248582563678,3.9408520389300346e-07,0.01937472488696613,2.2771462275673812e-08,0.9806248582563678,0.09560219864805035,0.0689624089438119
2016-10-27,0,0.9642465333006832,2.3518375823274712e-06,0.0357509521862799,1.6267545469975742e-07,0.9642465333006832,0.15423237725105088,0.11125514290230344
2016-10-28,0,0.9844262028368036,1.2321100408445732e-06,0.015572502893885003,6.215927055860793e-08,0.9844262028368036,0.08028631524760443,0.05791433442948345
2016-10-31,0,0.9852119371860137,9.797779816553936e-07,0.014787021082143725,6.195386082570062e-08,0.9852119371860137,0.07700534802471164,0.05554761685859011
2016-11-01,0,0.9920391353585513,2.3301204690830353e-07,0.007960613724983101,1.7904418834813276e-08,0.9920391353585513,0.04640860028523707,0.03347672874305483
2016-11-02,0,0.9952601845467066,1.1709395355591093e-07,0.004739692427318307,5.932021627073312e-09,0.9952601845467066,0.030096351481102648,0.021709928515319
2016-11-03,0,0.9882534623249756,2.217017657453133e-07,0.011746306121724542,9.851534285819866e-09,0.9882534623249756,0.06388398090442257,0.046082551221527844
2016-11-04,0,0.9943982292141075,1.8974188672208353e-07,0.005601569945881569,1.1098124364379437e-08,0.9943982292141075,0.034631698117061176,0.024981489565523905
2016-11-07,0,0.9114733388282884,2.7977019787620333e-06,0.08852369436264483,1.691070879842969e-07,0.9114733388282884,0.2991499210370761,0.21579105378125735
2016-11-08,0,0.9572177419880281,4.564955743805961e-06,0.04277739424449049,2.988117376803163e-07,0.9572177419880281,0.17673784397798095,0.12748940552222024
2016-11-09,3,1.1280989769000213e-26,0.33029983775857236,5.307868159912314e-05,0.6696470835598285,0.6696470835598285,0.6349450615396658,0.4580160457601068
2016-11-10,3,6.121419758278084e-22,0.010761241308678435,0.04642078189488277,0.9428179767964389,0.9428179767964389,0.24679506017479275,0.1780250047150334
2016-11-14,3,2.8836186671219043e-26,7.014425479316148e-05,0.0005499787035881003,0.9993798770416188,0.9993798770416188,0.005418794606652324,0.003908834053306585
2016-11-15,3,1.7947579185918807e-09,0.14304703799852114,0.3846669486895612,0.4722860115171597,0.4722860115171597,0.9999638453421871,0.7213214403717159
2016-11-16,2,0.16937541763081213,0.038903079986502186,0.7886420983394719,0.0030794040432139437,0.7886420983394719,0.6321208299870454,0.455978793332463
2016-11-17,2,0.11319473397738251,0.009065383641813089,0.8776914022305636,4.848015024071504e-05,0.8776914022305636,0.40423379745280963,0.2915930474724411
2016-11-18,2,0.5054292179054063,0.0002817674348461202,0.49428201001065286,7.004649094804993e-06,0.5054292179054063,0.695560025525297,0.5017404997329734
2016-11-21,0,0.8580475741590784,7.575435256713871e-05,0.14187022937517862,6.442113175826758e-06,0.8580475741590784,0.4092093971240945,0.2951821839580468
2016-11-22,0,0.9873320914310666,1.6364430463700526e-06,0.0126661999298139,7.219607314031558e-08,0.9873320914310666,0.06794664461829754,0.04901314361793132
2016-11-23,0,0.9950307777171401,1.3905767235446786e-07,0.004969074904210458,8.320977050798428e-09,0.9950307777171401,0.03131777062084958,0.022590996183198882
2016-11-25,0,0.9920051634310069,1.570065338092096e-07,0.007994670101083276,9.461376158857067e-09,0.9920051634310069,0.046571530576915765,0.03359425810496255
2016-11-28,0,0.982973808845032,7.560846163231446e-07,0.017025363225182805,7.184516874552684e-08,0.982973808845032,0.0862374290064564,0.06220715558331435
2016-11-29,0,0.9873841471628109,1.6646269858659858e-06,0.01261406918518568,1.1902501750510421e-07,0.9873841471628109,0.06772058234628049,0.048850074158545774
2016-11-30,2,0.3443504717392351,0.0003673815716313808,0.6551953607563106,8.67859328229987e-05,0.6551953607563106,0.6478586172131178,0.46733120712527315
2016-12-01,2,0.011961069205043737,0.0006313869006154921,0.9873248756695485,8.266822479227772e-05,0.9873248756695485,0.0709642575346184,0.05118989121278061
2016-12-02,2,0.11816358499042319,0.0004808182290067996,0.8813214409676637,3.415581290632849e-05,0.8813214409676637,0.36772482974287074,0.265257394140889
2016-12-05,0,0.7328158217242494,5.6661603642207134e-05,0.2671245268091499,2.989862958532406e-06,0.7328158217242494,0.5810110104447751,0.4191108517352814
2016-12-06,0,0.8752969861666837,2.825870077501281e-05,0.12467327050336388,1.4846291773854883e-06,0.8752969861666837,0.376475577851747,0.27156972459126116
2016-12-07,0,0.9285123983704059,1.948354049546912e-05,0.0714660863435674,2.0317455310894412e-06,0.9285123983704059,0.25767272013499887,0.18587157775556631
2016-12-08,0,0.9009692030063898,2.7891834982958936e-05,0.09900181176149007,1.0933971371652748e-06,0.9009692030063898,0.3232176555684764,0.233152254408199
2016-12-09,0,0.9483269660527031,1.2864636942888832e-05,0.05165964067489249,5.2863546160465e-07,0.9483269660527031,0.20353845139785792,0.14682195723095448
2016-12-12,0,0.992249745779317,5.177228609906005e-07,0.007749699634848477,3.686297358391236e-08,0.992249745779317,0.04539259193125937,0.03274383363616214
2016-12-13,0,0.9934251813177395,1.7554039507733435e-07,0.0065746320463746,1.1095490873017011e-08,0.9934251813177395,0.03959057064545571,0.02855855996808156
2016-12-14,0,0.9595126066690834,1.2986703767404254e-06,0.04048595959794882,1.3506259108993194e-07,0.9595126066690834,0.1695066036328899,0.12227316822955071
2016-12-15,2,0.266312849983905,0.0006351569183689485,0.732969573590136,8.24195075901326e-05,0.732969573590136,0.585502784613609,0.4223509818943663
2016-12-16,0,0.7205573788456594,7.87161015939751e-05,0.2793606522692419,3.2527835047541883e-06,0.7205573788456594,0.5931885164410808,0.42789506549091433
2016-12-19,0,0.9425221349193204,1.5787172435038853e-05,0.05746109692373355,9.80984511159535e-07,0.9425221349193204,0.22012761959244853,0.15878851257435886
2016-12-20,0,0.9669194379233915,5.638381806433764e-06,0.03307467564173697,2.48053065184767e-07,0.9669194379233915,0.14535033449768942,0.10484810338568427
2016-12-21,0,0.9944571608948768,3.8246267127611855e-07,0.005542436871625145,1.977082682393832e-08,0.9944571608948768,0.03432819004429117,0.02476255476979638
2016-12-22,0,0.9889587596639745,2.2902994433213765e-07,0.011040998646729005,1.2659352140972632e-08,0.9889587596639745,0.06073607546873546,0.043811817440901235
2016-12-23,0,0.9962707370478238,8.83262059678025e-08,0.003729169420655859,5.205314381966961e-09,0.9962707370478238,0.024575745397920436,0.01772765300586479
2016-12-27,0,0.9950836159304014,6.139627765585843e-08,0.004916319408853679,3.2644673764078457e-09,0.9950836159304014,0.031036559039767857,0.022388144906465308
2016-12-28,0,0.975194820951204,5.83034960840636e-07,0.024804549028530007,4.698530516741831e-08,0.975194820951204,0.11619979332192218,0.08382043278892981
2016-12-29,0,0.9929582129796009,3.75979393042778e-07,0.007041392954898514,1.8086107740513847e-08,0.9929582129796009,0.041919606058087755,0.030238603888011077
2016-12-30,0,0.9928013883169533,1.2887634807215303e-07,0.007198474152599279,8.6540993282633e-09,0.9928013883169533,0.04269129676708888,0.030795261067499084
2017-01-03,0,0.993999061372927,1.5989201598197566e-07,0.006000768644806419,1.0090250562147224e-08,0.993999061372927,0.036684723309163086,0.026462434197256676
2017-01-04,0,0.9934417325535257,1.3870411895512123e-07,0.006558119718034425,9.024320928955811e-09,0.9934417325535257,0.039507076821812925,0.02849833190542441
2017-01-05,0,0.7551597782389818,1.8385417453085213e-05,0.24481934257555532,2.4937680098135824e-06,0.7551597782389818,0.5568193695255768,0.4016602715427344
2017-01-06,0,0.9475850341236102,9.484328560612563e-06,0.0524049669718841,5.14575945013771e-07,0.9475850341236102,0.2056631482823246,0.14835460206026063
2017-01-09,0,0.9845193779940502,2.918256262457264e-06,0.01547753978803327,1.6396165416080493e-07,0.9845193779940502,0.07991596807447174,0.05764718541444055
2017-01-10,0,0.9956485478816234,1.483270308500933e-07,0.004351296225169683,7.566176056453738e-09,0.9956485478816234,0.028003666990266827,0.02020037574678196
2017-01-11,0,0.9883597838372068,9.898982482805418e-08,0.011640105854324158,1.1318644236140318e-08,0.9883597838372068,0.0634108768351812,0.04574127877426839
2017-01-12,0,0.9813358900596693,7.120516033348238e-07,0.018663349711820883,4.817690653526914e-08,0.9813358900596693,0.09280214066454841,0.066942594060312
2017-01-13,0,0.9958046615808598,1.6525950560355075e-07,0.004195165385916192,7.77371849384759e-09,0.9958046615808598,0.027152842204792815,0.01958663539744757
2017-01-17,0,0.988987079042577,1.8688329988639665e-07,0.011012720398629012,1.3675494350248104e-08,0.988987079042577,0.060608297401125874,0.04371964504866387
2017-01-18,0,0.9841288427826145,9.260903275788086e-07,0.01587018651300686,4.461405095452994e-08,0.9841288427826145,0.08151330934184223,0.0587994235769619
2017-01-19,0,0.9384881063938783,2.7103776419417177e-06,0.061508944771167466,2.384573123621129e-07,0.9384881063938783,0.2311405490082128,0.1667326619012505
2017-01-20,0,0.9877140022669568,9.491398676936164e-07,0.01228498689856684,6.169460870400346e-08,0.9877140022669568,0.06627069343335877,0.04780420038628975
2017-01-23,0,0.9892521928941924,5.456565269914933e-07,0.010747224647438304,3.6801842217868564e-08,0.9892521928941924,0.05941666753813874,0.042860065801710506
2017-01-24,0,0.9551274317194834,3.183330648935241e-06,0.044869250010121424,1.349397462006604e-07,0.9551274317194834,0.18316708383105157,0.13212712174857558
2017-01-25,0,0.9210993682848329,1.0928622927424693e-05,0.07888912373408502,5.793581546872145e-07,0.9210993682848329,0.27619153983061273,0.1992300824245558
2017-01-26,0,0.9897233053165514,8.150402438123584e-07,0.010275823751331162,5.589187381018614e-08,0.9897233053165514,0.05727839189378572,0.041317625967629626
2017-01-27,0,0.9955896176234372,1.3704548763374795e-07,0.004410237870126002,7.46094929340368e-09,0.9955896176234372,0.028323313357426428,0.02043095186115162
2017-01-30,0,0.9948329086459133,7.495469925257492e-08,0.005167013029037063,3.370350314113278e-09,0.9948329086459133,0.0323617174196742,0.023344044618006977
2017-01-31,0,0.9942897048569561,8.950872088403587e-08,0.0057101995997280155,6.03459495280928e-09,0.9942897048569561,0.035191570580061116,0.02538535217847406
2017-02-01,0,0.9952704840914177,9.067926362535798e-08,0.004729420135097038,5.0942216470958395e-09,0.9952704840914177,0.030040973391668137,0.021669981667818465
2017-02-02,0,0.9940174145859596,7.029964392509928e-08,0.005982510676864617,4.437531930261914e-09,0.9940174145859596,0.03658986053663577,0.02639400517151161
2017-02-03,0,0.9850309291464282,2.9599425957658113e-07,0.01496875973983753,1.5119474751433024e-08,0.9850309291464282,0.07775677697790391,0.05608965827076555
2017-02-06,0,0.9819979805199142,1.5485856666019331e-06,0.018000365647908103,1.0524651114631683e-07,0.9819979805199142,0.0901754168599607,0.06504781335698016
2017-02-07,0,0.9899118433804136,5.771260628324295e-07,0.010087541783881892,3.770964157955282e-08,0.9899118433804136,0.056412957128361085,0.04069334674548412
2017-02-08,0,0.9451755390372779,5.069031255499751e-06,0.05481894053307806,4.513983884315278e-07,0.9451755390372779,0.21254058331792794,0.1533156227702111
2017-02-09,0,0.9626494851202416,6.005170115411214e-06,0.03734424241226874,2.672973742848653e-07,0.9626494851202416,0.15949243407642494,0.11504947185068409
2017-02-10,0,0.9934605027272615,4.87341931855704e-07,0.006538983168697972,2.6762108630802806e-08,0.9934605027272615,0.03941653054062469,0.028433016570003807
2017-02-13,0,0.9888781663222448,2.640486938059175e-07,0.011121555288664764,1.4340396630197999e-08,0.9888781663222448,0.06109844703886555,0.04407321327449415
2017-02-14,0,0.9952397060564481,1.3820002271650277e-07,0.0047601490046457985,6.738883427063991e-09,0.9952397060564481,0.0302060393503467,0.021789051587821035
2017-02-15,0,0.9116727020602031,1.332834542923563e-06,0.08832583181406788,1.3329118613195972e-07,0.9116727020602031,0.2986686727393284,0.21544390651495893
2017-02-16,0,0.9693174468391609,5.674472849737888e-06,0.03067652245246727,3.5623552218716366e-07,0.9693174468391609,0.13716569671601458,0.09894413521613692
2017-02-17,0,0.9947686858706403,3.0595238836139046e-07,0.005230991168472956,1.7008498440662825e-08,0.9947686858706403,0.03270170520388443,0.023589293963128435
2017-02-21,0,0.9967554070961071,4.1725407358055245e-08,0.0032445490179237755,2.16056185421884e-09,0.9967554070961071,0.02183386872820578,0.01574980706880155
2017-02-22,0,0.9964214359457116,3.231879735479634e-08,0.0035785301823239185,1.5531671374802842e-09,0.9964214359457116,0.02372989826656458,0.017117503274986165
2017-02-23,0,0.9968992114359074,2.8927602789599585e-08,0.0031007581475397546,1.4889498981003597e-09,0.9968992114359074,0.021006824451592875,0.015153220730569029
2017-02-24,0,0.972668773406997,6.19066596040615e-07,0.027330558926526242,4.859988080657462e-08,0.972668773406997,0.12534712141885018,0.09041883523034097
2017-02-27,0,0.9940509160943499,3.462995474735232e-07,0.005948719938813363,1.7667289437041513e-08,0.9940509160943499,0.03642150641481232,0.026272563343177655
2017-02-28,0,0.9962678063798606,5.5126546190374396e-08,0.0037321350449997875,3.448593354848456e-09,0.9962678063798606,0.024591735467373834,0.017739187402816735
2017-03-01,0,0.5085180695312284,3.416174322638516e-05,0.491446269762003,1.4989635422067633e-06,0.5085180695312284,0.6933838224415045,0.5001707010344961
2017-03-02,0,0.9242880831662659,1.9313863697475562e-05,0.07569165337051699,9.495995196080814e-07,0.9242880831662659,0.2683601523758399,0.1935809305024154
2017-03-03,0,0.9925070677892617,6.715379363931764e-07,0.007492226181571387,3.4491230491119505e-08,0.9925070677892617,0.04414105308116349,0.03184103918990554
2017-03-06,0,0.9963333036681526,6.801038278865644e-08,0.0036666251309014825,3.1905630859871203e-09,0.9963333036681526,0.02422535760103398,0.017474901637386738
2017-03-07,0,0.9930256034662216,7.835974769920729e-08,0.006974313843473228,4.33055741210473e-09,0.9930256034662216,0.04158248835586222,0.029995424869412746
2017-03-08,0,0.9870725134068681,6.183659309500433e-07,0.012926827073056998,4.115414412499391e-08,0.9870725134068681,0.06906477212334186,0.049819702121235813
2017-03-09,0,0.9692555024390022,1.5829777131579954e-06,0.030742794395918642,1.2018736590049292e-07,0.9692555024390022,0.13733949721791985,0.09906950577723829
2017-03-10,0,0.9947232220055731,3.391091959612886e-07,0.005276421740857919,1.71443731084032e-08,0.9947232220055731,0.032940420851584815,0.02376149090368841
2017-03-13,0,0.9963375858886365,5.022995533225233e-08,0.003662361450961638,2.4304465131960654e-09,0.9963375858886365,0.02420114709482676,0.017457437448765455
2017-03-14,0,0.9888530833238518,1.611845154796027e-07,0.011146744009956664,1.1481676090671696e-08,0.9888530833238518,0.06120982513348432,0.04415355558687924
2017-03-15,0,0.9892451897215698,7.672604710978948e-07,0.010753975600950684,6.74170084468323e-08,0.9892451897215698,0.05945086228809181,0.04288473209980137
2017-03-16,0,0.957844991234516,1.8169785685840327e-06,0.04215310063561118,9.115130442087679e-08,0.957844991234516,0.1747547867537582,0.12605893211062763
2017-03-17,0,0.9930984789292356,5.12099023220234e-07,0.006900977606732307,3.1365008746956804e-08,0.9930984789292356,0.04122551094175702,0.029737920096893276
2017-03-20,0,0.9967780737988605,5.5054612369483634e-08,0.0032218681752884722,2.9712386496426164e-09,0.9967780737988605,0.021704124378039955,0.01565621630351775
2017-03-21,0,0.9796637156609643,3.006235800047716e-07,0.02033596351576913,2.0199686688449753e-08,0.9796637156609643,0.0993489459058477,0.07166511578795617
2017-03-22,0,0.9922649237973988,3.983231578691702e-07,0.007734651631599834,2.6247843442849743e-08,0.9922649237973988,0.0453176339399517,0.03268976287499485
2017-03-23,0,0.9961807712533485,7.302905731554673e-08,0.0038191521151777624,3.6024162901879738e-09,0.9961807712533485,0.02507719200931648,0.018089370275630613
2017-03-24,0,0.9953663766789332,5.134662551222394e-08,0.004633568983921537,2.990519709779831e-09,0.9953663766789332,0.029526574282337986,0.02129892114578431
2017-03-27,0,0.9962490502696264,5.011431770427978e-08,0.0037508966717297,2.9443262336852173e-09,0.9962490502696264,0.024696416237315034,0.01781469861665204
2017-03-28,0,0.994273903044307,7.350688144785453e-08,0.005726019674300645,3.774510884178702e-09,0.994273903044307,0.03527287220451947,0.0254439989036852
2017-03-29,0,0.995217914021092,6.032118764255483e-08,0.00478202100795516,4.649765145829509e-09,0.995217914021092,0.03032154737005367,0.02187237301142811
2017-03-30,0,0.9951120862883416,7.081010955827117e-08,0.004887839571290152,3.3302585061541075e-09,0.9951120862883416,0.030885397327754985,0.02227910478031868
2017-03-31,0,0.9879489680913655,1.0376992943548994e-07,0.012050918634721911,9.503983100118136e-09,0.9879489680913655,0.0652283315025317,0.047052295192081914
2017-04-03,0,0.9945769325332565,1.7877589041765753e-07,0.005422878017480491,1.0673372737348184e-08,0.9945769325332565,0.03370316158830972,0.024311692042866918
2017-04-04,0,0.9969318779203162,4.397552800102535e-08,0.003068075596942354,2.5072133868659757e-09,0.9969318779203162,0.02081825280104801,0.015017195038022369
2017-04-05,0,0.9947380262263922,5.011171040839498e-08,0.005261921350861616,2.3110358865945487e-09,0.9947380262263922,0.0328596579198977,0.023703232763172082
2017-04-06,0,0.9964318185841038,5.29399760947909e-08,0.0035681253082387528,3.1676813497600254e-09,0.9964318185841038,0.023671693950583942,0.017075517735974363
2017-04-07,0,0.9955115766222816,5.53931157402081e-08,0.004488364569249517,3.4153530437797304e-09,0.9955115766222816,0.02874462416165525,0.020734863365118556
2017-04-10,0,0.9936254699066723,7.277097177756202e-08,0.00637445220620163,5.116154306093196e-09,0.9936254699066723,0.038581232991268234,0.027830476753942176
2017-04-11,0,0.9857665635205508,4.2392171217369895e-07,0.014232980098586234,3.245915076574965e-08,0.9857665635205508,0.07465982225347816,0.05385567765937221
2017-04-12,0,0.9955015780833105,1.42425695096893e-07,0.004498272492355903,6.99863840975372e-09,0.9955015780833105,0.02879960824154838,0.020774525994813383
2017-04-13,0,0.9938032920019008,8.24447052663764e-08,0.006196620295432312,5.25796159167864e-09,0.9938032920019008,0.037680989791617395,0.027181088554077037
2017-04-17,0,0.9921067791607937,1.5467640149531337e-07,0.007893057183646298,8.979158559172448e-09,0.9921067791607937,0.04608096031948784,0.033240386466163105
2017-04-18,0,0.9417546588659641,5.066172819718599e-06,0.05823989108233914,3.838788771019029e-07,0.9417546588659641,0.22216936657249017,0.1602613216957869
2017-04-19,0,0.9881438800245747,1.718287611334278e-06,0.011854306479447813,9.520836628332436e-08,0.9881438800245747,0.06438451351801731,0.046443609181246
2017-04-20,0,0.993918701925947,1.87490273649186e-07,0.0060811008898111005,9.69396811501544e-09,0.993918701925947,0.03709509251323678,0.026758453005082013
2017-04-21,0,0.9955546813801578,8.444435228346427e-08,0.004445229978558098,4.1969317526022135e-09,0.9955546813801578,0.028511906103105607,0.020566992770621115
2017-04-24,0,0.9892347195408148,1.6086587558032086e-07,0.010765111346066747,8.247242987199682e-09,0.9892347195408148,0.05949130353533435,0.04291390429322346
2017-04-25,0,0.97442721201777,1.3422862643860405e-06,0.025571384258678515,6.143728699268896e-08,0.97442721201777,0.11901403949708733,0.08585048228930556
2017-04-26,0,0.99329508362497,3.301045726237425e-07,0.006704568474051973,1.7796405422715713e-08,0.99329508362497,0.04024377009656879,0.02902974377249768
2017-04-27,0,0.9962667843192342,7.851554202499081e-08,0.003733133344823266,3.82040052308388e-09,0.9962667843192342,0.024597706542509198,0.017743494623060015
2017-04-28,0,0.9967431073246534,2.987688975364234e-08,0.003256861156924568,1.641532303216525e-09,0.9967431073246534,0.021904149870316712,0.015800504196397277
2017-05-01,0,0.9857371830594266,2.1774275135436464e-07,0.014262589515820396,9.682001632940728e-09,0.9857371830594266,0.07478178447855686,0.05394365480802062
2017-05-02,0,0.9890763262310773,6.637311315075526e-07,0.010922968012536352,4.202525480480094e-08,0.9890763262310773,0.06021176585496458,0.043433608001062406
2017-05-03,0,0.9862674494193632,6.820767217049407e-07,0.013731816223627236,5.2280287754676655e-08,0.9862674494193632,0.07253095958210597,0.05232002785001106
2017-05-04,0,0.9758485004987153,3.662243910574664e-06,0.02414759970393233,2.3755344174110488e-07,0.9758485004987153,0.11382222558210148,0.08210538019512136
2017-05-05,0,0.9911839594828162,4.188482792746967e-07,0.008815586811304996,3.4857599315935244e-08,0.9911839594828162,0.0504924173358849,0.03642258004648854
2017-05-08,0,0.9955910791731307,1.0158147881280386e-07,0.004408814558682352,4.68670817525323e-09,0.9955910791731307,0.02831498179989913,0.020424941912787865
2017-05-09,0,0.994497097722183,7.121477122217291e-08,0.005502827715088141,3.347957637955605e-09,0.994497097722183,0.03411739452534443,0.02461049794488334
2017-05-10,0,0.9963342811564015,6.248337946217919e-08,0.0036656525266552907,3.833563653157461e-09,0.9963342811564015,0.024219827299125415,0.017470912367817688
2017-05-11,0,0.9952741155870409,4.71054076732816e-08,0.004725834638043501,2.6695078236536547e-09,0.9952741155870409,0.030021026346535508,0.021655592916271848
2017-05-12,0,0.9809960094080854,4.7051056295668096e-07,0.019003488672525173,3.140882656238434e-08,0.9809960094080854,0.09414300500059494,0.06790982322437161
2017-05-15,0,0.9944351180308875,2.557626472318771e-07,0.00556461249608036,1.3710385001762221e-08,0.9944351180308875,0.03444122792952097,0.024844094368023185
2017-05-16,0,0.9958851189123931,6.276630648692435e-08,0.0041148146931685,3.628132050927845e-09,0.9958851189123931,0.02671085630729279,0.0192678099662145
2017-05-17,0,0.5277174594811239,1.6678969564891896e-05,0.4722629430616773,2.9184876340020163e-06,0.5277174594811239,0.6918354588692883,0.4990537928109314
2017-05-18,0,0.7417066971072034,3.090940406840707e-05,0.25825931757995996,3.075908768124347e-06,0.7417066971072034,0.5716121800092133,0.41233102870551075
2017-05-19,0,0.9698946435832461,6.4778940552633565e-06,0.030098469956598477,4.0856610024022077e-07,0.9698946435832461,0.1351743714233244,0.09750769765385646
2017-05-22,0,0.9936879536187196,4.254672242081679e-07,0.0063115976949956075,2.3219060592037762e-08,0.9936879536187196,0.03826928826765284,0.027605456201046475
2017-05-23,0,0.9925165086497085,1.5378259423865185e-07,0.007483330292276245,7.275420722864842e-09,0.9925165086497085,0.044089449438654296,0.03180381503033562
2017-05-24,0,0.9960436825917344,7.862932285776051e-08,0.0039562341343980885,4.6445447410013826e-09,0.9960436825917344,0.025837573931221082,0.018637869889587308
2017-05-25,0,0.994919287261088,9.450539957879434e-08,0.00508061147876337,6.754748953449498e-09,0.994919287261088,0.03190687386385216,0.023015944346824593
2017-05-26,0,0.997227198637731,3.2037867663829415e-08,0.002772767508000942,1.816400637339584e-09,0.997227198637731,0.019095346760420878,0.013774381037657168
2017-05-30,0,0.9955376100004323,4.1785276544654356e-08,0.004462345857340738,2.3569504240862607e-09,0.9955376100004323,0.02860375125556504,0.020633245043612573
2017-05-31,0,0.9946752186015957,9.11649225976618e-08,0.005324684872588409,5.360893237293971e-09,0.9946752186015957,0.03318902394094948,0.02394082012577645
2017-06-01,0,0.995292965587322,6.592656258211131e-08,0.0047069647482958716,3.737819705642477e-09,0.995292965587322,0.029920370020146855,0.02158298472481434
2017-06-02,0,0.9850462632797885,4.801536871752356e-07,0.01495322216412412,3.4402400252576054e-08,0.9850462632797885,0.0776947730002258,0.05604493185520975
2017-06-05,0,0.9917657015832659,3.404407204475101e-07,0.008233941487067692,1.648894605046664e-08,0.9917657015832659,0.04772439245858027,0.0344258721647162
2017-06-06,0,0.9951648186302492,1.1506931260413455e-07,0.004835058564354221,7.736084036456769e-09,0.9951648186302492,0.03060532123929149,0.02207707258836975
2017-06-07,0,0.9946886024556385,1.0142962628106854e-07,0.005311290865205504,5.249529660314097e-09,0.9946886024556385,0.03311911915523666,0.023890394481935303
2017-06-08,0,0.9963848426062791,4.359423388951278e-08,0.0036151114719823,2.3275046719274785e-09,0.9963848426062791,0.023935843511724394,0.017266061366929528
2017-06-09,0,0.9972137758949575,2.4419737750676486e-08,0.0027861982914714435,1.3938330894625279e-09,0.9972137758949575,0.01917421515285337,0.013831272556979787
2017-06-12,0,0.9962346574347232,3.2178694772188065e-08,0.003765308739512755,1.6470693787722085e-09,0.9962346574347232,0.02477650576699141,0.017872471000297655
2017-06-13,0,0.9962302322722417,3.2931009789625877e-08,0.0037697328208297757,1.975918680029766e-09,0.9962302322722417,0.024801200947461747,0.01789028480749686
2017-06-14,2,0.327370676691417,0.00020880722242358515,0.6723937620853242,2.6754000835222064e-05,0.6723937620853242,0.6344941800039775,0.4576908034823238
2017-06-15,0,0.8784083427336528,3.0054850685621528e-05,0.12155983147889289,1.770936768778784e-06,0.8784083427336528,0.3703854695176114,0.26717664004519415
2017-06-16,0,0.9898269872562838,1.0227678331423988e-06,0.010171932231478732,5.7744404300315426e-08,0.9898269872562838,0.05680623793712541,0.040977038881724666
2017-06-19,0,0.9943397922702538,1.5253027789826955e-07,0.005660045853378823,9.34608951150634e-09,0.9943397922702538,0.03493363239446716,0.02519928910786791
2017-06-20,0,0.9113198331286946,2.8061982591263045e-06,0.08867710180791818,2.5886512811503554e-07,0.9113198331286946,0.29950896816300776,0.21605005153527088
2017-06-21,0,0.9872405443323882,1.5334513708713375e-06,0.012757836146902268,8.606933866100553e-08,0.9872405443323882,0.06834433595728197,0.04930001727920998
2017-06-22,0,0.9929274798668023,2.3597713054590452e-07,0.007072271308969184,1.2847097827065668e-08,0.9929274798668023,0.042070156864150644,0.03034720333866546
2017-06-23,0,0.9970942766959588,4.7708968387772276e-08,0.0029056730376866265,2.5573860610784126e-09,0.9970942766959588,0.01987465087673586,0.014336530129633158
2017-06-26,0,0.9972848910963839,1.9823527916649666e-08,0.002715087972644211,1.1074439874973415e-09,0.9972848910963839,0.018755061371856847,0.013528917016373017
2017-06-27,0,0.9866960243216641,2.0029309939146453e-07,0.013303764175349437,1.1209887065293051e-08,0.9866960243216641,0.07068675717375464,0.05098971701554909
2017-06-28,0,0.9473651580342087,2.0608980781949896e-06,0.05263263019749634,1.5087021671627778e-07,0.9473651580342087,0.20622653303767538,0.14876099825658912
2017-06-29,0,0.9758234163688692,2.954647446548914e-06,0.024173461481376286,1.675023080804226e-07,0.9758234163688692,0.11390788576364523,0.08216717095467876
2017-06-30,0,0.9924403854563352,5.566715847126848e-07,0.007559017622821345,4.02492587080605e-08,0.9924403854563352,0.044465577768211424,0.03207513426823058
2017-07-03,0,0.9956932704758494,9.084378892560616e-08,0.004306632891550089,5.788811375105747e-09,0.9956932704758494,0.02775983362690228,0.020024487154717305
2017-07-05,0,0.9713722771122093,6.141233923994709e-07,0.028627065637777584,4.312662067093292e-08,0.9713722771122093,0.12994698874448918,0.09373693812006424
2017-07-06,0,0.8343232425267794,1.5712506000101965e-05,0.1656599021956031,1.1427716173873496e-06,0.8343232425267794,0.4491404639042161,0.32398635996859054
2017-07-07,0,0.9418833451214942,1.1905171755687826e-05,0.05810409488662817,6.548201220176019e-07,0.9418833451214942,0.2218748068103503,0.16004884174174458
2017-07-10,0,0.9898219253344187,9.952765094082189e-07,0.010177020314541032,5.907453083225567e-08,0.9898219253344187,0.056829172238259236,0.04099358248298068
2017-07-11,0,0.9961605186713162,8.555760879591874e-08,0.0038393906208023564,5.150272662936891e-09,0.9961605186713162,0.025189977903565336,0.01817072810078814
2017-07-12,0,0.9947283865502706,6.49443338396007e-08,0.005271544101683399,4.403712072558066e-09,0.9947283865502706,0.03291037947165345,0.02373982062876419
2017-07-13,0,0.9937333612580226,1.0281336295329544e-07,0.006266531358379517,4.570234866737027e-09,0.9937333612580226,0.038035886945336134,0.027437092735924852
2017-07-14,0,0.9955268768639776,8.373465726147463e-08,0.004473034291857885,5.109507165141677e-09,0.9955268768639776,0.02866228705053802,0.020675469694173578
2017-07-17,0,0.9971239269293816,3.255267432276004e-08,0.0028760388009606516,1.716983618277241e-09,0.9971239269293816,0.019701213830681304,0.014211421746508487
2017-07-18,0,0.9948443038753927,5.099721102662555e-08,0.005155641560919969,3.5664764110735214e-09,0.9948443038753927,0.03230149429568556,0.02330060281684435
2017-07-19,0,0.9963771916090043,5.308384504912988e-08,0.0036227521040181334,3.2031325168508175e-09,0.9963771916090043,0.023978945297631282,0.01729715273332019
2017-07-20,0,0.9930586869638522,1.0561500006414716e-07,0.006941200540104809,6.881042772410837e-09,0.9930586869638522,0.04141870596213055,0.029877280845801945
2017-07-21,0,0.9948624449900746,1.461711798964862e-07,0.005137400061979378,8.776766079375229e-09,0.9948624449900746,0.032207103534710194,0.023232514275461903
2017-07-24,0,0.9910833759826259,1.1827753391681952e-07,0.008916498952408028,6.7874320612633365e-09,0.9910833759826259,0.05096332100843803,0.036762265243052934
2017-07-25,0,0.9320376432671615,5.929191450045535e-06,0.06795614786302469,2.79678363714721e-07,0.9320376432671615,0.24840111299382564,0.17918352693374565
2017-07-26,0,0.9920003106287008,7.593030830463339e-07,0.007998885786066277,4.4282149884238555e-08,0.9920003106287008,0.04660129950303342,0.03361573184600382
2017-07-27,0,0.9915268541994446,2.3844034240697586e-07,0.008472896993340901,1.0366872164586027e-08,0.9915268541994446,0.04886417200717573,0.03524804931594887
2017-07-28,0,0.9918012929811275,1.7312769046804272e-07,0.008198519595055957,1.4296125965066983e-08,0.9918012929811275,0.04755202128119332,0.034301532643312024
2017-07-31,0,0.9968398649227724,6.122980710192725e-08,0.0031600705280283563,3.3193921105547844e-09,0.9968398649227724,0.02134925292004609,0.015400230657217358
2017-08-01,0,0.9870982511746251,2.562955032996939e-07,0.01290147482512647,1.7704744896042902e-08,0.9870982511746251,0.06894911895054442,0.04973627599180685
2017-08-02,0,0.9926664229823003,2.579861758996286e-07,0.007333302139475324,1.6892048377366197e-08,0.9926664229823003,0.04335643178571946,0.03127505456394905
2017-08-03,0,0.988404663198003,3.1226425307154627e-07,0.011595003520297416,2.1017446544133117e-08,0.988404663198003,0.06321392805200092,0.04559921025786673
2017-08-04,0,0.9885044130306074,4.64430099197391e-07,0.011495099400160302,2.3139133037253666e-08,0.9885044130306074,0.06277164859195698,0.045280173066020515
2017-08-07,0,0.9964615976785565,8.600740483405604e-08,0.003538311426013522,4.888025231933059e-09,0.9964615976785565,0.023504231119201278,0.016954718837789866
2017-08-08,0,0.9838955586280999,2.5598031923839926e-07,0.016104173227272586,1.2164308478333527e-08,0.9838955586280999,0.08246709700926882,0.0594874359458906
2017-08-09,0,0.8725670076256246,9.974869500749566e-06,0.12742200311116397,1.0143937105829726e-06,0.8725670076256246,0.3815948484591178,0.27526249775037237
2017-08-10,0,0.9065298139413003,2.4724623029686933e-05,0.09344408157882686,1.3798568432948009e-06,0.9065298139413003,0.3107390054096028,0.22415081105760137
2017-08-11,0,0.9916322818942449,8.535140757419938e-07,0.008366816765814957,4.7825864557133384e-08,0.9916322818942449,0.04836785932323144,0.034890035392020506
2017-08-14,0,0.9751011662241903,8.073904211727884e-07,0.02489796125604752,6.512934103280354e-08,0.9751011662241903,0.11654606550639898,0.08407021537060105
2017-08-15,0,0.9915058599857879,5.466126568367551e-07,0.008493569390301619,2.4011253600348177e-08,0.9915058599857879,0.04896739190497854,0.03532250673328946
2017-08-16,0,0.9946203244639201,1.3359436136550304e-07,0.005379534291742526,7.649976027925197e-09,0.9946203244639201,0.033476328901772344,0.02414806684687742
2017-08-17,0,0.9828820781349261,2.644454500644371e-07,0.017117638738746978,1.8680876772840528e-08,0.9828820781349261,0.08660339669232624,0.06247114546607936
2017-08-18,0,0.9938647320071923,3.240776946379573e-07,0.0061349196065040015,2.4308609124099476e-08,0.9938647320071923,0.03737147497310602,0.026957820807203034
2017-08-21,0,0.9966392959339598,6.10599607197594e-08,0.003360639690627815,3.315451619577484e-09,0.9966392959339598,0.022497069460779,0.016228205272800205
2017-08-22,0,0.9939650506328916,5.8463516450803684e-08,0.006034887788245418,3.1153465421885535e-09,0.9939650506328916,0.036857208653352305,0.02658685607260058
2017-08-23,0,0.9938402906114663,9.683393608968848e-08,0.006159604753178936,7.80141861575534e-09,0.9938402906114663,0.037493211968444864,0.02704563548693707
2017-08-24,0,0.9905250153969886,1.5726602824389866e-07,0.009474818302359703,9.034623641772843e-09,0.9905250153969886,0.053576879157438174,0.03864754893337166
2017-08-25,0,0.9961455647687236,9.176139156733594e-08,0.003854338388229159,5.081655662224457e-09,0.9961455647687236,0.02527313672028651,0.018230714507033053
2017-08-28,0,0.9955879931855868,3.835748119329222e-08,0.00441196625505315,2.201878907395717e-09,0.9955879931855868,0.028330969902531953,0.020436474890978665
2017-08-29,0,0.9972981754810295,2.738036186765329e-08,0.002701795637697506,1.5009111835861845e-09,0.9972981754810295,0.01867666211700894,0.013472363908283784
2017-08-30,0,0.996317166780399,2.6404525198166625e-08,0.003682805238629729,1.5764458789133667e-09,0.996317166780399,0.02431527306400258,0.017539761933648756
2017-08-31,0,0.9936587335955882,1.5866695383595343e-07,0.006341090554584863,1.718287328078332e-08,0.9936587335955882,0.03841429491224642,0.027710056384572024
2017-09-01,0,0.9899040124424328,2.4822446096749243e-07,0.010095728527738875,1.080536750240072e-08,0.9899040124424328,0.056445186877777796,0.04071659559531041
2017-09-05,0,0.9594759342987639,2.396802117973405e-06,0.04052145029700233,2.1860211573984906e-07,0.9594759342987639,0.16963469660995273,0.12236556778094133
2017-09-06,0,0.9835047812930416,1.6451688628759147e-06,0.016493488409017494,8.512907798369369e-08,0.9835047812930416,0.08408401393862674,0.060653794963647645
2017-09-07,0,0.9931638643865268,3.351722350291009e-07,0.006835779458423883,2.098281431672635e-08,0.9931638643865268,0.040898441733579705,0.029501989534560832
2017-09-08,0,0.9889555236721848,3.092212023904605e-07,0.011044151085086547,1.6021526210796415e-08,0.9889555236721848,0.06075151858152324,0.04382295729201864
2017-09-11,0,0.9662659791543613,1.5686428578719584e-06,0.03373237523158998,7.697119086662662e-08,0.9662659791543613,0.14750979201424166,0.10640582271075444
2017-09-12,0,0.9882851697369558,7.78554095595491e-07,0.011714013286147067,3.842280157592018e-08,0.9882851697369558,0.06374940823789371,0.045985477562207645
2017-09-13,0,0.9945976887974035,1.6072408059196287e-07,0.005402142709756353,7.768759604749712e-09,0.9945976887974035,0.033594720610802674,0.024233468412627635
2017-09-14,0,0.9961223122020059,4.623151685064894e-08,0.0038776387508703803,2.815606739820368e-09,0.9961223122020059,0.025401697246198764,0.018323451323626897
2017-09-15,0,0.9970312022836458,2.8889752490371914e-08,0.0029687671568918005,1.6697098374785853e-09,0.9970312022836458,0.020241984347990585,0.014601505218299018
2017-09-18,0,0.987203290366027,1.5022692438201173e-07,0.012796552850984393,6.556064281772391e-09,0.987203290366027,0.06849175632911322,0.04940635859889346
2017-09-19,0,0.9831876301490657,5.252064770912049e-07,0.016811813812536987,3.083192029086529e-08,0.9831876301490657,0.085365951769671,0.06157851763943539
2017-09-20,0,0.9927297402520253,4.433990836497913e-07,0.007269783873318964,3.247557217739009e-08,0.9927297402520253,0.043047438046983785,0.031052162696679198
2017-09-21,0,0.9942541666583021,1.3217693635712708e-07,0.0057456932398860855,7.924875254217495e-09,0.9942541666583021,0.035375317900854186,0.025517897852716454
2017-09-22,0,0.996576487378214,4.756411022262114e-08,0.0034234624448458424,2.6128299502509545e-09,0.996576487378214,0.02285384765931519,0.016485566341662934
2017-09-25,0,0.9894959844024849,9.702389088536097e-08,0.01050390621182996,1.2361794311959401e-08,0.9894959844024849,0.05830632758550878,0.042059124830030443
2017-09-26,0,0.9952785831869799,1.301612890949655e-07,0.004721280445872165,6.205858813974861e-09,0.9952785831869799,0.02999807902234218,0.021639039920864155
2017-09-27,2,0.17077607283021318,9.085113708855908e-05,0.8291286310564383,4.4449762599000625e-06,0.8291286310564383,0.45809235416883004,0.33044378381426087
2017-09-28,0,0.7043679100720244,5.491099221662443e-05,0.29557466373368557,2.515202073326361e-06,0.7043679100720244,0.6076763620375023,0.43834583698847546
2017-09-29,0,0.9125404406895002,2.207572451284794e-05,0.08743587899685039,1.604589136447901e-06,0.9125404406895002,0.29684449331717566,0.21412803921194318
2017-10-02,0,0.9867090966137149,1.650769852400061e-06,0.013289171290312233,8.132612033999737e-08,0.9867090966137149,0.07064541974356957,0.05095989836278354
2017-10-03,0,0.9932672927259673,2.249335776993964e-07,0.006732471867924692,1.0472530287856102e-08,0.9932672927259673,0.04038145939881763,0.029129065609266612
2017-10-04,0,0.9968812224496105,4.879727828413887e-08,0.003118726303706291,2.449405023561321e-09,0.9968812224496105,0.0211108610086593,0.015228267243044477
2017-10-05,0,0.99619619442421,3.530319942689316e-08,0.003803768259466079,2.0131242872465276e-09,0.99619619442421,0.024990903468025863,0.018027126250327857
2017-10-06,0,0.99355291306655,9.783343915224354e-08,0.0064469839400953955,5.159915330367812e-09,0.99355291306655,0.03894744519074435,0.02809464301599079
2017-10-10,0,0.995447438803555,7.327672140926038e-08,0.004552481518466085,6.401257407908424e-09,0.995447438803555,0.029090864484320935,0.020984622963351345
2017-10-11,0,0.9967313849791144,3.569961150560553e-08,0.00326857730575656,2.015517658295954e-09,0.9967313849791144,0.021971296672514812,0.01584894037566865
2017-10-12,0,0.995852175497369,3.738791624841574e-08,0.004147785015833362,2.0988813737859753e-09,0.995852175497369,0.026891242512475922,0.019397931108045743
2017-10-13,0,0.9811885565579833,5.028733044381315e-07,0.018810896140620464,4.4428091691097674e-08,0.9811885565579833,0.0933831244423375,0.06736168526783863
2017-10-16,0,0.9955559737243294,2.1105677150868878e-07,0.004443802901233808,1.2317665367597884e-08,0.9955559737243294,0.02850632962319671,0.020562970190666024
2017-10-17,0,0.9957605169039395,6.123010037277647e-08,0.004239418177879016,3.688081219823965e-09,0.9957605169039395,0.027392909622257364,0.019759807433775135
2017-10-18,0,0.9802365994143185,4.570481980274867e-07,0.019762925004731993,1.8532751336328085e-08,0.9802365994143185,0.09712248887604076,0.07005906653012876
2017-10-19,0,0.9954263966010659,2.1113054169983799e-07,0.004573380049013028,1.2219379451727674e-08,0.9954263966010659,0.02920569387862334,0.021067454862205525
2017-10-20,0,0.8580051026136399,4.61255659408118e-06,0.14199004921035024,2.356194158119169e-07,0.8580051026136399,0.4086239945271668,0.29475990524629125
2017-10-23,0,0.9794314706719996,2.211511517635168e-06,0.02056619150031051,1.2631617213408385e-07,0.9794314706719996,0.10026761916493152,0.07232779846549495
2017-10-24,0,0.9906445661241698,4.779034243852721e-07,0.009354930144582491,2.5827823199514006e-08,0.9906445661241698,0.05302378839654316,0.03824857828441929
2017-10-25,0,0.9948393086120589,1.2953058764531685e-07,0.005160555438352938,6.419000471562604e-09,0.9948393086120589,0.03232868182666002,0.023320214474899785
2017-10-26,0,0.9924508068110013,7.322179046897345e-08,0.007549114508976433,5.4582318097960405e-09,0.9924508068110013,0.044409359919238646,0.03203458166226935
2017-10-27,0,0.9956104743924017,9.576294996936002e-08,0.004389423860104511,5.984543890905407e-09,0.9956104743924017,0.028209777424201537,0.020349052997238496
2017-10-30,0,0.9899390394055264,1.874420586751298e-07,0.01006075964613865,1.3506276450871703e-08,0.9899390394055264,0.05628389322321951,0.04060024681753136
2017-10-31,0,0.9957030336020883,1.0027035608790442e-07,0.004296860127061298,6.000494168596292e-09,0.9957030336020883,0.027706782900816462,0.01998621914499752
2017-11-01,0,0.995491967336749,5.397430510644234e-08,0.004507975437966038,3.2509796950572217e-09,0.995491967336749,0.028850487631949247,0.020811227716920778
2017-11-02,0,0.9941246547529379,8.293127045102264e-08,0.005875256889909302,5.425882435444861e-09,0.9941246547529379,0.036040733907197295,0.025997894038956127
2017-11-03,0,0.9148821175373207,9.329134684379518e-07,0.08511677711370749,1.7243550334077207e-07,0.9148821175373207,0.29110845495853915,0.2099903621647663
2017-11-06,0,0.9627773822432782,4.876327090266537e-06,0.03721705645297468,6.849766568723463e-07,0.9627773822432782,0.15907135292568175,0.11474572600668959
2017-11-07,0,0.904547859736932,7.981454447397125e-06,0.0954433220457755,8.367628452228286e-07,0.904547859736932,0.3150673149415271,0.2272730264061712
2017-11-08,0,0.9902082666831208,9.042223996084539e-07,0.009790781255711459,4.783876812221457e-08,0.9902082666831208,0.055052255362461784,0.03971180790058823
2017-11-09,0,0.9957273067499063,1.0094034849716146e-07,0.004272587332026595,4.97771849055431e-09,0.9957273067499063,0.02757452618776521,0.019890816092975862
2017-11-10,0,0.9512286126506436,1.9388490892735803e-06,0.04876936892780437,7.957246269105891e-08,0.9512286126506436,0.19490437891082674,0.1405937904510966
2017-11-13,0,0.9950629958889514,3.5557256053726503e-07,0.00493662946211096,1.9076377145725874e-08,0.9950629958889514,0.031149213026921946,0.022469407580767094
2017-11-14,0,0.9927035200794528,1.4520097269626967e-07,0.007296326074006992,8.645567334973649e-09,0.9927035200794528,0.043172970875383763,0.031142715491179904
2017-11-15,0,0.9516313427860807,2.1397837463086736e-06,0.04836636065207212,1.567781009108475e-07,0.9516313427860807,0.1937092785186695,0.13973170774653176
2017-11-16,0,0.9839731280724084,1.4865474790127362e-06,0.016025313079637546,7.230047498207569e-08,0.9839731280724084,0.0821608924248897,0.05926655602819999
2017-11-17,0,0.9934158899277069,3.406423442905153e-07,0.006583744671502092,2.475844682656403e-08,0.9934158899277069,0.03963904126434733,0.02859352412883344
2017-11-20,0,0.9969204457640194,5.309543854934324e-08,0.003079498276147089,2.8643948823911112e-09,0.9969204457640194,0.02088445669193136,0.015064951050554849
2017-11-21,0,0.9868820979220325,1.989291600826738e-07,0.013117689419920262,1.37288871759918e-08,0.9868820979220325,0.06988416052468747,0.05041076591282744
2017-11-22,0,0.9955519194940272,1.4596321920902015e-07,0.004447926689241457,7.853512062548382e-09,0.9955519194940272,0.028527551030012057,0.02057827819985262
2017-11-24,0,0.9970538483488652,3.34240047168723e-08,0.002946116489092885,1.738037280593061e-09,0.9970538483488652,0.02011022652893396,0.01450646204222335
2017-11-27,0,0.9958797341396833,3.490786743990722e-08,0.004120229334343703,1.6181054311892833e-09,0.9958797341396833,0.02674006488136249,0.019288879498695396
2017-11-28,0,0.9950044770007586,5.738369381433231e-08,0.004995462054052662,3.561494941409575e-09,0.9950044770007586,0.03145612985510578,0.022690801273760188
2017-11-29,0,0.9710964634373059,8.115452605080888e-07,0.02890268941825841,3.559917528608672e-08,0.9710964634373059,0.13091968467722628,0.09443858991929059
2017-11-30,0,0.9933187344838726,3.612954444935545e-07,0.006680883759623835,2.046105907834902e-08,0.9933187344838726,0.04012585726618744,0.028944687644673502
2017-12-01,0,0.9360466847720007,3.789850163274399e-06,0.06394909189849078,4.334793453326931e-07,0.9360466847720007,0.23775568591957025,0.17150447450965897
2017-12-04,0,0.9894346847010868,1.394900449421501e-06,0.010563854975691674,6.542277214596644e-08,0.9894346847010868,0.05859808302270566,0.042269581891228605
2017-12-05,0,0.9929796786106407,2.487732597946113e-07,0.007020057183925065,1.543217447076579e-08,0.9929796786106407,0.041812032324095035,0.030161005841730475
2017-12-06,0,0.9956630809440755,1.2623630898039307e-07,0.004336785722819655,7.096795937588246e-09,0.9956630809440755,0.027924450478224148,0.020143233112241712
2017-12-07,0,0.9843656602493687,3.207183178425024e-07,0.015634004872707906,1.4159605516219881e-08,0.9843656602493687,0.08052752394473514,0.058088329725068326
2017-12-08,0,0.9949910668353312,1.5110008920583965e-07,0.005008772617772607,9.446806869942247e-09,0.9949910668353312,0.031528201727787905,0.02274279014041323
2017-12-11,0,0.9968854255551801,3.991027435049205e-08,0.003114532204881077,2.3296645244626604e-09,0.9968854255551801,0.02108651711215727,0.015210706833664779
2017-12-12,0,0.9944542730568029,6.528177456103561e-08,0.005545658474763754,3.186658812524173e-09,0.9944542730568029,0.03433971672547081,0.024770869512684264
2017-12-13,0,0.9894653613294684,2.810794913523914e-07,0.01053433952238867,1.8068651451382027e-08,0.9894653613294684,0.058447574134720646,0.04216101267807576
2017-12-14,0,0.9947749528223168,1.527796318246707e-07,0.005224884366028759,1.0032022751957607e-08,0.9947749528223168,0.032667183381699265,0.023564391732293945
2017-12-15,0,0.9923273693715345,1.5303449792268392e-07,0.007672467008698631,1.058526889500727e-08,0.9923273693715345,0.045011528881906404,0.03246895475037836
2017-12-18,0,0.9759951401242315,9.787560084506615e-07,0.02400384008218944,4.103757059788273e-08,0.9759951401242315,0.11325196751914005,0.08169402595539066
2017-12-19,0,0.8633804577169669,3.292836467897434e-05,0.13658531486032638,1.299058027695239e-06,0.8633804577169669,0.39910275216606855,0.28789178067756205
2017-12-20,0,0.9368906842770011,1.3382536945489456e-05,0.06309534882214661,5.843639068419314e-07,0.9368906842770011,0.23557249425387736,0.16992963461495636
2017-12-21,0,0.9847179827671176,1.6711330196457866e-06,0.015280225731564403,1.203682982867399e-07,0.9847179827671176,0.07907840947756895,0.057043014597337766
2017-12-22,0,0.9961408475283003,1.1961541083542498e-07,0.003859026400777984,6.4555107789868964e-09,0.9961408475283003,0.025299647781909067,0.018249838195598837
2017-12-26,0,0.9952312510412166,5.5977692752697506e-08,0.004768688670461843,4.310628758489803e-09,0.9952312510412166,0.030250280486008405,0.021820964821332254
2017-12-27,0,0.9767119260289422,6.183204788683796e-07,0.02328740030085847,5.5349720607377197e-08,0.9767119260289422,0.11058150638942812,0.07976769544102959
2017-12-28,0,0.9960773245528697,1.7046257562396772e-07,0.003922496194583993,8.789970699638681e-09,0.9960773245528697,0.025652448835872917,0.018504330361085862
2017-12-29,0,0.9959672425224951,3.757560456028473e-08,0.00403271767178587,2.2301145271081526e-09,0.9959672425224951,0.02625894371477149,0.01894182393814162
2018-01-02,0,0.9471628982150205,1.5670463693343114e-06,0.05283545752151913,7.721709113166004e-08,0.9471628982150205,0.20680468439834174,0.1491780463070474
2018-01-03,0,0.9904359232683665,1.0616969845338205e-06,0.009562944681076707,7.035357227674298e-08,0.9904359232683665,0.05400030739197475,0.0389529878404408
2018-01-04,0,0.9961758628601279,8.629470076589184e-08,0.0038240463207277493,4.5244434482285534e-09,0.9961758628601279,0.025104654345352573,0.01810918016363586
2018-01-05,0,0.9935776785298875,7.768687000562297e-08,0.006422239837540131,3.945702342031321e-09,0.9935776785298875,0.038822394005093776,0.028004437653293107
2018-01-08,0,0.9959272016567933,6.266012334212132e-08,0.004072732265460923,3.417622453804192e-09,0.9959272016567933,0.026479641584765175,0.019101023799428945
2018-01-09,0,0.8965663559997645,3.64076365724755e-06,0.10342983733045752,1.6590612079791829e-07,0.8965663559997645,0.3326059703529107,0.23992449199910293
2018-01-10,0,0.8565550679330646,1.3024870722872636e-05,0.14343070806106986,1.1991351426593369e-06,0.8565550679330646,0.41131755018345906,0.29670289494013685
2018-01-12,0,0.8255416363846175,8.741085359609456e-05,0.17436356593908764,7.386822698582285e-06,0.8255416363846175,0.4637189378542775,0.3345025060043318
2018-01-16,0,0.9809750435399182,2.848709681345678e-06,0.01902197374501757,1.3400538294155152e-07,0.9809750435399182,0.09424943025477663,0.06798659281758823
2018-01-17,0,0.9896575319554344,5.441157626073012e-07,0.010341890880695367,3.3048107604536934e-08,0.9896575319554344,0.0575757147162108,0.041532099048357515
2018-01-18,0,0.9778284394316564,1.050073341688895e-06,0.022170459266748845,5.122825282445793e-08,0.9778284394316564,0.10638640885493564,0.07674157223650067
2018-01-19,0,0.9897328915543357,4.3225647553888845e-07,0.010266648809538521,2.7379650177215216e-08,0.9897328915543357,0.057230523844350796,0.04128309646886123
2018-01-22,0,0.9952957028595568,1.2380639154243848e-07,0.004704166243726819,7.090324784254973e-09,0.9952957028595568,0.029906386473604454,0.02157289772818896
2018-01-23,0,0.9964708587653311,4.492794323413993e-08,0.0035290935351407933,2.7715847612781712e-09,0.9964708587653311,0.023451503871663715,0.016916684168518784
2018-01-24,0,0.9889909979140251,1.2919440542994034e-07,0.011008865517203929,7.374365700899516e-09,0.9889909979140251,0.060589939994285275,0.043706402978757615
2018-01-25,0,0.9855212449916292,8.022494023895365e-07,0.014477894759662421,5.799930593271678e-08,0.9855212449916292,0.07570145456741116,0.05460705654624263
2018-01-26,0,0.9888122804839447,4.498985202416636e-07,0.011187246681668536,2.2935866588164145e-08,0.9888122804839447,0.06139596564153746,0.04428782758081764
2018-01-29,0,0.9810935629501549,5.814590842518248e-07,0.01890582260284454,3.2987916262521726e-08,0.9810935629501549,0.09375918844297947,0.06763295810223015
2018-01-30,0,0.9836173107433035,1.2021600271466416e-06,0.016381435886844386,5.120982510353978e-08,0.9836173107433035,0.08361901988098798,0.0603183726531485
2018-01-31,0,0.9928098036082039,3.347623561913551e-07,0.00718984037690013,2.1252539709199303e-08,0.9928098036082039,0.0426521342729721,0.03076701129947352
2018-02-01,0,0.9682630044819518,1.3880838691266847e-06,0.03173555168446036,5.5749718778463224e-08,0.9682630044819518,0.14074535256613774,0.10152631108766783
2018-02-02,2,0.017099991594643153,0.0030603554225332465,0.9797066803652861,0.00013297261753752584,0.9797066803652861,0.10856426399249695,0.07831256263986781
2018-02-05,2,1.6902305166992616e-05,0.0027612815144275223,0.997015193607885,0.00020662257252042755,0.997015193607885,0.02118882174853164,0.015284504029443405
2018-02-06,2,0.013066150296238765,0.0009757301395809051,0.9858898259268111,6.829363736914788e-05,0.9858898259268111,0.07810672021054232,0.0563420889539256
2018-02-07,2,0.011684546539802065,0.0016609202107998344,0.9865983425531852,5.619069621278741e-05,0.9865983425531852,0.07648215347330697,0.05517021176622429
2018-02-08,2,0.00015155960607561084,0.0010719445416723476,0.9986400547355321,0.00013644111671982066,0.9986400547355321,0.011236447538572536,0.0081053835705538
2018-02-09,2,4.9064228727955165e-05,0.0006761127476795807,0.9990131984826317,0.0002616245409607178,0.9990131984826317,0.008566233471296432,0.006179231274068207
2018-02-12,2,0.2687134039080728,0.00020977651763420916,0.7310639430746853,1.2876499607521122e-05,0.7310639430746853,0.5840495852953962,0.42130272016946185
2018-02-13,2,0.5196996417010669,0.00012064658762660044,0.48017083286929213,8.878842014360168e-06,0.5196996417010669,0.6935971777811947,0.5003246043797551
2018-02-14,2,0.2262363545601057,0.00019069874115063123,0.7735525273008724,2.04193978713179e-05,0.7735525273008724,0.5366992895747686,0.38714670175907423
2018-02-15,0,0.7075248613204206,7.943177196829013e-05,0.2923906053802509,5.101527360353418e-06,0.7075248613204206,0.6051456797882665,0.43652033562295633
2018-02-16,0,0.8633044453449967,2.0912443693750546e-05,0.13667295000854712,1.6922027624439445e-06,0.8633044453449967,0.39914475312973685,0.28792207796856045
2018-02-20,0,0.9782289778213451,2.4011652797328948e-06,0.021768489904858565,1.3110851655547892e-07,0.9782289778213451,0.10487980470106363,0.07565478706581374
2018-02-21,0,0.9380027433216251,9.207268069051879e-06,0.061987690920414604,3.5848989128773694e-07,0.9380027433216251,0.2325230916931744,0.1677299556389562
2018-02-22,0,0.9903752477257671,7.637102730910117e-07,0.009623938506138333,5.0057821447498296e-08,0.9903752477257671,0.054278658139251555,0.0391537754618028
2018-02-23,0,0.9095386268765864,6.707218091207785e-06,0.09045403204291884,6.338624035247464e-07,0.9095386268765864,0.30368262061677403,0.2190607053839922
2018-02-26,0,0.9853884671540764,1.803830319597739e-06,0.014609626004289129,1.0301131495594793e-07,0.9853884671540764,0.07627114480764408,0.05501800118845606
2018-02-27,0,0.9637761591061668,2.159413948603099e-06,0.03622155112981608,1.3035006839527958e-07,0.9637761591061668,0.15577669149953435,0.11236913015623408
2018-02-28,0,0.9487385515274561,7.766481804281411e-06,0.051253202163267966,4.798274716101923e-07,0.9487385515274561,0.2022949899913026,0.14592498942856738
2018-03-01,0,0.895684166686333,1.2465512339533197e-05,0.10430244253661428,9.252647132877835e-07,0.895684166686333,0.3346003879126963,0.2413631601605852
2018-03-02,0,0.9554925891328313,7.843928629809862e-06,0.0444991697787716,3.971597672371083e-07,0.9554925891328313,0.18209407833910077,0.13135311189753354
2018-03-05,0,0.9885048931653346,1.0560430693764244e-06,0.011493991104358961,5.9687237001886e-08,0.9885048931653346,0.0627756784636816,0.04528308000399677
2018-03-06,0,0.9942013813901437,1.9577719107111455e-07,0.0057984115438926105,1.1288772544644433e-08,0.9942013813901437,0.03564781718933711,0.025714464538786497
2018-03-07,0,0.9944689277450367,1.1675624889317322e-07,0.005530949379649113,6.11906533988048e-09,0.9944689277450367,0.03426426019487549,0.02471643913143799
2018-03-08,0,0.9963268583494752,5.490389903403389e-08,0.0036730835312986736,3.215327126951049e-09,0.9963268583494752,0.0242613328792532,0.017500852315127477
2018-03-09,0,0.9778826270393199,3.8182517027066464e-07,0.02211696627446311,2.4861046574467084e-08,0.9778826270393199,0.1061738706632682,0.07658825833894162
2018-03-12,0,0.9906589668520288,5.478502025093695e-07,0.009340450366398918,3.4931369713243576e-08,0.9906589668520288,0.05295743578331829,0.03820071499139452
2018-03-13,0,0.9907702116116436,2.5994710528533e-07,0.009229511328489304,1.7112761730457628e-08,0.9907702116116436,0.05243479309014616,0.03782370798059638
2018-03-14,0,0.9876128526928205,4.0642759516060605e-07,0.012386713260734252,2.7618850109712226e-08,0.9876128526928205,0.06670824871949754,0.04811982980700333
2018-03-15,0,0.996292505662366,1.0145839558738917e-07,0.0037073876620707428,5.217167526879496e-09,0.996292505662366,0.024454181124461516,0.017639962918630563
2018-03-16,0,0.9937637107038843,6.628026297001023e-08,0.006236219656522094,3.359330834403486e-09,0.9937637107038843,0.037881628058798064,0.027325818470614088
2018-03-19,0,0.982916466179648,3.3667502429427886e-07,0.017083177450355796,1.9694971743712748e-08,0.982916466179648,0.08646488172084875,0.06237122803485964
2018-03-20,0,0.9946322596475835,2.0553283247323733e-07,0.005367522854944232,1.1964639830910768e-08,0.9946322596475835,0.033414819859405476,0.024103697451681165
2018-03-21,0,0.994759934609609,9.636900188181986e-08,0.005239962672188556,6.349200474966032e-09,0.994759934609609,0.032745343207743804,0.023620772129009544
2018-03-22,2,0.24639251936791898,3.480859123258128e-05,0.7535697276589142,2.944381934288275e-06,0.7535697276589142,0.5587590095815393,0.4030594260876578
2018-03-23,2,0.34210746905538214,0.00011620495028996734,0.6577647830871407,1.1542907187215123e-05,0.6577647830871407,0.6436817804958389,0.4643182563159626
2018-03-26,2,0.08984107474997216,0.00033966515621770724,0.909784029736652,3.5230357158191056e-05,0.909784029736652,0.3055838315025521,0.22043213914229026
2018-03-27,2,0.10174300837288118,0.000297417153332661,0.8979394453142934,2.0129159492836144e-05,0.8979394453142934,0.3318121824116529,0.2393518950359179
2018-03-28,0,0.7415616628193267,5.02812787467362e-05,0.25838542836272993,2.6275391965629725e-06,0.7415616628193267,0.5719298738491987,0.4125601963692447
2018-03-29,0,0.8992477885096238,3.435930969548593e-05,0.10071534771270434,2.504467976391837e-06,0.8992477885096238,0.3270703338943487,0.23593137436563716
2018-04-02,0,0.7541452279967903,7.714517860569133e-05,0.2457740669737103,3.559850893821911e-06,0.7541452279967903,0.5584778283027858,0.4028565966694335
2018-04-03,0,0.8673648711595234,3.31358229317789e-05,0.13260045232373935,1.5406938054246498e-06,0.8673648711595234,0.39169248627479397,0.28254640375105683
2018-04-04,0,0.9706353145915346,3.846547836468355e-06,0.029360624320935395,2.145396933061503e-07,0.9706353145915346,0.13256775657377853,0.0956274224953828
2018-04-05,0,0.9515852408842637,5.160292935142458e-06,0.04840937319211559,2.2563068541157044e-07,0.9515852408842637,0.19387623116966565,0.13985213862735946
2018-04-06,0,0.7248456781701542,6.136220837374889e-05,0.2750887594056686,4.2002158032605785e-06,0.7248456781701542,0.5889464035483687,0.4248350278743109
2018-04-09,0,0.9248699145551548,9.269192627549452e-06,0.07511979204571509,1.0242065026480917e-06,0.9248699145551548,0.2668163480341694,0.19246731106849999
2018-04-10,0,0.8286992781474561,2.9591867267746153e-05,0.1712679324403292,3.1975449469502944e-06,0.8286992781474561,0.4582666678938806,0.3305695245876056
2018-04-11,0,0.9810513159401683,2.156457128525896e-06,0.018946385256887705,1.423458155403294e-07,0.9810513159401683,0.09394244896074457,0.06776515262231537
2018-04-12,0,0.9896784186084155,5.368868134558679e-07,0.010321018361055393,2.6143715595692316e-08,0.9896784186084155,0.0574802667154688,0.04146324786969089
2018-04-13,0,0.9967147258718646,7.038299423331616e-08,0.0032852000448170366,3.700324128537493e-09,0.9967147258718646,0.022066953219493424,0.015917941988645955
2018-04-16,0,0.9857123104492365,1.3327013201837448e-07,0.014287546390474228,9.890157314794546e-09,0.9857123104492365,0.07488616361684121,0.054018948440608165
2018-04-17,0,0.9708999572426794,1.3856591146167351e-06,0.02909853435083779,1.2274736814729812e-07,0.9708999572426794,0.131616592895971,0.09494130293485947
2018-04-18,0,0.9459219789279707,9.068603419412809e-06,0.05406842231938233,5.301492275847287e-07,0.9459219789279707,0.21044655376308893,0.1518050997430905
2018-04-19,0,0.9423131833892857,1.1678589519795175e-05,0.057674566019386184,5.720018081625449e-07,0.9423131833892857,0.22067286465625946,0.15918182374917347
2018-04-20,0,0.9862835163014517,1.5287384577743195e-06,0.013714882910040858,7.205004959578249e-08,0.9862835163014517,0.07247052247738832,0.05227643169438014
2018-04-23,0,0.9906783095987766,2.364923045312206e-07,0.009321436175203517,1.773371536031629e-08,0.9906783095987766,0.05286383475151248,0.03813319611919035
2018-04-24,0,0.9788210232460824,8.378642186289082e-07,0.021178099825860427,3.906383840328864e-08,0.9788210232460824,0.1026025698702639,0.07401210936714654
2018-04-25,0,0.9815806141297785,8.031378502441714e-07,0.01841851902193263,6.371043861482438e-08,0.9815806141297785,0.09183193274229125,0.06624273698127621
2018-04-26,0,0.9831470869694799,9.112947056588233e-07,0.016851930881745542,7.085406887399086e-08,0.9831470869694799,0.08553526069698773,0.061700648214344435
2018-04-27,0,0.9837053173707462,9.032674930097384e-07,0.016293710230136763,6.913162420658657e-08,0.9837053173707462,0.08325572399920535,0.06005631006963691
2018-04-30,0,0.987770494778476,4.0071769941393957e-07,0.012229069524243023,3.497958159124383e-08,0.987770494778476,0.06601700249388766,0.04762120105614303
2018-05-01,0,0.9941897328541062,2.264270225606211e-07,0.005810027992793365,1.2726077907060517e-08,0.9941897328541062,0.03570806180938674,0.025757921846079418
2018-05-02,0,0.8736346255065082,9.024177721662384e-07,0.1263642887653053,1.833104144347926e-07,0.8736346255065082,0.3794328048727826,0.2737029129702766
2018-05-03,0,0.97132480264587,2.491877642423633e-06,0.028672489281678513,2.161948090937415e-07,0.97132480264587,0.13013498607335397,0.09387254952709105
2018-05-04,0,0.977567748524277,1.8755175262136337e-06,0.022430226102646098,1.4985555066162114e-07,0.977567748524277,0.10738115831841735,0.0774591322954467
2018-05-07,0,0.9944988769771482,2.1222088116427253e-07,0.005500898476629228,1.232534135865423e-08,0.9944988769771482,0.03410976515387776,0.024604994516693308
2018-05-08,0,0.9642085942351634,4.397963684498691e-07,0.03579092112316077,4.4845307309493085e-08,0.9642085942351634,0.15433625931013725,0.11133007796804406
2018-05-09,0,0.8946596765948761,7.4896946259893226e-06,0.1053320219106824,8.117998156614908e-07,0.8946596765948761,0.3367502613765165,0.2429139660529813
2018-05-10,0,0.5205569068150186,7.658099561669703e-05,0.47935040122191547,1.6110967449205592e-05,0.5205569068150186,0.6932298830850522,0.5000596572614203
2018-05-11,0,0.924735733573529,1.1947286343050819e-05,0.07525162616509881,6.929750290876293e-07,0.924735733573529,0.26717307104528126,0.19272463232805098
2018-05-14,0,0.9897604793957905,1.0540937712394786e-06,0.010238415263414792,5.1247023534646667e-08,0.9897604793957905,0.05711069412438318,0.04119665759748704
2018-05-15,0,0.8552903666578233,1.318483787569412e-05,0.1446954460249796,1.0024793214316296e-06,0.8552903666578233,0.413570333064166,0.29832793428523463
2018-05-16,0,0.9870472367998312,1.5327949467626838e-06,0.012951148025055434,8.238016659854336e-08,0.9870472367998312,0.06918345949141132,0.049905316959900796
2018-05-17,0,0.9889005476817022,3.1444510872536064e-07,0.011099119310191133,1.8562997966147334e-08,0.9889005476817022,0.06099857242686498,0.044001168970772185
2018-05-18,0,0.9778170213097541,6.280052923602751e-07,0.02218229316136385,5.7523589608922004e-08,0.9778170213097541,0.10642542047731086,0.07676971317356956
2018-05-21,0,0.9895309929319043,4.1618789711082173e-07,0.010468557656972433,3.3223226168708414e-08,0.9895309929319043,0.05815082374724517,0.04194695252187939
2018-05-22,0,0.9792809231598456,5.484956423816467e-07,0.02071849023476007,3.810975177923745e-08,0.9792809231598456,0.10083146333970164,0.07273452606288244
2018-05-23,0,0.9945670479197763,2.9247717525174227e-07,0.00543264113232669,1.8470721786684732e-08,0.9945670479197763,0.033755911542860145,0.024349743091785427
2018-05-24,0,0.9813386867153157,3.925684283841084e-07,0.01866088585696545,3.4859290493320453e-08,0.9813386867153157,0.09278754963259503,0.0669320688555917
2018-05-25,0,0.9909660605558833,6.468893107005441e-07,0.009033249026860358,4.3527945692704474e-08,0.9909660605558833,0.051521053154996374,0.037164583944044975
2018-05-29,2,0.029419982757750873,0.0004999548172595717,0.9700186391353552,6.142328963428335e-05,0.9700186391353552,0.13766042524738004,0.09930100641553052
2018-05-30,2,0.2377011015467843,0.00028126790992095486,0.7620018236866061,1.5806856688647966e-05,0.7620018236866061,0.551106351141029,0.39753919989678715
2018-05-31,2,0.42688837772987065,7.090798926150754e-05,0.5730334286999437,7.285580924114789e-06,0.5730334286999437,0.6832164453131885,0.49283648875356134
2018-06-01,2,0.5389118288717765,0.00011716714593402032,0.46096414278334014,6.86119894936559e-06,0.5389118288717765,0.6912860120791462,0.4986574507312462
2018-06-04,0,0.8246594797904151,4.9779583047286814e-05,0.17528808867345663,2.651953081030047e-06,0.8246594797904151,0.46474245032671,0.33524081418846496
2018-06-05,0,0.9868804837360929,1.4712292935507826e-06,0.01311796665042741,7.83841862586463e-08,0.9868804837360929,0.06990439977511315,0.050425365445937655
2018-06-06,0,0.9704535853341525,1.410925036696021e-06,0.029544920692104293,8.304870660559221e-08,0.9704535853341525,0.13317850177915955,0.09606798203490774
2018-06-07,0,0.9741804948465255,2.0700362293551077e-06,0.0258172172341442,2.1788310103448093e-07,0.9741804948465255,0.11991988136771066,0.08650390907659448
2018-06-08,0,0.9947440995201894,2.6956482376023813e-07,0.005255615014594384,1.5900392407746026e-08,0.9947440995201894,0.03283030302341611,0.02368205768138218
2018-06-11,0,0.9943495533911393,6.50289579485078e-08,0.005650377681250834,3.898651794945521e-09,0.9943495533911393,0.034882145016289674,0.025162148815285394
2018-06-12,0,0.9805365120862973,2.239329833968119e-07,0.019463245013417587,1.8967301708237864e-08,0.9805365120862973,0.09594674861962699,0.06921094921147793
2018-06-13,0,0.9955163877706472,1.5231645666878935e-07,0.004483450750845754,9.16205048504695e-09,0.9955163877706472,0.028719748754314083,0.020716919551712957
2018-06-14,0,0.9949569221608595,9.003314949164452e-08,0.005042982144024559,5.66196645646761e-09,0.9949569221608595,0.03170806173465539,0.022872531710394217
2018-06-15,0,0.988369433723984,5.395866102482454e-07,0.011629991357676126,3.5331729786099744e-08,0.988369433723984,0.06337299728749617,0.045713954456470224
2018-06-18,0,0.9535788475148295,6.810819089338154e-07,0.04642034897711638,1.2242614523293587e-07,0.9535788475148295,0.18784951716755466,0.13550478342550865
2018-06-19,0,0.8836898365883852,1.0414135987047058e-05,0.11629860838526146,1.1408903664018557e-06,0.8836898365883852,0.3596299853809025,0.25941819823199924
2018-06-20,0,0.31415432663805654,9.274634609876882e-05,0.6857407350516447,1.2191964199978849e-05,0.6857407350516447,0.6234488933890382,0.44972331337003874
2018-06-21,2,0.08349438901789871,0.00032203895553397944,0.9161587936043046,2.4778422262566732e-05,0.9161587936043046,0.2903907733565877,0.20947266432073
2018-06-22,2,0.2359894574997582,0.0002607834337529839,0.7637307967338385,1.8962332650341428e-05,0.7637307967338385,0.5489753079801617,0.39600197719673536
2018-06-25,0,0.5860666329694437,9.874239657017939e-05,0.41382925205663096,5.372577355145887e-06,0.5860666329694437,0.6792463680215507,0.4899726833432655
2018-06-26,0,0.8926208140749324,1.2672711785197763e-05,0.10736550713684832,1.0060764339556287e-06,0.8926208140749324,0.34114051288140945,0.2460808630901635
2018-06-27,0,0.9371427311383006,9.006739233553917e-06,0.06284725676119195,1.005361273925019e-06,0.9371427311383006,0.23485890271664617,0.16941488712896446
2018-06-28,0,0.9895204576019111,1.0231030351661863e-06,0.010478459491172841,5.980388092085732e-08,0.9895204576019111,0.05820490704678771,0.04198596537590186
2018-06-29,0,0.9885379574265224,3.3533781127995756e-07,0.01146168764843984,1.958722656657902e-08,0.9885379574265224,0.06262081081084893,0.04517136660662887
2018-07-02,0,0.9816664145895484,1.5482991381250442e-06,0.01833193475916805,1.0235214536991108e-07,0.9816664145895484,0.09149828561965899,0.06600206145666199
2018-07-03,0,0.9836055453873256,8.732224344887627e-07,0.016393525328328183,5.606191154652289e-08,0.9836055453873256,0.08366407560526651,0.06035087348813865
2018-07-05,0,0.9871643479364725,4.876148531184968e-07,0.012835126742831146,3.7705843285680695e-08,0.9871643479364725,0.0686649394623015,0.04953128382260163
2018-07-06,0,0.991074858883485,3.0288593713819084e-07,0.008924817786756332,2.0443821535223556e-08,0.991074858883485,0.051005596785884295,0.03679276077028866
2018-07-09,0,0.9738116176527187,7.382017431709336e-07,0.02618759777073812,4.6374799898454255e-08,0.9738116176527187,0.12124116135711085,0.08745701112076124
2018-07-10,0,0.9915800969747567,4.714758692262116e-07,0.008419406726518648,2.48228555799175e-08,0.9915800969747567,0.04861298238900657,0.03506685430772115
2018-07-11,0,0.9519328146539173,2.160415078181948e-05,0.04804398639598441,1.5947993165081478e-06,0.9519328146539173,0.19299052987324472,0.13921324019333176
2018-07-12,0,0.983779532915101,1.9861723919829792e-06,0.016218378318426513,1.0259408047596344e-07,0.983779532915101,0.08296176001421546,0.05984425987796447
2018-07-13,0,0.9950069863292395,1.847232023638769e-07,0.004992818730176666,1.021738146819227e-08,0.9950069863292395,0.03144429409150657,0.022682263575035333
2018-07-16,0,0.9878872594593648,5.621818719184093e-07,0.012112146236300388,3.212246292376558e-08,0.9878872594593648,0.0655052488706514,0.04725204884894307
2018-07-17,0,0.9950130055687867,1.264501928854174e-07,0.00498685989640115,8.084619258134633e-09,0.9950130055687867,0.03141178697180768,0.022658814644843744
2018-07-18,0,0.9959493516777548,5.638469684112904e-08,0.0040505891152774936,2.8222709974109585e-09,0.9959493516777548,0.026357691838005473,0.019013055651985
2018-07-19,0,0.9953832792769468,4.7346354011914914e-08,0.0046166705240069,2.8526919712706705e-09,0.9953832792769468,0.029435732223894725,0.02123339245217419
2018-07-20,0,0.9645589685851854,1.1948548784416773e-06,0.03543978777643178,4.878350448889501e-08,0.9645589685851854,0.15318862147364584,0.11050223226032271
2018-07-23,0,0.9600819152985149,6.194042212089265e-06,0.03991163310121416,2.5755805879641207e-07,0.9600819152985149,0.16774758618188126,0.12100430535284705
2018-07-24,0,0.7954938404049995,2.964487887910756e-05,0.20447419869535075,2.3160207707138176e-06,0.7954938404049995,0.5069065530759077,0.3656557851583651
2018-07-25,0,0.978820757340214,3.472804363641523e-06,0.021175565870874234,2.0398454803003148e-07,0.978820757340214,0.10263000341736112,0.07403189848832213
2018-07-26,0,0.8869340386557865,9.14629652259141e-06,0.11305626935448573,5.45693205096941e-07,0.8869340386557865,0.3529803964789178,0.25462153376557745
2018-07-27,0,0.982352206597794,2.2759057754112815e-06,0.017645406314612307,1.1118181829549307e-07,0.982352206597794,0.08876194066168629,0.06402820580614763
2018-07-30,0,0.9930473722884827,2.3306416095271664e-07,0.006952379292249363,1.5355106938403577e-08,0.9930473722884827,0.04147632528801387,0.02991884440365756
2018-07-31,0,0.993207923894827,1.4597475697924896e-07,0.0067919211846477244,8.945768206709305e-09,0.993207923894827,0.04067683709080993,0.029342135574979868
2018-08-01,0,0.9732755960147471,1.1201844069377263e-06,0.026723223646758644,6.01540871102073e-08,0.9732755960147471,0.12317788817409177,0.08885406420796875
2018-08-02,0,0.9859396325422506,6.004104528319673e-07,0.014059716617855109,5.042944156953771e-08,0.9859396325422506,0.07392734225175915,0.05332730502635703
2018-08-03,0,0.9952789283377842,1.7345296095925473e-07,0.004720888019793385,1.0189461509947498e-08,0.9952789283377842,0.029996733000276207,0.0216380689711844
2018-08-06,0,0.9920589554344139,9.256310636949064e-08,0.007940945540199253,6.462280497115685e-09,0.9920589554344139,0.04631126402896045,0.03340651547594034
2018-08-07,0,0.9934083316934872,1.446091428175195e-07,0.006591515835833631,7.861536427816384e-09,0.9934083316934872,0.039674727102741586,0.02861926601987412
2018-08-08,0,0.9934446261816918,1.5522691609605711e-07,0.006555209357206007,9.234186251715913e-09,0.9934446261816918,0.03949272852607902,0.02848798179787415
2018-08-09,0,0.9778712189724867,5.053693751589227e-07,0.022128234031499414,4.162663868439503e-08,0.9778712189724867,0.10621865514702826,0.07662056351525633
2018-08-10,2,0.007418844789469002,4.183488179889579e-05,0.9925021074452786,3.7212883453478175e-05,0.9925021074452786,0.044651037763812254,0.03220891537619888
2018-08-13,2,0.0007652139546957326,0.0001018887242102172,0.9990972059168955,3.5691404198537014e-05,0.9990972059168955,0.007695093080610169,0.005550836313287634
2018-08-14,2,0.0524218107553338,0.0001535520013164274,0.9474080178854924,1.6619357857369132e-05,0.9474080178854924,0.20727760139756168,0.14951918381181076
2018-08-15,2,0.3883561872023326,0.00029775289469786216,0.6113303196502473,1.5740252722242827e-05,0.6113303196502473,0.6707580104388471,0.4838496276483361
2018-08-16,0,0.8775880400754253,2.6402145933597406e-05,0.12238427018721347,1.2875914274697902e-06,0.8775880400754253,0.37196859003831556,0.2683186201073689
2018-08-17,0,0.990947481734961,1.005963207617105e-06,0.009051459440845743,5.286098570256287e-08,0.990947481734961,0.051611768965696685,0.03723002156915876
2018-08-20,0,0.9888867202900907,3.204502695017268e-07,0.01111293471677896,2.4542860923317494e-08,0.9888867202900907,0.06106078645497979,0.04404604690568967
2018-08-21,0,0.9954129093943765,1.2196307972826396e-07,0.004586962508366033,6.134177542652725e-09,0.9954129093943765,0.029277281802990076,0.021119094633941238
2018-08-22,0,0.9777103031797079,4.224991032870505e-07,0.0222892415802019,3.274098700086247e-08,0.9777103031797079,0.10682667984124586,0.0770591606207992
2018-08-23,0,0.995411105208337,1.9503082178849718e-07,0.004588688812051172,1.0948789962938841e-08,0.995411105208337,0.02928780275881124,0.02112668389933554
2018-08-24,0,0.9942223013717394,6.653264602970225e-08,0.0057776271818663575,4.913748160894852e-09,0.9942223013717394,0.035538685577007796,0.025635742720830638
2018-08-27,0,0.9949725792631405,7.609430648381675e-08,0.005027340785965067,3.856587908977569e-09,0.9949725792631405,0.031625115617313335,0.02281269873431903
2018-08-28,0,0.9939100899838198,1.0061110382928316e-07,0.0060898049019276305,4.503148684977901e-09,0.9939100899838198,0.03713797905660645,0.026789389106802154
2018-08-29,0,0.9856656389668568,2.1072090254947352e-07,0.014334128528951069,2.1783289631364158e-08,0.9856656389668568,0.07508473396653477,0.05416218666999341
2018-08-30,0,0.9920465142338618,1.9061539276128636e-07,0.00795328025507178,1.4895673542346262e-08,0.9920465142338618,0.04637250582574425,0.0334506920941979
2018-08-31,0,0.9950089981267554,8.090132307457723e-08,0.004990915697388492,5.27453310395753e-09,0.9950089981267554,0.0314324790661489,0.022673740835789585
2018-09-04,0,0.8393041550258946,2.513989660484705e-06,0.16069303646932812,2.9451511673253917e-07,0.8393041550258946,0.4408564670735052,0.3180107193953873
2018-09-05,0,0.9838497882275168,2.2237198635815277e-06,0.016147884552297178,1.0350032238184981e-07,0.9838497882275168,0.08267532491342416,0.05963764062824041
2018-09-06,0,0.9854991726845377,6.811354620688486e-07,0.014500100317270843,4.586272945809174e-08,0.9854991726845377,0.07579324568254278,0.054673269839541655
2018-09-07,0,0.9898105541900163,5.397750338964792e-07,0.01018888237856197,2.3656387896328254e-08,0.9898105541900163,0.056876443953957384,0.04102768181788669
2018-09-10,0,0.9688791231863607,7.195169986654177e-07,0.03112008738235591,6.99142848958659e-08,0.9688791231863607,0.13862649478865394,0.09999787828370539
2018-09-11,0,0.9837533473788559,1.0061758615995344e-06,0.016245584154118798,6.229116365342976e-08,0.9837533473788559,0.08305962027628487,0.05991485113535829
2018-09-12,0,0.9950469188346895,1.990314131818055e-07,0.00495287019443205,1.193946531716155e-08,0.9950469188346895,0.031232868336240834,0.022529752130716292
2018-09-13,0,0.9428229178777752,6.981491010409301e-07,0.05717625853093753,1.2544218625470279e-07,0.9428229178777752,0.2191388122681518,0.15807523886278008
2018-09-14,0,0.9836531926216531,1.6557667502309257e-06,0.01634507261814772,7.899344892111767e-08,0.9836531926216531,0.0834766268650755,0.06021565780419142
2018-09-17,0,0.99407479582578,1.9737374428047305e-07,0.005924996003110953,1.0797364751754146e-08,0.99407479582578,0.03629764848964889,0.026183218735973617
2018-09-18,0,0.9792953115592155,5.88639385764977e-07,0.020704070418155706,2.9383243187771935e-08,0.9792953115592155,0.10077628486607136,0.07269472320774732
2018-09-19,0,0.9880937956321559,7.827849380825151e-07,0.011905387137319487,3.44455864259338e-08,0.9880937956321559,0.06459660479086414,0.04659660069502198
2018-09-20,0,0.9916845920670319,2.915394629077164e-07,0.008315096540829547,1.985267557075359e-08,0.9916845920670319,0.0481121507491633,0.03470558064616006
2018-09-21,0,0.9961851054247117,7.389448174576272e-08,0.0038148166233484527,4.05745794897578e-09,0.9961851054247117,0.025053090323860303,0.018071984584588266
2018-09-24,0,0.9959671927055054,4.5769846653305914e-08,0.004032758355291857,3.16935627466975e-09,0.9959671927055054,0.02625932561178743,0.018942099418607136
2018-09-25,0,0.9965550569521398,3.670572949691708e-08,0.0034449045604024275,1.7817282444532245e-09,0.9965550569521398,0.02297523501597376,0.016573128810401905
2018-09-26,0,0.9947893189062537,6.454996231404433e-08,0.005210612788352503,3.755431353132507e-09,0.9947893189062537,0.03259071605402447,0.023509232215080715
2018-09-27,0,0.9895070404691085,1.394389185429864e-07,0.010492809573302,1.0518670895990215e-08,0.9895070404691085,0.05825652510307195,0.04202319993281266
2018-09-28,0,0.9961961108273191,9.129896446586318e-08,0.0038037923307141577,5.543002311322546e-09,0.9961961108273191,0.024992035959392353,0.018027943170166996
2018-10-01,0,0.9546465828550351,8.406281511774861e-07,0.04535250368164777,7.283516590934734e-08,0.9546465828550351,0.18461043838515837,0.13316828197730277
2018-10-02,0,0.9916284229951156,5.938345359911895e-07,0.0083709400650998,4.310524879382607e-08,0.9916284229951156,0.04838379679427759,0.034901531847241804
2018-10-03,2,0.3454642270002083,0.000250584818196691,0.6542759660908912,9.222090703667978e-06,0.6542759660908912,0.646927849821172,0.4666598003749825
2018-10-04,2,0.1685988515212042,0.00019032902389054459,0.8311917024574592,1.9116997446042687e-05,0.8311917024574592,0.4556664958795481,0.3286938969523377
2018-10-05,0,0.5766510405170535,9.467590222943291e-05,0.4232498367142886,4.446866428539131e-06,0.5766510405170535,0.6822958380408617,0.4921724109803653
2018-10-09,0,0.9124253761198096,1.1554752180978844e-05,0.0875621788827608,8.902452487276632e-07,0.9124253761198096,0.29701608023901094,0.21425181301254978
2018-10-10,2,0.013820118183403719,0.0019659232137014394,0.9841084850493462,0.00010547355354851472,0.9841084850493462,0.08815425572510246,0.06358985378393142
2018-10-11,2,0.0006495674968370073,0.00496779568698999,0.9941144607399042,0.0002681760762689149,0.9941144607399042,0.039193996507629794,0.02827249219708843
2018-10-12,2,0.33549138814075435,0.0003092778665083071,0.6641915176406742,7.816352063212713e-06,0.6641915176406742,0.6407782430859311,0.4622237968048078
2018-10-15,0,0.7794441423705043,4.826876060544618e-05,0.22050534160795593,2.247260934324492e-06,0.7794441423705043,0.5280936994093273,0.3809390806312717
2018-10-16,0,0.7835276818708256,6.169948230375328e-05,0.21640586008222804,4.758564642702162e-06,0.7835276818708256,0.5230278264671401,0.3772848257455382
2018-10-17,0,0.9732539420660509,4.4916987230360585e-06,0.026741329715802797,2.3651942338495114e-07,0.9732539420660509,0.1232889945707627,0.08893421053171284
2018-10-18,0,0.9799486727221444,1.6527616015614954e-06,0.020049592821383706,8.169487037581462e-08,0.9799486727221444,0.09825709286679621,0.07087751030554662
2018-10-19,0,0.9945224014769293,2.1281984812151593e-07,0.005477373593696913,1.2109525598449961e-08,0.9945224014769293,0.033987453247661385,0.024516765126423288
2018-10-22,0,0.9966713492044214,4.045289904564945e-08,0.0033286080465235813,2.296155877325138e-09,0.9966713492044214,0.022314217167202555,0.01609630522422125
2018-10-23,0,0.9879670354713449,2.7350035480145915e-07,0.012032674935429626,1.6092870658654165e-08,0.9879670354713449,0.06515067864635338,0.04699628049682225
2018-10-24,2,0.12084370996545074,0.00011669631102160774,0.879029692116403,9.90160712464001e-06,0.879029692116403,0.3698838333518978,0.26681478604089137
2018-10-25,2,0.2129492243451894,0.00029371549170572096,0.7867328234501382,2.4236712966861693e-05,0.7867328234501382,0.52072613582436,0.3756245069075385
2018-10-26,2,0.2961679443262569,0.00015701808525136064,0.7036631354755015,1.1902112990165512e-05,0.7036631354755015,0.6092022332776528,0.43944652042407556
2018-10-29,0,0.8179690989392371,3.0789807977514646e-05,0.18199860829510256,1.5029576828218713e-06,0.8179690989392371,0.4747763902081232,0.34247877184221137
2018-10-30,0,0.8908627039110383,2.0987975509106735e-05,0.10911456874714964,1.7393663029640768e-06,0.8908627039110383,0.3449293577899098,0.24881393697025891
2018-10-31,0,0.9010649080318498,1.931784340534356e-05,0.09891476559584986,1.0085288950269903e-06,0.9010649080318498,0.3229337245546165,0.23294744147537386
2018-11-01,0,0.9619665343849342,6.571761783916756e-06,0.03802629420316729,5.996501144794046e-07,0.9619665343849342,0.1617139653011564,0.11665196789123412
2018-11-02,0,0.784031643362278,6.166534922221632e-05,0.21590436505516228,2.326233337665615e-06,0.784031643362278,0.5223515277138521,0.3767969793167742
2018-11-05,0,0.9744687534335108,3.546831463121089e-06,0.025527490346305408,2.0938872064216494e-07,0.9744687534335108,0.11888506372358475,0.08575744593489205
2018-11-06,0,0.990734343635066,5.195739219919273e-07,0.009265108019511348,2.8771500817980217e-08,0.990734343635066,0.052605215900242454,0.03794664205208652
2018-11-07,0,0.9260357951941387,2.9088348030824093e-06,0.07396107533201284,2.2063904542393967e-07,0.9260357951941387,0.2638099063402311,0.19029862180721666
2018-11-08,0,0.99193551538757,7.710021009565018e-07,0.00806367103553554,4.257479354964386e-08,0.99193551538757,0.04691346365884203,0.03384091068576801
2018-11-09,0,0.9893573050161633,3.154325465493156e-07,0.01064236115486765,1.839642258905049e-08,0.9893573050161633,0.05893822883790676,0.04251494523161349
2018-11-13,0,0.5306375361405933,0.0002546072046206268,0.46909412795760275,1.3728697183368562e-05,0.5306375361405933,0.6935947642539748,0.5003228633878796
2018-11-14,0,0.7404479246871011,6.001523005278847e-05,0.25948814566890743,3.9144139387232845e-06,0.7404479246871011,0.5731977145363738,0.4134747501052571
2018-11-15,2,0.16890288185738503,0.0004029219116696522,0.8306581942896979,3.600194124742407e-05,0.8306581942896979,0.45801783983539057,0.33039003308459675
2018-11-16,0,0.6935024472549594,5.5280801669290555e-05,0.30643829947387535,3.972469496097626e-06,0.6935024472549594,0.6168500562717525,0.44496325857766766
2018-11-19,0,0.884208782365903,2.0461466751299153e-05,0.11576943861014558,1.317557200104396e-06,0.884208782365903,0.35866813487983434,0.25872436975801544
2018-11-20,0,0.44123369081837155,0.000862135526298784,0.5578454686567914,5.870499853812283e-05,0.5578454686567914,0.6932636367174372,0.5000840053604473
2018-11-21,0,0.7531116092386604,8.180542868254124e-05,0.246803360729331,3.2246033261354224e-06,0.7531116092386604,0.5596675340341962,0.403714787948845
2018-11-23,0,0.8835396778951204,0.00016270596217426167,0.11628712933241571,1.04868102895885e-05,0.8835396778951204,0.36115286994263396,0.2605167272345274
2018-11-26,2,0.2836997559241351,0.0001726453321697678,0.716113404143989,1.4194599706090904e-05,0.716113404143989,0.5981925072473466,0.43150468185134117
2018-11-27,0,0.7883800370050001,4.7852653863516596e-05,0.21156893990995398,3.1704311823485926e-06,0.7883800370050001,0.5165830379541364,0.3726358935318939
2018-11-28,0,0.660931494166462,9.680738328850118e-05,0.3389638462324373,7.852217812173099e-06,0.660931494166462,0.6413942081535997,0.4626681216790509
2018-11-29,2,0.11766877396335902,0.0003370517039040959,0.8819688778201774,2.5296512559446302e-05,0.8819688778201774,0.3655338014461018,0.26367690131179106
2018-11-30,0,0.5396259246297171,0.00010264677303643596,0.46026506005456425,6.368542682184516e-06,0.5396259246297171,0.6910468188889997,0.49848490931662676
2018-12-03,0,0.46524497654251346,0.0004845954182134581,0.5342227340742768,4.7693964996326166e-05,0.5342227340742768,0.6951013636804997,0.5014096451485064
2018-12-04,2,1.6687767330719876e-06,0.005876230974401905,0.9929079492309772,0.0012141510178877426,0.9929079492309772,0.04542575765454726,0.032767757648419604
2018-12-06,2,0.036766865037900116,0.0015227311385643298,0.9616562445098384,5.4159313697037904e-05,0.9616562445098384,0.16945620255099098,0.1222368115340952
2018-12-07,2,0.0015394417473239093,0.0010218120622314504,0.9973564792774607,8.226691298390098e-05,0.9973564792774607,0.02042010897110676,0.01472999497351398
2018-12-10,2,0.3918372317740987,0.00027423498935392706,0.6078724466791885,1.608655735884693e-05,0.6078724466791885,0.6721353854883799,0.48484319372503876
2018-12-11,2,0.4667734207559959,0.00030121717142183755,0.5329055424337997,1.9819638782499756e-05,0.5329055424337997,0.6937134065988294,0.5004084457491602
2018-12-12,0,0.6280993804739315,0.00010507556499289767,0.3717909563547051,4.5876063704454715e-06,0.6280993804739315,0.660979626341401,0.4767960145256896
2018-12-13,0,0.9213489865528948,1.586801147697216e-05,0.07863438766058405,7.577750441300634e-07,0.9213489865528948,0.27562264088781074,0.1988197085827821
2018-12-14,0,0.9053808310506931,2.2641110164076343e-05,0.09459542719998343,1.1006391593673656e-06,0.9053808310506931,0.31332161253437096,0.22601376830333514
2018-12-17,0,0.8323282450527502,3.827369099806154e-05,0.16763132867971234,2.1525765393206186e-06,0.8323282450527502,0.4525607961540563,0.3264536081561091
2018-12-18,0,0.9126951692708882,5.7086173895043576e-05,0.08724375184699189,3.992708224802475e-06,0.9126951692708882,0.2967769793535372,0.2140793381816772
2018-12-19,0,0.801434798526435,4.472128550045801e-05,0.1985152351097636,5.2450783011308386e-06,0.801434798526435,0.49888776536281426,0.3598714525245545
2018-12-20,2,0.0015890710216550888,0.0016952769987129337,0.9964434222667019,0.00027222971293011433,0.9964434222667019,0.026841591736542676,0.01936211564393815
2018-12-21,2,0.053922453125269394,0.0005266054378461366,0.9455318906559135,1.9050780970856837e-05,0.9455318906559135,0.21460425428094937,0.15480424670239987
2018-12-24,2,0.005390440714758556,0.0027029896410425205,0.9917838721567961,0.00012269748740282416,0.9917838721567961,0.0534260832437158,0.038538772674914866
2018-12-26,2,2.2195726965502325e-08,0.0361076083242266,0.9572307761508252,0.006661593329221309,0.9572307761508252,0.19514802742879206,0.14076954570539085
2018-12-27,2,0.3910107131520748,0.0016449410578060124,0.6073235223189276,2.082347119154983e-05,0.6073235223189276,0.6808040063182714,0.49109628186635434
2018-12-28,0,0.9216294242866611,2.0327222327275578e-05,0.07834968871475327,5.597762583939343e-07,0.9216294242866611,0.27496696642842283,0.19834673943728387
2018-12-31,0,0.9205073728394169,1.0126589462926281e-05,0.07948177153433131,7.290367889868835e-07,0.9205073728394169,0.2776385681534105,0.2002738927172189
2019-01-02,0,0.9748391014348563,4.886180682709183e-06,0.02515565084186002,3.6154260087044314e-07,0.9748391014348563,0.11754681994679886,0.0847921071047573
2019-01-03,2,0.016196068290687125,0.0002385166473240779,0.9835320663480295,3.334871395926154e-05,0.9835320663480295,0.08544102123456941,0.061632668811800954
2019-01-04,2,5.409339294157574e-05,0.002262205967782761,0.9974833562420713,0.00020034439720445317,0.9974833562420713,0.018530993304097226,0.013367286071283827
2019-01-07,2,0.2233246253766523,0.0002786246396431555,0.7763853458474849,1.1404136219712027e-05,0.7763853458474849,0.5337109311829664,0.38499105684294826
2019-01-08,2,0.48646532181428837,9.010609005087533e-05,0.513438041004889,6.531090771831538e-06,0.513438041004889,0.6937302557104722,0.5004205998140654
2019-01-09,2,0.14878966725900006,0.0007269172659925342,0.8504461396958783,3.727577912902735e-05,0.8504461396958783,0.42687794610749324,0.3079273479570733
2019-01-10,0,0.7808281973079383,4.009964380608551e-05,0.21912993841136236,1.7646368932947047e-06,0.7808281973079383,0.5262654057617133,0.379620245541921
2019-01-11,0,0.9694143406234005,5.050066745369764e-06,0.03058035409398857,2.552158656055215e-07,0.9694143406234005,0.1368243911095625,0.09869793526320889
2019-01-14,0,0.9926245542638624,5.662887489509645e-07,0.00737485400298177,2.544440692688405e-08,0.9926245542638624,0.04356493765424527,0.03142545975520826
2019-01-15,0,0.9932909266904604,1.6675155436599466e-07,0.006708897054524994,9.50346029277043e-09,0.9932909266904604,0.04026276747654269,0.029043447485436795
2019-01-16,0,0.9930380199696885,1.3928195069798976e-07,0.006961833807928082,6.940432595541928e-09,0.9930380199696885,0.041521621334971275,0.02995151859481622
2019-01-17,0,0.9949489341869648,8.904571639185211e-08,0.005050971688581876,5.078736916191911e-09,0.9949489341869648,0.03175025061480353,0.022902964554479408
2019-01-18,0,0.7309392028004916,1.2760743398963163e-05,0.26904732798891606,7.084671933453914e-07,0.7309392028004916,0.5824720693093848,0.420164782924491
2019-01-22,0,0.6977427360415842,0.00011726048459910794,0.3021328234224312,7.180051385579268e-06,0.6977427360415842,0.6138866673186284,0.44282562530421904
2019-01-23,0,0.8142107628005048,2.864617852070375e-05,0.18575846277540597,2.1282455684933403e-06,0.8142107628005048,0.4803658046297824,0.3465106820760119
2019-01-24,0,0.9673320694041077,6.2639047334201355e-06,0.03266126818535654,3.9850580252445904e-07,0.9673320694041077,0.14396200855588773,0.10384663790999688
2019-01-25,0,0.9854544856240298,1.1047268886711704e-06,0.014544357391875356,5.22572061140855e-08,0.9854544856240298,0.07598590295970997,0.05481224268872179
2019-01-28,0,0.9858099059238912,8.603674405737704e-07,0.014189190349998694,4.335866959067492e-08,0.9858099059238912,0.07448059076902183,0.05372638947247405
2019-01-29,0,0.9826230038060589,3.991117729134241e-07,0.017376548679272737,4.8402895362708345e-08,0.9826230038060589,0.08765261758804299,0.06322799835760318
2019-01-30,0,0.6784525074990615,3.458825694519732e-05,0.3215092305030872,3.673740906090342e-06,0.6784525074990615,0.6284265278798522,0.4533139176676664
2019-01-31,0,0.7370599836494235,8.093948973047818e-05,0.26284903319120007,1.004366964602078e-05,0.7370599836494235,0.5769572875981561,0.41618670881130365
2019-02-01,0,0.9676809181511042,6.275564526023377e-06,0.03231250636957941,2.999147904173136e-07,0.9676809181511042,0.14277702559255023,0.10299185338762443
2019-02-04,0,0.9812542753813206,1.4423388394054612e-06,0.018744213596725526,6.868311452397782e-08,0.9812542753813206,0.0931327505895528,0.06718107870994826
2019-02-05,0,0.9885158552157923,6.113713589522884e-07,0.01148349045215051,4.296069821564579e-08,0.9885158552157923,0.06272239469840904,0.045244643892037466
2019-02-06,0,0.9961687311903137,9.393749728140895e-08,0.0038311694326839314,5.439505237852195e-09,0.9961687311903137,0.025144412264222347,0.018137859439830605
2019-02-07,0,0.9633404698549681,8.664090109540178e-07,0.03665860422533492,5.9510685775859506e-08,0.9633404698549681,0.15718956072431461,0.11338829986824164
2019-02-08,0,0.985273755978361,8.971159892491432e-07,0.014725273711212156,7.319443766651997e-08,0.985273755978361,0.0767449725334964,0.05535979564361748
2019-02-11,0,0.9922067569323346,2.755254171429233e-07,0.00779295320847556,1.43337726112472e-08,0.9922067569323346,0.04559838425900592,0.03289228142150861
2019-02-12,0,0.9902301567436985,2.428386009874113e-07,0.009769587809237855,1.2608462674920008e-08,0.9902301567436985,0.054944241713870655,0.03963389252300286
2019-02-13,0,0.9933381189765826,1.7264125237793647e-07,0.006661699011689024,9.370476005986616e-09,0.9933381189765826,0.04002681284115945,0.02887324219426571
2019-02-14,0,0.9956130159981438,6.644210509041933e-08,0.00438691336054218,4.199208970528314e-09,0.9956130159981438,0.028195646492978035,0.020338859685038853
2019-02-15,0,0.9628959574923296,6.868414031776943e-07,0.03710326652227983,8.914398757154694e-08,0.9628959574923296,0.1586382315295889,0.11443329496156655
2019-02-19,0,0.9957760720372096,2.489268673421201e-07,0.004223666034682858,1.3001240244633196e-08,0.9957760720372096,0.027310016875369023,0.0197000129563444
2019-02-20,0,0.9965948451152448,3.7005404881073517e-08,0.003405115923362014,1.955988493277995e-09,0.9965948451152448,0.022749513735249256,0.016410305324239732
2019-02-21,0,0.9839588194042059,2.7887879634570034e-07,0.016040890037696594,1.1679301093661879e-08,0.9839588194042059,0.08220705941940382,0.05929985847521912
2019-02-22,0,0.9958549805114867,1.596587547842413e-07,0.004144850394544693,9.435213818359443e-09,0.9958549805114867,0.02687727751052035,0.019387857488512086
2019-02-25,0,0.9933754581850828,1.2086262644957458e-07,0.006624414195900909,6.75638971848857e-09,0.9933754581850828,0.039839245068737594,0.028737940646713908
2019-02-26,0,0.9966800566062333,5.2573694131749576e-08,0.0033198876802886714,3.1397838616808913e-09,0.9966800566062333,0.02226470460462651,0.01606058945997617
2019-02-27,0,0.9699517717101669,6.667219799092172e-07,0.03004753300322893,2.8564624249348034e-08,0.9699517717101669,0.13491801044378962,0.09732277229693033
2019-02-28,0,0.988356542500171,8.307713428011479e-07,0.011642590817069165,3.591141706560074e-08,0.988356542500171,0.06343310479846921,0.045757312860470724
2019-03-01,0,0.8908888827373966,5.2356009682770395e-06,0.10910558658697848,2.950746566375609e-07,0.8908888827373966,0.34471424813298535,0.24865876815261279
2019-03-04,0,0.9734671078256457,3.0854619761983917e-06,0.02652957535255145,2.3135982659226882e-07,0.9734671078256457,0.1225093899108432,0.08837184464335295
2019-03-05,0,0.9943146363297567,2.662656891092958e-07,0.00568507975167621,1.765287799693673e-08,0.9943146363297567,0.03506486871625422,0.02529395610318126
2019-03-06,0,0.9941050080144364,9.340752516653775e-08,0.0058948934041930835,5.173845570288312e-09,0.9941050080144364,0.036141623424322894,0.026070670441973517
2019-03-07,0,0.9847590122432179,2.628192435606631e-07,0.015240704402707044,2.0534831422499495e-08,0.9847590122432179,0.07889243321944633,0.05690886108467948
2019-03-08,0,0.9922891924078495,2.8511044294205427e-07,0.007710504631852438,1.7849855206075097e-08,0.9922891924078495,0.045198546279078884,0.03260385928610871
2019-03-11,0,0.9839393720427477,3.9392353805258883e-07,0.016060212052173953,2.198154024988269e-08,0.9839393720427477,0.08228848341764061,0.05935859347445191
2019-03-12,0,0.9909055907176797,5.560632901492163e-07,0.00909381368464278,3.9534387241752325e-08,0.9909055907176797,0.051803999366146464,0.03736868649187725
2019-03-13,0,0.9931467907172709,1.5574431456670707e-07,0.006853044033837151,9.504577320366231e-09,0.9931467907172709,0.04098143472355449,0.029561856322093415
2019-03-14,0,0.9790676147035201,7.830255009088233e-07,0.02093156968565971,3.258531924167612e-08,0.9790676147035201,0.1016551753751613,0.07332870869722155
2019-03-15,0,0.9955556538803844,2.1629919212022744e-07,0.004444117278384784,1.2542038731629749e-08,0.9955556538803844,0.028508115532766345,0.02056425845210582
2019-03-18,0,0.997133240002983,3.141888259818654e-08,0.002866726864106603,1.7140276974648765e-09,0.997133240002983,0.019646718571823568,0.01417211172665548
2019-03-19,0,0.9958349212967846,3.36194003713198e-08,0.004165043435314073,1.6485008643411757e-09,0.9958349212967846,0.026985726645739557,0.01946608700329681
2019-03-20,0,0.9837864156380972,1.9881215683933705e-07,0.016213364710630698,2.0839115311883208e-08,0.9837864156380972,0.08291504689105174,0.059810563482398105
2019-03-21,0,0.9880673190753843,4.855856833156946e-07,0.01193215535522632,3.998370616307628e-08,0.9880673190753843,0.06471071157205156,0.04667891133869743
2019-03-22,2,0.20384274687897042,0.0001583478664938833,0.7959821254219736,1.6779832562098313e-05,0.7959821254219736,0.5073890189693774,0.3660038107343185
2019-03-25,0,0.7240464163264316,4.4470284241812426e-05,0.2759061516727627,2.961716563820443e-06,0.7240464163264316,0.5895605860419627,0.42527806689316533
2019-03-26,0,0.9393623716548108,1.1595673775556417e-05,0.060625368280871596,6.643905419720994e-07,0.9393623716548108,0.2288375167632141,0.165071375301817
2019-03-27,0,0.9528221659849773,9.408477482618533e-06,0.04716775236970167,6.731678384405884e-07,0.9528221659849773,0.19021792383597122,0.13721322770317512
2019-03-28,0,0.9927883542368561,6.429222335159788e-07,0.007210965197676633,3.7643233556791635e-08,0.9927883542368561,0.0427609687139734,0.03084551875362877
2019-03-29,0,0.9896577837800169,2.4882221961315707e-07,0.010341954343241387,1.3054522144795731e-08,0.9896577837800169,0.057571295238756634,0.04152891106925429
2019-04-01,0,0.924202927069455,6.136018869870959e-06,0.07579066778162723,2.6913004789920455e-07,0.924202927069455,0.2684499833565751,0.19364572985762785
2019-04-02,0,0.9918152781156314,6.767554907874185e-07,0.008184009017823641,3.6111054209391914e-08,0.9918152781156314,0.04749022205482534,0.0342569539246061
2019-04-03,0,0.9838120962568594,4.980767547976334e-07,0.016187384752153963,2.0914231953853178e-08,0.9838120962568594,0.08281281930856246,0.05973682186924843
2019-04-04,0,0.9964841579672503,1.1791099129420396e-07,0.00351571773146903,6.390289428558142e-09,0.9964841579672503,0.023377259618914157,0.016863128260890637
2019-04-05,0,0.9950633423044,4.616442928872166e-08,0.004936608739395828,2.791774872672454e-09,0.9950633423044,0.03114399457635373,0.02246564326438915
2019-04-08,0,0.9963840061685988,4.055585462382604e-08,0.0036159511176872767,2.157859374648125e-09,0.9963840061685988,0.023940506421295905,0.017269424945186993
2019-04-09,0,0.9947755011415481,5.5175566505737166e-08,0.0052244408845126345,2.7983727707674576e-09,0.9947755011415481,0.03266314592026088,0.023561479319496474
2019-04-10,0,0.9788240722030493,2.4437305548135435e-07,0.021175660099996836,2.332389840040769e-08,0.9788240722030493,0.10258436140689392,0.07399897473724351
2019-04-11,0,0.95890538133648,3.0426940022183818e-06,0.041091433961084466,1.4200843340043717e-07,0.95890538133648,0.17144134701407995,0.12366879057026853
2019-04-12,0,0.9567679129359042,3.5758144385279906e-06,0.043228305790837085,2.054588201857573e-07,0.9567679129359042,0.17812316168173545,0.1284887010128514
2019-04-15,0,0.9951288465248953,3.2975472395063273e-07,0.004870806807778582,1.6912602177359686e-08,0.9951288465248953,0.030799084150942308,0.02221684298424317
2019-04-16,0,0.9947506939391476,7.61762082212371e-08,0.005249226240580376,3.64406373143443e-09,0.9947506939391476,0.03279355327577723,0.023655548342045918
2019-04-17,0,0.9969866318279688,3.89188876219308e-08,0.0030133273045472833,1.948596270140824e-09,0.9969866318279688,0.02050101884302595,0.014788359109002367
2019-04-18,0,0.9921632370319002,6.73580262496534e-08,0.007836690710946516,4.899127051406134e-09,0.9921632370319002,0.04580681342415616,0.03304263128297805
2019-04-22,0,0.9938867659305269,1.425057520950287e-07,0.0061130842216383565,7.342082685855482e-09,0.9938867659305269,0.03725726402248032,0.026875435021161576
2019-04-23,0,0.9947149647234362,8.462866068038121e-08,0.005284945656212283,4.991690900285755e-09,0.9947149647234362,0.03298092268662432,0.02379070680196761
2019-04-24,0,0.9907146626581602,1.3570146807537347e-07,0.009285191868271002,9.772100731629566e-09,0.9907146626581602,0.05269293850917938,0.03800992053853009
2019-04-25,0,0.9895380561252207,1.7992917467765745e-07,0.010461750608895669,1.3336708996554325e-08,0.9895380561252207,0.058115953252274116,0.041921798776795346
2019-04-26,0,0.9955743655513906,1.4559914523173273e-07,0.00442548045235413,8.397110099463601e-09,0.9955743655513906,0.0284060450118203,0.02049063013491091
2019-04-29,0,0.9943107251966694,8.231603729084165e-08,0.005689188869656635,3.6176366055692835e-09,0.9943107251966694,0.03508295774341528,0.02530700457807114
2019-04-30,0,0.996344056212266,5.649003813076858e-08,0.003655883759635303,3.5380606186593714e-09,0.996344056212266,0.024164954104761407,0.01743132972512434
2019-05-01,0,0.9910678256766513,1.159829396702581e-07,0.00893205054312893,7.797280098207872e-09,0.9910678256766513,0.05103655155928761,0.036815089919329066
2019-05-02,0,0.9848629142381536,7.572198254086922e-07,0.015136260061032395,6.848098853912419e-08,0.9848629142381536,0.0784646904234534,0.05660030987940198
2019-05-03,0,0.9936585483602469,2.3997027504332456e-07,0.00634119707289566,1.4596582478234361e-08,0.9936585483602469,0.03841604129209112,0.027711316131342752
2019-05-06,0,0.995265954992051,7.50489498162433e-08,0.004733965750774203,4.208224925083746e-09,0.995265954992051,0.03006501484522168,0.021687323910727193
2019-05-07,0,0.9445504237191691,1.738749803599481e-06,0.055447721698701706,1.1583232563535263e-07,0.9445504237191691,0.21428018663502424,0.1545704813095555
2019-05-08,0,0.9941192671655279,5.130505401923162e-07,0.005880193348043617,2.64358882447959e-08,0.9941192671655279,0.036072946055667784,0.026021130192383505
2019-05-09,0,0.9922118948668972,1.1958856768462885e-07,0.007787977879240535,7.665294538727275e-09,0.9922118948668972,0.0455717361485623,0.03287305887311557
2019-05-10,0,0.9955804376448838,8.622001756410877e-08,0.004419471391836344,4.743262214750323e-09,0.9955804376448838,0.028372478610745464,0.020466417094725336
2019-05-13,0,0.7434489074858711,4.17750144832751e-06,0.25654644637447255,4.686382078985227e-07,0.7434489074858711,0.5694753636371818,0.4107896415139006
2019-05-14,0,0.9519753197649271,8.428448345480424e-06,0.04801578632116137,4.6546556601852557e-07,0.9519753197649271,0.19274459405323882,0.13903583499938202
2019-05-15,0,0.9917966070609672,7.957318741968475e-07,0.00820254815107479,4.905608379867801e-08,0.9917966070609672,0.04758103864110155,0.03432246424393168
2019-05-16,0,0.9939253619254939,1.5428205395960155e-07,0.006074475819766532,7.972685653539876e-09,0.9939253619254939,0.037060775190056156,0.026733698289097375
2019-05-17,0,0.9951919308582091,9.57577582351204e-08,0.004807968031288807,5.352743736919527e-09,0.9951919308582091,0.030460578059249767,0.021972662454345402
2019-05-20,0,0.9932725452686791,9.20679480905809e-08,0.006727357622934126,5.040438607416153e-09,0.9932725452686791,0.04035373152601728,0.02910906417697488
2019-05-21,0,0.9953476636264997,7.972505668573232e-08,0.004652252295845885,4.352597693312508e-09,0.9953476636264997,0.029627357777595866,0.02137162107019031
2019-05-22,0,0.9951410721382711,8.925460669370199e-08,0.004858833336536351,5.270585828482701e-09,0.9951410721382711,0.03073144921483334,0.022168054690785543
2019-05-23,2,0.4631732298493987,0.00014614026702125735,0.5366698980105407,1.073187303939643e-05,0.5366698980105407,0.6919049167312088,0.4991038960674031
2019-05-24,0,0.9268448966083582,1.3999511435637063e-05,0.07314038969733612,7.141828699142468e-07,0.9268448966083582,0.2618676071555816,0.1888975491064084
2019-05-28,0,0.9483790478744574,9.625783997780328e-06,0.05161036673834632,9.596031984863062e-07,0.9483790478744574,0.2033643549309429,0.14669637317622716
2019-05-29,0,0.6879712615075638,6.303565110472783e-05,0.31196139969588293,4.30314544855258e-06,0.6879712615075638,0.6213660318984588,0.44822084639838
2019-05-30,0,0.8841507072170437,3.162533608101968e-05,0.11581597181898041,1.6956278948372197e-06,0.8841507072170437,0.3588843085029266,0.2588803060650185
2019-05-31,0,0.32474284912747414,0.0011405347746607359,0.6740475616051796,6.905449268537665e-05,0.6740475616051796,0.639516617568233,0.46131372636588674
2019-06-03,0,0.8629282812969875,3.620111652361659e-05,0.13703401423878467,1.503347704300412e-06,0.8629282812969875,0.39996512100948195,0.2885138483044669
2019-06-04,0,0.3432737048733359,0.00023596628101116022,0.6564778984299585,1.2430415694353078e-05,0.6564778984299585,0.6454381209865107,0.4655851881739649
2019-06-05,0,0.37349419082266455,0.00026851022130227546,0.6262139360165415,2.336293949166963e-05,0.6262139360165415,0.6634015272017845,0.4785430467060896
2019-06-06,0,0.7671511295668094,9.288177726524928e-05,0.23274957451642495,6.414139500265427e-06,0.7671511295668094,0.5435894052785275,0.39211686963755626
2019-06-07,0,0.934009948197481,2.15027946548302e-05,0.0659670228460458,1.5261618182990902e-06,0.934009948197481,0.2433526744879011,0.17554184833538056
2019-06-10,0,0.9048027426510444,1.6731313340754835e-05,0.09517969087060488,8.351650098788864e-07,0.9048027426510444,0.31457220901278093,0.22691588297211276
2019-06-11,0,0.9910223980573801,9.364692621592592e-07,0.008976609308083704,5.6165274045033355e-08,0.9910223980573801,0.05125907309395611,0.03697560527660769
2019-06-12,0,0.9959722439812286,1.1351363183802998e-07,0.004027636997648615,5.507490929836674e-09,0.9959722439812286,0.026232261689363632,0.018922576925273226
2019-06-13,0,0.9909852787996137,1.1997237887885286e-07,0.009014591257459306,9.970548129216963e-09,0.9909852787996137,0.05142496732668294,0.03709527267004123
2019-06-14,0,0.9867864113006355,7.513945349987208e-07,0.013212781060173023,5.624465640153026e-08,0.9867864113006355,0.07030346756709599,0.05071323200817373
2019-06-17,0,0.9956605739540809,1.4459833442359385e-07,0.004339273224557754,8.223026936367114e-09,0.9956605739540809,0.027938283876752335,0.020153211799969338
2019-06-18,0,0.9915878612342596,1.7939918559800898e-07,0.008411948631624325,1.073493039028484e-08,0.9915878612342596,0.04857279045719755,0.035037861957368834
2019-06-19,0,0.9779063425880903,1.4813381872405854e-06,0.02209210226715293,7.380656952783661e-08,0.9779063425880903,0.10609578568510972,0.07653193193356303
2019-06-20,0,0.8931088996842349,4.552410549934896e-05,0.10684248759942909,3.088610836580446e-06,0.8931088996842349,0.34039986681502926,0.24554659988665317
2019-06-21,0,0.5109246152110357,0.0001820531419788228,0.48888474873980425,8.582907181108097e-06,0.5109246152110357,0.6946305398839343,0.5010700175702877
2019-06-24,0,0.6091526365542277,9.809909170153835e-05,0.3907411932517878,8.071102282981443e-06,0.6091526365542277,0.6701320899640932,0.483398121465877
2019-06-25,0,0.8411640254721178,4.446459993679801e-05,0.15878817654176602,3.3333861793144285e-06,0.8411640254721178,0.43818206777323626,0.31608154809145983
2019-06-26,0,0.9706380460858495,5.01006541271746e-06,0.029356704445810136,2.394029277603181e-07,0.9706380460858495,0.13256873500496963,0.09562812828429641
2019-06-27,0,0.9794339637467789,2.077275081182537e-06,0.020563827451873292,1.3152626655385684e-07,0.9794339637467789,0.10025681911296266,0.07232000787478654
2019-06-28,0,0.9911979659787129,5.010643724205664e-07,0.008801506902802759,2.605411185898972e-08,0.9911979659787129,0.05042696210130249,0.03637536407532241
2019-07-01,0,0.9656171881990633,9.018873903554871e-07,0.03438184903077357,6.088277286737615e-08,0.9656171881990633,0.1496730129324506,0.10796625675627809
2019-07-02,0,0.970997595404991,6.750714054673494e-06,0.028995146271276386,5.076096780042895e-07,0.970997595404991,0.1313264320616748,0.0947319961365098
2019-07-03,0,0.9855115693260442,2.0268106462065203e-06,0.014486249467488686,1.5439582091829077e-07,0.9855115693260442,0.07575477962373203,0.05464552244339725
2019-07-05,0,0.8017476810221006,4.170771372787141e-05,0.1982087154089107,1.8958552608133105e-06,0.8017476810221006,0.4983886905701889,0.35951144616037783
2019-07-08,0,0.9629042231633353,4.850492622048082e-06,0.03709059184614287,3.3449789974770175e-07,0.9629042231633353,0.15865434597569783,0.11444491907731057
2019-07-09,0,0.9901821007477898,5.855014610420719e-07,0.00981727556651151,3.81842376388091e-08,0.9901821007477898,0.05516986931281735,0.0397966484320469
2019-07-10,0,0.9431736131158569,4.13084089282335e-06,0.0568218851458944,3.708973559907567e-07,0.9431736131158569,0.21819270437343782,0.1573927662788552
2019-07-11,0,0.9145725227217659,2.1451496742124412e-05,0.08540519656668552,8.292148066543286e-07,0.9145725227217659,0.2920387062140624,0.21066139660132838
2019-07-12,0,0.986699154098641,1.153873106762201e-06,0.013299620449977914,7.157827439784323e-08,0.986699154098641,0.07068357211276036,0.0509874194796984
2019-07-15,0,0.9957876697548247,1.5742621931354997e-07,0.004212164012931196,8.806024642146668e-09,0.9957876697548247,0.0272456803970398,0.019653603997227483
2019-07-16,0,0.9871716783615374,2.834293113889964e-07,0.012828022859114484,1.5350036736632258e-08,0.9871716783615374,0.06863068202332227,0.04950657230393719
2019-07-17,0,0.9706777411178649,2.2613396309519132e-06,0.02931984151732293,1.5602518116675722e-07,0.9706777411178649,0.13240404981686402,0.09550933303220249
2019-07-18,0,0.989893567185748,8.20539247830117e-07,0.01010556625989713,4.601510692976932e-08,0.989893567185748,0.05649919669256302,0.040755555441285396
2019-07-19,0,0.9921474586751875,2.254102200928999e-07,0.007852304491999355,1.14225930247436e-08,0.9921474586751875,0.045885001291331565,0.033099031907093866
2019-07-22,0,0.9966691163649233,6.308784676537684e-08,0.0033308172295727725,3.317657196198558e-09,0.9966691163649233,0.02232721285771303,0.016105679633347445
2019-07-23,0,0.9890510469033874,1.407248770681757e-07,0.010948806111365483,6.260369998746652e-09,0.9890510469033874,0.06031978910997739,0.04351153030821624
2019-07-24,0,0.9935370969823752,2.374926144558538e-07,0.006462650421940786,1.5103069596094336e-08,0.9935370969823752,0.03902871431450144,0.028153266296901663
2019-07-25,0,0.9926252101068503,1.5434064711356227e-07,0.0073746288814930845,6.671009469904285e-09,0.9926252101068503,0.043557362260193876,0.0314199952634929
2019-07-26,0,0.9934671089958553,1.476739010402282e-07,0.0065327342515745955,9.078669121045138e-09,0.9934671089958553,0.039379722596598256,0.028406465250847678
2019-07-29,0,0.9963820770593579,5.852135647180655e-08,0.0036178609094026084,3.5098829585228414e-09,0.9963820770593579,0.02395156545198041,0.01727740234954978
2019-07-30,0,0.9938468642584484,5.580575604312257e-08,0.006153076140254382,3.795541151998286e-09,0.9938468642584484,0.03745927119739866,0.027021152395900916
2019-07-31,0,0.9753520996970053,6.89126902304605e-07,0.0246471592585605,5.191753194831485e-08,0.9753520996970053,0.11562300038171901,0.08340436463170436
2019-08-01,2,0.13951125925215108,0.00741333584006463,0.8523938792808411,0.0006815256269431982,0.8523938792808411,0.4522433030448792,0.32622458528904597
2019-08-02,2,0.038060296955824094,0.003254500215312266,0.9585557369235801,0.00012946590528353352,0.9585557369235801,0.18477644176993524,0.13328802810729695
2019-08-05,2,1.2112017908534842e-05,0.007918134106831043,0.9915434834739181,0.0005262704013423541,0.9915434834739181,0.05084364540261169,0.036675937541532415
2019-08-06,2,0.29353906169727506,0.0005325425064394068,0.705914453370166,1.3942426119550549e-05,0.705914453370166,0.6098166450616839,0.43988972484101824
2019-08-07,2,0.003141769981798055,0.0014098486027672944,0.9952403896683532,0.0002079917470815443,0.9952403896683532,0.033872175837153545,0.024433610052190198
2019-08-08,2,0.032170324563538355,0.000717664905511785,0.9670770885212664,3.492200968350273e-05,0.9670770885212664,0.1484889324382547,0.1071121232277832
2019-08-09,2,0.2077373752239783,0.00024029073862880676,0.7920094866018437,1.2847435549212347e-05,0.7920094866018437,0.5132847366869554,0.370256672091134
2019-08-12,2,6.47244388198597e-11,0.0039521713326774194,0.9779008488637668,0.018146979738831392,0.9779008488637668,0.11647824779232024,0.08402129523070814
2019-08-13,2,0.09314144333642468,0.0015334870742944127,0.9051134910177427,0.00021157857153808663,0.9051134910177427,0.32304658914521356,0.23302885606794702
2019-08-14,2,2.668043678166975e-06,0.025192813966144798,0.9723708203494602,0.002433697640716815,0.9723708203494602,0.13466469801509104,0.09714004600459084
2019-08-15,2,0.3964224742039169,0.0013133488763180645,0.6022486727213275,1.5504198437551248e-05,0.6022486727213275,0.6810768905398824,0.4912931262229819
2019-08-16,0,0.684980019955726,0.00010414537629792046,0.3149121130225399,3.7216454360453367e-06,0.684980019955726,0.624043273124042,0.45015206771808614
2019-08-19,2,0.019309731383253512,0.0008795807995949564,0.9797690004639021,4.1687353249281066e-05,0.9797690004639021,0.10285250724496507,0.07419240107265365
2019-08-20,2,0.21243474572633908,0.00028768735884190423,0.7872599465483621,1.7620366456966833e-05,0.7872599465483621,0.5199356282509523,0.3750542762295683
2019-08-21,2,0.4316707360922141,0.00014535332076808378,0.5681770361124724,6.874474545340319e-06,0.5681770361124724,0.6852124238394118,0.494276282914313
2019-08-22,2,0.5308455457695236,0.00016897084530829258,0.46897860437406913,6.879011099092481e-06,0.5308455457695236,0.6928352213432647,0.4997749689925677
2019-08-23,2,0.03267241120044164,0.000623264872406796,0.9666505853925177,5.373853463392071e-05,0.9666505853925177,0.14969503611094354,0.10798214312147628
2019-08-26,2,0.4570064796139975,0.00011226235021706325,0.542875169722094,6.088313691257863e-06,0.542875169722094,0.6905858964489712,0.49815242405739496
2019-08-27,2,0.5863497311412377,0.00014554947084301892,0.41349015063091166,1.4568757007760315e-05,0.5863497311412377,0.6796265226195842,0.49024690691994255
2019-08-28,0,0.9079049069439667,1.984119592358793e-05,0.0920740114421379,1.2404179717465122e-06,0.9079049069439667,0.30756099759011457,0.22185836299706035
2019-08-29,0,0.8954974141563669,2.359342990829901e-05,0.10447771158580056,1.2808279242464596e-06,0.8954974141563669,0.3351024527069278,0.24172532335500657
2019-08-30,0,0.9623512746995717,7.853348156638216e-06,0.03764031736518906,5.54587082682132e-07,0.9623512746995717,0.16047942674018517,0.11576143656138443
2019-09-03,0,0.8563707734621114,1.8049695450516646e-05,0.1436091933664403,1.983475997754977e-06,0.8563707734621114,0.41170162306416663,0.2969799449603053
2019-09-04,0,0.9508146111231316,1.8318754363351807e-05,0.04916587998295061,1.1901395544744479e-06,0.9508146111231316,0.19628643892761743,0.14159073601731403
2019-09-05,2,0.2947361201435773,0.00048732397822600477,0.7047533950987819,2.3160779414875053e-05,0.7047533950987819,0.6106338917794231,0.4404792437344508
2019-09-06,0,0.6494888316792935,8.036255023353536e-05,0.35042530047274184,5.505297731114118e-06,0.6494888316792935,0.6485827383131604,0.4678535500852904
2019-09-09,0,0.6227154293241907,0.0002067634991608846,0.3770690188751172,8.788301531318195e-06,0.6227154293241907,0.6645809921262039,0.4793938508047708
2019-09-10,0,0.616499766127767,0.00021053627479340252,0.38328010070837304,9.596889066575624e-06,0.616499766127767,0.6676540327867961,0.4816105810655141
2019-09-11,0,0.8674871131157427,2.546712732807886e-05,0.1324860359895185,1.383767410695669e-06,0.8674871131157427,0.3913964789805413,0.28233287962331416
2019-09-12,0,0.8239711970737224,5.428315238553965e-05,0.17597223099227358,2.288781618627763e-06,0.8239711970737224,0.4658391868159471,0.33603194233555717
2019-09-13,2,0.02239562663875483,0.0013311588069365953,0.9761566067827001,0.0001166077716084912,0.9761566067827001,0.1185059881269946,0.08548400069323074
2019-09-16,2,0.0035644572840166735,0.004562224671710584,0.9716557205294517,0.020217597514821144,0.9716557205294517,0.15149373096307306,0.10927962719309615
2019-09-17,2,0.4211614498282697,0.0008708861608386334,0.5778833691340947,8.429487679694431e-05,0.5778833691340947,0.6880233314248501,0.49630392413126745
2019-09-18,2,0.4875273854810762,0.0003497579964042733,0.5120962176443506,2.663887816896612e-05,0.5120962176443506,0.6960247095996243,0.5020756984377794
2019-09-19,0,0.8823495202774655,2.7582921434320596e-05,0.11762139759996491,1.4992011354481905e-06,0.8823495202774655,0.3624939708836299,0.2614841270729806
2019-09-20,0,0.9841911439415423,2.3420971138119654e-06,0.015806411257826773,1.0270351727549672e-07,0.9841911439415423,0.08126980508769609,0.058623772387015896
2019-09-23,0,0.9915775255727229,3.702854163601295e-07,0.008422074970931373,2.917092919441655e-08,0.9915775255727229,0.04862429696753733,0.03507501605088919
2019-09-24,0,0.7030074738169066,1.3739035489291056e-05,0.2969771751407544,1.6120068497354708e-06,0.7030074738169066,0.6084665259954603,0.43891581980029304
2019-09-25,0,0.5994489456483938,0.0002753772060457253,0.40026053497681535,1.5142168745120126e-05,0.5994489456483938,0.6756844982275555,0.487403337399221
2019-09-26,0,0.8289793151449663,6.141915587465027e-05,0.17095528775888313,3.977940275946103e-06,0.8289793151449663,0.45809594282886323,0.33044637248527753
2019-09-27,0,0.9769480456293739,3.948971793017898e-06,0.023047806560294506,1.9883853865270505e-07,0.9769480456293739,0.10973088122607698,0.07915409908861856
2019-09-30,0,0.9924240714779166,5.170830754056503e-07,0.007575380462775441,3.0976232464003954e-08,0.9924240714779166,0.04454463821190495,0.03213216432325415
2019-10-01,0,0.9864127790803809,2.630453004227206e-07,0.013586940278366029,1.759595263293768e-08,0.9864127790803809,0.07190424276358413,0.051867947226949485
2019-10-02,0,0.9502411693658658,2.8246061970880084e-06,0.04975584359022204,1.6243771517626463e-07,0.9502411693658658,0.1978371755964185,0.14270935606821603
2019-10-03,0,0.981105472308644,2.7570543301962562e-06,0.018891575757197694,1.948798282284038e-07,0.981105472308644,0.09373460061903534,0.06761522173639492
2019-10-04,0,0.98889356420315,7.027020304779371e-07,0.011105686480920756,4.661389872955011e-08,0.98889356420315,0.06103417147798603,0.04402684825802853
2019-10-07,0,0.9905409293000929,3.124657349632562e-07,0.009458742277806633,1.5956365579326316e-08,0.9905409293000929,0.05350461477635833,0.03859542120126326
2019-10-08,0,0.9861709577170813,3.609940726943615e-07,0.013828656209614947,2.5079231019868197e-08,0.9861709577170813,0.07293941863655348,0.05261466877613988
2019-10-09,0,0.980512826281865,8.874358343480182e-07,0.0194862422183801,4.4063920574216954e-08,0.980512826281865,0.09604689562073764,0.06928319000240904
2019-10-10,0,0.9366822809142874,7.90198502593334e-06,0.06330946243246544,3.546682212284201e-07,0.9366822809142874,0.23608397453017793,0.17029858964402203
2019-10-11,0,0.6448463091546207,0.00011631896986724071,0.35503190438544957,5.467490062461432e-06,0.6448463091546207,0.6516944249996953,0.47009815756102247
2019-10-15,0,0.8615182818781562,3.072782988695208e-05,0.13844949162819964,1.498663757149541e-06,0.8615182818781562,0.402505642621517,0.29034644726994396
2019-10-16,0,0.9759157250279277,2.622363853076758e-06,0.024081497780498916,1.5482772037671703e-07,0.9759157250279277,0.11356318215855003,0.08191851986385507
2019-10-17,0,0.9942189095824553,2.8359472276112913e-07,0.005780793305758075,1.3517063764501743e-08,0.9942189095824553,0.035558534983632574,0.025650061041081716
2019-10-18,0,0.9937531814071108,1.0581255071381897e-07,0.006246707799802826,4.9805357866588135e-09,0.9937531814071108,0.037935480391228515,0.02736466471708295
2019-10-21,0,0.9824224029140226,3.3632348757750355e-07,0.01757724287964213,1.7882847615049234e-08,0.9824224029140226,0.08845980904575314,0.06381026391414636
2019-10-22,0,0.9944216137768782,2.189653860973275e-07,0.0055781530378104,1.4219925382651447e-08,0.9944216137768782,0.03451087729557199,0.02489433576552462
2019-10-23,0,0.9962814144012226,5.722124706426896e-08,0.0037185247170386723,3.6604916152471974e-09,0.9962814144012226,0.024515708224514366,0.017684345339693826
2019-10-24,0,0.996383528731192,3.5600315177914273e-08,0.0036164339302476116,1.7382452388841215e-09,0.996383528731192,0.02394312614605402,0.01727131467714551
2019-10-25,0,0.9911612586313752,1.1193301051884229e-07,0.008838624512022655,4.923591725028283e-09,0.9911612586313752,0.05059598191683645,0.03649728610016381
2019-10-28,0,0.8937605085129753,4.633152942351562e-06,0.10623463702258469,2.213114978634247e-07,0.8937605085129753,0.3386343966084217,0.24427308233069822
2019-10-29,0,0.9821457368853831,2.9071460823839246e-06,0.017851164584565028,1.91383969401798e-07,0.9821457368853831,0.0895971332300269,0.06463066989441378
2019-10-30,0,0.8998565966300249,1.576560188909886e-05,0.10012631431255682,1.323455529083182e-06,0.8998565966300249,0.3255679559832777,0.23484763778471554
2019-10-31,0,0.5612153084929189,0.00036543431522089917,0.4383875722650053,3.168492685486336e-05,0.5612153084929189,0.6889239776629489,0.4969536030619177
2019-11-01,0,0.7626546445072696,0.00012285083736554158,0.23721723043497728,5.274220387636304e-06,0.7626546445072696,0.5491147340625259,0.396102551855534
2019-11-04,0,0.6252250975195595,0.00021682994334278416,0.3745491561671617,8.916369936087488e-06,0.6252250975195595,0.6633852083494371,0.4785312751424124
2019-11-05,0,0.41309474204253405,0.00029143732962025017,0.5865983922672158,1.5428360629974033e-05,0.5865983922672158,0.6806518388511742,0.4909865162412715
2019-11-06,0,0.7947721901059084,7.240195415238675e-05,0.2051513096652921,4.098274647022048e-06,0.7947721901059084,0.5082612553330178,0.36663299627247203
2019-11-07,2,0.1905752070293626,0.0013083344363482082,0.8080721498280825,4.430870620676211e-05,0.8080721498280825,0.4972516655295673,0.35869125596664214
2019-11-08,0,0.690285017966263,6.868394645331538e-05,0.30964370144577286,2.596641510945051e-06,0.690285017966263,0.6195519504693188,0.44691226325758543
2019-11-12,0,0.8965243777113846,1.9805520019606407e-05,0.10345443838890944,1.3783796863992416e-06,0.8965243777113846,0.3328594777756638,0.24010735894992016
2019-11-13,0,0.9696161698174535,6.052040255135465e-06,0.030377351408026106,4.267342654157641e-07,0.9696161698174535,0.13613669596987935,0.09820186807937674
2019-11-14,0,0.9814286740002679,2.333301523447308e-06,0.018568826949671095,1.6574853771603025e-07,0.9814286740002679,0.09245102571791505,0.06668931816416704
2019-11-15,0,0.9947476031413128,2.347778535065525e-07,0.005252149024548882,1.3056284560560926e-08,0.9947476031413128,0.032811549339321566,0.023668529757861385
2019-11-18,0,0.9681642002508531,4.698877176465951e-07,0.031835289499186514,4.036224285287721e-08,0.9681642002508531,0.1410730786946469,0.10176271551785278
2019-11-19,0,0.9679431011425336,2.9428594049021773e-06,0.032053726906833745,2.290912278701812e-07,0.9679431011425336,0.14185425657719186,0.10232621624645266
2019-11-20,0,0.9544401069584788,6.0213844004536054e-06,0.04555324395817609,6.276989447216485e-07,0.9544401069584788,0.18529545835534808,0.13366241943425405
2019-11-21,0,0.9905602127849295,9.01907371256467e-07,0.009438840242448392,4.506525090435196e-08,0.9905602127849295,0.05342098462537473,0.038535094799216844
2019-11-22,0,0.9964297832748515,8.322364778872742e-08,0.003570129029201106,4.472299564732643e-09,0.9964297832748515,0.023683503816108575,0.017084036753187343
2019-11-25,0,0.9896182856908405,1.0684680423285478e-07,0.010381600471519677,6.990835560723306e-09,0.9896182856908405,0.05774972966131619,0.041657624297529575
2019-11-26,0,0.9956172547798764,1.2665772818748496e-07,0.00438261075346421,7.808931231763148e-09,0.9956172547798764,0.02817334567113849,0.020322773042501022
2019-11-27,0,0.9963655387975565,4.109984569529511e-08,0.0036344179705278153,2.1320699370476805e-09,0.9963655387975565,0.0240442290563219,0.017344245010776964
2019-11-29,0,0.9929159737611669,1.7963033258475683e-07,0.007083835410387843,1.119811279791776e-08,0.9929159737611669,0.04212642894485783,0.03038779506455384
2019-12-02,2,0.3487795738262734,0.00013165931448236979,0.6510818228811922,6.943978052013265e-06,0.6510818228811922,0.6480259053148962,0.4674518799826909
2019-12-03,2,0.0044710498097556275,0.0024279289161910217,0.9927388404970132,0.0003621807770401524,0.9927388404970132,0.048911266457144026,0.035282020780660193
2019-12-04,2,0.037426641648667346,0.001441726117788018,0.9610928418539592,3.879037958549224e-05,0.9610928418539592,0.1709263772929279,0.1232973184388115
2019-12-05,2,0.5651198894278262,0.00010695025479127401,0.4347694466314391,3.713685943415319e-06,0.5651198894278262,0.6856846370273114,0.4946169127265256
2019-12-06,0,0.7727826874892542,5.971198885083442e-05,0.22715514025802705,2.460263868166934e-06,0.7727826874892542,0.5364746315192481,0.38698464522777665
2019-12-09,0,0.9703515035641721,4.3530097580247525e-06,0.029643888935455248,2.544906146565487e-07,0.9703515035641721,0.13356417299390522,0.09634618500937134
2019-12-10,0,0.9948871260711978,2.858260849327627e-07,0.005112571697789053,1.640492823450569e-08,0.9948871260711978,0.03207857960111968,0.023139803854648613
2019-12-11,0,0.9959235935231373,7.116331150832519e-08,0.00407633124807318,4.0654780725051225e-09,0.9959235935231373,0.02649958510158361,0.019115410005834867
2019-12-12,2,0.15616896812679737,0.00012105008691543835,0.843704141635504,5.840150783197703e-06,0.843704141635504,0.43452969668575214,0.31344691926376006
2019-12-13,2,0.12058326403644061,0.00048103482589298305,0.8788865217989371,4.9179338729238944e-05,0.8788865217989371,0.37271017979865934,0.26885356404217986
2019-12-16,2,0.3033795741557625,0.0002889602126016971,0.6963205713345292,1.0894297106535347e-05,0.6963205713345292,0.616371352889012,0.4446179470794995
2019-12-17,0,0.8458098467081885,2.988728544227392e-05,0.1541589506286352,1.3153777340615387e-06,0.8458098467081885,0.43021104416559586,0.310331669976684
2019-12-18,0,0.9511487103055041,1.0089550934519454e-05,0.04884081247374244,3.8766981902771826e-07,0.9511487103055041,0.19521958329733677,0.14082116235373884
2019-12-19,0,0.9774334090835378,1.4553159852754402e-06,0.02256502493734108,1.106631358733478e-07,0.9774334090835378,0.10788336121199929,0.07782139510749206
2019-12-20,0,0.9959038971578865,1.8186066752360366e-07,0.004095910986301812,9.995144135785144e-09,0.9959038971578865,0.026609069604273273,0.01919438638037715
2019-12-23,0,0.9958850840311498,4.607516525943996e-08,0.004114867395099045,2.498585845475383e-09,0.9958850840311498,0.026710844262925023,0.019267801278039676
2019-12-24,0,0.9940574625348753,6.013182787283387e-08,0.00594247311459843,4.218698391018983e-09,0.9940574625348753,0.03638484443235618,0.026246117313038334
2019-12-26,0,0.9965221325418624,5.4089627163091846e-08,0.003477810077400019,3.291110482165588e-09,0.9965221325418624,0.023161890673923668,0.016707772406441005
2019-12-27,0,0.9943414940347745,6.507471132922101e-08,0.005658437032374867,3.858139372688702e-09,0.9943414940347745,0.0349238090095512,0.025192203033516408
2019-12-30,0,0.987443748218279,3.0396645386475895e-07,0.01255593453654637,1.3278720697361985e-08,0.987443748218279,0.06744627235913449,0.04865220132948485
2019-12-31,0,0.9915180951305251,3.485524131542748e-07,0.008481539789317809,1.6527743851318826e-08,0.9915180951305251,0.04890709540538411,0.03527901200281554
2020-01-02,0,0.9920814114609761,2.2439094552239987e-07,0.007918348261379578,1.5886698832262865e-08,0.9920814114609761,0.04620437743341655,0.033329413095276
2020-01-03,0,0.638822658710101,3.1314623231627695e-05,0.36114006478046534,5.961886201862961e-06,0.638822658710101,0.6544884002982048,0.47211358471478543
2020-01-06,0,0.9418481467444332,1.1017857342912831e-05,0.058140235307686666,6.000905373124556e-07,0.9418481467444332,0.22196464930178914,0.16011364940017456
2020-01-07,0,0.9873567171855765,1.234227081028546e-06,0.012641983547686628,6.503965577839742e-08,0.9873567171855765,0.06783560729525848,0.0489330471202803
2020-01-08,0,0.9374347800800308,8.478423851130416e-06,0.0625562032960213,5.382000968848688e-07,0.9374347800800308,0.23405904707878208,0.16883791324787767
2020-01-09,0,0.9033056559752194,1.5202738686335049e-05,0.09667803240082554,1.1088852686360616e-06,0.9033056559752194,0.317920460454339,0.22933113584730536
2020-01-10,0,0.9688412508978739,5.0840993530064525e-06,0.031153340767212465,3.2423556051705383e-07,0.9688412508978739,0.1388007713182642,0.10012359222621142
2020-01-13,0,0.9886764556575495,8.386195339035382e-07,0.011322660638612496,4.5084304345958537e-08,0.9886764556575495,0.062007952861741135,0.044729283044655274
2020-01-14,0,0.9934248707245248,1.994519955621203e-07,0.006574916515260238,1.3308219538394158e-08,0.9934248707245248,0.039592408632564385,0.028559885795525014
2020-01-15,0,0.9937776342575956,1.4541113522900567e-07,0.0062222105796134975,9.751655531008478e-09,0.9937776342575956,0.037811963488292674,0.027275566105417197
2020-01-16,0,0.9939973518921704,1.0077620883871944e-07,0.0060025420984143665,5.233206357535826e-09,0.9939973518921704,0.036692756975310784,0.026468229262412393
2020-01-17,0,0.5032420579931327,2.4972130587495052e-05,0.4967318151248189,1.1547514609098716e-06,0.5032420579931327,0.693414440721203,0.5001927874546368
2020-01-21,0,0.5822378539814196,0.00014961582220724757,0.417600203466058,1.2326730315265635e-05,0.5822378539814196,0.6810370274981438,0.4912643711166663
2020-01-22,0,0.9471462910594208,1.2608296548498838e-05,0.05284037746473821,7.231792924316908e-07,0.9471462910594208,0.20696018861041804,0.1492902188848473
2020-01-23,0,0.9518423105471239,8.328860485800466e-06,0.0481487840190363,5.765733541261237e-07,0.9518423105471239,0.19314210902257373,0.13932258143685133
2020-01-24,0,0.9647876132984681,8.103052875930858e-06,0.03520382858156284,4.550670929313009e-07,0.9647876132984681,0.15249981062379842,0.11000536026173002
2020-01-27,2,0.18129751863464866,0.0005755345423545982,0.8180828491086815,4.409771431526225e-05,0.8180828491086815,0.4785866031602204,0.34522725950757216
2020-01-28,2,0.43583863131538014,0.0001660128801058306,0.5639883465406207,7.009263893366697e-06,0.5639883465406207,0.6864930988909493,0.4952000946872347
2020-01-29,0,0.910152386034642,2.0409284941865554e-05,0.08982608420978458,1.1204706315783835e-06,0.910152386034642,0.3023905267314267,0.21812865666361542
2020-01-30,0,0.8818524847583221,3.0208123892795806e-05,0.11811505201278336,2.2551050017335704e-06,0.8818524847583221,0.363524556111762,0.2622275371719004
2020-01-31,0,0.8834543654001288,2.6141474689467505e-05,0.11651825629640544,1.2368287763445643e-06,0.8834543654001288,0.3602466302175043,0.2598630134558768
2020-02-03,0,0.9690247411128772,7.633854200160534e-06,0.03096704559733771,5.794355848891434e-07,0.9690247411128772,0.13819403580761067,0.09968592507003587
2020-02-04,0,0.47377883272204596,0.00013896337598136876,0.5260761665862473,6.037315725294902e-06,0.5260761665862473,0.6931300649241934,0.49998765367858955
2020-02-05,0,0.48392179915717354,0.0002157641993145701,0.5158528206360236,9.616007488318243e-06,0.5158528206360236,0.6946387375026604,0.5010759309022292
2020-02-06,0,0.9450850168331151,9.264774966363166e-06,0.054905209905489874,5.084864285245191e-07,0.9450850168331151,0.2128365042380243,0.15352908459217027
2020-02-07,0,0.9414701767401553,1.1812272361085802e-05,0.05851713782842606,8.731590576126599e-07,0.9414701767401553,0.22302585744548298,0.1608791492633036
2020-02-10,0,0.9817758596765855,1.9596726158537198e-06,0.018222048165783128,1.3248501554951748e-07,0.9817758596765855,0.09106646007118074,0.06569056516800263
2020-02-11,0,0.992245273695166,3.9612147184399265e-07,0.007754310046368695,2.0136993470303538e-08,0.992245273695166,0.045412896399373036,0.03275848021388987
2020-02-12,0,0.9879423557294622,4.212844359329346e-07,0.012057202929587986,2.005651386489868e-08,0.9879423557294622,0.06526104126175575,0.04707589029579252
2020-02-13,0,0.996235279242661,9.805940264579225e-08,0.003764617130216363,5.567720055586712e-09,0.996235279242661,0.02477381715661762,0.017870531577871083
2020-02-14,0,0.9955165782780502,5.4501498808668945e-08,0.004483363777990903,3.4424601796486568e-09,0.9955165782780502,0.028717593873383854,0.020715365133697084
2020-02-18,0,0.9927822451512978,1.084227143431818e-07,0.007217638101241395,8.324746533324581e-09,0.9927822451512978,0.04278535321266803,0.03086310845129942
2020-02-19,0,0.9964701566478334,6.883871072298794e-08,0.003529770724757891,3.788697958468039e-09,0.9964701566478334,0.023455744158381166,0.01691974288882839
2020-02-20,0,0.9820801923925684,2.8961318597980856e-07,0.017919498452913192,1.954133243717169e-08,0.9820801923925684,0.08983280607524517,0.06480067191694808
2020-02-21,0,0.9425403455301749,4.335948940772468e-06,0.057455008520356635,3.100005277257133e-07,0.9425403455301749,0.2199692515587678,0.1586742741859456
2020-02-24,2,9.887570587917136e-05,0.003717109676092869,0.9958671254743918,0.0003168891436361394,0.9958671254743918,0.028385800190169955,0.020476026583011595
2020-02-25,2,0.002110731893274478,0.0025122751172167055,0.9952836148634228,9.33781260859729e-05,0.9952836148634228,0.033615218798182446,0.02424825472926764
2020-02-26,2,0.2256836215831363,0.00027752105328172753,0.7740275979827667,1.1259380815155792e-05,0.7740275979827667,0.536623926224593,0.3870923385932926
2020-02-27,2,1.7526425489202199e-07,0.00869550981596369,0.9900120359217982,0.0012922789979833004,0.9900120359217982,0.059795787570556765,0.04313354309704608
2020-02-28,2,4.76738632602546e-07,0.044624134384254964,0.951125016626278,0.0042503722508342974,0.951125016626278,0.20963568018588594,0.1512201780987812
2020-03-02,2,3.741640171172186e-07,0.3737686084859799,0.61605613088742,0.010174886462583103,0.61605613088742,0.7129469513322918,0.5142825155520013
2020-03-03,1,4.0455780660836537e-07,0.678665653899463,0.31875237012831686,0.002581571414413473,0.678665653899463,0.6429019496471771,0.4637557272669142
2020-03-04,2,6.103358118386118e-05,0.3691811246844311,0.6291316358749945,0.0016262058593904231,0.6291316358749945,0.670460996191909,0.48363537715777066
2020-03-05,2,1.5243434357179466e-05,0.2520890783972996,0.7468808375323535,0.0010148406359896825,0.7468808375323535,0.5725131707428636,0.41298095613717284
2020-03-06,1,4.4169441441168803e-72,0.9342822392124346,1.256165204728889e-19,0.06571776078756551,0.9342822392124346,0.2424185421351916,0.17486801427898657
2020-03-09,3,2.867370426285469e-186,0.0019589653254294855,1.3919067170436041e-45,0.9980410346745705,0.9980410346745705,0.01417185787917114,0.010222834541231693
2020-03-10,1,9.146282622992408e-51,0.8068829650466791,3.1011532851527085e-09,0.19311703185216766,0.8068829650466791,0.49071132114513183,0.3539733947620766
2020-03-11,1,2.496334566107516e-18,0.7536018377227784,0.007193160386598753,0.23920500189062283,0.7536018377227784,0.5908498627956567,0.4262080834826092
2020-03-12,3,2.4140590634497275e-99,3.1738433564180977e-12,9.071873575697864e-24,0.9999999999968262,0.9999999999968262,8.720471834014932e-11,6.290490734572614e-11
2020-03-13,3,1.7700186515356365e-56,0.012828145090399489,4.870607261784875e-06,0.9871669843023387,0.9871669843023387,0.06869075513114263,0.049549905891308796
2020-03-16,3,1.8130924286564993e-124,0.00012751161756938343,3.730321531085424e-28,0.9998724883824306,0.9998724883824306,0.0012709388084972551,0.000916788558146159
2020-03-17,3,1.5323699873001675e-57,0.006581625642096569,6.075517395603815e-11,0.9934183742971483,0.9934183742971483,0.03962254259978041,0.028581622858057446
2020-03-18,3,7.296626871854721e-128,1.5870572657398864e-13,4.4331725226962196e-38,0.9999999999998413,0.9999999999998413,4.835982349543164e-12,3.48842387675624e-12
2020-03-19,3,3.9296813639824374e-181,1.66937046447595e-10,1.9199789564016125e-38,0.9999999998330629,0.9999999998330629,3.925258357099112e-09,2.8314753829974245e-09
2020-03-20,3,3.789895746084348e-207,1.2439281499725467e-08,1.39115774519305e-33,0.9999999875607185,0.9999999875607185,2.3886413994879526e-07,1.7230405507516713e-07
2020-03-23,3,1.739331913428963e-88,3.4009297378591865e-13,3.02151533398868e-14,0.9999999999996297,0.9999999999996297,1.1074788919658386e-11,7.988771526641597e-12
2020-03-24,3,3.250023467782996e-68,0.06017664479961371,4.3838032246458716e-12,0.9398233551960025,0.9398233551960025,0.2274532906513795,0.16407286722831063
2020-03-25,3,2.729777409700049e-118,9.569704485290204e-08,4.227441763267884e-24,0.9999999043029552,0.9999999043029552,1.6423601835719057e-06,1.184712446096338e-06
2020-03-26,3,1.6453449237772503e-49,0.012632036981259467,1.545344703433135e-06,0.9873664176740371,0.9873664176740371,0.0677953081489197,0.04890397743099279
2020-03-27,3,5.5401122430831165e-49,0.005211450352665579,2.3012189508066445e-10,0.9947885494172126,0.9947885494172126,0.03259391058850559,0.023511536584607643
2020-03-30,3,2.754418891991149e-44,0.0020528555768592185,1.0357122779006228e-05,0.9979367873003617,0.9979367873003617,0.014884105129146646,0.010736612328944926
2020-03-31,3,2.53240114111704e-30,0.10635701244998226,3.5008697111315546e-05,0.8936079788529064,0.8936079788529064,0.33922060345959554,0.24469594118926002
2020-04-01,3,3.700040920903296e-33,0.3470810804282524,4.30464084572752e-06,0.6529146149309019,0.6529146149309019,0.6456766206106115,0.4657572292864369
2020-04-02,1,5.053560534281173e-10,0.7109844188902849,0.10424504165343798,0.18477053895092116,0.7109844188902849,0.7902303922297775,0.5700307340148203
2020-04-03,1,1.0049356275554596e-07,0.7377523255842189,0.24282481644615814,0.019422757476060145,0.7377523255842189,0.6446358555457836,0.4650064759875581
2020-04-06,1,8.839347324836544e-23,0.9157337962334259,0.0038289582072677623,0.08043724555930634,0.9157337962334259,0.30464464576098194,0.21975465983637182
2020-04-07,1,8.418946814693337e-20,0.993194448724771,0.00024319934560696927,0.006562351929621834,0.993194448724771,0.04179120206933364,0.030145979989108118
2020-04-08,1,3.015891566455513e-20,0.9859403172969304,0.0037417249882213217,0.010317957714848206,0.9859403172969304,0.08206290985001646,0.05919587654076841
2020-04-09,1,5.802914211612868e-99,0.6199741163597772,8.140026371637247e-21,0.3800258836402227,0.6199741163597772,0.6640767964324337,0.47903015049125086
2020-04-13,1,2.665575971603131e-27,0.9775118361524769,0.005646219766717386,0.016841944080805738,0.9775118361524769,0.12024308994264951,0.08673705478071303
2020-04-14,1,1.2007864026180856e-05,0.8495764096740092,0.14805071438572817,0.002360868076236565,0.8495764096740092,0.4357185594628575,0.3143045024801737
2020-04-15,1,1.780218349874465e-17,0.9950448592442577,8.896341467598235e-05,0.004866177341066379,0.9950448592442577,0.0316871984006398,0.022857481996133865
2020-04-16,1,1.4547683510527832e-19,0.984098475671185,1.1775221496364577e-06,0.015900346806665282,0.984098475671185,0.08164041978648591,0.05889111438102822
2020-04-17,1,4.60927257824028e-10,0.9122512876802422,0.08627528124290913,0.0014734306159214204,0.9122512876802422,0.3047807269766586,0.21985282168387923
2020-04-20,1,0.00018297926463080335,0.7587646346196011,0.2394307734489373,0.0016216126668308478,0.7587646346196011,0.5637239839569884,0.4066408980424584
2020-04-21,1,1.3768382054216077e-17,0.9952028214534046,9.957761717289278e-06,0.004787220784878099,0.9952028214534046,0.030472739870604816,0.02198143534681048
2020-04-22,1,4.391453336330011e-12,0.9547012791104534,0.03449578463945281,0.010802936245702346,0.9547012791104534,0.20931638260663174,0.15098985358170225
2020-04-23,1,0.00856535022012786,0.604311599752501,0.38628732591583775,0.0008357241115333608,0.604311599752501,0.71849146665039,0.5182820379287778
2020-04-24,2,0.0007700399191856455,0.32109565350856795,0.6769863748016343,0.0011479317706121876,0.6769863748016343,0.6421567805453611,0.4632182013830074
2020-04-27,1,3.2786075489964995e-05,0.4219063920985984,0.5767321376477369,0.0013286841781747275,0.5767321376477369,0.6906527902930026,0.4982006777659201
2020-04-28,2,0.24231187796936235,0.030290141911448753,0.7273343196203869,6.366049880201087e-05,0.7273343196203869,0.6815826799717939,0.49165797617555823
2020-04-29,2,0.0028549299348830438,0.007845951287184101,0.9891981936893464,0.0001009250885864726,0.9891981936893464,0.06643335174368993,0.047921533555126815
2020-04-30,2,2.3987832097805915e-07,0.0033015374663736647,0.9952260045035078,0.0014722181517974572,0.9952260045035078,0.03322944616170614,0.023969978594490123
2020-05-01,2,7.188953132494836e-06,0.0026903934175296607,0.9970496924337098,0.0002527251956280251,0.9970496924337098,0.021046395737866267,0.01518176537980314
2020-05-04,2,0.19755489422322087,0.0002845126173223347,0.8021483543680598,1.2238791397067334e-05,0.8021483543680598,0.49968683201949965,0.36044785727602435
2020-05-05,2,0.003762693746818587,0.0027872675236375573,0.9931831381671277,0.00026690056241620414,0.9931831381671277,0.046392131823485616,0.033464849259004885
2020-05-06,2,0.00055406391143765,0.011232002923599894,0.9878019971560293,0.0004119360089332365,0.9878019971560293,0.06990902398736892,0.05042870110998237
2020-05-07,2,0.0003686532124128286,0.020572852276487343,0.9783166611981607,0.0007418333129389938,0.9783166611981607,0.10960741175449881,0.07906503469144506
2020-05-08,2,3.910607147242176e-05,0.029160597536099474,0.9703485127664817,0.00045178362594646966,0.9703485127664817,0.13616501589781874,0.09822229658917499
2020-05-11,2,3.0688231232533538e-06,0.0075153422004797235,0.9920763630982705,0.00040522587812657015,0.9920763630982705,0.04785246517684678,0.03451825710247433
2020-05-12,2,0.00010639642294235254,0.008131877232999761,0.9913240038492482,0.00043772249480964577,0.9913240038492482,0.052127210280149876,0.03760183388327421
2020-05-13,2,0.015668347482141992,0.0012692560503039024,0.9830233232275721,3.907323998204205e-05,0.9830233232275721,0.09081284476119464,0.0655076203929974
2020-05-14,2,0.00014878211188196723,0.0017037583277054414,0.9975847441365446,0.0005627154238679966,0.9975847441365446,0.018795529704022117,0.013558108747436957
2020-05-15,2,0.011502827442005436,0.0008368587627603997,0.9876265773268088,3.373646842531165e-05,0.9876265773268088,0.06993578901933267,0.05044800799942403
2020-05-18,1,2.884696366552823e-18,0.9384446009650433,0.02732118889241504,0.03423421014254161,0.9384446009650433,0.27350392709980065,0.1972913796452695
2020-05-19,1,8.00460911240849e-05,0.8117412345956297,0.18597219616976318,0.002206523143482915,0.8117412345956297,0.49639338845177183,0.35807213992472003
2020-05-20,1,0.0007323354367437774,0.5691329500870129,0.4283377057776373,0.0017970086986059436,0.5691329500870129,0.7005970250248593,0.5053739268324627
2020-05-21,2,0.0014241344012903966,0.06399471670830544,0.9341573828612991,0.00042376602910514793,0.9341573828612991,0.2521695229947627,0.18190186014393978
2020-05-22,2,0.1720069590763868,0.00338253033983563,0.8245892277784533,2.1282805324133572e-05,0.8245892277784533,0.4812812200206149,0.34717101469836564
2020-05-26,2,0.0007497126533429862,0.004403530334318542,0.9947605495507696,8.62074615688583e-05,0.9947605495507696,0.03531798024786989,0.02547653747890813
2020-05-27,2,0.007588395261198343,0.0008687478593315253,0.991507521415635,3.533546383513328e-05,0.991507521415635,0.05198184072784485,0.03749697191717086
2020-05-28,2,0.026449267100369645,0.0006707514292382735,0.9728468426202229,3.3138850169050204e-05,0.9728468426202229,0.12810187660933264,0.09240597105642706
2020-05-29,2,0.0008445958584594452,0.004402795885159578,0.993798800060932,0.000953808195448783,0.993798800060932,0.04268006298327465,0.030787157605399476
2020-06-01,2,0.006829732312541759,0.0031070337113168894,0.9900065302446628,5.6703731478633574e-05,0.9900065302446628,0.062494334511821924,0.04508013324193075
2020-06-02,2,0.024580382812562748,0.0008184483885716562,0.9745723657551749,2.8803043690734653e-05,0.9745723657551749,0.12231047119300402,0.08822835511946966
2020-06-03,2,1.980277866858873e-06,0.0028053181830387805,0.9969192601431254,0.0002734413959690588,0.9969192601431254,0.02183014217460578,0.015747118928602387
2020-06-04,2,0.00020941534185629348,0.004278942990331944,0.9954082349229276,0.00010340674488414772,0.9954082349229276,0.030641717170478717,0.022103326703085922
2020-06-05,2,7.109083574699121e-12,0.14890215112415184,0.8466421741597985,0.004455674708940724,0.8466421741597985,0.44864677003126924,0.3236302351174817
2020-06-08,2,0.18851054679831575,0.007961799328048354,0.8034771386924588,5.051518117687903e-05,0.8034771386924588,0.5293349385208326,0.38183444538663475
2020-06-09,2,3.4278501294435114e-05,0.010160066745762178,0.9893689089295609,0.00043674582338247374,0.9893689089295609,0.060933027339599155,0.04395388818459567
2020-06-10,2,0.04384340941627036,0.0010430501270826623,0.955078922733297,3.461772334985112e-05,0.955078922733297,0.18851748311687866,0.13598661900679487
2020-06-11,1,9.929738141435406e-27,0.7651597928936786,0.002673816801337032,0.2321663903049844,0.7651597928936786,0.5596839296252596,0.4037266148678048
2020-06-12,1,4.1924211946217454e-05,0.7111825308474299,0.2826183197709123,0.006157225169711614,0.7111825308474299,0.6312861581666322,0.45537670488442306
2020-06-15,2,0.025002162937161444,0.061784714282079274,0.9129236621701611,0.0002894606105981506,0.9129236621701611,0.34977105606391395,0.25230648401495215
2020-06-16,1,1.0467458526060117e-22,0.9909826889819647,0.0022970211161917717,0.0067202899018434905,0.9909826889819647,0.056552642615188956,0.040794108525049486
2020-06-17,1,0.030280201812565997,0.5377019655308461,0.4312990400321426,0.0007187926244451962,0.5377019655308461,0.807420467597617,0.582430752257665
2020-06-18,2,0.009642908599775431,0.17841322886022576,0.811506678234854,0.00043718430514475443,0.811506678234854,0.5251554886687085,0.37881960959898303
2020-06-19,2,0.23370819782826494,0.01153830240784167,0.7547323889177575,2.111084613583791e-05,0.7547323889177575,0.6038252189407765,0.4355678244647754
2020-06-22,2,0.46296011410244386,0.0007176852176665191,0.5363113121742281,1.0888505661448543e-05,0.5363113121742281,0.6959959956404149,0.5020549856945016
2020-06-23,0,0.6971389429458732,0.0001553371942414324,0.3027005408596605,5.179000224724199e-06,0.6971389429458732,0.614663081869682,0.4433856900154586
2020-06-24,2,0.0001498229110449719,0.007379166230326703,0.9917074066203909,0.0007636042382375408,0.9917074066203909,0.051283228259506604,0.036993029545383464
2020-06-25,2,0.0650647658067832,0.0008643760324056307,0.9340380349111337,3.282324967739496e-05,0.9340380349111337,0.247953908003035,0.1788609367225084
2020-06-26,2,0.02219529597802589,0.0005684636105484704,0.9772014632322251,3.4777179200414364e-05,0.9772014632322251,0.11165849045698908,0.0805445752277229
2020-06-29,2,0.1358290687562981,0.0002279273074023854,0.8639264200354783,1.658390082123372e-05,0.8639264200354783,0.3996220107579428,0.28826634657528005
2020-06-30,2,0.05652701219256767,0.0003373570072541775,0.9431182296830045,1.740111717366602e-05,0.9431182296830045,0.220524258500907,0.1590746270674872
2020-07-01,2,0.10693493083604079,0.0003599386653485789,0.8926901011445711,1.5029354039518728e-05,0.8926901011445711,0.343412245681599,0.24771957191269262
2020-07-02,2,0.06748929831987571,0.000567560552235551,0.9319179109912853,2.523013660353585e-05,0.9319179109912853,0.25215592626252475,0.1818920521748538
2020-07-06,2,0.2134108262653217,0.00033482535344637765,0.7862391106052975,1.5237775934475677e-05,0.7862391106052975,0.5215550423570501,0.3762224365795747
2020-07-07,2,0.15644903480583522,0.0005643305911185234,0.8429318440128122,5.47905902340384e-05,0.8429318440128122,0.4390066594360781,0.31667636524282994
2020-07-08,2,0.6976353960532709,7.567227936736353e-05,0.3022843134893037,4.618178058091797e-06,0.6976353960532709,0.6136135740973269,0.442628630186183
2020-07-09,2,0.12946763046271043,0.0016898719008952392,0.8686954917997091,0.0001470058366852337,0.8686954917997091,0.3990376518155799,0.28784482070115697
2020-07-10,2,0.4493891832723753,0.000152533662638433,0.5504499970224439,8.286042542271887e-06,0.5504499970224439,0.6895177570552091,0.49738192435421563
2020-07-13,2,0.6793859184052374,0.00010552743541607347,0.3205044545311625,4.09962818392643e-06,0.6793859184052374,0.6283334948705734,0.45324680853710364
2020-07-14,2,0.38663210218610383,0.00023205472804394632,0.613111620532728,2.4222553124073985e-05,0.613111620532728,0.6695480800391171,0.4829768473545805
2020-07-15,2,0.23826414787696854,0.0003970624057982165,0.7613228952254919,1.5894491741349846e-05,0.7613228952254919,0.5526564179887143,0.39865733677388815
2020-07-16,0,0.8389127492409985,3.535105567433432e-05,0.16105015510888446,1.74459444279424e-06,0.8389127492409985,0.441823247549999,0.31870810409492023
2020-07-17,0,0.9137599376534056,2.5877567563398623e-05,0.0862131965612075,9.882178235257043e-07,0.9137599376534056,0.2939992968028689,0.21207566376117074
2020-07-20,0,0.9886043256200878,1.3830301678949936e-06,0.011394220757789671,7.059195447041599e-08,0.9886043256200878,0.06233545535562501,0.044965526156557786
2020-07-21,0,0.9548735157714667,2.723549350514631e-06,0.04512358257102096,1.7810816189725983e-07,0.9548735157714667,0.183938944070773,0.1326839012186283
2020-07-22,0,0.9917666164487448,7.758531253580482e-07,0.008232558425658643,4.9272471096676086e-08,0.9917666164487448,0.04772460919492695,0.03442602850694247
2020-07-23,0,0.9369834876598249,3.6526215852008237e-06,0.06301255725423116,3.0246435876583754e-07,0.9369834876598249,0.2352314224484205,0.1696836033137965
2020-07-24,0,0.9768933227669696,1.9582085486964426e-06,0.02310456789523396,1.5112924764132493e-07,0.9768933227669696,0.10991740548501956,0.07928864790030954
2020-07-27,0,0.9896847420989847,6.534027667407958e-07,0.010314566597146857,3.790110172862467e-08,0.9896847420989847,0.05745269601564758,0.04144335981373794
2020-07-28,0,0.9860588203190555,4.5955220318451136e-07,0.013940691211016524,2.8917724880484372e-08,0.9860588203190555,0.07341853786692704,0.05296028024496711
2020-07-29,0,0.9814877610271314,9.67231428501591e-07,0.018511221182843488,5.055859663060021e-08,0.9814877610271314,0.09220232650454398,0.06650991960326531
2020-07-30,0,0.974585489920179,2.6860282140264938e-06,0.02541164487225973,1.79179347140726e-07,0.974585489920179,0.118451507878764,0.08544470150125641
2020-07-31,0,0.9933279648163389,4.221480275812185e-07,0.006671591535357778,2.1500275798015997e-08,0.9933279648163389,0.0400802886588833,0.02891181684278455
2020-08-03,0,0.9194808382836647,5.359447828181932e-06,0.08051354256519845,2.597033086232926e-07,0.9194808382836647,0.2800959640754078,0.20204652917230206
2020-08-04,0,0.9364474677024205,2.0844755017304383e-05,0.06352991627809844,1.7712644635786165e-06,0.9364474677024205,0.2368409810363137,0.1708446544101834
2020-08-05,0,0.9434222909469383,1.3290841569059989e-05,0.05656387062254998,5.475889426360055e-07,0.9434222909469383,0.21757645591795755,0.15694823698351676
2020-08-06,0,0.9915552340840305,8.787463283883945e-07,0.008443836676493914,5.0493147348474845e-08,0.9915552340840305,0.04873567593536591,0.035155358993161995
2020-08-07,0,0.9875068579681036,4.7352754189321197e-07,0.012492644092695833,2.441165864602194e-08,0.9875068579681036,0.06717255249699702,0.04845475418563558
2020-08-10,0,0.9951759520005184,1.5825605949269827e-07,0.004823881930121298,7.813300789792136e-09,0.9951759520005184,0.030546454161660498,0.02203460896788482
2020-08-11,2,0.010601139384793805,0.001254784316890445,0.9880937336847638,5.034261355195266e-05,0.9880937336847638,0.06891747466673395,0.04971344946614392
2020-08-12,2,0.057077379333417666,0.00023443581860243718,0.9426672525184356,2.0932329544264024e-05,0.9426672525184356,0.22127427046471182,0.1596156463378815
2020-08-13,2,0.06147834031189787,0.0006237295335969479,0.9378703248279789,2.7605326526259408e-05,0.9378703248279789,0.23651856460121531,0.17061208011417464
2020-08-14,2,0.4608851907338122,0.0001005352786951418,0.5390074741429335,6.799844559232828e-06,0.5390074741429335,0.6911314612771445,0.4985459658934395
2020-08-17,0,0.8226877917797383,3.2294524417610946e-05,0.17727604564367022,3.868052173787819e-06,0.8226877917797383,0.4676490474366377,0.33733748080664244
2020-08-18,0,0.798135121153207,3.406256841420283e-05,0.20182736788102007,3.4483973587966627e-06,0.798135121153207,0.5033481206071928,0.36308891872038845
2020-08-19,0,0.9643854811214749,5.59270254521454e-06,0.03560866009181383,2.6608416606376245e-07,0.9643854811214749,0.15380512983844952,0.11094694904060713
2020-08-20,0,0.9107243794680032,2.090113381634695e-05,0.0892530287402239,1.6906579566161188e-06,0.9107243794680032,0.30107436279240607,0.21717924506970446
2020-08-21,0,0.9883308913937554,1.511755939972756e-06,0.0116675109810166,8.586928809872477e-08,0.9883308913937554,0.06355389084063963,0.045844441572494656
2020-08-24,0,0.992627531366571,2.6080543548568936e-07,0.007372192872803431,1.4955190134394683e-08,0.992627531366571,0.04354721055446571,0.03141267235573761
2020-08-25,0,0.9767009768604725,6.33479826080807e-07,0.023298349062523045,4.05971783021615e-08,0.9767009768604725,0.11062237923671367,0.07979717896807252
2020-08-26,0,0.9106151931089921,6.098238609240035e-06,0.08937812584718101,5.828052177320475e-07,0.9106151931089921,0.30118431400898105,0.21725855810715067
2020-08-27,0,0.395378810953241,0.0006335275232766064,0.6039636332702989,2.402825318357212e-05,0.6039636332702989,0.6763407337672325,0.4878767112785945
2020-08-28,0,0.667254315235439,6.615965385226759e-05,0.33267495915622264,4.565954486178383e-06,0.667254315235439,0.6367917878467302,0.45934817720264726
2020-08-31,0,0.8700764765225043,3.613966434152585e-05,0.12988494043242357,2.4433807305286463e-06,0.8700764765225043,0.38660235287784206,0.2788746486464339
2020-09-01,0,0.4871356669433854,0.00017875739302686256,0.5126606060383676,2.4969625220112408e-05,0.5126606060383676,0.6946910188581028,0.5011136439283431
2020-09-02,2,0.08263485069867481,0.0010532780729276114,0.9161041524345896,0.00020771879380801072,0.9161041524345896,0.29529169213801604,0.21300792993161313
2020-09-03,2,4.1079750098039885e-05,0.002737656781873746,0.9968092578167298,0.0004120056512984139,0.9968092578167298,0.022965881217704598,0.016566381471213705
2020-09-04,2,3.082606806430966e-07,0.28732206728362797,0.7034505962155816,0.00922702824010992,0.7034505962155816,0.6490172175588064,0.4681669606118217
2020-09-08,2,0.00042888599495107546,0.24213243032034956,0.7567895806022052,0.0006491030824942169,0.7567895806022052,0.5623939331650122,0.40568146920160114
2020-09-09,2,0.014137153836698465,0.023569182089837763,0.9622210507397342,7.261333372950341e-05,0.9622210507397342,0.18629055225727484,0.13438022795301835
2020-09-10,2,0.1335867223608574,0.001922430648455643,0.864473677168816,1.7169821871048507e-05,0.864473677168816,0.40701937762732393,0.29360241882432625
2020-09-11,0,0.6441377726561063,0.00011284701932042002,0.35574481771745625,4.562607117083916e-06,0.6441377726561063,0.6520781614641638,0.47037496490817093
2020-09-14,0,0.7182667957398482,7.342895150238597e-05,0.28165452920436485,5.246104284637135e-06,0.7182667957398482,0.5953245867962846,0.4294359145451356
2020-09-15,0,0.9550257905182601,8.497382146487865e-06,0.04496532162982096,3.904697724276176e-07,0.9550257905182601,0.18352863264392677,0.13238792408826275
2020-09-16,0,0.9816909601615097,1.6685829490571526e-06,0.01830723824759557,1.3300794568013345e-07,0.9816909601615097,0.09140205262462463,0.06593264402430901
2020-09-17,0,0.9720098256605537,1.0879538716119407e-06,0.027988941970182195,1.4441539240868345e-07,0.9720098256605537,0.12769889494409442,0.09211528123142287
2020-09-18,0,0.9676538845636653,2.2400801218152694e-06,0.03234373873613459,1.3662007832900756e-07,0.9676538845636653,0.14283074404308227,0.10303060305871782
2020-09-21,2,0.07641162419757713,0.0007060319585614986,0.9227656394288046,0.00011670441505672044,0.9227656394288046,0.27685330811260933,0.19970744733388285
2020-09-22,2,0.07590359982217652,0.00018905701918262808,0.9238885495328564,1.8793625784474564e-05,0.9238885495328564,0.2706655241584913,0.1952439047215337
2020-09-23,2,0.04043540514737705,0.00034881215136366525,0.9591895226742817,2.6260026977594352e-05,0.9591895226742817,0.17273880850621814,0.12460471120049461
2020-09-24,2,0.011507086523003446,0.00064811182122057,0.9877790050387274,6.579661704854065e-05,0.9877790050387274,0.06891439344358914,0.04971122683346848
2020-09-25,2,0.00205960552644339,0.0006473543563658998,0.9972274763602703,6.556375692039341e-05,0.9972274763602703,0.020892649777749885,0.015070861112694832
2020-09-28,2,0.071226533569767,0.0003285304318302403,0.9284251926202965,1.9743378106087615e-05,0.9284251926202965,0.2599715675602308,0.18752984564563757
2020-09-29,2,0.4299446881134797,0.00013068631157763566,0.5699177121663894,6.9134085532228245e-06,0.5699177121663894,0.6846104019961099,0.49384201595039373
2020-09-30,0,0.6732087982075856,0.00010838279638115627,0.3266782219826753,4.597013358057431e-06,0.6732087982075856,0.6329155050627445,0.4565520302278776
2020-10-01,0,0.9511752137084882,1.0195585143840369e-05,0.04881403340864608,5.572977219365382e-07,0.9511752137084882,0.19514374280410388,0.140766455001996
2020-10-02,0,0.9705613108237787,5.952140839718395e-06,0.029432503000638842,2.3403474278251162e-07,0.9705613108237787,0.1328451141836188,0.09582749371951747
2020-10-05,2,0.013606701340398644,0.002143148549524413,0.9841657510438948,8.439906618206871e-05,0.9841657510438948,0.0881411744629127,0.06358041764788655
2020-10-06,2,0.0022867938175777087,0.0014945810133014418,0.9960886545543156,0.00012997061480526746,0.9960886545543156,0.028695386926396605,0.02069934620755119
2020-10-07,2,0.027185989512349535,0.0006566839134380278,0.9721268901600723,3.043641414036878e-05,0.9721268901600723,0.13061685845568313,0.09422014697525487
2020-10-08,2,0.5289524437102264,0.00011934482090308074,0.4709215559876017,6.655481268832624e-06,0.5289524437102264,0.6926583198114207,0.49964736151120914
2020-10-09,0,0.9141913745888874,1.4428892123170749e-05,0.08579340517065889,7.913483303124541e-07,0.9141913745888874,0.2928815154681635,0.21126935496698185
2020-10-13,0,0.8300918197742422,9.19320948479408e-05,0.16980852061260562,7.727518304267375e-06,0.8300918197742422,0.4566089929008035,0.32937376484164654
2020-10-14,0,0.9774192988771114,3.598231017339005e-06,0.02257685910507812,2.437867930524923e-07,0.9774192988771114,0.10795766337404805,0.07787499278784961
2020-10-15,0,0.9938174610553204,2.65534831265849e-07,0.006182258019708045,1.5390140121136312e-08,0.9938174610553204,0.037611092553589284,0.02713066835473954
2020-10-16,0,0.9846634681564072,3.8423539241101455e-07,0.015336131844845296,1.57633550965258e-08,0.9846634681564072,0.07929164110310294,0.05719682870169705
2020-10-19,0,0.9697708388914689,1.6010865829490202e-06,0.030227472436184122,8.758576397074259e-08,0.9697708388914689,0.13555642430906015,0.09778329055566061
2020-10-20,0,0.9284405723968044,7.071496786103364e-06,0.07155184891567185,5.07190737577838e-07,0.9284405723968044,0.2577329579556912,0.1859150301581597
2020-10-21,0,0.9426491132658819,7.941000534087281e-06,0.05734250032452289,4.4540906100492814e-07,0.9426491132658819,0.21969948392111477,0.1584796779694284
2020-10-22,0,0.9743651149353418,2.168030578202923e-06,0.02563257746501049,1.3956906965823778e-07,0.9743651149353418,0.11924891951791766,0.08601991240993347
2020-10-23,0,0.9785284080527249,1.448748604243618e-06,0.02147005418207063,8.901660032633775e-08,0.9785284080527249,0.10372887513859425,0.07482456687972021
2020-10-26,0,0.7838289829419495,4.1676132384677865e-05,0.21612660994493765,2.7309807283053996e-06,0.7838289829419495,0.5224505470114112,0.37686840664154464
2020-10-27,0,0.9742056273368209,4.0992784323687215e-06,0.025790020440935126,2.529438114525747e-07,0.9742056273368209,0.11984739542738643,0.08645162152327451
2020-10-28,2,0.021604466039226562,0.002330948445865839,0.9759445718425942,0.00012001367231351671,0.9759445718425942,0.12182621698464667,0.08787903954700628
2020-10-29,2,0.14386455492902275,0.00047512252465856043,0.8556393608917089,2.0961654609746967e-05,0.8556393608917089,0.4161975317881368,0.30022305757048584
2020-10-30,0,0.6984559091314619,5.9344346618682486e-05,0.30148166230533635,3.0842165829244397e-06,0.6984559091314619,0.612771200669347,0.44202098620262137
2020-11-02,0,0.8908521792644524,2.338602392382161e-05,0.10912252755966785,1.9071519559473748e-06,0.8908521792644524,0.3449736887591948,0.24884591500503156
2020-11-03,0,0.8050617745309325,4.713278098709991e-05,0.19488847247087576,2.6202172044210724e-06,0.8050617745309325,0.49377636789820895,0.35618435863745523
2020-11-04,2,2.8420259966169374e-07,0.35075752204180266,0.4676373968964255,0.1816047968591722,0.4676373968964255,1.0327160912366815,0.7449471917366973
2020-11-05,2,0.005408204480433749,0.05968406916114235,0.9325441065441311,0.0023636198142928787,0.9325441065441311,0.2758827731197034,0.19900735432324554
2020-11-06,2,0.01175835515309693,0.00924390391286218,0.9789582512983966,3.9489635644171515e-05,0.9789582512983966,0.11676033999324743,0.0842247817403837
2020-11-09,1,1.948218428642709e-15,0.9601380954994301,0.02987942184134735,0.009982482659220603,0.9601380954994301,0.18993943829540938,0.1370123428490112
2020-11-10,1,0.03778484718378322,0.41089811238345303,0.5496588499149263,0.001658190517837315,0.5496588499149263,0.8287974970859483,0.5978510194735414
2020-11-12,1,5.710359022392554e-07,0.7681115648730719,0.22742508317929286,0.004462780911732995,0.7681115648730719,0.5636057488596714,0.40655560944817926
2020-11-13,2,0.2721819346254181,0.09994470140499541,0.6277059666561581,0.00016739731342835945,0.6277059666561581,0.8781404211979106,0.6334444154331856
2020-11-16,0,0.6743742378631196,0.003477515308548006,0.3221398832253825,8.363602949741477e-06,0.6743742378631196,0.6503789912692354,0.4691492727012462
2020-11-17,0,0.8107464093534108,0.00013456807555984677,0.18911613636040503,2.8862106243111804e-06,0.8107464093534108,0.4862837201087162,0.3507795557329408
2020-11-18,0,0.8068507905957806,4.805251246172324e-05,0.19309855484714702,2.602044610657167e-06,0.8068507905957806,0.4912358785216777,0.3543517829249789
2020-11-19,0,0.9569319980344182,1.0356242920828403e-05,0.043056986542545556,6.591801153773329e-07,0.9569319980344182,0.1776793759014185,0.12816857724061123
2020-11-20,0,0.9814266294965149,2.0212469613447752e-06,0.01857120276046571,1.4649605789859307e-07,0.9814266294965149,0.09245608745524535,0.06669296943583938
2020-11-23,0,0.991861523999741,3.633940958636032e-07,0.008138093486393933,1.9119769245724064e-08,0.991861523999741,0.04726498655473654,0.03409448085510097
2020-11-24,0,0.6138716417315274,3.362108655657383e-05,0.3860922672832834,2.4698986327574473e-06,0.6138716417315274,0.6673646567153638,0.4814018403539104
2020-11-25,0,0.9473429741907725,8.275342701368136e-06,0.05264832408553552,4.2638099064701626e-07,0.9473429741907725,0.20635177264114726,0.14885133953401503
2020-11-27,0,0.9829273543716555,2.211854759425779e-06,0.017070284032645842,1.497409392601729e-07,0.9829273543716555,0.08644038564082522,0.06235355784827406
2020-11-30,0,0.9829846228142861,8.801185552723643e-07,0.01701445006718392,4.699997460167697e-08,0.9829846228142861,0.08619448634554484,0.06217617900134451
2020-12-01,2,0.007336123024036013,0.0014781830982029689,0.9911293325762225,5.636130153857419e-05,0.9911293325762225,0.0550725022476699,0.03972641294102983
2020-12-02,2,0.16873798129536643,0.00035521841683958436,0.830894715570285,1.2084717508890459e-05,0.830894715570285,0.4571370704231194,0.3297546922529716
2020-12-03,0,0.8147603914902884,3.8617696309843375e-05,0.18519894543545495,2.045377946796074e-06,0.8147603914902884,0.4796375639601674,0.34598536747469827
2020-12-04,2,0.4696446219888213,0.00033075636277338314,0.5300094499774717,1.517167093371304e-05,0.5300094499774717,0.6942486438066798,0.5007945377818926
2020-12-07,0,0.8201741555312552,4.616543913048046e-05,0.1797767928680665,2.886161547773349e-06,0.8201741555312552,0.471591884695319,0.34018163668670826
2020-12-08,0,0.7856459857386666,5.652408416631159e-05,0.2142932668988356,4.223278331564856e-06,0.7856459857386666,0.5202408622912738,0.37527445604770937
2020-12-09,0,0.7852599296095044,6.109299607245481e-05,0.2146758046637161,3.1727307069984337e-06,0.7852599296095044,0.5207679198952588,0.37565464774347546
2020-12-10,0,0.8566457913279474,6.282549584529911e-05,0.1432848295987827,6.553577424625247e-06,0.8566457913279474,0.41162659686691044,0.2969258249989461
2020-12-11,0,0.985769566516961,1.9343589602635186e-06,0.014228397178774513,1.0194530412690185e-07,0.985769566516961,0.07466226592630486,0.05385744039670653
2020-12-14,0,0.9957306430627849,1.3122066933614494e-07,0.004269219104594821,6.611951060480635e-09,0.9957306430627849,0.02755667828773453,0.019877941554543588
2020-12-15,0,0.9708960643622524,6.430036620044662e-07,0.029103260963724134,3.1670361427461885e-08,0.9708960643622524,0.131621431498921,0.09494479324909987
2020-12-16,0,0.9944399151611201,3.014458383504907e-07,0.0055597677665099095,1.562653163186972e-08,0.9944399151611201,0.03441682613174539,0.02482649219170338
2020-12-17,0,0.993128432239566,1.2698642621869584e-07,0.006871434467367146,6.306640647009852e-09,0.993128432239566,0.04107241103073181,0.02962748185569497
2020-12-18,0,0.994413776563371,1.1238578982479726e-07,0.005586105508714539,5.542124488551742e-09,0.994413776563371,0.03455026611253853,0.02492274879097667
2020-12-21,0,0.9909137348797955,1.995966684364726e-07,0.009086053260325197,1.2263210847872773e-08,0.9909137348797955,0.051761831467047374,0.037338268782419776
2020-12-22,0,0.9937065210632569,2.1202640928370728e-07,0.006293254688025859,1.2222308249324054e-08,0.9937065210632569,0.03817307151160186,0.027536050482643886
2020-12-23,0,0.9727729788662933,1.0957883766997593e-06,0.0272258739398069,5.1405523260244256e-08,0.9727729788662933,0.12497967597455252,0.09015377937019822
2020-12-24,0,0.9863175955547709,1.0219677928438263e-06,0.013681314030050455,6.844738567015579e-08,0.9863175955547709,0.07232002459022648,0.052167870416643815
2020-12-28,0,0.9925215650517227,2.544270640111907e-07,0.007478165944507944,1.4576705131529606e-08,0.9925215650517227,0.04406589116184664,0.03178682132577448
2020-12-29,0,0.994481050460107,1.1034007608363396e-07,0.005518833559359437,5.640457468403083e-09,0.994481050460107,0.03420123169266663,0.024670973677652298
2020-12-30,0,0.9969597228380778,4.277337735008973e-08,0.0030402318128685056,2.575676427490939e-09,0.9969597228380778,0.02065706846211189,0.014900925114796315
2020-12-31,0,0.9946132421425012,4.434824888690791e-08,0.005386710712017099,2.797232740695237e-09,0.9946132421425012,0.033512238086392615,0.024173969848164435
2021-01-04,0,0.6692490872241291,1.3945219081102116e-05,0.3307361562792601,8.11277529642084e-07,0.6692490872241291,0.6348748666446125,0.4579654108466122
2021-01-05,0,0.5890722581857448,0.0002682108213023183,0.41062648698301,3.304400994283456e-05,0.5890722581857448,0.6797742935509554,0.49035350111488096
2021-01-06,2,0.000384681901681943,0.008601879872114285,0.9903790781683247,0.0006343600578790871,0.9903790781683247,0.058178608298245234,0.04196699483884995
2021-01-07,2,0.004633215056835653,0.0007644069176120358,0.9945739039113678,2.8474114184544353e-05,0.9945739039113678,0.036096304589930295,0.026037979813154984
2021-01-08,2,0.10479941748633119,0.0006073975826247699,0.8945580204206797,3.5164510364405296e-05,0.8945580204206797,0.3409325880577087,0.2459308770341481
2021-01-11,2,0.6131190095082646,6.80805887534647e-05,0.38680933687280056,3.573030181461421e-06,0.6131190095082646,0.6680340860859709,0.4818847315705106
2021-01-12,2,0.12843423102911505,5.1904792347196104e-05,0.871491247464564,2.2616713973857712e-05,0.871491247464564,0.3842176675549133,0.27715446180169895
2021-01-13,2,0.09234456593708404,0.0008129645746294655,0.9067750007590915,6.746872919513369e-05,0.9067750007590915,0.3151557517301528,0.2273368200643624
2021-01-14,2,0.09566392735028652,0.0007543090662226541,0.9035558145446287,2.5949038862152525e-05,0.9035558145446287,0.32184855383727246,0.23216465626915878
2021-01-15,2,0.5798858990577986,0.00011269250995850885,0.4199964567753142,4.951656928457367e-06,0.5798858990577986,0.6814293643130637,0.4915473823052879
2021-01-19,0,0.9244136953339577,1.2097291447092954e-05,0.07557343680717708,7.70567418148276e-07,0.9244136953339577,0.2679824225066703,0.1933084559978921
2021-01-20,0,0.975566382572239,2.791662242386906e-06,0.02443064278189894,1.829836196022416e-07,0.975566382572239,0.11485571658907565,0.08285088637040385
2021-01-21,0,0.6183349069833679,0.00011804802508766803,0.38154082481627,6.220175274467687e-06,0.6183349069833679,0.6660201820710459,0.4804320069029312
2021-01-22,0,0.9401856973647149,1.610808806401037e-05,0.059797211218036245,9.833291847369199e-07,0.9401856973647149,0.22661658809383156,0.16346931391307384
2021-01-25,0,0.8942469902606649,4.546389348724106e-05,0.10570346000482879,4.085841019187592e-06,0.8942469902606649,0.33798629003788966,0.24380557226306115
2021-01-26,0,0.9911064505594394,1.0194213381317867e-06,0.008892481981264523,4.803795794979768e-08,0.9911064505594394,0.05086394038774558,0.0366905772787362
2021-01-27,0,0.8269249792063541,7.368243187887942e-06,0.17306708926788977,5.632825682228449e-07,0.8269249792063541,0.46081790659051713,0.3324098542954863
2021-01-28,0,0.7979591068367821,6.933402352140899e-05,0.20196738218768126,4.1769520153965115e-06,0.7979591068367821,0.5038903693373497,0.36348006849735126
2021-01-29,0,0.4893271996439138,0.00022794002525150522,0.5104343413949368,1.0518935897900041e-05,0.5104343413949368,0.6950296726927884,0.5013579310322827
2021-02-01,0,0.5149877416709956,0.00038527775762739057,0.4845985632548216,2.8417316555370688e-05,0.5149877416709956,0.6961383909480898,0.5021577021966158
2021-02-02,0,0.6652105822987856,0.00011781753366157543,0.33466615988324044,5.440284312348287e-06,0.6652105822987856,0.6386388087332796,0.46068052113936886
2021-02-03,0,0.5682479820776682,0.0001871238589492211,0.4315566454809734,8.24858240919013e-06,0.5682479820776682,0.6855364722555815,0.4945100344358209
2021-02-04,0,0.8390597556528011,3.300368541236283e-05,0.16090566301407755,1.577647709029679e-06,0.8390597556528011,0.4415587805423246,0.3185173314746949
2021-02-05,0,0.8144674958323491,6.625095343689958e-05,0.1854637392267618,2.513987452223398e-06,0.8144674958323491,0.4803026148440109,0.3464651002807282
2021-02-08,0,0.655043894144376,7.141275852180136e-05,0.3448748493231101,9.843773992141482e-06,0.655043894144376,0.645058259577427,0.46531117608840983
2021-02-09,0,0.9578367468771994,5.465698801497576e-06,0.04215743411232901,3.533116699399196e-07,0.9578367468771994,0.17481804570093817,0.12610456379532184
2021-02-10,0,0.9903945480162569,9.270412051627144e-07,0.009604465800694564,5.914184348194434e-08,0.9903945480162569,0.054190839472402566,0.03909042768422254
2021-02-11,0,0.9941618769503007,1.5617411663301168e-07,0.00583795955908143,7.3165011904227954e-09,0.9941618769503007,0.03585044163830639,0.025860627182631917
2021-02-12,0,0.8930290975731205,5.316005794032038e-06,0.10696530611713895,2.803039466412372e-07,0.8930290975731205,0.34019691266111235,0.2454001994109613
2021-02-16,2,0.11949698900103199,0.00015644258690384181,0.8803081678318675,3.840058019673109e-05,0.8803081678318675,0.3678529169920261,0.2653497895604678
2021-02-17,2,0.26881972629867845,0.0002038731828149739,0.7309574638616168,1.893665688983521e-05,0.7309574638616168,0.5841728331673177,0.4213916247162725
2021-02-18,2,0.18353197316329634,0.0003660655860806456,0.8160812558278862,2.0705422736814462e-05,0.8160812558278862,0.4801352716271917,0.34634438766621245
2021-02-19,2,0.34989105322870734,0.0003321677642710782,0.6497646741591319,1.2104847889695916e-05,0.6497646741591319,0.6503727736780311,0.4691447876572479
2021-02-22,2,0.05191989613363836,0.00021634135597776028,0.9477577195146565,0.0001060429957272649,0.9477577195146565,0.20723116287756466,0.1494856855005578
2021-02-23,2,0.30621100508267485,0.00016233039087217517,0.6936170791840764,9.585342376578747e-06,0.6936170791840764,0.6176716621442917,0.4455559219366065
2021-02-24,2,0.44723901847073383,0.0001711377289555381,0.5525798671473314,9.976652979325317e-06,0.5525798671473314,0.6892422429993739,0.4971831829731913
2021-02-25,2,0.04674149383235424,0.006030226107609754,0.9467650932255518,0.0004631868344843089,0.9467650932255518,0.22934340854831067,0.16543629908660965
2021-02-26,1,1.8031696467155784e-17,0.8211389042176673,0.023503640913425147,0.15535745486890748,0.8211389042176673,0.5392485680207308,0.38898561744499166
2021-03-01,1,1.1054940281465548e-10,0.973274233306256,0.019858684920726358,0.006867081662468258,0.973274233306256,0.13839890210894332,0.09983370486852482
2021-03-02,1,0.057213259093272434,0.5002364564004502,0.4418943261033597,0.0006559584029175707,0.5002364564004502,0.8758824122334571,0.6318156062655357
2021-03-03,2,0.09920957585977798,0.13152574831322764,0.7690899260186561,0.00017474980833824967,0.7690899260186561,0.6994671922392722,0.5045589247540626
2021-03-04,2,0.1677763789188882,0.019481800949323596,0.8126657475099481,7.607262183995054e-05,0.8126657475099481,0.5455232921181978,0.3935118741141727
2021-03-05,2,1.3701125556865928e-05,0.006027989917114695,0.9928053668429224,0.001152942114406082,0.9928053668429224,0.0459333898691239,0.033133936887702206
2021-03-08,2,0.10165175527902956,0.0004976654633844908,0.897824029891274,2.6549366311986874e-05,0.897824029891274,0.33322980764003324,0.2403744954793296
2021-03-09,2,0.09650363202229263,0.0007484016662199078,0.9026849697662103,6.299654527707514e-05,0.9026849697662103,0.3240567311809608,0.23375751952073004
2021-03-10,2,0.6241869092139817,0.0001274244779140434,0.3756805727813415,5.093526762758313e-06,0.6241869092139817,0.66318479849777,0.47838670999283966
2021-03-11,2,0.2415866002508894,0.0005199359373382896,0.7578681606173977,2.5303194374463365e-05,0.7578681606173977,0.5574956273223249,0.40214808842759997
2021-03-12,2,0.019956893829660045,0.0024210801074503793,0.9775269033831606,9.512267972889927e-05,0.9775269033831606,0.11579789604843443,0.08353052518722603
2021-03-15,2,0.4550412347876904,0.0001836848780606532,0.5447677593497423,7.320984506792918e-06,0.5447677593497423,0.6908408367549506,0.49833632461497457
2021-03-16,0,0.5817224284568341,0.00015188336302607224,0.41811901732833356,6.670851806223678e-06,0.5817224284568341,0.6811652016748271,0.49135682924120183
2021-03-17,0,0.6217829683732461,9.545925389216257e-05,0.3781167419524455,4.830420416325524e-06,0.6217829683732461,0.6641300683354154,0.47906857804637615
2021-03-18,2,0.0732924636899593,0.007288193769232985,0.9187972941804483,0.0006220483603593365,0.9187972941804483,0.30980883712217605,0.22347983646987
2021-03-19,2,0.5759173748487109,0.00031270295995906546,0.42376102676170446,8.89542962558092e-06,0.5759173748487109,0.6842482290906853,0.49358076342309354
2021-03-22,2,0.6583915904326476,0.00011348916911592792,0.34148513092082095,9.789477415365767e-06,0.6583915904326476,0.6432312379191016,0.4639932585453785
2021-03-23,0,0.7804834281380776,0.00021221245276697076,0.21929041445618772,1.394495296776247e-05,0.7804834281380776,0.528129320107417,0.3809647755335152
2021-03-24,0,0.9507988860164029,1.2731017475077e-05,0.04918662305859289,1.7599075291995114e-06,0.9507988860164029,0.19629388089759356,0.14159610426390354
2021-03-25,0,0.8786860054676017,7.134297107871444e-05,0.12123822069277071,4.430868548894347e-06,0.8786860054676017,0.3701866014755812,0.26703318707618
2021-03-26,0,0.7448683331993731,7.151116382459918e-05,0.2550522732461032,7.882390699265836e-06,0.7448683331993731,0.5686491269604228,0.4101936377358203
2021-03-29,0,0.9322159777694974,1.4335507451951291e-05,0.06776909859215538,5.881308953285717e-07,0.9322159777694974,0.2480118855704843,0.17890275869702937
2021-03-30,0,0.31604146183915033,0.00023799507358890552,0.6836975601789488,2.298290831195541e-05,0.6836975601789488,0.6262424607957178,0.4517384462920416
2021-03-31,2,0.2822371306132769,0.00029200793724308105,0.7174596950458815,1.1166403598418303e-05,0.7174596950458815,0.5977602814556646,0.4311928968482392
2021-04-01,2,0.008321332158201078,0.011295623336773468,0.9787847171055439,0.0015983273994814894,0.9787847171055439,0.12177235762079336,0.08784018822843798
2021-04-05,2,0.21434113919869102,0.0009550826257736253,0.7846740286081396,2.974956739580006e-05,0.7846740286081396,0.5273499245926322,0.38040256051147964
2021-04-06,0,0.6315234536354173,0.00015129412695321251,0.36831592194562546,9.330292004066923e-06,0.6315234536354173,0.6595790092809197,0.4757856828820192
2021-04-07,0,0.825748673312657,5.9782327220124326e-05,0.17418933156655492,2.212793567910198e-06,0.825748673312657,0.46312745282499884,0.3340758397450816
2021-04-08,0,0.9616323900787025,9.14400175182485e-06,0.0383578670664502,5.98853095335505e-07,0.9616323900787025,0.16281381344221874,0.11744534062065491
2021-04-09,0,0.9931535616531348,5.065811416400428e-07,0.006845905282384302,2.648333909159755e-08,0.9931535616531348,0.040951460888093545,0.029540234770205454
2021-04-12,0,0.9886738207417693,2.074288828284308e-07,0.011325959602167443,1.2227180595783515e-08,0.9886738207417693,0.06201295945881994,0.044732894541043934
2021-04-13,0,0.9870441578763414,3.472454991525042e-07,0.012955461110155107,3.376800434091078e-08,0.9870441578763414,0.06918481171779371,0.04990629238504882
2021-04-14,0,0.9840340194508534,1.3694954451827601e-06,0.015964487896715628,1.2315698586335108e-07,0.9840340194508534,0.08190957865836537,0.0590852714658641
2021-04-15,0,0.6537567481458518,0.00011900703643945014,0.34611109519211036,1.3149625598400097e-05,0.6537567481458518,0.6463051361013035,0.46621060737720854
2021-04-16,2,0.35223540293893624,0.00025478634651367204,0.6474951083939169,1.4702320633380802e-05,0.6474951083939169,0.6512438613375483,0.4697731445805303
2021-04-19,0,0.7586863479666435,5.0069238744296865e-05,0.2412610470345792,2.535760032969934e-06,0.7586863479666435,0.5530957003377419,0.39897421200713423
2021-04-20,0,0.8854158272355467,1.7294263969946827e-05,0.11456556454492323,1.3139555602509765e-06,0.8854158272355467,0.35617932903638694,0.2569290758339769
2021-04-21,0,0.9708653686928679,3.3991064412498016e-06,0.029131012850195648,2.19350495104253e-07,0.9708653686928679,0.13175806122985312,0.09504335076672675
2021-04-22,0,0.9894470209974763,6.493800471011328e-07,0.010552287079026399,4.2543450145881385e-08,0.9894470209974763,0.05853488634442399,0.0422239951240498
2021-04-23,0,0.9894253156377764,2.8672536740762365e-07,0.010574380431122058,1.7205734242422613e-08,0.9894253156377764,0.05862945378122453,0.042292211110100654
2021-04-26,0,0.9914682339874461,1.6344356785932933e-07,0.008531590288515307,1.228047059251822e-08,0.9914682339874461,0.049142365576308134,0.035448723557246126
2021-04-27,0,0.9620650011372092,1.6703402684831932e-06,0.03793321889008977,1.096324325152862e-07,0.9620650011372092,0.1613449317657413,0.11638576646550158
2021-04-28,0,0.9686435111226549,1.8077874831837755e-06,0.03135450730156049,1.7378830149218083e-07,0.9686435111226549,0.13944802364607242,0.1005904860879778
2021-04-29,0,0.993562702256919,4.140441431382163e-07,0.006436862381773516,2.131716432837428e-08,0.993562702256919,0.03890156266533466,0.028061545770054784
2021-04-30,0,0.9902935692288231,2.0612358437972574e-07,0.009706211314058381,1.3333534193498102e-08,0.9902935692288231,0.05465077038350638,0.03942219770652305
2021-05-03,0,0.9895908539136278,2.0683854510456294e-07,0.010408922905661111,1.634216604654665e-08,0.9895908539136278,0.05787594781680324,0.04174867145102523
2021-05-04,0,0.9895367708187234,3.6863229680196206e-07,0.010462820153804458,4.039517544227834e-08,0.9895367708187234,0.058124144771350084,0.04192770770876947
2021-05-05,0,0.99145272422473,2.5330166871211843e-07,0.008547004856662084,1.7616939140430316e-08,0.99145272422473,0.04921713259357744,0.035502656559764374
2021-05-06,0,0.9924071949969873,2.0300999879984758e-07,0.007592588433371083,1.3559642878121068e-08,0.9924071949969873,0.04462353632055569,0.03218907727829712
2021-05-07,0,0.9850327646457605,5.622854884587441e-07,0.01496664684864912,2.622010193968613e-08,0.9850327646457605,0.07775203176902132,0.0560862353261041
2021-05-10,2,0.25310314539018386,0.00042116182285172396,0.7464584711980174,1.7221588946931e-05,0.7464584711980174,0.5694913990812496,0.41080120864171815
2021-05-11,0,0.7996349101925602,3.934037162177501e-05,0.20032347826084726,2.271174970884098e-06,0.7996349101925602,0.5013113950449762,0.36161973178625767
2021-05-12,2,0.2516861987670044,0.0005790461959663221,0.7477010793871577,3.3675649871578384e-05,0.7477010793871577,0.5692779765544439,0.4106472568311999
2021-05-13,2,0.037359909252182646,0.0013064915742586622,0.9612131018453008,0.00012049732825797756,0.9612131018453008,0.17059565214233477,0.12305875067148252
2021-05-14,2,0.24608034737399823,0.0004586926984544488,0.7534333383308909,2.7621596656356712e-05,0.7534333383308909,0.5621526126017954,0.40550739321169244
2021-05-17,0,0.778058890304196,4.845271628276127e-05,0.2218903822771303,2.2747023911844477e-06,0.778058890304196,0.5298390931429787,0.3821981160732405
2021-05-18,0,0.9537623929585997,7.470881481675455e-06,0.04622976619598861,3.699639302448701e-07,0.9537623929585997,0.18736182665933993,0.13515298908666365
2021-05-19,0,0.9799952309315981,7.65634977252575e-06,0.01999644745041012,6.652682192205984e-07,0.9799952309315981,0.09813309433749248,0.07078806427389461
2021-05-20,0,0.8637102801969538,2.7877887834435704e-05,0.1362597241391348,2.117776076934761e-06,0.8637102801969538,0.39846090860343664,0.2874287884151443
2021-05-21,0,0.9900870960830087,1.0921855257665009e-06,0.009911749595513211,6.213595224664022e-08,0.9900870960830087,0.05561278537246274,0.04011614483343714
2021-05-24,0,0.9882272154896924,3.7280927936725887e-07,0.011772376417761798,3.528326659799078e-08,0.9882272154896924,0.06400222542396715,0.046167846612507474
2021-05-25,0,0.9913196411360227,3.9008878322118333e-07,0.00867994377078744,2.5004406707809315e-08,0.9913196411360227,0.0498502075214576,0.03595932358924629
2021-05-26,0,0.9949774334434915,1.224210063709789e-07,0.005022436740082321,7.395419623773819e-09,0.9949774334434915,0.03159999598418251,0.022794578749245634
2021-05-27,0,0.9954106647941398,6.807955450609027e-08,0.004589262841303895,4.28500186888866e-09,0.9954106647941398,0.029288749861888622,0.021127367089792015
2021-05-28,0,0.9964183426600145,4.6055553876504696e-08,0.003581608724663916,2.559767671542476e-09,0.9964183426600145,0.023747481166238794,0.017130186656068382
2021-06-01,0,0.9875598515479415,2.395454556903445e-07,0.012439893491521144,1.5415081699593607e-08,0.9875598515479415,0.06693828234550026,0.048285763992739233
2021-06-02,0,0.9950916211636234,1.684431366355578e-07,0.004908200248204785,1.0145035131075374e-08,0.9950916211636234,0.03099528131213088,0.02235836931998479
2021-06-03,0,0.9961389914435804,6.406382817004637e-08,0.003860940996214198,3.4963773083148e-09,0.9961389914435804,0.025309322581758976,0.018256817088481366
2021-06-04,0,0.8990643119236458,5.314738641713358e-06,0.10092971856495736,6.547727552028931e-07,0.8990643119236458,0.32720019025490366,0.23602504592933743
2021-06-07,0,0.9896955767617489,1.0972778590654525e-06,0.010303273903364643,5.205702735312875e-08,0.9896955767617489,0.05740758294172536,0.041410817609724516
2021-06-08,0,0.9849604654825201,7.933634936095491e-07,0.015038678119893801,6.303409241770747e-08,0.9849604654825201,0.07805734382165286,0.056306471418231675
2021-06-09,0,0.9437394472164945,5.750623624804061e-06,0.056254237516745915,5.646431347975447e-07,0.9437394472164945,0.21661749797732657,0.15625649505083206
2021-06-10,0,0.9758367513684415,2.3382324844221066e-06,0.024160710400539846,1.999985341905271e-07,0.9758367513684415,0.1138533292346671,0.08212781673777633
2021-06-11,0,0.9833102646856543,1.1412766088487952e-06,0.016688514270364475,7.976737249953305e-08,0.9833102646856543,0.08487326630705214,0.061223120202616235
2021-06-14,0,0.9600802391292391,2.9232749977442805e-06,0.039916678171626974,1.594241361246048e-07,0.9600802391292391,0.167721959125009,0.12098581933891596
2021-06-15,0,0.955192088773733,2.8414775899265187e-06,0.044804827241285254,2.4250739192632765e-07,0.955192088773733,0.1829673562471776,0.13198304875118372
2021-06-16,0,0.3778305360002868,0.0011509395533756124,0.6208004676866918,0.00021805675964571932,0.6208004676866918,0.6733369096305285,0.4857099101857318
2021-06-17,2,0.06888534562454295,0.004787878872435592,0.9260274920708825,0.000299283432139025,0.9260274920708825,0.28345992704877665,0.20447311552200872
2021-06-18,2,1.6954906609702066e-05,0.06935583599376885,0.9217285255687853,0.008898683530836149,0.9217285255687853,0.3024059679304346,0.21813979513423248
2021-06-21,2,0.0017341955451149896,0.0417037517800623,0.9562621330214113,0.0002999196534114314,0.9562621330214113,0.1887243697507566,0.13613585616715582
2021-06-22,2,0.03690539695101247,0.0030087607784624903,0.9600460507645571,3.9791505967934785e-05,0.9600460507645571,0.1787832263250191,0.12896483700661712
2021-06-23,0,0.6419268713662157,0.0001078259505572521,0.35796217635603966,3.1263271873404794e-06,0.6419268713662157,0.6533230809621946,0.47127298450122845
2021-06-24,0,0.9259500459364853,1.6951353420840798e-05,0.07403201729427382,9.85415819953834e-07,0.9259500459364853,0.26416221377170385,0.1905527578993437
2021-06-25,0,0.7733737130502754,0.0001006504776633066,0.2265212881221496,4.348349911708315e-06,0.7733737130502754,0.536096765626845,0.38671207260323115
2021-06-28,0,0.8449805074498519,4.9439529863180566e-05,0.15496656755139565,3.485468889371374e-06,0.8449805074498519,0.4318062275320527,0.3114823515427319
2021-06-29,0,0.9870443255889247,1.502446218627737e-06,0.012954089791618198,8.217323833424743e-08,0.9870443255889247,0.06919579779568995,0.04991421716509868
2021-06-30,0,0.9955368696814672,1.4878304401052006e-07,0.0044629707354330505,1.0800055799993567e-08,0.9955368696814672,0.028609025545279228,0.020637049639420008
2021-07-01,0,0.9932504509826243,8.606716696169523e-08,0.006749457147769542,5.802439128650559e-09,0.9932504509826243,0.04046399535054335,0.02918860271339148
2021-07-02,0,0.988642692418841,2.2141006826330427e-07,0.011357068626010266,1.754508059835761e-08,0.988642692418841,0.06215226116064037,0.0448333794782458
2021-07-06,0,0.9171985662993214,2.5489047539684428e-05,0.08277400231259967,1.942340539248751e-06,0.9171985662993214,0.28581292402624026,0.20617044405731544
2021-07-07,0,0.8292951067373322,7.533725224954699e-05,0.17062170696736303,7.84904305533453e-06,0.8292951067373322,0.4577457432652217,0.330193756898384
2021-07-08,0,0.9546772965442925,9.75998572781975e-06,0.0453122990679133,6.444020664240662e-07,0.9546772965442925,0.1846058043295197,0.1331649392127582
2021-07-09,0,0.3600881551732701,0.0004378905757129866,0.6394488031882155,2.5151062801405352e-05,0.6394488031882155,0.657377870077998,0.4741978965758385
2021-07-12,0,0.7139095232007961,7.147239339408449e-05,0.28601505657479387,3.947831015983007e-06,0.7139095232007961,0.5993263781973621,0.43232259684963886
2021-07-13,0,0.7805097225724633,7.870979375179653e-05,0.21940696584867328,4.6017851116353e-06,0.7805097225724633,0.5270193623539283,0.38016411026023805
2021-07-14,0,0.7679683925048801,0.00013455853282796793,0.2318877348166839,9.314145608010664e-06,0.7679683925048801,0.5429604576662199,0.3916631798369287
2021-07-15,0,0.812005180711589,6.622238775147229e-05,0.18792441635375365,4.180546905901773e-06,0.812005180711589,0.4839440571893892,0.34909184568740836
2021-07-16,0,0.9729117146641488,3.9488986458504605e-06,0.02708414781858405,1.8861862113338795e-07,0.9729117146641488,0.12451154570627584,0.08981609476193184
2021-07-19,2,9.500062560855796e-05,0.12815603281383847,0.8417047664488512,0.030044200111701874,0.8417047664488512,0.5145323713180014,0.37115665023865974
2021-07-20,2,0.018063500178619102,0.019088299724279348,0.9626901163341537,0.00015808376294799802,0.9626901163341537,0.18605751948678032,0.13421213034183982
2021-07-21,2,0.021752521126412454,0.004845471193051581,0.9733321033816926,6.990429884344003e-05,0.9733321033816926,0.13607214375439253,0.09815530349879611
2021-07-22,2,0.2874102338923687,0.000455399469313306,0.7121156537058209,1.8712932497102064e-05,0.7121156537058209,0.6038375445277021,0.43557671549634225
2021-07-23,2,0.035950461670725485,0.0010707601533321038,0.9629023616017679,7.641657417453708e-05,0.9629023616017679,0.16400590473237,0.118305252716949
2021-07-26,2,0.06158591717298759,0.0005783222261738248,0.9377989189184098,3.684168242877283e-05,0.9377989189184098,0.23657269773453363,0.1706511289156677
2021-07-27,2,0.1065369765817494,0.0006227844060315549,0.8927946927394048,4.554627281413132e-05,0.8927946927394048,0.34485830414831475,0.24876268260207576
2021-07-28,2,0.49905486092139817,7.35604306535991e-05,0.500866289220676,5.289427272230385e-06,0.500866289220676,0.6939341017582097,0.5005676436551533
2021-07-29,0,0.8933461000117768,2.722640344754778e-05,0.10662531068741005,1.3628973654064852e-06,0.8933461000117768,0.3397309997246168,0.24506411426947722
2021-07-30,0,0.9874118287571807,1.521144555275602e-06,0.012586568834317583,8.126394642087422e-08,0.9874118287571807,0.06759812161318852,0.04876173741237807
2021-08-02,0,0.9715741927652485,2.7503155025809772e-06,0.028422829803850216,2.2711539883374858e-07,0.9715741927652485,0.12925786384363291,0.09323983958155503
2021-08-03,0,0.9908342904277271,5.8275755262743e-07,0.00916509222944152,3.4585278749813216e-08,0.9908342904277271,0.05213838655568768,0.037609895861921205
2021-08-04,0,0.9921224920386833,3.0354370856912184e-07,0.007877184278942882,2.0138665250967132e-08,0.9921224920386833,0.046006696167962845,0.033186816204602634
2021-08-05,0,0.992954727354423,2.7248650511439646e-07,0.007044983571390507,1.658768138028076e-08,0.992954727354423,0.041935801826814126,0.030250286665623537
2021-08-06,2,0.33868131545560315,0.0001932623383792697,0.6611158713688583,9.550837159110196e-06,0.6611158713688583,0.6420389124225663,0.4631331775048899
2021-08-09,0,0.8227246226694612,5.4761858392888386e-05,0.17721779631708415,2.819155061839916e-06,0.8227246226694612,0.46776809604931063,0.3374233562282064
2021-08-10,0,0.959327844364396,6.99587417227671e-06,0.040664589412883485,5.703485482443401e-07,0.959327844364396,0.17014902225739595,0.1227365753114255
2021-08-11,0,0.9885573601826966,6.394798876430922e-07,0.011441950856621825,4.9480793778417814e-08,0.9885573601826966,0.06253775873906378,0.045111457200578874
2021-08-12,0,0.9946906616085808,1.5107879250257682e-07,0.005309179977429121,7.335197494810438e-09,0.9946906616085808,0.033108901431983744,0.023883023952602223
2021-08-13,0,0.6460436651884703,5.664345683064161e-05,0.35389420867313975,5.482681559236942e-06,0.6460436651884703,0.6504793390574026,0.4692216583294227
2021-08-16,0,0.9696552368338066,5.016148354075366e-06,0.030339487857816483,2.5916002279712394e-07,0.9696552368338066,0.1359905428373463,0.09809644087961883
2021-08-17,0,0.9863384701719182,1.184236257115786e-06,0.01366027089587755,7.469594706431768e-08,0.9863384701719182,0.07223231328645267,0.05210460008515163
2021-08-18,0,0.9909520825144252,3.958278943063121e-07,0.009047500394349012,2.1263331473390693e-08,0.9909520825144252,0.05158397497680185,0.03720997244418621
2021-08-19,0,0.9796062068044725,1.5297553557762336e-06,0.02039213748851445,1.2595165713760798e-07,0.9796062068044725,0.09958545071167131,0.07183571794321025
2021-08-20,0,0.9813241871368265,1.8161261140093963e-06,0.01867383457542799,1.6216163151471474e-07,0.9813241871368265,0.09286052897729795,0.06698471232493682
2021-08-23,0,0.9789184271298383,2.9623824368535327e-06,0.021078170146507882,4.403412170787864e-07,0.9789184271298383,0.10225349637810718,0.07376030606912641
2021-08-24,0,0.9790220219809692,2.6723588425320273e-06,0.020975148715567743,1.5694462029928973e-07,0.9790220219809692,0.10184985727217633,0.07346914200090876
2021-08-25,0,0.967040416527115,3.629272123004386e-06,0.032955780924777404,1.7327598433457732e-07,0.967040416527115,0.14492303006916704,0.10453986839569471
2021-08-26,0,0.9933184356832702,5.20585336541579e-07,0.0066810169718455265,2.6759547792697316e-08,0.9933184356832702,0.04012896506580743,0.02894692944822342
2021-08-27,0,0.9866767720095004,3.3325564748017747e-07,0.013322858955359534,3.577949250854033e-08,0.9866767720095004,0.07077141618273042,0.051050785581757054
2021-08-30,0,0.9943287787665391,2.004186587438207e-07,0.005671009417578787,1.1397223419497454e-08,0.9943287787665391,0.034991070759926704,0.025240722130370534
2021-08-31,0,0.9894720919608708,1.8090212954652485e-07,0.010527716820250005,1.0316749640562747e-08,0.9894720919608708,0.05841581761147998,0.04213810518877817
2021-09-01,0,0.9970214170041558,6.852999255867427e-08,0.0029785109191656717,3.546685944039132e-09,0.9970214170041558,0.02029934984638613,0.014642885678325706
2021-09-02,0,0.9952429649900977,5.273006379324488e-08,0.004756978483194442,3.796644112687717e-09,0.9952429649900977,0.03018765880354772,0.02177579282596318
2021-09-03,0,0.9848523269375237,3.5662066960656894e-07,0.015147301821323402,1.4620483373848001e-08,0.9848523269375237,0.07850409937469008,0.05662873742865988
2021-09-07,0,0.9754100494022211,2.1797452143251814e-06,0.024587673153521908,9.76990426428929e-08,0.9754100494022211,0.1154249715846695,0.0832615170499761
2021-09-08,0,0.9911256299806172,3.711057429350263e-07,0.008873967235672409,3.1677967643824946e-08,0.9911256299806172,0.0507671589462903,0.036620764225917396
2021-09-09,0,0.9772702552080517,1.1038232352584997e-06,0.022728564715531144,7.625318201133019e-08,0.9772702552080517,0.10849374194474186,0.078261691735583
2021-09-10,0,0.9593513719443852,4.711834959418613e-06,0.04064365316956186,2.630510935176544e-07,0.9593513719443852,0.17005089188303069,0.12266578920919682
2021-09-13,0,0.9798529872090866,2.8383329000566283e-06,0.020143964760797838,2.0969721552856422e-07,0.9798529872090866,0.0986413334362096,0.07115468128754714
2021-09-14,0,0.9268055746529769,1.2494150696930223e-05,0.07318089420552978,1.036990796403342e-06,0.9268055746529769,0.2619581381584531,0.18896285342085312
2021-09-15,0,0.9867303065072435,1.8311670883743487e-06,0.013267753361186019,1.0896448223726184e-07,0.9867303065072435,0.0705559826159527,0.05089538311254144
2021-09-16,0,0.9954332780353665,1.575428231506556e-07,0.004566557219676884,7.202133424503501e-09,0.9954332780353665,0.029168038523152875,0.02104029226490545
2021-09-17,0,0.9927302289122544,1.3427116358208653e-07,0.007269630683391594,6.133190316164608e-09,0.9927302289122544,0.04304154606817763,0.031047912532376865
2021-09-20,2,0.44451851062847547,8.75271968621418e-05,0.5553867189772868,7.243197375682183e-06,0.5553867189772868,0.6879206799668605,0.49622987675657665
2021-09-21,0,0.8914653521798557,1.850407890008632e-05,0.10851521033543507,9.33405809331938e-07,0.8914653521798557,0.34363153490117704,0.24787775564749545
2021-09-22,0,0.7038312394706829,0.00018936035726745088,0.2959583279295456,2.1072242504170767e-05,0.7038312394706829,0.6093874314824642,0.43958011268990704
2021-09-23,2,0.0012010028736746641,0.00956306582880552,0.9888159120933611,0.00042001920415873163,0.9888159120933611,0.06693010312108308,0.048279863929486744
2021-09-24,2,0.003450176845158059,0.0006563226787737612,0.9958650481743955,2.845230167266698e-05,0.9958650481743955,0.028794495439887248,0.0207708378880126
2021-09-27,2,0.2020249651569386,0.00011236943388678953,0.7978511369449264,1.1528464248156696e-05,0.7978511369449264,0.504445709436429,0.36388066170082556
2021-09-28,2,0.0005286310974719112,0.007855493402237557,0.991140791367988,0.00047508413230237486,0.991140791367988,0.05451582010612602,0.03932485165855142
2021-09-29,0,0.6189126318376091,0.0001899488386534998,0.3808936808726337,3.7384511036160907e-06,0.6189126318376091,0.6662750641794883,0.48061586547986185
2021-09-30,0,0.8643304283594353,2.486395078048712e-05,0.1356432734065813,1.434283202987088e-06,0.8643304283594353,0.39728061449982816,0.286577386190111
2021-10-01,0,0.6179948107282369,7.494421630203295e-05,0.38191865708335015,1.1587972111008923e-05,0.6179948107282369,0.665884067963251,0.48033382132877583
2021-10-04,0,0.8962504594061292,1.7524820922359543e-05,0.10373032500074769,1.6907722006505742e-06,0.8962504594061292,0.3334343783397907,0.24052206204635523
2021-10-05,0,0.3687607258244091,0.0002592870249480527,0.6309536608015545,2.6326349088441346e-05,0.6309536608015545,0.6608656606423616,0.47671380565127186
2021-10-06,0,0.597177465873181,0.0001762136287675683,0.4026333744974276,1.2946000623912595e-05,0.597177465873181,0.6758255032136463,0.48750505099630786
2021-10-07,0,0.46059912160192135,0.0002940582050806451,0.5390944725263279,1.234766666990386e-05,0.5390944725263279,0.6926870329950956,0.4996680736950571
2021-10-08,0,0.7099993560281609,8.008243893731112e-05,0.289916032117385,4.529415516839198e-06,0.7099993560281609,0.6029432280505211,0.4349316025230351
2021-10-12,2,0.048292263354595806,0.0012622179585726969,0.9502064839660258,0.00023903472080575225,0.9502064839660258,0.20530008812945094,0.14809270951921302
2021-10-13,2,0.5573170904843545,0.00014409690988802796,0.4425313735734194,7.439032337936034e-06,0.5573170904843545,0.6879526258256444,0.4962529208225989
2021-10-14,0,0.8304796270082556,5.669490427638512e-05,0.16946014522507005,3.5328623980077095e-06,0.8304796270082556,0.45567691584670605,0.3287014133698102
2021-10-15,0,0.9725889416777496,5.406625026025959e-06,0.027405381989413162,2.6970781118284805e-07,0.9725889416777496,0.12567913903288852,0.09065833531297142
2021-10-18,0,0.9771608609540695,2.5638908765777693e-06,0.022836393911512685,1.8124354123929298e-07,0.9771608609540695,0.10892000073572154,0.07856917245752386
2021-10-19,0,0.8851486518881784,1.9558757852934482e-05,0.11483101109612726,7.782578414467803e-07,0.8851486518881784,0.35673889093220673,0.2573327144200617
2021-10-20,0,0.8520487214518262,4.081829034617815e-05,0.1479077715156169,2.6887422107057544e-06,0.8520487214518262,0.4195462278191484,0.3026386311491783
2021-10-21,0,0.7313934756581291,0.00010644480968168682,0.26849237047631047,7.70905587878832e-06,0.7313934756581291,0.5828965043964306,0.42047094812212116
2021-10-22,0,0.8173754028847079,8.230589839456595e-05,0.18253610459469907,6.186622198553059e-06,0.8173754028847079,0.47613633554364454,0.34345976503792974
2021-10-25,0,0.9688377567805471,5.080873704171337e-06,0.031156883357417134,2.7898833150934925e-07,0.9688377567805471,0.13881223045283655,0.10013185824452163
2021-10-26,0,0.9920657477301172,5.869104752318558e-07,0.007933627159895235,3.81995122840061e-08,0.9920657477301172,0.046283903942549706,0.0333867793454488
2021-10-27,0,0.7127363871377839,6.259140624167379e-05,0.28719495832993513,6.063126039342667e-06,0.7127363871377839,0.6003450107196139,0.4330573848938093
2021-10-28,2,0.31725643811968757,0.001161181030099635,0.6814151784419135,0.00016720240829930181,0.6814151784419135,0.6349059207799307,0.45798781167012353
2021-10-29,0,0.7571511557443964,8.697752252865983e-05,0.2427576090788086,4.257654266456708e-06,0.7571511557443964,0.5551695174216766,0.40047015481848597
2021-11-01,0,0.9403404631210606,1.2908143308077269e-05,0.05964592878530939,6.999503218296486e-07,0.9403404631210606,0.2261601759696772,0.1631400821590143
2021-11-02,0,0.9854211386026673,1.097400054160524e-06,0.01457768265569235,8.134158621871393e-08,0.9854211386026673,0.07612674013525689,0.05491383523608896
2021-11-03,0,0.6709840266322282,0.00013872799727293974,0.32886879002109315,8.455349405875075e-06,0.6709840266322282,0.6347941907555974,0.4579072154941115
2021-11-04,0,0.9268473240479181,3.079628081647789e-05,0.0731200705083875,1.809162877953429e-06,0.9268473240479181,0.2620098028977744,0.18900012165245697
2021-11-05,0,0.7901010638826674,0.00018883954736736506,0.20969051795713792,1.957861282719801e-05,0.7901010638826674,0.5155371638940386,0.3718814548719451
2021-11-08,0,0.5268951794824128,0.00021952565940871183,0.4728741522108171,1.1142647361316873e-05,0.5268951794824128,0.6937341239551206,0.500423390162751
2021-11-09,0,0.5161664557751682,0.00017620704945211737,0.48364118764192987,1.6149533449868284e-05,0.5161664557751682,0.6943783408211229,0.5008880944016703
2021-11-10,2,0.0001815151345617603,0.022511731012890033,0.9760315580928074,0.0012751957597407794,0.9760315580928074,0.11914439453519275,0.08594451357282035
2021-11-12,2,0.03623965646425185,0.0009455843926483606,0.9627925038582135,2.2255284886294276e-05,0.9627925038582135,0.16355847184801858,0.11798249811525677
2021-11-15,2,0.0036477006012587067,0.0026662898135631887,0.9935708975537711,0.00011511203140703799,0.9935708975537711,0.04373263596424754,0.03154642851531113
2021-11-16,0,0.5391653699335415,0.0001235035413544151,0.4607065239523517,4.6025727522666265e-06,0.5391653699335415,0.691273024272124,0.4986480820088547
2021-11-17,0,0.7150342534901379,7.536987047267884e-05,0.2848850738901864,5.302749202919185e-06,0.7150342534901379,0.5983416294130964,0.4316122507558481
2021-11-18,0,0.9725209895559531,4.194143086047625e-06,0.027474577667305385,2.3863365537502896e-07,0.9725209895559531,0.1259107345145679,0.09082539613942699
2021-11-19,0,0.6495886553562903,0.00022342753371279946,0.35015972549154756,2.819161844929181e-05,0.6495886553562903,0.6498621502172828,0.4687764506899562
2021-11-22,0,0.9341606988029564,3.781478668900857e-05,0.0657995160266759,1.9703836785947883e-06,0.9341606988029564,0.24308352226216565,0.17534769604472417
2021-11-23,0,0.5974338868424501,8.536426943644054e-05,0.4024665625370942,1.4186351019037104e-05,0.5974338868424501,0.6750054927916161,0.48691353851163777
2021-11-24,2,0.0786050295564344,0.0012059184378162367,0.9200596330565041,0.00012941894924520323,0.9200596330565041,0.2858371381963266,0.20618791088886687
2021-11-26,1,1.5315475199325564e-11,0.8844536525393618,0.0039536076925340375,0.11159273975278866,0.8844536525393618,0.37518524129851105,0.2706389435180455
2021-11-29,1,0.003930182183847798,0.6110503651419333,0.38257043768502585,0.0024490149891930628,0.6110503651419333,0.7050718119304602,0.5086018032713354
2021-11-30,1,5.4315072043093365e-05,0.8064858243850908,0.19092882355110272,0.00253103699176341,0.8064858243850908,0.5052672335631936,0.3644732660926525
2021-12-01,1,0.0015370343576633636,0.3925329604495238,0.6040379315420429,0.0018920736507699845,0.6040379315420429,0.6933979964131979,0.500180925393832
2021-12-02,2,0.04635617454783312,0.050841653281357965,0.9026880654730729,0.00011410669773600697,0.9026880654730729,0.387289182451919,0.27937009145666225
2021-12-03,2,0.0036439206044538226,0.021921381900402524,0.9742513032853092,0.00018339420983447762,0.9742513032853092,0.1311978170497847,0.09463922001659095
2021-12-06,2,0.01374009795666736,0.006672978408903883,0.979542331434506,4.459219992277567e-05,0.979542331434506,0.11303304009168703,0.08153610319844014
2021-12-07,2,0.027716614664279618,0.0023228639148659834,0.9699175648210426,4.295659981170717e-05,0.9699175648210426,0.14352946742186407,0.10353462543547866
2021-12-08,2,0.0013842846137326846,0.006615363286438666,0.9918271230336652,0.00017322906616338237,0.9918271230336652,0.051950137625179804,0.03747410296267303
2021-12-09,2,0.09709427970224328,0.0016590469039539908,0.9011926712450623,5.400214874047389e-05,0.9011926712450623,0.3313386538128685,0.2390103163553252
2021-12-10,2,0.6075898512795289,9.481115263266418e-05,0.3923115913569131,3.746210925250227e-06,0.6075898512795289,0.6707454288839978,0.48384055197494225
2021-12-13,2,0.21073832264691028,0.0009364414778042494,0.7882459744983671,7.926137691843865e-05,0.7882459744983671,0.5229865761774347,0.3772550699513416
2021-12-14,2,0.6490482533605055,0.00010884538699010312,0.3508375482643928,5.352988111524136e-06,0.6490482533605055,0.6490866707806149,0.4682170605211602
2021-12-15,2,0.14355496351755342,0.0004056723606539696,0.8560076090846089,3.175503718369725e-05,0.8560076090846089,0.4152313773623085,0.2995261244710481
2021-12-16,2,0.5697302390474527,8.785292383169425e-05,0.4301754622104542,6.4458182613653705e-06,0.5697302390474527,0.6843031335460192,0.49362036861581005
2021-12-17,2,0.3291664503566232,0.0006179781389624794,0.6701704776762744,4.509382814003565e-05,0.6701704776762744,0.6390022988557679,0.46094272383793183
2021-12-20,2,0.25351299318172105,0.0005644218781870119,0.7458988963290057,2.368861108605532e-05,0.7458988963290057,0.5710516902100586,0.4119267207786561
2021-12-21,2,0.14846056528836202,0.0003883320422965336,0.8511177006256005,3.340204374088601e-05,0.8511177006256005,0.42377741099103283,0.3056907846387636
2021-12-22,2,0.5524887157986501,0.00010094144311649305,0.4474022061320653,8.136626167931175e-06,0.5524887157986501,0.6886723581735116,0.4967720979671166
2021-12-23,2,0.6863880594757029,0.00010978451079581895,0.3134978176995942,4.338313907255038e-06,0.6863880594757029,0.6229964560056857,0.449396948785401
2021-12-27,2,0.7231058025030765,5.585551103195774e-05,0.276831616464429,6.725521462442507e-06,0.7231058025030765,0.5906053174762906,0.4260316813228482
2021-12-28,0,0.9378177433971939,1.1813375959867618e-05,0.062169962766194596,4.804606516396581e-07,0.9378177433971939,0.23304950278617617,0.1681096809756275
2021-12-29,0,0.6936857501526522,0.00016041177417042485,0.3061467142647241,7.123808453153186e-06,0.6936857501526522,0.6175751433638297,0.44548629835364384
2021-12-30,0,0.9275961360689523,1.5427661971034527e-05,0.07238749721852869,9.390505481537284e-07,0.9275961360689523,0.259970430879931,0.18752902570412175
2021-12-31,0,0.9696211356949482,6.74296021141914e-06,0.03037164229122963,4.790536108657244e-07,0.9696211356949482,0.1361259284119164,0.09819410092813892
2022-01-03,2,3.2778446516730092e-06,0.15632427671775392,0.837442415314949,0.006230030122645375,0.837442415314949,0.47035457250043244,0.3392891046029112
2022-01-04,2,0.07531061831052319,0.012311723019486723,0.9123204833867006,5.717528328965923e-05,0.9123204833867006,0.3331772040278593,0.2403365499941215
2022-01-05,2,0.021979746399107967,0.005483190954123232,0.9724024931014665,0.00013456954530225237,0.9724024931014665,0.1408691090840904,0.10161558254503182
2022-01-06,2,0.009294884213829962,0.0019082949622365533,0.9886686239309153,0.0001281968930181818,0.9886686239309153,0.06784887468102034,0.0489426175161024
2022-01-07,2,0.3136264806307906,0.00026000914327573135,0.686104887268003,8.6229579306155e-06,0.686104887268003,0.6243859644123739,0.4503992672292023
2022-01-10,2,0.34069207383215255,0.0001210528353137462,0.6591741238083415,1.2749524192241745e-05,0.6591741238083415,0.6428070082273768,0.4636872415091538
2022-01-11,2,0.4259484490656811,0.00017591685861692016,0.5738436581803155,3.197589538652443e-05,0.5738436581803155,0.6840837901454438,0.4934621457976791
2022-01-12,2,0.5556186259058808,0.00024528664217361213,0.4441198366907793,1.6250761166296447e-05,0.5556186259058808,0.6892151209253922,0.4971636185323753
2022-01-13,2,0.487727114450847,0.00023821592674419135,0.5120179430046982,1.672661771068923e-05,0.5120179430046982,0.6951014959030801,0.5014097405269369
2022-01-14,2,0.5180916269735191,0.0002400149235044828,0.4816533837017461,1.4974401230350815e-05,0.5180916269735191,0.6947280348297513,0.5011403453077087
2022-01-18,2,0.06814524786532768,0.00048705798488832025,0.9312686863310995,9.900781868449224e-05,0.9312686863310995,0.25398689309072975,0.18321281555639557
2022-01-19,2,0.012212587750529259,0.0010979002771573394,0.9865340769605103,0.0001554350118030725,0.9865340769605103,0.0760193516314003,0.054836370805107774
2022-01-20,2,0.011007448395662771,0.00040504057773913617,0.9885575300045474,2.9981022050829973e-05,0.9885575300045474,0.06448758881307574,0.046517962289755486
2022-01-21,2,0.0052939070824831996,0.0005418933207579878,0.9941269047100836,3.729488667530687e-05,0.9941269047100836,0.03805779389512441,0.027452895259835127
2022-01-24,2,0.001185223133229847,0.0012450370594647576,0.9974202881233191,0.00014945168398637623,0.9974202881233191,0.020206199845307925,0.014575692156018543
2022-01-25,2,0.3150674228376228,0.00017926491440220117,0.6847421479395721,1.1164308402893072e-05,0.6847421479395721,0.6248874570572766,0.450761017705124
2022-01-26,2,0.1347007381804732,0.0004515728189226166,0.8648145604003871,3.312860021716473e-05,0.8648145604003871,0.39946043912281043,0.28814979727690315
2022-01-27,2,6.22064349894771e-06,0.011828638914969878,0.986794592894438,0.0013705475470931808,0.986794592894438,0.07471420759416159,0.05389490839002273
2022-01-28,2,0.003294336031966402,0.0017096286192114076,0.9949194804944324,7.655485438997613e-05,0.9949194804944324,0.03551494807097857,0.02561861972971492
2022-01-31,2,0.020926918416686355,0.0005824696701023413,0.9784601556388821,3.0456274329245665e-05,0.9784601556388821,0.10687978241073962,0.07709746602763275
2022-02-01,2,0.013125022257471267,0.0010007556797947985,0.985810476886985,6.374517574896457e-05,0.985810476886985,0.07849021222486115,0.056618719967564735
2022-02-02,2,0.46085880423845876,0.00015045413590744858,0.5389827415853286,8.000040305351289e-06,0.5389827415853286,0.6915586824321744,0.4988541408143018
2022-02-03,2,0.08342984542633017,0.0009061768495341061,0.9155819161643661,8.206155976961052e-05,0.9155819161643661,0.29508992511178717,0.21286238578753547
2022-02-04,2,0.07593860611886585,0.0008070756799856109,0.9231997272449862,5.45909561621418e-05,0.9231997272449862,0.2758133300384092,0.19895726172874195
2022-02-07,2,0.408829765722312,9.46081660795933e-05,0.591069600278274,6.025833334372195e-06,0.591069600278274,0.6774265620189263,0.4886599707955824
2022-02-08,2,0.5116332279384909,0.00010892427094568213,0.48825113980439055,6.707986172977501e-06,0.5116332279384909,0.6939830638218497,0.5006029623183558
2022-02-09,0,0.8861475379786219,2.743355268499536e-05,0.11382340009557296,1.6283731201252756e-06,0.8861475379786219,0.3547705692838197,0.2559128704795606
2022-02-10,2,0.07940985106692176,0.0020078192484574054,0.9184443971049516,0.00013793257966916996,0.9184443971049516,0.29298738370981064,0.21134572276058786
2022-02-11,2,0.0002858978868576785,0.00017643583015206277,0.9993973155923492,0.00014035069064110016,0.9993973155923492,0.005705352480338508,0.004115541864953956
2022-02-14,2,0.01348046419075223,0.0007292410095853444,0.9857155878491275,7.470695053499533e-05,0.9857155878491275,0.07821324267989926,0.056418928673067845
2022-02-15,2,0.03697709816902702,0.0003970577898626332,0.9625841316216138,4.171241949648097e-05,0.9625841316216138,0.16216755883994793,0.11697916646573103
2022-02-16,2,0.00459987405532023,0.0008828110451680333,0.9944334084257159,8.390647379577034e-05,0.9944334084257159,0.03730214258321575,0.026907808059669195
2022-02-17,2,0.036260561820270314,0.0003040615541192746,0.9634146566725944,2.071995301599425e-05,0.9634146566725944,0.15887078858464895,0.11460104941659599
2022-02-18,2,0.07487400524534575,0.0004031531896068336,0.9246886235090264,3.4218056021130304e-05,0.9246886235090264,0.2699740202197242,0.19474509006992644
2022-02-22,2,0.02512865981030323,8.21740795662727e-05,0.9747479552077986,4.121090233199428e-05,0.9747479552077986,0.11868718340583591,0.08561470545833917
2022-02-23,2,5.693437761281827e-07,0.0009876445002623177,0.9969406849384377,0.0020711012175239516,0.9969406849384377,0.022696234464004636,0.016371872454036335
2022-02-24,3,1.807909809282122e-42,3.665923554571373e-10,0.0006495972803609178,0.9993504023530466,0.9993504023530466,0.005416891625771452,0.003907461342766714
2022-02-25,3,1.0622146890952768e-12,0.0016271168734726285,0.10739981599772577,0.8909730671277394,0.8909730671277394,0.35293264867165086,0.25458709100319876
2022-02-28,3,1.379124172473301e-41,8.08972067118077e-11,2.485306847874359e-07,0.9999997513884179,0.9999997513884179,4.030071403187499e-06,2.907082013903515e-06
2022-03-01,2,3.0447421020911046e-08,0.06328445930017905,0.5668907022933766,0.3698248079590234,0.5668907022933766,0.8643080399400678,0.6234664615109979
2022-03-02,1,5.3962796638079685e-14,0.7804941661062382,0.0013135155548081312,0.21819231833889982,0.7804941661062382,0.534314832579742,0.3854266796181053
2022-03-03,1,3.0434137516494266e-05,0.8878513658504248,0.09537389351201843,0.016744306500040284,0.8878513658504248,0.39853031796898697,0.2874788566888796
2022-03-04,3,1.1173178551664813e-19,0.0001225275572496599,0.0005675742501463272,0.999309898192604,0.999309898192604,0.006035619560344114,0.00435377920420044
2022-03-07,3,9.934679304629056e-20,0.019967971735228855,0.0004829329973198921,0.9795490952674513,0.9795490952674513,0.10207501102032332,0.07363155609885337
2022-03-08,3,1.646421158971975e-14,0.5161683928877606,0.005770239715616478,0.47806136739660654,0.5161683928877606,0.7239164754934504,0.5221953546061089
2022-03-09,3,3.56549902534304e-17,2.8907721664203652e-05,3.4590740319788713e-07,0.9999707463709325,0.9999707463709325,0.0003365255129871297,0.00024275184435957326
2022-03-10,1,9.07931236334327e-11,0.6097024402136578,0.26744630515506695,0.12285125454048215,0.6097024402136578,0.9119812739733469,0.6578554306724733
2022-03-11,2,0.00023392545364139003,0.364719879025546,0.627071766077838,0.007974429442974879,0.627071766077838,0.7010009563925504,0.5056653017229765
2022-03-14,1,3.551280572158719e-05,0.7534678849923129,0.24260430433317465,0.003892297868790909,0.7534678849923129,0.5788507598409665,0.4175525603186853
2022-03-15,1,1.8757348615144019e-06,0.8046230116987099,0.19069512270606145,0.004679989860367232,0.8046230116987099,0.516037390843692,0.37224229234173717
2022-03-16,1,1.7233181408361143e-13,0.7526415504136006,0.00975690015211029,0.2376015494341168,0.7526415504136006,0.6005190738948798,0.43318294493368803
2022-03-17,1,1.1299817941537397e-16,0.9338503999960279,7.290210176116906e-06,0.06614230979379589,0.9338503999960279,0.24363703116590008,0.17574696831997694
2022-03-18,1,5.542407641621768e-10,0.9824758520911315,0.01015226642247396,0.0073718809321537525,0.9824758520911315,0.10016574453101723,0.07225431145092469
2022-03-21,1,7.468615963740167e-06,0.9815450753006781,0.015389951810719008,0.003057504272639093,0.9815450753006781,0.10031344992614658,0.0723608583714575
2022-03-22,1,4.52827995327003e-06,0.6390297477277523,0.35854634125614326,0.002419382736151119,0.6390297477277523,0.668550958150944,0.4822575759529659
2022-03-23,1,6.715237409787193e-07,0.4297143593521316,0.5448021822238257,0.025482786900301858,0.5448021822238257,0.7873527403297607,0.5679549469520407
2022-03-24,2,0.13987608567518953,0.04173012778841896,0.818177712750913,0.00021607378547865621,0.818177712750913,0.5737051480120977,0.4138407859847611
2022-03-25,2,0.3169463214225691,0.0059961634336104545,0.6770298854135269,2.76297302935179e-05,0.6770298854135269,0.6592174112565823,0.4755248450437658
2022-03-28,2,0.32360838743358866,0.0036012390324009747,0.6724959724072326,0.0002944011267777849,0.6724959724072326,0.6545767077931394,0.4721772851072931
2022-03-29,2,2.4682794352607464e-07,0.020498256589452864,0.9589450585890616,0.020556437993541916,0.9589450585890616,0.199742556617667,0.1440837979433956
2022-03-30,2,0.34754360486256225,0.00158953040890805,0.6507503784662519,0.00011648626227770468,0.6507503784662519,0.6581865941715661,0.4747812676954576
2022-03-31,2,0.0625526220173176,0.0019643920238418978,0.935395538786722,8.744717211860991e-05,0.935395538786722,0.24891155603047171,0.17955173375255845
2022-04-01,2,0.08276145399955087,0.0022926380158146916,0.9147998265681256,0.00014608141650878915,0.9147998265681256,0.3029121993955223,0.21850496394634442
2022-04-04,2,0.014691489682548985,0.0015181522848394182,0.9837412240931163,4.913393949534187e-05,0.9837412240931163,0.08847178021603322,0.06381889928814471
2022-04-05,2,0.0008144384949436363,0.01331059277271132,0.985412445504441,0.0004625232279040475,0.985412445504441,0.08131642242388118,0.058657399686882744
2022-04-06,2,0.05098012373323574,0.0028659668552696027,0.9460958115875261,5.8097823968552774e-05,0.9460958115875261,0.2215041148380387,0.15978144400666894
2022-04-07,2,0.3918139767031064,0.00024258450399924266,0.6079362975926987,7.1412001956634575e-06,0.6079362975926987,0.6717820140130213,0.484588290087493
2022-04-08,2,9.263674796518995e-05,0.0043804836175253496,0.9943601778943548,0.0011667017401547257,0.9943601778943548,0.03815223417444375,0.02752101952115222
2022-04-11,2,1.1848323447570741e-06,0.03929736949510196,0.9563813596007034,0.004320086071849882,0.9563813596007034,0.1933797720589436,0.13949401907883804
2022-04-12,2,0.04575064708370137,0.0063981908055524275,0.9476367114115997,0.00021445069914652868,0.9476367114115997,0.22622143777385753,0.16318427320955775
2022-04-13,2,0.2060492921767462,0.002021668469254661,0.7918649903625116,6.404899148749337e-05,0.7918649903625116,0.5234372877042919,0.37758018959367573
2022-04-14,2,5.0291597090550156e-05,0.04499746202006534,0.9533576257384546,0.0015946206443894048,0.9533576257384546,0.19585005575115794,0.1412759520950113
2022-04-18,2,0.05785862087790106,0.004618172712557677,0.9374853281111006,3.787829844074223e-05,0.9374853281111006,0.25062240692834137,0.18078585180558696
2022-04-19,2,0.005589266899496219,0.0022310860841694307,0.9919724998294249,0.0002071471869095076,0.9919724998294249,0.052364616607892614,0.037773086349129265
2022-04-20,2,0.011470648947202565,0.001914207840945594,0.9864711593498996,0.00014398386195206317,0.9864711593498996,0.0779409848441438,0.05622253615832406
2022-04-21,2,3.2388155528990485e-07,0.024918126584635984,0.9732695150048498,0.0018120345289588849,0.9732695150048498,0.12981646990551393,0.09364278867919816
2022-04-22,2,0.010966531489751649,0.010059577171596898,0.9788774967465677,9.639459208382285e-05,0.9788774967465677,0.11754645222827878,0.08479184185191463
2022-04-25,2,0.0007090426499385392,0.006867877614956843,0.992215012000074,0.00020806773503058353,0.992215012000074,0.048868433552692395,0.035251123371240575
2022-04-26,2,0.0003703394053994321,0.0021304658271528707,0.9972545287181693,0.00024466604927843934,0.9972545287181693,0.02080771188385777,0.01500959137354398
2022-04-27,2,0.04314919575627052,0.0007758221313120847,0.9560370173605972,3.796475182026368e-05,0.9560370173605972,0.18454655535743134,0.1331222001136534
2022-04-28,2,5.303533225171551e-06,0.001297054358945876,0.998027357309296,0.0006702847985328914,0.998027357309296,0.01555580670186752,0.011221142592905787
2022-04-29,2,0.00013635861826371374,0.0056736849822851265,0.9937105976994227,0.0004793587000284246,0.9937105976994227,0.04049079716299017,0.029207936134343415
2022-05-02,2,0.0171880976343557,0.03925351980329064,0.9419411505574902,0.0016172320048634518,0.9419411505574902,0.26367001619089797,0.1901977123948606
2022-05-03,2,0.0016739949800445228,0.006965257400235764,0.9912670482783338,9.369934138601474e-05,0.9912670482783338,0.0548600771764394,0.039573180642617466
2022-05-04,2,0.0007120063883180228,0.006788354817491708,0.9919578796962603,0.0005417590979299847,0.9919578796962603,0.05113548730870694,0.03688645697685602
2022-05-05,2,7.559702768346443e-10,0.5771175138876434,0.4046611132283332,0.018221372128053057,0.5771175138876434,0.756325494686022,0.5455735202407079
2022-05-06,2,0.0008001407982087678,0.2056718940862792,0.7925614122638608,0.0009665528516513565,0.7925614122638608,0.5219386131336977,0.3764991244082245
2022-05-09,1,2.2987282376290627e-07,0.8245389548717241,0.17239665079071367,0.003064164464738372,0.8245389548717241,0.4798838320946849,0.34616301238289693
2022-05-10,1,5.1662701098151995e-05,0.8890142190235373,0.10775267759777402,0.0031814406775905876,0.8890142190235373,0.36345401900585717,0.2621766554054566
2022-05-11,1,3.904610133770791e-05,0.6640863752024335,0.3291088250648144,0.006765753631414422,0.6640863752024335,0.6717970218975394,0.4845991159877773
2022-05-12,2,0.17877312493540415,0.11066910456552614,0.7103797240321452,0.0001780464669244292,0.7103797240321452,0.7958440644138832,0.5740801425254131
2022-05-13,2,2.8231833158692524e-06,0.4691763090799247,0.5278900193397156,0.0029308483970437865,0.5278900193397156,0.7094434961352272,0.5117553068326104
2022-05-16,2,0.35602343359949545,0.019407477983297262,0.6245188121061418,5.027631106546994e-05,0.6245188121061418,0.7386972094653633,0.5328574004070977
2022-05-17,2,0.09104191883271005,0.004279775458407564,0.904632143173824,4.616253505819043e-05,0.904632143173824,0.3326466577933367,0.23995384178336746
2022-05-18,2,1.7974197843938828e-08,0.07110036625388805,0.9258513119965609,0.003048303775353214,0.9258513119965609,0.2769541470048484,0.19978018721876387
2022-05-19,2,0.003795826479559742,0.03966480373723859,0.9561290682622501,0.00041030152095156445,0.9561290682622501,0.19526124246212204,0.14085121308896048
2022-05-20,2,0.014821831686571307,0.01843014422629721,0.9665208593204002,0.0002271647667312919,0.9665208593204002,0.17084837025358748,0.12324104825440609
2022-05-23,2,0.0007694324823958772,0.012943576144339247,0.9861822116128229,0.00010477976044194344,0.9861822116128229,0.07646650651743665,0.05515892487340473
2022-05-24,2,0.001832014162413993,0.012191579905706082,0.9856544115668012,0.0003219943650786389,0.9856544115668012,0.08210573017966094,0.05922676487938207
2022-05-25,2,8.965483061807795e-05,0.009061620991064516,0.9906400496596596,0.00020867451865770584,0.9906400496596596,0.05454322442110786,0.039344619693213054
2022-05-26,2,0.0019425954505712514,0.006867443608037621,0.9910874767691409,0.00010248417225022693,0.9910874767691409,0.056149614590078445,0.04050338525846638
2022-05-27,2,0.0428183806258791,0.0012686268623264606,0.9558785328639534,3.445964784119016e-05,0.9558785328639534,0.1868607182548871,0.1347915157816377
2022-05-31,2,0.0005854222524456408,0.007342577100738251,0.9918652465262964,0.00020675412051968458,0.9918652465262964,0.05029497974711391,0.036280158931386045
2022-06-01,2,0.3441432919797989,0.0007572570498462199,0.6550747103516043,2.474061875059706e-05,0.6550747103516043,0.6499011270096358,0.46880456650247493
2022-06-02,2,0.16321525597951078,0.00040647647454143996,0.836341020887016,3.724665893172598e-05,0.836341020887016,0.448881394842753,0.3237994811434803
2022-06-03,2,0.00030918470181689084,0.0026092047058889306,0.9967943849789918,0.0002872256133025271,0.9967943849789918,0.023562966063043835,0.01699708714389414
2022-06-06,2,0.005856648463575053,0.002168881702922852,0.99190803081546,6.643901804207858e-05,0.99190803081546,0.05210537718907524,0.03758608463716388
2022-06-07,2,0.02073726958681393,0.0007031984799938905,0.9785005565259257,5.897540726640111e-05,0.9785005565259257,0.10732009308251962,0.07741508303894651
2022-06-08,2,0.15772089721945998,0.0001959352849925911,0.8420677197569002,1.544773864724772e-05,0.8420677197569002,0.43789025477313825,0.31587104950740563
2022-06-09,2,0.009329445110093492,0.00025909241414422287,0.9903625480048209,4.891447094136004e-05,0.9903625480048209,0.05582726400484222,0.040270858463092404
2022-06-10,2,4.585674302087112e-07,0.014633752073986652,0.9832916958523235,0.0020740935062597394,0.9832916958523235,0.09120804103591926,0.0657926942458589
2022-06-13,1,5.4915536132712196e-11,0.5734305789718722,0.03339190850176323,0.3931775124714491,0.5734305789718722,0.7994380228746827,0.5766726355496912
2022-06-14,1,2.658383078586762e-07,0.9308036915255289,0.01530270452084753,0.05389333811531569,0.9308036915255289,0.2881190437374399,0.20783395779283745
2022-06-15,1,2.60392494212401e-05,0.9730442296566746,0.01853054654338798,0.008399184550516282,0.9730442296566746,0.14091496086689104,0.10164865761486302
2022-06-16,1,1.3495098895489827e-05,0.8311484023788623,0.16349305341245166,0.005345049109790449,0.8311484023788623,0.47791616485680105,0.3447436404997896
2022-06-17,1,0.029787307838931566,0.6557341776925566,0.31015922791588274,0.004319286552629103,0.6557341776925566,0.7679935496179229,0.5539902427342447
2022-06-21,1,1.9160937541290113e-05,0.5913668481636736,0.40742362970478135,0.001190361194003652,0.5913668481636736,0.6847059156072288,0.4939109144569431
2022-06-22,1,9.371624112880146e-09,0.9726415709572873,0.023965397374460608,0.0033930222966279157,0.9726415709572873,0.13569209597473555,0.09788115697529014
2022-06-23,1,0.026914097629646087,0.6983565650425567,0.27273248542709805,0.001996851900699246,0.6983565650425567,0.7147893457021756,0.5156115221623978
2022-06-24,1,5.12430615461955e-07,0.7019745658844653,0.296328071651459,0.0016968500334601482,0.7019745658844653,0.6196512918453402,0.44698392291285605
2022-06-27,0,0.4898409388583562,0.06706381912946051,0.44301793007367246,7.731193851080121e-05,0.4898409388583562,0.8922136816627286,0.6435961269740514
2022-06-28,2,0.010675770243325562,0.023961272681863773,0.9647394467222599,0.0006235103525507377,0.9647394467222599,0.17710578111709863,0.1277548160652022
2022-06-29,2,1.3542563532181028e-05,0.21926955788034813,0.775752574025344,0.00496432553077559,0.775752574025344,0.5562016529027561,0.40121468318852543
2022-06-30,2,0.041606131927352734,0.19045589058064155,0.7670908672981331,0.0008471101938725941,0.7670908672981331,0.6575129617350173,0.4742953446076621
2022-07-01,2,0.16845649357727815,0.0703125495999119,0.7610697058079757,0.00016125101483423866,0.7610697058079757,0.6959034647363344,0.5019882387562786
2022-07-05,1,1.3011883280629928e-05,0.9405204754970728,0.030750061881002357,0.028716450738644015,0.9405204754970728,0.26683994261964117,0.19248433096422593
2022-07-06,1,0.0015852309497376095,0.8099443265966069,0.18685459158893822,0.0016158508647173555,0.8099443265966069,0.5047689957374342,0.3641138634724493
2022-07-07,1,4.993402131160722e-06,0.8178000086785308,0.17642470107736935,0.005770296841968759,0.8178000086785308,0.5003695906430728,0.36094036351620096
2022-07-08,1,0.005302028745177072,0.34574454521047315,0.6482263880240386,0.0007270380203110437,0.6482263880240386,0.6812506179435422,0.49141844405484514
2022-07-11,2,0.00014895112028428788,0.1706200537191351,0.8280557045635814,0.0011752905969993857,0.8280557045635814,0.46718480844782656,0.3370026031631698
2022-07-12,1,0.002770790692542011,0.47647396504000183,0.5187560945465108,0.0019991497209453017,0.5187560945465108,0.7224419347665385,0.5211316983089566
2022-07-13,2,9.188711289062206e-07,0.023232764786324443,0.9747229760694802,0.002043340273066325,0.9747229760694802,0.12502847397684533,0.09018897968815479
2022-07-14,2,0.06143312819733585,0.0026592723003153254,0.935866970580596,4.0628921752744435e-05,0.935866970580596,0.24959708337729483,0.1800462372043862
2022-07-15,2,0.027652413213165326,0.0007236915464038047,0.9715762657706263,4.762946980455268e-05,0.9715762657706263,0.13294105495874792,0.09589670035976638
2022-07-18,2,0.0011417969363827316,0.0031746608856270727,0.9955026031406017,0.00018093903738850621,0.9955026031406017,0.03204474089085713,0.023115394384905685
2022-07-19,2,0.014926504539971288,0.0006165971183634445,0.9844259218930576,3.0976448607683054e-05,0.9844259218930576,0.08309145693042937,0.05993781642688467
2022-07-20,2,0.0034306822231796796,0.00020061800415424036,0.996311961983688,5.673778897817427e-05,0.996311961983688,0.025413149878790012,0.018331712651749158
2022-07-21,2,0.002129017676236607,0.006212838823424819,0.9909234677192563,0.0007346757810821893,0.9909234677192563,0.05900290103521754,0.04256159636078532
2022-07-22,2,0.05657278662246639,0.0022083314225522185,0.9411454666185647,7.341533641652306e-05,0.9411454666185647,0.2337814476086318,0.16863766755840806
2022-07-25,2,0.0003391262258116502,0.0033784080864666965,0.9961213901945969,0.00016107549312476146,0.9961213901945969,0.027211506169039577,0.019628952502596417
2022-07-26,2,0.27400679401371036,0.00024416081434573103,0.725739802578806,9.242593138074857e-06,0.725739802578806,0.5895136925174859,0.425244240365559
2022-07-27,2,2.730446270970267e-06,0.004829785821493773,0.9941469873903317,0.0010204963419036767,0.9941469873903317,0.03865648564568276,0.02788476006961096
2022-07-28,2,0.03557072496459977,0.0032414078481144896,0.9610387470824538,0.0001491201048318576,0.9610387470824538,0.17675720422906624,0.1275033709913358
2022-07-29,2,0.025554473724731797,0.003289820152872299,0.9710640773278547,9.162879454128506e-05,0.9710640773278547,0.1418795664129881,0.10234447343374714
2022-08-01,2,4.7762944052618e-08,0.2951486587948946,0.6226470546891509,0.08220423875301035,0.6226470546891509,0.8605498220397882,0.6207554803473413
2022-08-02,2,0.0002058395146716395,0.4137140748260723,0.5752884055366091,0.01079168012264697,0.5752884055366091,0.7338260301249665,0.5293435872682621
2022-08-03,2,0.0001417782115486858,0.2678586785484748,0.7298717011683521,0.002127842071624504,0.7298717011683521,0.5970240475109972,0.43066181631778633
2022-08-04,2,0.004254286822660357,0.015712936414627045,0.9799165144063525,0.00011626235636018961,0.9799165144063525,0.1094215030898573,0.07893092993717676
2022-08-05,2,0.0007367267795844421,0.029399514407761295,0.9693952462764909,0.0004685125361634346,0.9693952462764909,0.1427229299582928,0.10295283163598595
2022-08-08,2,0.14577228901669675,0.003860020903987357,0.8503222980554633,4.539202385259167e-05,0.8503222980554633,0.4404905814041972,0.3177467886750658
2022-08-09,0,0.7102238035371216,0.0001506677030473024,0.2896210235866797,4.505173151432534e-06,0.7102238035371216,0.6032954989310083,0.43518571224919933
2022-08-10,2,0.00445935144385966,0.0018573334005223298,0.9935963247532272,8.699040239077671e-05,0.9935963247532272,0.04301387811593706,0.03102795432363235
2022-08-11,2,3.8386800689701e-08,0.1562276495921857,0.8396078940579413,0.0041644179630723095,0.8396078940579413,0.4596344901549072,0.33155619978400586
2022-08-12,2,6.436541341476442e-05,0.04668864181388246,0.952804002152302,0.0004429906204007559,0.952804002152302,0.1931721372882562,0.1393442422518446
2022-08-15,2,0.21365691956637492,0.0032715018714395343,0.78305571247142,1.5866090765573243e-05,0.78305571247142,0.5401485408242207,0.3896348105952565
2022-08-16,2,0.26451912333652094,0.00046075842193957445,0.7350003121379733,1.980610356622543e-05,0.7350003121379733,0.5818179959400324,0.4196929687213199
2022-08-17,2,0.28009132849888235,0.00021016503027595032,0.7196768986657934,2.1607805048358473e-05,0.7196768986657934,0.5952068388026353,0.42935097732187927
2022-08-18,0,0.6737502918725417,7.533045693481977e-05,0.32616833069306833,6.046977455063627e-06,0.6737502918725417,0.6322689036456273,0.45608560589892416
2022-08-19,2,0.005897808797257707,0.0024511305906530344,0.9912887633873692,0.0003622972247202216,0.9912887633873692,0.056552412288047894,0.04079394237913739
2022-08-22,2,0.0007131520118615507,0.0003697321871604909,0.9988182476615395,9.886813943860635e-05,0.9988182476615395,0.010182050921389702,0.007344797185183913
2022-08-23,2,0.16651817175659928,0.0003520367500047586,0.833111793866423,1.7997626973042844e-05,0.833111793866423,0.4536206350071151,0.3272181202848337
2022-08-24,2,0.29420043507871363,0.00031988368625152975,0.7054668232525646,1.285798247031311e-05,0.7054668232525646,0.6088057709461765,0.4391605333043155
2022-08-25,2,0.014902439336067701,0.0028584601806312723,0.9819511590961761,0.0002879413871248597,0.9819511590961761,0.09965893077842904,0.07188872260716803
2022-08-26,2,3.264852238695929e-05,0.0025556092622302995,0.9970700835389918,0.00034165867639091507,0.9970700835389918,0.021245505433997818,0.01532539266540409
2022-08-29,2,0.0925960594644879,0.0005515766814265243,0.9068017733996456,5.059045444003763e-05,0.9068017733996456,0.31368557840939665,0.2262763141848113
2022-08-30,2,0.21691276241145932,0.0012335103678838557,0.7817834112926411,7.031592801585918e-05,0.7817834112926411,0.5328909388981558,0.3843995574415165
2022-08-31,0,0.7396035765647456,0.00028751922715080904,0.2600950985377446,1.3805670359012747e-05,0.7396035765647456,0.5758658447284387,0.4153993992035262
2022-09-01,2,0.19657743681633658,0.001826734480655444,0.8014639095051194,0.00013191919788857766,0.8014639095051194,0.5098449933968376,0.367775421797842
2022-09-02,2,0.48592859071338257,0.00027765352985082266,0.513783385819925,1.0369936841533632e-05,0.513783385819925,0.6952401673630488,0.5015097708407418
2022-09-06,2,0.008789189738050606,0.011067207569646515,0.9796673403380868,0.0004762623542160787,0.9796673403380868,0.1152219387260944,0.0831150598008742
2022-09-07,2,0.0002427874978580177,0.03526640257071384,0.962726342917518,0.0017644670139102024,0.962726342917518,0.1677374826435621,0.12099701719053282
2022-09-08,2,0.008696459999867824,0.003837032329180453,0.987410399536747,5.6108134204608024e-05,0.987410399536747,0.07566814654737727,0.05458302988858027
2022-09-09,2,0.126706448602428,0.001577102767228683,0.8716568031576345,5.9645472708817675e-05,0.8716568031576345,0.3922468632370367,0.2829463021981622
2022-09-12,2,0.08146730412487634,0.0005931931836444122,0.9179155245628027,2.3978128676539465e-05,0.9179155245628027,0.2875655182421556,0.2074346735493113
2022-09-13,2,1.299597216205293e-07,0.005255891446893155,0.9932784360284715,0.0014655425649136287,0.9932784360284715,0.04384947610804371,0.031630710863326875
2022-09-14,2,0.06726804549616494,0.00026646411143344613,0.9324490031152984,1.648727710329194e-05,0.9324490031152984,0.24915205131115545,0.17972521442695827
2022-09-15,2,0.19114357958537842,0.0006693084893987118,0.8081246721564548,6.243976876806493e-05,0.8081246721564548,0.49394976508807364,0.35630943827041617
2022-09-16,2,0.32851703849257385,0.00016181416624561212,0.6713096828047129,1.1464536467590503e-05,0.6713096828047129,0.6347706020436985,0.4578901998352728
2022-09-19,2,0.34775008942063684,0.0005889361518732521,0.6516143837394743,4.659068801546852e-05,0.6516143837394743,0.651251090991343,0.46977835967336884
2022-09-20,2,0.195482026941638,0.0004962867515388615,0.8039936052585439,2.808104827916588e-05,0.8039936052585439,0.49855539878199934,0.359631700715605
2022-09-21,2,0.0035485712985234997,0.003038851872401531,0.9930932247189478,0.0003193521101271998,0.9930932247189478,0.0470856619196324,0.033965125474213986
2022-09-22,2,0.00032227106213235574,0.04456272071529266,0.953365051318992,0.0017499569035830307,0.953365051318992,0.19785862067241858,0.1427248254206144
2022-09-23,2,0.0005334484195365686,0.11459222127558491,0.8833641545992403,0.001510175705638046,0.8833641545992403,0.3716321421044904,0.26807592422454546
2022-09-26,2,0.026257169714197316,0.4093332352059242,0.5612071871225924,0.0032024079572860417,0.5612071871225924,0.803782214185613,0.5798063071801672
2022-09-27,1,4.4080282606272725e-08,0.9308035459070813,0.06348088748618283,0.005715522526453288,0.9308035459070813,0.27128197356799066,0.1956885789745555
2022-09-28,3,4.2746066815413493e-19,0.1387443465057093,0.0007535463763557448,0.8605021071179348,0.8605021071179348,0.4087367507959101,0.29484124170116377
2022-09-29,3,1.1887579609508221e-09,0.5612690768203487,0.003965343023005216,0.43476557896788814,0.5612690768203487,0.7082299416371064,0.5108799123044667
2022-09-30,1,1.58860792196698e-11,0.9693705258932191,0.010860164907354915,0.019769309183539807,0.9693705258932191,0.15683964159857594,0.11313588657453394
2022-10-03,1,2.9166841095178404e-09,0.9742282482811724,0.009797216766966692,0.015974532035176677,0.9742282482811724,0.13683818926364283,0.09870788852744146
2022-10-04,1,1.9440545273878123e-08,0.9763236438375822,0.01968062821141769,0.003995708510454831,0.9763236438375822,0.12276849385813843,0.08855874863327173
2022-10-05,1,0.01956871015922099,0.7689584819942652,0.2092722235983399,0.002200584248173937,0.7689584819942652,0.6197915003466329,0.4470850619676088
2022-10-06,2,0.3675400127552001,0.11260281009525348,0.5197177003172401,0.00013947683230627957,0.5197177003172401,0.9551688826990001,0.6890087051406497
2022-10-07,2,0.0003714636229898419,0.09255703396178967,0.9059973219185916,0.0010741804966288265,0.9059973219185916,0.31999552092649525,0.2308279755736676
2022-10-11,1,2.3733998648114117e-08,0.5397844029834274,0.4531392097133721,0.007076363569201925,0.5397844029834274,0.7265436920490106,0.5240904907541329
2022-10-12,2,0.13637302897443468,0.06144513734935633,0.8020450008288068,0.00013683284740205608,0.8020450008288068,0.6212532738822604,0.448139508682985
2022-10-13,2,6.716988941825983e-07,0.005666247309156474,0.9937628207181303,0.0005702602738189285,0.9937628207181303,0.03979953738792841,0.028709297609619603
2022-10-14,2,2.7842778585001374e-05,0.053394316248293855,0.9455781925755272,0.0009996483975940565,0.9455781925755272,0.21655910891199978,0.1562143762433375
2022-10-17,2,0.0006496342464156609,0.01748423291944063,0.9817224298196228,0.00014370301452096076,0.9817224298196228,0.09489786510849309,0.06845433969148638
2022-10-18,2,0.004387404292086234,0.005397716259568784,0.9901145751453309,0.0001003043030141051,0.9901145751453309,0.06276491213639224,0.045275313740502296
2022-10-19,2,0.0026057911020759853,0.006074437466168913,0.9911096850706173,0.00021008636113786918,0.9911096850706173,0.05713609382594579,0.041214979609229256
2022-10-20,2,0.0006027203929019006,0.008629383791201699,0.990519836501733,0.00024805931416336765,0.990519836501733,0.05697489254011162,0.04109869746140032
2022-10-21,2,1.1676805008736076e-13,0.2550766403065252,0.6543846976343612,0.09053866205899691,0.6543846976343612,0.843453666432979,0.6084232108912364
2022-10-24,2,0.006436606677960455,0.13487683735148137,0.8576029340081192,0.0010836219624389975,0.8576029340081192,0.4418271213776264,0.31871089847087386
2022-10-25,1,3.4535724326315153e-13,0.937583774215001,0.0027694803727099674,0.059646745411943626,0.937583774215001,0.24489923226583862,0.1766574539537199
2022-10-26,1,4.6557667397925694e-10,0.8954835546879704,0.028807971598565144,0.07570847324788789,0.8954835546879704,0.3964319229023868,0.28596518461067466
2022-10-27,1,0.11756859249285302,0.44931619982352444,0.43136471053211356,0.0017504971515088803,0.44931619982352444,0.9849526648909116,0.7104931625742437
2022-10-28,2,0.06034320837477738,0.0838800913716721,0.855534103433719,0.00024259681983149545,0.855534103433719,0.5128194992958018,0.3699210742526073
2022-10-31,2,0.17679665994473842,0.007069351250488341,0.8161112334694292,2.275533534411908e-05,0.8161112334694292,0.5074334745439049,0.3660358786527738
2022-11-01,2,0.04069238660035137,0.004178439344037436,0.954935703315157,0.00019347074045415969,0.954935703315157,0.19886166718029663,0.14344837053196274
2022-11-02,2,0.012545635500568827,0.0009681355181622358,0.986433210713874,5.301826739495442e-05,0.986433210713874,0.07564488431416902,0.05456624973433549
2022-11-03,2,0.0714307350411861,0.004277865990621749,0.923946626241637,0.0003447727265551898,0.923946626241637,0.2876742306172491,0.20751309295152665
2022-11-04,2,7.995418204786576e-07,0.27892095247382476,0.7149667979876101,0.006111449996744756,0.7149667979876101,0.627183732532467,0.45241743032541004
2022-11-07,2,0.0010632635940477824,0.09695597879036308,0.901660716372778,0.00032004124281109016,0.901660716372778,0.329438727503286,0.23763980922288064
2022-11-08,2,0.12211957474248827,0.016677706035985684,0.8611264873180661,7.623190345994172e-05,0.8611264873180661,0.45453389956676693,0.3278769014104484
2022-11-09,2,0.0673609577388894,0.003938921988005336,0.9286531126523938,4.700762071157783e-05,0.9286531126523938,0.2727355261038505,0.19673709549213378
2022-11-10,3,8.996161365688253e-21,0.4765983080626271,2.3784521794991514e-05,0.5233779074155779,0.5233779074155779,0.6923131090271399,0.4993983445679375
2022-11-14,3,1.0549140735557044e-11,0.3659917677087123,0.2876819587430763,0.3463262735376624,0.3659917677087123,1.093532824163677,0.7888171912351198
2022-11-15,2,0.03387899124414168,0.2909555968955096,0.6624508617425214,0.012714550117827324,0.6624508617425214,0.8021906125488659,0.5786582092859643
2022-11-16,1,2.8635067216933123e-05,0.6881557551657665,0.3063495264679733,0.005466083299043305,0.6881557551657665,0.6483850633829586,0.46771095776453536
2022-11-17,2,0.1784553765407949,0.20263855411406645,0.6185881838242315,0.00031788552090708603,0.6185881838242315,0.9307089626674385,0.6713646024756125
2022-11-18,2,0.04571506934651641,0.03985665697623001,0.9143601841139339,6.808956331953153e-05,0.9143601841139339,0.3519992815949089,0.25391380897672644
2022-11-21,2,0.22455818764071123,0.0021231433606030492,0.7733014753062846,1.7193692401150283e-05,0.7733014753062846,0.5474661851853804,0.3949133752106736
2022-11-22,2,0.16507561924716935,0.0017750583406526744,0.833045620256537,0.00010370215564101285,0.833045620256537,0.4617235138868546,0.3330631118731958
2022-11-23,2,0.1251818714572224,0.0017302637286130559,0.8729653283566896,0.00012253645747508027,0.8729653283566896,0.39083423866754835,0.2819273089676428
2022-11-25,2,0.11018029248327026,0.0006232416007677885,0.8891690376336219,2.7428282340140016e-05,0.8891690376336219,0.35235457806331244,0.254170101203232
2022-11-28,2,0.0007106937898949105,0.0008561209638215176,0.9983103223363626,0.00012286290992100086,0.9983103223363626,0.013993438629109248,0.010094132257599983
2022-11-29,2,0.009556853465184303,0.0007619198690683184,0.9896390277292696,4.2198936477816156e-05,0.9896390277292696,0.06064663430982354,0.04374729928269444
2022-11-30,2,2.2662293741999295e-06,0.020814303497173038,0.9595070008759665,0.0196764293974863,0.9595070008759665,0.19758227439377646,0.14252548371773185
2022-12-01,2,2.619148435873987e-05,0.3093497087564183,0.6556611596703427,0.034962940088880394,0.6556611596703427,0.7572399831247802,0.5462331842084814
2022-12-02,2,0.024201325357696958,0.11287834814379283,0.8622667160953706,0.0006536104031394478,0.8622667160953706,0.4688721960911455,0.3382197960557066
2022-12-05,2,0.004517685760355283,0.08222996111128739,0.9126619593985597,0.0005903937297977472,0.9126619593985597,0.31762154361089345,0.2291155129234668
2022-12-06,2,2.418394148368588e-05,0.11340576859885758,0.8856265575879726,0.0009434898716860235,0.8856265575879726,0.36125722379891384,0.2605920026300037
2022-12-07,2,0.00020522899701423913,0.30286776019092265,0.6950952858007872,0.0018317250112758771,0.6950952858007872,0.6278608059838188,0.45290583558070147
2022-12-08,2,0.22557354338830857,0.014951648630160453,0.7594419204679809,3.288751355018767e-05,0.7594419204679809,0.6080605886980008,0.43862299793731474
2022-12-09,2,4.374040198716149e-05,0.11544142388771453,0.8837359401865214,0.0007788955237769351,0.8837359401865214,0.3644782812794716,0.2629155044568132
2022-12-12,2,0.10928324004740858,0.009509527143041922,0.8811608280451051,4.640476444436505e-05,0.8811608280451051,0.3981470057038347,0.2872023553368561
2022-12-13,2,0.029251242466966674,0.004426098159633467,0.9661621750365526,0.00016048433684733815,0.9661621750365526,0.16196196945899533,0.11683086507555115
2022-12-14,2,0.22026040665228724,0.0007902237756734255,0.7789158556142036,3.351395783578258e-05,0.7789158556142036,0.5338457469983615,0.3850883058971002
2022-12-15,2,0.07786892614292636,0.0006541492823108822,0.9214473184888813,2.9606085881567704e-05,0.9214473184888813,0.27926657044342995,0.2014482481324024
2022-12-16,2,0.22031608712429918,0.0006308456086805599,0.7790302758467171,2.279142030297748e-05,0.7790302758467171,0.532690400070728,0.3842548992555986
2022-12-19,2,0.015226894361612894,0.0023575284863354465,0.982295172011329,0.00012040514072272916,0.982295172011329,0.09661702293609271,0.06969444992767809
2022-12-20,2,2.0079243271124535e-06,0.03274009642580607,0.9641098073171989,0.003148088332667941,0.9641098073171989,0.1653441013184257,0.11927055750616754
2022-12-21,2,0.26731234878555554,0.002179741546429986,0.7304866230205553,2.1286647459118436e-05,0.7304866230205553,0.5956680414011373,0.4296836646727313
2022-12-22,2,0.050852619829675025,0.0010910581897253092,0.9479687605116282,8.756146897148084e-05,0.9479687605116282,0.2103942740860893,0.15176738792771718
2022-12-23,2,0.021289390107407356,0.0012380054243475254,0.9774091728023648,6.343166588030875e-05,0.9774091728023648,0.11318883118377643,0.08164848271642616
2022-12-27,2,0.000547461600781926,0.007284733876516097,0.9918875612201911,0.0002802433025109663,0.9918875612201911,0.050338621984256544,0.036311640150935534
2022-12-28,2,0.14573757238531412,0.0008983609580204072,0.8533506831316015,1.3383525064012723e-05,0.8533506831316015,0.4224634367301002,0.3047429525637119
2022-12-29,2,0.012612927982440805,0.0009117046699972547,0.9863756675782615,9.969976930051169e-05,0.9863756675782615,0.07598852516885687,0.054814134212787996
2022-12-30,2,0.3846654621352912,0.00015718326755733575,0.6151689972787057,8.357318445854258e-06,0.6151689972787057,0.6678614506948176,0.48176020145916115
2023-01-03,2,0.1867020846912164,0.001244841022368935,0.8118694292758375,0.00018364501057719737,0.8118694292758375,0.49244371804429066,0.35522305496971057
2023-01-04,2,0.04930136475050317,0.0030485723537073796,0.9473507232916993,0.00029933960408998846,0.9473507232916993,0.21971519012937507,0.15849100760381257
2023-01-05,2,0.14532335186140088,0.0002352509713706428,0.8544264935096348,1.4903657593558892e-05,0.8544264935096348,0.416852415987232,0.3006954566636814
2023-01-06,2,0.0013685519592530136,0.008086296872584229,0.9895671902976124,0.0009779608705503449,0.9895671902976124,0.06513615858290754,0.0469858064850589
2023-01-09,2,0.25744200477660606,0.0007733243401250777,0.7417628048866142,2.1865996654695234e-05,0.7417628048866142,0.576697724538383,0.4159994736417373
2023-01-10,2,0.005336975259425217,0.001156491734092529,0.9934541661132096,5.236689327267622e-05,0.9934541661132096,0.042790079210433055,0.03086651753806885
2023-01-11,2,0.005199826860536884,0.004951346971560284,0.9893752129400626,0.0004736132278402402,0.9893752129400626,0.06782249728906614,0.048923590249820445
2023-01-12,2,0.03283815911441057,0.004187210951859945,0.9627508290215395,0.00022380091218992398,0.9627508290215395,0.17353616934740596,0.12517988546618497
2023-01-13,2,0.07209667268549386,0.0009314116909858672,0.9269361359039031,3.577971961717278e-05,0.9269361359039031,0.2667897074925285,0.192448093979844
2023-01-17,2,0.18902171923850672,0.00030724459323744466,0.8106597879089543,1.124825930156976e-05,0.8106597879089543,0.4876661663097071,0.3517767798721735
2023-01-18,2,5.534354228557822e-05,0.00406794871567967,0.9943658627343241,0.0015108450077106173,0.9943658627343241,0.038366276059195896,0.027675418103989442
2023-01-19,2,3.2527199488199155e-05,0.011384388894566387,0.9878841358539209,0.0006989480520244713,0.9878841358539209,0.06840776904814647,0.04934577458201922
2023-01-20,2,0.0053393200054124845,0.0033418537845705176,0.9912644468377739,5.4379372243095935e-05,0.9912644468377739,0.05622277204959661,0.04055615721049183
2023-01-23,2,0.3156202080126005,0.00025453242823998104,0.6841181213170083,7.138242151229157e-06,0.6841181213170083,0.6258774126274903,0.45147511970104787
2023-01-24,2,0.4056357474625621,0.0003558639407491556,0.5939835411087618,2.4847487926951614e-05,0.5939835411087618,0.6785025710471525,0.48943614724006923
2023-01-25,0,0.9031561904918273,1.6234428802662863e-05,0.09682674033546856,8.347439013257537e-07,0.9031561904918273,0.3182601858207904,0.22957619589802716
2023-01-26,0,0.9587213853409043,6.115054924330932e-06,0.04127220809696689,2.915072044307197e-07,0.9587213853409043,0.1720503628469099,0.12410810263119183
2023-01-27,0,0.994742384446686,4.1577779439764785e-07,0.005257177426693825,2.2348825914937634e-08,0.994742384446686,0.03284078636376506,0.02368961981294887
2023-01-30,0,0.9901839225784147,2.893744357812043e-07,0.009815771484261507,1.656288791130975e-08,0.9901839225784147,0.05515821393064769,0.03978824085101898
2023-01-31,2,0.03064836263391798,0.0004010010894344973,0.9688937737631721,5.686251347549073e-05,0.9688937737631721,0.1411245433418343,0.10179983941349197
2023-02-01,2,0.31136407293123547,0.0009127612273007043,0.6876403175165362,8.284832492768333e-05,0.6876403175165362,0.6279783231262644,0.4529906062800144
2023-02-02,2,0.0015146452018431748,0.0001702018758265489,0.9982067418221561,0.000108411100174169,0.9982067418221561,0.01409244458137594,0.010165549955776806
2023-02-03,2,0.10602424365480669,0.002254755989300918,0.8915718900915317,0.00014911026436071183,0.8915718900915317,0.35530855321201793,0.2563009438522053
2023-02-06,2,0.0742033491723287,0.0002612064373541673,0.9255007018672594,3.47425230576701e-05,0.9255007018672594,0.26716325335106167,0.19271755035866922
2023-02-07,2,0.0037388535959108093,0.0004808929891106966,0.9956654606614279,0.00011479275355068787,0.9956654606614279,0.02993689716090119,0.021594906536817518
2023-02-08,2,0.12300933293658357,0.0001821445652621002,0.8767927848047806,1.5737693373666414e-05,0.8767927848047806,0.374792633843226,0.2703557371036676
2023-02-09,2,0.07749257228437767,0.0004491832522717357,0.9220279264155601,3.031804779049091e-05,0.9220279264155601,0.2768206995571051,0.1996839252332246
2023-02-10,2,0.0041526866528803896,0.00014973232479604127,0.9956329080115189,6.467301080461485e-05,0.9956329080115189,0.029073363486490946,0.020971998661961377
2023-02-13,2,0.04642041027665964,0.0006777382450948603,0.9528406013810279,6.12500972177201e-05,0.9528406013810279,0.19408033906437577,0.13999937135111176
2023-02-14,0,0.6187431392701436,8.696638510601272e-05,0.38116535808464325,4.536260107102062e-06,0.6187431392701436,0.665548272934336,0.4800915964172905
2023-02-15,2,0.18425212356360526,0.0005010227017251953,0.8152099565408227,3.689719384690095e-05,0.8152099565408227,0.4823923265498389,0.34797250863817103
2023-02-16,2,0.008012854423589332,0.002940960262982298,0.9889417802413479,0.00010440507208041296,0.9889417802413479,0.06777258054613076,0.04888758293107535
2023-02-17,2,0.08247159347380803,0.00043498686239716355,0.9170702543510681,2.3165312726571875e-05,0.9170702543510681,0.28879747203274686,0.2083233403614565
2023-02-21,2,0.0001370830375740281,0.009802344895702007,0.9890503324181819,0.0010102396485420905,0.9890503324181819,0.06441419468857745,0.04646501962003345
2023-02-22,2,0.1094028426580928,0.002322216494292656,0.8882145784526935,6.036239492111199e-05,0.8882145784526935,0.3620395613756892,0.26115633990116116
2023-02-23,2,0.24154248585203328,0.000333185405452015,0.7581015176630788,2.2811079436030252e-05,0.7581015176630788,0.5560204620222619,0.4010839815961537
2023-02-24,2,0.32071147346759526,0.00047520526707347794,0.678791501375533,2.1819889798131727e-05,0.678791501375533,0.631579567056595,0.45558835465967407
2023-02-27,0,0.9182491677689403,1.4220114679577811e-05,0.08173593017274829,6.819436318674542e-07,0.9182491677689403,0.2831707998844671,0.20426455435894086
2023-02-28,0,0.9347771734035585,6.405488708109384e-06,0.06521578414433954,6.369633939085412e-07,0.9347771734035585,0.2411762876351087,0.1739719170755908
2023-03-01,0,0.9672493652737189,5.451674022746471e-06,0.03274476035794735,4.226943109006076e-07,0.9672493652737189,0.1442353949489198,0.10404384450673382
2023-03-02,2,0.022296751801938713,0.00013053576647666259,0.9775435720592753,2.9140372309301175e-05,0.9775435720592753,0.1084757459651653,0.07824871038033748
2023-03-03,2,0.0019020950143602792,0.013821794595557031,0.982207860772513,0.0020682496175697643,0.982207860772513,0.10151124794491206,0.07322488700228731
2023-03-06,2,0.021060868232921318,0.0014448358172729685,0.9774637363528859,3.05595969197229e-05,0.9774637363528859,0.11334904541149121,0.08176405285232814
2023-03-07,2,0.0029664830849450504,0.008441080929285291,0.9877075216644972,0.0008849143212725625,0.9877075216644972,0.07600679693409179,0.05482731450533435
2023-03-08,2,0.18449600927444348,0.0017458125945948972,0.8137093854096906,4.879272127093345e-05,0.8137093854096906,0.49114083872132486,0.3542832262006508
2023-03-09,2,0.2903739803531862,0.00039291055948914463,0.7092202635485745,1.2845538750119752e-05,0.7092202635485745,0.6059785074432343,0.437121093786825
2023-03-10,2,1.0868057505703128e-06,0.051565008200985085,0.9360679990058379,0.012365905987426509,0.9360679990058379,0.26906508715439936,0.19408943345700436
2023-03-13,2,0.002593750312758423,0.022393774268017065,0.9747340647741569,0.00027841064506765016,0.9747340647741569,0.1277414179371037,0.092145955086992
2023-03-14,2,9.484475374643262e-06,0.023976104103809657,0.9756579302089912,0.0003564812118245168,0.9756579302089912,0.11643084423771552,0.08398710079413377
2023-03-15,2,1.2861308503900351e-05,0.11289958541675013,0.8842746118704012,0.002812941404344817,0.8842746118704012,0.37168449552590316,0.2681136892352683
2023-03-16,2,2.7255996875427806e-05,0.2569775297438886,0.7414218783572583,0.0015733359019776912,0.7414218783572583,0.5814368056962036,0.4194179980841164
2023-03-17,2,2.272354498040856e-05,0.3870481460353769,0.611203368472459,0.001725761947183598,0.611203368472459,0.6795219261055452,0.4901714564838934
2023-03-20,2,0.0028299759564015853,0.0628935115402,0.9340154852430315,0.0002610272603670521,0.9340154852430315,0.25649965565223143,0.18502539059960052
2023-03-21,2,0.0022262854811600785,0.015582205808518488,0.9821449017411535,4.660696916796491e-05,0.9821449017411535,0.09660375535926662,0.06968487939403228
2023-03-22,2,0.0013778121560780693,0.009304984253700776,0.9889497677760517,0.000367435814169498,0.9889497677760517,0.06649231250345511,0.04796406475298695
2023-03-23,2,0.13216311756886098,0.0006900243472283919,0.8671330608932164,1.3797190694230665e-05,0.8671330608932164,0.39625882600788026,0.28584032159502576
2023-03-24,2,0.5125669136577815,0.00021868838272506887,0.48720105172291917,1.3346236574233841e-05,0.5125669136577815,0.6948894089597242,0.5012567521362284
2023-03-27,2,0.00541246765033007,0.007093277170157771,0.9872433288964392,0.00025092628307307556,0.9872433288964392,0.07810501066436869,0.056340855777032156
2023-03-28,2,0.13292010756168376,0.00042830733402386277,0.8666362019976249,1.53831066675765e-05,0.8666362019976249,0.3957728361997671,0.285489754051982
2023-03-29,2,0.27251358019072414,0.00023365742925442477,0.7272410734118051,1.1688968216380525e-05,0.7272410734118051,0.5879966656330403,0.42414993678401663
2023-03-30,0,0.7400405997278573,6.926420281326326e-05,0.25988608342703634,4.052642293063011e-06,0.7400405997278573,0.5737026804603795,0.4138390060224476
2023-03-31,2,0.23415039363753423,0.001230431032422345,0.7644878210382843,0.00013135429175917387,0.7644878210382843,0.5546585324203148,0.4001015570547693
2023-04-03,0,0.7484612855969814,9.51382561044481e-05,0.2514386106247283,4.965522185641084e-06,0.7484612855969814,0.5649228560550716,0.4075057014577408
2023-04-04,0,0.9628932364073146,6.4585958644332494e-06,0.03709996548152175,3.3951529912025296e-07,0.9628932364073146,0.15870432086455427,0.11448096833947165
2023-04-05,0,0.9352466806349076,8.701132521529439e-06,0.06474384500092617,7.732316447156795e-07,0.9352466806349076,0.23994671874168938,0.1730849706031071
2023-04-06,0,0.9904797742724472,7.942253045751693e-07,0.009519384167259136,4.733498899834613e-08,0.9904797742724472,0.05379397864105689,0.038804153107569794
2023-04-10,0,0.9589513055955815,3.6780281282305104e-06,0.04104485010900128,1.662672889923745e-07,0.9589513055955815,0.17130294191939954,0.12356895239840393
2023-04-11,0,0.9941729707456926,3.5018110869776803e-07,0.005826657520636428,2.155256221640181e-08,0.9941729707456926,0.0357955743913266,0.025821048830069433
2023-04-12,0,0.9929778632717147,1.1790995632596491e-07,0.00702201282491223,5.9934167346757214e-09,0.9929778632717147,0.0418195108782417,0.03016640047822068
2023-04-13,0,0.9683541412856344,8.563581796498619e-07,0.03164495905508729,4.3301098726758e-08,0.9683541412856344,0.1404280855602904,0.10129745131968101
2023-04-14,0,0.9779718695310967,2.408922050354472e-06,0.022025618827689476,1.0271916355308913e-07,0.9779718695310967,0.1058563534639459,0.076359218094512
2023-04-17,0,0.9545219567624689,3.3711131570823405e-06,0.04547447602626852,1.9609810541157693e-07,0.9545219567624689,0.18501698044152387,0.13346154008161842
2023-04-18,0,0.9716727889549378,2.702237381860935e-06,0.028324321767391785,1.8704028855145254e-07,0.9716727889549378,0.12890855436024348,0.09298786605184432
2023-04-19,0,0.9705156979746542,2.429145281316359e-06,0.02948168591324225,1.8696682239362426e-07,0.9705156979746542,0.1329726535986745,0.09591949396032684
2023-04-20,0,0.985034426416633,1.4172806447729483e-06,0.014964074533505515,8.176921672747443e-08,0.985034426416633,0.0777540293629465,0.05608767628552888
2023-04-21,0,0.993447959650047,2.6512696599139986e-07,0.0065517635752949666,1.164769191796212e-08,0.993447959650047,0.0394771612728951,0.0284767523983898
2023-04-24,0,0.9896668514284003,1.9445959043446885e-07,0.010332935231409063,1.8880600328153395e-08,0.9896668514284003,0.05752942577698075,0.04149870863681992
2023-04-25,0,0.7530119958502367,3.429512012234752e-05,0.24695091156745752,2.797462183271091e-06,0.7530119958502367,0.559375432195012,0.4035040810114322
2023-04-26,0,0.6920219209154318,0.00019417760301511543,0.30777445816328797,9.443318265063452e-06,0.6920219209154318,0.6192059086185168,0.4466626468265394
2023-04-27,0,0.5011468602742609,0.00015028312368313448,0.49869435501352866,8.501588527243733e-06,0.5011468602742609,0.6946150826209859,0.501058867511987
2023-04-28,2,0.010117440354449947,0.008550434230046325,0.9800675124318351,0.0012646129836686388,0.9800675124318351,0.11536088710940524,0.08321528987264525
2023-05-01,2,6.093418816477637e-08,0.4105691988194185,0.5788760731659301,0.010554667080463187,0.5788760731659301,0.7299827745886482,0.5265712644167044
2023-05-02,1,2.981880648654472e-05,0.7315277067034089,0.26575313281494456,0.0026893416751599874,0.7315277067034089,0.5970905289492668,0.4307097725384377
2023-05-03,2,0.29403853192294277,0.1403027680459444,0.5655044724079327,0.0001542276231802735,0.5655044724079327,0.9591764001665661,0.6918995179290165
2023-05-04,2,0.019891241411645954,0.06456045214712247,0.9154252109959925,0.00012309544523906934,0.9154252109959925,0.33683018495476574,0.24297161872797646
2023-05-05,2,0.03824058374773411,0.009372897122478994,0.952318084795611,6.843433417596037e-05,0.952318084795611,0.21576551584469536,0.15564191985199552
2023-05-08,2,0.09136160861499071,0.002140648361216875,0.9064640136583945,3.372936539807421e-05,0.9064640136583945,0.3211453967673668,0.23165743566029934
2023-05-09,0,0.7369264844252171,7.055697506508208e-05,0.2630008565659869,2.102033730910393e-06,0.7369264844252171,0.576924796324475,0.4161632713115977
2023-05-10,2,0.13729694269096857,0.0007374884362378851,0.8619131906648418,5.237820795164724e-05,0.8619131906648418,0.4065342496289939,0.2932524729456327
2023-05-11,2,0.3093593504077258,0.0004083799159210425,0.6901971805195264,3.5089156826693676e-05,0.6901971805195264,0.6224129388581326,0.4489760301378768
2023-05-12,0,0.8194592932221847,4.896057657206314e-05,0.18048967017401868,2.0760272245048585e-06,0.8194592932221847,0.47268913547113484,0.3409731358131488
2023-05-15,2,0.4105495317443396,8.53526720503512e-05,0.5893486947728578,1.642081075222665e-05,0.5893486947728578,0.6780864566082292,0.4891359841213308
2023-05-16,2,0.726049870881223,7.563876246277848e-05,0.2738704002469333,4.090109380892045e-06,0.726049870881223,0.5878932720557828,0.42407535408343205
2023-05-17,0,0.8969666609345758,1.7545605354721417e-05,0.10301440760298827,1.3858570812773e-06,0.8969666609345758,0.33188397056254054,0.239403679240558
2023-05-18,0,0.9736394167656367,4.007216645278519e-06,0.02635633873758112,2.3728013689803006e-07,0.9736394167656367,0.12189634060582843,0.08792962304727034
2023-05-19,0,0.981056803595563,1.543449900630171e-06,0.0189415904615569,6.249297950674603e-08,0.981056803595563,0.09391415445386826,0.06774474244993794
2023-05-22,0,0.9878913978274265,5.37976328649677e-07,0.01210803762680094,2.6569443933510515e-08,0.9878913978274265,0.06548671985711793,0.047238682990974425
2023-05-23,0,0.987563051113548,3.563901021544439e-07,0.012436569266019189,2.323033066504903e-08,0.987563051113548,0.06692563444713687,0.04827664046261597
2023-05-24,0,0.9924525761432541,2.98036147543631e-07,0.007547108536784535,1.728381385525389e-08,0.9924525761432541,0.04440328822875098,0.032030201863391165
2023-05-25,0,0.9907544247057382,3.310895916852801e-07,0.009245212876592811,3.132807745045644e-08,0.9907544247057382,0.05250951972204345,0.03787761185122666
2023-05-26,0,0.8140970822303445,1.1035326762296747e-05,0.1858907146983889,1.1677445043310983e-06,0.8140970822303445,0.4803608987588302,0.3465071432381649
2023-05-30,0,0.8004602056334511,0.00022227499626849148,0.19929054818081973,2.6971189460551912e-05,0.8004602056334511,0.5017645950540518,0.3619466464890697
2023-05-31,0,0.8862489262440574,5.379529173854553e-05,0.1136943432784059,2.9351857982771367e-06,0.8862489262440574,0.3547863174345617,0.2559242303690499
2023-06-01,0,0.9320909686157792,1.3114211761141977e-05,0.06789493479749346,9.823749660822896e-07,0.9320909686157792,0.24833356465069364,0.17913480110391725
2023-06-02,0,0.6786288323020013,8.55314030310403e-05,0.3212791949082495,6.441386718118096e-06,0.6786288323020013,0.6287643773602482,0.45355762455263343
2023-06-05,0,0.9555545513913977,7.840896577356002e-06,0.044437254184201164,3.5352782384466804e-07,0.9555545513913977,0.18190347408736743,0.13121561999315953
2023-06-06,0,0.9787721655137438,2.4150557945216574e-06,0.021225252045887804,1.6738457388248085e-07,0.9787721655137438,0.10280639505882383,0.07415913816151838
2023-06-07,0,0.8338968969988535,3.869549049062228e-05,0.16606272858290222,1.6789277537307708e-06,0.8338968969988535,0.45003639850071375,0.32463264016825455
2023-06-08,0,0.8332512928136577,3.8012845378600545e-05,0.16670702343752114,3.670903442477646e-06,0.8332512928136577,0.45109305620459206,0.3253948575829057
2023-06-09,0,0.9469569671954089,9.069748939326288e-06,0.053033301365790105,6.616898617870756e-07,0.9469569671954089,0.20747548420948259,0.14966192608752849
2023-06-12,0,0.9895997179849464,1.204098617957348e-06,0.010398996958454712,8.095798096493645e-08,0.9895997179849464,0.05784604187046218,0.041727098870785566
2023-06-13,0,0.9799563770057332,1.4974866362825626e-06,0.020042046983227074,7.852440337499164e-08,0.9799563770057332,0.09822562013825761,0.07085480753085369
2023-06-14,0,0.9918910733936449,4.96247964196446e-07,0.008108398540413385,3.1817977508286773e-08,0.9918910733936449,0.04712447536748785,0.03399312345858442
2023-06-15,0,0.7888134940627576,1.3138481036116846e-05,0.21117072445806923,2.6429981371812e-06,0.7888134940627576,0.515697327575775,0.37199698854663094
2023-06-16,0,0.9629541036024146,8.245990009802668e-06,0.037037103168407894,5.472391678200108e-07,0.9629541036024146,0.15852366299949586,0.11435065123646297
2023-06-20,0,0.9858386144884448,1.5986240904937029e-06,0.014159700454382218,8.643308248340447e-08,0.9858386144884448,0.07436625435934902,0.05364391318686004
2023-06-21,0,0.9931794822612083,2.9581158916376016e-07,0.006820199359236928,2.2567965591228222e-08,0.9931794822612083,0.04082029381547246,0.02944561772760627
2023-06-22,0,0.8495035342381793,1.3814240851148589e-05,0.15048164939064887,1.0021303206522727e-06,0.8495035342381793,0.42372446984899653,0.3056525956772262
2023-06-23,0,0.9432848260662374,1.4960065276505744e-05,0.05669930346653085,9.104019553183134e-07,0.9432848260662374,0.21798106603699938,0.15724010148963433
2023-06-26,0,0.9914496071318569,7.575518279268104e-07,0.00854959809298818,3.722332690380624e-08,0.9914496071318569,0.049237129943264665,0.03551708159837671
2023-06-27,0,0.9905217132711649,2.909811002991162e-07,0.009477973406576502,2.2341158285936312e-08,0.9905217132711649,0.05359383609680336,0.038659780779537065
2023-06-28,0,0.9894627932355833,2.6663665025805307e-07,0.010536923635171686,1.6492594903959127e-08,0.9894627932355833,0.05845906596654953,0.04216930228247089
2023-06-29,0,0.8836275467526334,1.6796638457402584e-05,0.11635492492527667,7.316836324633039e-07,0.8836275467526334,0.3598093299062119,0.25954756796063644
2023-06-30,0,0.7500796468246786,0.00012827590614207206,0.24978012383499038,1.1953434188829842e-05,0.7500796468246786,0.563478381343784,0.4064637332064087
2023-07-03,0,0.9438778134867881,1.1901021787332917e-05,0.05610976639220294,5.190992216371147e-07,0.9438778134867881,0.21628059401433447,0.15601347021249978
2023-07-05,0,0.9797477374056487,4.08926925705901e-06,0.02024796151461844,2.1181047581459065e-07,0.9797477374056487,0.0990607770087336,0.0714572458685537
2023-07-06,0,0.8693766162883998,2.0053577918481902e-05,0.1306012602374487,2.0698962330452134e-06,0.8693766162883998,0.38779112047216374,0.2797321632029826
2023-07-07,0,0.6770366210688235,4.0682703360418175e-05,0.3229185640369358,4.132190880501488e-06,0.6770366210688235,0.6295397005022335,0.4541169019786478
2023-07-10,0,0.9293752340628801,1.1770448034452557e-05,0.07061238034303197,6.151460535541801e-07,0.9293752340628801,0.25537398170616726,0.1842133884897782
2023-07-11,0,0.8769834141618811,3.925254594915506e-05,0.12297368917406021,3.644118109568943e-06,0.8769834141618811,0.37328942115914,0.2692713983613015
2023-07-12,0,0.9620780966808894,3.3992099287188425e-05,0.037885852547437565,2.0586723860041944e-06,0.9620780966808894,0.1615774362467356,0.11655348299635905
2023-07-13,0,0.9741498980774443,6.096011454956203e-06,0.02584358540127752,4.205098232892645e-07,0.9741498980774443,0.1200686557886642,0.08661122713625488
2023-07-14,0,0.9029754741290906,1.0228485173187197e-05,0.09701333049737496,9.668883612838958e-07,0.9029754741290906,0.3186115599810419,0.22982965877727285
2023-07-17,0,0.9729581779464788,4.435706013345479e-06,0.027037130890325885,2.554571820406526e-07,0.9729581779464788,0.12435015702888833,0.08969967743967053
2023-07-18,0,0.974777503395628,4.0421896025261745e-06,0.025218153577126028,3.008376435381053e-07,0.974777503395628,0.11776404325921451,0.08494880060255107
2023-07-19,0,0.9590791373627957,5.254358476435387e-06,0.04091514425525455,4.6402347332373906e-07,0.9590791373627957,0.17091782027437125,0.12329114585469327
2023-07-20,2,0.2061129098803283,0.0006368155607964327,0.7932062743776492,4.4000181226044905e-05,0.7932062743776492,0.5144119266412509,0.371069767769735
2023-07-21,0,0.8440028039091443,2.8568306508422e-05,0.15596730638140202,1.3214029451625248e-06,0.8440028039091443,0.43326346064592647,0.31253352303613435
2023-07-24,0,0.9769747409050913,3.6833239665622845e-06,0.02302134297404724,2.3279689487897438e-07,0.9769747409050913,0.10962892254625922,0.07908055144774423
2023-07-25,0,0.9879999798353987,5.996175219560759e-07,0.011999385376550938,3.517052845698491e-08,0.9879999798353987,0.0650090042905331,0.04689408405154073
2023-07-26,0,0.9875683627084082,5.059948882156724e-07,0.012431107247693396,2.4049010339899928e-08,0.9875683627084082,0.06690394505811442,0.04826099487562468
2023-07-27,2,0.18496570749534316,0.0003558717775123533,0.8146598201316401,1.8600595504272956e-05,0.8146598201316401,0.4821666424943753,0.3478097120043585
2023-07-28,2,0.5155986649228143,0.00011049124134497288,0.48428378427196556,7.059563875107486e-06,0.5155986649228143,0.693783168783528,0.5004587685281132
2023-07-31,0,0.9394159517120974,1.0355057379187205e-05,0.06057313864547111,5.545850523924003e-07,0.9394159517120974,0.22867870266140683,0.1649568151432667
2023-08-01,0,0.8856374685381257,5.449797892998073e-05,0.11430535415001959,2.6793329247994817e-06,0.8856374685381257,0.3560427471158336,0.2568305528042482
2023-08-02,2,0.25568938621042425,0.0008259345673947141,0.743431284798196,5.339442398505967e-05,0.743431284798196,0.5755074229435202,0.41514085253770194
2023-08-03,2,0.00129123482164261,0.007076353041601913,0.9913170593328486,0.00031535280390692727,0.9913170593328486,0.05481194720634399,0.039538462208030076
2023-08-04,2,0.13984232088303677,0.0018034870297732341,0.8582940792356536,6.0112851536456084e-05,0.8582940792356536,0.4182367412710503,0.30169403627465236
2023-08-07,2,0.09214732772139293,0.0008360788171477116,0.9069871422194911,2.9451241968176842e-05,0.9069871422194911,0.31449181959824435,0.22685789426726682
2023-08-08,2,0.07795431780213499,0.0009016947203294737,0.9210679772750476,7.601020248810721e-05,0.9210679772750476,0.28168521046594014,0.2031929281154879
2023-08-09,2,0.46302640728333677,0.00017672818586999877,0.5367859368879208,1.0927642872321157e-05,0.5367859368879208,0.6921334575808367,0.4992687534426024
2023-08-10,2,0.11074417769425578,0.0008773009067127225,0.8883358083520041,4.271304702749299e-05,0.8883358083520041,0.3554847119986323,0.2564280155561341
2023-08-11,2,0.5375276503084622,0.00011309220046592968,0.4623536973463773,5.5601446946382114e-06,0.5375276503084622,0.6914499978546261,0.4987757414637768
2023-08-14,2,0.20105943419655467,0.00012400803906492306,0.798801382608074,1.517515630645751e-05,0.798801382608074,0.5032593910581912,0.363024913880226
2023-08-15,2,0.1865553342341865,0.0001986300820857723,0.8132288883662935,1.714731743431689e-05,0.8132288883662935,0.48324193468003407,0.3485853713562368
2023-08-16,2,0.5906661177703264,0.00012285891129078016,0.4092055978984378,5.425419944883963e-06,0.5906661177703264,0.6778009231122614,0.4889300152420105
2023-08-17,0,0.8901641114507737,1.6477248563229598e-05,0.10981837343102932,1.0378696338743518e-06,0.8901641114507737,0.34634668443502803,0.24983632203137485
2023-08-18,0,0.9889332879136369,1.0654250701284867e-06,0.011065577700058562,6.896123442865266e-08,0.9889332879136369,0.06085947142640557,0.04390082880899944
2023-08-21,0,0.6571420354101016,2.784338253561163e-05,0.3428282465881899,1.8746191727704261e-06,0.6571420354101016,0.6432276473577435,0.46399066850284576
2023-08-22,0,0.9453126025764349,1.0341726166849398e-05,0.054676398507372756,6.571900254809012e-07,0.9453126025764349,0.21219936511114573,0.15306948586281824
2023-08-23,2,0.18869678850891902,0.004468514079158177,0.8062779939243381,0.0005567034875847002,0.8062779939243381,0.5166359805204207,0.37267408352080905
2023-08-24,2,0.1015945321656787,0.0006930934718101882,0.8976873176270199,2.5056735491130637e-05,0.8976873176270199,0.3345206464023962,0.24130563881985373
2023-08-25,2,0.4967172012093346,0.0001244273811779822,0.5031498167693805,8.554640106866129e-06,0.5031498167693805,0.6943859345390325,0.5008935721112553
2023-08-28,0,0.7431987913227498,5.373123317903754e-05,0.256744620363679,2.8570803921456627e-06,0.7431987913227498,0.5702288046788024,0.4113331343410748
2023-08-29,0,0.860171365117406,6.21364730481877e-05,0.13976199397452155,4.504435024329071e-06,0.860171365117406,0.40524512206585245,0.29232256397442397
2023-08-30,0,0.9864089651751496,1.7642414771773903e-06,0.013589181249612562,8.93337606178116e-08,0.9864089651751496,0.07193591916886492,0.051890796923355374
2023-08-31,0,0.9957187105368144,1.284908613248357e-07,0.004281152988774451,7.983549755804781e-09,0.9957187105368144,0.027621708055417867,0.019924850616217044
2023-09-01,0,0.9289618451234984,4.169545069712943e-06,0.07103379613388308,1.8919754899067406e-07,0.9289618451234984,0.25636350257509627,0.1849271769150082
2023-09-05,0,0.5403285494468973,0.00019342957706874837,0.45946224189743423,1.5779078599627724e-05,0.5403285494468973,0.691765820592308,0.4990035594125035
2023-09-06,0,0.8057243662418834,4.507401583708401e-05,0.19422708884368395,3.4708985955995182e-06,0.8057243662418834,0.4928273184707831,0.3554997641862023
2023-09-07,0,0.9424140818631317,1.1743011483249025e-05,0.05757361455877671,5.605666083708209e-07,0.9424140818631317,0.2203913246629161,0.1589787355730693
2023-09-08,0,0.9943260958638421,4.858088756327582e-07,0.005673392364545169,2.596273696370924e-08,0.9943260958638421,0.03500789690037958,0.025252859625064867
2023-09-11,0,0.9760441085960972,4.381924965704857e-07,0.023955427837499696,2.5373906634957244e-08,0.9760441085960972,0.11306461370951067,0.08155887874936868
2023-09-12,0,0.9861542189288603,8.240828735110313e-07,0.01384489673100625,6.025725989387868e-08,0.9861542189288603,0.07301595228226275,0.052669876131702834
2023-09-13,0,0.9965076670088778,9.814723612700406e-08,0.0034922298307696314,5.0131164304465735e-09,0.9965076670088778,0.023244201650827842,0.016767147225536193
2023-09-14,0,0.9805315691825772,3.2826338560535677e-07,0.019468087988806348,1.4565230949407353e-08,0.9805315691825772,0.0959672258830315,0.06922572043466026
2023-09-15,0,0.9847560151765011,1.0128603283724482e-06,0.015242925664955428,4.6298215071854534e-08,0.9847560151765011,0.07891287256960845,0.056923604959238414
2023-09-18,0,0.9875456211449171,3.8629732749747913e-07,0.012453961908699587,3.0649055838203244e-08,0.9875456211449171,0.06700227965665434,0.048331928294455345
2023-09-19,0,0.9939987592092053,2.1926277902050359e-07,0.006001011838725018,9.68929078687302e-09,0.9939987592092053,0.03668687745586561,0.026463988085639212
2023-09-20,0,0.9802914459697671,5.22319281083519e-07,0.019707994652291113,3.705866055686761e-08,0.9802914459697671,0.09690923299917814,0.0699052349321337
2023-09-21,2,5.0680849184332074e-05,0.03222999593880139,0.9655136965127766,0.002205626699237695,0.9655136965127766,0.1585826294597489,0.1143931865463559
2023-09-22,2,0.0814833872138383,0.002548302588496586,0.9159408008411115,2.7509356553667458e-05,0.9159408008411115,0.3002388917751582,0.21657658012300948
2023-09-25,2,0.00014827953041471497,0.014124416947251526,0.9854100753331851,0.00031722818914855453,0.9854100753331851,0.0785137202686217,0.05663567743664191
2023-09-26,2,0.30171532492252856,0.0006874542496037446,0.6975880512683437,9.169559524131305e-06,0.6975880512683437,0.6178695535203097,0.4456986703900144
2023-09-27,0,0.5483834902366164,0.00014408050059824704,0.4514640484454785,8.380817306855902e-06,0.5483834902366164,0.6898615428112006,0.49762991335686424
2023-09-28,2,0.009393354542880093,0.00014074169595542738,0.9904052968569319,6.060690423247587e-05,0.9904052968569319,0.055231122462932124,0.0398408332400016
2023-09-29,2,0.19049463419291612,0.00015110190164025478,0.809338875768237,1.538813720669331e-05,0.809338875768237,0.48857054065459954,0.35242914806341524
2023-10-02,2,0.16097889051981693,0.0005944648351826474,0.8383846552350784,4.1989409921994346e-05,0.8383846552350784,0.4466528151034015,0.32219190067438624
2023-10-03,2,0.0008030955287341066,0.008580469091219161,0.9899366112929726,0.000679824087074187,0.9899366112929726,0.06152285081024215,0.044379355882643946
2023-10-04,2,0.00021336793894818052,0.016468456702664554,0.9823502920546763,0.000967883303711048,0.9823502920546763,0.09363857736502848,0.06754595560021207
2023-10-05,2,0.24739248438122688,0.0010661184871045232,0.7515314696076094,9.927524059230963e-06,0.7515314696076094,0.5676323694377216,0.40946020221792645
2023-10-06,2,0.2168234732743294,0.00033415857834152466,0.7828269678532731,1.5400294056008447e-05,0.7828269678532731,0.5259673076127996,0.379405213181353
2023-10-10,2,0.06844173683363769,0.006321878379073038,0.9244290874175837,0.0008072973697057222,0.9244290874175837,0.29394758426650797,0.21203836105129087
2023-10-11,2,0.000771032974921635,0.013761922003845186,0.9845967136894335,0.0008703313317996025,0.9845967136894335,0.08592507507858223,0.06198183985194122
2023-10-12,2,4.1920994482905964e-06,0.24864561191213264,0.7490442522649243,0.0023059437234946327,0.7490442522649243,0.5765426736163676,0.41588762804359886
2023-10-13,2,0.0035622758943116566,0.10649042327048945,0.8880617717041293,0.00188552913106975,0.8880617717041293,0.37584273936020385,0.27111322811454464
2023-10-16,2,0.0033121809824602673,0.042449219477533356,0.9540985412210091,0.0001400583189972092,0.9540985412210091,0.19910338205709602,0.14362273095899653
2023-10-17,2,0.08606852299595284,0.006761776956267802,0.9071269928961387,4.270715164084314e-05,0.9071269928961387,0.3337275767683315,0.24073356000578133
2023-10-18,2,0.07031268880749306,0.0011038288534237063,0.9285370559515551,4.642638752796582e-05,0.9285370559515551,0.2634918714009147,0.19006920809232605
2023-10-19,2,3.3097203384504137e-06,0.06834565449411088,0.9276712573125151,0.003979778473035626,0.9276712573125151,0.27506720467940615,0.19841904605108437
2023-10-20,2,0.32122483274516067,0.0027708862650042926,0.6759901044570454,1.4176532789525215e-05,0.6759901044570454,0.645964356618256,0.4659647869420939
2023-10-23,2,0.004910257646265808,0.006878671561710401,0.9878890403492323,0.00032203044279144176,0.9878890403492323,0.07498293656917972,0.05408875536982364
2023-10-24,2,0.007833226991968955,0.002001724241246444,0.9899686918197583,0.00019635694702634874,0.9899686918197583,0.06208135190754592,0.04478222926434954
2023-10-25,2,1.322638916682671e-05,0.04582782386271261,0.9527380078514777,0.0014209418966430055,0.9527380078514777,0.19687295318053935,0.1420138166193646
2023-10-26,2,0.017742078608271622,0.011861059044200732,0.9703054178121554,9.14445353722808e-05,0.9703054178121554,0.15423028309687856,0.11125363228938381
2023-10-27,2,0.3611562815409128,0.0006898554347659167,0.6381444778377853,9.385186535949096e-06,0.6381444778377853,0.6595962327605687,0.47579810699635744
2023-10-30,2,0.5571673774496294,0.0001473627556478918,0.4426740583887983,1.120140592434772e-05,0.5571673774496294,0.688053836681985,0.4963259290228623
2023-10-31,0,0.9067313965691454,1.6497985745861102e-05,0.09325125024746646,8.551976422977609e-07,0.9067313965691454,0.310205466598956,0.2237659441594804
2023-11-01,2,0.3996551025314242,0.0012044279551291913,0.5990054372369495,0.00013503227649698348,0.5990054372369495,0.6828250806677046,0.49255417883695196
2023-11-02,2,4.086022285988699e-06,0.08588662153760182,0.862628500745053,0.05148079169505916,0.862628500745053,0.4910706987480827,0.3542326309048685
2023-11-03,2,0.21211223398468507,0.010660979740004257,0.7769860090017835,0.00024077727352724224,0.7769860090017835,0.5753881561046751,0.41505481969922975
2023-11-06,0,0.650073107294796,0.0003501829128163197,0.3495715493981935,5.160394194201881e-06,0.650073107294796,0.6502326622134771,0.46904371859970595
2023-11-07,2,0.2969903748376283,0.0017415389981502714,0.7011419110015004,0.0001261751627210315,0.7011419110015004,0.6216964757294542,0.4484592112365147
2023-11-08,2,0.02639851547884551,0.005599704469522972,0.9676369988801845,0.00036478117144696383,0.9676369988801845,0.1596999805459688,0.11519918498186656
2023-11-09,2,0.0019385546857892757,0.01721440069578789,0.9805540614442955,0.00029298317412733345,0.9805540614442955,0.10367206237991508,0.07478358513711737
2023-11-10,2,0.004797501687972649,0.003028502471453975,0.9921087562765878,6.523956398568447e-05,0.9921087562765878,0.05167016252831224,0.03727214362076141
2023-11-13,2,0.0534927376858915,0.00027966290942849043,0.9462091772014187,1.8422203261303162e-05,0.9462091772014187,0.2114443905559241,0.15252488683941043
2023-11-14,2,6.398248763636312e-05,0.03569547259923541,0.9584341083197561,0.0058064365933721464,0.9584341083197561,0.19016721364412922,0.13717664803202864
2023-11-15,2,0.07791226626638961,0.005605851397304963,0.9164349190543413,4.6963281964023186e-05,0.9164349190543413,0.3083459418109626,0.2224245805644563
2023-11-16,2,0.25833547550638136,0.0024191844538634286,0.7391569219702381,8.841806951705522e-05,0.7391569219702381,0.5884618046117943,0.42448546363300294
2023-11-17,0,0.7295722707444162,0.00014389037252978283,0.2702779949352593,5.843947794682234e-06,0.7295722707444162,0.5849810235275352,0.42197461082866256
2023-11-20,0,0.9602500013730443,8.627905486358381e-06,0.03974077917777856,5.915436906497681e-07,0.9602500013730443,0.1672373876051302,0.12063627487457337
2023-11-21,0,0.8987602275270328,9.375223321780064e-06,0.10122946341914262,9.338305028742514e-07,0.8987602275270328,0.3279067284643217,0.2365347055148004
2023-11-22,0,0.9879300986538053,1.5839553351322302e-06,0.012068228473994767,8.891686479305143e-08,0.9879300986538053,0.06532688920149049,0.04712338954384655
2023-11-24,0,0.9589025302137733,3.3263234839293683e-06,0.04109400430970983,1.3915303286821312e-07,0.9589025302137733,0.1714529767281839,0.12367717963570089
2023-11-27,0,0.4834498500082565,0.0003735548803435585,0.5161419435817995,3.465152960042182e-05,0.5161419435817995,0.6960417950897174,0.5020880230136937
2023-11-28,0,0.913892359379058,1.5925773836789295e-05,0.08609072843188187,9.86415223386332e-07,0.913892359379058,0.2936036239631803,0.21179024613935413
2023-11-29,0,0.6227580678924844,0.00017166667716297406,0.37704738877843225,2.2876651920336788e-05,0.6227580678924844,0.6644353878690928,0.47928881953493757
2023-11-30,0,0.7252519761777549,0.00013856008981190772,0.274603388554913,6.075177520072968e-06,0.7252519761777549,0.5891860622324384,0.42500790507181757
2023-12-01,0,0.3208956057702685,0.0013051898906807917,0.6776995483157228,9.965602332791902e-05,0.6776995483157228,0.6379889479582888,0.46021174568069506
2023-12-04,0,0.5753275320336424,0.00013891499250561423,0.4245253680421044,8.184931747488788e-06,0.5753275320336424,0.683106141159421,0.4927569211257465
2023-12-05,2,0.009566631346394395,0.004470648268532542,0.9854394200710633,0.0005233003140096861,0.9854394200710633,0.08707478006215832,0.0628111766910865
2023-12-06,2,0.005388582194066752,0.0033916711837916483,0.9907755600394945,0.0004441865826470865,0.9907755600394945,0.060044180423243415,0.043312720665427726
