N_STATES,FROM_STATE,TO_STATE,RELATIVE_DAY,ROLLING_WINDOW,FEATURE,STATISTIC,EVENT_COUNT,MEDIAN,PERCENTILE_25,PERCENTILE_75
4,0,1,-10,5,SPXT,rolling_mean_z,1,0.223558138359297,0.223558138359297,0.223558138359297
4,0,1,-9,5,SPXT,rolling_mean_z,1,0.2995924338361089,0.2995924338361089,0.2995924338361089
4,0,1,-8,5,SPXT,rolling_mean_z,1,0.23625377301689315,0.23625377301689315,0.23625377301689315
4,0,1,-7,5,SPXT,rolling_mean_z,1,0.20039906854434147,0.20039906854434147,0.20039906854434147
4,0,1,-6,5,SPXT,rolling_mean_z,1,0.051539264372308005,0.051539264372308005,0.051539264372308005
4,0,1,-5,5,SPXT,rolling_mean_z,1,0.020427983837759282,0.020427983837759282,0.020427983837759282
4,0,1,-4,5,SPXT,rolling_mean_z,1,-0.021146731854148854,-0.021146731854148854,-0.021146731854148854
4,0,1,-3,5,SPXT,rolling_mean_z,1,-0.013613058540850062,-0.013613058540850062,-0.013613058540850062
4,0,1,-2,5,SPXT,rolling_mean_z,1,-0.007614022383964003,-0.007614022383964003,-0.007614022383964003
4,0,1,-1,5,SPXT,rolling_mean_z,1,0.08864958106374277,0.08864958106374277,0.08864958106374277
4,0,1,0,5,SPXT,rolling_mean_z,1,0.31410173058764734,0.31410173058764734,0.31410173058764734
4,0,1,1,5,SPXT,rolling_mean_z,1,0.34312032409072407,0.34312032409072407,0.34312032409072407
4,0,1,2,5,SPXT,rolling_mean_z,1,0.3779984412819222,0.3779984412819222,0.3779984412819222
4,0,1,3,5,SPXT,rolling_mean_z,1,0.28661777424098317,0.28661777424098317,0.28661777424098317
4,0,1,4,5,SPXT,rolling_mean_z,1,0.29080314830392695,0.29080314830392695,0.29080314830392695
4,0,1,5,5,SPXT,rolling_mean_z,1,-0.009288172009141537,-0.009288172009141537,-0.009288172009141537
4,0,1,6,5,SPXT,rolling_mean_z,1,0.09395105487680484,0.09395105487680484,0.09395105487680484
4,0,1,7,5,SPXT,rolling_mean_z,1,0.05460853868513338,0.05460853868513338,0.05460853868513338
4,0,1,8,5,SPXT,rolling_mean_z,1,-0.05114191263857929,-0.05114191263857929,-0.05114191263857929
4,0,1,9,5,SPXT,rolling_mean_z,1,0.08320859478191582,0.08320859478191582,0.08320859478191582
4,0,1,10,5,SPXT,rolling_mean_z,1,0.21239714085811362,0.21239714085811362,0.21239714085811362
4,0,2,-10,5,SPXT,rolling_mean_z,256,0.08711494390733024,-0.10038981411255049,0.2486703827369597
4,0,2,-9,5,SPXT,rolling_mean_z,256,0.07839541460953073,-0.08322978045448136,0.23356815799317093
4,0,2,-8,5,SPXT,rolling_mean_z,256,0.06521148631125781,-0.0979134677919755,0.18752904330078957
4,0,2,-7,5,SPXT,rolling_mean_z,256,0.08613835662597685,-0.1025871354955963,0.20325907415401992
4,0,2,-6,5,SPXT,rolling_mean_z,256,0.04295924754327359,-0.12794352669359732,0.20315443980244668
4,0,2,-5,5,SPXT,rolling_mean_z,256,0.060607574842019736,-0.11448057345779497,0.20737469198258124
4,0,2,-4,5,SPXT,rolling_mean_z,256,0.07644224004682365,-0.07165024554700343,0.21734983349926423
4,0,2,-3,5,SPXT,rolling_mean_z,256,0.07197784104635019,-0.08755466698618963,0.22896424652393288
4,0,2,-2,5,SPXT,rolling_mean_z,256,0.07630272757805878,-0.08647344535326296,0.21114152863923047
4,0,2,-1,5,SPXT,rolling_mean_z,256,0.031030931463883544,-0.09777395532321091,0.18571538120684716
4,0,2,0,5,SPXT,rolling_mean_z,256,0.027264094807234594,-0.20150147584983427,0.1966671100048838
4,0,2,1,5,SPXT,rolling_mean_z,256,0.010383086086694616,-0.20582636238154278,0.16890412872068983
4,0,2,2,5,SPXT,rolling_mean_z,256,-0.018705263650764928,-0.24356448518241905,0.17964658881557904
4,0,2,3,5,SPXT,rolling_mean_z,256,0.0018030692576598063,-0.23896057371318083,0.173682430775884
4,0,2,4,5,SPXT,rolling_mean_z,256,-0.017519407666263982,-0.21737101917182924,0.16904364118945464
4,0,2,5,5,SPXT,rolling_mean_z,256,0.06563002371755207,-0.12585083966212524,0.20761883880291973
4,0,2,6,5,SPXT,rolling_mean_z,256,0.050492920856572115,-0.15591577668093803,0.212466897092496
4,0,2,7,5,SPXT,rolling_mean_z,256,0.027194338572852132,-0.1512421089773176,0.21305982508474663
4,0,2,8,5,SPXT,rolling_mean_z,256,0.07951151435964902,-0.1102951993948512,0.22523228798447503
4,0,2,9,5,SPXT,rolling_mean_z,256,0.04770267148127653,-0.1346401251943072,0.2231744790701941
4,0,2,10,5,SPXT,rolling_mean_z,256,0.03458849941738621,-0.12916426079528937,0.21773349278836726
4,0,3,-10,5,SPXT,rolling_mean_z,1,-0.02156526926044312,-0.02156526926044312,-0.02156526926044312
4,0,3,-9,5,SPXT,rolling_mean_z,1,-0.04458482660663386,-0.04458482660663386,-0.04458482660663386
4,0,3,-8,5,SPXT,rolling_mean_z,1,-0.086159542298542,-0.086159542298542,-0.086159542298542
4,0,3,-7,5,SPXT,rolling_mean_z,1,-0.15396260211823112,-0.15396260211823112,-0.15396260211823112
4,0,3,-6,5,SPXT,rolling_mean_z,1,-0.19623488015396323,-0.19623488015396323,-0.19623488015396323
4,0,3,-5,5,SPXT,rolling_mean_z,1,-0.2616662280046509,-0.2616662280046509,-0.2616662280046509
4,0,3,-4,5,SPXT,rolling_mean_z,1,-0.2772916245063076,-0.2772916245063076,-0.2772916245063076
4,0,3,-3,5,SPXT,rolling_mean_z,1,-0.25762036641047187,-0.25762036641047187,-0.25762036641047187
4,0,3,-2,5,SPXT,rolling_mean_z,1,0.050841702028484106,0.050841702028484106,0.050841702028484106
4,0,3,-1,5,SPXT,rolling_mean_z,1,0.20514249248234454,0.20514249248234454,0.20514249248234454
4,0,3,0,5,SPXT,rolling_mean_z,1,0.44928931282073126,0.44928931282073126,0.44928931282073126
4,0,3,1,5,SPXT,rolling_mean_z,1,0.5345314312360194,0.5345314312360194,0.5345314312360194
4,0,3,2,5,SPXT,rolling_mean_z,1,0.5384377803614335,0.5384377803614335,0.5384377803614335
4,0,3,3,5,SPXT,rolling_mean_z,1,0.3387954375590157,0.3387954375590157,0.3387954375590157
4,0,3,4,5,SPXT,rolling_mean_z,1,0.2612265049257911,0.2612265049257911,0.2612265049257911
4,0,3,5,5,SPXT,rolling_mean_z,1,0.17263608726014792,0.17263608726014792,0.17263608726014792
4,0,3,6,5,SPXT,rolling_mean_z,1,0.11306426309758155,0.11306426309758155,0.11306426309758155
4,0,3,7,5,SPXT,rolling_mean_z,1,0.23611426054812848,0.23611426054812848,0.23611426054812848
4,0,3,8,5,SPXT,rolling_mean_z,1,0.15980094013378704,0.15980094013378704,0.15980094013378704
4,0,3,9,5,SPXT,rolling_mean_z,1,0.1896566084494526,0.1896566084494526,0.1896566084494526
4,0,3,10,5,SPXT,rolling_mean_z,1,0.17835609847950443,0.17835609847950443,0.17835609847950443
4,1,0,-10,5,SPXT,rolling_mean_z,2,-0.25608572925405915,-0.48432812815325943,-0.02784333035485881
4,1,0,-9,5,SPXT,rolling_mean_z,2,-0.6281654834497605,-0.9680178573607948,-0.2883131095387263
4,1,0,-8,5,SPXT,rolling_mean_z,2,-0.7339856910078556,-1.111192528430663,-0.35677885358504813
4,1,0,-7,5,SPXT,rolling_mean_z,2,-0.5780107509288176,-0.856442760466152,-0.29957874139148316
4,1,0,-6,5,SPXT,rolling_mean_z,2,-0.6367455002787952,-0.9483117211477677,-0.3251792794098226
4,1,0,-5,5,SPXT,rolling_mean_z,2,-0.412409450505009,-0.6148071645655315,-0.21001173644448648
4,1,0,-4,5,SPXT,rolling_mean_z,2,0.08055785787538507,0.07651199628120622,0.08460371946956391
4,1,0,-3,5,SPXT,rolling_mean_z,2,0.20821176679517014,0.15526678489893153,0.26115674869140876
4,1,0,-2,5,SPXT,rolling_mean_z,2,0.1879127025898928,0.11030889183947713,0.26551651334030846
4,1,0,-1,5,SPXT,rolling_mean_z,2,0.6453043314352647,0.5116513863585934,0.7789572765119359
4,1,0,0,5,SPXT,rolling_mean_z,2,0.5635500247390963,0.4250838994900397,0.7020161499881529
4,1,0,1,5,SPXT,rolling_mean_z,2,0.25459966265946354,0.2364979198372319,0.27270140548169525
4,1,0,2,5,SPXT,rolling_mean_z,2,0.10936718267531466,0.050039505333086556,0.16869486001754275
4,1,0,3,5,SPXT,rolling_mean_z,2,0.03430947447985633,0.004488684281382074,0.06413026467833058
4,1,0,4,5,SPXT,rolling_mean_z,2,-0.12215375923985838,-0.21053490820235427,-0.0337726102773625
4,1,0,5,5,SPXT,rolling_mean_z,2,-0.14217379850760611,-0.18768974144211953,-0.0966578555730927
4,1,0,6,5,SPXT,rolling_mean_z,2,0.09192812407971557,0.0875683594308157,0.09628788872861543
4,1,0,7,5,SPXT,rolling_mean_z,2,0.26513285405120535,0.2387649974546595,0.29150071064775124
4,1,0,8,5,SPXT,rolling_mean_z,2,0.276503120255536,0.20085248406782719,0.35215375644324476
4,1,0,9,5,SPXT,rolling_mean_z,2,0.10476327120607648,0.09733423224435117,0.11219231016780179
4,1,0,10,5,SPXT,rolling_mean_z,2,0.09423007981433469,0.029984587948147894,0.15847557168052148
4,1,2,-10,5,SPXT,rolling_mean_z,54,-0.07248732035959235,-0.29040579657019777,0.21124616299080443
4,1,2,-9,5,SPXT,rolling_mean_z,54,0.04184314779315526,-0.2784077242564257,0.3506539974040229
4,1,2,-8,5,SPXT,rolling_mean_z,54,0.015335778727844598,-0.34711761512308625,0.25146063211225583
4,1,2,-7,5,SPXT,rolling_mean_z,54,0.013103579227608068,-0.24136716379937329,0.3793935659695705
4,1,2,-6,5,SPXT,rolling_mean_z,54,0.07072222882746723,-0.15874090417342504,0.29069851395235347
4,1,2,-5,5,SPXT,rolling_mean_z,54,-0.0064281663994629305,-0.22915982278245417,0.3386210469730596
4,1,2,-4,5,SPXT,rolling_mean_z,54,0.06911783543667235,-0.2996484976258654,0.4249792651384662
4,1,2,-3,5,SPXT,rolling_mean_z,54,0.10113594701819201,-0.3042524090951035,0.3929960316741375
4,1,2,-2,5,SPXT,rolling_mean_z,54,0.1572897156960209,-0.3372122298407857,0.40635435055836655
4,1,2,-1,5,SPXT,rolling_mean_z,54,0.10260082794022213,-0.3067985116500609,0.37416184839089045
4,1,2,0,5,SPXT,rolling_mean_z,54,0.13803699500647937,-0.23519373705653154,0.4050638602222922
4,1,2,1,5,SPXT,rolling_mean_z,54,0.16775315085338022,-0.20537294685805682,0.31943808251790096
4,1,2,2,5,SPXT,rolling_mean_z,54,0.11166913840993398,-0.11489911086408908,0.3236932128152273
4,1,2,3,5,SPXT,rolling_mean_z,54,0.08062761410976725,-0.25570206996495576,0.30391732036781777
4,1,2,4,5,SPXT,rolling_mean_z,54,0.05670122571660559,-0.25678329159788316,0.3521886345604357
4,1,2,5,5,SPXT,rolling_mean_z,54,0.06925734790543699,-0.12585083966212526,0.2871409459988512
4,1,2,6,5,SPXT,rolling_mean_z,54,0.11648231858231911,-0.17558703477677373,0.3830208901574549
4,1,2,7,5,SPXT,rolling_mean_z,54,0.14857018639822112,-0.10000615482344744,0.38731089857197226
4,1,2,8,5,SPXT,rolling_mean_z,54,0.15317409786745947,-0.11123690855901355,0.3964489652760664
4,1,2,9,5,SPXT,rolling_mean_z,54,0.14152480672559908,-0.04305018945022093,0.34395739890331334
4,1,2,10,5,SPXT,rolling_mean_z,54,0.15101165460160493,-0.07335927328937202,0.3237280909324184
4,1,3,-10,5,SPXT,rolling_mean_z,7,-0.26250330281723944,-0.5056037796398901,-0.15305577107125998
4,1,3,-9,5,SPXT,rolling_mean_z,7,-0.3548605571395321,-0.7120124771774006,-0.2432505821276979
4,1,3,-8,5,SPXT,rolling_mean_z,7,-0.45740222168165434,-0.6265610900589651,0.03500703682368056
4,1,3,-7,5,SPXT,rolling_mean_z,7,-0.6324903699814689,-0.7466115694310691,-0.25685304783226515
4,1,3,-6,5,SPXT,rolling_mean_z,7,-0.4629827204322461,-0.692899268956624,-0.09243760339295733
4,1,3,-5,5,SPXT,rolling_mean_z,7,-0.5519916755041837,-0.8940762489154546,0.12617843516147245
4,1,3,-4,5,SPXT,rolling_mean_z,7,-0.24673839384681795,-0.5330179797521718,0.09576471697074768
4,1,3,-3,5,SPXT,rolling_mean_z,7,-0.653975290171247,-1.0349140861335127,-0.1314313384127169
4,1,3,-2,5,SPXT,rolling_mean_z,7,-0.5600833986925414,-0.9468817183429286,-0.15193967132114122
4,1,3,-1,5,SPXT,rolling_mean_z,7,-0.6696006866729036,-1.0626770674177064,-0.18695730098110416
4,1,3,0,5,SPXT,rolling_mean_z,7,-0.6250962091369351,-1.953185155543376,-0.2089305148115591
4,1,3,1,5,SPXT,rolling_mean_z,7,-0.5600833986925414,-0.9297216846848592,-0.49074570171643983
4,1,3,2,5,SPXT,rolling_mean_z,7,-0.4700978563392505,-1.890195275896072,-0.4170831182086294
4,1,3,3,5,SPXT,rolling_mean_z,7,-1.0966483535619331,-2.27671457060893,-0.11727082283309051
4,1,3,4,5,SPXT,rolling_mean_z,7,-1.2654584407673322,-1.8246244155766198,0.11431987531646493
4,1,3,5,5,SPXT,rolling_mean_z,7,-0.3942030733312033,-1.251297925187706,-0.06962731474991374
4,1,3,6,5,SPXT,rolling_mean_z,7,-1.27731700061234,-1.8012560770585173,0.1655209513531438
4,1,3,7,5,SPXT,rolling_mean_z,7,-0.23725154597081222,-0.7151515077246087,0.2263483877345932
4,1,3,8,5,SPXT,rolling_mean_z,7,0.27238750242697485,-0.36030154342135867,0.4754479007141298
4,1,3,9,5,SPXT,rolling_mean_z,7,0.5031411257639415,-0.1696577548542702,0.8964267752118911
4,1,3,10,5,SPXT,rolling_mean_z,7,0.3509330223415527,-0.5066501231556262,1.0008518580823385
4,2,0,-10,5,SPXT,rolling_mean_z,256,0.06179343082652035,-0.0910773568225009,0.215222268350601
4,2,0,-9,5,SPXT,rolling_mean_z,256,0.06011928120134291,-0.12264205288053502,0.19283051711385174
4,2,0,-8,5,SPXT,rolling_mean_z,256,0.06737392957711227,-0.10300567290189071,0.21162982227990756
4,2,0,-7,5,SPXT,rolling_mean_z,256,0.105181808612371,-0.11238788642632283,0.23346352364159745
4,2,0,-6,5,SPXT,rolling_mean_z,256,0.08258078867247444,-0.11692204166117884,0.26963213116887014
4,2,0,-5,5,SPXT,rolling_mean_z,256,0.046447059262392995,-0.10321494160503757,0.22293033224985584
4,2,0,-4,5,SPXT,rolling_mean_z,256,0.06018903743572528,-0.12128180631007839,0.2356957231418342
4,2,0,-3,5,SPXT,rolling_mean_z,256,0.04979535851274821,-0.15486943316520205,0.23733499464982083
4,2,0,-2,5,SPXT,rolling_mean_z,256,0.05753830052919422,-0.1306640198345107,0.24054378143141086
4,2,0,-1,5,SPXT,rolling_mean_z,256,0.07623297134367629,-0.12246766229457917,0.2308127867350662
4,2,0,0,5,SPXT,rolling_mean_z,256,0.08383640089135758,-0.08064879978233278,0.2510072165887702
4,2,0,1,5,SPXT,rolling_mean_z,256,0.09164909914218602,-0.087903448158102,0.24678696440863543
4,2,0,2,5,SPXT,rolling_mean_z,256,0.10699547070631313,-0.07897465015715513,0.24493842419750173
4,2,0,3,5,SPXT,rolling_mean_z,256,0.08013932046909071,-0.1283271859827007,0.22293033224985548
4,2,0,4,5,SPXT,rolling_mean_z,256,0.03570459916750418,-0.12302571216963853,0.1994922374973704
4,2,0,5,5,SPXT,rolling_mean_z,256,0.028310438322970248,-0.12121205007569587,0.19415588556711733
4,2,0,6,5,SPXT,rolling_mean_z,256,0.0498651147471309,-0.12647864577156706,0.20646786093561018
4,2,0,7,5,SPXT,rolling_mean_z,256,0.06730417334272977,-0.1361398842335289,0.20322419603682867
4,2,0,8,5,SPXT,rolling_mean_z,256,0.05307390152872077,-0.12445571497447723,0.19548125402038274
4,2,0,9,5,SPXT,rolling_mean_z,256,0.043587053652715146,-0.10509835993336243,0.20353809909154946
4,2,0,10,5,SPXT,rolling_mean_z,256,0.048190965121953186,-0.13178011958462899,0.20772347315449324
4,2,1,-10,5,SPXT,rolling_mean_z,51,0.03228654368276658,-0.14573136646110826,0.25969186776937847
4,2,1,-9,5,SPXT,rolling_mean_z,51,0.01777724693122864,-0.2537140172850577,0.1782165860107397
4,2,1,-8,5,SPXT,rolling_mean_z,51,-0.039701890199866315,-0.34432736574779044,0.17549609286982643
4,2,1,-7,5,SPXT,rolling_mean_z,51,-0.025332105917092184,-0.3656030172344211,0.1892380710431582
4,2,1,-6,5,SPXT,rolling_mean_z,51,-0.08629905476730666,-0.29689312636776066,0.23695133536071722
4,2,1,-5,5,SPXT,rolling_mean_z,51,-0.035516516136922416,-0.3174712155105675,0.21707080856173439
4,2,1,-4,5,SPXT,rolling_mean_z,51,0.02224164593170181,-0.33267807460593024,0.227743512422241
4,2,1,-3,5,SPXT,rolling_mean_z,51,0.028380194557352568,-0.1822836332774836,0.30733537585255505
4,2,1,-2,5,SPXT,rolling_mean_z,51,0.09297446759545176,-0.2904057965701978,0.38525308965769134
4,2,1,-1,5,SPXT,rolling_mean_z,51,0.06395587409237447,-0.3005204505556453,0.36474475674926726
4,2,1,0,5,SPXT,rolling_mean_z,51,0.06423489902990402,-0.3304458751056933,0.3037778078990529
4,2,1,1,5,SPXT,rolling_mean_z,51,0.07623297134367686,-0.25615548548844125,0.3599315765768817
4,2,1,2,5,SPXT,rolling_mean_z,51,0.05056267709095463,-0.36881180401601166,0.35602522745146775
4,2,1,3,5,SPXT,rolling_mean_z,51,-0.00845109719655256,-0.4368938887732301,0.32749492758906773
4,2,1,4,5,SPXT,rolling_mean_z,51,0.0530739015287207,-0.32430732648004246,0.2663187100357062
4,2,1,5,5,SPXT,rolling_mean_z,51,0.10901840150340245,-0.15326503977440697,0.35044472870087606
4,2,1,6,5,SPXT,rolling_mean_z,51,0.1205979364108802,-0.2355076401112522,0.3664189063744446
4,2,1,7,5,SPXT,rolling_mean_z,51,0.05000462721589523,-0.16672799301020974,0.278247026115096
4,2,1,8,5,SPXT,rolling_mean_z,51,0.0578173254667236,-0.10666787520696622,0.3092187941808799
4,2,1,9,5,SPXT,rolling_mean_z,51,0.14571018078854284,-0.143917704367166,0.3588154768267636
4,2,1,10,5,SPXT,rolling_mean_z,51,0.1409667568505399,-0.11538740450476581,0.32051930415082813
4,2,3,-10,5,SPXT,rolling_mean_z,8,0.03193776251085508,-0.04067847748121932,0.10364717145595835
4,2,3,-9,5,SPXT,rolling_mean_z,8,0.0793022456565021,-0.1504050341647286,0.1743102368853258
4,2,3,-8,5,SPXT,rolling_mean_z,8,-0.1162244793173545,-0.2035941628813057,0.08892860600127284
4,2,3,-7,5,SPXT,rolling_mean_z,8,-0.30910046738468,-0.39667941965177844,-0.18346948926198436
4,2,3,-6,5,SPXT,rolling_mean_z,8,-0.3179595091512444,-0.44243950940663035,-0.1538928458838484
4,2,3,-5,5,SPXT,rolling_mean_z,8,-0.2843370041789295,-0.33836320770809514,-0.11151593349654279
4,2,3,-4,5,SPXT,rolling_mean_z,8,-0.360510812124506,-0.4589717369552583,-0.32367952037060077
4,2,3,-3,5,SPXT,rolling_mean_z,8,-0.2352983714081049,-0.412618719208156,-0.1794236276678054
4,2,3,-2,5,SPXT,rolling_mean_z,8,-0.1224327841773877,-0.2828372451397078,-0.027599183534520233
4,2,3,-1,5,SPXT,rolling_mean_z,8,-0.155915776680938,-0.5319018800020536,0.014812606969976692
4,2,3,0,5,SPXT,rolling_mean_z,8,-0.5372731100494981,-0.6681706838680644,-0.031749679480272776
4,2,3,1,5,SPXT,rolling_mean_z,8,-0.11280642383261713,-0.4090611512546538,0.15463897878949
4,2,3,2,5,SPXT,rolling_mean_z,8,-0.19693244249778682,-0.6586489578748674,0.32236784436196164
4,2,3,3,5,SPXT,rolling_mean_z,8,-0.0886010105019255,-0.5616529139661456,0.12879429395081216
4,2,3,4,5,SPXT,rolling_mean_z,8,0.06890856673352516,-0.42227995767011783,0.4283624425060127
4,2,3,5,5,SPXT,rolling_mean_z,8,0.11578475623849523,-0.22654396399311416,0.2741314082865347
4,2,3,6,5,SPXT,rolling_mean_z,8,-0.0869268608767482,-0.32905075041804516,0.04128509791809608
4,2,3,7,5,SPXT,rolling_mean_z,8,-0.26375891503612237,-0.3825537821893433,-0.020100388338412566
4,2,3,8,5,SPXT,rolling_mean_z,8,-0.2558067043165294,-0.41603677469289346,-0.07381268881285746
4,2,3,9,5,SPXT,rolling_mean_z,8,-0.3033804561653236,-0.46995834387048574,-0.1184566788175912
4,2,3,10,5,SPXT,rolling_mean_z,8,-0.10122688892513942,-0.507173294913494,0.018474809275052417
4,3,1,-10,5,SPXT,rolling_mean_z,11,-0.44526463689911744,-0.5542936312388026,-0.2753384499436001
4,3,1,-9,5,SPXT,rolling_mean_z,11,-0.5646873101617798,-0.6944339061130368,-0.30331069993094106
4,3,1,-8,5,SPXT,rolling_mean_z,11,-0.3901572117370244,-0.9266524103720337,-0.26278232775476895
4,3,1,-7,5,SPXT,rolling_mean_z,11,-0.5733370832251968,-0.7058041723173674,-0.40417821484788613
4,3,1,-6,5,SPXT,rolling_mean_z,11,-0.46577296980754196,-0.5289721181579929,-0.10597031286314246
4,3,1,-5,5,SPXT,rolling_mean_z,11,-0.34272297235699495,-0.6039600701190688,0.2043054176697561
4,3,1,-4,5,SPXT,rolling_mean_z,11,-0.13736061833522054,-0.7015490420200411,0.09869447881480836
4,3,1,-3,5,SPXT,rolling_mean_z,11,-0.5330179797521719,-0.8015097258900149,0.1323867400215057
4,3,1,-2,5,SPXT,rolling_mean_z,11,-0.2524584050661744,-0.4533563600874754,0.03863436101156516
4,3,1,-1,5,SPXT,rolling_mean_z,11,-0.33616588632504973,-0.6827148587367942,0.2509723384715791
4,3,1,0,5,SPXT,rolling_mean_z,11,-0.39992308455056,-0.5519916755041836,0.37074379290615356
4,3,1,1,5,SPXT,rolling_mean_z,11,-0.27673357463124815,-0.6022859204938911,0.2292083933442714
4,3,1,2,5,SPXT,rolling_mean_z,11,-0.07723074429759492,-0.4401724317892024,0.38064917818845356
4,3,1,3,5,SPXT,rolling_mean_z,11,0.08725445637609544,-0.4837003220438177,0.36523305038994414
4,3,1,4,5,SPXT,rolling_mean_z,11,0.27238750242697485,-1.2037241733389115,0.3914613945177251
4,3,1,5,5,SPXT,rolling_mean_z,11,0.040238754402360265,-0.5959381031650932,0.414132170692004
4,3,1,6,5,SPXT,rolling_mean_z,11,-0.299055569633615,-0.4665402883857483,-0.014310620884673636
4,3,1,7,5,SPXT,rolling_mean_z,11,-0.2546906045664109,-0.6029834828377154,0.9407917402790954
4,3,1,8,5,SPXT,rolling_mean_z,11,0.054469026216369086,-0.5426443400969426,0.5788266400688413
4,3,1,9,5,SPXT,rolling_mean_z,11,0.2624821171446744,-0.7444491261652149,0.37827746621945213
4,3,1,10,5,SPXT,rolling_mean_z,11,0.35023545999772904,-0.5160672147972496,0.4852137735276657
4,3,2,-10,5,SPXT,rolling_mean_z,5,-0.19623488015396323,-0.24450619434658102,-0.11266691136385232
4,3,2,-9,5,SPXT,rolling_mean_z,5,-0.14154599239816426,-0.2616662280046509,-0.00035937400819441024
4,3,2,-8,5,SPXT,rolling_mean_z,5,-0.2569228040666477,-0.2772916245063076,-0.2499471806284082
4,3,2,-7,5,SPXT,rolling_mean_z,5,-0.26654916441141835,-0.3117512042912113,-0.25762036641047187
4,3,2,-6,5,SPXT,rolling_mean_z,5,0.050841702028484106,-0.20558221556120398,0.08474323193832892
4,3,2,-5,5,SPXT,rolling_mean_z,5,-0.22316078662556804,-0.2948701955706711,0.20514249248234454
4,3,2,-4,5,SPXT,rolling_mean_z,5,-0.0879732043924842,-0.27882626166272007,0.006476736961280327
4,3,2,-3,5,SPXT,rolling_mean_z,5,-0.03523749119939261,-0.5797546567883772,-0.024774056042033265
4,3,2,-2,5,SPXT,rolling_mean_z,5,0.02740360727599933,-0.2435296070652277,0.5384377803614335
4,3,2,-1,5,SPXT,rolling_mean_z,5,0.09297446759545176,-0.11448057345779464,0.3387954375590157
4,3,2,0,5,SPXT,rolling_mean_z,5,0.2612265049257911,0.01777724693122864,0.30126658346128676
4,3,2,1,5,SPXT,rolling_mean_z,5,0.17263608726014792,0.05279487659119151,0.4880737791373436
4,3,2,2,5,SPXT,rolling_mean_z,5,0.25508795630014053,0.11306426309758155,0.39278676297099063
4,3,2,3,5,SPXT,rolling_mean_z,5,0.05056267709095463,0.025450432713292115,0.23611426054812848
4,3,2,4,5,SPXT,rolling_mean_z,5,-0.00845109719655256,-0.3265395259802792,0.08878909353250798
4,3,2,5,5,SPXT,rolling_mean_z,5,-0.046119463763046285,-0.3879250122367878,0.0579568379354886
4,3,2,6,5,SPXT,rolling_mean_z,5,-0.12368839639627094,-0.2705950260055974,0.17835609847950443
4,3,2,7,5,SPXT,rolling_mean_z,5,-0.0105437842280244,-0.323191226729924,0.13775797006894985
4,3,2,8,5,SPXT,rolling_mean_z,5,-0.16637921183829746,-0.19190999362225444,0.006476736961280194
4,3,2,9,5,SPXT,rolling_mean_z,5,-0.07723074429759492,-0.13094304477204016,-0.00914865954037658
4,3,2,10,5,SPXT,rolling_mean_z,5,-0.048491175732047864,-0.0694180460467669,0.2785260510526254
4,0,1,-10,5,DBLCIX,rolling_mean_z,1,-0.05831676965254769,-0.05831676965254769,-0.05831676965254769
4,0,1,-9,5,DBLCIX,rolling_mean_z,1,0.19461785339477583,0.19461785339477583,0.19461785339477583
4,0,1,-8,5,DBLCIX,rolling_mean_z,1,0.0591599747011855,0.0591599747011855,0.0591599747011855
4,0,1,-7,5,DBLCIX,rolling_mean_z,1,0.21604537181643887,0.21604537181643887,0.21604537181643887
4,0,1,-6,5,DBLCIX,rolling_mean_z,1,0.2666922335403698,0.2666922335403698,0.2666922335403698
4,0,1,-5,5,DBLCIX,rolling_mean_z,1,0.3888141042652328,0.3888141042652328,0.3888141042652328
4,0,1,-4,5,DBLCIX,rolling_mean_z,1,0.09047711700977006,0.09047711700977006,0.09047711700977006
4,0,1,-3,5,DBLCIX,rolling_mean_z,1,0.041928054292155834,0.041928054292155834,0.041928054292155834
4,0,1,-2,5,DBLCIX,rolling_mean_z,1,-0.004673052205307215,-0.004673052205307215,-0.004673052205307215
4,0,1,-1,5,DBLCIX,rolling_mean_z,1,-0.11945262640806184,-0.11945262640806184,-0.11945262640806184
4,0,1,0,5,DBLCIX,rolling_mean_z,1,0.07084771202209268,0.07084771202209268,0.07084771202209268
4,0,1,1,5,DBLCIX,rolling_mean_z,1,0.24871109920051268,0.24871109920051268,0.24871109920051268
4,0,1,2,5,DBLCIX,rolling_mean_z,1,0.28467336788022696,0.28467336788022696,0.28467336788022696
4,0,1,3,5,DBLCIX,rolling_mean_z,1,0.2627963211000674,0.2627963211000674,0.2627963211000674
4,0,1,4,5,DBLCIX,rolling_mean_z,1,0.38686614804508157,0.38686614804508157,0.38686614804508157
4,0,1,5,5,DBLCIX,rolling_mean_z,1,0.012708710989887972,0.012708710989887972,0.012708710989887972
4,0,1,6,5,DBLCIX,rolling_mean_z,1,0.027543146820270103,0.027543146820270103,0.027543146820270103
4,0,1,7,5,DBLCIX,rolling_mean_z,1,-0.03688925123088458,-0.03688925123088458,-0.03688925123088458
4,0,1,8,5,DBLCIX,rolling_mean_z,1,-0.012315034299746513,-0.012315034299746513,-0.012315034299746513
4,0,1,9,5,DBLCIX,rolling_mean_z,1,-0.07150293483510954,-0.07150293483510954,-0.07150293483510954
4,0,1,10,5,DBLCIX,rolling_mean_z,1,0.10875793692195809,0.10875793692195809,0.10875793692195809
4,0,2,-10,5,DBLCIX,rolling_mean_z,256,-0.010441999472678109,-0.21891077572539638,0.24204309521614897
4,0,2,-9,5,DBLCIX,rolling_mean_z,256,0.03083968811591068,-0.18234913590102048,0.2545175071644252
4,0,2,-8,5,DBLCIX,rolling_mean_z,256,-0.0017511178750804614,-0.25550987624631416,0.22076541958065174
4,0,2,-7,5,DBLCIX,rolling_mean_z,256,0.022373570697561525,-0.19182669212598652,0.22188924047689274
4,0,2,-6,5,DBLCIX,rolling_mean_z,256,-0.004897816384555403,-0.2678344454084246,0.20248459966846338
4,0,2,-5,5,DBLCIX,rolling_mean_z,256,-0.022354500972832973,-0.26701031008451437,0.18371679070123748
4,0,2,-4,5,DBLCIX,rolling_mean_z,256,0.0031936940683804206,-0.3184438464358141,0.21394757281012222
4,0,2,-3,5,DBLCIX,rolling_mean_z,256,-0.012389955692829194,-0.25753275385954766,0.24466534397404502
4,0,2,-2,5,DBLCIX,rolling_mean_z,256,-0.025051671123811986,-0.2513517389302217,0.18143168821221395
4,0,2,-1,5,DBLCIX,rolling_mean_z,256,-0.028572976598700686,-0.27274179665534365,0.20922752504590958
4,0,2,0,5,DBLCIX,rolling_mean_z,256,-0.04985065223419783,-0.30038779070287425,0.21428471907899507
4,0,2,1,5,DBLCIX,rolling_mean_z,256,-0.028872662171031627,-0.2964918782625716,0.18626411806605062
4,0,2,2,5,DBLCIX,rolling_mean_z,256,-0.06401079552683578,-0.27821105835038357,0.1978020126007921
4,0,2,3,5,DBLCIX,rolling_mean_z,256,-0.05389640746066611,-0.2943191578631718,0.1919206832437973
4,0,2,4,5,DBLCIX,rolling_mean_z,256,-0.03389239550757517,-0.28195712800452033,0.18873652403778082
4,0,2,5,5,DBLCIX,rolling_mean_z,256,-0.023478321869074475,-0.2618407339618054,0.21945429520170395
4,0,2,6,5,DBLCIX,rolling_mean_z,256,-0.021005915897344206,-0.2680592095876728,0.20375826335087002
4,0,2,7,5,DBLCIX,rolling_mean_z,256,-0.037938150734043025,-0.25007807524781556,0.1898978056305635
4,0,2,8,5,DBLCIX,rolling_mean_z,256,0.014207138851542678,-0.22557877970976037,0.21312343748621218
4,0,2,9,5,DBLCIX,rolling_mean_z,256,-0.006621008425458366,-0.2794847220327902,0.22732104147539117
4,0,2,10,5,DBLCIX,rolling_mean_z,256,-0.002275567626659503,-0.2326963120526203,0.21379773002395738
4,0,3,-10,5,DBLCIX,rolling_mean_z,1,-0.28263142054226537,-0.28263142054226537,-0.28263142054226537
4,0,3,-9,5,DBLCIX,rolling_mean_z,1,-0.011565820368919243,-0.011565820368919243,-0.011565820368919243
4,0,3,-8,5,DBLCIX,rolling_mean_z,1,-0.18808062247184998,-0.18808062247184998,-0.18808062247184998
4,0,3,-7,5,DBLCIX,rolling_mean_z,1,-0.39021854100907716,-0.39021854100907716,-0.39021854100907716
4,0,3,-6,5,DBLCIX,rolling_mean_z,1,-0.3093034364797201,-0.3093034364797201,-0.3093034364797201
4,0,3,-5,5,DBLCIX,rolling_mean_z,1,-0.34931146038590216,-0.34931146038590216,-0.34931146038590216
4,0,3,-4,5,DBLCIX,rolling_mean_z,1,-0.5124902545201057,-0.5124902545201057,-0.5124902545201057
4,0,3,-3,5,DBLCIX,rolling_mean_z,1,-0.5198325510422139,-0.5198325510422139,-0.5198325510422139
4,0,3,-2,5,DBLCIX,rolling_mean_z,1,-0.23513125732780948,-0.23513125732780948,-0.23513125732780948
4,0,3,-1,5,DBLCIX,rolling_mean_z,1,-0.28952418870587726,-0.28952418870587726,-0.28952418870587726
4,0,3,0,5,DBLCIX,rolling_mean_z,1,-0.10866394580414773,-0.10866394580414773,-0.10866394580414773
4,0,3,1,5,DBLCIX,rolling_mean_z,1,-0.10746520351482394,-0.10746520351482394,-0.10746520351482394
4,0,3,2,5,DBLCIX,rolling_mean_z,1,-0.3638462106439534,-0.3638462106439534,-0.3638462106439534
4,0,3,3,5,DBLCIX,rolling_mean_z,1,-0.11555671396775966,-0.11555671396775966,-0.11555671396775966
4,0,3,4,5,DBLCIX,rolling_mean_z,1,-0.250714907089019,-0.250714907089019,-0.250714907089019
4,0,3,5,5,DBLCIX,rolling_mean_z,1,-0.21924792199426904,-0.21924792199426904,-0.21924792199426904
4,0,3,6,5,DBLCIX,rolling_mean_z,1,-0.11031221645196795,-0.11031221645196795,-0.11031221645196795
4,0,3,7,5,DBLCIX,rolling_mean_z,1,0.6435468407465418,0.6435468407465418,0.6435468407465418
4,0,3,8,5,DBLCIX,rolling_mean_z,1,0.3715821838562029,0.3715821838562029,0.3715821838562029
4,0,3,9,5,DBLCIX,rolling_mean_z,1,0.5266694675374706,0.5266694675374706,0.5266694675374706
4,0,3,10,5,DBLCIX,rolling_mean_z,1,0.280028241509097,0.280028241509097,0.280028241509097
4,1,0,-10,5,DBLCIX,rolling_mean_z,2,0.2652687270717981,0.24065704944411848,0.2898804046994777
4,1,0,-9,5,DBLCIX,rolling_mean_z,2,0.11654976180256316,0.041478525933659846,0.19162099767146648
4,1,0,-8,5,DBLCIX,rolling_mean_z,2,0.06118285231441978,-0.10263277366098672,0.22499847828982628
4,1,0,-7,5,DBLCIX,rolling_mean_z,2,-0.16463022643695252,-0.2921838981603138,-0.03707655471359124
4,1,0,-6,5,DBLCIX,rolling_mean_z,2,-0.1823116752044787,-0.294431539952796,-0.07019181045616144
4,1,0,-5,5,DBLCIX,rolling_mean_z,2,-0.4464095858211302,-0.6672778526290417,-0.22554131901321872
4,1,0,-4,5,DBLCIX,rolling_mean_z,2,-0.4496312057236879,-0.614720495381501,-0.28454191606587487
4,1,0,-3,5,DBLCIX,rolling_mean_z,2,-0.3481127180965779,-0.5575929331559132,-0.13863250303724262
4,1,0,-2,5,DBLCIX,rolling_mean_z,2,-0.4356209052172159,-0.7777869074260803,-0.0934549030083516
4,1,0,-1,5,DBLCIX,rolling_mean_z,2,-0.41831406341510347,-0.7698077790627686,-0.06682034776743823
4,1,0,0,5,DBLCIX,rolling_mean_z,2,-0.14485097866310978,-0.3486746285446984,0.05897267121847882
4,1,0,1,5,DBLCIX,rolling_mean_z,2,0.032637801549896595,-0.1444763716976959,0.20975197479748908
4,1,0,2,5,DBLCIX,rolling_mean_z,2,-0.19130224237440732,-0.29330771905655495,-0.08929676569225967
4,1,0,3,5,DBLCIX,rolling_mean_z,2,-0.27011954789744763,-0.4189508952563065,-0.12128820053858878
4,1,0,4,5,DBLCIX,rolling_mean_z,2,-0.30420878175009347,-0.4378685470096979,-0.170549016490489
4,1,0,5,5,DBLCIX,rolling_mean_z,2,-0.7629524715956982,-1.1382711902436742,-0.3876337529477224
4,1,0,6,5,DBLCIX,rolling_mean_z,2,-1.011541653844223,-1.4815610133487795,-0.5415222943396663
4,1,0,7,5,DBLCIX,rolling_mean_z,2,-0.5070209928250655,-0.8149104576985773,-0.19913152795155367
4,1,0,8,5,DBLCIX,rolling_mean_z,2,-0.03209428207358911,-0.19235114187756558,0.12816257773038736
4,1,0,9,5,DBLCIX,rolling_mean_z,2,0.016604623430190563,-0.18665711600327756,0.21986636286365868
4,1,0,10,5,DBLCIX,rolling_mean_z,2,0.16652233098874936,0.0322257338879416,0.3008189280895571
4,1,2,-10,5,DBLCIX,rolling_mean_z,54,-0.0615383895551054,-0.30881644742468156,0.23638653003840235
4,1,2,-9,5,DBLCIX,rolling_mean_z,54,0.06200698763832982,-0.362872232533877,0.29261503554699725
4,1,2,-8,5,DBLCIX,rolling_mean_z,54,-0.029621876101858936,-0.4102600136587089,0.30891043854249267
4,1,2,-7,5,DBLCIX,rolling_mean_z,54,-0.016136025346966173,-0.312000606630698,0.43406662568720644
4,1,2,-6,5,DBLCIX,rolling_mean_z,54,-0.008419121859443967,-0.31911813897355873,0.3333348126874656
4,1,2,-5,5,DBLCIX,rolling_mean_z,54,0.02177419955289933,-0.3236508832550643,0.28759530221045393
4,1,2,-4,5,DBLCIX,rolling_mean_z,54,-0.06738225821555914,-0.4170403997326968,0.31464192511332223
4,1,2,-3,5,DBLCIX,rolling_mean_z,54,0.06440447221697725,-0.4277541589435283,0.4033488545232841
4,1,2,-2,5,DBLCIX,rolling_mean_z,54,-0.0857379995208297,-0.3820146484665168,0.3649516405683809
4,1,2,-1,5,DBLCIX,rolling_mean_z,54,-0.11832880551182062,-0.3976732196208096,0.36109318882461977
4,1,2,0,5,DBLCIX,rolling_mean_z,54,0.02709361846177368,-0.39227887931885197,0.24477772606366907
4,1,2,1,5,DBLCIX,rolling_mean_z,54,-0.07577345424082554,-0.35998775890019213,0.37487872515184356
4,1,2,2,5,DBLCIX,rolling_mean_z,54,0.10838332995654451,-0.3375113409753703,0.36907231718793154
4,1,2,3,5,DBLCIX,rolling_mean_z,54,0.029341260254255805,-0.5378136853820704,0.2420430952161492
4,1,2,4,5,DBLCIX,rolling_mean_z,54,-0.008943571611022572,-0.3074304016526515,0.21937937380862077
4,1,2,5,5,DBLCIX,rolling_mean_z,54,-0.02737423430937693,-0.342006624560335,0.24754981760773062
4,1,2,6,5,DBLCIX,rolling_mean_z,54,0.027618068213352893,-0.331742393708,0.31969911914640686
4,1,2,7,5,DBLCIX,rolling_mean_z,54,0.013757610493046326,-0.26775952401534153,0.28235080469466217
4,1,2,8,5,DBLCIX,rolling_mean_z,54,0.019301793581168958,-0.19358734486343096,0.3023548166477532
4,1,2,9,5,DBLCIX,rolling_mean_z,54,0.09287460158841779,-0.2775742265091804,0.3036659410267015
4,1,2,10,5,DBLCIX,rolling_mean_z,54,0.05856060355652365,-0.20853416278343723,0.3243442455175374
4,1,3,-10,5,DBLCIX,rolling_mean_z,7,0.08927837472044653,-0.6089140874175891,0.3513534077238643
4,1,3,-9,5,DBLCIX,rolling_mean_z,7,0.10111595482751934,-0.24906663644119825,0.5520678197925193
4,1,3,-8,5,DBLCIX,rolling_mean_z,7,0.05106846424825031,-0.5441820037941032,0.2987585897797821
4,1,3,-7,5,DBLCIX,rolling_mean_z,7,0.37278092614552716,-0.45465093906023135,0.5968708128559967
4,1,3,-6,5,DBLCIX,rolling_mean_z,7,-0.2366296851894639,-0.34107010714680047,0.2988335111728647
4,1,3,-5,5,DBLCIX,rolling_mean_z,7,-0.3326789111215339,-0.6578377571006169,-0.011041370617339619
4,1,3,-4,5,DBLCIX,rolling_mean_z,7,-0.25356192002616246,-0.39726115195885414,-0.1014714920682043
4,1,3,-3,5,DBLCIX,rolling_mean_z,7,-0.5890599182506632,-0.8013122248540603,-0.4108219241068296
4,1,3,-2,5,DBLCIX,rolling_mean_z,7,-0.7329089929695202,-1.215702449994684,-0.1028949985367765
4,1,3,-1,5,DBLCIX,rolling_mean_z,7,-0.3653446385056077,-1.206262354466259,0.1850279150801858
4,1,3,0,5,DBLCIX,rolling_mean_z,7,-1.6343631945410242,-1.91554318278054,-0.1385575816441596
4,1,3,1,5,DBLCIX,rolling_mean_z,7,-1.1150080976914842,-1.542659409407753,-0.12252440352445368
4,1,3,2,5,DBLCIX,rolling_mean_z,7,-0.5244776774133433,-1.3217162212067586,0.13438105335625494
4,1,3,3,5,DBLCIX,rolling_mean_z,7,-0.7242181113719228,-1.4438380919316214,0.09542192895323132
4,1,3,4,5,DBLCIX,rolling_mean_z,7,-1.2661994689324494,-1.6542922851010324,0.2380722613827645
4,1,3,5,5,DBLCIX,rolling_mean_z,7,-0.7750148158820191,-1.164081610160678,0.019002108008838725
4,1,3,6,5,DBLCIX,rolling_mean_z,7,-1.3280845396187906,-1.5041498133632256,-0.23228424439066486
4,1,3,7,5,DBLCIX,rolling_mean_z,7,-0.8439424975181382,-2.0098692166717065,0.39435828735335554
4,1,3,8,5,DBLCIX,rolling_mean_z,7,0.03563465727320607,-1.0731270389582335,0.3345710156733307
4,1,3,9,5,DBLCIX,rolling_mean_z,7,0.07009849809126585,-0.24839234390345333,0.44717786947668603
4,1,3,10,5,DBLCIX,rolling_mean_z,7,-0.11780435576024129,-0.3397964434643939,0.21454694395478455
4,2,0,-10,5,DBLCIX,rolling_mean_z,256,-0.02257926515208148,-0.2269648254817911,0.24616377183569965
4,2,0,-9,5,DBLCIX,rolling_mean_z,256,-0.010891527831174507,-0.2688458842150414,0.2426424663608115
4,2,0,-8,5,DBLCIX,rolling_mean_z,256,0.00806358461875839,-0.23400743643156846,0.2214022514218547
4,2,0,-7,5,DBLCIX,rolling_mean_z,256,0.00251940153063573,-0.2329585369284097,0.21072595290756463
4,2,0,-6,5,DBLCIX,rolling_mean_z,256,0.005066728895448583,-0.23501887523818474,0.23900877879629823
4,2,0,-5,5,DBLCIX,rolling_mean_z,256,-0.04153437760201442,-0.2784732832261732,0.19435562851898636
4,2,0,-4,5,DBLCIX,rolling_mean_z,256,-0.03351778854216152,-0.27555134889594657,0.18738793896229167
4,2,0,-3,5,DBLCIX,rolling_mean_z,256,-0.032768574611334,-0.3031598822469354,0.24305453402276656
4,2,0,-2,5,DBLCIX,rolling_mean_z,256,0.00514165028853153,-0.28720162552031225,0.24230532009193864
4,2,0,-1,5,DBLCIX,rolling_mean_z,256,-0.01658555370546234,-0.2635264653061664,0.19540452802214453
4,2,0,0,5,DBLCIX,rolling_mean_z,256,0.009487091087330262,-0.2071481170114066,0.17319033497311284
4,2,0,1,5,DBLCIX,rolling_mean_z,256,0.011734732879812398,-0.20385157571576631,0.2221140046561411
4,2,0,2,5,DBLCIX,rolling_mean_z,256,-0.00025269001342536615,-0.22898770309502464,0.22050319470486188
4,2,0,3,5,DBLCIX,rolling_mean_z,256,-0.012614719872077275,-0.23078581652901053,0.21199961658997113
4,2,0,4,5,DBLCIX,rolling_mean_z,256,-0.010516920865760913,-0.20984528716238526,0.2057811409641039
4,2,0,5,5,DBLCIX,rolling_mean_z,256,-0.0031746243436525197,-0.21580153791246284,0.18356694791507203
4,2,0,6,5,DBLCIX,rolling_mean_z,256,-0.00047745419267388595,-0.220484124980134,0.20551891608831455
4,2,0,7,5,DBLCIX,rolling_mean_z,256,0.027618068213352852,-0.21538947025050775,0.22080288027719275
4,2,0,8,5,DBLCIX,rolling_mean_z,256,-0.012464877085911985,-0.2820695100941446,0.21683204644380766
4,2,0,9,5,DBLCIX,rolling_mean_z,256,0.026269483137863647,-0.22175778866254064,0.20139823946876356
4,2,0,10,5,DBLCIX,rolling_mean_z,256,0.004916886109283664,-0.2638261508784979,0.22574769222065366
4,2,1,-10,5,DBLCIX,rolling_mean_z,51,0.11175479264526818,-0.256109247390976,0.36206716693469554
4,2,1,-9,5,DBLCIX,rolling_mean_z,51,0.059609503059681976,-0.3148476195678422,0.2967357121665477
4,2,1,-8,5,DBLCIX,rolling_mean_z,51,0.01825289407801057,-0.30825453697656124,0.2648941201063843
4,2,1,-7,5,DBLCIX,rolling_mean_z,51,0.039530569713508754,-0.3895442484713318,0.32925159676445614
4,2,1,-6,5,DBLCIX,rolling_mean_z,51,-0.019207802463358403,-0.3075802444388167,0.26474427732021855
4,2,1,-5,5,DBLCIX,rolling_mean_z,51,-0.029247269136445285,-0.4115711380376571,0.3094723489906136
4,2,1,-4,5,DBLCIX,rolling_mean_z,51,-0.11435797167843571,-0.3565788355149274,0.2978595330627888
4,2,1,-3,5,DBLCIX,rolling_mean_z,51,-0.09038312589195939,-0.3806286026944863,0.2819012763361656
4,2,1,-2,5,DBLCIX,rolling_mean_z,51,0.01585540949936315,-0.36534463850560783,0.37263108335936157
4,2,1,-1,5,DBLCIX,rolling_mean_z,51,0.03638387120403309,-0.3361252952033402,0.39285985949170077
4,2,1,0,5,DBLCIX,rolling_mean_z,51,-0.10207086321286614,-0.5092686346175475,0.31584066740264594
4,2,1,1,5,DBLCIX,rolling_mean_z,51,-0.028348212419452578,-0.4544261748809834,0.40349869730944943
4,2,1,2,5,DBLCIX,rolling_mean_z,51,-0.15076976871664619,-0.4664135977742212,0.2844486037009788
4,2,1,3,5,DBLCIX,rolling_mean_z,51,-0.07614806120623874,-0.44401210124248225,0.22938137978516626
4,2,1,4,5,DBLCIX,rolling_mean_z,51,-0.08993359753346306,-0.5590164396244854,0.38154672913620724
4,2,1,5,5,DBLCIX,rolling_mean_z,51,0.14412083445701027,-0.42018709824217226,0.32048579377377573
4,2,1,6,5,DBLCIX,rolling_mean_z,51,0.002819087102966944,-0.3273594922126596,0.37705144555124337
4,2,1,7,5,DBLCIX,rolling_mean_z,51,-0.04617950397314412,-0.40018308628908117,0.3475324166766444
4,2,1,8,5,DBLCIX,rolling_mean_z,51,0.11295353493459137,-0.33964660067822855,0.35450010623333894
4,2,1,9,5,DBLCIX,rolling_mean_z,51,0.029491103040421508,-0.26877096282195867,0.37495364654492647
4,2,1,10,5,DBLCIX,rolling_mean_z,51,0.0900275886512737,-0.13750868214100126,0.2583759589081863
4,2,3,-10,5,DBLCIX,rolling_mean_z,8,0.04897066524193309,-0.27686247327489444,0.15382315486122541
4,2,3,-9,5,DBLCIX,rolling_mean_z,8,-0.028797740777949013,-0.25168888519909444,0.10032928020015047
4,2,3,-8,5,DBLCIX,rolling_mean_z,8,-0.0562189706462308,-0.36766720169117306,0.1377899767415195
4,2,3,-7,5,DBLCIX,rolling_mean_z,8,-0.16006002145890608,-0.32342611907581625,-0.03175713580471684
4,2,3,-6,5,DBLCIX,rolling_mean_z,8,-0.10948808112805782,-0.3542937330259043,0.0907393418855596
4,2,3,-5,5,DBLCIX,rolling_mean_z,8,-0.04767793183479895,-0.24842980459999547,0.07174676873908617
4,2,3,-4,5,DBLCIX,rolling_mean_z,8,0.04567412394629297,-0.24498342051818953,0.27497104747601214
4,2,3,-3,5,DBLCIX,rolling_mean_z,8,0.049570036386595365,-0.12323615675874028,0.41211465751396403
4,2,3,-2,5,DBLCIX,rolling_mean_z,8,0.16817060163656947,-0.20819701651456504,0.2349255628732889
4,2,3,-1,5,DBLCIX,rolling_mean_z,8,-0.15758761548717531,-0.3429806026704106,0.1422852603264831
4,2,3,0,5,DBLCIX,rolling_mean_z,8,-0.07232707015901949,-0.4265179559576635,0.28081491613646586
4,2,3,1,5,DBLCIX,rolling_mean_z,8,-0.02849805520561778,-0.602133701343601,0.2246987927174949
4,2,3,2,5,DBLCIX,rolling_mean_z,8,-0.2320594802114167,-0.30544498473595905,-0.03628988008622295
4,2,3,3,5,DBLCIX,rolling_mean_z,8,-0.22239462050374395,-0.30405893896392844,-0.05209829402667994
4,2,3,4,5,DBLCIX,rolling_mean_z,8,-0.11300938660294585,-0.23902716976811195,0.03975533389275633
4,2,3,5,5,DBLCIX,rolling_mean_z,8,-0.09195647514669669,-0.4840950465417479,0.4861369938797094
4,2,3,6,5,DBLCIX,rolling_mean_z,8,-0.34399204147702733,-0.7567339959698315,0.6445208188566176
4,2,3,7,5,DBLCIX,rolling_mean_z,8,-0.33874754396123574,-0.9205870826417795,0.35000482264837435
4,2,3,8,5,DBLCIX,rolling_mean_z,8,-0.2934201011461793,-0.8134120298369228,0.4050720465641868
4,2,3,9,5,DBLCIX,rolling_mean_z,8,-0.23303345832149241,-0.720546963110869,0.038481670210350316
4,2,3,10,5,DBLCIX,rolling_mean_z,8,-0.3640709748232012,-0.6667908635740042,-0.11540687118159354
4,3,1,-10,5,DBLCIX,rolling_mean_z,11,-0.5018514167023567,-0.8476136457791923,0.0951971647739824
4,3,1,-9,5,DBLCIX,rolling_mean_z,11,-0.3469139758072544,-0.7680471263253246,0.1590301916804755
4,3,1,-8,5,DBLCIX,rolling_mean_z,11,-0.44026603158834543,-0.991837327463463,-0.10948808112805779
4,3,1,-7,5,DBLCIX,rolling_mean_z,11,-0.4447613151733102,-0.9879414150231606,-0.03216920346667203
4,3,1,-6,5,DBLCIX,rolling_mean_z,11,-0.3326789111215339,-0.6746201491511503,-0.04767793183479896
4,3,1,-5,5,DBLCIX,rolling_mean_z,11,-0.12259932491753708,-0.5070959142181479,0.15333616580618734
4,3,1,-4,5,DBLCIX,rolling_mean_z,11,-0.2366296851894639,-0.5866624336720159,0.05533898365396614
4,3,1,-3,5,DBLCIX,rolling_mean_z,11,-0.1194526264080619,-0.543657554042524,0.2981592186351198
4,3,1,-2,5,DBLCIX,rolling_mean_z,11,-0.29207151607069004,-0.406476483308031,0.1332572324600137
4,3,1,-1,5,DBLCIX,rolling_mean_z,11,-0.43637011914804325,-0.7932207144011247,0.17963357477822847
4,3,1,0,5,DBLCIX,rolling_mean_z,11,-0.22718958966103903,-0.31357395588543574,-0.020256701966516334
4,3,1,1,5,DBLCIX,rolling_mean_z,11,-0.12649523735783896,-0.6137090565748838,0.010535990590488903
4,3,1,2,5,DBLCIX,rolling_mean_z,11,-0.29027340263670476,-0.6945492397111586,0.1362540881833233
4,3,1,3,5,DBLCIX,rolling_mean_z,11,-0.2580572036111267,-0.6505703819715913,0.42874720677833245
4,3,1,4,5,DBLCIX,rolling_mean_z,11,-0.7234688974410959,-1.0838407981690654,0.6780106815646019
4,3,1,5,5,DBLCIX,rolling_mean_z,11,-0.20651128517020342,-1.3529584421222607,0.6553094994605322
4,3,1,6,5,DBLCIX,rolling_mean_z,11,-0.5244776774133433,-1.1361359305408167,0.32977604651603554
4,3,1,7,5,DBLCIX,rolling_mean_z,11,-0.8427437552288147,-0.9661392896360838,0.15116344540678822
4,3,1,8,5,DBLCIX,rolling_mean_z,11,-0.659635870534603,-1.0657847424361255,-0.05591928507389962
4,3,1,9,5,DBLCIX,rolling_mean_z,11,-0.3855734146379475,-0.7789107283223216,-0.2552101906739829
4,3,1,10,5,DBLCIX,rolling_mean_z,11,0.07249598266991301,-0.6710239222831789,0.3882896545136535
4,3,2,-10,5,DBLCIX,rolling_mean_z,5,-0.3093034364797201,-0.3155968334986702,0.09781941353187898
4,3,2,-9,5,DBLCIX,rolling_mean_z,5,-0.08214177265285857,-0.1961721329247858,0.11175479264526818
4,3,2,-8,5,DBLCIX,rolling_mean_z,5,0.15970448421822062,-0.29297057278768335,0.16614772402333597
4,3,2,-7,5,DBLCIX,rolling_mean_z,5,0.040279783644336244,-0.18298596774222392,0.12239363046301696
4,3,2,-6,5,DBLCIX,rolling_mean_z,5,0.2740345300624779,0.039530569713508754,0.35210262165469086
4,3,2,-5,5,DBLCIX,rolling_mean_z,5,0.2292315369990005,0.10710966627413843,0.5921507650917835
4,3,2,-4,5,DBLCIX,rolling_mean_z,5,0.2407694315337431,0.06395494385848051,0.32692903357889097
4,3,2,-3,5,DBLCIX,rolling_mean_z,5,-0.05412117163991459,-0.10746520351482394,0.37727620973049086
4,3,2,-2,5,DBLCIX,rolling_mean_z,5,-0.09053296867812438,-0.18568313789320254,0.12868702748196698
4,3,2,-1,5,DBLCIX,rolling_mean_z,5,0.10845825134962692,-0.11555671396775966,0.20196014991688394
4,3,2,0,5,DBLCIX,rolling_mean_z,5,-0.23692937076179438,-0.250714907089019,0.22368735391087796
4,3,2,1,5,DBLCIX,rolling_mean_z,5,-0.14402684333919924,-0.21924792199426904,0.34026504154761833
4,3,2,2,5,DBLCIX,rolling_mean_z,5,-0.11031221645196795,-0.15826190802491943,0.30804884252204096
4,3,2,3,5,DBLCIX,rolling_mean_z,5,0.4033488545232837,-0.34211900664995853,0.6435468407465418
4,3,2,4,5,DBLCIX,rolling_mean_z,5,0.24002021760291478,-0.4814727977838512,0.3715821838562029
4,3,2,5,5,DBLCIX,rolling_mean_z,5,0.2496101559175053,-0.2053125428808798,0.5266694675374706
4,3,2,6,5,DBLCIX,rolling_mean_z,5,0.014207138851543455,-0.07854554578488711,0.1113052642867709
4,3,2,7,5,DBLCIX,rolling_mean_z,5,-0.04228359153284191,-0.1653045189746968,0.03428607219771625
4,3,2,8,5,DBLCIX,rolling_mean_z,5,-0.31799431807731776,-0.34256853500845497,-0.24292308220841435
4,3,2,9,5,DBLCIX,rolling_mean_z,5,-0.17384555778612898,-0.2612039021206024,0.15101360262062222
4,3,2,10,5,DBLCIX,rolling_mean_z,5,0.017503680147183863,-0.07524900448924665,0.21694442853343157
4,0,1,-10,5,IBOXIG,rolling_mean_z,1,0.0705663799936643,0.0705663799936643,0.0705663799936643
4,0,1,-9,5,IBOXIG,rolling_mean_z,1,-0.0986873379811106,-0.0986873379811106,-0.0986873379811106
4,0,1,-8,5,IBOXIG,rolling_mean_z,1,-0.21369306942550895,-0.21369306942550895,-0.21369306942550895
4,0,1,-7,5,IBOXIG,rolling_mean_z,1,-0.18494163656440935,-0.18494163656440935,-0.18494163656440935
4,0,1,-6,5,IBOXIG,rolling_mean_z,1,0.21486602416446607,0.21486602416446607,0.21486602416446607
4,0,1,-5,5,IBOXIG,rolling_mean_z,1,0.5707328158037365,0.5707328158037365,0.5707328158037365
4,0,1,-4,5,IBOXIG,rolling_mean_z,1,0.8951357752553886,0.8951357752553886,0.8951357752553886
4,0,1,-3,5,IBOXIG,rolling_mean_z,1,0.949383761785765,0.949383761785765,0.949383761785765
4,0,1,-2,5,IBOXIG,rolling_mean_z,1,0.9992919093937115,0.9992919093937115,0.9992919093937115
4,0,1,-1,5,IBOXIG,rolling_mean_z,1,0.6678367116931107,0.6678367116931107,0.6678367116931107
4,0,1,0,5,IBOXIG,rolling_mean_z,1,0.5403539433467256,0.5403539433467256,0.5403539433467256
4,0,1,1,5,IBOXIG,rolling_mean_z,1,0.17797739332380996,0.17797739332380996,0.17797739332380996
4,0,1,2,5,IBOXIG,rolling_mean_z,1,0.15302331951983675,0.15302331951983675,0.15302331951983675
4,0,1,3,5,IBOXIG,rolling_mean_z,1,-0.06234118700575827,-0.06234118700575827,-0.06234118700575827
4,0,1,4,5,IBOXIG,rolling_mean_z,1,-0.10736701582597083,-0.10736701582597083,-0.10736701582597083
4,0,1,5,5,IBOXIG,rolling_mean_z,1,-0.20013107279291478,-0.20013107279291478,-0.20013107279291478
4,0,1,6,5,IBOXIG,rolling_mean_z,1,-0.004838321283559055,-0.004838321283559055,-0.004838321283559055
4,0,1,7,5,IBOXIG,rolling_mean_z,1,-0.024910076299798384,-0.024910076299798384,-0.024910076299798384
4,0,1,8,5,IBOXIG,rolling_mean_z,1,0.09497797393233387,0.09497797393233387,0.09497797393233387
4,0,1,9,5,IBOXIG,rolling_mean_z,1,-0.07264830444652978,-0.07264830444652978,-0.07264830444652978
4,0,1,10,5,IBOXIG,rolling_mean_z,1,-0.1626999620869549,-0.1626999620869549,-0.1626999620869549
4,0,2,-10,5,IBOXIG,rolling_mean_z,256,0.039916267604001396,-0.23688408366724512,0.26952087059382035
4,0,2,-9,5,IBOXIG,rolling_mean_z,256,0.008994915281686621,-0.28394421198234676,0.2859308865192584
4,0,2,-8,5,IBOXIG,rolling_mean_z,256,0.04995214511212094,-0.19429941424089953,0.28308286722641457
4,0,2,-7,5,IBOXIG,rolling_mean_z,256,0.011436074675553473,-0.22155902747241407,0.27806492847235464
4,0,2,-6,5,IBOXIG,rolling_mean_z,256,0.03747510821013422,-0.24719120110801748,0.25514515416327044
4,0,2,-5,5,IBOXIG,rolling_mean_z,256,0.01658963339593954,-0.17992369781034953,0.24334621709291343
4,0,2,-4,5,IBOXIG,rolling_mean_z,256,0.03747510821013446,-0.21409992932448688,0.25650135382653005
4,0,2,-3,5,IBOXIG,rolling_mean_z,256,0.03449146895096371,-0.20365719191738935,0.3016628026130681
4,0,2,-2,5,IBOXIG,rolling_mean_z,256,0.046154786054994734,-0.18887461558786173,0.28525278668762966
4,0,2,-1,5,IBOXIG,rolling_mean_z,256,0.03205030955709653,-0.27662073380074614,0.2994928831518533
4,0,2,0,5,IBOXIG,rolling_mean_z,256,0.008723675349034843,-0.32680012134134506,0.29108444523964516
4,0,2,1,5,IBOXIG,rolling_mean_z,256,-0.010263119936597537,-0.2579051784477659,0.2958311440610531
4,0,2,2,5,IBOXIG,rolling_mean_z,256,-0.007008240744774186,-0.28530041164560616,0.28810080598047416
4,0,2,3,5,IBOXIG,rolling_mean_z,256,-0.027893715558969745,-0.29072521029864373,0.25853565332141915
4,0,2,4,5,IBOXIG,rolling_mean_z,256,-0.006737000812122728,-0.2804180928578732,0.2585356533214193
4,0,2,5,5,IBOXIG,rolling_mean_z,256,0.015775913597983592,-0.22956060548564453,0.25582325399490013
4,0,2,6,5,IBOXIG,rolling_mean_z,256,0.050765864910076175,-0.22332208703465098,0.28633774641823706
4,0,2,7,5,IBOXIG,rolling_mean_z,256,0.04344238672847563,-0.24203764238763079,0.27562376907848757
4,0,2,8,5,IBOXIG,rolling_mean_z,256,0.008994915281686475,-0.23783342343152652,0.28525278668762954
4,0,2,9,5,IBOXIG,rolling_mean_z,256,0.034762708883615726,-0.23552788400398567,0.27548814911216185
4,0,2,10,5,IBOXIG,rolling_mean_z,256,0.013063514271464927,-0.24651310127638681,0.2640960719407819
4,0,3,-10,5,IBOXIG,rolling_mean_z,1,-0.3742671095554241,-0.3742671095554241,-0.3742671095554241
4,0,3,-9,5,IBOXIG,rolling_mean_z,1,-0.671003595876584,-0.671003595876584,-0.671003595876584
4,0,3,-8,5,IBOXIG,rolling_mean_z,1,-0.645507042207307,-0.645507042207307,-0.645507042207307
4,0,3,-7,5,IBOXIG,rolling_mean_z,1,-0.5077171564201505,-0.5077171564201505,-0.5077171564201505
4,0,3,-6,5,IBOXIG,rolling_mean_z,1,-0.5256189919751747,-0.5256189919751747,-0.5256189919751747
4,0,3,-5,5,IBOXIG,rolling_mean_z,1,-0.328156321004604,-0.328156321004604,-0.328156321004604
4,0,3,-4,5,IBOXIG,rolling_mean_z,1,-0.1518503647808801,-0.1518503647808801,-0.1518503647808801
4,0,3,-3,5,IBOXIG,rolling_mean_z,1,-0.029249915222229018,-0.029249915222229018,-0.029249915222229018
4,0,3,-2,5,IBOXIG,rolling_mean_z,1,-0.11007941515249013,-0.11007941515249013,-0.11007941515249013
4,0,3,-1,5,IBOXIG,rolling_mean_z,1,-0.20447091171534537,-0.20447091171534537,-0.20447091171534537
4,0,3,0,5,IBOXIG,rolling_mean_z,1,-0.9758772801773004,-0.9758772801773004,-0.9758772801773004
4,0,3,1,5,IBOXIG,rolling_mean_z,1,-0.8630414681941172,-0.8630414681941172,-0.8630414681941172
4,0,3,2,5,IBOXIG,rolling_mean_z,1,-1.4207107697263883,-1.4207107697263883,-1.4207107697263883
4,0,3,3,5,IBOXIG,rolling_mean_z,1,-1.3865345382122511,-1.3865345382122511,-1.3865345382122511
4,0,3,4,5,IBOXIG,rolling_mean_z,1,-1.2075161826620082,-1.2075161826620082,-1.2075161826620082
4,0,3,5,5,IBOXIG,rolling_mean_z,1,-0.6650363173582423,-0.6650363173582423,-0.6650363173582423
4,0,3,6,5,IBOXIG,rolling_mean_z,1,-0.9406160889325555,-0.9406160889325555,-0.9406160889325555
4,0,3,7,5,IBOXIG,rolling_mean_z,1,-0.5310437906282123,-0.5310437906282123,-0.5310437906282123
4,0,3,8,5,IBOXIG,rolling_mean_z,1,-0.4339398947388382,-0.4339398947388382,-0.4339398947388382
4,0,3,9,5,IBOXIG,rolling_mean_z,1,-0.6015661731177018,-0.6015661731177018,-0.6015661731177018
4,0,3,10,5,IBOXIG,rolling_mean_z,1,-0.30211728747002314,-0.30211728747002314,-0.30211728747002314
4,1,0,-10,5,IBOXIG,rolling_mean_z,2,-0.6905328710275195,-0.9433284882590744,-0.4377372537959644
4,1,0,-9,5,IBOXIG,rolling_mean_z,2,-0.9918804362037613,-1.595253666387875,-0.3885072060196476
4,1,0,-8,5,IBOXIG,rolling_mean_z,2,-1.0672851374809846,-1.8862941141233454,-0.24827616083862414
4,1,0,-7,5,IBOXIG,rolling_mean_z,2,-0.4285150960858004,-1.0903405317563948,0.23331033958479408
4,1,0,-6,5,IBOXIG,rolling_mean_z,2,-0.2676698160232339,-0.8761966049277334,0.3408569728812656
4,1,0,-5,5,IBOXIG,rolling_mean_z,2,0.11125236989144649,-0.332767399859686,0.555272139642579
4,1,0,-4,5,IBOXIG,rolling_mean_z,2,0.4782399987694441,0.38344164230761085,0.5730383552312774
4,1,0,-3,5,IBOXIG,rolling_mean_z,2,0.7565321696702758,0.6484430565085008,0.864621282832051
4,1,0,-2,5,IBOXIG,rolling_mean_z,2,0.29189816503760047,0.23493777918070524,0.34885855089449574
4,1,0,-1,5,IBOXIG,rolling_mean_z,2,0.1956079889461821,0.17431565423300943,0.21690032365935474
4,1,0,0,5,IBOXIG,rolling_mean_z,2,-0.072919544379182,-0.07820872306589385,-0.06763036569247013
4,1,0,1,5,IBOXIG,rolling_mean_z,2,0.014962193800028084,-0.04620241101297137,0.07612679861302754
4,1,0,2,5,IBOXIG,rolling_mean_z,2,-0.08593906114647235,-0.14303506696969356,-0.02884305532325112
4,1,0,3,5,IBOXIG,rolling_mean_z,2,-0.027351235693665613,-0.03860769289871889,-0.01609477848861233
4,1,0,4,5,IBOXIG,rolling_mean_z,2,0.1850296315727587,0.08005977763648017,0.28999948550903726
4,1,0,5,5,IBOXIG,rolling_mean_z,2,0.4907170356714307,0.29284750480188226,0.6885865665409792
4,1,0,6,5,IBOXIG,rolling_mean_z,2,0.27047021035810176,0.098910952955786,0.4420294677604175
4,1,0,7,5,IBOXIG,rolling_mean_z,2,0.08765449575073274,-0.03752273316811108,0.21283172466957656
4,1,0,8,5,IBOXIG,rolling_mean_z,2,-0.05420398902620205,-0.12825249064016592,0.019844512587761834
4,1,0,9,5,IBOXIG,rolling_mean_z,2,-0.055831428622113335,-0.15049416511762032,0.038831307873393645
4,1,0,10,5,IBOXIG,rolling_mean_z,2,-0.10384089670149661,-0.1517147448145538,-0.05596704858843943
4,1,2,-10,5,IBOXIG,rolling_mean_z,54,0.10311517191189017,-0.45048553063060337,0.4142273746635998
4,1,2,-9,5,IBOXIG,rolling_mean_z,54,0.013063514271464764,-0.3875578662553667,0.38479784197087064
4,1,2,-8,5,IBOXIG,rolling_mean_z,54,-0.1011284973749778,-0.34049773794026417,0.3666247664831944
4,1,2,-7,5,IBOXIG,rolling_mean_z,54,-0.09055014000155445,-0.44275519255002405,0.36052186799852726
4,1,2,-6,5,IBOXIG,rolling_mean_z,54,-0.005923281014166965,-0.45251983012549196,0.3327197749017087
4,1,2,-5,5,IBOXIG,rolling_mean_z,54,-0.11007941515248984,-0.4264807965909112,0.39388437971470835
4,1,2,-4,5,IBOXIG,rolling_mean_z,54,0.009808635079641892,-0.4076296212716055,0.26707971119995344
4,1,2,-3,5,IBOXIG,rolling_mean_z,54,0.08358589676095443,-0.23484978417235594,0.4725439601837549
4,1,2,-2,5,IBOXIG,rolling_mean_z,54,0.15193835978922887,-0.2973705886486149,0.4484036061777372
4,1,2,-1,5,IBOXIG,rolling_mean_z,54,0.003027636763345265,-0.34239641746882743,0.28009922796724374
4,1,2,0,5,IBOXIG,rolling_mean_z,54,0.08602705615482165,-0.35880643339426654,0.41083687550545084
4,1,2,1,5,IBOXIG,rolling_mean_z,54,0.020386992453066067,-0.19294321457764005,0.4195165533503115
4,1,2,2,5,IBOXIG,rolling_mean_z,54,-0.014331718926375008,-0.512328235275232,0.4466405466154992
4,1,2,3,5,IBOXIG,rolling_mean_z,54,-0.032776034346703425,-0.4232259173990892,0.2738607095162506
4,1,2,4,5,IBOXIG,rolling_mean_z,54,-0.0512203497670311,-0.43312617494088224,0.3000353630171573
4,1,2,5,5,IBOXIG,rolling_mean_z,54,-0.03575967360587374,-0.48940846096614854,0.37381262469846943
4,1,2,6,5,IBOXIG,rolling_mean_z,54,-0.016230398454938445,-0.3354797991862044,0.31007124052527696
4,1,2,7,5,IBOXIG,rolling_mean_z,54,-0.08593906114647207,-0.38457422699619576,0.3736770047321428
4,1,2,8,5,IBOXIG,rolling_mean_z,54,0.006011276022515633,-0.30564340659449746,0.44148698789511426
4,1,2,9,5,IBOXIG,rolling_mean_z,54,0.059716782687589016,-0.4096639207664946,0.5559502394742089
4,1,2,10,5,IBOXIG,rolling_mean_z,54,0.03476270888361581,-0.4571309089805738,0.5600188384639864
4,1,3,-10,5,IBOXIG,rolling_mean_z,7,-0.3471431162902361,-0.80011380381888,-0.06071374740984701
4,1,3,-9,5,IBOXIG,rolling_mean_z,7,-0.495782599383467,-0.6821244331153111,-0.09516121885663659
4,1,3,-8,5,IBOXIG,rolling_mean_z,7,-0.27119593514770884,-0.7936040454352351,0.25528077412959654
4,1,3,-7,5,IBOXIG,rolling_mean_z,7,-0.4111557403960804,-0.6867355119703931,-0.20202975232147807
4,1,3,-6,5,IBOXIG,rolling_mean_z,7,-0.40518846187773816,-0.768107491765958,-0.07454698397509346
4,1,3,-5,5,IBOXIG,rolling_mean_z,7,-0.2256276264621925,-0.6208242083359856,0.17499375406463918
4,1,3,-4,5,IBOXIG,rolling_mean_z,7,0.32010711803339587,-0.7184705840906631,0.5748014147935147
4,1,3,-3,5,IBOXIG,rolling_mean_z,7,0.09280805447111877,-0.6615101982337681,0.677330109335926
4,1,3,-2,5,IBOXIG,rolling_mean_z,7,-0.515311874534403,-1.1554381155928466,0.6198272436137269
4,1,3,-1,5,IBOXIG,rolling_mean_z,7,-0.11116437488309723,-1.7857997190758224,0.9092402517532858
4,1,3,0,5,IBOXIG,rolling_mean_z,7,-0.410613260530776,-1.736705291265832,0.30898628079466905
4,1,3,1,5,IBOXIG,rolling_mean_z,7,-1.4527170817793102,-1.576944970933873,-0.7021961881315504
4,1,3,2,5,IBOXIG,rolling_mean_z,7,-1.5650104138971903,-2.009030183648322,-1.166558952831574
4,1,3,3,5,IBOXIG,rolling_mean_z,7,-1.0561643002422576,-2.8251911409978385,-0.23566350397031233
4,1,3,4,5,IBOXIG,rolling_mean_z,7,-1.5579581756482415,-3.77046230628965,0.16794151581569028
4,1,3,5,5,IBOXIG,rolling_mean_z,7,-1.834622906953162,-3.1647835366779953,0.18421591177480268
4,1,3,6,5,IBOXIG,rolling_mean_z,7,-1.9366091216302697,-3.2787043083917866,0.4627793226082869
4,1,3,7,5,IBOXIG,rolling_mean_z,7,-1.3360839107390012,-3.7528317106672775,0.2503984553418621
4,1,3,8,5,IBOXIG,rolling_mean_z,7,-1.3176395953186724,-1.9330830025057955,-0.2435294620172165
4,1,3,9,5,IBOXIG,rolling_mean_z,7,0.054834463899855156,-0.8462245923697003,0.250669695274514
4,1,3,10,5,IBOXIG,rolling_mean_z,7,-0.19416379427457325,-0.8161169598453413,0.37327014483316523
4,2,0,-10,5,IBOXIG,rolling_mean_z,256,0.017403353193895195,-0.26210939740387035,0.27738682864072434
4,2,0,-9,5,IBOXIG,rolling_mean_z,256,0.030422869961185473,-0.2516666599967726,0.29433932443146765
4,2,0,-8,5,IBOXIG,rolling_mean_z,256,0.007638715618427501,-0.2598038579763293,0.3034258621753055
4,2,0,-7,5,IBOXIG,rolling_mean_z,256,0.04100122733460888,-0.22942498551931817,0.29176254507127464
4,2,0,-6,5,IBOXIG,rolling_mean_z,256,0.06812522059979734,-0.20365719191738935,0.3016628026130681
4,2,0,-5,5,IBOXIG,rolling_mean_z,256,0.07409249911813874,-0.22888250565401538,0.3154960391783146
4,2,0,-4,5,IBOXIG,rolling_mean_z,256,0.013877234069420675,-0.24651310127638693,0.28281162729376275
4,2,0,-3,5,IBOXIG,rolling_mean_z,256,0.03503394881626768,-0.2069120711092121,0.2727757497856431
4,2,0,-2,5,IBOXIG,rolling_mean_z,256,0.01713211326124323,-0.24569938147843126,0.24904225567860316
4,2,0,-1,5,IBOXIG,rolling_mean_z,256,-0.011619319599856494,-0.31852730339546165,0.22029082281750356
4,2,0,0,5,IBOXIG,rolling_mean_z,256,-0.010805599801900545,-0.25912575814469957,0.2746744293142061
4,2,0,1,5,IBOXIG,rolling_mean_z,256,0.014962193800028223,-0.24502128164680217,0.30396834204060946
4,2,0,2,5,IBOXIG,rolling_mean_z,256,0.014962193800028258,-0.2615669175385664,0.2604343328499823
4,2,0,3,5,IBOXIG,rolling_mean_z,256,0.051850824640684356,-0.18955271541949148,0.2753525291458357
4,2,0,4,5,IBOXIG,rolling_mean_z,256,0.0944354940670296,-0.13720340841767822,0.26301111221017526
4,2,0,5,5,IBOXIG,rolling_mean_z,256,0.07219381958957562,-0.17626195871954908,0.3159028990772921
4,2,0,6,5,IBOXIG,rolling_mean_z,256,0.029609150163229393,-0.19457065417355138,0.2923050249365786
4,2,0,7,5,IBOXIG,rolling_mean_z,256,0.05863182295698144,-0.17517699898894187,0.33136357523844956
4,2,0,8,5,IBOXIG,rolling_mean_z,256,0.05564818369781031,-0.2219658873713915,0.31793719857218106
4,2,0,9,5,IBOXIG,rolling_mean_z,256,0.06785398066714497,-0.213693069425509,0.2853884066539556
4,2,0,10,5,IBOXIG,rolling_mean_z,256,0.010351114944946277,-0.23376482444174834,0.26179053251324147
4,2,1,-10,5,IBOXIG,rolling_mean_z,51,0.04615478605499401,-0.41495309945320674,0.39795297870448687
4,2,1,-9,5,IBOXIG,rolling_mean_z,51,0.10799749069962412,-0.33683599884946447,0.39686801897387913
4,2,1,-8,5,IBOXIG,rolling_mean_z,51,0.04072998740195692,-0.4521129702265144,0.3296005156762122
4,2,1,-7,5,IBOXIG,rolling_mean_z,51,0.059174302822285266,-0.3135093646414029,0.38927330085962664
4,2,1,-6,5,IBOXIG,rolling_mean_z,51,-0.0482367105078604,-0.3183916834291358,0.3713714653046022
4,2,1,-5,5,IBOXIG,rolling_mean_z,51,-0.08349790175260571,-0.38267554746763227,0.28674460631721455
4,2,1,-4,5,IBOXIG,rolling_mean_z,51,-0.1019422171729335,-0.4743546447039689,0.40636141661669534
4,2,1,-3,5,IBOXIG,rolling_mean_z,51,0.008723675349034399,-0.3870153863900625,0.4139561347309477
4,2,1,-2,5,IBOXIG,rolling_mean_z,51,0.055919423630462636,-0.4621488477346337,0.35509706934548957
4,2,1,-1,5,IBOXIG,rolling_mean_z,51,-0.06885094538940421,-0.4824918426835248,0.3439762321067622
4,2,1,0,5,IBOXIG,rolling_mean_z,51,-0.11713165340143865,-0.40898582093486535,0.4497598058409966
4,2,1,1,5,IBOXIG,rolling_mean_z,51,0.09280805447111877,-0.3658586716432157,0.40093661796365726
4,2,1,2,5,IBOXIG,rolling_mean_z,51,-0.009720640071293007,-0.38430298706354327,0.40581893675139086
4,2,1,3,5,IBOXIG,rolling_mean_z,51,0.09389301420172572,-0.483848042346785,0.5069914316305435
4,2,1,4,5,IBOXIG,rolling_mean_z,51,0.05266454443864008,-0.48927284099982193,0.4424363276593958
4,2,1,5,5,IBOXIG,rolling_mean_z,51,-0.014602958859027404,-0.40518846187773827,0.38981578072492973
4,2,1,6,5,IBOXIG,rolling_mean_z,51,-0.09326253932807287,-0.5261614718404779,0.44080888806348406
4,2,1,7,5,IBOXIG,rolling_mean_z,51,-0.1518503647808796,-0.6322162855073642,0.40527645688608754
4,2,1,8,5,IBOXIG,rolling_mean_z,51,-0.16812476073999294,-0.47733828396313954,0.26857153082953855
4,2,1,9,5,IBOXIG,rolling_mean_z,51,-0.11713165340143943,-0.526161471840478,0.1516671198565771
4,2,1,10,5,IBOXIG,rolling_mean_z,51,-0.18168675737258794,-0.5090733560834095,0.09877533298946023
4,2,3,-10,5,IBOXIG,rolling_mean_z,8,0.16333043696060826,0.09918219288843792,0.5666642168139581
4,2,3,-9,5,IBOXIG,rolling_mean_z,8,0.09687665346089691,0.06581968117225642,0.4759344593419032
4,2,3,-8,5,IBOXIG,rolling_mean_z,8,0.03340650922035637,-0.20501339158064874,0.5946019298771018
4,2,3,-7,5,IBOXIG,rolling_mean_z,8,0.14895472053005848,-0.23145928501420734,0.3728632849341876
4,2,3,-6,5,IBOXIG,rolling_mean_z,8,-0.0021259219570403387,-0.18751841592460247,0.21757842349098472
4,2,3,-5,5,IBOXIG,rolling_mean_z,8,-0.2096244704357308,-0.34063335790659033,0.12440750662506295
4,2,3,-4,5,IBOXIG,rolling_mean_z,8,-0.10899445542188256,-0.39908556339307144,0.24009133790109113
4,2,3,-3,5,IBOXIG,rolling_mean_z,8,-0.12716753090955843,-0.2858428915109104,0.12834048564851536
4,2,3,-2,5,IBOXIG,rolling_mean_z,8,-0.12581133124629906,-0.23783342343152675,0.18502963157275892
4,2,3,-1,5,IBOXIG,rolling_mean_z,8,-0.04091323232625996,-0.3053721666618455,0.41137935537075515
4,2,3,0,5,IBOXIG,rolling_mean_z,8,0.0738212591854869,-0.4976812789120309,0.532352365333495
4,2,3,1,5,IBOXIG,rolling_mean_z,8,0.24334621709291374,0.06527720130695241,0.28986386554271165
4,2,3,2,5,IBOXIG,rolling_mean_z,8,-0.056916388352720726,-0.4224121976011328,0.27169079005503527
4,2,3,3,5,IBOXIG,rolling_mean_z,8,-0.01623039845493826,-0.44736627140510604,0.42141523287887456
4,2,3,4,5,IBOXIG,rolling_mean_z,8,-0.3186629233617877,-0.6547291999174706,0.20672882618490934
4,2,3,5,5,IBOXIG,rolling_mean_z,8,-0.008635680340685847,-0.8787733842879257,0.749615551387653
4,2,3,6,5,IBOXIG,rolling_mean_z,8,-0.06206994707310648,-0.5142269148037952,0.5554077596089045
4,2,3,7,5,IBOXIG,rolling_mean_z,8,0.2645029318397606,-0.18806089578990626,0.5870072117628493
4,2,3,8,5,IBOXIG,rolling_mean_z,8,0.22598686140319318,-0.5778326790106618,0.4782399987694441
4,2,3,9,5,IBOXIG,rolling_mean_z,8,0.460609403147072,-0.8525987307870198,0.6012473082270732
4,2,3,10,5,IBOXIG,rolling_mean_z,8,0.1790623530544174,-0.9684181820293732,0.643018257855463
4,3,1,-10,5,IBOXIG,rolling_mean_z,11,0.056461903495766366,-0.544063307395503,0.2851171667213036
4,3,1,-9,5,IBOXIG,rolling_mean_z,11,0.21540850402976983,-0.4437045323143064,0.43809648873696566
4,3,1,-8,5,IBOXIG,rolling_mean_z,11,0.103657651777194,-0.35636527400039986,0.31196992005384006
4,3,1,-7,5,IBOXIG,rolling_mean_z,11,0.1839446718421513,-0.3227315223515661,0.34234879251085093
4,3,1,-6,5,IBOXIG,rolling_mean_z,11,0.08901069541399236,-0.2096244704357308,0.3816785827453736
4,3,1,-5,5,IBOXIG,rolling_mean_z,11,-0.21152314996429417,-0.4550966094856849,0.5097038309570624
4,3,1,-4,5,IBOXIG,rolling_mean_z,11,-0.13774588828298207,-0.40817210113690905,0.57561513459147
4,3,1,-3,5,IBOXIG,rolling_mean_z,11,-0.11387677420961606,-0.6815819532500074,1.016651265083432
4,3,1,-2,5,IBOXIG,rolling_mean_z,11,-0.40518846187773816,-1.4160996908713064,0.444335007187959
4,3,1,-1,5,IBOXIG,rolling_mean_z,11,0.17960483291972124,-1.1692713521580933,0.500210433314247
4,3,1,0,5,IBOXIG,rolling_mean_z,11,0.12752676585055958,-1.5053376287137759,0.25229713487042593
4,3,1,1,5,IBOXIG,rolling_mean_z,11,-0.24135954255600103,-1.7741364019717918,0.3458749116353249
4,3,1,2,5,IBOXIG,rolling_mean_z,11,-0.3455156766943241,-1.418812090197825,0.08711201588542883
4,3,1,3,5,IBOXIG,rolling_mean_z,11,-0.45618156921629227,-0.663408877762331,0.6653955522992431
4,3,1,4,5,IBOXIG,rolling_mean_z,11,0.16061803763408916,-0.6357424046318392,0.7391728139805549
4,3,1,5,5,IBOXIG,rolling_mean_z,11,0.18068979265032797,-0.3409045978392421,0.6526472754646051
4,3,1,6,5,IBOXIG,rolling_mean_z,11,0.40907381594321385,-0.6688336764153686,0.5170273091386632
4,3,1,7,5,IBOXIG,rolling_mean_z,11,0.3168522388415741,-0.5494881060485401,0.56123941816092
4,3,1,8,5,IBOXIG,rolling_mean_z,11,0.3754400642943798,-0.3460581565596278,0.6122325254994745
4,3,1,9,5,IBOXIG,rolling_mean_z,11,0.19642170874413717,-0.7719048508230841,0.6233533627382016
4,3,1,10,5,IBOXIG,rolling_mean_z,11,-0.16053004262574017,-0.6476769616685216,0.4790537185674001
4,3,2,-10,5,IBOXIG,rolling_mean_z,5,-0.2880128109721249,-0.5256189919751747,-0.04335439172012656
4,3,2,-9,5,IBOXIG,rolling_mean_z,5,-0.328156321004604,-0.7957739648964497,0.062429182014107784
4,3,2,-8,5,IBOXIG,rolling_mean_z,5,-0.1518503647808801,-0.5060897168242388,0.09877533298946009
4,3,2,-7,5,IBOXIG,rolling_mean_z,5,-0.30211728747002276,-0.3905415055145373,-0.029249915222229018
4,3,2,-6,5,IBOXIG,rolling_mean_z,5,-0.3813193478043734,-0.4247177370286739,-0.11007941515249013
4,3,2,-5,5,IBOXIG,rolling_mean_z,5,-0.20447091171534537,-0.2565489787845072,-0.042811911854822714
4,3,2,-4,5,IBOXIG,rolling_mean_z,5,-0.24352946201721687,-0.4111557403960804,0.23710769864192044
4,3,2,-3,5,IBOXIG,rolling_mean_z,5,-0.22942498551931897,-0.33303863979233816,0.04344238672847607
4,3,2,-2,5,IBOXIG,rolling_mean_z,5,0.10420013164249775,-0.2256276264621925,0.27670872880909536
4,3,2,-1,5,IBOXIG,rolling_mean_z,5,0.32010711803339587,-0.6905328710275189,0.3293292757435606
4,3,2,0,5,IBOXIG,rolling_mean_z,5,0.2555520140622484,-0.6666637569541533,0.7285944566071315
4,3,2,1,5,IBOXIG,rolling_mean_z,5,0.2685715308295382,-0.6650363173582423,0.31305487978444757
4,3,2,2,5,IBOXIG,rolling_mean_z,5,0.18611459130336638,-0.9406160889325555,0.5175697890039667
4,3,2,3,5,IBOXIG,rolling_mean_z,5,0.5251645071182194,-0.5310437906282123,0.7437838928356377
4,3,2,4,5,IBOXIG,rolling_mean_z,5,-0.4339398947388382,-0.6514743207256487,0.6461375170809599
4,3,2,5,5,IBOXIG,rolling_mean_z,5,-0.6015661731177018,-1.0973927700053436,0.6211834432769866
4,3,2,6,5,IBOXIG,rolling_mean_z,5,-0.30211728747002314,-0.8440546729084856,0.5457787419997624
4,3,2,7,5,IBOXIG,rolling_mean_z,5,0.10637005110371249,-0.8966752198429502,0.590262090954672
4,3,2,8,5,IBOXIG,rolling_mean_z,5,-0.047151750777252935,-0.29777744854759264,0.253382094601033
4,3,2,9,5,IBOXIG,rolling_mean_z,5,0.005468796157212352,-0.01568791858963483,0.30383272207428286
4,3,2,10,5,IBOXIG,rolling_mean_z,5,0.19262434968701156,-0.15510524397270264,0.2810485677315247
4,0,1,-10,5,JPEICORE,rolling_mean_z,1,0.2222666083102096,0.2222666083102096,0.2222666083102096
4,0,1,-9,5,JPEICORE,rolling_mean_z,1,0.3527721013839276,0.3527721013839276,0.3527721013839276
4,0,1,-8,5,JPEICORE,rolling_mean_z,1,0.2888281491902148,0.2888281491902148,0.2888281491902148
4,0,1,-7,5,JPEICORE,rolling_mean_z,1,0.3860528718239302,0.3860528718239302,0.3860528718239302
4,0,1,-6,5,JPEICORE,rolling_mean_z,1,0.38343528313763786,0.38343528313763786,0.38343528313763786
4,0,1,-5,5,JPEICORE,rolling_mean_z,1,0.32659621452100424,0.32659621452100424,0.32659621452100424
4,0,1,-4,5,JPEICORE,rolling_mean_z,1,0.2753662645178542,0.2753662645178542,0.2753662645178542
4,0,1,-3,5,JPEICORE,rolling_mean_z,1,0.3456672178068484,0.3456672178068484,0.3456672178068484
4,0,1,-2,5,JPEICORE,rolling_mean_z,1,0.3523981601430287,0.3523981601430287,0.3523981601430287
4,0,1,-1,5,JPEICORE,rolling_mean_z,1,0.2585389086774035,0.2585389086774035,0.2585389086774035
4,0,1,0,5,JPEICORE,rolling_mean_z,1,0.288080266708417,0.288080266708417,0.288080266708417
4,0,1,1,5,JPEICORE,rolling_mean_z,1,0.3064033875124634,0.3064033875124634,0.3064033875124634
4,0,1,2,5,JPEICORE,rolling_mean_z,1,0.20992654736054575,0.20992654736054575,0.20992654736054575
4,0,1,3,5,JPEICORE,rolling_mean_z,1,0.06670705209626496,0.06670705209626496,0.06670705209626496
4,0,1,4,5,JPEICORE,rolling_mean_z,1,0.012111630925024767,0.012111630925024767,0.012111630925024767
4,0,1,5,5,JPEICORE,rolling_mean_z,1,-0.07613850192711691,-0.07613850192711691,-0.07613850192711691
4,0,1,6,5,JPEICORE,rolling_mean_z,1,0.03903540026974596,0.03903540026974596,0.03903540026974596
4,0,1,7,5,JPEICORE,rolling_mean_z,1,0.0977441750908741,0.0977441750908741,0.0977441750908741
4,0,1,8,5,JPEICORE,rolling_mean_z,1,0.12466794443559528,0.12466794443559528,0.12466794443559528
4,0,1,9,5,JPEICORE,rolling_mean_z,1,0.0622197572054781,0.0622197572054781,0.0622197572054781
4,0,1,10,5,JPEICORE,rolling_mean_z,1,0.1396255940715515,0.1396255940715515,0.1396255940715515
4,0,2,-10,5,JPEICORE,rolling_mean_z,256,0.002389158661653422,-0.18299221151397907,0.18608779325324076
4,0,2,-9,5,JPEICORE,rolling_mean_z,256,0.01940348512255356,-0.18187038779128223,0.17926336560683567
4,0,2,-8,5,JPEICORE,rolling_mean_z,256,0.007998277275137012,-0.17747657821072022,0.19057508814402804
4,0,2,-7,5,JPEICORE,rolling_mean_z,256,0.013046484027272385,-0.21907754126072293,0.17842199781481316
4,0,2,-6,5,JPEICORE,rolling_mean_z,256,0.018655602640755935,-0.18383357930600153,0.20805684115605122
4,0,2,-5,5,JPEICORE,rolling_mean_z,256,0.005006747347945742,-0.20290458259184557,0.17795457126368974
4,0,2,-4,5,JPEICORE,rolling_mean_z,256,0.004258864866147887,-0.18327266744465293,0.1872096169759374
4,0,2,-3,5,JPEICORE,rolling_mean_z,256,0.012672542786373215,-0.1871055651638668,0.17851548312503784
4,0,2,-2,5,JPEICORE,rolling_mean_z,256,-0.005650578017673102,-0.2072049068621831,0.19216433841784797
4,0,2,-1,5,JPEICORE,rolling_mean_z,256,-0.02004731579228087,-0.19505181653296866,0.18749007290661168
4,0,2,0,5,JPEICORE,rolling_mean_z,256,-0.03668770101228227,-0.3016250701891568,0.1672972458980707
4,0,2,1,5,JPEICORE,rolling_mean_z,256,-0.028087052471607456,-0.3134977045876969,0.15149822847009195
4,0,2,2,5,JPEICORE,rolling_mean_z,256,-0.06043296980936272,-0.30611236507994366,0.14607608047705772
4,0,2,3,5,JPEICORE,rolling_mean_z,256,-0.07913003185430784,-0.35425729984567766,0.12737901843211266
4,0,2,4,5,JPEICORE,rolling_mean_z,256,-0.10362318313318619,-0.33210128132241756,0.11569335465402177
4,0,2,5,5,JPEICORE,rolling_mean_z,256,-0.02752614061025878,-0.3011576436380328,0.1370080053852593
4,0,2,6,5,JPEICORE,rolling_mean_z,256,-0.022103992617224823,-0.27264462401949163,0.1877705288372858
4,0,2,7,5,JPEICORE,rolling_mean_z,256,-0.007520284222167606,-0.26217426927432175,0.1784219978148132
4,0,2,8,5,JPEICORE,rolling_mean_z,256,0.00799827727513689,-0.21328145202679044,0.17337379106267792
4,0,2,9,5,JPEICORE,rolling_mean_z,256,0.009307071618283152,-0.21561858478240858,0.18552688139189238
4,0,2,10,5,JPEICORE,rolling_mean_z,256,0.008559189136485401,-0.23824202985679224,0.17945033622728512
4,0,3,-10,5,JPEICORE,rolling_mean_z,1,-0.0009763125064367717,-0.0009763125064367717,-0.0009763125064367717
4,0,3,-9,5,JPEICORE,rolling_mean_z,1,-0.3285488395338779,-0.3285488395338779,-0.3285488395338779
4,0,3,-8,5,JPEICORE,rolling_mean_z,1,-0.45007974282602214,-0.45007974282602214,-0.45007974282602214
4,0,3,-7,5,JPEICORE,rolling_mean_z,1,-0.509910341369847,-0.509910341369847,-0.509910341369847
4,0,3,-6,5,JPEICORE,rolling_mean_z,1,-0.5704888223954697,-0.5704888223954697,-0.5704888223954697
4,0,3,-5,5,JPEICORE,rolling_mean_z,1,-0.48635204319321607,-0.48635204319321607,-0.48635204319321607
4,0,3,-4,5,JPEICORE,rolling_mean_z,1,-0.25563029755859135,-0.25563029755859135,-0.25563029755859135
4,0,3,-3,5,JPEICORE,rolling_mean_z,1,-0.186077226751395,-0.186077226751395,-0.186077226751395
4,0,3,-2,5,JPEICORE,rolling_mean_z,1,-0.049962615064193396,-0.049962615064193396,-0.049962615064193396
4,0,3,-1,5,JPEICORE,rolling_mean_z,1,0.18861189662930827,0.18861189662930827,0.18861189662930827
4,0,3,0,5,JPEICORE,rolling_mean_z,1,-0.24179447164533188,-0.24179447164533188,-0.24179447164533188
4,0,3,1,5,JPEICORE,rolling_mean_z,1,-0.9324639435856101,-0.9324639435856101,-0.9324639435856101
4,0,3,2,5,JPEICORE,rolling_mean_z,1,-2.0453130765007526,-2.0453130765007526,-2.0453130765007526
4,0,3,3,5,JPEICORE,rolling_mean_z,1,-1.6567881272067901,-1.6567881272067901,-1.6567881272067901
4,0,3,4,5,JPEICORE,rolling_mean_z,1,-1.754760732322303,-1.754760732322303,-1.754760732322303
4,0,3,5,5,JPEICORE,rolling_mean_z,1,-1.2338605837501277,-1.2338605837501277,-1.2338605837501277
4,0,3,6,5,JPEICORE,rolling_mean_z,1,-0.7798959172988567,-0.7798959172988567,-0.7798959172988567
4,0,3,7,5,JPEICORE,rolling_mean_z,1,0.3890444017511216,0.3890444017511216,0.3890444017511216
4,0,3,8,5,JPEICORE,rolling_mean_z,1,-0.061180852291160506,-0.061180852291160506,-0.061180852291160506
4,0,3,9,5,JPEICORE,rolling_mean_z,1,-0.22795864573207228,-0.22795864573207228,-0.22795864573207228
4,0,3,10,5,JPEICORE,rolling_mean_z,1,-0.30798207128443805,-0.30798207128443805,-0.30798207128443805
4,1,0,-10,5,JPEICORE,rolling_mean_z,2,-0.3526680495718574,-0.7220285102697512,0.01669241112603642
4,1,0,-9,5,JPEICORE,rolling_mean_z,2,-0.7509154711291917,-1.3180908482626064,-0.18374009399577684
4,1,0,-8,5,JPEICORE,rolling_mean_z,2,-0.8185988357318936,-1.3911963608583426,-0.24600131060544467
4,1,0,-7,5,JPEICORE,rolling_mean_z,2,-0.6224666548804176,-1.0713831145795536,-0.17355019518128179
4,1,0,-6,5,JPEICORE,rolling_mean_z,2,-0.5566529964822104,-1.0078131036267397,-0.10549288933768097
4,1,0,-5,5,JPEICORE,rolling_mean_z,2,-0.33266219318376605,-0.6751923698471635,0.00986798347963136
4,1,0,-4,5,JPEICORE,rolling_mean_z,2,0.06334158092817488,-0.03425708294643942,0.16094024480278918
4,1,0,-3,5,JPEICORE,rolling_mean_z,2,0.16187509790503646,0.09877251350334618,0.22497768230672674
4,1,0,-2,5,JPEICORE,rolling_mean_z,2,0.12223732636975249,0.030154295798397027,0.21432035694110793
4,1,0,-1,5,JPEICORE,rolling_mean_z,2,0.1643057159708793,0.1414953002760461,0.18711613166571253
4,1,0,0,5,JPEICORE,rolling_mean_z,2,0.007250394793339051,-0.022477933858123904,0.036978723444802006
4,1,0,1,5,JPEICORE,rolling_mean_z,2,-0.17074563587453995,-0.2621742692743223,-0.07931700247475759
4,1,0,2,5,JPEICORE,rolling_mean_z,2,-0.29021986234174024,-0.3972605425490519,-0.18317918213442858
4,1,0,3,5,JPEICORE,rolling_mean_z,2,-0.320696073475001,-0.5005618103473745,-0.1408303366026275
4,1,0,4,5,JPEICORE,rolling_mean_z,2,-0.09315282838801713,-0.18860133012746275,0.0022956733514284955
4,1,0,5,5,JPEICORE,rolling_mean_z,2,-0.07707335502936417,-0.1779440047618439,0.023797294703115562
4,1,0,6,5,JPEICORE,rolling_mean_z,2,0.02033833822480071,-0.0006023712655379813,0.041279047715139405
4,1,0,7,5,JPEICORE,rolling_mean_z,2,0.0788601424254794,0.04847741660244335,0.10924286824851545
4,1,0,8,5,JPEICORE,rolling_mean_z,2,0.034361134758509666,-0.022571419168348664,0.091293688685368
4,1,0,9,5,JPEICORE,rolling_mean_z,2,-0.19299513970802473,-0.39464295386275944,0.008652674446709946
4,1,0,10,5,JPEICORE,rolling_mean_z,2,-0.2576869743835354,-0.48812826408748583,-0.02724568467958499
4,1,2,-10,5,JPEICORE,rolling_mean_z,54,-0.1677541059473486,-0.48551067540119336,0.17786108595346473
4,1,2,-9,5,JPEICORE,rolling_mean_z,54,-0.053888998093631915,-0.43867453497860565,0.18347020456694832
4,1,2,-8,5,JPEICORE,rolling_mean_z,54,-0.05071049754599123,-0.3512657699184865,0.19412752993256704
4,1,2,-7,5,JPEICORE,rolling_mean_z,54,-0.10100559444689408,-0.280403904768144,0.23881350821998648
4,1,2,-6,5,JPEICORE,rolling_mean_z,54,-0.10268833003093905,-0.3260247361578102,0.2865845017448215
4,1,2,-5,5,JPEICORE,rolling_mean_z,54,-0.006959372360819315,-0.3373364586950023,0.264895909772685
4,1,2,-4,5,JPEICORE,rolling_mean_z,54,-0.025282493164865586,-0.5444999061529958,0.31313432984864353
4,1,2,-3,5,JPEICORE,rolling_mean_z,54,-0.03182646488059652,-0.570675793015919,0.3163128303962844
4,1,2,-2,5,JPEICORE,rolling_mean_z,54,0.018842573261205097,-0.43988984401152703,0.26760698376920194
4,1,2,-1,5,JPEICORE,rolling_mean_z,54,-0.10137953568779286,-0.331914310701968,0.2803209859597648
4,1,2,0,5,JPEICORE,rolling_mean_z,54,-0.007707254842617033,-0.3783765098836569,0.22105129927728828
4,1,2,1,5,JPEICORE,rolling_mean_z,54,0.022021073808845777,-0.20570914189858758,0.3624010883370746
4,1,2,2,5,JPEICORE,rolling_mean_z,54,-0.007520284222167696,-0.28984592110084123,0.2653633363238086
4,1,2,3,5,JPEICORE,rolling_mean_z,54,-0.0937137402493653,-0.3440674010311825,0.17963730684773468
4,1,2,4,5,JPEICORE,rolling_mean_z,54,-0.18402054992645078,-0.36267097776590296,0.17197151140930692
4,1,2,5,5,JPEICORE,rolling_mean_z,54,-0.13484727674824493,-0.48859569063860947,0.22105129927728834
4,1,2,6,5,JPEICORE,rolling_mean_z,54,-0.009389990426662139,-0.3840791138073655,0.13093146022065222
4,1,2,7,5,JPEICORE,rolling_mean_z,54,0.04670119570817363,-0.1471873376979087,0.19132297062582537
4,1,2,8,5,JPEICORE,rolling_mean_z,54,0.04464451888322964,-0.18953618322970972,0.3099558293010029
4,1,2,9,5,JPEICORE,rolling_mean_z,54,0.10746664735424574,-0.15681632465105558,0.30827309371695794
4,1,2,10,5,JPEICORE,rolling_mean_z,54,0.12317217947199988,-0.32499639774533834,0.3734323549435923
4,1,3,-10,5,JPEICORE,rolling_mean_z,7,-0.36706478734646475,-0.49607451545658754,0.042961783299184604
4,1,3,-9,5,JPEICORE,rolling_mean_z,7,-0.07090332455453204,-0.21057037803027334,0.11924579644256145
4,1,3,-8,5,JPEICORE,rolling_mean_z,7,-0.24441206033162427,-0.46129798005298933,0.16897998148211585
4,1,3,-7,5,JPEICORE,rolling_mean_z,7,-0.20365246507364348,-0.6991246092646932,0.03380022289716156
4,1,3,-6,5,JPEICORE,rolling_mean_z,7,-0.7114646702143567,-0.8436528988721201,-0.03369617108509099
4,1,3,-5,5,JPEICORE,rolling_mean_z,7,-0.5177631074287241,-0.8784294342757182,-0.035191936048686645
4,1,3,-4,5,JPEICORE,rolling_mean_z,7,-0.34724590157882324,-0.9721017151208939,0.10634482363154907
4,1,3,-3,5,JPEICORE,rolling_mean_z,7,-0.8868431121959439,-1.213293815500688,-0.1628928698156628
4,1,3,-2,5,JPEICORE,rolling_mean_z,7,-1.2409654673272068,-1.4744917722685735,-0.10811047802397322
4,1,3,-1,5,JPEICORE,rolling_mean_z,7,-0.3509853139878123,-1.4038168777386804,0.06465037527132117
4,1,3,0,5,JPEICORE,rolling_mean_z,7,-1.617150355671506,-1.8319795985679268,-1.296682712221144
4,1,3,1,5,JPEICORE,rolling_mean_z,7,-1.6964258987420735,-1.8476851306856812,-1.3279068058362025
4,1,3,2,5,JPEICORE,rolling_mean_z,7,-1.4013862596728377,-2.8767714256394683,-1.0943805008948362
4,1,3,3,5,JPEICORE,rolling_mean_z,7,-1.4574774458076731,-3.6313848497734593,-0.6413506875458126
4,1,3,4,5,JPEICORE,rolling_mean_z,7,-2.098038791467498,-4.939992222299179,-0.18233781434240598
4,1,3,5,5,JPEICORE,rolling_mean_z,7,-1.636969241439148,-3.2522084315019697,0.05904125665783741
4,1,3,6,5,JPEICORE,rolling_mean_z,7,-1.1194345640350627,-3.5433216875417677,0.28901511981066424
4,1,3,7,5,JPEICORE,rolling_mean_z,7,0.14411288896233837,-3.2365028993842158,0.2342327280189747
4,1,3,8,5,JPEICORE,rolling_mean_z,7,-0.43886150559905523,-2.4768412684980894,0.566853461798551
4,1,3,9,5,JPEICORE,rolling_mean_z,7,0.6586560364392322,-0.8358001328132431,0.9972598300731913
4,1,3,10,5,JPEICORE,rolling_mean_z,7,0.4088632875187635,-2.1060785281468246,1.210593308006017
4,2,0,-10,5,JPEICORE,rolling_mean_z,256,0.0022021880412038345,-0.20701793624173362,0.18571385201234186
4,2,0,-9,5,JPEICORE,rolling_mean_z,256,0.006128571070642381,-0.207578848103082,0.17748714471256583
4,2,0,-8,5,JPEICORE,rolling_mean_z,256,0.007998277275137043,-0.22356483615150982,0.1715975701684081
4,2,0,-7,5,JPEICORE,rolling_mean_z,256,0.0014543055594061745,-0.1722414008381354,0.187022646355488
4,2,0,-6,5,JPEICORE,rolling_mean_z,256,0.012298601545474287,-0.22291043897993681,0.19272525027919626
4,2,0,-5,5,JPEICORE,rolling_mean_z,256,0.005941600450192997,-0.21122477520184632,0.24087018504493027
4,2,0,-4,5,JPEICORE,rolling_mean_z,256,-0.005837548638122625,-0.2469361637076917,0.18066564526020654
4,2,0,-3,5,JPEICORE,rolling_mean_z,256,-0.005463607397223699,-0.22459317456398212,0.2373177432563907
4,2,0,-2,5,JPEICORE,rolling_mean_z,256,-0.022477933858123897,-0.21524464354150957,0.2240428292044796
4,2,0,-1,5,JPEICORE,rolling_mean_z,256,-0.0017241949882346314,-0.22655636607870133,0.21721840155807468
4,2,0,0,5,JPEICORE,rolling_mean_z,256,-0.005089666156324812,-0.18364660868555205,0.2197425049341426
4,2,0,1,5,JPEICORE,rolling_mean_z,256,0.02781716304277895,-0.17644823979824797,0.19515586834503926
4,2,0,2,5,JPEICORE,rolling_mean_z,256,0.011363748443227201,-0.2008479057669016,0.17851548312503782
4,2,0,3,5,JPEICORE,rolling_mean_z,256,0.012859513406822724,-0.19813683177038455,0.18178746898290327
4,2,0,4,5,JPEICORE,rolling_mean_z,256,0.0070634241728897654,-0.17691566634937175,0.17842199781481338
4,2,0,5,5,JPEICORE,rolling_mean_z,256,-0.019112462690033753,-0.20524171534746383,0.1710366583070598
4,2,0,6,5,JPEICORE,rolling_mean_z,256,0.004258864866147852,-0.22618242483780243,0.15392884653593483
4,2,0,7,5,JPEICORE,rolling_mean_z,256,0.013794366509070028,-0.20112836169757592,0.20413045812661285
4,2,0,8,5,JPEICORE,rolling_mean_z,256,0.02893898676547567,-0.20066093514645225,0.2136659597695348
4,2,0,9,5,JPEICORE,rolling_mean_z,256,0.005380688588844707,-0.19177983067510315,0.18169398367267853
4,2,0,10,5,JPEICORE,rolling_mean_z,256,0.013607395888620536,-0.17738309290049553,0.2274083003725697
4,2,1,-10,5,JPEICORE,rolling_mean_z,51,0.0655852283735685,-0.40576770577950183,0.24694673020953758
4,2,1,-9,5,JPEICORE,rolling_mean_z,51,-0.06118085229116046,-0.36239052183522885,0.17907639498638633
4,2,1,-8,5,JPEICORE,rolling_mean_z,51,-0.0866088566722862,-0.4239038559630989,0.18188095429312803
4,2,1,-7,5,JPEICORE,rolling_mean_z,51,-0.08436520922689268,-0.3751045240257916,0.17795457126368938
4,2,1,-6,5,JPEICORE,rolling_mean_z,51,-0.13073392309835702,-0.4123116774952327,0.2590998205387519
4,2,1,-5,5,JPEICORE,rolling_mean_z,51,-0.052206262509586855,-0.4657852749437763,0.26770046907942663
4,2,1,-4,5,JPEICORE,rolling_mean_z,51,-0.0290219055738547,-0.4252126503062449,0.33145745065269017
4,2,1,-3,5,JPEICORE,rolling_mean_z,51,0.0016412761798554442,-0.3747305827848928,0.26115649736369595
4,2,1,-2,5,JPEICORE,rolling_mean_z,51,-0.079503973095207,-0.3982888809615237,0.24302034718009896
4,2,1,-1,5,JPEICORE,rolling_mean_z,51,-0.09184403404487093,-0.45643674392130357,0.17103665830705966
4,2,1,0,5,JPEICORE,rolling_mean_z,51,-0.11016715484891723,-0.4592413032280453,0.09568749826593032
4,2,1,1,5,JPEICORE,rolling_mean_z,51,-0.13596910047094177,-0.5089754882675998,0.19627769206773585
4,2,1,2,5,JPEICORE,rolling_mean_z,51,-0.14681339645701003,-0.6039565634559217,0.2820972068540347
4,2,1,3,5,JPEICORE,rolling_mean_z,51,-0.11315868477610849,-0.5534744959345695,0.1955298095859381
4,2,1,4,5,JPEICORE,rolling_mean_z,51,-0.1453176314934142,-0.622653625500867,0.22899755064639
4,2,1,5,5,JPEICORE,rolling_mean_z,51,0.009867983479631493,-0.4235299147221998,0.21983599024436684
4,2,1,6,5,JPEICORE,rolling_mean_z,51,0.03006081048817224,-0.42296900286085165,0.28265811871538304
4,2,1,7,5,JPEICORE,rolling_mean_z,51,-0.023786728201270035,-0.3115345130729778,0.23815911104841325
4,2,1,8,5,JPEICORE,rolling_mean_z,51,-0.045101378932507465,-0.3249963977453383,0.16243600976638495
4,2,1,9,5,JPEICORE,rolling_mean_z,51,-0.033509200464641675,-0.37585240650758944,0.21460081287178234
4,2,1,10,5,JPEICORE,rolling_mean_z,51,-0.07838214937251022,-0.32219183843859656,0.13270768111492198
4,2,3,-10,5,JPEICORE,rolling_mean_z,8,0.08858261468885124,-0.268718240990053,0.4024128011132579
4,2,3,-9,5,JPEICORE,rolling_mean_z,8,0.07942105428682807,-0.24198144226578128,0.3812851210024697
4,2,3,-8,5,JPEICORE,rolling_mean_z,8,-0.10642774243992806,-0.2535736207336471,0.22974543312818824
4,2,3,-7,5,JPEICORE,rolling_mean_z,8,-0.35061137274691323,-0.46326117156770824,0.05184288777053398
4,2,3,-6,5,JPEICORE,rolling_mean_z,8,-0.42764326837208777,-0.5377689638168153,-0.07585804599644233
4,2,3,-5,5,JPEICORE,rolling_mean_z,8,-0.26292215175612,-0.43858104966838074,-0.12802284910183953
4,2,3,-4,5,JPEICORE,rolling_mean_z,8,-0.27844071325342434,-0.4484904925522018,-0.1757938426266748
4,2,3,-3,5,JPEICORE,rolling_mean_z,8,-0.24590782529521943,-0.3588380800466892,-0.19916517018285654
4,2,3,-2,5,JPEICORE,rolling_mean_z,8,-0.2083267305848798,-0.2668485347855585,-0.13727789481408736
4,2,3,-1,5,JPEICORE,rolling_mean_z,8,-0.2821801256624134,-0.5002813544167,-0.07595153130666696
4,2,3,0,5,JPEICORE,rolling_mean_z,8,-1.251435822072376,-1.4310211030140754,-0.6310673034210923
4,2,3,1,5,JPEICORE,rolling_mean_z,8,-1.2211465815595648,-1.802812181777812,-0.6922066963080633
4,2,3,2,5,JPEICORE,rolling_mean_z,8,-1.27387229652631,-1.8456284538607368,-0.25189088514960223
4,2,3,3,5,JPEICORE,rolling_mean_z,8,-1.054555758739102,-1.6968933252931975,-0.07884957592363373
4,2,3,4,5,JPEICORE,rolling_mean_z,8,-1.0207140764377511,-1.1296244628495575,0.21516172473313064
4,2,3,5,5,JPEICORE,rolling_mean_z,8,-0.2474035902588152,-0.3303250604281472,0.21693794562740032
4,2,3,6,5,JPEICORE,rolling_mean_z,8,0.05586275611019699,-0.12185281862700785,0.7840198374505907
4,2,3,7,5,JPEICORE,rolling_mean_z,8,0.016785896436261258,-0.24048567730218556,0.3955883734668527
4,2,3,8,5,JPEICORE,rolling_mean_z,8,-0.0492147325823954,-0.32845535422365313,0.017907720158958036
4,2,3,9,5,JPEICORE,rolling_mean_z,8,-0.2593697099675804,-0.5675907777785026,0.16150115666413786
4,2,3,10,5,JPEICORE,rolling_mean_z,8,-0.0974531526583542,-0.8441203254232438,0.27228124928043873
4,3,1,-10,5,JPEICORE,rolling_mean_z,11,-0.11951568587138976,-1.3323941007269895,0.062032786585028935
4,3,1,-9,5,JPEICORE,rolling_mean_z,11,-0.253012708872299,-1.0257622831898872,-0.06903361835003755
4,3,1,-8,5,JPEICORE,rolling_mean_z,11,-0.6183533012305296,-1.55077578541195,-0.2704009765740979
4,3,1,-7,5,JPEICORE,rolling_mean_z,11,-0.5622621150956937,-1.5292741640602632,-0.4048328526772546
4,3,1,-6,5,JPEICORE,rolling_mean_z,11,-0.6695832512336797,-0.832434661645153,-0.2653527698219627
4,3,1,-5,5,JPEICORE,rolling_mean_z,11,-0.28704136179409934,-0.4870999256750138,0.004258864866148182
4,3,1,-4,5,JPEICORE,rolling_mean_z,11,-0.2694661234718508,-1.0259492538103365,0.029499898626824284
4,3,1,-3,5,JPEICORE,rolling_mean_z,11,-0.23730717675454494,-1.2248859939685541,0.24451611214369465
4,3,1,-2,5,JPEICORE,rolling_mean_z,11,-0.3509853139878123,-1.2604104118539503,0.3419278053978595
4,3,1,-1,5,JPEICORE,rolling_mean_z,11,-0.8075675691253761,-1.391850758029915,0.20039104571762373
4,3,1,0,5,JPEICORE,rolling_mean_z,11,-0.8561799304422333,-1.292195417330357,0.5019746565025909
4,3,1,1,5,JPEICORE,rolling_mean_z,11,-0.2634830636174682,-0.7701734450354848,0.6321062083354101
4,3,1,2,5,JPEICORE,rolling_mean_z,11,0.11457153093132497,-0.3360276643518557,0.6794097753091215
4,3,1,3,5,JPEICORE,rolling_mean_z,11,0.16094024480278937,0.034174164138060605,0.6309843846127131
4,3,1,4,5,JPEICORE,rolling_mean_z,11,0.3785740470059521,-0.1868251092331925,0.438778586790676
4,3,1,5,5,JPEICORE,rolling_mean_z,11,0.14411288896233837,-0.23637232365229754,0.7153081344354165
4,3,1,6,5,JPEICORE,rolling_mean_z,11,-0.1412042778435263,-0.6086308289671576,0.37446069335606424
4,3,1,7,5,JPEICORE,rolling_mean_z,11,-0.06828573586823974,-1.1097120917716912,0.3596900143405575
4,3,1,8,5,JPEICORE,rolling_mean_z,11,-0.45045368406692105,-1.1615029536361896,0.4200815247457307
4,3,1,9,5,JPEICORE,rolling_mean_z,11,-0.29938142274376345,-1.0955023246175328,0.28172326561313593
4,3,1,10,5,JPEICORE,rolling_mean_z,11,-0.5936731793312019,-0.9616313603757247,0.17982427746818402
4,3,2,-10,5,JPEICORE,rolling_mean_z,5,-0.5544093490368167,-0.5704888223954697,-0.17859840193341645
4,3,2,-9,5,JPEICORE,rolling_mean_z,5,-0.4328784457446721,-0.48635204319321607,-0.35098531398781224
4,3,2,-8,5,JPEICORE,rolling_mean_z,5,-0.25563029755859135,-0.41492926618152504,-0.043605613968911605
4,3,2,-7,5,JPEICORE,rolling_mean_z,5,-0.2904068329621892,-0.37379572968264546,-0.221601644636791
4,3,2,-6,5,JPEICORE,rolling_mean_z,5,-0.20589611251903697,-0.2653527698219625,-0.08436520922689268
4,3,2,-5,5,JPEICORE,rolling_mean_z,5,-0.1490570439024029,-0.24441206033162427,0.18861189662930827
4,3,2,-4,5,JPEICORE,rolling_mean_z,5,-0.24179447164533188,-0.5315989333419833,-0.18532934426959674
4,3,2,-3,5,JPEICORE,rolling_mean_z,5,-0.9324639435856101,-1.3280937764566516,-0.7903662720440259
4,3,2,-2,5,JPEICORE,rolling_mean_z,5,-1.536752988878241,-1.8403932764881517,-1.1545850406795601
4,3,2,-1,5,JPEICORE,rolling_mean_z,5,-1.6567881272067901,-1.8961105213820892,-1.578634407858918
4,3,2,0,5,JPEICORE,rolling_mean_z,5,-1.6777288366971288,-1.754760732322303,-1.3194931279159765
4,3,2,1,5,JPEICORE,rolling_mean_z,5,-1.3598787819330584,-1.4608429169757635,-1.2338605837501277
4,3,2,2,5,JPEICORE,rolling_mean_z,5,-0.28704136179409934,-0.7798959172988567,-0.2077658187235311
4,3,2,3,5,JPEICORE,rolling_mean_z,5,0.3890444017511216,-0.3670647873464645,0.5363772506652902
4,3,2,4,5,JPEICORE,rolling_mean_z,5,0.01659892581581176,-0.061180852291160506,0.4342912918998894
4,3,2,5,5,JPEICORE,rolling_mean_z,5,-0.05931114608666577,-0.22795864573207228,-0.05818932236396934
4,3,2,6,5,JPEICORE,rolling_mean_z,5,0.009867983479631493,-0.30798207128443805,0.056984579832893886
4,3,2,7,5,JPEICORE,rolling_mean_z,5,-0.0062114898790213815,-0.20253064135094645,0.4750508871578698
4,3,2,8,5,JPEICORE,rolling_mean_z,5,-0.07464273696352107,-0.18607722675139504,0.6253752659992298
4,3,2,9,5,JPEICORE,rolling_mean_z,5,0.11457153093132497,-0.17635475448802335,0.6078000276769816
4,3,2,10,5,JPEICORE,rolling_mean_z,5,0.22600602071919923,-0.26385700485836694,0.2701310871452696
4,0,1,-10,5,LT11TRUU,rolling_mean_z,1,-0.5650724851455622,-0.5650724851455622,-0.5650724851455622
4,0,1,-9,5,LT11TRUU,rolling_mean_z,1,-1.123902887587718,-1.123902887587718,-1.123902887587718
4,0,1,-8,5,LT11TRUU,rolling_mean_z,1,-1.2437280023428672,-1.2437280023428672,-1.2437280023428672
4,0,1,-7,5,LT11TRUU,rolling_mean_z,1,-0.907581441481077,-0.907581441481077,-0.907581441481077
4,0,1,-6,5,LT11TRUU,rolling_mean_z,1,-0.23449302032328107,-0.23449302032328107,-0.23449302032328107
4,0,1,-5,5,LT11TRUU,rolling_mean_z,1,0.16686809414418763,0.16686809414418763,0.16686809414418763
4,0,1,-4,5,LT11TRUU,rolling_mean_z,1,0.7665238675427439,0.7665238675427439,0.7665238675427439
4,0,1,-3,5,LT11TRUU,rolling_mean_z,1,1.047529667632253,1.047529667632253,1.047529667632253
4,0,1,-2,5,LT11TRUU,rolling_mean_z,1,0.6254907678751789,0.6254907678751789,0.6254907678751789
4,0,1,-1,5,LT11TRUU,rolling_mean_z,1,0.35561915986468795,0.35561915986468795,0.35561915986468795
4,0,1,0,5,LT11TRUU,rolling_mean_z,1,-0.4017710013199607,-0.4017710013199607,-0.4017710013199607
4,0,1,1,5,LT11TRUU,rolling_mean_z,1,-0.49429083550037445,-0.49429083550037445,-0.49429083550037445
4,0,1,2,5,LT11TRUU,rolling_mean_z,1,-0.9680241984814619,-0.9680241984814619,-0.9680241984814619
4,0,1,3,5,LT11TRUU,rolling_mean_z,1,-0.5939683645887286,-0.5939683645887286,-0.5939683645887286
4,0,1,4,5,LT11TRUU,rolling_mean_z,1,-0.8423668878753986,-0.8423668878753986,-0.8423668878753986
4,0,1,5,5,LT11TRUU,rolling_mean_z,1,0.13638161583258973,0.13638161583258973,0.13638161583258973
4,0,1,6,5,LT11TRUU,rolling_mean_z,1,-0.23263732164344492,-0.23263732164344492,-0.23263732164344492
4,0,1,7,5,LT11TRUU,rolling_mean_z,1,0.36224665514981785,0.36224665514981785,0.36224665514981785
4,0,1,8,5,LT11TRUU,rolling_mean_z,1,0.22015315623663212,0.22015315623663212,0.22015315623663212
4,0,1,9,5,LT11TRUU,rolling_mean_z,1,0.1947035743417332,0.1947035743417332,0.1947035743417332
4,0,1,10,5,LT11TRUU,rolling_mean_z,1,-0.2225635288100473,-0.2225635288100473,-0.2225635288100473
4,0,2,-10,5,LT11TRUU,rolling_mean_z,256,-0.011676628837212922,-0.36220485446773537,0.3148600638611385
4,0,2,-9,5,LT11TRUU,rolling_mean_z,256,-0.011411529025807755,-0.37897241753911387,0.25468240667215863
4,0,2,-8,5,LT11TRUU,rolling_mean_z,256,0.018014550040169622,-0.3305254270048144,0.3181738115037038
4,0,2,-7,5,LT11TRUU,rolling_mean_z,256,0.016158851360332672,-0.36962764918708035,0.30863021829311665
4,0,2,-6,5,LT11TRUU,rolling_mean_z,256,-0.0020004857209238837,-0.3007679731745798,0.26164127672154536
4,0,2,-5,5,LT11TRUU,rolling_mean_z,256,-0.008627981006053099,-0.29228477920961426,0.21544763458418986
4,0,2,-4,5,LT11TRUU,rolling_mean_z,256,0.004759559469909419,-0.27803566434658467,0.3150588887196928
4,0,2,-3,5,LT11TRUU,rolling_mean_z,256,0.004759559469909152,-0.32091555884137557,0.2502419848311222
4,0,2,-2,5,LT11TRUU,rolling_mean_z,256,0.02093064796562654,-0.2837353102917964,0.29597170229851855
4,0,2,-1,5,LT11TRUU,rolling_mean_z,256,0.006217608432638055,-0.2975205004848669,0.24268664020607347
4,0,2,0,5,LT11TRUU,rolling_mean_z,256,-0.026787318087309185,-0.48269271875139746,0.3489253896267063
4,0,2,1,5,LT11TRUU,rolling_mean_z,256,-0.009290730534566702,-0.44246382237065884,0.35641445929890336
4,0,2,2,5,LT11TRUU,rolling_mean_z,256,0.000915612204533716,-0.4063439730667002,0.2978936759312062
4,0,2,3,5,LT11TRUU,rolling_mean_z,256,-0.045874504508483724,-0.5232529898963922,0.3448826175027778
4,0,2,4,5,LT11TRUU,rolling_mean_z,256,-0.06072009394717452,-0.4695040031339885,0.2915975554103323
4,0,2,5,5,LT11TRUU,rolling_mean_z,256,0.00860350673528438,-0.2941404778894512,0.27893903941573445
4,0,2,6,5,LT11TRUU,rolling_mean_z,256,0.005687408809827637,-0.30553976977987396,0.2641597249298945
4,0,2,7,5,LT11TRUU,rolling_mean_z,256,0.02596754438232539,-0.324494406295346,0.26860014677093147
4,0,2,8,5,LT11TRUU,rolling_mean_z,256,-0.015122926385480805,-0.340930594602468,0.2733719433762254
4,0,2,9,5,LT11TRUU,rolling_mean_z,256,-0.04985100167956151,-0.30964881685665446,0.2751613671032105
4,0,2,10,5,LT11TRUU,rolling_mean_z,256,-0.01565312600829149,-0.3185959354915796,0.2668107230439467
4,0,3,-10,5,LT11TRUU,rolling_mean_z,1,-0.12739269651558205,-0.12739269651558205,-0.12739269651558205
4,0,3,-9,5,LT11TRUU,rolling_mean_z,1,-0.5123176226759286,-0.5123176226759286,-0.5123176226759286
4,0,3,-8,5,LT11TRUU,rolling_mean_z,1,-0.6127904511984983,-0.6127904511984983,-0.6127904511984983
4,0,3,-7,5,LT11TRUU,rolling_mean_z,1,-0.36041543074075055,-0.36041543074075055,-0.36041543074075055
4,0,3,-6,5,LT11TRUU,rolling_mean_z,1,-0.3439792424336283,-0.3439792424336283,-0.3439792424336283
4,0,3,-5,5,LT11TRUU,rolling_mean_z,1,-0.14727518237097192,-0.14727518237097192,-0.14727518237097192
4,0,3,-4,5,LT11TRUU,rolling_mean_z,1,-0.01207427855432126,-0.01207427855432126,-0.01207427855432126
4,0,3,-3,5,LT11TRUU,rolling_mean_z,1,0.2050424669865353,0.2050424669865353,0.2050424669865353
4,0,3,-2,5,LT11TRUU,rolling_mean_z,1,-0.09452031990133762,-0.09452031990133762,-0.09452031990133762
4,0,3,-1,5,LT11TRUU,rolling_mean_z,1,-0.3034189712886331,-0.3034189712886331,-0.3034189712886331
4,0,3,0,5,LT11TRUU,rolling_mean_z,1,-1.5189016065814627,-1.5189016065814627,-1.5189016065814627
4,0,3,1,5,LT11TRUU,rolling_mean_z,1,-1.5735121677309334,-1.5735121677309334,-1.5735121677309334
4,0,3,2,5,LT11TRUU,rolling_mean_z,1,-2.056789123922608,-2.056789123922608,-2.056789123922608
4,0,3,3,5,LT11TRUU,rolling_mean_z,1,-1.8865950450004714,-1.8865950450004714,-1.8865950450004714
4,0,3,4,5,LT11TRUU,rolling_mean_z,1,-1.5546900811211644,-1.5546900811211644,-1.5546900811211644
4,0,3,5,5,LT11TRUU,rolling_mean_z,1,-0.660773517062839,-0.660773517062839,-0.660773517062839
4,0,3,6,5,LT11TRUU,rolling_mean_z,1,-0.5714348806192875,-0.5714348806192875,-0.5714348806192875
4,0,3,7,5,LT11TRUU,rolling_mean_z,1,-0.2180568320161596,-0.2180568320161596,-0.2180568320161596
4,0,3,8,5,LT11TRUU,rolling_mean_z,1,-0.23316752126625578,-0.23316752126625578,-0.23316752126625578
4,0,3,9,5,LT11TRUU,rolling_mean_z,1,-0.513112922110144,-0.513112922110144,-0.513112922110144
4,0,3,10,5,LT11TRUU,rolling_mean_z,1,-0.19446294880109705,-0.19446294880109705,-0.19446294880109705
4,1,0,-10,5,LT11TRUU,rolling_mean_z,2,-0.7306273173681075,-0.8191043794245922,-0.6421502553116227
4,1,0,-9,5,LT11TRUU,rolling_mean_z,2,-0.5691815322223424,-0.736525788171873,-0.4018372762728117
4,1,0,-8,5,LT11TRUU,rolling_mean_z,2,-0.6696543607449121,-1.087915588189462,-0.2513931333003622
4,1,0,-7,5,LT11TRUU,rolling_mean_z,2,-0.019231973462260576,-0.41210989396476283,0.3736459470402417
4,1,0,-6,5,LT11TRUU,rolling_mean_z,2,0.17097714122096852,-0.2672991219846737,0.6092534044266107
4,1,0,-5,5,LT11TRUU,rolling_mean_z,2,0.10006294167007818,-0.1626509714324722,0.36277685477262855
4,1,0,-4,5,LT11TRUU,rolling_mean_z,2,0.14632285876028517,0.04167470820808375,0.25097100931248656
4,1,0,-3,5,LT11TRUU,rolling_mean_z,2,0.28722340852214756,-0.05727379639890656,0.6317206134432016
4,1,0,-2,5,LT11TRUU,rolling_mean_z,2,0.11663167988290313,-0.18882957780873566,0.4220929375745419
4,1,0,-1,5,LT11TRUU,rolling_mean_z,2,-0.3969992047146666,-0.6825117015980643,-0.11148670783126893
4,1,0,0,5,LT11TRUU,rolling_mean_z,2,-0.37950261716192357,-0.4867354908753261,-0.2722697434485211
4,1,0,1,5,LT11TRUU,rolling_mean_z,2,-0.21447798456218842,-0.5284224362187935,0.09946646709441664
4,1,0,2,5,LT11TRUU,rolling_mean_z,2,0.12299407535662771,0.11630030511864668,0.12968784559460872
4,1,0,3,5,LT11TRUU,rolling_mean_z,2,-0.06814288866651957,-0.15039010515498225,0.014104327821943083
4,1,0,4,5,LT11TRUU,rolling_mean_z,2,0.4973150090607663,0.42978083210529205,0.5648491860162405
4,1,0,5,5,LT11TRUU,rolling_mean_z,2,0.7083344589393034,0.46424380758796774,0.9524251102906389
4,1,0,6,5,LT11TRUU,rolling_mean_z,2,0.4220266626216903,0.3083651184817117,0.5356882067616688
4,1,0,7,5,LT11TRUU,rolling_mean_z,2,-0.10790786037729908,-0.16523569459367318,-0.05058002616092496
4,1,0,8,5,LT11TRUU,rolling_mean_z,2,-0.39620390528045113,-0.4547909636009995,-0.33761684695990274
4,1,0,9,5,LT11TRUU,rolling_mean_z,2,-0.32966385261774656,-0.3838767640501096,-0.27545094118538355
4,1,0,10,5,LT11TRUU,rolling_mean_z,2,-0.31468571327335293,-0.3770504439064254,-0.25232098264028047
4,1,2,-10,5,LT11TRUU,rolling_mean_z,54,0.01827964985157511,-0.6169657732281296,0.3822616909109103
4,1,2,-9,5,LT11TRUU,rolling_mean_z,54,-0.16530196954652432,-0.5155650953656415,0.29027205635330683
4,1,2,-8,5,LT11TRUU,rolling_mean_z,54,-0.12885074547831,-0.4934955360661586,0.4993695325991562
4,1,2,-7,5,LT11TRUU,rolling_mean_z,54,-0.24416916343957118,-0.741297584777167,0.3588666325544022
4,1,2,-6,5,LT11TRUU,rolling_mean_z,54,0.08031300572039096,-0.5805145491599147,0.4810776456121976
4,1,2,-5,5,LT11TRUU,rolling_mean_z,54,0.02888364230778251,-0.5408158524019862,0.543574926150973
4,1,2,-4,5,LT11TRUU,rolling_mean_z,54,0.08588010175989977,-0.5622226621729564,0.546954948746389
4,1,2,-3,5,LT11TRUU,rolling_mean_z,54,-0.029438316201361326,-0.5103956490432396,0.5452317999722552
4,1,2,-2,5,LT11TRUU,rolling_mean_z,54,-0.10101526528076396,-0.4025663007541759,0.4045963500217985
4,1,2,-1,5,LT11TRUU,rolling_mean_z,54,-0.13269469274368517,-0.5153662705070874,0.4635147831066034
4,1,2,0,5,LT11TRUU,rolling_mean_z,54,-0.2765113404310047,-0.4699679278039475,0.4876388659444764
4,1,2,1,5,LT11TRUU,rolling_mean_z,54,-0.17550831228562477,-0.5395566282978119,0.41115757035407696
4,1,2,2,5,LT11TRUU,rolling_mean_z,54,-0.10207566452638511,-0.6585864436187453,0.3575411334973757
4,1,2,3,5,LT11TRUU,rolling_mean_z,54,-0.11069140839705377,-0.5086062253162552,0.24971178520831172
4,1,2,4,5,LT11TRUU,rolling_mean_z,54,-0.09067637263596169,-0.4273531331205617,0.3975049300667093
4,1,2,5,5,LT11TRUU,rolling_mean_z,54,-0.0999548660351436,-0.4772581726175904,0.35455876061906755
4,1,2,6,5,LT11TRUU,rolling_mean_z,54,0.00369916022428869,-0.45498978845955396,0.4716666023073133
4,1,2,7,5,LT11TRUU,rolling_mean_z,54,-0.16569961926363255,-0.48527744191259775,0.3515763877407591
4,1,2,8,5,LT11TRUU,rolling_mean_z,54,-0.07052878696916655,-0.5469131480643059,0.3768271447771036
4,1,2,9,5,LT11TRUU,rolling_mean_z,54,-0.09783406754390156,-0.5058226772965005,0.5816830240404705
4,1,2,10,5,LT11TRUU,rolling_mean_z,54,-0.11016120877424365,-0.6428792797929878,0.5018217058546551
4,1,3,-10,5,LT11TRUU,rolling_mean_z,7,-0.04043995837467671,-0.25026645910189005,0.4941338113239036
4,1,3,-9,5,LT11TRUU,rolling_mean_z,7,-0.09292972103290506,-0.5596379390117556,0.46497283206933193
4,1,3,-8,5,LT11TRUU,rolling_mean_z,7,0.11968032771406234,-0.7559443493573037,0.6391434081625464
4,1,3,-7,5,LT11TRUU,rolling_mean_z,7,-0.0640338415897386,-0.9240176297881993,0.5568299167212327
4,1,3,-6,5,LT11TRUU,rolling_mean_z,7,0.078854956757662,-0.44365677152198146,0.4620567341438747
4,1,3,-5,5,LT11TRUU,rolling_mean_z,7,-0.035668161769382874,-0.15111912963634624,0.9505031366579506
4,1,3,-4,5,LT11TRUU,rolling_mean_z,7,0.2962368021099238,-0.05038120130237156,0.6196585720242643
4,1,3,-3,5,LT11TRUU,rolling_mean_z,7,0.5144139468964015,0.3584027078844426,0.6974653666716896
4,1,3,-2,5,LT11TRUU,rolling_mean_z,7,0.8696476941793657,0.1883411788680087,0.9730366206273922
4,1,3,-1,5,LT11TRUU,rolling_mean_z,7,0.49665225953225295,0.19271532575619432,1.0006070010135328
4,1,3,0,5,LT11TRUU,rolling_mean_z,7,0.5920881916381238,0.15971039923624705,0.6858009749698615
4,1,3,1,5,LT11TRUU,rolling_mean_z,7,-0.12050010141904595,-0.455056063412405,0.6934888695006118
4,1,3,2,5,LT11TRUU,rolling_mean_z,7,-0.6878136978261687,-0.7908049745570872,0.29000695654190173
4,1,3,3,5,LT11TRUU,rolling_mean_z,7,-0.05422514856774661,-0.5716999804306923,0.33189272674392295
4,1,3,4,5,LT11TRUU,rolling_mean_z,7,-0.7116726808526359,-1.3040382094375498,0.2267806515217623
4,1,3,5,5,LT11TRUU,rolling_mean_z,7,-1.0714131249294885,-1.530831098094696,0.03405308863018386
4,1,3,6,5,LT11TRUU,rolling_mean_z,7,-0.43384807849998897,-1.3522863751132954,0.06467211684748403
4,1,3,7,5,LT11TRUU,rolling_mean_z,7,-0.3882509109382951,-1.0344317012384638,-0.004518933929272495
4,1,3,8,5,LT11TRUU,rolling_mean_z,7,-0.7217464736860334,-0.9511903604572317,0.8627550990828305
4,1,3,9,5,LT11TRUU,rolling_mean_z,7,-0.1557583763359373,-0.5873408693035984,1.3852668273624742
4,1,3,10,5,LT11TRUU,rolling_mean_z,7,-0.29917737430614916,-0.4598278600176987,0.9909308578972432
4,2,0,-10,5,LT11TRUU,rolling_mean_z,256,-0.012339378365726027,-0.3894438600896193,0.28033081342561156
4,2,0,-9,5,LT11TRUU,rolling_mean_z,256,-0.0026632352494359024,-0.34325021795226374,0.3170471373052314
4,2,0,-8,5,LT11TRUU,rolling_mean_z,256,-0.05621339715328601,-0.3655848770631507,0.28033081342561195
4,2,0,-7,5,LT11TRUU,rolling_mean_z,256,-0.033414813372439525,-0.3569691331924824,0.2678048473367159
4,2,0,-6,5,LT11TRUU,rolling_mean_z,256,0.024509495419596482,-0.3724111972068353,0.28013198856705823
4,2,0,-5,5,LT11TRUU,rolling_mean_z,256,0.0144357025861984,-0.36094563036355964,0.2996168247053395
4,2,0,-4,5,LT11TRUU,rolling_mean_z,256,-0.0190994235565584,-0.38864856065540393,0.23864386808214422
4,2,0,-3,5,LT11TRUU,rolling_mean_z,256,0.0036991602242883114,-0.4034278751412436,0.28596418441797244
4,2,0,-2,5,LT11TRUU,rolling_mean_z,256,-0.051706700359397714,-0.45240506529835406,0.30273174748935094
4,2,0,-1,5,LT11TRUU,rolling_mean_z,256,-0.08882067395612558,-0.40654279792525433,0.287753608144957
4,2,0,0,5,LT11TRUU,rolling_mean_z,256,-0.04746510337691507,-0.4107181199548863,0.24984433511401422
4,2,0,1,5,LT11TRUU,rolling_mean_z,256,-0.016713525253912034,-0.43782457567106814,0.3385202220290523
4,2,0,2,5,LT11TRUU,rolling_mean_z,256,-0.05250199979361355,-0.38811836103259295,0.25329063266228175
4,2,0,3,5,LT11TRUU,rolling_mean_z,256,0.024642045325299303,-0.2830062858104325,0.2662142484682846
4,2,0,4,5,LT11TRUU,rolling_mean_z,256,0.06891371382996711,-0.24900723499771615,0.26429227483559786
4,2,0,5,5,LT11TRUU,rolling_mean_z,256,0.020400448342815798,-0.3008342481274323,0.2763543162545335
4,2,0,6,5,LT11TRUU,rolling_mean_z,256,0.001976011450154647,-0.28844083194423875,0.26349697540138156
4,2,0,7,5,LT11TRUU,rolling_mean_z,256,0.024774595231001707,-0.2647806737763255,0.28212023715259693
4,2,0,8,5,LT11TRUU,rolling_mean_z,256,0.021195747777031655,-0.31839711063302667,0.27575784167887185
4,2,0,9,5,LT11TRUU,rolling_mean_z,256,0.041740983160933984,-0.31090804096082947,0.29636935201562603
4,2,0,10,5,LT11TRUU,rolling_mean_z,256,0.017616900323061145,-0.3239642066725358,0.23910779275210417
4,2,1,-10,5,LT11TRUU,rolling_mean_z,51,-0.09611091876976795,-0.42576253425213073,0.39737238016100673
4,2,1,-9,5,LT11TRUU,rolling_mean_z,51,-0.018966873650855788,-0.5663979842025879,0.5125582482165645
4,2,1,-8,5,LT11TRUU,rolling_mean_z,51,0.07938515638047275,-0.4863378411582186,0.5602762142695001
4,2,1,-7,5,LT11TRUU,rolling_mean_z,51,0.052610075428547544,-0.3472929900761921,0.58678619541002
4,2,1,-6,5,LT11TRUU,rolling_mean_z,51,-0.0640338415897386,-0.47268520087085086,0.4075787229001069
4,2,1,-5,5,LT11TRUU,rolling_mean_z,51,0.07912005656906715,-0.4471030690702492,0.5365497811487352
4,2,1,-4,5,LT11TRUU,rolling_mean_z,51,-0.10406391311192405,-0.47202245134233783,0.4112901202597802
4,2,1,-3,5,LT11TRUU,rolling_mean_z,51,-0.0722519357433004,-0.47242010105944554,0.31492633881399024
4,2,1,-2,5,LT11TRUU,rolling_mean_z,51,-0.21195953635383918,-0.6165018485581704,0.3198306853249865
4,2,1,-1,5,LT11TRUU,rolling_mean_z,51,-0.09823171726100961,-0.6415537807359615,0.507919001516974
4,2,1,0,5,LT11TRUU,rolling_mean_z,51,-0.14435908444551399,-0.6244548429003259,0.4297145571524408
4,2,1,1,5,LT11TRUU,rolling_mean_z,51,-0.018966873650855788,-0.7072985339644505,0.42746120875549665
4,2,1,2,5,LT11TRUU,rolling_mean_z,51,0.0067478080554491445,-0.5425390011761204,0.5867861954100203
4,2,1,3,5,LT11TRUU,rolling_mean_z,51,-0.15920467388420512,-0.5147035209785742,0.7605591217861273
4,2,1,4,5,LT11TRUU,rolling_mean_z,51,0.02610009428802764,-0.31190216525359876,0.5303199355807136
4,2,1,5,5,LT11TRUU,rolling_mean_z,51,-0.05422514856774661,-0.3687660748000132,0.5541789186071806
4,2,1,6,5,LT11TRUU,rolling_mean_z,51,-0.12182560047607231,-0.5357789559852879,0.5796285005020797
4,2,1,7,5,LT11TRUU,rolling_mean_z,51,-0.25888220297255893,-0.6696543607449126,0.37947814289115583
4,2,1,8,5,LT11TRUU,rolling_mean_z,51,-0.17537576237992222,-0.536044055796693,0.39843277940662747
4,2,1,9,5,LT11TRUU,rolling_mean_z,51,-0.22547962673550428,-0.6404933814903409,0.19072707717065568
4,2,1,10,5,LT11TRUU,rolling_mean_z,51,-0.1557583763359373,-0.6766795057471502,0.24043329180912998
4,2,3,-10,5,LT11TRUU,rolling_mean_z,8,0.12829607158473116,-0.024335144831811182,0.20537384175079243
4,2,3,-9,5,LT11TRUU,rolling_mean_z,8,0.12630782299919224,-0.027582617521524737,0.18926902820792663
4,2,3,-8,5,LT11TRUU,rolling_mean_z,8,0.1740257890521279,-0.060918918805728556,0.36211410524411525
4,2,3,-7,5,LT11TRUU,rolling_mean_z,8,0.2432168398288843,-0.056743596776096555,0.4564896381043657
4,2,3,-6,5,LT11TRUU,rolling_mean_z,8,0.13624906592688754,-0.20917598833408485,0.28563280965371574
4,2,3,-5,5,LT11TRUU,rolling_mean_z,8,0.025967544382325167,-0.36710920097873107,0.3344111749522719
4,2,3,-4,5,LT11TRUU,rolling_mean_z,8,0.2768845158773446,-0.33774939686560557,0.5693558828101284
4,2,3,-3,5,LT11TRUU,rolling_mean_z,8,0.14234636158920697,-0.20009631979345693,0.47173287726016405
4,2,3,-2,5,LT11TRUU,rolling_mean_z,8,0.19748712236148783,0.0903205236009367,0.32977192825268103
4,2,3,-1,5,LT11TRUU,rolling_mean_z,8,0.18052073443155528,-0.17385143846434237,0.6263523422622455
4,2,3,0,5,LT11TRUU,rolling_mean_z,8,0.49903815783489963,0.16978419206964482,0.670160086096955
4,2,3,1,5,LT11TRUU,rolling_mean_z,8,0.3534983613734463,0.23771601874222628,0.5851955965415889
4,2,3,2,5,LT11TRUU,rolling_mean_z,8,0.31545653843680066,0.16116844819897558,0.5109013743952823
4,2,3,3,5,LT11TRUU,rolling_mean_z,8,0.3039246966406745,0.030938165846172573,0.4038673255404338
4,2,3,4,5,LT11TRUU,rolling_mean_z,8,-0.06072009394717439,-0.2799576379792724,0.10264766483127838
4,2,3,5,5,LT11TRUU,rolling_mean_z,8,-0.1615905721868522,-0.8485304584905694,0.22963047449436844
4,2,3,6,5,LT11TRUU,rolling_mean_z,8,-0.06880563819503284,-0.42046053802402744,0.4633822332009008
4,2,3,7,5,LT11TRUU,rolling_mean_z,8,0.0994001921415648,-0.12301854962739553,0.3820628660523565
4,2,3,8,5,LT11TRUU,rolling_mean_z,8,0.18250898301709417,-0.11049258353850036,0.28821753281491663
4,2,3,9,5,LT11TRUU,rolling_mean_z,8,0.3570772088274166,0.04558493042630985,0.6406014571252757
4,2,3,10,5,LT11TRUU,rolling_mean_z,8,0.5023519054774648,-0.11413770594532192,0.9053698937662165
4,3,1,-10,5,LT11TRUU,rolling_mean_z,11,0.17455598867493857,-0.16715766822636066,0.5279340372780662
4,3,1,-9,5,LT11TRUU,rolling_mean_z,11,0.2760892164431287,0.024111845702488977,0.7633426698058814
4,3,1,-8,5,LT11TRUU,rolling_mean_z,11,0.25726712983335975,-0.08815792442761225,0.48737376613307104
4,3,1,-7,5,LT11TRUU,rolling_mean_z,11,0.406783423465891,-0.09452031990133661,0.6121032273992164
4,3,1,-6,5,LT11TRUU,rolling_mean_z,11,0.06931136354707493,-0.08550692631356016,0.4004210279921664
4,3,1,-5,5,LT11TRUU,rolling_mean_z,11,0.256206730587739,-0.32330145714402236,0.5985831370175514
4,3,1,-4,5,LT11TRUU,rolling_mean_z,11,0.5117629487823492,-0.19804179625506663,0.6974653666716896
4,3,1,-3,5,LT11TRUU,rolling_mean_z,11,0.4481389940451018,-0.07543313348016267,0.9730366206273922
4,3,1,-2,5,LT11TRUU,rolling_mean_z,11,0.2034518681181045,-0.4472356189759518,0.9380434455219065
4,3,1,-1,5,LT11TRUU,rolling_mean_z,11,0.49877305802349453,0.036173887121425316,1.2389317314668054
4,3,1,0,5,LT11TRUU,rolling_mean_z,11,0.3097568924915885,0.25382083228509217,0.848307159361247
4,3,1,1,5,LT11TRUU,rolling_mean_z,11,0.28006571361420673,-0.316143762236082,0.5813516492762134
4,3,1,2,5,LT11TRUU,rolling_mean_z,11,0.03829468561266676,-0.7625718446424343,0.5138837472735907
4,3,1,3,5,LT11TRUU,rolling_mean_z,11,-0.4537305643553788,-1.0401313471836755,0.0072780076782586745
4,3,1,4,5,LT11TRUU,rolling_mean_z,11,-0.43384807849998897,-0.9677590986700568,0.09979784185867259
4,3,1,5,5,LT11TRUU,rolling_mean_z,11,-0.40733809735946985,-0.5421413514590124,0.07037176279269569
4,3,1,6,5,LT11TRUU,rolling_mean_z,11,0.06931136354707493,-0.604704906950639,0.20225891896678147
4,3,1,7,5,LT11TRUU,rolling_mean_z,11,0.22200885491646843,-0.47745699747614434,0.5667711596489275
4,3,1,8,5,LT11TRUU,rolling_mean_z,11,0.41102502044837436,0.07620395864361024,0.8052284400079025
4,3,1,9,5,LT11TRUU,rolling_mean_z,11,0.2670758228553519,-0.3039491709114426,0.6877892235554002
4,3,1,10,5,LT11TRUU,rolling_mean_z,11,0.26787112228956766,-0.22269607871574967,0.9270418033485908
4,3,2,-10,5,LT11TRUU,rolling_mean_z,5,-0.18200325766505232,-0.3439792424336283,0.1069555367666126
4,3,2,-9,5,LT11TRUU,rolling_mean_z,5,-0.14727518237097192,-0.6305521385626461,0.33414607514086664
4,3,2,-8,5,LT11TRUU,rolling_mean_z,5,-0.01207427855432126,-0.42509978472361826,0.01523100202041532
4,3,2,-7,5,LT11TRUU,rolling_mean_z,5,0.07938515638047275,-0.346895340359085,0.2050424669865353
4,3,2,-6,5,LT11TRUU,rolling_mean_z,5,-0.09452031990133762,-0.5234518147549463,-0.04176545743170239
4,3,2,-5,5,LT11TRUU,rolling_mean_z,5,-0.23449302032328126,-0.3034189712886331,0.3174447870223392
4,3,2,-4,5,LT11TRUU,rolling_mean_z,5,0.1305494199816754,-0.7379175621817501,0.285367709842311
4,3,2,-3,5,LT11TRUU,rolling_mean_z,5,0.07567375902079954,-0.5555288919349745,0.15546880225376358
4,3,2,-2,5,LT11TRUU,rolling_mean_z,5,0.031136990704726086,-0.035668161769382874,0.12895882111324414
4,3,2,-1,5,LT11TRUU,rolling_mean_z,5,0.2699919207808096,0.010459205415120642,0.3847801391192595
4,3,2,0,5,LT11TRUU,rolling_mean_z,5,0.36092115609279174,-0.04282585667732401,0.5144139468964015
4,3,2,1,5,LT11TRUU,rolling_mean_z,5,-0.05899694517304024,-0.062443242721308544,0.3670184517551113
4,3,2,2,5,LT11TRUU,rolling_mean_z,5,0.1819787833942841,-0.15390267765610166,0.2957066024871132
4,3,2,3,5,LT11TRUU,rolling_mean_z,5,0.37258554779462144,-0.2180568320161596,0.6005713856030901
4,3,2,4,5,LT11TRUU,rolling_mean_z,5,-0.12050010141904595,-0.13057389425244428,0.4110250204483741
4,3,2,5,5,LT11TRUU,rolling_mean_z,5,0.09661664412180981,-0.513112922110144,0.32327698287325374
4,3,2,6,5,LT11TRUU,rolling_mean_z,5,-0.05422514856774661,-0.1631811710552835,0.2392403426578062
4,3,2,7,5,LT11TRUU,rolling_mean_z,5,0.11093203393769024,-0.09319482084431141,0.2588577287017908
4,3,2,8,5,LT11TRUU,rolling_mean_z,5,0.03829468561266643,-0.17696636124835347,0.22678065152176147
4,3,2,9,5,LT11TRUU,rolling_mean_z,5,-0.07437273423454265,-0.16291607124387802,0.2053075667979407
4,3,2,10,5,LT11TRUU,rolling_mean_z,5,0.027425593345053657,-0.3813583158417611,0.25063963454822946
4,0,1,-10,5,LBUTTRUU,rolling_mean_z,1,-0.14494799553627646,-0.14494799553627646,-0.14494799553627646
4,0,1,-9,5,LBUTTRUU,rolling_mean_z,1,-0.4146949982239928,-0.4146949982239928,-0.4146949982239928
4,0,1,-8,5,LBUTTRUU,rolling_mean_z,1,-0.491912651665133,-0.491912651665133,-0.491912651665133
4,0,1,-7,5,LBUTTRUU,rolling_mean_z,1,-0.05897900803847369,-0.05897900803847369,-0.05897900803847369
4,0,1,-6,5,LBUTTRUU,rolling_mean_z,1,0.22260803484355085,0.22260803484355085,0.22260803484355085
4,0,1,-5,5,LBUTTRUU,rolling_mean_z,1,0.5808979468104415,0.5808979468104415,0.5808979468104415
4,0,1,-4,5,LBUTTRUU,rolling_mean_z,1,0.7950482390205369,0.7950482390205369,0.7950482390205369
4,0,1,-3,5,LBUTTRUU,rolling_mean_z,1,0.9664714296598682,0.9664714296598682,0.9664714296598682
4,0,1,-2,5,LBUTTRUU,rolling_mean_z,1,0.6025188897739606,0.6025188897739606,0.6025188897739606
4,0,1,-1,5,LBUTTRUU,rolling_mean_z,1,0.424403502503064,0.424403502503064,0.424403502503064
4,0,1,0,5,LBUTTRUU,rolling_mean_z,1,-0.13825579890471085,-0.13825579890471085,-0.13825579890471085
4,0,1,1,5,LBUTTRUU,rolling_mean_z,1,-0.07236340130160457,-0.07236340130160457,-0.07236340130160457
4,0,1,2,5,LBUTTRUU,rolling_mean_z,1,-0.42447590099320387,-0.42447590099320387,-0.42447590099320387
4,0,1,3,5,LBUTTRUU,rolling_mean_z,1,-0.3678496218030344,-0.3678496218030344,-0.3678496218030344
4,0,1,4,5,LBUTTRUU,rolling_mean_z,1,-0.5814851296568555,-0.5814851296568555,-0.5814851296568555
4,0,1,5,5,LBUTTRUU,rolling_mean_z,1,0.05633268776696236,0.05633268776696236,0.05633268776696236
4,0,1,6,5,LBUTTRUU,rolling_mean_z,1,-0.14237407375490505,-0.14237407375490505,-0.14237407375490505
4,0,1,7,5,LBUTTRUU,rolling_mean_z,1,0.1366390473457482,0.1366390473457482,0.1366390473457482
4,0,1,8,5,LBUTTRUU,rolling_mean_z,1,0.10575198596929211,0.10575198596929211,0.10575198596929211
4,0,1,9,5,LBUTTRUU,rolling_mean_z,1,0.15105300932142768,0.15105300932142768,0.15105300932142768
4,0,1,10,5,LBUTTRUU,rolling_mean_z,1,-0.1969412155199774,-0.1969412155199774,-0.1969412155199774
4,0,2,-10,5,LBUTTRUU,rolling_mean_z,256,0.005626428673947239,-0.24867704332554105,0.22054889741845415
4,0,2,-9,5,LBUTTRUU,rolling_mean_z,256,0.002022938180027534,-0.2512509651069123,0.21977672088404257
4,0,2,-8,5,LBUTTRUU,rolling_mean_z,256,0.013090801839924128,-0.1934664211151259,0.19493837569380915
4,0,2,-7,5,LBUTTRUU,rolling_mean_z,256,0.02750476381560356,-0.22834306125270737,0.23032980018766497
4,0,2,-6,5,LBUTTRUU,rolling_mean_z,256,0.018496037580804,-0.19668382334183993,0.22003411306217974
4,0,2,-5,5,LBUTTRUU,rolling_mean_z,256,-0.002352728848303882,-0.19501077418394872,0.21565844603384843
4,0,2,-4,5,LBUTTRUU,rolling_mean_z,256,-0.0056988271640864285,-0.23246133610290162,0.22054889741845404
4,0,2,-3,5,LBUTTRUU,rolling_mean_z,256,0.004854252139535779,-0.2625762209449464,0.16546697129710736
4,0,2,-2,5,LBUTTRUU,rolling_mean_z,256,0.018496037580804,-0.23838135620005557,0.21823236781521999
4,0,2,-1,5,LBUTTRUU,rolling_mean_z,256,-0.05357377229759361,-0.26476405445911194,0.20394710192860918
4,0,2,0,5,LBUTTRUU,rolling_mean_z,256,-0.04199112428142267,-0.30568941078291617,0.23612112419575054
4,0,2,1,5,LBUTTRUU,rolling_mean_z,256,-0.034269358937308494,-0.30079895939831053,0.23727938899736745
4,0,2,2,5,LBUTTRUU,rolling_mean_z,256,-0.04379286952838255,-0.28651369351169975,0.2361211241957507
4,0,2,3,5,LBUTTRUU,rolling_mean_z,256,-0.047138967844165325,-0.3895992608556219,0.19210706173430067
4,0,2,4,5,LBUTTRUU,rolling_mean_z,256,-0.04997028180367352,-0.3140546565723733,0.19313663044684937
4,0,2,5,5,LBUTTRUU,rolling_mean_z,256,0.01128905659296431,-0.23966831709074127,0.21128277900551706
4,0,2,6,5,LBUTTRUU,rolling_mean_z,256,0.0007359772893417965,-0.22049259981952488,0.20253144494885478
4,0,2,7,5,LBUTTRUU,rolling_mean_z,256,0.016179507977569885,-0.2307882869450103,0.20356101366140344
4,0,2,8,5,LBUTTRUU,rolling_mean_z,256,-0.004669258451538235,-0.2731293002485687,0.19545316005008342
4,0,2,9,5,LBUTTRUU,rolling_mean_z,256,0.0079429582771814,-0.25202314164132383,0.1859296494590092
4,0,2,10,5,LBUTTRUU,rolling_mean_z,256,-0.025775417058783244,-0.24262832713931864,0.20137318014723768
4,0,3,-10,5,LBUTTRUU,rolling_mean_z,1,-0.09449912862139787,-0.09449912862139787,-0.09449912862139787
4,0,3,-9,5,LBUTTRUU,rolling_mean_z,1,-0.30504593033757355,-0.30504593033757355,-0.30504593033757355
4,0,3,-8,5,LBUTTRUU,rolling_mean_z,1,-0.2926911057869911,-0.2926911057869911,-0.2926911057869911
4,0,3,-7,5,LBUTTRUU,rolling_mean_z,1,-0.1156052872286429,-0.1156052872286429,-0.1156052872286429
4,0,3,-6,5,LBUTTRUU,rolling_mean_z,1,-0.15936195751195567,-0.15936195751195567,-0.15936195751195567
4,0,3,-5,5,LBUTTRUU,rolling_mean_z,1,-0.133107955341968,-0.133107955341968,-0.133107955341968
4,0,3,-4,5,LBUTTRUU,rolling_mean_z,1,-0.06309728288866752,-0.06309728288866752,-0.06309728288866752
4,0,3,-3,5,LBUTTRUU,rolling_mean_z,1,0.0033098990707130516,0.0033098990707130516,0.0033098990707130516
4,0,3,-2,5,LBUTTRUU,rolling_mean_z,1,-0.08265908842708972,-0.08265908842708972,-0.08265908842708972
4,0,3,-1,5,LBUTTRUU,rolling_mean_z,1,-0.20723690264546257,-0.20723690264546257,-0.20723690264546257
4,0,3,0,5,LBUTTRUU,rolling_mean_z,1,-0.5155927320537491,-0.5155927320537491,-0.5155927320537491
4,0,3,1,5,LBUTTRUU,rolling_mean_z,1,-0.4548481780133855,-0.4548481780133855,-0.4548481780133855
4,0,3,2,5,LBUTTRUU,rolling_mean_z,1,-1.0350101475344853,-1.0350101475344853,-1.0350101475344853
4,0,3,3,5,LBUTTRUU,rolling_mean_z,1,-1.0792816021740728,-1.0792816021740728,-1.0792816021740728
4,0,3,4,5,LBUTTRUU,rolling_mean_z,1,-0.9557333566682482,-0.9557333566682482,-0.9557333566682482
4,0,3,5,5,LBUTTRUU,rolling_mean_z,1,-0.6653949797295611,-0.6653949797295611,-0.6653949797295611
4,0,3,6,5,LBUTTRUU,rolling_mean_z,1,-0.6859863539805318,-0.6859863539805318,-0.6859863539805318
4,0,3,7,5,LBUTTRUU,rolling_mean_z,1,-0.15061062345529314,-0.15061062345529314,-0.15061062345529314
4,0,3,8,5,LBUTTRUU,rolling_mean_z,1,-0.05949379239474769,-0.05949379239474769,-0.05949379239474769
4,0,3,9,5,LBUTTRUU,rolling_mean_z,1,-0.21856215848349647,-0.21856215848349647,-0.21856215848349647
4,0,3,10,5,LBUTTRUU,rolling_mean_z,1,-0.27055537846719757,-0.27055537846719757,-0.27055537846719757
4,1,0,-10,5,LBUTTRUU,rolling_mean_z,2,-0.3493173849771605,-0.49448657344650393,-0.20414819650781713
4,1,0,-9,5,LBUTTRUU,rolling_mean_z,2,-0.4535612171226998,-0.7916458431058251,-0.11547659113957448
4,1,0,-8,5,LBUTTRUU,rolling_mean_z,2,-0.720991690207182,-1.3719365087159936,-0.0700468716983702
4,1,0,-7,5,LBUTTRUU,rolling_mean_z,2,-0.16450980107469826,-0.6442888211223159,0.3152692189729193
4,1,0,-6,5,LBUTTRUU,rolling_mean_z,2,-0.14829409385205883,-0.7056768556080224,0.40908866790390475
4,1,0,-5,5,LBUTTRUU,rolling_mean_z,2,-0.24455876847534697,-0.6680975976000008,0.17898006064930683
4,1,0,-4,5,LBUTTRUU,rolling_mean_z,2,0.014120370552472727,-0.19102119542282292,0.21926193652776838
4,1,0,-3,5,LBUTTRUU,rolling_mean_z,2,0.2614742537422584,0.06160922741877378,0.46133928006574304
4,1,0,-2,5,LBUTTRUU,rolling_mean_z,2,-0.031952829334074305,-0.05215811531783944,-0.011747543350309177
4,1,0,-1,5,LBUTTRUU,rolling_mean_z,2,-0.15164019216784164,-0.28805804658052275,-0.015222337755160492
4,1,0,0,5,LBUTTRUU,rolling_mean_z,2,-0.2170178054146737,-0.29243371360885406,-0.14160189722049335
4,1,0,1,5,LBUTTRUU,rolling_mean_z,2,-0.35832611121196023,-0.46990562043440787,-0.24674660198951254
4,1,0,2,5,LBUTTRUU,rolling_mean_z,2,-0.23735178748750727,-0.3841940251147421,-0.09050954986027245
4,1,0,3,5,LBUTTRUU,rolling_mean_z,2,-0.4247332931713408,-0.5659129028795586,-0.28355368346312293
4,1,0,4,5,LBUTTRUU,rolling_mean_z,2,-0.04559461477534242,-0.13671144583588773,0.04552221628520289
4,1,0,5,5,LBUTTRUU,rolling_mean_z,2,0.16984263832543872,0.1377973121473654,0.20188796450351204
4,1,0,6,5,LBUTTRUU,rolling_mean_z,2,0.06585619835803659,0.023257792876341055,0.10845460383973213
4,1,0,7,5,LBUTTRUU,rolling_mean_z,2,-0.09990436436227766,-0.14842278994112754,-0.05138593878342779
4,1,0,8,5,LBUTTRUU,rolling_mean_z,2,-0.10505220792502032,-0.14636365251603045,-0.06374076333401021
4,1,0,9,5,LBUTTRUU,rolling_mean_z,2,-0.23632221877495863,-0.28741456613517957,-0.18522987141473765
4,1,0,10,5,LBUTTRUU,rolling_mean_z,2,-0.2692684175765118,-0.40735932114708406,-0.13117751400593952
4,1,2,-10,5,LBUTTRUU,rolling_mean_z,54,0.010002095702278365,-0.1529271530585272,0.21437148514316273
4,1,2,-9,5,LBUTTRUU,rolling_mean_z,54,-0.01959800478349185,-0.23542134615147875,0.24770377221192186
4,1,2,-8,5,LBUTTRUU,rolling_mean_z,54,-0.06798773427327334,-0.2131569227426166,0.27498734309445777
4,1,2,-7,5,LBUTTRUU,rolling_mean_z,54,-0.14288885811117902,-0.46462908078259646,0.11836420269801165
4,1,2,-6,5,LBUTTRUU,rolling_mean_z,54,-0.11431832633795747,-0.4453246674223114,0.1967401209407691
4,1,2,-5,5,LBUTTRUU,rolling_mean_z,54,-0.14597756424882483,-0.3593556799245089,0.11450332002595459
4,1,2,-4,5,LBUTTRUU,rolling_mean_z,54,-0.08960867723679246,-0.44120639257211736,0.12660075239840007
4,1,2,-3,5,LBUTTRUU,rolling_mean_z,54,-0.02088496567417729,-0.3719678966532281,0.23020110409859645
4,1,2,-2,5,LBUTTRUU,rolling_mean_z,54,0.024930842034232154,-0.2606457796089179,0.2141140929650258
4,1,2,-1,5,LBUTTRUU,rolling_mean_z,54,-0.007500572411046694,-0.251122269017844,0.27048297997705795
4,1,2,0,5,LBUTTRUU,rolling_mean_z,54,0.047323961532162895,-0.1507393195443616,0.26198903809853247
4,1,2,1,5,LBUTTRUU,rolling_mean_z,54,0.0545309425200028,-0.2262839238276106,0.23251763370183065
4,1,2,2,5,LBUTTRUU,rolling_mean_z,54,0.0007359772893415274,-0.28033628123640875,0.21540105385571137
4,1,2,3,5,LBUTTRUU,rolling_mean_z,54,0.001250761645615828,-0.3352895112686868,0.23328981023624207
4,1,2,4,5,LBUTTRUU,rolling_mean_z,54,-0.07596689179552424,-0.2724858198032261,0.22531065271399112
4,1,2,5,5,LBUTTRUU,rolling_mean_z,54,-0.13310795534196815,-0.4895961220618986,0.16057651991250171
4,1,2,6,5,LBUTTRUU,rolling_mean_z,54,-0.05614769407896508,-0.4950013578027785,0.196225336584495
4,1,2,7,5,LBUTTRUU,rolling_mean_z,54,-0.0520294192287708,-0.39178709436978776,0.0787258072648933
4,1,2,8,5,LBUTTRUU,rolling_mean_z,54,-0.04997028180367379,-0.28857283093679675,0.20163057232537485
4,1,2,9,5,LBUTTRUU,rolling_mean_z,54,-0.07596689179552438,-0.2937206744995395,0.23161676107835075
4,1,2,10,5,LBUTTRUU,rolling_mean_z,54,-0.024745848346234358,-0.30105635157644806,0.3048448357583656
4,1,3,-10,5,LBUTTRUU,rolling_mean_z,7,-0.5140483789849261,-0.681095902595926,0.30960659105390265
4,1,3,-9,5,LBUTTRUU,rolling_mean_z,7,-0.4316828819810431,-0.8033571872110646,0.1407573221959428
4,1,3,-8,5,LBUTTRUU,rolling_mean_z,7,-0.7029742377375824,-1.0460780111943822,0.20536275890836342
4,1,3,-7,5,LBUTTRUU,rolling_mean_z,7,-0.7590857325714776,-0.9850760649758812,0.39377383330474547
4,1,3,-6,5,LBUTTRUU,rolling_mean_z,7,-0.22113608026486756,-0.825492914530858,0.5276177659360552
4,1,3,-5,5,LBUTTRUU,rolling_mean_z,7,0.19789838574238655,-0.667711509332795,0.5103724900008673
4,1,3,-4,5,LBUTTRUU,rolling_mean_z,7,0.6277433232314003,-0.855607799372903,1.0099707077650444
4,1,3,-3,5,LBUTTRUU,rolling_mean_z,7,0.5263308050453694,-0.3279538341917782,0.8102343775306284
4,1,3,-2,5,LBUTTRUU,rolling_mean_z,7,0.18605834554807812,-0.5935825620293004,0.8696919706803062
4,1,3,-1,5,LBUTTRUU,rolling_mean_z,7,-0.07802602922062099,-1.089834681477695,0.8282518300002277
4,1,3,0,5,LBUTTRUU,rolling_mean_z,7,-0.1531845452366645,-0.6553566847822125,0.47202105545843415
4,1,3,1,5,LBUTTRUU,rolling_mean_z,7,-0.4188132730741865,-1.1508366276961954,0.2993109039284172
4,1,3,2,5,LBUTTRUU,rolling_mean_z,7,-1.319171112197881,-1.563178897071884,0.1139885356696807
4,1,3,3,5,LBUTTRUU,rolling_mean_z,7,0.12273986972634354,-2.1438556509492583,0.30368657095674845
4,1,3,4,5,LBUTTRUU,rolling_mean_z,7,0.019782998471489833,-2.8496250034012798,0.3901703428108257
4,1,3,5,5,LBUTTRUU,rolling_mean_z,7,-0.9994900269515605,-2.46611065797695,-0.24944921985995222
4,1,3,6,5,LBUTTRUU,rolling_mean_z,7,-0.6556140769603497,-1.736146440780038,-0.31791553924442995
4,1,3,7,5,LBUTTRUU,rolling_mean_z,7,-1.2280542811373356,-1.7320281659298442,0.48566284089970246
4,1,3,8,5,LBUTTRUU,rolling_mean_z,7,-0.876971350158285,-1.3603538606998224,0.665837365595696
4,1,3,9,5,LBUTTRUU,rolling_mean_z,7,-0.3261520889448182,-0.5415893420455995,0.9654418609473199
4,1,3,10,5,LBUTTRUU,rolling_mean_z,7,0.18194007069788384,-0.04791114437857649,0.6630060516361878
4,2,0,-10,5,LBUTTRUU,rolling_mean_z,256,0.005369036495810153,-0.2630910053012206,0.21874715217149376
4,2,0,-9,5,LBUTTRUU,rolling_mean_z,256,0.005626428673947239,-0.2448161606534842,0.2179749756370826
4,2,0,-8,5,LBUTTRUU,rolling_mean_z,256,0.006398605208358642,-0.2630910053012206,0.19931404272214062
4,2,0,-7,5,LBUTTRUU,rolling_mean_z,256,0.008972526989730067,-0.21997781546325074,0.17666353104607285
4,2,0,-6,5,LBUTTRUU,rolling_mean_z,256,0.022614312430998203,-0.22203695288834768,0.22312281919982513
4,2,0,-5,5,LBUTTRUU,rolling_mean_z,256,0.01720907669011832,-0.23567873832961583,0.22222194657634542
4,2,0,-4,5,LBUTTRUU,rolling_mean_z,256,0.004596859961398864,-0.2778910555441059,0.2063923276209118
4,2,0,-3,5,LBUTTRUU,rolling_mean_z,256,0.0007359772893415664,-0.2570422891149978,0.24448636998520726
4,2,0,-2,5,LBUTTRUU,rolling_mean_z,256,-0.030408476265251602,-0.30916420518776755,0.20471927846302068
4,2,0,-1,5,LBUTTRUU,rolling_mean_z,256,-0.03349718240289716,-0.2769901829206258,0.22209325048727674
4,2,0,0,5,LBUTTRUU,rolling_mean_z,256,-0.026032809236920206,-0.2587153382728894,0.2157871421229172
4,2,0,1,5,LBUTTRUU,rolling_mean_z,256,-0.008015356767320925,-0.23657961095309574,0.2417837521147676
4,2,0,2,5,LBUTTRUU,rolling_mean_z,256,0.002537722536301612,-0.2531814064429409,0.19738360138611188
4,2,0,3,5,LBUTTRUU,rolling_mean_z,256,-0.0033822975608524576,-0.21650302105839922,0.2107679946492427
4,2,0,4,5,LBUTTRUU,rolling_mean_z,256,0.034196960447169154,-0.1807255082973377,0.2422985364710419
4,2,0,5,5,LBUTTRUU,rolling_mean_z,256,0.03316739173462073,-0.2575570734712723,0.20407579801767758
4,2,0,6,5,LBUTTRUU,rolling_mean_z,256,-0.0010657679576181493,-0.24352919976279824,0.19352271871405505
4,2,0,7,5,LBUTTRUU,rolling_mean_z,256,-0.012133631617515026,-0.23670830704216433,0.22286542702168807
4,2,0,8,5,LBUTTRUU,rolling_mean_z,256,-0.01856843607094329,-0.23014480649966781,0.19056270866547828
4,2,0,9,5,LBUTTRUU,rolling_mean_z,256,-0.0023527288483039025,-0.22576913947133623,0.18284094332136425
4,2,0,10,5,LBUTTRUU,rolling_mean_z,256,0.01669429233384384,-0.230530894766873,0.17138699139426153
4,2,1,-10,5,LBUTTRUU,rolling_mean_z,51,-0.011104062904966506,-0.27904932034572283,0.20639232762091153
4,2,1,-9,5,LBUTTRUU,rolling_mean_z,51,-0.020370181317903212,-0.2592301226291637,0.3013700413535141
4,2,1,-8,5,LBUTTRUU,rolling_mean_z,51,-0.016251906467709087,-0.24610312154416975,0.2570985867139271
4,2,1,-7,5,LBUTTRUU,rolling_mean_z,51,-0.031180652799662777,-0.21032560878310824,0.13483730209878847
4,2,1,-6,5,LBUTTRUU,rolling_mean_z,51,0.012061233127375504,-0.21984911937418206,0.2277558784062939
4,2,1,-5,5,LBUTTRUU,rolling_mean_z,51,0.024930842034232282,-0.2919189292525797,0.3034291787786111
4,2,1,-4,5,LBUTTRUU,rolling_mean_z,51,-0.06618598902631317,-0.36192960170588007,0.25864293978274977
4,2,1,-3,5,LBUTTRUU,rolling_mean_z,51,-0.0028675132045779205,-0.3681070139811713,0.2164306225682598
4,2,1,-2,5,LBUTTRUU,rolling_mean_z,51,-0.07390775437042743,-0.2919189292525798,0.1343225177425141
4,2,1,-1,5,LBUTTRUU,rolling_mean_z,51,-0.05589030190082781,-0.3336164621107952,0.22492456444678544
4,2,1,0,5,LBUTTRUU,rolling_mean_z,51,0.011031664414826992,-0.41984284178673525,0.31192312065713657
4,2,1,1,5,LBUTTRUU,rolling_mean_z,51,-0.004926650629675455,-0.2677240645076891,0.23882374206619056
4,2,1,2,5,LBUTTRUU,rolling_mean_z,51,0.004854252139535631,-0.24172745451583866,0.26121686156412127
4,2,1,3,5,LBUTTRUU,rolling_mean_z,51,-0.031180652799662777,-0.2633483974793579,0.19069140475454657
4,2,1,4,5,LBUTTRUU,rolling_mean_z,51,0.008457742633455601,-0.48985351424003587,0.26482035205804133
4,2,1,5,5,LBUTTRUU,rolling_mean_z,51,-0.09861740347159173,-0.3642461313091143,0.19506707178287788
4,2,1,6,5,LBUTTRUU,rolling_mean_z,51,-0.04199112428142234,-0.43322723504986627,0.21874715217149415
4,2,1,7,5,LBUTTRUU,rolling_mean_z,51,-0.1506106234552932,-0.5168796929444349,0.18657312990435237
4,2,1,8,5,LBUTTRUU,rolling_mean_z,51,-0.07184861694533033,-0.27441626113925466,0.19120618911082105
4,2,1,9,5,LBUTTRUU,rolling_mean_z,51,-0.08214430407081548,-0.511731849381692,0.17421830535376975
4,2,1,10,5,LBUTTRUU,rolling_mean_z,51,-0.1351670927670649,-0.37454181843459955,0.13457990992065128
4,2,3,-10,5,LBUTTRUU,rolling_mean_z,8,-0.0077579645891837235,-0.06065205719636523,0.09326846532964114
4,2,3,-9,5,LBUTTRUU,rolling_mean_z,8,-0.019340612605355204,-0.13001924920432242,0.13046163507045683
4,2,3,-8,5,LBUTTRUU,rolling_mean_z,8,-0.05254420358504509,-0.10814091406266627,0.038701323564568575
4,2,3,-7,5,LBUTTRUU,rolling_mean_z,8,-0.11534789505050579,-0.24262832713931876,0.04191872579128282
4,2,3,-6,5,LBUTTRUU,rolling_mean_z,8,-0.1529271530585274,-0.40362713456409605,-0.008916229390801073
4,2,3,-5,5,LBUTTRUU,rolling_mean_z,8,-0.17892376305037785,-0.2887015270258654,-0.04340678126117702
4,2,3,-4,5,LBUTTRUU,rolling_mean_z,8,-0.009559709836143564,-0.2467466019895131,0.30780484580694256
4,2,3,-3,5,LBUTTRUU,rolling_mean_z,8,0.020812567184038462,-0.06129553764170806,0.31449704243850773
4,2,3,-2,5,LBUTTRUU,rolling_mean_z,8,0.1590321668436791,0.06353966875480194,0.29068826596082287
4,2,3,-1,5,LBUTTRUU,rolling_mean_z,8,0.19300793435778033,-0.034526751115445904,0.46326972140177153
4,2,3,0,5,LBUTTRUU,rolling_mean_z,8,0.4092173639929728,0.20085839579096326,0.581412731166716
4,2,3,1,5,LBUTTRUU,rolling_mean_z,8,0.15259736239025057,-0.027191074038537794,0.40162429473792804
4,2,3,2,5,LBUTTRUU,rolling_mean_z,8,0.15748781377485607,-0.040318075123531624,0.4558053482357943
4,2,3,3,5,LBUTTRUU,rolling_mean_z,8,0.03239521520020894,-0.050227673981811265,0.5666126809238305
4,2,3,4,5,LBUTTRUU,rolling_mean_z,8,0.126858144576537,0.04346307886010561,0.2684238425519607
4,2,3,5,5,LBUTTRUU,rolling_mean_z,8,0.006398605208358311,-0.4663021299404879,0.27781865705396597
4,2,3,6,5,LBUTTRUU,rolling_mean_z,8,0.12840249764535988,-0.003510993649921095,0.2336758985034475
4,2,3,7,5,LBUTTRUU,rolling_mean_z,8,0.06611359053617345,-0.08960867723679239,0.1639226182282842
4,2,3,8,5,LBUTTRUU,rolling_mean_z,8,0.11398853566968044,-0.15704542790872184,0.2600585967625038
4,2,3,9,5,LBUTTRUU,rolling_mean_z,8,-0.1444332111800023,-0.1515114960787732,0.15336953892466182
4,2,3,10,5,LBUTTRUU,rolling_mean_z,8,-0.172746350775087,-0.27596061420807755,-0.04430765388465706
4,3,1,-10,5,LBUTTRUU,rolling_mean_z,11,-0.07081904823278176,-0.6561288613166238,0.2581281554264758
4,3,1,-9,5,LBUTTRUU,rolling_mean_z,11,0.036770882228540004,-0.48213174889592136,0.3515615160902555
4,3,1,-8,5,LBUTTRUU,rolling_mean_z,11,0.010002095702278072,-0.6103130536082143,0.37112332162867767
4,3,1,-7,5,LBUTTRUU,rolling_mean_z,11,-0.02037018131790347,-0.5843164436163636,0.24577333087589356
4,3,1,-6,5,LBUTTRUU,rolling_mean_z,11,0.06611359053617391,-0.6226678781587971,0.32299098431703344
4,3,1,-5,5,LBUTTRUU,rolling_mean_z,11,0.342552789855456,-0.4705491008797509,0.6128145768994462
4,3,1,-4,5,LBUTTRUU,rolling_mean_z,11,0.07949798379930462,-0.12512879781971686,0.5947971244298469
4,3,1,-3,5,LBUTTRUU,rolling_mean_z,11,0.18605834554807812,-0.495258749980915,0.5330230016769347
4,3,1,-2,5,LBUTTRUU,rolling_mean_z,11,-0.22113608026486756,-0.5037526918594407,0.324277945207719
4,3,1,-1,5,LBUTTRUU,rolling_mean_z,11,0.2653351364143156,-0.2672092801514146,0.5304490798955632
4,3,1,0,5,LBUTTRUU,rolling_mean_z,11,0.08361625864949893,-0.9557333566682479,0.4220869728998296
4,3,1,1,5,LBUTTRUU,rolling_mean_z,11,0.1618634808031875,-0.1361966614796134,0.3675198311347573
4,3,1,2,5,LBUTTRUU,rolling_mean_z,11,0.07486492459283581,-0.3328442855763838,0.5523274150372202
4,3,1,3,5,LBUTTRUU,rolling_mean_z,11,0.024930842034232282,-0.7047759829845421,0.7525785296279102
4,3,1,4,5,LBUTTRUU,rolling_mean_z,11,-0.03941720250005145,-0.7379795739642327,0.5345673547457577
4,3,1,5,5,LBUTTRUU,rolling_mean_z,11,0.171644383572399,-0.3724826810095023,0.3489875943088837
4,3,1,6,5,LBUTTRUU,rolling_mean_z,11,0.06199531568597947,-0.6525253708227043,0.2097384259366943
4,3,1,7,5,LBUTTRUU,rolling_mean_z,11,-0.03735806507495456,-0.5706746581750956,0.35722414400927227
4,3,1,8,5,LBUTTRUU,rolling_mean_z,11,-0.15009583909901894,-0.37402703407832516,0.18013832545092434
4,3,1,9,5,LBUTTRUU,rolling_mean_z,11,-0.23555004224054743,-0.4074880172361529,0.09211020052802417
4,3,1,10,5,LBUTTRUU,rolling_mean_z,11,-0.3627017782402919,-0.6056799944017459,0.009744703524141612
4,3,2,-10,5,LBUTTRUU,rolling_mean_z,5,-0.11869399336628816,-0.15936195751195567,-0.11200179673472341
4,3,2,-9,5,LBUTTRUU,rolling_mean_z,5,-0.133107955341968,-0.2669518879732774,-0.03890241814377735
4,3,2,-8,5,LBUTTRUU,rolling_mean_z,5,-0.06309728288866752,-0.25665620084779206,0.045007431928928324
4,3,2,-7,5,LBUTTRUU,rolling_mean_z,5,0.0033098990707130516,-0.38483750556008545,0.2946778447219489
4,3,2,-6,5,LBUTTRUU,rolling_mean_z,5,-0.08265908842708972,-0.26334839747935823,-0.041991124281422335
4,3,2,-5,5,LBUTTRUU,rolling_mean_z,5,-0.04765375220043995,-0.20723690264546257,0.21282713207434031
4,3,2,-4,5,LBUTTRUU,rolling_mean_z,5,0.07383535588028729,-0.4785282584020017,0.3569667518311347
4,3,2,-3,5,LBUTTRUU,rolling_mean_z,5,0.003309899070712574,-0.4455820596004485,0.28386737324018857
4,3,2,-2,5,LBUTTRUU,rolling_mean_z,5,0.011031664414826609,-0.19333772502605778,0.38425032271367154
4,3,2,-1,5,LBUTTRUU,rolling_mean_z,5,0.0002211929330669826,-0.141859289398631,0.45374621081069755
4,3,2,0,5,LBUTTRUU,rolling_mean_z,5,-0.07957038228944455,-0.16193587929332742,0.7075348984539117
4,3,2,1,5,LBUTTRUU,rolling_mean_z,5,0.1989279544549344,-0.04044677121260017,0.7723977273444694
4,3,2,2,5,LBUTTRUU,rolling_mean_z,5,0.04964049113539672,0.040374372722459896,0.4769115068430397
4,3,2,3,5,LBUTTRUU,rolling_mean_z,5,0.061995315685979144,-0.15061062345529314,0.48823676268107297
4,3,2,4,5,LBUTTRUU,rolling_mean_z,5,0.12376943843889132,0.00845774263345569,0.3116657284789991
4,3,2,5,5,LBUTTRUU,rolling_mean_z,5,0.22878544711884197,-0.08574779456473532,0.28438215759646285
4,3,2,6,5,LBUTTRUU,rolling_mean_z,5,0.0218421358965867,-0.14031493632980815,0.20613493544277417
4,3,2,7,5,LBUTTRUU,rolling_mean_z,5,0.11604767309477723,-0.12641575871040295,0.2020166605925806
4,3,2,8,5,LBUTTRUU,rolling_mean_z,5,-0.13465230841079082,-0.1727463507750871,0.20253144494885494
4,3,2,9,5,LBUTTRUU,rolling_mean_z,5,-0.1691428602811672,-0.2674666723295524,-0.07905559793316988
4,3,2,10,5,LBUTTRUU,rolling_mean_z,5,-0.044050261706520086,-0.07545210743925002,0.032652607378345834
4,0,1,-10,5,SPXT,rolling_std_ratio,1,0.3693247370216215,0.3693247370216215,0.3693247370216215
4,0,1,-9,5,SPXT,rolling_std_ratio,1,0.27235235241148553,0.27235235241148553,0.27235235241148553
4,0,1,-8,5,SPXT,rolling_std_ratio,1,0.3095851783126129,0.3095851783126129,0.3095851783126129
4,0,1,-7,5,SPXT,rolling_std_ratio,1,0.24750337695336336,0.24750337695336336,0.24750337695336336
4,0,1,-6,5,SPXT,rolling_std_ratio,1,0.3229377659476165,0.3229377659476165,0.3229377659476165
4,0,1,-5,5,SPXT,rolling_std_ratio,1,0.3284153147654176,0.3284153147654176,0.3284153147654176
4,0,1,-4,5,SPXT,rolling_std_ratio,1,0.33606187895240125,0.33606187895240125,0.33606187895240125
4,0,1,-3,5,SPXT,rolling_std_ratio,1,0.3354953196568959,0.3354953196568959,0.3354953196568959
4,0,1,-2,5,SPXT,rolling_std_ratio,1,0.34669154459719975,0.34669154459719975,0.34669154459719975
4,0,1,-1,5,SPXT,rolling_std_ratio,1,0.28897117666539057,0.28897117666539057,0.28897117666539057
4,0,1,0,5,SPXT,rolling_std_ratio,1,0.44960706490914965,0.44960706490914965,0.44960706490914965
4,0,1,1,5,SPXT,rolling_std_ratio,1,0.4215278685472835,0.4215278685472835,0.4215278685472835
4,0,1,2,5,SPXT,rolling_std_ratio,1,0.3961778295664888,0.3961778295664888,0.3961778295664888
4,0,1,3,5,SPXT,rolling_std_ratio,1,0.3772211802315987,0.3772211802315987,0.3772211802315987
4,0,1,4,5,SPXT,rolling_std_ratio,1,0.375133437445656,0.375133437445656,0.375133437445656
4,0,1,5,5,SPXT,rolling_std_ratio,1,0.2416931822344766,0.2416931822344766,0.2416931822344766
4,0,1,6,5,SPXT,rolling_std_ratio,1,0.3142821137495677,0.3142821137495677,0.3142821137495677
4,0,1,7,5,SPXT,rolling_std_ratio,1,0.31702949206071157,0.31702949206071157,0.31702949206071157
4,0,1,8,5,SPXT,rolling_std_ratio,1,0.34330427105408257,0.34330427105408257,0.34330427105408257
4,0,1,9,5,SPXT,rolling_std_ratio,1,0.4834956725790596,0.4834956725790596,0.4834956725790596
4,0,1,10,5,SPXT,rolling_std_ratio,1,0.39621752362304913,0.39621752362304913,0.39621752362304913
4,0,2,-10,5,SPXT,rolling_std_ratio,256,0.4651865330900301,0.30553208346648236,0.6515359618320843
4,0,2,-9,5,SPXT,rolling_std_ratio,256,0.4795111714289297,0.3240371955669135,0.6512383594630563
4,0,2,-8,5,SPXT,rolling_std_ratio,256,0.481352867929684,0.3084878376646035,0.6675861213631572
4,0,2,-7,5,SPXT,rolling_std_ratio,256,0.4703204659749316,0.31067829766533506,0.6536963505500258
4,0,2,-6,5,SPXT,rolling_std_ratio,256,0.49591575828010254,0.32065885872472616,0.6997427295103428
4,0,2,-5,5,SPXT,rolling_std_ratio,256,0.4801847683068552,0.29945442779759035,0.7118265259987318
4,0,2,-4,5,SPXT,rolling_std_ratio,256,0.48281387688113453,0.29282439962121776,0.6785855195495685
4,0,2,-3,5,SPXT,rolling_std_ratio,256,0.47862022720160713,0.3021504421708598,0.6464868934722305
4,0,2,-2,5,SPXT,rolling_std_ratio,256,0.43995327656949224,0.2993413249124599,0.6124789660194148
4,0,2,-1,5,SPXT,rolling_std_ratio,256,0.45002351756763026,0.3126712752499755,0.6078179460912921
4,0,2,0,5,SPXT,rolling_std_ratio,256,0.5053243181816578,0.36440376992662876,0.6787294791567184
4,0,2,1,5,SPXT,rolling_std_ratio,256,0.5292320408413884,0.3606891815917022,0.7165632071350396
4,0,2,2,5,SPXT,rolling_std_ratio,256,0.5560309569814486,0.37745819246005796,0.7583043388273906
4,0,2,3,5,SPXT,rolling_std_ratio,256,0.6060676056231256,0.4178184786116024,0.8087712388345595
4,0,2,4,5,SPXT,rolling_std_ratio,256,0.5917353492135584,0.42590174793567404,0.8518601158125267
4,0,2,5,5,SPXT,rolling_std_ratio,256,0.5244405162119974,0.3664699608030484,0.7721664478834678
4,0,2,6,5,SPXT,rolling_std_ratio,256,0.5312735193895035,0.3447875091814143,0.7760377250419374
4,0,2,7,5,SPXT,rolling_std_ratio,256,0.5157185618279947,0.33439754922567355,0.716223564644588
4,0,2,8,5,SPXT,rolling_std_ratio,256,0.5017070430674914,0.32866140780708386,0.7364052488265409
4,0,2,9,5,SPXT,rolling_std_ratio,256,0.5243240334486676,0.3510173396222407,0.7169416687035238
4,0,2,10,5,SPXT,rolling_std_ratio,256,0.5173724155449131,0.36981898872345614,0.6787294791567184
4,0,3,-10,5,SPXT,rolling_std_ratio,1,0.19841665188756144,0.19841665188756144,0.19841665188756144
4,0,3,-9,5,SPXT,rolling_std_ratio,1,0.21045001579457542,0.21045001579457542,0.21045001579457542
4,0,3,-8,5,SPXT,rolling_std_ratio,1,0.21741781766282267,0.21741781766282267,0.21741781766282267
4,0,3,-7,5,SPXT,rolling_std_ratio,1,0.08952157581538431,0.08952157581538431,0.08952157581538431
4,0,3,-6,5,SPXT,rolling_std_ratio,1,0.1538762449136878,0.1538762449136878,0.1538762449136878
4,0,3,-5,5,SPXT,rolling_std_ratio,1,0.1727150840236965,0.1727150840236965,0.1727150840236965
4,0,3,-4,5,SPXT,rolling_std_ratio,1,0.16971025214342111,0.16971025214342111,0.16971025214342111
4,0,3,-3,5,SPXT,rolling_std_ratio,1,0.1821732641198412,0.1821732641198412,0.1821732641198412
4,0,3,-2,5,SPXT,rolling_std_ratio,1,0.7567464183803697,0.7567464183803697,0.7567464183803697
4,0,3,-1,5,SPXT,rolling_std_ratio,1,0.7130118270300339,0.7130118270300339,0.7130118270300339
4,0,3,0,5,SPXT,rolling_std_ratio,1,0.6572822262812936,0.6572822262812936,0.6572822262812936
4,0,3,1,5,SPXT,rolling_std_ratio,1,0.5809471744645475,0.5809471744645475,0.5809471744645475
4,0,3,2,5,SPXT,rolling_std_ratio,1,0.5766715452522343,0.5766715452522343,0.5766715452522343
4,0,3,3,5,SPXT,rolling_std_ratio,1,0.30195938994610233,0.30195938994610233,0.30195938994610233
4,0,3,4,5,SPXT,rolling_std_ratio,1,0.34701594592929613,0.34701594592929613,0.34701594592929613
4,0,3,5,5,SPXT,rolling_std_ratio,1,0.24430645013890626,0.24430645013890626,0.24430645013890626
4,0,3,6,5,SPXT,rolling_std_ratio,1,0.276599223406616,0.276599223406616,0.276599223406616
4,0,3,7,5,SPXT,rolling_std_ratio,1,0.29625780706081983,0.29625780706081983,0.29625780706081983
4,0,3,8,5,SPXT,rolling_std_ratio,1,0.2531189911564788,0.2531189911564788,0.2531189911564788
4,0,3,9,5,SPXT,rolling_std_ratio,1,0.23059263018035248,0.23059263018035248,0.23059263018035248
4,0,3,10,5,SPXT,rolling_std_ratio,1,0.2243338807261445,0.2243338807261445,0.2243338807261445
4,1,0,-10,5,SPXT,rolling_std_ratio,2,0.6480324460574319,0.44776791150539763,0.8482969806094661
4,1,0,-9,5,SPXT,rolling_std_ratio,2,0.752647615189282,0.5377926905684492,0.9675025398101148
4,1,0,-8,5,SPXT,rolling_std_ratio,2,0.6152071273873018,0.4718112210763597,0.7586030336982439
4,1,0,-7,5,SPXT,rolling_std_ratio,2,0.8459136268404865,0.5909877528964439,1.100839500784529
4,1,0,-6,5,SPXT,rolling_std_ratio,2,0.8806954157973303,0.608095367727113,1.1532954638675474
4,1,0,-5,5,SPXT,rolling_std_ratio,2,0.9008918134554427,0.6237916790263213,1.1779919478845642
4,1,0,-4,5,SPXT,rolling_std_ratio,2,0.8237716053392884,0.5563713910023395,1.0911718196762372
4,1,0,-3,5,SPXT,rolling_std_ratio,2,0.9014061909724806,0.6755066279408151,1.127305754004146
4,1,0,-2,5,SPXT,rolling_std_ratio,2,0.8670068084001308,0.6442673384737072,1.0897462783265546
4,1,0,-1,5,SPXT,rolling_std_ratio,2,0.6257916078893438,0.5109847187279163,0.7405984970507714
4,1,0,0,5,SPXT,rolling_std_ratio,2,0.6524646351488627,0.5148429076902307,0.7900863626074947
4,1,0,1,5,SPXT,rolling_std_ratio,2,0.7664097520088337,0.5707715947272448,0.9620479092904224
4,1,0,2,5,SPXT,rolling_std_ratio,2,0.6985208335795411,0.4701070079070089,0.9269346592520733
4,1,0,3,5,SPXT,rolling_std_ratio,2,0.7415373483779035,0.5279097310637356,0.9551649656920714
4,1,0,4,5,SPXT,rolling_std_ratio,2,0.5111619783337557,0.4140957351972336,0.6082282214702777
4,1,0,5,5,SPXT,rolling_std_ratio,2,0.5349843242739009,0.4391442976639917,0.6308243508838101
4,1,0,6,5,SPXT,rolling_std_ratio,2,0.45813057345326597,0.44544802389036914,0.4708131230161628
4,1,0,7,5,SPXT,rolling_std_ratio,2,0.4799415080927152,0.43807951585788213,0.5218035003275482
4,1,0,8,5,SPXT,rolling_std_ratio,2,0.3892066776485412,0.38031987752391294,0.3980934777731695
4,1,0,9,5,SPXT,rolling_std_ratio,2,0.49362170360005686,0.44368650076017657,0.5435569064399371
4,1,0,10,5,SPXT,rolling_std_ratio,2,0.4989061776289113,0.4154061758533338,0.5824061794044889
4,1,2,-10,5,SPXT,rolling_std_ratio,54,0.8174049086534465,0.5027777404300179,1.1556394645764771
4,1,2,-9,5,SPXT,rolling_std_ratio,54,0.890087665782923,0.5036650432339788,1.1589113360287702
4,1,2,-8,5,SPXT,rolling_std_ratio,54,0.9211595862469886,0.39148362073237847,1.1511843607971854
4,1,2,-7,5,SPXT,rolling_std_ratio,54,0.933738570825889,0.6233181982279644,1.115067147449361
4,1,2,-6,5,SPXT,rolling_std_ratio,54,0.918743558730285,0.6944401189762968,1.2017839525664338
4,1,2,-5,5,SPXT,rolling_std_ratio,54,0.914729886759708,0.6134203828865102,1.216120952113171
4,1,2,-4,5,SPXT,rolling_std_ratio,54,0.8330627989943589,0.5996279541560634,1.2203927498120895
4,1,2,-3,5,SPXT,rolling_std_ratio,54,0.9045286059520312,0.6205244724202665,1.269917356914145
4,1,2,-2,5,SPXT,rolling_std_ratio,54,0.968620781660245,0.6565309739875537,1.383042788845897
4,1,2,-1,5,SPXT,rolling_std_ratio,54,0.9437050231791158,0.6672450506903971,1.3526532764280792
4,1,2,0,5,SPXT,rolling_std_ratio,54,0.8570026592452129,0.6526997563361595,1.1697108578613686
4,1,2,1,5,SPXT,rolling_std_ratio,54,0.8592379566864781,0.6071909517729811,1.2107058250974625
4,1,2,2,5,SPXT,rolling_std_ratio,54,0.8226955421924007,0.6147611275524676,1.0573303234040476
4,1,2,3,5,SPXT,rolling_std_ratio,54,0.6737859163825856,0.5367845900296662,1.0372214300873364
4,1,2,4,5,SPXT,rolling_std_ratio,54,0.6813639642403309,0.4910203422142044,1.1023653572003855
4,1,2,5,5,SPXT,rolling_std_ratio,54,0.7271384036086812,0.5476293255075284,1.2075627756050515
4,1,2,6,5,SPXT,rolling_std_ratio,54,0.6955732758966782,0.5103566460964205,1.1214486201329381
4,1,2,7,5,SPXT,rolling_std_ratio,54,0.8202153596052304,0.5008040825362222,1.0180615985379744
4,1,2,8,5,SPXT,rolling_std_ratio,54,0.7087725267818772,0.4915577350442333,0.9498456810160092
4,1,2,9,5,SPXT,rolling_std_ratio,54,0.7125081177248277,0.46189346393168074,1.0328967737594699
4,1,2,10,5,SPXT,rolling_std_ratio,54,0.6964015328557429,0.4351672643989427,0.9958148618321725
4,1,3,-10,5,SPXT,rolling_std_ratio,7,1.5089115772676984,1.0097625753489716,2.201526345075504
4,1,3,-9,5,SPXT,rolling_std_ratio,7,1.4958365683949,1.0786433188736837,2.1937635311488197
4,1,3,-8,5,SPXT,rolling_std_ratio,7,1.723408972892678,1.1180348512511646,2.1758190803576083
4,1,3,-7,5,SPXT,rolling_std_ratio,7,1.7901774219461053,1.1665330898019788,2.0087632338140278
4,1,3,-6,5,SPXT,rolling_std_ratio,7,1.3703252166850701,0.9966360266376115,2.2651250731031762
4,1,3,-5,5,SPXT,rolling_std_ratio,7,1.2904596128006223,1.0549696635652996,2.2529982504510935
4,1,3,-4,5,SPXT,rolling_std_ratio,7,2.119362791550438,1.3466771861362459,2.3387017721409964
4,1,3,-3,5,SPXT,rolling_std_ratio,7,2.5409609577712904,1.4789397125834975,2.6329835485728514
4,1,3,-2,5,SPXT,rolling_std_ratio,7,2.364719743932713,1.451286937994263,3.0286972617903345
4,1,3,-1,5,SPXT,rolling_std_ratio,7,2.419419368671757,1.2622182209627777,2.843370797039557
4,1,3,0,5,SPXT,rolling_std_ratio,7,2.5061138018525027,1.6277416253619887,2.6299714845379363
4,1,3,1,5,SPXT,rolling_std_ratio,7,2.647706924483612,1.243121057465642,3.4702083952761473
4,1,3,2,5,SPXT,rolling_std_ratio,7,1.9175232688667145,1.1694011205768167,3.2395010053616042
4,1,3,3,5,SPXT,rolling_std_ratio,7,1.9706377654542468,1.5610514859140958,3.4548628261452325
4,1,3,4,5,SPXT,rolling_std_ratio,7,1.8590073578946684,1.5917891469917596,4.341223084335822
4,1,3,5,5,SPXT,rolling_std_ratio,7,3.4561163056989663,1.357535153917187,4.93509332981621
4,1,3,6,5,SPXT,rolling_std_ratio,7,3.3141366403274364,1.2107922176089052,4.612175193054739
4,1,3,7,5,SPXT,rolling_std_ratio,7,2.8354774655292534,1.4590456717162346,4.662719353396824
4,1,3,8,5,SPXT,rolling_std_ratio,7,3.6295724053285907,1.80016834246331,4.40346902443884
4,1,3,9,5,SPXT,rolling_std_ratio,7,3.2481639330267287,1.7031274519515573,3.906878397856307
4,1,3,10,5,SPXT,rolling_std_ratio,7,2.8354774655292534,1.7975408197284057,3.5999989062931146
4,2,0,-10,5,SPXT,rolling_std_ratio,256,0.5129921270226783,0.3457184210746663,0.6867137310949988
4,2,0,-9,5,SPXT,rolling_std_ratio,256,0.5154779474880775,0.33100753433466273,0.6758402108747955
4,2,0,-8,5,SPXT,rolling_std_ratio,256,0.4890145417389209,0.32105503618900566,0.705630475384295
4,2,0,-7,5,SPXT,rolling_std_ratio,256,0.49008291527775216,0.32046503625267597,0.7185670519279113
4,2,0,-6,5,SPXT,rolling_std_ratio,256,0.4813904416159902,0.3132094821583582,0.6945134858419943
4,2,0,-5,5,SPXT,rolling_std_ratio,256,0.4953566067543641,0.30413912780991464,0.7216237546318969
4,2,0,-4,5,SPXT,rolling_std_ratio,256,0.5392035621083482,0.33446489080216235,0.7174642289113182
4,2,0,-3,5,SPXT,rolling_std_ratio,256,0.5369942707467631,0.35623063079008155,0.7293398748854554
4,2,0,-2,5,SPXT,rolling_std_ratio,256,0.5274921170470124,0.3740631989703955,0.7197507723988763
4,2,0,-1,5,SPXT,rolling_std_ratio,256,0.557282132837682,0.3680049688472756,0.7563327033337026
4,2,0,0,5,SPXT,rolling_std_ratio,256,0.5106171572572997,0.36276638532491223,0.7023450610406067
4,2,0,1,5,SPXT,rolling_std_ratio,256,0.4950993739301668,0.3421961125655503,0.6532983756710837
4,2,0,2,5,SPXT,rolling_std_ratio,256,0.4760276254922764,0.3293389943330434,0.6529727449763724
4,2,0,3,5,SPXT,rolling_std_ratio,256,0.4625942011246659,0.32821490061540265,0.6227492059762296
4,2,0,4,5,SPXT,rolling_std_ratio,256,0.45666399896492327,0.29284308725642694,0.6322132740759046
4,2,0,5,5,SPXT,rolling_std_ratio,256,0.4998321417157684,0.3329916911661781,0.6744294392191055
4,2,0,6,5,SPXT,rolling_std_ratio,256,0.4933872789960714,0.32652103308417557,0.6763654873581717
4,2,0,7,5,SPXT,rolling_std_ratio,256,0.4896460259038905,0.3227547570815136,0.6708489411877394
4,2,0,8,5,SPXT,rolling_std_ratio,256,0.4971814072139208,0.33987650924281915,0.6920339627068622
4,2,0,9,5,SPXT,rolling_std_ratio,256,0.48882439861694194,0.34240115454216624,0.6761539681591469
4,2,0,10,5,SPXT,rolling_std_ratio,256,0.49330797976582447,0.3478955089842824,0.7062672747425094
4,2,1,-10,5,SPXT,rolling_std_ratio,51,0.7717086527231992,0.5225024058285515,1.0727240843227348
4,2,1,-9,5,SPXT,rolling_std_ratio,51,0.7665391954943157,0.46312530387816947,1.1668733846956392
4,2,1,-8,5,SPXT,rolling_std_ratio,51,0.9167431095493886,0.5108449535409622,1.2028364100772266
4,2,1,-7,5,SPXT,rolling_std_ratio,51,0.9182666182264124,0.45444414080275164,1.2590864314767582
4,2,1,-6,5,SPXT,rolling_std_ratio,51,0.855405386212199,0.6577736576013851,1.1742112234271491
4,2,1,-5,5,SPXT,rolling_std_ratio,51,0.8372958409144122,0.5311077832873412,1.1177288006500694
4,2,1,-4,5,SPXT,rolling_std_ratio,51,0.9097271442037567,0.5476292598605851,1.1668733846956392
4,2,1,-3,5,SPXT,rolling_std_ratio,51,0.9652058410805219,0.558813751568292,1.2166676330417432
4,2,1,-2,5,SPXT,rolling_std_ratio,51,0.849110822460466,0.5643770165235742,1.1112921751987155
4,2,1,-1,5,SPXT,rolling_std_ratio,51,0.8288297570743055,0.6075320696473452,1.1614645833053996
4,2,1,0,5,SPXT,rolling_std_ratio,51,0.9332024805362282,0.6526020850472931,1.3329377601211605
4,2,1,1,5,SPXT,rolling_std_ratio,51,0.880372362210397,0.666699862301738,1.2109219203963069
4,2,1,2,5,SPXT,rolling_std_ratio,51,0.9358310261478476,0.5661550844877463,1.1296430034195373
4,2,1,3,5,SPXT,rolling_std_ratio,51,0.9097271442037567,0.5841191939273722,1.1855775796372723
4,2,1,4,5,SPXT,rolling_std_ratio,51,0.9459850318076897,0.6192356153676901,1.2836179542011825
4,2,1,5,5,SPXT,rolling_std_ratio,51,0.8463298743358874,0.5876175199705216,1.2404304239525572
4,2,1,6,5,SPXT,rolling_std_ratio,51,0.8183010586899021,0.6006037594734523,1.1373413687888974
4,2,1,7,5,SPXT,rolling_std_ratio,51,0.8446144083630289,0.5746442066418481,1.198881612316074
4,2,1,8,5,SPXT,rolling_std_ratio,51,0.7117875568574068,0.5183739115623991,1.0026047443375494
4,2,1,9,5,SPXT,rolling_std_ratio,51,0.6573142069359277,0.4923172867727368,1.0205634882834493
4,2,1,10,5,SPXT,rolling_std_ratio,51,0.6637743175589669,0.4727538281465379,1.0595761355665094
4,2,3,-10,5,SPXT,rolling_std_ratio,8,0.8099592897199956,0.5811880593426251,0.9245560137418277
4,2,3,-9,5,SPXT,rolling_std_ratio,8,0.7758763824133957,0.642863474868475,0.8309613762176077
4,2,3,-8,5,SPXT,rolling_std_ratio,8,0.7238152854690959,0.6419053614891833,0.8648335637666242
4,2,3,-7,5,SPXT,rolling_std_ratio,8,0.8244578662798469,0.7579215892953384,0.9316005222651453
4,2,3,-6,5,SPXT,rolling_std_ratio,8,0.7977014008489552,0.6939913107005725,0.9005954860034225
4,2,3,-5,5,SPXT,rolling_std_ratio,8,0.8600383955250022,0.5983106888739047,0.9610470411941066
4,2,3,-4,5,SPXT,rolling_std_ratio,8,0.9133590077572249,0.6176652875131741,0.9630195388222336
4,2,3,-3,5,SPXT,rolling_std_ratio,8,0.9795449463771864,0.8250529672387223,1.088158398902738
4,2,3,-2,5,SPXT,rolling_std_ratio,8,0.962515136760044,0.8642451199042774,1.036994942193044
4,2,3,-1,5,SPXT,rolling_std_ratio,8,0.9846084514554433,0.7745424148020459,1.1068986121163116
4,2,3,0,5,SPXT,rolling_std_ratio,8,1.1063812465817626,0.8674844517632316,1.311751957328697
4,2,3,1,5,SPXT,rolling_std_ratio,8,1.1745761050584593,1.0969840862527402,1.4525167782267072
4,2,3,2,5,SPXT,rolling_std_ratio,8,1.2295537263219196,0.8181592794601711,1.7446039534127311
4,2,3,3,5,SPXT,rolling_std_ratio,8,1.2582315208265977,0.8822279650500079,1.7627663249308931
4,2,3,4,5,SPXT,rolling_std_ratio,8,1.1329223829393942,0.9074683729706893,1.6275125556517132
4,2,3,5,5,SPXT,rolling_std_ratio,8,0.9876979055426132,0.894688156579053,1.1685603584011928
4,2,3,6,5,SPXT,rolling_std_ratio,8,0.8515753886028443,0.7147182787605061,1.5804229788971162
4,2,3,7,5,SPXT,rolling_std_ratio,8,0.9520950579827339,0.726603384097958,1.260401446839778
4,2,3,8,5,SPXT,rolling_std_ratio,8,0.9759473447716224,0.7916717727042715,1.2243834030990204
4,2,3,9,5,SPXT,rolling_std_ratio,8,0.8336792005711342,0.5684843573257757,1.259861254749383
4,2,3,10,5,SPXT,rolling_std_ratio,8,1.0026719160154172,0.9565993355586924,1.2972562644986398
4,3,1,-10,5,SPXT,rolling_std_ratio,11,1.0566922866035073,0.8545880337123295,2.2158070369377456
4,3,1,-9,5,SPXT,rolling_std_ratio,11,1.0876415328886697,0.8428525221942129,2.1614386088080546
4,3,1,-8,5,SPXT,rolling_std_ratio,11,1.0673770302542644,0.8633626579045439,2.1777188371987872
4,3,1,-7,5,SPXT,rolling_std_ratio,11,1.129338966279434,0.8055398407296389,1.8371672139011033
4,3,1,-6,5,SPXT,rolling_std_ratio,11,1.0222977942419296,0.9401319640843563,2.6947203449981014
4,3,1,-5,5,SPXT,rolling_std_ratio,11,1.3448470412759022,0.9671110651168517,2.703041249841381
4,3,1,-4,5,SPXT,rolling_std_ratio,11,1.342410505774164,0.9059710574547195,2.9796455985011567
4,3,1,-3,5,SPXT,rolling_std_ratio,11,1.7202563675774936,1.0986076623047185,2.659668563091069
4,3,1,-2,5,SPXT,rolling_std_ratio,11,1.514246471920851,1.064620600963285,2.390390107297394
4,3,1,-1,5,SPXT,rolling_std_ratio,11,1.2904596128006223,1.0564878114998142,2.600398259238453
4,3,1,0,5,SPXT,rolling_std_ratio,11,2.154716519083873,1.16775287582008,2.5869835601843674
4,3,1,1,5,SPXT,rolling_std_ratio,11,1.9175232688667145,1.3421970759079649,2.7104178385640245
4,3,1,2,5,SPXT,rolling_std_ratio,11,1.9706377654542468,1.4453900395772004,2.7245558507440046
4,3,1,3,5,SPXT,rolling_std_ratio,11,1.8094801834855203,1.3636752594931556,2.7017748448842824
4,3,1,4,5,SPXT,rolling_std_ratio,11,1.4985641028525052,1.0788522049653695,2.3878108280986057
4,3,1,5,5,SPXT,rolling_std_ratio,11,1.6757177433657846,1.3295603402506884,2.68336510167214
4,3,1,6,5,SPXT,rolling_std_ratio,11,1.3810387553495564,1.1469576716836656,2.7299300821388517
4,3,1,7,5,SPXT,rolling_std_ratio,11,1.6838812494700208,0.7517146135294249,2.478863862550519
4,3,1,8,5,SPXT,rolling_std_ratio,11,1.5387003668392651,1.1252195216581602,2.8726886964499365
4,3,1,9,5,SPXT,rolling_std_ratio,11,1.34679360171562,0.9913427445960015,2.5918111212190005
4,3,1,10,5,SPXT,rolling_std_ratio,11,1.43090115989871,1.0853117931210756,2.8044605983666897
4,3,2,-10,5,SPXT,rolling_std_ratio,5,0.7888157617774538,0.525127341646845,0.9487217782001888
4,3,2,-9,5,SPXT,rolling_std_ratio,5,0.7471177844246534,0.4522506218615779,0.8600999707822399
4,3,2,-8,5,SPXT,rolling_std_ratio,5,0.6053763202107743,0.4784586981053695,0.9044100211755661
4,3,2,-7,5,SPXT,rolling_std_ratio,5,0.6032027738324529,0.47984428868230755,0.9521481204436787
4,3,2,-6,5,SPXT,rolling_std_ratio,5,0.8365423566709965,0.7567464183803697,0.8745698950707712
4,3,2,-5,5,SPXT,rolling_std_ratio,5,0.8605734329957893,0.7905847989418999,0.9124647679629873
4,3,2,-4,5,SPXT,rolling_std_ratio,5,0.8654690155404402,0.6572822262812936,1.0125655055571006
4,3,2,-3,5,SPXT,rolling_std_ratio,5,0.8926777021313631,0.7369269407949777,0.9111931552930035
4,3,2,-2,5,SPXT,rolling_std_ratio,5,1.0876415328886697,0.7428094539828974,1.2047682421509984
4,3,2,-1,5,SPXT,rolling_std_ratio,5,1.064544094729791,0.6261958376015061,1.1443839679659205
4,3,2,0,5,SPXT,rolling_std_ratio,5,0.8578902925473562,0.556226502644677,1.129338966279434
4,3,2,1,5,SPXT,rolling_std_ratio,5,0.9435959008951872,0.5875268440249999,0.9975431659373563
4,3,2,2,5,SPXT,rolling_std_ratio,5,0.9122995022236603,0.7981731832855387,1.0101899700047046
4,3,2,3,5,SPXT,rolling_std_ratio,5,0.7678862600591813,0.4080506229978051,0.7941063938037033
4,3,2,4,5,SPXT,rolling_std_ratio,5,0.5552143348644805,0.4262865065855038,0.9589317257045836
4,3,2,5,5,SPXT,rolling_std_ratio,5,0.5343469614108065,0.5316485761513043,1.0186922090070165
4,3,2,6,5,SPXT,rolling_std_ratio,5,0.647722362317437,0.44301582006964424,1.072575398480596
4,3,2,7,5,SPXT,rolling_std_ratio,5,0.5947830026616726,0.410831745273911,1.2354074809327293
4,3,2,8,5,SPXT,rolling_std_ratio,5,0.8838658284464949,0.6794584659870914,1.256021388789495
4,3,2,9,5,SPXT,rolling_std_ratio,5,0.9337408717459764,0.6701413437694534,0.9540426931298666
4,3,2,10,5,SPXT,rolling_std_ratio,5,1.0577984608618178,0.9393906718020215,1.0987437315207038
4,0,1,-10,5,DBLCIX,rolling_std_ratio,1,0.5081797419657843,0.5081797419657843,0.5081797419657843
4,0,1,-9,5,DBLCIX,rolling_std_ratio,1,0.587657923581339,0.587657923581339,0.587657923581339
4,0,1,-8,5,DBLCIX,rolling_std_ratio,1,0.5107088407750853,0.5107088407750853,0.5107088407750853
4,0,1,-7,5,DBLCIX,rolling_std_ratio,1,0.4831770268249181,0.4831770268249181,0.4831770268249181
4,0,1,-6,5,DBLCIX,rolling_std_ratio,1,0.4988341294784503,0.4988341294784503,0.4988341294784503
4,0,1,-5,5,DBLCIX,rolling_std_ratio,1,0.3104312207742525,0.3104312207742525,0.3104312207742525
4,0,1,-4,5,DBLCIX,rolling_std_ratio,1,0.40458773187476815,0.40458773187476815,0.40458773187476815
4,0,1,-3,5,DBLCIX,rolling_std_ratio,1,0.4149380246007487,0.4149380246007487,0.4149380246007487
4,0,1,-2,5,DBLCIX,rolling_std_ratio,1,0.3788350437770168,0.3788350437770168,0.3788350437770168
4,0,1,-1,5,DBLCIX,rolling_std_ratio,1,0.2753564138642896,0.2753564138642896,0.2753564138642896
4,0,1,0,5,DBLCIX,rolling_std_ratio,1,0.5191299812565099,0.5191299812565099,0.5191299812565099
4,0,1,1,5,DBLCIX,rolling_std_ratio,1,0.38811086630839964,0.38811086630839964,0.38811086630839964
4,0,1,2,5,DBLCIX,rolling_std_ratio,1,0.3573002414371951,0.3573002414371951,0.3573002414371951
4,0,1,3,5,DBLCIX,rolling_std_ratio,1,0.3645031647493059,0.3645031647493059,0.3645031647493059
4,0,1,4,5,DBLCIX,rolling_std_ratio,1,0.34028818372774683,0.34028818372774683,0.34028818372774683
4,0,1,5,5,DBLCIX,rolling_std_ratio,1,0.4966399847542258,0.4966399847542258,0.4966399847542258
4,0,1,6,5,DBLCIX,rolling_std_ratio,1,0.5051471240442813,0.5051471240442813,0.5051471240442813
4,0,1,7,5,DBLCIX,rolling_std_ratio,1,0.5201198301344295,0.5201198301344295,0.5201198301344295
4,0,1,8,5,DBLCIX,rolling_std_ratio,1,0.5288466306626148,0.5288466306626148,0.5288466306626148
4,0,1,9,5,DBLCIX,rolling_std_ratio,1,0.47455884595383857,0.47455884595383857,0.47455884595383857
4,0,1,10,5,DBLCIX,rolling_std_ratio,1,0.22959787734696466,0.22959787734696466,0.22959787734696466
4,0,2,-10,5,DBLCIX,rolling_std_ratio,256,0.6232540916565317,0.465405827559648,0.8644947080554545
4,0,2,-9,5,DBLCIX,rolling_std_ratio,256,0.6204531319724087,0.46403871005887887,0.8471168316116094
4,0,2,-8,5,DBLCIX,rolling_std_ratio,256,0.6061889748369362,0.4467506817206567,0.8472425694335638
4,0,2,-7,5,DBLCIX,rolling_std_ratio,256,0.5761999232488386,0.41397150313177616,0.8868958835143657
4,0,2,-6,5,DBLCIX,rolling_std_ratio,256,0.614649990712127,0.4472325476718423,0.8967789850390715
4,0,2,-5,5,DBLCIX,rolling_std_ratio,256,0.6229700260382953,0.4257312631058635,0.8859636149314931
4,0,2,-4,5,DBLCIX,rolling_std_ratio,256,0.626664965434932,0.4489488765544641,0.8643277573508679
4,0,2,-3,5,DBLCIX,rolling_std_ratio,256,0.6200026084317918,0.44101919653247024,0.858261742973136
4,0,2,-2,5,DBLCIX,rolling_std_ratio,256,0.6296398727472894,0.4364452612198177,0.8468109131641769
4,0,2,-1,5,DBLCIX,rolling_std_ratio,256,0.617157657743544,0.42514908293078746,0.8017900849222941
4,0,2,0,5,DBLCIX,rolling_std_ratio,256,0.6662786332932081,0.46453181819568007,0.8814583926568698
4,0,2,1,5,DBLCIX,rolling_std_ratio,256,0.6481467430814898,0.45242880664715446,0.8963259974069722
4,0,2,2,5,DBLCIX,rolling_std_ratio,256,0.6653630661956276,0.4332365471926942,0.9177117873528642
4,0,2,3,5,DBLCIX,rolling_std_ratio,256,0.6710250692376737,0.4626373700268375,0.9480428661669811
4,0,2,4,5,DBLCIX,rolling_std_ratio,256,0.6833554891568995,0.4636438763291451,0.94182173990121
4,0,2,5,5,DBLCIX,rolling_std_ratio,256,0.6420153490733658,0.4483292070034247,0.8955751641926989
4,0,2,6,5,DBLCIX,rolling_std_ratio,256,0.6366001526139673,0.45923252471095266,0.8731716523224298
4,0,2,7,5,DBLCIX,rolling_std_ratio,256,0.6535444177932175,0.46628817650459475,0.876110126325864
4,0,2,8,5,DBLCIX,rolling_std_ratio,256,0.6393138757414982,0.4360836139430544,0.8923218210819238
4,0,2,9,5,DBLCIX,rolling_std_ratio,256,0.6771837927819838,0.4364606969285917,0.8731231464531395
4,0,2,10,5,DBLCIX,rolling_std_ratio,256,0.6359702972496357,0.43439883185606204,0.9130084639893045
4,0,3,-10,5,DBLCIX,rolling_std_ratio,1,0.42245063788573733,0.42245063788573733,0.42245063788573733
4,0,3,-9,5,DBLCIX,rolling_std_ratio,1,0.3802496232703371,0.3802496232703371,0.3802496232703371
4,0,3,-8,5,DBLCIX,rolling_std_ratio,1,0.3942512632742194,0.3942512632742194,0.3942512632742194
4,0,3,-7,5,DBLCIX,rolling_std_ratio,1,0.524129546824584,0.524129546824584,0.524129546824584
4,0,3,-6,5,DBLCIX,rolling_std_ratio,1,0.5843539381259447,0.5843539381259447,0.5843539381259447
4,0,3,-5,5,DBLCIX,rolling_std_ratio,1,0.6104056989435253,0.6104056989435253,0.6104056989435253
4,0,3,-4,5,DBLCIX,rolling_std_ratio,1,0.4608060121884829,0.4608060121884829,0.4608060121884829
4,0,3,-3,5,DBLCIX,rolling_std_ratio,1,0.461983948589954,0.461983948589954,0.461983948589954
4,0,3,-2,5,DBLCIX,rolling_std_ratio,1,0.46179922803580675,0.46179922803580675,0.46179922803580675
4,0,3,-1,5,DBLCIX,rolling_std_ratio,1,0.41313544763086063,0.41313544763086063,0.41313544763086063
4,0,3,0,5,DBLCIX,rolling_std_ratio,1,0.332033965222765,0.332033965222765,0.332033965222765
4,0,3,1,5,DBLCIX,rolling_std_ratio,1,0.33117811785570633,0.33117811785570633,0.33117811785570633
4,0,3,2,5,DBLCIX,rolling_std_ratio,1,0.7934328481655081,0.7934328481655081,0.7934328481655081
4,0,3,3,5,DBLCIX,rolling_std_ratio,1,1.1057341765776463,1.1057341765776463,1.1057341765776463
4,0,3,4,5,DBLCIX,rolling_std_ratio,1,1.1253234742015321,1.1253234742015321,1.1253234742015321
4,0,3,5,5,DBLCIX,rolling_std_ratio,1,1.136443253674911,1.136443253674911,1.136443253674911
4,0,3,6,5,DBLCIX,rolling_std_ratio,1,1.145541975186553,1.145541975186553,1.145541975186553
4,0,3,7,5,DBLCIX,rolling_std_ratio,1,0.9494959795575442,0.9494959795575442,0.9494959795575442
4,0,3,8,5,DBLCIX,rolling_std_ratio,1,0.8309807819065397,0.8309807819065397,0.8309807819065397
4,0,3,9,5,DBLCIX,rolling_std_ratio,1,0.6780281597162918,0.6780281597162918,0.6780281597162918
4,0,3,10,5,DBLCIX,rolling_std_ratio,1,0.9180537466781024,0.9180537466781024,0.9180537466781024
4,1,0,-10,5,DBLCIX,rolling_std_ratio,2,0.5194243754405251,0.5013007011327216,0.5375480497483287
4,1,0,-9,5,DBLCIX,rolling_std_ratio,2,0.5532997128187256,0.526066921148588,0.5805325044888632
4,1,0,-8,5,DBLCIX,rolling_std_ratio,2,0.47572295513339247,0.39307708795382246,0.5583688223129624
4,1,0,-7,5,DBLCIX,rolling_std_ratio,2,0.43059989349198524,0.4175938126833767,0.44360597430059373
4,1,0,-6,5,DBLCIX,rolling_std_ratio,2,0.4463399394530647,0.4306389820269067,0.4620408968792227
4,1,0,-5,5,DBLCIX,rolling_std_ratio,2,0.7885161904308862,0.5836756171039514,0.9933567637578208
4,1,0,-4,5,DBLCIX,rolling_std_ratio,2,0.749658214390699,0.5125073141274943,0.9868091146539038
4,1,0,-3,5,DBLCIX,rolling_std_ratio,2,0.8714615710612141,0.6952957761588621,1.0476273659635664
4,1,0,-2,5,DBLCIX,rolling_std_ratio,2,0.8066429362357342,0.5973769012720669,1.0159089711994016
4,1,0,-1,5,DBLCIX,rolling_std_ratio,2,0.7904194060095255,0.5738598237233603,1.0069789882956908
4,1,0,0,5,DBLCIX,rolling_std_ratio,2,0.5478393005668415,0.4561712326580737,0.6395073684756093
4,1,0,1,5,DBLCIX,rolling_std_ratio,2,0.6381130329010123,0.4892006083143796,0.7870254574876451
4,1,0,2,5,DBLCIX,rolling_std_ratio,2,0.7387311094820229,0.6176855471181244,0.8597766718459214
4,1,0,3,5,DBLCIX,rolling_std_ratio,2,0.8802772535016863,0.6927121887729838,1.0678423182303889
4,1,0,4,5,DBLCIX,rolling_std_ratio,2,0.8863865220852938,0.7032531761098616,1.0695198680607259
4,1,0,5,5,DBLCIX,rolling_std_ratio,2,1.329060133550206,0.9289533821064104,1.7291668849940014
4,1,0,6,5,DBLCIX,rolling_std_ratio,2,1.1323961502414213,0.8034774980976299,1.4613148023852127
4,1,0,7,5,DBLCIX,rolling_std_ratio,2,1.4676187196146524,0.8486082984808087,2.0866291407484963
4,1,0,8,5,DBLCIX,rolling_std_ratio,2,1.6067190275714371,1.06148816727087,2.151949887872004
4,1,0,9,5,DBLCIX,rolling_std_ratio,2,1.5591436767105058,0.9944268787855222,2.1238604746354897
4,1,0,10,5,DBLCIX,rolling_std_ratio,2,1.3217138245337803,0.8732419492909198,1.7701856997766405
4,1,2,-10,5,DBLCIX,rolling_std_ratio,54,0.7745202089556358,0.4694061605751957,1.1281496077254003
4,1,2,-9,5,DBLCIX,rolling_std_ratio,54,0.7664865839401171,0.49824197839612394,1.0089187948044847
4,1,2,-8,5,DBLCIX,rolling_std_ratio,54,0.7611229670151562,0.49814366545052313,1.0807139873235365
4,1,2,-7,5,DBLCIX,rolling_std_ratio,54,0.8344344911039905,0.6061950103003545,1.0440272025551167
4,1,2,-6,5,DBLCIX,rolling_std_ratio,54,0.81615426130713,0.6677064532781067,1.0758131404671973
4,1,2,-5,5,DBLCIX,rolling_std_ratio,54,0.859147261985246,0.6442976729763951,1.1040353300324053
4,1,2,-4,5,DBLCIX,rolling_std_ratio,54,0.7743083467353938,0.6436396780128504,1.078380033733549
4,1,2,-3,5,DBLCIX,rolling_std_ratio,54,0.8429376393841888,0.5835521337386386,1.099131497809751
4,1,2,-2,5,DBLCIX,rolling_std_ratio,54,0.9287634497520277,0.625348607926783,1.1816811843751167
4,1,2,-1,5,DBLCIX,rolling_std_ratio,54,0.9584217368020858,0.6565810518574082,1.148652267651249
4,1,2,0,5,DBLCIX,rolling_std_ratio,54,0.9120519210937599,0.6756498931368164,1.1406425688907698
4,1,2,1,5,DBLCIX,rolling_std_ratio,54,0.8438028685765775,0.6673246852355946,1.102546186542881
4,1,2,2,5,DBLCIX,rolling_std_ratio,54,0.8438232924364291,0.5991672368154635,1.1091737336598162
4,1,2,3,5,DBLCIX,rolling_std_ratio,54,0.7645243325713407,0.5736646639090662,1.0350108127352597
4,1,2,4,5,DBLCIX,rolling_std_ratio,54,0.7732497187783716,0.556885867128112,1.0072631579926514
4,1,2,5,5,DBLCIX,rolling_std_ratio,54,0.8097367843397831,0.5796654104886502,1.0514271412507923
4,1,2,6,5,DBLCIX,rolling_std_ratio,54,0.828392115239496,0.5845716750220276,1.0689254852920373
4,1,2,7,5,DBLCIX,rolling_std_ratio,54,0.8960967011570529,0.5982662579488186,1.1374338685159764
4,1,2,8,5,DBLCIX,rolling_std_ratio,54,0.7790618554894049,0.518939683430067,1.1498140664167267
4,1,2,9,5,DBLCIX,rolling_std_ratio,54,0.7961581370483897,0.49863909256659567,1.18601875277029
4,1,2,10,5,DBLCIX,rolling_std_ratio,54,0.7999336917418443,0.5109104463331412,0.9816677866826383
4,1,3,-10,5,DBLCIX,rolling_std_ratio,7,0.9075536825988784,0.7294526389895641,1.6820470698542396
4,1,3,-9,5,DBLCIX,rolling_std_ratio,7,1.209080652336299,0.7971711976055129,1.5985895950365157
4,1,3,-8,5,DBLCIX,rolling_std_ratio,7,0.9964780068490974,0.9623011048960488,1.4205172296343016
4,1,3,-7,5,DBLCIX,rolling_std_ratio,7,1.1256152197153508,0.6792143837096848,1.4069142583050915
4,1,3,-6,5,DBLCIX,rolling_std_ratio,7,1.1422460255737563,0.6616118690964061,1.8175235940963073
4,1,3,-5,5,DBLCIX,rolling_std_ratio,7,1.144892789162458,0.9997975877447772,1.945761618101917
4,1,3,-4,5,DBLCIX,rolling_std_ratio,7,1.4344347942265738,1.1163483228641404,2.1916526917616617
4,1,3,-3,5,DBLCIX,rolling_std_ratio,7,2.052817240761758,1.2635304358274864,2.253833218649989
4,1,3,-2,5,DBLCIX,rolling_std_ratio,7,2.103069452578087,1.3415940698717903,2.571705236879498
4,1,3,-1,5,DBLCIX,rolling_std_ratio,7,1.5768851816879137,1.4737900286422407,2.401442369691651
4,1,3,0,5,DBLCIX,rolling_std_ratio,7,1.9558607223671576,1.7966308837773939,2.2032010745095842
4,1,3,1,5,DBLCIX,rolling_std_ratio,7,2.1908389194825144,1.7705382966173593,2.4619224935860866
4,1,3,2,5,DBLCIX,rolling_std_ratio,7,2.058590510530079,1.6454296956235352,2.0986950615808544
4,1,3,3,5,DBLCIX,rolling_std_ratio,7,2.0088356134603145,1.4865128132783187,2.4016904930863316
4,1,3,4,5,DBLCIX,rolling_std_ratio,7,2.0431785950596573,1.697976930883726,2.5412026317439214
4,1,3,5,5,DBLCIX,rolling_std_ratio,7,2.086275183374406,1.69278397165271,2.466083279770439
4,1,3,6,5,DBLCIX,rolling_std_ratio,7,1.9002755293329137,1.3343847399284678,2.4258164413530907
4,1,3,7,5,DBLCIX,rolling_std_ratio,7,1.964440721084514,1.5778814234275162,2.2094726435643013
4,1,3,8,5,DBLCIX,rolling_std_ratio,7,2.0079707928979387,1.5249851860766386,2.473673361175402
4,1,3,9,5,DBLCIX,rolling_std_ratio,7,1.9336765040057995,1.6502729123636866,2.078641248002793
4,1,3,10,5,DBLCIX,rolling_std_ratio,7,1.9874704537436985,1.5108955679612557,2.1899769377770033
4,2,0,-10,5,DBLCIX,rolling_std_ratio,256,0.6573222198172699,0.4631340646289609,0.8753707589038633
4,2,0,-9,5,DBLCIX,rolling_std_ratio,256,0.650374313219753,0.45473135727017955,0.8910785511873858
4,2,0,-8,5,DBLCIX,rolling_std_ratio,256,0.6394307015511361,0.433233770632317,0.8975103645092903
4,2,0,-7,5,DBLCIX,rolling_std_ratio,256,0.6200573899878985,0.4314204287383625,0.8685044603593061
4,2,0,-6,5,DBLCIX,rolling_std_ratio,256,0.6144520032642233,0.4367994306492606,0.8997034019912526
4,2,0,-5,5,DBLCIX,rolling_std_ratio,256,0.6270877040809086,0.4525294991919633,0.9012196995496556
4,2,0,-4,5,DBLCIX,rolling_std_ratio,256,0.6553204288823928,0.4504118965953279,0.9360297022588152
4,2,0,-3,5,DBLCIX,rolling_std_ratio,256,0.6812083384985119,0.5085797604418197,0.9137266189192892
4,2,0,-2,5,DBLCIX,rolling_std_ratio,256,0.6624120606387383,0.4659519245998005,0.9230610321348787
4,2,0,-1,5,DBLCIX,rolling_std_ratio,256,0.6744128339646562,0.4949554122852061,0.9286177505026733
4,2,0,0,5,DBLCIX,rolling_std_ratio,256,0.6753751575536304,0.45434829630559204,0.90216483540617
4,2,0,1,5,DBLCIX,rolling_std_ratio,256,0.638152308527644,0.46843813897380665,0.8798725422750392
4,2,0,2,5,DBLCIX,rolling_std_ratio,256,0.6005515616299383,0.4314077206521009,0.8871086482926855
4,2,0,3,5,DBLCIX,rolling_std_ratio,256,0.5783171881197051,0.43050895857307586,0.8357071149926831
4,2,0,4,5,DBLCIX,rolling_std_ratio,256,0.5854773231478847,0.40102929705087054,0.8529647833125023
4,2,0,5,5,DBLCIX,rolling_std_ratio,256,0.6268372228617294,0.4149376999320833,0.885721951011194
4,2,0,6,5,DBLCIX,rolling_std_ratio,256,0.6228938354114011,0.41666970210369036,0.8674401605127582
4,2,0,7,5,DBLCIX,rolling_std_ratio,256,0.6230383520553007,0.40839414257455176,0.8709994879616222
4,2,0,8,5,DBLCIX,rolling_std_ratio,256,0.6277173219546168,0.4362024288483461,0.8421988267725067
4,2,0,9,5,DBLCIX,rolling_std_ratio,256,0.6306146332283507,0.4195253536528403,0.8506136276231926
4,2,0,10,5,DBLCIX,rolling_std_ratio,256,0.6256013542329131,0.44787765995996065,0.8630216042005935
4,2,1,-10,5,DBLCIX,rolling_std_ratio,51,0.7217374060130993,0.5173638114369942,0.9070157852576062
4,2,1,-9,5,DBLCIX,rolling_std_ratio,51,0.7288912235506494,0.5138130156111476,0.9833288287581536
4,2,1,-8,5,DBLCIX,rolling_std_ratio,51,0.7892918090489105,0.4931393585081816,0.9982549105238332
4,2,1,-7,5,DBLCIX,rolling_std_ratio,51,0.8757201380489211,0.48995263084869456,1.0956081633487817
4,2,1,-6,5,DBLCIX,rolling_std_ratio,51,0.8734686762793357,0.6032137372502558,0.9916108395272409
4,2,1,-5,5,DBLCIX,rolling_std_ratio,51,0.7311754363843771,0.5049454198063325,1.0111809810757155
4,2,1,-4,5,DBLCIX,rolling_std_ratio,51,0.7930558808520339,0.47910843267824604,1.1481285334202527
4,2,1,-3,5,DBLCIX,rolling_std_ratio,51,0.8016972200101826,0.47240472875461526,1.1547467730076038
4,2,1,-2,5,DBLCIX,rolling_std_ratio,51,0.7845496123652463,0.5034951297441698,1.0205579782537053
4,2,1,-1,5,DBLCIX,rolling_std_ratio,51,0.7222770467191311,0.5902976506086708,1.0199655912743149
4,2,1,0,5,DBLCIX,rolling_std_ratio,51,0.8961343285365214,0.622469152283947,1.198382732184911
4,2,1,1,5,DBLCIX,rolling_std_ratio,51,0.8434188966607491,0.6496183177468993,1.1299411877585637
4,2,1,2,5,DBLCIX,rolling_std_ratio,51,0.8354959649433018,0.6199348126775694,1.1611831653932887
4,2,1,3,5,DBLCIX,rolling_std_ratio,51,0.8976056422049838,0.6705110070587952,1.2527487507237653
4,2,1,4,5,DBLCIX,rolling_std_ratio,51,0.9904993079467014,0.6994396662903,1.3095413224412908
4,2,1,5,5,DBLCIX,rolling_std_ratio,51,0.8603598557956765,0.6767500670070015,1.3206965132382487
4,2,1,6,5,DBLCIX,rolling_std_ratio,51,0.8425457470632135,0.6187612472032877,1.2737642918078966
4,2,1,7,5,DBLCIX,rolling_std_ratio,51,0.7892918090489105,0.5998234394341415,1.2057443596380213
4,2,1,8,5,DBLCIX,rolling_std_ratio,51,0.8354740625978885,0.5465117247889206,1.2458340234930825
4,2,1,9,5,DBLCIX,rolling_std_ratio,51,0.8442276882121089,0.5075103023963285,1.1214206411183252
4,2,1,10,5,DBLCIX,rolling_std_ratio,51,0.8758535035870689,0.5982658699055602,1.0765750178676599
4,2,3,-10,5,DBLCIX,rolling_std_ratio,8,0.4811400336291449,0.4573379314855022,0.7019050835228261
4,2,3,-9,5,DBLCIX,rolling_std_ratio,8,0.640997625421769,0.4391606570002023,0.7333280701132516
4,2,3,-8,5,DBLCIX,rolling_std_ratio,8,0.5527667931401583,0.36167488338087855,0.7221982839008193
4,2,3,-7,5,DBLCIX,rolling_std_ratio,8,0.6290170205168892,0.5248612073503525,0.7469146972295115
4,2,3,-6,5,DBLCIX,rolling_std_ratio,8,0.6962818346684538,0.6436147280187071,0.7161907056528698
4,2,3,-5,5,DBLCIX,rolling_std_ratio,8,0.7446530392658797,0.7099471763160874,0.7686515893836652
4,2,3,-4,5,DBLCIX,rolling_std_ratio,8,0.7053603417354701,0.6256135140378731,0.9080079733783004
4,2,3,-3,5,DBLCIX,rolling_std_ratio,8,0.6742748170484787,0.6102563187028662,0.9030927560822499
4,2,3,-2,5,DBLCIX,rolling_std_ratio,8,0.8586391421269872,0.6609894449425775,0.990014318119079
4,2,3,-1,5,DBLCIX,rolling_std_ratio,8,0.7928894778841827,0.6260010080097166,1.1058681910473642
4,2,3,0,5,DBLCIX,rolling_std_ratio,8,0.8947566452774659,0.6272737926311337,1.1022531064192784
4,2,3,1,5,DBLCIX,rolling_std_ratio,8,0.757661508721886,0.6737760403820416,0.8377175321543364
4,2,3,2,5,DBLCIX,rolling_std_ratio,8,0.9699209275636568,0.8420962048112739,1.0666848435808147
4,2,3,3,5,DBLCIX,rolling_std_ratio,8,0.9565892782689307,0.7561107958490381,1.0981248364155616
4,2,3,4,5,DBLCIX,rolling_std_ratio,8,0.9503810707679523,0.7687307734828537,1.1493188969176376
4,2,3,5,5,DBLCIX,rolling_std_ratio,8,0.722765319178621,0.60996868465088,1.246095444553336
4,2,3,6,5,DBLCIX,rolling_std_ratio,8,0.9674112859902178,0.6256501298139567,1.2192292157167788
4,2,3,7,5,DBLCIX,rolling_std_ratio,8,0.9691539861557279,0.715149142703711,1.2612349728490426
4,2,3,8,5,DBLCIX,rolling_std_ratio,8,1.0994427006629892,0.7081220787672525,1.3395011149493823
4,2,3,9,5,DBLCIX,rolling_std_ratio,8,0.9532016394829556,0.6913611025086022,1.6398189848590943
4,2,3,10,5,DBLCIX,rolling_std_ratio,8,0.8505720937619048,0.559224988872489,1.8513347430586906
4,3,1,-10,5,DBLCIX,rolling_std_ratio,11,0.7555277147492296,0.6697945200155457,1.7584917152480661
4,3,1,-9,5,DBLCIX,rolling_std_ratio,11,0.8605692331074315,0.5830260386215343,1.6257442632680519
4,3,1,-8,5,DBLCIX,rolling_std_ratio,11,0.8519155549971906,0.6372772335178067,1.5910677042428398
4,3,1,-7,5,DBLCIX,rolling_std_ratio,11,0.7930558808520339,0.6129603549788338,1.992089733614682
4,3,1,-6,5,DBLCIX,rolling_std_ratio,11,1.144892789162458,0.6605692936624399,1.7859340681196207
4,3,1,-5,5,DBLCIX,rolling_std_ratio,11,1.1483135218151581,0.9019434528346904,1.836245377852947
4,3,1,-4,5,DBLCIX,rolling_std_ratio,11,1.0899510500123137,0.8399425202087532,1.5789812318145295
4,3,1,-3,5,DBLCIX,rolling_std_ratio,11,1.1281528931024052,1.0185236661185293,1.4846972549880548
4,3,1,-2,5,DBLCIX,rolling_std_ratio,11,1.3884221529699663,1.1102953616250377,1.4737900286422407
4,3,1,-1,5,DBLCIX,rolling_std_ratio,11,1.9501315641935948,0.9832788202199899,2.3011084302511264
4,3,1,0,5,DBLCIX,rolling_std_ratio,11,2.0079707928979387,1.0578945857764417,2.514291417896998
4,3,1,1,5,DBLCIX,rolling_std_ratio,11,2.0001195271617496,1.0949088455051532,2.5805740869200218
4,3,1,2,5,DBLCIX,rolling_std_ratio,11,2.0088356134603145,1.1126801005402234,2.5474703421332228
4,3,1,3,5,DBLCIX,rolling_std_ratio,11,1.8956439903928886,1.1381742182063324,2.516894979120165
4,3,1,4,5,DBLCIX,rolling_std_ratio,11,1.2921918356809332,0.6950739227677174,1.8847398524410388
4,3,1,5,5,DBLCIX,rolling_std_ratio,11,1.369984937534056,0.9737647839889276,1.7665922699052166
4,3,1,6,5,DBLCIX,rolling_std_ratio,11,1.41617537335239,1.15655452065909,1.6700381656821899
4,3,1,7,5,DBLCIX,rolling_std_ratio,11,1.757778536472344,1.0834764194141093,2.0658997788705697
4,3,1,8,5,DBLCIX,rolling_std_ratio,11,1.8128342549824878,0.9739742793002409,2.033065006223341
4,3,1,9,5,DBLCIX,rolling_std_ratio,11,1.6952943838682524,1.0724460638443478,2.0201438472527284
4,3,1,10,5,DBLCIX,rolling_std_ratio,11,1.1165524327077283,0.8740374569395251,1.7457458027740267
4,3,2,-10,5,DBLCIX,rolling_std_ratio,5,0.5843539381259447,0.5399549818023754,0.6260700585590102
4,3,2,-9,5,DBLCIX,rolling_std_ratio,5,0.7411351444807818,0.6104056989435253,0.7642533554757011
4,3,2,-8,5,DBLCIX,rolling_std_ratio,5,0.7617715161619167,0.69474917654541,0.7660274222458385
4,3,2,-7,5,DBLCIX,rolling_std_ratio,5,0.7370382667434405,0.7206676299439242,0.7892918090489105
4,3,2,-6,5,DBLCIX,rolling_std_ratio,5,0.6315036003698506,0.46179922803580675,0.8757201380489211
4,3,2,-5,5,DBLCIX,rolling_std_ratio,5,0.7747604413851954,0.48963904169560185,0.9425178428687792
4,3,2,-4,5,DBLCIX,rolling_std_ratio,5,0.6896755108867008,0.5173788680425278,0.7445058521439227
4,3,2,-3,5,DBLCIX,rolling_std_ratio,5,0.544326891686442,0.47130818319562157,0.6622083879987796
4,3,2,-2,5,DBLCIX,rolling_std_ratio,5,0.7934328481655081,0.7241096479253362,0.9142495235038621
4,3,2,-1,5,DBLCIX,rolling_std_ratio,5,0.7828925516009183,0.7556708533567313,1.0517771395956172
4,3,2,0,5,DBLCIX,rolling_std_ratio,5,0.8709046552961214,0.6375123632188214,1.1253234742015321
4,3,2,1,5,DBLCIX,rolling_std_ratio,5,0.7956436067257769,0.6155419825137708,1.136443253674911
4,3,2,2,5,DBLCIX,rolling_std_ratio,5,0.8197937038058812,0.5943718814278542,1.145541975186553
4,3,2,3,5,DBLCIX,rolling_std_ratio,5,0.7601228720234048,0.685407766333837,0.9494959795575442
4,3,2,4,5,DBLCIX,rolling_std_ratio,5,0.6688832599909823,0.4959507392828802,0.8309807819065397
4,3,2,5,5,DBLCIX,rolling_std_ratio,5,0.6830232951636018,0.6780281597162918,0.725857758550414
4,3,2,6,5,DBLCIX,rolling_std_ratio,5,0.7124131199300306,0.6952489552789182,0.9180537466781024
4,3,2,7,5,DBLCIX,rolling_std_ratio,5,0.7289771312087898,0.5785130164080394,0.9617753982919226
4,3,2,8,5,DBLCIX,rolling_std_ratio,5,0.6091628063875356,0.5968597626826658,1.0298782444447323
4,3,2,9,5,DBLCIX,rolling_std_ratio,5,0.6978898448528585,0.5924253190136866,1.5623824568341929
4,3,2,10,5,DBLCIX,rolling_std_ratio,5,0.9592570269740971,0.712395754055355,1.6104506091046125
4,0,1,-10,5,IBOXIG,rolling_std_ratio,1,0.5824031090985561,0.5824031090985561,0.5824031090985561
4,0,1,-9,5,IBOXIG,rolling_std_ratio,1,0.6093679007240668,0.6093679007240668,0.6093679007240668
4,0,1,-8,5,IBOXIG,rolling_std_ratio,1,0.47901801485117995,0.47901801485117995,0.47901801485117995
4,0,1,-7,5,IBOXIG,rolling_std_ratio,1,0.5219913668445727,0.5219913668445727,0.5219913668445727
4,0,1,-6,5,IBOXIG,rolling_std_ratio,1,0.8890458874794163,0.8890458874794163,0.8890458874794163
4,0,1,-5,5,IBOXIG,rolling_std_ratio,1,0.7344636479031084,0.7344636479031084,0.7344636479031084
4,0,1,-4,5,IBOXIG,rolling_std_ratio,1,0.4948159846224323,0.4948159846224323,0.4948159846224323
4,0,1,-3,5,IBOXIG,rolling_std_ratio,1,0.422227102865575,0.422227102865575,0.422227102865575
4,0,1,-2,5,IBOXIG,rolling_std_ratio,1,0.3942399408637802,0.3942399408637802,0.3942399408637802
4,0,1,-1,5,IBOXIG,rolling_std_ratio,1,0.3942399408637808,0.3942399408637808,0.3942399408637808
4,0,1,0,5,IBOXIG,rolling_std_ratio,1,0.39195287122592815,0.39195287122592815,0.39195287122592815
4,0,1,1,5,IBOXIG,rolling_std_ratio,1,0.5297348522268053,0.5297348522268053,0.5297348522268053
4,0,1,2,5,IBOXIG,rolling_std_ratio,1,0.5194385639824785,0.5194385639824785,0.5194385639824785
4,0,1,3,5,IBOXIG,rolling_std_ratio,1,0.38267869340408117,0.38267869340408117,0.38267869340408117
4,0,1,4,5,IBOXIG,rolling_std_ratio,1,0.38535014370304244,0.38535014370304244,0.38535014370304244
4,0,1,5,5,IBOXIG,rolling_std_ratio,1,0.32975726387825527,0.32975726387825527,0.32975726387825527
4,0,1,6,5,IBOXIG,rolling_std_ratio,1,0.2397159537498747,0.2397159537498747,0.2397159537498747
4,0,1,7,5,IBOXIG,rolling_std_ratio,1,0.21459861701005123,0.21459861701005123,0.21459861701005123
4,0,1,8,5,IBOXIG,rolling_std_ratio,1,0.24488865436703794,0.24488865436703794,0.24488865436703794
4,0,1,9,5,IBOXIG,rolling_std_ratio,1,0.5272854060896016,0.5272854060896016,0.5272854060896016
4,0,1,10,5,IBOXIG,rolling_std_ratio,1,0.5729301392781107,0.5729301392781107,0.5729301392781107
4,0,2,-10,5,IBOXIG,rolling_std_ratio,256,0.6646051281284001,0.47660716460137353,0.9098811841015052
4,0,2,-9,5,IBOXIG,rolling_std_ratio,256,0.6597365921516525,0.4600451362825499,0.897353016130734
4,0,2,-8,5,IBOXIG,rolling_std_ratio,256,0.6513271757092707,0.49060449136333745,0.880494126947408
4,0,2,-7,5,IBOXIG,rolling_std_ratio,256,0.659952767823045,0.475301934724771,0.8480120645920282
4,0,2,-6,5,IBOXIG,rolling_std_ratio,256,0.6613785344612056,0.47899881489496804,0.9209663963556279
4,0,2,-5,5,IBOXIG,rolling_std_ratio,256,0.6366707865074996,0.4636636844836171,0.8970583235104711
4,0,2,-4,5,IBOXIG,rolling_std_ratio,256,0.6320203097137608,0.4425300345246603,0.8907834435034985
4,0,2,-3,5,IBOXIG,rolling_std_ratio,256,0.6315677022938389,0.4585162614678161,0.8986721906855042
4,0,2,-2,5,IBOXIG,rolling_std_ratio,256,0.6150627715958338,0.4524086884423629,0.8744936072834419
4,0,2,-1,5,IBOXIG,rolling_std_ratio,256,0.5774055661791688,0.4092104477775663,0.8223526822867192
4,0,2,0,5,IBOXIG,rolling_std_ratio,256,0.6852996307847642,0.43059917443374923,0.9859874937434584
4,0,2,1,5,IBOXIG,rolling_std_ratio,256,0.7253697025420585,0.4701028663197387,1.0061024955508693
4,0,2,2,5,IBOXIG,rolling_std_ratio,256,0.726727111637476,0.4913511863928679,1.0059624092877288
4,0,2,3,5,IBOXIG,rolling_std_ratio,256,0.7095141164374028,0.48568316026566366,1.0216495496469566
4,0,2,4,5,IBOXIG,rolling_std_ratio,256,0.7280282582585873,0.5215019738013291,1.0104649851842902
4,0,2,5,5,IBOXIG,rolling_std_ratio,256,0.6754953621637036,0.482324675478065,0.9365058123307156
4,0,2,6,5,IBOXIG,rolling_std_ratio,256,0.6296665726168071,0.4614867724567711,0.8988397946983429
4,0,2,7,5,IBOXIG,rolling_std_ratio,256,0.633779349607134,0.4346247366423412,0.8985971805828015
4,0,2,8,5,IBOXIG,rolling_std_ratio,256,0.6399508739987596,0.45335882121365234,0.894968548450269
4,0,2,9,5,IBOXIG,rolling_std_ratio,256,0.645553261847033,0.443731558043552,0.9275978937881135
4,0,2,10,5,IBOXIG,rolling_std_ratio,256,0.6537551773336696,0.43872256513471114,0.9095763282645846
4,0,3,-10,5,IBOXIG,rolling_std_ratio,1,0.44561146631569737,0.44561146631569737,0.44561146631569737
4,0,3,-9,5,IBOXIG,rolling_std_ratio,1,0.5343176080219909,0.5343176080219909,0.5343176080219909
4,0,3,-8,5,IBOXIG,rolling_std_ratio,1,0.5561342081572753,0.5561342081572753,0.5561342081572753
4,0,3,-7,5,IBOXIG,rolling_std_ratio,1,0.6318877565326722,0.6318877565326722,0.6318877565326722
4,0,3,-6,5,IBOXIG,rolling_std_ratio,1,0.6174450444315642,0.6174450444315642,0.6174450444315642
4,0,3,-5,5,IBOXIG,rolling_std_ratio,1,0.5477606998908499,0.5477606998908499,0.5477606998908499
4,0,3,-4,5,IBOXIG,rolling_std_ratio,1,0.2063307031390312,0.2063307031390312,0.2063307031390312
4,0,3,-3,5,IBOXIG,rolling_std_ratio,1,0.3294670973218772,0.3294670973218772,0.3294670973218772
4,0,3,-2,5,IBOXIG,rolling_std_ratio,1,0.33865519469006616,0.33865519469006616,0.33865519469006616
4,0,3,-1,5,IBOXIG,rolling_std_ratio,1,0.37468986513364394,0.37468986513364394,0.37468986513364394
4,0,3,0,5,IBOXIG,rolling_std_ratio,1,1.555439908809385,1.555439908809385,1.555439908809385
4,0,3,1,5,IBOXIG,rolling_std_ratio,1,1.6034570635655483,1.6034570635655483,1.6034570635655483
4,0,3,2,5,IBOXIG,rolling_std_ratio,1,1.5203646428785544,1.5203646428785544,1.5203646428785544
4,0,3,3,5,IBOXIG,rolling_std_ratio,1,1.546648055786367,1.546648055786367,1.546648055786367
4,0,3,4,5,IBOXIG,rolling_std_ratio,1,1.6814250716953525,1.6814250716953525,1.6814250716953525
4,0,3,5,5,IBOXIG,rolling_std_ratio,1,0.9894868432541044,0.9894868432541044,0.9894868432541044
4,0,3,6,5,IBOXIG,rolling_std_ratio,1,0.9471853796261103,0.9471853796261103,0.9471853796261103
4,0,3,7,5,IBOXIG,rolling_std_ratio,1,0.6722365313221279,0.6722365313221279,0.6722365313221279
4,0,3,8,5,IBOXIG,rolling_std_ratio,1,0.7521897565932513,0.7521897565932513,0.7521897565932513
4,0,3,9,5,IBOXIG,rolling_std_ratio,1,0.640398802149914,0.640398802149914,0.640398802149914
4,0,3,10,5,IBOXIG,rolling_std_ratio,1,0.6003352884036398,0.6003352884036398,0.6003352884036398
4,1,0,-10,5,IBOXIG,rolling_std_ratio,2,0.9882836719195014,0.7551375193820371,1.221429824456966
4,1,0,-9,5,IBOXIG,rolling_std_ratio,2,1.79148542887064,1.3402656581750283,2.2427051995662524
4,1,0,-8,5,IBOXIG,rolling_std_ratio,2,1.4767594486170306,1.1056115482600695,1.8479073489739917
4,1,0,-7,5,IBOXIG,rolling_std_ratio,2,1.9661710153687666,1.2304934999955994,2.7018485307419335
4,1,0,-6,5,IBOXIG,rolling_std_ratio,2,1.980925615975488,1.2015763594205315,2.7602748725304442
4,1,0,-5,5,IBOXIG,rolling_std_ratio,2,1.9171921041239912,1.1557160224938856,2.6786681857540966
4,1,0,-4,5,IBOXIG,rolling_std_ratio,2,1.1469697612740255,0.7706048510689031,1.5233346714791478
4,1,0,-3,5,IBOXIG,rolling_std_ratio,2,1.0831012083347544,0.7375270397803413,1.4286753768891676
4,1,0,-2,5,IBOXIG,rolling_std_ratio,2,0.8266068327943344,0.6781708425105699,0.975042823078099
4,1,0,-1,5,IBOXIG,rolling_std_ratio,2,0.8476395789716658,0.6835390714770722,1.0117400864662596
4,1,0,0,5,IBOXIG,rolling_std_ratio,2,0.8721713530314906,0.6274250232177859,1.1169176828451954
4,1,0,1,5,IBOXIG,rolling_std_ratio,2,0.7947076072713629,0.5900288754872027,0.9993863390555231
4,1,0,2,5,IBOXIG,rolling_std_ratio,2,0.6869542759766162,0.5083557699274357,0.8655527820257967
4,1,0,3,5,IBOXIG,rolling_std_ratio,2,0.6130497507129229,0.4263828522313988,0.799716649194447
4,1,0,4,5,IBOXIG,rolling_std_ratio,2,0.6995350398668512,0.45706682843845114,0.9420032512952511
4,1,0,5,5,IBOXIG,rolling_std_ratio,2,0.4919205097015884,0.36840458203431314,0.6154364373688636
4,1,0,6,5,IBOXIG,rolling_std_ratio,2,0.8783519857016695,0.7028186958956355,1.0538852755077033
4,1,0,7,5,IBOXIG,rolling_std_ratio,2,0.8672868640122153,0.720108501645163,1.0144652263792677
4,1,0,8,5,IBOXIG,rolling_std_ratio,2,0.8842242601501451,0.7166487504240504,1.05179976987624
4,1,0,9,5,IBOXIG,rolling_std_ratio,2,0.8986260164529813,0.7104163500018877,1.0868356829040748
4,1,0,10,5,IBOXIG,rolling_std_ratio,2,0.895585725989456,0.7389744577735667,1.052196994205345
4,1,2,-10,5,IBOXIG,rolling_std_ratio,54,0.8844364260271051,0.5100903610408136,1.2168554602308377
4,1,2,-9,5,IBOXIG,rolling_std_ratio,54,0.8276273607414003,0.4839492692345841,1.137818814604639
4,1,2,-8,5,IBOXIG,rolling_std_ratio,54,0.8931462686002369,0.5814546589661251,1.2009759596477214
4,1,2,-7,5,IBOXIG,rolling_std_ratio,54,0.8377098778661758,0.5626910420561593,1.170827035396928
4,1,2,-6,5,IBOXIG,rolling_std_ratio,54,0.8266799883267331,0.5754494484304631,1.4418699222062747
4,1,2,-5,5,IBOXIG,rolling_std_ratio,54,0.8715174453920708,0.5489849176468152,1.3347023029526384
4,1,2,-4,5,IBOXIG,rolling_std_ratio,54,0.8191430692773191,0.6401878435668997,1.3729190021558924
4,1,2,-3,5,IBOXIG,rolling_std_ratio,54,0.8844643080301794,0.5660629636057202,1.4114558603929586
4,1,2,-2,5,IBOXIG,rolling_std_ratio,54,0.9497821749394317,0.6652013064486266,1.5176805940750546
4,1,2,-1,5,IBOXIG,rolling_std_ratio,54,0.9087968105701345,0.6582406774578562,1.2494517713115623
4,1,2,0,5,IBOXIG,rolling_std_ratio,54,0.8860332626305117,0.6781100030733715,1.1308123296694785
4,1,2,1,5,IBOXIG,rolling_std_ratio,54,0.8869846216576679,0.559148540492526,1.1360420136121643
4,1,2,2,5,IBOXIG,rolling_std_ratio,54,0.879999928927715,0.5694270700466215,1.1262413135383973
4,1,2,3,5,IBOXIG,rolling_std_ratio,54,0.8494056673472958,0.48046669535802294,1.1404279449120212
4,1,2,4,5,IBOXIG,rolling_std_ratio,54,0.8289750809037786,0.48690691503291916,1.1933804117800355
4,1,2,5,5,IBOXIG,rolling_std_ratio,54,0.8316079245450919,0.5423905507617994,1.2380999726367274
4,1,2,6,5,IBOXIG,rolling_std_ratio,54,0.7998459552684513,0.6089118006913603,1.1740302615217428
4,1,2,7,5,IBOXIG,rolling_std_ratio,54,0.8639125782260447,0.5710411415479668,1.1087697715815685
4,1,2,8,5,IBOXIG,rolling_std_ratio,54,0.7919513517316225,0.5766733581884425,1.3271494911069572
4,1,2,9,5,IBOXIG,rolling_std_ratio,54,0.8844670325464661,0.5711676172416797,1.3333665876302263
4,1,2,10,5,IBOXIG,rolling_std_ratio,54,0.8090223051898269,0.5766311574925695,1.4434316865674988
4,1,3,-10,5,IBOXIG,rolling_std_ratio,7,1.010962426326753,0.8468422252854053,1.3275938349763916
4,1,3,-9,5,IBOXIG,rolling_std_ratio,7,0.9761080670746994,0.8390025998029706,1.2138098126937549
4,1,3,-8,5,IBOXIG,rolling_std_ratio,7,0.7376521445363652,0.5745916659466122,0.8978446488250261
4,1,3,-7,5,IBOXIG,rolling_std_ratio,7,0.886028230542203,0.8014447595935571,1.10721552409523
4,1,3,-6,5,IBOXIG,rolling_std_ratio,7,0.9761080670746994,0.8476280169317714,1.2787002174057203
4,1,3,-5,5,IBOXIG,rolling_std_ratio,7,1.1668077339619822,0.9657840809619973,1.4256478557605423
4,1,3,-4,5,IBOXIG,rolling_std_ratio,7,1.5303163736941208,1.1603514698631623,1.8771435132872862
4,1,3,-3,5,IBOXIG,rolling_std_ratio,7,1.702573208496864,1.206039629862953,1.9731248328604085
4,1,3,-2,5,IBOXIG,rolling_std_ratio,7,1.6293926173435282,1.3055621444593053,2.3874020374699185
4,1,3,-1,5,IBOXIG,rolling_std_ratio,7,1.516058959398214,1.1372941859853523,2.479246030394945
4,1,3,0,5,IBOXIG,rolling_std_ratio,7,2.4914479099016305,1.221492183070027,3.2015670130056386
4,1,3,1,5,IBOXIG,rolling_std_ratio,7,2.3495741734572775,1.2502576615462724,2.8830239020239308
4,1,3,2,5,IBOXIG,rolling_std_ratio,7,2.17042146826118,1.0010041716851903,3.14660655651167
4,1,3,3,5,IBOXIG,rolling_std_ratio,7,1.7284459041863935,1.030157993898632,3.5866940132632408
4,1,3,4,5,IBOXIG,rolling_std_ratio,7,1.6565611992615066,1.1286998949250782,2.5631906216274456
4,1,3,5,5,IBOXIG,rolling_std_ratio,7,1.9404361464787978,0.9538417504094729,2.797267033022387
4,1,3,6,5,IBOXIG,rolling_std_ratio,7,2.1796473751055183,1.508400457678961,3.0556737757363583
4,1,3,7,5,IBOXIG,rolling_std_ratio,7,2.3218161049563735,1.6212219495894222,3.7836197744846434
4,1,3,8,5,IBOXIG,rolling_std_ratio,7,2.1513116843559192,1.6528266924612998,3.670271261501899
4,1,3,9,5,IBOXIG,rolling_std_ratio,7,1.507801877693671,1.1381437392093763,3.5430170349788233
4,1,3,10,5,IBOXIG,rolling_std_ratio,7,1.7179485138317152,1.1032639384508627,2.6946624957983087
4,2,0,-10,5,IBOXIG,rolling_std_ratio,256,0.6917435034236399,0.4717513487527697,0.9546860620756503
4,2,0,-9,5,IBOXIG,rolling_std_ratio,256,0.7040522582580919,0.5112793973135273,0.9230693809104005
4,2,0,-8,5,IBOXIG,rolling_std_ratio,256,0.6715026907017286,0.4893815578870425,0.9172951559180823
4,2,0,-7,5,IBOXIG,rolling_std_ratio,256,0.6865381579713776,0.5011628751293136,0.9075677777849672
4,2,0,-6,5,IBOXIG,rolling_std_ratio,256,0.6317738879267517,0.4777138340941738,0.8952068902448035
4,2,0,-5,5,IBOXIG,rolling_std_ratio,256,0.6265642409507887,0.4872769894494965,0.9046317798426211
4,2,0,-4,5,IBOXIG,rolling_std_ratio,256,0.6706445033436976,0.4679197898765104,0.9701347049618947
4,2,0,-3,5,IBOXIG,rolling_std_ratio,256,0.6806660153924745,0.4806792779945762,1.0462343505016214
4,2,0,-2,5,IBOXIG,rolling_std_ratio,256,0.7377581207762538,0.4875284435634531,1.0361453304164492
4,2,0,-1,5,IBOXIG,rolling_std_ratio,256,0.7406508932868222,0.5118096858843832,1.0358686621109348
4,2,0,0,5,IBOXIG,rolling_std_ratio,256,0.6951141403761808,0.5019516839466587,0.9756749760769913
4,2,0,1,5,IBOXIG,rolling_std_ratio,256,0.6783405355526992,0.46516955865526055,0.9123622583255054
4,2,0,2,5,IBOXIG,rolling_std_ratio,256,0.6452176505439804,0.44270782414041865,0.8681488730800758
4,2,0,3,5,IBOXIG,rolling_std_ratio,256,0.6068579481989053,0.4356556647258454,0.8350157633996799
4,2,0,4,5,IBOXIG,rolling_std_ratio,256,0.6212680640987598,0.4024939116741531,0.8205112821049112
4,2,0,5,5,IBOXIG,rolling_std_ratio,256,0.6415761733840868,0.4270142694381892,0.8516382607812831
4,2,0,6,5,IBOXIG,rolling_std_ratio,256,0.6761235625590445,0.4453585981277324,0.8965164740795961
4,2,0,7,5,IBOXIG,rolling_std_ratio,256,0.6423425079445968,0.4625936899290526,0.9109646294002257
4,2,0,8,5,IBOXIG,rolling_std_ratio,256,0.6445269393179571,0.46155724765272454,0.9299448785225146
4,2,0,9,5,IBOXIG,rolling_std_ratio,256,0.607485451306404,0.45246396649061305,0.9028221544443092
4,2,0,10,5,IBOXIG,rolling_std_ratio,256,0.6354277199805709,0.45200816127182125,0.8791095960935549
4,2,1,-10,5,IBOXIG,rolling_std_ratio,51,0.681931067863951,0.4814295221443295,1.4074186307257157
4,2,1,-9,5,IBOXIG,rolling_std_ratio,51,0.7237128711555513,0.508300886167914,1.1426144245724323
4,2,1,-8,5,IBOXIG,rolling_std_ratio,51,0.7481648975649686,0.5123972268240509,1.0718792541695596
4,2,1,-7,5,IBOXIG,rolling_std_ratio,51,0.7587786708388231,0.5185166369642049,1.0389714410466526
4,2,1,-6,5,IBOXIG,rolling_std_ratio,51,0.7481648975649686,0.544857969464706,1.042568579856222
4,2,1,-5,5,IBOXIG,rolling_std_ratio,51,0.7654089088599905,0.5730373464875882,1.0003711329723746
4,2,1,-4,5,IBOXIG,rolling_std_ratio,51,0.8489742298397025,0.5273582480807977,1.1022428165341194
4,2,1,-3,5,IBOXIG,rolling_std_ratio,51,0.8896299309213489,0.5916101802304152,1.1525873373555544
4,2,1,-2,5,IBOXIG,rolling_std_ratio,51,0.7986641278269336,0.524328051165017,1.2111826019091403
4,2,1,-1,5,IBOXIG,rolling_std_ratio,51,0.7558958124831395,0.5576159623032574,1.273364618401081
4,2,1,0,5,IBOXIG,rolling_std_ratio,51,0.8900489484694063,0.6145033148524904,1.3024919487210163
4,2,1,1,5,IBOXIG,rolling_std_ratio,51,0.892398999821131,0.6665893977354933,1.3616468723665016
4,2,1,2,5,IBOXIG,rolling_std_ratio,51,0.8797049931767453,0.6437246538525807,1.2276138744698417
4,2,1,3,5,IBOXIG,rolling_std_ratio,51,0.9012002989874367,0.7172207818325026,1.272182832610151
4,2,1,4,5,IBOXIG,rolling_std_ratio,51,0.9831540265961171,0.6931419575734432,1.3902134937033406
4,2,1,5,5,IBOXIG,rolling_std_ratio,51,1.0312920341815386,0.7482620552101589,1.2810614248053167
4,2,1,6,5,IBOXIG,rolling_std_ratio,51,0.892398999821131,0.6540611229428621,1.239912507592701
4,2,1,7,5,IBOXIG,rolling_std_ratio,51,0.9417712948272609,0.5861491335227254,1.2796721403957227
4,2,1,8,5,IBOXIG,rolling_std_ratio,51,0.8899348708936823,0.6257719610742118,1.3572407544737253
4,2,1,9,5,IBOXIG,rolling_std_ratio,51,0.8627210646134204,0.5726843293829113,1.3906249012427208
4,2,1,10,5,IBOXIG,rolling_std_ratio,51,0.7604522921082955,0.531781741559695,1.3672145284102015
4,2,3,-10,5,IBOXIG,rolling_std_ratio,8,0.732307817752879,0.37360870718316797,1.3135474404018592
4,2,3,-9,5,IBOXIG,rolling_std_ratio,8,0.8161014555091093,0.5176235594364041,1.5185435260178402
4,2,3,-8,5,IBOXIG,rolling_std_ratio,8,0.8888618347373665,0.44129352628354246,1.6744817881744283
4,2,3,-7,5,IBOXIG,rolling_std_ratio,8,0.6559115386105769,0.4974692045339152,1.312759178518253
4,2,3,-6,5,IBOXIG,rolling_std_ratio,8,0.8506014018522139,0.45033918550007906,1.3069930067690725
4,2,3,-5,5,IBOXIG,rolling_std_ratio,8,0.9759444562687913,0.4497099415699528,1.6329780428541298
4,2,3,-4,5,IBOXIG,rolling_std_ratio,8,0.9706859467461879,0.48724444322564087,1.368199837495629
4,2,3,-3,5,IBOXIG,rolling_std_ratio,8,0.9174083601688582,0.5447184033695737,1.1434128983557321
4,2,3,-2,5,IBOXIG,rolling_std_ratio,8,0.6512559459391756,0.5648062487818303,1.190138626648707
4,2,3,-1,5,IBOXIG,rolling_std_ratio,8,0.7857144479222499,0.6573417692333605,1.1931298438572442
4,2,3,0,5,IBOXIG,rolling_std_ratio,8,0.999831671888847,0.7923563417654653,3.035289574112058
4,2,3,1,5,IBOXIG,rolling_std_ratio,8,1.1790999581353505,0.8474279181097759,2.9717844880207727
4,2,3,2,5,IBOXIG,rolling_std_ratio,8,2.0097236719341014,1.1343026191206844,2.7366086994006804
4,2,3,3,5,IBOXIG,rolling_std_ratio,8,2.0237845817943123,1.0976647628675518,2.769638182153755
4,2,3,4,5,IBOXIG,rolling_std_ratio,8,2.2444075430689283,1.1126269537318938,3.1700741758367097
4,2,3,5,5,IBOXIG,rolling_std_ratio,8,1.8204032515328548,0.9029458450149883,2.583077824110184
4,2,3,6,5,IBOXIG,rolling_std_ratio,8,1.3121308633256712,0.7636592061187822,1.7498050733763546
4,2,3,7,5,IBOXIG,rolling_std_ratio,8,0.7619119762054074,0.7021059578175691,0.9945257900503252
4,2,3,8,5,IBOXIG,rolling_std_ratio,8,0.8874073661736579,0.6954990041303336,1.4753126546543138
4,2,3,9,5,IBOXIG,rolling_std_ratio,8,0.7924763630860077,0.6767585583050736,1.0421498332778987
4,2,3,10,5,IBOXIG,rolling_std_ratio,8,0.6853131129941128,0.5216776505017678,1.2055930858827453
4,3,1,-10,5,IBOXIG,rolling_std_ratio,11,0.8489742298397025,0.5635517799156669,1.3253775356212985
4,3,1,-9,5,IBOXIG,rolling_std_ratio,11,0.886028230542203,0.5888714888466633,1.0751348265274643
4,3,1,-8,5,IBOXIG,rolling_std_ratio,11,0.9361313348303796,0.7447700746270294,1.3533755642880057
4,3,1,-7,5,IBOXIG,rolling_std_ratio,11,1.0218402798777173,0.8283430882080276,1.5408239671811965
4,3,1,-6,5,IBOXIG,rolling_std_ratio,11,1.3757289384103473,0.9127434490440045,2.2761999282480367
4,3,1,-5,5,IBOXIG,rolling_std_ratio,11,1.1938371047027847,0.7069686269927336,2.2839759624544165
4,3,1,-4,5,IBOXIG,rolling_std_ratio,11,1.2247708133479378,0.6880847620881366,1.9195721407071882
4,3,1,-3,5,IBOXIG,rolling_std_ratio,11,1.6293926173435282,0.664173029779895,2.0142414189668076
4,3,1,-2,5,IBOXIG,rolling_std_ratio,11,1.7240667296092236,1.321462397210877,2.686886004448891
4,3,1,-1,5,IBOXIG,rolling_std_ratio,11,1.7284459041863935,1.4912099022102059,2.9792728163034923
4,3,1,0,5,IBOXIG,rolling_std_ratio,11,1.6494148254323149,1.5182745064536844,3.151772663230563
4,3,1,1,5,IBOXIG,rolling_std_ratio,11,1.507801877693671,1.127047177693119,3.5411839876405837
4,3,1,2,5,IBOXIG,rolling_std_ratio,11,1.2927341857486985,1.1505985845967186,2.6626550319391553
4,3,1,3,5,IBOXIG,rolling_std_ratio,11,1.373082873916931,0.9551665416368083,2.20676660223252
4,3,1,4,5,IBOXIG,rolling_std_ratio,11,0.9361313348303796,0.7780754497888714,1.5921265892497516
4,3,1,5,5,IBOXIG,rolling_std_ratio,11,0.9897910480824264,0.7801167435748781,2.316333812400575
4,3,1,6,5,IBOXIG,rolling_std_ratio,11,0.8527386621021907,0.7994832617459764,2.040714237472509
4,3,1,7,5,IBOXIG,rolling_std_ratio,11,1.1096531395370521,0.8162038301444282,1.9597383681312641
4,3,1,8,5,IBOXIG,rolling_std_ratio,11,1.053423546664002,0.7063446630769623,2.0555210356984084
4,3,1,9,5,IBOXIG,rolling_std_ratio,11,1.0477161252899423,0.6119942379977332,1.864024060959459
4,3,1,10,5,IBOXIG,rolling_std_ratio,11,1.21303471320767,0.781099782832718,1.5294412510964268
4,3,2,-10,5,IBOXIG,rolling_std_ratio,5,1.0805253893032607,0.6174450444315642,1.7593880747483086
4,3,2,-9,5,IBOXIG,rolling_std_ratio,5,0.5779470602960394,0.5477606998908499,1.204910429406955
4,3,2,-8,5,IBOXIG,rolling_std_ratio,5,0.9992217005207801,0.4637793591094916,1.1541103273911462
4,3,2,-7,5,IBOXIG,rolling_std_ratio,5,0.8782871319312577,0.386334035537856,1.073601780606325
4,3,2,-6,5,IBOXIG,rolling_std_ratio,5,0.8715215505662861,0.33865519469006616,1.0046902853304986
4,3,2,-5,5,IBOXIG,rolling_std_ratio,5,0.6155160244363191,0.37468986513364394,0.8301264350072177
4,3,2,-4,5,IBOXIG,rolling_std_ratio,5,0.8472253868581698,0.686995867442032,1.0311293689665908
4,3,2,-3,5,IBOXIG,rolling_std_ratio,5,1.0312035703175464,0.8489742298397025,1.1104397208940806
4,3,2,-2,5,IBOXIG,rolling_std_ratio,5,1.1528206419317037,0.9588199259381766,1.5203646428785544
4,3,2,-1,5,IBOXIG,rolling_std_ratio,5,1.6849108486982947,1.546648055786367,2.3345364951699077
4,3,2,0,5,IBOXIG,rolling_std_ratio,5,1.702573208496864,1.6814250716953525,2.3449959550917603
4,3,2,1,5,IBOXIG,rolling_std_ratio,5,2.005791407518061,0.9894868432541044,2.4830236786197952
4,3,2,2,5,IBOXIG,rolling_std_ratio,5,1.9971829269929322,0.9471853796261103,2.4901941280866415
4,3,2,3,5,IBOXIG,rolling_std_ratio,5,1.643623576072777,0.7150753033662488,1.6909025175138868
4,3,2,4,5,IBOXIG,rolling_std_ratio,5,0.7722036536317848,0.7521897565932513,1.6344706785689158
4,3,2,5,5,IBOXIG,rolling_std_ratio,5,0.7861718078744495,0.640398802149914,1.5009422868774842
4,3,2,6,5,IBOXIG,rolling_std_ratio,5,0.7864210693534697,0.6313883045267623,1.3564802048295332
4,3,2,7,5,IBOXIG,rolling_std_ratio,5,0.7814241223003326,0.6498188760654783,0.8133844763084005
4,3,2,8,5,IBOXIG,rolling_std_ratio,5,1.05866804695453,0.5337555302361484,1.089184745777568
4,3,2,9,5,IBOXIG,rolling_std_ratio,5,1.2927341857486985,0.6299277503988008,1.3721882090318458
4,3,2,10,5,IBOXIG,rolling_std_ratio,5,1.3648027966875709,0.7758353510515229,1.5182310634055063
4,0,1,-10,5,JPEICORE,rolling_std_ratio,1,0.39024956512454784,0.39024956512454784,0.39024956512454784
4,0,1,-9,5,JPEICORE,rolling_std_ratio,1,0.1849198986089737,0.1849198986089737,0.1849198986089737
4,0,1,-8,5,JPEICORE,rolling_std_ratio,1,0.23995958316883703,0.23995958316883703,0.23995958316883703
4,0,1,-7,5,JPEICORE,rolling_std_ratio,1,0.280347217349797,0.280347217349797,0.280347217349797
4,0,1,-6,5,JPEICORE,rolling_std_ratio,1,0.2776986450991191,0.2776986450991191,0.2776986450991191
4,0,1,-5,5,JPEICORE,rolling_std_ratio,1,0.2913686225162244,0.2913686225162244,0.2913686225162244
4,0,1,-4,5,JPEICORE,rolling_std_ratio,1,0.33515442024077124,0.33515442024077124,0.33515442024077124
4,0,1,-3,5,JPEICORE,rolling_std_ratio,1,0.3004975618246599,0.3004975618246599,0.3004975618246599
4,0,1,-2,5,JPEICORE,rolling_std_ratio,1,0.30837662474708166,0.30837662474708166,0.30837662474708166
4,0,1,-1,5,JPEICORE,rolling_std_ratio,1,0.26924548377697294,0.26924548377697294,0.26924548377697294
4,0,1,0,5,JPEICORE,rolling_std_ratio,1,0.2631451905370665,0.2631451905370665,0.2631451905370665
4,0,1,1,5,JPEICORE,rolling_std_ratio,1,0.2378148697624001,0.2378148697624001,0.2378148697624001
4,0,1,2,5,JPEICORE,rolling_std_ratio,1,0.29885369000009854,0.29885369000009854,0.29885369000009854
4,0,1,3,5,JPEICORE,rolling_std_ratio,1,0.15690210860401782,0.15690210860401782,0.15690210860401782
4,0,1,4,5,JPEICORE,rolling_std_ratio,1,0.15147343781037342,0.15147343781037342,0.15147343781037342
4,0,1,5,5,JPEICORE,rolling_std_ratio,1,0.06827884446750487,0.06827884446750487,0.06827884446750487
4,0,1,6,5,JPEICORE,rolling_std_ratio,1,0.272981203811593,0.272981203811593,0.272981203811593
4,0,1,7,5,JPEICORE,rolling_std_ratio,1,0.25647844364651007,0.25647844364651007,0.25647844364651007
4,0,1,8,5,JPEICORE,rolling_std_ratio,1,0.25248262256284265,0.25248262256284265,0.25248262256284265
4,0,1,9,5,JPEICORE,rolling_std_ratio,1,0.3242331487482579,0.3242331487482579,0.3242331487482579
4,0,1,10,5,JPEICORE,rolling_std_ratio,1,0.31046042239015487,0.31046042239015487,0.31046042239015487
4,0,2,-10,5,JPEICORE,rolling_std_ratio,256,0.36918754953248006,0.23211201988087687,0.5666001163749523
4,0,2,-9,5,JPEICORE,rolling_std_ratio,256,0.3554309790405355,0.2382523974747492,0.5447702986909362
4,0,2,-8,5,JPEICORE,rolling_std_ratio,256,0.35262136588038007,0.23025452874577484,0.5293257810561831
4,0,2,-7,5,JPEICORE,rolling_std_ratio,256,0.3278111420177788,0.22160705584657098,0.5349522176122191
4,0,2,-6,5,JPEICORE,rolling_std_ratio,256,0.34563738104610053,0.22797783945592598,0.5343385581909942
4,0,2,-5,5,JPEICORE,rolling_std_ratio,256,0.34225517621434,0.22703350774086045,0.5142278772042763
4,0,2,-4,5,JPEICORE,rolling_std_ratio,256,0.3352748247728623,0.22112036633983986,0.5212410598433634
4,0,2,-3,5,JPEICORE,rolling_std_ratio,256,0.33899271170726625,0.21464891459769037,0.5200094986486634
4,0,2,-2,5,JPEICORE,rolling_std_ratio,256,0.33300591682931613,0.22973179105931257,0.5102932515600069
4,0,2,-1,5,JPEICORE,rolling_std_ratio,256,0.3401773097140245,0.2312033409516916,0.46323665692974725
4,0,2,0,5,JPEICORE,rolling_std_ratio,256,0.37074905399085045,0.2495846990519266,0.5588073635123756
4,0,2,1,5,JPEICORE,rolling_std_ratio,256,0.40395819991369303,0.269233537717343,0.5957756421204856
4,0,2,2,5,JPEICORE,rolling_std_ratio,256,0.4013049789427786,0.28136423315927567,0.5766871348569488
4,0,2,3,5,JPEICORE,rolling_std_ratio,256,0.41658495916243954,0.27279627937742085,0.6076328051253658
4,0,2,4,5,JPEICORE,rolling_std_ratio,256,0.4160243904633867,0.26850050597021735,0.6329626817316776
4,0,2,5,5,JPEICORE,rolling_std_ratio,256,0.39394743522956516,0.26124241489273586,0.6433211162185284
4,0,2,6,5,JPEICORE,rolling_std_ratio,256,0.39651981065612685,0.2500648749119513,0.6108371924084226
4,0,2,7,5,JPEICORE,rolling_std_ratio,256,0.3862145552825733,0.26156578675631914,0.6155900935250845
4,0,2,8,5,JPEICORE,rolling_std_ratio,256,0.37246359125676987,0.2556807523962655,0.5693275686341658
4,0,2,9,5,JPEICORE,rolling_std_ratio,256,0.38207643268262115,0.24372590316517384,0.5925612836371964
4,0,2,10,5,JPEICORE,rolling_std_ratio,256,0.36541170788730093,0.23910448374751642,0.5758016833704793
4,0,3,-10,5,JPEICORE,rolling_std_ratio,1,0.4251753019336046,0.4251753019336046,0.4251753019336046
4,0,3,-9,5,JPEICORE,rolling_std_ratio,1,0.4914575307042159,0.4914575307042159,0.4914575307042159
4,0,3,-8,5,JPEICORE,rolling_std_ratio,1,0.42820599131908527,0.42820599131908527,0.42820599131908527
4,0,3,-7,5,JPEICORE,rolling_std_ratio,1,0.3541383469773746,0.3541383469773746,0.3541383469773746
4,0,3,-6,5,JPEICORE,rolling_std_ratio,1,0.3115327795867067,0.3115327795867067,0.3115327795867067
4,0,3,-5,5,JPEICORE,rolling_std_ratio,1,0.31674081322985903,0.31674081322985903,0.31674081322985903
4,0,3,-4,5,JPEICORE,rolling_std_ratio,1,0.20240206562782306,0.20240206562782306,0.20240206562782306
4,0,3,-3,5,JPEICORE,rolling_std_ratio,1,0.1809636082280686,0.1809636082280686,0.1809636082280686
4,0,3,-2,5,JPEICORE,rolling_std_ratio,1,0.3434421793025529,0.3434421793025529,0.3434421793025529
4,0,3,-1,5,JPEICORE,rolling_std_ratio,1,0.38876691002875535,0.38876691002875535,0.38876691002875535
4,0,3,0,5,JPEICORE,rolling_std_ratio,1,1.1452359388529059,1.1452359388529059,1.1452359388529059
4,0,3,1,5,JPEICORE,rolling_std_ratio,1,1.6670495960723077,1.6670495960723077,1.6670495960723077
4,0,3,2,5,JPEICORE,rolling_std_ratio,1,2.4276423759504646,2.4276423759504646,2.4276423759504646
4,0,3,3,5,JPEICORE,rolling_std_ratio,1,2.9159020121234813,2.9159020121234813,2.9159020121234813
4,0,3,4,5,JPEICORE,rolling_std_ratio,1,2.8411543635126053,2.8411543635126053,2.8411543635126053
4,0,3,5,5,JPEICORE,rolling_std_ratio,1,2.903878838036893,2.903878838036893,2.903878838036893
4,0,3,6,5,JPEICORE,rolling_std_ratio,1,2.704030780737637,2.704030780737637,2.704030780737637
4,0,3,7,5,JPEICORE,rolling_std_ratio,1,1.1594345918171307,1.1594345918171307,1.1594345918171307
4,0,3,8,5,JPEICORE,rolling_std_ratio,1,0.5236472651645298,0.5236472651645298,0.5236472651645298
4,0,3,9,5,JPEICORE,rolling_std_ratio,1,0.5321532035035977,0.5321532035035977,0.5321532035035977
4,0,3,10,5,JPEICORE,rolling_std_ratio,1,0.49769177003787296,0.49769177003787296,0.49769177003787296
4,1,0,-10,5,JPEICORE,rolling_std_ratio,2,0.40402552542435854,0.3421863713870778,0.46586467946163934
4,1,0,-9,5,JPEICORE,rolling_std_ratio,2,0.9117924254520224,0.5947455352755707,1.228839315628474
4,1,0,-8,5,JPEICORE,rolling_std_ratio,2,0.8828178734248244,0.5870932479705244,1.1785424988791244
4,1,0,-7,5,JPEICORE,rolling_std_ratio,2,1.1429408802814236,0.7390476502610974,1.5468341103017496
4,1,0,-6,5,JPEICORE,rolling_std_ratio,2,1.1306251954648434,0.7155613786447517,1.5456890122849352
4,1,0,-5,5,JPEICORE,rolling_std_ratio,2,1.1789194457437053,0.7436480352453936,1.614190856242017
4,1,0,-4,5,JPEICORE,rolling_std_ratio,2,0.5325124763676237,0.4008789800722983,0.6641459726629491
4,1,0,-3,5,JPEICORE,rolling_std_ratio,2,0.49918336758512427,0.38116427906109535,0.6172024561091531
4,1,0,-2,5,JPEICORE,rolling_std_ratio,2,0.4147594790779416,0.32628717442017086,0.5032317837357123
4,1,0,-1,5,JPEICORE,rolling_std_ratio,2,0.3336450037844013,0.3162493468922499,0.35104066067655265
4,1,0,0,5,JPEICORE,rolling_std_ratio,2,0.3029313792379666,0.2299167439209922,0.375946014554941
4,1,0,1,5,JPEICORE,rolling_std_ratio,2,0.5112111626193149,0.3313423002148441,0.6910800250237856
4,1,0,2,5,JPEICORE,rolling_std_ratio,2,0.45677533314431373,0.2625270888059093,0.6510235774827182
4,1,0,3,5,JPEICORE,rolling_std_ratio,2,0.4558008426891632,0.36439102325037814,0.5472106621279483
4,1,0,4,5,JPEICORE,rolling_std_ratio,2,0.7376869882095163,0.4970827159280131,0.9782912604910193
4,1,0,5,5,JPEICORE,rolling_std_ratio,2,0.7350615787880637,0.49377210067545313,0.9763510569006741
4,1,0,6,5,JPEICORE,rolling_std_ratio,2,0.642563187251598,0.48339816799992796,0.8017282065032679
4,1,0,7,5,JPEICORE,rolling_std_ratio,2,0.6240124274875442,0.4672364249388495,0.7807884300362388
4,1,0,8,5,JPEICORE,rolling_std_ratio,2,0.6492782139716308,0.48598511113449333,0.8125713168087683
4,1,0,9,5,JPEICORE,rolling_std_ratio,2,0.2150075243914567,0.15030901057393253,0.2797060382089809
4,1,0,10,5,JPEICORE,rolling_std_ratio,2,0.29385147302195236,0.26771309866633375,0.3199898473775709
4,1,2,-10,5,JPEICORE,rolling_std_ratio,54,0.5162801324178812,0.4026231907343597,0.7709847086666851
4,1,2,-9,5,JPEICORE,rolling_std_ratio,54,0.5346008514106368,0.41069027409263176,0.744528928060049
4,1,2,-8,5,JPEICORE,rolling_std_ratio,54,0.5882428782858435,0.38455048003542497,0.7991171298247546
4,1,2,-7,5,JPEICORE,rolling_std_ratio,54,0.5880054150864218,0.39080631402618826,0.8190893797715294
4,1,2,-6,5,JPEICORE,rolling_std_ratio,54,0.6163107157131311,0.39087771175541935,0.7747165988683392
4,1,2,-5,5,JPEICORE,rolling_std_ratio,54,0.6253544880815731,0.4255891255095484,0.8343412550270259
4,1,2,-4,5,JPEICORE,rolling_std_ratio,54,0.6017574480348039,0.34194638858814325,0.9030111250772261
4,1,2,-3,5,JPEICORE,rolling_std_ratio,54,0.5847661667626363,0.42021219972206303,0.9721216211731638
4,1,2,-2,5,JPEICORE,rolling_std_ratio,54,0.7017005114274697,0.3450401557436783,0.983782246037231
4,1,2,-1,5,JPEICORE,rolling_std_ratio,54,0.6117270492574731,0.3565574378164099,1.0071058390200125
4,1,2,0,5,JPEICORE,rolling_std_ratio,54,0.6118071871262528,0.36816614409715387,0.8409329412078549
4,1,2,1,5,JPEICORE,rolling_std_ratio,54,0.5654549751024214,0.32098918803845794,0.7977946951420735
4,1,2,2,5,JPEICORE,rolling_std_ratio,54,0.4749986824600382,0.3052457952842391,0.8118549502284977
4,1,2,3,5,JPEICORE,rolling_std_ratio,54,0.4337574107204259,0.25899562577678203,0.7115590201791401
4,1,2,4,5,JPEICORE,rolling_std_ratio,54,0.4126132756690267,0.2806187578871428,0.7690598734487695
4,1,2,5,5,JPEICORE,rolling_std_ratio,54,0.3845154233316501,0.2810693868437055,0.8382108164847728
4,1,2,6,5,JPEICORE,rolling_std_ratio,54,0.47547268995180825,0.2822558656531683,0.8138726288534541
4,1,2,7,5,JPEICORE,rolling_std_ratio,54,0.45520321206010395,0.2874388895333838,0.7975700362609889
4,1,2,8,5,JPEICORE,rolling_std_ratio,54,0.46410814390354527,0.2408900502847392,0.8555716334080277
4,1,2,9,5,JPEICORE,rolling_std_ratio,54,0.46388090319278774,0.28833588146923356,0.7813406133433828
4,1,2,10,5,JPEICORE,rolling_std_ratio,54,0.44076536440573316,0.3087820503787928,0.7273286039137938
4,1,3,-10,5,JPEICORE,rolling_std_ratio,7,0.6758878021695972,0.6269869563329922,1.6932615153247623
4,1,3,-9,5,JPEICORE,rolling_std_ratio,7,0.627764376038421,0.5148974513257493,1.3944572745517045
4,1,3,-8,5,JPEICORE,rolling_std_ratio,7,0.957998196007695,0.5332001195461854,1.2299107805747047
4,1,3,-7,5,JPEICORE,rolling_std_ratio,7,0.9404057934419008,0.7053038218207289,1.400343321557693
4,1,3,-6,5,JPEICORE,rolling_std_ratio,7,0.7411809711847928,0.5125311408573441,1.3362454687575076
4,1,3,-5,5,JPEICORE,rolling_std_ratio,7,0.957998196007695,0.7188477614998305,1.5085731995464546
4,1,3,-4,5,JPEICORE,rolling_std_ratio,7,1.2227430297108375,0.8085858757557176,2.2065807031184623
4,1,3,-3,5,JPEICORE,rolling_std_ratio,7,1.4437827243889771,0.8553689110487638,3.3094102965673144
4,1,3,-2,5,JPEICORE,rolling_std_ratio,7,1.286640793697782,0.972196480581315,3.139528345348242
4,1,3,-1,5,JPEICORE,rolling_std_ratio,7,1.2227430297108375,0.9973334833853404,2.5496377975917426
4,1,3,0,5,JPEICORE,rolling_std_ratio,7,1.922326920643431,1.3507383005107831,2.7837544377180903
4,1,3,1,5,JPEICORE,rolling_std_ratio,7,1.9396568986223857,1.1999073694019426,2.6520771376648935
4,1,3,2,5,JPEICORE,rolling_std_ratio,7,2.081147795284936,1.1464948268669246,2.463382228024437
4,1,3,3,5,JPEICORE,rolling_std_ratio,7,2.0214861592464657,1.3689579294436338,2.8181028840863527
4,1,3,4,5,JPEICORE,rolling_std_ratio,7,1.7087164702907138,1.4620581822334224,3.817908297606394
4,1,3,5,5,JPEICORE,rolling_std_ratio,7,1.5604647287086257,1.1607822365172051,3.6930840849771087
4,1,3,6,5,JPEICORE,rolling_std_ratio,7,1.4663945442547093,1.0184951595268978,4.264785130553253
4,1,3,7,5,JPEICORE,rolling_std_ratio,7,3.492815050084622,1.3175929735584915,4.631625419695508
4,1,3,8,5,JPEICORE,rolling_std_ratio,7,3.271440584733509,1.3681199552265504,4.71351222679287
4,1,3,9,5,JPEICORE,rolling_std_ratio,7,3.0256325032014115,1.0028101013234827,5.033128206554592
4,1,3,10,5,JPEICORE,rolling_std_ratio,7,1.3283866662468584,1.0416796997269224,3.2188181249025547
4,2,0,-10,5,JPEICORE,rolling_std_ratio,256,0.3532160963031326,0.23799625763431448,0.5773444324285701
4,2,0,-9,5,JPEICORE,rolling_std_ratio,256,0.3581188823681506,0.24522505191701588,0.5788271383226444
4,2,0,-8,5,JPEICORE,rolling_std_ratio,256,0.3796997995501016,0.2435210450435398,0.560395695823396
4,2,0,-7,5,JPEICORE,rolling_std_ratio,256,0.39661599490208965,0.23865311949529386,0.581999477199406
4,2,0,-6,5,JPEICORE,rolling_std_ratio,256,0.36360246894992115,0.23581578503870976,0.5428377673300349
4,2,0,-5,5,JPEICORE,rolling_std_ratio,256,0.3619188295405941,0.24949598247866397,0.5703343175558722
4,2,0,-4,5,JPEICORE,rolling_std_ratio,256,0.3858780161139832,0.24972965057370977,0.5692481212280041
4,2,0,-3,5,JPEICORE,rolling_std_ratio,256,0.39781708773363056,0.255266180927159,0.6348021508530999
4,2,0,-2,5,JPEICORE,rolling_std_ratio,256,0.41289137839565826,0.27217438410467865,0.6624058223856361
4,2,0,-1,5,JPEICORE,rolling_std_ratio,256,0.42374608939639,0.2832505133180602,0.6681183626452191
4,2,0,0,5,JPEICORE,rolling_std_ratio,256,0.41395748046232184,0.27517840787580616,0.601048490156465
4,2,0,1,5,JPEICORE,rolling_std_ratio,256,0.37537745502670467,0.2552063659095989,0.5664151055451618
4,2,0,2,5,JPEICORE,rolling_std_ratio,256,0.3632556052538499,0.24223569299132092,0.5332633585990534
4,2,0,3,5,JPEICORE,rolling_std_ratio,256,0.35778203550896154,0.23977608257011046,0.4988222790902317
4,2,0,4,5,JPEICORE,rolling_std_ratio,256,0.33144733945962696,0.22326409031214314,0.48999577571187974
4,2,0,5,5,JPEICORE,rolling_std_ratio,256,0.3261325441259293,0.22386384802111797,0.5107206220920135
4,2,0,6,5,JPEICORE,rolling_std_ratio,256,0.32585132841677633,0.20861864136283398,0.5161809877815975
4,2,0,7,5,JPEICORE,rolling_std_ratio,256,0.3379461449321441,0.21586417436411454,0.5144890938379953
4,2,0,8,5,JPEICORE,rolling_std_ratio,256,0.34123135940656146,0.23110018959305623,0.5761557484132265
4,2,0,9,5,JPEICORE,rolling_std_ratio,256,0.3409747832474751,0.22333151691065592,0.5189477407943014
4,2,0,10,5,JPEICORE,rolling_std_ratio,256,0.3394883206117569,0.23240705158260688,0.5513122397736994
4,2,1,-10,5,JPEICORE,rolling_std_ratio,51,0.5149316170940634,0.36521320346186736,0.8373676781967747
4,2,1,-9,5,JPEICORE,rolling_std_ratio,51,0.5739073473654335,0.350770821789943,0.7693136368602346
4,2,1,-8,5,JPEICORE,rolling_std_ratio,51,0.5158445889904033,0.37901031654344575,0.7508881938340163
4,2,1,-7,5,JPEICORE,rolling_std_ratio,51,0.5167518889531987,0.39499500251162517,0.6840392743355428
4,2,1,-6,5,JPEICORE,rolling_std_ratio,51,0.5598745864243716,0.37658321578540843,0.7588873737993627
4,2,1,-5,5,JPEICORE,rolling_std_ratio,51,0.5469018170210743,0.3529480697885689,0.792781710440629
4,2,1,-4,5,JPEICORE,rolling_std_ratio,51,0.49913718297035536,0.35263801212687096,0.8333879871464698
4,2,1,-3,5,JPEICORE,rolling_std_ratio,51,0.612796030252039,0.3614353944641299,0.861218774109288
4,2,1,-2,5,JPEICORE,rolling_std_ratio,51,0.5763289840263242,0.3086070061532128,0.857234468367385
4,2,1,-1,5,JPEICORE,rolling_std_ratio,51,0.5645133196393355,0.3105159717833461,0.8658356313530012
4,2,1,0,5,JPEICORE,rolling_std_ratio,51,0.5576949687635775,0.32972233845243193,0.9678594689289899
4,2,1,1,5,JPEICORE,rolling_std_ratio,51,0.6011330796617336,0.3858607300185788,0.8575506503452492
4,2,1,2,5,JPEICORE,rolling_std_ratio,51,0.567624574372159,0.32693376450841555,0.939575723654282
4,2,1,3,5,JPEICORE,rolling_std_ratio,51,0.6777829150554988,0.3602757730444689,0.9758798947690835
4,2,1,4,5,JPEICORE,rolling_std_ratio,51,0.6907430617615797,0.35983808030611747,1.0105121142355884
4,2,1,5,5,JPEICORE,rolling_std_ratio,51,0.6826846054248477,0.28926077997215727,0.9438917554963113
4,2,1,6,5,JPEICORE,rolling_std_ratio,51,0.5896264885935093,0.2953770193945142,0.9459797728664124
4,2,1,7,5,JPEICORE,rolling_std_ratio,51,0.48920947697242556,0.27298952940048726,0.856138637300214
4,2,1,8,5,JPEICORE,rolling_std_ratio,51,0.3949984357350823,0.26305600495973913,0.7801160427961793
4,2,1,9,5,JPEICORE,rolling_std_ratio,51,0.44896064987191536,0.31563145178579977,0.7588873737993627
4,2,1,10,5,JPEICORE,rolling_std_ratio,51,0.4526904306206121,0.27531862041990285,0.7328606064824499
4,2,3,-10,5,JPEICORE,rolling_std_ratio,8,0.5663764725662248,0.39341630690241736,0.788176015380552
4,2,3,-9,5,JPEICORE,rolling_std_ratio,8,0.546503965267277,0.37709862062207494,0.6749851114299196
4,2,3,-8,5,JPEICORE,rolling_std_ratio,8,0.5608658148085974,0.36489014665712316,0.8119300433417065
4,2,3,-7,5,JPEICORE,rolling_std_ratio,8,0.637235363092497,0.5445337403468475,0.8608974189761813
4,2,3,-6,5,JPEICORE,rolling_std_ratio,8,0.6228876350469518,0.4316484544241531,0.7714650719278793
4,2,3,-5,5,JPEICORE,rolling_std_ratio,8,0.6042562492198924,0.4823507728251676,0.8225576016855976
4,2,3,-4,5,JPEICORE,rolling_std_ratio,8,0.6386230906497803,0.5657991802398397,0.8259814475171967
4,2,3,-3,5,JPEICORE,rolling_std_ratio,8,0.6423652215128326,0.5561196560198483,0.7737978766184407
4,2,3,-2,5,JPEICORE,rolling_std_ratio,8,0.670999420505713,0.5925923221488401,0.9665007006862287
4,2,3,-1,5,JPEICORE,rolling_std_ratio,8,0.8043293451432514,0.6836127002426835,0.97845396006637
4,2,3,0,5,JPEICORE,rolling_std_ratio,8,1.4112986460161165,1.143750167393661,1.7527794204881282
4,2,3,1,5,JPEICORE,rolling_std_ratio,8,1.6438707123649048,1.145353427159478,2.1212245368685756
4,2,3,2,5,JPEICORE,rolling_std_ratio,8,1.9702589574661862,1.248595875657694,2.4292276437727933
4,2,3,3,5,JPEICORE,rolling_std_ratio,8,2.0116475545350587,1.6007123767470535,2.502711467570666
4,2,3,4,5,JPEICORE,rolling_std_ratio,8,2.3172768274614826,1.7396389093611586,2.7110652919606055
4,2,3,5,5,JPEICORE,rolling_std_ratio,8,1.731707208536533,1.199779343668021,2.2715517767168807
4,2,3,6,5,JPEICORE,rolling_std_ratio,8,1.2455306531496264,1.0098626861339688,1.6546965127292297
4,2,3,7,5,JPEICORE,rolling_std_ratio,8,1.063020121174937,0.8075171641750398,1.3099077951336575
4,2,3,8,5,JPEICORE,rolling_std_ratio,8,1.059337136300788,0.7582212115001801,1.4637259493030825
4,2,3,9,5,JPEICORE,rolling_std_ratio,8,0.7787772674832745,0.4503366945059245,1.28486783918653
4,2,3,10,5,JPEICORE,rolling_std_ratio,8,0.8178762957262613,0.5274201249668852,1.16550833796703
4,3,1,-10,5,JPEICORE,rolling_std_ratio,11,1.0052465627842921,0.38653962050669344,2.6613715664155952
4,3,1,-9,5,JPEICORE,rolling_std_ratio,11,0.7347198414718606,0.41179795044590717,3.1537391414684737
4,3,1,-8,5,JPEICORE,rolling_std_ratio,11,0.6758878021695972,0.4847925314818539,2.5799962868563817
4,3,1,-7,5,JPEICORE,rolling_std_ratio,11,0.7411809711847928,0.4913125388374134,2.647877214994196
4,3,1,-6,5,JPEICORE,rolling_std_ratio,11,0.923843309956452,0.6548639009804358,2.6741012472156793
4,3,1,-5,5,JPEICORE,rolling_std_ratio,11,0.8999745700280816,0.6843429883601795,2.2628488644558047
4,3,1,-4,5,JPEICORE,rolling_std_ratio,11,1.1299303961550164,0.7009340879682908,1.5901884789820386
4,3,1,-3,5,JPEICORE,rolling_std_ratio,11,1.1180324075395514,0.7554889129590479,1.274163093877143
4,3,1,-2,5,JPEICORE,rolling_std_ratio,11,1.1344221102673795,0.7214287279350626,1.2257256214184378
4,3,1,-1,5,JPEICORE,rolling_std_ratio,11,1.7275071125788042,0.9908882887365609,2.342776726251043
4,3,1,0,5,JPEICORE,rolling_std_ratio,11,1.7206590787001381,1.1279678016389356,2.542772877047291
4,3,1,1,5,JPEICORE,rolling_std_ratio,11,1.797314021535479,1.1447366629653033,2.639322853204982
4,3,1,2,5,JPEICORE,rolling_std_ratio,11,1.8098997883528596,1.1388169484040558,2.4329889873153636
4,3,1,3,5,JPEICORE,rolling_std_ratio,11,1.7248072063601343,1.0634949398485118,2.4956455755889886
4,3,1,4,5,JPEICORE,rolling_std_ratio,11,1.02277311309079,0.6438295161007808,1.4604847713099132
4,3,1,5,5,JPEICORE,rolling_std_ratio,11,1.1821350219658007,0.8916016212616865,1.5596909659885667
4,3,1,6,5,JPEICORE,rolling_std_ratio,11,0.9877036215975135,0.5704627354800258,1.482125100191451
4,3,1,7,5,JPEICORE,rolling_std_ratio,11,0.8045175250074836,0.6396591638866815,1.1856879206346522
4,3,1,8,5,JPEICORE,rolling_std_ratio,11,0.8705344056738787,0.6220246267805107,1.5269526814461125
4,3,1,9,5,JPEICORE,rolling_std_ratio,11,0.9927506831186436,0.6923583036700917,1.0764263282508073
4,3,1,10,5,JPEICORE,rolling_std_ratio,11,0.8144625650076135,0.6679611297075722,1.046026515170364
4,3,2,-10,5,JPEICORE,rolling_std_ratio,5,0.6437563274322108,0.5246428925924754,0.8236079387789537
4,3,2,-9,5,JPEICORE,rolling_std_ratio,5,0.7318986371378597,0.5741421771265753,0.8573168734249329
4,3,2,-8,5,JPEICORE,rolling_std_ratio,5,0.6469976693112778,0.41509600054725593,0.7428478047621948
4,3,2,-7,5,JPEICORE,rolling_std_ratio,5,0.632840064188468,0.4160092523570319,0.788795698928646
4,3,2,-6,5,JPEICORE,rolling_std_ratio,5,0.6444061171110925,0.5516344379578846,0.9279746508180327
4,3,2,-5,5,JPEICORE,rolling_std_ratio,5,0.7127320051533133,0.6149452052883909,0.956995491013823
4,3,2,-4,5,JPEICORE,rolling_std_ratio,5,1.1118245950635246,0.9404057934419008,1.1208720124834994
4,3,2,-3,5,JPEICORE,rolling_std_ratio,5,1.5918734404317514,1.0925984599397776,1.6670495960723077
4,3,2,-2,5,JPEICORE,rolling_std_ratio,5,1.8549805950089846,1.706277287115521,2.4276423759504646
4,3,2,-1,5,JPEICORE,rolling_std_ratio,5,2.5765432334305722,2.2364673784188875,2.9159020121234813
4,3,2,0,5,JPEICORE,rolling_std_ratio,5,2.8411543635126053,2.4191747020470475,3.00750843983451
4,3,2,1,5,JPEICORE,rolling_std_ratio,5,2.7533217641415204,2.422549577047176,2.903878838036893
4,3,2,2,5,JPEICORE,rolling_std_ratio,5,2.3927186002985064,2.1672353619784155,2.704030780737637
4,3,2,3,5,JPEICORE,rolling_std_ratio,5,1.308926284333452,1.2961790550946506,1.631326281518928
4,3,2,4,5,JPEICORE,rolling_std_ratio,5,1.2491943577297684,0.9758953698922613,1.2616853940565045
4,3,2,5,5,JPEICORE,rolling_std_ratio,5,1.1751833952033586,0.8731368628124173,1.4610013969182223
4,3,2,6,5,JPEICORE,rolling_std_ratio,5,1.3491784425285938,0.9434908773982175,1.7275071125788042
4,3,2,7,5,JPEICORE,rolling_std_ratio,5,1.1380172897249545,0.6870201292926703,1.263430971405842
4,3,2,8,5,JPEICORE,rolling_std_ratio,5,0.6561604397160358,0.5456536953904928,1.2479814826932563
4,3,2,9,5,JPEICORE,rolling_std_ratio,5,0.9025682087864161,0.3426260979395469,1.0024199259819788
4,3,2,10,5,JPEICORE,rolling_std_ratio,5,0.7877650704418218,0.49439416186191376,0.9718981038882659
4,0,1,-10,5,LT11TRUU,rolling_std_ratio,1,1.3906160771627556,1.3906160771627556,1.3906160771627556
4,0,1,-9,5,LT11TRUU,rolling_std_ratio,1,0.7783532716215632,0.7783532716215632,0.7783532716215632
4,0,1,-8,5,LT11TRUU,rolling_std_ratio,1,0.5635535662217996,0.5635535662217996,0.5635535662217996
4,0,1,-7,5,LT11TRUU,rolling_std_ratio,1,0.784251094644234,0.784251094644234,0.784251094644234
4,0,1,-6,5,LT11TRUU,rolling_std_ratio,1,0.9954070431227784,0.9954070431227784,0.9954070431227784
4,0,1,-5,5,LT11TRUU,rolling_std_ratio,1,0.8187527741493821,0.8187527741493821,0.8187527741493821
4,0,1,-4,5,LT11TRUU,rolling_std_ratio,1,0.8032677394570411,0.8032677394570411,0.8032677394570411
4,0,1,-3,5,LT11TRUU,rolling_std_ratio,1,0.6104005910785089,0.6104005910785089,0.6104005910785089
4,0,1,-2,5,LT11TRUU,rolling_std_ratio,1,1.3395487436961033,1.3395487436961033,1.3395487436961033
4,0,1,-1,5,LT11TRUU,rolling_std_ratio,1,1.293299965149151,1.293299965149151,1.293299965149151
4,0,1,0,5,LT11TRUU,rolling_std_ratio,1,1.9083799838842095,1.9083799838842095,1.9083799838842095
4,0,1,1,5,LT11TRUU,rolling_std_ratio,1,1.8005354759926089,1.8005354759926089,1.8005354759926089
4,0,1,2,5,LT11TRUU,rolling_std_ratio,1,1.6142977824376326,1.6142977824376326,1.6142977824376326
4,0,1,3,5,LT11TRUU,rolling_std_ratio,1,1.5703944490620474,1.5703944490620474,1.5703944490620474
4,0,1,4,5,LT11TRUU,rolling_std_ratio,1,1.5483084981653819,1.5483084981653819,1.5483084981653819
4,0,1,5,5,LT11TRUU,rolling_std_ratio,1,1.2575762259017886,1.2575762259017886,1.2575762259017886
4,0,1,6,5,LT11TRUU,rolling_std_ratio,1,1.0643608535202354,1.0643608535202354,1.0643608535202354
4,0,1,7,5,LT11TRUU,rolling_std_ratio,1,1.159662754985868,1.159662754985868,1.159662754985868
4,0,1,8,5,LT11TRUU,rolling_std_ratio,1,1.240094131560614,1.240094131560614,1.240094131560614
4,0,1,9,5,LT11TRUU,rolling_std_ratio,1,1.2699350729046464,1.2699350729046464,1.2699350729046464
4,0,1,10,5,LT11TRUU,rolling_std_ratio,1,1.0353922396063262,1.0353922396063262,1.0353922396063262
4,0,2,-10,5,LT11TRUU,rolling_std_ratio,256,0.8597056340651517,0.6153862936151144,1.2073405094210317
4,0,2,-9,5,LT11TRUU,rolling_std_ratio,256,0.8392706171440183,0.64126267677932,1.1461880488731229
4,0,2,-8,5,LT11TRUU,rolling_std_ratio,256,0.8237170350672032,0.6038035240051607,1.1285564914003239
4,0,2,-7,5,LT11TRUU,rolling_std_ratio,256,0.8327076355076464,0.6066440719077929,1.1095056836688395
4,0,2,-6,5,LT11TRUU,rolling_std_ratio,256,0.8958329430353988,0.6122456971836951,1.1654390827576104
4,0,2,-5,5,LT11TRUU,rolling_std_ratio,256,0.8457906674017113,0.6153638235510805,1.1457043068190436
4,0,2,-4,5,LT11TRUU,rolling_std_ratio,256,0.852328656736196,0.6088144934868226,1.1391053710074805
4,0,2,-3,5,LT11TRUU,rolling_std_ratio,256,0.8543591543838862,0.6064642515143561,1.1495013016204674
4,0,2,-2,5,LT11TRUU,rolling_std_ratio,256,0.7922627905733675,0.5974270372413174,1.051498303810452
4,0,2,-1,5,LT11TRUU,rolling_std_ratio,256,0.7430287368826938,0.5728082705996017,0.9852876439401878
4,0,2,0,5,LT11TRUU,rolling_std_ratio,256,0.962348759504316,0.7365662557448285,1.1999826488815537
4,0,2,1,5,LT11TRUU,rolling_std_ratio,256,0.996648984785158,0.7684396858480578,1.2734569022433684
4,0,2,2,5,LT11TRUU,rolling_std_ratio,256,1.000585798817954,0.7655670291556698,1.2682090560585069
4,0,2,3,5,LT11TRUU,rolling_std_ratio,256,1.0448458627654738,0.8028182207389207,1.2820235909355067
4,0,2,4,5,LT11TRUU,rolling_std_ratio,256,1.0877832901619835,0.8230524515806643,1.347907083509008
4,0,2,5,5,LT11TRUU,rolling_std_ratio,256,0.934142866707178,0.6630875507513634,1.2157837245427459
4,0,2,6,5,LT11TRUU,rolling_std_ratio,256,0.8957267618106262,0.655201744454715,1.168868110740426
4,0,2,7,5,LT11TRUU,rolling_std_ratio,256,0.8675957050168757,0.6344634088603347,1.1325057323068544
4,0,2,8,5,LT11TRUU,rolling_std_ratio,256,0.8528260494777281,0.60744810403519,1.162723750661751
4,0,2,9,5,LT11TRUU,rolling_std_ratio,256,0.8649384382916006,0.6256205260247989,1.1812313527743012
4,0,2,10,5,LT11TRUU,rolling_std_ratio,256,0.8988361001442378,0.6517117280678815,1.2649958169676585
4,0,3,-10,5,LT11TRUU,rolling_std_ratio,1,0.4989546083492013,0.4989546083492013,0.4989546083492013
4,0,3,-9,5,LT11TRUU,rolling_std_ratio,1,0.682419335155731,0.682419335155731,0.682419335155731
4,0,3,-8,5,LT11TRUU,rolling_std_ratio,1,0.6180679159733086,0.6180679159733086,0.6180679159733086
4,0,3,-7,5,LT11TRUU,rolling_std_ratio,1,0.8107116325055197,0.8107116325055197,0.8107116325055197
4,0,3,-6,5,LT11TRUU,rolling_std_ratio,1,0.8253065938084874,0.8253065938084874,0.8253065938084874
4,0,3,-5,5,LT11TRUU,rolling_std_ratio,1,0.7945964322741975,0.7945964322741975,0.7945964322741975
4,0,3,-4,5,LT11TRUU,rolling_std_ratio,1,0.5670060468135276,0.5670060468135276,0.5670060468135276
4,0,3,-3,5,LT11TRUU,rolling_std_ratio,1,0.585484561873794,0.585484561873794,0.585484561873794
4,0,3,-2,5,LT11TRUU,rolling_std_ratio,1,0.6414093087028361,0.6414093087028361,0.6414093087028361
4,0,3,-1,5,LT11TRUU,rolling_std_ratio,1,0.6107150563800287,0.6107150563800287,0.6107150563800287
4,0,3,0,5,LT11TRUU,rolling_std_ratio,1,2.292166077097855,2.292166077097855,2.292166077097855
4,0,3,1,5,LT11TRUU,rolling_std_ratio,1,2.2796960140814724,2.2796960140814724,2.2796960140814724
4,0,3,2,5,LT11TRUU,rolling_std_ratio,1,1.9862170598444222,1.9862170598444222,1.9862170598444222
4,0,3,3,5,LT11TRUU,rolling_std_ratio,1,2.1180032593206284,2.1180032593206284,2.1180032593206284
4,0,3,4,5,LT11TRUU,rolling_std_ratio,1,2.4002572897714956,2.4002572897714956,2.4002572897714956
4,0,3,5,5,LT11TRUU,rolling_std_ratio,1,1.0419580733461251,1.0419580733461251,1.0419580733461251
4,0,3,6,5,LT11TRUU,rolling_std_ratio,1,1.0140352288068268,1.0140352288068268,1.0140352288068268
4,0,3,7,5,LT11TRUU,rolling_std_ratio,1,0.8428024586173827,0.8428024586173827,0.8428024586173827
4,0,3,8,5,LT11TRUU,rolling_std_ratio,1,0.8386571535120914,0.8386571535120914,0.8386571535120914
4,0,3,9,5,LT11TRUU,rolling_std_ratio,1,0.5562559722157467,0.5562559722157467,0.5562559722157467
4,0,3,10,5,LT11TRUU,rolling_std_ratio,1,0.3068889583524819,0.3068889583524819,0.3068889583524819
4,1,0,-10,5,LT11TRUU,rolling_std_ratio,2,1.033298775798938,0.908774935221586,1.15782261637629
4,1,0,-9,5,LT11TRUU,rolling_std_ratio,2,1.427349199944768,1.2113781215337731,1.643320278355763
4,1,0,-8,5,LT11TRUU,rolling_std_ratio,2,1.1608399718845155,0.9897963730169488,1.3318835707520822
4,1,0,-7,5,LT11TRUU,rolling_std_ratio,2,1.4897393961178356,1.1465035677874384,1.832975224448233
4,1,0,-6,5,LT11TRUU,rolling_std_ratio,2,1.4238076014640106,1.0171040962712599,1.8305111066567616
4,1,0,-5,5,LT11TRUU,rolling_std_ratio,2,1.8153175898623912,1.5774331667792472,2.053202012945535
4,1,0,-4,5,LT11TRUU,rolling_std_ratio,2,1.5190422085789188,1.406171086864035,1.6319133302938027
4,1,0,-3,5,LT11TRUU,rolling_std_ratio,2,1.9451545223817397,1.9267672531329745,1.9635417916305047
4,1,0,-2,5,LT11TRUU,rolling_std_ratio,2,1.8337182613576068,1.8171268686751079,1.8503096540401056
4,1,0,-1,5,LT11TRUU,rolling_std_ratio,2,1.8769901288106094,1.745643955624121,2.008336301997098
4,1,0,0,5,LT11TRUU,rolling_std_ratio,2,1.8771378770752822,1.7237661630686647,2.0305095910818998
4,1,0,1,5,LT11TRUU,rolling_std_ratio,2,1.7155654105878355,1.6319369543766087,1.7991938667990626
4,1,0,2,5,LT11TRUU,rolling_std_ratio,2,1.3448591648938104,1.3012176953977996,1.3885006343898212
4,1,0,3,5,LT11TRUU,rolling_std_ratio,2,1.2436818002192473,1.1540213268697415,1.3333422735687535
4,1,0,4,5,LT11TRUU,rolling_std_ratio,2,1.0829015604218446,1.0445209631398327,1.1212821577038563
4,1,0,5,5,LT11TRUU,rolling_std_ratio,2,0.8950686681259314,0.7225559364085902,1.0675813998432728
4,1,0,6,5,LT11TRUU,rolling_std_ratio,2,1.3848286774250498,1.327381875164848,1.4422754796852515
4,1,0,7,5,LT11TRUU,rolling_std_ratio,2,1.2619133091202264,1.1486527743632764,1.3751738438771763
4,1,0,8,5,LT11TRUU,rolling_std_ratio,2,1.267519683100423,1.1583139979452353,1.3767253682556106
4,1,0,9,5,LT11TRUU,rolling_std_ratio,2,1.2824307054078934,1.0162703174901269,1.54859109332566
4,1,0,10,5,LT11TRUU,rolling_std_ratio,2,1.218958797489552,1.0149173856535376,1.423000209325566
4,1,2,-10,5,LT11TRUU,rolling_std_ratio,54,1.3007157374176608,0.9451616438065855,1.6690590164057921
4,1,2,-9,5,LT11TRUU,rolling_std_ratio,54,1.3397008784245141,0.9163039022039453,1.6619558270371035
4,1,2,-8,5,LT11TRUU,rolling_std_ratio,54,1.413442348726359,1.0582697938933743,1.73253119183111
4,1,2,-7,5,LT11TRUU,rolling_std_ratio,54,1.3280644521949259,1.0132140751218517,1.7253386061339797
4,1,2,-6,5,LT11TRUU,rolling_std_ratio,54,1.4162314080537866,1.124599568235076,1.6883786759273753
4,1,2,-5,5,LT11TRUU,rolling_std_ratio,54,1.5062177097607692,1.1229695079648083,1.8991758194595183
4,1,2,-4,5,LT11TRUU,rolling_std_ratio,54,1.527490305291744,1.1478815082329157,1.9111372540773082
4,1,2,-3,5,LT11TRUU,rolling_std_ratio,54,1.708051322989066,1.4904573863848625,2.0759787684753364
4,1,2,-2,5,LT11TRUU,rolling_std_ratio,54,1.7940595960718433,1.5407763704485475,2.0062602293676415
4,1,2,-1,5,LT11TRUU,rolling_std_ratio,54,1.6356828743194436,1.4086943547229112,1.871046368764647
4,1,2,0,5,LT11TRUU,rolling_std_ratio,54,1.5214837074680498,1.2945138064165118,1.7764186169702827
4,1,2,1,5,LT11TRUU,rolling_std_ratio,54,1.4888680636201033,1.1870862184185493,1.7882342893216006
4,1,2,2,5,LT11TRUU,rolling_std_ratio,54,1.2990250028179973,1.101524775084082,1.6297511281727917
4,1,2,3,5,LT11TRUU,rolling_std_ratio,54,1.2820255634695892,1.016379901617342,1.6896202157950202
4,1,2,4,5,LT11TRUU,rolling_std_ratio,54,1.1847592146071642,0.9117162670108262,1.6297387639300158
4,1,2,5,5,LT11TRUU,rolling_std_ratio,54,1.2460503686809943,0.9259869133425755,1.7236558960998691
4,1,2,6,5,LT11TRUU,rolling_std_ratio,54,1.2356572075331291,0.934695576335486,1.6586960004542912
4,1,2,7,5,LT11TRUU,rolling_std_ratio,54,1.3485244160389185,0.8890544219318186,1.6882096232787476
4,1,2,8,5,LT11TRUU,rolling_std_ratio,54,1.2054545369204963,0.8979809962707161,1.5921350372006016
4,1,2,9,5,LT11TRUU,rolling_std_ratio,54,1.2953117744550366,1.0330605758487938,1.6018306740405217
4,1,2,10,5,LT11TRUU,rolling_std_ratio,54,1.3805732322278024,1.0447644267139247,1.855133313187133
4,1,3,-10,5,LT11TRUU,rolling_std_ratio,7,1.467399560546964,0.7367797578082529,1.9101116378251233
4,1,3,-9,5,LT11TRUU,rolling_std_ratio,7,1.3238465611599353,0.8820914547293082,1.8161373155164882
4,1,3,-8,5,LT11TRUU,rolling_std_ratio,7,0.9555392431260672,0.7139128274554665,1.290672983970486
4,1,3,-7,5,LT11TRUU,rolling_std_ratio,7,0.9788117608550002,0.6337377800058523,1.141520347981065
4,1,3,-6,5,LT11TRUU,rolling_std_ratio,7,1.0173715674946864,0.8969297632855182,1.0952372356930722
4,1,3,-5,5,LT11TRUU,rolling_std_ratio,7,1.2315869620180224,1.0705069943364642,1.4009132519310987
4,1,3,-4,5,LT11TRUU,rolling_std_ratio,7,1.545643665805591,1.2269084010385303,2.0876028452614745
4,1,3,-3,5,LT11TRUU,rolling_std_ratio,7,1.894072015518303,1.502245252487962,2.2025087400165324
4,1,3,-2,5,LT11TRUU,rolling_std_ratio,7,2.0346614487113075,1.512641470627885,2.4643174945162607
4,1,3,-1,5,LT11TRUU,rolling_std_ratio,7,2.331532329516192,2.211967087818958,2.9245396996515427
4,1,3,0,5,LT11TRUU,rolling_std_ratio,7,2.7807138718216735,2.2341956671022123,3.190823675537121
4,1,3,1,5,LT11TRUU,rolling_std_ratio,7,2.5727672961501096,1.9367595755056213,3.5790131117733566
4,1,3,2,5,LT11TRUU,rolling_std_ratio,7,2.471631843814958,1.8412880998412615,3.76146801681114
4,1,3,3,5,LT11TRUU,rolling_std_ratio,7,2.06221915177884,1.5746374654212,3.7331825159412038
4,1,3,4,5,LT11TRUU,rolling_std_ratio,7,2.048809035516539,1.697387366174759,3.285994934727059
4,1,3,5,5,LT11TRUU,rolling_std_ratio,7,2.460592415686839,1.063604063013034,3.686263952375775
4,1,3,6,5,LT11TRUU,rolling_std_ratio,7,1.5700235922177306,1.2282023968320077,3.6605464828298397
4,1,3,7,5,LT11TRUU,rolling_std_ratio,7,1.7235300678305254,1.25976554254887,4.062571082153353
4,1,3,8,5,LT11TRUU,rolling_std_ratio,7,1.7708538423195839,1.2926752896364642,3.926125210756717
4,1,3,9,5,LT11TRUU,rolling_std_ratio,7,1.7145856958817949,1.3360926417659673,2.674121946488346
4,1,3,10,5,LT11TRUU,rolling_std_ratio,7,1.6675786666265744,1.1746755165749079,2.283453624288391
4,2,0,-10,5,LT11TRUU,rolling_std_ratio,256,0.9666178128999223,0.6829916178856097,1.226126159220726
4,2,0,-9,5,LT11TRUU,rolling_std_ratio,256,0.8731787616318594,0.6332514386858987,1.2179160685603911
4,2,0,-8,5,LT11TRUU,rolling_std_ratio,256,0.8736090017161764,0.6125039495571604,1.1637895539933973
4,2,0,-7,5,LT11TRUU,rolling_std_ratio,256,0.854771824161129,0.6340068737586901,1.1951795724763556
4,2,0,-6,5,LT11TRUU,rolling_std_ratio,256,0.8699824298066897,0.6279188126492325,1.189079471370734
4,2,0,-5,5,LT11TRUU,rolling_std_ratio,256,0.8903153043688445,0.655038698279965,1.1813415766030135
4,2,0,-4,5,LT11TRUU,rolling_std_ratio,256,0.9583921689626784,0.6876692720278924,1.238139068609289
4,2,0,-3,5,LT11TRUU,rolling_std_ratio,256,0.9946606684031722,0.7419854093183638,1.2770375195720938
4,2,0,-2,5,LT11TRUU,rolling_std_ratio,256,1.0493041471559317,0.7859043803264715,1.2931403257618261
4,2,0,-1,5,LT11TRUU,rolling_std_ratio,256,1.0527741580920424,0.8328337215582995,1.2536344642345645
4,2,0,0,5,LT11TRUU,rolling_std_ratio,256,0.9519471792156833,0.768089578286308,1.201708765896175
4,2,0,1,5,LT11TRUU,rolling_std_ratio,256,0.9074525070767687,0.7133987146917181,1.139735662081414
4,2,0,2,5,LT11TRUU,rolling_std_ratio,256,0.8415937845831033,0.6656245179777789,1.1000606377313369
4,2,0,3,5,LT11TRUU,rolling_std_ratio,256,0.813579659214954,0.5991541049717656,1.0461843887991615
4,2,0,4,5,LT11TRUU,rolling_std_ratio,256,0.802498725265866,0.5739597592617373,1.0831140493832394
4,2,0,5,5,LT11TRUU,rolling_std_ratio,256,0.8750317581062975,0.616487056845938,1.1861798728387747
4,2,0,6,5,LT11TRUU,rolling_std_ratio,256,0.8874168049279584,0.6410146349472374,1.1758775118961247
4,2,0,7,5,LT11TRUU,rolling_std_ratio,256,0.8754418731256639,0.6401183185276568,1.207394618168033
4,2,0,8,5,LT11TRUU,rolling_std_ratio,256,0.8669291234921931,0.6293990805791575,1.1702376320842485
4,2,0,9,5,LT11TRUU,rolling_std_ratio,256,0.8738607335311499,0.6030398876603309,1.1581173655609311
4,2,0,10,5,LT11TRUU,rolling_std_ratio,256,0.8240790219374164,0.6000238906500237,1.1477681551734635
4,2,1,-10,5,LT11TRUU,rolling_std_ratio,51,1.2260568502302451,0.8475879619049469,1.593733874760376
4,2,1,-9,5,LT11TRUU,rolling_std_ratio,51,1.3272550814231938,0.9147697590157164,1.6123565623869829
4,2,1,-8,5,LT11TRUU,rolling_std_ratio,51,1.2055792767044398,0.8570111279612134,1.4751958949644701
4,2,1,-7,5,LT11TRUU,rolling_std_ratio,51,1.1783656498721236,0.8728006084847609,1.5942453456518244
4,2,1,-6,5,LT11TRUU,rolling_std_ratio,51,1.1997169216109107,0.9808185994777986,1.6559171607072407
4,2,1,-5,5,LT11TRUU,rolling_std_ratio,51,1.321609266186494,0.9928008926748857,1.6920045116886935
4,2,1,-4,5,LT11TRUU,rolling_std_ratio,51,1.313533317762936,0.9989381813202249,1.704909165727109
4,2,1,-3,5,LT11TRUU,rolling_std_ratio,51,1.4321421038858322,1.0279202832240328,1.6688232732254817
4,2,1,-2,5,LT11TRUU,rolling_std_ratio,51,1.408970956909385,1.0697693585673878,1.6356828743194436
4,2,1,-1,5,LT11TRUU,rolling_std_ratio,51,1.4210451793332062,1.117649962176836,1.6281943733218145
4,2,1,0,5,LT11TRUU,rolling_std_ratio,51,1.8057408265999642,1.512434988741282,1.9920688444893675
4,2,1,1,5,LT11TRUU,rolling_std_ratio,51,1.728954996349019,1.480474895640465,2.072690337747382
4,2,1,2,5,LT11TRUU,rolling_std_ratio,51,1.7785513748047408,1.51702589797091,2.1859404361434445
4,2,1,3,5,LT11TRUU,rolling_std_ratio,51,1.7521114186289586,1.5335952661702348,2.2879110850515785
4,2,1,4,5,LT11TRUU,rolling_std_ratio,51,1.749687393852884,1.533834534532632,2.1175106045614482
4,2,1,5,5,LT11TRUU,rolling_std_ratio,51,1.4663268001804672,1.128621244323329,1.777176134673816
4,2,1,6,5,LT11TRUU,rolling_std_ratio,51,1.4223823102940805,0.9934403723241348,1.7694498088770947
4,2,1,7,5,LT11TRUU,rolling_std_ratio,51,1.3105336202634683,1.0033120886080429,1.714718826032406
4,2,1,8,5,LT11TRUU,rolling_std_ratio,51,1.3844469564363326,1.1512115572152215,1.7913405039507344
4,2,1,9,5,LT11TRUU,rolling_std_ratio,51,1.3382300448247255,1.1263809572911079,1.6623609886598647
4,2,1,10,5,LT11TRUU,rolling_std_ratio,51,1.3800890964662165,1.0585196634090897,1.7919751263834938
4,2,3,-10,5,LT11TRUU,rolling_std_ratio,8,0.7627400139974285,0.503653452699418,0.9109900893312639
4,2,3,-9,5,LT11TRUU,rolling_std_ratio,8,0.748554532268283,0.5521173216735329,1.0846450451808913
4,2,3,-8,5,LT11TRUU,rolling_std_ratio,8,0.7872308176940298,0.6111198400149882,1.2958526098571759
4,2,3,-7,5,LT11TRUU,rolling_std_ratio,8,0.6487705500604526,0.5829258100018572,1.200351616073235
4,2,3,-6,5,LT11TRUU,rolling_std_ratio,8,0.9907538620036906,0.5459342004385604,1.367349436315
4,2,3,-5,5,LT11TRUU,rolling_std_ratio,8,1.0486739789414943,0.7165316762530214,1.4141649878633444
4,2,3,-4,5,LT11TRUU,rolling_std_ratio,8,1.1143288052773592,0.6413949301662647,1.369318517549097
4,2,3,-3,5,LT11TRUU,rolling_std_ratio,8,1.1697902886438296,0.8150657984163402,1.333505323131896
4,2,3,-2,5,LT11TRUU,rolling_std_ratio,8,1.087304800933349,0.7982350822714027,1.2028224653600545
4,2,3,-1,5,LT11TRUU,rolling_std_ratio,8,1.1536271757167187,0.9183073262347101,1.1875459246449998
4,2,3,0,5,LT11TRUU,rolling_std_ratio,8,1.1755602162744179,1.0026540330445082,1.7905001989944416
4,2,3,1,5,LT11TRUU,rolling_std_ratio,8,1.0731628870602576,1.0023774410832191,1.9667882799522463
4,2,3,2,5,LT11TRUU,rolling_std_ratio,8,1.3898492608938102,1.0672413642049985,1.8494064203032112
4,2,3,3,5,LT11TRUU,rolling_std_ratio,8,1.3929276678796776,1.0481083053245117,1.8987387195048897
4,2,3,4,5,LT11TRUU,rolling_std_ratio,8,1.7644341952144722,0.9307105052569784,2.635973259492996
4,2,3,5,5,LT11TRUU,rolling_std_ratio,8,1.170463479815857,0.8612369397434816,1.8195446935397688
4,2,3,6,5,LT11TRUU,rolling_std_ratio,8,1.331544537640665,0.9245779247723714,1.8535597141923237
4,2,3,7,5,LT11TRUU,rolling_std_ratio,8,1.3494065781173483,0.896371965060634,1.7120195710921253
4,2,3,8,5,LT11TRUU,rolling_std_ratio,8,1.4541377076051263,1.0217327182260925,2.0325431480727842
4,2,3,9,5,LT11TRUU,rolling_std_ratio,8,1.0408217755763787,0.7327486472558777,1.3472379956979499
4,2,3,10,5,LT11TRUU,rolling_std_ratio,8,1.1150778255870788,0.7069166552405326,1.5151484621594185
4,3,1,-10,5,LT11TRUU,rolling_std_ratio,11,1.1466100401694346,0.6978298985311737,1.2244889620407413
4,3,1,-9,5,LT11TRUU,rolling_std_ratio,11,0.7332854382365037,0.5766536923564558,1.2714384407763806
4,3,1,-8,5,LT11TRUU,rolling_std_ratio,11,1.1147560232905067,0.6865633744169832,1.6334412702493257
4,3,1,-7,5,LT11TRUU,rolling_std_ratio,11,1.3060158823007697,1.1244792647563544,1.7148143293977829
4,3,1,-6,5,LT11TRUU,rolling_std_ratio,11,1.622599696765689,1.2150650285890507,1.856095419080681
4,3,1,-5,5,LT11TRUU,rolling_std_ratio,11,1.5951176151709852,1.045212394778648,1.8827076041344095
4,3,1,-4,5,LT11TRUU,rolling_std_ratio,11,1.8937859210051329,1.171353098753001,2.0546304637556148
4,3,1,-3,5,LT11TRUU,rolling_std_ratio,11,1.326945712553142,1.140464540390151,2.12262551975087
4,3,1,-2,5,LT11TRUU,rolling_std_ratio,11,1.5700235922177306,1.138395479165349,2.292007921838967
4,3,1,-1,5,LT11TRUU,rolling_std_ratio,11,1.7235300678305254,1.4533166162513982,1.9889058485203406
4,3,1,0,5,LT11TRUU,rolling_std_ratio,11,1.7708538423195839,1.3931322642068695,2.3100801339974426
4,3,1,1,5,LT11TRUU,rolling_std_ratio,11,1.3792733277807603,1.0738848634340097,2.830593555474173
4,3,1,2,5,LT11TRUU,rolling_std_ratio,11,1.585883396780205,1.1532546659823695,2.1745296298042573
4,3,1,3,5,LT11TRUU,rolling_std_ratio,11,1.3154191736145036,1.203334418276739,1.7981794546798304
4,3,1,4,5,LT11TRUU,rolling_std_ratio,11,1.3105336202634683,1.0518813000381588,1.9221423364932289
4,3,1,5,5,LT11TRUU,rolling_std_ratio,11,1.5127131375760852,1.2593091885442091,1.9748496285259676
4,3,1,6,5,LT11TRUU,rolling_std_ratio,11,1.622599696765689,0.7646102327361439,2.005492854901522
4,3,1,7,5,LT11TRUU,rolling_std_ratio,11,1.5576274146045195,0.9339682993819616,1.9343919317084999
4,3,1,8,5,LT11TRUU,rolling_std_ratio,11,1.7678534283741287,1.2088950033421997,2.262157868774075
4,3,1,9,5,LT11TRUU,rolling_std_ratio,11,1.5887515080098729,1.227066539966656,2.386012168834833
4,3,1,10,5,LT11TRUU,rolling_std_ratio,11,1.5700235922177306,0.9348451414668939,2.09571216199251
4,3,2,-10,5,LT11TRUU,rolling_std_ratio,5,0.8411761971515559,0.8253065938084874,1.5053147443586867
4,3,2,-9,5,LT11TRUU,rolling_std_ratio,5,0.7945964322741975,0.5884965037760597,1.308207806310683
4,3,2,-8,5,LT11TRUU,rolling_std_ratio,5,0.8214343418053516,0.5670060468135276,1.1600733822020297
4,3,2,-7,5,LT11TRUU,rolling_std_ratio,5,0.7777451984189047,0.585484561873794,0.9665816871153774
4,3,2,-6,5,LT11TRUU,rolling_std_ratio,5,0.854996170155979,0.6962655654918007,1.2101658015144439
4,3,2,-5,5,LT11TRUU,rolling_std_ratio,5,0.8428666633773811,0.6952746831974238,1.014036961435249
4,3,2,-4,5,LT11TRUU,rolling_std_ratio,5,1.1605726404314491,0.9504262667271393,1.1682846726716232
4,3,2,-3,5,LT11TRUU,rolling_std_ratio,5,1.2045103923794012,1.1466100401694346,1.24308707847445
4,3,2,-2,5,LT11TRUU,rolling_std_ratio,5,1.0752754884222382,1.0710502856982773,1.9862170598444222
4,3,2,-1,5,LT11TRUU,rolling_std_ratio,5,1.545643665805591,1.0917422430975108,2.1180032593206284
4,3,2,0,5,LT11TRUU,rolling_std_ratio,5,1.6252171771951633,1.092906116804019,1.916110077927877
4,3,2,1,5,LT11TRUU,rolling_std_ratio,5,1.067510101031892,1.0419580733461251,1.967644021012189
4,3,2,2,5,LT11TRUU,rolling_std_ratio,5,1.1850087891867933,1.0140352288068268,2.33181824250688
4,3,2,3,5,LT11TRUU,rolling_std_ratio,5,1.0398077054434371,0.8428024586173827,1.7166923876425777
4,3,2,4,5,LT11TRUU,rolling_std_ratio,5,0.9866961561534008,0.8386571535120914,1.6232813698378925
4,3,2,5,5,LT11TRUU,rolling_std_ratio,5,1.077329103429838,0.5562559722157467,1.5723033833057642
4,3,2,6,5,LT11TRUU,rolling_std_ratio,5,0.8983581373373101,0.5007765610174573,1.4058428212532763
4,3,2,7,5,LT11TRUU,rolling_std_ratio,5,0.7744715744677201,0.4989767213574698,1.1832854138154474
4,3,2,8,5,LT11TRUU,rolling_std_ratio,5,0.8055779160336103,0.4784081423133049,0.8117889524115642
4,3,2,9,5,LT11TRUU,rolling_std_ratio,5,0.8981938408262059,0.8402081636467161,1.1458711734005471
4,3,2,10,5,LT11TRUU,rolling_std_ratio,5,1.124307021398506,0.9400214281412141,1.2483075812776052
4,0,1,-10,5,LBUTTRUU,rolling_std_ratio,1,0.8083655320797749,0.8083655320797749,0.8083655320797749
4,0,1,-9,5,LBUTTRUU,rolling_std_ratio,1,0.5478969638370725,0.5478969638370725,0.5478969638370725
4,0,1,-8,5,LBUTTRUU,rolling_std_ratio,1,0.429647301172223,0.429647301172223,0.429647301172223
4,0,1,-7,5,LBUTTRUU,rolling_std_ratio,1,0.9536046383229725,0.9536046383229725,0.9536046383229725
4,0,1,-6,5,LBUTTRUU,rolling_std_ratio,1,0.9830944555054385,0.9830944555054385,0.9830944555054385
4,0,1,-5,5,LBUTTRUU,rolling_std_ratio,1,0.6675405476140815,0.6675405476140815,0.6675405476140815
4,0,1,-4,5,LBUTTRUU,rolling_std_ratio,1,0.5020227084750937,0.5020227084750937,0.5020227084750937
4,0,1,-3,5,LBUTTRUU,rolling_std_ratio,1,0.36333492994366745,0.36333492994366745,0.36333492994366745
4,0,1,-2,5,LBUTTRUU,rolling_std_ratio,1,0.4107727569024538,0.4107727569024538,0.4107727569024538
4,0,1,-1,5,LBUTTRUU,rolling_std_ratio,1,0.44070892886047414,0.44070892886047414,0.44070892886047414
4,0,1,0,5,LBUTTRUU,rolling_std_ratio,1,1.1384402209403846,1.1384402209403846,1.1384402209403846
4,0,1,1,5,LBUTTRUU,rolling_std_ratio,1,1.1972000567411298,1.1972000567411298,1.1972000567411298
4,0,1,2,5,LBUTTRUU,rolling_std_ratio,1,1.0966871493757273,1.0966871493757273,1.0966871493757273
4,0,1,3,5,LBUTTRUU,rolling_std_ratio,1,1.1152165965836014,1.1152165965836014,1.1152165965836014
4,0,1,4,5,LBUTTRUU,rolling_std_ratio,1,1.1271833277413876,1.1271833277413876,1.1271833277413876
4,0,1,5,5,LBUTTRUU,rolling_std_ratio,1,0.8824346886671586,0.8824346886671586,0.8824346886671586
4,0,1,6,5,LBUTTRUU,rolling_std_ratio,1,0.7221710829971071,0.7221710829971071,0.7221710829971071
4,0,1,7,5,LBUTTRUU,rolling_std_ratio,1,0.6820758681126078,0.6820758681126078,0.6820758681126078
4,0,1,8,5,LBUTTRUU,rolling_std_ratio,1,0.6861895890847938,0.6861895890847938,0.6861895890847938
4,0,1,9,5,LBUTTRUU,rolling_std_ratio,1,0.6102442316651692,0.6102442316651692,0.6102442316651692
4,0,1,10,5,LBUTTRUU,rolling_std_ratio,1,0.5506806850018121,0.5506806850018121,0.5506806850018121
4,0,2,-10,5,LBUTTRUU,rolling_std_ratio,256,0.646907787601807,0.404290506620135,0.8890690690592357
4,0,2,-9,5,LBUTTRUU,rolling_std_ratio,256,0.642557774152164,0.42679439706886624,0.867914221377025
4,0,2,-8,5,LBUTTRUU,rolling_std_ratio,256,0.6383211596015954,0.4231702586020614,0.8357351859261096
4,0,2,-7,5,LBUTTRUU,rolling_std_ratio,256,0.629106712650394,0.4073177529044073,0.8457951652011014
4,0,2,-6,5,LBUTTRUU,rolling_std_ratio,256,0.628248441753851,0.3977800511686316,0.8715623052009008
4,0,2,-5,5,LBUTTRUU,rolling_std_ratio,256,0.5916753800773117,0.40162690717968363,0.8646420179291556
4,0,2,-4,5,LBUTTRUU,rolling_std_ratio,256,0.610752993120071,0.40131841890606557,0.8328731348731133
4,0,2,-3,5,LBUTTRUU,rolling_std_ratio,256,0.6046660557557479,0.4277230270719139,0.8364912304843551
4,0,2,-2,5,LBUTTRUU,rolling_std_ratio,256,0.5689664631537759,0.4011413071561952,0.8170947711229917
4,0,2,-1,5,LBUTTRUU,rolling_std_ratio,256,0.5563899518626798,0.40344457963897173,0.7525303908695232
4,0,2,0,5,LBUTTRUU,rolling_std_ratio,256,0.6400902694413323,0.5143124006961404,0.8949665308293777
4,0,2,1,5,LBUTTRUU,rolling_std_ratio,256,0.6987929463939327,0.5108284582957326,0.9353007756428345
4,0,2,2,5,LBUTTRUU,rolling_std_ratio,256,0.7038070117953594,0.4977489534379594,0.9532327015975816
4,0,2,3,5,LBUTTRUU,rolling_std_ratio,256,0.7202218314317925,0.5303731789490368,0.9613163097494122
4,0,2,4,5,LBUTTRUU,rolling_std_ratio,256,0.7169727666906434,0.49277890057180374,0.9836567838728967
4,0,2,5,5,LBUTTRUU,rolling_std_ratio,256,0.6630743836754553,0.45256242707607053,0.8863915660873943
4,0,2,6,5,LBUTTRUU,rolling_std_ratio,256,0.6283013457719446,0.4245140010964365,0.8737369325732492
4,0,2,7,5,LBUTTRUU,rolling_std_ratio,256,0.6396729182609229,0.43126378505424573,0.8633183799954723
4,0,2,8,5,LBUTTRUU,rolling_std_ratio,256,0.6104903453994768,0.4193872938730733,0.8681976381935879
4,0,2,9,5,LBUTTRUU,rolling_std_ratio,256,0.6211284418665203,0.4459881272602855,0.9026351560328228
4,0,2,10,5,LBUTTRUU,rolling_std_ratio,256,0.668284706503842,0.43883213178792874,0.9029488852788567
4,0,3,-10,5,LBUTTRUU,rolling_std_ratio,1,0.2758427673040955,0.2758427673040955,0.2758427673040955
4,0,3,-9,5,LBUTTRUU,rolling_std_ratio,1,0.5061887951348661,0.5061887951348661,0.5061887951348661
4,0,3,-8,5,LBUTTRUU,rolling_std_ratio,1,0.5127924051764255,0.5127924051764255,0.5127924051764255
4,0,3,-7,5,LBUTTRUU,rolling_std_ratio,1,0.5732294282110466,0.5732294282110466,0.5732294282110466
4,0,3,-6,5,LBUTTRUU,rolling_std_ratio,1,0.5411718136662196,0.5411718136662196,0.5411718136662196
4,0,3,-5,5,LBUTTRUU,rolling_std_ratio,1,0.5401719355337238,0.5401719355337238,0.5401719355337238
4,0,3,-4,5,LBUTTRUU,rolling_std_ratio,1,0.41043327682735464,0.41043327682735464,0.41043327682735464
4,0,3,-3,5,LBUTTRUU,rolling_std_ratio,1,0.4416465771809235,0.4416465771809235,0.4416465771809235
4,0,3,-2,5,LBUTTRUU,rolling_std_ratio,1,0.3902574738595419,0.3902574738595419,0.3902574738595419
4,0,3,-1,5,LBUTTRUU,rolling_std_ratio,1,0.39189732086504525,0.39189732086504525,0.39189732086504525
4,0,3,0,5,LBUTTRUU,rolling_std_ratio,1,0.6844831891855344,0.6844831891855344,0.6844831891855344
4,0,3,1,5,LBUTTRUU,rolling_std_ratio,1,0.6695177756961754,0.6695177756961754,0.6695177756961754
4,0,3,2,5,LBUTTRUU,rolling_std_ratio,1,0.9362318424398297,0.9362318424398297,0.9362318424398297
4,0,3,3,5,LBUTTRUU,rolling_std_ratio,1,0.8906483486621379,0.8906483486621379,0.8906483486621379
4,0,3,4,5,LBUTTRUU,rolling_std_ratio,1,1.0034704014172702,1.0034704014172702,1.0034704014172702
4,0,3,5,5,LBUTTRUU,rolling_std_ratio,1,0.972150050953175,0.972150050953175,0.972150050953175
4,0,3,6,5,LBUTTRUU,rolling_std_ratio,1,0.9695186769789745,0.9695186769789745,0.9695186769789745
4,0,3,7,5,LBUTTRUU,rolling_std_ratio,1,0.2740877443270726,0.2740877443270726,0.2740877443270726
4,0,3,8,5,LBUTTRUU,rolling_std_ratio,1,0.30717316691377344,0.30717316691377344,0.30717316691377344
4,0,3,9,5,LBUTTRUU,rolling_std_ratio,1,0.3562947448885462,0.3562947448885462,0.3562947448885462
4,0,3,10,5,LBUTTRUU,rolling_std_ratio,1,0.3673173063260362,0.3673173063260362,0.3673173063260362
4,1,0,-10,5,LBUTTRUU,rolling_std_ratio,2,0.9079541169548204,0.8851288562707444,0.9307793776388964
4,1,0,-9,5,LBUTTRUU,rolling_std_ratio,2,1.326120319267799,1.1546073873866187,1.4976332511489794
4,1,0,-8,5,LBUTTRUU,rolling_std_ratio,2,1.1950487327869592,0.9312946402005203,1.458802825373398
4,1,0,-7,5,LBUTTRUU,rolling_std_ratio,2,1.7167513565108568,1.1093870324929753,2.324115680528738
4,1,0,-6,5,LBUTTRUU,rolling_std_ratio,2,1.6254964017093396,0.9944156658265035,2.256577137592176
4,1,0,-5,5,LBUTTRUU,rolling_std_ratio,2,1.6555882291330208,1.0331804930177373,2.277995965248304
4,1,0,-4,5,LBUTTRUU,rolling_std_ratio,2,1.4483845499862495,0.9445467394233618,1.9522223605491371
4,1,0,-3,5,LBUTTRUU,rolling_std_ratio,2,1.4456105797164693,1.292025400328427,1.5991957591045118
4,1,0,-2,5,LBUTTRUU,rolling_std_ratio,2,1.0092019508696952,0.9152028979339779,1.1032010038054125
4,1,0,-1,5,LBUTTRUU,rolling_std_ratio,2,0.9300107857508746,0.8466726039384482,1.013348967563301
4,1,0,0,5,LBUTTRUU,rolling_std_ratio,2,1.049676309629433,1.0169061661523486,1.0824464531065172
4,1,0,1,5,LBUTTRUU,rolling_std_ratio,2,1.0825465113167716,1.0602281031044636,1.1048649195290796
4,1,0,2,5,LBUTTRUU,rolling_std_ratio,2,0.7974010635847002,0.7548842510434711,0.8399178761259294
4,1,0,3,5,LBUTTRUU,rolling_std_ratio,2,0.6132886374244342,0.5588474146380976,0.6677298602107706
4,1,0,4,5,LBUTTRUU,rolling_std_ratio,2,1.0106368462237905,0.8463563571681991,1.1749173352793816
4,1,0,5,5,LBUTTRUU,rolling_std_ratio,2,0.9552004532871506,0.8206950211859723,1.089705885388329
4,1,0,6,5,LBUTTRUU,rolling_std_ratio,2,1.08155038887554,0.8458973102703546,1.3172034674807256
4,1,0,7,5,LBUTTRUU,rolling_std_ratio,2,1.0488414820990002,0.7997610835504062,1.2979218806475943
4,1,0,8,5,LBUTTRUU,rolling_std_ratio,2,1.053922586119965,0.8050039440365144,1.3028412282034154
4,1,0,9,5,LBUTTRUU,rolling_std_ratio,2,0.8916416290685124,0.7637709034576319,1.019512354679393
4,1,0,10,5,LBUTTRUU,rolling_std_ratio,2,0.8567257968024236,0.7849063490459932,0.928545244558854
4,1,2,-10,5,LBUTTRUU,rolling_std_ratio,54,0.795171050419061,0.4710420733191426,1.0354596591337408
4,1,2,-9,5,LBUTTRUU,rolling_std_ratio,54,0.8197713808373082,0.4961248820787554,1.0650117559851673
4,1,2,-8,5,LBUTTRUU,rolling_std_ratio,54,0.8702220049506975,0.5838577091828815,1.3150560151528459
4,1,2,-7,5,LBUTTRUU,rolling_std_ratio,54,0.8557253024732167,0.6062772711346499,1.2781433851157618
4,1,2,-6,5,LBUTTRUU,rolling_std_ratio,54,0.8908112500300345,0.6470493754061689,1.2847429793154572
4,1,2,-5,5,LBUTTRUU,rolling_std_ratio,54,0.9903009331154402,0.7102548455265727,1.3303842154531438
4,1,2,-4,5,LBUTTRUU,rolling_std_ratio,54,1.0425180375251133,0.762291015635119,1.4294757091317414
4,1,2,-3,5,LBUTTRUU,rolling_std_ratio,54,1.0019970532157743,0.7786413554145619,1.5060865133053771
4,1,2,-2,5,LBUTTRUU,rolling_std_ratio,54,0.9259226302502597,0.6293948624794766,1.444797750207123
4,1,2,-1,5,LBUTTRUU,rolling_std_ratio,54,0.9061672500818068,0.7099532618883682,1.2743328289849187
4,1,2,0,5,LBUTTRUU,rolling_std_ratio,54,0.8488345514505345,0.6432971268913061,1.257548951378737
4,1,2,1,5,LBUTTRUU,rolling_std_ratio,54,0.842259183865369,0.6174027398625127,1.137951109668172
4,1,2,2,5,LBUTTRUU,rolling_std_ratio,54,0.7852167878277732,0.5248476243264169,1.0352991511555651
4,1,2,3,5,LBUTTRUU,rolling_std_ratio,54,0.8117506887955563,0.6627978236691132,1.072440675821483
4,1,2,4,5,LBUTTRUU,rolling_std_ratio,54,0.8183610332302764,0.5989967807263425,1.1091242045242353
4,1,2,5,5,LBUTTRUU,rolling_std_ratio,54,0.8411182868623369,0.5655913991183876,1.1428969645087002
4,1,2,6,5,LBUTTRUU,rolling_std_ratio,54,0.7491613614742397,0.5426281135535604,1.1215424463947499
4,1,2,7,5,LBUTTRUU,rolling_std_ratio,54,0.7848587982026023,0.5327613673900665,1.1058882840469457
4,1,2,8,5,LBUTTRUU,rolling_std_ratio,54,0.7711642958549402,0.5401430770028421,1.0568080061314284
4,1,2,9,5,LBUTTRUU,rolling_std_ratio,54,0.8030831385439507,0.5119760478138518,0.9814446821907629
4,1,2,10,5,LBUTTRUU,rolling_std_ratio,54,0.8329221879006994,0.5543246750970345,1.1138313835829254
4,1,3,-10,5,LBUTTRUU,rolling_std_ratio,7,0.9221030865128145,0.5749030864181852,1.2106475162477328
4,1,3,-9,5,LBUTTRUU,rolling_std_ratio,7,0.7222701535445658,0.5908061322924948,1.2262040786335562
4,1,3,-8,5,LBUTTRUU,rolling_std_ratio,7,0.7231776678119575,0.5879671383388776,1.107448697002134
4,1,3,-7,5,LBUTTRUU,rolling_std_ratio,7,0.6729029070201769,0.5369844492150967,0.9007063398867733
4,1,3,-6,5,LBUTTRUU,rolling_std_ratio,7,0.801303811064558,0.6165604932774739,1.0284223582400331
4,1,3,-5,5,LBUTTRUU,rolling_std_ratio,7,0.7848082937925757,0.5931954766587852,1.3868835283490433
4,1,3,-4,5,LBUTTRUU,rolling_std_ratio,7,1.2153867868133923,1.0537643752550454,1.7534956381600244
4,1,3,-3,5,LBUTTRUU,rolling_std_ratio,7,1.7217181167748308,1.2673094764629491,1.8085037760857459
4,1,3,-2,5,LBUTTRUU,rolling_std_ratio,7,1.7383658709449379,1.5019298113116637,2.3045746209751634
4,1,3,-1,5,LBUTTRUU,rolling_std_ratio,7,1.7347702738488346,1.3945431292726007,2.340812909928002
4,1,3,0,5,LBUTTRUU,rolling_std_ratio,7,2.141487206270873,1.5129141837948339,2.5526532803052246
4,1,3,1,5,LBUTTRUU,rolling_std_ratio,7,1.6548739000810384,1.4915650532165774,2.4271949521550713
4,1,3,2,5,LBUTTRUU,rolling_std_ratio,7,2.2136900518166747,1.5033242154278368,2.9724334973856523
4,1,3,3,5,LBUTTRUU,rolling_std_ratio,7,2.3884904627317516,1.4642913664285633,2.6608010098301706
4,1,3,4,5,LBUTTRUU,rolling_std_ratio,7,1.567519125620019,1.4346877729063934,2.4147497699204643
4,1,3,5,5,LBUTTRUU,rolling_std_ratio,7,2.2136900518166747,1.9989369051583925,2.7010355262588117
4,1,3,6,5,LBUTTRUU,rolling_std_ratio,7,2.1554909280063774,1.967702407263063,2.8703853878912247
4,1,3,7,5,LBUTTRUU,rolling_std_ratio,7,1.7119842416477906,1.5116477452452781,2.9806632469923597
4,1,3,8,5,LBUTTRUU,rolling_std_ratio,7,1.8661674899711451,1.4124467813428043,3.21126270106404
4,1,3,9,5,LBUTTRUU,rolling_std_ratio,7,2.4855780391694693,1.6302457875101954,3.145264553356194
4,1,3,10,5,LBUTTRUU,rolling_std_ratio,7,1.9570408673548894,1.171338959561313,2.7240711618428817
4,2,0,-10,5,LBUTTRUU,rolling_std_ratio,256,0.6636080487741887,0.45420795204515785,0.9341082816340185
4,2,0,-9,5,LBUTTRUU,rolling_std_ratio,256,0.652153952248421,0.4485256828709548,0.9253494510090324
4,2,0,-8,5,LBUTTRUU,rolling_std_ratio,256,0.6742315672530093,0.4506354810463464,0.9284561642292387
4,2,0,-7,5,LBUTTRUU,rolling_std_ratio,256,0.6326181933947179,0.43340981537670875,0.8992616176168395
4,2,0,-6,5,LBUTTRUU,rolling_std_ratio,256,0.6368819614163161,0.45077308999109345,0.8918310083658522
4,2,0,-5,5,LBUTTRUU,rolling_std_ratio,256,0.6099711057589906,0.44628502874653864,0.9036546544371107
4,2,0,-4,5,LBUTTRUU,rolling_std_ratio,256,0.6338297822656739,0.4639660763572919,0.9071482071657663
4,2,0,-3,5,LBUTTRUU,rolling_std_ratio,256,0.6834542857304896,0.48619317763509107,0.9260874509081731
4,2,0,-2,5,LBUTTRUU,rolling_std_ratio,256,0.7266508674087726,0.5213916997936114,0.9295818212456184
4,2,0,-1,5,LBUTTRUU,rolling_std_ratio,256,0.699149178557601,0.5271394340230153,0.9582047223580852
4,2,0,0,5,LBUTTRUU,rolling_std_ratio,256,0.6752589613333722,0.5022195767672313,0.9168693038433674
4,2,0,1,5,LBUTTRUU,rolling_std_ratio,256,0.6480591132969131,0.4622234445133153,0.8622568364449752
4,2,0,2,5,LBUTTRUU,rolling_std_ratio,256,0.6197015715607466,0.4119104411526911,0.8485608651465477
4,2,0,3,5,LBUTTRUU,rolling_std_ratio,256,0.5665872824516011,0.4072851976937956,0.7886156909450964
4,2,0,4,5,LBUTTRUU,rolling_std_ratio,256,0.6102216657176462,0.37883857615048516,0.8447222645889039
4,2,0,5,5,LBUTTRUU,rolling_std_ratio,256,0.6062697670210359,0.40986334659436807,0.9024213043954217
4,2,0,6,5,LBUTTRUU,rolling_std_ratio,256,0.6379480258470202,0.4195289136441637,0.9245820827984939
4,2,0,7,5,LBUTTRUU,rolling_std_ratio,256,0.6188864720127161,0.43480433379512573,0.890732712717978
4,2,0,8,5,LBUTTRUU,rolling_std_ratio,256,0.6485410742436297,0.4442217672446365,0.8608994917292434
4,2,0,9,5,LBUTTRUU,rolling_std_ratio,256,0.6175987214989058,0.44077517396433835,0.8541690508817387
4,2,0,10,5,LBUTTRUU,rolling_std_ratio,256,0.593363207546938,0.4469669561379386,0.8523188401988313
4,2,1,-10,5,LBUTTRUU,rolling_std_ratio,51,0.7738984557195985,0.5391118116050665,1.1182141715994733
4,2,1,-9,5,LBUTTRUU,rolling_std_ratio,51,0.8101250242879978,0.5638736252208195,1.0798785630506862
4,2,1,-8,5,LBUTTRUU,rolling_std_ratio,51,0.7806113663527827,0.49434099079183247,1.1289970586544054
4,2,1,-7,5,LBUTTRUU,rolling_std_ratio,51,0.7817471233855827,0.4738631809359669,1.0286659360117154
4,2,1,-6,5,LBUTTRUU,rolling_std_ratio,51,0.783243002417424,0.4966789734760149,1.1002460967659111
4,2,1,-5,5,LBUTTRUU,rolling_std_ratio,51,0.8071894216487671,0.5485719102694376,1.1975575070064113
4,2,1,-4,5,LBUTTRUU,rolling_std_ratio,51,0.8504066176880272,0.5672597693388468,1.2104364830012646
4,2,1,-3,5,LBUTTRUU,rolling_std_ratio,51,0.8309225492057305,0.5515031213682592,1.1630721202925414
4,2,1,-2,5,LBUTTRUU,rolling_std_ratio,51,0.8396393237411148,0.6294051568387111,1.0517486772750178
4,2,1,-1,5,LBUTTRUU,rolling_std_ratio,51,0.8821373328200375,0.7553528695221493,1.1459082185336014
4,2,1,0,5,LBUTTRUU,rolling_std_ratio,51,1.028109551858497,0.7510738272482889,1.3197589310483715
4,2,1,1,5,LBUTTRUU,rolling_std_ratio,51,1.0664073230106372,0.7020547164968258,1.4612267954116391
4,2,1,2,5,LBUTTRUU,rolling_std_ratio,51,1.0442418114100074,0.7481463218982293,1.4955192270066149
4,2,1,3,5,LBUTTRUU,rolling_std_ratio,51,1.1988559545586752,0.8159585234568199,1.513421949713036
4,2,1,4,5,LBUTTRUU,rolling_std_ratio,51,1.0236295027364763,0.7592367703451484,1.4242461297939766
4,2,1,5,5,LBUTTRUU,rolling_std_ratio,51,0.824649512105637,0.6856113491658808,1.4231676567819012
4,2,1,6,5,LBUTTRUU,rolling_std_ratio,51,0.8010739313877716,0.6328127434720319,1.3513221160351532
4,2,1,7,5,LBUTTRUU,rolling_std_ratio,51,0.8149064001385735,0.6188342409985916,1.2727546459313375
4,2,1,8,5,LBUTTRUU,rolling_std_ratio,51,0.8254409441457186,0.5898421710017767,1.2430052122332846
4,2,1,9,5,LBUTTRUU,rolling_std_ratio,51,0.8086202124688859,0.6061081932723575,1.2408114238209833
4,2,1,10,5,LBUTTRUU,rolling_std_ratio,51,0.9570526522386459,0.5889365989063146,1.2879031877196143
4,2,3,-10,5,LBUTTRUU,rolling_std_ratio,8,0.6351433669413129,0.2756623554109825,0.7375973222974064
4,2,3,-9,5,LBUTTRUU,rolling_std_ratio,8,0.5438049387580566,0.15570259819585192,0.6571060830145536
4,2,3,-8,5,LBUTTRUU,rolling_std_ratio,8,0.45921700431126433,0.3093702648727176,0.6238187306966512
4,2,3,-7,5,LBUTTRUU,rolling_std_ratio,8,0.39037265490102313,0.2266647607064725,0.7842123400909329
4,2,3,-6,5,LBUTTRUU,rolling_std_ratio,8,0.4518329229111808,0.26663108466810387,0.8163173976013547
4,2,3,-5,5,LBUTTRUU,rolling_std_ratio,8,0.781319385015127,0.46729625340781383,0.9923953120467188
4,2,3,-4,5,LBUTTRUU,rolling_std_ratio,8,0.7570137561167548,0.5426486302738289,1.0299240803932823
4,2,3,-3,5,LBUTTRUU,rolling_std_ratio,8,0.7156843702431914,0.5222151128816108,1.046421474457731
4,2,3,-2,5,LBUTTRUU,rolling_std_ratio,8,0.75516327373085,0.4840690101842233,0.9869708697444404
4,2,3,-1,5,LBUTTRUU,rolling_std_ratio,8,0.7790802416231957,0.45841165138445883,1.1534863702519302
4,2,3,0,5,LBUTTRUU,rolling_std_ratio,8,0.7464714725798501,0.46036791886479494,1.1156459320254206
4,2,3,1,5,LBUTTRUU,rolling_std_ratio,8,0.7920411023218161,0.5210128021005649,1.5217511473557026
4,2,3,2,5,LBUTTRUU,rolling_std_ratio,8,1.2802321894597366,0.5762422901826899,1.7224379660522013
4,2,3,3,5,LBUTTRUU,rolling_std_ratio,8,1.170130785485143,0.5694463946511379,1.7278321716349319
4,2,3,4,5,LBUTTRUU,rolling_std_ratio,8,1.1762831545633143,0.790470312540471,1.6719679721278715
4,2,3,5,5,LBUTTRUU,rolling_std_ratio,8,0.9569669878839885,0.8601619308568124,1.2607139631004516
4,2,3,6,5,LBUTTRUU,rolling_std_ratio,8,0.952472919770449,0.5608991513759172,1.304878462348992
4,2,3,7,5,LBUTTRUU,rolling_std_ratio,8,0.8894047136812908,0.759914557777313,1.0672701462039902
4,2,3,8,5,LBUTTRUU,rolling_std_ratio,8,0.9495795714719072,0.8750646550344259,1.3340326668608875
4,2,3,9,5,LBUTTRUU,rolling_std_ratio,8,0.9566229734968764,0.730276716489563,1.3940471288302214
4,2,3,10,5,LBUTTRUU,rolling_std_ratio,8,1.0764922199962461,0.4102007302649101,1.4036462277287243
4,3,1,-10,5,LBUTTRUU,rolling_std_ratio,11,0.5983898174935073,0.3507506963237847,1.1538985618177353
4,3,1,-9,5,LBUTTRUU,rolling_std_ratio,11,0.5644736637773433,0.400456938031297,1.068785632146758
4,3,1,-8,5,LBUTTRUU,rolling_std_ratio,11,0.6729029070201769,0.47513537748181783,1.4855403583838847
4,3,1,-7,5,LBUTTRUU,rolling_std_ratio,11,0.9772933912386932,0.6039578580407724,1.5683652198671298
4,3,1,-6,5,LBUTTRUU,rolling_std_ratio,11,1.0646925321980258,0.781319385015127,1.8307113748021482
4,3,1,-5,5,LBUTTRUU,rolling_std_ratio,11,1.0608250549087577,0.8788237354726744,1.7677979921524951
4,3,1,-4,5,LBUTTRUU,rolling_std_ratio,11,1.3788871588625153,1.1339266859483113,1.887805305164542
4,3,1,-3,5,LBUTTRUU,rolling_std_ratio,11,1.3697362185651163,1.0147110856490278,1.4344498822896512
4,3,1,-2,5,LBUTTRUU,rolling_std_ratio,11,1.263324652213736,1.0364047359439639,1.5993017294909468
4,3,1,-1,5,LBUTTRUU,rolling_std_ratio,11,1.5379621819557994,1.160912765023217,1.7381708221474457
4,3,1,0,5,LBUTTRUU,rolling_std_ratio,11,1.7461743362152347,1.5214205780668573,1.850688989935182
4,3,1,1,5,LBUTTRUU,rolling_std_ratio,11,1.547912475891623,1.467582774594748,2.1824401922553864
4,3,1,2,5,LBUTTRUU,rolling_std_ratio,11,1.546253684298145,1.3225317613217795,2.122656588468435
4,3,1,3,5,LBUTTRUU,rolling_std_ratio,11,1.4305235764268909,1.0725945658353735,1.6720119412251657
4,3,1,4,5,LBUTTRUU,rolling_std_ratio,11,1.0027867127843944,0.9539480600462162,1.6711538624636968
4,3,1,5,5,LBUTTRUU,rolling_std_ratio,11,0.9552891456652046,0.6696639179593152,1.9526998697734603
4,3,1,6,5,LBUTTRUU,rolling_std_ratio,11,1.4217728849650628,0.8595103240307586,2.0918808252417094
4,3,1,7,5,LBUTTRUU,rolling_std_ratio,11,1.359996942701721,0.8881656081305945,2.1594849338267985
4,3,1,8,5,LBUTTRUU,rolling_std_ratio,11,1.5337407048083247,1.0706744027715251,2.2031749061732335
4,3,1,9,5,LBUTTRUU,rolling_std_ratio,11,1.5045319429069208,1.2652401708235814,2.077109894102234
4,3,1,10,5,LBUTTRUU,rolling_std_ratio,11,1.5475856201906744,1.270159764618831,1.9279104128742994
4,3,2,-10,5,LBUTTRUU,rolling_std_ratio,5,0.5411718136662196,0.38759672727318056,0.8018539314545745
4,3,2,-9,5,LBUTTRUU,rolling_std_ratio,5,0.5401719355337238,0.418207718771158,0.7640939882273489
4,3,2,-8,5,LBUTTRUU,rolling_std_ratio,5,0.430771475508454,0.41043327682735464,0.8085949774525392
4,3,2,-7,5,LBUTTRUU,rolling_std_ratio,5,0.4999385729356938,0.4416465771809235,1.037701074470796
4,3,2,-6,5,LBUTTRUU,rolling_std_ratio,5,0.5490579997414874,0.5319518609638989,0.7222701535445658
4,3,2,-5,5,LBUTTRUU,rolling_std_ratio,5,0.5214707088256074,0.42425352375786735,0.7231776678119575
4,3,2,-4,5,LBUTTRUU,rolling_std_ratio,5,0.5260128922664414,0.23932434899412167,0.6844831891855344
4,3,2,-3,5,LBUTTRUU,rolling_std_ratio,5,0.5428415072029383,0.3392987391186012,0.6695177756961754
4,3,2,-2,5,LBUTTRUU,rolling_std_ratio,5,0.5380755011295355,0.4771898266413045,0.9362318424398297
4,3,2,-1,5,LBUTTRUU,rolling_std_ratio,5,0.8906483486621379,0.5503798353566777,1.7066707803712742
4,3,2,0,5,LBUTTRUU,rolling_std_ratio,5,1.0034704014172702,0.5428927634057997,1.7217181167748308
4,3,2,1,5,LBUTTRUU,rolling_std_ratio,5,0.972150050953175,0.8631885297339891,1.77231035950371
4,3,2,2,5,LBUTTRUU,rolling_std_ratio,5,0.9695186769789745,0.950837503412764,2.0441344608366174
4,3,2,3,5,LBUTTRUU,rolling_std_ratio,5,0.947953552279384,0.42038376067542493,1.2795269371751112
4,3,2,4,5,LBUTTRUU,rolling_std_ratio,5,0.9278816306471621,0.4791909659367963,1.3438017448411734
4,3,2,5,5,LBUTTRUU,rolling_std_ratio,5,0.8892658003850414,0.49951168353312775,1.2607204464627775
4,3,2,6,5,LBUTTRUU,rolling_std_ratio,5,0.5097290614954955,0.3673173063260362,1.337793115947926
4,3,2,7,5,LBUTTRUU,rolling_std_ratio,5,0.5450776356369464,0.33915109207935157,0.9733582575743099
4,3,2,8,5,LBUTTRUU,rolling_std_ratio,5,0.49221299440531346,0.3461326714128395,0.7929874972907713
4,3,2,9,5,LBUTTRUU,rolling_std_ratio,5,0.5648303475886365,0.41536303373208927,0.8886272509705518
4,3,2,10,5,LBUTTRUU,rolling_std_ratio,5,0.9501167784699969,0.41053850694368405,1.609253608601497
4,0,1,-10,20,SPXT,rolling_mean_z,1,0.2160593431631897,0.2160593431631897,0.2160593431631897
4,0,1,-9,20,SPXT,rolling_mean_z,1,0.21089738181889234,0.21089738181889234,0.21089738181889234
4,0,1,-8,20,SPXT,rolling_mean_z,1,0.17783292672163656,0.17783292672163656,0.17783292672163656
4,0,1,-7,20,SPXT,rolling_mean_z,1,0.17657731450275344,0.17657731450275344,0.17657731450275344
4,0,1,-6,20,SPXT,rolling_mean_z,1,0.15627825029747616,0.15627825029747616,0.15627825029747616
4,0,1,-5,20,SPXT,rolling_mean_z,1,0.1939117387467789,0.1939117387467789,0.1939117387467789
4,0,1,-4,20,SPXT,rolling_mean_z,1,0.14797725840597098,0.14797725840597098,0.14797725840597098
4,0,1,-3,20,SPXT,rolling_mean_z,1,0.16116118670424387,0.16116118670424387,0.16116118670424387
4,0,1,-2,20,SPXT,rolling_mean_z,1,0.13915309475659784,0.13915309475659784,0.13915309475659784
4,0,1,-1,20,SPXT,rolling_mean_z,1,0.1418735878975113,0.1418735878975113,0.1418735878975113
4,0,1,0,20,SPXT,rolling_mean_z,1,0.18261122877683073,0.18261122877683073,0.18261122877683073
4,0,1,1,20,SPXT,rolling_mean_z,1,0.18871489928529037,0.18871489928529037,0.18871489928529037
4,0,1,2,20,SPXT,rolling_mean_z,1,0.1878778244727016,0.1878778244727016,0.1878778244727016
4,0,1,3,20,SPXT,rolling_mean_z,1,0.165765098173482,0.165765098173482,0.165765098173482
4,0,1,4,20,SPXT,rolling_mean_z,1,0.1694970567129402,0.1694970567129402,0.1694970567129402
4,0,1,5,20,SPXT,rolling_mean_z,1,0.13719992019389077,0.13719992019389077,0.13719992019389077
4,0,1,6,20,SPXT,rolling_mean_z,1,0.1788792702373725,0.1788792702373725,0.1788792702373725
4,0,1,7,20,SPXT,rolling_mean_z,1,0.16381192361077493,0.16381192361077493,0.16381192361077493
4,0,1,8,20,SPXT,rolling_mean_z,1,0.1070652269406956,0.1070652269406956,0.1070652269406956
4,0,1,9,20,SPXT,rolling_mean_z,1,0.12855014713047364,0.12855014713047364,0.12855014713047364
4,0,1,10,20,SPXT,rolling_mean_z,1,0.13440967081859492,0.13440967081859492,0.13440967081859492
4,0,2,-10,20,SPXT,rolling_mean_z,255,0.07173369422601186,-0.007509388032390018,0.13332844918566777
4,0,2,-9,20,SPXT,rolling_mean_z,255,0.07100125376499697,-0.0025043782154532054,0.1407400490887974
4,0,2,-8,20,SPXT,rolling_mean_z,255,0.07525638406232296,-0.012113299501628361,0.13608382044377237
4,0,2,-7,20,SPXT,rolling_mean_z,255,0.07002466648364322,-0.01865294647497802,0.13951931498710546
4,0,2,-6,20,SPXT,rolling_mean_z,255,0.06165391835775584,-0.018478555889021985,0.13339820542005015
4,0,2,-5,20,SPXT,rolling_mean_z,255,0.06646709853014104,-0.011084395044487909,0.13575247833045606
4,0,2,-4,20,SPXT,rolling_mean_z,255,0.0815344451567386,0.004052707816492027,0.13568272209607368
4,0,2,-3,20,SPXT,rolling_mean_z,255,0.0722219878666887,-0.01506050040428444,0.1427455408272912
4,0,2,-2,20,SPXT,rolling_mean_z,255,0.06803661380374489,-0.026448205667210782,0.13826370276822234
4,0,2,-1,20,SPXT,rolling_mean_z,255,0.06437441149866927,-0.030249920441051355,0.12999758899390837
4,0,2,0,20,SPXT,rolling_mean_z,255,0.057154641240091085,-0.06495364704629338,0.13794979971350155
4,0,2,1,20,SPXT,rolling_mean_z,255,0.055585125966487306,-0.054123991658426435,0.13386906000213142
4,0,2,2,20,SPXT,rolling_mean_z,255,0.05296926717714738,-0.054699480592081184,0.1373394326626556
4,0,2,3,20,SPXT,rolling_mean_z,255,0.04351729741833257,-0.06364571765162343,0.12366721072370593
4,0,2,4,20,SPXT,rolling_mean_z,255,0.054887563622663296,-0.05965217323323122,0.11620329364478951
4,0,2,5,20,SPXT,rolling_mean_z,256,0.05211475330596295,-0.062111080495210795,0.1258296539895602
4,0,2,6,20,SPXT,rolling_mean_z,256,0.05987513438100457,-0.06498852516348459,0.12973600311497435
4,0,2,7,20,SPXT,rolling_mean_z,256,0.04470315340283344,-0.06988018109955013,0.11719731998473873
4,0,2,8,20,SPXT,rolling_mean_z,256,0.04770267148127638,-0.06756078630633544,0.11320377556634645
4,0,2,9,20,SPXT,rolling_mean_z,256,0.038529726659991284,-0.061239127565430776,0.11295090921671029
4,0,2,10,20,SPXT,rolling_mean_z,256,0.0459936437389077,-0.06763926207001561,0.11293347015811467
4,0,3,-10,20,SPXT,rolling_mean_z,1,-0.020239900807177514,-0.020239900807177514,-0.020239900807177514
4,0,3,-9,20,SPXT,rolling_mean_z,1,-0.04971190983373991,-0.04971190983373991,-0.04971190983373991
4,0,3,-8,20,SPXT,rolling_mean_z,1,-0.027808452237667498,-0.027808452237667498,-0.027808452237667498
4,0,3,-7,20,SPXT,rolling_mean_z,1,-0.055920214693773174,-0.055920214693773174,-0.055920214693773174
4,0,3,-6,20,SPXT,rolling_mean_z,1,-0.06868560558575168,-0.06868560558575168,-0.06868560558575168
4,0,3,-5,20,SPXT,rolling_mean_z,1,-0.0740917137503874,-0.0740917137503874,-0.0740917137503874
4,0,3,-4,20,SPXT,rolling_mean_z,1,-0.10464494440987693,-0.10464494440987693,-0.10464494440987693
4,0,3,-3,20,SPXT,rolling_mean_z,1,-0.11217861772317572,-0.11217861772317572,-0.11217861772317572
4,0,3,-2,20,SPXT,rolling_mean_z,1,-0.024216006166974093,-0.024216006166974093,-0.024216006166974093
4,0,3,-1,20,SPXT,rolling_mean_z,1,0.018265540571905194,0.018265540571905194,0.018265540571905194
4,0,3,0,20,SPXT,rolling_mean_z,1,0.05262048600523532,0.05262048600523532,0.05262048600523532
4,0,3,1,20,SPXT,rolling_mean_z,1,0.07044320388993756,0.07044320388993756,0.07044320388993756
4,0,3,2,20,SPXT,rolling_mean_z,1,0.06496733949091946,0.06496733949091946,0.06496733949091946
4,0,3,3,20,SPXT,rolling_mean_z,1,0.10225204676831023,0.10225204676831023,0.10225204676831023
4,0,3,4,20,SPXT,rolling_mean_z,1,0.07630272757805884,0.07630272757805884,0.07630272757805884
4,0,3,5,20,SPXT,rolling_mean_z,1,0.08467347570394639,0.08467347570394639,0.08467347570394639
4,0,3,6,20,SPXT,rolling_mean_z,1,0.08142981080516495,0.08142981080516495,0.08142981080516495
4,0,3,7,20,SPXT,rolling_mean_z,1,0.10769303305013714,0.10769303305013714,0.10769303305013714
4,0,3,8,20,SPXT,rolling_mean_z,1,0.09886886940076402,0.09886886940076402,0.09886886940076402
4,0,3,9,20,SPXT,rolling_mean_z,1,0.11494768142590635,0.11494768142590635,0.11494768142590635
4,0,3,10,20,SPXT,rolling_mean_z,1,0.13465381763893328,0.13465381763893328,0.13465381763893328
4,1,0,-10,20,SPXT,rolling_mean_z,2,0.08212737314898896,0.034902402472106714,0.12935234382587119
4,1,0,-9,20,SPXT,rolling_mean_z,2,-0.038289326453622485,-0.1355731148291718,0.05899446192192684
4,1,0,-8,20,SPXT,rolling_mean_z,2,-0.018652946474977977,-0.12493528908585641,0.08762939613590046
4,1,0,-7,20,SPXT,rolling_mean_z,2,-0.051211668872961386,-0.15080613251242758,0.0483827947665048
4,1,0,-6,20,SPXT,rolling_mean_z,2,-0.03059870161296331,-0.1264786457715669,0.06528124254564027
4,1,0,-5,20,SPXT,rolling_mean_z,2,-0.02772125694468948,-0.11115843279533313,0.055715918905954176
4,1,0,-4,20,SPXT,rolling_mean_z,2,0.015632242723969778,-0.047488429862800996,0.07875291531074055
4,1,0,-3,20,SPXT,rolling_mean_z,2,0.0014891662029389574,-0.08907186508400693,0.09205019748988484
4,1,0,-2,20,SPXT,rolling_mean_z,2,0.035355817995592294,-0.04132372264925674,0.11203535864044133
4,1,0,-1,20,SPXT,rolling_mean_z,2,0.07103613188218796,0.012615285586931133,0.12945697817744478
4,1,0,0,20,SPXT,rolling_mean_z,2,0.020445422896355106,-0.05221441474220834,0.09310526053491855
4,1,0,1,20,SPXT,rolling_mean_z,2,-0.05609460527972912,-0.16889043627606376,0.05670122571660553
4,1,0,2,20,SPXT,rolling_mean_z,2,-0.06245986166712278,-0.16228975259762957,0.037370029263383994
4,1,0,3,20,SPXT,rolling_mean_z,2,-0.043747751794045,-0.15506126280975374,0.06756575922166375
4,1,0,4,20,SPXT,rolling_mean_z,2,-0.06509315951505824,-0.17954570107797482,0.049359382047858336
4,1,0,5,20,SPXT,rolling_mean_z,2,-0.061779738381894427,-0.14620222104318945,0.022642744279400592
4,1,0,6,20,SPXT,rolling_mean_z,2,-0.05026995970879902,-0.13968001312843537,0.039140093710837306
4,1,0,7,20,SPXT,rolling_mean_z,2,-0.03781847187154132,-0.12393254321660943,0.048295599473526796
4,1,0,8,20,SPXT,rolling_mean_z,2,-0.019821363400883085,-0.09737285697551207,0.0577301301737459
4,1,0,9,20,SPXT,rolling_mean_z,2,-0.0022079142193280332,-0.0669242606675961,0.06250843222894004
4,1,0,10,20,SPXT,rolling_mean_z,2,0.025799213885204043,-0.017624042017837585,0.06922246978824567
4,1,2,-10,20,SPXT,rolling_mean_z,54,0.05288207188416935,-0.1466905146838662,0.1388391917018771
4,1,2,-9,20,SPXT,rolling_mean_z,54,0.04133741509388285,-0.16090334743927937,0.12740788879246195
4,1,2,-8,20,SPXT,rolling_mean_z,54,0.03868667818735172,-0.17928411519904075,0.1630882026790576
4,1,2,-7,20,SPXT,rolling_mean_z,54,0.044703153402833457,-0.135346407067429,0.12866350101134508
4,1,2,-6,20,SPXT,rolling_mean_z,54,0.055550247849296,-0.11686100495609389,0.1276258770249069
4,1,2,-5,20,SPXT,rolling_mean_z,54,0.0313273954600089,-0.10354628371835414,0.10714370270437583
4,1,2,-4,20,SPXT,rolling_mean_z,54,0.046708645141327304,-0.16399878033999823,0.10885273044674453
4,1,2,-3,20,SPXT,rolling_mean_z,54,0.04297668660186908,-0.16773945840875423,0.13958907122148792
4,1,2,-2,20,SPXT,rolling_mean_z,54,0.057154641240091154,-0.12233686935511207,0.18055341986255002
4,1,2,-1,20,SPXT,rolling_mean_z,54,0.05403304975147891,-0.09464364430530083,0.14360005469847567
4,1,2,0,20,SPXT,rolling_mean_z,54,0.06669380629188382,-0.03712090952771732,0.17396145571341357
4,1,2,1,20,SPXT,rolling_mean_z,54,0.05975306097083537,-0.09711127109657808,0.1570019712291935
4,1,2,2,20,SPXT,rolling_mean_z,54,0.07675614310154447,-0.12163058748199024,0.1653639998257832
4,1,2,3,20,SPXT,rolling_mean_z,54,0.060311110845894585,-0.07036847474022696,0.16847687178509765
4,1,2,4,20,SPXT,rolling_mean_z,54,0.07818614590638359,-0.051115754050685525,0.16388167984515734
4,1,2,5,20,SPXT,rolling_mean_z,54,0.07604114169912488,-0.014467572412034085,0.16635802616573236
4,1,2,6,20,SPXT,rolling_mean_z,54,0.10424009944820857,-0.021434476320976014,0.17191236632843068
4,1,2,7,20,SPXT,rolling_mean_z,54,0.0871847001417127,0.0036167313516020593,0.17610645992067225
4,1,2,8,20,SPXT,rolling_mean_z,54,0.10696059258912202,5.0443868802071604e-05,0.19829766198357207
4,1,2,9,20,SPXT,rolling_mean_z,54,0.10036862843998562,-0.027294000009097295,0.18837483764267637
4,1,2,10,20,SPXT,rolling_mean_z,54,0.09084690244678852,0.008142167057159975,0.18547995391580674
4,1,3,-10,20,SPXT,rolling_mean_z,7,-0.2348798340018104,-0.3016365503057638,-0.14531282905481374
4,1,3,-9,20,SPXT,rolling_mean_z,7,-0.2907196996249186,-0.3288240426563027,-0.15997907733371258
4,1,3,-8,20,SPXT,rolling_mean_z,7,-0.22804372303233555,-0.36054569024169725,-0.14705673491437382
4,1,3,-7,20,SPXT,rolling_mean_z,7,-0.26874648579446403,-0.3942379514483948,-0.2237013974420315
4,1,3,-6,20,SPXT,rolling_mean_z,7,-0.2331708062594419,-0.3948134403820495,-0.19750793143144174
4,1,3,-5,20,SPXT,rolling_mean_z,7,-0.28538334769466545,-0.413229086259002,-0.14700441773858697
4,1,3,-4,20,SPXT,rolling_mean_z,7,-0.30303167499341144,-0.361086301058161,-0.19954830128712686
4,1,3,-3,20,SPXT,rolling_mean_z,7,-0.3130416946272853,-0.5443010506635246,-0.22382347085220078
4,1,3,-2,20,SPXT,rolling_mean_z,7,-0.3499776207327641,-0.43157497590157223,-0.2182604111602047
4,1,3,-1,20,SPXT,rolling_mean_z,7,-0.39720259140964653,-0.5526543597308164,-0.24865669029233387
4,1,3,0,20,SPXT,rolling_mean_z,7,-0.6212247381287118,-0.6427619754942768,-0.3809319497399526
4,1,3,1,20,SPXT,rolling_mean_z,7,-0.31586682211977246,-0.6090697142875793,-0.2513074271988649
4,1,3,2,20,SPXT,rolling_mean_z,7,-0.3398280886301257,-0.7290155593081097,-0.29030116221862434
4,1,3,3,20,SPXT,rolling_mean_z,7,-0.33714247360640337,-1.0245727243863225,-0.25519633726568347
4,1,3,4,20,SPXT,rolling_mean_z,7,-0.6792968032520568,-0.9433415894480219,-0.21833016739458705
4,1,3,5,20,SPXT,rolling_mean_z,7,-0.6072386131350415,-0.985753379952519,-0.1952582928726096
4,1,3,6,20,SPXT,rolling_mean_z,7,-0.37896133611864996,-0.9920314410469345,-0.20375111440866628
4,1,3,7,20,SPXT,rolling_mean_z,7,-0.37449693711817666,-0.9365229175371428,-0.13934867101511902
4,1,3,8,20,SPXT,rolling_mean_z,7,-0.4602273491741416,-0.8480720123402643,-0.005748043114234672
4,1,3,9,20,SPXT,rolling_mean_z,7,-0.3175758498621413,-0.8090608382619093,0.0870800657901391
4,1,3,10,20,SPXT,rolling_mean_z,7,-0.41990824570111657,-0.6381929421422299,-0.0809627028370534
4,2,0,-10,20,SPXT,rolling_mean_z,256,0.06046806237325498,-0.022995272065282128,0.12578605634307127
4,2,0,-9,20,SPXT,rolling_mean_z,256,0.05909037674420267,-0.022864479125815122,0.12349282013774988
4,2,0,-8,20,SPXT,rolling_mean_z,256,0.058619522162121476,-0.03821957021923997,0.125576787639924
4,2,0,-7,20,SPXT,rolling_mean_z,256,0.059944890615386916,-0.03585657777953629,0.13236058143361207
4,2,0,-6,20,SPXT,rolling_mean_z,256,0.06599624394805988,-0.028488575522895826,0.1393100462839583
4,2,0,-5,20,SPXT,rolling_mean_z,256,0.060171598377129765,-0.030668457847345707,0.13137527462296067
4,2,0,-4,20,SPXT,rolling_mean_z,256,0.06468831455338994,-0.026003509673022986,0.13175893391206397
4,2,0,-3,20,SPXT,rolling_mean_z,256,0.054207440337434944,-0.02401545699312474,0.1339998529415984
4,2,0,-2,20,SPXT,rolling_mean_z,256,0.06210733388124126,-0.03971932925846156,0.12821880501715724
4,2,0,-1,20,SPXT,rolling_mean_z,256,0.06782734510059775,-0.04393086190929859,0.13920541193238464
4,2,0,0,20,SPXT,rolling_mean_z,256,0.07708748521486086,-0.04566604823956087,0.13276167978131087
4,2,0,1,20,SPXT,rolling_mean_z,256,0.0704955210657244,-0.04380006896983181,0.1420741370713607
4,2,0,2,20,SPXT,rolling_mean_z,256,0.06849002932723054,-0.03501950296694755,0.13784516536192798
4,2,0,3,20,SPXT,rolling_mean_z,256,0.06365941009624962,-0.02823570917325967,0.13957163216289226
4,2,0,4,20,SPXT,rolling_mean_z,256,0.06892600579212046,-0.0204753280982181,0.1386909597038145
4,2,0,5,20,SPXT,rolling_mean_z,256,0.06632758606137637,-0.03385108604104251,0.12781770666945852
4,2,0,6,20,SPXT,rolling_mean_z,256,0.055933907138399304,-0.03732145870156679,0.1295964906462096
4,2,0,7,20,SPXT,rolling_mean_z,256,0.06798429662795812,-0.03925719420567826,0.12725093726510156
4,2,0,8,20,SPXT,rolling_mean_z,256,0.06294440869383006,-0.03605712695338566,0.12809673160698803
4,2,0,9,20,SPXT,rolling_mean_z,256,0.06481038796355909,-0.045875316942708085,0.13366851082828196
4,2,0,10,20,SPXT,rolling_mean_z,256,0.055899029021208094,-0.044855132014865615,0.13685985855127658
4,2,1,-10,20,SPXT,rolling_mean_z,51,0.07058271635870232,-0.06401193788213105,0.12769563325928934
4,2,1,-9,20,SPXT,rolling_mean_z,51,0.054887563622663296,-0.08520039407578396,0.14009480392076024
4,2,1,-8,20,SPXT,rolling_mean_z,51,0.04431949411373026,-0.11151593349654293,0.1279397800796277
4,2,1,-7,20,SPXT,rolling_mean_z,51,0.022520670869231416,-0.10201164656194131,0.13296222895516024
4,2,1,-6,20,SPXT,rolling_mean_z,51,0.010278451735120878,-0.1040868945348177,0.10652461612423206
4,2,1,-5,20,SPXT,rolling_mean_z,51,0.007209177422295441,-0.12386278698222694,0.1133084099179201
4,2,1,-4,20,SPXT,rolling_mean_z,51,0.023915795556879345,-0.13669793410858794,0.11651719669951036
4,2,1,-3,20,SPXT,rolling_mean_z,51,0.04449388469968622,-0.14962027652792675,0.12110366911015286
4,2,1,-2,20,SPXT,rolling_mean_z,51,0.05209731424736734,-0.16667567583442267,0.10985547631599149
4,2,1,-1,20,SPXT,rolling_mean_z,51,0.0058838089690299075,-0.15670053431774003,0.16412582666549574
4,2,1,0,20,SPXT,rolling_mean_z,51,0.028205803971396694,-0.17037275625668968,0.13880431358468592
4,2,1,1,20,SPXT,rolling_mean_z,51,0.03709972385515218,-0.16423420763103885,0.15376702585970992
4,2,1,2,20,SPXT,rolling_mean_z,51,0.028903366315220697,-0.13769196044853693,0.11426755814067803
4,2,1,3,20,SPXT,rolling_mean_z,51,0.015056753790315009,-0.13865110867129493,0.15575507853960818
4,2,1,4,20,SPXT,rolling_mean_z,51,0.05038828650499867,-0.1171138713057302,0.15442971008634268
4,2,1,5,20,SPXT,rolling_mean_z,51,0.09349763935331959,-0.0861246641813507,0.15824886391877885
4,2,1,6,20,SPXT,rolling_mean_z,51,0.05844513157616545,-0.09236784715857514,0.1315496652089167
4,2,1,7,20,SPXT,rolling_mean_z,51,0.06325831174855082,-0.07850379557507389,0.12296964837988199
4,2,1,8,20,SPXT,rolling_mean_z,51,0.05523634479457533,-0.031121873370831277,0.13889150887766388
4,2,1,9,20,SPXT,rolling_mean_z,51,0.07026881330398158,-0.07062134108986302,0.15062799531250204
4,2,1,10,20,SPXT,rolling_mean_z,51,0.07483784665602852,-0.07351622481673255,0.1649454624194889
4,2,3,-10,20,SPXT,rolling_mean_z,8,0.008325277172413943,-0.09540224335420931,0.10337686604772645
4,2,3,-9,20,SPXT,rolling_mean_z,8,0.0004951398629899906,-0.1343349416688841,0.1654773537066547
4,2,3,-8,20,SPXT,rolling_mean_z,8,-0.03839396080519591,-0.09776523579391289,0.05433823327690197
4,2,3,-7,20,SPXT,rolling_mean_z,8,-0.10980690575417403,-0.1896603550634222,0.02913879360626134
4,2,3,-6,20,SPXT,rolling_mean_z,8,-0.05998351534654761,-0.11242276454351387,0.003259230650392266
4,2,3,-5,20,SPXT,rolling_mean_z,8,-0.05421118695140435,-0.14103154016959413,0.006110516730772737
4,2,3,-4,20,SPXT,rolling_mean_z,8,-0.09955273929996183,-0.20474514074861525,0.036018502222225086
4,2,3,-3,20,SPXT,rolling_mean_z,8,-0.09391992337358332,-0.21867894856649886,-0.005852677465808222
4,2,3,-2,20,SPXT,rolling_mean_z,8,-0.0784340393406914,-0.1694484861511228,-0.01519129334375149
4,2,3,-1,20,SPXT,rolling_mean_z,8,-0.09541968241280488,-0.1893638910672969,-0.012244092441095259
4,2,3,0,20,SPXT,rolling_mean_z,8,-0.18420192972299965,-0.2606634821354037,-0.02377131017278624
4,2,3,1,20,SPXT,rolling_mean_z,8,-0.12537998508004394,-0.2681099601557245,-0.018164652834301104
4,2,3,2,20,SPXT,rolling_mean_z,8,-0.08889747449805085,-0.2965181866079553,-0.024425274870121194
4,2,3,3,20,SPXT,rolling_mean_z,8,-0.1314662165299082,-0.21258399758733704,-0.02152167161395382
4,2,3,4,20,SPXT,rolling_mean_z,8,-0.10610982533190717,-0.1980747008357987,-0.028078757645899025
4,2,3,5,20,SPXT,rolling_mean_z,8,-0.15411955364559138,-0.22650036634662507,-0.10828098812705914
4,2,3,6,20,SPXT,rolling_mean_z,8,-0.18196973022276292,-0.21996943890257328,-0.08063136072373694
4,2,3,7,20,SPXT,rolling_mean_z,8,-0.22642189058294498,-0.23038055688414585,-0.1409792229938074
4,2,3,8,20,SPXT,rolling_mean_z,8,-0.22040541536746333,-0.2610471414245069,-0.16324890082038726
4,2,3,9,20,SPXT,rolling_mean_z,8,-0.23334519684539773,-0.2741613134883974,-0.16572524714096254
4,2,3,10,20,SPXT,rolling_mean_z,8,-0.2006644010372452,-0.40902627313746265,-0.1109230055042924
4,3,1,-10,20,SPXT,rolling_mean_z,11,-0.12853645468584743,-0.31424498967038184,-0.006044507110359785
4,3,1,-9,20,SPXT,rolling_mean_z,11,-0.15978724768916114,-0.3260337932810068,0.04238375860961878
4,3,1,-8,20,SPXT,rolling_mean_z,11,-0.2593642722700315,-0.5575372961375842,-0.046782147989679154
4,3,1,-7,20,SPXT,rolling_mean_z,11,-0.22741591692289403,-0.4922977779314482,-0.06069851674896722
4,3,1,-6,20,SPXT,rolling_mean_z,11,-0.18939876918448809,-0.4390912101562755,-0.1228513215836823
4,3,1,-5,20,SPXT,rolling_mean_z,11,-0.25891085674654607,-0.4271628940768858,-0.12382790886503575
4,3,1,-4,20,SPXT,rolling_mean_z,11,-0.22228883369578786,-0.5909854105239433,-0.10054676563991102
4,3,1,-3,20,SPXT,rolling_mean_z,11,-0.3251444012926313,-0.5137303809454394,-0.25353962669910146
4,3,1,-2,20,SPXT,rolling_mean_z,11,-0.28639481309321,-0.4167168979781219,-0.19787415166194933
4,3,1,-1,20,SPXT,rolling_mean_z,11,-0.2760011341702332,-0.46718553355378545,-0.17157605129978604
4,3,1,0,20,SPXT,rolling_mean_z,11,-0.2445410724637725,-0.3956853933118294,-0.15795614653662304
4,3,1,1,20,SPXT,rolling_mean_z,11,-0.2265439639931143,-0.3824317087791741,-0.07205134389470211
4,3,1,2,20,SPXT,rolling_mean_z,11,-0.1851087607699709,-0.4050850458948573,-0.1023429886752578
4,3,1,3,20,SPXT,rolling_mean_z,11,-0.19211926232540164,-0.2821571218544796,-0.12222351547424064
4,3,1,4,20,SPXT,rolling_mean_z,11,-0.22239346804736168,-0.4148334796497971,-0.11092300550429253
4,3,1,5,20,SPXT,rolling_mean_z,11,-0.18849193813751688,-0.4139092095442305,-0.01854831212340433
4,3,1,6,20,SPXT,rolling_mean_z,11,-0.22860177290739472,-0.38982586962370824,-0.09876798166315992
4,3,1,7,20,SPXT,rolling_mean_z,11,-0.2971023950709079,-0.4067940736372259,-0.06816243382788359
4,3,1,8,20,SPXT,rolling_mean_z,11,-0.24046033275240233,-0.4087995653757197,0.009842475270230966
4,3,1,9,20,SPXT,rolling_mean_z,11,-0.2845113947648855,-0.41335115966917113,0.0969680120138438
4,3,1,10,20,SPXT,rolling_mean_z,11,-0.20178050078736365,-0.3773569427278547,0.14424529986651285
4,3,2,-10,20,SPXT,rolling_mean_z,5,-0.07259195471116561,-0.18939876918448822,-0.06868560558575168
4,3,2,-9,20,SPXT,rolling_mean_z,5,-0.0740917137503874,-0.09107735682250062,-0.06976682721867875
4,3,2,-8,20,SPXT,rolling_mean_z,5,-0.07409171375038714,-0.10464494440987693,-0.032342607472523176
4,3,2,-7,20,SPXT,rolling_mean_z,5,-0.11217861772317572,-0.12490913049796279,-0.06812755571069244
4,3,2,-6,20,SPXT,rolling_mean_z,5,-0.02609942449529873,-0.13097792288923124,-0.024216006166974093
4,3,2,-5,20,SPXT,rolling_mean_z,5,-0.07126658625790028,-0.1674604334712245,0.018265540571905194
4,3,2,-4,20,SPXT,rolling_mean_z,5,-0.09337931255711988,-0.17541264419081765,0.05262048600523532
4,3,2,-3,20,SPXT,rolling_mean_z,5,-0.036109444129172594,-0.1965836613258749,0.07044320388993756
4,3,2,-2,20,SPXT,rolling_mean_z,5,0.06004952496696057,-0.20439635957670327,0.06496733949091946
4,3,2,-1,20,SPXT,rolling_mean_z,5,-0.03241236370690561,-0.08371807409515783,0.10225204676831023
4,3,2,0,20,SPXT,rolling_mean_z,5,-0.00046400835976794506,-0.15204430567271512,0.07630272757805884
4,3,2,1,20,SPXT,rolling_mean_z,5,-0.022820881479325924,-0.11137642102777812,0.08467347570394639
4,3,2,2,20,SPXT,rolling_mean_z,5,0.028763853846456078,-0.16205432530658898,0.08142981080516495
4,3,2,3,20,SPXT,rolling_mean_z,5,-0.002312548570901435,-0.10363347901133216,0.10769303305013714
4,3,2,4,20,SPXT,rolling_mean_z,5,-0.011625005860951335,-0.22661372022749665,0.09886886940076402
4,3,2,5,20,SPXT,rolling_mean_z,5,-0.06310510683515974,-0.2389605737131808,0.11494768142590635
4,3,2,6,20,SPXT,rolling_mean_z,5,-0.08751978886899843,-0.17914460273027605,0.13465381763893328
4,3,2,7,20,SPXT,rolling_mean_z,5,-0.12546718037302199,-0.1263740114199932,0.12701550997406086
4,3,2,8,20,SPXT,rolling_mean_z,5,-0.06456998775719008,-0.16275188765041276,0.1431640782335856
4,3,2,9,20,SPXT,rolling_mean_z,5,-0.012322568204775314,-0.1851087607699709,0.06479294890496354
4,3,2,10,20,SPXT,rolling_mean_z,5,-0.04706117292720862,-0.09798322402635809,0.14665188995270542
4,0,1,-10,20,DBLCIX,rolling_mean_z,1,0.06511622545126323,0.06511622545126323,0.06511622545126323
4,0,1,-9,20,DBLCIX,rolling_mean_z,1,0.0801379647643522,0.0801379647643522,0.0801379647643522
4,0,1,-8,20,DBLCIX,rolling_mean_z,1,0.08141162844675875,0.08141162844675875,0.08141162844675875
4,0,1,-7,20,DBLCIX,rolling_mean_z,1,0.10115341552406021,0.10115341552406021,0.10115341552406021
4,0,1,-6,20,DBLCIX,rolling_mean_z,1,0.07234613988374745,0.07234613988374745,0.07234613988374745
4,0,1,-5,20,DBLCIX,rolling_mean_z,1,0.14119890012678366,0.14119890012678366,0.14119890012678366
4,0,1,-4,20,DBLCIX,rolling_mean_z,1,0.1089077797081236,0.1089077797081236,0.1089077797081236
4,0,1,-3,20,DBLCIX,rolling_mean_z,1,0.10343851801308372,0.10343851801308372,0.10343851801308372
4,0,1,-2,20,DBLCIX,rolling_mean_z,1,0.0057035607366519945,0.0057035607366519945,0.0057035607366519945
4,0,1,-1,20,DBLCIX,rolling_mean_z,1,-0.021942433310878327,-0.021942433310878327,-0.021942433310878327
4,0,1,0,20,DBLCIX,rolling_mean_z,1,0.07822746924074239,0.07822746924074239,0.07822746924074239
4,0,1,1,20,DBLCIX,rolling_mean_z,1,0.08231068516375162,0.08231068516375162,0.08231068516375162
4,0,1,2,20,DBLCIX,rolling_mean_z,1,0.07436901749698138,0.07436901749698138,0.07436901749698138
4,0,1,3,20,DBLCIX,rolling_mean_z,1,0.055264062260883186,0.055264062260883186,0.055264062260883186
4,0,1,4,20,DBLCIX,rolling_mean_z,1,0.10744681254301022,0.10744681254301022,0.10744681254301022
4,0,1,5,20,DBLCIX,rolling_mean_z,1,0.10351343940616646,0.10351343940616646,0.10351343940616646
4,0,1,6,20,DBLCIX,rolling_mean_z,1,0.1403373041063322,0.1403373041063322,0.1403373041063322
4,0,1,7,20,DBLCIX,rolling_mean_z,1,0.08721803641067094,0.08721803641067094,0.08721803641067094
4,0,1,8,20,DBLCIX,rolling_mean_z,1,0.11546340160286317,0.11546340160286317,0.11546340160286317
4,0,1,9,20,DBLCIX,rolling_mean_z,1,0.11565070508557003,0.11565070508557003,0.11565070508557003
4,0,1,10,20,DBLCIX,rolling_mean_z,1,0.14528211604979288,0.14528211604979288,0.14528211604979288
4,0,2,-10,20,DBLCIX,rolling_mean_z,255,0.012521407507181209,-0.11495734282309752,0.12539048618632603
4,0,2,-9,20,DBLCIX,rolling_mean_z,255,0.01896464731229666,-0.1278625527815992,0.13260167027053954
4,0,2,-8,20,DBLCIX,rolling_mean_z,255,0.007314370687930938,-0.11870341247723445,0.11583800856827683
4,0,2,-7,20,DBLCIX,rolling_mean_z,255,0.012146800541767514,-0.11647450103302301,0.11651230110602151
4,0,2,-6,20,DBLCIX,rolling_mean_z,255,0.006377853274396617,-0.12151296471783715,0.1137589399102309
4,0,2,-5,20,DBLCIX,rolling_mean_z,255,0.012146800541767514,-0.12319869606219871,0.1223936304630164
4,0,2,-4,20,DBLCIX,rolling_mean_z,255,-0.0036616133986902056,-0.14161062841228161,0.12419174389700219
4,0,2,-3,20,DBLCIX,rolling_mean_z,255,-0.004111141757186651,-0.13157116173919473,0.1290241737508387
4,0,2,-2,20,DBLCIX,rolling_mean_z,255,-0.004298445239893608,-0.13230164532175143,0.11265384936226047
4,0,2,-1,20,DBLCIX,rolling_mean_z,255,0.00042160252431899803,-0.13608517567242967,0.1192469319535415
4,0,2,0,20,DBLCIX,rolling_mean_z,255,-0.02295387211749525,-0.1426033368706279,0.11166114090391424
4,0,2,1,20,DBLCIX,rolling_mean_z,255,-0.007894672107864934,-0.1483722841379987,0.10602330607443826
4,0,2,2,20,DBLCIX,rolling_mean_z,255,-0.009580403452226549,-0.14870943040687098,0.1131221080690276
4,0,2,3,20,DBLCIX,rolling_mean_z,255,-0.020444005449223528,-0.15135040951303752,0.10812110508075488
4,0,2,4,20,DBLCIX,rolling_mean_z,255,-0.015162047236890496,-0.1423411119948383,0.10341978766481308
4,0,2,5,20,DBLCIX,rolling_mean_z,256,-0.029434572619152128,-0.15291439359363973,0.09984229114511235
4,0,2,6,20,DBLCIX,rolling_mean_z,256,-0.005871794494631001,-0.17773210505229664,0.10671632896045352
4,0,2,7,20,DBLCIX,rolling_mean_z,256,-0.024396108934338048,-0.15908604334883023,0.10614505333819763
4,0,2,8,20,DBLCIX,rolling_mean_z,256,-0.020481466145764935,-0.14729528911243445,0.09012124039262696
4,0,2,9,20,DBLCIX,rolling_mean_z,256,-0.03248761938727368,-0.1620360732014631,0.07597046227412493
4,0,2,10,20,DBLCIX,rolling_mean_z,256,-0.0417404114329918,-0.16212972494281647,0.08987774586510817
4,0,3,-10,20,DBLCIX,rolling_mean_z,1,0.1187599428985036,0.1187599428985036,0.1187599428985036
4,0,3,-9,20,DBLCIX,rolling_mean_z,1,0.0615199985832918,0.0615199985832918,0.0615199985832918
4,0,3,-8,20,DBLCIX,rolling_mean_z,1,0.014319520941166852,0.014319520941166852,0.014319520941166852
4,0,3,-7,20,DBLCIX,rolling_mean_z,1,-0.05625643134277235,-0.05625643134277235,-0.05625643134277235
4,0,3,-6,20,DBLCIX,rolling_mean_z,1,-0.06667050498127293,-0.06667050498127293,-0.06667050498127293
4,0,3,-5,20,DBLCIX,rolling_mean_z,1,-0.09551524131812707,-0.09551524131812707,-0.09551524131812707
4,0,3,-4,20,DBLCIX,rolling_mean_z,1,-0.14132967318822137,-0.14132967318822137,-0.14132967318822137
4,0,3,-3,20,DBLCIX,rolling_mean_z,1,-0.16616611499514902,-0.16616611499514902,-0.16616611499514902
4,0,3,-2,20,DBLCIX,rolling_mean_z,1,-0.14219126920867284,-0.14219126920867284,-0.14219126920867284
4,0,3,-1,20,DBLCIX,rolling_mean_z,1,-0.15755015479063414,-0.15755015479063414,-0.15755015479063414
4,0,3,0,20,DBLCIX,rolling_mean_z,1,-0.12889272193648685,-0.12889272193648685,-0.12889272193648685
4,0,3,1,20,DBLCIX,rolling_mean_z,1,-0.17036171300778233,-0.17036171300778233,-0.17036171300778233
4,0,3,2,20,DBLCIX,rolling_mean_z,1,-0.26285217276842243,-0.26285217276842243,-0.26285217276842243
4,0,3,3,20,DBLCIX,rolling_mean_z,1,-0.18167484336327577,-0.18167484336327577,-0.18167484336327577
4,0,3,4,20,DBLCIX,rolling_mean_z,1,-0.2261406901578808,-0.2261406901578808,-0.2261406901578808
4,0,3,5,20,DBLCIX,rolling_mean_z,1,-0.23996368718164596,-0.23996368718164596,-0.23996368718164596
4,0,3,6,20,DBLCIX,rolling_mean_z,1,-0.18545837371395404,-0.18545837371395404,-0.18545837371395404
4,0,3,7,20,DBLCIX,rolling_mean_z,1,-0.10705313585286873,-0.10705313585286873,-0.10705313585286873
4,0,3,8,20,DBLCIX,rolling_mean_z,1,-0.09233108211211069,-0.09233108211211069,-0.09233108211211069
4,0,3,9,20,DBLCIX,rolling_mean_z,1,-0.08071826618428632,-0.08071826618428632,-0.08071826618428632
4,0,3,10,20,DBLCIX,rolling_mean_z,1,-0.09929877166880534,-0.09929877166880534,-0.09929877166880534
4,1,0,-10,20,DBLCIX,rolling_mean_z,2,0.206305590715683,0.1537295031198716,0.2588816783114944
4,1,0,-9,20,DBLCIX,rolling_mean_z,2,0.14923421953490737,0.1107901797093274,0.18767825936048732
4,1,0,-8,20,DBLCIX,rolling_mean_z,2,0.13627281853159368,0.13380977773399866,0.13873585932918867
4,1,0,-7,20,DBLCIX,rolling_mean_z,2,0.1252406434001605,0.11707421155414205,0.13340707524617895
4,1,0,-6,20,DBLCIX,rolling_mean_z,2,0.1750446394519106,0.13924157873249715,0.21084770017132404
4,1,0,-5,20,DBLCIX,rolling_mean_z,2,0.025763763734555124,0.01573366223560356,0.03579386523350669
4,1,0,-4,20,DBLCIX,rolling_mean_z,2,0.013158239348384455,-0.004392096981246936,0.030708575678015847
4,1,0,-3,20,DBLCIX,rolling_mean_z,2,0.02947237269215066,0.00509482441785479,0.05384992096644653
4,1,0,-2,20,DBLCIX,rolling_mean_z,2,-0.01255852882726536,-0.05999313582277385,0.03487607816824313
4,1,0,-1,20,DBLCIX,rolling_mean_z,2,-0.018215094005012082,-0.06450714975600881,0.028076961745984647
4,1,0,0,20,DBLCIX,rolling_mean_z,2,-0.05753009502517886,-0.11392717366820988,-0.0011330163821478348
4,1,0,1,20,DBLCIX,rolling_mean_z,2,-0.029265999484715935,-0.097622405498579,0.03909040652914714
4,1,0,2,20,DBLCIX,rolling_mean_z,2,-0.036214958693139905,-0.10607915774279308,0.033649240356513274
4,1,0,3,20,DBLCIX,rolling_mean_z,2,-0.10737155177347034,-0.2312259797133716,0.016482876166430932
4,1,0,4,20,DBLCIX,rolling_mean_z,2,-0.1484659358793521,-0.26630792202436365,-0.030623949734340586
4,1,0,5,20,DBLCIX,rolling_mean_z,2,-0.2722360772520353,-0.46608581667948457,-0.07838633782458607
4,1,0,6,20,DBLCIX,rolling_mean_z,2,-0.32799632405386303,-0.5498198386235795,-0.10617280948414652
4,1,0,7,20,DBLCIX,rolling_mean_z,2,-0.24631327524540797,-0.44211097089300844,-0.05051557959780756
4,1,0,8,20,DBLCIX,rolling_mean_z,2,-0.22561624040630157,-0.420318210680067,-0.030914270132536198
4,1,0,9,20,DBLCIX,rolling_mean_z,2,-0.22205747423487154,-0.42219124550713544,-0.021923702962607622
4,1,0,10,20,DBLCIX,rolling_mean_z,2,-0.2969226762727975,-0.5304994843823686,-0.0633458681632264
4,1,2,-10,20,DBLCIX,rolling_mean_z,54,-0.019526218383960015,-0.1657353169849232,0.16777726432288498
4,1,2,-9,20,DBLCIX,rolling_mean_z,54,-0.03795688108231353,-0.1701650443509401,0.18452219567687694
4,1,2,-8,20,DBLCIX,rolling_mean_z,54,-0.002256837278388879,-0.18559885132598414,0.18021421557461947
4,1,2,-7,20,DBLCIX,rolling_mean_z,54,-0.002294297974930276,-0.17394857470161837,0.1553684085935565
4,1,2,-6,20,DBLCIX,rolling_mean_z,54,-0.0008707915063582718,-0.17840639759004123,0.16510818969431246
4,1,2,-5,20,DBLCIX,rolling_mean_z,54,-0.022878950724412518,-0.1849901150071869,0.14032793893219683
4,1,2,-4,20,DBLCIX,rolling_mean_z,54,-0.04612331292833205,-0.20933020258494142,0.1796148444299576
4,1,2,-3,20,DBLCIX,rolling_mean_z,54,-0.030165056201708788,-0.23281805931637983,0.15401045834393187
4,1,2,-2,20,DBLCIX,rolling_mean_z,54,0.015780488106280237,-0.19723976277621458,0.15262441257190124
4,1,2,-1,20,DBLCIX,rolling_mean_z,54,0.0038492562578542446,-0.22904389413983683,0.14610625137370303
4,1,2,0,20,DBLCIX,rolling_mean_z,54,-0.03344286714907861,-0.21459343044900375,0.13513963246121724
4,1,2,1,20,DBLCIX,rolling_mean_z,54,-0.027336773612835447,-0.20131361352508848,0.12245918668196386
4,1,2,2,20,DBLCIX,rolling_mean_z,54,-0.020350353707870146,-0.18835221252177475,0.12075472498933154
4,1,2,3,20,DBLCIX,rolling_mean_z,54,-0.04990684327901026,-0.17441683340838546,0.13079419166241846
4,1,2,4,20,DBLCIX,rolling_mean_z,54,-0.032244124859754794,-0.1772919418679355,0.11123034289368858
4,1,2,5,20,DBLCIX,rolling_mean_z,54,-0.047247133824573094,-0.16918170106672917,0.10983493194752249
4,1,2,6,20,DBLCIX,rolling_mean_z,54,-0.036420992524117485,-0.20318664835215688,0.12744145932196593
4,1,2,7,20,DBLCIX,rolling_mean_z,54,-0.005010198474179541,-0.16438673190943398,0.14519782948257484
4,1,2,8,20,DBLCIX,rolling_mean_z,54,-0.011060100965610616,-0.20793479163877532,0.12439777772797966
4,1,2,9,20,DBLCIX,rolling_mean_z,54,-0.025257704954789472,-0.1668310423587582,0.1374153697761054
4,1,2,10,20,DBLCIX,rolling_mean_z,54,0.0025381318789063235,-0.15871143638341653,0.14289399664528066
4,1,3,-10,20,DBLCIX,rolling_mean_z,7,-0.2897864135816667,-0.3518587877507151,-0.10128418858549786
4,1,3,-9,20,DBLCIX,rolling_mean_z,7,-0.3205041847455892,-0.34753207730018704,-0.16129622444477099
4,1,3,-8,20,DBLCIX,rolling_mean_z,7,-0.22715212896449763,-0.3087977170764114,-0.17000583639063935
4,1,3,-7,20,DBLCIX,rolling_mean_z,7,-0.2595181707762406,-0.31870607131160356,-0.17624304236477722
4,1,3,-6,20,DBLCIX,rolling_mean_z,7,-0.3205041847455892,-0.3919042723534386,-0.18401613689711127
4,1,3,-5,20,DBLCIX,rolling_mean_z,7,-0.31050217876904374,-0.431125621632252,-0.23123534488750686
4,1,3,-4,20,DBLCIX,rolling_mean_z,7,-0.32200261260724405,-0.38072225443583996,-0.1646489567852235
4,1,3,-3,20,DBLCIX,rolling_mean_z,7,-0.4129197231131466,-0.5405108555330493,-0.18008276376026755
4,1,3,-2,20,DBLCIX,rolling_mean_z,7,-0.5149626604918358,-0.546055038621172,-0.1835104174938028
4,1,3,-1,20,DBLCIX,rolling_mean_z,7,-0.5135016933267222,-0.5254703858716898,-0.3339525748039407
4,1,3,0,20,DBLCIX,rolling_mean_z,7,-0.6665286386982145,-0.7320099362525276,-0.35365690118470083
4,1,3,1,20,DBLCIX,rolling_mean_z,7,-0.5239906883583056,-0.5655907918674961,-0.21128752397922795
4,1,3,2,20,DBLCIX,rolling_mean_z,7,-0.4344221629278923,-0.5516741431023773,-0.19958105631005016
4,1,3,3,20,DBLCIX,rolling_mean_z,7,-0.510617219693037,-0.6913650805051423,-0.13220799358039798
4,1,3,4,20,DBLCIX,rolling_mean_z,7,-0.7041766387222905,-0.8085795999830858,-0.0049540074293674685
4,1,3,5,20,DBLCIX,rolling_mean_z,7,-0.6649552894434774,-0.9015195881022224,0.13230198469820856
4,1,3,6,20,DBLCIX,rolling_mean_z,7,-0.563923790871405,-0.865163982108824,0.20291539767868916
4,1,3,7,20,DBLCIX,rolling_mean_z,7,-0.47660290723347376,-1.0108673613064787,0.12136346130812886
4,1,3,8,20,DBLCIX,rolling_mean_z,7,-0.25801974291458574,-0.8967620796414686,0.0728705896353267
4,1,3,9,20,DBLCIX,rolling_mean_z,7,-0.2801215538739934,-0.8682357592252161,0.12855591504407174
4,1,3,10,20,DBLCIX,rolling_mean_z,7,-0.4987796395859642,-0.9314881453353177,0.15009581555535884
4,2,0,-10,20,DBLCIX,rolling_mean_z,256,0.0003841418277776398,-0.13080321746009665,0.1276100324564021
4,2,0,-9,20,DBLCIX,rolling_mean_z,256,0.0023320980479287993,-0.13291038164054866,0.11967772996376717
4,2,0,-8,20,DBLCIX,rolling_mean_z,256,-0.018233824353282784,-0.13724645726521217,0.10303581552526399
4,2,0,-7,20,DBLCIX,rolling_mean_z,256,-0.011977888030874167,-0.13174910004776624,0.09736051999924665
4,2,0,-6,20,DBLCIX,rolling_mean_z,256,0.004280054268080004,-0.15131294881649615,0.12217823145790357
4,2,0,-5,20,DBLCIX,rolling_mean_z,256,-0.013139169623656606,-0.14730465428656966,0.11483593493579528
4,2,0,-4,20,DBLCIX,rolling_mean_z,256,-0.0045606701156831,-0.13029749805678809,0.11407735583083253
4,2,0,-3,20,DBLCIX,rolling_mean_z,256,-0.01061057260711415,-0.13516738860716615,0.1084863468720332
4,2,0,-2,20,DBLCIX,rolling_mean_z,256,-0.004804164643201972,-0.14089887517799557,0.10762475085158169
4,2,0,-1,20,DBLCIX,rolling_mean_z,256,-0.0007209487201928876,-0.15688522742702476,0.11236352896406493
4,2,0,0,20,DBLCIX,rolling_mean_z,256,-0.008849919869669844,-0.1460965468231105,0.1104811289628611
4,2,0,1,20,DBLCIX,rolling_mean_z,256,-0.003736534791772994,-0.13561691696566255,0.11271940558120788
4,2,0,2,20,DBLCIX,rolling_mean_z,256,-0.020650039280201093,-0.1438020791599517,0.11802009414181162
4,2,0,3,20,DBLCIX,rolling_mean_z,256,-0.016098564650424804,-0.128677322931374,0.09174141551804127
4,2,0,4,20,DBLCIX,rolling_mean_z,256,-0.012427416389370578,-0.12659825427332794,0.10210866328586514
4,2,0,5,20,DBLCIX,rolling_mean_z,256,0.007539134867179104,-0.1344088095022034,0.09966435283654086
4,2,0,6,20,DBLCIX,rolling_mean_z,256,-0.002088264143952753,-0.13057845328084844,0.09837195880586352
4,2,0,7,20,DBLCIX,rolling_mean_z,256,-0.003212085040193857,-0.12859303636415595,0.10623870507955105
4,2,0,8,20,DBLCIX,rolling_mean_z,256,-0.006190210415232622,-0.13584168114491077,0.09312746129007182
4,2,0,9,20,DBLCIX,rolling_mean_z,256,-0.0045606701156831325,-0.15426297866912903,0.11081827523173345
4,2,0,10,20,DBLCIX,rolling_mean_z,256,-0.011509629324107049,-0.14393319159784645,0.10324184935624156
4,2,1,-10,20,DBLCIX,rolling_mean_z,51,0.021774199552899328,-0.142771910005064,0.15485332401611268
4,2,1,-9,20,DBLCIX,rolling_mean_z,51,0.04825891200764724,-0.0976130403244437,0.1507888384413742
4,2,1,-8,20,DBLCIX,rolling_mean_z,51,0.030277777667790107,-0.13842646920626522,0.17060554691175833
4,2,1,-7,20,DBLCIX,rolling_mean_z,51,0.02316024532492995,-0.17631796375785996,0.15577111108137623
4,2,1,-6,20,DBLCIX,rolling_mean_z,51,-0.007819750714782142,-0.1664845309157506,0.19244513299537647
4,2,1,-5,20,DBLCIX,rolling_mean_z,51,-0.01077914574155035,-0.17272173688988854,0.19459912304650523
4,2,1,-4,20,DBLCIX,rolling_mean_z,51,-0.04764047113825739,-0.21518343641953033,0.18268662154634988
4,2,1,-3,20,DBLCIX,rolling_mean_z,51,-0.03119522535659646,-0.18208691102523078,0.17098015387717208
4,2,1,-2,20,DBLCIX,rolling_mean_z,51,-0.03407969899028187,-0.14582495677318558,0.19800804643176978
4,2,1,-1,20,DBLCIX,rolling_mean_z,51,0.010236305018157638,-0.15410377070882814,0.15968575386994932
4,2,1,0,20,DBLCIX,rolling_mean_z,51,-0.02846059450907652,-0.22364955383787968,0.18871779368951025
4,2,1,1,20,DBLCIX,rolling_mean_z,51,0.013195700044925804,-0.23147883941502578,0.1577565279980688
4,2,1,2,20,DBLCIX,rolling_mean_z,51,-0.003212085040193752,-0.2571956075906756,0.16056608023867147
4,2,1,3,20,DBLCIX,rolling_mean_z,51,-0.018983038284110163,-0.261035328986166,0.1748198752726624
4,2,1,4,20,DBLCIX,rolling_mean_z,51,0.008737877156502902,-0.23419473991427509,0.18219963249131205
4,2,1,5,20,DBLCIX,rolling_mean_z,51,-0.04314518755329318,-0.2184425170186294,0.14234145137129545
4,2,1,6,20,DBLCIX,rolling_mean_z,51,-0.02729931291629406,-0.19083398366764046,0.11784215583324012
4,2,1,7,20,DBLCIX,rolling_mean_z,51,-0.030670775605017308,-0.20276521551606647,0.0944104901466138
4,2,1,8,20,DBLCIX,rolling_mean_z,51,-0.027486616399000928,-0.15962922344868,0.11533228916496838
4,2,1,9,20,DBLCIX,rolling_mean_z,51,-0.007819750714782142,-0.15629522145649824,0.12443523842452103
4,2,1,10,20,DBLCIX,rolling_mean_z,51,-0.027374234309376844,-0.1502827796616085,0.1439897220191157
4,2,3,-10,20,DBLCIX,rolling_mean_z,8,0.0812992463571346,-0.09803447316053417,0.1611092603385213
4,2,3,-9,20,DBLCIX,rolling_mean_z,8,0.09161966825428176,-0.1351861189554369,0.16172736183145395
4,2,3,-8,20,DBLCIX,rolling_mean_z,8,0.09600256974962194,-0.1649861030540959,0.19008510911327026
4,2,3,-7,20,DBLCIX,rolling_mean_z,8,0.00042160252431891476,-0.20481618865170653,0.14039349515114424
4,2,3,-6,20,DBLCIX,rolling_mean_z,8,0.032581610505084214,-0.2100700513416335,0.07591427122931285
4,2,3,-5,20,DBLCIX,rolling_mean_z,8,-0.014974743754183732,-0.08734880947210864,0.07800270506149416
4,2,3,-4,20,DBLCIX,rolling_mean_z,8,-0.01162201141373119,-0.07253310398999721,0.05080623937246026
4,2,3,-3,20,DBLCIX,rolling_mean_z,8,0.000665097051837825,-0.06404825622337715,0.024293431395306358
4,2,3,-2,20,DBLCIX,rolling_mean_z,8,-0.03349905819389071,-0.12389171894821413,0.021296575671996845
4,2,3,-1,20,DBLCIX,rolling_mean_z,8,-0.0543272054708919,-0.16330037170973433,-0.017906043258545806
4,2,3,0,20,DBLCIX,rolling_mean_z,8,-0.07820839951601456,-0.2059493747220829,-0.0058062382756837
4,2,3,1,20,DBLCIX,rolling_mean_z,8,-0.0971073209211353,-0.19897231999125287,0.023038498061170448
4,2,3,2,20,DBLCIX,rolling_mean_z,8,-0.11192302640324676,-0.22595338667517392,0.049757339869301906
4,2,3,3,20,DBLCIX,rolling_mean_z,8,-0.08871612489586861,-0.182911046349141,0.06883419958299407
4,2,3,4,20,DBLCIX,rolling_mean_z,8,-0.05030018059269474,-0.2563995677891716,0.021493244328839027
4,2,3,5,20,DBLCIX,rolling_mean_z,8,-0.11003126122790761,-0.26668252898977735,0.037039433393507154
4,2,3,6,20,DBLCIX,rolling_mean_z,8,-0.1998432811858398,-0.32467168723581663,0.009065658251239856
4,2,3,7,20,DBLCIX,rolling_mean_z,8,-0.16232639359965872,-0.3600158544225982,0.03719864135380799
4,2,3,8,20,DBLCIX,rolling_mean_z,8,-0.1547967935948435,-0.35717820665958955,-0.01087279748290386
4,2,3,9,20,DBLCIX,rolling_mean_z,8,-0.19916898864809507,-0.36033427034319987,-0.007295300963203126
4,2,3,10,20,DBLCIX,rolling_mean_z,8,-0.1837164513247804,-0.5146442445712341,0.027786641347788944
4,3,1,-10,20,DBLCIX,rolling_mean_z,11,-0.19703372894523707,-0.5773347202332152,0.1229930016076783
4,3,1,-9,20,DBLCIX,rolling_mean_z,11,-0.20332712596418706,-0.4190632773459311,0.09519716477398253
4,3,1,-8,20,DBLCIX,rolling_mean_z,11,-0.220072057318179,-0.5295723321429696,0.00042160252431891476
4,3,1,-7,20,DBLCIX,rolling_mean_z,11,-0.31050217876904374,-0.5065714644665691,0.032581610505084214
4,3,1,-6,20,DBLCIX,rolling_mean_z,11,-0.2930080334842244,-0.4282598783468372,-0.0019009606612459332
4,3,1,-5,20,DBLCIX,rolling_mean_z,11,-0.18013895480507963,-0.531632670452745,2.8265210634551008e-05
4,3,1,-4,20,DBLCIX,rolling_mean_z,11,-0.21220531104449153,-0.6030140277123236,0.007482943822366982
4,3,1,-3,20,DBLCIX,rolling_mean_z,11,-0.23531856081051608,-0.6608908038687387,-0.03765719550998262
4,3,1,-2,20,DBLCIX,rolling_mean_z,11,-0.32402549022047794,-0.5920380436257024,-0.13870742443032552
4,3,1,-1,20,DBLCIX,rolling_mean_z,11,-0.3832883121489238,-0.4837204395763339,-0.20195981054042705
4,3,1,0,20,DBLCIX,rolling_mean_z,11,-0.26427567923699435,-0.5367460555306418,-0.18897967918884273
4,3,1,1,20,DBLCIX,rolling_mean_z,11,-0.2131792891545671,-0.5861005232238954,-0.14953356573078116
4,3,1,2,20,DBLCIX,rolling_mean_z,11,-0.2948061469182101,-0.4222474365519474,-0.07416264428954669
4,3,1,3,20,DBLCIX,rolling_mean_z,11,-0.3625725469615466,-0.47012220673181704,0.032487958763730805
4,3,1,4,20,DBLCIX,rolling_mean_z,11,-0.3655694026848561,-0.581136980932164,0.02548280851049481
4,3,1,5,20,DBLCIX,rolling_mean_z,11,-0.31203806732723993,-0.5722026048070477,-0.08240399752864785
4,3,1,6,20,DBLCIX,rolling_mean_z,11,-0.32807124544694577,-0.48456330524851476,-0.09884924331030884
4,3,1,7,20,DBLCIX,rolling_mean_z,11,-0.38583563951373684,-0.6164998784672164,-0.007557525838992607
4,3,1,8,20,DBLCIX,rolling_mean_z,11,-0.3740355201032056,-0.6198900715042103,-0.012296303951475766
4,3,1,9,20,DBLCIX,rolling_mean_z,11,-0.4144930723678841,-0.6141773152816515,0.09341778168826755
4,3,1,10,20,DBLCIX,rolling_mean_z,11,-0.36613131313297675,-0.5509436595198207,0.03072730602628653
4,3,2,-10,20,DBLCIX,rolling_mean_z,5,-0.06667050498127293,-0.2015290125302014,0.1484288145592679
4,3,2,-9,20,DBLCIX,rolling_mean_z,5,-0.09551524131812707,-0.20737288119065495,0.11010652199744739
4,3,2,-8,20,DBLCIX,rolling_mean_z,5,-0.04516806516652716,-0.14132967318822137,0.05942219957697514
4,3,2,-7,20,DBLCIX,rolling_mean_z,5,-0.04187152387088668,-0.16616611499514902,-0.0077822900182408505
4,3,2,-6,20,DBLCIX,rolling_mean_z,5,-0.05475800348111763,-0.14219126920867284,0.07822746924074238
4,3,2,-5,20,DBLCIX,rolling_mean_z,5,-0.09191901445015568,-0.11450781446460119,0.0018825696894323452
4,3,2,-4,20,DBLCIX,rolling_mean_z,5,-0.06670796567781435,-0.12889272193648685,0.02113736771169602
4,3,2,-3,20,DBLCIX,rolling_mean_z,5,-0.021530365648923265,-0.15964795379695085,-0.02149290495238197
4,3,2,-2,20,DBLCIX,rolling_mean_z,5,-0.05325957561946282,-0.1986070781999746,-0.04145945620893164
4,3,2,-1,20,DBLCIX,rolling_mean_z,5,0.03881881647922214,-0.15275518563333895,0.05256689210990462
4,3,2,0,20,DBLCIX,rolling_mean_z,5,0.056350422460582826,-0.20295251899877345,0.08257291003954119
4,3,2,1,20,DBLCIX,rolling_mean_z,5,0.028854271199217983,-0.1724969727106404,0.10628553095022777
4,3,2,2,20,DBLCIX,rolling_mean_z,5,0.019039568705379373,-0.11645577068475241,0.13846426927926367
4,3,2,3,20,DBLCIX,rolling_mean_z,5,0.0032311547649216564,-0.10705313585286873,0.09321174785728992
4,3,2,4,20,DBLCIX,rolling_mean_z,5,-0.018983038284110163,-0.09233108211211069,0.12258093394572322
4,3,2,5,20,DBLCIX,rolling_mean_z,5,0.008737877156502902,-0.04947604526878463,0.0967330533321786
4,3,2,6,20,DBLCIX,rolling_mean_z,5,-0.046741414421264685,-0.06337396368563243,0.108345869260003
4,3,2,7,20,DBLCIX,rolling_mean_z,5,-0.045842357704271836,-0.07157785622819228,0.11505133394090805
4,3,2,8,20,DBLCIX,rolling_mean_z,5,-0.0013015895165840897,-0.13953155975423565,0.06313080853457062
4,3,2,9,20,DBLCIX,rolling_mean_z,5,0.06350541549998429,0.042976953795314146,0.10984429712165775
4,3,2,10,20,DBLCIX,rolling_mean_z,5,0.08695581153488134,0.0854948443697679,0.15682001058453449
4,0,1,-10,20,IBOXIG,rolling_mean_z,1,0.1013521123496531,0.1013521123496531,0.1013521123496531
4,0,1,-9,20,IBOXIG,rolling_mean_z,1,0.14176686231478364,0.14176686231478364,0.14176686231478364
4,0,1,-8,20,IBOXIG,rolling_mean_z,1,0.17418003426668366,0.17418003426668366,0.17418003426668366
4,0,1,-7,20,IBOXIG,rolling_mean_z,1,0.21717156359200712,0.21717156359200712,0.21717156359200712
4,0,1,-6,20,IBOXIG,rolling_mean_z,1,0.33448283446394644,0.33448283446394644,0.33448283446394644
4,0,1,-5,20,IBOXIG,rolling_mean_z,1,0.3297361356425385,0.3297361356425385,0.3297361356425385
4,0,1,-4,20,IBOXIG,rolling_mean_z,1,0.3111562002558846,0.3111562002558846,0.3111562002558846
4,0,1,-3,20,IBOXIG,rolling_mean_z,1,0.300713462848787,0.300713462848787,0.300713462848787
4,0,1,-2,20,IBOXIG,rolling_mean_z,1,0.3220057975619598,0.3220057975619598,0.3220057975619598
4,0,1,-1,20,IBOXIG,rolling_mean_z,1,0.34709549133225903,0.34709549133225903,0.34709549133225903
4,0,1,0,20,IBOXIG,rolling_mean_z,1,0.3898157807249306,0.3898157807249306,0.3898157807249306
4,0,1,1,20,IBOXIG,rolling_mean_z,1,0.35401210961488205,0.35401210961488205,0.35401210961488205
4,0,1,2,20,IBOXIG,rolling_mean_z,1,0.3347540743965983,0.3347540743965983,0.3347540743965983
4,0,1,3,20,IBOXIG,rolling_mean_z,1,0.31766595863952973,0.31766595863952973,0.31766595863952973
4,0,1,4,20,IBOXIG,rolling_mean_z,1,0.2844390668896741,0.2844390668896741,0.2844390668896741
4,0,1,5,20,IBOXIG,rolling_mean_z,1,0.24538051658780297,0.24538051658780297,0.24538051658780297
4,0,1,6,20,IBOXIG,rolling_mean_z,1,0.2423968773286322,0.2423968773286322,0.2423968773286322
4,0,1,7,20,IBOXIG,rolling_mean_z,1,0.21595098389507367,0.21595098389507367,0.21595098389507367
4,0,1,8,20,IBOXIG,rolling_mean_z,1,0.21174676493896943,0.21174676493896943,0.21174676493896943
4,0,1,9,20,IBOXIG,rolling_mean_z,1,0.17567185389626908,0.17567185389626908,0.17567185389626908
4,0,1,10,20,IBOXIG,rolling_mean_z,1,0.18706393106764813,0.18706393106764813,0.18706393106764813
4,0,2,-10,20,IBOXIG,rolling_mean_z,255,0.018352692958176993,-0.1520537947303684,0.13830855317347218
4,0,2,-9,20,IBOXIG,rolling_mean_z,255,0.020929472318369925,-0.14154324734010792,0.12162729731538147
4,0,2,-8,20,IBOXIG,rolling_mean_z,255,0.008045575517405437,-0.11780975323306822,0.13640987364490903
4,0,2,-7,20,IBOXIG,rolling_mean_z,255,0.014284093968398836,-0.12323455188610588,0.1493615804290363
4,0,2,-6,20,IBOXIG,rolling_mean_z,255,0.007231855719449762,-0.11299524442849723,0.14624232120353975
4,0,2,-5,20,IBOXIG,rolling_mean_z,255,0.010351114944946466,-0.11068970500095623,0.15159930987341444
4,0,2,-4,20,IBOXIG,rolling_mean_z,255,0.025540551173451838,-0.1344231991079961,0.13783388329133142
4,0,2,-3,20,IBOXIG,rolling_mean_z,255,0.018895172823480716,-0.11875909299734978,0.1496328203616883
4,0,2,-2,20,IBOXIG,rolling_mean_z,255,0.011029214776576007,-0.1262181911452766,0.14875129058056968
4,0,2,-1,20,IBOXIG,rolling_mean_z,255,0.02187881208265153,-0.13950894784521892,0.13946132288724267
4,0,2,0,20,IBOXIG,rolling_mean_z,255,0.014962193800028315,-0.1418144872727598,0.1376982633250055
4,0,2,1,20,IBOXIG,rolling_mean_z,255,0.004790696325582866,-0.13903427796307796,0.12969668531177492
4,0,2,2,20,IBOXIG,rolling_mean_z,255,0.006418135921494183,-0.13449100909115902,0.12576370628832265
4,0,2,3,20,IBOXIG,rolling_mean_z,255,0.0009933372684565727,-0.1360506387039073,0.13586739377960527
4,0,2,4,20,IBOXIG,rolling_mean_z,255,0.004112596493953083,-0.1240482716840616,0.13980037280305757
4,0,2,5,20,IBOXIG,rolling_mean_z,256,0.013063514271465244,-0.13900037297149653,0.13742702339235358
4,0,2,6,20,IBOXIG,rolling_mean_z,256,0.0219466220658144,-0.14418783668346388,0.15780392333282625
4,0,2,7,20,IBOXIG,rolling_mean_z,256,0.015775913597984144,-0.14459469658244167,0.1645510166575419
4,0,2,8,20,IBOXIG,rolling_mean_z,256,0.013199134237791229,-0.15415590420842046,0.1489547205300586
4,0,2,9,20,IBOXIG,rolling_mean_z,256,0.011436074675553996,-0.16012318272676185,0.15749877840859278
4,0,2,10,20,IBOXIG,rolling_mean_z,256,-0.0012443921759215935,-0.13825446315670392,0.15051435014280704
4,0,3,-10,20,IBOXIG,rolling_mean_z,1,-0.2028434721194335,-0.2028434721194335,-0.2028434721194335
4,0,3,-9,20,IBOXIG,rolling_mean_z,1,-0.2680766759222113,-0.2680766759222113,-0.2680766759222113
4,0,3,-8,20,IBOXIG,rolling_mean_z,1,-0.2918101700292511,-0.2918101700292511,-0.2918101700292511
4,0,3,-7,20,IBOXIG,rolling_mean_z,1,-0.231730524946859,-0.231730524946859,-0.231730524946859
4,0,3,-6,20,IBOXIG,rolling_mean_z,1,-0.22969622545196988,-0.22969622545196988,-0.22969622545196988
4,0,3,-5,20,IBOXIG,rolling_mean_z,1,-0.1705659201338594,-0.1705659201338594,-0.1705659201338594
4,0,3,-4,20,IBOXIG,rolling_mean_z,1,-0.17816063824811215,-0.17816063824811215,-0.17816063824811215
4,0,3,-3,20,IBOXIG,rolling_mean_z,1,-0.14710366595947152,-0.14710366595947152,-0.14710366595947152
4,0,3,-2,20,IBOXIG,rolling_mean_z,1,-0.17368517935935607,-0.17368517935935607,-0.17368517935935607
4,0,3,-1,20,IBOXIG,rolling_mean_z,1,-0.18182237733891254,-0.18182237733891254,-0.18182237733891254
4,0,3,0,20,IBOXIG,rolling_mean_z,1,-0.3716903301952306,-0.3716903301952306,-0.3716903301952306
4,0,3,1,20,IBOXIG,rolling_mean_z,1,-0.40790086120425695,-0.40790086120425695,-0.40790086120425695
4,0,3,2,20,IBOXIG,rolling_mean_z,1,-0.4583514886775072,-0.4583514886775072,-0.4583514886775072
4,0,3,3,20,IBOXIG,rolling_mean_z,1,-0.5073102965211721,-0.5073102965211721,-0.5073102965211721
4,0,3,4,20,IBOXIG,rolling_mean_z,1,-0.51205699534258,-0.51205699534258,-0.51205699534258
4,0,3,5,20,IBOXIG,rolling_mean_z,1,-0.5858342570238921,-0.5858342570238921,-0.5858342570238921
4,0,3,6,20,IBOXIG,rolling_mean_z,1,-0.6566278794460335,-0.6566278794460335,-0.6566278794460335
4,0,3,7,20,IBOXIG,rolling_mean_z,1,-0.6566278794460335,-0.6566278794460335,-0.6566278794460335
4,0,3,8,20,IBOXIG,rolling_mean_z,1,-0.6095677511309319,-0.6095677511309319,-0.6095677511309319
4,0,3,9,20,IBOXIG,rolling_mean_z,1,-0.634793064867557,-0.634793064867557,-0.634793064867557
4,0,3,10,20,IBOXIG,rolling_mean_z,1,-0.5677968015025419,-0.5677968015025419,-0.5677968015025419
4,1,0,-10,20,IBOXIG,rolling_mean_z,2,-0.004431461384581184,-0.11523297387287534,0.10637005110371298
4,1,0,-9,20,IBOXIG,rolling_mean_z,2,-0.07074962491796655,-0.27336585460892304,0.13186660477298995
4,1,0,-8,20,IBOXIG,rolling_mean_z,2,-0.11441925407491968,-0.3364969489336488,0.10765844078380943
4,1,0,-7,20,IBOXIG,rolling_mean_z,2,0.02445559144284437,-0.11889471296367574,0.16780589584936448
4,1,0,-6,20,IBOXIG,rolling_mean_z,2,-0.0011765821927585962,-0.15212160471353142,0.14976844032801423
4,1,0,-5,20,IBOXIG,rolling_mean_z,2,-0.001176582192758624,-0.16276777207011783,0.16041460768460059
4,1,0,-4,20,IBOXIG,rolling_mean_z,2,-0.05352588919457196,-0.25383657945798743,0.14678480106884353
4,1,0,-3,20,IBOXIG,rolling_mean_z,2,0.0505624349605881,-0.11906423792158316,0.22018910784275936
4,1,0,-2,20,IBOXIG,rolling_mean_z,2,-0.019959947528901456,-0.2069459761007932,0.1670260810429903
4,1,0,-1,20,IBOXIG,rolling_mean_z,2,-0.09685646843571027,-0.3126617398518646,0.11894880298044402
4,1,0,0,20,IBOXIG,rolling_mean_z,2,-0.16927753045376298,-0.41274927500040937,0.07419421409288338
4,1,0,1,20,IBOXIG,rolling_mean_z,2,-0.20847170072196006,-0.45492708452777714,0.03798368308385702
4,1,0,2,20,IBOXIG,rolling_mean_z,2,-0.15239284464618327,-0.3512795252631764,0.04649383597080986
4,1,0,3,20,IBOXIG,rolling_mean_z,2,-0.12337017185243185,-0.30625369644296385,0.059513352738100156
4,1,0,4,20,IBOXIG,rolling_mean_z,2,-0.08688840091075356,-0.23830809331366717,0.06453129149216005
4,1,0,5,20,IBOXIG,rolling_mean_z,2,-0.040370752460955645,-0.1664295111609182,0.08568800623900691
4,1,0,6,20,IBOXIG,rolling_mean_z,2,-0.05705200831904643,-0.1734139394267042,0.05930992278861133
4,1,0,7,20,IBOXIG,rolling_mean_z,2,-0.0772593833016117,-0.2094210404862416,0.054902273883018216
4,1,0,8,20,IBOXIG,rolling_mean_z,2,-0.05454303894201651,-0.19006129029321348,0.08097521240918046
4,1,0,9,20,IBOXIG,rolling_mean_z,2,0.014284093968398776,-0.08261637197148637,0.11118455990828392
4,1,0,10,20,IBOXIG,rolling_mean_z,2,0.10630224112055006,0.055410848756740565,0.15719363348435955
4,1,2,-10,20,IBOXIG,rolling_mean_z,54,-0.013246759195767411,-0.27540015410381224,0.27525081417109154
4,1,2,-9,20,IBOXIG,rolling_mean_z,54,-0.0036855515697884647,-0.28557165157825787,0.20727130605021338
4,1,2,-8,20,IBOXIG,rolling_mean_z,54,-0.047422990709904606,-0.31849339840388013,0.24460070178142876
4,1,2,-7,20,IBOXIG,rolling_mean_z,54,-0.034810333841592114,-0.2995066031182483,0.22683448619273044
4,1,2,-6,20,IBOXIG,rolling_mean_z,54,0.00045085740315268553,-0.2893351056438026,0.24643157132682897
4,1,2,-5,20,IBOXIG,rolling_mean_z,54,-0.023214826720724117,-0.2722808948783155,0.1928616846280822
4,1,2,-4,20,IBOXIG,rolling_mean_z,54,0.012317604456672543,-0.2173887135078908,0.2262920063274267
4,1,2,-3,20,IBOXIG,rolling_mean_z,54,-0.011890559532508005,-0.20464043667325227,0.21527288406344391
4,1,2,-2,20,IBOXIG,rolling_mean_z,54,-0.043625631652778316,-0.178364068197601,0.2618922474879864
4,1,2,-1,20,IBOXIG,rolling_mean_z,54,0.00031523743682674855,-0.14961263533650157,0.2549078192222004
4,1,2,0,20,IBOXIG,rolling_mean_z,54,0.0218110020994884,-0.172837554569819,0.2592815631362119
4,1,2,1,20,IBOXIG,rolling_mean_z,54,0.00499412627507177,-0.145035461473001,0.2376162735156428
4,1,2,2,20,IBOXIG,rolling_mean_z,54,0.016928683311754546,-0.1827717171031942,0.22574952646212293
4,1,2,3,20,IBOXIG,rolling_mean_z,54,0.0603948825192188,-0.1980967732980256,0.21815480834787024
4,1,2,4,20,IBOXIG,rolling_mean_z,54,0.009198345231175901,-0.21864319819640568,0.2204603477754112
4,1,2,5,20,IBOXIG,rolling_mean_z,54,0.03164344965811921,-0.25678631372557675,0.2331069096353054
4,1,2,6,20,IBOXIG,rolling_mean_z,54,0.02384530159437757,-0.2307811851825775,0.19811695832321233
4,1,2,7,20,IBOXIG,rolling_mean_z,54,-0.0019903019907142492,-0.21223515478750501,0.21523897907186254
4,1,2,8,20,IBOXIG,rolling_mean_z,54,-0.037319303218622014,-0.20596273134493023,0.21171285994738795
4,1,2,9,20,IBOXIG,rolling_mean_z,54,-0.020027757512064454,-0.21481193414769775,0.2604343328499824
4,1,2,10,20,IBOXIG,rolling_mean_z,54,0.005672226106701449,-0.19192606483019525,0.19316682955231554
4,1,3,-10,20,IBOXIG,rolling_mean_z,7,-0.5668474617382604,-0.752782435571126,0.0007220973358045835
4,1,3,-9,20,IBOXIG,rolling_mean_z,7,-0.588682276316737,-0.748103546732881,-0.008974730256500224
4,1,3,-8,20,IBOXIG,rolling_mean_z,7,-0.5517936454760808,-0.8032330630443764,-0.09394063915970252
4,1,3,-7,20,IBOXIG,rolling_mean_z,7,-0.5984469138922046,-0.7422718881808656,-0.18412791676645363
4,1,3,-6,20,IBOXIG,rolling_mean_z,7,-0.5557266244995331,-0.697313869343816,-0.14235696713806362
4,1,3,-5,20,IBOXIG,rolling_mean_z,7,-0.497816898878356,-0.5789176387412691,-0.14703585597630858
4,1,3,-4,20,IBOXIG,rolling_mean_z,7,-0.47245596517540517,-0.592954305256004,-0.0687153254230774
4,1,3,-3,20,IBOXIG,rolling_mean_z,7,-0.2797399930262423,-0.6132973002048954,-0.06423986653432132
4,1,3,-2,20,IBOXIG,rolling_mean_z,7,-0.4591652084754629,-0.771023321041965,-0.1794490279282086
4,1,3,-1,20,IBOXIG,rolling_mean_z,7,-0.47082852557949384,-0.8718567660053027,-0.04355782166961525
4,1,3,0,20,IBOXIG,rolling_mean_z,7,-0.6863286520714148,-0.8094037715122067,-0.08885489042247965
4,1,3,1,20,IBOXIG,rolling_mean_z,7,-0.7637676528435275,-0.8520562509217153,-0.26658485629262596
4,1,3,2,20,IBOXIG,rolling_mean_z,7,-0.7720404707894098,-0.8466992622518406,-0.39216894511044775
4,1,3,3,20,IBOXIG,rolling_mean_z,7,-0.6955508097815788,-1.110141046839982,-0.5548450947184146
4,1,3,4,20,IBOXIG,rolling_mean_z,7,-0.7702774112271725,-1.3447635885838607,-0.4972744190130524
4,1,3,5,20,IBOXIG,rolling_mean_z,7,-0.8368668146932098,-1.1433001286066746,-0.553692325004644
4,1,3,6,20,IBOXIG,rolling_mean_z,7,-0.7717692308567579,-1.2215528491767427,-0.6800223236372585
4,1,3,7,20,IBOXIG,rolling_mean_z,7,-0.7534605354027557,-1.5079822180571312,-0.6044820023937092
4,1,3,8,20,IBOXIG,rolling_mean_z,7,-0.8905723213582826,-1.5235785141846145,-0.5206010532211144
4,1,3,9,20,IBOXIG,rolling_mean_z,7,-0.8081153818321102,-1.3587324451154323,-0.45482536955303277
4,1,3,10,20,IBOXIG,rolling_mean_z,7,-0.8931491007184753,-1.2157890006078902,-0.43007472569854843
4,2,0,-10,20,IBOXIG,rolling_mean_z,256,0.0010611472516194433,-0.12737096085904703,0.1469882310183324
4,2,0,-9,20,IBOXIG,rolling_mean_z,256,0.020793852352043903,-0.12448903657462085,0.15587133881268148
4,2,0,-8,20,IBOXIG,rolling_mean_z,256,0.03144001970863029,-0.1276082958001175,0.13729140342602758
4,2,0,-7,20,IBOXIG,rolling_mean_z,256,0.014419713934724715,-0.12058996254275005,0.13698625850179416
4,2,0,-6,20,IBOXIG,rolling_mean_z,256,0.013063514271465296,-0.13333823937738865,0.1680771357820164
4,2,0,-5,20,IBOXIG,rolling_mean_z,256,0.01638620344645085,-0.1312361298993365,0.15627819871165946
4,2,0,-4,20,IBOXIG,rolling_mean_z,256,0.019437652688784536,-0.13316871441948105,0.15736315844226698
4,2,0,-3,20,IBOXIG,rolling_mean_z,256,0.020319182469903115,-0.12401436669248006,0.14464878659921
4,2,0,-2,20,IBOXIG,rolling_mean_z,256,0.007706525601590599,-0.13984799776103363,0.13379918929313472
4,2,0,-1,20,IBOXIG,rolling_mean_z,256,0.012317604456672578,-0.15293532451148714,0.14244496214641336
4,2,0,0,20,IBOXIG,rolling_mean_z,256,0.014826573833702464,-0.15825840818978024,0.14729337594256572
4,2,0,1,20,IBOXIG,rolling_mean_z,256,0.006960615786797774,-0.1428994470033674,0.1405123776262687
4,2,0,2,20,IBOXIG,rolling_mean_z,256,0.011707314608205857,-0.1423908721296451,0.14661527611093605
4,2,0,3,20,IBOXIG,rolling_mean_z,256,0.01862393289082879,-0.13171079978147726,0.16604283628712718
4,2,0,4,20,IBOXIG,rolling_mean_z,256,0.023980921560703528,-0.14093295749164125,0.16112661250781182
4,2,0,5,20,IBOXIG,rolling_mean_z,256,0.018691742873991755,-0.1385596080809373,0.1644153966912159
4,2,0,6,20,IBOXIG,rolling_mean_z,256,0.027235800752526178,-0.14106857745796714,0.1566850586106371
4,2,0,7,20,IBOXIG,rolling_mean_z,256,0.025947411072429698,-0.12198006719759082,0.15895669304659682
4,2,0,8,20,IBOXIG,rolling_mean_z,256,0.023506251678562733,-0.12431951161671341,0.14980234531959574
4,2,0,9,20,IBOXIG,rolling_mean_z,256,0.0335421291866825,-0.12272597701238347,0.15288769955351086
4,2,0,10,20,IBOXIG,rolling_mean_z,256,0.030694109893837633,-0.12791344072435085,0.15112463999127354
4,2,1,-10,20,IBOXIG,rolling_mean_z,51,0.000993337268456429,-0.28190991248745745,0.21161114497264355
4,2,1,-9,20,IBOXIG,rolling_mean_z,51,-0.06681664589451428,-0.26950068556863377,0.22720744110012675
4,2,1,-8,20,IBOXIG,rolling_mean_z,51,-0.029385535188554468,-0.2947259993052589,0.20659320621858362
4,2,1,-7,20,IBOXIG,rolling_mean_z,51,-0.03684463333648122,-0.2871990911741692,0.26192615247956785
4,2,1,-6,20,IBOXIG,rolling_mean_z,51,-0.029385535188554468,-0.25926137811102523,0.15417608923360737
4,2,1,-5,20,IBOXIG,rolling_mean_z,51,-0.039828272595651956,-0.2713993650971969,0.192081869821708
4,2,1,-4,20,IBOXIG,rolling_mean_z,51,-0.028029335525295053,-0.2878771910057988,0.18272409214521806
4,2,1,-3,20,IBOXIG,rolling_mean_z,51,-0.0432187717538005,-0.31072915533171996,0.20869531569663585
4,2,1,-2,20,IBOXIG,rolling_mean_z,51,-0.05298340932926817,-0.2937088495578143,0.17377317436770592
4,2,1,-1,20,IBOXIG,rolling_mean_z,51,-0.06871532542307748,-0.21966034794385025,0.1265774260862783
4,2,1,0,20,IBOXIG,rolling_mean_z,51,-0.05745886821802433,-0.27682416375023466,0.2304623202919494
4,2,1,1,20,IBOXIG,rolling_mean_z,51,-0.0432187717538005,-0.2229152271356729,0.22456285175677093
4,2,1,2,20,IBOXIG,rolling_mean_z,51,0.000993337268456438,-0.21613422881937577,0.24904225567860336
4,2,1,3,20,IBOXIG,rolling_mean_z,51,0.02784609060099285,-0.24915769061974258,0.2253087615715636
4,2,1,4,20,IBOXIG,rolling_mean_z,51,-0.016366018421264082,-0.23715532359989674,0.16366948687642321
4,2,1,5,20,IBOXIG,rolling_mean_z,51,0.004519456392931059,-0.26387245696610717,0.11430381913378063
4,2,1,6,20,IBOXIG,rolling_mean_z,51,-0.04281191185482265,-0.2833339221338798,0.1665853161524309
4,2,1,7,20,IBOXIG,rolling_mean_z,51,-0.048372330474186265,-0.2814352426053166,0.15953307790348198
4,2,1,8,20,IBOXIG,rolling_mean_z,51,-0.10940131532085975,-0.27133155511403395,0.17506156404780235
4,2,1,9,20,IBOXIG,rolling_mean_z,51,-0.11889471296367582,-0.2539721994243135,0.16136394744888216
4,2,1,10,20,IBOXIG,rolling_mean_z,51,-0.11157123478207494,-0.29221702992822896,0.15180273982290332
4,2,3,-10,20,IBOXIG,rolling_mean_z,8,0.07083761992631629,-0.025723796097754097,0.19374321440920061
4,2,3,-9,20,IBOXIG,rolling_mean_z,8,0.12189853724803326,0.015640293631658045,0.16556816640498626
4,2,3,-8,20,IBOXIG,rolling_mean_z,8,0.10942150034604659,-0.04152352217472627,0.13481633904057905
4,2,3,-7,20,IBOXIG,rolling_mean_z,8,0.16543254643866045,-0.13879694302200776,0.18153741743986587
4,2,3,-6,20,IBOXIG,rolling_mean_z,8,0.13471462406583468,-0.14690023600998278,0.15749877840859283
4,2,3,-5,20,IBOXIG,rolling_mean_z,8,0.069006750380916,-0.1975203884411404,0.1669243660682458
4,2,3,-4,20,IBOXIG,rolling_mean_z,8,0.10141992233281602,-0.2139643093581608,0.1948620791313897
4,2,3,-3,20,IBOXIG,rolling_mean_z,8,0.055648183697810785,-0.14883282053012747,0.23788751344829462
4,2,3,-2,20,IBOXIG,rolling_mean_z,8,0.07110885985896812,-0.03203012453191036,0.2627398722775233
4,2,3,-1,20,IBOXIG,rolling_mean_z,8,0.012453224422998354,-0.032199649489817676,0.28220133744529596
4,2,3,0,20,IBOXIG,rolling_mean_z,8,0.017471163177058248,-0.16344587190174764,0.16007555776878568
4,2,3,1,20,IBOXIG,rolling_mean_z,8,0.12359378682710738,-0.1483581506479867,0.26863934081270185
4,2,3,2,20,IBOXIG,rolling_mean_z,8,-0.014399528909538018,-0.11282571947059003,0.18774203089927777
4,2,3,3,20,IBOXIG,rolling_mean_z,8,0.03110096979281532,-0.08353180674418664,0.10331860186137923
4,2,3,4,20,IBOXIG,rolling_mean_z,8,-0.04118447225891141,-0.2073189310081897,0.18625021126969232
4,2,3,5,20,IBOXIG,rolling_mean_z,8,-0.020027757512064544,-0.28479183677188374,0.27264012981931707
4,2,3,6,20,IBOXIG,rolling_mean_z,8,-0.023282636703887145,-0.2966924888169851,0.24517708663831392
4,2,3,7,20,IBOXIG,rolling_mean_z,8,-0.007821960542729815,-0.3387007733864454,0.21791747340679968
4,2,3,8,20,IBOXIG,rolling_mean_z,8,0.03035505997802264,-0.42675203652356297,0.2002868777844274
4,2,3,9,20,IBOXIG,rolling_mean_z,8,0.06954923024621978,-0.4120033651856168,0.19442131424083034
4,2,3,10,20,IBOXIG,rolling_mean_z,8,0.08053444751862104,-0.5182277038104105,0.18740298098346284
4,3,1,-10,20,IBOXIG,rolling_mean_z,11,-0.14656118609416782,-0.6539154801195147,0.14814100073210296
4,3,1,-9,20,IBOXIG,rolling_mean_z,11,0.12386502675975926,-0.5646775422770453,0.1738409843508688
4,3,1,-8,20,IBOXIG,rolling_mean_z,11,0.048053465583558164,-0.5039876073461865,0.15098902002494763
4,3,1,-7,20,IBOXIG,rolling_mean_z,11,0.13959694285356866,-0.461063888004026,0.16950114542843864
4,3,1,-6,20,IBOXIG,rolling_mean_z,11,0.01672525336226551,-0.5943105049192634,0.12969668531177492
4,3,1,-5,20,IBOXIG,rolling_mean_z,11,0.03964502767134977,-0.6596793286883673,0.2029314671277833
4,3,1,-4,20,IBOXIG,rolling_mean_z,11,-0.02599503603040589,-0.6180439990263034,0.27731901865756214
4,3,1,-3,20,IBOXIG,rolling_mean_z,11,-0.32083284282300256,-0.6653753672740568,0.32214141752828584
4,3,1,-2,20,IBOXIG,rolling_mean_z,11,-0.47720266399681305,-0.8086578616974139,0.16672093611875682
4,3,1,-1,20,IBOXIG,rolling_mean_z,11,-0.47069290561316784,-0.8100818713438365,0.1962860887778122
4,3,1,0,20,IBOXIG,rolling_mean_z,11,-0.47245596517540517,-0.7679040618164688,0.12888296551381917
4,3,1,1,20,IBOXIG,rolling_mean_z,11,-0.30713522622408246,-0.7477644968170662,0.05157958470803255
4,3,1,2,20,IBOXIG,rolling_mean_z,11,-0.3748095894207273,-0.8092681515458808,0.033406509220356394
4,3,1,3,20,IBOXIG,rolling_mean_z,11,-0.6109239507941914,-0.7391526289553689,0.12013547768579605
4,3,1,4,20,IBOXIG,rolling_mean_z,11,-0.4308206355133411,-0.7247091025416562,0.1355283438637904
4,3,1,5,20,IBOXIG,rolling_mean_z,11,-0.08363352171893115,-0.7626148831297568,0.282540387361111
4,3,1,6,20,IBOXIG,rolling_mean_z,11,-0.07414012407611524,-0.7443061876757548,0.4242632521717198
4,3,1,7,20,IBOXIG,rolling_mean_z,11,-0.023147016737561255,-0.709248426380499,0.4431822374741886
4,3,1,8,20,IBOXIG,rolling_mean_z,11,0.06310728184573752,-0.7523077656889852,0.4147698545289038
4,3,1,9,20,IBOXIG,rolling_mean_z,11,0.05212206457333636,-0.7569866545272302,0.40846352609474756
4,3,1,10,20,IBOXIG,rolling_mean_z,11,-0.038065213033414744,-0.6223838379487334,0.2204264427838297
4,3,2,-10,20,IBOXIG,rolling_mean_z,5,-0.19633371373578823,-0.22969622545196988,0.010079875012294381
4,3,2,-9,20,IBOXIG,rolling_mean_z,5,-0.1705659201338594,-0.3274782211729736,-0.0759031836383525
4,3,2,-8,20,IBOXIG,rolling_mean_z,5,-0.17816063824811215,-0.41522433938585773,-0.05745886821802446
4,3,2,-7,20,IBOXIG,rolling_mean_z,5,-0.14710366595947152,-0.3756233092186828,-0.1381527481819596
4,3,2,-6,20,IBOXIG,rolling_mean_z,5,-0.17368517935935607,-0.3640956120809778,-0.16392054178388848
4,3,2,-5,20,IBOXIG,rolling_mean_z,5,-0.18182237733891254,-0.28340173211704267,-0.1039765166678224
4,3,2,-4,20,IBOXIG,rolling_mean_z,5,-0.051355969733356786,-0.3716903301952306,-0.02558817613142822
4,3,2,-3,20,IBOXIG,rolling_mean_z,5,-0.05081348986805303,-0.40790086120425695,-0.020841477310020284
4,3,2,-2,20,IBOXIG,rolling_mean_z,5,-0.05745886821802447,-0.4583514886775072,0.21215362483794714
4,3,2,-1,20,IBOXIG,rolling_mean_z,5,-0.028571815390598897,-0.3594845332258959,-0.020841477310020277
4,3,2,0,20,IBOXIG,rolling_mean_z,5,-0.03060611488548807,-0.2797399930262423,-0.01812907798350142
4,3,2,1,20,IBOXIG,rolling_mean_z,5,-0.10994379518616379,-0.49944433847426745,0.038831307873393964
4,3,2,2,20,IBOXIG,rolling_mean_z,5,-0.22277960716934703,-0.47082852557949384,0.09267243450479272
4,3,2,3,20,IBOXIG,rolling_mean_z,5,-0.2873347111404952,-0.32476582184645486,0.18068979265032872
4,3,2,4,20,IBOXIG,rolling_mean_z,5,-0.32083284282300256,-0.3923045650767739,0.16468663662386765
4,3,2,5,20,IBOXIG,rolling_mean_z,5,-0.40993516069914626,-0.47720266399681305,0.13647768362807183
4,3,2,6,20,IBOXIG,rolling_mean_z,5,-0.3924401850430998,-0.47069290561316784,0.08385713669360653
4,3,2,7,20,IBOXIG,rolling_mean_z,5,-0.4622844677009595,-0.4843905222120881,0.10447137157514966
4,3,2,8,20,IBOXIG,rolling_mean_z,5,-0.38321802733293575,-0.4319055952439486,0.12467874655771491
4,3,2,9,20,IBOXIG,rolling_mean_z,5,-0.2505817002661651,-0.486560441673303,0.1390544629882647
4,3,2,10,20,IBOXIG,rolling_mean_z,5,-0.21382868939183494,-0.542164627866939,0.2566369737928559
4,0,1,-10,20,JPEICORE,rolling_mean_z,1,-0.001069797816661211,-0.001069797816661211,-0.001069797816661211
4,0,1,-9,20,JPEICORE,rolling_mean_z,1,-0.0004154006450881251,-0.0004154006450881251,-0.0004154006450881251
4,0,1,-8,20,JPEICORE,rolling_mean_z,1,-0.0032199599518299158,-0.0032199599518299158,-0.0032199599518299158
4,0,1,-7,20,JPEICORE,rolling_mean_z,1,0.036791752824352965,0.036791752824352965,0.036791752824352965
4,0,1,-6,20,JPEICORE,rolling_mean_z,1,0.06717447864738903,0.06717447864738903,0.06717447864738903
4,0,1,-5,20,JPEICORE,rolling_mean_z,1,0.06876372892120938,0.06876372892120938,0.06876372892120938
4,0,1,-4,20,JPEICORE,rolling_mean_z,1,0.060910962862332364,0.060910962862332364,0.060910962862332364
4,0,1,-3,20,JPEICORE,rolling_mean_z,1,0.0759620978085133,0.0759620978085133,0.0759620978085133
4,0,1,-2,20,JPEICORE,rolling_mean_z,1,0.09559401295570584,0.09559401295570584,0.09559401295570584
4,0,1,-1,20,JPEICORE,rolling_mean_z,1,0.14018650593290033,0.14018650593290033,0.14018650593290033
4,0,1,0,20,JPEICORE,rolling_mean_z,1,0.17524349726717267,0.17524349726717267,0.17524349726717267
4,0,1,1,20,JPEICORE,rolling_mean_z,1,0.17991776277840904,0.17991776277840904,0.17991776277840904
4,0,1,2,20,JPEICORE,rolling_mean_z,1,0.1895467497315558,0.1895467497315558,0.1895467497315558
4,0,1,3,20,JPEICORE,rolling_mean_z,1,0.1941275299325674,0.1941275299325674,0.1941275299325674
4,0,1,4,20,JPEICORE,rolling_mean_z,1,0.20609364964133237,0.20609364964133237,0.20609364964133237
4,0,1,5,20,JPEICORE,rolling_mean_z,1,0.19020114690312892,0.19020114690312892,0.19020114690312892
4,0,1,6,20,JPEICORE,rolling_mean_z,1,0.24339428842099817,0.24339428842099817,0.24339428842099817
4,0,1,7,20,JPEICORE,rolling_mean_z,1,0.2355415223621212,0.2355415223621212,0.2355415223621212
4,0,1,8,20,JPEICORE,rolling_mean_z,1,0.23245650712470525,0.23245650712470525,0.23245650712470525
4,0,1,9,20,JPEICORE,rolling_mean_z,1,0.17907639498638647,0.17907639498638647,0.17907639498638647
4,0,1,10,20,JPEICORE,rolling_mean_z,1,0.1695408933434644,0.1695408933434644,0.1695408933434644
4,0,2,-10,20,JPEICORE,rolling_mean_z,255,0.004726291417271796,-0.1135793686721194,0.10606436770087521
4,0,2,-9,20,JPEICORE,rolling_mean_z,255,-0.009296505116437098,-0.11951568587138947,0.10821452983604392
4,0,2,-8,20,JPEICORE,rolling_mean_z,255,-0.001256768437110692,-0.12652708413824398,0.1090091549729541
4,0,2,-7,20,JPEICORE,rolling_mean_z,255,0.005193717968395445,-0.12535851776043494,0.11373016313930268
4,0,2,-6,20,JPEICORE,rolling_mean_z,255,0.005287203278620203,-0.12638685617290688,0.10498928663329088
4,0,2,-5,20,JPEICORE,rolling_mean_z,255,-0.0006023712655375268,-0.10502546278655689,0.11910556847722453
4,0,2,-4,20,JPEICORE,rolling_mean_z,255,0.0016412761798558413,-0.11717855311577131,0.1103179493161002
4,0,2,-3,20,JPEICORE,rolling_mean_z,255,0.0036044676945751588,-0.13120134964948035,0.10470883070261666
4,0,2,-2,20,JPEICORE,rolling_mean_z,255,-0.00321995995182988,-0.11909500197537821,0.09872577084823414
4,0,2,-1,20,JPEICORE,rolling_mean_z,255,0.0048197767274966025,-0.11428050849880494,0.10489580132306614
4,0,2,0,20,JPEICORE,rolling_mean_z,255,-0.022664904478573007,-0.1423728442213352,0.0968093219886273
4,0,2,1,20,JPEICORE,rolling_mean_z,255,-0.029676302745427464,-0.1348472767482447,0.09409824799211026
4,0,2,2,20,JPEICORE,rolling_mean_z,255,-0.03117206770902307,-0.1508332647966728,0.10237169794699852
4,0,2,3,20,JPEICORE,rolling_mean_z,255,-0.024534610683067542,-0.1525160003807179,0.08629222458834551
4,0,2,4,20,JPEICORE,rolling_mean_z,255,-0.02612386095688789,-0.14947772779841428,0.09264922568362693
4,0,2,5,20,JPEICORE,rolling_mean_z,256,-0.02640431688756202,-0.1469068817672343,0.08379149253983406
4,0,2,6,20,JPEICORE,rolling_mean_z,256,-0.0225246765132359,-0.15903660076889262,0.09984759457093097
4,0,2,7,20,JPEICORE,rolling_mean_z,256,-0.03014372929655109,-0.1658142857601852,0.08542748546876691
4,0,2,8,20,JPEICORE,rolling_mean_z,256,-0.032667832672618684,-0.16775410594734827,0.07254988398531081
4,0,2,9,20,JPEICORE,rolling_mean_z,256,-0.02673151547334854,-0.16948358418650575,0.08023905075129455
4,0,2,10,20,JPEICORE,rolling_mean_z,256,-0.02733916998980941,-0.1661882270010842,0.0814777311117722
4,0,3,-10,20,JPEICORE,rolling_mean_z,1,-0.11371959663745645,-0.11371959663745645,-0.11371959663745645
4,0,3,-9,20,JPEICORE,rolling_mean_z,1,-0.18252478496285507,-0.18252478496285507,-0.18252478496285507
4,0,3,-8,20,JPEICORE,rolling_mean_z,1,-0.2100094661689246,-0.2100094661689246,-0.2100094661689246
4,0,3,-7,20,JPEICORE,rolling_mean_z,1,-0.20879415713600316,-0.20879415713600316,-0.20879415713600316
4,0,3,-6,20,JPEICORE,rolling_mean_z,1,-0.23683975020342105,-0.23683975020342105,-0.23683975020342105
4,0,3,-5,20,JPEICORE,rolling_mean_z,1,-0.24562736936454535,-0.24562736936454535,-0.24562736936454535
4,0,3,-4,20,JPEICORE,rolling_mean_z,1,-0.21197265768364387,-0.21197265768364387,-0.21197265768364387
4,0,3,-3,20,JPEICORE,rolling_mean_z,1,-0.20542868596791303,-0.20542868596791303,-0.20542868596791303
4,0,3,-2,20,JPEICORE,rolling_mean_z,1,-0.1613971048520669,-0.1613971048520669,-0.1613971048520669
4,0,3,-1,20,JPEICORE,rolling_mean_z,1,-0.09053523970172432,-0.09053523970172432,-0.09053523970172432
4,0,3,0,20,JPEICORE,rolling_mean_z,1,-0.19533227246364257,-0.19533227246364257,-0.19533227246364257
4,0,3,1,20,JPEICORE,rolling_mean_z,1,-0.3690279788611841,-0.3690279788611841,-0.3690279788611841
4,0,3,2,20,JPEICORE,rolling_mean_z,1,-0.6315347299722157,-0.6315347299722157,-0.6315347299722157
4,0,3,3,20,JPEICORE,rolling_mean_z,1,-0.4875673522261371,-0.4875673522261371,-0.4875673522261371
4,0,3,4,20,JPEICORE,rolling_mean_z,1,-0.4769100268605183,-0.4769100268605183,-0.4769100268605183
4,0,3,5,20,JPEICORE,rolling_mean_z,1,-0.4907458527737778,-0.4907458527737778,-0.4907458527737778
4,0,3,6,20,JPEICORE,rolling_mean_z,1,-0.5741347494942337,-0.5741347494942337,-0.5741347494942337
4,0,3,7,20,JPEICORE,rolling_mean_z,1,-0.5731064110817617,-0.5731064110817617,-0.5731064110817617
4,0,3,8,20,JPEICORE,rolling_mean_z,1,-0.5694604839829974,-0.5694604839829974,-0.5694604839829974
4,0,3,9,20,JPEICORE,rolling_mean_z,1,-0.5911490759551339,-0.5911490759551339,-0.5911490759551339
4,0,3,10,20,JPEICORE,rolling_mean_z,1,-0.5674972924682782,-0.5674972924682782,-0.5674972924682782
4,1,0,-10,20,JPEICORE,rolling_mean_z,2,-0.05973182998267697,-0.10799362138619192,-0.011470038579161998
4,1,0,-9,20,JPEICORE,rolling_mean_z,2,-0.16307984043611196,-0.27820699997786247,-0.04795268089436146
4,1,0,-8,20,JPEICORE,rolling_mean_z,2,-0.17387739376706784,-0.2951979551112065,-0.052556832422929245
4,1,0,-7,20,JPEICORE,rolling_mean_z,2,-0.14078359394751472,-0.24163087235243827,-0.03993631554259119
4,1,0,-6,20,JPEICORE,rolling_mean_z,2,-0.14798196283481863,-0.2599539931564846,-0.03600993251315267
4,1,0,-5,20,JPEICORE,rolling_mean_z,2,-0.12297464234970434,-0.23225897000240944,-0.013690314696999259
4,1,0,-4,20,JPEICORE,rolling_mean_z,2,-0.12320835562526616,-0.2549057864043494,0.008489075153817083
4,1,0,-3,20,JPEICORE,rolling_mean_z,2,-0.11862757542425457,-0.26556311176996816,0.02830796092145904
4,1,0,-2,20,JPEICORE,rolling_mean_z,2,-0.11409353787835533,-0.2610991882067375,0.03291211245002684
4,1,0,-1,20,JPEICORE,rolling_mean_z,2,-0.14807544814504336,-0.31688654708334296,0.020735650793256205
4,1,0,0,20,JPEICORE,rolling_mean_z,2,-0.18944269791948476,-0.38122781184551086,0.002342416006541309
4,1,0,1,20,JPEICORE,rolling_mean_z,2,-0.2584815995204452,-0.49076922410133395,-0.026193974939556414
4,1,0,2,20,JPEICORE,rolling_mean_z,2,-0.26194055599876004,-0.4880114074497045,-0.03586970454781557
4,1,0,3,20,JPEICORE,rolling_mean_z,2,-0.22379854942707172,-0.4573949683511067,0.009797869496963207
4,1,0,4,20,JPEICORE,rolling_mean_z,2,-0.1803278801725739,-0.38826258143992143,0.027606821094773637
4,1,0,5,20,JPEICORE,rolling_mean_z,2,-0.1887883007479117,-0.39941070468422013,0.021834103188396792
4,1,0,6,20,JPEICORE,rolling_mean_z,2,-0.20949529696268854,-0.40378114293722606,-0.015209450988151046
4,1,0,7,20,JPEICORE,rolling_mean_z,2,-0.2170208644357791,-0.4103017433254008,-0.02373998554615736
4,1,0,8,20,JPEICORE,rolling_mean_z,2,-0.19664106680678878,-0.39109051207421963,-0.002191621539357924
4,1,0,9,20,JPEICORE,rolling_mean_z,2,-0.1696238121518428,-0.3623905218352286,0.023142897531542944
4,1,0,10,20,JPEICORE,rolling_mean_z,2,-0.16504303195083117,-0.34093564313865377,0.010849579236991425
4,1,2,-10,20,JPEICORE,rolling_mean_z,54,-0.05585218960835081,-0.2991710807957574,0.12817364356902297
4,1,2,-9,20,JPEICORE,rolling_mean_z,54,-0.05505756447144067,-0.2525920249762875,0.12205035574930338
4,1,2,-8,20,JPEICORE,rolling_mean_z,54,-0.035098450738461594,-0.2514234585984784,0.12022739219992123
4,1,2,-7,20,JPEICORE,rolling_mean_z,54,-0.04239030493599028,-0.2738833043799689,0.12674799258809585
4,1,2,-6,20,JPEICORE,rolling_mean_z,54,-0.03369617108509073,-0.25305945152741105,0.12691159188098922
4,1,2,-5,20,JPEICORE,rolling_mean_z,54,-0.02490855192396644,-0.21919439789850398,0.13661069281680452
4,1,2,-4,20,JPEICORE,rolling_mean_z,54,-0.06543443390638531,-0.27551929730890157,0.14285083727430503
4,1,2,-3,20,JPEICORE,rolling_mean_z,54,-0.06132108025649736,-0.2833486920402224,0.10660190823466735
4,1,2,-2,20,JPEICORE,rolling_mean_z,54,-0.08913296004835344,-0.21309448140634057,0.1049191726506223
4,1,2,-1,20,JPEICORE,rolling_mean_z,54,-0.06108736698093552,-0.20643365305282885,0.12522885629694405
4,1,2,0,20,JPEICORE,rolling_mean_z,54,-0.07426879572262193,-0.19918854151041254,0.0715215455728388
4,1,2,1,20,JPEICORE,rolling_mean_z,54,-0.04182939307464192,-0.18460483311535525,0.08058962066463726
4,1,2,2,20,JPEICORE,rolling_mean_z,54,-0.06632254435352018,-0.22758470449117313,0.14366883373877137
4,1,2,3,20,JPEICORE,rolling_mean_z,54,-0.09006781315060064,-0.2551394996799113,0.13181957066778735
4,1,2,4,20,JPEICORE,rolling_mean_z,54,-0.07917677450942008,-0.25273225294162466,0.1361666375932371
4,1,2,5,20,JPEICORE,rolling_mean_z,54,-0.09441488007605045,-0.2893784945497173,0.09517332905969457
4,1,2,6,20,JPEICORE,rolling_mean_z,54,-0.05762841050262062,-0.24707639167302864,0.09302316692452586
4,1,2,7,20,JPEICORE,rolling_mean_z,54,-0.06113410963604792,-0.21938136851895343,0.12377983398846089
4,1,2,8,20,JPEICORE,rolling_mean_z,54,-0.07618524458222883,-0.25883216943378795,0.13918153884798454
4,1,2,9,20,JPEICORE,rolling_mean_z,54,-0.05702075598615996,-0.23564781249805583,0.11424433234553874
4,1,2,10,20,JPEICORE,rolling_mean_z,54,-0.042156591660428455,-0.1831324394793158,0.12515874231427554
4,1,3,-10,20,JPEICORE,rolling_mean_z,7,-0.2271172779400495,-0.4209123260359072,-0.10376341109852309
4,1,3,-9,20,JPEICORE,rolling_mean_z,7,-0.26937263816162577,-0.4170794283166934,-0.16046225174981965
4,1,3,-8,20,JPEICORE,rolling_mean_z,7,-0.2846107437282562,-0.46714081194203444,-0.15620867013459458
4,1,3,-7,20,JPEICORE,rolling_mean_z,7,-0.3832377460153425,-0.45059391203225785,-0.1696238121518428
4,1,3,-6,20,JPEICORE,rolling_mean_z,7,-0.3339709875269117,-0.6294313104921594,-0.23066971972858913
4,1,3,-5,20,JPEICORE,rolling_mean_z,7,-0.34892863716286787,-0.6035358795599102,-0.22108747543055468
4,1,3,-4,20,JPEICORE,rolling_mean_z,7,-0.44456410952276293,-0.7302084749144143,-0.15611518482436987
4,1,3,-3,20,JPEICORE,rolling_mean_z,7,-0.5859138985825492,-0.7173075021034021,-0.3705704864798921
4,1,3,-2,20,JPEICORE,rolling_mean_z,7,-0.5346839485793994,-0.750120845992281,-0.3931471888991635
4,1,3,-1,20,JPEICORE,rolling_mean_z,7,-0.7095949640098621,-0.7739128574444738,-0.19486484591251893
4,1,3,0,20,JPEICORE,rolling_mean_z,7,-0.7505415298882923,-1.0114590307255036,-0.4991127880388908
4,1,3,1,20,JPEICORE,rolling_mean_z,7,-0.7396972339022241,-1.052312111293709,-0.45854016340135956
4,1,3,2,20,JPEICORE,rolling_mean_z,7,-0.7095949640098621,-1.1779563682357412,-0.421660208517705
4,1,3,3,20,JPEICORE,rolling_mean_z,7,-0.8498229293469517,-1.3574481638672158,-0.4420867488018078
4,1,3,4,20,JPEICORE,rolling_mean_z,7,-0.8753444190383022,-1.632528689203473,-0.33177408273663067
4,1,3,5,20,JPEICORE,rolling_mean_z,7,-0.8329020881962762,-1.4652834692114376,-0.3508450860224749
4,1,3,6,20,JPEICORE,rolling_mean_z,7,-0.8156073058047019,-1.554234741890265,-0.1474210509734703
4,1,3,7,20,JPEICORE,rolling_mean_z,7,-0.7633490173890799,-1.8647461998016934,-0.24777753149971407
4,1,3,8,20,JPEICORE,rolling_mean_z,7,-0.8247688662067251,-1.9436478016313625,-0.19813683177038433
4,1,3,9,20,JPEICORE,rolling_mean_z,7,-0.7597965756005403,-1.8700748624845027,-0.15948065599246003
4,1,3,10,20,JPEICORE,rolling_mean_z,7,-0.8115874374650387,-1.7919211431366315,-0.1575174644777408
4,2,0,-10,20,JPEICORE,rolling_mean_z,256,-0.0037808718131782226,-0.12157236269633348,0.1100374933854261
4,2,0,-9,20,JPEICORE,rolling_mean_z,256,5.202590603548549e-05,-0.13031323920234542,0.12001705025191564
4,2,0,-8,20,JPEICORE,rolling_mean_z,256,-0.01158689521694294,-0.11481804903259704,0.10821452983604392
4,2,0,-7,20,JPEICORE,rolling_mean_z,256,-0.0029862466762681983,-0.12687765405158669,0.09529018569747547
4,2,0,-6,20,JPEICORE,rolling_mean_z,256,-0.0013035110922231404,-0.13045346716768247,0.10040850643227928
4,2,0,-5,20,JPEICORE,rolling_mean_z,256,-0.013269630800988006,-0.12479760589908645,0.10332992237680193
4,2,0,-4,20,JPEICORE,rolling_mean_z,256,-0.009016049185762955,-0.12498457651953597,0.109780408782308
4,2,0,-3,20,JPEICORE,rolling_mean_z,256,0.0013140775940693906,-0.1291680441520925,0.11952625237323576
4,2,0,-2,20,JPEICORE,rolling_mean_z,256,-0.013596829386774553,-0.1443126644084981,0.11763317484118511
4,2,0,-1,20,JPEICORE,rolling_mean_z,256,-0.01939291862070757,-0.14459312033917238,0.10868195638716754
4,2,0,0,20,JPEICORE,rolling_mean_z,256,-0.01841132286334792,-0.12701788201692377,0.12144270123284255
4,2,0,1,20,JPEICORE,rolling_mean_z,256,-0.004435268984751354,-0.12393286677950782,0.11611403855003327
4,2,0,2,20,JPEICORE,rolling_mean_z,256,0.005333945933732516,-0.13470704878290754,0.10202112803365576
4,2,0,3,20,JPEICORE,rolling_mean_z,256,-0.0007425992308746456,-0.13255688664773882,0.10987389409253276
4,2,0,4,20,JPEICORE,rolling_mean_z,256,0.003791438315024491,-0.133608596387767,0.11697877766961204
4,2,0,5,20,JPEICORE,rolling_mean_z,256,-0.005416864742111007,-0.13610932843627846,0.099356796692251
4,2,0,6,20,JPEICORE,rolling_mean_z,256,-0.005510350052335709,-0.14435940706361067,0.09489287312902041
4,2,0,7,20,JPEICORE,rolling_mean_z,256,-0.01756995507132536,-0.13363196771532315,0.09701966393663292
4,2,0,8,20,JPEICORE,rolling_mean_z,256,-0.012288035043628364,-0.1306170664605758,0.10202112803365578
4,2,0,9,20,JPEICORE,rolling_mean_z,256,-0.0001349447144139192,-0.13122472097703644,0.09599132552416094
4,2,0,10,20,JPEICORE,rolling_mean_z,256,0.002061960075867146,-0.13547830259226154,0.1028624958256783
4,2,1,-10,20,JPEICORE,rolling_mean_z,51,-0.019392918620707612,-0.21491744495572274,0.11896534051188744
4,2,1,-9,20,JPEICORE,rolling_mean_z,51,-0.029676302745427437,-0.21772200426246452,0.1017173007754254
4,2,1,-8,20,JPEICORE,rolling_mean_z,51,-0.03958574562924842,-0.23884968437325266,0.1182174580300896
4,2,1,-7,20,JPEICORE,rolling_mean_z,51,-0.062396161324081656,-0.23151108752061172,0.117750031478966
4,2,1,-6,20,JPEICORE,rolling_mean_z,51,-0.07838214937250979,-0.2378680886158931,0.1315391147371131
4,2,1,-5,20,JPEICORE,rolling_mean_z,51,-0.05519779243677776,-0.21650669522954308,0.12382657664357319
4,2,1,-4,20,JPEICORE,rolling_mean_z,51,-0.04192287838486663,-0.2147304743352733,0.10779384594003263
4,2,1,-3,20,JPEICORE,rolling_mean_z,51,-0.05519779243677776,-0.22230278446347612,0.13387624749273128
4,2,1,-2,20,JPEICORE,rolling_mean_z,51,-0.09502253459251117,-0.23740066206476942,0.13775588786705745
4,2,1,-1,20,JPEICORE,rolling_mean_z,51,-0.09633132893565739,-0.21800246019313874,0.1390646822102036
4,2,1,0,20,JPEICORE,rolling_mean_z,51,-0.063985411597902,-0.31209542493432585,0.13210002659846146
4,2,1,1,20,JPEICORE,rolling_mean_z,51,-0.10147302099801721,-0.32350063278174235,0.11877836989143797
4,2,1,2,20,JPEICORE,rolling_mean_z,51,-0.08604794481093747,-0.33172734008151833,0.09587446888638002
4,2,1,3,20,JPEICORE,rolling_mean_z,51,-0.06959453021138565,-0.3470589309583734,0.09676257933351495
4,2,1,4,20,JPEICORE,rolling_mean_z,51,-0.08165413523037536,-0.3522473656758457,0.10241844060211089
4,2,1,5,20,JPEICORE,rolling_mean_z,51,-0.09502253459251117,-0.35019068885090177,0.11223439817570714
4,2,1,6,20,JPEICORE,rolling_mean_z,51,-0.10109907975711843,-0.3554726088785988,0.09465915985345857
4,2,1,7,20,JPEICORE,rolling_mean_z,51,-0.07221211889767795,-0.3796853042268029,0.0877879895519412
4,2,1,8,20,JPEICORE,rolling_mean_z,51,-0.08604794481093747,-0.3084962404906738,0.07839271587435617
4,2,1,9,20,JPEICORE,rolling_mean_z,51,-0.0811867086792517,-0.34182375358578876,0.08353440793671614
4,2,1,10,20,JPEICORE,rolling_mean_z,51,-0.07632547254756593,-0.3330828770797768,0.0993334253646949
4,2,3,-10,20,JPEICORE,rolling_mean_z,8,0.02548003028716104,-0.09792057920947765,0.155471354154643
4,2,3,-9,20,JPEICORE,rolling_mean_z,8,0.028845501455251235,-0.050733868873547146,0.1526901661754574
4,2,3,-8,20,JPEICORE,rolling_mean_z,8,0.03169680341710534,-0.08857204818700508,0.10548008451197059
4,2,3,-7,20,JPEICORE,rolling_mean_z,8,-0.02551620644042718,-0.09976691408641603,0.03295885510513912
4,2,3,-6,20,JPEICORE,rolling_mean_z,8,-0.08076602478324046,-0.1691797569282753,-0.028274023092056642
4,2,3,-5,20,JPEICORE,rolling_mean_z,8,-0.07894306123385833,-0.17726623626271415,-0.010021016270678796
4,2,3,-4,20,JPEICORE,rolling_mean_z,8,-0.11213034636363609,-0.21414619114636885,-0.018972234724696346
4,2,3,-3,20,JPEICORE,rolling_mean_z,8,-0.07726032564981322,-0.2735093631390699,-0.015887219487280346
4,2,3,-2,20,JPEICORE,rolling_mean_z,8,-0.08721651118874657,-0.28935512322216106,-0.034280454273995314
4,2,3,-1,20,JPEICORE,rolling_mean_z,8,-0.13853994650212134,-0.3671582726566897,-0.000368657989975818
4,2,3,0,20,JPEICORE,rolling_mean_z,8,-0.29297767899336924,-0.5727558411684192,-0.13585224383316052
4,2,3,1,20,JPEICORE,rolling_mean_z,8,-0.4039914848852318,-0.5666792960038118,-0.0895536439443648
4,2,3,2,20,JPEICORE,rolling_mean_z,8,-0.38735109966523057,-0.6507693325509533,-0.08864216216967372
4,2,3,3,20,JPEICORE,rolling_mean_z,8,-0.36496136786640854,-0.6148943447522146,-0.1187444320620356
4,2,3,4,20,JPEICORE,rolling_mean_z,8,-0.27745911749606467,-0.5294955138619271,-0.10381015375363556
4,2,3,5,20,JPEICORE,rolling_mean_z,8,-0.28652719258786313,-0.5344502353038375,-0.1200064837500694
4,2,3,6,20,JPEICORE,rolling_mean_z,8,-0.32429525791865255,-0.5311081354633036,-0.05073386887354719
4,2,3,7,20,JPEICORE,rolling_mean_z,8,-0.36477439724595917,-0.49890244609088535,-0.16995101073762942
4,2,3,8,20,JPEICORE,rolling_mean_z,8,-0.39235256376225347,-0.5232553694044264,-0.18348300939265855
4,2,3,9,20,JPEICORE,rolling_mean_z,8,-0.38225615025798304,-0.5579617908253562,-0.22763144714628558
4,2,3,10,20,JPEICORE,rolling_mean_z,8,-0.3928199903133771,-0.5082042344582456,-0.1935093089142605
4,3,1,-10,20,JPEICORE,rolling_mean_z,11,-0.15924694271689824,-0.6079764317955847,0.07002578060924314
4,3,1,-9,20,JPEICORE,rolling_mean_z,11,-0.038744377837225966,-0.4469947275886058,0.04637399712238742
4,3,1,-8,20,JPEICORE,rolling_mean_z,11,-0.25385407666432125,-0.614193204925529,-0.03981945890481028
4,3,1,-7,20,JPEICORE,rolling_mean_z,11,-0.2996618786744372,-0.5595510410991764,-0.04323167272801283
4,3,1,-6,20,JPEICORE,rolling_mean_z,11,-0.2087941571360032,-0.6090982555182813,-0.06688345621486859
4,3,1,-5,20,JPEICORE,rolling_mean_z,11,-0.24824495805083774,-0.690804416654692,-0.06183524946273333
4,3,1,-4,20,JPEICORE,rolling_mean_z,11,-0.2428228100578036,-0.8232731012431294,-0.05239323313003601
4,3,1,-3,20,JPEICORE,rolling_mean_z,11,-0.28227361097263814,-0.8580028939916153,-0.04692434248188952
4,3,1,-2,20,JPEICORE,rolling_mean_z,11,-0.32574428022713586,-0.8600128281614468,-0.04112825324795644
4,3,1,-1,20,JPEICORE,rolling_mean_z,11,-0.4620458625347868,-0.7947600816245879,-0.20781256137864362
4,3,1,0,20,JPEICORE,rolling_mean_z,11,-0.5040207668256889,-0.7549353394688545,-0.12185281862700775
4,3,1,1,20,JPEICORE,rolling_mean_z,11,-0.38090061325972435,-0.7190837229976719,-0.08025185557700451
4,3,1,2,20,JPEICORE,rolling_mean_z,11,-0.3962322041365795,-0.6751456271920506,-0.08497286374335318
4,3,1,3,20,JPEICORE,rolling_mean_z,11,-0.17401762173240498,-0.642379025958284,-0.002846018710931056
4,3,1,4,20,JPEICORE,rolling_mean_z,11,-0.47307712914130456,-0.6199425515043495,-0.07655918582312782
4,3,1,5,20,JPEICORE,rolling_mean_z,11,-0.3394866208301706,-0.5617012032343451,-0.05734795457194655
4,3,1,6,20,JPEICORE,rolling_mean_z,11,-0.2564716653506137,-0.5763783969396271,-0.10909207378133254
4,3,1,7,20,JPEICORE,rolling_mean_z,11,-0.2694661234718506,-0.6636469340344091,-0.12690102537914288
4,3,1,8,20,JPEICORE,rolling_mean_z,11,-0.2932113922689311,-0.7055283530150867,-0.06277010256498061
4,3,1,9,20,JPEICORE,rolling_mean_z,11,-0.2432902366089273,-0.6521482408767678,0.04445754826278051
4,3,1,10,20,JPEICORE,rolling_mean_z,11,-0.2648853432708389,-0.5306173375846237,0.1969320892393092
4,3,2,-10,20,JPEICORE,rolling_mean_z,5,-0.220853762154993,-0.23683975020342105,-0.053608542162957365
4,3,2,-9,20,JPEICORE,rolling_mean_z,5,-0.15438570658521236,-0.24562736936454535,-0.059404631396890374
4,3,2,-8,20,JPEICORE,rolling_mean_z,5,-0.21197265768364387,-0.21356190795746413,-0.17280231269948346
4,3,2,-7,20,JPEICORE,rolling_mean_z,5,-0.20542868596791303,-0.2271172779400495,-0.19065800695240617
4,3,2,-6,20,JPEICORE,rolling_mean_z,5,-0.20982249554847532,-0.26937263816162577,-0.1613971048520669
4,3,2,-5,20,JPEICORE,rolling_mean_z,5,-0.2846107437282562,-0.30358826170387576,-0.09053523970172432
4,3,2,-4,20,JPEICORE,rolling_mean_z,5,-0.30461660011634784,-0.3638862867988243,-0.19533227246364257
4,3,2,-3,20,JPEICORE,rolling_mean_z,5,-0.37697423023028603,-0.5693669986727729,-0.3690279788611841
4,3,2,-2,20,JPEICORE,rolling_mean_z,5,-0.5829223686553582,-0.6315347299722157,-0.5107517091618692
4,3,2,-1,20,JPEICORE,rolling_mean_z,5,-0.63695687796525,-0.692206696308063,-0.4875673522261371
4,3,2,0,20,JPEICORE,rolling_mean_z,5,-0.5845116189291786,-0.7060425222213225,-0.4769100268605183
4,3,2,1,20,JPEICORE,rolling_mean_z,5,-0.6774360172925565,-0.7736324015137996,-0.4907458527737778
4,3,2,2,20,JPEICORE,rolling_mean_z,5,-0.5741347494942337,-0.5982539595322133,-0.4801820127183839
4,3,2,3,20,JPEICORE,rolling_mean_z,5,-0.5156129452935552,-0.5731064110817617,-0.5131823272277123
4,3,2,4,20,JPEICORE,rolling_mean_z,5,-0.5694604839829974,-0.5775937059725488,-0.5107517091618694
4,3,2,5,20,JPEICORE,rolling_mean_z,5,-0.5436585383609731,-0.5911490759551339,-0.49495269173389067
4,3,2,6,20,JPEICORE,rolling_mean_z,5,-0.5514178191096255,-0.5674972924682782,-0.40558073515905224
4,3,2,7,20,JPEICORE,rolling_mean_z,5,-0.44549896262501043,-0.4935504120805196,-0.4330654163651218
4,3,2,8,20,JPEICORE,rolling_mean_z,5,-0.47924715961613645,-0.481210351130856,-0.43914196152972906
4,3,2,9,20,JPEICORE,rolling_mean_z,5,-0.4585869060564721,-0.48607158726254146,-0.4462468451068083
4,3,2,10,20,JPEICORE,rolling_mean_z,5,-0.5162673424651283,-0.5202872108047913,-0.3254638242964618
4,0,1,-10,20,LT11TRUU,rolling_mean_z,1,-0.2239553028199245,-0.2239553028199245,-0.2239553028199245
4,0,1,-9,20,LT11TRUU,rolling_mean_z,1,-0.18816682828022285,-0.18816682828022285,-0.18816682828022285
4,0,1,-8,20,LT11TRUU,rolling_mean_z,1,-0.22415412767847842,-0.22415412767847842,-0.22415412767847842
4,0,1,-7,20,LT11TRUU,rolling_mean_z,1,-0.10167801480927727,-0.10167801480927727,-0.10167801480927727
4,0,1,-6,20,LT11TRUU,rolling_mean_z,1,-0.07662608263148614,-0.07662608263148614,-0.07662608263148614
4,0,1,-5,20,LT11TRUU,rolling_mean_z,1,-0.2057296907858172,-0.2057296907858172,-0.2057296907858172
4,0,1,-4,20,LT11TRUU,rolling_mean_z,1,-0.09432149504278306,-0.09432149504278306,-0.09432149504278306
4,0,1,-3,20,LT11TRUU,rolling_mean_z,1,-0.05959341974870221,-0.05959341974870221,-0.05959341974870221
4,0,1,-2,20,LT11TRUU,rolling_mean_z,1,-0.03242068907966951,-0.03242068907966951,-0.03242068907966951
4,0,1,-1,20,LT11TRUU,rolling_mean_z,1,0.027027943627945982,0.027027943627945982,0.027027943627945982
4,0,1,0,20,LT11TRUU,rolling_mean_z,1,-0.11751772854073783,-0.11751772854073783,-0.11751772854073783
4,0,1,1,20,LT11TRUU,rolling_mean_z,1,-0.08742889994624792,-0.08742889994624792,-0.08742889994624792
4,0,1,2,20,LT11TRUU,rolling_mean_z,1,-0.13720138953757371,-0.13720138953757371,-0.13720138953757371
4,0,1,3,20,LT11TRUU,rolling_mean_z,1,-0.137267664490425,-0.137267664490425,-0.137267664490425
4,0,1,4,20,LT11TRUU,rolling_mean_z,1,-0.27472191670401985,-0.27472191670401985,-0.27472191670401985
4,0,1,5,20,LT11TRUU,rolling_mean_z,1,-0.16589844412218632,-0.16589844412218632,-0.16589844412218632
4,0,1,6,20,LT11TRUU,rolling_mean_z,1,-0.27107679429719833,-0.27107679429719833,-0.27107679429719833
4,0,1,7,20,LT11TRUU,rolling_mean_z,1,-0.20049396951056453,-0.20049396951056453,-0.20049396951056453
4,0,1,8,20,LT11TRUU,rolling_mean_z,1,-0.16397647048949865,-0.16397647048949865,-0.16397647048949865
4,0,1,9,20,LT11TRUU,rolling_mean_z,1,-0.13163429349806455,-0.13163429349806455,-0.13163429349806455
4,0,1,10,20,LT11TRUU,rolling_mean_z,1,-0.08027120503830759,-0.08027120503830759,-0.08027120503830759
4,0,2,-10,20,LT11TRUU,rolling_mean_z,255,-0.05793654592741972,-0.19081782639427491,0.12110523920036534
4,0,2,-9,20,LT11TRUU,rolling_mean_z,255,-0.06582326531672436,-0.19718022186799966,0.1290913710189469
4,0,2,-8,20,LT11TRUU,rolling_mean_z,255,-0.04083760809178447,-0.18988997705435667,0.09926764223586232
4,0,2,-7,20,LT11TRUU,rolling_mean_z,255,-0.04653725403699629,-0.18130737066011343,0.11212498308901432
4,0,2,-6,20,LT11TRUU,rolling_mean_z,255,-0.03593326158078837,-0.18886271528516152,0.10642533714380253
4,0,2,-5,20,LT11TRUU,rolling_mean_z,255,-0.0270524178987143,-0.17444791304000395,0.10470218836966871
4,0,2,-4,20,LT11TRUU,rolling_mean_z,255,-0.02612456855879604,-0.19429726141896814,0.09943332961799049
4,0,2,-3,20,LT11TRUU,rolling_mean_z,255,-0.03878308455339424,-0.19860513335430258,0.10917574768713152
4,0,2,-2,20,LT11TRUU,rolling_mean_z,255,-0.024865344454621373,-0.18899526519086413,0.12113837667679103
4,0,2,-1,20,LT11TRUU,rolling_mean_z,255,-0.025992018653093467,-0.19396588665471162,0.11374871943387113
4,0,2,0,20,LT11TRUU,rolling_mean_z,255,-0.06529306569391398,-0.22518138944767357,0.11404695672170198
4,0,2,1,20,LT11TRUU,rolling_mean_z,255,-0.06582326531672436,-0.22034331788952874,0.11245635785327078
4,0,2,2,20,LT11TRUU,rolling_mean_z,255,-0.060918918805728105,-0.21215836121239323,0.1211715141532167
4,0,2,3,20,LT11TRUU,rolling_mean_z,255,-0.05111022578373592,-0.21046834991468522,0.11699619212358477
4,0,2,4,20,LT11TRUU,rolling_mean_z,255,-0.042825856677323505,-0.2006927943691184,0.11603520530724093
4,0,2,5,20,LT11TRUU,rolling_mean_z,256,-0.02698614294586294,-0.18621171717110954,0.12587703580565887
4,0,2,6,20,LT11TRUU,rolling_mean_z,256,-0.019828448037922646,-0.19283921245623956,0.14161733710784244
4,0,2,7,20,LT11TRUU,rolling_mean_z,256,-0.02870929171999674,-0.2079664704445486,0.1422800866363555
4,0,2,8,20,LT11TRUU,rolling_mean_z,256,-0.02960400358348931,-0.20344320491244736,0.13107961960448594
4,0,2,9,20,LT11TRUU,rolling_mean_z,256,-0.02476593202534446,-0.20117328777729035,0.136083378544759
4,0,2,10,20,LT11TRUU,rolling_mean_z,256,-0.04136780771459499,-0.1971967906062125,0.14208126177780156
4,0,3,-10,20,LT11TRUU,rolling_mean_z,1,-0.3378819467713082,-0.3378819467713082,-0.3378819467713082
4,0,3,-9,20,LT11TRUU,rolling_mean_z,1,-0.4029639504712841,-0.4029639504712841,-0.4029639504712841
4,0,3,-8,20,LT11TRUU,rolling_mean_z,1,-0.44093949845507857,-0.44093949845507857,-0.44093949845507857
4,0,3,-7,20,LT11TRUU,rolling_mean_z,1,-0.3314532763447321,-0.3314532763447321,-0.3314532763447321
4,0,3,-6,20,LT11TRUU,rolling_mean_z,1,-0.3071966436011565,-0.3071966436011565,-0.3071966436011565
4,0,3,-5,20,LT11TRUU,rolling_mean_z,1,-0.2146768094207427,-0.2146768094207427,-0.2146768094207427
4,0,3,-4,20,LT11TRUU,rolling_mean_z,1,-0.21938233107318492,-0.21938233107318492,-0.21938233107318492
4,0,3,-3,20,LT11TRUU,rolling_mean_z,1,-0.154300327373209,-0.154300327373209,-0.154300327373209
4,0,3,-2,20,LT11TRUU,rolling_mean_z,1,-0.18021383393806703,-0.18021383393806703,-0.18021383393806703
4,0,3,-1,20,LT11TRUU,rolling_mean_z,1,-0.183527581580632,-0.183527581580632,-0.183527581580632
4,0,3,0,20,LT11TRUU,rolling_mean_z,1,-0.4604243345933606,-0.4604243345933606,-0.4604243345933606
4,0,3,1,20,LT11TRUU,rolling_mean_z,1,-0.558378714907581,-0.558378714907581,-0.558378714907581
4,0,3,2,20,LT11TRUU,rolling_mean_z,1,-0.5459190237715367,-0.5459190237715367,-0.5459190237715367
4,0,3,3,20,LT11TRUU,rolling_mean_z,1,-0.5839608467081825,-0.5839608467081825,-0.5839608467081825
4,0,3,4,20,LT11TRUU,rolling_mean_z,1,-0.544195874997403,-0.544195874997403,-0.544195874997403
4,0,3,5,20,LT11TRUU,rolling_mean_z,1,-0.6135857506327133,-0.6135857506327133,-0.6135857506327133
4,0,3,6,20,LT11TRUU,rolling_mean_z,1,-0.6673347373951171,-0.6673347373951171,-0.6673347373951171
4,0,3,7,20,LT11TRUU,rolling_mean_z,1,-0.670648485037682,-0.670648485037682,-0.670648485037682
4,0,3,8,20,LT11TRUU,rolling_mean_z,1,-0.6436745792272032,-0.6436745792272032,-0.6436745792272032
4,0,3,9,20,LT11TRUU,rolling_mean_z,1,-0.6788003042383919,-0.6788003042383919,-0.6788003042383919
4,0,3,10,20,LT11TRUU,rolling_mean_z,1,-0.6303533137040921,-0.6303533137040921,-0.6303533137040921
4,1,0,-10,20,LT11TRUU,rolling_mean_z,2,-0.17511066256851693,-0.21182698644813677,-0.1383943386888971
4,1,0,-9,20,LT11TRUU,rolling_mean_z,2,-0.21789114463403064,-0.2885236756353029,-0.14725861363275838
4,1,0,-8,20,LT11TRUU,rolling_mean_z,2,-0.32243988275695534,-0.38079497874252444,-0.26408478677138625
4,1,0,-7,20,LT11TRUU,rolling_mean_z,2,-0.16626295636286847,-0.2022336870229112,-0.13029222570282578
4,1,0,-6,20,LT11TRUU,rolling_mean_z,2,-0.19426412394254244,-0.26159947603946254,-0.12692877184562235
4,1,0,-5,20,LT11TRUU,rolling_mean_z,2,-0.1729567266008497,-0.24322474536143981,-0.10268870784025962
4,1,0,-4,20,LT11TRUU,rolling_mean_z,2,-0.24002697888636462,-0.3735544401435199,-0.10649951762920933
4,1,0,-3,20,LT11TRUU,rolling_mean_z,2,-0.1711010279210133,-0.19789267761115104,-0.14430937823087558
4,1,0,-2,20,LT11TRUU,rolling_mean_z,2,-0.19134802601708523,-0.24330758905250388,-0.13938846298166657
4,1,0,-1,20,LT11TRUU,rolling_mean_z,2,-0.2740591671755068,-0.3424880559944734,-0.20563027835654027
4,1,0,0,20,LT11TRUU,rolling_mean_z,2,-0.28655199578797674,-0.3611941614367526,-0.21190983013920084
4,1,0,1,20,LT11TRUU,rolling_mean_z,2,-0.34165961908383213,-0.37512847027373825,-0.30819076789392597
4,1,0,2,20,LT11TRUU,rolling_mean_z,2,-0.17799362301754845,-0.18404121246522953,-0.17194603356986737
4,1,0,3,20,LT11TRUU,rolling_mean_z,2,-0.19940043278851813,-0.23523861354285824,-0.163562252034178
4,1,0,4,20,LT11TRUU,rolling_mean_z,2,-0.14459104678049356,-0.17254250814552904,-0.1166395854154581
4,1,0,5,20,LT11TRUU,rolling_mean_z,2,-0.07543313348016276,-0.1197048019848307,-0.03116146497549481
4,1,0,6,20,LT11TRUU,rolling_mean_z,2,-0.05382749885063916,-0.09273089617435185,-0.014924101526926456
4,1,0,7,20,LT11TRUU,rolling_mean_z,2,-0.09183618431085933,-0.0976186739471352,-0.08605369467458346
4,1,0,8,20,LT11TRUU,rolling_mean_z,2,-0.09173677188158239,-0.10767589804231988,-0.0757976457208449
4,1,0,9,20,LT11TRUU,rolling_mean_z,2,-0.014592726762669974,-0.022346896246272004,-0.006838557279067946
4,1,0,10,20,LT11TRUU,rolling_mean_z,2,0.028552267543525887,0.02199104721124726,0.03511348787580451
4,1,2,-10,20,LT11TRUU,rolling_mean_z,54,-0.05912949507874312,-0.32775844772327206,0.18482860636688975
4,1,2,-9,20,LT11TRUU,rolling_mean_z,54,-0.06386815420761097,-0.30918489218669537,0.24459204510054885
4,1,2,-8,20,LT11TRUU,rolling_mean_z,54,-0.09491796961844479,-0.35098781869765255,0.23364010914187158
4,1,2,-7,20,LT11TRUU,rolling_mean_z,54,-0.032221864221115656,-0.2889710315670492,0.25764821081225486
4,1,2,-6,20,LT11TRUU,rolling_mean_z,54,0.0002528626760210775,-0.3411294194610216,0.2685504405562936
4,1,2,-5,20,LT11TRUU,rolling_mean_z,54,0.025967544382325243,-0.27193836868426513,0.23130391705386338
4,1,2,-4,20,LT11TRUU,rolling_mean_z,54,0.04300020726510911,-0.23104672277501354,0.2171210771436853
4,1,2,-3,20,LT11TRUU,rolling_mean_z,54,0.02676284381654085,-0.26456528017955816,0.22795703193487266
4,1,2,-2,20,LT11TRUU,rolling_mean_z,54,0.005057796757740388,-0.2784995890165438,0.16128442936646556
4,1,2,-1,20,LT11TRUU,rolling_mean_z,54,-0.023208470633338852,-0.22344167193532702,0.2150168473906565
4,1,2,0,20,LT11TRUU,rolling_mean_z,54,-0.03278520132035169,-0.21083286215536717,0.22876890010730114
4,1,2,1,20,LT11TRUU,rolling_mean_z,54,-0.021452184382779474,-0.3072132123393693,0.24800520517239077
4,1,2,2,20,LT11TRUU,rolling_mean_z,54,-0.08487731426147294,-0.26332262481359625,0.2662473859447109
4,1,2,3,20,LT11TRUU,rolling_mean_z,54,-0.07092643668627434,-0.26325634986074503,0.19819957810463934
4,1,2,4,20,LT11TRUU,rolling_mean_z,54,-0.0876939997576531,-0.2652114609698583,0.1552699773952102
4,1,2,5,20,LT11TRUU,rolling_mean_z,54,-0.052866512034295265,-0.22725248172427662,0.15295035404541474
4,1,2,6,20,LT11TRUU,rolling_mean_z,54,-0.08162984157175926,-0.276395359263515,0.11638314880971026
4,1,2,7,20,LT11TRUU,rolling_mean_z,54,-0.04700117870695541,-0.2791623385450568,0.16714976269380566
4,1,2,8,20,LT11TRUU,rolling_mean_z,54,-0.1177828283521429,-0.28791063232142833,0.20787572122092896
4,1,2,9,20,LT11TRUU,rolling_mean_z,54,-0.06443149130684706,-0.2930966473820425,0.16294130318774808
4,1,2,10,20,LT11TRUU,rolling_mean_z,54,-0.039180734270502005,-0.27886410125722594,0.1156872618047717
4,1,3,-10,20,LT11TRUU,rolling_mean_z,7,-0.137930414018938,-0.23303497136055248,0.15583331449444623
4,1,3,-9,20,LT11TRUU,rolling_mean_z,7,-0.07192056097904391,-0.26736539693752553,0.11567069306655883
4,1,3,-8,20,LT11TRUU,rolling_mean_z,7,-0.14515438387972962,-0.32880227823068,0.16057197362331413
4,1,3,-7,20,LT11TRUU,rolling_mean_z,7,-0.29473695246511217,-0.31876162287370824,0.12534683618284853
4,1,3,-6,20,LT11TRUU,rolling_mean_z,7,-0.09657484343972719,-0.25281804478666536,0.20775974005343925
4,1,3,-5,20,LT11TRUU,rolling_mean_z,7,-0.09173677188158233,-0.29894541197116964,0.3209573595234585
4,1,3,-4,20,LT11TRUU,rolling_mean_z,7,-0.1800150090795131,-0.24970312200265432,0.2131942861872458
4,1,3,-3,20,LT11TRUU,rolling_mean_z,7,0.01688787584169719,-0.13435156656496783,0.31671576254097533
4,1,3,-2,20,LT11TRUU,rolling_mean_z,7,0.07103451232120875,-0.2382044176829539,0.40731362308870156
4,1,3,-1,20,LT11TRUU,rolling_mean_z,7,0.06255131835624243,-0.17550831228562475,0.4450572087375164
4,1,3,0,20,LT11TRUU,rolling_mean_z,7,0.03763193608415391,-0.02585946874739087,0.5160708207176836
4,1,3,1,20,LT11TRUU,rolling_mean_z,7,-0.019298248415112223,-0.10041879070510261,0.3433582935871976
4,1,3,2,20,LT11TRUU,rolling_mean_z,7,0.020864373012775172,-0.16970925391113606,0.43299516731857995
4,1,3,3,20,LT11TRUU,rolling_mean_z,7,-0.021021397189246015,-0.21885213145037452,0.314661239002585
4,1,3,4,20,LT11TRUU,rolling_mean_z,7,0.03484838806439923,-0.180213833938067,0.18741332952809037
4,1,3,5,20,LT11TRUU,rolling_mean_z,7,-0.0646965911182523,-0.1583430994971382,0.32324384539682827
4,1,3,6,20,LT11TRUU,rolling_mean_z,7,-0.043952530875795606,-0.3099470541444854,0.3750377210501187
4,1,3,7,20,LT11TRUU,rolling_mean_z,7,0.03484838806439923,-0.2708116944857931,0.20799170238841874
4,1,3,8,20,LT11TRUU,rolling_mean_z,7,-0.0721193858375978,-0.22229842899864205,0.34511457983775706
4,1,3,9,20,LT11TRUU,rolling_mean_z,7,-0.0110801542615511,-0.12563641026502198,0.38978389805953284
4,1,3,10,20,LT11TRUU,rolling_mean_z,7,0.11954777780835987,-0.18220208252360598,0.49608892243301694
4,2,0,-10,20,LT11TRUU,rolling_mean_z,256,-0.040042308657568915,-0.20041112581950055,0.12594331075851023
4,2,0,-9,20,LT11TRUU,rolling_mean_z,256,-0.011146429214402441,-0.18816682828022288,0.125777623376382
4,2,0,-8,20,LT11TRUU,rolling_mean_z,256,-0.03354736327814162,-0.18892899023801285,0.1253136987064228
4,2,0,-7,20,LT11TRUU,rolling_mean_z,256,-0.03377932561312113,-0.2049178226133888,0.11757609796103372
4,2,0,-6,20,LT11TRUU,rolling_mean_z,256,-0.027450067615822017,-0.19895307685677188,0.12319290021518127
4,2,0,-5,20,LT11TRUU,rolling_mean_z,256,-0.03218872674468995,-0.1907184139649979,0.11441146896238413
4,2,0,-4,20,LT11TRUU,rolling_mean_z,256,-0.05750575873388625,-0.19214332545130083,0.1179074727252902
4,2,0,-3,20,LT11TRUU,rolling_mean_z,256,-0.027682029950801608,-0.19068527648857225,0.1148091186794919
4,2,0,-2,20,LT11TRUU,rolling_mean_z,256,-0.050845125972330804,-0.21618456459810964,0.11320195107284792
4,2,0,-1,20,LT11TRUU,rolling_mean_z,256,-0.06277461748556457,-0.2229280410507294,0.11412980041276607
4,2,0,0,20,LT11TRUU,rolling_mean_z,256,-0.060057344418661306,-0.21792428211045634,0.11760923543745933
4,2,0,1,20,LT11TRUU,rolling_mean_z,256,-0.06569071541102176,-0.19365108062866793,0.10718749910159248
4,2,0,2,20,LT11TRUU,rolling_mean_z,256,-0.05107708830731025,-0.19948327647958225,0.11906728440018786
4,2,0,3,20,LT11TRUU,rolling_mean_z,256,-0.04292526910660049,-0.19159655709027765,0.13933085123447264
4,2,0,4,20,LT11TRUU,rolling_mean_z,256,-0.02635653089377559,-0.1896911521958028,0.12060817705398065
4,2,0,5,20,LT11TRUU,rolling_mean_z,256,-0.03394501299524939,-0.2080824516120383,0.126904297574854
4,2,0,6,20,LT11TRUU,rolling_mean_z,256,-0.03613208643934222,-0.21479279058823236,0.1310961883426988
4,2,0,7,20,LT11TRUU,rolling_mean_z,256,-0.04024113351612281,-0.20450360415806815,0.12866058382541357
4,2,0,8,20,LT11TRUU,rolling_mean_z,256,-0.019563348226517438,-0.19784297139651263,0.12771616574728245
4,2,0,9,20,LT11TRUU,rolling_mean_z,256,-0.01644842544250643,-0.19674943467446615,0.1209064143418114
4,2,0,10,20,LT11TRUU,rolling_mean_z,256,-0.0219161090527386,-0.17819244787610242,0.11472627498842783
4,2,1,-10,20,LT11TRUU,rolling_mean_z,51,-0.12109657599470802,-0.32552166806454075,0.17919523537452928
4,2,1,-9,20,LT11TRUU,rolling_mean_z,51,-0.07868060616987639,-0.2950683272293687,0.21799922026896507
4,2,1,-8,20,LT11TRUU,rolling_mean_z,51,-0.11440280575672676,-0.2888384816613465,0.21594469673057476
4,2,1,-7,20,LT11TRUU,rolling_mean_z,51,-0.05183925026510021,-0.2895675061427108,0.251103559218189
4,2,1,-6,20,LT11TRUU,rolling_mean_z,51,-0.06681738960949382,-0.32118065865278067,0.1989783088006421
4,2,1,-5,20,LT11TRUU,rolling_mean_z,51,-0.013068402847090122,-0.31839711063302606,0.20212636906107873
4,2,1,-4,20,LT11TRUU,rolling_mean_z,51,-0.002596960296584827,-0.29059476791190597,0.24497312607944383
4,2,1,-3,20,LT11TRUU,rolling_mean_z,51,-0.08901949881467922,-0.3214788959406114,0.23208264774986614
4,2,1,-2,20,LT11TRUU,rolling_mean_z,51,-0.040705058186081916,-0.22468432730128887,0.21279663647013797
4,2,1,-1,20,LT11TRUU,rolling_mean_z,51,-0.05236944988791063,-0.21023638757970547,0.20421403007589478
4,2,1,0,20,LT11TRUU,rolling_mean_z,51,-0.025130444266026508,-0.3463320032598487,0.20431344250517164
4,2,1,1,20,LT11TRUU,rolling_mean_z,51,-0.05727379639890667,-0.32764246655578233,0.21634234644768252
4,2,1,2,20,LT11TRUU,rolling_mean_z,51,-0.08312102801091341,-0.2557341427121225,0.2649881618405362
4,2,1,3,20,LT11TRUU,rolling_mean_z,51,-0.09584581895836289,-0.26497949863487874,0.27420038028686683
4,2,1,4,20,LT11TRUU,rolling_mean_z,51,-0.04256075686591833,-0.2420483649483292,0.23970426732776556
4,2,1,5,20,LT11TRUU,rolling_mean_z,51,-0.09471914475989081,-0.2690885457116593,0.23509815810460016
4,2,1,6,20,LT11TRUU,rolling_mean_z,51,-0.08590457603066806,-0.28085234984276497,0.24437665150378204
4,2,1,7,20,LT11TRUU,rolling_mean_z,51,-0.08921832367323299,-0.2919202669689319,0.2785745271750526
4,2,1,8,20,LT11TRUU,rolling_mean_z,51,-0.06575699036387303,-0.2974873630084411,0.1747216760570665
4,2,1,9,20,LT11TRUU,rolling_mean_z,51,-0.0822594536238466,-0.2641179242478119,0.17197126551373762
4,2,1,10,20,LT11TRUU,rolling_mean_z,51,-0.04653725403699629,-0.27902978863935424,0.18983236530716277
4,2,3,-10,20,LT11TRUU,rolling_mean_z,8,0.04588316771414065,-0.3259027490434357,0.08786835034543884
4,2,3,-9,20,LT11TRUU,rolling_mean_z,8,0.030739340987618755,-0.3894604288278318,0.1231597627387557
4,2,3,-8,20,LT11TRUU,rolling_mean_z,8,0.02371419598538105,-0.3207995776738856,0.09426388329558916
4,2,3,-7,20,LT11TRUU,rolling_mean_z,8,0.031236403134003502,-0.2791789072832696,0.16897232389721634
4,2,3,-6,20,LT11TRUU,rolling_mean_z,8,0.04893181554530045,-0.32818923491680546,0.1766270809515414
4,2,3,-5,20,LT11TRUU,rolling_mean_z,8,0.004792696946335086,-0.24562721240229934,0.12841205275222117
4,2,3,-4,20,LT11TRUU,rolling_mean_z,8,0.01834592480442584,-0.13657177748548638,0.19912742744455753
4,2,3,-3,20,LT11TRUU,rolling_mean_z,8,0.06951018840562892,-0.09170363440515672,0.24359792080777937
4,2,3,-2,20,LT11TRUU,rolling_mean_z,8,0.14860934463365466,-0.03843514105092488,0.22805644436414965
4,2,3,-1,20,LT11TRUU,rolling_mean_z,8,0.11991229004904198,-0.06703278320626055,0.2056886477768362
4,2,3,0,20,LT11TRUU,rolling_mean_z,8,0.08273204149946309,-0.05748918999567345,0.18033847831121413
4,2,3,1,20,LT11TRUU,rolling_mean_z,8,0.1565623389758105,-0.02370553277972362,0.27080378895323776
4,2,3,2,20,LT11TRUU,rolling_mean_z,8,0.10264766483127849,-0.008462293623924765,0.193792293740028
4,2,3,3,20,LT11TRUU,rolling_mean_z,8,0.11749325426996958,0.034997506708314766,0.18933530316077804
4,2,3,4,20,LT11TRUU,rolling_mean_z,8,0.12955529568890603,-0.0010063614281536348,0.23413717128825637
4,2,3,5,20,LT11TRUU,rolling_mean_z,8,0.09870430513662622,-0.017392843520637385,0.26798710345705745
4,2,3,6,20,LT11TRUU,rolling_mean_z,8,0.08710618838764882,-0.07266615419862102,0.334908237098657
4,2,3,7,20,LT11TRUU,rolling_mean_z,8,0.0739506102466659,-0.019795310561496974,0.38628789429662685
4,2,3,8,20,LT11TRUU,rolling_mean_z,8,0.07305589838317336,-0.047481672115127244,0.42166215038100785
4,2,3,9,20,LT11TRUU,rolling_mean_z,8,0.10254825240200158,0.025619600879855906,0.3770425383738706
4,2,3,10,20,LT11TRUU,rolling_mean_z,8,0.13982791338085745,0.053852730794509376,0.3627934235108412
4,3,1,-10,20,LT11TRUU,rolling_mean_z,11,0.075740033973651,-0.22832944970811023,0.20507560446296164
4,3,1,-9,20,LT11TRUU,rolling_mean_z,11,0.06381054246041717,-0.300337185981047,0.2690309339644654
4,3,1,-8,20,LT11TRUU,rolling_mean_z,11,0.16289159697310962,-0.24665447417149455,0.219987468854504
4,3,1,-7,20,LT11TRUU,rolling_mean_z,11,0.10476846332252014,-0.08398260239798033,0.27665255354236484
4,3,1,-6,20,LT11TRUU,rolling_mean_z,11,0.020864373012775172,-0.11483359295026016,0.19586338601663103
4,3,1,-5,20,LT11TRUU,rolling_mean_z,11,0.08515107727853552,-0.14681125770101214,0.25653810535199556
4,3,1,-4,20,LT11TRUU,rolling_mean_z,11,0.1585837250377751,0.0030695481722013,0.29322129175518974
4,3,1,-3,20,LT11TRUU,rolling_mean_z,11,0.19450474948317947,0.05353792476846575,0.41175404492973855
4,3,1,-2,20,LT11TRUU,rolling_mean_z,11,0.08124085506030887,-0.03583384915151138,0.32553033127019815
4,3,1,-1,20,LT11TRUU,rolling_mean_z,11,0.26170755167439697,-0.0482935402875557,0.37917990560332493
4,3,1,0,20,LT11TRUU,rolling_mean_z,11,0.16481357060579735,-0.17815931039967675,0.41221796959969764
4,3,1,1,20,LT11TRUU,rolling_mean_z,11,0.011320779802187953,-0.14707635751241732,0.18267467039922253
4,3,1,2,20,LT11TRUU,rolling_mean_z,11,-0.0383191598834351,-0.29394165303089664,0.2548480940542875
4,3,1,3,20,LT11TRUU,rolling_mean_z,11,-0.07192056097904391,-0.14094592437367212,0.27741471550015484
4,3,1,4,20,LT11TRUU,rolling_mean_z,11,0.009862730839459427,-0.07536685852731145,0.2939834537129797
4,3,1,5,20,LT11TRUU,rolling_mean_z,11,-0.043952530875795606,-0.07967473046264588,0.4007524027564229
4,3,1,6,20,LT11TRUU,rolling_mean_z,11,0.03484838806439923,-0.04332291882370822,0.2983244631247398
4,3,1,7,20,LT11TRUU,rolling_mean_z,11,0.17753836155324676,-0.09372502046712138,0.3172128246873601
4,3,1,8,20,LT11TRUU,rolling_mean_z,11,0.2999481994695966,-0.011080154261551133,0.37739048187633994
4,3,1,9,20,LT11TRUU,rolling_mean_z,11,0.1885400037265626,-0.07129094892695655,0.522665178526388
4,3,1,10,20,LT11TRUU,rolling_mean_z,11,0.07103451232120875,0.010956267561505988,0.5562665796219967
4,3,2,-10,20,LT11TRUU,rolling_mean_z,5,-0.298912274494744,-0.3071966436011565,0.08170477973026793
4,3,2,-9,20,LT11TRUU,rolling_mean_z,5,-0.2146768094207427,-0.27724036491236914,-0.030034790777022723
4,3,2,-8,20,LT11TRUU,rolling_mean_z,5,-0.21938233107318492,-0.2877780824157258,-0.00690483223191925
4,3,2,-7,20,LT11TRUU,rolling_mean_z,5,-0.154300327373209,-0.27843331406369254,-0.06509424083536006
4,3,2,-6,20,LT11TRUU,rolling_mean_z,5,-0.18021383393806703,-0.2838678601974991,-0.08928459862608432
4,3,2,-5,20,LT11TRUU,rolling_mean_z,5,-0.183527581580632,-0.2137489600808244,-0.02764889247437593
4,3,2,-4,20,LT11TRUU,rolling_mean_z,5,-0.29473695246511217,-0.40892869622790096,0.020002798625708286
4,3,2,-3,20,LT11TRUU,rolling_mean_z,5,-0.20579596573866848,-0.42344291090233555,0.00886860654669
4,3,2,-2,20,LT11TRUU,rolling_mean_z,5,-0.10863688485866371,-0.32807325374931573,-0.0404399583746767
4,3,2,-1,20,LT11TRUU,rolling_mean_z,5,-0.08921832367323301,-0.1800150090795131,-0.0018679358152204895
4,3,2,0,20,LT11TRUU,rolling_mean_z,5,-0.007898956524688725,-0.0708601617334231,0.04803710368180787
4,3,2,1,20,LT11TRUU,rolling_mean_z,5,0.05943639557223138,-0.2891035814727518,0.1740257890521279
4,3,2,2,20,LT11TRUU,rolling_mean_z,5,0.06944391345277753,-0.23939736683427731,0.0766678833135692
4,3,2,3,20,LT11TRUU,rolling_mean_z,5,0.07547493416224575,-0.07490293385735236,0.1279646968204749
4,3,2,4,20,LT11TRUU,rolling_mean_z,5,0.08097575524890359,-0.019298248415112223,0.09873744261305188
4,3,2,5,20,LT11TRUU,rolling_mean_z,5,0.0669254652444282,-0.09962349127088702,0.11954777780835979
4,3,2,6,20,LT11TRUU,rolling_mean_z,5,0.026564018957986924,-0.119771076937682,0.15381192843248156
4,3,2,7,20,LT11TRUU,rolling_mean_z,5,0.051284576371521576,-0.22687140074538173,0.054664598966937775
4,3,2,8,20,LT11TRUU,rolling_mean_z,5,0.05141712627722418,-0.09630974362832205,0.11490853110876884
4,3,2,9,20,LT11TRUU,rolling_mean_z,5,0.027359318392202524,-0.35213106163433744,0.1374420150782106
4,3,2,10,20,LT11TRUU,rolling_mean_z,5,0.11928267799695469,-0.27849958901654387,0.15546880225376403
4,0,1,-10,20,LBUTTRUU,rolling_mean_z,1,-0.1414732011314252,-0.1414732011314252,-0.1414732011314252
4,0,1,-9,20,LBUTTRUU,rolling_mean_z,1,-0.1099426593096263,-0.1099426593096263,-0.1099426593096263
4,0,1,-8,20,LBUTTRUU,rolling_mean_z,1,-0.07223470521253618,-0.07223470521253618,-0.07223470521253618
4,0,1,-7,20,LBUTTRUU,rolling_mean_z,1,0.05530311905441371,0.05530311905441371,0.05530311905441371
4,0,1,-6,20,LBUTTRUU,rolling_mean_z,1,0.1090980842850747,0.1090980842850747,0.1090980842850747
4,0,1,-5,20,LBUTTRUU,rolling_mean_z,1,0.08400234691670415,0.08400234691670415,0.08400234691670415
4,0,1,-4,20,LBUTTRUU,rolling_mean_z,1,0.17164438357239825,0.17164438357239825,0.17164438357239825
4,0,1,-3,20,LBUTTRUU,rolling_mean_z,1,0.21681671083546528,0.21681671083546528,0.21681671083546528
4,0,1,-2,20,LBUTTRUU,rolling_mean_z,1,0.2238949957342365,0.2238949957342365,0.2238949957342365
4,0,1,-1,20,LBUTTRUU,rolling_mean_z,1,0.19571055222822029,0.19571055222822029,0.19571055222822029
4,0,1,0,20,LBUTTRUU,rolling_mean_z,1,0.045393520196134074,0.045393520196134074,0.045393520196134074
4,0,1,1,20,LBUTTRUU,rolling_mean_z,1,0.09391194577498382,0.09391194577498382,0.09391194577498382
4,0,1,2,20,LBUTTRUU,rolling_mean_z,1,0.03535522524878583,0.03535522524878583,0.03535522524878583
4,0,1,3,20,LBUTTRUU,rolling_mean_z,1,0.07743884637420724,0.07743884637420724,0.07743884637420724
4,0,1,4,20,LBUTTRUU,rolling_mean_z,1,0.006269909119289696,0.006269909119289696,0.006269909119289696
4,0,1,5,20,LBUTTRUU,rolling_mean_z,1,0.088506710034104,0.088506710034104,0.088506710034104
4,0,1,6,20,LBUTTRUU,rolling_mean_z,1,0.04140394143500849,0.04140394143500849,0.04140394143500849
4,0,1,7,20,LBUTTRUU,rolling_mean_z,1,0.046680481086819735,0.046680481086819735,0.046680481086819735
4,0,1,8,20,LBUTTRUU,rolling_mean_z,1,0.07036056147543607,0.07036056147543607,0.07036056147543607
4,0,1,9,20,LBUTTRUU,rolling_mean_z,1,0.05414485425279662,0.05414485425279662,0.05414485425279662
4,0,1,10,20,LBUTTRUU,rolling_mean_z,1,0.07550840503817875,0.07550840503817875,0.07550840503817875
4,0,2,-10,20,LBUTTRUU,rolling_mean_z,255,-0.01869713216001227,-0.1594906536010246,0.08413104300577276
4,0,2,-9,20,LBUTTRUU,rolling_mean_z,255,-0.022944103099275002,-0.14295320615571372,0.0823292977588128
4,0,2,-8,20,LBUTTRUU,rolling_mean_z,255,-0.010589278548692616,-0.11483311069423188,0.07943363575477
4,0,2,-7,20,LBUTTRUU,rolling_mean_z,255,-0.005570131075018453,-0.12255487603834585,0.08438843518390986
4,0,2,-6,20,LBUTTRUU,rolling_mean_z,255,-0.00968840592521264,-0.12525749390878577,0.07924059162116714
4,0,2,-5,20,LBUTTRUU,rolling_mean_z,255,-0.010460582459624067,-0.12171835145940013,0.07499362068190449
4,0,2,-4,20,LBUTTRUU,rolling_mean_z,255,-0.015479729933298148,-0.1318209944512827,0.07518666481550734
4,0,2,-3,20,LBUTTRUU,rolling_mean_z,255,-0.012648415973789651,-0.146878436872305,0.08310147429322419
4,0,2,-2,20,LBUTTRUU,rolling_mean_z,255,-0.016766690823983788,-0.12364879279542866,0.0780823268195501
4,0,2,-1,20,LBUTTRUU,rolling_mean_z,255,-0.014064072953543883,-0.13182099445128265,0.08882845025677544
4,0,2,0,20,LBUTTRUU,rolling_mean_z,255,-0.012648415973789606,-0.14913061843100492,0.10279197592071493
4,0,2,1,20,LBUTTRUU,rolling_mean_z,255,-0.014321465131681121,-0.1332366514310369,0.09783717649157511
4,0,2,2,20,LBUTTRUU,rolling_mean_z,255,-0.010460582459624067,-0.1574315161759275,0.09108063181547535
4,0,2,3,20,LBUTTRUU,rolling_mean_z,255,-0.010331886370555543,-0.1515114960787734,0.08844236198956974
4,0,2,4,20,LBUTTRUU,rolling_mean_z,255,-0.01792495562560091,-0.14964540278727917,0.1101276529976232
4,0,2,5,20,LBUTTRUU,rolling_mean_z,256,-0.02249366678753508,-0.15659499159698181,0.10922678037414325
4,0,2,6,20,LBUTTRUU,rolling_mean_z,256,-0.019726700872560836,-0.14745756927311354,0.11556506276077026
4,0,2,7,20,LBUTTRUU,rolling_mean_z,256,-0.01020319028148688,-0.15421411394921336,0.09973544380533649
4,0,2,8,20,LBUTTRUU,rolling_mean_z,256,-0.007371876321978388,-0.16106718069211454,0.10050762033974786
4,0,2,9,20,LBUTTRUU,rolling_mean_z,256,-0.012519719884721097,-0.152766282947192,0.10617024825876475
4,0,2,10,20,LBUTTRUU,rolling_mean_z,256,-0.01046058245962395,-0.15579064104030338,0.09291455108470241
4,0,3,-10,20,LBUTTRUU,rolling_mean_z,1,-0.09926088391693523,-0.09926088391693523,-0.09926088391693523
4,0,3,-9,20,LBUTTRUU,rolling_mean_z,1,-0.17982463567385815,-0.17982463567385815,-0.17982463567385815
4,0,3,-8,20,LBUTTRUU,rolling_mean_z,1,-0.17403331166577268,-0.17403331166577268,-0.17403331166577268
4,0,3,-7,20,LBUTTRUU,rolling_mean_z,1,-0.12731663133388282,-0.12731663133388282,-0.12731663133388282
4,0,3,-6,20,LBUTTRUU,rolling_mean_z,1,-0.12989055311525416,-0.12989055311525416,-0.12989055311525416
4,0,3,-5,20,LBUTTRUU,rolling_mean_z,1,-0.06863121471861627,-0.06863121471861627,-0.06863121471861627
4,0,3,-4,20,LBUTTRUU,rolling_mean_z,1,-0.08047125491292444,-0.08047125491292444,-0.08047125491292444
4,0,3,-3,20,LBUTTRUU,rolling_mean_z,1,-0.05807813541499378,-0.05807813541499378,-0.05807813541499378
4,0,3,-2,20,LBUTTRUU,rolling_mean_z,1,-0.05241550749597683,-0.05241550749597683,-0.05241550749597683
4,0,3,-1,20,LBUTTRUU,rolling_mean_z,1,-0.06026596892915942,-0.06026596892915942,-0.06026596892915942
4,0,3,0,20,LBUTTRUU,rolling_mean_z,1,-0.12281226821648299,-0.12281226821648299,-0.12281226821648299
4,0,3,1,20,LBUTTRUU,rolling_mean_z,1,-0.17480548820018404,-0.17480548820018404,-0.17480548820018404
4,0,3,2,20,LBUTTRUU,rolling_mean_z,1,-0.2772475750987634,-0.2772475750987634,-0.2772475750987634
4,0,3,3,20,LBUTTRUU,rolling_mean_z,1,-0.34095213918770406,-0.34095213918770406,-0.34095213918770406
4,0,3,4,20,LBUTTRUU,rolling_mean_z,1,-0.33503211909055,-0.33503211909055,-0.33503211909055
4,0,3,5,20,LBUTTRUU,rolling_mean_z,1,-0.35214869893666934,-0.35214869893666934,-0.35214869893666934
4,0,3,6,20,LBUTTRUU,rolling_mean_z,1,-0.3772444363050399,-0.3772444363050399,-0.3772444363050399
4,0,3,7,20,LBUTTRUU,rolling_mean_z,1,-0.3687504944265145,-0.3687504944265145,-0.3687504944265145
4,0,3,8,20,LBUTTRUU,rolling_mean_z,1,-0.3342599425561385,-0.3342599425561385,-0.3342599425561385
4,0,3,9,20,LBUTTRUU,rolling_mean_z,1,-0.3852235938272911,-0.3852235938272911,-0.3852235938272911
4,0,3,10,20,LBUTTRUU,rolling_mean_z,1,-0.39616276139811923,-0.39616276139811923,-0.39616276139811923
4,1,0,-10,20,LBUTTRUU,rolling_mean_z,2,-0.004347518228867073,-0.03417283687050746,0.025477800412773317
4,1,0,-9,20,LBUTTRUU,rolling_mean_z,2,-0.09790957498171528,-0.20141340461511026,0.005594254651679703
4,1,0,-8,20,LBUTTRUU,rolling_mean_z,2,-0.21701780541467397,-0.36752788158036304,-0.06650772924898492
4,1,0,-7,20,LBUTTRUU,rolling_mean_z,2,-0.04655983544335704,-0.1556619449512347,0.0625422740645206
4,1,0,-6,20,LBUTTRUU,rolling_mean_z,2,-0.08362430909510432,-0.23384481906038912,0.06659620087018048
4,1,0,-5,20,LBUTTRUU,rolling_mean_z,2,-0.06290423875506501,-0.20630385599971576,0.08049537848958574
4,1,0,-4,20,LBUTTRUU,rolling_mean_z,2,-0.08877215265784698,-0.23101350510088062,0.05346919978518666
4,1,0,-3,20,LBUTTRUU,rolling_mean_z,2,-0.11328875762540899,-0.1926298965361805,-0.03394761871463746
4,1,0,-2,20,LBUTTRUU,rolling_mean_z,2,-0.11007135539869482,-0.21206300598553415,-0.008079704811855493
4,1,0,-1,20,LBUTTRUU,rolling_mean_z,2,-0.14301755420024798,-0.23220394392476487,-0.053831164475731066
4,1,0,0,20,LBUTTRUU,rolling_mean_z,2,-0.18265594963336662,-0.3127033476371536,-0.05260855162957968
4,1,0,1,20,LBUTTRUU,rolling_mean_z,2,-0.2485483472364729,-0.3759574754143542,-0.12113921905859161
4,1,0,2,20,LBUTTRUU,rolling_mean_z,2,-0.1937238132932634,-0.3348390749569471,-0.05260855162957971
4,1,0,3,20,LBUTTRUU,rolling_mean_z,2,-0.19764904400985467,-0.31717553673228627,-0.07812255128742308
4,1,0,4,20,LBUTTRUU,rolling_mean_z,2,-0.15820369271033882,-0.2606457796089181,-0.05576160581175953
4,1,0,5,20,LBUTTRUU,rolling_mean_z,2,-0.1602628301354359,-0.2755745259408719,-0.04495113432999992
4,1,0,6,20,LBUTTRUU,rolling_mean_z,2,-0.182977689856038,-0.3015389619104553,-0.06441641780162069
4,1,0,7,20,LBUTTRUU,rolling_mean_z,2,-0.19919339707867748,-0.33654429813710557,-0.06184249602024937
4,1,0,8,20,LBUTTRUU,rolling_mean_z,2,-0.18156203287628375,-0.3214225076715489,-0.041701558081018594
4,1,0,9,20,LBUTTRUU,rolling_mean_z,2,-0.1454627798925507,-0.28625630133356295,-0.004669258451538455
4,1,0,10,20,LBUTTRUU,rolling_mean_z,2,-0.14025058828527373,-0.2537927128660169,-0.026708463704530533
4,1,2,-10,20,LBUTTRUU,rolling_mean_z,54,0.013862978374335153,-0.13336534752010548,0.1599330394671587
4,1,2,-9,20,LBUTTRUU,rolling_mean_z,54,-0.023394539411015037,-0.16972199268197563,0.12981815462511404
4,1,2,-8,20,LBUTTRUU,rolling_mean_z,54,-0.030730216487923272,-0.20250732137219307,0.11990855576683433
4,1,2,-7,20,LBUTTRUU,rolling_mean_z,54,-0.033690226536500334,-0.2284717573417765,0.12203204123646572
4,1,2,-6,20,LBUTTRUU,rolling_mean_z,54,-0.02719107403853777,-0.18938032028719928,0.1303972870259226
4,1,2,-5,20,LBUTTRUU,rolling_mean_z,54,-0.041540687969682986,-0.18751422699570502,0.12328682810488423
4,1,2,-4,20,LBUTTRUU,rolling_mean_z,54,-0.00743622436651269,-0.23226829196929916,0.10082936056241931
4,1,2,-3,20,LBUTTRUU,rolling_mean_z,54,-0.01406407295354396,-0.19768121803212177,0.10877634406240334
4,1,2,-2,20,LBUTTRUU,rolling_mean_z,54,-0.030215432131649,-0.189541190398535,0.08104233686812713
4,1,2,-1,20,LBUTTRUU,rolling_mean_z,54,-0.012197979662049666,-0.14736104720631216,0.10340328234379059
4,1,2,0,20,LBUTTRUU,rolling_mean_z,54,-0.014964945577023887,-0.13770884052616963,0.08744496729928838
4,1,2,1,20,LBUTTRUU,rolling_mean_z,54,0.006977737609166759,-0.1246783615079772,0.1047545912790106
4,1,2,2,20,LBUTTRUU,rolling_mean_z,54,-0.048361580690317,-0.13577839919014112,0.09410498990858658
4,1,2,3,20,LBUTTRUU,rolling_mean_z,54,-0.010782322682295443,-0.14642800056056504,0.09555282091060806
4,1,2,4,20,LBUTTRUU,rolling_mean_z,54,-0.04559461477534277,-0.14234189973263806,0.06759359556046184
4,1,2,5,20,LBUTTRUU,rolling_mean_z,54,-0.04643113935428844,-0.1582680407548732,0.044074385283181215
4,1,2,6,20,LBUTTRUU,rolling_mean_z,54,-0.03266065782395183,-0.18420030270218943,0.03780045094108857
4,1,2,7,20,LBUTTRUU,rolling_mean_z,54,-0.024745848346234965,-0.21502301603411128,0.04484656181759261
4,1,2,8,20,LBUTTRUU,rolling_mean_z,54,-0.03600675613973457,-0.22869697549764645,0.059131827704203554
4,1,2,9,20,LBUTTRUU,rolling_mean_z,54,-0.03639284440694025,-0.17068721334998993,0.0651483698681591
4,1,2,10,20,LBUTTRUU,rolling_mean_z,54,-0.056018997989896735,-0.1784733267386382,0.04439612550585259
4,1,3,-10,20,LBUTTRUU,rolling_mean_z,7,-0.18317073398964093,-0.3279538341917787,0.07956233184383858
4,1,3,-9,20,LBUTTRUU,rolling_mean_z,7,-0.22229434506648524,-0.4251193814385468,0.01347689010712945
4,1,3,-8,20,LBUTTRUU,rolling_mean_z,7,-0.3110946465237966,-0.5141770750739951,-0.06090944937450224
4,1,3,-7,20,LBUTTRUU,rolling_mean_z,7,-0.30002678286389983,-0.5567754805556908,-0.04881201700205698
4,1,3,-6,20,LBUTTRUU,rolling_mean_z,7,-0.19912904903414327,-0.53978759679864,0.0405674168560628
4,1,3,-5,20,LBUTTRUU,rolling_mean_z,7,-0.28329629128498607,-0.47460302768541074,-0.013163200330063907
4,1,3,-4,20,LBUTTRUU,rolling_mean_z,7,-0.4006671245155192,-0.6611480087902986,0.14024253783966795
4,1,3,-3,20,LBUTTRUU,rolling_mean_z,7,-0.22615522773854235,-0.5706103101305617,0.21166886727272266
4,1,3,-2,20,LBUTTRUU,rolling_mean_z,7,-0.2427570232283875,-0.489853514240036,0.04301264254836562
4,1,3,-1,20,LBUTTRUU,rolling_mean_z,7,-0.3390216978516756,-0.3977714625114763,-0.02094931371871217
4,1,3,0,20,LBUTTRUU,rolling_mean_z,7,-0.34494171794882955,-0.41990718983126984,0.0355482693823887
4,1,3,1,20,LBUTTRUU,rolling_mean_z,7,-0.36218699388401754,-0.49963441700924704,-0.19706991160904613
4,1,3,2,20,LBUTTRUU,rolling_mean_z,7,-0.33490342300148135,-0.5926816894058211,-0.1812402926536123
4,1,3,3,20,LBUTTRUU,rolling_mean_z,7,-0.3343886386452072,-0.7247882248347051,-0.24243528300571596
4,1,3,4,20,LBUTTRUU,rolling_mean_z,7,-0.36218699388401754,-0.7542596292314068,-0.3034372292242168
4,1,3,5,20,LBUTTRUU,rolling_mean_z,7,-0.6270435451871283,-0.8097919916644936,-0.1203670425241802
4,1,3,6,20,LBUTTRUU,rolling_mean_z,7,-0.6832837361100921,-0.7296786762193105,-0.1785376747831725
4,1,3,7,20,LBUTTRUU,rolling_mean_z,7,-0.7269117103043363,-0.8488512546968036,-0.025646720969714848
4,1,3,8,20,LBUTTRUU,rolling_mean_z,7,-0.354593924628972,-0.7745936113042404,0.01611515993303514
4,1,3,9,20,LBUTTRUU,rolling_mean_z,7,-0.1548575943945561,-0.6087687005393918,0.11044939322029473
4,1,3,10,20,LBUTTRUU,rolling_mean_z,7,-0.0764816761517988,-0.4666882182076939,0.19506707178287752
4,2,0,-10,20,LBUTTRUU,rolling_mean_z,256,-0.01206928357298112,-0.14082972068608232,0.06913794862928471
4,2,0,-9,20,LBUTTRUU,rolling_mean_z,256,-0.00878753330173265,-0.12953663887031563,0.08249016787014855
4,2,0,-8,20,LBUTTRUU,rolling_mean_z,256,-0.009752753969746876,-0.13712970812536107,0.07753536844100857
4,2,0,-7,20,LBUTTRUU,rolling_mean_z,256,-0.019469308694423728,-0.1291505506031099,0.07933711368796861
4,2,0,-6,20,LBUTTRUU,rolling_mean_z,256,-0.014257117087146784,-0.14954888072047776,0.08232929775881279
4,2,0,-5,20,LBUTTRUU,rolling_mean_z,256,-0.02146409807498651,-0.1372905782366968,0.08773453349969261
4,2,0,-4,20,LBUTTRUU,rolling_mean_z,256,-0.013549288597269565,-0.1542784619937476,0.08030233435598286
4,2,0,-3,20,LBUTTRUU,rolling_mean_z,256,-0.00762926850011552,-0.14050798046341095,0.08850671003410394
4,2,0,-2,20,LBUTTRUU,rolling_mean_z,256,-0.012777112062858236,-0.1534097633925348,0.07904754748756426
4,2,0,-1,20,LBUTTRUU,rolling_mean_z,256,-0.009366665702541183,-0.14311407626704942,0.10240588765350923
4,2,0,0,20,LBUTTRUU,rolling_mean_z,256,-0.026290201415057782,-0.15353845948160338,0.09445890415352526
4,2,0,1,20,LBUTTRUU,rolling_mean_z,256,-0.012777112062858188,-0.14736104720631216,0.09848065693691797
4,2,0,2,20,LBUTTRUU,rolling_mean_z,256,0.00041423706666993826,-0.13764449248163535,0.1034032823437906
4,2,0,3,20,LBUTTRUU,rolling_mean_z,256,-0.005441434985949931,-0.14227755168810374,0.1149859303599617
4,2,0,4,20,LBUTTRUU,rolling_mean_z,256,-0.001837944492030026,-0.14967757680954635,0.1241555267060971
4,2,0,5,20,LBUTTRUU,rolling_mean_z,256,-0.00022924337867295634,-0.15173671423464338,0.12132421274658864
4,2,0,6,20,LBUTTRUU,rolling_mean_z,256,0.00202293818002701,-0.1537958516597405,0.11054591528709606
4,2,0,7,20,LBUTTRUU,rolling_mean_z,256,0.007492521965441095,-0.14945235865367634,0.10295284603205057
4,2,0,8,20,LBUTTRUU,rolling_mean_z,256,-0.011683195305775381,-0.13494187461119544,0.10176240720816641
4,2,0,9,20,LBUTTRUU,rolling_mean_z,256,-0.0026101210264414705,-0.14366103464559082,0.0930754211960381
4,2,0,10,20,LBUTTRUU,rolling_mean_z,256,-0.003897081917127067,-0.12657662882173848,0.09095193572640682
4,2,1,-10,20,LBUTTRUU,rolling_mean_z,51,-0.02281540701020638,-0.16470284520830158,0.1267937965320027
4,2,1,-9,20,LBUTTRUU,rolling_mean_z,51,-0.019083220427217933,-0.17596375300180117,0.13548078254413098
4,2,1,-8,20,LBUTTRUU,rolling_mean_z,51,-0.04855462482391982,-0.17782984629329535,0.12138856079112288
4,2,1,-7,20,LBUTTRUU,rolling_mean_z,51,-0.024745848346234944,-0.17911680718398104,0.12319030603808277
4,2,1,-6,20,LBUTTRUU,rolling_mean_z,51,-0.01728147518025811,-0.17197417424067557,0.12273986972634285
4,2,1,-5,20,LBUTTRUU,rolling_mean_z,51,-0.014064072953543894,-0.17062286530545562,0.13419382165344532
4,2,1,-4,20,LBUTTRUU,rolling_mean_z,51,0.021327351540312074,-0.20569254957664007,0.12299726190447996
4,2,1,-3,20,LBUTTRUU,rolling_mean_z,51,-0.004283170184332763,-0.183878562479518,0.10922678037414332
4,2,1,-2,20,LBUTTRUU,rolling_mean_z,51,-0.010589278548692616,-0.14829409385205927,0.10543024574662058
4,2,1,-1,20,LBUTTRUU,rolling_mean_z,51,-0.02963629973084047,-0.1540854178601448,0.11373114349154312
4,2,1,0,20,LBUTTRUU,rolling_mean_z,51,-0.022686710921137852,-0.1924368524025777,0.11694854571825733
4,2,1,1,20,LBUTTRUU,rolling_mean_z,51,-0.013806680775406721,-0.1372905782366968,0.09963892173853509
4,2,1,2,20,LBUTTRUU,rolling_mean_z,51,-0.0020953366701671914,-0.14469060335813938,0.08335886647136134
4,2,1,3,20,LBUTTRUU,rolling_mean_z,51,-0.026676289682263488,-0.1558871631071047,0.13207033618381395
4,2,1,4,20,LBUTTRUU,rolling_mean_z,51,-0.024745848346234983,-0.1754489686455269,0.08490321954018418
4,2,1,5,20,LBUTTRUU,rolling_mean_z,51,-0.038773722054708706,-0.15485759439455618,0.06251010004225344
4,2,1,6,20,LBUTTRUU,rolling_mean_z,51,-0.04791114437857697,-0.19674817138637468,0.05684747212323654
4,2,1,7,20,LBUTTRUU,rolling_mean_z,51,-0.05241550749597683,-0.20704385851186005,0.060322266528087864
4,2,1,8,20,LBUTTRUU,rolling_mean_z,51,-0.060523361107296544,-0.25511184777896984,0.04545786824066838
4,2,1,9,20,LBUTTRUU,rolling_mean_z,51,-0.0553755175445539,-0.2560127204024498,0.04114654925687137
4,2,1,10,20,LBUTTRUU,rolling_mean_z,51,-0.06978947952023327,-0.256977941070464,0.06527706595722765
4,2,3,-10,20,LBUTTRUU,rolling_mean_z,8,-0.013677984686338258,-0.10598525457076784,0.05453094252000224
4,2,3,-9,20,LBUTTRUU,rolling_mean_z,8,0.003438595159781159,-0.08503996607485864,0.05465963860907093
4,2,3,-8,20,LBUTTRUU,rolling_mean_z,8,-0.006277959564895647,-0.09169998868415699,0.08432408713937563
4,2,3,-7,20,LBUTTRUU,rolling_mean_z,8,-0.048876365046591264,-0.1232305305059559,0.0754440569936444
4,2,3,-6,20,LBUTTRUU,rolling_mean_z,8,-0.09038085377120417,-0.15955500164555883,0.023161270809539024
4,2,3,-5,20,LBUTTRUU,rolling_mean_z,8,-0.1055669922812951,-0.1365827497468196,0.04639091488641542
4,2,3,-4,20,LBUTTRUU,rolling_mean_z,8,-0.054281600787471164,-0.09047737583800551,0.1360920889672066
4,2,3,-3,20,LBUTTRUU,rolling_mean_z,8,-0.03568501591706319,-0.06734425382793066,0.0888284502567754
4,2,3,-2,20,LBUTTRUU,rolling_mean_z,8,-0.04076851143527158,-0.05138593878342837,0.12560335770811842
4,2,3,-1,20,LBUTTRUU,rolling_mean_z,8,-0.06084510132996807,-0.09781305291491384,0.09764413235797222
4,2,3,0,20,LBUTTRUU,rolling_mean_z,8,-0.02056322545150658,-0.07149470270039192,0.1190720311878887
4,2,3,1,20,LBUTTRUU,rolling_mean_z,8,-0.01200493552844689,-0.11605572354038328,0.054917030787208054
4,2,3,2,20,LBUTTRUU,rolling_mean_z,8,0.015471679487692246,-0.06769816807286926,0.08094581480132569
4,2,3,3,20,LBUTTRUU,rolling_mean_z,8,0.04037437272245984,-0.06663642533805356,0.12077725436804722
4,2,3,4,20,LBUTTRUU,rolling_mean_z,8,0.06399010506654201,-0.01358146261953686,0.12901380406843543
4,2,3,5,20,LBUTTRUU,rolling_mean_z,8,0.07930493966570139,0.026346499013986183,0.09819109073651366
4,2,3,6,20,LBUTTRUU,rolling_mean_z,8,0.11463201611502305,0.05243963107263814,0.1419477610198264
4,2,3,7,20,LBUTTRUU,rolling_mean_z,8,0.09423368599765522,0.036256097872265705,0.136864265501618
4,2,3,8,20,LBUTTRUU,rolling_mean_z,8,0.05626833972242787,-0.029346733530436254,0.14329906995504643
4,2,3,9,20,LBUTTRUU,rolling_mean_z,8,0.05131354029328809,-0.004830128562874257,0.10034675022841211
4,2,3,10,20,LBUTTRUU,rolling_mean_z,8,0.011932537038306634,-0.017989303670135227,0.06717533327098896
4,3,1,-10,20,LBUTTRUU,rolling_mean_z,11,-0.07184861694533051,-0.5902364637135182,0.008200350455318181
4,3,1,-9,20,LBUTTRUU,rolling_mean_z,11,-0.1870316166616979,-0.49667440696067006,-0.06779469013967065
4,3,1,-8,20,LBUTTRUU,rolling_mean_z,11,-0.24919182768181564,-0.32981992748327293,0.03870132356456858
4,3,1,-7,20,LBUTTRUU,rolling_mean_z,11,-0.12461401346344289,-0.30890681300963085,0.12273986972634282
4,3,1,-6,20,LBUTTRUU,rolling_mean_z,11,-0.09848870738252394,-0.25298836230933847,0.0697814290746275
4,3,1,-5,20,LBUTTRUU,rolling_mean_z,11,-0.06258249853239375,-0.34384780119174685,0.10047544631748076
4,3,1,-4,20,LBUTTRUU,rolling_mean_z,11,-0.09591478560115249,-0.30105635157644817,0.11418157980328308
4,3,1,-3,20,LBUTTRUU,rolling_mean_z,11,-0.044436349973725794,-0.43490028420775795,0.18136093829707506
4,3,1,-2,20,LBUTTRUU,rolling_mean_z,11,-0.16849937983582425,-0.5667494274585047,0.08014146424464709
4,3,1,-1,20,LBUTTRUU,rolling_mean_z,11,-0.10273567832178651,-0.6303252954583769,0.15240431825664755
4,3,1,0,20,LBUTTRUU,rolling_mean_z,11,-0.24224223887211305,-0.35633132183139776,-0.026676289682263443
4,3,1,1,20,LBUTTRUU,rolling_mean_z,11,-0.13980015197353376,-0.3211329414711447,-0.05415290469840258
4,3,1,2,20,LBUTTRUU,rolling_mean_z,11,-0.1598767418682302,-0.27081277064533504,0.09172411226081818
4,3,1,3,20,LBUTTRUU,rolling_mean_z,11,0.013219497928992208,-0.37589312736981995,0.15169648976677044
4,3,1,4,20,LBUTTRUU,rolling_mean_z,11,0.09661456364542362,-0.33992257047515545,0.18020267349545802
4,3,1,5,20,LBUTTRUU,rolling_mean_z,11,0.12853119373442826,-0.4622482031348284,0.26115251351958657
4,3,1,6,20,LBUTTRUU,rolling_mean_z,11,0.06045096261715629,-0.3426895363901296,0.24262027669371297
4,3,1,7,20,LBUTTRUU,rolling_mean_z,11,0.020040390649626268,-0.31501987724038777,0.18946879190839483
4,3,1,8,20,LBUTTRUU,rolling_mean_z,11,0.013862978374335177,-0.46475777687166536,0.07943363575477007
4,3,1,9,20,LBUTTRUU,rolling_mean_z,11,0.024930842034231813,-0.3905001334791023,0.11984420772230009
4,3,1,10,20,LBUTTRUU,rolling_mean_z,11,0.017337772779186512,-0.269461461710115,0.17872266847116952
4,3,2,-10,20,LBUTTRUU,rolling_mean_z,5,-0.05395986056479973,-0.12989055311525416,0.08323017038229286
4,3,2,-9,20,LBUTTRUU,rolling_mean_z,5,-0.06863121471861627,-0.10196350178737523,-0.06605729293724487
4,3,2,-8,20,LBUTTRUU,rolling_mean_z,5,-0.11174440455658632,-0.13104881791687123,-0.08047125491292444
4,3,2,-7,20,LBUTTRUU,rolling_mean_z,5,-0.11264527718006627,-0.1724889585969498,-0.05807813541499378
4,3,2,-6,20,LBUTTRUU,rolling_mean_z,5,-0.05241550749597683,-0.09771653084811235,-0.045980703042548574
4,3,2,-5,20,LBUTTRUU,rolling_mean_z,5,-0.06026596892915942,-0.09050954986027263,-0.05962248848381668
4,3,2,-4,20,LBUTTRUU,rolling_mean_z,5,-0.07223470521253611,-0.12281226821648299,-0.040961555568874465
4,3,2,-3,20,LBUTTRUU,rolling_mean_z,5,-0.07918429402223885,-0.10350785485619789,-0.05190072313970258
4,3,2,-2,20,LBUTTRUU,rolling_mean_z,5,-0.11779312074280886,-0.14790800558485365,0.10292067200978358
4,3,2,-1,20,LBUTTRUU,rolling_mean_z,5,0.02351518505447775,-0.11547659113957476,0.06675707098151622
4,3,2,0,20,LBUTTRUU,rolling_mean_z,5,0.048224834155642604,-0.1273166313338829,0.09339716141870943
4,3,2,1,20,LBUTTRUU,rolling_mean_z,5,0.11437462393688602,-0.10968526713148925,0.122096389281
4,3,2,2,20,LBUTTRUU,rolling_mean_z,5,0.08979367092478976,-0.09398434426512406,0.09790152453610942
4,3,2,3,20,LBUTTRUU,rolling_mean_z,5,0.0462943928196141,-0.033497182402897584,0.10536589770208618
4,3,2,4,20,LBUTTRUU,rolling_mean_z,5,0.08104233686812719,-0.033368486313829014,0.09532760275473795
4,3,2,5,20,LBUTTRUU,rolling_mean_z,5,0.09249628879522948,-0.03632849636240606,0.09313976924057248
4,3,2,6,20,LBUTTRUU,rolling_mean_z,5,0.09416933795312085,-0.041218947747011604,0.1133450552243375
4,3,2,7,20,LBUTTRUU,rolling_mean_z,5,0.06070835479529344,-0.05589030190082824,0.11887898705428587
4,3,2,8,20,LBUTTRUU,rolling_mean_z,5,-0.0010657679576185463,-0.06567120467003933,0.017337772779186335
4,3,2,9,20,LBUTTRUU,rolling_mean_z,5,-0.041862428192354285,-0.06567120467003933,0.04372047103824257
4,3,2,10,20,LBUTTRUU,rolling_mean_z,5,0.1286598898234968,0.007685566099043856,0.15800259813113024
4,0,1,-10,20,SPXT,rolling_std_ratio,1,0.4386090565355496,0.4386090565355496,0.4386090565355496
4,0,1,-9,20,SPXT,rolling_std_ratio,1,0.4400118803419387,0.4400118803419387,0.4400118803419387
4,0,1,-8,20,SPXT,rolling_std_ratio,1,0.43435367566136895,0.43435367566136895,0.43435367566136895
4,0,1,-7,20,SPXT,rolling_std_ratio,1,0.4330615054861025,0.4330615054861025,0.4330615054861025
4,0,1,-6,20,SPXT,rolling_std_ratio,1,0.4493553073298953,0.4493553073298953,0.4493553073298953
4,0,1,-5,20,SPXT,rolling_std_ratio,1,0.3910935956733603,0.3910935956733603,0.3910935956733603
4,0,1,-4,20,SPXT,rolling_std_ratio,1,0.3763702054143313,0.3763702054143313,0.3763702054143313
4,0,1,-3,20,SPXT,rolling_std_ratio,1,0.36534239403322866,0.36534239403322866,0.36534239403322866
4,0,1,-2,20,SPXT,rolling_std_ratio,1,0.3196620369296523,0.3196620369296523,0.3196620369296523
4,0,1,-1,20,SPXT,rolling_std_ratio,1,0.3190050679586522,0.3190050679586522,0.3190050679586522
4,0,1,0,20,SPXT,rolling_std_ratio,1,0.3729896510080881,0.3729896510080881,0.3729896510080881
4,0,1,1,20,SPXT,rolling_std_ratio,1,0.36859436327662726,0.36859436327662726,0.36859436327662726
4,0,1,2,20,SPXT,rolling_std_ratio,1,0.36866097112037777,0.36866097112037777,0.36866097112037777
4,0,1,3,20,SPXT,rolling_std_ratio,1,0.3546979253278417,0.3546979253278417,0.3546979253278417
4,0,1,4,20,SPXT,rolling_std_ratio,1,0.35371362902643766,0.35371362902643766,0.35371362902643766
4,0,1,5,20,SPXT,rolling_std_ratio,1,0.3803504719815476,0.3803504719815476,0.3803504719815476
4,0,1,6,20,SPXT,rolling_std_ratio,1,0.3715987002964097,0.3715987002964097,0.3715987002964097
4,0,1,7,20,SPXT,rolling_std_ratio,1,0.37429712565254075,0.37429712565254075,0.37429712565254075
4,0,1,8,20,SPXT,rolling_std_ratio,1,0.3608108030907083,0.3608108030907083,0.3608108030907083
4,0,1,9,20,SPXT,rolling_std_ratio,1,0.3867140180113391,0.3867140180113391,0.3867140180113391
4,0,1,10,20,SPXT,rolling_std_ratio,1,0.3864644967460952,0.3864644967460952,0.3864644967460952
4,0,2,-10,20,SPXT,rolling_std_ratio,255,0.5813335029590101,0.4430361024552267,0.7434165846058185
4,0,2,-9,20,SPXT,rolling_std_ratio,255,0.5833942661597893,0.4381971104861099,0.7399385987450178
4,0,2,-8,20,SPXT,rolling_std_ratio,255,0.5801179116563695,0.417471115204317,0.7379460687211943
4,0,2,-7,20,SPXT,rolling_std_ratio,255,0.5729376790859355,0.4230065364478818,0.7531342391252995
4,0,2,-6,20,SPXT,rolling_std_ratio,255,0.5732603034420969,0.4234611545678113,0.7651890460811677
4,0,2,-5,20,SPXT,rolling_std_ratio,255,0.569811402936561,0.42215760409354125,0.7556420974032134
4,0,2,-4,20,SPXT,rolling_std_ratio,255,0.5653514244657897,0.42426828293717606,0.7469437834204651
4,0,2,-3,20,SPXT,rolling_std_ratio,255,0.56384881504223,0.4222150443606784,0.7332369968715978
4,0,2,-2,20,SPXT,rolling_std_ratio,255,0.5638525657794996,0.42175768926847107,0.7279602574440893
4,0,2,-1,20,SPXT,rolling_std_ratio,255,0.5508190922336301,0.424502750171845,0.7118062691564402
4,0,2,0,20,SPXT,rolling_std_ratio,255,0.5787621673704957,0.43576450576897663,0.7300520818593801
4,0,2,1,20,SPXT,rolling_std_ratio,255,0.5806339365030009,0.44817719670582423,0.7352830452211963
4,0,2,2,20,SPXT,rolling_std_ratio,255,0.5957331524467683,0.451933773875985,0.7559470217801301
4,0,2,3,20,SPXT,rolling_std_ratio,255,0.5892617839543757,0.4631295375382011,0.7560215914399097
4,0,2,4,20,SPXT,rolling_std_ratio,255,0.5865401139061179,0.455795967341581,0.7457730875732084
4,0,2,5,20,SPXT,rolling_std_ratio,256,0.6131895319752678,0.45564302660973843,0.7588575581969712
4,0,2,6,20,SPXT,rolling_std_ratio,256,0.6038865567136597,0.4531356098201321,0.7505373861256344
4,0,2,7,20,SPXT,rolling_std_ratio,256,0.6110613697422748,0.45336847757591137,0.7497539394426436
4,0,2,8,20,SPXT,rolling_std_ratio,256,0.6172116757970638,0.4539035637743165,0.7697749445905817
4,0,2,9,20,SPXT,rolling_std_ratio,256,0.6121014673148344,0.45592649656652395,0.769915479693629
4,0,2,10,20,SPXT,rolling_std_ratio,256,0.619030357337154,0.4716361221883793,0.7837458161488424
4,0,3,-10,20,SPXT,rolling_std_ratio,1,0.3161088174729648,0.3161088174729648,0.3161088174729648
4,0,3,-9,20,SPXT,rolling_std_ratio,1,0.30353263566877414,0.30353263566877414,0.30353263566877414
4,0,3,-8,20,SPXT,rolling_std_ratio,1,0.2743122453278317,0.2743122453278317,0.2743122453278317
4,0,3,-7,20,SPXT,rolling_std_ratio,1,0.23894045551446383,0.23894045551446383,0.23894045551446383
4,0,3,-6,20,SPXT,rolling_std_ratio,1,0.25326165711273757,0.25326165711273757,0.25326165711273757
4,0,3,-5,20,SPXT,rolling_std_ratio,1,0.2598798353107939,0.2598798353107939,0.2598798353107939
4,0,3,-4,20,SPXT,rolling_std_ratio,1,0.2454558146593955,0.2454558146593955,0.2454558146593955
4,0,3,-3,20,SPXT,rolling_std_ratio,1,0.24308282194950098,0.24308282194950098,0.24308282194950098
4,0,3,-2,20,SPXT,rolling_std_ratio,1,0.43319235986082666,0.43319235986082666,0.43319235986082666
4,0,3,-1,20,SPXT,rolling_std_ratio,1,0.4216241366165257,0.4216241366165257,0.4216241366165257
4,0,3,0,20,SPXT,rolling_std_ratio,1,0.4532127812970697,0.4532127812970697,0.4532127812970697
4,0,3,1,20,SPXT,rolling_std_ratio,1,0.4496926367359371,0.4496926367359371,0.4496926367359371
4,0,3,2,20,SPXT,rolling_std_ratio,1,0.45091138226078664,0.45091138226078664,0.45091138226078664
4,0,3,3,20,SPXT,rolling_std_ratio,1,0.4580944066781672,0.4580944066781672,0.4580944066781672
4,0,3,4,20,SPXT,rolling_std_ratio,1,0.4530922490716742,0.4530922490716742,0.4530922490716742
4,0,3,5,20,SPXT,rolling_std_ratio,1,0.4562962923268968,0.4562962923268968,0.4562962923268968
4,0,3,6,20,SPXT,rolling_std_ratio,1,0.45770080367552224,0.45770080367552224,0.45770080367552224
4,0,3,7,20,SPXT,rolling_std_ratio,1,0.46739761305246996,0.46739761305246996,0.46739761305246996
4,0,3,8,20,SPXT,rolling_std_ratio,1,0.464606227970787,0.464606227970787,0.464606227970787
4,0,3,9,20,SPXT,rolling_std_ratio,1,0.45760392278983736,0.45760392278983736,0.45760392278983736
4,0,3,10,20,SPXT,rolling_std_ratio,1,0.45587261719125527,0.45587261719125527,0.45587261719125527
4,1,0,-10,20,SPXT,rolling_std_ratio,2,0.847576108508022,0.6403188069970622,1.0548334100189818
4,1,0,-9,20,SPXT,rolling_std_ratio,2,0.8915113911397856,0.6704333492348404,1.1125894330447308
4,1,0,-8,20,SPXT,rolling_std_ratio,2,0.8623711145000043,0.6267323550866822,1.0980098739133262
4,1,0,-7,20,SPXT,rolling_std_ratio,2,0.8444706132952231,0.6104204093547773,1.078520817235669
4,1,0,-6,20,SPXT,rolling_std_ratio,2,0.8135298132423512,0.58943610363779,1.0376235228469126
4,1,0,-5,20,SPXT,rolling_std_ratio,2,0.7917229440026939,0.5556924904661731,1.0277533975392148
4,1,0,-4,20,SPXT,rolling_std_ratio,2,0.8241687422628182,0.5715869051107352,1.0767505794149013
4,1,0,-3,20,SPXT,rolling_std_ratio,2,0.8312977420503795,0.6021436965292338,1.0604517875715254
4,1,0,-2,20,SPXT,rolling_std_ratio,2,0.8339940266420631,0.6012941949593451,1.066693858324781
4,1,0,-1,20,SPXT,rolling_std_ratio,2,0.8736382183832647,0.6211495947518212,1.1261268420147081
4,1,0,0,20,SPXT,rolling_std_ratio,2,0.8469157334654579,0.6008068293966498,1.093024637534266
4,1,0,1,20,SPXT,rolling_std_ratio,2,0.8249938557498928,0.5893537423881653,1.0606339691116204
4,1,0,2,20,SPXT,rolling_std_ratio,2,0.8386342641281157,0.6094923680548316,1.0677761602013998
4,1,0,3,20,SPXT,rolling_std_ratio,2,0.8347288727783364,0.6031637865373731,1.0662939590193
4,1,0,4,20,SPXT,rolling_std_ratio,2,0.8221162557878323,0.5982066907201866,1.046025820855478
4,1,0,5,20,SPXT,rolling_std_ratio,2,0.8093470988151917,0.58507895095295,1.0336152466774335
4,1,0,6,20,SPXT,rolling_std_ratio,2,0.8225868864266632,0.6046504522190012,1.0405233206343252
4,1,0,7,20,SPXT,rolling_std_ratio,2,0.8305937251382061,0.6085291109421507,1.0526583393342617
4,1,0,8,20,SPXT,rolling_std_ratio,2,0.8276998179897681,0.6069877616509505,1.0484118743285857
4,1,0,9,20,SPXT,rolling_std_ratio,2,0.8118538922320655,0.6018941566409924,1.0218136278231387
4,1,0,10,20,SPXT,rolling_std_ratio,2,0.7684606014372986,0.5736673001377806,0.9632539027368164
4,1,2,-10,20,SPXT,rolling_std_ratio,54,0.9224774570530627,0.6796885540298745,1.2425289061474176
4,1,2,-9,20,SPXT,rolling_std_ratio,54,0.9707442213396351,0.6721764471448185,1.2639710884620123
4,1,2,-8,20,SPXT,rolling_std_ratio,54,0.9427910816162066,0.6711985443089771,1.260408045742953
4,1,2,-7,20,SPXT,rolling_std_ratio,54,0.9617007491542031,0.6833998326617106,1.2560659773829508
4,1,2,-6,20,SPXT,rolling_std_ratio,54,0.9757254278375511,0.7066588720987859,1.2439287931608518
4,1,2,-5,20,SPXT,rolling_std_ratio,54,1.0217925381561077,0.7151891769608406,1.2690768684245262
4,1,2,-4,20,SPXT,rolling_std_ratio,54,1.0335978765792244,0.6983090307323198,1.2742710246248623
4,1,2,-3,20,SPXT,rolling_std_ratio,54,1.055759640360199,0.7048026013720224,1.2712187772877979
4,1,2,-2,20,SPXT,rolling_std_ratio,54,1.111172570293923,0.75253802843328,1.2723728505826153
4,1,2,-1,20,SPXT,rolling_std_ratio,54,1.1010820687808942,0.7610788743860203,1.264363662701276
4,1,2,0,20,SPXT,rolling_std_ratio,54,1.0645180210601954,0.7699456553186254,1.2481714861816482
4,1,2,1,20,SPXT,rolling_std_ratio,54,1.0630547501645973,0.7558638872543755,1.2224152198910125
4,1,2,2,20,SPXT,rolling_std_ratio,54,1.0494076004993538,0.74930521660381,1.2182457988219513
4,1,2,3,20,SPXT,rolling_std_ratio,54,1.0519318202743486,0.7479119673278376,1.2541604779544016
4,1,2,4,20,SPXT,rolling_std_ratio,54,1.0292227103770593,0.7407382400980889,1.2661347635042866
4,1,2,5,20,SPXT,rolling_std_ratio,54,1.008236908720789,0.749201933190381,1.2267405030054586
4,1,2,6,20,SPXT,rolling_std_ratio,54,1.002671549044905,0.7545925837961971,1.2411044705712502
4,1,2,7,20,SPXT,rolling_std_ratio,54,0.9928375680549197,0.7549745508592025,1.2631869371547422
4,1,2,8,20,SPXT,rolling_std_ratio,54,0.9941979882431244,0.7642205475688177,1.2601711225656664
4,1,2,9,20,SPXT,rolling_std_ratio,54,0.9644891280531587,0.7500364065377882,1.2588404632737407
4,1,2,10,20,SPXT,rolling_std_ratio,54,0.9729411057004405,0.7387388445906165,1.2636828557714628
4,1,3,-10,20,SPXT,rolling_std_ratio,7,1.075449230300969,1.0263089157760248,1.7815075739324562
4,1,3,-9,20,SPXT,rolling_std_ratio,7,1.0800046124684182,1.0043632136357572,1.7759230869450255
4,1,3,-8,20,SPXT,rolling_std_ratio,7,1.2905137979934254,1.0131290490396903,1.7696746516295074
4,1,3,-7,20,SPXT,rolling_std_ratio,7,1.3412517436922688,1.0773462652829764,1.734956372611209
4,1,3,-6,20,SPXT,rolling_std_ratio,7,1.484194507278072,1.0593365716828118,1.7579591655919315
4,1,3,-5,20,SPXT,rolling_std_ratio,7,1.542024192045038,1.1811681416280295,1.9744446864958376
4,1,3,-4,20,SPXT,rolling_std_ratio,7,1.5470473292840734,1.2042796419896935,2.097128390636739
4,1,3,-3,20,SPXT,rolling_std_ratio,7,1.8119751304978742,1.2616444815297259,2.1641491806379927
4,1,3,-2,20,SPXT,rolling_std_ratio,7,1.8199430329135813,1.2750948038945817,2.2707532808159887
4,1,3,-1,20,SPXT,rolling_std_ratio,7,1.611490815414748,1.2701815333493731,2.315348016232769
4,1,3,0,20,SPXT,rolling_std_ratio,7,1.9849472827620096,1.455770785514804,2.506442838265688
4,1,3,1,20,SPXT,rolling_std_ratio,7,2.0851328511786753,1.5231415248038387,2.7765698456033094
4,1,3,2,20,SPXT,rolling_std_ratio,7,2.1761580609062285,1.5257680039793435,2.8451631977126928
4,1,3,3,20,SPXT,rolling_std_ratio,7,2.547338053536789,1.5708217086798713,2.930725761247263
4,1,3,4,20,SPXT,rolling_std_ratio,7,2.6916736254960325,1.661230480654099,3.0821809513516505
4,1,3,5,20,SPXT,rolling_std_ratio,7,3.2031379796382677,1.594024739289236,3.3765002414350036
4,1,3,6,20,SPXT,rolling_std_ratio,7,3.352321901460893,1.5972967224538994,3.5402881971140134
4,1,3,7,20,SPXT,rolling_std_ratio,7,3.481236299244698,1.6147212666687287,3.6108692701832092
4,1,3,8,20,SPXT,rolling_std_ratio,7,3.3791037360757104,1.7280433565617916,3.618074945901153
4,1,3,9,20,SPXT,rolling_std_ratio,7,3.407292479258849,1.6682916242227006,3.60975988932114
4,1,3,10,20,SPXT,rolling_std_ratio,7,3.3945392163115145,1.6340629802339235,3.5630706451741774
4,2,0,-10,20,SPXT,rolling_std_ratio,256,0.5833065565598448,0.43452319699783554,0.7714536833849122
4,2,0,-9,20,SPXT,rolling_std_ratio,256,0.5880386501716726,0.44191550797500406,0.7608906292598558
4,2,0,-8,20,SPXT,rolling_std_ratio,256,0.6008374833303038,0.4357360955030217,0.7775411445375365
4,2,0,-7,20,SPXT,rolling_std_ratio,256,0.5980809445317121,0.4386597204147206,0.785733108174448
4,2,0,-6,20,SPXT,rolling_std_ratio,256,0.6000558018571613,0.43263523767112916,0.7786394882994337
4,2,0,-5,20,SPXT,rolling_std_ratio,256,0.6009352889782362,0.4387993202895422,0.7744596690902156
4,2,0,-4,20,SPXT,rolling_std_ratio,256,0.6077708149824685,0.4450060234059793,0.7752920711698771
4,2,0,-3,20,SPXT,rolling_std_ratio,256,0.6183856306667702,0.4540754849474592,0.7855544995069731
4,2,0,-2,20,SPXT,rolling_std_ratio,256,0.605268052108836,0.45915065618979123,0.7925513476450002
4,2,0,-1,20,SPXT,rolling_std_ratio,256,0.6079305558880466,0.457408605405478,0.7866038023316448
4,2,0,0,20,SPXT,rolling_std_ratio,256,0.603731896807779,0.46622849622498547,0.7742193073572183
4,2,0,1,20,SPXT,rolling_std_ratio,256,0.5960255931829747,0.455559640309063,0.7881729115883955
4,2,0,2,20,SPXT,rolling_std_ratio,256,0.5956139773275442,0.4640766089291739,0.7652542595625293
4,2,0,3,20,SPXT,rolling_std_ratio,256,0.6109021961931853,0.45572704349263404,0.7668363780180009
4,2,0,4,20,SPXT,rolling_std_ratio,256,0.6002031444728677,0.46010349007617696,0.7501841761668756
4,2,0,5,20,SPXT,rolling_std_ratio,256,0.609047012638245,0.45380933072983,0.7452278412498323
4,2,0,6,20,SPXT,rolling_std_ratio,256,0.6050332462839305,0.45896729054649205,0.7440462578840127
4,2,0,7,20,SPXT,rolling_std_ratio,256,0.615033055935128,0.44710086437401697,0.7497026817440655
4,2,0,8,20,SPXT,rolling_std_ratio,256,0.6132806989369121,0.4464001432912581,0.7411567497003274
4,2,0,9,20,SPXT,rolling_std_ratio,256,0.6067618825584025,0.4435018613872116,0.747475897405251
4,2,0,10,20,SPXT,rolling_std_ratio,256,0.6063773424592245,0.43907772707824055,0.7508629945897105
4,2,1,-10,20,SPXT,rolling_std_ratio,51,0.8539816297858287,0.6494085950931368,1.2553134578368914
4,2,1,-9,20,SPXT,rolling_std_ratio,51,0.9082878357910813,0.6621549460684801,1.297261559716465
4,2,1,-8,20,SPXT,rolling_std_ratio,51,0.8917906633624753,0.6263079576936826,1.265079523137798
4,2,1,-7,20,SPXT,rolling_std_ratio,51,0.9074762396916418,0.670320660619796,1.272271531986012
4,2,1,-6,20,SPXT,rolling_std_ratio,51,0.9330156327160758,0.6947349168482713,1.2448242599029558
4,2,1,-5,20,SPXT,rolling_std_ratio,51,0.9739332588488875,0.6883245237455197,1.2368454490292002
4,2,1,-4,20,SPXT,rolling_std_ratio,51,1.0211242841576813,0.6805966145251496,1.2396962321326712
4,2,1,-3,20,SPXT,rolling_std_ratio,51,1.1000848573335043,0.6910124787850259,1.2388141485751583
4,2,1,-2,20,SPXT,rolling_std_ratio,51,1.0670186298156425,0.7028892136474287,1.2418790980417866
4,2,1,-1,20,SPXT,rolling_std_ratio,51,1.0824714845549526,0.7019621223140584,1.2315608067068204
4,2,1,0,20,SPXT,rolling_std_ratio,51,1.124312567931659,0.7033308801135035,1.2513613642072476
4,2,1,1,20,SPXT,rolling_std_ratio,51,1.0411627125369496,0.6996486318968317,1.2652084696105965
4,2,1,2,20,SPXT,rolling_std_ratio,51,1.0984194518543533,0.7110276098741475,1.2673257989703237
4,2,1,3,20,SPXT,rolling_std_ratio,51,1.0736310976225263,0.7480065052743278,1.2599140014986094
4,2,1,4,20,SPXT,rolling_std_ratio,51,1.0964996683205341,0.7503081474440471,1.2560113563409656
4,2,1,5,20,SPXT,rolling_std_ratio,51,1.0984194518543533,0.7531570394000047,1.2655776238049792
4,2,1,6,20,SPXT,rolling_std_ratio,51,1.0824714845549526,0.7507327456671054,1.247946771147184
4,2,1,7,20,SPXT,rolling_std_ratio,51,1.0570523003272816,0.760526456991204,1.2529780290789174
4,2,1,8,20,SPXT,rolling_std_ratio,51,1.0225292959680627,0.7498511409054189,1.2521999428662764
4,2,1,9,20,SPXT,rolling_std_ratio,51,1.0254264563276612,0.751226024060819,1.2658904335968506
4,2,1,10,20,SPXT,rolling_std_ratio,51,1.0100357919862604,0.7385805243117338,1.2831206606259944
4,2,3,-10,20,SPXT,rolling_std_ratio,8,0.8802817825226787,0.6165481672706655,0.9170158391471804
4,2,3,-9,20,SPXT,rolling_std_ratio,8,0.8716781005970817,0.626625209064001,0.9475593288848916
4,2,3,-8,20,SPXT,rolling_std_ratio,8,0.8000616198487807,0.6381396585925558,0.933477148326332
4,2,3,-7,20,SPXT,rolling_std_ratio,8,0.8445914911696799,0.6553658016415427,0.9330393521539444
4,2,3,-6,20,SPXT,rolling_std_ratio,8,0.7884204555224106,0.6672518459159714,0.9373930965974295
4,2,3,-5,20,SPXT,rolling_std_ratio,8,0.7820212378485055,0.6558207941272651,0.9028230565328306
4,2,3,-4,20,SPXT,rolling_std_ratio,8,0.8359781170327183,0.6645131454314882,0.9922477078326495
4,2,3,-3,20,SPXT,rolling_std_ratio,8,0.8859245688079592,0.6927972145465013,0.9516058925386035
4,2,3,-2,20,SPXT,rolling_std_ratio,8,0.8582624658954296,0.7610737074338044,0.9664062900797044
4,2,3,-1,20,SPXT,rolling_std_ratio,8,0.8810122009942487,0.7625036673327763,0.9822849396721686
4,2,3,0,20,SPXT,rolling_std_ratio,8,0.9043277473512283,0.8159967193417544,1.0607005459620817
4,2,3,1,20,SPXT,rolling_std_ratio,8,0.9646675617206311,0.8311211599480626,1.108707439515038
4,2,3,2,20,SPXT,rolling_std_ratio,8,1.002405020601096,0.8344460484914442,1.1728672081220242
4,2,3,3,20,SPXT,rolling_std_ratio,8,0.9884313733307264,0.8438920481298642,1.1745729349222773
4,2,3,4,20,SPXT,rolling_std_ratio,8,1.03775656718956,0.8848271399055516,1.1794530971327868
4,2,3,5,20,SPXT,rolling_std_ratio,8,1.0198062042327027,0.914564004360731,1.1837646829029316
4,2,3,6,20,SPXT,rolling_std_ratio,8,1.052766703231775,0.9289368687330803,1.2068464674610935
4,2,3,7,20,SPXT,rolling_std_ratio,8,1.0962103688651663,0.9225679448025098,1.2054305779723387
4,2,3,8,20,SPXT,rolling_std_ratio,8,1.0879314864116982,0.9362483969474433,1.2050163500083293
4,2,3,9,20,SPXT,rolling_std_ratio,8,1.1227023832790655,0.9255191412111041,1.1957431823935667
4,2,3,10,20,SPXT,rolling_std_ratio,8,1.1261613829216786,1.0533059603747712,1.3004154533307275
4,3,1,-10,20,SPXT,rolling_std_ratio,11,1.0052876409185658,0.8918222831444259,2.620009863771373
4,3,1,-9,20,SPXT,rolling_std_ratio,11,1.0598691320283729,0.8652935796182383,2.6249319362967456
4,3,1,-8,20,SPXT,rolling_std_ratio,11,1.0516545135499809,0.8929104688951212,2.4675509320283493
4,3,1,-7,20,SPXT,rolling_std_ratio,11,1.0670186298156425,0.9283205728545203,2.4386473153923967
4,3,1,-6,20,SPXT,rolling_std_ratio,11,1.0673075402871182,0.9947327967654621,2.4270137024387846
4,3,1,-5,20,SPXT,rolling_std_ratio,11,1.03909445578138,0.9650325745029583,2.4627845288100234
4,3,1,-4,20,SPXT,rolling_std_ratio,11,1.007339982142012,0.9142396195787388,2.4884127202363553
4,3,1,-3,20,SPXT,rolling_std_ratio,11,1.2269392610926297,0.9327739778521646,2.5493871110224466
4,3,1,-2,20,SPXT,rolling_std_ratio,11,1.2552223619750333,0.9537400919270336,2.4819063584378203
4,3,1,-1,20,SPXT,rolling_std_ratio,11,1.433576122252486,0.9749206295380779,2.7592701521430327
4,3,1,0,20,SPXT,rolling_std_ratio,11,1.597860469241226,1.0304069327334775,2.811655848406418
4,3,1,1,20,SPXT,rolling_std_ratio,11,1.7208140576121258,1.0956280818659334,2.8380830056468085
4,3,1,2,20,SPXT,rolling_std_ratio,11,1.802280938839777,1.0901021611896935,2.9788572227682577
4,3,1,3,20,SPXT,rolling_std_ratio,11,1.7942589330333396,1.1256859735608247,3.2400042551642407
4,3,1,4,20,SPXT,rolling_std_ratio,11,1.7911045013231954,1.1451670833673555,3.3781578535902304
4,3,1,5,20,SPXT,rolling_std_ratio,11,1.8169572946074843,1.20377330288844,3.3230625734652195
4,3,1,6,20,SPXT,rolling_std_ratio,11,1.7979970477720222,1.191280823668189,3.29435305503734
4,3,1,7,20,SPXT,rolling_std_ratio,11,2.2451180250945058,1.1352748559529764,2.965654171976162
4,3,1,8,20,SPXT,rolling_std_ratio,11,2.2040428040264164,1.1574856977758565,2.9303796324502933
4,3,1,9,20,SPXT,rolling_std_ratio,11,2.1338700183648367,1.2327096115704634,2.904805416113885
4,3,1,10,20,SPXT,rolling_std_ratio,11,2.1444534887871756,1.2838414720498483,2.9491082604187
4,3,2,-10,20,SPXT,rolling_std_ratio,5,0.7835453570854216,0.5991402106830728,0.9438382082884337
4,3,2,-9,20,SPXT,rolling_std_ratio,5,0.7042061637031523,0.593752695487253,0.9490096601052251
4,3,2,-8,20,SPXT,rolling_std_ratio,5,0.7117424466682665,0.6111730960049438,0.9393205717944334
4,3,2,-7,20,SPXT,rolling_std_ratio,5,0.6927920575611408,0.568065044904355,0.9791641765042958
4,3,2,-6,20,SPXT,rolling_std_ratio,5,0.8350997260246746,0.5750179190837302,0.9417077974558719
4,3,2,-5,20,SPXT,rolling_std_ratio,5,0.8210613253494576,0.6481183565100854,0.9513219975682016
4,3,2,-4,20,SPXT,rolling_std_ratio,5,0.8393528260515537,0.6588055266247037,0.9739332588488875
4,3,2,-3,20,SPXT,rolling_std_ratio,5,0.8427478978373447,0.6778744216934964,1.0052876409185658
4,3,2,-2,20,SPXT,rolling_std_ratio,5,0.8354635167851051,0.6754235385777878,1.0598691320283729
4,3,2,-1,20,SPXT,rolling_std_ratio,5,0.8375884467284829,0.7720130458080926,0.9917388185275717
4,3,2,0,20,SPXT,rolling_std_ratio,5,0.8569548787466288,0.7335731729554109,0.9659839275967443
4,3,2,1,20,SPXT,rolling_std_ratio,5,0.8574510132425711,0.7492424686812603,1.0081654157441255
4,3,2,2,20,SPXT,rolling_std_ratio,5,0.9203557995225434,0.761632935596336,0.9933157374146728
4,3,2,3,20,SPXT,rolling_std_ratio,5,0.916700576784094,0.7647453188480019,0.9330156327160758
4,3,2,4,20,SPXT,rolling_std_ratio,5,0.8982826032621586,0.7582674811916029,1.0194326037134394
4,3,2,5,20,SPXT,rolling_std_ratio,5,0.935286494004801,0.7361870286593952,1.0211242841576813
4,3,2,6,20,SPXT,rolling_std_ratio,5,0.9258447149103622,0.7630000331966216,1.1000848573335043
4,3,2,7,20,SPXT,rolling_std_ratio,5,1.0650217405048437,0.7946579543009403,1.0807939983358537
4,3,2,8,20,SPXT,rolling_std_ratio,5,1.0506923427819148,0.8398834705426416,1.0915263243372293
4,3,2,9,20,SPXT,rolling_std_ratio,5,1.0225292959680627,0.8553200288686796,1.116399138599649
4,3,2,10,20,SPXT,rolling_std_ratio,5,1.0851480189602458,0.8323624566921167,1.1958265482939183
4,0,1,-10,20,DBLCIX,rolling_std_ratio,1,0.77075352728338,0.77075352728338,0.77075352728338
4,0,1,-9,20,DBLCIX,rolling_std_ratio,1,0.7833157804667658,0.7833157804667658,0.7833157804667658
4,0,1,-8,20,DBLCIX,rolling_std_ratio,1,0.7833266834098873,0.7833266834098873,0.7833266834098873
4,0,1,-7,20,DBLCIX,rolling_std_ratio,1,0.7871959744044816,0.7871959744044816,0.7871959744044816
4,0,1,-6,20,DBLCIX,rolling_std_ratio,1,0.7603497009520271,0.7603497009520271,0.7603497009520271
4,0,1,-5,20,DBLCIX,rolling_std_ratio,1,0.6854400203127997,0.6854400203127997,0.6854400203127997
4,0,1,-4,20,DBLCIX,rolling_std_ratio,1,0.7050022434669798,0.7050022434669798,0.7050022434669798
4,0,1,-3,20,DBLCIX,rolling_std_ratio,1,0.7065057216345529,0.7065057216345529,0.7065057216345529
4,0,1,-2,20,DBLCIX,rolling_std_ratio,1,0.5270711363707526,0.5270711363707526,0.5270711363707526
4,0,1,-1,20,DBLCIX,rolling_std_ratio,1,0.5148412284006733,0.5148412284006733,0.5148412284006733
4,0,1,0,20,DBLCIX,rolling_std_ratio,1,0.5011311747014047,0.5011311747014047,0.5011311747014047
4,0,1,1,20,DBLCIX,rolling_std_ratio,1,0.5023452812105499,0.5023452812105499,0.5023452812105499
4,0,1,2,20,DBLCIX,rolling_std_ratio,1,0.5017384784229649,0.5017384784229649,0.5017384784229649
4,0,1,3,20,DBLCIX,rolling_std_ratio,1,0.4930404343662017,0.4930404343662017,0.4930404343662017
4,0,1,4,20,DBLCIX,rolling_std_ratio,1,0.4891135300036778,0.4891135300036778,0.4891135300036778
4,0,1,5,20,DBLCIX,rolling_std_ratio,1,0.49690528253711624,0.49690528253711624,0.49690528253711624
4,0,1,6,20,DBLCIX,rolling_std_ratio,1,0.4859877948770201,0.4859877948770201,0.4859877948770201
4,0,1,7,20,DBLCIX,rolling_std_ratio,1,0.47127880511811576,0.47127880511811576,0.47127880511811576
4,0,1,8,20,DBLCIX,rolling_std_ratio,1,0.461546629181521,0.461546629181521,0.461546629181521
4,0,1,9,20,DBLCIX,rolling_std_ratio,1,0.46160865754423,0.46160865754423,0.46160865754423
4,0,1,10,20,DBLCIX,rolling_std_ratio,1,0.43272045629567574,0.43272045629567574,0.43272045629567574
4,0,2,-10,20,DBLCIX,rolling_std_ratio,255,0.7545880081612213,0.6091080182061377,0.915057125294893
4,0,2,-9,20,DBLCIX,rolling_std_ratio,255,0.7588440020313926,0.6144729213518012,0.9026181261696955
4,0,2,-8,20,DBLCIX,rolling_std_ratio,255,0.7526815694339152,0.6149885538671573,0.8953115096458759
4,0,2,-7,20,DBLCIX,rolling_std_ratio,255,0.7590834856905412,0.5988044795128609,0.9047283223454657
4,0,2,-6,20,DBLCIX,rolling_std_ratio,255,0.7665093184901606,0.594663942834991,0.9220590353270045
4,0,2,-5,20,DBLCIX,rolling_std_ratio,255,0.7658460064274439,0.599807508239103,0.925935496828302
4,0,2,-4,20,DBLCIX,rolling_std_ratio,255,0.7603984925192117,0.6145155824547928,0.9038677305573602
4,0,2,-3,20,DBLCIX,rolling_std_ratio,255,0.7543281518942132,0.6217754557893702,0.9155350727362426
4,0,2,-2,20,DBLCIX,rolling_std_ratio,255,0.7444940036973817,0.6095237342055014,0.9067690833452237
4,0,2,-1,20,DBLCIX,rolling_std_ratio,255,0.7440599776239164,0.608574547222156,0.905020728988721
4,0,2,0,20,DBLCIX,rolling_std_ratio,255,0.7606297851591564,0.6245499719059444,0.9354412313333891
4,0,2,1,20,DBLCIX,rolling_std_ratio,255,0.767871678663745,0.6290054475971278,0.9288582745985345
4,0,2,2,20,DBLCIX,rolling_std_ratio,255,0.77075352728338,0.6302698494431295,0.9392803271491068
4,0,2,3,20,DBLCIX,rolling_std_ratio,255,0.7829266318022704,0.6297314564146816,0.9280115523587038
4,0,2,4,20,DBLCIX,rolling_std_ratio,255,0.7768249092269783,0.6216758773426528,0.9383465936296802
4,0,2,5,20,DBLCIX,rolling_std_ratio,256,0.7795373714448036,0.6065082527403488,0.9195969335136291
4,0,2,6,20,DBLCIX,rolling_std_ratio,256,0.7674310093332781,0.62045662822771,0.9225617943162531
4,0,2,7,20,DBLCIX,rolling_std_ratio,256,0.7679676560676947,0.6363362120030591,0.9454788500286595
4,0,2,8,20,DBLCIX,rolling_std_ratio,256,0.7651587554620485,0.6347994911939145,0.9465045805264026
4,0,2,9,20,DBLCIX,rolling_std_ratio,256,0.7908619081453458,0.6294979555712541,0.9507612908680475
4,0,2,10,20,DBLCIX,rolling_std_ratio,256,0.7890424524729043,0.6263519109326098,0.9491902812614857
4,0,3,-10,20,DBLCIX,rolling_std_ratio,1,0.5183825683835578,0.5183825683835578,0.5183825683835578
4,0,3,-9,20,DBLCIX,rolling_std_ratio,1,0.3999070177457057,0.3999070177457057,0.3999070177457057
4,0,3,-8,20,DBLCIX,rolling_std_ratio,1,0.41584695724461346,0.41584695724461346,0.41584695724461346
4,0,3,-7,20,DBLCIX,rolling_std_ratio,1,0.4734338065170401,0.4734338065170401,0.4734338065170401
4,0,3,-6,20,DBLCIX,rolling_std_ratio,1,0.46386416729168894,0.46386416729168894,0.46386416729168894
4,0,3,-5,20,DBLCIX,rolling_std_ratio,1,0.4909784087861292,0.4909784087861292,0.4909784087861292
4,0,3,-4,20,DBLCIX,rolling_std_ratio,1,0.4691474739432855,0.4691474739432855,0.4691474739432855
4,0,3,-3,20,DBLCIX,rolling_std_ratio,1,0.4799512319107358,0.4799512319107358,0.4799512319107358
4,0,3,-2,20,DBLCIX,rolling_std_ratio,1,0.492203188211531,0.492203188211531,0.492203188211531
4,0,3,-1,20,DBLCIX,rolling_std_ratio,1,0.48286122770247386,0.48286122770247386,0.48286122770247386
4,0,3,0,20,DBLCIX,rolling_std_ratio,1,0.47944421031543705,0.47944421031543705,0.47944421031543705
4,0,3,1,20,DBLCIX,rolling_std_ratio,1,0.4597969461102898,0.4597969461102898,0.4597969461102898
4,0,3,2,20,DBLCIX,rolling_std_ratio,1,0.5915670225251398,0.5915670225251398,0.5915670225251398
4,0,3,3,20,DBLCIX,rolling_std_ratio,1,0.7141558072054126,0.7141558072054126,0.7141558072054126
4,0,3,4,20,DBLCIX,rolling_std_ratio,1,0.7162786660439278,0.7162786660439278,0.7162786660439278
4,0,3,5,20,DBLCIX,rolling_std_ratio,1,0.70431805983262,0.70431805983262,0.70431805983262
4,0,3,6,20,DBLCIX,rolling_std_ratio,1,0.6942254083236357,0.6942254083236357,0.6942254083236357
4,0,3,7,20,DBLCIX,rolling_std_ratio,1,0.8225321930501577,0.8225321930501577,0.8225321930501577
4,0,3,8,20,DBLCIX,rolling_std_ratio,1,0.8255348591284741,0.8255348591284741,0.8255348591284741
4,0,3,9,20,DBLCIX,rolling_std_ratio,1,0.826422310384249,0.826422310384249,0.826422310384249
4,0,3,10,20,DBLCIX,rolling_std_ratio,1,0.842323936287819,0.842323936287819,0.842323936287819
4,1,0,-10,20,DBLCIX,rolling_std_ratio,2,0.7625786692072951,0.7502700166087019,0.7748873218058884
4,1,0,-9,20,DBLCIX,rolling_std_ratio,2,0.7623483639020519,0.7613490324270396,0.7633476953770643
4,1,0,-8,20,DBLCIX,rolling_std_ratio,2,0.7281220660034451,0.7067810431581224,0.7494630888487678
4,1,0,-7,20,DBLCIX,rolling_std_ratio,2,0.7358756105294834,0.7204389269982316,0.7513122940607351
4,1,0,-6,20,DBLCIX,rolling_std_ratio,2,0.6709454195073719,0.6531652684437813,0.6887255705709624
4,1,0,-5,20,DBLCIX,rolling_std_ratio,2,0.7386474927324911,0.6328593145516219,0.8444356709133602
4,1,0,-4,20,DBLCIX,rolling_std_ratio,2,0.7320883399229747,0.6234647841618239,0.8407118956841255
4,1,0,-3,20,DBLCIX,rolling_std_ratio,2,0.7286610272322297,0.6148961009668172,0.8424259534976422
4,1,0,-2,20,DBLCIX,rolling_std_ratio,2,0.7684833388205476,0.6354143100155488,0.9015523676255466
4,1,0,-1,20,DBLCIX,rolling_std_ratio,2,0.7673572566870237,0.6345478675549943,0.900166645819053
4,1,0,0,20,DBLCIX,rolling_std_ratio,2,0.7491387726654986,0.6210896035158502,0.877187941815147
4,1,0,1,20,DBLCIX,rolling_std_ratio,2,0.7493409102418226,0.6192272201227502,0.879454600360895
4,1,0,2,20,DBLCIX,rolling_std_ratio,2,0.7574418984242883,0.6271735904807023,0.8877102063678743
4,1,0,3,20,DBLCIX,rolling_std_ratio,2,0.8051620048392997,0.6455748998581599,0.9647491098204395
4,1,0,4,20,DBLCIX,rolling_std_ratio,2,0.784684635277172,0.6279817201976439,0.9413875503567002
4,1,0,5,20,DBLCIX,rolling_std_ratio,2,0.9619850429711603,0.7117658360763407,1.21220424986598
4,1,0,6,20,DBLCIX,rolling_std_ratio,2,0.9417876556400235,0.7016981565921268,1.1818771546879203
4,1,0,7,20,DBLCIX,rolling_std_ratio,2,1.0318242644683724,0.732272360382024,1.3313761685547205
4,1,0,8,20,DBLCIX,rolling_std_ratio,2,1.0611883036304384,0.7654742508608254,1.3569023564000515
4,1,0,9,20,DBLCIX,rolling_std_ratio,2,1.0604364326513454,0.7662230097386056,1.3546498555640851
4,1,0,10,20,DBLCIX,rolling_std_ratio,2,1.1178192251068575,0.7933149178671975,1.4423235323465176
4,1,2,-10,20,DBLCIX,rolling_std_ratio,54,1.0058551224725119,0.7562692953968908,1.1955789859931825
4,1,2,-9,20,DBLCIX,rolling_std_ratio,54,1.0017671327524305,0.7600309588679032,1.1976376379877633
4,1,2,-8,20,DBLCIX,rolling_std_ratio,54,0.9737553009466116,0.7779124053348313,1.1967706863888339
4,1,2,-7,20,DBLCIX,rolling_std_ratio,54,1.0059522959771605,0.7592266935572064,1.1729151859628466
4,1,2,-6,20,DBLCIX,rolling_std_ratio,54,0.9811274865195481,0.7679003409770833,1.171243971131566
4,1,2,-5,20,DBLCIX,rolling_std_ratio,54,0.9889675365919794,0.7877992820691595,1.1898077377550715
4,1,2,-4,20,DBLCIX,rolling_std_ratio,54,0.9837237023692762,0.7754674982773411,1.1916942965312023
4,1,2,-3,20,DBLCIX,rolling_std_ratio,54,1.0266721708198598,0.8153983272456378,1.2540837471917792
4,1,2,-2,20,DBLCIX,rolling_std_ratio,54,1.006876565124431,0.8366156503893099,1.250264997043011
4,1,2,-1,20,DBLCIX,rolling_std_ratio,54,0.9636840286255057,0.8333775187062484,1.2430175131997252
4,1,2,0,20,DBLCIX,rolling_std_ratio,54,0.9797752205616925,0.8365902756575923,1.2528165791460482
4,1,2,1,20,DBLCIX,rolling_std_ratio,54,0.9883024535886662,0.8276819900305311,1.2127486451894296
4,1,2,2,20,DBLCIX,rolling_std_ratio,54,0.9837820951444238,0.8453422938412779,1.2022923270220112
4,1,2,3,20,DBLCIX,rolling_std_ratio,54,1.040819889404711,0.8568192811901206,1.2190993109691317
4,1,2,4,20,DBLCIX,rolling_std_ratio,54,1.0219514472730833,0.8557651823438779,1.2030237158876171
4,1,2,5,20,DBLCIX,rolling_std_ratio,54,1.0236137560860468,0.8463700672662746,1.2459399017202732
4,1,2,6,20,DBLCIX,rolling_std_ratio,54,1.0104323231284038,0.8071462572711305,1.1880071182979535
4,1,2,7,20,DBLCIX,rolling_std_ratio,54,1.0336848640810055,0.8247678852893883,1.1838139679181368
4,1,2,8,20,DBLCIX,rolling_std_ratio,54,0.9999214781083581,0.8417711634669035,1.1719279689458941
4,1,2,9,20,DBLCIX,rolling_std_ratio,54,1.0039972475011354,0.8222247475002309,1.1830840177775348
4,1,2,10,20,DBLCIX,rolling_std_ratio,54,1.0161516483117445,0.7958429140757054,1.1721793473329427
4,1,3,-10,20,DBLCIX,rolling_std_ratio,7,1.0720751469862653,0.7058680197192408,1.5315058407898343
4,1,3,-9,20,DBLCIX,rolling_std_ratio,7,1.15717460518333,0.7293156752083068,1.5679573278907182
4,1,3,-8,20,DBLCIX,rolling_std_ratio,7,1.1402708887491626,0.7859753321704585,1.5556378987579764
4,1,3,-7,20,DBLCIX,rolling_std_ratio,7,1.1373811545103945,0.7871525930803541,1.547502103991604
4,1,3,-6,20,DBLCIX,rolling_std_ratio,7,1.133704086039532,0.8108636003147173,1.65163680016052
4,1,3,-5,20,DBLCIX,rolling_std_ratio,7,1.0794045150763132,0.8399688034399901,1.7832811530561261
4,1,3,-4,20,DBLCIX,rolling_std_ratio,7,1.0725547991544033,0.9136901900002681,1.8206158315689667
4,1,3,-3,20,DBLCIX,rolling_std_ratio,7,1.5477707466803412,1.0505337160534927,1.8329192606321305
4,1,3,-2,20,DBLCIX,rolling_std_ratio,7,1.6674598942259524,1.1217222281104628,1.9288856612225822
4,1,3,-1,20,DBLCIX,rolling_std_ratio,7,1.6602757680935245,1.113714878210854,1.8793599122299511
4,1,3,0,20,DBLCIX,rolling_std_ratio,7,1.6727905888111687,1.4113318625279057,1.9743743088878567
4,1,3,1,20,DBLCIX,rolling_std_ratio,7,1.6674598942259524,1.4714845131844618,2.0689582787812664
4,1,3,2,20,DBLCIX,rolling_std_ratio,7,1.8011416043352055,1.4659794737416316,2.07332304071654
4,1,3,3,20,DBLCIX,rolling_std_ratio,7,1.98462587863416,1.719800192063315,2.0952779600525586
4,1,3,4,20,DBLCIX,rolling_std_ratio,7,2.0093485970129388,1.7471468991490795,2.2039198242356157
4,1,3,5,20,DBLCIX,rolling_std_ratio,7,2.0291030597352906,1.8226933921098945,2.2205435151762694
4,1,3,6,20,DBLCIX,rolling_std_ratio,7,2.04836573785692,1.881965475898273,2.218098469206245
4,1,3,7,20,DBLCIX,rolling_std_ratio,7,2.0958921109645017,1.8903812664277664,2.192323529171465
4,1,3,8,20,DBLCIX,rolling_std_ratio,7,2.136859782801116,2.0052453327978546,2.2333224384040316
4,1,3,9,20,DBLCIX,rolling_std_ratio,7,2.2257342579234636,1.9966259662095618,2.2380085419093447
4,1,3,10,20,DBLCIX,rolling_std_ratio,7,2.0958921109645017,2.0088805843289546,2.2343613326858476
4,2,0,-10,20,DBLCIX,rolling_std_ratio,256,0.7708013297157935,0.6000658067054713,0.928515481398182
4,2,0,-9,20,DBLCIX,rolling_std_ratio,256,0.7698674549541954,0.6122661360528353,0.9298727396755261
4,2,0,-8,20,DBLCIX,rolling_std_ratio,256,0.7679344228552216,0.611498988137545,0.9435684126612701
4,2,0,-7,20,DBLCIX,rolling_std_ratio,256,0.7739874895838854,0.6183466345757759,0.9296241922225117
4,2,0,-6,20,DBLCIX,rolling_std_ratio,256,0.773953716348246,0.6332600354062614,0.9385189293982306
4,2,0,-5,20,DBLCIX,rolling_std_ratio,256,0.7670522076488141,0.6332670654309156,0.9193023859270026
4,2,0,-4,20,DBLCIX,rolling_std_ratio,256,0.7670994739806201,0.6343487924234306,0.9297418032989961
4,2,0,-3,20,DBLCIX,rolling_std_ratio,256,0.7752323086254869,0.6441746325662204,0.9446907147482708
4,2,0,-2,20,DBLCIX,rolling_std_ratio,256,0.7829671415775843,0.6442035996417327,0.9630221650568342
4,2,0,-1,20,DBLCIX,rolling_std_ratio,256,0.7879205757086383,0.6583480898920654,0.9425050152412264
4,2,0,0,20,DBLCIX,rolling_std_ratio,256,0.781350859492502,0.6457246121831937,0.9436867438953846
4,2,0,1,20,DBLCIX,rolling_std_ratio,256,0.7798510287852837,0.6451032822329624,0.9442125870027203
4,2,0,2,20,DBLCIX,rolling_std_ratio,256,0.7731060553033283,0.6349918623519615,0.9288985452520072
4,2,0,3,20,DBLCIX,rolling_std_ratio,256,0.7695627249973982,0.6207279392597678,0.9325490675262179
4,2,0,4,20,DBLCIX,rolling_std_ratio,256,0.7849652484712109,0.6413438119625188,0.9264088649627839
4,2,0,5,20,DBLCIX,rolling_std_ratio,256,0.7719566730051586,0.6365924075106576,0.9241748644892352
4,2,0,6,20,DBLCIX,rolling_std_ratio,256,0.7827800474429645,0.6304339389744213,0.9276649540240757
4,2,0,7,20,DBLCIX,rolling_std_ratio,256,0.7678079399391926,0.6229426121110337,0.9170314229942512
4,2,0,8,20,DBLCIX,rolling_std_ratio,256,0.7707438494749981,0.621909611108837,0.9232904676514944
4,2,0,9,20,DBLCIX,rolling_std_ratio,256,0.769327940093705,0.6196913109301225,0.9181078884595605
4,2,0,10,20,DBLCIX,rolling_std_ratio,256,0.7795254801595495,0.6185213568394589,0.9223823106967813
4,2,1,-10,20,DBLCIX,rolling_std_ratio,51,0.9464646175524337,0.7602648873555773,1.130576946128541
4,2,1,-9,20,DBLCIX,rolling_std_ratio,51,0.9201745059774308,0.7554661122482333,1.1514413865447026
4,2,1,-8,20,DBLCIX,rolling_std_ratio,51,0.9140230718721203,0.7536157981575548,1.154885936655345
4,2,1,-7,20,DBLCIX,rolling_std_ratio,51,0.9805009076931226,0.7665330831294609,1.132303551775371
4,2,1,-6,20,DBLCIX,rolling_std_ratio,51,0.9243303557889881,0.7458923011293839,1.098690592906299
4,2,1,-5,20,DBLCIX,rolling_std_ratio,51,0.9272345403018839,0.7574545051093415,1.1070995673645128
4,2,1,-4,20,DBLCIX,rolling_std_ratio,51,0.897049295342762,0.7524782915712211,1.114535900921965
4,2,1,-3,20,DBLCIX,rolling_std_ratio,51,0.9453877804782813,0.7476787409338411,1.1345102266787617
4,2,1,-2,20,DBLCIX,rolling_std_ratio,51,0.9065119335436841,0.7464014004900369,1.1454985046037587
4,2,1,-1,20,DBLCIX,rolling_std_ratio,51,0.8997700321928793,0.7581093435935575,1.1095898011577405
4,2,1,0,20,DBLCIX,rolling_std_ratio,51,0.9813068749789443,0.8239770952053908,1.1628490203279045
4,2,1,1,20,DBLCIX,rolling_std_ratio,51,0.9757895060893731,0.8429686555619861,1.1435091902847665
4,2,1,2,20,DBLCIX,rolling_std_ratio,51,0.9687873793354626,0.8320485950095713,1.1923901267796113
4,2,1,3,20,DBLCIX,rolling_std_ratio,51,0.9742105374910877,0.8405818114247263,1.1630676847975367
4,2,1,4,20,DBLCIX,rolling_std_ratio,51,0.9822115846785568,0.8538157099735193,1.2344479519884595
4,2,1,5,20,DBLCIX,rolling_std_ratio,51,0.9948627959217419,0.8508940755841943,1.1971790161391005
4,2,1,6,20,DBLCIX,rolling_std_ratio,51,1.010263367256935,0.8701863417478157,1.19609922324059
4,2,1,7,20,DBLCIX,rolling_std_ratio,51,1.0346213964305455,0.8494207588434965,1.2001184683683785
4,2,1,8,20,DBLCIX,rolling_std_ratio,51,1.0539885659295127,0.8558325731130139,1.2211725698833986
4,2,1,9,20,DBLCIX,rolling_std_ratio,51,1.0271208331350594,0.8565206084933306,1.2000379061122162
4,2,1,10,20,DBLCIX,rolling_std_ratio,51,1.0336935983732853,0.8584763447240867,1.217047915954355
4,2,3,-10,20,DBLCIX,rolling_std_ratio,8,0.706370956513299,0.5506023948215308,1.0419000772111462
4,2,3,-9,20,DBLCIX,rolling_std_ratio,8,0.7027459967092655,0.5897795813607665,1.046267312945063
4,2,3,-8,20,DBLCIX,rolling_std_ratio,8,0.7065702700537626,0.5887646362817459,1.0242598347281233
4,2,3,-7,20,DBLCIX,rolling_std_ratio,8,0.6832445400101843,0.6101270187274566,0.989149041692349
4,2,3,-6,20,DBLCIX,rolling_std_ratio,8,0.6782882514214013,0.6202420705849634,0.9245280573291292
4,2,3,-5,20,DBLCIX,rolling_std_ratio,8,0.6677455954891501,0.625593863671857,0.9080892428667156
4,2,3,-4,20,DBLCIX,rolling_std_ratio,8,0.6788793512453691,0.6198411472250268,1.0262729281247127
4,2,3,-3,20,DBLCIX,rolling_std_ratio,8,0.7175978356835888,0.6079676294650516,1.0171619141481578
4,2,3,-2,20,DBLCIX,rolling_std_ratio,8,0.740291166598962,0.6840266832929399,0.9839951456802333
4,2,3,-1,20,DBLCIX,rolling_std_ratio,8,0.7607576560309448,0.6568775555292753,1.0271431394155708
4,2,3,0,20,DBLCIX,rolling_std_ratio,8,0.7824949651454407,0.6990364957966207,0.9998726819352296
4,2,3,1,20,DBLCIX,rolling_std_ratio,8,0.7871999391669611,0.7068948728955176,0.915716951476243
4,2,3,2,20,DBLCIX,rolling_std_ratio,8,0.8107627220309235,0.7542198637763293,0.9535229792211377
4,2,3,3,20,DBLCIX,rolling_std_ratio,8,0.8595203217725331,0.760173819432691,0.9440901411701217
4,2,3,4,20,DBLCIX,rolling_std_ratio,8,0.8901397598894214,0.7128899043289385,0.9595563993701173
4,2,3,5,20,DBLCIX,rolling_std_ratio,8,0.8918252809358402,0.743967805945166,1.0161451491124085
4,2,3,6,20,DBLCIX,rolling_std_ratio,8,0.9850112722387749,0.8543115315487924,1.1508626651608325
4,2,3,7,20,DBLCIX,rolling_std_ratio,8,1.0022135320417314,0.8698206287000565,1.152529723497988
4,2,3,8,20,DBLCIX,rolling_std_ratio,8,1.013555344085814,0.8737567071844674,1.1733376204965325
4,2,3,9,20,DBLCIX,rolling_std_ratio,8,0.9920035779783332,0.8706219496120657,1.272137358917554
4,2,3,10,20,DBLCIX,rolling_std_ratio,8,0.9912936717876824,0.8708964145056826,1.3481423139641298
4,3,1,-10,20,DBLCIX,rolling_std_ratio,11,1.1504045848768223,0.6666493307302171,1.773488075207533
4,3,1,-9,20,DBLCIX,rolling_std_ratio,11,1.1519142380061131,0.6954501721687745,1.75734649118698
4,3,1,-8,20,DBLCIX,rolling_std_ratio,11,1.133704086039532,0.7352587549703611,1.7674999675801075
4,3,1,-7,20,DBLCIX,rolling_std_ratio,11,1.137788636115949,0.8425018299881226,1.9161877317864284
4,3,1,-6,20,DBLCIX,rolling_std_ratio,11,1.2412837911614663,0.9553190971676262,1.864336983657188
4,3,1,-5,20,DBLCIX,rolling_std_ratio,11,1.2057057446714259,0.9429963278059672,1.9858157717402638
4,3,1,-4,20,DBLCIX,rolling_std_ratio,11,1.2528516353744992,1.0247371896021062,1.9936226485880757
4,3,1,-3,20,DBLCIX,rolling_std_ratio,11,1.2799642030557479,0.9984634472092087,1.994500678888679
4,3,1,-2,20,DBLCIX,rolling_std_ratio,11,1.2716831793897385,1.094054558876402,1.9423226895993655
4,3,1,-1,20,DBLCIX,rolling_std_ratio,11,1.6350311555464956,1.1509345681813943,2.0912477256705273
4,3,1,0,20,DBLCIX,rolling_std_ratio,11,1.6674598942259524,1.1562632745073027,2.1297843499231113
4,3,1,1,20,DBLCIX,rolling_std_ratio,11,1.6602757680935245,1.1395731615277396,2.1285328827000782
4,3,1,2,20,DBLCIX,rolling_std_ratio,11,1.6727905888111687,1.1254329670558527,2.048570707601435
4,3,1,3,20,DBLCIX,rolling_std_ratio,11,1.6630048233131758,1.1348931101706057,2.0806373875221515
4,3,1,4,20,DBLCIX,rolling_std_ratio,11,1.7991202844809957,1.1372247912092504,1.99055248134285
4,3,1,5,20,DBLCIX,rolling_std_ratio,11,1.7374820967463418,1.164866480149452,2.122998404410665
4,3,1,6,20,DBLCIX,rolling_std_ratio,11,1.7408881810339876,1.178900694560519,2.0968861245325137
4,3,1,7,20,DBLCIX,rolling_std_ratio,11,1.89998207999868,1.1966335889964128,2.1714173582843626
4,3,1,8,20,DBLCIX,rolling_std_ratio,11,1.8940240938346238,1.2123178072261793,2.138063177614426
4,3,1,9,20,DBLCIX,rolling_std_ratio,11,1.9031561853626044,1.2002577006946398,2.15017528994441
4,3,1,10,20,DBLCIX,rolling_std_ratio,11,1.9833031269194912,1.1149165258878555,2.250646981082406
4,3,2,-10,20,DBLCIX,rolling_std_ratio,5,0.596392495453366,0.46386416729168894,0.7235409895246097
4,3,2,-9,20,DBLCIX,rolling_std_ratio,5,0.6278944722269915,0.5799503066306142,0.7157311882828443
4,3,2,-8,20,DBLCIX,rolling_std_ratio,5,0.62729090034459,0.5975782762190498,0.6919558105754955
4,3,2,-7,20,DBLCIX,rolling_std_ratio,5,0.627791485765361,0.6053132654775618,0.6929646585098125
4,3,2,-6,20,DBLCIX,rolling_std_ratio,5,0.6647940439809258,0.5932477480385006,0.6954367508796304
4,3,2,-5,20,DBLCIX,rolling_std_ratio,5,0.7085587280095187,0.6023357152953531,0.7397589204875471
4,3,2,-4,20,DBLCIX,rolling_std_ratio,5,0.6729248592042553,0.5865057973275601,0.7336397571227545
4,3,2,-3,20,DBLCIX,rolling_std_ratio,5,0.698908883637777,0.5800120636784882,0.7300955509304065
4,3,2,-2,20,DBLCIX,rolling_std_ratio,5,0.7053161344429926,0.6894709982895606,0.7179670336618345
4,3,2,-1,20,DBLCIX,rolling_std_ratio,5,0.7422858288016059,0.736029507313477,0.7450458655789128
4,3,2,0,20,DBLCIX,rolling_std_ratio,5,0.7572778631754681,0.7335910700464813,0.8590217022405998
4,3,2,1,20,DBLCIX,rolling_std_ratio,5,0.7305880808203162,0.7073453618586137,0.8319624462468778
4,3,2,2,20,DBLCIX,rolling_std_ratio,5,0.712113538649327,0.6942254083236357,0.9069454899195746
4,3,2,3,20,DBLCIX,rolling_std_ratio,5,0.8225321930501577,0.7523988976247783,0.912272320928406
4,3,2,4,20,DBLCIX,rolling_std_ratio,5,0.8255348591284741,0.67587796268194,0.9137893878377432
4,3,2,5,20,DBLCIX,rolling_std_ratio,5,0.826422310384249,0.7104641524147335,0.9229394541284974
4,3,2,6,20,DBLCIX,rolling_std_ratio,5,0.842323936287819,0.7109238947525994,0.9280343113284234
4,3,2,7,20,DBLCIX,rolling_std_ratio,5,0.8692334079318896,0.711425455595288,0.9236874476176583
4,3,2,8,20,DBLCIX,rolling_std_ratio,5,0.9192744716154014,0.7257622431765262,0.9546155392220533
4,3,2,9,20,DBLCIX,rolling_std_ratio,5,0.9114135727032125,0.6426070384410375,1.0942583119639602
4,3,2,10,20,DBLCIX,rolling_std_ratio,5,0.9762587816963049,0.6481618754181121,1.1196796053957387
4,0,1,-10,20,IBOXIG,rolling_std_ratio,1,0.6899330260875303,0.6899330260875303,0.6899330260875303
4,0,1,-9,20,IBOXIG,rolling_std_ratio,1,0.6249025898718584,0.6249025898718584,0.6249025898718584
4,0,1,-8,20,IBOXIG,rolling_std_ratio,1,0.6086634967305438,0.6086634967305438,0.6086634967305438
4,0,1,-7,20,IBOXIG,rolling_std_ratio,1,0.6083137554254517,0.6083137554254517,0.6083137554254517
4,0,1,-6,20,IBOXIG,rolling_std_ratio,1,0.6481371696589412,0.6481371696589412,0.6481371696589412
4,0,1,-5,20,IBOXIG,rolling_std_ratio,1,0.6433945420272543,0.6433945420272543,0.6433945420272543
4,0,1,-4,20,IBOXIG,rolling_std_ratio,1,0.6151910030725379,0.6151910030725379,0.6151910030725379
4,0,1,-3,20,IBOXIG,rolling_std_ratio,1,0.6110551542928065,0.6110551542928065,0.6110551542928065
4,0,1,-2,20,IBOXIG,rolling_std_ratio,1,0.6229914802059563,0.6229914802059563,0.6229914802059563
4,0,1,-1,20,IBOXIG,rolling_std_ratio,1,0.5991562257326143,0.5991562257326143,0.5991562257326143
4,0,1,0,20,IBOXIG,rolling_std_ratio,1,0.5621325070480603,0.5621325070480603,0.5621325070480603
4,0,1,1,20,IBOXIG,rolling_std_ratio,1,0.6071959587630037,0.6071959587630037,0.6071959587630037
4,0,1,2,20,IBOXIG,rolling_std_ratio,1,0.6018516455447204,0.6018516455447204,0.6018516455447204
4,0,1,3,20,IBOXIG,rolling_std_ratio,1,0.6120426154898562,0.6120426154898562,0.6120426154898562
4,0,1,4,20,IBOXIG,rolling_std_ratio,1,0.6222178284323651,0.6222178284323651,0.6222178284323651
4,0,1,5,20,IBOXIG,rolling_std_ratio,1,0.625080222380752,0.625080222380752,0.625080222380752
4,0,1,6,20,IBOXIG,rolling_std_ratio,1,0.6248872845099981,0.6248872845099981,0.6248872845099981
4,0,1,7,20,IBOXIG,rolling_std_ratio,1,0.614022509078701,0.614022509078701,0.614022509078701
4,0,1,8,20,IBOXIG,rolling_std_ratio,1,0.6125075003319793,0.6125075003319793,0.6125075003319793
4,0,1,9,20,IBOXIG,rolling_std_ratio,1,0.6629269731255614,0.6629269731255614,0.6629269731255614
4,0,1,10,20,IBOXIG,rolling_std_ratio,1,0.6469781871877907,0.6469781871877907,0.6469781871877907
4,0,2,-10,20,IBOXIG,rolling_std_ratio,255,0.7807947937176183,0.6197132409390743,1.0042621719233367
4,0,2,-9,20,IBOXIG,rolling_std_ratio,255,0.7872058112427954,0.6292844398272298,1.003262925572269
4,0,2,-8,20,IBOXIG,rolling_std_ratio,255,0.7845888279818211,0.6362859674243035,0.9789246594391261
4,0,2,-7,20,IBOXIG,rolling_std_ratio,255,0.7790420264860888,0.6277354081393556,0.9714162379361435
4,0,2,-6,20,IBOXIG,rolling_std_ratio,255,0.7811814953237698,0.6267128226906364,0.9983844189443987
4,0,2,-5,20,IBOXIG,rolling_std_ratio,255,0.7765300835845131,0.6318246995578629,1.002709575968963
4,0,2,-4,20,IBOXIG,rolling_std_ratio,255,0.785128524652269,0.6322651038377344,0.9938597727820082
4,0,2,-3,20,IBOXIG,rolling_std_ratio,255,0.7836886797106677,0.6303306102064777,0.9948102700002832
4,0,2,-2,20,IBOXIG,rolling_std_ratio,255,0.7718112504182815,0.6284073869221094,0.9796447964957844
4,0,2,-1,20,IBOXIG,rolling_std_ratio,255,0.7802458290252818,0.6132830300256786,0.9578486849346465
4,0,2,0,20,IBOXIG,rolling_std_ratio,255,0.8006582319222514,0.6294718446054899,0.9980183449576943
4,0,2,1,20,IBOXIG,rolling_std_ratio,255,0.7896807680655675,0.6445968387637546,1.0037215198400347
4,0,2,2,20,IBOXIG,rolling_std_ratio,255,0.8026122521885697,0.6365310870007612,1.030519970648099
4,0,2,3,20,IBOXIG,rolling_std_ratio,255,0.7872008462425222,0.6286054907854821,1.0121885862084372
4,0,2,4,20,IBOXIG,rolling_std_ratio,255,0.7930084687263993,0.6191203836512102,1.0129259514667317
4,0,2,5,20,IBOXIG,rolling_std_ratio,256,0.7958336015604299,0.6124181239529805,1.0141343385428736
4,0,2,6,20,IBOXIG,rolling_std_ratio,256,0.783691082333177,0.616534467718194,1.0181592769363754
4,0,2,7,20,IBOXIG,rolling_std_ratio,256,0.7874343386338206,0.6112025916603332,1.0130360070455788
4,0,2,8,20,IBOXIG,rolling_std_ratio,256,0.7862718183213689,0.6121775795281467,1.009711692553291
4,0,2,9,20,IBOXIG,rolling_std_ratio,256,0.802108590982243,0.6107875245159076,1.0231759698856566
4,0,2,10,20,IBOXIG,rolling_std_ratio,256,0.7893295745095645,0.6004697220725345,1.0275586199652473
4,0,3,-10,20,IBOXIG,rolling_std_ratio,1,0.6153903881955339,0.6153903881955339,0.6153903881955339
4,0,3,-9,20,IBOXIG,rolling_std_ratio,1,0.6685501892233703,0.6685501892233703,0.6685501892233703
4,0,3,-8,20,IBOXIG,rolling_std_ratio,1,0.654584290996954,0.654584290996954,0.654584290996954
4,0,3,-7,20,IBOXIG,rolling_std_ratio,1,0.6317363057710628,0.6317363057710628,0.6317363057710628
4,0,3,-6,20,IBOXIG,rolling_std_ratio,1,0.6322285153745049,0.6322285153745049,0.6322285153745049
4,0,3,-5,20,IBOXIG,rolling_std_ratio,1,0.5805466712736641,0.5805466712736641,0.5805466712736641
4,0,3,-4,20,IBOXIG,rolling_std_ratio,1,0.5841865272793453,0.5841865272793453,0.5841865272793453
4,0,3,-3,20,IBOXIG,rolling_std_ratio,1,0.6018400783547185,0.6018400783547185,0.6018400783547185
4,0,3,-2,20,IBOXIG,rolling_std_ratio,1,0.5966725379001117,0.5966725379001117,0.5966725379001117
4,0,3,-1,20,IBOXIG,rolling_std_ratio,1,0.6003473441407369,0.6003473441407369,0.6003473441407369
4,0,3,0,20,IBOXIG,rolling_std_ratio,1,1.0255234547945085,1.0255234547945085,1.0255234547945085
4,0,3,1,20,IBOXIG,rolling_std_ratio,1,0.9973601866467502,0.9973601866467502,0.9973601866467502
4,0,3,2,20,IBOXIG,rolling_std_ratio,1,1.0642027464843355,1.0642027464843355,1.0642027464843355
4,0,3,3,20,IBOXIG,rolling_std_ratio,1,1.0251363441772872,1.0251363441772872,1.0251363441772872
4,0,3,4,20,IBOXIG,rolling_std_ratio,1,1.0208544310538255,1.0208544310538255,1.0208544310538255
4,0,3,5,20,IBOXIG,rolling_std_ratio,1,1.0206191734699468,1.0206191734699468,1.0206191734699468
4,0,3,6,20,IBOXIG,rolling_std_ratio,1,1.021587641450506,1.021587641450506,1.021587641450506
4,0,3,7,20,IBOXIG,rolling_std_ratio,1,1.021587641450506,1.021587641450506,1.021587641450506
4,0,3,8,20,IBOXIG,rolling_std_ratio,1,1.0447803345354365,1.0447803345354365,1.0447803345354365
4,0,3,9,20,IBOXIG,rolling_std_ratio,1,1.0350294325676008,1.0350294325676008,1.0350294325676008
4,0,3,10,20,IBOXIG,rolling_std_ratio,1,1.044380214568276,1.044380214568276,1.044380214568276
4,1,0,-10,20,IBOXIG,rolling_std_ratio,2,1.08646290875898,0.8473883320922159,1.3255374854257442
4,1,0,-9,20,IBOXIG,rolling_std_ratio,2,1.3736310661202524,1.0108841178895966,1.736378014350908
4,1,0,-8,20,IBOXIG,rolling_std_ratio,2,1.3726981872217234,1.0080463646244888,1.7373500098189578
4,1,0,-7,20,IBOXIG,rolling_std_ratio,2,1.4411286068021674,1.0281598049373526,1.854097408666982
4,1,0,-6,20,IBOXIG,rolling_std_ratio,2,1.4293603696016814,1.020207761947244,1.8385129772561188
4,1,0,-5,20,IBOXIG,rolling_std_ratio,2,1.432125286241854,1.0275583832239052,1.8366921892598032
4,1,0,-4,20,IBOXIG,rolling_std_ratio,2,1.4130518066658875,1.006104016199251,1.819999597132524
4,1,0,-3,20,IBOXIG,rolling_std_ratio,2,1.4210030075210018,0.991567757284531,1.8504382577574725
4,1,0,-2,20,IBOXIG,rolling_std_ratio,2,1.388449333627787,0.9978226461953954,1.7790760210601788
4,1,0,-1,20,IBOXIG,rolling_std_ratio,2,1.3430710029657342,0.9724613242552274,1.7136806816762413
4,1,0,0,20,IBOXIG,rolling_std_ratio,2,1.3355210276173815,0.9737818215536188,1.6972602336811442
4,1,0,1,20,IBOXIG,rolling_std_ratio,2,1.3318684631272513,0.9770431457798082,1.6866937804746944
4,1,0,2,20,IBOXIG,rolling_std_ratio,2,1.3542823760569678,0.9896812992188598,1.7188834528950756
4,1,0,3,20,IBOXIG,rolling_std_ratio,2,1.3608148665917992,0.9928510755508987,1.7287786576326998
4,1,0,4,20,IBOXIG,rolling_std_ratio,2,1.3837610640559062,0.9988917865673037,1.7686303415445088
4,1,0,5,20,IBOXIG,rolling_std_ratio,2,1.3912437638655648,1.001875632098772,1.7806118956323576
4,1,0,6,20,IBOXIG,rolling_std_ratio,2,1.4155549252490385,1.0392409491872998,1.791868901310777
4,1,0,7,20,IBOXIG,rolling_std_ratio,2,1.3965978672237092,1.0217880272057498,1.7714077072416683
4,1,0,8,20,IBOXIG,rolling_std_ratio,2,1.3845654556532159,1.0056138690062362,1.7635170423001958
4,1,0,9,20,IBOXIG,rolling_std_ratio,2,1.4109225009082902,1.0196183672717587,1.8022266345448217
4,1,0,10,20,IBOXIG,rolling_std_ratio,2,1.3477233911177937,0.9880188123765103,1.707427969859077
4,1,2,-10,20,IBOXIG,rolling_std_ratio,54,0.9240979731789805,0.7049515365715388,1.661444525245352
4,1,2,-9,20,IBOXIG,rolling_std_ratio,54,0.9077739684463787,0.689262588086363,1.590961292781464
4,1,2,-8,20,IBOXIG,rolling_std_ratio,54,0.9448033969844472,0.7114983223776574,1.6395905947571228
4,1,2,-7,20,IBOXIG,rolling_std_ratio,54,0.9707620118381028,0.7132327957411372,1.713473179028726
4,1,2,-6,20,IBOXIG,rolling_std_ratio,54,0.9824740206275212,0.7199513998340668,1.6926034000252694
4,1,2,-5,20,IBOXIG,rolling_std_ratio,54,0.9874194459106674,0.7321979649320162,1.7128322794128445
4,1,2,-4,20,IBOXIG,rolling_std_ratio,54,0.9868044710606549,0.7421965658162704,1.7738076735727548
4,1,2,-3,20,IBOXIG,rolling_std_ratio,54,1.0095048706272993,0.7583363696823662,1.767954636395996
4,1,2,-2,20,IBOXIG,rolling_std_ratio,54,1.0374951190498338,0.8007182774648468,1.7524545802532878
4,1,2,-1,20,IBOXIG,rolling_std_ratio,54,1.0339315917323106,0.796038468691028,1.7946376889414397
4,1,2,0,20,IBOXIG,rolling_std_ratio,54,1.0272959123170207,0.7736854954337582,1.6897996324237112
4,1,2,1,20,IBOXIG,rolling_std_ratio,54,0.9987797328661869,0.7844823143621142,1.7476343733460604
4,1,2,2,20,IBOXIG,rolling_std_ratio,54,1.0106073961853812,0.8258119234302553,1.5011638716367732
4,1,2,3,20,IBOXIG,rolling_std_ratio,54,1.029122271138256,0.8100554040316513,1.6014581620003538
4,1,2,4,20,IBOXIG,rolling_std_ratio,54,1.0510013037264119,0.8419081089276974,1.6044208203209698
4,1,2,5,20,IBOXIG,rolling_std_ratio,54,1.0527041613039199,0.8259040858502699,1.6008632017917424
4,1,2,6,20,IBOXIG,rolling_std_ratio,54,1.0560200477382358,0.8119511337609123,1.3302866869106251
4,1,2,7,20,IBOXIG,rolling_std_ratio,54,1.0312952920772984,0.7788099710314963,1.3548428283460767
4,1,2,8,20,IBOXIG,rolling_std_ratio,54,1.0136526547371538,0.8048073151449886,1.3336057296694537
4,1,2,9,20,IBOXIG,rolling_std_ratio,54,1.001049560643407,0.8140790236630143,1.4141082558915183
4,1,2,10,20,IBOXIG,rolling_std_ratio,54,0.9718312166754058,0.8124206685930011,1.3951296540176403
4,1,3,-10,20,IBOXIG,rolling_std_ratio,7,1.5519207914327566,0.9663182997788196,1.635629435706908
4,1,3,-9,20,IBOXIG,rolling_std_ratio,7,1.5357333121641454,0.9928888392656777,1.6699108748670173
4,1,3,-8,20,IBOXIG,rolling_std_ratio,7,1.4458744761954108,0.9893028668195766,1.6082427073884862
4,1,3,-7,20,IBOXIG,rolling_std_ratio,7,1.4853823107065256,1.050990852586727,1.5734721520321966
4,1,3,-6,20,IBOXIG,rolling_std_ratio,7,1.4760561818864075,1.001709816718011,1.5824772734880421
4,1,3,-5,20,IBOXIG,rolling_std_ratio,7,1.4769275296282232,1.0058330700241684,1.7129596689378317
4,1,3,-4,20,IBOXIG,rolling_std_ratio,7,1.4983108947810868,1.2244889110753656,1.8597727383597693
4,1,3,-3,20,IBOXIG,rolling_std_ratio,7,1.6368803851957043,1.5314090933113023,1.789939312785979
4,1,3,-2,20,IBOXIG,rolling_std_ratio,7,1.7710774345110085,1.6536704803198585,2.065282204060186
4,1,3,-1,20,IBOXIG,rolling_std_ratio,7,1.79173766109392,1.459313563571651,2.1495111288589652
4,1,3,0,20,IBOXIG,rolling_std_ratio,7,1.7826433311422893,1.6609062792497378,2.4012094444004686
4,1,3,1,20,IBOXIG,rolling_std_ratio,7,2.2390582734483355,1.7101094449098384,2.384619764080713
4,1,3,2,20,IBOXIG,rolling_std_ratio,7,2.28690806005822,1.7074876602297921,2.3745953529193233
4,1,3,3,20,IBOXIG,rolling_std_ratio,7,2.4760770550717526,1.702088169994791,2.6888619301179215
4,1,3,4,20,IBOXIG,rolling_std_ratio,7,2.4106235950903296,1.7173658339806028,2.748025729089551
4,1,3,5,20,IBOXIG,rolling_std_ratio,7,2.135441775224416,1.6181230695692586,2.614525359169117
4,1,3,6,20,IBOXIG,rolling_std_ratio,7,1.9117816893663637,1.6676171409470335,2.8996814487140394
4,1,3,7,20,IBOXIG,rolling_std_ratio,7,1.8465666149216837,1.5828132148067873,3.3803512121355572
4,1,3,8,20,IBOXIG,rolling_std_ratio,7,1.9527346756421198,1.5514082144611003,3.426215133563663
4,1,3,9,20,IBOXIG,rolling_std_ratio,7,2.0288511031201426,1.5334854234908462,3.3960439433135186
4,1,3,10,20,IBOXIG,rolling_std_ratio,7,2.0492612713136675,1.5422449056523329,3.468599535101011
4,2,0,-10,20,IBOXIG,rolling_std_ratio,256,0.7844905854687971,0.63151386704644,1.0208312575575182
4,2,0,-9,20,IBOXIG,rolling_std_ratio,256,0.7795743957591714,0.6335389976096469,1.0178825368969022
4,2,0,-8,20,IBOXIG,rolling_std_ratio,256,0.7889534353838961,0.6268062139426496,1.0161374482223315
4,2,0,-7,20,IBOXIG,rolling_std_ratio,256,0.7990599254001657,0.6381384874083533,1.019061503702544
4,2,0,-6,20,IBOXIG,rolling_std_ratio,256,0.8045083213493567,0.6475266585883317,1.0186552463886351
4,2,0,-5,20,IBOXIG,rolling_std_ratio,256,0.7923583626132678,0.6469636294231829,1.0223225052393201
4,2,0,-4,20,IBOXIG,rolling_std_ratio,256,0.7972594908937432,0.6492106732042731,1.0262222486510637
4,2,0,-3,20,IBOXIG,rolling_std_ratio,256,0.7951042687301975,0.6522742546457989,1.0341976639572725
4,2,0,-2,20,IBOXIG,rolling_std_ratio,256,0.8100654202924621,0.6613227720702092,1.0506745478661503
4,2,0,-1,20,IBOXIG,rolling_std_ratio,256,0.8221706836829374,0.6602191534118815,1.0391459414390012
4,2,0,0,20,IBOXIG,rolling_std_ratio,256,0.8205271316398334,0.6382756786184484,1.024676772330524
4,2,0,1,20,IBOXIG,rolling_std_ratio,256,0.8026592676260909,0.6348811269352462,1.0125383461026636
4,2,0,2,20,IBOXIG,rolling_std_ratio,256,0.8016374933843509,0.6220068022202025,1.0230294953374948
4,2,0,3,20,IBOXIG,rolling_std_ratio,256,0.7958397924464004,0.6217643748002528,1.028849970044642
4,2,0,4,20,IBOXIG,rolling_std_ratio,256,0.802108590982243,0.6194915832179569,1.0191781930297599
4,2,0,5,20,IBOXIG,rolling_std_ratio,256,0.8046469775606779,0.6153000856270953,1.047790001580764
4,2,0,6,20,IBOXIG,rolling_std_ratio,256,0.7952011946906162,0.6172515314012017,1.0380239515356282
4,2,0,7,20,IBOXIG,rolling_std_ratio,256,0.7896213698700671,0.6221236891119485,1.0439744934253234
4,2,0,8,20,IBOXIG,rolling_std_ratio,256,0.7964420481520154,0.6134329006581363,1.0452602105203703
4,2,0,9,20,IBOXIG,rolling_std_ratio,256,0.785431071664944,0.6045078162621629,1.0177738749056564
4,2,0,10,20,IBOXIG,rolling_std_ratio,256,0.7952266581656379,0.6122794901023446,1.0187101691815332
4,2,1,-10,20,IBOXIG,rolling_std_ratio,51,0.909897145792902,0.6873815942911665,1.4677063489722832
4,2,1,-9,20,IBOXIG,rolling_std_ratio,51,0.8949466423464533,0.6574262463462722,1.4639881478281866
4,2,1,-8,20,IBOXIG,rolling_std_ratio,51,0.910593336940325,0.6669263841010797,1.4712062756500213
4,2,1,-7,20,IBOXIG,rolling_std_ratio,51,0.9452583134128003,0.6874375082185349,1.412143597686892
4,2,1,-6,20,IBOXIG,rolling_std_ratio,51,0.9189172886507194,0.6916392767140098,1.2981346069452382
4,2,1,-5,20,IBOXIG,rolling_std_ratio,51,0.8984545383597653,0.6868906323119255,1.2634971937130801
4,2,1,-4,20,IBOXIG,rolling_std_ratio,51,0.8949466423464533,0.7151141997692387,1.271654444881518
4,2,1,-3,20,IBOXIG,rolling_std_ratio,51,0.9192117225065176,0.7118580585257848,1.352186236633906
4,2,1,-2,20,IBOXIG,rolling_std_ratio,51,0.8860911997561425,0.7388842321159108,1.3842298884020456
4,2,1,-1,20,IBOXIG,rolling_std_ratio,51,0.8750448257870799,0.7475358568740669,1.4338197374107073
4,2,1,0,20,IBOXIG,rolling_std_ratio,51,0.9703950714623767,0.795793070166396,1.588939205900828
4,2,1,1,20,IBOXIG,rolling_std_ratio,51,0.9724115671104403,0.8036856804802399,1.6242553535262756
4,2,1,2,20,IBOXIG,rolling_std_ratio,51,0.9836866467123678,0.7877477132455197,1.7201124235200207
4,2,1,3,20,IBOXIG,rolling_std_ratio,51,0.975379552098228,0.8235483163234825,1.7158272363430451
4,2,1,4,20,IBOXIG,rolling_std_ratio,51,1.0098452114389116,0.8317405346029595,1.7098493206175553
4,2,1,5,20,IBOXIG,rolling_std_ratio,51,1.0374904022815892,0.8438898926889113,1.7780827011049403
4,2,1,6,20,IBOXIG,rolling_std_ratio,51,1.0247349886301025,0.8251731724626518,1.7300391273230797
4,2,1,7,20,IBOXIG,rolling_std_ratio,51,1.0392021313087132,0.845041865621428,1.6921603616240055
4,2,1,8,20,IBOXIG,rolling_std_ratio,51,1.0247349886301025,0.8265936466271927,1.672446060672467
4,2,1,9,20,IBOXIG,rolling_std_ratio,51,1.0392021313087132,0.8410917992657937,1.5521225021207585
4,2,1,10,20,IBOXIG,rolling_std_ratio,51,0.9884248408825577,0.8553827364873452,1.4791905977017237
4,2,3,-10,20,IBOXIG,rolling_std_ratio,8,0.8433678090074871,0.7528324111572168,1.3602223575359622
4,2,3,-9,20,IBOXIG,rolling_std_ratio,8,0.8406543030547997,0.6851614099877593,1.4519176160126457
4,2,3,-8,20,IBOXIG,rolling_std_ratio,8,0.823611295990219,0.7025734503049617,1.5111016985259342
4,2,3,-7,20,IBOXIG,rolling_std_ratio,8,0.7991376078791397,0.6661775951544913,1.4551235652002945
4,2,3,-6,20,IBOXIG,rolling_std_ratio,8,0.7731910031890146,0.6081548773069851,1.4015635938423507
4,2,3,-5,20,IBOXIG,rolling_std_ratio,8,0.9147886805998761,0.5966681020811433,1.356322569195766
4,2,3,-4,20,IBOXIG,rolling_std_ratio,8,0.9206595689543904,0.5923734876393972,1.3670686917512698
4,2,3,-3,20,IBOXIG,rolling_std_ratio,8,0.9122579408921456,0.5732996540483043,1.3387538731510984
4,2,3,-2,20,IBOXIG,rolling_std_ratio,8,0.9089607774834094,0.5385655012837423,1.3113852359000695
4,2,3,-1,20,IBOXIG,rolling_std_ratio,8,0.9264214957380953,0.5911603244317563,1.335204674794362
4,2,3,0,20,IBOXIG,rolling_std_ratio,8,1.1600555050340835,0.7847593462136471,2.013472843963164
4,2,3,1,20,IBOXIG,rolling_std_ratio,8,1.1938796615456875,0.7898891050771688,2.201947695268892
4,2,3,2,20,IBOXIG,rolling_std_ratio,8,1.3937980025208951,1.0778717118349737,2.267586225325071
4,2,3,3,20,IBOXIG,rolling_std_ratio,8,1.4248853670733375,1.0882969661740731,2.2992610217426077
4,2,3,4,20,IBOXIG,rolling_std_ratio,8,1.5333331721182775,1.0931994821004465,2.2370581435654433
4,2,3,5,20,IBOXIG,rolling_std_ratio,8,1.5517450581938186,1.111254331958153,2.1787694659057473
4,2,3,6,20,IBOXIG,rolling_std_ratio,8,1.5620566510489913,1.1079297630018592,2.1550127958741836
4,2,3,7,20,IBOXIG,rolling_std_ratio,8,1.5486642946993223,1.1082525474640768,2.1659792048204007
4,2,3,8,20,IBOXIG,rolling_std_ratio,8,1.5894644131847442,1.1283905918193662,2.10866926918046
4,2,3,9,20,IBOXIG,rolling_std_ratio,8,1.5910461439205466,1.1488186475118463,2.1142255726643078
4,2,3,10,20,IBOXIG,rolling_std_ratio,8,1.616229470090813,1.1436735660440285,2.141934158549856
4,3,1,-10,20,IBOXIG,rolling_std_ratio,11,1.6528647773091236,0.6839707479665367,1.7579632828015783
4,3,1,-9,20,IBOXIG,rolling_std_ratio,11,1.2621786693709458,0.6870618936002215,1.699372780112
4,3,1,-8,20,IBOXIG,rolling_std_ratio,11,1.4853823107065256,0.6893562830473717,1.6384895769573795
4,3,1,-7,20,IBOXIG,rolling_std_ratio,11,1.4760561818864075,0.7224169825943834,1.6280622243200369
4,3,1,-6,20,IBOXIG,rolling_std_ratio,11,1.4769275296282232,0.8858380237857517,1.8323456839090477
4,3,1,-5,20,IBOXIG,rolling_std_ratio,11,1.4735982700525032,0.9341250182444342,1.7730325311032857
4,3,1,-4,20,IBOXIG,rolling_std_ratio,11,1.5049645614838076,0.8818306816219377,1.8370747329071628
4,3,1,-3,20,IBOXIG,rolling_std_ratio,11,1.6055371646669523,1.1064507458965624,1.9764472230487145
4,3,1,-2,20,IBOXIG,rolling_std_ratio,11,1.6580078861552,1.220872639829094,2.2886124922370406
4,3,1,-1,20,IBOXIG,rolling_std_ratio,11,1.7600392170065,1.5130680620010326,2.3508819630342566
4,3,1,0,20,IBOXIG,rolling_std_ratio,11,1.896790390698515,1.4883512181557261,2.335516087523553
4,3,1,1,20,IBOXIG,rolling_std_ratio,11,1.8255512244593066,1.4201596256909361,2.4569594114784126
4,3,1,2,20,IBOXIG,rolling_std_ratio,11,1.8600133564822847,1.4426795821891627,2.6719258013778417
4,3,1,3,20,IBOXIG,rolling_std_ratio,11,1.8465666149216837,1.292728054901164,2.6617685331135563
4,3,1,4,20,IBOXIG,rolling_std_ratio,11,1.9527346756421198,1.250028325890728,2.6659781648397427
4,3,1,5,20,IBOXIG,rolling_std_ratio,11,2.0288511031201426,1.233935194845296,2.9801766004018764
4,3,1,6,20,IBOXIG,rolling_std_ratio,11,2.0492612713136675,1.1925329153229547,3.0080898811397194
4,3,1,7,20,IBOXIG,rolling_std_ratio,11,2.1233903573211057,1.2329800144051402,3.0135312037716524
4,3,1,8,20,IBOXIG,rolling_std_ratio,11,2.1253208209121293,1.2383905524423333,3.0039352113038698
4,3,1,9,20,IBOXIG,rolling_std_ratio,11,2.1385513856922014,1.2316240500704692,2.908214891674642
4,3,1,10,20,IBOXIG,rolling_std_ratio,11,2.1490521306085513,1.2461447589139105,2.6777863387983167
4,3,2,-10,20,IBOXIG,rolling_std_ratio,5,0.8171086201514973,0.7709411313208032,1.3454868820432255
4,3,2,-9,20,IBOXIG,rolling_std_ratio,5,0.827334084437476,0.6242134770622134,1.2904056354886297
4,3,2,-8,20,IBOXIG,rolling_std_ratio,5,0.8515543019179842,0.6089590052826127,1.2430530166665426
4,3,2,-7,20,IBOXIG,rolling_std_ratio,5,0.8073887843056398,0.6018400783547185,1.25745077545582
4,3,2,-6,20,IBOXIG,rolling_std_ratio,5,0.8141558688275748,0.5966725379001117,1.2357714178026338
4,3,2,-5,20,IBOXIG,rolling_std_ratio,5,0.8260907163273064,0.6003473441407369,1.229118262961762
4,3,2,-4,20,IBOXIG,rolling_std_ratio,5,1.0255234547945085,0.7961286512864407,1.2608949377657919
4,3,2,-3,20,IBOXIG,rolling_std_ratio,5,0.9973601866467502,0.8005776533393711,1.2381834356491315
4,3,2,-2,20,IBOXIG,rolling_std_ratio,5,1.0642027464843355,0.8124919629769136,1.2621786693709458
4,3,2,-1,20,IBOXIG,rolling_std_ratio,5,1.2892851102607035,1.0251363441772872,1.4983108947810868
4,3,2,0,20,IBOXIG,rolling_std_ratio,5,1.291917109007878,1.0208544310538255,1.5578536251387969
4,3,2,1,20,IBOXIG,rolling_std_ratio,5,1.2955889097255464,1.0206191734699468,1.7710774345110085
4,3,2,2,20,IBOXIG,rolling_std_ratio,5,1.311752455293717,1.021587641450506,1.79173766109392
4,3,2,3,20,IBOXIG,rolling_std_ratio,5,1.3414699709556932,1.021587641450506,1.7826433311422893
4,3,2,4,20,IBOXIG,rolling_std_ratio,5,1.3200532969237777,1.0447803345354365,1.777275292474867
4,3,2,5,20,IBOXIG,rolling_std_ratio,5,1.316908693842629,1.0350294325676008,1.8620201325268593
4,3,2,6,20,IBOXIG,rolling_std_ratio,5,1.3207308485418259,1.044380214568276,1.8613614392992672
4,3,2,7,20,IBOXIG,rolling_std_ratio,5,1.3356685494831109,1.060343776537896,1.896790390698515
4,3,2,8,20,IBOXIG,rolling_std_ratio,5,1.4025640670687463,1.07804224220023,1.8022112927228882
4,3,2,9,20,IBOXIG,rolling_std_ratio,5,1.521336544390573,1.0776812078173712,1.8600133564822847
4,3,2,10,20,IBOXIG,rolling_std_ratio,5,1.551952381603965,1.0827842735433515,1.8465666149216837
4,0,1,-10,20,JPEICORE,rolling_std_ratio,1,0.32392209425614094,0.32392209425614094,0.32392209425614094
4,0,1,-9,20,JPEICORE,rolling_std_ratio,1,0.32423611371646555,0.32423611371646555,0.32423611371646555
4,0,1,-8,20,JPEICORE,rolling_std_ratio,1,0.3241673733914241,0.3241673733914241,0.3241673733914241
4,0,1,-7,20,JPEICORE,rolling_std_ratio,1,0.3561240161415639,0.3561240161415639,0.3561240161415639
4,0,1,-6,20,JPEICORE,rolling_std_ratio,1,0.3812354677544894,0.3812354677544894,0.3812354677544894
4,0,1,-5,20,JPEICORE,rolling_std_ratio,1,0.38148811145388845,0.38148811145388845,0.38148811145388845
4,0,1,-4,20,JPEICORE,rolling_std_ratio,1,0.38315481009553704,0.38315481009553704,0.38315481009553704
4,0,1,-3,20,JPEICORE,rolling_std_ratio,1,0.3874766051852999,0.3874766051852999,0.3874766051852999
4,0,1,-2,20,JPEICORE,rolling_std_ratio,1,0.409168991577409,0.409168991577409,0.409168991577409
4,0,1,-1,20,JPEICORE,rolling_std_ratio,1,0.3663198232409606,0.3663198232409606,0.3663198232409606
4,0,1,0,20,JPEICORE,rolling_std_ratio,1,0.34502056694633554,0.34502056694633554,0.34502056694633554
4,0,1,1,20,JPEICORE,rolling_std_ratio,1,0.34192396308290685,0.34192396308290685,0.34192396308290685
4,0,1,2,20,JPEICORE,rolling_std_ratio,1,0.32948069684917125,0.32948069684917125,0.32948069684917125
4,0,1,3,20,JPEICORE,rolling_std_ratio,1,0.3262460396408436,0.3262460396408436,0.3262460396408436
4,0,1,4,20,JPEICORE,rolling_std_ratio,1,0.3111707245103395,0.3111707245103395,0.3111707245103395
4,0,1,5,20,JPEICORE,rolling_std_ratio,1,0.32064260793376637,0.32064260793376637,0.32064260793376637
4,0,1,6,20,JPEICORE,rolling_std_ratio,1,0.2899641870912644,0.2899641870912644,0.2899641870912644
4,0,1,7,20,JPEICORE,rolling_std_ratio,1,0.2905105314590655,0.2905105314590655,0.2905105314590655
4,0,1,8,20,JPEICORE,rolling_std_ratio,1,0.29117243637289913,0.29117243637289913,0.29117243637289913
4,0,1,9,20,JPEICORE,rolling_std_ratio,1,0.30302250643049233,0.30302250643049233,0.30302250643049233
4,0,1,10,20,JPEICORE,rolling_std_ratio,1,0.29797650381423296,0.29797650381423296,0.29797650381423296
4,0,2,-10,20,JPEICORE,rolling_std_ratio,255,0.4982721344480876,0.33748296029499236,0.6432029285042911
4,0,2,-9,20,JPEICORE,rolling_std_ratio,255,0.5042247874717909,0.34169462338338813,0.6385191451638141
4,0,2,-8,20,JPEICORE,rolling_std_ratio,255,0.5007127323720052,0.3416575195342931,0.6338147281469643
4,0,2,-7,20,JPEICORE,rolling_std_ratio,255,0.49904174859267686,0.3478342588918637,0.6454913863812519
4,0,2,-6,20,JPEICORE,rolling_std_ratio,255,0.4964431841203214,0.36008800050251866,0.6404470666656008
4,0,2,-5,20,JPEICORE,rolling_std_ratio,255,0.4966144877969715,0.3567307553522777,0.6463671128367836
4,0,2,-4,20,JPEICORE,rolling_std_ratio,255,0.48103162292431045,0.3514023347073597,0.6393486652948206
4,0,2,-3,20,JPEICORE,rolling_std_ratio,255,0.4728610084101084,0.34828488600026863,0.6431788396826192
4,0,2,-2,20,JPEICORE,rolling_std_ratio,255,0.46767533346517504,0.34776232979482147,0.6375625053921006
4,0,2,-1,20,JPEICORE,rolling_std_ratio,255,0.46820616676069143,0.3617153718093119,0.6322769074812902
4,0,2,0,20,JPEICORE,rolling_std_ratio,255,0.4898664063800777,0.3569876732504809,0.6323570142859058
4,0,2,1,20,JPEICORE,rolling_std_ratio,255,0.4945528334401061,0.36531509102360316,0.6414833681333876
4,0,2,2,20,JPEICORE,rolling_std_ratio,255,0.49633811972132447,0.36483561109824136,0.6461515557048272
4,0,2,3,20,JPEICORE,rolling_std_ratio,255,0.49483966515675726,0.3747209200877655,0.6531324918817218
4,0,2,4,20,JPEICORE,rolling_std_ratio,255,0.5045291938890968,0.37701628007160026,0.6520747463295331
4,0,2,5,20,JPEICORE,rolling_std_ratio,256,0.5064342628431275,0.3897013756469032,0.6664825623856936
4,0,2,6,20,JPEICORE,rolling_std_ratio,256,0.5109336158211468,0.38418978392464836,0.6774173747920237
4,0,2,7,20,JPEICORE,rolling_std_ratio,256,0.5148561984156341,0.3855696857191589,0.677847696604901
4,0,2,8,20,JPEICORE,rolling_std_ratio,256,0.5169671927196362,0.3898611978250593,0.67885488062344
4,0,2,9,20,JPEICORE,rolling_std_ratio,256,0.5162902713073767,0.38744995570278284,0.6864967546199894
4,0,2,10,20,JPEICORE,rolling_std_ratio,256,0.5265943529769721,0.39127756237829603,0.6825933234711055
4,0,3,-10,20,JPEICORE,rolling_std_ratio,1,0.35027532330565353,0.35027532330565353,0.35027532330565353
4,0,3,-9,20,JPEICORE,rolling_std_ratio,1,0.39465769016684166,0.39465769016684166,0.39465769016684166
4,0,3,-8,20,JPEICORE,rolling_std_ratio,1,0.39345140646171944,0.39345140646171944,0.39345140646171944
4,0,3,-7,20,JPEICORE,rolling_std_ratio,1,0.3936117806822155,0.3936117806822155,0.3936117806822155
4,0,3,-6,20,JPEICORE,rolling_std_ratio,1,0.3903409581952475,0.3903409581952475,0.3903409581952475
4,0,3,-5,20,JPEICORE,rolling_std_ratio,1,0.3896542531154481,0.3896542531154481,0.3896542531154481
4,0,3,-4,20,JPEICORE,rolling_std_ratio,1,0.38700492029301314,0.38700492029301314,0.38700492029301314
4,0,3,-3,20,JPEICORE,rolling_std_ratio,1,0.38763355563064356,0.38763355563064356,0.38763355563064356
4,0,3,-2,20,JPEICORE,rolling_std_ratio,1,0.41805786178678944,0.41805786178678944,0.41805786178678944
4,0,3,-1,20,JPEICORE,rolling_std_ratio,1,0.44317957387339907,0.44317957387339907,0.44317957387339907
4,0,3,0,20,JPEICORE,rolling_std_ratio,1,0.6785621760178154,0.6785621760178154,0.6785621760178154
4,0,3,1,20,JPEICORE,rolling_std_ratio,1,0.9653331836972054,0.9653331836972054,0.9653331836972054
4,0,3,2,20,JPEICORE,rolling_std_ratio,1,1.5059885733846663,1.5059885733846663,1.5059885733846663
4,0,3,3,20,JPEICORE,rolling_std_ratio,1,1.6516814099995736,1.6516814099995736,1.6516814099995736
4,0,3,4,20,JPEICORE,rolling_std_ratio,1,1.6556842571250638,1.6556842571250638,1.6556842571250638
4,0,3,5,20,JPEICORE,rolling_std_ratio,1,1.6491866361539338,1.6491866361539338,1.6491866361539338
4,0,3,6,20,JPEICORE,rolling_std_ratio,1,1.6359881504908782,1.6359881504908782,1.6359881504908782
4,0,3,7,20,JPEICORE,rolling_std_ratio,1,1.6364518080042731,1.6364518080042731,1.6364518080042731
4,0,3,8,20,JPEICORE,rolling_std_ratio,1,1.6381476845016123,1.6381476845016123,1.6381476845016123
4,0,3,9,20,JPEICORE,rolling_std_ratio,1,1.6353815249261006,1.6353815249261006,1.6353815249261006
4,0,3,10,20,JPEICORE,rolling_std_ratio,1,1.6367769065555247,1.6367769065555247,1.6367769065555247
4,1,0,-10,20,JPEICORE,rolling_std_ratio,2,0.5995133702237022,0.47781869318263304,0.7212080472647713
4,1,0,-9,20,JPEICORE,rolling_std_ratio,2,0.8488967397352962,0.6150661037448928,1.0827273757256997
4,1,0,-8,20,JPEICORE,rolling_std_ratio,2,0.8499632277971663,0.6157256696255273,1.0842007859688052
4,1,0,-7,20,JPEICORE,rolling_std_ratio,2,0.8741264833391361,0.6286406467173365,1.1196123199609356
4,1,0,-6,20,JPEICORE,rolling_std_ratio,2,0.8802121198539015,0.6338443625196007,1.1265798771882023
4,1,0,-5,20,JPEICORE,rolling_std_ratio,2,0.8945987077081029,0.6518838496427559,1.1373135657734499
4,1,0,-4,20,JPEICORE,rolling_std_ratio,2,0.8659323868558592,0.6161261050484099,1.1157386686633084
4,1,0,-3,20,JPEICORE,rolling_std_ratio,2,0.8481099930004697,0.5965652799734027,1.0996547060275368
4,1,0,-2,20,JPEICORE,rolling_std_ratio,2,0.8483232443073006,0.5951236036951038,1.1015228849194973
4,1,0,-1,20,JPEICORE,rolling_std_ratio,2,0.8095516060773434,0.5695161514632574,1.0495870606914295
4,1,0,0,20,JPEICORE,rolling_std_ratio,2,0.7796938207729495,0.5529699302068966,1.0064177113390025
4,1,0,1,20,JPEICORE,rolling_std_ratio,2,0.7556257616191403,0.5333982430647399,0.9778532801735407
4,1,0,2,20,JPEICORE,rolling_std_ratio,2,0.7602470378123772,0.5404448228730718,0.9800492527516826
4,1,0,3,20,JPEICORE,rolling_std_ratio,2,0.7478784392149027,0.5189213131530837,0.9768355652767219
4,1,0,4,20,JPEICORE,rolling_std_ratio,2,0.8067788339756145,0.54864468271734,1.064912985233889
4,1,0,5,20,JPEICORE,rolling_std_ratio,2,0.8061622762080525,0.5486673562904758,1.0636571961256291
4,1,0,6,20,JPEICORE,rolling_std_ratio,2,0.8115905184895325,0.5573065124600124,1.0658745245190526
4,1,0,7,20,JPEICORE,rolling_std_ratio,2,0.8086606978896813,0.553318600851957,1.0640027949274056
4,1,0,8,20,JPEICORE,rolling_std_ratio,2,0.8147581606782947,0.5640805045088007,1.0654358168477887
4,1,0,9,20,JPEICORE,rolling_std_ratio,2,0.8099506552128748,0.5620731009582848,1.0578282094674647
4,1,0,10,20,JPEICORE,rolling_std_ratio,2,0.7854614199436045,0.540472227612258,1.0304506122749513
4,1,2,-10,20,JPEICORE,rolling_std_ratio,54,0.6694057204962509,0.5094232808350251,1.0506104887823196
4,1,2,-9,20,JPEICORE,rolling_std_ratio,54,0.6645058614637789,0.5499684565135272,1.058966288386159
4,1,2,-8,20,JPEICORE,rolling_std_ratio,54,0.7002607225063451,0.5246748329006075,1.0804833587667588
4,1,2,-7,20,JPEICORE,rolling_std_ratio,54,0.6933860025568084,0.5400696576035671,1.0745151582788377
4,1,2,-6,20,JPEICORE,rolling_std_ratio,54,0.6975605651719513,0.5529262488060733,1.0632078098920907
4,1,2,-5,20,JPEICORE,rolling_std_ratio,54,0.7076579910051642,0.5486811063529715,1.0791702738396156
4,1,2,-4,20,JPEICORE,rolling_std_ratio,54,0.6931328323274681,0.5576092910623522,1.1045755322647426
4,1,2,-3,20,JPEICORE,rolling_std_ratio,54,0.7068052619902885,0.5580130295040935,1.090150826102679
4,1,2,-2,20,JPEICORE,rolling_std_ratio,54,0.7064477947139122,0.5550526867041767,1.0459429828166205
4,1,2,-1,20,JPEICORE,rolling_std_ratio,54,0.7274121319925078,0.54385584555267,1.031132939781977
4,1,2,0,20,JPEICORE,rolling_std_ratio,54,0.7331781052936381,0.5455708685041456,1.0243403660499586
4,1,2,1,20,JPEICORE,rolling_std_ratio,54,0.7341731171239418,0.5439912338752584,1.0293616978070403
4,1,2,2,20,JPEICORE,rolling_std_ratio,54,0.7282287733339607,0.572365868421558,0.9795268542639803
4,1,2,3,20,JPEICORE,rolling_std_ratio,54,0.7079026523720156,0.6020514271466079,0.9819659928555793
4,1,2,4,20,JPEICORE,rolling_std_ratio,54,0.724872131504811,0.6140388520691513,0.9845651158014382
4,1,2,5,20,JPEICORE,rolling_std_ratio,54,0.7452064778100072,0.5435879136784081,0.9961013266619966
4,1,2,6,20,JPEICORE,rolling_std_ratio,54,0.7385738334207574,0.5631778166797384,1.0253554787281556
4,1,2,7,20,JPEICORE,rolling_std_ratio,54,0.7331056389328434,0.5688389309420052,1.038310539145122
4,1,2,8,20,JPEICORE,rolling_std_ratio,54,0.7400721011147773,0.5662681586710085,1.0453462178833108
4,1,2,9,20,JPEICORE,rolling_std_ratio,54,0.7342128391893068,0.5529140298857134,1.0682506073069935
4,1,2,10,20,JPEICORE,rolling_std_ratio,54,0.730227084910479,0.5460094799870158,1.0411011782569082
4,1,3,-10,20,JPEICORE,rolling_std_ratio,7,0.7625315216592902,0.5564169841230399,1.2123145130500477
4,1,3,-9,20,JPEICORE,rolling_std_ratio,7,0.7191621366763875,0.5712655368276489,1.2004508503743339
4,1,3,-8,20,JPEICORE,rolling_std_ratio,7,0.67865557131497,0.6122056507053035,1.2121190485644524
4,1,3,-7,20,JPEICORE,rolling_std_ratio,7,0.7620376317114731,0.6798451980417648,1.1925039519018155
4,1,3,-6,20,JPEICORE,rolling_std_ratio,7,0.9567968078512822,0.7447610899117019,1.3456109666964142
4,1,3,-5,20,JPEICORE,rolling_std_ratio,7,0.9439994426959355,0.7659585661525896,1.5016383751206996
4,1,3,-4,20,JPEICORE,rolling_std_ratio,7,0.957545070642605,0.7983939673965423,1.582209885972127
4,1,3,-3,20,JPEICORE,rolling_std_ratio,7,1.3988143304053853,0.8858778872774895,1.8403870508236437
4,1,3,-2,20,JPEICORE,rolling_std_ratio,7,1.4120630129430116,0.9717784272708357,1.8383718748533222
4,1,3,-1,20,JPEICORE,rolling_std_ratio,7,1.4121206453521633,0.997688450322376,1.897242777231976
4,1,3,0,20,JPEICORE,rolling_std_ratio,7,1.814787648605001,1.4207038690211746,2.3842408719497343
4,1,3,1,20,JPEICORE,rolling_std_ratio,7,1.8333856640811468,1.4153668313662138,2.39043933869116
4,1,3,2,20,JPEICORE,rolling_std_ratio,7,1.882462751862967,1.4793902881864942,2.522119150686578
4,1,3,3,20,JPEICORE,rolling_std_ratio,7,1.9248085613760608,1.5380106866911154,2.913193504008156
4,1,3,4,20,JPEICORE,rolling_std_ratio,7,2.8641475334493234,1.637576442366933,3.2608744029162287
4,1,3,5,20,JPEICORE,rolling_std_ratio,7,2.9929281100156286,1.6499831975713253,3.7060969981693086
4,1,3,6,20,JPEICORE,rolling_std_ratio,7,2.9718962461445404,1.632273486989477,3.6273360273065185
4,1,3,7,20,JPEICORE,rolling_std_ratio,7,3.4717689123246367,1.619028057333935,3.6749836042428647
4,1,3,8,20,JPEICORE,rolling_std_ratio,7,3.3521816946693765,1.6542778216001965,3.7253693298732475
4,1,3,9,20,JPEICORE,rolling_std_ratio,7,3.352149013094589,1.6654355448212121,3.789102659489574
4,1,3,10,20,JPEICORE,rolling_std_ratio,7,3.2709688400558266,1.677470865023949,3.7826791017022545
4,2,0,-10,20,JPEICORE,rolling_std_ratio,256,0.5033627350301457,0.3658546340444968,0.6626132546819555
4,2,0,-9,20,JPEICORE,rolling_std_ratio,256,0.5026041037331583,0.3728505562266384,0.6674407549506084
4,2,0,-8,20,JPEICORE,rolling_std_ratio,256,0.5059192838554798,0.35985930629695656,0.6656207858353105
4,2,0,-7,20,JPEICORE,rolling_std_ratio,256,0.511539340907494,0.3658480080426396,0.6689143704779342
4,2,0,-6,20,JPEICORE,rolling_std_ratio,256,0.50401851948064,0.3627080397747159,0.6568923945087353
4,2,0,-5,20,JPEICORE,rolling_std_ratio,256,0.5019884962574659,0.373342254609789,0.658781277879603
4,2,0,-4,20,JPEICORE,rolling_std_ratio,256,0.5140794967584228,0.3736945155658493,0.6612949211571423
4,2,0,-3,20,JPEICORE,rolling_std_ratio,256,0.511956523178918,0.38459049595845385,0.6638695711185194
4,2,0,-2,20,JPEICORE,rolling_std_ratio,256,0.5140014931576276,0.3889695822013366,0.6935168969506993
4,2,0,-1,20,JPEICORE,rolling_std_ratio,256,0.5187143699847119,0.3869115671207027,0.711238828269309
4,2,0,0,20,JPEICORE,rolling_std_ratio,256,0.5127403034486189,0.3850939062229692,0.670809462246379
4,2,0,1,20,JPEICORE,rolling_std_ratio,256,0.5096058365457139,0.39255431216370407,0.667431732819845
4,2,0,2,20,JPEICORE,rolling_std_ratio,256,0.5040350820713484,0.3892676739629294,0.6750517469499254
4,2,0,3,20,JPEICORE,rolling_std_ratio,256,0.5090118850277243,0.3920882160861966,0.6748441288058887
4,2,0,4,20,JPEICORE,rolling_std_ratio,256,0.5135547579474603,0.3829544487058996,0.6699935912312727
4,2,0,5,20,JPEICORE,rolling_std_ratio,256,0.5079703269949558,0.3775926449182647,0.671014950325268
4,2,0,6,20,JPEICORE,rolling_std_ratio,256,0.5048137419586456,0.36985083971890853,0.669871794571078
4,2,0,7,20,JPEICORE,rolling_std_ratio,256,0.5038569433202209,0.3780724978688046,0.6681235486698814
4,2,0,8,20,JPEICORE,rolling_std_ratio,256,0.5046155069296177,0.38213705126621267,0.6721857037852126
4,2,0,9,20,JPEICORE,rolling_std_ratio,256,0.49267367543483537,0.3797471309452098,0.6710930231519248
4,2,0,10,20,JPEICORE,rolling_std_ratio,256,0.5001016000596934,0.3744141446036054,0.6705960940059232
4,2,1,-10,20,JPEICORE,rolling_std_ratio,51,0.6444511146034463,0.46563559856308323,0.9702910920558283
4,2,1,-9,20,JPEICORE,rolling_std_ratio,51,0.6640304359622461,0.48375247632373986,0.9612411741723771
4,2,1,-8,20,JPEICORE,rolling_std_ratio,51,0.632821910720644,0.4977015161127861,0.9600745769074965
4,2,1,-7,20,JPEICORE,rolling_std_ratio,51,0.6308047367579042,0.5164670765473883,0.9799858663913692
4,2,1,-6,20,JPEICORE,rolling_std_ratio,51,0.6378862370775148,0.5057208892116896,0.9850928388843969
4,2,1,-5,20,JPEICORE,rolling_std_ratio,51,0.6912858544996938,0.5154286261847885,0.9633789749133939
4,2,1,-4,20,JPEICORE,rolling_std_ratio,51,0.6436129171352668,0.5249645528283189,1.015306714432824
4,2,1,-3,20,JPEICORE,rolling_std_ratio,51,0.6974999765439229,0.5346736573492823,1.0056431778508843
4,2,1,-2,20,JPEICORE,rolling_std_ratio,51,0.7046945008073959,0.5335255116884579,0.9887285420702778
4,2,1,-1,20,JPEICORE,rolling_std_ratio,51,0.6956282325489715,0.5421504017517493,1.0225393977122064
4,2,1,0,20,JPEICORE,rolling_std_ratio,51,0.7219052783634096,0.5450549406704301,1.0371703327352213
4,2,1,1,20,JPEICORE,rolling_std_ratio,51,0.7768725801814267,0.5504217441253136,1.030683730534966
4,2,1,2,20,JPEICORE,rolling_std_ratio,51,0.7928754752756941,0.566219123606086,1.0023345267781065
4,2,1,3,20,JPEICORE,rolling_std_ratio,51,0.7891497828861387,0.5969752175202139,1.0141374743713953
4,2,1,4,20,JPEICORE,rolling_std_ratio,51,0.760968220167169,0.5991880364511162,1.089705788936023
4,2,1,5,20,JPEICORE,rolling_std_ratio,51,0.7304310902403448,0.5761299420280448,1.079975329631632
4,2,1,6,20,JPEICORE,rolling_std_ratio,51,0.7302861575187553,0.6043389887858475,1.0741650299884447
4,2,1,7,20,JPEICORE,rolling_std_ratio,51,0.730938074651907,0.5879723089699838,1.061764293375508
4,2,1,8,20,JPEICORE,rolling_std_ratio,51,0.7302861575187553,0.5584334628832448,1.0705050431906906
4,2,1,9,20,JPEICORE,rolling_std_ratio,51,0.7258071550482648,0.5843151451670783,1.0650249312948188
4,2,1,10,20,JPEICORE,rolling_std_ratio,51,0.7294447354528453,0.5869525426781639,1.0703263957022955
4,2,3,-10,20,JPEICORE,rolling_std_ratio,8,0.7059975790308711,0.5175323761713186,1.0181442948519828
4,2,3,-9,20,JPEICORE,rolling_std_ratio,8,0.6918409837307515,0.5273553220657515,0.9716721192811711
4,2,3,-8,20,JPEICORE,rolling_std_ratio,8,0.7038304869962697,0.5326841220734586,0.9920715589887941
4,2,3,-7,20,JPEICORE,rolling_std_ratio,8,0.7145157728817162,0.5871053428981806,1.0104818992356968
4,2,3,-6,20,JPEICORE,rolling_std_ratio,8,0.6795667775432763,0.5659804583839517,0.8621457913376857
4,2,3,-5,20,JPEICORE,rolling_std_ratio,8,0.6711486048607456,0.5364449318822605,0.8451783187508265
4,2,3,-4,20,JPEICORE,rolling_std_ratio,8,0.6794292211162427,0.5638325002966883,0.8887355729530271
4,2,3,-3,20,JPEICORE,rolling_std_ratio,8,0.6766494067698375,0.5522785251087865,0.923706299779403
4,2,3,-2,20,JPEICORE,rolling_std_ratio,8,0.6935464881451011,0.5815757781895521,0.9058723460102225
4,2,3,-1,20,JPEICORE,rolling_std_ratio,8,0.7722777797911067,0.6350626045136469,0.9131418383493428
4,2,3,0,20,JPEICORE,rolling_std_ratio,8,1.1569303959488946,0.7893820560665048,1.2792799434392217
4,2,3,1,20,JPEICORE,rolling_std_ratio,8,1.3225756035436507,0.9772368616726814,1.638071928855357
4,2,3,2,20,JPEICORE,rolling_std_ratio,8,1.3868048447958028,1.0782262595481433,1.7195228462752632
4,2,3,3,20,JPEICORE,rolling_std_ratio,8,1.4033250675624616,1.111099623162696,1.6954545543605337
4,2,3,4,20,JPEICORE,rolling_std_ratio,8,1.4281207515787708,1.245256425241962,1.678911826765288
4,2,3,5,20,JPEICORE,rolling_std_ratio,8,1.4642588986029836,1.216588606893292,1.684669760504308
4,2,3,6,20,JPEICORE,rolling_std_ratio,8,1.5031255626155637,1.1851999490272371,1.686258602518908
4,2,3,7,20,JPEICORE,rolling_std_ratio,8,1.3891844793721562,1.187739012501109,1.6812995349986473
4,2,3,8,20,JPEICORE,rolling_std_ratio,8,1.383884989289709,1.1486158176494277,1.6927698199068335
4,2,3,9,20,JPEICORE,rolling_std_ratio,8,1.3807716461015784,1.1230722265520385,1.7172892878211845
4,2,3,10,20,JPEICORE,rolling_std_ratio,8,1.4325267670072677,1.1307262222557246,1.699858671399221
4,3,1,-10,20,JPEICORE,rolling_std_ratio,11,1.0494728503847566,0.4573538483111838,2.4800253586962673
4,3,1,-9,20,JPEICORE,rolling_std_ratio,11,1.017037835240709,0.49374465105611687,2.725245616229861
4,3,1,-8,20,JPEICORE,rolling_std_ratio,11,0.9567968078512822,0.5493591437589047,2.799851900879686
4,3,1,-7,20,JPEICORE,rolling_std_ratio,11,0.9439994426959355,0.5603887643586034,2.8901608167757074
4,3,1,-6,20,JPEICORE,rolling_std_ratio,11,0.957545070642605,0.6090856853735545,3.076916910631703
4,3,1,-5,20,JPEICORE,rolling_std_ratio,11,0.9858715044202877,0.6660937755494354,3.0781886021848615
4,3,1,-4,20,JPEICORE,rolling_std_ratio,11,1.1214914734458932,0.6992103854404177,3.10882326427637
4,3,1,-3,20,JPEICORE,rolling_std_ratio,11,1.1421823065076087,0.7822493763097347,3.099919655251348
4,3,1,-2,20,JPEICORE,rolling_std_ratio,11,1.1420876716288906,0.7982041098084787,2.6268581922686387
4,3,1,-1,20,JPEICORE,rolling_std_ratio,11,1.7120884400804277,0.9985249888333827,2.698223147768616
4,3,1,0,20,JPEICORE,rolling_std_ratio,11,1.701979200814718,1.0351111860599511,2.634456419301187
4,3,1,1,20,JPEICORE,rolling_std_ratio,11,1.7020773055015004,1.0791637304745443,2.7017296022260577
4,3,1,2,20,JPEICORE,rolling_std_ratio,11,1.6716783659408485,1.1873853800939607,3.062729800963799
4,3,1,3,20,JPEICORE,rolling_std_ratio,11,1.6518782337625015,1.2007647933643648,3.0142571846326787
4,3,1,4,20,JPEICORE,rolling_std_ratio,11,1.6651678929702687,1.1841779729452726,2.9569044104020827
4,3,1,5,20,JPEICORE,rolling_std_ratio,11,1.643415587156877,1.1706744763312935,2.887733104379433
4,3,1,6,20,JPEICORE,rolling_std_ratio,11,1.403603712000164,1.1578575091001353,3.1445317599446962
4,3,1,7,20,JPEICORE,rolling_std_ratio,11,1.3997999100164962,1.1422597703104793,2.898559113115022
4,3,1,8,20,JPEICORE,rolling_std_ratio,11,1.4082632190040496,1.1593978524679174,3.034818094061235
4,3,1,9,20,JPEICORE,rolling_std_ratio,11,1.4785462886420393,1.1808668745685669,2.622032640696948
4,3,1,10,20,JPEICORE,rolling_std_ratio,11,1.4142584412464791,1.1867256840761784,2.449136198799505
4,3,2,-10,20,JPEICORE,rolling_std_ratio,5,0.7680629062003591,0.6553560023519117,0.8773221120376773
4,3,2,-9,20,JPEICORE,rolling_std_ratio,5,0.6867306173023577,0.672402937784195,0.9160536776084268
4,3,2,-8,20,JPEICORE,rolling_std_ratio,5,0.7356692828289678,0.6523747905497125,0.7504641276191816
4,3,2,-7,20,JPEICORE,rolling_std_ratio,5,0.6899224191717788,0.632821910720644,0.7260365315118413
4,3,2,-6,20,JPEICORE,rolling_std_ratio,5,0.7430165408042139,0.5974971632807312,0.7833003548828531
4,3,2,-5,20,JPEICORE,rolling_std_ratio,5,0.7426418616867559,0.6188164057466723,0.8277895439522431
4,3,2,-4,20,JPEICORE,rolling_std_ratio,5,0.7825179278707403,0.7620376317114731,0.8292855451445791
4,3,2,-3,20,JPEICORE,rolling_std_ratio,5,1.1227548044660032,0.9653331836972054,1.1361894931364571
4,3,2,-2,20,JPEICORE,rolling_std_ratio,5,1.3299597427895837,1.2597259711877218,1.5059885733846663
4,3,2,-1,20,JPEICORE,rolling_std_ratio,5,1.6516814099995736,1.4449982367156924,1.7126070997899856
4,3,2,0,20,JPEICORE,rolling_std_ratio,5,1.6556842571250638,1.4782354030084819,1.7667831196195898
4,3,2,1,20,JPEICORE,rolling_std_ratio,5,1.6491866361539338,1.4834271178243301,1.7600126057736472
4,3,2,2,20,JPEICORE,rolling_std_ratio,5,1.6359881504908782,1.558087991134238,1.7431753631064255
4,3,2,3,20,JPEICORE,rolling_std_ratio,5,1.6364518080042731,1.6300257474562698,1.814787648605001
4,3,2,4,20,JPEICORE,rolling_std_ratio,5,1.6381476845016123,1.630604158637814,1.8333856640811468
4,3,2,5,20,JPEICORE,rolling_std_ratio,5,1.6461044073707582,1.6353815249261006,1.8327660575150595
4,3,2,6,20,JPEICORE,rolling_std_ratio,5,1.6481599226907142,1.6367769065555247,1.9246773832125952
4,3,2,7,20,JPEICORE,rolling_std_ratio,5,1.645498452014093,1.630689696757162,1.907365595325398
4,3,2,8,20,JPEICORE,rolling_std_ratio,5,1.647024227376662,1.6273656088273565,1.9198104590698528
4,3,2,9,20,JPEICORE,rolling_std_ratio,5,1.655178733415097,1.6459088471721837,1.9198209861746036
4,3,2,10,20,JPEICORE,rolling_std_ratio,5,1.6953030709597652,1.6520618089836527,1.925919868374487
4,0,1,-10,20,LT11TRUU,rolling_std_ratio,1,1.4230533970682304,1.4230533970682304,1.4230533970682304
4,0,1,-9,20,LT11TRUU,rolling_std_ratio,1,1.392413629223596,1.392413629223596,1.392413629223596
4,0,1,-8,20,LT11TRUU,rolling_std_ratio,1,1.3850174087724552,1.3850174087724552,1.3850174087724552
4,0,1,-7,20,LT11TRUU,rolling_std_ratio,1,1.3072555279521834,1.3072555279521834,1.3072555279521834
4,0,1,-6,20,LT11TRUU,rolling_std_ratio,1,1.330608148795171,1.330608148795171,1.330608148795171
4,0,1,-5,20,LT11TRUU,rolling_std_ratio,1,1.1195720504209299,1.1195720504209299,1.1195720504209299
4,0,1,-4,20,LT11TRUU,rolling_std_ratio,1,1.2132551054688767,1.2132551054688767,1.2132551054688767
4,0,1,-3,20,LT11TRUU,rolling_std_ratio,1,1.2374608799337452,1.2374608799337452,1.2374608799337452
4,0,1,-2,20,LT11TRUU,rolling_std_ratio,1,1.1897989106602254,1.1897989106602254,1.1897989106602254
4,0,1,-1,20,LT11TRUU,rolling_std_ratio,1,1.1619770262990334,1.1619770262990334,1.1619770262990334
4,0,1,0,20,LT11TRUU,rolling_std_ratio,1,1.3598283439963361,1.3598283439963361,1.3598283439963361
4,0,1,1,20,LT11TRUU,rolling_std_ratio,1,1.3879459350274064,1.3879459350274064,1.3879459350274064
4,0,1,2,20,LT11TRUU,rolling_std_ratio,1,1.410505991559063,1.410505991559063,1.410505991559063
4,0,1,3,20,LT11TRUU,rolling_std_ratio,1,1.4105010511289906,1.4105010511289906,1.4105010511289906
4,0,1,4,20,LT11TRUU,rolling_std_ratio,1,1.3729684359201528,1.3729684359201528,1.3729684359201528
4,0,1,5,20,LT11TRUU,rolling_std_ratio,1,1.4356761375729996,1.4356761375729996,1.4356761375729996
4,0,1,6,20,LT11TRUU,rolling_std_ratio,1,1.3675794751683232,1.3675794751683232,1.3675794751683232
4,0,1,7,20,LT11TRUU,rolling_std_ratio,1,1.4311390960026187,1.4311390960026187,1.4311390960026187
4,0,1,8,20,LT11TRUU,rolling_std_ratio,1,1.4073084478374647,1.4073084478374647,1.4073084478374647
4,0,1,9,20,LT11TRUU,rolling_std_ratio,1,1.3723235174724906,1.3723235174724906,1.3723235174724906
4,0,1,10,20,LT11TRUU,rolling_std_ratio,1,1.341401396326135,1.341401396326135,1.341401396326135
4,0,2,-10,20,LT11TRUU,rolling_std_ratio,255,1.0585979281844442,0.8313182998446454,1.25613687000193
4,0,2,-9,20,LT11TRUU,rolling_std_ratio,255,1.0459797585563748,0.8408987428802441,1.2579227496140808
4,0,2,-8,20,LT11TRUU,rolling_std_ratio,255,1.0478943195537804,0.8315690006418974,1.2382587242583396
4,0,2,-7,20,LT11TRUU,rolling_std_ratio,255,1.0536258915783208,0.8277858257422843,1.2440395788286271
4,0,2,-6,20,LT11TRUU,rolling_std_ratio,255,1.0465425404972954,0.8338060738206557,1.2417388309459017
4,0,2,-5,20,LT11TRUU,rolling_std_ratio,255,1.0399365254041215,0.8323457893690576,1.2443901968424271
4,0,2,-4,20,LT11TRUU,rolling_std_ratio,255,1.036234036824225,0.8280981604418227,1.2466846720395353
4,0,2,-3,20,LT11TRUU,rolling_std_ratio,255,1.0303774635596474,0.8273937512029041,1.2436459230118042
4,0,2,-2,20,LT11TRUU,rolling_std_ratio,255,1.0349563013855858,0.8099513290443616,1.2268303975129378
4,0,2,-1,20,LT11TRUU,rolling_std_ratio,255,1.0219823693815857,0.8063959912388324,1.2004664320590028
4,0,2,0,20,LT11TRUU,rolling_std_ratio,255,1.0502523399535078,0.8809278430229422,1.2500465251253547
4,0,2,1,20,LT11TRUU,rolling_std_ratio,255,1.0535846028447944,0.894096443074563,1.2566043595115195
4,0,2,2,20,LT11TRUU,rolling_std_ratio,255,1.0668628007149723,0.8977488960695774,1.2740396813539085
4,0,2,3,20,LT11TRUU,rolling_std_ratio,255,1.0779034512617254,0.8744188651810941,1.2619330881353539
4,0,2,4,20,LT11TRUU,rolling_std_ratio,255,1.0708988396850905,0.879571827811359,1.2724523539499164
4,0,2,5,20,LT11TRUU,rolling_std_ratio,256,1.0705818072853357,0.8759190592428019,1.2496042711779225
4,0,2,6,20,LT11TRUU,rolling_std_ratio,256,1.0602580004071323,0.8675823831338766,1.2542283854566283
4,0,2,7,20,LT11TRUU,rolling_std_ratio,256,1.0636256938984396,0.8715612023108708,1.2524132594664152
4,0,2,8,20,LT11TRUU,rolling_std_ratio,256,1.0702696661214288,0.8719051854926781,1.2566739918781271
4,0,2,9,20,LT11TRUU,rolling_std_ratio,256,1.0731112136755985,0.8772546400722071,1.2556310417490195
4,0,2,10,20,LT11TRUU,rolling_std_ratio,256,1.087185364325967,0.8767267845029129,1.254328967052289
4,0,3,-10,20,LT11TRUU,rolling_std_ratio,1,0.7528011529339774,0.7528011529339774,0.7528011529339774
4,0,3,-9,20,LT11TRUU,rolling_std_ratio,1,0.7983222450705872,0.7983222450705872,0.7983222450705872
4,0,3,-8,20,LT11TRUU,rolling_std_ratio,1,0.7788456364905164,0.7788456364905164,0.7788456364905164
4,0,3,-7,20,LT11TRUU,rolling_std_ratio,1,0.7761671662759212,0.7761671662759212,0.7761671662759212
4,0,3,-6,20,LT11TRUU,rolling_std_ratio,1,0.7913944791207954,0.7913944791207954,0.7913944791207954
4,0,3,-5,20,LT11TRUU,rolling_std_ratio,1,0.7249386737743553,0.7249386737743553,0.7249386737743553
4,0,3,-4,20,LT11TRUU,rolling_std_ratio,1,0.7289752675381713,0.7289752675381713,0.7289752675381713
4,0,3,-3,20,LT11TRUU,rolling_std_ratio,1,0.7487362868340222,0.7487362868340222,0.7487362868340222
4,0,3,-2,20,LT11TRUU,rolling_std_ratio,1,0.7618348783454426,0.7618348783454426,0.7618348783454426
4,0,3,-1,20,LT11TRUU,rolling_std_ratio,1,0.7636344758608445,0.7636344758608445,0.7636344758608445
4,0,3,0,20,LT11TRUU,rolling_std_ratio,1,1.4733454936744699,1.4733454936744699,1.4733454936744699
4,0,3,1,20,LT11TRUU,rolling_std_ratio,1,1.4513617567194534,1.4513617567194534,1.4513617567194534
4,0,3,2,20,LT11TRUU,rolling_std_ratio,1,1.4401537967551112,1.4401537967551112,1.4401537967551112
4,0,3,3,20,LT11TRUU,rolling_std_ratio,1,1.4138105167478854,1.4138105167478854,1.4138105167478854
4,0,3,4,20,LT11TRUU,rolling_std_ratio,1,1.447078364789464,1.447078364789464,1.447078364789464
4,0,3,5,20,LT11TRUU,rolling_std_ratio,1,1.4573686784117406,1.4573686784117406,1.4573686784117406
4,0,3,6,20,LT11TRUU,rolling_std_ratio,1,1.4401583472446282,1.4401583472446282,1.4401583472446282
4,0,3,7,20,LT11TRUU,rolling_std_ratio,1,1.4384524309745645,1.4384524309745645,1.4384524309745645
4,0,3,8,20,LT11TRUU,rolling_std_ratio,1,1.4450879172745006,1.4450879172745006,1.4450879172745006
4,0,3,9,20,LT11TRUU,rolling_std_ratio,1,1.429371462916427,1.429371462916427,1.429371462916427
4,0,3,10,20,LT11TRUU,rolling_std_ratio,1,1.4386690570876723,1.4386690570876723,1.4386690570876723
4,1,0,-10,20,LT11TRUU,rolling_std_ratio,2,1.3798387949559,1.3435471614540417,1.416130428457758
4,1,0,-9,20,LT11TRUU,rolling_std_ratio,2,1.490686091645128,1.4106471202201496,1.5707250630701068
4,1,0,-8,20,LT11TRUU,rolling_std_ratio,2,1.3976020258627666,1.2585870381418482,1.5366170135836852
4,1,0,-7,20,LT11TRUU,rolling_std_ratio,2,1.4850126607938154,1.349133883131346,1.6208914384562847
4,1,0,-6,20,LT11TRUU,rolling_std_ratio,2,1.442802421478134,1.3401316507059395,1.5454731922503284
4,1,0,-5,20,LT11TRUU,rolling_std_ratio,2,1.4224175135427264,1.306108212101476,1.538726814983977
4,1,0,-4,20,LT11TRUU,rolling_std_ratio,2,1.4104945514959983,1.2862357888975158,1.534753314094481
4,1,0,-3,20,LT11TRUU,rolling_std_ratio,2,1.592244701581312,1.476036522788824,1.7084528803738
4,1,0,-2,20,LT11TRUU,rolling_std_ratio,2,1.5650187622553042,1.4764823486413552,1.6535551758692533
4,1,0,-1,20,LT11TRUU,rolling_std_ratio,2,1.5898251440385076,1.5001655677987853,1.6794847202782301
4,1,0,0,20,LT11TRUU,rolling_std_ratio,2,1.5930030588678774,1.501752054998434,1.6842540627373208
4,1,0,1,20,LT11TRUU,rolling_std_ratio,2,1.5792992569924427,1.4761338464562979,1.6824646675285877
4,1,0,2,20,LT11TRUU,rolling_std_ratio,2,1.6152337026120018,1.5254549200925007,1.7050124851315032
4,1,0,3,20,LT11TRUU,rolling_std_ratio,2,1.5913680084713764,1.4794737418198498,1.703262275122903
4,1,0,4,20,LT11TRUU,rolling_std_ratio,2,1.6282704261694816,1.5297047610860501,1.726836091252913
4,1,0,5,20,LT11TRUU,rolling_std_ratio,2,1.6360926766853998,1.5217005622614324,1.7504847911093675
4,1,0,6,20,LT11TRUU,rolling_std_ratio,2,1.6117235586596723,1.4920235380660813,1.731423579253263
4,1,0,7,20,LT11TRUU,rolling_std_ratio,2,1.5941508367901778,1.4677761165581564,1.7205255570221991
4,1,0,8,20,LT11TRUU,rolling_std_ratio,2,1.594906879000336,1.4621990292992861,1.727614728701386
4,1,0,9,20,LT11TRUU,rolling_std_ratio,2,1.6366399774198492,1.4911665502806446,1.782113404559054
4,1,0,10,20,LT11TRUU,rolling_std_ratio,2,1.636280187455591,1.4928399553748597,1.7797204195363223
4,1,2,-10,20,LT11TRUU,rolling_std_ratio,54,1.5508016312944595,1.1969001936719341,1.835732946053994
4,1,2,-9,20,LT11TRUU,rolling_std_ratio,54,1.5310956116798513,1.2336719682911363,1.8478473756034304
4,1,2,-8,20,LT11TRUU,rolling_std_ratio,54,1.5673012072500443,1.2477887427806102,1.8458981104209928
4,1,2,-7,20,LT11TRUU,rolling_std_ratio,54,1.6084015629193464,1.283615793224136,1.8380502456617536
4,1,2,-6,20,LT11TRUU,rolling_std_ratio,54,1.6227605996158643,1.311773540666775,1.8659677509689048
4,1,2,-5,20,LT11TRUU,rolling_std_ratio,54,1.5972470745736098,1.3143146454471621,1.8503408921358095
4,1,2,-4,20,LT11TRUU,rolling_std_ratio,54,1.6239685173047627,1.351120911660923,1.8466135557895291
4,1,2,-3,20,LT11TRUU,rolling_std_ratio,54,1.5902829886164944,1.3964385502434276,1.8486737686776196
4,1,2,-2,20,LT11TRUU,rolling_std_ratio,54,1.6595046315163984,1.4189293027579803,1.8751292764350223
4,1,2,-1,20,LT11TRUU,rolling_std_ratio,54,1.632006752422049,1.4209407402606455,1.8673746781697589
4,1,2,0,20,LT11TRUU,rolling_std_ratio,54,1.6283952292602049,1.4388380615135854,1.8539475337584916
4,1,2,1,20,LT11TRUU,rolling_std_ratio,54,1.633386317606867,1.4238350066668584,1.8576070309493047
4,1,2,2,20,LT11TRUU,rolling_std_ratio,54,1.6612627023074924,1.4275887918638186,1.8412465628882
4,1,2,3,20,LT11TRUU,rolling_std_ratio,54,1.6119782331896118,1.4457276906676442,1.8110476622511285
4,1,2,4,20,LT11TRUU,rolling_std_ratio,54,1.63419996813818,1.43992926638339,1.8240866821539263
4,1,2,5,20,LT11TRUU,rolling_std_ratio,54,1.6012835734896091,1.4302189461840566,1.7912951425516366
4,1,2,6,20,LT11TRUU,rolling_std_ratio,54,1.60086337910945,1.4096033244222979,1.8143517069776791
4,1,2,7,20,LT11TRUU,rolling_std_ratio,54,1.6065055674425537,1.4237150350257477,1.8028154920165358
4,1,2,8,20,LT11TRUU,rolling_std_ratio,54,1.62298709479114,1.418998499398399,1.7811092967384896
4,1,2,9,20,LT11TRUU,rolling_std_ratio,54,1.6080180251573029,1.4482984780124881,1.825685908544008
4,1,2,10,20,LT11TRUU,rolling_std_ratio,54,1.6143961300647538,1.4433909150028938,1.8101500803231125
4,1,3,-10,20,LT11TRUU,rolling_std_ratio,7,1.358718574516853,1.1707664459650924,1.710011597337201
4,1,3,-9,20,LT11TRUU,rolling_std_ratio,7,1.339940493145546,1.1877155459887176,1.643740221304004
4,1,3,-8,20,LT11TRUU,rolling_std_ratio,7,1.3404347621656751,1.1833651445083158,1.6451155616522408
4,1,3,-7,20,LT11TRUU,rolling_std_ratio,7,1.3211019278163125,1.1972979561489319,1.6361699260607914
4,1,3,-6,20,LT11TRUU,rolling_std_ratio,7,1.3119969782021454,1.1953614093686311,1.6513180144020767
4,1,3,-5,20,LT11TRUU,rolling_std_ratio,7,1.4195163725685465,1.1245468100161589,1.6610790021989086
4,1,3,-4,20,LT11TRUU,rolling_std_ratio,7,1.5751044280126425,1.4239905587064938,1.937295175165599
4,1,3,-3,20,LT11TRUU,rolling_std_ratio,7,1.51310536223722,1.4294259369890558,2.0625670358419397
4,1,3,-2,20,LT11TRUU,rolling_std_ratio,7,1.733119563019958,1.5011765553635192,2.1375035380808916
4,1,3,-1,20,LT11TRUU,rolling_std_ratio,7,1.9030386472843892,1.7197549397849405,2.1614075930717744
4,1,3,0,20,LT11TRUU,rolling_std_ratio,7,2.1447248991660777,1.9198392678757976,2.2432456303635067
4,1,3,1,20,LT11TRUU,rolling_std_ratio,7,2.1828918138907527,1.8946375815479928,2.5535635032570894
4,1,3,2,20,LT11TRUU,rolling_std_ratio,7,2.155917904537289,1.889370013172615,2.5799831148280576
4,1,3,3,20,LT11TRUU,rolling_std_ratio,7,2.182836470214078,1.9259969071858138,2.6029335101648945
4,1,3,4,20,LT11TRUU,rolling_std_ratio,7,1.9576696914224012,1.8883223747687023,2.6460832527523555
4,1,3,5,20,LT11TRUU,rolling_std_ratio,7,2.0943811870703835,1.9104654531812826,2.758812103673731
4,1,3,6,20,LT11TRUU,rolling_std_ratio,7,2.082201998825021,1.911107552090145,2.9834351209043435
4,1,3,7,20,LT11TRUU,rolling_std_ratio,7,1.9782425763794387,1.8758664200643007,3.205701338036734
4,1,3,8,20,LT11TRUU,rolling_std_ratio,7,1.9084746564556934,1.8492949904397,3.2537181839351517
4,1,3,9,20,LT11TRUU,rolling_std_ratio,7,1.8596206387238168,1.8216545126513772,3.226064551825225
4,1,3,10,20,LT11TRUU,rolling_std_ratio,7,1.975093239515435,1.8635038580341408,3.331277188269424
4,2,0,-10,20,LT11TRUU,rolling_std_ratio,256,1.061413800727054,0.8391463077951152,1.2883457866781602
4,2,0,-9,20,LT11TRUU,rolling_std_ratio,256,1.0635655584131802,0.8252532327645016,1.293254107246451
4,2,0,-8,20,LT11TRUU,rolling_std_ratio,256,1.0664308793642714,0.8279842207961259,1.31141255406
4,2,0,-7,20,LT11TRUU,rolling_std_ratio,256,1.084466470590637,0.8484079284334923,1.326308904782838
4,2,0,-6,20,LT11TRUU,rolling_std_ratio,256,1.0845896062517535,0.8468443581943045,1.310134848773187
4,2,0,-5,20,LT11TRUU,rolling_std_ratio,256,1.077569054565954,0.8623037826653589,1.2753851815935071
4,2,0,-4,20,LT11TRUU,rolling_std_ratio,256,1.083596930889082,0.8822232035763985,1.306439200736138
4,2,0,-3,20,LT11TRUU,rolling_std_ratio,256,1.0920930812911065,0.898451392492992,1.3194514302209719
4,2,0,-2,20,LT11TRUU,rolling_std_ratio,256,1.1020892972930056,0.9161452818839073,1.3384890322824414
4,2,0,-1,20,LT11TRUU,rolling_std_ratio,256,1.0925929578347355,0.9131848968839038,1.3220733909470372
4,2,0,0,20,LT11TRUU,rolling_std_ratio,256,1.0674321590996882,0.9098680491581302,1.299408950639422
4,2,0,1,20,LT11TRUU,rolling_std_ratio,256,1.0679045164913947,0.901826987033713,1.2849120834009649
4,2,0,2,20,LT11TRUU,rolling_std_ratio,256,1.083777275703973,0.8945163879556924,1.2826645065649445
4,2,0,3,20,LT11TRUU,rolling_std_ratio,256,1.0919835678650127,0.904140348480308,1.2885475999258487
4,2,0,4,20,LT11TRUU,rolling_std_ratio,256,1.0832213304812308,0.8980715505105872,1.2710987715218023
4,2,0,5,20,LT11TRUU,rolling_std_ratio,256,1.0791937545985308,0.8941314314277777,1.2771851736961324
4,2,0,6,20,LT11TRUU,rolling_std_ratio,256,1.0889935835850273,0.8880768892973006,1.263311261509697
4,2,0,7,20,LT11TRUU,rolling_std_ratio,256,1.059644894273275,0.8934121275491178,1.2613047429217672
4,2,0,8,20,LT11TRUU,rolling_std_ratio,256,1.0653390163824399,0.8844652809276594,1.2523187554081554
4,2,0,9,20,LT11TRUU,rolling_std_ratio,256,1.0672104297168394,0.8735861401754161,1.251090894146166
4,2,0,10,20,LT11TRUU,rolling_std_ratio,256,1.0630167863921125,0.879477940376376,1.2433101626593341
4,2,1,-10,20,LT11TRUU,rolling_std_ratio,51,1.3807544580176603,1.1737322304396918,1.798159200020249
4,2,1,-9,20,LT11TRUU,rolling_std_ratio,51,1.4018385783298604,1.167533632263523,1.7974769644695043
4,2,1,-8,20,LT11TRUU,rolling_std_ratio,51,1.4386049303270114,1.167730181093773,1.8097261634086461
4,2,1,-7,20,LT11TRUU,rolling_std_ratio,51,1.4566700266261756,1.1505364501959385,1.7810527559635423
4,2,1,-6,20,LT11TRUU,rolling_std_ratio,51,1.5091221217131554,1.2582540115635317,1.8034835448855961
4,2,1,-5,20,LT11TRUU,rolling_std_ratio,51,1.5048421733981676,1.2263657117388398,1.7823976106287986
4,2,1,-4,20,LT11TRUU,rolling_std_ratio,51,1.5151852294981352,1.2623853303131114,1.7653414586517215
4,2,1,-3,20,LT11TRUU,rolling_std_ratio,51,1.5465035788989123,1.2186123445278145,1.7996209669966832
4,2,1,-2,20,LT11TRUU,rolling_std_ratio,51,1.5096639099165883,1.2946959715438944,1.7716757967137688
4,2,1,-1,20,LT11TRUU,rolling_std_ratio,51,1.5048421733981676,1.328560071493858,1.7468190962386978
4,2,1,0,20,LT11TRUU,rolling_std_ratio,51,1.6454665746700952,1.4411528449552373,1.8488877765052996
4,2,1,1,20,LT11TRUU,rolling_std_ratio,51,1.5971695188702055,1.457336889673222,1.8309133797383916
4,2,1,2,20,LT11TRUU,rolling_std_ratio,51,1.6527633550525958,1.4638155429115183,1.8308543114762885
4,2,1,3,20,LT11TRUU,rolling_std_ratio,51,1.6743927106385557,1.4377897370832544,1.8603004264914365
4,2,1,4,20,LT11TRUU,rolling_std_ratio,51,1.6754981237816144,1.430502041257769,1.8628364127957462
4,2,1,5,20,LT11TRUU,rolling_std_ratio,51,1.6836878295795787,1.435017113033664,1.88662536877965
4,2,1,6,20,LT11TRUU,rolling_std_ratio,51,1.6845330183507845,1.4322095247281283,1.885305012368026
4,2,1,7,20,LT11TRUU,rolling_std_ratio,51,1.6849862934117898,1.430234314336503,1.8391262470162164
4,2,1,8,20,LT11TRUU,rolling_std_ratio,51,1.6754981237816144,1.4931712954737928,1.8765448390080954
4,2,1,9,20,LT11TRUU,rolling_std_ratio,51,1.6874528581227763,1.4821451639084338,1.87217963033042
4,2,1,10,20,LT11TRUU,rolling_std_ratio,51,1.6971283285839585,1.5021826091454051,1.8934516025926669
4,2,3,-10,20,LT11TRUU,rolling_std_ratio,8,0.9020331993319252,0.6478684138981415,1.2969779296174209
4,2,3,-9,20,LT11TRUU,rolling_std_ratio,8,0.8953497793279421,0.6565852018657446,1.3501142226780067
4,2,3,-8,20,LT11TRUU,rolling_std_ratio,8,0.8821252663393063,0.6590382186965396,1.3941407442293663
4,2,3,-7,20,LT11TRUU,rolling_std_ratio,8,0.912958774195332,0.6287127977246569,1.3702348142212897
4,2,3,-6,20,LT11TRUU,rolling_std_ratio,8,0.8878434865737623,0.6137106252587541,1.3518213850433838
4,2,3,-5,20,LT11TRUU,rolling_std_ratio,8,0.9294518988814349,0.6495948441208999,1.342029803493852
4,2,3,-4,20,LT11TRUU,rolling_std_ratio,8,0.9419333149142352,0.6526551584503246,1.3599872313964898
4,2,3,-3,20,LT11TRUU,rolling_std_ratio,8,0.8645746022067264,0.6388079379944749,1.3540854786640972
4,2,3,-2,20,LT11TRUU,rolling_std_ratio,8,0.9033396239807777,0.6480686237478729,1.3561046984566167
4,2,3,-1,20,LT11TRUU,rolling_std_ratio,8,0.9066732689409288,0.7215241601092419,1.395445466372688
4,2,3,0,20,LT11TRUU,rolling_std_ratio,8,1.1784197745831997,0.7774584005996734,1.5246336871164896
4,2,3,1,20,LT11TRUU,rolling_std_ratio,8,1.1087579354317327,0.8095932417311924,1.546602149217247
4,2,3,2,20,LT11TRUU,rolling_std_ratio,8,1.1986736473005757,0.9230805357909682,1.5549907713435804
4,2,3,3,20,LT11TRUU,rolling_std_ratio,8,1.2289365172234343,0.9177028647276111,1.5563369082512488
4,2,3,4,20,LT11TRUU,rolling_std_ratio,8,1.4662342623969185,0.9275606035037519,1.7014340480174195
4,2,3,5,20,LT11TRUU,rolling_std_ratio,8,1.4531076008395547,0.9611589212338862,1.7080945025573286
4,2,3,6,20,LT11TRUU,rolling_std_ratio,8,1.4461475024868224,0.9603030948145543,1.7939171408948404
4,2,3,7,20,LT11TRUU,rolling_std_ratio,8,1.5097070146910143,0.9606228867772617,1.7824386958462013
4,2,3,8,20,LT11TRUU,rolling_std_ratio,8,1.5780186107923346,0.9979981310704996,1.7699774674557212
4,2,3,9,20,LT11TRUU,rolling_std_ratio,8,1.6076926848499737,1.0035441056230299,1.7550212410609909
4,2,3,10,20,LT11TRUU,rolling_std_ratio,8,1.6590767843292578,1.0168412109345215,1.8220210686719878
4,3,1,-10,20,LT11TRUU,rolling_std_ratio,11,1.3404347621656751,0.9781064386573363,1.9737010482293331
4,3,1,-9,20,LT11TRUU,rolling_std_ratio,11,1.2938016025959778,0.9554939692453056,2.00260733729457
4,3,1,-8,20,LT11TRUU,rolling_std_ratio,11,1.3466563497777733,1.0073998754883784,2.081181711038173
4,3,1,-7,20,LT11TRUU,rolling_std_ratio,11,1.4195163725685465,1.1121674314538543,2.060527593914441
4,3,1,-6,20,LT11TRUU,rolling_std_ratio,11,1.5751044280126425,1.1137223311336404,1.9888519063233918
4,3,1,-5,20,LT11TRUU,rolling_std_ratio,11,1.5702120680712195,1.1265662476816454,1.964773685924956
4,3,1,-4,20,LT11TRUU,rolling_std_ratio,11,1.6737059639855283,0.9780732248543279,1.9419627078195174
4,3,1,-3,20,LT11TRUU,rolling_std_ratio,11,1.673676827024477,1.0735409313112112,2.021699094863422
4,3,1,-2,20,LT11TRUU,rolling_std_ratio,11,1.8930190134763771,1.3678825943389001,1.9801396378900202
4,3,1,-1,20,LT11TRUU,rolling_std_ratio,11,1.8316051909936384,1.449176154170464,2.0723549538056147
4,3,1,0,20,LT11TRUU,rolling_std_ratio,11,1.7980089640871402,1.5052234446741848,2.071157353884634
4,3,1,1,20,LT11TRUU,rolling_std_ratio,11,1.7953162563000775,1.556916978260702,2.088153263957639
4,3,1,2,20,LT11TRUU,rolling_std_ratio,11,1.8685507351875683,1.537024365177823,2.0789648548647564
4,3,1,3,20,LT11TRUU,rolling_std_ratio,11,1.8410134260430493,1.5424411331319896,1.9221615796365688
4,3,1,4,20,LT11TRUU,rolling_std_ratio,11,1.836928218862516,1.5058052431151707,1.991217918983006
4,3,1,5,20,LT11TRUU,rolling_std_ratio,11,1.7808683115383617,1.5546394745708758,1.9832107688520244
4,3,1,6,20,LT11TRUU,rolling_std_ratio,11,1.7957569178023387,1.60087559814905,1.9231912405616196
4,3,1,7,20,LT11TRUU,rolling_std_ratio,11,1.8339583589433806,1.695174436827258,1.920832797894155
4,3,1,8,20,LT11TRUU,rolling_std_ratio,11,1.8588678113244805,1.7480769464964143,1.95765393740457
4,3,1,9,20,LT11TRUU,rolling_std_ratio,11,1.9751775149671098,1.8226429214964401,2.023747478558313
4,3,1,10,20,LT11TRUU,rolling_std_ratio,11,1.9536643689927218,1.7963071331587956,2.033481283706905
4,3,2,-10,20,LT11TRUU,rolling_std_ratio,5,0.7913944791207954,0.6257469311535105,1.3070393684534374
4,3,2,-9,20,LT11TRUU,rolling_std_ratio,5,0.7249386737743553,0.6316834657430629,1.2824817801034116
4,3,2,-8,20,LT11TRUU,rolling_std_ratio,5,0.7289752675381713,0.6523007653122908,1.2732353295799954
4,3,2,-7,20,LT11TRUU,rolling_std_ratio,5,0.7487362868340222,0.6540189382643087,1.2817326594040555
4,3,2,-6,20,LT11TRUU,rolling_std_ratio,5,0.7618348783454426,0.6620092579610272,1.2744824369049608
4,3,2,-5,20,LT11TRUU,rolling_std_ratio,5,0.7636344758608445,0.6415018698310396,1.2659213753463796
4,3,2,-4,20,LT11TRUU,rolling_std_ratio,5,1.3211019278163125,0.6680291171193388,1.4733454936744699
4,3,2,-3,20,LT11TRUU,rolling_std_ratio,5,1.2897741636647877,0.7399221958555379,1.4513617567194534
4,3,2,-2,20,LT11TRUU,rolling_std_ratio,5,1.1482847063620658,0.7378481908965112,1.4401537967551112
4,3,2,-1,20,LT11TRUU,rolling_std_ratio,5,1.3466563497777733,0.7932474854790289,1.4138105167478854
4,3,2,0,20,LT11TRUU,rolling_std_ratio,5,1.3907815436416697,0.7954873318865676,1.447078364789464
4,3,2,1,20,LT11TRUU,rolling_std_ratio,5,1.4573686784117406,0.8274877629134831,1.733119563019958
4,3,2,2,20,LT11TRUU,rolling_std_ratio,5,1.4401583472446282,0.9278709168983851,1.7658330525454042
4,3,2,3,20,LT11TRUU,rolling_std_ratio,5,1.4384524309745645,0.9259055684905718,1.8330636289642765
4,3,2,4,20,LT11TRUU,rolling_std_ratio,5,1.4450879172745006,0.9261636295227204,1.789290154650833
4,3,2,5,20,LT11TRUU,rolling_std_ratio,5,1.429371462916427,0.9458090974857091,1.8193171324667146
4,3,2,6,20,LT11TRUU,rolling_std_ratio,5,1.4386690570876723,0.9281985313766751,1.7562814537468543
4,3,2,7,20,LT11TRUU,rolling_std_ratio,5,1.4547309336271812,0.9848524424530366,1.7400919835975424
4,3,2,8,20,LT11TRUU,rolling_std_ratio,5,1.475401913822226,0.9725998160526843,1.726082924280742
4,3,2,9,20,LT11TRUU,rolling_std_ratio,5,1.4684367964986167,0.9877778166744073,1.7550174384473243
4,3,2,10,20,LT11TRUU,rolling_std_ratio,5,1.4774440526490893,1.003397270536565,1.7200897333045047
4,0,1,-10,20,LBUTTRUU,rolling_std_ratio,1,0.6906188886508315,0.6906188886508315,0.6906188886508315
4,0,1,-9,20,LBUTTRUU,rolling_std_ratio,1,0.6679212459839651,0.6679212459839651,0.6679212459839651
4,0,1,-8,20,LBUTTRUU,rolling_std_ratio,1,0.6574603805925359,0.6574603805925359,0.6574603805925359
4,0,1,-7,20,LBUTTRUU,rolling_std_ratio,1,0.7269260945183551,0.7269260945183551,0.7269260945183551
4,0,1,-6,20,LBUTTRUU,rolling_std_ratio,1,0.7464267101894773,0.7464267101894773,0.7464267101894773
4,0,1,-5,20,LBUTTRUU,rolling_std_ratio,1,0.721639481880319,0.721639481880319,0.721639481880319
4,0,1,-4,20,LBUTTRUU,rolling_std_ratio,1,0.6927800248048499,0.6927800248048499,0.6927800248048499
4,0,1,-3,20,LBUTTRUU,rolling_std_ratio,1,0.7129166173475631,0.7129166173475631,0.7129166173475631
4,0,1,-2,20,LBUTTRUU,rolling_std_ratio,1,0.7082650327912315,0.7082650327912315,0.7082650327912315
4,0,1,-1,20,LBUTTRUU,rolling_std_ratio,1,0.7055275365074674,0.7055275365074674,0.7055275365074674
4,0,1,0,20,LBUTTRUU,rolling_std_ratio,1,0.8696765128509669,0.8696765128509669,0.8696765128509669
4,0,1,1,20,LBUTTRUU,rolling_std_ratio,1,0.8996214169295332,0.8996214169295332,0.8996214169295332
4,0,1,2,20,LBUTTRUU,rolling_std_ratio,1,0.9176890197384383,0.9176890197384383,0.9176890197384383
4,0,1,3,20,LBUTTRUU,rolling_std_ratio,1,0.900564582688554,0.900564582688554,0.900564582688554
4,0,1,4,20,LBUTTRUU,rolling_std_ratio,1,0.9317710167981227,0.9317710167981227,0.9317710167981227
4,0,1,5,20,LBUTTRUU,rolling_std_ratio,1,0.9385106506265162,0.9385106506265162,0.9385106506265162
4,0,1,6,20,LBUTTRUU,rolling_std_ratio,1,0.9123815360043355,0.9123815360043355,0.9123815360043355
4,0,1,7,20,LBUTTRUU,rolling_std_ratio,1,0.9152510721015011,0.9152510721015011,0.9152510721015011
4,0,1,8,20,LBUTTRUU,rolling_std_ratio,1,0.9063473674293463,0.9063473674293463,0.9063473674293463
4,0,1,9,20,LBUTTRUU,rolling_std_ratio,1,0.919582421785066,0.919582421785066,0.919582421785066
4,0,1,10,20,LBUTTRUU,rolling_std_ratio,1,0.8943303281864287,0.8943303281864287,0.8943303281864287
4,0,2,-10,20,LBUTTRUU,rolling_std_ratio,255,0.7566451876228165,0.5828179913537672,0.9481314360621947
4,0,2,-9,20,LBUTTRUU,rolling_std_ratio,255,0.7523723063270623,0.572589745905538,0.9357829334897224
4,0,2,-8,20,LBUTTRUU,rolling_std_ratio,255,0.7449653015378095,0.5820166187881031,0.9382045773019849
4,0,2,-7,20,LBUTTRUU,rolling_std_ratio,255,0.7510302398993236,0.5809732780141594,0.928540138277044
4,0,2,-6,20,LBUTTRUU,rolling_std_ratio,255,0.7294949791171281,0.5706702301290217,0.9321023895736058
4,0,2,-5,20,LBUTTRUU,rolling_std_ratio,255,0.7422108983646696,0.5827794898378744,0.9250648665621137
4,0,2,-4,20,LBUTTRUU,rolling_std_ratio,255,0.7499974691760747,0.5824814915640275,0.9335326309795471
4,0,2,-3,20,LBUTTRUU,rolling_std_ratio,255,0.7525822900693742,0.5689186221840828,0.9354658729925134
4,0,2,-2,20,LBUTTRUU,rolling_std_ratio,255,0.7363804772145643,0.5628941691120373,0.9172285447023518
4,0,2,-1,20,LBUTTRUU,rolling_std_ratio,255,0.7329036514010786,0.5674174844870206,0.9179933080928102
4,0,2,0,20,LBUTTRUU,rolling_std_ratio,255,0.7480103998744769,0.6125816467679976,0.9327507952415389
4,0,2,1,20,LBUTTRUU,rolling_std_ratio,255,0.7744910858817954,0.6189175909666712,0.9408605971463051
4,0,2,2,20,LBUTTRUU,rolling_std_ratio,255,0.7856703876261955,0.6129500062511326,0.9471180666004727
4,0,2,3,20,LBUTTRUU,rolling_std_ratio,255,0.7915525016554125,0.5990618365544682,0.942240244472226
4,0,2,4,20,LBUTTRUU,rolling_std_ratio,255,0.7915900808091961,0.6117741933064965,0.9398893900532925
4,0,2,5,20,LBUTTRUU,rolling_std_ratio,256,0.7747158503215305,0.61594193034805,0.9420661943968871
4,0,2,6,20,LBUTTRUU,rolling_std_ratio,256,0.7698702844052459,0.6065287197475137,0.9345438292301206
4,0,2,7,20,LBUTTRUU,rolling_std_ratio,256,0.7748843684944666,0.6222001513205178,0.9343987544419858
4,0,2,8,20,LBUTTRUU,rolling_std_ratio,256,0.7877593724343963,0.6287431285588485,0.9469231947851151
4,0,2,9,20,LBUTTRUU,rolling_std_ratio,256,0.7999580486160989,0.6197572484112261,0.9631734734975671
4,0,2,10,20,LBUTTRUU,rolling_std_ratio,256,0.7934426411413584,0.6100344969818422,0.9521912792292768
4,0,3,-10,20,LBUTTRUU,rolling_std_ratio,1,0.48921029877538885,0.48921029877538885,0.48921029877538885
4,0,3,-9,20,LBUTTRUU,rolling_std_ratio,1,0.5224569707139975,0.5224569707139975,0.5224569707139975
4,0,3,-8,20,LBUTTRUU,rolling_std_ratio,1,0.5238225521358404,0.5238225521358404,0.5238225521358404
4,0,3,-7,20,LBUTTRUU,rolling_std_ratio,1,0.5333146520962366,0.5333146520962366,0.5333146520962366
4,0,3,-6,20,LBUTTRUU,rolling_std_ratio,1,0.5317888562682163,0.5317888562682163,0.5317888562682163
4,0,3,-5,20,LBUTTRUU,rolling_std_ratio,1,0.4555312741372038,0.4555312741372038,0.4555312741372038
4,0,3,-4,20,LBUTTRUU,rolling_std_ratio,1,0.47114263695442565,0.47114263695442565,0.47114263695442565
4,0,3,-3,20,LBUTTRUU,rolling_std_ratio,1,0.47970187559150157,0.47970187559150157,0.47970187559150157
4,0,3,-2,20,LBUTTRUU,rolling_std_ratio,1,0.47961527397108955,0.47961527397108955,0.47961527397108955
4,0,3,-1,20,LBUTTRUU,rolling_std_ratio,1,0.48493321640117576,0.48493321640117576,0.48493321640117576
4,0,3,0,20,LBUTTRUU,rolling_std_ratio,1,0.5924457889339877,0.5924457889339877,0.5924457889339877
4,0,3,1,20,LBUTTRUU,rolling_std_ratio,1,0.5774605993158816,0.5774605993158816,0.5774605993158816
4,0,3,2,20,LBUTTRUU,rolling_std_ratio,1,0.7763220329569368,0.7763220329569368,0.7763220329569368
4,0,3,3,20,LBUTTRUU,rolling_std_ratio,1,0.7149056858972632,0.7149056858972632,0.7149056858972632
4,0,3,4,20,LBUTTRUU,rolling_std_ratio,1,0.718498762518157,0.718498762518157,0.718498762518157
4,0,3,5,20,LBUTTRUU,rolling_std_ratio,1,0.7107508781015444,0.7107508781015444,0.7107508781015444
4,0,3,6,20,LBUTTRUU,rolling_std_ratio,1,0.7103076901512853,0.7103076901512853,0.7103076901512853
4,0,3,7,20,LBUTTRUU,rolling_std_ratio,1,0.7150809045148858,0.7150809045148858,0.7150809045148858
4,0,3,8,20,LBUTTRUU,rolling_std_ratio,1,0.7263210838510239,0.7263210838510239,0.7263210838510239
4,0,3,9,20,LBUTTRUU,rolling_std_ratio,1,0.7099822882101299,0.7099822882101299,0.7099822882101299
4,0,3,10,20,LBUTTRUU,rolling_std_ratio,1,0.7092293761938463,0.7092293761938463,0.7092293761938463
4,1,0,-10,20,LBUTTRUU,rolling_std_ratio,2,0.8758541215852977,0.8013901080518264,0.9503181351187691
4,1,0,-9,20,LBUTTRUU,rolling_std_ratio,2,1.0479646642060523,0.8971956871977649,1.19873364121434
4,1,0,-8,20,LBUTTRUU,rolling_std_ratio,2,1.1360967181888695,0.9288681000345943,1.3433253363431448
4,1,0,-7,20,LBUTTRUU,rolling_std_ratio,2,1.2472445699877477,0.9700122973962988,1.5244768425791966
4,1,0,-6,20,LBUTTRUU,rolling_std_ratio,2,1.2272208310801809,0.970068724213872,1.4843729379464898
4,1,0,-5,20,LBUTTRUU,rolling_std_ratio,2,1.2198456219346105,0.9640553273629211,1.4756359165063002
4,1,0,-4,20,LBUTTRUU,rolling_std_ratio,2,1.2192883172003317,0.9624079268538995,1.4761687075467638
4,1,0,-3,20,LBUTTRUU,rolling_std_ratio,2,1.3211823653103214,1.0954294390806443,1.5469352915399988
4,1,0,-2,20,LBUTTRUU,rolling_std_ratio,2,1.321147966798713,1.1103846918641231,1.531911241733303
4,1,0,-1,20,LBUTTRUU,rolling_std_ratio,2,1.3294846788990997,1.123586849318769,1.5353825084794304
4,1,0,0,20,LBUTTRUU,rolling_std_ratio,2,1.3165500066758122,1.1085572946821831,1.5245427186694416
4,1,0,1,20,LBUTTRUU,rolling_std_ratio,2,1.3318391060080272,1.131805061403075,1.5318731506129795
4,1,0,2,20,LBUTTRUU,rolling_std_ratio,2,1.3321362966748154,1.1353234736506659,1.5289491196989649
4,1,0,3,20,LBUTTRUU,rolling_std_ratio,2,1.3159185260934434,1.1141500310488894,1.5176870211379974
4,1,0,4,20,LBUTTRUU,rolling_std_ratio,2,1.3591511359704538,1.1372011040359775,1.58110116790493
4,1,0,5,20,LBUTTRUU,rolling_std_ratio,2,1.3431137442304872,1.1247305558299168,1.561496932631058
4,1,0,6,20,LBUTTRUU,rolling_std_ratio,2,1.3630092000215506,1.1412958109033082,1.5847225891397927
4,1,0,7,20,LBUTTRUU,rolling_std_ratio,2,1.343444552305595,1.1188874402460118,1.568001664365178
4,1,0,8,20,LBUTTRUU,rolling_std_ratio,2,1.3410764823127739,1.115676316876885,1.566476647748663
4,1,0,9,20,LBUTTRUU,rolling_std_ratio,2,1.3569415727350718,1.131317487840857,1.5825656576292866
4,1,0,10,20,LBUTTRUU,rolling_std_ratio,2,1.3211415062678775,1.0841864908395606,1.5580965216961944
4,1,2,-10,20,LBUTTRUU,rolling_std_ratio,54,1.0385331808441665,0.8200653530406583,1.337356975448
4,1,2,-9,20,LBUTTRUU,rolling_std_ratio,54,1.0660106582372464,0.8042097829836529,1.3646327117644672
4,1,2,-8,20,LBUTTRUU,rolling_std_ratio,54,1.0682813218335658,0.8135961547185357,1.373479394681189
4,1,2,-7,20,LBUTTRUU,rolling_std_ratio,54,1.0858573395835411,0.8297475611300037,1.3994861706078094
4,1,2,-6,20,LBUTTRUU,rolling_std_ratio,54,1.071079002028914,0.7817071355182456,1.4800672635211893
4,1,2,-5,20,LBUTTRUU,rolling_std_ratio,54,1.0588047622887622,0.7828755244015153,1.410158034886223
4,1,2,-4,20,LBUTTRUU,rolling_std_ratio,54,1.078818408593758,0.8104839616743376,1.384795145709739
4,1,2,-3,20,LBUTTRUU,rolling_std_ratio,54,1.0749257168145099,0.7990054075971162,1.4060386914662464
4,1,2,-2,20,LBUTTRUU,rolling_std_ratio,54,1.0587107059164103,0.83104309842669,1.3895311392239393
4,1,2,-1,20,LBUTTRUU,rolling_std_ratio,54,1.051641639685574,0.8268767665340038,1.370469506907536
4,1,2,0,20,LBUTTRUU,rolling_std_ratio,54,1.0569696061584724,0.8048833689732026,1.3386607430204673
4,1,2,1,20,LBUTTRUU,rolling_std_ratio,54,1.0502745059766312,0.7780695654482399,1.3366400929697861
4,1,2,2,20,LBUTTRUU,rolling_std_ratio,54,1.0554148116188053,0.7869563327266592,1.2907146613552138
4,1,2,3,20,LBUTTRUU,rolling_std_ratio,54,1.0552394264847953,0.8130745617284789,1.2786766765702162
4,1,2,4,20,LBUTTRUU,rolling_std_ratio,54,1.0684987101395298,0.8432834890919404,1.27352588173683
4,1,2,5,20,LBUTTRUU,rolling_std_ratio,54,1.0488481220496375,0.7837926190759432,1.300998393891911
4,1,2,6,20,LBUTTRUU,rolling_std_ratio,54,1.0464579795043383,0.7827218167721741,1.314082797148675
4,1,2,7,20,LBUTTRUU,rolling_std_ratio,54,1.0373981187068617,0.7976523186202309,1.2872985393824457
4,1,2,8,20,LBUTTRUU,rolling_std_ratio,54,1.0230021210637448,0.7904905814299745,1.2976395485932877
4,1,2,9,20,LBUTTRUU,rolling_std_ratio,54,1.0631653503564444,0.762564863245217,1.2501374175200137
4,1,2,10,20,LBUTTRUU,rolling_std_ratio,54,1.0681624441173736,0.79372697976683,1.2951581491300055
4,1,3,-10,20,LBUTTRUU,rolling_std_ratio,7,1.1060190114299449,0.8466322108182343,1.2700270026438671
4,1,3,-9,20,LBUTTRUU,rolling_std_ratio,7,1.11260557256045,0.872658084785296,1.3326894845527435
4,1,3,-8,20,LBUTTRUU,rolling_std_ratio,7,1.0996366445342176,0.851548715821793,1.2706738146793533
4,1,3,-7,20,LBUTTRUU,rolling_std_ratio,7,1.0989266355052547,0.9036526463007186,1.2547007175155103
4,1,3,-6,20,LBUTTRUU,rolling_std_ratio,7,1.080445564048893,0.8570377794107498,1.28550074362752
4,1,3,-5,20,LBUTTRUU,rolling_std_ratio,7,1.0651709989006009,0.8565394565397583,1.315550062621166
4,1,3,-4,20,LBUTTRUU,rolling_std_ratio,7,1.371941664237218,0.9710099321048095,1.496493771261993
4,1,3,-3,20,LBUTTRUU,rolling_std_ratio,7,1.4525540464952305,1.0625100261380633,1.5333001960274708
4,1,3,-2,20,LBUTTRUU,rolling_std_ratio,7,1.5245775387173932,1.3923310107602833,1.6842296011705393
4,1,3,-1,20,LBUTTRUU,rolling_std_ratio,7,1.5277623855401523,1.3988942184426676,1.7424877126769904
4,1,3,0,20,LBUTTRUU,rolling_std_ratio,7,1.678339923034033,1.3887909728648395,1.8034403948636997
4,1,3,1,20,LBUTTRUU,rolling_std_ratio,7,1.8029609918524263,1.580547643193363,1.8929519562325972
4,1,3,2,20,LBUTTRUU,rolling_std_ratio,7,1.8463456036763692,1.6351967367823161,2.0627334111839413
4,1,3,3,20,LBUTTRUU,rolling_std_ratio,7,1.9718912704213667,1.7087033982597246,2.2098108487846524
4,1,3,4,20,LBUTTRUU,rolling_std_ratio,7,1.9605373311605985,1.760381336833349,2.2089388088427793
4,1,3,5,20,LBUTTRUU,rolling_std_ratio,7,2.1018759211106706,1.939421338751453,2.349772948131749
4,1,3,6,20,LBUTTRUU,rolling_std_ratio,7,2.3285360453952446,2.0113854985176625,2.3610906758238963
4,1,3,7,20,LBUTTRUU,rolling_std_ratio,7,2.3138832583489926,1.9889888967959526,2.4495741501669563
4,1,3,8,20,LBUTTRUU,rolling_std_ratio,7,2.098990914588374,1.9232351858032075,2.4116881075915995
4,1,3,9,20,LBUTTRUU,rolling_std_ratio,7,2.116972800656256,1.9206639215756547,2.6511080294634493
4,1,3,10,20,LBUTTRUU,rolling_std_ratio,7,2.1618552569641656,1.9935406355561813,2.885760867253095
4,2,0,-10,20,LBUTTRUU,rolling_std_ratio,256,0.7499327211651238,0.5867502069893445,0.9260793850539746
4,2,0,-9,20,LBUTTRUU,rolling_std_ratio,256,0.749480282568934,0.5845236848350824,0.9392833936327409
4,2,0,-8,20,LBUTTRUU,rolling_std_ratio,256,0.7576583773166714,0.6023729317850189,0.952402884150392
4,2,0,-7,20,LBUTTRUU,rolling_std_ratio,256,0.7528823673875544,0.5919538048812892,0.9517473735417741
4,2,0,-6,20,LBUTTRUU,rolling_std_ratio,256,0.7624231442379328,0.6015195453954387,0.9480853073400635
4,2,0,-5,20,LBUTTRUU,rolling_std_ratio,256,0.7711012338971734,0.5989492073050171,0.952689870343163
4,2,0,-4,20,LBUTTRUU,rolling_std_ratio,256,0.7560653794808061,0.6113560775508984,0.9533341633288285
4,2,0,-3,20,LBUTTRUU,rolling_std_ratio,256,0.7718661019427804,0.6198935193425015,0.9570551591248114
4,2,0,-2,20,LBUTTRUU,rolling_std_ratio,256,0.7914932693186236,0.6184553340718852,0.9685996145367088
4,2,0,-1,20,LBUTTRUU,rolling_std_ratio,256,0.786526065436693,0.6192257870709146,0.9643971249775362
4,2,0,0,20,LBUTTRUU,rolling_std_ratio,256,0.7792064255884321,0.6128881170617967,0.9548807731535973
4,2,0,1,20,LBUTTRUU,rolling_std_ratio,256,0.7790047267297211,0.605290297913166,0.9591331910396038
4,2,0,2,20,LBUTTRUU,rolling_std_ratio,256,0.7729469570978886,0.6158641384859903,0.9516779778546225
4,2,0,3,20,LBUTTRUU,rolling_std_ratio,256,0.7884929205032642,0.6247587374345475,0.9383814220683387
4,2,0,4,20,LBUTTRUU,rolling_std_ratio,256,0.7946364045421186,0.6215319316528889,0.9619904403677844
4,2,0,5,20,LBUTTRUU,rolling_std_ratio,256,0.7985396266381528,0.6231411285716439,0.9451457788011653
4,2,0,6,20,LBUTTRUU,rolling_std_ratio,256,0.7958543213598046,0.6241697805126407,0.9472650270287284
4,2,0,7,20,LBUTTRUU,rolling_std_ratio,256,0.7817744148512558,0.6144397620690882,0.9486507898874205
4,2,0,8,20,LBUTTRUU,rolling_std_ratio,256,0.7687059157851936,0.6104244956662358,0.9504295061545878
4,2,0,9,20,LBUTTRUU,rolling_std_ratio,256,0.7798042071217349,0.6181026170068926,0.9364247383080048
4,2,0,10,20,LBUTTRUU,rolling_std_ratio,256,0.7738467522917405,0.6106069568652124,0.9323220155043923
4,2,1,-10,20,LBUTTRUU,rolling_std_ratio,51,1.0648940295251283,0.8172268213807458,1.2682541598117094
4,2,1,-9,20,LBUTTRUU,rolling_std_ratio,51,1.062685183084311,0.8029145712844762,1.2667660646356103
4,2,1,-8,20,LBUTTRUU,rolling_std_ratio,51,1.0512283754942018,0.7966582417584996,1.2400786035494495
4,2,1,-7,20,LBUTTRUU,rolling_std_ratio,51,1.0402852765410864,0.7450637269166708,1.2014351966231536
4,2,1,-6,20,LBUTTRUU,rolling_std_ratio,51,1.042189312447662,0.785996206728518,1.191048861241534
4,2,1,-5,20,LBUTTRUU,rolling_std_ratio,51,0.9864084589475927,0.7625538877523426,1.2339055642231027
4,2,1,-4,20,LBUTTRUU,rolling_std_ratio,51,0.98580132313321,0.777489846738717,1.2390235539806347
4,2,1,-3,20,LBUTTRUU,rolling_std_ratio,51,0.9909590167111396,0.7882590476367846,1.2666554142552267
4,2,1,-2,20,LBUTTRUU,rolling_std_ratio,51,0.9839289538902067,0.7804974593725154,1.3093245592948666
4,2,1,-1,20,LBUTTRUU,rolling_std_ratio,51,1.0048364161088639,0.7721052861731861,1.329345043992281
4,2,1,0,20,LBUTTRUU,rolling_std_ratio,51,1.0510493535465442,0.7794792608558119,1.3395269703529307
4,2,1,1,20,LBUTTRUU,rolling_std_ratio,51,1.0501188511952142,0.8344806420259012,1.344824960008888
4,2,1,2,20,LBUTTRUU,rolling_std_ratio,51,1.1057281203849605,0.8299719378218212,1.3508131800321113
4,2,1,3,20,LBUTTRUU,rolling_std_ratio,51,1.1058100224338228,0.8247670992749506,1.3527901876957444
4,2,1,4,20,LBUTTRUU,rolling_std_ratio,51,1.0612273261755047,0.8611236033409739,1.3838725072069795
4,2,1,5,20,LBUTTRUU,rolling_std_ratio,51,1.1179847775859784,0.8162514221295638,1.4098172019231279
4,2,1,6,20,LBUTTRUU,rolling_std_ratio,51,1.0971075819243041,0.8369439840000377,1.4608736904523139
4,2,1,7,20,LBUTTRUU,rolling_std_ratio,51,1.0798150696338378,0.8704790750153373,1.369677531763731
4,2,1,8,20,LBUTTRUU,rolling_std_ratio,51,1.1097397046565154,0.8155110438835275,1.3980214171689769
4,2,1,9,20,LBUTTRUU,rolling_std_ratio,51,1.0648940295251283,0.7934140660877729,1.4254324414860484
4,2,1,10,20,LBUTTRUU,rolling_std_ratio,51,1.0781987831555362,0.7894265813537861,1.4257704788104204
4,2,3,-10,20,LBUTTRUU,rolling_std_ratio,8,0.9117753805203274,0.4854769263261563,1.1551744032728959
4,2,3,-9,20,LBUTTRUU,rolling_std_ratio,8,0.928973124368103,0.4112907903891401,1.08136262549918
4,2,3,-8,20,LBUTTRUU,rolling_std_ratio,8,0.94739764316959,0.41552720032464985,1.0810494066123135
4,2,3,-7,20,LBUTTRUU,rolling_std_ratio,8,0.8627485499269487,0.4108039553337334,1.0360712798504579
4,2,3,-6,20,LBUTTRUU,rolling_std_ratio,8,0.8029805341468359,0.4052041120082839,0.9781631729332968
4,2,3,-5,20,LBUTTRUU,rolling_std_ratio,8,0.8586249390980367,0.4811605514157732,0.990608444161801
4,2,3,-4,20,LBUTTRUU,rolling_std_ratio,8,0.8203839035698912,0.4723734709237453,0.9866500761652035
4,2,3,-3,20,LBUTTRUU,rolling_std_ratio,8,0.7618620120581434,0.4833290950781341,0.9547861108854118
4,2,3,-2,20,LBUTTRUU,rolling_std_ratio,8,0.7619924307325938,0.48430658238708657,0.9596094833678566
4,2,3,-1,20,LBUTTRUU,rolling_std_ratio,8,0.7713515003947602,0.4845726906437839,0.959212068384955
4,2,3,0,20,LBUTTRUU,rolling_std_ratio,8,0.859144747923924,0.5184760689200509,1.1198695441794606
4,2,3,1,20,LBUTTRUU,rolling_std_ratio,8,1.0198455893673648,0.5173066671546149,1.0873358357161942
4,2,3,2,20,LBUTTRUU,rolling_std_ratio,8,1.034819233267209,0.5204033359816362,1.1457818561921562
4,2,3,3,20,LBUTTRUU,rolling_std_ratio,8,1.041161287612494,0.49523968093833315,1.1550890827970668
4,2,3,4,20,LBUTTRUU,rolling_std_ratio,8,0.9708593187181402,0.5397785076622544,1.1486699396471085
4,2,3,5,20,LBUTTRUU,rolling_std_ratio,8,0.9604010338385632,0.5794695482107624,1.142446060760934
4,2,3,6,20,LBUTTRUU,rolling_std_ratio,8,0.9530336615139768,0.569845701804089,1.2126493647206553
4,2,3,7,20,LBUTTRUU,rolling_std_ratio,8,0.9664383332414376,0.6098872291292328,1.2167507835489586
4,2,3,8,20,LBUTTRUU,rolling_std_ratio,8,1.0985165386497504,0.6218658880152341,1.2039108687075908
4,2,3,9,20,LBUTTRUU,rolling_std_ratio,8,1.1461818128272299,0.6213814089943717,1.2201481129341154
4,2,3,10,20,LBUTTRUU,rolling_std_ratio,8,1.158668372072316,0.6276058965901022,1.2525832372026413
4,3,1,-10,20,LBUTTRUU,rolling_std_ratio,11,1.080445564048893,0.9372851328930465,1.8204546219589104
4,3,1,-9,20,LBUTTRUU,rolling_std_ratio,11,1.0624556979638973,0.8358491237917486,1.8191944027750104
4,3,1,-8,20,LBUTTRUU,rolling_std_ratio,11,1.3717252124591475,0.8630991790863262,1.8431144630077738
4,3,1,-7,20,LBUTTRUU,rolling_std_ratio,11,1.4336837840321228,0.8324786358095055,1.8679111489174454
4,3,1,-6,20,LBUTTRUU,rolling_std_ratio,11,1.417973223184435,0.8202824615219921,1.8960102005725779
4,3,1,-5,20,LBUTTRUU,rolling_std_ratio,11,1.371941664237218,0.8430636854488656,1.8858655216589393
4,3,1,-4,20,LBUTTRUU,rolling_std_ratio,11,1.4525540464952305,0.8319754418282066,1.8781204182629563
4,3,1,-3,20,LBUTTRUU,rolling_std_ratio,11,1.4592672423808153,0.8672955603043262,1.911888010905634
4,3,1,-2,20,LBUTTRUU,rolling_std_ratio,11,1.4666172600332257,0.9160402749613837,2.0558587009454095
4,3,1,-1,20,LBUTTRUU,rolling_std_ratio,11,1.2765861347492833,1.0408538159935428,2.139005440361287
4,3,1,0,20,LBUTTRUU,rolling_std_ratio,11,1.6050909930196815,1.0919357214230194,1.8746654254898765
4,3,1,1,20,LBUTTRUU,rolling_std_ratio,11,1.5250694204622766,1.09717815169865,1.929753553506258
4,3,1,2,20,LBUTTRUU,rolling_std_ratio,11,1.624998886982015,1.0299591230022758,2.0034066105966515
4,3,1,3,20,LBUTTRUU,rolling_std_ratio,11,1.689857884687583,1.0696017358224026,2.027796432087011
4,3,1,4,20,LBUTTRUU,rolling_std_ratio,11,1.9283903065086874,1.072378647684618,2.1898860902129753
4,3,1,5,20,LBUTTRUU,rolling_std_ratio,11,1.9384713834621174,1.0639202570260808,2.280638185922426
4,3,1,6,20,LBUTTRUU,rolling_std_ratio,11,1.9434851243030309,1.1358199718498376,2.2968071311184857
4,3,1,7,20,LBUTTRUU,rolling_std_ratio,11,1.9537120065601599,1.1840864122447197,2.2754906040950127
4,3,1,8,20,LBUTTRUU,rolling_std_ratio,11,1.940805381079658,1.356197310201703,2.283297362581319
4,3,1,9,20,LBUTTRUU,rolling_std_ratio,11,1.9943905654848622,1.3626169255863196,2.342907707229308
4,3,1,10,20,LBUTTRUU,rolling_std_ratio,11,2.0187604216409873,1.4210759286517836,2.3389221389127948
4,3,2,-10,20,LBUTTRUU,rolling_std_ratio,5,0.5317888562682163,0.3773094327950137,1.0602637354121762
4,3,2,-9,20,LBUTTRUU,rolling_std_ratio,5,0.4555312741372038,0.411615966939326,0.8103314373561806
4,3,2,-8,20,LBUTTRUU,rolling_std_ratio,5,0.47114263695442565,0.4047576092689968,0.794808291578624
4,3,2,-7,20,LBUTTRUU,rolling_std_ratio,5,0.47970187559150157,0.40452394997755503,0.9062171825211381
4,3,2,-6,20,LBUTTRUU,rolling_std_ratio,5,0.47961527397108955,0.378444827649492,0.9080576715148595
4,3,2,-5,20,LBUTTRUU,rolling_std_ratio,5,0.48493321640117576,0.3677919650788734,0.9088387235949468
4,3,2,-4,20,LBUTTRUU,rolling_std_ratio,5,0.5924457889339877,0.3654530248945981,0.9129337629790695
4,3,2,-3,20,LBUTTRUU,rolling_std_ratio,5,0.5774605993158816,0.356894837413974,0.9126405460115218
4,3,2,-2,20,LBUTTRUU,rolling_std_ratio,5,0.7763220329569368,0.3684146911450101,1.0624556979638973
4,3,2,-1,20,LBUTTRUU,rolling_std_ratio,5,0.7149056858972632,0.4099914638164043,1.2853399658018037
4,3,2,0,20,LBUTTRUU,rolling_std_ratio,5,0.718498762518157,0.4029550590103261,1.305603771772053
4,3,2,1,20,LBUTTRUU,rolling_std_ratio,5,0.7107508781015444,0.5422615478033743,1.299866145372002
4,3,2,2,20,LBUTTRUU,rolling_std_ratio,5,0.7103076901512853,0.5780610014886504,1.3321010342128
4,3,2,3,20,LBUTTRUU,rolling_std_ratio,5,0.7150809045148858,0.5760209653890596,1.3629065551634996
4,3,2,4,20,LBUTTRUU,rolling_std_ratio,5,0.7263210838510239,0.577020379036924,1.3843250560138716
4,3,2,5,20,LBUTTRUU,rolling_std_ratio,5,0.7099822882101299,0.5768283760110445,1.390135217487757
4,3,2,6,20,LBUTTRUU,rolling_std_ratio,5,0.7092293761938463,0.5766560844507962,1.4026148071147435
4,3,2,7,20,LBUTTRUU,rolling_std_ratio,5,0.6927988995701483,0.602283342106052,1.4016403259932002
4,3,2,8,20,LBUTTRUU,rolling_std_ratio,5,0.6973140325826449,0.6539952211173714,1.3709522426368745
4,3,2,9,20,LBUTTRUU,rolling_std_ratio,5,0.7019774157836598,0.6566195541411185,1.390609087207366
4,3,2,10,20,LBUTTRUU,rolling_std_ratio,5,0.7381889651741526,0.695549964299895,1.5789601646106883
