MODEL,LOG_LOSS,ACCURACY,BRIER_SCORE,N_STATES,STATE_LAG,EXOG_LAG,N_KNOTS,SIGNIFICANCE_LEVEL,SELECTED_TERM_COUNT,SELECTED_TERMS,MAX_SELECTED_P_VALUE,ALL_TERMS_SIGNIFICANT,TERM_P_VALUES,INFERENCE_METHOD,BOOTSTRAP_C,BOOTSTRAP_REPLICATES,TERM_BOOTSTRAP_IMPROVEMENTS,TERM_BOOTSTRAP_VALID_REPLICATES,TRAIN_ROWS,SPLIT,SPLIT_START,SPLIT_END,REGULARIZATION_C,SMOOTHING_LAMBDA,EVAL_ROWS
multinomial_logistic_gam,0.2010179670111741,0.9343915343915344,0.11076829231422328,2,0,0,4,0.05,2,LT11TRUU_LAG_0|DURATION_STATE_0,0.00953023805415049,True,"{""DBLCIX_LAG_0"": 0.37078376277403174, ""DURATION_STATE_0"": 5.424159019877753e-63, ""DURATION_STATE_1"": 0.12961186694828863, ""IBOXIG_LAG_0"": 0.29613090983149254, ""JPEICORE_LAG_0"": 0.12907029116621885, ""LBUTTRUU_LAG_0"": 0.665284992442226, ""LT11TRUU_LAG_0"": 0.00953023805415049, ""SPXT_LAG_0"": 0.3664500535094099, ""STATE_LAG_0"": 0.3738728778970263}",wald,1.0,0,{},{},2318,validation,2009-06-02,2016-12-30,0.01,100.0,1890
multinomial_logistic_gam,0.19890676917768313,0.938150289017341,0.10527843691169045,2,0,0,4,0.05,2,LT11TRUU_LAG_0|DURATION_STATE_0,0.00953023805415049,True,"{""DBLCIX_LAG_0"": 0.37078376277403174, ""DURATION_STATE_0"": 5.424159019877753e-63, ""DURATION_STATE_1"": 0.12961186694828863, ""IBOXIG_LAG_0"": 0.29613090983149254, ""JPEICORE_LAG_0"": 0.12907029116621885, ""LBUTTRUU_LAG_0"": 0.665284992442226, ""LT11TRUU_LAG_0"": 0.00953023805415049, ""SPXT_LAG_0"": 0.3664500535094099, ""STATE_LAG_0"": 0.3738728778970263}",wald,1.0,0,{},{},2318,prediction,2017-01-03,2023-12-05,0.01,100.0,1730
multinomial_logistic_gam,0.1988458307198405,0.9343915343915344,0.10582877999341926,2,0,0,4,0.05,2,LT11TRUU_LAG_0|DURATION_STATE_0,0.00953023805415049,True,"{""DBLCIX_LAG_0"": 0.37078376277403174, ""DURATION_STATE_0"": 5.424159019877753e-63, ""DURATION_STATE_1"": 0.12961186694828863, ""IBOXIG_LAG_0"": 0.29613090983149254, ""JPEICORE_LAG_0"": 0.12907029116621885, ""LBUTTRUU_LAG_0"": 0.665284992442226, ""LT11TRUU_LAG_0"": 0.00953023805415049, ""SPXT_LAG_0"": 0.3664500535094099, ""STATE_LAG_0"": 0.3738728778970263}",wald,1.0,0,{},{},2318,validation,2009-06-02,2016-12-30,0.1,10.0,1890
multinomial_logistic_gam,0.1915642170932202,0.938150289017341,0.09865741206317842,2,0,0,4,0.05,2,LT11TRUU_LAG_0|DURATION_STATE_0,0.00953023805415049,True,"{""DBLCIX_LAG_0"": 0.37078376277403174, ""DURATION_STATE_0"": 5.424159019877753e-63, ""DURATION_STATE_1"": 0.12961186694828863, ""IBOXIG_LAG_0"": 0.29613090983149254, ""JPEICORE_LAG_0"": 0.12907029116621885, ""LBUTTRUU_LAG_0"": 0.665284992442226, ""LT11TRUU_LAG_0"": 0.00953023805415049, ""SPXT_LAG_0"": 0.3664500535094099, ""STATE_LAG_0"": 0.3738728778970263}",wald,1.0,0,{},{},2318,prediction,2017-01-03,2023-12-05,0.1,10.0,1730
multinomial_logistic_gam,0.1888610822963857,0.9343915343915344,0.09944903439478453,2,0,0,4,0.05,2,LT11TRUU_LAG_0|DURATION_STATE_0,0.00953023805415049,True,"{""DBLCIX_LAG_0"": 0.37078376277403174, ""DURATION_STATE_0"": 5.424159019877753e-63, ""DURATION_STATE_1"": 0.12961186694828863, ""IBOXIG_LAG_0"": 0.29613090983149254, ""JPEICORE_LAG_0"": 0.12907029116621885, ""LBUTTRUU_LAG_0"": 0.665284992442226, ""LT11TRUU_LAG_0"": 0.00953023805415049, ""SPXT_LAG_0"": 0.3664500535094099, ""STATE_LAG_0"": 0.3738728778970263}",wald,1.0,0,{},{},2318,validation,2009-06-02,2016-12-30,1.0,1.0,1890
multinomial_logistic_gam,0.1799748814487793,0.938150289017341,0.09337172557869827,2,0,0,4,0.05,2,LT11TRUU_LAG_0|DURATION_STATE_0,0.00953023805415049,True,"{""DBLCIX_LAG_0"": 0.37078376277403174, ""DURATION_STATE_0"": 5.424159019877753e-63, ""DURATION_STATE_1"": 0.12961186694828863, ""IBOXIG_LAG_0"": 0.29613090983149254, ""JPEICORE_LAG_0"": 0.12907029116621885, ""LBUTTRUU_LAG_0"": 0.665284992442226, ""LT11TRUU_LAG_0"": 0.00953023805415049, ""SPXT_LAG_0"": 0.3664500535094099, ""STATE_LAG_0"": 0.3738728778970263}",wald,1.0,0,{},{},2318,prediction,2017-01-03,2023-12-05,1.0,1.0,1730
multinomial_logistic_gam,0.18412683467054972,0.9492063492063492,0.09385565774865338,2,0,0,4,0.05,2,LT11TRUU_LAG_0|DURATION_STATE_0,0.00953023805415049,True,"{""DBLCIX_LAG_0"": 0.37078376277403174, ""DURATION_STATE_0"": 5.424159019877753e-63, ""DURATION_STATE_1"": 0.12961186694828863, ""IBOXIG_LAG_0"": 0.29613090983149254, ""JPEICORE_LAG_0"": 0.12907029116621885, ""LBUTTRUU_LAG_0"": 0.665284992442226, ""LT11TRUU_LAG_0"": 0.00953023805415049, ""SPXT_LAG_0"": 0.3664500535094099, ""STATE_LAG_0"": 0.3738728778970263}",wald,1.0,0,{},{},2318,validation,2009-06-02,2016-12-30,10.0,0.1,1890
multinomial_logistic_gam,0.17527228666277714,0.9520231213872833,0.08945683314154088,2,0,0,4,0.05,2,LT11TRUU_LAG_0|DURATION_STATE_0,0.00953023805415049,True,"{""DBLCIX_LAG_0"": 0.37078376277403174, ""DURATION_STATE_0"": 5.424159019877753e-63, ""DURATION_STATE_1"": 0.12961186694828863, ""IBOXIG_LAG_0"": 0.29613090983149254, ""JPEICORE_LAG_0"": 0.12907029116621885, ""LBUTTRUU_LAG_0"": 0.665284992442226, ""LT11TRUU_LAG_0"": 0.00953023805415049, ""SPXT_LAG_0"": 0.3664500535094099, ""STATE_LAG_0"": 0.3738728778970263}",wald,1.0,0,{},{},2318,prediction,2017-01-03,2023-12-05,10.0,0.1,1730
multinomial_logistic_gam,0.19678033258462302,0.9343915343915344,0.10804008312045342,2,0,0,6,0.05,1,DURATION_STATE_0,2.2891742673129252e-84,True,"{""DBLCIX_LAG_0"": 0.5461587111265565, ""DURATION_STATE_0"": 2.2891742673129252e-84, ""DURATION_STATE_1"": 0.28709854620606295, ""IBOXIG_LAG_0"": 0.6812313489902392, ""JPEICORE_LAG_0"": 0.20677556319572107, ""LBUTTRUU_LAG_0"": 0.802161429118476, ""LT11TRUU_LAG_0"": 0.06635952342220938, ""SPXT_LAG_0"": 0.45873139023847487, ""STATE_LAG_0"": 0.9866832042964101}",wald,1.0,0,{},{},2318,validation,2009-06-02,2016-12-30,0.01,100.0,1890
multinomial_logistic_gam,0.19467136673926957,0.938150289017341,0.10276840367665858,2,0,0,6,0.05,1,DURATION_STATE_0,2.2891742673129252e-84,True,"{""DBLCIX_LAG_0"": 0.5461587111265565, ""DURATION_STATE_0"": 2.2891742673129252e-84, ""DURATION_STATE_1"": 0.28709854620606295, ""IBOXIG_LAG_0"": 0.6812313489902392, ""JPEICORE_LAG_0"": 0.20677556319572107, ""LBUTTRUU_LAG_0"": 0.802161429118476, ""LT11TRUU_LAG_0"": 0.06635952342220938, ""SPXT_LAG_0"": 0.45873139023847487, ""STATE_LAG_0"": 0.9866832042964101}",wald,1.0,0,{},{},2318,prediction,2017-01-03,2023-12-05,0.01,100.0,1730
multinomial_logistic_gam,0.18777721335846786,0.9343915343915344,0.10043462599207383,2,0,0,6,0.05,1,DURATION_STATE_0,2.2891742673129252e-84,True,"{""DBLCIX_LAG_0"": 0.5461587111265565, ""DURATION_STATE_0"": 2.2891742673129252e-84, ""DURATION_STATE_1"": 0.28709854620606295, ""IBOXIG_LAG_0"": 0.6812313489902392, ""JPEICORE_LAG_0"": 0.20677556319572107, ""LBUTTRUU_LAG_0"": 0.802161429118476, ""LT11TRUU_LAG_0"": 0.06635952342220938, ""SPXT_LAG_0"": 0.45873139023847487, ""STATE_LAG_0"": 0.9866832042964101}",wald,1.0,0,{},{},2318,validation,2009-06-02,2016-12-30,0.1,10.0,1890
multinomial_logistic_gam,0.181065814707114,0.938150289017341,0.09427088748484874,2,0,0,6,0.05,1,DURATION_STATE_0,2.2891742673129252e-84,True,"{""DBLCIX_LAG_0"": 0.5461587111265565, ""DURATION_STATE_0"": 2.2891742673129252e-84, ""DURATION_STATE_1"": 0.28709854620606295, ""IBOXIG_LAG_0"": 0.6812313489902392, ""JPEICORE_LAG_0"": 0.20677556319572107, ""LBUTTRUU_LAG_0"": 0.802161429118476, ""LT11TRUU_LAG_0"": 0.06635952342220938, ""SPXT_LAG_0"": 0.45873139023847487, ""STATE_LAG_0"": 0.9866832042964101}",wald,1.0,0,{},{},2318,prediction,2017-01-03,2023-12-05,0.1,10.0,1730
multinomial_logistic_gam,0.180798647016254,0.9507936507936507,0.09361919093619935,2,0,0,6,0.05,1,DURATION_STATE_0,2.2891742673129252e-84,True,"{""DBLCIX_LAG_0"": 0.5461587111265565, ""DURATION_STATE_0"": 2.2891742673129252e-84, ""DURATION_STATE_1"": 0.28709854620606295, ""IBOXIG_LAG_0"": 0.6812313489902392, ""JPEICORE_LAG_0"": 0.20677556319572107, ""LBUTTRUU_LAG_0"": 0.802161429118476, ""LT11TRUU_LAG_0"": 0.06635952342220938, ""SPXT_LAG_0"": 0.45873139023847487, ""STATE_LAG_0"": 0.9866832042964101}",wald,1.0,0,{},{},2318,validation,2009-06-02,2016-12-30,1.0,1.0,1890
multinomial_logistic_gam,0.17351435482671237,0.9526011560693641,0.08899813957704678,2,0,0,6,0.05,1,DURATION_STATE_0,2.2891742673129252e-84,True,"{""DBLCIX_LAG_0"": 0.5461587111265565, ""DURATION_STATE_0"": 2.2891742673129252e-84, ""DURATION_STATE_1"": 0.28709854620606295, ""IBOXIG_LAG_0"": 0.6812313489902392, ""JPEICORE_LAG_0"": 0.20677556319572107, ""LBUTTRUU_LAG_0"": 0.802161429118476, ""LT11TRUU_LAG_0"": 0.06635952342220938, ""SPXT_LAG_0"": 0.45873139023847487, ""STATE_LAG_0"": 0.9866832042964101}",wald,1.0,0,{},{},2318,prediction,2017-01-03,2023-12-05,1.0,1.0,1730
multinomial_logistic_gam,0.18420712577543072,0.9507936507936507,0.09149357388735263,2,0,0,6,0.05,1,DURATION_STATE_0,2.2891742673129252e-84,True,"{""DBLCIX_LAG_0"": 0.5461587111265565, ""DURATION_STATE_0"": 2.2891742673129252e-84, ""DURATION_STATE_1"": 0.28709854620606295, ""IBOXIG_LAG_0"": 0.6812313489902392, ""JPEICORE_LAG_0"": 0.20677556319572107, ""LBUTTRUU_LAG_0"": 0.802161429118476, ""LT11TRUU_LAG_0"": 0.06635952342220938, ""SPXT_LAG_0"": 0.45873139023847487, ""STATE_LAG_0"": 0.9866832042964101}",wald,1.0,0,{},{},2318,validation,2009-06-02,2016-12-30,10.0,0.1,1890
multinomial_logistic_gam,0.1790808765889067,0.9526011560693641,0.08801317175009958,2,0,0,6,0.05,1,DURATION_STATE_0,2.2891742673129252e-84,True,"{""DBLCIX_LAG_0"": 0.5461587111265565, ""DURATION_STATE_0"": 2.2891742673129252e-84, ""DURATION_STATE_1"": 0.28709854620606295, ""IBOXIG_LAG_0"": 0.6812313489902392, ""JPEICORE_LAG_0"": 0.20677556319572107, ""LBUTTRUU_LAG_0"": 0.802161429118476, ""LT11TRUU_LAG_0"": 0.06635952342220938, ""SPXT_LAG_0"": 0.45873139023847487, ""STATE_LAG_0"": 0.9866832042964101}",wald,1.0,0,{},{},2318,prediction,2017-01-03,2023-12-05,10.0,0.1,1730
multinomial_logistic_gam,0.2009702847203359,0.9343915343915344,0.11072232195810648,2,0,1,4,0.05,2,LT11TRUU_LAG_0|DURATION_STATE_0,0.010512992231102797,True,"{""DBLCIX_LAG_0"": 0.4230297176617718, ""DBLCIX_LAG_1"": 0.22648127067524573, ""DURATION_STATE_0"": 3.137922719055394e-63, ""DURATION_STATE_1"": 0.16286905796728415, ""IBOXIG_LAG_0"": 0.7360921253939046, ""IBOXIG_LAG_1"": 0.31393680791228135, ""JPEICORE_LAG_0"": 0.12879866208559596, ""JPEICORE_LAG_1"": 0.8652051516040629, ""LBUTTRUU_LAG_0"": 0.328016299195552, ""LBUTTRUU_LAG_1"": 0.9594476373811401, ""LT11TRUU_LAG_0"": 0.010512992231102797, ""LT11TRUU_LAG_1"": 0.2515906732974487, ""SPXT_LAG_0"": 0.2528401643335071, ""SPXT_LAG_1"": 0.9386040573974909, ""STATE_LAG_0"": 0.31449185974800287}",wald,1.0,0,{},{},2317,validation,2009-06-02,2016-12-30,0.01,100.0,1890
multinomial_logistic_gam,0.19891095304711642,0.938150289017341,0.10526950637221434,2,0,1,4,0.05,2,LT11TRUU_LAG_0|DURATION_STATE_0,0.010512992231102797,True,"{""DBLCIX_LAG_0"": 0.4230297176617718, ""DBLCIX_LAG_1"": 0.22648127067524573, ""DURATION_STATE_0"": 3.137922719055394e-63, ""DURATION_STATE_1"": 0.16286905796728415, ""IBOXIG_LAG_0"": 0.7360921253939046, ""IBOXIG_LAG_1"": 0.31393680791228135, ""JPEICORE_LAG_0"": 0.12879866208559596, ""JPEICORE_LAG_1"": 0.8652051516040629, ""LBUTTRUU_LAG_0"": 0.328016299195552, ""LBUTTRUU_LAG_1"": 0.9594476373811401, ""LT11TRUU_LAG_0"": 0.010512992231102797, ""LT11TRUU_LAG_1"": 0.2515906732974487, ""SPXT_LAG_0"": 0.2528401643335071, ""SPXT_LAG_1"": 0.9386040573974909, ""STATE_LAG_0"": 0.31449185974800287}",wald,1.0,0,{},{},2317,prediction,2017-01-03,2023-12-05,0.01,100.0,1730
multinomial_logistic_gam,0.19878298512194692,0.9343915343915344,0.10577404847194578,2,0,1,4,0.05,2,LT11TRUU_LAG_0|DURATION_STATE_0,0.010512992231102797,True,"{""DBLCIX_LAG_0"": 0.4230297176617718, ""DBLCIX_LAG_1"": 0.22648127067524573, ""DURATION_STATE_0"": 3.137922719055394e-63, ""DURATION_STATE_1"": 0.16286905796728415, ""IBOXIG_LAG_0"": 0.7360921253939046, ""IBOXIG_LAG_1"": 0.31393680791228135, ""JPEICORE_LAG_0"": 0.12879866208559596, ""JPEICORE_LAG_1"": 0.8652051516040629, ""LBUTTRUU_LAG_0"": 0.328016299195552, ""LBUTTRUU_LAG_1"": 0.9594476373811401, ""LT11TRUU_LAG_0"": 0.010512992231102797, ""LT11TRUU_LAG_1"": 0.2515906732974487, ""SPXT_LAG_0"": 0.2528401643335071, ""SPXT_LAG_1"": 0.9386040573974909, ""STATE_LAG_0"": 0.31449185974800287}",wald,1.0,0,{},{},2317,validation,2009-06-02,2016-12-30,0.1,10.0,1890
multinomial_logistic_gam,0.1915206759971145,0.938150289017341,0.09862325426087251,2,0,1,4,0.05,2,LT11TRUU_LAG_0|DURATION_STATE_0,0.010512992231102797,True,"{""DBLCIX_LAG_0"": 0.4230297176617718, ""DBLCIX_LAG_1"": 0.22648127067524573, ""DURATION_STATE_0"": 3.137922719055394e-63, ""DURATION_STATE_1"": 0.16286905796728415, ""IBOXIG_LAG_0"": 0.7360921253939046, ""IBOXIG_LAG_1"": 0.31393680791228135, ""JPEICORE_LAG_0"": 0.12879866208559596, ""JPEICORE_LAG_1"": 0.8652051516040629, ""LBUTTRUU_LAG_0"": 0.328016299195552, ""LBUTTRUU_LAG_1"": 0.9594476373811401, ""LT11TRUU_LAG_0"": 0.010512992231102797, ""LT11TRUU_LAG_1"": 0.2515906732974487, ""SPXT_LAG_0"": 0.2528401643335071, ""SPXT_LAG_1"": 0.9386040573974909, ""STATE_LAG_0"": 0.31449185974800287}",wald,1.0,0,{},{},2317,prediction,2017-01-03,2023-12-05,0.1,10.0,1730
multinomial_logistic_gam,0.1888035349585292,0.9343915343915344,0.099423464059426,2,0,1,4,0.05,2,LT11TRUU_LAG_0|DURATION_STATE_0,0.010512992231102797,True,"{""DBLCIX_LAG_0"": 0.4230297176617718, ""DBLCIX_LAG_1"": 0.22648127067524573, ""DURATION_STATE_0"": 3.137922719055394e-63, ""DURATION_STATE_1"": 0.16286905796728415, ""IBOXIG_LAG_0"": 0.7360921253939046, ""IBOXIG_LAG_1"": 0.31393680791228135, ""JPEICORE_LAG_0"": 0.12879866208559596, ""JPEICORE_LAG_1"": 0.8652051516040629, ""LBUTTRUU_LAG_0"": 0.328016299195552, ""LBUTTRUU_LAG_1"": 0.9594476373811401, ""LT11TRUU_LAG_0"": 0.010512992231102797, ""LT11TRUU_LAG_1"": 0.2515906732974487, ""SPXT_LAG_0"": 0.2528401643335071, ""SPXT_LAG_1"": 0.9386040573974909, ""STATE_LAG_0"": 0.31449185974800287}",wald,1.0,0,{},{},2317,validation,2009-06-02,2016-12-30,1.0,1.0,1890
multinomial_logistic_gam,0.179924414107481,0.938150289017341,0.09336213942613059,2,0,1,4,0.05,2,LT11TRUU_LAG_0|DURATION_STATE_0,0.010512992231102797,True,"{""DBLCIX_LAG_0"": 0.4230297176617718, ""DBLCIX_LAG_1"": 0.22648127067524573, ""DURATION_STATE_0"": 3.137922719055394e-63, ""DURATION_STATE_1"": 0.16286905796728415, ""IBOXIG_LAG_0"": 0.7360921253939046, ""IBOXIG_LAG_1"": 0.31393680791228135, ""JPEICORE_LAG_0"": 0.12879866208559596, ""JPEICORE_LAG_1"": 0.8652051516040629, ""LBUTTRUU_LAG_0"": 0.328016299195552, ""LBUTTRUU_LAG_1"": 0.9594476373811401, ""LT11TRUU_LAG_0"": 0.010512992231102797, ""LT11TRUU_LAG_1"": 0.2515906732974487, ""SPXT_LAG_0"": 0.2528401643335071, ""SPXT_LAG_1"": 0.9386040573974909, ""STATE_LAG_0"": 0.31449185974800287}",wald,1.0,0,{},{},2317,prediction,2017-01-03,2023-12-05,1.0,1.0,1730
multinomial_logistic_gam,0.18475484017262875,0.9492063492063492,0.0941073874493785,2,0,1,4,0.05,2,LT11TRUU_LAG_0|DURATION_STATE_0,0.010512992231102797,True,"{""DBLCIX_LAG_0"": 0.4230297176617718, ""DBLCIX_LAG_1"": 0.22648127067524573, ""DURATION_STATE_0"": 3.137922719055394e-63, ""DURATION_STATE_1"": 0.16286905796728415, ""IBOXIG_LAG_0"": 0.7360921253939046, ""IBOXIG_LAG_1"": 0.31393680791228135, ""JPEICORE_LAG_0"": 0.12879866208559596, ""JPEICORE_LAG_1"": 0.8652051516040629, ""LBUTTRUU_LAG_0"": 0.328016299195552, ""LBUTTRUU_LAG_1"": 0.9594476373811401, ""LT11TRUU_LAG_0"": 0.010512992231102797, ""LT11TRUU_LAG_1"": 0.2515906732974487, ""SPXT_LAG_0"": 0.2528401643335071, ""SPXT_LAG_1"": 0.9386040573974909, ""STATE_LAG_0"": 0.31449185974800287}",wald,1.0,0,{},{},2317,validation,2009-06-02,2016-12-30,10.0,0.1,1890
multinomial_logistic_gam,0.17588938814553692,0.9520231213872833,0.08972292119220394,2,0,1,4,0.05,2,LT11TRUU_LAG_0|DURATION_STATE_0,0.010512992231102797,True,"{""DBLCIX_LAG_0"": 0.4230297176617718, ""DBLCIX_LAG_1"": 0.22648127067524573, ""DURATION_STATE_0"": 3.137922719055394e-63, ""DURATION_STATE_1"": 0.16286905796728415, ""IBOXIG_LAG_0"": 0.7360921253939046, ""IBOXIG_LAG_1"": 0.31393680791228135, ""JPEICORE_LAG_0"": 0.12879866208559596, ""JPEICORE_LAG_1"": 0.8652051516040629, ""LBUTTRUU_LAG_0"": 0.328016299195552, ""LBUTTRUU_LAG_1"": 0.9594476373811401, ""LT11TRUU_LAG_0"": 0.010512992231102797, ""LT11TRUU_LAG_1"": 0.2515906732974487, ""SPXT_LAG_0"": 0.2528401643335071, ""SPXT_LAG_1"": 0.9386040573974909, ""STATE_LAG_0"": 0.31449185974800287}",wald,1.0,0,{},{},2317,prediction,2017-01-03,2023-12-05,10.0,0.1,1730
multinomial_logistic_gam,0.1695377107698212,0.9507936507936507,0.0884483692739107,2,0,1,6,0.05,15,STATE_LAG_0|SPXT_LAG_0|DBLCIX_LAG_0|IBOXIG_LAG_0|JPEICORE_LAG_0|LT11TRUU_LAG_0|LBUTTRUU_LAG_0|SPXT_LAG_1|DBLCIX_LAG_1|IBOXIG_LAG_1|JPEICORE_LAG_1|LT11TRUU_LAG_1|LBUTTRUU_LAG_1|DURATION_STATE_0|DURATION_STATE_1,0.02,True,"{""DBLCIX_LAG_0"": 0.02, ""DBLCIX_LAG_1"": 0.02, ""DURATION_STATE_0"": 0.02, ""DURATION_STATE_1"": 0.02, ""IBOXIG_LAG_0"": 0.02, ""IBOXIG_LAG_1"": 0.02, ""JPEICORE_LAG_0"": 0.02, ""JPEICORE_LAG_1"": 0.02, ""LBUTTRUU_LAG_0"": 0.02, ""LBUTTRUU_LAG_1"": 0.02, ""LT11TRUU_LAG_0"": 0.02, ""LT11TRUU_LAG_1"": 0.02, ""SPXT_LAG_0"": 0.02, ""SPXT_LAG_1"": 0.02, ""STATE_LAG_0"": 0.02}",regularized_bootstrap,1.0,49,"{""DBLCIX_LAG_0"": 46.92938665214365, ""DBLCIX_LAG_1"": 48.08017779808927, ""DURATION_STATE_0"": 876.1316626897587, ""DURATION_STATE_1"": 874.4554396003598, ""IBOXIG_LAG_0"": 53.641997535122755, ""IBOXIG_LAG_1"": 46.21415863581524, ""JPEICORE_LAG_0"": 34.8672409468943, ""JPEICORE_LAG_1"": 31.891071070606586, ""LBUTTRUU_LAG_0"": 52.697866295007884, ""LBUTTRUU_LAG_1"": 42.64779900816893, ""LT11TRUU_LAG_0"": 104.40754348929693, ""LT11TRUU_LAG_1"": 92.44055249345149, ""SPXT_LAG_0"": 186.00796460837876, ""SPXT_LAG_1"": 175.81694900385924, ""STATE_LAG_0"": 885.1788996992818}","{""DBLCIX_LAG_0"": 49, ""DBLCIX_LAG_1"": 49, ""DURATION_STATE_0"": 49, ""DURATION_STATE_1"": 49, ""IBOXIG_LAG_0"": 49, ""IBOXIG_LAG_1"": 49, ""JPEICORE_LAG_0"": 49, ""JPEICORE_LAG_1"": 49, ""LBUTTRUU_LAG_0"": 49, ""LBUTTRUU_LAG_1"": 49, ""LT11TRUU_LAG_0"": 49, ""LT11TRUU_LAG_1"": 49, ""SPXT_LAG_0"": 49, ""SPXT_LAG_1"": 49, ""STATE_LAG_0"": 49}",2317,validation,2009-06-02,2016-12-30,0.01,100.0,1890
multinomial_logistic_gam,0.17298710381083446,0.9526011560693641,0.08966609617780845,2,0,1,6,0.05,15,STATE_LAG_0|SPXT_LAG_0|DBLCIX_LAG_0|IBOXIG_LAG_0|JPEICORE_LAG_0|LT11TRUU_LAG_0|LBUTTRUU_LAG_0|SPXT_LAG_1|DBLCIX_LAG_1|IBOXIG_LAG_1|JPEICORE_LAG_1|LT11TRUU_LAG_1|LBUTTRUU_LAG_1|DURATION_STATE_0|DURATION_STATE_1,0.02,True,"{""DBLCIX_LAG_0"": 0.02, ""DBLCIX_LAG_1"": 0.02, ""DURATION_STATE_0"": 0.02, ""DURATION_STATE_1"": 0.02, ""IBOXIG_LAG_0"": 0.02, ""IBOXIG_LAG_1"": 0.02, ""JPEICORE_LAG_0"": 0.02, ""JPEICORE_LAG_1"": 0.02, ""LBUTTRUU_LAG_0"": 0.02, ""LBUTTRUU_LAG_1"": 0.02, ""LT11TRUU_LAG_0"": 0.02, ""LT11TRUU_LAG_1"": 0.02, ""SPXT_LAG_0"": 0.02, ""SPXT_LAG_1"": 0.02, ""STATE_LAG_0"": 0.02}",regularized_bootstrap,1.0,49,"{""DBLCIX_LAG_0"": 46.92938665214365, ""DBLCIX_LAG_1"": 48.08017779808927, ""DURATION_STATE_0"": 876.1316626897587, ""DURATION_STATE_1"": 874.4554396003598, ""IBOXIG_LAG_0"": 53.641997535122755, ""IBOXIG_LAG_1"": 46.21415863581524, ""JPEICORE_LAG_0"": 34.8672409468943, ""JPEICORE_LAG_1"": 31.891071070606586, ""LBUTTRUU_LAG_0"": 52.697866295007884, ""LBUTTRUU_LAG_1"": 42.64779900816893, ""LT11TRUU_LAG_0"": 104.40754348929693, ""LT11TRUU_LAG_1"": 92.44055249345149, ""SPXT_LAG_0"": 186.00796460837876, ""SPXT_LAG_1"": 175.81694900385924, ""STATE_LAG_0"": 885.1788996992818}","{""DBLCIX_LAG_0"": 49, ""DBLCIX_LAG_1"": 49, ""DURATION_STATE_0"": 49, ""DURATION_STATE_1"": 49, ""IBOXIG_LAG_0"": 49, ""IBOXIG_LAG_1"": 49, ""JPEICORE_LAG_0"": 49, ""JPEICORE_LAG_1"": 49, ""LBUTTRUU_LAG_0"": 49, ""LBUTTRUU_LAG_1"": 49, ""LT11TRUU_LAG_0"": 49, ""LT11TRUU_LAG_1"": 49, ""SPXT_LAG_0"": 49, ""SPXT_LAG_1"": 49, ""STATE_LAG_0"": 49}",2317,prediction,2017-01-03,2023-12-05,0.01,100.0,1730
multinomial_logistic_gam,0.17218896575717005,0.9507936507936507,0.08805174525222413,2,0,1,6,0.05,15,STATE_LAG_0|SPXT_LAG_0|DBLCIX_LAG_0|IBOXIG_LAG_0|JPEICORE_LAG_0|LT11TRUU_LAG_0|LBUTTRUU_LAG_0|SPXT_LAG_1|DBLCIX_LAG_1|IBOXIG_LAG_1|JPEICORE_LAG_1|LT11TRUU_LAG_1|LBUTTRUU_LAG_1|DURATION_STATE_0|DURATION_STATE_1,0.02,True,"{""DBLCIX_LAG_0"": 0.02, ""DBLCIX_LAG_1"": 0.02, ""DURATION_STATE_0"": 0.02, ""DURATION_STATE_1"": 0.02, ""IBOXIG_LAG_0"": 0.02, ""IBOXIG_LAG_1"": 0.02, ""JPEICORE_LAG_0"": 0.02, ""JPEICORE_LAG_1"": 0.02, ""LBUTTRUU_LAG_0"": 0.02, ""LBUTTRUU_LAG_1"": 0.02, ""LT11TRUU_LAG_0"": 0.02, ""LT11TRUU_LAG_1"": 0.02, ""SPXT_LAG_0"": 0.02, ""SPXT_LAG_1"": 0.02, ""STATE_LAG_0"": 0.02}",regularized_bootstrap,1.0,49,"{""DBLCIX_LAG_0"": 46.92938665214365, ""DBLCIX_LAG_1"": 48.08017779808927, ""DURATION_STATE_0"": 876.1316626897587, ""DURATION_STATE_1"": 874.4554396003598, ""IBOXIG_LAG_0"": 53.641997535122755, ""IBOXIG_LAG_1"": 46.21415863581524, ""JPEICORE_LAG_0"": 34.8672409468943, ""JPEICORE_LAG_1"": 31.891071070606586, ""LBUTTRUU_LAG_0"": 52.697866295007884, ""LBUTTRUU_LAG_1"": 42.64779900816893, ""LT11TRUU_LAG_0"": 104.40754348929693, ""LT11TRUU_LAG_1"": 92.44055249345149, ""SPXT_LAG_0"": 186.00796460837876, ""SPXT_LAG_1"": 175.81694900385924, ""STATE_LAG_0"": 885.1788996992818}","{""DBLCIX_LAG_0"": 49, ""DBLCIX_LAG_1"": 49, ""DURATION_STATE_0"": 49, ""DURATION_STATE_1"": 49, ""IBOXIG_LAG_0"": 49, ""IBOXIG_LAG_1"": 49, ""JPEICORE_LAG_0"": 49, ""JPEICORE_LAG_1"": 49, ""LBUTTRUU_LAG_0"": 49, ""LBUTTRUU_LAG_1"": 49, ""LT11TRUU_LAG_0"": 49, ""LT11TRUU_LAG_1"": 49, ""SPXT_LAG_0"": 49, ""SPXT_LAG_1"": 49, ""STATE_LAG_0"": 49}",2317,validation,2009-06-02,2016-12-30,0.1,10.0,1890
multinomial_logistic_gam,0.17295401049294445,0.9526011560693641,0.08749577976717528,2,0,1,6,0.05,15,STATE_LAG_0|SPXT_LAG_0|DBLCIX_LAG_0|IBOXIG_LAG_0|JPEICORE_LAG_0|LT11TRUU_LAG_0|LBUTTRUU_LAG_0|SPXT_LAG_1|DBLCIX_LAG_1|IBOXIG_LAG_1|JPEICORE_LAG_1|LT11TRUU_LAG_1|LBUTTRUU_LAG_1|DURATION_STATE_0|DURATION_STATE_1,0.02,True,"{""DBLCIX_LAG_0"": 0.02, ""DBLCIX_LAG_1"": 0.02, ""DURATION_STATE_0"": 0.02, ""DURATION_STATE_1"": 0.02, ""IBOXIG_LAG_0"": 0.02, ""IBOXIG_LAG_1"": 0.02, ""JPEICORE_LAG_0"": 0.02, ""JPEICORE_LAG_1"": 0.02, ""LBUTTRUU_LAG_0"": 0.02, ""LBUTTRUU_LAG_1"": 0.02, ""LT11TRUU_LAG_0"": 0.02, ""LT11TRUU_LAG_1"": 0.02, ""SPXT_LAG_0"": 0.02, ""SPXT_LAG_1"": 0.02, ""STATE_LAG_0"": 0.02}",regularized_bootstrap,1.0,49,"{""DBLCIX_LAG_0"": 46.92938665214365, ""DBLCIX_LAG_1"": 48.08017779808927, ""DURATION_STATE_0"": 876.1316626897587, ""DURATION_STATE_1"": 874.4554396003598, ""IBOXIG_LAG_0"": 53.641997535122755, ""IBOXIG_LAG_1"": 46.21415863581524, ""JPEICORE_LAG_0"": 34.8672409468943, ""JPEICORE_LAG_1"": 31.891071070606586, ""LBUTTRUU_LAG_0"": 52.697866295007884, ""LBUTTRUU_LAG_1"": 42.64779900816893, ""LT11TRUU_LAG_0"": 104.40754348929693, ""LT11TRUU_LAG_1"": 92.44055249345149, ""SPXT_LAG_0"": 186.00796460837876, ""SPXT_LAG_1"": 175.81694900385924, ""STATE_LAG_0"": 885.1788996992818}","{""DBLCIX_LAG_0"": 49, ""DBLCIX_LAG_1"": 49, ""DURATION_STATE_0"": 49, ""DURATION_STATE_1"": 49, ""IBOXIG_LAG_0"": 49, ""IBOXIG_LAG_1"": 49, ""JPEICORE_LAG_0"": 49, ""JPEICORE_LAG_1"": 49, ""LBUTTRUU_LAG_0"": 49, ""LBUTTRUU_LAG_1"": 49, ""LT11TRUU_LAG_0"": 49, ""LT11TRUU_LAG_1"": 49, ""SPXT_LAG_0"": 49, ""SPXT_LAG_1"": 49, ""STATE_LAG_0"": 49}",2317,prediction,2017-01-03,2023-12-05,0.1,10.0,1730
multinomial_logistic_gam,0.18313739016154446,0.9513227513227513,0.09037377789627138,2,0,1,6,0.05,15,STATE_LAG_0|SPXT_LAG_0|DBLCIX_LAG_0|IBOXIG_LAG_0|JPEICORE_LAG_0|LT11TRUU_LAG_0|LBUTTRUU_LAG_0|SPXT_LAG_1|DBLCIX_LAG_1|IBOXIG_LAG_1|JPEICORE_LAG_1|LT11TRUU_LAG_1|LBUTTRUU_LAG_1|DURATION_STATE_0|DURATION_STATE_1,0.02,True,"{""DBLCIX_LAG_0"": 0.02, ""DBLCIX_LAG_1"": 0.02, ""DURATION_STATE_0"": 0.02, ""DURATION_STATE_1"": 0.02, ""IBOXIG_LAG_0"": 0.02, ""IBOXIG_LAG_1"": 0.02, ""JPEICORE_LAG_0"": 0.02, ""JPEICORE_LAG_1"": 0.02, ""LBUTTRUU_LAG_0"": 0.02, ""LBUTTRUU_LAG_1"": 0.02, ""LT11TRUU_LAG_0"": 0.02, ""LT11TRUU_LAG_1"": 0.02, ""SPXT_LAG_0"": 0.02, ""SPXT_LAG_1"": 0.02, ""STATE_LAG_0"": 0.02}",regularized_bootstrap,1.0,49,"{""DBLCIX_LAG_0"": 46.92938665214365, ""DBLCIX_LAG_1"": 48.08017779808927, ""DURATION_STATE_0"": 876.1316626897587, ""DURATION_STATE_1"": 874.4554396003598, ""IBOXIG_LAG_0"": 53.641997535122755, ""IBOXIG_LAG_1"": 46.21415863581524, ""JPEICORE_LAG_0"": 34.8672409468943, ""JPEICORE_LAG_1"": 31.891071070606586, ""LBUTTRUU_LAG_0"": 52.697866295007884, ""LBUTTRUU_LAG_1"": 42.64779900816893, ""LT11TRUU_LAG_0"": 104.40754348929693, ""LT11TRUU_LAG_1"": 92.44055249345149, ""SPXT_LAG_0"": 186.00796460837876, ""SPXT_LAG_1"": 175.81694900385924, ""STATE_LAG_0"": 885.1788996992818}","{""DBLCIX_LAG_0"": 49, ""DBLCIX_LAG_1"": 49, ""DURATION_STATE_0"": 49, ""DURATION_STATE_1"": 49, ""IBOXIG_LAG_0"": 49, ""IBOXIG_LAG_1"": 49, ""JPEICORE_LAG_0"": 49, ""JPEICORE_LAG_1"": 49, ""LBUTTRUU_LAG_0"": 49, ""LBUTTRUU_LAG_1"": 49, ""LT11TRUU_LAG_0"": 49, ""LT11TRUU_LAG_1"": 49, ""SPXT_LAG_0"": 49, ""SPXT_LAG_1"": 49, ""STATE_LAG_0"": 49}",2317,validation,2009-06-02,2016-12-30,1.0,1.0,1890
multinomial_logistic_gam,0.18554004969998064,0.9520231213872833,0.09057787578776266,2,0,1,6,0.05,15,STATE_LAG_0|SPXT_LAG_0|DBLCIX_LAG_0|IBOXIG_LAG_0|JPEICORE_LAG_0|LT11TRUU_LAG_0|LBUTTRUU_LAG_0|SPXT_LAG_1|DBLCIX_LAG_1|IBOXIG_LAG_1|JPEICORE_LAG_1|LT11TRUU_LAG_1|LBUTTRUU_LAG_1|DURATION_STATE_0|DURATION_STATE_1,0.02,True,"{""DBLCIX_LAG_0"": 0.02, ""DBLCIX_LAG_1"": 0.02, ""DURATION_STATE_0"": 0.02, ""DURATION_STATE_1"": 0.02, ""IBOXIG_LAG_0"": 0.02, ""IBOXIG_LAG_1"": 0.02, ""JPEICORE_LAG_0"": 0.02, ""JPEICORE_LAG_1"": 0.02, ""LBUTTRUU_LAG_0"": 0.02, ""LBUTTRUU_LAG_1"": 0.02, ""LT11TRUU_LAG_0"": 0.02, ""LT11TRUU_LAG_1"": 0.02, ""SPXT_LAG_0"": 0.02, ""SPXT_LAG_1"": 0.02, ""STATE_LAG_0"": 0.02}",regularized_bootstrap,1.0,49,"{""DBLCIX_LAG_0"": 46.92938665214365, ""DBLCIX_LAG_1"": 48.08017779808927, ""DURATION_STATE_0"": 876.1316626897587, ""DURATION_STATE_1"": 874.4554396003598, ""IBOXIG_LAG_0"": 53.641997535122755, ""IBOXIG_LAG_1"": 46.21415863581524, ""JPEICORE_LAG_0"": 34.8672409468943, ""JPEICORE_LAG_1"": 31.891071070606586, ""LBUTTRUU_LAG_0"": 52.697866295007884, ""LBUTTRUU_LAG_1"": 42.64779900816893, ""LT11TRUU_LAG_0"": 104.40754348929693, ""LT11TRUU_LAG_1"": 92.44055249345149, ""SPXT_LAG_0"": 186.00796460837876, ""SPXT_LAG_1"": 175.81694900385924, ""STATE_LAG_0"": 885.1788996992818}","{""DBLCIX_LAG_0"": 49, ""DBLCIX_LAG_1"": 49, ""DURATION_STATE_0"": 49, ""DURATION_STATE_1"": 49, ""IBOXIG_LAG_0"": 49, ""IBOXIG_LAG_1"": 49, ""JPEICORE_LAG_0"": 49, ""JPEICORE_LAG_1"": 49, ""LBUTTRUU_LAG_0"": 49, ""LBUTTRUU_LAG_1"": 49, ""LT11TRUU_LAG_0"": 49, ""LT11TRUU_LAG_1"": 49, ""SPXT_LAG_0"": 49, ""SPXT_LAG_1"": 49, ""STATE_LAG_0"": 49}",2317,prediction,2017-01-03,2023-12-05,1.0,1.0,1730
multinomial_logistic_gam,0.2150749328280822,0.9507936507936507,0.09516471089904778,2,0,1,6,0.05,15,STATE_LAG_0|SPXT_LAG_0|DBLCIX_LAG_0|IBOXIG_LAG_0|JPEICORE_LAG_0|LT11TRUU_LAG_0|LBUTTRUU_LAG_0|SPXT_LAG_1|DBLCIX_LAG_1|IBOXIG_LAG_1|JPEICORE_LAG_1|LT11TRUU_LAG_1|LBUTTRUU_LAG_1|DURATION_STATE_0|DURATION_STATE_1,0.02,True,"{""DBLCIX_LAG_0"": 0.02, ""DBLCIX_LAG_1"": 0.02, ""DURATION_STATE_0"": 0.02, ""DURATION_STATE_1"": 0.02, ""IBOXIG_LAG_0"": 0.02, ""IBOXIG_LAG_1"": 0.02, ""JPEICORE_LAG_0"": 0.02, ""JPEICORE_LAG_1"": 0.02, ""LBUTTRUU_LAG_0"": 0.02, ""LBUTTRUU_LAG_1"": 0.02, ""LT11TRUU_LAG_0"": 0.02, ""LT11TRUU_LAG_1"": 0.02, ""SPXT_LAG_0"": 0.02, ""SPXT_LAG_1"": 0.02, ""STATE_LAG_0"": 0.02}",regularized_bootstrap,1.0,49,"{""DBLCIX_LAG_0"": 46.92938665214365, ""DBLCIX_LAG_1"": 48.08017779808927, ""DURATION_STATE_0"": 876.1316626897587, ""DURATION_STATE_1"": 874.4554396003598, ""IBOXIG_LAG_0"": 53.641997535122755, ""IBOXIG_LAG_1"": 46.21415863581524, ""JPEICORE_LAG_0"": 34.8672409468943, ""JPEICORE_LAG_1"": 31.891071070606586, ""LBUTTRUU_LAG_0"": 52.697866295007884, ""LBUTTRUU_LAG_1"": 42.64779900816893, ""LT11TRUU_LAG_0"": 104.40754348929693, ""LT11TRUU_LAG_1"": 92.44055249345149, ""SPXT_LAG_0"": 186.00796460837876, ""SPXT_LAG_1"": 175.81694900385924, ""STATE_LAG_0"": 885.1788996992818}","{""DBLCIX_LAG_0"": 49, ""DBLCIX_LAG_1"": 49, ""DURATION_STATE_0"": 49, ""DURATION_STATE_1"": 49, ""IBOXIG_LAG_0"": 49, ""IBOXIG_LAG_1"": 49, ""JPEICORE_LAG_0"": 49, ""JPEICORE_LAG_1"": 49, ""LBUTTRUU_LAG_0"": 49, ""LBUTTRUU_LAG_1"": 49, ""LT11TRUU_LAG_0"": 49, ""LT11TRUU_LAG_1"": 49, ""SPXT_LAG_0"": 49, ""SPXT_LAG_1"": 49, ""STATE_LAG_0"": 49}",2317,validation,2009-06-02,2016-12-30,10.0,0.1,1890
multinomial_logistic_gam,0.2247818979666761,0.946242774566474,0.10062634560803768,2,0,1,6,0.05,15,STATE_LAG_0|SPXT_LAG_0|DBLCIX_LAG_0|IBOXIG_LAG_0|JPEICORE_LAG_0|LT11TRUU_LAG_0|LBUTTRUU_LAG_0|SPXT_LAG_1|DBLCIX_LAG_1|IBOXIG_LAG_1|JPEICORE_LAG_1|LT11TRUU_LAG_1|LBUTTRUU_LAG_1|DURATION_STATE_0|DURATION_STATE_1,0.02,True,"{""DBLCIX_LAG_0"": 0.02, ""DBLCIX_LAG_1"": 0.02, ""DURATION_STATE_0"": 0.02, ""DURATION_STATE_1"": 0.02, ""IBOXIG_LAG_0"": 0.02, ""IBOXIG_LAG_1"": 0.02, ""JPEICORE_LAG_0"": 0.02, ""JPEICORE_LAG_1"": 0.02, ""LBUTTRUU_LAG_0"": 0.02, ""LBUTTRUU_LAG_1"": 0.02, ""LT11TRUU_LAG_0"": 0.02, ""LT11TRUU_LAG_1"": 0.02, ""SPXT_LAG_0"": 0.02, ""SPXT_LAG_1"": 0.02, ""STATE_LAG_0"": 0.02}",regularized_bootstrap,1.0,49,"{""DBLCIX_LAG_0"": 46.92938665214365, ""DBLCIX_LAG_1"": 48.08017779808927, ""DURATION_STATE_0"": 876.1316626897587, ""DURATION_STATE_1"": 874.4554396003598, ""IBOXIG_LAG_0"": 53.641997535122755, ""IBOXIG_LAG_1"": 46.21415863581524, ""JPEICORE_LAG_0"": 34.8672409468943, ""JPEICORE_LAG_1"": 31.891071070606586, ""LBUTTRUU_LAG_0"": 52.697866295007884, ""LBUTTRUU_LAG_1"": 42.64779900816893, ""LT11TRUU_LAG_0"": 104.40754348929693, ""LT11TRUU_LAG_1"": 92.44055249345149, ""SPXT_LAG_0"": 186.00796460837876, ""SPXT_LAG_1"": 175.81694900385924, ""STATE_LAG_0"": 885.1788996992818}","{""DBLCIX_LAG_0"": 49, ""DBLCIX_LAG_1"": 49, ""DURATION_STATE_0"": 49, ""DURATION_STATE_1"": 49, ""IBOXIG_LAG_0"": 49, ""IBOXIG_LAG_1"": 49, ""JPEICORE_LAG_0"": 49, ""JPEICORE_LAG_1"": 49, ""LBUTTRUU_LAG_0"": 49, ""LBUTTRUU_LAG_1"": 49, ""LT11TRUU_LAG_0"": 49, ""LT11TRUU_LAG_1"": 49, ""SPXT_LAG_0"": 49, ""SPXT_LAG_1"": 49, ""STATE_LAG_0"": 49}",2317,prediction,2017-01-03,2023-12-05,10.0,0.1,1730
multinomial_logistic_gam,0.2012461249174124,0.9343915343915344,0.11094732504132304,2,0,2,4,0.05,2,LT11TRUU_LAG_0|DURATION_STATE_0,0.007749616631584836,True,"{""DBLCIX_LAG_0"": 0.38143977718507066, ""DBLCIX_LAG_1"": 0.27357588503717184, ""DBLCIX_LAG_2"": 0.9994569853937181, ""DURATION_STATE_0"": 1.1069858782045662e-59, ""DURATION_STATE_1"": 0.07717238544494238, ""IBOXIG_LAG_0"": 0.8286772851135473, ""IBOXIG_LAG_1"": 0.16933418369220957, ""IBOXIG_LAG_2"": 0.9993241428599077, ""JPEICORE_LAG_0"": 0.07911489804736441, ""JPEICORE_LAG_1"": 0.845250949409976, ""JPEICORE_LAG_2"": 0.9401032441471442, ""LBUTTRUU_LAG_0"": 0.40628367815470523, ""LBUTTRUU_LAG_1"": 0.9852242897019698, ""LBUTTRUU_LAG_2"": 0.9967361769136635, ""LT11TRUU_LAG_0"": 0.007749616631584836, ""LT11TRUU_LAG_1"": 0.337708093743592, ""LT11TRUU_LAG_2"": 0.29908421182081985, ""SPXT_LAG_0"": 0.4377354265920541, ""SPXT_LAG_1"": 0.6623538759986605, ""SPXT_LAG_2"": 0.7325531248006085, ""STATE_LAG_0"": 0.7609342240343173}",wald,1.0,0,{},{},2316,validation,2009-06-02,2016-12-30,0.01,100.0,1890
multinomial_logistic_gam,0.19893370872319444,0.938150289017341,0.10534186896731985,2,0,2,4,0.05,2,LT11TRUU_LAG_0|DURATION_STATE_0,0.007749616631584836,True,"{""DBLCIX_LAG_0"": 0.38143977718507066, ""DBLCIX_LAG_1"": 0.27357588503717184, ""DBLCIX_LAG_2"": 0.9994569853937181, ""DURATION_STATE_0"": 1.1069858782045662e-59, ""DURATION_STATE_1"": 0.07717238544494238, ""IBOXIG_LAG_0"": 0.8286772851135473, ""IBOXIG_LAG_1"": 0.16933418369220957, ""IBOXIG_LAG_2"": 0.9993241428599077, ""JPEICORE_LAG_0"": 0.07911489804736441, ""JPEICORE_LAG_1"": 0.845250949409976, ""JPEICORE_LAG_2"": 0.9401032441471442, ""LBUTTRUU_LAG_0"": 0.40628367815470523, ""LBUTTRUU_LAG_1"": 0.9852242897019698, ""LBUTTRUU_LAG_2"": 0.9967361769136635, ""LT11TRUU_LAG_0"": 0.007749616631584836, ""LT11TRUU_LAG_1"": 0.337708093743592, ""LT11TRUU_LAG_2"": 0.29908421182081985, ""SPXT_LAG_0"": 0.4377354265920541, ""SPXT_LAG_1"": 0.6623538759986605, ""SPXT_LAG_2"": 0.7325531248006085, ""STATE_LAG_0"": 0.7609342240343173}",wald,1.0,0,{},{},2316,prediction,2017-01-03,2023-12-05,0.01,100.0,1730
multinomial_logistic_gam,0.19948061505371323,0.9343915343915344,0.10614769715734977,2,0,2,4,0.05,2,LT11TRUU_LAG_0|DURATION_STATE_0,0.007749616631584836,True,"{""DBLCIX_LAG_0"": 0.38143977718507066, ""DBLCIX_LAG_1"": 0.27357588503717184, ""DBLCIX_LAG_2"": 0.9994569853937181, ""DURATION_STATE_0"": 1.1069858782045662e-59, ""DURATION_STATE_1"": 0.07717238544494238, ""IBOXIG_LAG_0"": 0.8286772851135473, ""IBOXIG_LAG_1"": 0.16933418369220957, ""IBOXIG_LAG_2"": 0.9993241428599077, ""JPEICORE_LAG_0"": 0.07911489804736441, ""JPEICORE_LAG_1"": 0.845250949409976, ""JPEICORE_LAG_2"": 0.9401032441471442, ""LBUTTRUU_LAG_0"": 0.40628367815470523, ""LBUTTRUU_LAG_1"": 0.9852242897019698, ""LBUTTRUU_LAG_2"": 0.9967361769136635, ""LT11TRUU_LAG_0"": 0.007749616631584836, ""LT11TRUU_LAG_1"": 0.337708093743592, ""LT11TRUU_LAG_2"": 0.29908421182081985, ""SPXT_LAG_0"": 0.4377354265920541, ""SPXT_LAG_1"": 0.6623538759986605, ""SPXT_LAG_2"": 0.7325531248006085, ""STATE_LAG_0"": 0.7609342240343173}",wald,1.0,0,{},{},2316,validation,2009-06-02,2016-12-30,0.1,10.0,1890
multinomial_logistic_gam,0.19186798407902728,0.938150289017341,0.09887001780617119,2,0,2,4,0.05,2,LT11TRUU_LAG_0|DURATION_STATE_0,0.007749616631584836,True,"{""DBLCIX_LAG_0"": 0.38143977718507066, ""DBLCIX_LAG_1"": 0.27357588503717184, ""DBLCIX_LAG_2"": 0.9994569853937181, ""DURATION_STATE_0"": 1.1069858782045662e-59, ""DURATION_STATE_1"": 0.07717238544494238, ""IBOXIG_LAG_0"": 0.8286772851135473, ""IBOXIG_LAG_1"": 0.16933418369220957, ""IBOXIG_LAG_2"": 0.9993241428599077, ""JPEICORE_LAG_0"": 0.07911489804736441, ""JPEICORE_LAG_1"": 0.845250949409976, ""JPEICORE_LAG_2"": 0.9401032441471442, ""LBUTTRUU_LAG_0"": 0.40628367815470523, ""LBUTTRUU_LAG_1"": 0.9852242897019698, ""LBUTTRUU_LAG_2"": 0.9967361769136635, ""LT11TRUU_LAG_0"": 0.007749616631584836, ""LT11TRUU_LAG_1"": 0.337708093743592, ""LT11TRUU_LAG_2"": 0.29908421182081985, ""SPXT_LAG_0"": 0.4377354265920541, ""SPXT_LAG_1"": 0.6623538759986605, ""SPXT_LAG_2"": 0.7325531248006085, ""STATE_LAG_0"": 0.7609342240343173}",wald,1.0,0,{},{},2316,prediction,2017-01-03,2023-12-05,0.1,10.0,1730
multinomial_logistic_gam,0.18970628072699341,0.9343915343915344,0.09980786034969955,2,0,2,4,0.05,2,LT11TRUU_LAG_0|DURATION_STATE_0,0.007749616631584836,True,"{""DBLCIX_LAG_0"": 0.38143977718507066, ""DBLCIX_LAG_1"": 0.27357588503717184, ""DBLCIX_LAG_2"": 0.9994569853937181, ""DURATION_STATE_0"": 1.1069858782045662e-59, ""DURATION_STATE_1"": 0.07717238544494238, ""IBOXIG_LAG_0"": 0.8286772851135473, ""IBOXIG_LAG_1"": 0.16933418369220957, ""IBOXIG_LAG_2"": 0.9993241428599077, ""JPEICORE_LAG_0"": 0.07911489804736441, ""JPEICORE_LAG_1"": 0.845250949409976, ""JPEICORE_LAG_2"": 0.9401032441471442, ""LBUTTRUU_LAG_0"": 0.40628367815470523, ""LBUTTRUU_LAG_1"": 0.9852242897019698, ""LBUTTRUU_LAG_2"": 0.9967361769136635, ""LT11TRUU_LAG_0"": 0.007749616631584836, ""LT11TRUU_LAG_1"": 0.337708093743592, ""LT11TRUU_LAG_2"": 0.29908421182081985, ""SPXT_LAG_0"": 0.4377354265920541, ""SPXT_LAG_1"": 0.6623538759986605, ""SPXT_LAG_2"": 0.7325531248006085, ""STATE_LAG_0"": 0.7609342240343173}",wald,1.0,0,{},{},2316,validation,2009-06-02,2016-12-30,1.0,1.0,1890
multinomial_logistic_gam,0.180454070570826,0.938150289017341,0.09365578566496228,2,0,2,4,0.05,2,LT11TRUU_LAG_0|DURATION_STATE_0,0.007749616631584836,True,"{""DBLCIX_LAG_0"": 0.38143977718507066, ""DBLCIX_LAG_1"": 0.27357588503717184, ""DBLCIX_LAG_2"": 0.9994569853937181, ""DURATION_STATE_0"": 1.1069858782045662e-59, ""DURATION_STATE_1"": 0.07717238544494238, ""IBOXIG_LAG_0"": 0.8286772851135473, ""IBOXIG_LAG_1"": 0.16933418369220957, ""IBOXIG_LAG_2"": 0.9993241428599077, ""JPEICORE_LAG_0"": 0.07911489804736441, ""JPEICORE_LAG_1"": 0.845250949409976, ""JPEICORE_LAG_2"": 0.9401032441471442, ""LBUTTRUU_LAG_0"": 0.40628367815470523, ""LBUTTRUU_LAG_1"": 0.9852242897019698, ""LBUTTRUU_LAG_2"": 0.9967361769136635, ""LT11TRUU_LAG_0"": 0.007749616631584836, ""LT11TRUU_LAG_1"": 0.337708093743592, ""LT11TRUU_LAG_2"": 0.29908421182081985, ""SPXT_LAG_0"": 0.4377354265920541, ""SPXT_LAG_1"": 0.6623538759986605, ""SPXT_LAG_2"": 0.7325531248006085, ""STATE_LAG_0"": 0.7609342240343173}",wald,1.0,0,{},{},2316,prediction,2017-01-03,2023-12-05,1.0,1.0,1730
multinomial_logistic_gam,0.18512686494015948,0.9465608465608466,0.09409226309669588,2,0,2,4,0.05,2,LT11TRUU_LAG_0|DURATION_STATE_0,0.007749616631584836,True,"{""DBLCIX_LAG_0"": 0.38143977718507066, ""DBLCIX_LAG_1"": 0.27357588503717184, ""DBLCIX_LAG_2"": 0.9994569853937181, ""DURATION_STATE_0"": 1.1069858782045662e-59, ""DURATION_STATE_1"": 0.07717238544494238, ""IBOXIG_LAG_0"": 0.8286772851135473, ""IBOXIG_LAG_1"": 0.16933418369220957, ""IBOXIG_LAG_2"": 0.9993241428599077, ""JPEICORE_LAG_0"": 0.07911489804736441, ""JPEICORE_LAG_1"": 0.845250949409976, ""JPEICORE_LAG_2"": 0.9401032441471442, ""LBUTTRUU_LAG_0"": 0.40628367815470523, ""LBUTTRUU_LAG_1"": 0.9852242897019698, ""LBUTTRUU_LAG_2"": 0.9967361769136635, ""LT11TRUU_LAG_0"": 0.007749616631584836, ""LT11TRUU_LAG_1"": 0.337708093743592, ""LT11TRUU_LAG_2"": 0.29908421182081985, ""SPXT_LAG_0"": 0.4377354265920541, ""SPXT_LAG_1"": 0.6623538759986605, ""SPXT_LAG_2"": 0.7325531248006085, ""STATE_LAG_0"": 0.7609342240343173}",wald,1.0,0,{},{},2316,validation,2009-06-02,2016-12-30,10.0,0.1,1890
multinomial_logistic_gam,0.17567934712380395,0.9520231213872833,0.08959416791512291,2,0,2,4,0.05,2,LT11TRUU_LAG_0|DURATION_STATE_0,0.007749616631584836,True,"{""DBLCIX_LAG_0"": 0.38143977718507066, ""DBLCIX_LAG_1"": 0.27357588503717184, ""DBLCIX_LAG_2"": 0.9994569853937181, ""DURATION_STATE_0"": 1.1069858782045662e-59, ""DURATION_STATE_1"": 0.07717238544494238, ""IBOXIG_LAG_0"": 0.8286772851135473, ""IBOXIG_LAG_1"": 0.16933418369220957, ""IBOXIG_LAG_2"": 0.9993241428599077, ""JPEICORE_LAG_0"": 0.07911489804736441, ""JPEICORE_LAG_1"": 0.845250949409976, ""JPEICORE_LAG_2"": 0.9401032441471442, ""LBUTTRUU_LAG_0"": 0.40628367815470523, ""LBUTTRUU_LAG_1"": 0.9852242897019698, ""LBUTTRUU_LAG_2"": 0.9967361769136635, ""LT11TRUU_LAG_0"": 0.007749616631584836, ""LT11TRUU_LAG_1"": 0.337708093743592, ""LT11TRUU_LAG_2"": 0.29908421182081985, ""SPXT_LAG_0"": 0.4377354265920541, ""SPXT_LAG_1"": 0.6623538759986605, ""SPXT_LAG_2"": 0.7325531248006085, ""STATE_LAG_0"": 0.7609342240343173}",wald,1.0,0,{},{},2316,prediction,2017-01-03,2023-12-05,10.0,0.1,1730
multinomial_logistic_gam,0.16872661053185856,0.9507936507936507,0.08783313760081818,2,0,2,6,0.05,21,STATE_LAG_0|SPXT_LAG_0|DBLCIX_LAG_0|IBOXIG_LAG_0|JPEICORE_LAG_0|LT11TRUU_LAG_0|LBUTTRUU_LAG_0|SPXT_LAG_1|DBLCIX_LAG_1|IBOXIG_LAG_1|JPEICORE_LAG_1|LT11TRUU_LAG_1|LBUTTRUU_LAG_1|SPXT_LAG_2|DBLCIX_LAG_2|IBOXIG_LAG_2|JPEICORE_LAG_2|LT11TRUU_LAG_2|LBUTTRUU_LAG_2|DURATION_STATE_0|DURATION_STATE_1,0.02,True,"{""DBLCIX_LAG_0"": 0.02, ""DBLCIX_LAG_1"": 0.02, ""DBLCIX_LAG_2"": 0.02, ""DURATION_STATE_0"": 0.02, ""DURATION_STATE_1"": 0.02, ""IBOXIG_LAG_0"": 0.02, ""IBOXIG_LAG_1"": 0.02, ""IBOXIG_LAG_2"": 0.02, ""JPEICORE_LAG_0"": 0.02, ""JPEICORE_LAG_1"": 0.02, ""JPEICORE_LAG_2"": 0.02, ""LBUTTRUU_LAG_0"": 0.02, ""LBUTTRUU_LAG_1"": 0.02, ""LBUTTRUU_LAG_2"": 0.02, ""LT11TRUU_LAG_0"": 0.02, ""LT11TRUU_LAG_1"": 0.02, ""LT11TRUU_LAG_2"": 0.02, ""SPXT_LAG_0"": 0.02, ""SPXT_LAG_1"": 0.02, ""SPXT_LAG_2"": 0.02, ""STATE_LAG_0"": 0.02}",regularized_bootstrap,1.0,49,"{""DBLCIX_LAG_0"": 46.79373313272629, ""DBLCIX_LAG_1"": 48.04544352943901, ""DBLCIX_LAG_2"": 47.177741400262335, ""DURATION_STATE_0"": 878.894128247989, ""DURATION_STATE_1"": 876.4635475533771, ""IBOXIG_LAG_0"": 53.58052025063671, ""IBOXIG_LAG_1"": 46.170513715367406, ""IBOXIG_LAG_2"": 40.250109352310346, ""JPEICORE_LAG_0"": 34.89737284809769, ""JPEICORE_LAG_1"": 31.869179040322024, ""JPEICORE_LAG_2"": 30.795923151905868, ""LBUTTRUU_LAG_0"": 52.64111208485099, ""LBUTTRUU_LAG_1"": 42.668848184626995, ""LBUTTRUU_LAG_2"": 36.56282547062028, ""LT11TRUU_LAG_0"": 104.42409072677731, ""LT11TRUU_LAG_1"": 92.53882057008923, ""LT11TRUU_LAG_2"": 80.29772451290592, ""SPXT_LAG_0"": 187.81338603369545, ""SPXT_LAG_1"": 175.79921677198627, ""SPXT_LAG_2"": 159.5414052723039, ""STATE_LAG_0"": 888.0851344943634}","{""DBLCIX_LAG_0"": 49, ""DBLCIX_LAG_1"": 49, ""DBLCIX_LAG_2"": 49, ""DURATION_STATE_0"": 49, ""DURATION_STATE_1"": 49, ""IBOXIG_LAG_0"": 49, ""IBOXIG_LAG_1"": 49, ""IBOXIG_LAG_2"": 49, ""JPEICORE_LAG_0"": 49, ""JPEICORE_LAG_1"": 49, ""JPEICORE_LAG_2"": 49, ""LBUTTRUU_LAG_0"": 49, ""LBUTTRUU_LAG_1"": 49, ""LBUTTRUU_LAG_2"": 49, ""LT11TRUU_LAG_0"": 49, ""LT11TRUU_LAG_1"": 49, ""LT11TRUU_LAG_2"": 49, ""SPXT_LAG_0"": 49, ""SPXT_LAG_1"": 49, ""SPXT_LAG_2"": 49, ""STATE_LAG_0"": 49}",2316,validation,2009-06-02,2016-12-30,0.01,100.0,1890
multinomial_logistic_gam,0.17240111308641792,0.9520231213872833,0.08926452724390485,2,0,2,6,0.05,21,STATE_LAG_0|SPXT_LAG_0|DBLCIX_LAG_0|IBOXIG_LAG_0|JPEICORE_LAG_0|LT11TRUU_LAG_0|LBUTTRUU_LAG_0|SPXT_LAG_1|DBLCIX_LAG_1|IBOXIG_LAG_1|JPEICORE_LAG_1|LT11TRUU_LAG_1|LBUTTRUU_LAG_1|SPXT_LAG_2|DBLCIX_LAG_2|IBOXIG_LAG_2|JPEICORE_LAG_2|LT11TRUU_LAG_2|LBUTTRUU_LAG_2|DURATION_STATE_0|DURATION_STATE_1,0.02,True,"{""DBLCIX_LAG_0"": 0.02, ""DBLCIX_LAG_1"": 0.02, ""DBLCIX_LAG_2"": 0.02, ""DURATION_STATE_0"": 0.02, ""DURATION_STATE_1"": 0.02, ""IBOXIG_LAG_0"": 0.02, ""IBOXIG_LAG_1"": 0.02, ""IBOXIG_LAG_2"": 0.02, ""JPEICORE_LAG_0"": 0.02, ""JPEICORE_LAG_1"": 0.02, ""JPEICORE_LAG_2"": 0.02, ""LBUTTRUU_LAG_0"": 0.02, ""LBUTTRUU_LAG_1"": 0.02, ""LBUTTRUU_LAG_2"": 0.02, ""LT11TRUU_LAG_0"": 0.02, ""LT11TRUU_LAG_1"": 0.02, ""LT11TRUU_LAG_2"": 0.02, ""SPXT_LAG_0"": 0.02, ""SPXT_LAG_1"": 0.02, ""SPXT_LAG_2"": 0.02, ""STATE_LAG_0"": 0.02}",regularized_bootstrap,1.0,49,"{""DBLCIX_LAG_0"": 46.79373313272629, ""DBLCIX_LAG_1"": 48.04544352943901, ""DBLCIX_LAG_2"": 47.177741400262335, ""DURATION_STATE_0"": 878.894128247989, ""DURATION_STATE_1"": 876.4635475533771, ""IBOXIG_LAG_0"": 53.58052025063671, ""IBOXIG_LAG_1"": 46.170513715367406, ""IBOXIG_LAG_2"": 40.250109352310346, ""JPEICORE_LAG_0"": 34.89737284809769, ""JPEICORE_LAG_1"": 31.869179040322024, ""JPEICORE_LAG_2"": 30.795923151905868, ""LBUTTRUU_LAG_0"": 52.64111208485099, ""LBUTTRUU_LAG_1"": 42.668848184626995, ""LBUTTRUU_LAG_2"": 36.56282547062028, ""LT11TRUU_LAG_0"": 104.42409072677731, ""LT11TRUU_LAG_1"": 92.53882057008923, ""LT11TRUU_LAG_2"": 80.29772451290592, ""SPXT_LAG_0"": 187.81338603369545, ""SPXT_LAG_1"": 175.79921677198627, ""SPXT_LAG_2"": 159.5414052723039, ""STATE_LAG_0"": 888.0851344943634}","{""DBLCIX_LAG_0"": 49, ""DBLCIX_LAG_1"": 49, ""DBLCIX_LAG_2"": 49, ""DURATION_STATE_0"": 49, ""DURATION_STATE_1"": 49, ""IBOXIG_LAG_0"": 49, ""IBOXIG_LAG_1"": 49, ""IBOXIG_LAG_2"": 49, ""JPEICORE_LAG_0"": 49, ""JPEICORE_LAG_1"": 49, ""JPEICORE_LAG_2"": 49, ""LBUTTRUU_LAG_0"": 49, ""LBUTTRUU_LAG_1"": 49, ""LBUTTRUU_LAG_2"": 49, ""LT11TRUU_LAG_0"": 49, ""LT11TRUU_LAG_1"": 49, ""LT11TRUU_LAG_2"": 49, ""SPXT_LAG_0"": 49, ""SPXT_LAG_1"": 49, ""SPXT_LAG_2"": 49, ""STATE_LAG_0"": 49}",2316,prediction,2017-01-03,2023-12-05,0.01,100.0,1730
multinomial_logistic_gam,0.1706567263093065,0.9507936507936507,0.08707222743952063,2,0,2,6,0.05,21,STATE_LAG_0|SPXT_LAG_0|DBLCIX_LAG_0|IBOXIG_LAG_0|JPEICORE_LAG_0|LT11TRUU_LAG_0|LBUTTRUU_LAG_0|SPXT_LAG_1|DBLCIX_LAG_1|IBOXIG_LAG_1|JPEICORE_LAG_1|LT11TRUU_LAG_1|LBUTTRUU_LAG_1|SPXT_LAG_2|DBLCIX_LAG_2|IBOXIG_LAG_2|JPEICORE_LAG_2|LT11TRUU_LAG_2|LBUTTRUU_LAG_2|DURATION_STATE_0|DURATION_STATE_1,0.02,True,"{""DBLCIX_LAG_0"": 0.02, ""DBLCIX_LAG_1"": 0.02, ""DBLCIX_LAG_2"": 0.02, ""DURATION_STATE_0"": 0.02, ""DURATION_STATE_1"": 0.02, ""IBOXIG_LAG_0"": 0.02, ""IBOXIG_LAG_1"": 0.02, ""IBOXIG_LAG_2"": 0.02, ""JPEICORE_LAG_0"": 0.02, ""JPEICORE_LAG_1"": 0.02, ""JPEICORE_LAG_2"": 0.02, ""LBUTTRUU_LAG_0"": 0.02, ""LBUTTRUU_LAG_1"": 0.02, ""LBUTTRUU_LAG_2"": 0.02, ""LT11TRUU_LAG_0"": 0.02, ""LT11TRUU_LAG_1"": 0.02, ""LT11TRUU_LAG_2"": 0.02, ""SPXT_LAG_0"": 0.02, ""SPXT_LAG_1"": 0.02, ""SPXT_LAG_2"": 0.02, ""STATE_LAG_0"": 0.02}",regularized_bootstrap,1.0,49,"{""DBLCIX_LAG_0"": 46.79373313272629, ""DBLCIX_LAG_1"": 48.04544352943901, ""DBLCIX_LAG_2"": 47.177741400262335, ""DURATION_STATE_0"": 878.894128247989, ""DURATION_STATE_1"": 876.4635475533771, ""IBOXIG_LAG_0"": 53.58052025063671, ""IBOXIG_LAG_1"": 46.170513715367406, ""IBOXIG_LAG_2"": 40.250109352310346, ""JPEICORE_LAG_0"": 34.89737284809769, ""JPEICORE_LAG_1"": 31.869179040322024, ""JPEICORE_LAG_2"": 30.795923151905868, ""LBUTTRUU_LAG_0"": 52.64111208485099, ""LBUTTRUU_LAG_1"": 42.668848184626995, ""LBUTTRUU_LAG_2"": 36.56282547062028, ""LT11TRUU_LAG_0"": 104.42409072677731, ""LT11TRUU_LAG_1"": 92.53882057008923, ""LT11TRUU_LAG_2"": 80.29772451290592, ""SPXT_LAG_0"": 187.81338603369545, ""SPXT_LAG_1"": 175.79921677198627, ""SPXT_LAG_2"": 159.5414052723039, ""STATE_LAG_0"": 888.0851344943634}","{""DBLCIX_LAG_0"": 49, ""DBLCIX_LAG_1"": 49, ""DBLCIX_LAG_2"": 49, ""DURATION_STATE_0"": 49, ""DURATION_STATE_1"": 49, ""IBOXIG_LAG_0"": 49, ""IBOXIG_LAG_1"": 49, ""IBOXIG_LAG_2"": 49, ""JPEICORE_LAG_0"": 49, ""JPEICORE_LAG_1"": 49, ""JPEICORE_LAG_2"": 49, ""LBUTTRUU_LAG_0"": 49, ""LBUTTRUU_LAG_1"": 49, ""LBUTTRUU_LAG_2"": 49, ""LT11TRUU_LAG_0"": 49, ""LT11TRUU_LAG_1"": 49, ""LT11TRUU_LAG_2"": 49, ""SPXT_LAG_0"": 49, ""SPXT_LAG_1"": 49, ""SPXT_LAG_2"": 49, ""STATE_LAG_0"": 49}",2316,validation,2009-06-02,2016-12-30,0.1,10.0,1890
multinomial_logistic_gam,0.1730086824191348,0.9520231213872833,0.0872895087195639,2,0,2,6,0.05,21,STATE_LAG_0|SPXT_LAG_0|DBLCIX_LAG_0|IBOXIG_LAG_0|JPEICORE_LAG_0|LT11TRUU_LAG_0|LBUTTRUU_LAG_0|SPXT_LAG_1|DBLCIX_LAG_1|IBOXIG_LAG_1|JPEICORE_LAG_1|LT11TRUU_LAG_1|LBUTTRUU_LAG_1|SPXT_LAG_2|DBLCIX_LAG_2|IBOXIG_LAG_2|JPEICORE_LAG_2|LT11TRUU_LAG_2|LBUTTRUU_LAG_2|DURATION_STATE_0|DURATION_STATE_1,0.02,True,"{""DBLCIX_LAG_0"": 0.02, ""DBLCIX_LAG_1"": 0.02, ""DBLCIX_LAG_2"": 0.02, ""DURATION_STATE_0"": 0.02, ""DURATION_STATE_1"": 0.02, ""IBOXIG_LAG_0"": 0.02, ""IBOXIG_LAG_1"": 0.02, ""IBOXIG_LAG_2"": 0.02, ""JPEICORE_LAG_0"": 0.02, ""JPEICORE_LAG_1"": 0.02, ""JPEICORE_LAG_2"": 0.02, ""LBUTTRUU_LAG_0"": 0.02, ""LBUTTRUU_LAG_1"": 0.02, ""LBUTTRUU_LAG_2"": 0.02, ""LT11TRUU_LAG_0"": 0.02, ""LT11TRUU_LAG_1"": 0.02, ""LT11TRUU_LAG_2"": 0.02, ""SPXT_LAG_0"": 0.02, ""SPXT_LAG_1"": 0.02, ""SPXT_LAG_2"": 0.02, ""STATE_LAG_0"": 0.02}",regularized_bootstrap,1.0,49,"{""DBLCIX_LAG_0"": 46.79373313272629, ""DBLCIX_LAG_1"": 48.04544352943901, ""DBLCIX_LAG_2"": 47.177741400262335, ""DURATION_STATE_0"": 878.894128247989, ""DURATION_STATE_1"": 876.4635475533771, ""IBOXIG_LAG_0"": 53.58052025063671, ""IBOXIG_LAG_1"": 46.170513715367406, ""IBOXIG_LAG_2"": 40.250109352310346, ""JPEICORE_LAG_0"": 34.89737284809769, ""JPEICORE_LAG_1"": 31.869179040322024, ""JPEICORE_LAG_2"": 30.795923151905868, ""LBUTTRUU_LAG_0"": 52.64111208485099, ""LBUTTRUU_LAG_1"": 42.668848184626995, ""LBUTTRUU_LAG_2"": 36.56282547062028, ""LT11TRUU_LAG_0"": 104.42409072677731, ""LT11TRUU_LAG_1"": 92.53882057008923, ""LT11TRUU_LAG_2"": 80.29772451290592, ""SPXT_LAG_0"": 187.81338603369545, ""SPXT_LAG_1"": 175.79921677198627, ""SPXT_LAG_2"": 159.5414052723039, ""STATE_LAG_0"": 888.0851344943634}","{""DBLCIX_LAG_0"": 49, ""DBLCIX_LAG_1"": 49, ""DBLCIX_LAG_2"": 49, ""DURATION_STATE_0"": 49, ""DURATION_STATE_1"": 49, ""IBOXIG_LAG_0"": 49, ""IBOXIG_LAG_1"": 49, ""IBOXIG_LAG_2"": 49, ""JPEICORE_LAG_0"": 49, ""JPEICORE_LAG_1"": 49, ""JPEICORE_LAG_2"": 49, ""LBUTTRUU_LAG_0"": 49, ""LBUTTRUU_LAG_1"": 49, ""LBUTTRUU_LAG_2"": 49, ""LT11TRUU_LAG_0"": 49, ""LT11TRUU_LAG_1"": 49, ""LT11TRUU_LAG_2"": 49, ""SPXT_LAG_0"": 49, ""SPXT_LAG_1"": 49, ""SPXT_LAG_2"": 49, ""STATE_LAG_0"": 49}",2316,prediction,2017-01-03,2023-12-05,0.1,10.0,1730
multinomial_logistic_gam,0.181257309070541,0.9513227513227513,0.08951270131705626,2,0,2,6,0.05,21,STATE_LAG_0|SPXT_LAG_0|DBLCIX_LAG_0|IBOXIG_LAG_0|JPEICORE_LAG_0|LT11TRUU_LAG_0|LBUTTRUU_LAG_0|SPXT_LAG_1|DBLCIX_LAG_1|IBOXIG_LAG_1|JPEICORE_LAG_1|LT11TRUU_LAG_1|LBUTTRUU_LAG_1|SPXT_LAG_2|DBLCIX_LAG_2|IBOXIG_LAG_2|JPEICORE_LAG_2|LT11TRUU_LAG_2|LBUTTRUU_LAG_2|DURATION_STATE_0|DURATION_STATE_1,0.02,True,"{""DBLCIX_LAG_0"": 0.02, ""DBLCIX_LAG_1"": 0.02, ""DBLCIX_LAG_2"": 0.02, ""DURATION_STATE_0"": 0.02, ""DURATION_STATE_1"": 0.02, ""IBOXIG_LAG_0"": 0.02, ""IBOXIG_LAG_1"": 0.02, ""IBOXIG_LAG_2"": 0.02, ""JPEICORE_LAG_0"": 0.02, ""JPEICORE_LAG_1"": 0.02, ""JPEICORE_LAG_2"": 0.02, ""LBUTTRUU_LAG_0"": 0.02, ""LBUTTRUU_LAG_1"": 0.02, ""LBUTTRUU_LAG_2"": 0.02, ""LT11TRUU_LAG_0"": 0.02, ""LT11TRUU_LAG_1"": 0.02, ""LT11TRUU_LAG_2"": 0.02, ""SPXT_LAG_0"": 0.02, ""SPXT_LAG_1"": 0.02, ""SPXT_LAG_2"": 0.02, ""STATE_LAG_0"": 0.02}",regularized_bootstrap,1.0,49,"{""DBLCIX_LAG_0"": 46.79373313272629, ""DBLCIX_LAG_1"": 48.04544352943901, ""DBLCIX_LAG_2"": 47.177741400262335, ""DURATION_STATE_0"": 878.894128247989, ""DURATION_STATE_1"": 876.4635475533771, ""IBOXIG_LAG_0"": 53.58052025063671, ""IBOXIG_LAG_1"": 46.170513715367406, ""IBOXIG_LAG_2"": 40.250109352310346, ""JPEICORE_LAG_0"": 34.89737284809769, ""JPEICORE_LAG_1"": 31.869179040322024, ""JPEICORE_LAG_2"": 30.795923151905868, ""LBUTTRUU_LAG_0"": 52.64111208485099, ""LBUTTRUU_LAG_1"": 42.668848184626995, ""LBUTTRUU_LAG_2"": 36.56282547062028, ""LT11TRUU_LAG_0"": 104.42409072677731, ""LT11TRUU_LAG_1"": 92.53882057008923, ""LT11TRUU_LAG_2"": 80.29772451290592, ""SPXT_LAG_0"": 187.81338603369545, ""SPXT_LAG_1"": 175.79921677198627, ""SPXT_LAG_2"": 159.5414052723039, ""STATE_LAG_0"": 888.0851344943634}","{""DBLCIX_LAG_0"": 49, ""DBLCIX_LAG_1"": 49, ""DBLCIX_LAG_2"": 49, ""DURATION_STATE_0"": 49, ""DURATION_STATE_1"": 49, ""IBOXIG_LAG_0"": 49, ""IBOXIG_LAG_1"": 49, ""IBOXIG_LAG_2"": 49, ""JPEICORE_LAG_0"": 49, ""JPEICORE_LAG_1"": 49, ""JPEICORE_LAG_2"": 49, ""LBUTTRUU_LAG_0"": 49, ""LBUTTRUU_LAG_1"": 49, ""LBUTTRUU_LAG_2"": 49, ""LT11TRUU_LAG_0"": 49, ""LT11TRUU_LAG_1"": 49, ""LT11TRUU_LAG_2"": 49, ""SPXT_LAG_0"": 49, ""SPXT_LAG_1"": 49, ""SPXT_LAG_2"": 49, ""STATE_LAG_0"": 49}",2316,validation,2009-06-02,2016-12-30,1.0,1.0,1890
multinomial_logistic_gam,0.1873441463642949,0.9514450867052023,0.09126917201483917,2,0,2,6,0.05,21,STATE_LAG_0|SPXT_LAG_0|DBLCIX_LAG_0|IBOXIG_LAG_0|JPEICORE_LAG_0|LT11TRUU_LAG_0|LBUTTRUU_LAG_0|SPXT_LAG_1|DBLCIX_LAG_1|IBOXIG_LAG_1|JPEICORE_LAG_1|LT11TRUU_LAG_1|LBUTTRUU_LAG_1|SPXT_LAG_2|DBLCIX_LAG_2|IBOXIG_LAG_2|JPEICORE_LAG_2|LT11TRUU_LAG_2|LBUTTRUU_LAG_2|DURATION_STATE_0|DURATION_STATE_1,0.02,True,"{""DBLCIX_LAG_0"": 0.02, ""DBLCIX_LAG_1"": 0.02, ""DBLCIX_LAG_2"": 0.02, ""DURATION_STATE_0"": 0.02, ""DURATION_STATE_1"": 0.02, ""IBOXIG_LAG_0"": 0.02, ""IBOXIG_LAG_1"": 0.02, ""IBOXIG_LAG_2"": 0.02, ""JPEICORE_LAG_0"": 0.02, ""JPEICORE_LAG_1"": 0.02, ""JPEICORE_LAG_2"": 0.02, ""LBUTTRUU_LAG_0"": 0.02, ""LBUTTRUU_LAG_1"": 0.02, ""LBUTTRUU_LAG_2"": 0.02, ""LT11TRUU_LAG_0"": 0.02, ""LT11TRUU_LAG_1"": 0.02, ""LT11TRUU_LAG_2"": 0.02, ""SPXT_LAG_0"": 0.02, ""SPXT_LAG_1"": 0.02, ""SPXT_LAG_2"": 0.02, ""STATE_LAG_0"": 0.02}",regularized_bootstrap,1.0,49,"{""DBLCIX_LAG_0"": 46.79373313272629, ""DBLCIX_LAG_1"": 48.04544352943901, ""DBLCIX_LAG_2"": 47.177741400262335, ""DURATION_STATE_0"": 878.894128247989, ""DURATION_STATE_1"": 876.4635475533771, ""IBOXIG_LAG_0"": 53.58052025063671, ""IBOXIG_LAG_1"": 46.170513715367406, ""IBOXIG_LAG_2"": 40.250109352310346, ""JPEICORE_LAG_0"": 34.89737284809769, ""JPEICORE_LAG_1"": 31.869179040322024, ""JPEICORE_LAG_2"": 30.795923151905868, ""LBUTTRUU_LAG_0"": 52.64111208485099, ""LBUTTRUU_LAG_1"": 42.668848184626995, ""LBUTTRUU_LAG_2"": 36.56282547062028, ""LT11TRUU_LAG_0"": 104.42409072677731, ""LT11TRUU_LAG_1"": 92.53882057008923, ""LT11TRUU_LAG_2"": 80.29772451290592, ""SPXT_LAG_0"": 187.81338603369545, ""SPXT_LAG_1"": 175.79921677198627, ""SPXT_LAG_2"": 159.5414052723039, ""STATE_LAG_0"": 888.0851344943634}","{""DBLCIX_LAG_0"": 49, ""DBLCIX_LAG_1"": 49, ""DBLCIX_LAG_2"": 49, ""DURATION_STATE_0"": 49, ""DURATION_STATE_1"": 49, ""IBOXIG_LAG_0"": 49, ""IBOXIG_LAG_1"": 49, ""IBOXIG_LAG_2"": 49, ""JPEICORE_LAG_0"": 49, ""JPEICORE_LAG_1"": 49, ""JPEICORE_LAG_2"": 49, ""LBUTTRUU_LAG_0"": 49, ""LBUTTRUU_LAG_1"": 49, ""LBUTTRUU_LAG_2"": 49, ""LT11TRUU_LAG_0"": 49, ""LT11TRUU_LAG_1"": 49, ""LT11TRUU_LAG_2"": 49, ""SPXT_LAG_0"": 49, ""SPXT_LAG_1"": 49, ""SPXT_LAG_2"": 49, ""STATE_LAG_0"": 49}",2316,prediction,2017-01-03,2023-12-05,1.0,1.0,1730
multinomial_logistic_gam,0.21588439734192752,0.9507936507936507,0.0946375765376308,2,0,2,6,0.05,21,STATE_LAG_0|SPXT_LAG_0|DBLCIX_LAG_0|IBOXIG_LAG_0|JPEICORE_LAG_0|LT11TRUU_LAG_0|LBUTTRUU_LAG_0|SPXT_LAG_1|DBLCIX_LAG_1|IBOXIG_LAG_1|JPEICORE_LAG_1|LT11TRUU_LAG_1|LBUTTRUU_LAG_1|SPXT_LAG_2|DBLCIX_LAG_2|IBOXIG_LAG_2|JPEICORE_LAG_2|LT11TRUU_LAG_2|LBUTTRUU_LAG_2|DURATION_STATE_0|DURATION_STATE_1,0.02,True,"{""DBLCIX_LAG_0"": 0.02, ""DBLCIX_LAG_1"": 0.02, ""DBLCIX_LAG_2"": 0.02, ""DURATION_STATE_0"": 0.02, ""DURATION_STATE_1"": 0.02, ""IBOXIG_LAG_0"": 0.02, ""IBOXIG_LAG_1"": 0.02, ""IBOXIG_LAG_2"": 0.02, ""JPEICORE_LAG_0"": 0.02, ""JPEICORE_LAG_1"": 0.02, ""JPEICORE_LAG_2"": 0.02, ""LBUTTRUU_LAG_0"": 0.02, ""LBUTTRUU_LAG_1"": 0.02, ""LBUTTRUU_LAG_2"": 0.02, ""LT11TRUU_LAG_0"": 0.02, ""LT11TRUU_LAG_1"": 0.02, ""LT11TRUU_LAG_2"": 0.02, ""SPXT_LAG_0"": 0.02, ""SPXT_LAG_1"": 0.02, ""SPXT_LAG_2"": 0.02, ""STATE_LAG_0"": 0.02}",regularized_bootstrap,1.0,49,"{""DBLCIX_LAG_0"": 46.79373313272629, ""DBLCIX_LAG_1"": 48.04544352943901, ""DBLCIX_LAG_2"": 47.177741400262335, ""DURATION_STATE_0"": 878.894128247989, ""DURATION_STATE_1"": 876.4635475533771, ""IBOXIG_LAG_0"": 53.58052025063671, ""IBOXIG_LAG_1"": 46.170513715367406, ""IBOXIG_LAG_2"": 40.250109352310346, ""JPEICORE_LAG_0"": 34.89737284809769, ""JPEICORE_LAG_1"": 31.869179040322024, ""JPEICORE_LAG_2"": 30.795923151905868, ""LBUTTRUU_LAG_0"": 52.64111208485099, ""LBUTTRUU_LAG_1"": 42.668848184626995, ""LBUTTRUU_LAG_2"": 36.56282547062028, ""LT11TRUU_LAG_0"": 104.42409072677731, ""LT11TRUU_LAG_1"": 92.53882057008923, ""LT11TRUU_LAG_2"": 80.29772451290592, ""SPXT_LAG_0"": 187.81338603369545, ""SPXT_LAG_1"": 175.79921677198627, ""SPXT_LAG_2"": 159.5414052723039, ""STATE_LAG_0"": 888.0851344943634}","{""DBLCIX_LAG_0"": 49, ""DBLCIX_LAG_1"": 49, ""DBLCIX_LAG_2"": 49, ""DURATION_STATE_0"": 49, ""DURATION_STATE_1"": 49, ""IBOXIG_LAG_0"": 49, ""IBOXIG_LAG_1"": 49, ""IBOXIG_LAG_2"": 49, ""JPEICORE_LAG_0"": 49, ""JPEICORE_LAG_1"": 49, ""JPEICORE_LAG_2"": 49, ""LBUTTRUU_LAG_0"": 49, ""LBUTTRUU_LAG_1"": 49, ""LBUTTRUU_LAG_2"": 49, ""LT11TRUU_LAG_0"": 49, ""LT11TRUU_LAG_1"": 49, ""LT11TRUU_LAG_2"": 49, ""SPXT_LAG_0"": 49, ""SPXT_LAG_1"": 49, ""SPXT_LAG_2"": 49, ""STATE_LAG_0"": 49}",2316,validation,2009-06-02,2016-12-30,10.0,0.1,1890
multinomial_logistic_gam,0.23337468036185877,0.9468208092485549,0.10221195043793929,2,0,2,6,0.05,21,STATE_LAG_0|SPXT_LAG_0|DBLCIX_LAG_0|IBOXIG_LAG_0|JPEICORE_LAG_0|LT11TRUU_LAG_0|LBUTTRUU_LAG_0|SPXT_LAG_1|DBLCIX_LAG_1|IBOXIG_LAG_1|JPEICORE_LAG_1|LT11TRUU_LAG_1|LBUTTRUU_LAG_1|SPXT_LAG_2|DBLCIX_LAG_2|IBOXIG_LAG_2|JPEICORE_LAG_2|LT11TRUU_LAG_2|LBUTTRUU_LAG_2|DURATION_STATE_0|DURATION_STATE_1,0.02,True,"{""DBLCIX_LAG_0"": 0.02, ""DBLCIX_LAG_1"": 0.02, ""DBLCIX_LAG_2"": 0.02, ""DURATION_STATE_0"": 0.02, ""DURATION_STATE_1"": 0.02, ""IBOXIG_LAG_0"": 0.02, ""IBOXIG_LAG_1"": 0.02, ""IBOXIG_LAG_2"": 0.02, ""JPEICORE_LAG_0"": 0.02, ""JPEICORE_LAG_1"": 0.02, ""JPEICORE_LAG_2"": 0.02, ""LBUTTRUU_LAG_0"": 0.02, ""LBUTTRUU_LAG_1"": 0.02, ""LBUTTRUU_LAG_2"": 0.02, ""LT11TRUU_LAG_0"": 0.02, ""LT11TRUU_LAG_1"": 0.02, ""LT11TRUU_LAG_2"": 0.02, ""SPXT_LAG_0"": 0.02, ""SPXT_LAG_1"": 0.02, ""SPXT_LAG_2"": 0.02, ""STATE_LAG_0"": 0.02}",regularized_bootstrap,1.0,49,"{""DBLCIX_LAG_0"": 46.79373313272629, ""DBLCIX_LAG_1"": 48.04544352943901, ""DBLCIX_LAG_2"": 47.177741400262335, ""DURATION_STATE_0"": 878.894128247989, ""DURATION_STATE_1"": 876.4635475533771, ""IBOXIG_LAG_0"": 53.58052025063671, ""IBOXIG_LAG_1"": 46.170513715367406, ""IBOXIG_LAG_2"": 40.250109352310346, ""JPEICORE_LAG_0"": 34.89737284809769, ""JPEICORE_LAG_1"": 31.869179040322024, ""JPEICORE_LAG_2"": 30.795923151905868, ""LBUTTRUU_LAG_0"": 52.64111208485099, ""LBUTTRUU_LAG_1"": 42.668848184626995, ""LBUTTRUU_LAG_2"": 36.56282547062028, ""LT11TRUU_LAG_0"": 104.42409072677731, ""LT11TRUU_LAG_1"": 92.53882057008923, ""LT11TRUU_LAG_2"": 80.29772451290592, ""SPXT_LAG_0"": 187.81338603369545, ""SPXT_LAG_1"": 175.79921677198627, ""SPXT_LAG_2"": 159.5414052723039, ""STATE_LAG_0"": 888.0851344943634}","{""DBLCIX_LAG_0"": 49, ""DBLCIX_LAG_1"": 49, ""DBLCIX_LAG_2"": 49, ""DURATION_STATE_0"": 49, ""DURATION_STATE_1"": 49, ""IBOXIG_LAG_0"": 49, ""IBOXIG_LAG_1"": 49, ""IBOXIG_LAG_2"": 49, ""JPEICORE_LAG_0"": 49, ""JPEICORE_LAG_1"": 49, ""JPEICORE_LAG_2"": 49, ""LBUTTRUU_LAG_0"": 49, ""LBUTTRUU_LAG_1"": 49, ""LBUTTRUU_LAG_2"": 49, ""LT11TRUU_LAG_0"": 49, ""LT11TRUU_LAG_1"": 49, ""LT11TRUU_LAG_2"": 49, ""SPXT_LAG_0"": 49, ""SPXT_LAG_1"": 49, ""SPXT_LAG_2"": 49, ""STATE_LAG_0"": 49}",2316,prediction,2017-01-03,2023-12-05,10.0,0.1,1730
multinomial_logistic_gam,0.17026330020094113,0.9507936507936507,0.08874559738513928,2,1,0,4,0.05,9,STATE_LAG_0|SPXT_LAG_0|DBLCIX_LAG_0|IBOXIG_LAG_0|JPEICORE_LAG_0|LT11TRUU_LAG_0|LBUTTRUU_LAG_0|DURATION_STATE_0|DURATION_STATE_1,0.02,True,"{""DBLCIX_LAG_0"": 0.02, ""DURATION_STATE_0"": 0.02, ""DURATION_STATE_1"": 0.02, ""IBOXIG_LAG_0"": 0.02, ""JPEICORE_LAG_0"": 0.02, ""LBUTTRUU_LAG_0"": 0.02, ""LT11TRUU_LAG_0"": 0.02, ""SPXT_LAG_0"": 0.02, ""STATE_LAG_0"": 0.02, ""STATE_LAG_1"": 0.6}",regularized_bootstrap,1.0,49,"{""DBLCIX_LAG_0"": 41.66544368058783, ""DURATION_STATE_0"": 857.8111366654268, ""DURATION_STATE_1"": 857.0449818007341, ""IBOXIG_LAG_0"": 28.092477346830265, ""JPEICORE_LAG_0"": 16.29093900110115, ""LBUTTRUU_LAG_0"": 24.834580224660385, ""LT11TRUU_LAG_0"": 79.85049279616442, ""SPXT_LAG_0"": 104.96159242467877, ""STATE_LAG_0"": 886.9058660338147, ""STATE_LAG_1"": -1.677631189522799e-08}","{""DBLCIX_LAG_0"": 49, ""DURATION_STATE_0"": 49, ""DURATION_STATE_1"": 49, ""IBOXIG_LAG_0"": 49, ""JPEICORE_LAG_0"": 49, ""LBUTTRUU_LAG_0"": 49, ""LT11TRUU_LAG_0"": 49, ""SPXT_LAG_0"": 49, ""STATE_LAG_0"": 49, ""STATE_LAG_1"": 4}",2318,validation,2009-06-02,2016-12-30,0.01,100.0,1890
multinomial_logistic_gam,0.17432219899815685,0.9526011560693641,0.0903297205378174,2,1,0,4,0.05,9,STATE_LAG_0|SPXT_LAG_0|DBLCIX_LAG_0|IBOXIG_LAG_0|JPEICORE_LAG_0|LT11TRUU_LAG_0|LBUTTRUU_LAG_0|DURATION_STATE_0|DURATION_STATE_1,0.02,True,"{""DBLCIX_LAG_0"": 0.02, ""DURATION_STATE_0"": 0.02, ""DURATION_STATE_1"": 0.02, ""IBOXIG_LAG_0"": 0.02, ""JPEICORE_LAG_0"": 0.02, ""LBUTTRUU_LAG_0"": 0.02, ""LT11TRUU_LAG_0"": 0.02, ""SPXT_LAG_0"": 0.02, ""STATE_LAG_0"": 0.02, ""STATE_LAG_1"": 0.6}",regularized_bootstrap,1.0,49,"{""DBLCIX_LAG_0"": 41.66544368058783, ""DURATION_STATE_0"": 857.8111366654268, ""DURATION_STATE_1"": 857.0449818007341, ""IBOXIG_LAG_0"": 28.092477346830265, ""JPEICORE_LAG_0"": 16.29093900110115, ""LBUTTRUU_LAG_0"": 24.834580224660385, ""LT11TRUU_LAG_0"": 79.85049279616442, ""SPXT_LAG_0"": 104.96159242467877, ""STATE_LAG_0"": 886.9058660338147, ""STATE_LAG_1"": -1.677631189522799e-08}","{""DBLCIX_LAG_0"": 49, ""DURATION_STATE_0"": 49, ""DURATION_STATE_1"": 49, ""IBOXIG_LAG_0"": 49, ""JPEICORE_LAG_0"": 49, ""LBUTTRUU_LAG_0"": 49, ""LT11TRUU_LAG_0"": 49, ""SPXT_LAG_0"": 49, ""STATE_LAG_0"": 49, ""STATE_LAG_1"": 4}",2318,prediction,2017-01-03,2023-12-05,0.01,100.0,1730
multinomial_logistic_gam,0.17065876464431357,0.9507936507936507,0.08721358269415617,2,1,0,4,0.05,9,STATE_LAG_0|SPXT_LAG_0|DBLCIX_LAG_0|IBOXIG_LAG_0|JPEICORE_LAG_0|LT11TRUU_LAG_0|LBUTTRUU_LAG_0|DURATION_STATE_0|DURATION_STATE_1,0.02,True,"{""DBLCIX_LAG_0"": 0.02, ""DURATION_STATE_0"": 0.02, ""DURATION_STATE_1"": 0.02, ""IBOXIG_LAG_0"": 0.02, ""JPEICORE_LAG_0"": 0.02, ""LBUTTRUU_LAG_0"": 0.02, ""LT11TRUU_LAG_0"": 0.02, ""SPXT_LAG_0"": 0.02, ""STATE_LAG_0"": 0.02, ""STATE_LAG_1"": 0.6}",regularized_bootstrap,1.0,49,"{""DBLCIX_LAG_0"": 41.66544368058783, ""DURATION_STATE_0"": 857.8111366654268, ""DURATION_STATE_1"": 857.0449818007341, ""IBOXIG_LAG_0"": 28.092477346830265, ""JPEICORE_LAG_0"": 16.29093900110115, ""LBUTTRUU_LAG_0"": 24.834580224660385, ""LT11TRUU_LAG_0"": 79.85049279616442, ""SPXT_LAG_0"": 104.96159242467877, ""STATE_LAG_0"": 886.9058660338147, ""STATE_LAG_1"": -1.677631189522799e-08}","{""DBLCIX_LAG_0"": 49, ""DURATION_STATE_0"": 49, ""DURATION_STATE_1"": 49, ""IBOXIG_LAG_0"": 49, ""JPEICORE_LAG_0"": 49, ""LBUTTRUU_LAG_0"": 49, ""LT11TRUU_LAG_0"": 49, ""SPXT_LAG_0"": 49, ""STATE_LAG_0"": 49, ""STATE_LAG_1"": 4}",2318,validation,2009-06-02,2016-12-30,0.1,10.0,1890
multinomial_logistic_gam,0.1726296262179796,0.9526011560693641,0.08692440309121775,2,1,0,4,0.05,9,STATE_LAG_0|SPXT_LAG_0|DBLCIX_LAG_0|IBOXIG_LAG_0|JPEICORE_LAG_0|LT11TRUU_LAG_0|LBUTTRUU_LAG_0|DURATION_STATE_0|DURATION_STATE_1,0.02,True,"{""DBLCIX_LAG_0"": 0.02, ""DURATION_STATE_0"": 0.02, ""DURATION_STATE_1"": 0.02, ""IBOXIG_LAG_0"": 0.02, ""JPEICORE_LAG_0"": 0.02, ""LBUTTRUU_LAG_0"": 0.02, ""LT11TRUU_LAG_0"": 0.02, ""SPXT_LAG_0"": 0.02, ""STATE_LAG_0"": 0.02, ""STATE_LAG_1"": 0.6}",regularized_bootstrap,1.0,49,"{""DBLCIX_LAG_0"": 41.66544368058783, ""DURATION_STATE_0"": 857.8111366654268, ""DURATION_STATE_1"": 857.0449818007341, ""IBOXIG_LAG_0"": 28.092477346830265, ""JPEICORE_LAG_0"": 16.29093900110115, ""LBUTTRUU_LAG_0"": 24.834580224660385, ""LT11TRUU_LAG_0"": 79.85049279616442, ""SPXT_LAG_0"": 104.96159242467877, ""STATE_LAG_0"": 886.9058660338147, ""STATE_LAG_1"": -1.677631189522799e-08}","{""DBLCIX_LAG_0"": 49, ""DURATION_STATE_0"": 49, ""DURATION_STATE_1"": 49, ""IBOXIG_LAG_0"": 49, ""JPEICORE_LAG_0"": 49, ""LBUTTRUU_LAG_0"": 49, ""LT11TRUU_LAG_0"": 49, ""SPXT_LAG_0"": 49, ""STATE_LAG_0"": 49, ""STATE_LAG_1"": 4}",2318,prediction,2017-01-03,2023-12-05,0.1,10.0,1730
multinomial_logistic_gam,0.17599020520003514,0.9507936507936507,0.08886144199782166,2,1,0,4,0.05,9,STATE_LAG_0|SPXT_LAG_0|DBLCIX_LAG_0|IBOXIG_LAG_0|JPEICORE_LAG_0|LT11TRUU_LAG_0|LBUTTRUU_LAG_0|DURATION_STATE_0|DURATION_STATE_1,0.02,True,"{""DBLCIX_LAG_0"": 0.02, ""DURATION_STATE_0"": 0.02, ""DURATION_STATE_1"": 0.02, ""IBOXIG_LAG_0"": 0.02, ""JPEICORE_LAG_0"": 0.02, ""LBUTTRUU_LAG_0"": 0.02, ""LT11TRUU_LAG_0"": 0.02, ""SPXT_LAG_0"": 0.02, ""STATE_LAG_0"": 0.02, ""STATE_LAG_1"": 0.6}",regularized_bootstrap,1.0,49,"{""DBLCIX_LAG_0"": 41.66544368058783, ""DURATION_STATE_0"": 857.8111366654268, ""DURATION_STATE_1"": 857.0449818007341, ""IBOXIG_LAG_0"": 28.092477346830265, ""JPEICORE_LAG_0"": 16.29093900110115, ""LBUTTRUU_LAG_0"": 24.834580224660385, ""LT11TRUU_LAG_0"": 79.85049279616442, ""SPXT_LAG_0"": 104.96159242467877, ""STATE_LAG_0"": 886.9058660338147, ""STATE_LAG_1"": -1.677631189522799e-08}","{""DBLCIX_LAG_0"": 49, ""DURATION_STATE_0"": 49, ""DURATION_STATE_1"": 49, ""IBOXIG_LAG_0"": 49, ""JPEICORE_LAG_0"": 49, ""LBUTTRUU_LAG_0"": 49, ""LT11TRUU_LAG_0"": 49, ""SPXT_LAG_0"": 49, ""STATE_LAG_0"": 49, ""STATE_LAG_1"": 4}",2318,validation,2009-06-02,2016-12-30,1.0,1.0,1890
multinomial_logistic_gam,0.17783864147263836,0.9526011560693641,0.0876050340093113,2,1,0,4,0.05,9,STATE_LAG_0|SPXT_LAG_0|DBLCIX_LAG_0|IBOXIG_LAG_0|JPEICORE_LAG_0|LT11TRUU_LAG_0|LBUTTRUU_LAG_0|DURATION_STATE_0|DURATION_STATE_1,0.02,True,"{""DBLCIX_LAG_0"": 0.02, ""DURATION_STATE_0"": 0.02, ""DURATION_STATE_1"": 0.02, ""IBOXIG_LAG_0"": 0.02, ""JPEICORE_LAG_0"": 0.02, ""LBUTTRUU_LAG_0"": 0.02, ""LT11TRUU_LAG_0"": 0.02, ""SPXT_LAG_0"": 0.02, ""STATE_LAG_0"": 0.02, ""STATE_LAG_1"": 0.6}",regularized_bootstrap,1.0,49,"{""DBLCIX_LAG_0"": 41.66544368058783, ""DURATION_STATE_0"": 857.8111366654268, ""DURATION_STATE_1"": 857.0449818007341, ""IBOXIG_LAG_0"": 28.092477346830265, ""JPEICORE_LAG_0"": 16.29093900110115, ""LBUTTRUU_LAG_0"": 24.834580224660385, ""LT11TRUU_LAG_0"": 79.85049279616442, ""SPXT_LAG_0"": 104.96159242467877, ""STATE_LAG_0"": 886.9058660338147, ""STATE_LAG_1"": -1.677631189522799e-08}","{""DBLCIX_LAG_0"": 49, ""DURATION_STATE_0"": 49, ""DURATION_STATE_1"": 49, ""IBOXIG_LAG_0"": 49, ""JPEICORE_LAG_0"": 49, ""LBUTTRUU_LAG_0"": 49, ""LT11TRUU_LAG_0"": 49, ""SPXT_LAG_0"": 49, ""STATE_LAG_0"": 49, ""STATE_LAG_1"": 4}",2318,prediction,2017-01-03,2023-12-05,1.0,1.0,1730
multinomial_logistic_gam,0.19166736839219448,0.9507936507936507,0.09198861178724298,2,1,0,4,0.05,9,STATE_LAG_0|SPXT_LAG_0|DBLCIX_LAG_0|IBOXIG_LAG_0|JPEICORE_LAG_0|LT11TRUU_LAG_0|LBUTTRUU_LAG_0|DURATION_STATE_0|DURATION_STATE_1,0.02,True,"{""DBLCIX_LAG_0"": 0.02, ""DURATION_STATE_0"": 0.02, ""DURATION_STATE_1"": 0.02, ""IBOXIG_LAG_0"": 0.02, ""JPEICORE_LAG_0"": 0.02, ""LBUTTRUU_LAG_0"": 0.02, ""LT11TRUU_LAG_0"": 0.02, ""SPXT_LAG_0"": 0.02, ""STATE_LAG_0"": 0.02, ""STATE_LAG_1"": 0.6}",regularized_bootstrap,1.0,49,"{""DBLCIX_LAG_0"": 41.66544368058783, ""DURATION_STATE_0"": 857.8111366654268, ""DURATION_STATE_1"": 857.0449818007341, ""IBOXIG_LAG_0"": 28.092477346830265, ""JPEICORE_LAG_0"": 16.29093900110115, ""LBUTTRUU_LAG_0"": 24.834580224660385, ""LT11TRUU_LAG_0"": 79.85049279616442, ""SPXT_LAG_0"": 104.96159242467877, ""STATE_LAG_0"": 886.9058660338147, ""STATE_LAG_1"": -1.677631189522799e-08}","{""DBLCIX_LAG_0"": 49, ""DURATION_STATE_0"": 49, ""DURATION_STATE_1"": 49, ""IBOXIG_LAG_0"": 49, ""JPEICORE_LAG_0"": 49, ""LBUTTRUU_LAG_0"": 49, ""LT11TRUU_LAG_0"": 49, ""SPXT_LAG_0"": 49, ""STATE_LAG_0"": 49, ""STATE_LAG_1"": 4}",2318,validation,2009-06-02,2016-12-30,10.0,0.1,1890
multinomial_logistic_gam,0.19755446098332835,0.9497109826589596,0.09358411214337647,2,1,0,4,0.05,9,STATE_LAG_0|SPXT_LAG_0|DBLCIX_LAG_0|IBOXIG_LAG_0|JPEICORE_LAG_0|LT11TRUU_LAG_0|LBUTTRUU_LAG_0|DURATION_STATE_0|DURATION_STATE_1,0.02,True,"{""DBLCIX_LAG_0"": 0.02, ""DURATION_STATE_0"": 0.02, ""DURATION_STATE_1"": 0.02, ""IBOXIG_LAG_0"": 0.02, ""JPEICORE_LAG_0"": 0.02, ""LBUTTRUU_LAG_0"": 0.02, ""LT11TRUU_LAG_0"": 0.02, ""SPXT_LAG_0"": 0.02, ""STATE_LAG_0"": 0.02, ""STATE_LAG_1"": 0.6}",regularized_bootstrap,1.0,49,"{""DBLCIX_LAG_0"": 41.66544368058783, ""DURATION_STATE_0"": 857.8111366654268, ""DURATION_STATE_1"": 857.0449818007341, ""IBOXIG_LAG_0"": 28.092477346830265, ""JPEICORE_LAG_0"": 16.29093900110115, ""LBUTTRUU_LAG_0"": 24.834580224660385, ""LT11TRUU_LAG_0"": 79.85049279616442, ""SPXT_LAG_0"": 104.96159242467877, ""STATE_LAG_0"": 886.9058660338147, ""STATE_LAG_1"": -1.677631189522799e-08}","{""DBLCIX_LAG_0"": 49, ""DURATION_STATE_0"": 49, ""DURATION_STATE_1"": 49, ""IBOXIG_LAG_0"": 49, ""JPEICORE_LAG_0"": 49, ""LBUTTRUU_LAG_0"": 49, ""LT11TRUU_LAG_0"": 49, ""SPXT_LAG_0"": 49, ""STATE_LAG_0"": 49, ""STATE_LAG_1"": 4}",2318,prediction,2017-01-03,2023-12-05,10.0,0.1,1730
multinomial_logistic_gam,0.19678033258462302,0.9343915343915344,0.10804008312045342,2,1,0,6,0.05,1,DURATION_STATE_0,2.2891742673129252e-84,True,"{""DBLCIX_LAG_0"": 0.5461587111265565, ""DURATION_STATE_0"": 2.2891742673129252e-84, ""DURATION_STATE_1"": 0.28709854620606295, ""IBOXIG_LAG_0"": 0.6812313489902392, ""JPEICORE_LAG_0"": 0.20677556319572107, ""LBUTTRUU_LAG_0"": 0.802161429118476, ""LT11TRUU_LAG_0"": 0.06635952342220938, ""SPXT_LAG_0"": 0.45873139023847487, ""STATE_LAG_0"": 0.9866832042964101, ""STATE_LAG_1"": 1.0}",wald,1.0,0,{},{},2318,validation,2009-06-02,2016-12-30,0.01,100.0,1890
multinomial_logistic_gam,0.19467136673926957,0.938150289017341,0.10276840367665858,2,1,0,6,0.05,1,DURATION_STATE_0,2.2891742673129252e-84,True,"{""DBLCIX_LAG_0"": 0.5461587111265565, ""DURATION_STATE_0"": 2.2891742673129252e-84, ""DURATION_STATE_1"": 0.28709854620606295, ""IBOXIG_LAG_0"": 0.6812313489902392, ""JPEICORE_LAG_0"": 0.20677556319572107, ""LBUTTRUU_LAG_0"": 0.802161429118476, ""LT11TRUU_LAG_0"": 0.06635952342220938, ""SPXT_LAG_0"": 0.45873139023847487, ""STATE_LAG_0"": 0.9866832042964101, ""STATE_LAG_1"": 1.0}",wald,1.0,0,{},{},2318,prediction,2017-01-03,2023-12-05,0.01,100.0,1730
multinomial_logistic_gam,0.18777721335846786,0.9343915343915344,0.10043462599207383,2,1,0,6,0.05,1,DURATION_STATE_0,2.2891742673129252e-84,True,"{""DBLCIX_LAG_0"": 0.5461587111265565, ""DURATION_STATE_0"": 2.2891742673129252e-84, ""DURATION_STATE_1"": 0.28709854620606295, ""IBOXIG_LAG_0"": 0.6812313489902392, ""JPEICORE_LAG_0"": 0.20677556319572107, ""LBUTTRUU_LAG_0"": 0.802161429118476, ""LT11TRUU_LAG_0"": 0.06635952342220938, ""SPXT_LAG_0"": 0.45873139023847487, ""STATE_LAG_0"": 0.9866832042964101, ""STATE_LAG_1"": 1.0}",wald,1.0,0,{},{},2318,validation,2009-06-02,2016-12-30,0.1,10.0,1890
multinomial_logistic_gam,0.181065814707114,0.938150289017341,0.09427088748484874,2,1,0,6,0.05,1,DURATION_STATE_0,2.2891742673129252e-84,True,"{""DBLCIX_LAG_0"": 0.5461587111265565, ""DURATION_STATE_0"": 2.2891742673129252e-84, ""DURATION_STATE_1"": 0.28709854620606295, ""IBOXIG_LAG_0"": 0.6812313489902392, ""JPEICORE_LAG_0"": 0.20677556319572107, ""LBUTTRUU_LAG_0"": 0.802161429118476, ""LT11TRUU_LAG_0"": 0.06635952342220938, ""SPXT_LAG_0"": 0.45873139023847487, ""STATE_LAG_0"": 0.9866832042964101, ""STATE_LAG_1"": 1.0}",wald,1.0,0,{},{},2318,prediction,2017-01-03,2023-12-05,0.1,10.0,1730
multinomial_logistic_gam,0.180798647016254,0.9507936507936507,0.09361919093619935,2,1,0,6,0.05,1,DURATION_STATE_0,2.2891742673129252e-84,True,"{""DBLCIX_LAG_0"": 0.5461587111265565, ""DURATION_STATE_0"": 2.2891742673129252e-84, ""DURATION_STATE_1"": 0.28709854620606295, ""IBOXIG_LAG_0"": 0.6812313489902392, ""JPEICORE_LAG_0"": 0.20677556319572107, ""LBUTTRUU_LAG_0"": 0.802161429118476, ""LT11TRUU_LAG_0"": 0.06635952342220938, ""SPXT_LAG_0"": 0.45873139023847487, ""STATE_LAG_0"": 0.9866832042964101, ""STATE_LAG_1"": 1.0}",wald,1.0,0,{},{},2318,validation,2009-06-02,2016-12-30,1.0,1.0,1890
multinomial_logistic_gam,0.17351435482671237,0.9526011560693641,0.08899813957704678,2,1,0,6,0.05,1,DURATION_STATE_0,2.2891742673129252e-84,True,"{""DBLCIX_LAG_0"": 0.5461587111265565, ""DURATION_STATE_0"": 2.2891742673129252e-84, ""DURATION_STATE_1"": 0.28709854620606295, ""IBOXIG_LAG_0"": 0.6812313489902392, ""JPEICORE_LAG_0"": 0.20677556319572107, ""LBUTTRUU_LAG_0"": 0.802161429118476, ""LT11TRUU_LAG_0"": 0.06635952342220938, ""SPXT_LAG_0"": 0.45873139023847487, ""STATE_LAG_0"": 0.9866832042964101, ""STATE_LAG_1"": 1.0}",wald,1.0,0,{},{},2318,prediction,2017-01-03,2023-12-05,1.0,1.0,1730
multinomial_logistic_gam,0.18420712577543072,0.9507936507936507,0.09149357388735263,2,1,0,6,0.05,1,DURATION_STATE_0,2.2891742673129252e-84,True,"{""DBLCIX_LAG_0"": 0.5461587111265565, ""DURATION_STATE_0"": 2.2891742673129252e-84, ""DURATION_STATE_1"": 0.28709854620606295, ""IBOXIG_LAG_0"": 0.6812313489902392, ""JPEICORE_LAG_0"": 0.20677556319572107, ""LBUTTRUU_LAG_0"": 0.802161429118476, ""LT11TRUU_LAG_0"": 0.06635952342220938, ""SPXT_LAG_0"": 0.45873139023847487, ""STATE_LAG_0"": 0.9866832042964101, ""STATE_LAG_1"": 1.0}",wald,1.0,0,{},{},2318,validation,2009-06-02,2016-12-30,10.0,0.1,1890
multinomial_logistic_gam,0.1790808765889067,0.9526011560693641,0.08801317175009958,2,1,0,6,0.05,1,DURATION_STATE_0,2.2891742673129252e-84,True,"{""DBLCIX_LAG_0"": 0.5461587111265565, ""DURATION_STATE_0"": 2.2891742673129252e-84, ""DURATION_STATE_1"": 0.28709854620606295, ""IBOXIG_LAG_0"": 0.6812313489902392, ""JPEICORE_LAG_0"": 0.20677556319572107, ""LBUTTRUU_LAG_0"": 0.802161429118476, ""LT11TRUU_LAG_0"": 0.06635952342220938, ""SPXT_LAG_0"": 0.45873139023847487, ""STATE_LAG_0"": 0.9866832042964101, ""STATE_LAG_1"": 1.0}",wald,1.0,0,{},{},2318,prediction,2017-01-03,2023-12-05,10.0,0.1,1730
multinomial_logistic_gam,0.1704395426622407,0.9502645502645503,0.08893341011699417,2,1,1,4,0.05,15,STATE_LAG_0|SPXT_LAG_0|DBLCIX_LAG_0|IBOXIG_LAG_0|JPEICORE_LAG_0|LT11TRUU_LAG_0|LBUTTRUU_LAG_0|SPXT_LAG_1|DBLCIX_LAG_1|IBOXIG_LAG_1|JPEICORE_LAG_1|LT11TRUU_LAG_1|LBUTTRUU_LAG_1|DURATION_STATE_0|DURATION_STATE_1,0.02,True,"{""DBLCIX_LAG_0"": 0.02, ""DBLCIX_LAG_1"": 0.02, ""DURATION_STATE_0"": 0.02, ""DURATION_STATE_1"": 0.02, ""IBOXIG_LAG_0"": 0.02, ""IBOXIG_LAG_1"": 0.02, ""JPEICORE_LAG_0"": 0.02, ""JPEICORE_LAG_1"": 0.02, ""LBUTTRUU_LAG_0"": 0.02, ""LBUTTRUU_LAG_1"": 0.02, ""LT11TRUU_LAG_0"": 0.02, ""LT11TRUU_LAG_1"": 0.02, ""SPXT_LAG_0"": 0.02, ""SPXT_LAG_1"": 0.02, ""STATE_LAG_0"": 0.02, ""STATE_LAG_1"": 0.42857142857142855}",regularized_bootstrap,1.0,49,"{""DBLCIX_LAG_0"": 41.81424639742795, ""DBLCIX_LAG_1"": 42.76733775825949, ""DURATION_STATE_0"": 856.1936187569316, ""DURATION_STATE_1"": 856.0556429483848, ""IBOXIG_LAG_0"": 28.02491957656798, ""IBOXIG_LAG_1"": 24.685196648862984, ""JPEICORE_LAG_0"": 16.349501192282332, ""JPEICORE_LAG_1"": 14.817993508740983, ""LBUTTRUU_LAG_0"": 24.948470184851885, ""LBUTTRUU_LAG_1"": 20.565078588000233, ""LT11TRUU_LAG_0"": 79.4301231087237, ""LT11TRUU_LAG_1"": 70.72208470288456, ""SPXT_LAG_0"": 105.15229696053711, ""SPXT_LAG_1"": 100.25376826193906, ""STATE_LAG_0"": 885.1788996992818, ""STATE_LAG_1"": -1.777516445145011e-08}","{""DBLCIX_LAG_0"": 49, ""DBLCIX_LAG_1"": 49, ""DURATION_STATE_0"": 49, ""DURATION_STATE_1"": 49, ""IBOXIG_LAG_0"": 49, ""IBOXIG_LAG_1"": 49, ""JPEICORE_LAG_0"": 49, ""JPEICORE_LAG_1"": 49, ""LBUTTRUU_LAG_0"": 49, ""LBUTTRUU_LAG_1"": 49, ""LT11TRUU_LAG_0"": 49, ""LT11TRUU_LAG_1"": 49, ""SPXT_LAG_0"": 49, ""SPXT_LAG_1"": 49, ""STATE_LAG_0"": 49, ""STATE_LAG_1"": 6}",2317,validation,2009-06-02,2016-12-30,0.01,100.0,1890
multinomial_logistic_gam,0.17415132557770588,0.9526011560693641,0.09040833741571207,2,1,1,4,0.05,15,STATE_LAG_0|SPXT_LAG_0|DBLCIX_LAG_0|IBOXIG_LAG_0|JPEICORE_LAG_0|LT11TRUU_LAG_0|LBUTTRUU_LAG_0|SPXT_LAG_1|DBLCIX_LAG_1|IBOXIG_LAG_1|JPEICORE_LAG_1|LT11TRUU_LAG_1|LBUTTRUU_LAG_1|DURATION_STATE_0|DURATION_STATE_1,0.02,True,"{""DBLCIX_LAG_0"": 0.02, ""DBLCIX_LAG_1"": 0.02, ""DURATION_STATE_0"": 0.02, ""DURATION_STATE_1"": 0.02, ""IBOXIG_LAG_0"": 0.02, ""IBOXIG_LAG_1"": 0.02, ""JPEICORE_LAG_0"": 0.02, ""JPEICORE_LAG_1"": 0.02, ""LBUTTRUU_LAG_0"": 0.02, ""LBUTTRUU_LAG_1"": 0.02, ""LT11TRUU_LAG_0"": 0.02, ""LT11TRUU_LAG_1"": 0.02, ""SPXT_LAG_0"": 0.02, ""SPXT_LAG_1"": 0.02, ""STATE_LAG_0"": 0.02, ""STATE_LAG_1"": 0.42857142857142855}",regularized_bootstrap,1.0,49,"{""DBLCIX_LAG_0"": 41.81424639742795, ""DBLCIX_LAG_1"": 42.76733775825949, ""DURATION_STATE_0"": 856.1936187569316, ""DURATION_STATE_1"": 856.0556429483848, ""IBOXIG_LAG_0"": 28.02491957656798, ""IBOXIG_LAG_1"": 24.685196648862984, ""JPEICORE_LAG_0"": 16.349501192282332, ""JPEICORE_LAG_1"": 14.817993508740983, ""LBUTTRUU_LAG_0"": 24.948470184851885, ""LBUTTRUU_LAG_1"": 20.565078588000233, ""LT11TRUU_LAG_0"": 79.4301231087237, ""LT11TRUU_LAG_1"": 70.72208470288456, ""SPXT_LAG_0"": 105.15229696053711, ""SPXT_LAG_1"": 100.25376826193906, ""STATE_LAG_0"": 885.1788996992818, ""STATE_LAG_1"": -1.777516445145011e-08}","{""DBLCIX_LAG_0"": 49, ""DBLCIX_LAG_1"": 49, ""DURATION_STATE_0"": 49, ""DURATION_STATE_1"": 49, ""IBOXIG_LAG_0"": 49, ""IBOXIG_LAG_1"": 49, ""JPEICORE_LAG_0"": 49, ""JPEICORE_LAG_1"": 49, ""LBUTTRUU_LAG_0"": 49, ""LBUTTRUU_LAG_1"": 49, ""LT11TRUU_LAG_0"": 49, ""LT11TRUU_LAG_1"": 49, ""SPXT_LAG_0"": 49, ""SPXT_LAG_1"": 49, ""STATE_LAG_0"": 49, ""STATE_LAG_1"": 6}",2317,prediction,2017-01-03,2023-12-05,0.01,100.0,1730
multinomial_logistic_gam,0.17207399760187392,0.9507936507936507,0.08791283249943789,2,1,1,4,0.05,15,STATE_LAG_0|SPXT_LAG_0|DBLCIX_LAG_0|IBOXIG_LAG_0|JPEICORE_LAG_0|LT11TRUU_LAG_0|LBUTTRUU_LAG_0|SPXT_LAG_1|DBLCIX_LAG_1|IBOXIG_LAG_1|JPEICORE_LAG_1|LT11TRUU_LAG_1|LBUTTRUU_LAG_1|DURATION_STATE_0|DURATION_STATE_1,0.02,True,"{""DBLCIX_LAG_0"": 0.02, ""DBLCIX_LAG_1"": 0.02, ""DURATION_STATE_0"": 0.02, ""DURATION_STATE_1"": 0.02, ""IBOXIG_LAG_0"": 0.02, ""IBOXIG_LAG_1"": 0.02, ""JPEICORE_LAG_0"": 0.02, ""JPEICORE_LAG_1"": 0.02, ""LBUTTRUU_LAG_0"": 0.02, ""LBUTTRUU_LAG_1"": 0.02, ""LT11TRUU_LAG_0"": 0.02, ""LT11TRUU_LAG_1"": 0.02, ""SPXT_LAG_0"": 0.02, ""SPXT_LAG_1"": 0.02, ""STATE_LAG_0"": 0.02, ""STATE_LAG_1"": 0.42857142857142855}",regularized_bootstrap,1.0,49,"{""DBLCIX_LAG_0"": 41.81424639742795, ""DBLCIX_LAG_1"": 42.76733775825949, ""DURATION_STATE_0"": 856.1936187569316, ""DURATION_STATE_1"": 856.0556429483848, ""IBOXIG_LAG_0"": 28.02491957656798, ""IBOXIG_LAG_1"": 24.685196648862984, ""JPEICORE_LAG_0"": 16.349501192282332, ""JPEICORE_LAG_1"": 14.817993508740983, ""LBUTTRUU_LAG_0"": 24.948470184851885, ""LBUTTRUU_LAG_1"": 20.565078588000233, ""LT11TRUU_LAG_0"": 79.4301231087237, ""LT11TRUU_LAG_1"": 70.72208470288456, ""SPXT_LAG_0"": 105.15229696053711, ""SPXT_LAG_1"": 100.25376826193906, ""STATE_LAG_0"": 885.1788996992818, ""STATE_LAG_1"": -1.777516445145011e-08}","{""DBLCIX_LAG_0"": 49, ""DBLCIX_LAG_1"": 49, ""DURATION_STATE_0"": 49, ""DURATION_STATE_1"": 49, ""IBOXIG_LAG_0"": 49, ""IBOXIG_LAG_1"": 49, ""JPEICORE_LAG_0"": 49, ""JPEICORE_LAG_1"": 49, ""LBUTTRUU_LAG_0"": 49, ""LBUTTRUU_LAG_1"": 49, ""LT11TRUU_LAG_0"": 49, ""LT11TRUU_LAG_1"": 49, ""SPXT_LAG_0"": 49, ""SPXT_LAG_1"": 49, ""STATE_LAG_0"": 49, ""STATE_LAG_1"": 6}",2317,validation,2009-06-02,2016-12-30,0.1,10.0,1890
multinomial_logistic_gam,0.1731845538951664,0.9520231213872833,0.08765854064656188,2,1,1,4,0.05,15,STATE_LAG_0|SPXT_LAG_0|DBLCIX_LAG_0|IBOXIG_LAG_0|JPEICORE_LAG_0|LT11TRUU_LAG_0|LBUTTRUU_LAG_0|SPXT_LAG_1|DBLCIX_LAG_1|IBOXIG_LAG_1|JPEICORE_LAG_1|LT11TRUU_LAG_1|LBUTTRUU_LAG_1|DURATION_STATE_0|DURATION_STATE_1,0.02,True,"{""DBLCIX_LAG_0"": 0.02, ""DBLCIX_LAG_1"": 0.02, ""DURATION_STATE_0"": 0.02, ""DURATION_STATE_1"": 0.02, ""IBOXIG_LAG_0"": 0.02, ""IBOXIG_LAG_1"": 0.02, ""JPEICORE_LAG_0"": 0.02, ""JPEICORE_LAG_1"": 0.02, ""LBUTTRUU_LAG_0"": 0.02, ""LBUTTRUU_LAG_1"": 0.02, ""LT11TRUU_LAG_0"": 0.02, ""LT11TRUU_LAG_1"": 0.02, ""SPXT_LAG_0"": 0.02, ""SPXT_LAG_1"": 0.02, ""STATE_LAG_0"": 0.02, ""STATE_LAG_1"": 0.42857142857142855}",regularized_bootstrap,1.0,49,"{""DBLCIX_LAG_0"": 41.81424639742795, ""DBLCIX_LAG_1"": 42.76733775825949, ""DURATION_STATE_0"": 856.1936187569316, ""DURATION_STATE_1"": 856.0556429483848, ""IBOXIG_LAG_0"": 28.02491957656798, ""IBOXIG_LAG_1"": 24.685196648862984, ""JPEICORE_LAG_0"": 16.349501192282332, ""JPEICORE_LAG_1"": 14.817993508740983, ""LBUTTRUU_LAG_0"": 24.948470184851885, ""LBUTTRUU_LAG_1"": 20.565078588000233, ""LT11TRUU_LAG_0"": 79.4301231087237, ""LT11TRUU_LAG_1"": 70.72208470288456, ""SPXT_LAG_0"": 105.15229696053711, ""SPXT_LAG_1"": 100.25376826193906, ""STATE_LAG_0"": 885.1788996992818, ""STATE_LAG_1"": -1.777516445145011e-08}","{""DBLCIX_LAG_0"": 49, ""DBLCIX_LAG_1"": 49, ""DURATION_STATE_0"": 49, ""DURATION_STATE_1"": 49, ""IBOXIG_LAG_0"": 49, ""IBOXIG_LAG_1"": 49, ""JPEICORE_LAG_0"": 49, ""JPEICORE_LAG_1"": 49, ""LBUTTRUU_LAG_0"": 49, ""LBUTTRUU_LAG_1"": 49, ""LT11TRUU_LAG_0"": 49, ""LT11TRUU_LAG_1"": 49, ""SPXT_LAG_0"": 49, ""SPXT_LAG_1"": 49, ""STATE_LAG_0"": 49, ""STATE_LAG_1"": 6}",2317,prediction,2017-01-03,2023-12-05,0.1,10.0,1730
multinomial_logistic_gam,0.17987745277077422,0.9502645502645503,0.08969345914000557,2,1,1,4,0.05,15,STATE_LAG_0|SPXT_LAG_0|DBLCIX_LAG_0|IBOXIG_LAG_0|JPEICORE_LAG_0|LT11TRUU_LAG_0|LBUTTRUU_LAG_0|SPXT_LAG_1|DBLCIX_LAG_1|IBOXIG_LAG_1|JPEICORE_LAG_1|LT11TRUU_LAG_1|LBUTTRUU_LAG_1|DURATION_STATE_0|DURATION_STATE_1,0.02,True,"{""DBLCIX_LAG_0"": 0.02, ""DBLCIX_LAG_1"": 0.02, ""DURATION_STATE_0"": 0.02, ""DURATION_STATE_1"": 0.02, ""IBOXIG_LAG_0"": 0.02, ""IBOXIG_LAG_1"": 0.02, ""JPEICORE_LAG_0"": 0.02, ""JPEICORE_LAG_1"": 0.02, ""LBUTTRUU_LAG_0"": 0.02, ""LBUTTRUU_LAG_1"": 0.02, ""LT11TRUU_LAG_0"": 0.02, ""LT11TRUU_LAG_1"": 0.02, ""SPXT_LAG_0"": 0.02, ""SPXT_LAG_1"": 0.02, ""STATE_LAG_0"": 0.02, ""STATE_LAG_1"": 0.42857142857142855}",regularized_bootstrap,1.0,49,"{""DBLCIX_LAG_0"": 41.81424639742795, ""DBLCIX_LAG_1"": 42.76733775825949, ""DURATION_STATE_0"": 856.1936187569316, ""DURATION_STATE_1"": 856.0556429483848, ""IBOXIG_LAG_0"": 28.02491957656798, ""IBOXIG_LAG_1"": 24.685196648862984, ""JPEICORE_LAG_0"": 16.349501192282332, ""JPEICORE_LAG_1"": 14.817993508740983, ""LBUTTRUU_LAG_0"": 24.948470184851885, ""LBUTTRUU_LAG_1"": 20.565078588000233, ""LT11TRUU_LAG_0"": 79.4301231087237, ""LT11TRUU_LAG_1"": 70.72208470288456, ""SPXT_LAG_0"": 105.15229696053711, ""SPXT_LAG_1"": 100.25376826193906, ""STATE_LAG_0"": 885.1788996992818, ""STATE_LAG_1"": -1.777516445145011e-08}","{""DBLCIX_LAG_0"": 49, ""DBLCIX_LAG_1"": 49, ""DURATION_STATE_0"": 49, ""DURATION_STATE_1"": 49, ""IBOXIG_LAG_0"": 49, ""IBOXIG_LAG_1"": 49, ""JPEICORE_LAG_0"": 49, ""JPEICORE_LAG_1"": 49, ""LBUTTRUU_LAG_0"": 49, ""LBUTTRUU_LAG_1"": 49, ""LT11TRUU_LAG_0"": 49, ""LT11TRUU_LAG_1"": 49, ""SPXT_LAG_0"": 49, ""SPXT_LAG_1"": 49, ""STATE_LAG_0"": 49, ""STATE_LAG_1"": 6}",2317,validation,2009-06-02,2016-12-30,1.0,1.0,1890
multinomial_logistic_gam,0.18045443486279444,0.9526011560693641,0.08896385490790121,2,1,1,4,0.05,15,STATE_LAG_0|SPXT_LAG_0|DBLCIX_LAG_0|IBOXIG_LAG_0|JPEICORE_LAG_0|LT11TRUU_LAG_0|LBUTTRUU_LAG_0|SPXT_LAG_1|DBLCIX_LAG_1|IBOXIG_LAG_1|JPEICORE_LAG_1|LT11TRUU_LAG_1|LBUTTRUU_LAG_1|DURATION_STATE_0|DURATION_STATE_1,0.02,True,"{""DBLCIX_LAG_0"": 0.02, ""DBLCIX_LAG_1"": 0.02, ""DURATION_STATE_0"": 0.02, ""DURATION_STATE_1"": 0.02, ""IBOXIG_LAG_0"": 0.02, ""IBOXIG_LAG_1"": 0.02, ""JPEICORE_LAG_0"": 0.02, ""JPEICORE_LAG_1"": 0.02, ""LBUTTRUU_LAG_0"": 0.02, ""LBUTTRUU_LAG_1"": 0.02, ""LT11TRUU_LAG_0"": 0.02, ""LT11TRUU_LAG_1"": 0.02, ""SPXT_LAG_0"": 0.02, ""SPXT_LAG_1"": 0.02, ""STATE_LAG_0"": 0.02, ""STATE_LAG_1"": 0.42857142857142855}",regularized_bootstrap,1.0,49,"{""DBLCIX_LAG_0"": 41.81424639742795, ""DBLCIX_LAG_1"": 42.76733775825949, ""DURATION_STATE_0"": 856.1936187569316, ""DURATION_STATE_1"": 856.0556429483848, ""IBOXIG_LAG_0"": 28.02491957656798, ""IBOXIG_LAG_1"": 24.685196648862984, ""JPEICORE_LAG_0"": 16.349501192282332, ""JPEICORE_LAG_1"": 14.817993508740983, ""LBUTTRUU_LAG_0"": 24.948470184851885, ""LBUTTRUU_LAG_1"": 20.565078588000233, ""LT11TRUU_LAG_0"": 79.4301231087237, ""LT11TRUU_LAG_1"": 70.72208470288456, ""SPXT_LAG_0"": 105.15229696053711, ""SPXT_LAG_1"": 100.25376826193906, ""STATE_LAG_0"": 885.1788996992818, ""STATE_LAG_1"": -1.777516445145011e-08}","{""DBLCIX_LAG_0"": 49, ""DBLCIX_LAG_1"": 49, ""DURATION_STATE_0"": 49, ""DURATION_STATE_1"": 49, ""IBOXIG_LAG_0"": 49, ""IBOXIG_LAG_1"": 49, ""JPEICORE_LAG_0"": 49, ""JPEICORE_LAG_1"": 49, ""LBUTTRUU_LAG_0"": 49, ""LBUTTRUU_LAG_1"": 49, ""LT11TRUU_LAG_0"": 49, ""LT11TRUU_LAG_1"": 49, ""SPXT_LAG_0"": 49, ""SPXT_LAG_1"": 49, ""STATE_LAG_0"": 49, ""STATE_LAG_1"": 6}",2317,prediction,2017-01-03,2023-12-05,1.0,1.0,1730
multinomial_logistic_gam,0.1974630490342796,0.9507936507936507,0.09286221411821946,2,1,1,4,0.05,15,STATE_LAG_0|SPXT_LAG_0|DBLCIX_LAG_0|IBOXIG_LAG_0|JPEICORE_LAG_0|LT11TRUU_LAG_0|LBUTTRUU_LAG_0|SPXT_LAG_1|DBLCIX_LAG_1|IBOXIG_LAG_1|JPEICORE_LAG_1|LT11TRUU_LAG_1|LBUTTRUU_LAG_1|DURATION_STATE_0|DURATION_STATE_1,0.02,True,"{""DBLCIX_LAG_0"": 0.02, ""DBLCIX_LAG_1"": 0.02, ""DURATION_STATE_0"": 0.02, ""DURATION_STATE_1"": 0.02, ""IBOXIG_LAG_0"": 0.02, ""IBOXIG_LAG_1"": 0.02, ""JPEICORE_LAG_0"": 0.02, ""JPEICORE_LAG_1"": 0.02, ""LBUTTRUU_LAG_0"": 0.02, ""LBUTTRUU_LAG_1"": 0.02, ""LT11TRUU_LAG_0"": 0.02, ""LT11TRUU_LAG_1"": 0.02, ""SPXT_LAG_0"": 0.02, ""SPXT_LAG_1"": 0.02, ""STATE_LAG_0"": 0.02, ""STATE_LAG_1"": 0.42857142857142855}",regularized_bootstrap,1.0,49,"{""DBLCIX_LAG_0"": 41.81424639742795, ""DBLCIX_LAG_1"": 42.76733775825949, ""DURATION_STATE_0"": 856.1936187569316, ""DURATION_STATE_1"": 856.0556429483848, ""IBOXIG_LAG_0"": 28.02491957656798, ""IBOXIG_LAG_1"": 24.685196648862984, ""JPEICORE_LAG_0"": 16.349501192282332, ""JPEICORE_LAG_1"": 14.817993508740983, ""LBUTTRUU_LAG_0"": 24.948470184851885, ""LBUTTRUU_LAG_1"": 20.565078588000233, ""LT11TRUU_LAG_0"": 79.4301231087237, ""LT11TRUU_LAG_1"": 70.72208470288456, ""SPXT_LAG_0"": 105.15229696053711, ""SPXT_LAG_1"": 100.25376826193906, ""STATE_LAG_0"": 885.1788996992818, ""STATE_LAG_1"": -1.777516445145011e-08}","{""DBLCIX_LAG_0"": 49, ""DBLCIX_LAG_1"": 49, ""DURATION_STATE_0"": 49, ""DURATION_STATE_1"": 49, ""IBOXIG_LAG_0"": 49, ""IBOXIG_LAG_1"": 49, ""JPEICORE_LAG_0"": 49, ""JPEICORE_LAG_1"": 49, ""LBUTTRUU_LAG_0"": 49, ""LBUTTRUU_LAG_1"": 49, ""LT11TRUU_LAG_0"": 49, ""LT11TRUU_LAG_1"": 49, ""SPXT_LAG_0"": 49, ""SPXT_LAG_1"": 49, ""STATE_LAG_0"": 49, ""STATE_LAG_1"": 6}",2317,validation,2009-06-02,2016-12-30,10.0,0.1,1890
multinomial_logistic_gam,0.20407516889686134,0.9491329479768786,0.09615738494764084,2,1,1,4,0.05,15,STATE_LAG_0|SPXT_LAG_0|DBLCIX_LAG_0|IBOXIG_LAG_0|JPEICORE_LAG_0|LT11TRUU_LAG_0|LBUTTRUU_LAG_0|SPXT_LAG_1|DBLCIX_LAG_1|IBOXIG_LAG_1|JPEICORE_LAG_1|LT11TRUU_LAG_1|LBUTTRUU_LAG_1|DURATION_STATE_0|DURATION_STATE_1,0.02,True,"{""DBLCIX_LAG_0"": 0.02, ""DBLCIX_LAG_1"": 0.02, ""DURATION_STATE_0"": 0.02, ""DURATION_STATE_1"": 0.02, ""IBOXIG_LAG_0"": 0.02, ""IBOXIG_LAG_1"": 0.02, ""JPEICORE_LAG_0"": 0.02, ""JPEICORE_LAG_1"": 0.02, ""LBUTTRUU_LAG_0"": 0.02, ""LBUTTRUU_LAG_1"": 0.02, ""LT11TRUU_LAG_0"": 0.02, ""LT11TRUU_LAG_1"": 0.02, ""SPXT_LAG_0"": 0.02, ""SPXT_LAG_1"": 0.02, ""STATE_LAG_0"": 0.02, ""STATE_LAG_1"": 0.42857142857142855}",regularized_bootstrap,1.0,49,"{""DBLCIX_LAG_0"": 41.81424639742795, ""DBLCIX_LAG_1"": 42.76733775825949, ""DURATION_STATE_0"": 856.1936187569316, ""DURATION_STATE_1"": 856.0556429483848, ""IBOXIG_LAG_0"": 28.02491957656798, ""IBOXIG_LAG_1"": 24.685196648862984, ""JPEICORE_LAG_0"": 16.349501192282332, ""JPEICORE_LAG_1"": 14.817993508740983, ""LBUTTRUU_LAG_0"": 24.948470184851885, ""LBUTTRUU_LAG_1"": 20.565078588000233, ""LT11TRUU_LAG_0"": 79.4301231087237, ""LT11TRUU_LAG_1"": 70.72208470288456, ""SPXT_LAG_0"": 105.15229696053711, ""SPXT_LAG_1"": 100.25376826193906, ""STATE_LAG_0"": 885.1788996992818, ""STATE_LAG_1"": -1.777516445145011e-08}","{""DBLCIX_LAG_0"": 49, ""DBLCIX_LAG_1"": 49, ""DURATION_STATE_0"": 49, ""DURATION_STATE_1"": 49, ""IBOXIG_LAG_0"": 49, ""IBOXIG_LAG_1"": 49, ""JPEICORE_LAG_0"": 49, ""JPEICORE_LAG_1"": 49, ""LBUTTRUU_LAG_0"": 49, ""LBUTTRUU_LAG_1"": 49, ""LT11TRUU_LAG_0"": 49, ""LT11TRUU_LAG_1"": 49, ""SPXT_LAG_0"": 49, ""SPXT_LAG_1"": 49, ""STATE_LAG_0"": 49, ""STATE_LAG_1"": 6}",2317,prediction,2017-01-03,2023-12-05,10.0,0.1,1730
multinomial_logistic_gam,0.1695377107698212,0.9507936507936507,0.0884483692739107,2,1,1,6,0.05,15,STATE_LAG_0|SPXT_LAG_0|DBLCIX_LAG_0|IBOXIG_LAG_0|JPEICORE_LAG_0|LT11TRUU_LAG_0|LBUTTRUU_LAG_0|SPXT_LAG_1|DBLCIX_LAG_1|IBOXIG_LAG_1|JPEICORE_LAG_1|LT11TRUU_LAG_1|LBUTTRUU_LAG_1|DURATION_STATE_0|DURATION_STATE_1,0.02,True,"{""DBLCIX_LAG_0"": 0.02, ""DBLCIX_LAG_1"": 0.02, ""DURATION_STATE_0"": 0.02, ""DURATION_STATE_1"": 0.02, ""IBOXIG_LAG_0"": 0.02, ""IBOXIG_LAG_1"": 0.02, ""JPEICORE_LAG_0"": 0.02, ""JPEICORE_LAG_1"": 0.02, ""LBUTTRUU_LAG_0"": 0.02, ""LBUTTRUU_LAG_1"": 0.02, ""LT11TRUU_LAG_0"": 0.02, ""LT11TRUU_LAG_1"": 0.02, ""SPXT_LAG_0"": 0.02, ""SPXT_LAG_1"": 0.02, ""STATE_LAG_0"": 0.02, ""STATE_LAG_1"": 0.42857142857142855}",regularized_bootstrap,1.0,49,"{""DBLCIX_LAG_0"": 46.92938665214365, ""DBLCIX_LAG_1"": 48.08017779808927, ""DURATION_STATE_0"": 876.1316626897587, ""DURATION_STATE_1"": 874.4554396003598, ""IBOXIG_LAG_0"": 53.641997535122755, ""IBOXIG_LAG_1"": 46.21415863581524, ""JPEICORE_LAG_0"": 34.8672409468943, ""JPEICORE_LAG_1"": 31.891071070606586, ""LBUTTRUU_LAG_0"": 52.697866295007884, ""LBUTTRUU_LAG_1"": 42.64779900816893, ""LT11TRUU_LAG_0"": 104.40754348929693, ""LT11TRUU_LAG_1"": 92.44055249345149, ""SPXT_LAG_0"": 186.00796460837876, ""SPXT_LAG_1"": 175.81694900385924, ""STATE_LAG_0"": 885.1788996992818, ""STATE_LAG_1"": -1.777516445145011e-08}","{""DBLCIX_LAG_0"": 49, ""DBLCIX_LAG_1"": 49, ""DURATION_STATE_0"": 49, ""DURATION_STATE_1"": 49, ""IBOXIG_LAG_0"": 49, ""IBOXIG_LAG_1"": 49, ""JPEICORE_LAG_0"": 49, ""JPEICORE_LAG_1"": 49, ""LBUTTRUU_LAG_0"": 49, ""LBUTTRUU_LAG_1"": 49, ""LT11TRUU_LAG_0"": 49, ""LT11TRUU_LAG_1"": 49, ""SPXT_LAG_0"": 49, ""SPXT_LAG_1"": 49, ""STATE_LAG_0"": 49, ""STATE_LAG_1"": 6}",2317,validation,2009-06-02,2016-12-30,0.01,100.0,1890
multinomial_logistic_gam,0.17298710381083446,0.9526011560693641,0.08966609617780845,2,1,1,6,0.05,15,STATE_LAG_0|SPXT_LAG_0|DBLCIX_LAG_0|IBOXIG_LAG_0|JPEICORE_LAG_0|LT11TRUU_LAG_0|LBUTTRUU_LAG_0|SPXT_LAG_1|DBLCIX_LAG_1|IBOXIG_LAG_1|JPEICORE_LAG_1|LT11TRUU_LAG_1|LBUTTRUU_LAG_1|DURATION_STATE_0|DURATION_STATE_1,0.02,True,"{""DBLCIX_LAG_0"": 0.02, ""DBLCIX_LAG_1"": 0.02, ""DURATION_STATE_0"": 0.02, ""DURATION_STATE_1"": 0.02, ""IBOXIG_LAG_0"": 0.02, ""IBOXIG_LAG_1"": 0.02, ""JPEICORE_LAG_0"": 0.02, ""JPEICORE_LAG_1"": 0.02, ""LBUTTRUU_LAG_0"": 0.02, ""LBUTTRUU_LAG_1"": 0.02, ""LT11TRUU_LAG_0"": 0.02, ""LT11TRUU_LAG_1"": 0.02, ""SPXT_LAG_0"": 0.02, ""SPXT_LAG_1"": 0.02, ""STATE_LAG_0"": 0.02, ""STATE_LAG_1"": 0.42857142857142855}",regularized_bootstrap,1.0,49,"{""DBLCIX_LAG_0"": 46.92938665214365, ""DBLCIX_LAG_1"": 48.08017779808927, ""DURATION_STATE_0"": 876.1316626897587, ""DURATION_STATE_1"": 874.4554396003598, ""IBOXIG_LAG_0"": 53.641997535122755, ""IBOXIG_LAG_1"": 46.21415863581524, ""JPEICORE_LAG_0"": 34.8672409468943, ""JPEICORE_LAG_1"": 31.891071070606586, ""LBUTTRUU_LAG_0"": 52.697866295007884, ""LBUTTRUU_LAG_1"": 42.64779900816893, ""LT11TRUU_LAG_0"": 104.40754348929693, ""LT11TRUU_LAG_1"": 92.44055249345149, ""SPXT_LAG_0"": 186.00796460837876, ""SPXT_LAG_1"": 175.81694900385924, ""STATE_LAG_0"": 885.1788996992818, ""STATE_LAG_1"": -1.777516445145011e-08}","{""DBLCIX_LAG_0"": 49, ""DBLCIX_LAG_1"": 49, ""DURATION_STATE_0"": 49, ""DURATION_STATE_1"": 49, ""IBOXIG_LAG_0"": 49, ""IBOXIG_LAG_1"": 49, ""JPEICORE_LAG_0"": 49, ""JPEICORE_LAG_1"": 49, ""LBUTTRUU_LAG_0"": 49, ""LBUTTRUU_LAG_1"": 49, ""LT11TRUU_LAG_0"": 49, ""LT11TRUU_LAG_1"": 49, ""SPXT_LAG_0"": 49, ""SPXT_LAG_1"": 49, ""STATE_LAG_0"": 49, ""STATE_LAG_1"": 6}",2317,prediction,2017-01-03,2023-12-05,0.01,100.0,1730
multinomial_logistic_gam,0.17218896575717005,0.9507936507936507,0.08805174525222413,2,1,1,6,0.05,15,STATE_LAG_0|SPXT_LAG_0|DBLCIX_LAG_0|IBOXIG_LAG_0|JPEICORE_LAG_0|LT11TRUU_LAG_0|LBUTTRUU_LAG_0|SPXT_LAG_1|DBLCIX_LAG_1|IBOXIG_LAG_1|JPEICORE_LAG_1|LT11TRUU_LAG_1|LBUTTRUU_LAG_1|DURATION_STATE_0|DURATION_STATE_1,0.02,True,"{""DBLCIX_LAG_0"": 0.02, ""DBLCIX_LAG_1"": 0.02, ""DURATION_STATE_0"": 0.02, ""DURATION_STATE_1"": 0.02, ""IBOXIG_LAG_0"": 0.02, ""IBOXIG_LAG_1"": 0.02, ""JPEICORE_LAG_0"": 0.02, ""JPEICORE_LAG_1"": 0.02, ""LBUTTRUU_LAG_0"": 0.02, ""LBUTTRUU_LAG_1"": 0.02, ""LT11TRUU_LAG_0"": 0.02, ""LT11TRUU_LAG_1"": 0.02, ""SPXT_LAG_0"": 0.02, ""SPXT_LAG_1"": 0.02, ""STATE_LAG_0"": 0.02, ""STATE_LAG_1"": 0.42857142857142855}",regularized_bootstrap,1.0,49,"{""DBLCIX_LAG_0"": 46.92938665214365, ""DBLCIX_LAG_1"": 48.08017779808927, ""DURATION_STATE_0"": 876.1316626897587, ""DURATION_STATE_1"": 874.4554396003598, ""IBOXIG_LAG_0"": 53.641997535122755, ""IBOXIG_LAG_1"": 46.21415863581524, ""JPEICORE_LAG_0"": 34.8672409468943, ""JPEICORE_LAG_1"": 31.891071070606586, ""LBUTTRUU_LAG_0"": 52.697866295007884, ""LBUTTRUU_LAG_1"": 42.64779900816893, ""LT11TRUU_LAG_0"": 104.40754348929693, ""LT11TRUU_LAG_1"": 92.44055249345149, ""SPXT_LAG_0"": 186.00796460837876, ""SPXT_LAG_1"": 175.81694900385924, ""STATE_LAG_0"": 885.1788996992818, ""STATE_LAG_1"": -1.777516445145011e-08}","{""DBLCIX_LAG_0"": 49, ""DBLCIX_LAG_1"": 49, ""DURATION_STATE_0"": 49, ""DURATION_STATE_1"": 49, ""IBOXIG_LAG_0"": 49, ""IBOXIG_LAG_1"": 49, ""JPEICORE_LAG_0"": 49, ""JPEICORE_LAG_1"": 49, ""LBUTTRUU_LAG_0"": 49, ""LBUTTRUU_LAG_1"": 49, ""LT11TRUU_LAG_0"": 49, ""LT11TRUU_LAG_1"": 49, ""SPXT_LAG_0"": 49, ""SPXT_LAG_1"": 49, ""STATE_LAG_0"": 49, ""STATE_LAG_1"": 6}",2317,validation,2009-06-02,2016-12-30,0.1,10.0,1890
multinomial_logistic_gam,0.17295401049294445,0.9526011560693641,0.08749577976717528,2,1,1,6,0.05,15,STATE_LAG_0|SPXT_LAG_0|DBLCIX_LAG_0|IBOXIG_LAG_0|JPEICORE_LAG_0|LT11TRUU_LAG_0|LBUTTRUU_LAG_0|SPXT_LAG_1|DBLCIX_LAG_1|IBOXIG_LAG_1|JPEICORE_LAG_1|LT11TRUU_LAG_1|LBUTTRUU_LAG_1|DURATION_STATE_0|DURATION_STATE_1,0.02,True,"{""DBLCIX_LAG_0"": 0.02, ""DBLCIX_LAG_1"": 0.02, ""DURATION_STATE_0"": 0.02, ""DURATION_STATE_1"": 0.02, ""IBOXIG_LAG_0"": 0.02, ""IBOXIG_LAG_1"": 0.02, ""JPEICORE_LAG_0"": 0.02, ""JPEICORE_LAG_1"": 0.02, ""LBUTTRUU_LAG_0"": 0.02, ""LBUTTRUU_LAG_1"": 0.02, ""LT11TRUU_LAG_0"": 0.02, ""LT11TRUU_LAG_1"": 0.02, ""SPXT_LAG_0"": 0.02, ""SPXT_LAG_1"": 0.02, ""STATE_LAG_0"": 0.02, ""STATE_LAG_1"": 0.42857142857142855}",regularized_bootstrap,1.0,49,"{""DBLCIX_LAG_0"": 46.92938665214365, ""DBLCIX_LAG_1"": 48.08017779808927, ""DURATION_STATE_0"": 876.1316626897587, ""DURATION_STATE_1"": 874.4554396003598, ""IBOXIG_LAG_0"": 53.641997535122755, ""IBOXIG_LAG_1"": 46.21415863581524, ""JPEICORE_LAG_0"": 34.8672409468943, ""JPEICORE_LAG_1"": 31.891071070606586, ""LBUTTRUU_LAG_0"": 52.697866295007884, ""LBUTTRUU_LAG_1"": 42.64779900816893, ""LT11TRUU_LAG_0"": 104.40754348929693, ""LT11TRUU_LAG_1"": 92.44055249345149, ""SPXT_LAG_0"": 186.00796460837876, ""SPXT_LAG_1"": 175.81694900385924, ""STATE_LAG_0"": 885.1788996992818, ""STATE_LAG_1"": -1.777516445145011e-08}","{""DBLCIX_LAG_0"": 49, ""DBLCIX_LAG_1"": 49, ""DURATION_STATE_0"": 49, ""DURATION_STATE_1"": 49, ""IBOXIG_LAG_0"": 49, ""IBOXIG_LAG_1"": 49, ""JPEICORE_LAG_0"": 49, ""JPEICORE_LAG_1"": 49, ""LBUTTRUU_LAG_0"": 49, ""LBUTTRUU_LAG_1"": 49, ""LT11TRUU_LAG_0"": 49, ""LT11TRUU_LAG_1"": 49, ""SPXT_LAG_0"": 49, ""SPXT_LAG_1"": 49, ""STATE_LAG_0"": 49, ""STATE_LAG_1"": 6}",2317,prediction,2017-01-03,2023-12-05,0.1,10.0,1730
multinomial_logistic_gam,0.18313739016154446,0.9513227513227513,0.09037377789627138,2,1,1,6,0.05,15,STATE_LAG_0|SPXT_LAG_0|DBLCIX_LAG_0|IBOXIG_LAG_0|JPEICORE_LAG_0|LT11TRUU_LAG_0|LBUTTRUU_LAG_0|SPXT_LAG_1|DBLCIX_LAG_1|IBOXIG_LAG_1|JPEICORE_LAG_1|LT11TRUU_LAG_1|LBUTTRUU_LAG_1|DURATION_STATE_0|DURATION_STATE_1,0.02,True,"{""DBLCIX_LAG_0"": 0.02, ""DBLCIX_LAG_1"": 0.02, ""DURATION_STATE_0"": 0.02, ""DURATION_STATE_1"": 0.02, ""IBOXIG_LAG_0"": 0.02, ""IBOXIG_LAG_1"": 0.02, ""JPEICORE_LAG_0"": 0.02, ""JPEICORE_LAG_1"": 0.02, ""LBUTTRUU_LAG_0"": 0.02, ""LBUTTRUU_LAG_1"": 0.02, ""LT11TRUU_LAG_0"": 0.02, ""LT11TRUU_LAG_1"": 0.02, ""SPXT_LAG_0"": 0.02, ""SPXT_LAG_1"": 0.02, ""STATE_LAG_0"": 0.02, ""STATE_LAG_1"": 0.42857142857142855}",regularized_bootstrap,1.0,49,"{""DBLCIX_LAG_0"": 46.92938665214365, ""DBLCIX_LAG_1"": 48.08017779808927, ""DURATION_STATE_0"": 876.1316626897587, ""DURATION_STATE_1"": 874.4554396003598, ""IBOXIG_LAG_0"": 53.641997535122755, ""IBOXIG_LAG_1"": 46.21415863581524, ""JPEICORE_LAG_0"": 34.8672409468943, ""JPEICORE_LAG_1"": 31.891071070606586, ""LBUTTRUU_LAG_0"": 52.697866295007884, ""LBUTTRUU_LAG_1"": 42.64779900816893, ""LT11TRUU_LAG_0"": 104.40754348929693, ""LT11TRUU_LAG_1"": 92.44055249345149, ""SPXT_LAG_0"": 186.00796460837876, ""SPXT_LAG_1"": 175.81694900385924, ""STATE_LAG_0"": 885.1788996992818, ""STATE_LAG_1"": -1.777516445145011e-08}","{""DBLCIX_LAG_0"": 49, ""DBLCIX_LAG_1"": 49, ""DURATION_STATE_0"": 49, ""DURATION_STATE_1"": 49, ""IBOXIG_LAG_0"": 49, ""IBOXIG_LAG_1"": 49, ""JPEICORE_LAG_0"": 49, ""JPEICORE_LAG_1"": 49, ""LBUTTRUU_LAG_0"": 49, ""LBUTTRUU_LAG_1"": 49, ""LT11TRUU_LAG_0"": 49, ""LT11TRUU_LAG_1"": 49, ""SPXT_LAG_0"": 49, ""SPXT_LAG_1"": 49, ""STATE_LAG_0"": 49, ""STATE_LAG_1"": 6}",2317,validation,2009-06-02,2016-12-30,1.0,1.0,1890
multinomial_logistic_gam,0.18554004969998064,0.9520231213872833,0.09057787578776266,2,1,1,6,0.05,15,STATE_LAG_0|SPXT_LAG_0|DBLCIX_LAG_0|IBOXIG_LAG_0|JPEICORE_LAG_0|LT11TRUU_LAG_0|LBUTTRUU_LAG_0|SPXT_LAG_1|DBLCIX_LAG_1|IBOXIG_LAG_1|JPEICORE_LAG_1|LT11TRUU_LAG_1|LBUTTRUU_LAG_1|DURATION_STATE_0|DURATION_STATE_1,0.02,True,"{""DBLCIX_LAG_0"": 0.02, ""DBLCIX_LAG_1"": 0.02, ""DURATION_STATE_0"": 0.02, ""DURATION_STATE_1"": 0.02, ""IBOXIG_LAG_0"": 0.02, ""IBOXIG_LAG_1"": 0.02, ""JPEICORE_LAG_0"": 0.02, ""JPEICORE_LAG_1"": 0.02, ""LBUTTRUU_LAG_0"": 0.02, ""LBUTTRUU_LAG_1"": 0.02, ""LT11TRUU_LAG_0"": 0.02, ""LT11TRUU_LAG_1"": 0.02, ""SPXT_LAG_0"": 0.02, ""SPXT_LAG_1"": 0.02, ""STATE_LAG_0"": 0.02, ""STATE_LAG_1"": 0.42857142857142855}",regularized_bootstrap,1.0,49,"{""DBLCIX_LAG_0"": 46.92938665214365, ""DBLCIX_LAG_1"": 48.08017779808927, ""DURATION_STATE_0"": 876.1316626897587, ""DURATION_STATE_1"": 874.4554396003598, ""IBOXIG_LAG_0"": 53.641997535122755, ""IBOXIG_LAG_1"": 46.21415863581524, ""JPEICORE_LAG_0"": 34.8672409468943, ""JPEICORE_LAG_1"": 31.891071070606586, ""LBUTTRUU_LAG_0"": 52.697866295007884, ""LBUTTRUU_LAG_1"": 42.64779900816893, ""LT11TRUU_LAG_0"": 104.40754348929693, ""LT11TRUU_LAG_1"": 92.44055249345149, ""SPXT_LAG_0"": 186.00796460837876, ""SPXT_LAG_1"": 175.81694900385924, ""STATE_LAG_0"": 885.1788996992818, ""STATE_LAG_1"": -1.777516445145011e-08}","{""DBLCIX_LAG_0"": 49, ""DBLCIX_LAG_1"": 49, ""DURATION_STATE_0"": 49, ""DURATION_STATE_1"": 49, ""IBOXIG_LAG_0"": 49, ""IBOXIG_LAG_1"": 49, ""JPEICORE_LAG_0"": 49, ""JPEICORE_LAG_1"": 49, ""LBUTTRUU_LAG_0"": 49, ""LBUTTRUU_LAG_1"": 49, ""LT11TRUU_LAG_0"": 49, ""LT11TRUU_LAG_1"": 49, ""SPXT_LAG_0"": 49, ""SPXT_LAG_1"": 49, ""STATE_LAG_0"": 49, ""STATE_LAG_1"": 6}",2317,prediction,2017-01-03,2023-12-05,1.0,1.0,1730
multinomial_logistic_gam,0.2150749328280822,0.9507936507936507,0.09516471089904778,2,1,1,6,0.05,15,STATE_LAG_0|SPXT_LAG_0|DBLCIX_LAG_0|IBOXIG_LAG_0|JPEICORE_LAG_0|LT11TRUU_LAG_0|LBUTTRUU_LAG_0|SPXT_LAG_1|DBLCIX_LAG_1|IBOXIG_LAG_1|JPEICORE_LAG_1|LT11TRUU_LAG_1|LBUTTRUU_LAG_1|DURATION_STATE_0|DURATION_STATE_1,0.02,True,"{""DBLCIX_LAG_0"": 0.02, ""DBLCIX_LAG_1"": 0.02, ""DURATION_STATE_0"": 0.02, ""DURATION_STATE_1"": 0.02, ""IBOXIG_LAG_0"": 0.02, ""IBOXIG_LAG_1"": 0.02, ""JPEICORE_LAG_0"": 0.02, ""JPEICORE_LAG_1"": 0.02, ""LBUTTRUU_LAG_0"": 0.02, ""LBUTTRUU_LAG_1"": 0.02, ""LT11TRUU_LAG_0"": 0.02, ""LT11TRUU_LAG_1"": 0.02, ""SPXT_LAG_0"": 0.02, ""SPXT_LAG_1"": 0.02, ""STATE_LAG_0"": 0.02, ""STATE_LAG_1"": 0.42857142857142855}",regularized_bootstrap,1.0,49,"{""DBLCIX_LAG_0"": 46.92938665214365, ""DBLCIX_LAG_1"": 48.08017779808927, ""DURATION_STATE_0"": 876.1316626897587, ""DURATION_STATE_1"": 874.4554396003598, ""IBOXIG_LAG_0"": 53.641997535122755, ""IBOXIG_LAG_1"": 46.21415863581524, ""JPEICORE_LAG_0"": 34.8672409468943, ""JPEICORE_LAG_1"": 31.891071070606586, ""LBUTTRUU_LAG_0"": 52.697866295007884, ""LBUTTRUU_LAG_1"": 42.64779900816893, ""LT11TRUU_LAG_0"": 104.40754348929693, ""LT11TRUU_LAG_1"": 92.44055249345149, ""SPXT_LAG_0"": 186.00796460837876, ""SPXT_LAG_1"": 175.81694900385924, ""STATE_LAG_0"": 885.1788996992818, ""STATE_LAG_1"": -1.777516445145011e-08}","{""DBLCIX_LAG_0"": 49, ""DBLCIX_LAG_1"": 49, ""DURATION_STATE_0"": 49, ""DURATION_STATE_1"": 49, ""IBOXIG_LAG_0"": 49, ""IBOXIG_LAG_1"": 49, ""JPEICORE_LAG_0"": 49, ""JPEICORE_LAG_1"": 49, ""LBUTTRUU_LAG_0"": 49, ""LBUTTRUU_LAG_1"": 49, ""LT11TRUU_LAG_0"": 49, ""LT11TRUU_LAG_1"": 49, ""SPXT_LAG_0"": 49, ""SPXT_LAG_1"": 49, ""STATE_LAG_0"": 49, ""STATE_LAG_1"": 6}",2317,validation,2009-06-02,2016-12-30,10.0,0.1,1890
multinomial_logistic_gam,0.2247818979666761,0.946242774566474,0.10062634560803768,2,1,1,6,0.05,15,STATE_LAG_0|SPXT_LAG_0|DBLCIX_LAG_0|IBOXIG_LAG_0|JPEICORE_LAG_0|LT11TRUU_LAG_0|LBUTTRUU_LAG_0|SPXT_LAG_1|DBLCIX_LAG_1|IBOXIG_LAG_1|JPEICORE_LAG_1|LT11TRUU_LAG_1|LBUTTRUU_LAG_1|DURATION_STATE_0|DURATION_STATE_1,0.02,True,"{""DBLCIX_LAG_0"": 0.02, ""DBLCIX_LAG_1"": 0.02, ""DURATION_STATE_0"": 0.02, ""DURATION_STATE_1"": 0.02, ""IBOXIG_LAG_0"": 0.02, ""IBOXIG_LAG_1"": 0.02, ""JPEICORE_LAG_0"": 0.02, ""JPEICORE_LAG_1"": 0.02, ""LBUTTRUU_LAG_0"": 0.02, ""LBUTTRUU_LAG_1"": 0.02, ""LT11TRUU_LAG_0"": 0.02, ""LT11TRUU_LAG_1"": 0.02, ""SPXT_LAG_0"": 0.02, ""SPXT_LAG_1"": 0.02, ""STATE_LAG_0"": 0.02, ""STATE_LAG_1"": 0.42857142857142855}",regularized_bootstrap,1.0,49,"{""DBLCIX_LAG_0"": 46.92938665214365, ""DBLCIX_LAG_1"": 48.08017779808927, ""DURATION_STATE_0"": 876.1316626897587, ""DURATION_STATE_1"": 874.4554396003598, ""IBOXIG_LAG_0"": 53.641997535122755, ""IBOXIG_LAG_1"": 46.21415863581524, ""JPEICORE_LAG_0"": 34.8672409468943, ""JPEICORE_LAG_1"": 31.891071070606586, ""LBUTTRUU_LAG_0"": 52.697866295007884, ""LBUTTRUU_LAG_1"": 42.64779900816893, ""LT11TRUU_LAG_0"": 104.40754348929693, ""LT11TRUU_LAG_1"": 92.44055249345149, ""SPXT_LAG_0"": 186.00796460837876, ""SPXT_LAG_1"": 175.81694900385924, ""STATE_LAG_0"": 885.1788996992818, ""STATE_LAG_1"": -1.777516445145011e-08}","{""DBLCIX_LAG_0"": 49, ""DBLCIX_LAG_1"": 49, ""DURATION_STATE_0"": 49, ""DURATION_STATE_1"": 49, ""IBOXIG_LAG_0"": 49, ""IBOXIG_LAG_1"": 49, ""JPEICORE_LAG_0"": 49, ""JPEICORE_LAG_1"": 49, ""LBUTTRUU_LAG_0"": 49, ""LBUTTRUU_LAG_1"": 49, ""LT11TRUU_LAG_0"": 49, ""LT11TRUU_LAG_1"": 49, ""SPXT_LAG_0"": 49, ""SPXT_LAG_1"": 49, ""STATE_LAG_0"": 49, ""STATE_LAG_1"": 6}",2317,prediction,2017-01-03,2023-12-05,10.0,0.1,1730
multinomial_logistic_gam,0.2012461249174124,0.9343915343915344,0.11094732504132304,2,1,2,4,0.05,2,LT11TRUU_LAG_0|DURATION_STATE_0,0.007749616631584836,True,"{""DBLCIX_LAG_0"": 0.38143977718507066, ""DBLCIX_LAG_1"": 0.27357588503717184, ""DBLCIX_LAG_2"": 0.9994569853937181, ""DURATION_STATE_0"": 1.1069858782045662e-59, ""DURATION_STATE_1"": 0.07717238544494238, ""IBOXIG_LAG_0"": 0.8286772851135473, ""IBOXIG_LAG_1"": 0.16933418369220957, ""IBOXIG_LAG_2"": 0.9993241428599077, ""JPEICORE_LAG_0"": 0.07911489804736441, ""JPEICORE_LAG_1"": 0.845250949409976, ""JPEICORE_LAG_2"": 0.9401032441471442, ""LBUTTRUU_LAG_0"": 0.40628367815470523, ""LBUTTRUU_LAG_1"": 0.9852242897019698, ""LBUTTRUU_LAG_2"": 0.9967361769136635, ""LT11TRUU_LAG_0"": 0.007749616631584836, ""LT11TRUU_LAG_1"": 0.337708093743592, ""LT11TRUU_LAG_2"": 0.29908421182081985, ""SPXT_LAG_0"": 0.4377354265920541, ""SPXT_LAG_1"": 0.6623538759986605, ""SPXT_LAG_2"": 0.7325531248006085, ""STATE_LAG_0"": 0.7609342240343173, ""STATE_LAG_1"": 1.0}",wald,1.0,0,{},{},2316,validation,2009-06-02,2016-12-30,0.01,100.0,1890
multinomial_logistic_gam,0.19893370872319444,0.938150289017341,0.10534186896731985,2,1,2,4,0.05,2,LT11TRUU_LAG_0|DURATION_STATE_0,0.007749616631584836,True,"{""DBLCIX_LAG_0"": 0.38143977718507066, ""DBLCIX_LAG_1"": 0.27357588503717184, ""DBLCIX_LAG_2"": 0.9994569853937181, ""DURATION_STATE_0"": 1.1069858782045662e-59, ""DURATION_STATE_1"": 0.07717238544494238, ""IBOXIG_LAG_0"": 0.8286772851135473, ""IBOXIG_LAG_1"": 0.16933418369220957, ""IBOXIG_LAG_2"": 0.9993241428599077, ""JPEICORE_LAG_0"": 0.07911489804736441, ""JPEICORE_LAG_1"": 0.845250949409976, ""JPEICORE_LAG_2"": 0.9401032441471442, ""LBUTTRUU_LAG_0"": 0.40628367815470523, ""LBUTTRUU_LAG_1"": 0.9852242897019698, ""LBUTTRUU_LAG_2"": 0.9967361769136635, ""LT11TRUU_LAG_0"": 0.007749616631584836, ""LT11TRUU_LAG_1"": 0.337708093743592, ""LT11TRUU_LAG_2"": 0.29908421182081985, ""SPXT_LAG_0"": 0.4377354265920541, ""SPXT_LAG_1"": 0.6623538759986605, ""SPXT_LAG_2"": 0.7325531248006085, ""STATE_LAG_0"": 0.7609342240343173, ""STATE_LAG_1"": 1.0}",wald,1.0,0,{},{},2316,prediction,2017-01-03,2023-12-05,0.01,100.0,1730
multinomial_logistic_gam,0.19948061505371323,0.9343915343915344,0.10614769715734977,2,1,2,4,0.05,2,LT11TRUU_LAG_0|DURATION_STATE_0,0.007749616631584836,True,"{""DBLCIX_LAG_0"": 0.38143977718507066, ""DBLCIX_LAG_1"": 0.27357588503717184, ""DBLCIX_LAG_2"": 0.9994569853937181, ""DURATION_STATE_0"": 1.1069858782045662e-59, ""DURATION_STATE_1"": 0.07717238544494238, ""IBOXIG_LAG_0"": 0.8286772851135473, ""IBOXIG_LAG_1"": 0.16933418369220957, ""IBOXIG_LAG_2"": 0.9993241428599077, ""JPEICORE_LAG_0"": 0.07911489804736441, ""JPEICORE_LAG_1"": 0.845250949409976, ""JPEICORE_LAG_2"": 0.9401032441471442, ""LBUTTRUU_LAG_0"": 0.40628367815470523, ""LBUTTRUU_LAG_1"": 0.9852242897019698, ""LBUTTRUU_LAG_2"": 0.9967361769136635, ""LT11TRUU_LAG_0"": 0.007749616631584836, ""LT11TRUU_LAG_1"": 0.337708093743592, ""LT11TRUU_LAG_2"": 0.29908421182081985, ""SPXT_LAG_0"": 0.4377354265920541, ""SPXT_LAG_1"": 0.6623538759986605, ""SPXT_LAG_2"": 0.7325531248006085, ""STATE_LAG_0"": 0.7609342240343173, ""STATE_LAG_1"": 1.0}",wald,1.0,0,{},{},2316,validation,2009-06-02,2016-12-30,0.1,10.0,1890
multinomial_logistic_gam,0.19186798407902728,0.938150289017341,0.09887001780617119,2,1,2,4,0.05,2,LT11TRUU_LAG_0|DURATION_STATE_0,0.007749616631584836,True,"{""DBLCIX_LAG_0"": 0.38143977718507066, ""DBLCIX_LAG_1"": 0.27357588503717184, ""DBLCIX_LAG_2"": 0.9994569853937181, ""DURATION_STATE_0"": 1.1069858782045662e-59, ""DURATION_STATE_1"": 0.07717238544494238, ""IBOXIG_LAG_0"": 0.8286772851135473, ""IBOXIG_LAG_1"": 0.16933418369220957, ""IBOXIG_LAG_2"": 0.9993241428599077, ""JPEICORE_LAG_0"": 0.07911489804736441, ""JPEICORE_LAG_1"": 0.845250949409976, ""JPEICORE_LAG_2"": 0.9401032441471442, ""LBUTTRUU_LAG_0"": 0.40628367815470523, ""LBUTTRUU_LAG_1"": 0.9852242897019698, ""LBUTTRUU_LAG_2"": 0.9967361769136635, ""LT11TRUU_LAG_0"": 0.007749616631584836, ""LT11TRUU_LAG_1"": 0.337708093743592, ""LT11TRUU_LAG_2"": 0.29908421182081985, ""SPXT_LAG_0"": 0.4377354265920541, ""SPXT_LAG_1"": 0.6623538759986605, ""SPXT_LAG_2"": 0.7325531248006085, ""STATE_LAG_0"": 0.7609342240343173, ""STATE_LAG_1"": 1.0}",wald,1.0,0,{},{},2316,prediction,2017-01-03,2023-12-05,0.1,10.0,1730
multinomial_logistic_gam,0.18970628072699341,0.9343915343915344,0.09980786034969955,2,1,2,4,0.05,2,LT11TRUU_LAG_0|DURATION_STATE_0,0.007749616631584836,True,"{""DBLCIX_LAG_0"": 0.38143977718507066, ""DBLCIX_LAG_1"": 0.27357588503717184, ""DBLCIX_LAG_2"": 0.9994569853937181, ""DURATION_STATE_0"": 1.1069858782045662e-59, ""DURATION_STATE_1"": 0.07717238544494238, ""IBOXIG_LAG_0"": 0.8286772851135473, ""IBOXIG_LAG_1"": 0.16933418369220957, ""IBOXIG_LAG_2"": 0.9993241428599077, ""JPEICORE_LAG_0"": 0.07911489804736441, ""JPEICORE_LAG_1"": 0.845250949409976, ""JPEICORE_LAG_2"": 0.9401032441471442, ""LBUTTRUU_LAG_0"": 0.40628367815470523, ""LBUTTRUU_LAG_1"": 0.9852242897019698, ""LBUTTRUU_LAG_2"": 0.9967361769136635, ""LT11TRUU_LAG_0"": 0.007749616631584836, ""LT11TRUU_LAG_1"": 0.337708093743592, ""LT11TRUU_LAG_2"": 0.29908421182081985, ""SPXT_LAG_0"": 0.4377354265920541, ""SPXT_LAG_1"": 0.6623538759986605, ""SPXT_LAG_2"": 0.7325531248006085, ""STATE_LAG_0"": 0.7609342240343173, ""STATE_LAG_1"": 1.0}",wald,1.0,0,{},{},2316,validation,2009-06-02,2016-12-30,1.0,1.0,1890
multinomial_logistic_gam,0.180454070570826,0.938150289017341,0.09365578566496228,2,1,2,4,0.05,2,LT11TRUU_LAG_0|DURATION_STATE_0,0.007749616631584836,True,"{""DBLCIX_LAG_0"": 0.38143977718507066, ""DBLCIX_LAG_1"": 0.27357588503717184, ""DBLCIX_LAG_2"": 0.9994569853937181, ""DURATION_STATE_0"": 1.1069858782045662e-59, ""DURATION_STATE_1"": 0.07717238544494238, ""IBOXIG_LAG_0"": 0.8286772851135473, ""IBOXIG_LAG_1"": 0.16933418369220957, ""IBOXIG_LAG_2"": 0.9993241428599077, ""JPEICORE_LAG_0"": 0.07911489804736441, ""JPEICORE_LAG_1"": 0.845250949409976, ""JPEICORE_LAG_2"": 0.9401032441471442, ""LBUTTRUU_LAG_0"": 0.40628367815470523, ""LBUTTRUU_LAG_1"": 0.9852242897019698, ""LBUTTRUU_LAG_2"": 0.9967361769136635, ""LT11TRUU_LAG_0"": 0.007749616631584836, ""LT11TRUU_LAG_1"": 0.337708093743592, ""LT11TRUU_LAG_2"": 0.29908421182081985, ""SPXT_LAG_0"": 0.4377354265920541, ""SPXT_LAG_1"": 0.6623538759986605, ""SPXT_LAG_2"": 0.7325531248006085, ""STATE_LAG_0"": 0.7609342240343173, ""STATE_LAG_1"": 1.0}",wald,1.0,0,{},{},2316,prediction,2017-01-03,2023-12-05,1.0,1.0,1730
multinomial_logistic_gam,0.18512686494015948,0.9465608465608466,0.09409226309669588,2,1,2,4,0.05,2,LT11TRUU_LAG_0|DURATION_STATE_0,0.007749616631584836,True,"{""DBLCIX_LAG_0"": 0.38143977718507066, ""DBLCIX_LAG_1"": 0.27357588503717184, ""DBLCIX_LAG_2"": 0.9994569853937181, ""DURATION_STATE_0"": 1.1069858782045662e-59, ""DURATION_STATE_1"": 0.07717238544494238, ""IBOXIG_LAG_0"": 0.8286772851135473, ""IBOXIG_LAG_1"": 0.16933418369220957, ""IBOXIG_LAG_2"": 0.9993241428599077, ""JPEICORE_LAG_0"": 0.07911489804736441, ""JPEICORE_LAG_1"": 0.845250949409976, ""JPEICORE_LAG_2"": 0.9401032441471442, ""LBUTTRUU_LAG_0"": 0.40628367815470523, ""LBUTTRUU_LAG_1"": 0.9852242897019698, ""LBUTTRUU_LAG_2"": 0.9967361769136635, ""LT11TRUU_LAG_0"": 0.007749616631584836, ""LT11TRUU_LAG_1"": 0.337708093743592, ""LT11TRUU_LAG_2"": 0.29908421182081985, ""SPXT_LAG_0"": 0.4377354265920541, ""SPXT_LAG_1"": 0.6623538759986605, ""SPXT_LAG_2"": 0.7325531248006085, ""STATE_LAG_0"": 0.7609342240343173, ""STATE_LAG_1"": 1.0}",wald,1.0,0,{},{},2316,validation,2009-06-02,2016-12-30,10.0,0.1,1890
multinomial_logistic_gam,0.17567934712380395,0.9520231213872833,0.08959416791512291,2,1,2,4,0.05,2,LT11TRUU_LAG_0|DURATION_STATE_0,0.007749616631584836,True,"{""DBLCIX_LAG_0"": 0.38143977718507066, ""DBLCIX_LAG_1"": 0.27357588503717184, ""DBLCIX_LAG_2"": 0.9994569853937181, ""DURATION_STATE_0"": 1.1069858782045662e-59, ""DURATION_STATE_1"": 0.07717238544494238, ""IBOXIG_LAG_0"": 0.8286772851135473, ""IBOXIG_LAG_1"": 0.16933418369220957, ""IBOXIG_LAG_2"": 0.9993241428599077, ""JPEICORE_LAG_0"": 0.07911489804736441, ""JPEICORE_LAG_1"": 0.845250949409976, ""JPEICORE_LAG_2"": 0.9401032441471442, ""LBUTTRUU_LAG_0"": 0.40628367815470523, ""LBUTTRUU_LAG_1"": 0.9852242897019698, ""LBUTTRUU_LAG_2"": 0.9967361769136635, ""LT11TRUU_LAG_0"": 0.007749616631584836, ""LT11TRUU_LAG_1"": 0.337708093743592, ""LT11TRUU_LAG_2"": 0.29908421182081985, ""SPXT_LAG_0"": 0.4377354265920541, ""SPXT_LAG_1"": 0.6623538759986605, ""SPXT_LAG_2"": 0.7325531248006085, ""STATE_LAG_0"": 0.7609342240343173, ""STATE_LAG_1"": 1.0}",wald,1.0,0,{},{},2316,prediction,2017-01-03,2023-12-05,10.0,0.1,1730
multinomial_logistic_gam,0.16872661053185856,0.9507936507936507,0.08783313760081818,2,1,2,6,0.05,21,STATE_LAG_0|SPXT_LAG_0|DBLCIX_LAG_0|IBOXIG_LAG_0|JPEICORE_LAG_0|LT11TRUU_LAG_0|LBUTTRUU_LAG_0|SPXT_LAG_1|DBLCIX_LAG_1|IBOXIG_LAG_1|JPEICORE_LAG_1|LT11TRUU_LAG_1|LBUTTRUU_LAG_1|SPXT_LAG_2|DBLCIX_LAG_2|IBOXIG_LAG_2|JPEICORE_LAG_2|LT11TRUU_LAG_2|LBUTTRUU_LAG_2|DURATION_STATE_0|DURATION_STATE_1,0.02,True,"{""DBLCIX_LAG_0"": 0.02, ""DBLCIX_LAG_1"": 0.02, ""DBLCIX_LAG_2"": 0.02, ""DURATION_STATE_0"": 0.02, ""DURATION_STATE_1"": 0.02, ""IBOXIG_LAG_0"": 0.02, ""IBOXIG_LAG_1"": 0.02, ""IBOXIG_LAG_2"": 0.02, ""JPEICORE_LAG_0"": 0.02, ""JPEICORE_LAG_1"": 0.02, ""JPEICORE_LAG_2"": 0.02, ""LBUTTRUU_LAG_0"": 0.02, ""LBUTTRUU_LAG_1"": 0.02, ""LBUTTRUU_LAG_2"": 0.02, ""LT11TRUU_LAG_0"": 0.02, ""LT11TRUU_LAG_1"": 0.02, ""LT11TRUU_LAG_2"": 0.02, ""SPXT_LAG_0"": 0.02, ""SPXT_LAG_1"": 0.02, ""SPXT_LAG_2"": 0.02, ""STATE_LAG_0"": 0.02, ""STATE_LAG_1"": 0.42857142857142855}",regularized_bootstrap,1.0,49,"{""DBLCIX_LAG_0"": 46.79373313272629, ""DBLCIX_LAG_1"": 48.04544352943901, ""DBLCIX_LAG_2"": 47.177741400262335, ""DURATION_STATE_0"": 878.894128247989, ""DURATION_STATE_1"": 876.4635475533771, ""IBOXIG_LAG_0"": 53.58052025063671, ""IBOXIG_LAG_1"": 46.170513715367406, ""IBOXIG_LAG_2"": 40.250109352310346, ""JPEICORE_LAG_0"": 34.89737284809769, ""JPEICORE_LAG_1"": 31.869179040322024, ""JPEICORE_LAG_2"": 30.795923151905868, ""LBUTTRUU_LAG_0"": 52.64111208485099, ""LBUTTRUU_LAG_1"": 42.668848184626995, ""LBUTTRUU_LAG_2"": 36.56282547062028, ""LT11TRUU_LAG_0"": 104.42409072677731, ""LT11TRUU_LAG_1"": 92.53882057008923, ""LT11TRUU_LAG_2"": 80.29772451290592, ""SPXT_LAG_0"": 187.81338603369545, ""SPXT_LAG_1"": 175.79921677198627, ""SPXT_LAG_2"": 159.5414052723039, ""STATE_LAG_0"": 888.0851344943634, ""STATE_LAG_1"": -1.7556885723024607e-08}","{""DBLCIX_LAG_0"": 49, ""DBLCIX_LAG_1"": 49, ""DBLCIX_LAG_2"": 49, ""DURATION_STATE_0"": 49, ""DURATION_STATE_1"": 49, ""IBOXIG_LAG_0"": 49, ""IBOXIG_LAG_1"": 49, ""IBOXIG_LAG_2"": 49, ""JPEICORE_LAG_0"": 49, ""JPEICORE_LAG_1"": 49, ""JPEICORE_LAG_2"": 49, ""LBUTTRUU_LAG_0"": 49, ""LBUTTRUU_LAG_1"": 49, ""LBUTTRUU_LAG_2"": 49, ""LT11TRUU_LAG_0"": 49, ""LT11TRUU_LAG_1"": 49, ""LT11TRUU_LAG_2"": 49, ""SPXT_LAG_0"": 49, ""SPXT_LAG_1"": 49, ""SPXT_LAG_2"": 49, ""STATE_LAG_0"": 49, ""STATE_LAG_1"": 6}",2316,validation,2009-06-02,2016-12-30,0.01,100.0,1890
multinomial_logistic_gam,0.17240111308641792,0.9520231213872833,0.08926452724390485,2,1,2,6,0.05,21,STATE_LAG_0|SPXT_LAG_0|DBLCIX_LAG_0|IBOXIG_LAG_0|JPEICORE_LAG_0|LT11TRUU_LAG_0|LBUTTRUU_LAG_0|SPXT_LAG_1|DBLCIX_LAG_1|IBOXIG_LAG_1|JPEICORE_LAG_1|LT11TRUU_LAG_1|LBUTTRUU_LAG_1|SPXT_LAG_2|DBLCIX_LAG_2|IBOXIG_LAG_2|JPEICORE_LAG_2|LT11TRUU_LAG_2|LBUTTRUU_LAG_2|DURATION_STATE_0|DURATION_STATE_1,0.02,True,"{""DBLCIX_LAG_0"": 0.02, ""DBLCIX_LAG_1"": 0.02, ""DBLCIX_LAG_2"": 0.02, ""DURATION_STATE_0"": 0.02, ""DURATION_STATE_1"": 0.02, ""IBOXIG_LAG_0"": 0.02, ""IBOXIG_LAG_1"": 0.02, ""IBOXIG_LAG_2"": 0.02, ""JPEICORE_LAG_0"": 0.02, ""JPEICORE_LAG_1"": 0.02, ""JPEICORE_LAG_2"": 0.02, ""LBUTTRUU_LAG_0"": 0.02, ""LBUTTRUU_LAG_1"": 0.02, ""LBUTTRUU_LAG_2"": 0.02, ""LT11TRUU_LAG_0"": 0.02, ""LT11TRUU_LAG_1"": 0.02, ""LT11TRUU_LAG_2"": 0.02, ""SPXT_LAG_0"": 0.02, ""SPXT_LAG_1"": 0.02, ""SPXT_LAG_2"": 0.02, ""STATE_LAG_0"": 0.02, ""STATE_LAG_1"": 0.42857142857142855}",regularized_bootstrap,1.0,49,"{""DBLCIX_LAG_0"": 46.79373313272629, ""DBLCIX_LAG_1"": 48.04544352943901, ""DBLCIX_LAG_2"": 47.177741400262335, ""DURATION_STATE_0"": 878.894128247989, ""DURATION_STATE_1"": 876.4635475533771, ""IBOXIG_LAG_0"": 53.58052025063671, ""IBOXIG_LAG_1"": 46.170513715367406, ""IBOXIG_LAG_2"": 40.250109352310346, ""JPEICORE_LAG_0"": 34.89737284809769, ""JPEICORE_LAG_1"": 31.869179040322024, ""JPEICORE_LAG_2"": 30.795923151905868, ""LBUTTRUU_LAG_0"": 52.64111208485099, ""LBUTTRUU_LAG_1"": 42.668848184626995, ""LBUTTRUU_LAG_2"": 36.56282547062028, ""LT11TRUU_LAG_0"": 104.42409072677731, ""LT11TRUU_LAG_1"": 92.53882057008923, ""LT11TRUU_LAG_2"": 80.29772451290592, ""SPXT_LAG_0"": 187.81338603369545, ""SPXT_LAG_1"": 175.79921677198627, ""SPXT_LAG_2"": 159.5414052723039, ""STATE_LAG_0"": 888.0851344943634, ""STATE_LAG_1"": -1.7556885723024607e-08}","{""DBLCIX_LAG_0"": 49, ""DBLCIX_LAG_1"": 49, ""DBLCIX_LAG_2"": 49, ""DURATION_STATE_0"": 49, ""DURATION_STATE_1"": 49, ""IBOXIG_LAG_0"": 49, ""IBOXIG_LAG_1"": 49, ""IBOXIG_LAG_2"": 49, ""JPEICORE_LAG_0"": 49, ""JPEICORE_LAG_1"": 49, ""JPEICORE_LAG_2"": 49, ""LBUTTRUU_LAG_0"": 49, ""LBUTTRUU_LAG_1"": 49, ""LBUTTRUU_LAG_2"": 49, ""LT11TRUU_LAG_0"": 49, ""LT11TRUU_LAG_1"": 49, ""LT11TRUU_LAG_2"": 49, ""SPXT_LAG_0"": 49, ""SPXT_LAG_1"": 49, ""SPXT_LAG_2"": 49, ""STATE_LAG_0"": 49, ""STATE_LAG_1"": 6}",2316,prediction,2017-01-03,2023-12-05,0.01,100.0,1730
multinomial_logistic_gam,0.1706567263093065,0.9507936507936507,0.08707222743952063,2,1,2,6,0.05,21,STATE_LAG_0|SPXT_LAG_0|DBLCIX_LAG_0|IBOXIG_LAG_0|JPEICORE_LAG_0|LT11TRUU_LAG_0|LBUTTRUU_LAG_0|SPXT_LAG_1|DBLCIX_LAG_1|IBOXIG_LAG_1|JPEICORE_LAG_1|LT11TRUU_LAG_1|LBUTTRUU_LAG_1|SPXT_LAG_2|DBLCIX_LAG_2|IBOXIG_LAG_2|JPEICORE_LAG_2|LT11TRUU_LAG_2|LBUTTRUU_LAG_2|DURATION_STATE_0|DURATION_STATE_1,0.02,True,"{""DBLCIX_LAG_0"": 0.02, ""DBLCIX_LAG_1"": 0.02, ""DBLCIX_LAG_2"": 0.02, ""DURATION_STATE_0"": 0.02, ""DURATION_STATE_1"": 0.02, ""IBOXIG_LAG_0"": 0.02, ""IBOXIG_LAG_1"": 0.02, ""IBOXIG_LAG_2"": 0.02, ""JPEICORE_LAG_0"": 0.02, ""JPEICORE_LAG_1"": 0.02, ""JPEICORE_LAG_2"": 0.02, ""LBUTTRUU_LAG_0"": 0.02, ""LBUTTRUU_LAG_1"": 0.02, ""LBUTTRUU_LAG_2"": 0.02, ""LT11TRUU_LAG_0"": 0.02, ""LT11TRUU_LAG_1"": 0.02, ""LT11TRUU_LAG_2"": 0.02, ""SPXT_LAG_0"": 0.02, ""SPXT_LAG_1"": 0.02, ""SPXT_LAG_2"": 0.02, ""STATE_LAG_0"": 0.02, ""STATE_LAG_1"": 0.42857142857142855}",regularized_bootstrap,1.0,49,"{""DBLCIX_LAG_0"": 46.79373313272629, ""DBLCIX_LAG_1"": 48.04544352943901, ""DBLCIX_LAG_2"": 47.177741400262335, ""DURATION_STATE_0"": 878.894128247989, ""DURATION_STATE_1"": 876.4635475533771, ""IBOXIG_LAG_0"": 53.58052025063671, ""IBOXIG_LAG_1"": 46.170513715367406, ""IBOXIG_LAG_2"": 40.250109352310346, ""JPEICORE_LAG_0"": 34.89737284809769, ""JPEICORE_LAG_1"": 31.869179040322024, ""JPEICORE_LAG_2"": 30.795923151905868, ""LBUTTRUU_LAG_0"": 52.64111208485099, ""LBUTTRUU_LAG_1"": 42.668848184626995, ""LBUTTRUU_LAG_2"": 36.56282547062028, ""LT11TRUU_LAG_0"": 104.42409072677731, ""LT11TRUU_LAG_1"": 92.53882057008923, ""LT11TRUU_LAG_2"": 80.29772451290592, ""SPXT_LAG_0"": 187.81338603369545, ""SPXT_LAG_1"": 175.79921677198627, ""SPXT_LAG_2"": 159.5414052723039, ""STATE_LAG_0"": 888.0851344943634, ""STATE_LAG_1"": -1.7556885723024607e-08}","{""DBLCIX_LAG_0"": 49, ""DBLCIX_LAG_1"": 49, ""DBLCIX_LAG_2"": 49, ""DURATION_STATE_0"": 49, ""DURATION_STATE_1"": 49, ""IBOXIG_LAG_0"": 49, ""IBOXIG_LAG_1"": 49, ""IBOXIG_LAG_2"": 49, ""JPEICORE_LAG_0"": 49, ""JPEICORE_LAG_1"": 49, ""JPEICORE_LAG_2"": 49, ""LBUTTRUU_LAG_0"": 49, ""LBUTTRUU_LAG_1"": 49, ""LBUTTRUU_LAG_2"": 49, ""LT11TRUU_LAG_0"": 49, ""LT11TRUU_LAG_1"": 49, ""LT11TRUU_LAG_2"": 49, ""SPXT_LAG_0"": 49, ""SPXT_LAG_1"": 49, ""SPXT_LAG_2"": 49, ""STATE_LAG_0"": 49, ""STATE_LAG_1"": 6}",2316,validation,2009-06-02,2016-12-30,0.1,10.0,1890
multinomial_logistic_gam,0.1730086824191348,0.9520231213872833,0.0872895087195639,2,1,2,6,0.05,21,STATE_LAG_0|SPXT_LAG_0|DBLCIX_LAG_0|IBOXIG_LAG_0|JPEICORE_LAG_0|LT11TRUU_LAG_0|LBUTTRUU_LAG_0|SPXT_LAG_1|DBLCIX_LAG_1|IBOXIG_LAG_1|JPEICORE_LAG_1|LT11TRUU_LAG_1|LBUTTRUU_LAG_1|SPXT_LAG_2|DBLCIX_LAG_2|IBOXIG_LAG_2|JPEICORE_LAG_2|LT11TRUU_LAG_2|LBUTTRUU_LAG_2|DURATION_STATE_0|DURATION_STATE_1,0.02,True,"{""DBLCIX_LAG_0"": 0.02, ""DBLCIX_LAG_1"": 0.02, ""DBLCIX_LAG_2"": 0.02, ""DURATION_STATE_0"": 0.02, ""DURATION_STATE_1"": 0.02, ""IBOXIG_LAG_0"": 0.02, ""IBOXIG_LAG_1"": 0.02, ""IBOXIG_LAG_2"": 0.02, ""JPEICORE_LAG_0"": 0.02, ""JPEICORE_LAG_1"": 0.02, ""JPEICORE_LAG_2"": 0.02, ""LBUTTRUU_LAG_0"": 0.02, ""LBUTTRUU_LAG_1"": 0.02, ""LBUTTRUU_LAG_2"": 0.02, ""LT11TRUU_LAG_0"": 0.02, ""LT11TRUU_LAG_1"": 0.02, ""LT11TRUU_LAG_2"": 0.02, ""SPXT_LAG_0"": 0.02, ""SPXT_LAG_1"": 0.02, ""SPXT_LAG_2"": 0.02, ""STATE_LAG_0"": 0.02, ""STATE_LAG_1"": 0.42857142857142855}",regularized_bootstrap,1.0,49,"{""DBLCIX_LAG_0"": 46.79373313272629, ""DBLCIX_LAG_1"": 48.04544352943901, ""DBLCIX_LAG_2"": 47.177741400262335, ""DURATION_STATE_0"": 878.894128247989, ""DURATION_STATE_1"": 876.4635475533771, ""IBOXIG_LAG_0"": 53.58052025063671, ""IBOXIG_LAG_1"": 46.170513715367406, ""IBOXIG_LAG_2"": 40.250109352310346, ""JPEICORE_LAG_0"": 34.89737284809769, ""JPEICORE_LAG_1"": 31.869179040322024, ""JPEICORE_LAG_2"": 30.795923151905868, ""LBUTTRUU_LAG_0"": 52.64111208485099, ""LBUTTRUU_LAG_1"": 42.668848184626995, ""LBUTTRUU_LAG_2"": 36.56282547062028, ""LT11TRUU_LAG_0"": 104.42409072677731, ""LT11TRUU_LAG_1"": 92.53882057008923, ""LT11TRUU_LAG_2"": 80.29772451290592, ""SPXT_LAG_0"": 187.81338603369545, ""SPXT_LAG_1"": 175.79921677198627, ""SPXT_LAG_2"": 159.5414052723039, ""STATE_LAG_0"": 888.0851344943634, ""STATE_LAG_1"": -1.7556885723024607e-08}","{""DBLCIX_LAG_0"": 49, ""DBLCIX_LAG_1"": 49, ""DBLCIX_LAG_2"": 49, ""DURATION_STATE_0"": 49, ""DURATION_STATE_1"": 49, ""IBOXIG_LAG_0"": 49, ""IBOXIG_LAG_1"": 49, ""IBOXIG_LAG_2"": 49, ""JPEICORE_LAG_0"": 49, ""JPEICORE_LAG_1"": 49, ""JPEICORE_LAG_2"": 49, ""LBUTTRUU_LAG_0"": 49, ""LBUTTRUU_LAG_1"": 49, ""LBUTTRUU_LAG_2"": 49, ""LT11TRUU_LAG_0"": 49, ""LT11TRUU_LAG_1"": 49, ""LT11TRUU_LAG_2"": 49, ""SPXT_LAG_0"": 49, ""SPXT_LAG_1"": 49, ""SPXT_LAG_2"": 49, ""STATE_LAG_0"": 49, ""STATE_LAG_1"": 6}",2316,prediction,2017-01-03,2023-12-05,0.1,10.0,1730
multinomial_logistic_gam,0.181257309070541,0.9513227513227513,0.08951270131705626,2,1,2,6,0.05,21,STATE_LAG_0|SPXT_LAG_0|DBLCIX_LAG_0|IBOXIG_LAG_0|JPEICORE_LAG_0|LT11TRUU_LAG_0|LBUTTRUU_LAG_0|SPXT_LAG_1|DBLCIX_LAG_1|IBOXIG_LAG_1|JPEICORE_LAG_1|LT11TRUU_LAG_1|LBUTTRUU_LAG_1|SPXT_LAG_2|DBLCIX_LAG_2|IBOXIG_LAG_2|JPEICORE_LAG_2|LT11TRUU_LAG_2|LBUTTRUU_LAG_2|DURATION_STATE_0|DURATION_STATE_1,0.02,True,"{""DBLCIX_LAG_0"": 0.02, ""DBLCIX_LAG_1"": 0.02, ""DBLCIX_LAG_2"": 0.02, ""DURATION_STATE_0"": 0.02, ""DURATION_STATE_1"": 0.02, ""IBOXIG_LAG_0"": 0.02, ""IBOXIG_LAG_1"": 0.02, ""IBOXIG_LAG_2"": 0.02, ""JPEICORE_LAG_0"": 0.02, ""JPEICORE_LAG_1"": 0.02, ""JPEICORE_LAG_2"": 0.02, ""LBUTTRUU_LAG_0"": 0.02, ""LBUTTRUU_LAG_1"": 0.02, ""LBUTTRUU_LAG_2"": 0.02, ""LT11TRUU_LAG_0"": 0.02, ""LT11TRUU_LAG_1"": 0.02, ""LT11TRUU_LAG_2"": 0.02, ""SPXT_LAG_0"": 0.02, ""SPXT_LAG_1"": 0.02, ""SPXT_LAG_2"": 0.02, ""STATE_LAG_0"": 0.02, ""STATE_LAG_1"": 0.42857142857142855}",regularized_bootstrap,1.0,49,"{""DBLCIX_LAG_0"": 46.79373313272629, ""DBLCIX_LAG_1"": 48.04544352943901, ""DBLCIX_LAG_2"": 47.177741400262335, ""DURATION_STATE_0"": 878.894128247989, ""DURATION_STATE_1"": 876.4635475533771, ""IBOXIG_LAG_0"": 53.58052025063671, ""IBOXIG_LAG_1"": 46.170513715367406, ""IBOXIG_LAG_2"": 40.250109352310346, ""JPEICORE_LAG_0"": 34.89737284809769, ""JPEICORE_LAG_1"": 31.869179040322024, ""JPEICORE_LAG_2"": 30.795923151905868, ""LBUTTRUU_LAG_0"": 52.64111208485099, ""LBUTTRUU_LAG_1"": 42.668848184626995, ""LBUTTRUU_LAG_2"": 36.56282547062028, ""LT11TRUU_LAG_0"": 104.42409072677731, ""LT11TRUU_LAG_1"": 92.53882057008923, ""LT11TRUU_LAG_2"": 80.29772451290592, ""SPXT_LAG_0"": 187.81338603369545, ""SPXT_LAG_1"": 175.79921677198627, ""SPXT_LAG_2"": 159.5414052723039, ""STATE_LAG_0"": 888.0851344943634, ""STATE_LAG_1"": -1.7556885723024607e-08}","{""DBLCIX_LAG_0"": 49, ""DBLCIX_LAG_1"": 49, ""DBLCIX_LAG_2"": 49, ""DURATION_STATE_0"": 49, ""DURATION_STATE_1"": 49, ""IBOXIG_LAG_0"": 49, ""IBOXIG_LAG_1"": 49, ""IBOXIG_LAG_2"": 49, ""JPEICORE_LAG_0"": 49, ""JPEICORE_LAG_1"": 49, ""JPEICORE_LAG_2"": 49, ""LBUTTRUU_LAG_0"": 49, ""LBUTTRUU_LAG_1"": 49, ""LBUTTRUU_LAG_2"": 49, ""LT11TRUU_LAG_0"": 49, ""LT11TRUU_LAG_1"": 49, ""LT11TRUU_LAG_2"": 49, ""SPXT_LAG_0"": 49, ""SPXT_LAG_1"": 49, ""SPXT_LAG_2"": 49, ""STATE_LAG_0"": 49, ""STATE_LAG_1"": 6}",2316,validation,2009-06-02,2016-12-30,1.0,1.0,1890
multinomial_logistic_gam,0.1873441463642949,0.9514450867052023,0.09126917201483917,2,1,2,6,0.05,21,STATE_LAG_0|SPXT_LAG_0|DBLCIX_LAG_0|IBOXIG_LAG_0|JPEICORE_LAG_0|LT11TRUU_LAG_0|LBUTTRUU_LAG_0|SPXT_LAG_1|DBLCIX_LAG_1|IBOXIG_LAG_1|JPEICORE_LAG_1|LT11TRUU_LAG_1|LBUTTRUU_LAG_1|SPXT_LAG_2|DBLCIX_LAG_2|IBOXIG_LAG_2|JPEICORE_LAG_2|LT11TRUU_LAG_2|LBUTTRUU_LAG_2|DURATION_STATE_0|DURATION_STATE_1,0.02,True,"{""DBLCIX_LAG_0"": 0.02, ""DBLCIX_LAG_1"": 0.02, ""DBLCIX_LAG_2"": 0.02, ""DURATION_STATE_0"": 0.02, ""DURATION_STATE_1"": 0.02, ""IBOXIG_LAG_0"": 0.02, ""IBOXIG_LAG_1"": 0.02, ""IBOXIG_LAG_2"": 0.02, ""JPEICORE_LAG_0"": 0.02, ""JPEICORE_LAG_1"": 0.02, ""JPEICORE_LAG_2"": 0.02, ""LBUTTRUU_LAG_0"": 0.02, ""LBUTTRUU_LAG_1"": 0.02, ""LBUTTRUU_LAG_2"": 0.02, ""LT11TRUU_LAG_0"": 0.02, ""LT11TRUU_LAG_1"": 0.02, ""LT11TRUU_LAG_2"": 0.02, ""SPXT_LAG_0"": 0.02, ""SPXT_LAG_1"": 0.02, ""SPXT_LAG_2"": 0.02, ""STATE_LAG_0"": 0.02, ""STATE_LAG_1"": 0.42857142857142855}",regularized_bootstrap,1.0,49,"{""DBLCIX_LAG_0"": 46.79373313272629, ""DBLCIX_LAG_1"": 48.04544352943901, ""DBLCIX_LAG_2"": 47.177741400262335, ""DURATION_STATE_0"": 878.894128247989, ""DURATION_STATE_1"": 876.4635475533771, ""IBOXIG_LAG_0"": 53.58052025063671, ""IBOXIG_LAG_1"": 46.170513715367406, ""IBOXIG_LAG_2"": 40.250109352310346, ""JPEICORE_LAG_0"": 34.89737284809769, ""JPEICORE_LAG_1"": 31.869179040322024, ""JPEICORE_LAG_2"": 30.795923151905868, ""LBUTTRUU_LAG_0"": 52.64111208485099, ""LBUTTRUU_LAG_1"": 42.668848184626995, ""LBUTTRUU_LAG_2"": 36.56282547062028, ""LT11TRUU_LAG_0"": 104.42409072677731, ""LT11TRUU_LAG_1"": 92.53882057008923, ""LT11TRUU_LAG_2"": 80.29772451290592, ""SPXT_LAG_0"": 187.81338603369545, ""SPXT_LAG_1"": 175.79921677198627, ""SPXT_LAG_2"": 159.5414052723039, ""STATE_LAG_0"": 888.0851344943634, ""STATE_LAG_1"": -1.7556885723024607e-08}","{""DBLCIX_LAG_0"": 49, ""DBLCIX_LAG_1"": 49, ""DBLCIX_LAG_2"": 49, ""DURATION_STATE_0"": 49, ""DURATION_STATE_1"": 49, ""IBOXIG_LAG_0"": 49, ""IBOXIG_LAG_1"": 49, ""IBOXIG_LAG_2"": 49, ""JPEICORE_LAG_0"": 49, ""JPEICORE_LAG_1"": 49, ""JPEICORE_LAG_2"": 49, ""LBUTTRUU_LAG_0"": 49, ""LBUTTRUU_LAG_1"": 49, ""LBUTTRUU_LAG_2"": 49, ""LT11TRUU_LAG_0"": 49, ""LT11TRUU_LAG_1"": 49, ""LT11TRUU_LAG_2"": 49, ""SPXT_LAG_0"": 49, ""SPXT_LAG_1"": 49, ""SPXT_LAG_2"": 49, ""STATE_LAG_0"": 49, ""STATE_LAG_1"": 6}",2316,prediction,2017-01-03,2023-12-05,1.0,1.0,1730
multinomial_logistic_gam,0.21588439734192752,0.9507936507936507,0.0946375765376308,2,1,2,6,0.05,21,STATE_LAG_0|SPXT_LAG_0|DBLCIX_LAG_0|IBOXIG_LAG_0|JPEICORE_LAG_0|LT11TRUU_LAG_0|LBUTTRUU_LAG_0|SPXT_LAG_1|DBLCIX_LAG_1|IBOXIG_LAG_1|JPEICORE_LAG_1|LT11TRUU_LAG_1|LBUTTRUU_LAG_1|SPXT_LAG_2|DBLCIX_LAG_2|IBOXIG_LAG_2|JPEICORE_LAG_2|LT11TRUU_LAG_2|LBUTTRUU_LAG_2|DURATION_STATE_0|DURATION_STATE_1,0.02,True,"{""DBLCIX_LAG_0"": 0.02, ""DBLCIX_LAG_1"": 0.02, ""DBLCIX_LAG_2"": 0.02, ""DURATION_STATE_0"": 0.02, ""DURATION_STATE_1"": 0.02, ""IBOXIG_LAG_0"": 0.02, ""IBOXIG_LAG_1"": 0.02, ""IBOXIG_LAG_2"": 0.02, ""JPEICORE_LAG_0"": 0.02, ""JPEICORE_LAG_1"": 0.02, ""JPEICORE_LAG_2"": 0.02, ""LBUTTRUU_LAG_0"": 0.02, ""LBUTTRUU_LAG_1"": 0.02, ""LBUTTRUU_LAG_2"": 0.02, ""LT11TRUU_LAG_0"": 0.02, ""LT11TRUU_LAG_1"": 0.02, ""LT11TRUU_LAG_2"": 0.02, ""SPXT_LAG_0"": 0.02, ""SPXT_LAG_1"": 0.02, ""SPXT_LAG_2"": 0.02, ""STATE_LAG_0"": 0.02, ""STATE_LAG_1"": 0.42857142857142855}",regularized_bootstrap,1.0,49,"{""DBLCIX_LAG_0"": 46.79373313272629, ""DBLCIX_LAG_1"": 48.04544352943901, ""DBLCIX_LAG_2"": 47.177741400262335, ""DURATION_STATE_0"": 878.894128247989, ""DURATION_STATE_1"": 876.4635475533771, ""IBOXIG_LAG_0"": 53.58052025063671, ""IBOXIG_LAG_1"": 46.170513715367406, ""IBOXIG_LAG_2"": 40.250109352310346, ""JPEICORE_LAG_0"": 34.89737284809769, ""JPEICORE_LAG_1"": 31.869179040322024, ""JPEICORE_LAG_2"": 30.795923151905868, ""LBUTTRUU_LAG_0"": 52.64111208485099, ""LBUTTRUU_LAG_1"": 42.668848184626995, ""LBUTTRUU_LAG_2"": 36.56282547062028, ""LT11TRUU_LAG_0"": 104.42409072677731, ""LT11TRUU_LAG_1"": 92.53882057008923, ""LT11TRUU_LAG_2"": 80.29772451290592, ""SPXT_LAG_0"": 187.81338603369545, ""SPXT_LAG_1"": 175.79921677198627, ""SPXT_LAG_2"": 159.5414052723039, ""STATE_LAG_0"": 888.0851344943634, ""STATE_LAG_1"": -1.7556885723024607e-08}","{""DBLCIX_LAG_0"": 49, ""DBLCIX_LAG_1"": 49, ""DBLCIX_LAG_2"": 49, ""DURATION_STATE_0"": 49, ""DURATION_STATE_1"": 49, ""IBOXIG_LAG_0"": 49, ""IBOXIG_LAG_1"": 49, ""IBOXIG_LAG_2"": 49, ""JPEICORE_LAG_0"": 49, ""JPEICORE_LAG_1"": 49, ""JPEICORE_LAG_2"": 49, ""LBUTTRUU_LAG_0"": 49, ""LBUTTRUU_LAG_1"": 49, ""LBUTTRUU_LAG_2"": 49, ""LT11TRUU_LAG_0"": 49, ""LT11TRUU_LAG_1"": 49, ""LT11TRUU_LAG_2"": 49, ""SPXT_LAG_0"": 49, ""SPXT_LAG_1"": 49, ""SPXT_LAG_2"": 49, ""STATE_LAG_0"": 49, ""STATE_LAG_1"": 6}",2316,validation,2009-06-02,2016-12-30,10.0,0.1,1890
multinomial_logistic_gam,0.23337468036185877,0.9468208092485549,0.10221195043793929,2,1,2,6,0.05,21,STATE_LAG_0|SPXT_LAG_0|DBLCIX_LAG_0|IBOXIG_LAG_0|JPEICORE_LAG_0|LT11TRUU_LAG_0|LBUTTRUU_LAG_0|SPXT_LAG_1|DBLCIX_LAG_1|IBOXIG_LAG_1|JPEICORE_LAG_1|LT11TRUU_LAG_1|LBUTTRUU_LAG_1|SPXT_LAG_2|DBLCIX_LAG_2|IBOXIG_LAG_2|JPEICORE_LAG_2|LT11TRUU_LAG_2|LBUTTRUU_LAG_2|DURATION_STATE_0|DURATION_STATE_1,0.02,True,"{""DBLCIX_LAG_0"": 0.02, ""DBLCIX_LAG_1"": 0.02, ""DBLCIX_LAG_2"": 0.02, ""DURATION_STATE_0"": 0.02, ""DURATION_STATE_1"": 0.02, ""IBOXIG_LAG_0"": 0.02, ""IBOXIG_LAG_1"": 0.02, ""IBOXIG_LAG_2"": 0.02, ""JPEICORE_LAG_0"": 0.02, ""JPEICORE_LAG_1"": 0.02, ""JPEICORE_LAG_2"": 0.02, ""LBUTTRUU_LAG_0"": 0.02, ""LBUTTRUU_LAG_1"": 0.02, ""LBUTTRUU_LAG_2"": 0.02, ""LT11TRUU_LAG_0"": 0.02, ""LT11TRUU_LAG_1"": 0.02, ""LT11TRUU_LAG_2"": 0.02, ""SPXT_LAG_0"": 0.02, ""SPXT_LAG_1"": 0.02, ""SPXT_LAG_2"": 0.02, ""STATE_LAG_0"": 0.02, ""STATE_LAG_1"": 0.42857142857142855}",regularized_bootstrap,1.0,49,"{""DBLCIX_LAG_0"": 46.79373313272629, ""DBLCIX_LAG_1"": 48.04544352943901, ""DBLCIX_LAG_2"": 47.177741400262335, ""DURATION_STATE_0"": 878.894128247989, ""DURATION_STATE_1"": 876.4635475533771, ""IBOXIG_LAG_0"": 53.58052025063671, ""IBOXIG_LAG_1"": 46.170513715367406, ""IBOXIG_LAG_2"": 40.250109352310346, ""JPEICORE_LAG_0"": 34.89737284809769, ""JPEICORE_LAG_1"": 31.869179040322024, ""JPEICORE_LAG_2"": 30.795923151905868, ""LBUTTRUU_LAG_0"": 52.64111208485099, ""LBUTTRUU_LAG_1"": 42.668848184626995, ""LBUTTRUU_LAG_2"": 36.56282547062028, ""LT11TRUU_LAG_0"": 104.42409072677731, ""LT11TRUU_LAG_1"": 92.53882057008923, ""LT11TRUU_LAG_2"": 80.29772451290592, ""SPXT_LAG_0"": 187.81338603369545, ""SPXT_LAG_1"": 175.79921677198627, ""SPXT_LAG_2"": 159.5414052723039, ""STATE_LAG_0"": 888.0851344943634, ""STATE_LAG_1"": -1.7556885723024607e-08}","{""DBLCIX_LAG_0"": 49, ""DBLCIX_LAG_1"": 49, ""DBLCIX_LAG_2"": 49, ""DURATION_STATE_0"": 49, ""DURATION_STATE_1"": 49, ""IBOXIG_LAG_0"": 49, ""IBOXIG_LAG_1"": 49, ""IBOXIG_LAG_2"": 49, ""JPEICORE_LAG_0"": 49, ""JPEICORE_LAG_1"": 49, ""JPEICORE_LAG_2"": 49, ""LBUTTRUU_LAG_0"": 49, ""LBUTTRUU_LAG_1"": 49, ""LBUTTRUU_LAG_2"": 49, ""LT11TRUU_LAG_0"": 49, ""LT11TRUU_LAG_1"": 49, ""LT11TRUU_LAG_2"": 49, ""SPXT_LAG_0"": 49, ""SPXT_LAG_1"": 49, ""SPXT_LAG_2"": 49, ""STATE_LAG_0"": 49, ""STATE_LAG_1"": 6}",2316,prediction,2017-01-03,2023-12-05,10.0,0.1,1730
multinomial_logistic_gam,0.17026330020094113,0.9507936507936507,0.08874559738513928,2,2,0,4,0.05,9,STATE_LAG_0|SPXT_LAG_0|DBLCIX_LAG_0|IBOXIG_LAG_0|JPEICORE_LAG_0|LT11TRUU_LAG_0|LBUTTRUU_LAG_0|DURATION_STATE_0|DURATION_STATE_1,0.02,True,"{""DBLCIX_LAG_0"": 0.02, ""DURATION_STATE_0"": 0.02, ""DURATION_STATE_1"": 0.02, ""IBOXIG_LAG_0"": 0.02, ""JPEICORE_LAG_0"": 0.02, ""LBUTTRUU_LAG_0"": 0.02, ""LT11TRUU_LAG_0"": 0.02, ""SPXT_LAG_0"": 0.02, ""STATE_LAG_0"": 0.02, ""STATE_LAG_1"": 0.6, ""STATE_LAG_2"": 0.5}",regularized_bootstrap,1.0,49,"{""DBLCIX_LAG_0"": 41.66544368058783, ""DURATION_STATE_0"": 857.8111366654268, ""DURATION_STATE_1"": 857.0449818007341, ""IBOXIG_LAG_0"": 28.092477346830265, ""JPEICORE_LAG_0"": 16.29093900110115, ""LBUTTRUU_LAG_0"": 24.834580224660385, ""LT11TRUU_LAG_0"": 79.85049279616442, ""SPXT_LAG_0"": 104.96159242467877, ""STATE_LAG_0"": 886.9058660338147, ""STATE_LAG_1"": -1.677631189522799e-08, ""STATE_LAG_2"": -1.677631189522799e-08}","{""DBLCIX_LAG_0"": 49, ""DURATION_STATE_0"": 49, ""DURATION_STATE_1"": 49, ""IBOXIG_LAG_0"": 49, ""JPEICORE_LAG_0"": 49, ""LBUTTRUU_LAG_0"": 49, ""LT11TRUU_LAG_0"": 49, ""SPXT_LAG_0"": 49, ""STATE_LAG_0"": 49, ""STATE_LAG_1"": 4, ""STATE_LAG_2"": 5}",2318,validation,2009-06-02,2016-12-30,0.01,100.0,1890
multinomial_logistic_gam,0.17432219899815685,0.9526011560693641,0.0903297205378174,2,2,0,4,0.05,9,STATE_LAG_0|SPXT_LAG_0|DBLCIX_LAG_0|IBOXIG_LAG_0|JPEICORE_LAG_0|LT11TRUU_LAG_0|LBUTTRUU_LAG_0|DURATION_STATE_0|DURATION_STATE_1,0.02,True,"{""DBLCIX_LAG_0"": 0.02, ""DURATION_STATE_0"": 0.02, ""DURATION_STATE_1"": 0.02, ""IBOXIG_LAG_0"": 0.02, ""JPEICORE_LAG_0"": 0.02, ""LBUTTRUU_LAG_0"": 0.02, ""LT11TRUU_LAG_0"": 0.02, ""SPXT_LAG_0"": 0.02, ""STATE_LAG_0"": 0.02, ""STATE_LAG_1"": 0.6, ""STATE_LAG_2"": 0.5}",regularized_bootstrap,1.0,49,"{""DBLCIX_LAG_0"": 41.66544368058783, ""DURATION_STATE_0"": 857.8111366654268, ""DURATION_STATE_1"": 857.0449818007341, ""IBOXIG_LAG_0"": 28.092477346830265, ""JPEICORE_LAG_0"": 16.29093900110115, ""LBUTTRUU_LAG_0"": 24.834580224660385, ""LT11TRUU_LAG_0"": 79.85049279616442, ""SPXT_LAG_0"": 104.96159242467877, ""STATE_LAG_0"": 886.9058660338147, ""STATE_LAG_1"": -1.677631189522799e-08, ""STATE_LAG_2"": -1.677631189522799e-08}","{""DBLCIX_LAG_0"": 49, ""DURATION_STATE_0"": 49, ""DURATION_STATE_1"": 49, ""IBOXIG_LAG_0"": 49, ""JPEICORE_LAG_0"": 49, ""LBUTTRUU_LAG_0"": 49, ""LT11TRUU_LAG_0"": 49, ""SPXT_LAG_0"": 49, ""STATE_LAG_0"": 49, ""STATE_LAG_1"": 4, ""STATE_LAG_2"": 5}",2318,prediction,2017-01-03,2023-12-05,0.01,100.0,1730
multinomial_logistic_gam,0.17065876464431357,0.9507936507936507,0.08721358269415617,2,2,0,4,0.05,9,STATE_LAG_0|SPXT_LAG_0|DBLCIX_LAG_0|IBOXIG_LAG_0|JPEICORE_LAG_0|LT11TRUU_LAG_0|LBUTTRUU_LAG_0|DURATION_STATE_0|DURATION_STATE_1,0.02,True,"{""DBLCIX_LAG_0"": 0.02, ""DURATION_STATE_0"": 0.02, ""DURATION_STATE_1"": 0.02, ""IBOXIG_LAG_0"": 0.02, ""JPEICORE_LAG_0"": 0.02, ""LBUTTRUU_LAG_0"": 0.02, ""LT11TRUU_LAG_0"": 0.02, ""SPXT_LAG_0"": 0.02, ""STATE_LAG_0"": 0.02, ""STATE_LAG_1"": 0.6, ""STATE_LAG_2"": 0.5}",regularized_bootstrap,1.0,49,"{""DBLCIX_LAG_0"": 41.66544368058783, ""DURATION_STATE_0"": 857.8111366654268, ""DURATION_STATE_1"": 857.0449818007341, ""IBOXIG_LAG_0"": 28.092477346830265, ""JPEICORE_LAG_0"": 16.29093900110115, ""LBUTTRUU_LAG_0"": 24.834580224660385, ""LT11TRUU_LAG_0"": 79.85049279616442, ""SPXT_LAG_0"": 104.96159242467877, ""STATE_LAG_0"": 886.9058660338147, ""STATE_LAG_1"": -1.677631189522799e-08, ""STATE_LAG_2"": -1.677631189522799e-08}","{""DBLCIX_LAG_0"": 49, ""DURATION_STATE_0"": 49, ""DURATION_STATE_1"": 49, ""IBOXIG_LAG_0"": 49, ""JPEICORE_LAG_0"": 49, ""LBUTTRUU_LAG_0"": 49, ""LT11TRUU_LAG_0"": 49, ""SPXT_LAG_0"": 49, ""STATE_LAG_0"": 49, ""STATE_LAG_1"": 4, ""STATE_LAG_2"": 5}",2318,validation,2009-06-02,2016-12-30,0.1,10.0,1890
multinomial_logistic_gam,0.1726296262179796,0.9526011560693641,0.08692440309121775,2,2,0,4,0.05,9,STATE_LAG_0|SPXT_LAG_0|DBLCIX_LAG_0|IBOXIG_LAG_0|JPEICORE_LAG_0|LT11TRUU_LAG_0|LBUTTRUU_LAG_0|DURATION_STATE_0|DURATION_STATE_1,0.02,True,"{""DBLCIX_LAG_0"": 0.02, ""DURATION_STATE_0"": 0.02, ""DURATION_STATE_1"": 0.02, ""IBOXIG_LAG_0"": 0.02, ""JPEICORE_LAG_0"": 0.02, ""LBUTTRUU_LAG_0"": 0.02, ""LT11TRUU_LAG_0"": 0.02, ""SPXT_LAG_0"": 0.02, ""STATE_LAG_0"": 0.02, ""STATE_LAG_1"": 0.6, ""STATE_LAG_2"": 0.5}",regularized_bootstrap,1.0,49,"{""DBLCIX_LAG_0"": 41.66544368058783, ""DURATION_STATE_0"": 857.8111366654268, ""DURATION_STATE_1"": 857.0449818007341, ""IBOXIG_LAG_0"": 28.092477346830265, ""JPEICORE_LAG_0"": 16.29093900110115, ""LBUTTRUU_LAG_0"": 24.834580224660385, ""LT11TRUU_LAG_0"": 79.85049279616442, ""SPXT_LAG_0"": 104.96159242467877, ""STATE_LAG_0"": 886.9058660338147, ""STATE_LAG_1"": -1.677631189522799e-08, ""STATE_LAG_2"": -1.677631189522799e-08}","{""DBLCIX_LAG_0"": 49, ""DURATION_STATE_0"": 49, ""DURATION_STATE_1"": 49, ""IBOXIG_LAG_0"": 49, ""JPEICORE_LAG_0"": 49, ""LBUTTRUU_LAG_0"": 49, ""LT11TRUU_LAG_0"": 49, ""SPXT_LAG_0"": 49, ""STATE_LAG_0"": 49, ""STATE_LAG_1"": 4, ""STATE_LAG_2"": 5}",2318,prediction,2017-01-03,2023-12-05,0.1,10.0,1730
multinomial_logistic_gam,0.17599020520003514,0.9507936507936507,0.08886144199782166,2,2,0,4,0.05,9,STATE_LAG_0|SPXT_LAG_0|DBLCIX_LAG_0|IBOXIG_LAG_0|JPEICORE_LAG_0|LT11TRUU_LAG_0|LBUTTRUU_LAG_0|DURATION_STATE_0|DURATION_STATE_1,0.02,True,"{""DBLCIX_LAG_0"": 0.02, ""DURATION_STATE_0"": 0.02, ""DURATION_STATE_1"": 0.02, ""IBOXIG_LAG_0"": 0.02, ""JPEICORE_LAG_0"": 0.02, ""LBUTTRUU_LAG_0"": 0.02, ""LT11TRUU_LAG_0"": 0.02, ""SPXT_LAG_0"": 0.02, ""STATE_LAG_0"": 0.02, ""STATE_LAG_1"": 0.6, ""STATE_LAG_2"": 0.5}",regularized_bootstrap,1.0,49,"{""DBLCIX_LAG_0"": 41.66544368058783, ""DURATION_STATE_0"": 857.8111366654268, ""DURATION_STATE_1"": 857.0449818007341, ""IBOXIG_LAG_0"": 28.092477346830265, ""JPEICORE_LAG_0"": 16.29093900110115, ""LBUTTRUU_LAG_0"": 24.834580224660385, ""LT11TRUU_LAG_0"": 79.85049279616442, ""SPXT_LAG_0"": 104.96159242467877, ""STATE_LAG_0"": 886.9058660338147, ""STATE_LAG_1"": -1.677631189522799e-08, ""STATE_LAG_2"": -1.677631189522799e-08}","{""DBLCIX_LAG_0"": 49, ""DURATION_STATE_0"": 49, ""DURATION_STATE_1"": 49, ""IBOXIG_LAG_0"": 49, ""JPEICORE_LAG_0"": 49, ""LBUTTRUU_LAG_0"": 49, ""LT11TRUU_LAG_0"": 49, ""SPXT_LAG_0"": 49, ""STATE_LAG_0"": 49, ""STATE_LAG_1"": 4, ""STATE_LAG_2"": 5}",2318,validation,2009-06-02,2016-12-30,1.0,1.0,1890
multinomial_logistic_gam,0.17783864147263836,0.9526011560693641,0.0876050340093113,2,2,0,4,0.05,9,STATE_LAG_0|SPXT_LAG_0|DBLCIX_LAG_0|IBOXIG_LAG_0|JPEICORE_LAG_0|LT11TRUU_LAG_0|LBUTTRUU_LAG_0|DURATION_STATE_0|DURATION_STATE_1,0.02,True,"{""DBLCIX_LAG_0"": 0.02, ""DURATION_STATE_0"": 0.02, ""DURATION_STATE_1"": 0.02, ""IBOXIG_LAG_0"": 0.02, ""JPEICORE_LAG_0"": 0.02, ""LBUTTRUU_LAG_0"": 0.02, ""LT11TRUU_LAG_0"": 0.02, ""SPXT_LAG_0"": 0.02, ""STATE_LAG_0"": 0.02, ""STATE_LAG_1"": 0.6, ""STATE_LAG_2"": 0.5}",regularized_bootstrap,1.0,49,"{""DBLCIX_LAG_0"": 41.66544368058783, ""DURATION_STATE_0"": 857.8111366654268, ""DURATION_STATE_1"": 857.0449818007341, ""IBOXIG_LAG_0"": 28.092477346830265, ""JPEICORE_LAG_0"": 16.29093900110115, ""LBUTTRUU_LAG_0"": 24.834580224660385, ""LT11TRUU_LAG_0"": 79.85049279616442, ""SPXT_LAG_0"": 104.96159242467877, ""STATE_LAG_0"": 886.9058660338147, ""STATE_LAG_1"": -1.677631189522799e-08, ""STATE_LAG_2"": -1.677631189522799e-08}","{""DBLCIX_LAG_0"": 49, ""DURATION_STATE_0"": 49, ""DURATION_STATE_1"": 49, ""IBOXIG_LAG_0"": 49, ""JPEICORE_LAG_0"": 49, ""LBUTTRUU_LAG_0"": 49, ""LT11TRUU_LAG_0"": 49, ""SPXT_LAG_0"": 49, ""STATE_LAG_0"": 49, ""STATE_LAG_1"": 4, ""STATE_LAG_2"": 5}",2318,prediction,2017-01-03,2023-12-05,1.0,1.0,1730
multinomial_logistic_gam,0.19166736839219448,0.9507936507936507,0.09198861178724298,2,2,0,4,0.05,9,STATE_LAG_0|SPXT_LAG_0|DBLCIX_LAG_0|IBOXIG_LAG_0|JPEICORE_LAG_0|LT11TRUU_LAG_0|LBUTTRUU_LAG_0|DURATION_STATE_0|DURATION_STATE_1,0.02,True,"{""DBLCIX_LAG_0"": 0.02, ""DURATION_STATE_0"": 0.02, ""DURATION_STATE_1"": 0.02, ""IBOXIG_LAG_0"": 0.02, ""JPEICORE_LAG_0"": 0.02, ""LBUTTRUU_LAG_0"": 0.02, ""LT11TRUU_LAG_0"": 0.02, ""SPXT_LAG_0"": 0.02, ""STATE_LAG_0"": 0.02, ""STATE_LAG_1"": 0.6, ""STATE_LAG_2"": 0.5}",regularized_bootstrap,1.0,49,"{""DBLCIX_LAG_0"": 41.66544368058783, ""DURATION_STATE_0"": 857.8111366654268, ""DURATION_STATE_1"": 857.0449818007341, ""IBOXIG_LAG_0"": 28.092477346830265, ""JPEICORE_LAG_0"": 16.29093900110115, ""LBUTTRUU_LAG_0"": 24.834580224660385, ""LT11TRUU_LAG_0"": 79.85049279616442, ""SPXT_LAG_0"": 104.96159242467877, ""STATE_LAG_0"": 886.9058660338147, ""STATE_LAG_1"": -1.677631189522799e-08, ""STATE_LAG_2"": -1.677631189522799e-08}","{""DBLCIX_LAG_0"": 49, ""DURATION_STATE_0"": 49, ""DURATION_STATE_1"": 49, ""IBOXIG_LAG_0"": 49, ""JPEICORE_LAG_0"": 49, ""LBUTTRUU_LAG_0"": 49, ""LT11TRUU_LAG_0"": 49, ""SPXT_LAG_0"": 49, ""STATE_LAG_0"": 49, ""STATE_LAG_1"": 4, ""STATE_LAG_2"": 5}",2318,validation,2009-06-02,2016-12-30,10.0,0.1,1890
multinomial_logistic_gam,0.19755446098332835,0.9497109826589596,0.09358411214337647,2,2,0,4,0.05,9,STATE_LAG_0|SPXT_LAG_0|DBLCIX_LAG_0|IBOXIG_LAG_0|JPEICORE_LAG_0|LT11TRUU_LAG_0|LBUTTRUU_LAG_0|DURATION_STATE_0|DURATION_STATE_1,0.02,True,"{""DBLCIX_LAG_0"": 0.02, ""DURATION_STATE_0"": 0.02, ""DURATION_STATE_1"": 0.02, ""IBOXIG_LAG_0"": 0.02, ""JPEICORE_LAG_0"": 0.02, ""LBUTTRUU_LAG_0"": 0.02, ""LT11TRUU_LAG_0"": 0.02, ""SPXT_LAG_0"": 0.02, ""STATE_LAG_0"": 0.02, ""STATE_LAG_1"": 0.6, ""STATE_LAG_2"": 0.5}",regularized_bootstrap,1.0,49,"{""DBLCIX_LAG_0"": 41.66544368058783, ""DURATION_STATE_0"": 857.8111366654268, ""DURATION_STATE_1"": 857.0449818007341, ""IBOXIG_LAG_0"": 28.092477346830265, ""JPEICORE_LAG_0"": 16.29093900110115, ""LBUTTRUU_LAG_0"": 24.834580224660385, ""LT11TRUU_LAG_0"": 79.85049279616442, ""SPXT_LAG_0"": 104.96159242467877, ""STATE_LAG_0"": 886.9058660338147, ""STATE_LAG_1"": -1.677631189522799e-08, ""STATE_LAG_2"": -1.677631189522799e-08}","{""DBLCIX_LAG_0"": 49, ""DURATION_STATE_0"": 49, ""DURATION_STATE_1"": 49, ""IBOXIG_LAG_0"": 49, ""JPEICORE_LAG_0"": 49, ""LBUTTRUU_LAG_0"": 49, ""LT11TRUU_LAG_0"": 49, ""SPXT_LAG_0"": 49, ""STATE_LAG_0"": 49, ""STATE_LAG_1"": 4, ""STATE_LAG_2"": 5}",2318,prediction,2017-01-03,2023-12-05,10.0,0.1,1730
multinomial_logistic_gam,0.16937295350132625,0.9507936507936507,0.08827284358851187,2,2,0,6,0.05,9,STATE_LAG_0|SPXT_LAG_0|DBLCIX_LAG_0|IBOXIG_LAG_0|JPEICORE_LAG_0|LT11TRUU_LAG_0|LBUTTRUU_LAG_0|DURATION_STATE_0|DURATION_STATE_1,0.02,True,"{""DBLCIX_LAG_0"": 0.02, ""DURATION_STATE_0"": 0.02, ""DURATION_STATE_1"": 0.02, ""IBOXIG_LAG_0"": 0.02, ""JPEICORE_LAG_0"": 0.02, ""LBUTTRUU_LAG_0"": 0.02, ""LT11TRUU_LAG_0"": 0.02, ""SPXT_LAG_0"": 0.02, ""STATE_LAG_0"": 0.02, ""STATE_LAG_1"": 0.6, ""STATE_LAG_2"": 0.5}",regularized_bootstrap,1.0,49,"{""DBLCIX_LAG_0"": 46.5971074041405, ""DURATION_STATE_0"": 877.9346120239279, ""DURATION_STATE_1"": 875.8743755943125, ""IBOXIG_LAG_0"": 53.374622604556635, ""JPEICORE_LAG_0"": 34.67465222026908, ""LBUTTRUU_LAG_0"": 52.52771452180207, ""LT11TRUU_LAG_0"": 104.79921310719124, ""SPXT_LAG_0"": 185.76563305546483, ""STATE_LAG_0"": 886.9058660338147, ""STATE_LAG_1"": -1.677631189522799e-08, ""STATE_LAG_2"": -1.677631189522799e-08}","{""DBLCIX_LAG_0"": 49, ""DURATION_STATE_0"": 49, ""DURATION_STATE_1"": 49, ""IBOXIG_LAG_0"": 49, ""JPEICORE_LAG_0"": 49, ""LBUTTRUU_LAG_0"": 49, ""LT11TRUU_LAG_0"": 49, ""SPXT_LAG_0"": 49, ""STATE_LAG_0"": 49, ""STATE_LAG_1"": 4, ""STATE_LAG_2"": 5}",2318,validation,2009-06-02,2016-12-30,0.01,100.0,1890
multinomial_logistic_gam,0.1731570636029841,0.9526011560693641,0.08957461049014938,2,2,0,6,0.05,9,STATE_LAG_0|SPXT_LAG_0|DBLCIX_LAG_0|IBOXIG_LAG_0|JPEICORE_LAG_0|LT11TRUU_LAG_0|LBUTTRUU_LAG_0|DURATION_STATE_0|DURATION_STATE_1,0.02,True,"{""DBLCIX_LAG_0"": 0.02, ""DURATION_STATE_0"": 0.02, ""DURATION_STATE_1"": 0.02, ""IBOXIG_LAG_0"": 0.02, ""JPEICORE_LAG_0"": 0.02, ""LBUTTRUU_LAG_0"": 0.02, ""LT11TRUU_LAG_0"": 0.02, ""SPXT_LAG_0"": 0.02, ""STATE_LAG_0"": 0.02, ""STATE_LAG_1"": 0.6, ""STATE_LAG_2"": 0.5}",regularized_bootstrap,1.0,49,"{""DBLCIX_LAG_0"": 46.5971074041405, ""DURATION_STATE_0"": 877.9346120239279, ""DURATION_STATE_1"": 875.8743755943125, ""IBOXIG_LAG_0"": 53.374622604556635, ""JPEICORE_LAG_0"": 34.67465222026908, ""LBUTTRUU_LAG_0"": 52.52771452180207, ""LT11TRUU_LAG_0"": 104.79921310719124, ""SPXT_LAG_0"": 185.76563305546483, ""STATE_LAG_0"": 886.9058660338147, ""STATE_LAG_1"": -1.677631189522799e-08, ""STATE_LAG_2"": -1.677631189522799e-08}","{""DBLCIX_LAG_0"": 49, ""DURATION_STATE_0"": 49, ""DURATION_STATE_1"": 49, ""IBOXIG_LAG_0"": 49, ""JPEICORE_LAG_0"": 49, ""LBUTTRUU_LAG_0"": 49, ""LT11TRUU_LAG_0"": 49, ""SPXT_LAG_0"": 49, ""STATE_LAG_0"": 49, ""STATE_LAG_1"": 4, ""STATE_LAG_2"": 5}",2318,prediction,2017-01-03,2023-12-05,0.01,100.0,1730
multinomial_logistic_gam,0.17106695223450583,0.9507936507936507,0.08759743458750666,2,2,0,6,0.05,9,STATE_LAG_0|SPXT_LAG_0|DBLCIX_LAG_0|IBOXIG_LAG_0|JPEICORE_LAG_0|LT11TRUU_LAG_0|LBUTTRUU_LAG_0|DURATION_STATE_0|DURATION_STATE_1,0.02,True,"{""DBLCIX_LAG_0"": 0.02, ""DURATION_STATE_0"": 0.02, ""DURATION_STATE_1"": 0.02, ""IBOXIG_LAG_0"": 0.02, ""JPEICORE_LAG_0"": 0.02, ""LBUTTRUU_LAG_0"": 0.02, ""LT11TRUU_LAG_0"": 0.02, ""SPXT_LAG_0"": 0.02, ""STATE_LAG_0"": 0.02, ""STATE_LAG_1"": 0.6, ""STATE_LAG_2"": 0.5}",regularized_bootstrap,1.0,49,"{""DBLCIX_LAG_0"": 46.5971074041405, ""DURATION_STATE_0"": 877.9346120239279, ""DURATION_STATE_1"": 875.8743755943125, ""IBOXIG_LAG_0"": 53.374622604556635, ""JPEICORE_LAG_0"": 34.67465222026908, ""LBUTTRUU_LAG_0"": 52.52771452180207, ""LT11TRUU_LAG_0"": 104.79921310719124, ""SPXT_LAG_0"": 185.76563305546483, ""STATE_LAG_0"": 886.9058660338147, ""STATE_LAG_1"": -1.677631189522799e-08, ""STATE_LAG_2"": -1.677631189522799e-08}","{""DBLCIX_LAG_0"": 49, ""DURATION_STATE_0"": 49, ""DURATION_STATE_1"": 49, ""IBOXIG_LAG_0"": 49, ""JPEICORE_LAG_0"": 49, ""LBUTTRUU_LAG_0"": 49, ""LT11TRUU_LAG_0"": 49, ""SPXT_LAG_0"": 49, ""STATE_LAG_0"": 49, ""STATE_LAG_1"": 4, ""STATE_LAG_2"": 5}",2318,validation,2009-06-02,2016-12-30,0.1,10.0,1890
multinomial_logistic_gam,0.17240025828714628,0.9526011560693641,0.08680382992071502,2,2,0,6,0.05,9,STATE_LAG_0|SPXT_LAG_0|DBLCIX_LAG_0|IBOXIG_LAG_0|JPEICORE_LAG_0|LT11TRUU_LAG_0|LBUTTRUU_LAG_0|DURATION_STATE_0|DURATION_STATE_1,0.02,True,"{""DBLCIX_LAG_0"": 0.02, ""DURATION_STATE_0"": 0.02, ""DURATION_STATE_1"": 0.02, ""IBOXIG_LAG_0"": 0.02, ""JPEICORE_LAG_0"": 0.02, ""LBUTTRUU_LAG_0"": 0.02, ""LT11TRUU_LAG_0"": 0.02, ""SPXT_LAG_0"": 0.02, ""STATE_LAG_0"": 0.02, ""STATE_LAG_1"": 0.6, ""STATE_LAG_2"": 0.5}",regularized_bootstrap,1.0,49,"{""DBLCIX_LAG_0"": 46.5971074041405, ""DURATION_STATE_0"": 877.9346120239279, ""DURATION_STATE_1"": 875.8743755943125, ""IBOXIG_LAG_0"": 53.374622604556635, ""JPEICORE_LAG_0"": 34.67465222026908, ""LBUTTRUU_LAG_0"": 52.52771452180207, ""LT11TRUU_LAG_0"": 104.79921310719124, ""SPXT_LAG_0"": 185.76563305546483, ""STATE_LAG_0"": 886.9058660338147, ""STATE_LAG_1"": -1.677631189522799e-08, ""STATE_LAG_2"": -1.677631189522799e-08}","{""DBLCIX_LAG_0"": 49, ""DURATION_STATE_0"": 49, ""DURATION_STATE_1"": 49, ""IBOXIG_LAG_0"": 49, ""JPEICORE_LAG_0"": 49, ""LBUTTRUU_LAG_0"": 49, ""LT11TRUU_LAG_0"": 49, ""SPXT_LAG_0"": 49, ""STATE_LAG_0"": 49, ""STATE_LAG_1"": 4, ""STATE_LAG_2"": 5}",2318,prediction,2017-01-03,2023-12-05,0.1,10.0,1730
multinomial_logistic_gam,0.18003746337245832,0.9507936507936507,0.09002277060611713,2,2,0,6,0.05,9,STATE_LAG_0|SPXT_LAG_0|DBLCIX_LAG_0|IBOXIG_LAG_0|JPEICORE_LAG_0|LT11TRUU_LAG_0|LBUTTRUU_LAG_0|DURATION_STATE_0|DURATION_STATE_1,0.02,True,"{""DBLCIX_LAG_0"": 0.02, ""DURATION_STATE_0"": 0.02, ""DURATION_STATE_1"": 0.02, ""IBOXIG_LAG_0"": 0.02, ""JPEICORE_LAG_0"": 0.02, ""LBUTTRUU_LAG_0"": 0.02, ""LT11TRUU_LAG_0"": 0.02, ""SPXT_LAG_0"": 0.02, ""STATE_LAG_0"": 0.02, ""STATE_LAG_1"": 0.6, ""STATE_LAG_2"": 0.5}",regularized_bootstrap,1.0,49,"{""DBLCIX_LAG_0"": 46.5971074041405, ""DURATION_STATE_0"": 877.9346120239279, ""DURATION_STATE_1"": 875.8743755943125, ""IBOXIG_LAG_0"": 53.374622604556635, ""JPEICORE_LAG_0"": 34.67465222026908, ""LBUTTRUU_LAG_0"": 52.52771452180207, ""LT11TRUU_LAG_0"": 104.79921310719124, ""SPXT_LAG_0"": 185.76563305546483, ""STATE_LAG_0"": 886.9058660338147, ""STATE_LAG_1"": -1.677631189522799e-08, ""STATE_LAG_2"": -1.677631189522799e-08}","{""DBLCIX_LAG_0"": 49, ""DURATION_STATE_0"": 49, ""DURATION_STATE_1"": 49, ""IBOXIG_LAG_0"": 49, ""JPEICORE_LAG_0"": 49, ""LBUTTRUU_LAG_0"": 49, ""LT11TRUU_LAG_0"": 49, ""SPXT_LAG_0"": 49, ""STATE_LAG_0"": 49, ""STATE_LAG_1"": 4, ""STATE_LAG_2"": 5}",2318,validation,2009-06-02,2016-12-30,1.0,1.0,1890
multinomial_logistic_gam,0.18200760844778502,0.9526011560693641,0.0886845046449463,2,2,0,6,0.05,9,STATE_LAG_0|SPXT_LAG_0|DBLCIX_LAG_0|IBOXIG_LAG_0|JPEICORE_LAG_0|LT11TRUU_LAG_0|LBUTTRUU_LAG_0|DURATION_STATE_0|DURATION_STATE_1,0.02,True,"{""DBLCIX_LAG_0"": 0.02, ""DURATION_STATE_0"": 0.02, ""DURATION_STATE_1"": 0.02, ""IBOXIG_LAG_0"": 0.02, ""JPEICORE_LAG_0"": 0.02, ""LBUTTRUU_LAG_0"": 0.02, ""LT11TRUU_LAG_0"": 0.02, ""SPXT_LAG_0"": 0.02, ""STATE_LAG_0"": 0.02, ""STATE_LAG_1"": 0.6, ""STATE_LAG_2"": 0.5}",regularized_bootstrap,1.0,49,"{""DBLCIX_LAG_0"": 46.5971074041405, ""DURATION_STATE_0"": 877.9346120239279, ""DURATION_STATE_1"": 875.8743755943125, ""IBOXIG_LAG_0"": 53.374622604556635, ""JPEICORE_LAG_0"": 34.67465222026908, ""LBUTTRUU_LAG_0"": 52.52771452180207, ""LT11TRUU_LAG_0"": 104.79921310719124, ""SPXT_LAG_0"": 185.76563305546483, ""STATE_LAG_0"": 886.9058660338147, ""STATE_LAG_1"": -1.677631189522799e-08, ""STATE_LAG_2"": -1.677631189522799e-08}","{""DBLCIX_LAG_0"": 49, ""DURATION_STATE_0"": 49, ""DURATION_STATE_1"": 49, ""IBOXIG_LAG_0"": 49, ""JPEICORE_LAG_0"": 49, ""LBUTTRUU_LAG_0"": 49, ""LT11TRUU_LAG_0"": 49, ""SPXT_LAG_0"": 49, ""STATE_LAG_0"": 49, ""STATE_LAG_1"": 4, ""STATE_LAG_2"": 5}",2318,prediction,2017-01-03,2023-12-05,1.0,1.0,1730
multinomial_logistic_gam,0.20564375845662114,0.9507936507936507,0.0943935708341969,2,2,0,6,0.05,9,STATE_LAG_0|SPXT_LAG_0|DBLCIX_LAG_0|IBOXIG_LAG_0|JPEICORE_LAG_0|LT11TRUU_LAG_0|LBUTTRUU_LAG_0|DURATION_STATE_0|DURATION_STATE_1,0.02,True,"{""DBLCIX_LAG_0"": 0.02, ""DURATION_STATE_0"": 0.02, ""DURATION_STATE_1"": 0.02, ""IBOXIG_LAG_0"": 0.02, ""JPEICORE_LAG_0"": 0.02, ""LBUTTRUU_LAG_0"": 0.02, ""LT11TRUU_LAG_0"": 0.02, ""SPXT_LAG_0"": 0.02, ""STATE_LAG_0"": 0.02, ""STATE_LAG_1"": 0.6, ""STATE_LAG_2"": 0.5}",regularized_bootstrap,1.0,49,"{""DBLCIX_LAG_0"": 46.5971074041405, ""DURATION_STATE_0"": 877.9346120239279, ""DURATION_STATE_1"": 875.8743755943125, ""IBOXIG_LAG_0"": 53.374622604556635, ""JPEICORE_LAG_0"": 34.67465222026908, ""LBUTTRUU_LAG_0"": 52.52771452180207, ""LT11TRUU_LAG_0"": 104.79921310719124, ""SPXT_LAG_0"": 185.76563305546483, ""STATE_LAG_0"": 886.9058660338147, ""STATE_LAG_1"": -1.677631189522799e-08, ""STATE_LAG_2"": -1.677631189522799e-08}","{""DBLCIX_LAG_0"": 49, ""DURATION_STATE_0"": 49, ""DURATION_STATE_1"": 49, ""IBOXIG_LAG_0"": 49, ""JPEICORE_LAG_0"": 49, ""LBUTTRUU_LAG_0"": 49, ""LT11TRUU_LAG_0"": 49, ""SPXT_LAG_0"": 49, ""STATE_LAG_0"": 49, ""STATE_LAG_1"": 4, ""STATE_LAG_2"": 5}",2318,validation,2009-06-02,2016-12-30,10.0,0.1,1890
multinomial_logistic_gam,0.20963901811955657,0.9497109826589596,0.09498542580472534,2,2,0,6,0.05,9,STATE_LAG_0|SPXT_LAG_0|DBLCIX_LAG_0|IBOXIG_LAG_0|JPEICORE_LAG_0|LT11TRUU_LAG_0|LBUTTRUU_LAG_0|DURATION_STATE_0|DURATION_STATE_1,0.02,True,"{""DBLCIX_LAG_0"": 0.02, ""DURATION_STATE_0"": 0.02, ""DURATION_STATE_1"": 0.02, ""IBOXIG_LAG_0"": 0.02, ""JPEICORE_LAG_0"": 0.02, ""LBUTTRUU_LAG_0"": 0.02, ""LT11TRUU_LAG_0"": 0.02, ""SPXT_LAG_0"": 0.02, ""STATE_LAG_0"": 0.02, ""STATE_LAG_1"": 0.6, ""STATE_LAG_2"": 0.5}",regularized_bootstrap,1.0,49,"{""DBLCIX_LAG_0"": 46.5971074041405, ""DURATION_STATE_0"": 877.9346120239279, ""DURATION_STATE_1"": 875.8743755943125, ""IBOXIG_LAG_0"": 53.374622604556635, ""JPEICORE_LAG_0"": 34.67465222026908, ""LBUTTRUU_LAG_0"": 52.52771452180207, ""LT11TRUU_LAG_0"": 104.79921310719124, ""SPXT_LAG_0"": 185.76563305546483, ""STATE_LAG_0"": 886.9058660338147, ""STATE_LAG_1"": -1.677631189522799e-08, ""STATE_LAG_2"": -1.677631189522799e-08}","{""DBLCIX_LAG_0"": 49, ""DURATION_STATE_0"": 49, ""DURATION_STATE_1"": 49, ""IBOXIG_LAG_0"": 49, ""JPEICORE_LAG_0"": 49, ""LBUTTRUU_LAG_0"": 49, ""LT11TRUU_LAG_0"": 49, ""SPXT_LAG_0"": 49, ""STATE_LAG_0"": 49, ""STATE_LAG_1"": 4, ""STATE_LAG_2"": 5}",2318,prediction,2017-01-03,2023-12-05,10.0,0.1,1730
multinomial_logistic_gam,0.1704395426622407,0.9502645502645503,0.08893341011699417,2,2,1,4,0.05,15,STATE_LAG_0|SPXT_LAG_0|DBLCIX_LAG_0|IBOXIG_LAG_0|JPEICORE_LAG_0|LT11TRUU_LAG_0|LBUTTRUU_LAG_0|SPXT_LAG_1|DBLCIX_LAG_1|IBOXIG_LAG_1|JPEICORE_LAG_1|LT11TRUU_LAG_1|LBUTTRUU_LAG_1|DURATION_STATE_0|DURATION_STATE_1,0.02,True,"{""DBLCIX_LAG_0"": 0.02, ""DBLCIX_LAG_1"": 0.02, ""DURATION_STATE_0"": 0.02, ""DURATION_STATE_1"": 0.02, ""IBOXIG_LAG_0"": 0.02, ""IBOXIG_LAG_1"": 0.02, ""JPEICORE_LAG_0"": 0.02, ""JPEICORE_LAG_1"": 0.02, ""LBUTTRUU_LAG_0"": 0.02, ""LBUTTRUU_LAG_1"": 0.02, ""LT11TRUU_LAG_0"": 0.02, ""LT11TRUU_LAG_1"": 0.02, ""SPXT_LAG_0"": 0.02, ""SPXT_LAG_1"": 0.02, ""STATE_LAG_0"": 0.02, ""STATE_LAG_1"": 0.42857142857142855, ""STATE_LAG_2"": 0.6}",regularized_bootstrap,1.0,49,"{""DBLCIX_LAG_0"": 41.81424639742795, ""DBLCIX_LAG_1"": 42.76733775825949, ""DURATION_STATE_0"": 856.1936187569316, ""DURATION_STATE_1"": 856.0556429483848, ""IBOXIG_LAG_0"": 28.02491957656798, ""IBOXIG_LAG_1"": 24.685196648862984, ""JPEICORE_LAG_0"": 16.349501192282332, ""JPEICORE_LAG_1"": 14.817993508740983, ""LBUTTRUU_LAG_0"": 24.948470184851885, ""LBUTTRUU_LAG_1"": 20.565078588000233, ""LT11TRUU_LAG_0"": 79.4301231087237, ""LT11TRUU_LAG_1"": 70.72208470288456, ""SPXT_LAG_0"": 105.15229696053711, ""SPXT_LAG_1"": 100.25376826193906, ""STATE_LAG_0"": 885.1788996992818, ""STATE_LAG_1"": -1.777516445145011e-08, ""STATE_LAG_2"": -1.777516445145011e-08}","{""DBLCIX_LAG_0"": 49, ""DBLCIX_LAG_1"": 49, ""DURATION_STATE_0"": 49, ""DURATION_STATE_1"": 49, ""IBOXIG_LAG_0"": 49, ""IBOXIG_LAG_1"": 49, ""JPEICORE_LAG_0"": 49, ""JPEICORE_LAG_1"": 49, ""LBUTTRUU_LAG_0"": 49, ""LBUTTRUU_LAG_1"": 49, ""LT11TRUU_LAG_0"": 49, ""LT11TRUU_LAG_1"": 49, ""SPXT_LAG_0"": 49, ""SPXT_LAG_1"": 49, ""STATE_LAG_0"": 49, ""STATE_LAG_1"": 6, ""STATE_LAG_2"": 4}",2317,validation,2009-06-02,2016-12-30,0.01,100.0,1890
multinomial_logistic_gam,0.17415132557770588,0.9526011560693641,0.09040833741571207,2,2,1,4,0.05,15,STATE_LAG_0|SPXT_LAG_0|DBLCIX_LAG_0|IBOXIG_LAG_0|JPEICORE_LAG_0|LT11TRUU_LAG_0|LBUTTRUU_LAG_0|SPXT_LAG_1|DBLCIX_LAG_1|IBOXIG_LAG_1|JPEICORE_LAG_1|LT11TRUU_LAG_1|LBUTTRUU_LAG_1|DURATION_STATE_0|DURATION_STATE_1,0.02,True,"{""DBLCIX_LAG_0"": 0.02, ""DBLCIX_LAG_1"": 0.02, ""DURATION_STATE_0"": 0.02, ""DURATION_STATE_1"": 0.02, ""IBOXIG_LAG_0"": 0.02, ""IBOXIG_LAG_1"": 0.02, ""JPEICORE_LAG_0"": 0.02, ""JPEICORE_LAG_1"": 0.02, ""LBUTTRUU_LAG_0"": 0.02, ""LBUTTRUU_LAG_1"": 0.02, ""LT11TRUU_LAG_0"": 0.02, ""LT11TRUU_LAG_1"": 0.02, ""SPXT_LAG_0"": 0.02, ""SPXT_LAG_1"": 0.02, ""STATE_LAG_0"": 0.02, ""STATE_LAG_1"": 0.42857142857142855, ""STATE_LAG_2"": 0.6}",regularized_bootstrap,1.0,49,"{""DBLCIX_LAG_0"": 41.81424639742795, ""DBLCIX_LAG_1"": 42.76733775825949, ""DURATION_STATE_0"": 856.1936187569316, ""DURATION_STATE_1"": 856.0556429483848, ""IBOXIG_LAG_0"": 28.02491957656798, ""IBOXIG_LAG_1"": 24.685196648862984, ""JPEICORE_LAG_0"": 16.349501192282332, ""JPEICORE_LAG_1"": 14.817993508740983, ""LBUTTRUU_LAG_0"": 24.948470184851885, ""LBUTTRUU_LAG_1"": 20.565078588000233, ""LT11TRUU_LAG_0"": 79.4301231087237, ""LT11TRUU_LAG_1"": 70.72208470288456, ""SPXT_LAG_0"": 105.15229696053711, ""SPXT_LAG_1"": 100.25376826193906, ""STATE_LAG_0"": 885.1788996992818, ""STATE_LAG_1"": -1.777516445145011e-08, ""STATE_LAG_2"": -1.777516445145011e-08}","{""DBLCIX_LAG_0"": 49, ""DBLCIX_LAG_1"": 49, ""DURATION_STATE_0"": 49, ""DURATION_STATE_1"": 49, ""IBOXIG_LAG_0"": 49, ""IBOXIG_LAG_1"": 49, ""JPEICORE_LAG_0"": 49, ""JPEICORE_LAG_1"": 49, ""LBUTTRUU_LAG_0"": 49, ""LBUTTRUU_LAG_1"": 49, ""LT11TRUU_LAG_0"": 49, ""LT11TRUU_LAG_1"": 49, ""SPXT_LAG_0"": 49, ""SPXT_LAG_1"": 49, ""STATE_LAG_0"": 49, ""STATE_LAG_1"": 6, ""STATE_LAG_2"": 4}",2317,prediction,2017-01-03,2023-12-05,0.01,100.0,1730
multinomial_logistic_gam,0.17207399760187392,0.9507936507936507,0.08791283249943789,2,2,1,4,0.05,15,STATE_LAG_0|SPXT_LAG_0|DBLCIX_LAG_0|IBOXIG_LAG_0|JPEICORE_LAG_0|LT11TRUU_LAG_0|LBUTTRUU_LAG_0|SPXT_LAG_1|DBLCIX_LAG_1|IBOXIG_LAG_1|JPEICORE_LAG_1|LT11TRUU_LAG_1|LBUTTRUU_LAG_1|DURATION_STATE_0|DURATION_STATE_1,0.02,True,"{""DBLCIX_LAG_0"": 0.02, ""DBLCIX_LAG_1"": 0.02, ""DURATION_STATE_0"": 0.02, ""DURATION_STATE_1"": 0.02, ""IBOXIG_LAG_0"": 0.02, ""IBOXIG_LAG_1"": 0.02, ""JPEICORE_LAG_0"": 0.02, ""JPEICORE_LAG_1"": 0.02, ""LBUTTRUU_LAG_0"": 0.02, ""LBUTTRUU_LAG_1"": 0.02, ""LT11TRUU_LAG_0"": 0.02, ""LT11TRUU_LAG_1"": 0.02, ""SPXT_LAG_0"": 0.02, ""SPXT_LAG_1"": 0.02, ""STATE_LAG_0"": 0.02, ""STATE_LAG_1"": 0.42857142857142855, ""STATE_LAG_2"": 0.6}",regularized_bootstrap,1.0,49,"{""DBLCIX_LAG_0"": 41.81424639742795, ""DBLCIX_LAG_1"": 42.76733775825949, ""DURATION_STATE_0"": 856.1936187569316, ""DURATION_STATE_1"": 856.0556429483848, ""IBOXIG_LAG_0"": 28.02491957656798, ""IBOXIG_LAG_1"": 24.685196648862984, ""JPEICORE_LAG_0"": 16.349501192282332, ""JPEICORE_LAG_1"": 14.817993508740983, ""LBUTTRUU_LAG_0"": 24.948470184851885, ""LBUTTRUU_LAG_1"": 20.565078588000233, ""LT11TRUU_LAG_0"": 79.4301231087237, ""LT11TRUU_LAG_1"": 70.72208470288456, ""SPXT_LAG_0"": 105.15229696053711, ""SPXT_LAG_1"": 100.25376826193906, ""STATE_LAG_0"": 885.1788996992818, ""STATE_LAG_1"": -1.777516445145011e-08, ""STATE_LAG_2"": -1.777516445145011e-08}","{""DBLCIX_LAG_0"": 49, ""DBLCIX_LAG_1"": 49, ""DURATION_STATE_0"": 49, ""DURATION_STATE_1"": 49, ""IBOXIG_LAG_0"": 49, ""IBOXIG_LAG_1"": 49, ""JPEICORE_LAG_0"": 49, ""JPEICORE_LAG_1"": 49, ""LBUTTRUU_LAG_0"": 49, ""LBUTTRUU_LAG_1"": 49, ""LT11TRUU_LAG_0"": 49, ""LT11TRUU_LAG_1"": 49, ""SPXT_LAG_0"": 49, ""SPXT_LAG_1"": 49, ""STATE_LAG_0"": 49, ""STATE_LAG_1"": 6, ""STATE_LAG_2"": 4}",2317,validation,2009-06-02,2016-12-30,0.1,10.0,1890
multinomial_logistic_gam,0.1731845538951664,0.9520231213872833,0.08765854064656188,2,2,1,4,0.05,15,STATE_LAG_0|SPXT_LAG_0|DBLCIX_LAG_0|IBOXIG_LAG_0|JPEICORE_LAG_0|LT11TRUU_LAG_0|LBUTTRUU_LAG_0|SPXT_LAG_1|DBLCIX_LAG_1|IBOXIG_LAG_1|JPEICORE_LAG_1|LT11TRUU_LAG_1|LBUTTRUU_LAG_1|DURATION_STATE_0|DURATION_STATE_1,0.02,True,"{""DBLCIX_LAG_0"": 0.02, ""DBLCIX_LAG_1"": 0.02, ""DURATION_STATE_0"": 0.02, ""DURATION_STATE_1"": 0.02, ""IBOXIG_LAG_0"": 0.02, ""IBOXIG_LAG_1"": 0.02, ""JPEICORE_LAG_0"": 0.02, ""JPEICORE_LAG_1"": 0.02, ""LBUTTRUU_LAG_0"": 0.02, ""LBUTTRUU_LAG_1"": 0.02, ""LT11TRUU_LAG_0"": 0.02, ""LT11TRUU_LAG_1"": 0.02, ""SPXT_LAG_0"": 0.02, ""SPXT_LAG_1"": 0.02, ""STATE_LAG_0"": 0.02, ""STATE_LAG_1"": 0.42857142857142855, ""STATE_LAG_2"": 0.6}",regularized_bootstrap,1.0,49,"{""DBLCIX_LAG_0"": 41.81424639742795, ""DBLCIX_LAG_1"": 42.76733775825949, ""DURATION_STATE_0"": 856.1936187569316, ""DURATION_STATE_1"": 856.0556429483848, ""IBOXIG_LAG_0"": 28.02491957656798, ""IBOXIG_LAG_1"": 24.685196648862984, ""JPEICORE_LAG_0"": 16.349501192282332, ""JPEICORE_LAG_1"": 14.817993508740983, ""LBUTTRUU_LAG_0"": 24.948470184851885, ""LBUTTRUU_LAG_1"": 20.565078588000233, ""LT11TRUU_LAG_0"": 79.4301231087237, ""LT11TRUU_LAG_1"": 70.72208470288456, ""SPXT_LAG_0"": 105.15229696053711, ""SPXT_LAG_1"": 100.25376826193906, ""STATE_LAG_0"": 885.1788996992818, ""STATE_LAG_1"": -1.777516445145011e-08, ""STATE_LAG_2"": -1.777516445145011e-08}","{""DBLCIX_LAG_0"": 49, ""DBLCIX_LAG_1"": 49, ""DURATION_STATE_0"": 49, ""DURATION_STATE_1"": 49, ""IBOXIG_LAG_0"": 49, ""IBOXIG_LAG_1"": 49, ""JPEICORE_LAG_0"": 49, ""JPEICORE_LAG_1"": 49, ""LBUTTRUU_LAG_0"": 49, ""LBUTTRUU_LAG_1"": 49, ""LT11TRUU_LAG_0"": 49, ""LT11TRUU_LAG_1"": 49, ""SPXT_LAG_0"": 49, ""SPXT_LAG_1"": 49, ""STATE_LAG_0"": 49, ""STATE_LAG_1"": 6, ""STATE_LAG_2"": 4}",2317,prediction,2017-01-03,2023-12-05,0.1,10.0,1730
multinomial_logistic_gam,0.17987745277077422,0.9502645502645503,0.08969345914000557,2,2,1,4,0.05,15,STATE_LAG_0|SPXT_LAG_0|DBLCIX_LAG_0|IBOXIG_LAG_0|JPEICORE_LAG_0|LT11TRUU_LAG_0|LBUTTRUU_LAG_0|SPXT_LAG_1|DBLCIX_LAG_1|IBOXIG_LAG_1|JPEICORE_LAG_1|LT11TRUU_LAG_1|LBUTTRUU_LAG_1|DURATION_STATE_0|DURATION_STATE_1,0.02,True,"{""DBLCIX_LAG_0"": 0.02, ""DBLCIX_LAG_1"": 0.02, ""DURATION_STATE_0"": 0.02, ""DURATION_STATE_1"": 0.02, ""IBOXIG_LAG_0"": 0.02, ""IBOXIG_LAG_1"": 0.02, ""JPEICORE_LAG_0"": 0.02, ""JPEICORE_LAG_1"": 0.02, ""LBUTTRUU_LAG_0"": 0.02, ""LBUTTRUU_LAG_1"": 0.02, ""LT11TRUU_LAG_0"": 0.02, ""LT11TRUU_LAG_1"": 0.02, ""SPXT_LAG_0"": 0.02, ""SPXT_LAG_1"": 0.02, ""STATE_LAG_0"": 0.02, ""STATE_LAG_1"": 0.42857142857142855, ""STATE_LAG_2"": 0.6}",regularized_bootstrap,1.0,49,"{""DBLCIX_LAG_0"": 41.81424639742795, ""DBLCIX_LAG_1"": 42.76733775825949, ""DURATION_STATE_0"": 856.1936187569316, ""DURATION_STATE_1"": 856.0556429483848, ""IBOXIG_LAG_0"": 28.02491957656798, ""IBOXIG_LAG_1"": 24.685196648862984, ""JPEICORE_LAG_0"": 16.349501192282332, ""JPEICORE_LAG_1"": 14.817993508740983, ""LBUTTRUU_LAG_0"": 24.948470184851885, ""LBUTTRUU_LAG_1"": 20.565078588000233, ""LT11TRUU_LAG_0"": 79.4301231087237, ""LT11TRUU_LAG_1"": 70.72208470288456, ""SPXT_LAG_0"": 105.15229696053711, ""SPXT_LAG_1"": 100.25376826193906, ""STATE_LAG_0"": 885.1788996992818, ""STATE_LAG_1"": -1.777516445145011e-08, ""STATE_LAG_2"": -1.777516445145011e-08}","{""DBLCIX_LAG_0"": 49, ""DBLCIX_LAG_1"": 49, ""DURATION_STATE_0"": 49, ""DURATION_STATE_1"": 49, ""IBOXIG_LAG_0"": 49, ""IBOXIG_LAG_1"": 49, ""JPEICORE_LAG_0"": 49, ""JPEICORE_LAG_1"": 49, ""LBUTTRUU_LAG_0"": 49, ""LBUTTRUU_LAG_1"": 49, ""LT11TRUU_LAG_0"": 49, ""LT11TRUU_LAG_1"": 49, ""SPXT_LAG_0"": 49, ""SPXT_LAG_1"": 49, ""STATE_LAG_0"": 49, ""STATE_LAG_1"": 6, ""STATE_LAG_2"": 4}",2317,validation,2009-06-02,2016-12-30,1.0,1.0,1890
multinomial_logistic_gam,0.18045443486279444,0.9526011560693641,0.08896385490790121,2,2,1,4,0.05,15,STATE_LAG_0|SPXT_LAG_0|DBLCIX_LAG_0|IBOXIG_LAG_0|JPEICORE_LAG_0|LT11TRUU_LAG_0|LBUTTRUU_LAG_0|SPXT_LAG_1|DBLCIX_LAG_1|IBOXIG_LAG_1|JPEICORE_LAG_1|LT11TRUU_LAG_1|LBUTTRUU_LAG_1|DURATION_STATE_0|DURATION_STATE_1,0.02,True,"{""DBLCIX_LAG_0"": 0.02, ""DBLCIX_LAG_1"": 0.02, ""DURATION_STATE_0"": 0.02, ""DURATION_STATE_1"": 0.02, ""IBOXIG_LAG_0"": 0.02, ""IBOXIG_LAG_1"": 0.02, ""JPEICORE_LAG_0"": 0.02, ""JPEICORE_LAG_1"": 0.02, ""LBUTTRUU_LAG_0"": 0.02, ""LBUTTRUU_LAG_1"": 0.02, ""LT11TRUU_LAG_0"": 0.02, ""LT11TRUU_LAG_1"": 0.02, ""SPXT_LAG_0"": 0.02, ""SPXT_LAG_1"": 0.02, ""STATE_LAG_0"": 0.02, ""STATE_LAG_1"": 0.42857142857142855, ""STATE_LAG_2"": 0.6}",regularized_bootstrap,1.0,49,"{""DBLCIX_LAG_0"": 41.81424639742795, ""DBLCIX_LAG_1"": 42.76733775825949, ""DURATION_STATE_0"": 856.1936187569316, ""DURATION_STATE_1"": 856.0556429483848, ""IBOXIG_LAG_0"": 28.02491957656798, ""IBOXIG_LAG_1"": 24.685196648862984, ""JPEICORE_LAG_0"": 16.349501192282332, ""JPEICORE_LAG_1"": 14.817993508740983, ""LBUTTRUU_LAG_0"": 24.948470184851885, ""LBUTTRUU_LAG_1"": 20.565078588000233, ""LT11TRUU_LAG_0"": 79.4301231087237, ""LT11TRUU_LAG_1"": 70.72208470288456, ""SPXT_LAG_0"": 105.15229696053711, ""SPXT_LAG_1"": 100.25376826193906, ""STATE_LAG_0"": 885.1788996992818, ""STATE_LAG_1"": -1.777516445145011e-08, ""STATE_LAG_2"": -1.777516445145011e-08}","{""DBLCIX_LAG_0"": 49, ""DBLCIX_LAG_1"": 49, ""DURATION_STATE_0"": 49, ""DURATION_STATE_1"": 49, ""IBOXIG_LAG_0"": 49, ""IBOXIG_LAG_1"": 49, ""JPEICORE_LAG_0"": 49, ""JPEICORE_LAG_1"": 49, ""LBUTTRUU_LAG_0"": 49, ""LBUTTRUU_LAG_1"": 49, ""LT11TRUU_LAG_0"": 49, ""LT11TRUU_LAG_1"": 49, ""SPXT_LAG_0"": 49, ""SPXT_LAG_1"": 49, ""STATE_LAG_0"": 49, ""STATE_LAG_1"": 6, ""STATE_LAG_2"": 4}",2317,prediction,2017-01-03,2023-12-05,1.0,1.0,1730
multinomial_logistic_gam,0.1974630490342796,0.9507936507936507,0.09286221411821946,2,2,1,4,0.05,15,STATE_LAG_0|SPXT_LAG_0|DBLCIX_LAG_0|IBOXIG_LAG_0|JPEICORE_LAG_0|LT11TRUU_LAG_0|LBUTTRUU_LAG_0|SPXT_LAG_1|DBLCIX_LAG_1|IBOXIG_LAG_1|JPEICORE_LAG_1|LT11TRUU_LAG_1|LBUTTRUU_LAG_1|DURATION_STATE_0|DURATION_STATE_1,0.02,True,"{""DBLCIX_LAG_0"": 0.02, ""DBLCIX_LAG_1"": 0.02, ""DURATION_STATE_0"": 0.02, ""DURATION_STATE_1"": 0.02, ""IBOXIG_LAG_0"": 0.02, ""IBOXIG_LAG_1"": 0.02, ""JPEICORE_LAG_0"": 0.02, ""JPEICORE_LAG_1"": 0.02, ""LBUTTRUU_LAG_0"": 0.02, ""LBUTTRUU_LAG_1"": 0.02, ""LT11TRUU_LAG_0"": 0.02, ""LT11TRUU_LAG_1"": 0.02, ""SPXT_LAG_0"": 0.02, ""SPXT_LAG_1"": 0.02, ""STATE_LAG_0"": 0.02, ""STATE_LAG_1"": 0.42857142857142855, ""STATE_LAG_2"": 0.6}",regularized_bootstrap,1.0,49,"{""DBLCIX_LAG_0"": 41.81424639742795, ""DBLCIX_LAG_1"": 42.76733775825949, ""DURATION_STATE_0"": 856.1936187569316, ""DURATION_STATE_1"": 856.0556429483848, ""IBOXIG_LAG_0"": 28.02491957656798, ""IBOXIG_LAG_1"": 24.685196648862984, ""JPEICORE_LAG_0"": 16.349501192282332, ""JPEICORE_LAG_1"": 14.817993508740983, ""LBUTTRUU_LAG_0"": 24.948470184851885, ""LBUTTRUU_LAG_1"": 20.565078588000233, ""LT11TRUU_LAG_0"": 79.4301231087237, ""LT11TRUU_LAG_1"": 70.72208470288456, ""SPXT_LAG_0"": 105.15229696053711, ""SPXT_LAG_1"": 100.25376826193906, ""STATE_LAG_0"": 885.1788996992818, ""STATE_LAG_1"": -1.777516445145011e-08, ""STATE_LAG_2"": -1.777516445145011e-08}","{""DBLCIX_LAG_0"": 49, ""DBLCIX_LAG_1"": 49, ""DURATION_STATE_0"": 49, ""DURATION_STATE_1"": 49, ""IBOXIG_LAG_0"": 49, ""IBOXIG_LAG_1"": 49, ""JPEICORE_LAG_0"": 49, ""JPEICORE_LAG_1"": 49, ""LBUTTRUU_LAG_0"": 49, ""LBUTTRUU_LAG_1"": 49, ""LT11TRUU_LAG_0"": 49, ""LT11TRUU_LAG_1"": 49, ""SPXT_LAG_0"": 49, ""SPXT_LAG_1"": 49, ""STATE_LAG_0"": 49, ""STATE_LAG_1"": 6, ""STATE_LAG_2"": 4}",2317,validation,2009-06-02,2016-12-30,10.0,0.1,1890
multinomial_logistic_gam,0.20407516889686134,0.9491329479768786,0.09615738494764084,2,2,1,4,0.05,15,STATE_LAG_0|SPXT_LAG_0|DBLCIX_LAG_0|IBOXIG_LAG_0|JPEICORE_LAG_0|LT11TRUU_LAG_0|LBUTTRUU_LAG_0|SPXT_LAG_1|DBLCIX_LAG_1|IBOXIG_LAG_1|JPEICORE_LAG_1|LT11TRUU_LAG_1|LBUTTRUU_LAG_1|DURATION_STATE_0|DURATION_STATE_1,0.02,True,"{""DBLCIX_LAG_0"": 0.02, ""DBLCIX_LAG_1"": 0.02, ""DURATION_STATE_0"": 0.02, ""DURATION_STATE_1"": 0.02, ""IBOXIG_LAG_0"": 0.02, ""IBOXIG_LAG_1"": 0.02, ""JPEICORE_LAG_0"": 0.02, ""JPEICORE_LAG_1"": 0.02, ""LBUTTRUU_LAG_0"": 0.02, ""LBUTTRUU_LAG_1"": 0.02, ""LT11TRUU_LAG_0"": 0.02, ""LT11TRUU_LAG_1"": 0.02, ""SPXT_LAG_0"": 0.02, ""SPXT_LAG_1"": 0.02, ""STATE_LAG_0"": 0.02, ""STATE_LAG_1"": 0.42857142857142855, ""STATE_LAG_2"": 0.6}",regularized_bootstrap,1.0,49,"{""DBLCIX_LAG_0"": 41.81424639742795, ""DBLCIX_LAG_1"": 42.76733775825949, ""DURATION_STATE_0"": 856.1936187569316, ""DURATION_STATE_1"": 856.0556429483848, ""IBOXIG_LAG_0"": 28.02491957656798, ""IBOXIG_LAG_1"": 24.685196648862984, ""JPEICORE_LAG_0"": 16.349501192282332, ""JPEICORE_LAG_1"": 14.817993508740983, ""LBUTTRUU_LAG_0"": 24.948470184851885, ""LBUTTRUU_LAG_1"": 20.565078588000233, ""LT11TRUU_LAG_0"": 79.4301231087237, ""LT11TRUU_LAG_1"": 70.72208470288456, ""SPXT_LAG_0"": 105.15229696053711, ""SPXT_LAG_1"": 100.25376826193906, ""STATE_LAG_0"": 885.1788996992818, ""STATE_LAG_1"": -1.777516445145011e-08, ""STATE_LAG_2"": -1.777516445145011e-08}","{""DBLCIX_LAG_0"": 49, ""DBLCIX_LAG_1"": 49, ""DURATION_STATE_0"": 49, ""DURATION_STATE_1"": 49, ""IBOXIG_LAG_0"": 49, ""IBOXIG_LAG_1"": 49, ""JPEICORE_LAG_0"": 49, ""JPEICORE_LAG_1"": 49, ""LBUTTRUU_LAG_0"": 49, ""LBUTTRUU_LAG_1"": 49, ""LT11TRUU_LAG_0"": 49, ""LT11TRUU_LAG_1"": 49, ""SPXT_LAG_0"": 49, ""SPXT_LAG_1"": 49, ""STATE_LAG_0"": 49, ""STATE_LAG_1"": 6, ""STATE_LAG_2"": 4}",2317,prediction,2017-01-03,2023-12-05,10.0,0.1,1730
multinomial_logistic_gam,0.1695377107698212,0.9507936507936507,0.0884483692739107,2,2,1,6,0.05,15,STATE_LAG_0|SPXT_LAG_0|DBLCIX_LAG_0|IBOXIG_LAG_0|JPEICORE_LAG_0|LT11TRUU_LAG_0|LBUTTRUU_LAG_0|SPXT_LAG_1|DBLCIX_LAG_1|IBOXIG_LAG_1|JPEICORE_LAG_1|LT11TRUU_LAG_1|LBUTTRUU_LAG_1|DURATION_STATE_0|DURATION_STATE_1,0.02,True,"{""DBLCIX_LAG_0"": 0.02, ""DBLCIX_LAG_1"": 0.02, ""DURATION_STATE_0"": 0.02, ""DURATION_STATE_1"": 0.02, ""IBOXIG_LAG_0"": 0.02, ""IBOXIG_LAG_1"": 0.02, ""JPEICORE_LAG_0"": 0.02, ""JPEICORE_LAG_1"": 0.02, ""LBUTTRUU_LAG_0"": 0.02, ""LBUTTRUU_LAG_1"": 0.02, ""LT11TRUU_LAG_0"": 0.02, ""LT11TRUU_LAG_1"": 0.02, ""SPXT_LAG_0"": 0.02, ""SPXT_LAG_1"": 0.02, ""STATE_LAG_0"": 0.02, ""STATE_LAG_1"": 0.42857142857142855, ""STATE_LAG_2"": 0.6}",regularized_bootstrap,1.0,49,"{""DBLCIX_LAG_0"": 46.92938665214365, ""DBLCIX_LAG_1"": 48.08017779808927, ""DURATION_STATE_0"": 876.1316626897587, ""DURATION_STATE_1"": 874.4554396003598, ""IBOXIG_LAG_0"": 53.641997535122755, ""IBOXIG_LAG_1"": 46.21415863581524, ""JPEICORE_LAG_0"": 34.8672409468943, ""JPEICORE_LAG_1"": 31.891071070606586, ""LBUTTRUU_LAG_0"": 52.697866295007884, ""LBUTTRUU_LAG_1"": 42.64779900816893, ""LT11TRUU_LAG_0"": 104.40754348929693, ""LT11TRUU_LAG_1"": 92.44055249345149, ""SPXT_LAG_0"": 186.00796460837876, ""SPXT_LAG_1"": 175.81694900385924, ""STATE_LAG_0"": 885.1788996992818, ""STATE_LAG_1"": -1.777516445145011e-08, ""STATE_LAG_2"": -1.777516445145011e-08}","{""DBLCIX_LAG_0"": 49, ""DBLCIX_LAG_1"": 49, ""DURATION_STATE_0"": 49, ""DURATION_STATE_1"": 49, ""IBOXIG_LAG_0"": 49, ""IBOXIG_LAG_1"": 49, ""JPEICORE_LAG_0"": 49, ""JPEICORE_LAG_1"": 49, ""LBUTTRUU_LAG_0"": 49, ""LBUTTRUU_LAG_1"": 49, ""LT11TRUU_LAG_0"": 49, ""LT11TRUU_LAG_1"": 49, ""SPXT_LAG_0"": 49, ""SPXT_LAG_1"": 49, ""STATE_LAG_0"": 49, ""STATE_LAG_1"": 6, ""STATE_LAG_2"": 4}",2317,validation,2009-06-02,2016-12-30,0.01,100.0,1890
multinomial_logistic_gam,0.17298710381083446,0.9526011560693641,0.08966609617780845,2,2,1,6,0.05,15,STATE_LAG_0|SPXT_LAG_0|DBLCIX_LAG_0|IBOXIG_LAG_0|JPEICORE_LAG_0|LT11TRUU_LAG_0|LBUTTRUU_LAG_0|SPXT_LAG_1|DBLCIX_LAG_1|IBOXIG_LAG_1|JPEICORE_LAG_1|LT11TRUU_LAG_1|LBUTTRUU_LAG_1|DURATION_STATE_0|DURATION_STATE_1,0.02,True,"{""DBLCIX_LAG_0"": 0.02, ""DBLCIX_LAG_1"": 0.02, ""DURATION_STATE_0"": 0.02, ""DURATION_STATE_1"": 0.02, ""IBOXIG_LAG_0"": 0.02, ""IBOXIG_LAG_1"": 0.02, ""JPEICORE_LAG_0"": 0.02, ""JPEICORE_LAG_1"": 0.02, ""LBUTTRUU_LAG_0"": 0.02, ""LBUTTRUU_LAG_1"": 0.02, ""LT11TRUU_LAG_0"": 0.02, ""LT11TRUU_LAG_1"": 0.02, ""SPXT_LAG_0"": 0.02, ""SPXT_LAG_1"": 0.02, ""STATE_LAG_0"": 0.02, ""STATE_LAG_1"": 0.42857142857142855, ""STATE_LAG_2"": 0.6}",regularized_bootstrap,1.0,49,"{""DBLCIX_LAG_0"": 46.92938665214365, ""DBLCIX_LAG_1"": 48.08017779808927, ""DURATION_STATE_0"": 876.1316626897587, ""DURATION_STATE_1"": 874.4554396003598, ""IBOXIG_LAG_0"": 53.641997535122755, ""IBOXIG_LAG_1"": 46.21415863581524, ""JPEICORE_LAG_0"": 34.8672409468943, ""JPEICORE_LAG_1"": 31.891071070606586, ""LBUTTRUU_LAG_0"": 52.697866295007884, ""LBUTTRUU_LAG_1"": 42.64779900816893, ""LT11TRUU_LAG_0"": 104.40754348929693, ""LT11TRUU_LAG_1"": 92.44055249345149, ""SPXT_LAG_0"": 186.00796460837876, ""SPXT_LAG_1"": 175.81694900385924, ""STATE_LAG_0"": 885.1788996992818, ""STATE_LAG_1"": -1.777516445145011e-08, ""STATE_LAG_2"": -1.777516445145011e-08}","{""DBLCIX_LAG_0"": 49, ""DBLCIX_LAG_1"": 49, ""DURATION_STATE_0"": 49, ""DURATION_STATE_1"": 49, ""IBOXIG_LAG_0"": 49, ""IBOXIG_LAG_1"": 49, ""JPEICORE_LAG_0"": 49, ""JPEICORE_LAG_1"": 49, ""LBUTTRUU_LAG_0"": 49, ""LBUTTRUU_LAG_1"": 49, ""LT11TRUU_LAG_0"": 49, ""LT11TRUU_LAG_1"": 49, ""SPXT_LAG_0"": 49, ""SPXT_LAG_1"": 49, ""STATE_LAG_0"": 49, ""STATE_LAG_1"": 6, ""STATE_LAG_2"": 4}",2317,prediction,2017-01-03,2023-12-05,0.01,100.0,1730
multinomial_logistic_gam,0.17218896575717005,0.9507936507936507,0.08805174525222413,2,2,1,6,0.05,15,STATE_LAG_0|SPXT_LAG_0|DBLCIX_LAG_0|IBOXIG_LAG_0|JPEICORE_LAG_0|LT11TRUU_LAG_0|LBUTTRUU_LAG_0|SPXT_LAG_1|DBLCIX_LAG_1|IBOXIG_LAG_1|JPEICORE_LAG_1|LT11TRUU_LAG_1|LBUTTRUU_LAG_1|DURATION_STATE_0|DURATION_STATE_1,0.02,True,"{""DBLCIX_LAG_0"": 0.02, ""DBLCIX_LAG_1"": 0.02, ""DURATION_STATE_0"": 0.02, ""DURATION_STATE_1"": 0.02, ""IBOXIG_LAG_0"": 0.02, ""IBOXIG_LAG_1"": 0.02, ""JPEICORE_LAG_0"": 0.02, ""JPEICORE_LAG_1"": 0.02, ""LBUTTRUU_LAG_0"": 0.02, ""LBUTTRUU_LAG_1"": 0.02, ""LT11TRUU_LAG_0"": 0.02, ""LT11TRUU_LAG_1"": 0.02, ""SPXT_LAG_0"": 0.02, ""SPXT_LAG_1"": 0.02, ""STATE_LAG_0"": 0.02, ""STATE_LAG_1"": 0.42857142857142855, ""STATE_LAG_2"": 0.6}",regularized_bootstrap,1.0,49,"{""DBLCIX_LAG_0"": 46.92938665214365, ""DBLCIX_LAG_1"": 48.08017779808927, ""DURATION_STATE_0"": 876.1316626897587, ""DURATION_STATE_1"": 874.4554396003598, ""IBOXIG_LAG_0"": 53.641997535122755, ""IBOXIG_LAG_1"": 46.21415863581524, ""JPEICORE_LAG_0"": 34.8672409468943, ""JPEICORE_LAG_1"": 31.891071070606586, ""LBUTTRUU_LAG_0"": 52.697866295007884, ""LBUTTRUU_LAG_1"": 42.64779900816893, ""LT11TRUU_LAG_0"": 104.40754348929693, ""LT11TRUU_LAG_1"": 92.44055249345149, ""SPXT_LAG_0"": 186.00796460837876, ""SPXT_LAG_1"": 175.81694900385924, ""STATE_LAG_0"": 885.1788996992818, ""STATE_LAG_1"": -1.777516445145011e-08, ""STATE_LAG_2"": -1.777516445145011e-08}","{""DBLCIX_LAG_0"": 49, ""DBLCIX_LAG_1"": 49, ""DURATION_STATE_0"": 49, ""DURATION_STATE_1"": 49, ""IBOXIG_LAG_0"": 49, ""IBOXIG_LAG_1"": 49, ""JPEICORE_LAG_0"": 49, ""JPEICORE_LAG_1"": 49, ""LBUTTRUU_LAG_0"": 49, ""LBUTTRUU_LAG_1"": 49, ""LT11TRUU_LAG_0"": 49, ""LT11TRUU_LAG_1"": 49, ""SPXT_LAG_0"": 49, ""SPXT_LAG_1"": 49, ""STATE_LAG_0"": 49, ""STATE_LAG_1"": 6, ""STATE_LAG_2"": 4}",2317,validation,2009-06-02,2016-12-30,0.1,10.0,1890
multinomial_logistic_gam,0.17295401049294445,0.9526011560693641,0.08749577976717528,2,2,1,6,0.05,15,STATE_LAG_0|SPXT_LAG_0|DBLCIX_LAG_0|IBOXIG_LAG_0|JPEICORE_LAG_0|LT11TRUU_LAG_0|LBUTTRUU_LAG_0|SPXT_LAG_1|DBLCIX_LAG_1|IBOXIG_LAG_1|JPEICORE_LAG_1|LT11TRUU_LAG_1|LBUTTRUU_LAG_1|DURATION_STATE_0|DURATION_STATE_1,0.02,True,"{""DBLCIX_LAG_0"": 0.02, ""DBLCIX_LAG_1"": 0.02, ""DURATION_STATE_0"": 0.02, ""DURATION_STATE_1"": 0.02, ""IBOXIG_LAG_0"": 0.02, ""IBOXIG_LAG_1"": 0.02, ""JPEICORE_LAG_0"": 0.02, ""JPEICORE_LAG_1"": 0.02, ""LBUTTRUU_LAG_0"": 0.02, ""LBUTTRUU_LAG_1"": 0.02, ""LT11TRUU_LAG_0"": 0.02, ""LT11TRUU_LAG_1"": 0.02, ""SPXT_LAG_0"": 0.02, ""SPXT_LAG_1"": 0.02, ""STATE_LAG_0"": 0.02, ""STATE_LAG_1"": 0.42857142857142855, ""STATE_LAG_2"": 0.6}",regularized_bootstrap,1.0,49,"{""DBLCIX_LAG_0"": 46.92938665214365, ""DBLCIX_LAG_1"": 48.08017779808927, ""DURATION_STATE_0"": 876.1316626897587, ""DURATION_STATE_1"": 874.4554396003598, ""IBOXIG_LAG_0"": 53.641997535122755, ""IBOXIG_LAG_1"": 46.21415863581524, ""JPEICORE_LAG_0"": 34.8672409468943, ""JPEICORE_LAG_1"": 31.891071070606586, ""LBUTTRUU_LAG_0"": 52.697866295007884, ""LBUTTRUU_LAG_1"": 42.64779900816893, ""LT11TRUU_LAG_0"": 104.40754348929693, ""LT11TRUU_LAG_1"": 92.44055249345149, ""SPXT_LAG_0"": 186.00796460837876, ""SPXT_LAG_1"": 175.81694900385924, ""STATE_LAG_0"": 885.1788996992818, ""STATE_LAG_1"": -1.777516445145011e-08, ""STATE_LAG_2"": -1.777516445145011e-08}","{""DBLCIX_LAG_0"": 49, ""DBLCIX_LAG_1"": 49, ""DURATION_STATE_0"": 49, ""DURATION_STATE_1"": 49, ""IBOXIG_LAG_0"": 49, ""IBOXIG_LAG_1"": 49, ""JPEICORE_LAG_0"": 49, ""JPEICORE_LAG_1"": 49, ""LBUTTRUU_LAG_0"": 49, ""LBUTTRUU_LAG_1"": 49, ""LT11TRUU_LAG_0"": 49, ""LT11TRUU_LAG_1"": 49, ""SPXT_LAG_0"": 49, ""SPXT_LAG_1"": 49, ""STATE_LAG_0"": 49, ""STATE_LAG_1"": 6, ""STATE_LAG_2"": 4}",2317,prediction,2017-01-03,2023-12-05,0.1,10.0,1730
multinomial_logistic_gam,0.18313739016154446,0.9513227513227513,0.09037377789627138,2,2,1,6,0.05,15,STATE_LAG_0|SPXT_LAG_0|DBLCIX_LAG_0|IBOXIG_LAG_0|JPEICORE_LAG_0|LT11TRUU_LAG_0|LBUTTRUU_LAG_0|SPXT_LAG_1|DBLCIX_LAG_1|IBOXIG_LAG_1|JPEICORE_LAG_1|LT11TRUU_LAG_1|LBUTTRUU_LAG_1|DURATION_STATE_0|DURATION_STATE_1,0.02,True,"{""DBLCIX_LAG_0"": 0.02, ""DBLCIX_LAG_1"": 0.02, ""DURATION_STATE_0"": 0.02, ""DURATION_STATE_1"": 0.02, ""IBOXIG_LAG_0"": 0.02, ""IBOXIG_LAG_1"": 0.02, ""JPEICORE_LAG_0"": 0.02, ""JPEICORE_LAG_1"": 0.02, ""LBUTTRUU_LAG_0"": 0.02, ""LBUTTRUU_LAG_1"": 0.02, ""LT11TRUU_LAG_0"": 0.02, ""LT11TRUU_LAG_1"": 0.02, ""SPXT_LAG_0"": 0.02, ""SPXT_LAG_1"": 0.02, ""STATE_LAG_0"": 0.02, ""STATE_LAG_1"": 0.42857142857142855, ""STATE_LAG_2"": 0.6}",regularized_bootstrap,1.0,49,"{""DBLCIX_LAG_0"": 46.92938665214365, ""DBLCIX_LAG_1"": 48.08017779808927, ""DURATION_STATE_0"": 876.1316626897587, ""DURATION_STATE_1"": 874.4554396003598, ""IBOXIG_LAG_0"": 53.641997535122755, ""IBOXIG_LAG_1"": 46.21415863581524, ""JPEICORE_LAG_0"": 34.8672409468943, ""JPEICORE_LAG_1"": 31.891071070606586, ""LBUTTRUU_LAG_0"": 52.697866295007884, ""LBUTTRUU_LAG_1"": 42.64779900816893, ""LT11TRUU_LAG_0"": 104.40754348929693, ""LT11TRUU_LAG_1"": 92.44055249345149, ""SPXT_LAG_0"": 186.00796460837876, ""SPXT_LAG_1"": 175.81694900385924, ""STATE_LAG_0"": 885.1788996992818, ""STATE_LAG_1"": -1.777516445145011e-08, ""STATE_LAG_2"": -1.777516445145011e-08}","{""DBLCIX_LAG_0"": 49, ""DBLCIX_LAG_1"": 49, ""DURATION_STATE_0"": 49, ""DURATION_STATE_1"": 49, ""IBOXIG_LAG_0"": 49, ""IBOXIG_LAG_1"": 49, ""JPEICORE_LAG_0"": 49, ""JPEICORE_LAG_1"": 49, ""LBUTTRUU_LAG_0"": 49, ""LBUTTRUU_LAG_1"": 49, ""LT11TRUU_LAG_0"": 49, ""LT11TRUU_LAG_1"": 49, ""SPXT_LAG_0"": 49, ""SPXT_LAG_1"": 49, ""STATE_LAG_0"": 49, ""STATE_LAG_1"": 6, ""STATE_LAG_2"": 4}",2317,validation,2009-06-02,2016-12-30,1.0,1.0,1890
multinomial_logistic_gam,0.18554004969998064,0.9520231213872833,0.09057787578776266,2,2,1,6,0.05,15,STATE_LAG_0|SPXT_LAG_0|DBLCIX_LAG_0|IBOXIG_LAG_0|JPEICORE_LAG_0|LT11TRUU_LAG_0|LBUTTRUU_LAG_0|SPXT_LAG_1|DBLCIX_LAG_1|IBOXIG_LAG_1|JPEICORE_LAG_1|LT11TRUU_LAG_1|LBUTTRUU_LAG_1|DURATION_STATE_0|DURATION_STATE_1,0.02,True,"{""DBLCIX_LAG_0"": 0.02, ""DBLCIX_LAG_1"": 0.02, ""DURATION_STATE_0"": 0.02, ""DURATION_STATE_1"": 0.02, ""IBOXIG_LAG_0"": 0.02, ""IBOXIG_LAG_1"": 0.02, ""JPEICORE_LAG_0"": 0.02, ""JPEICORE_LAG_1"": 0.02, ""LBUTTRUU_LAG_0"": 0.02, ""LBUTTRUU_LAG_1"": 0.02, ""LT11TRUU_LAG_0"": 0.02, ""LT11TRUU_LAG_1"": 0.02, ""SPXT_LAG_0"": 0.02, ""SPXT_LAG_1"": 0.02, ""STATE_LAG_0"": 0.02, ""STATE_LAG_1"": 0.42857142857142855, ""STATE_LAG_2"": 0.6}",regularized_bootstrap,1.0,49,"{""DBLCIX_LAG_0"": 46.92938665214365, ""DBLCIX_LAG_1"": 48.08017779808927, ""DURATION_STATE_0"": 876.1316626897587, ""DURATION_STATE_1"": 874.4554396003598, ""IBOXIG_LAG_0"": 53.641997535122755, ""IBOXIG_LAG_1"": 46.21415863581524, ""JPEICORE_LAG_0"": 34.8672409468943, ""JPEICORE_LAG_1"": 31.891071070606586, ""LBUTTRUU_LAG_0"": 52.697866295007884, ""LBUTTRUU_LAG_1"": 42.64779900816893, ""LT11TRUU_LAG_0"": 104.40754348929693, ""LT11TRUU_LAG_1"": 92.44055249345149, ""SPXT_LAG_0"": 186.00796460837876, ""SPXT_LAG_1"": 175.81694900385924, ""STATE_LAG_0"": 885.1788996992818, ""STATE_LAG_1"": -1.777516445145011e-08, ""STATE_LAG_2"": -1.777516445145011e-08}","{""DBLCIX_LAG_0"": 49, ""DBLCIX_LAG_1"": 49, ""DURATION_STATE_0"": 49, ""DURATION_STATE_1"": 49, ""IBOXIG_LAG_0"": 49, ""IBOXIG_LAG_1"": 49, ""JPEICORE_LAG_0"": 49, ""JPEICORE_LAG_1"": 49, ""LBUTTRUU_LAG_0"": 49, ""LBUTTRUU_LAG_1"": 49, ""LT11TRUU_LAG_0"": 49, ""LT11TRUU_LAG_1"": 49, ""SPXT_LAG_0"": 49, ""SPXT_LAG_1"": 49, ""STATE_LAG_0"": 49, ""STATE_LAG_1"": 6, ""STATE_LAG_2"": 4}",2317,prediction,2017-01-03,2023-12-05,1.0,1.0,1730
multinomial_logistic_gam,0.2150749328280822,0.9507936507936507,0.09516471089904778,2,2,1,6,0.05,15,STATE_LAG_0|SPXT_LAG_0|DBLCIX_LAG_0|IBOXIG_LAG_0|JPEICORE_LAG_0|LT11TRUU_LAG_0|LBUTTRUU_LAG_0|SPXT_LAG_1|DBLCIX_LAG_1|IBOXIG_LAG_1|JPEICORE_LAG_1|LT11TRUU_LAG_1|LBUTTRUU_LAG_1|DURATION_STATE_0|DURATION_STATE_1,0.02,True,"{""DBLCIX_LAG_0"": 0.02, ""DBLCIX_LAG_1"": 0.02, ""DURATION_STATE_0"": 0.02, ""DURATION_STATE_1"": 0.02, ""IBOXIG_LAG_0"": 0.02, ""IBOXIG_LAG_1"": 0.02, ""JPEICORE_LAG_0"": 0.02, ""JPEICORE_LAG_1"": 0.02, ""LBUTTRUU_LAG_0"": 0.02, ""LBUTTRUU_LAG_1"": 0.02, ""LT11TRUU_LAG_0"": 0.02, ""LT11TRUU_LAG_1"": 0.02, ""SPXT_LAG_0"": 0.02, ""SPXT_LAG_1"": 0.02, ""STATE_LAG_0"": 0.02, ""STATE_LAG_1"": 0.42857142857142855, ""STATE_LAG_2"": 0.6}",regularized_bootstrap,1.0,49,"{""DBLCIX_LAG_0"": 46.92938665214365, ""DBLCIX_LAG_1"": 48.08017779808927, ""DURATION_STATE_0"": 876.1316626897587, ""DURATION_STATE_1"": 874.4554396003598, ""IBOXIG_LAG_0"": 53.641997535122755, ""IBOXIG_LAG_1"": 46.21415863581524, ""JPEICORE_LAG_0"": 34.8672409468943, ""JPEICORE_LAG_1"": 31.891071070606586, ""LBUTTRUU_LAG_0"": 52.697866295007884, ""LBUTTRUU_LAG_1"": 42.64779900816893, ""LT11TRUU_LAG_0"": 104.40754348929693, ""LT11TRUU_LAG_1"": 92.44055249345149, ""SPXT_LAG_0"": 186.00796460837876, ""SPXT_LAG_1"": 175.81694900385924, ""STATE_LAG_0"": 885.1788996992818, ""STATE_LAG_1"": -1.777516445145011e-08, ""STATE_LAG_2"": -1.777516445145011e-08}","{""DBLCIX_LAG_0"": 49, ""DBLCIX_LAG_1"": 49, ""DURATION_STATE_0"": 49, ""DURATION_STATE_1"": 49, ""IBOXIG_LAG_0"": 49, ""IBOXIG_LAG_1"": 49, ""JPEICORE_LAG_0"": 49, ""JPEICORE_LAG_1"": 49, ""LBUTTRUU_LAG_0"": 49, ""LBUTTRUU_LAG_1"": 49, ""LT11TRUU_LAG_0"": 49, ""LT11TRUU_LAG_1"": 49, ""SPXT_LAG_0"": 49, ""SPXT_LAG_1"": 49, ""STATE_LAG_0"": 49, ""STATE_LAG_1"": 6, ""STATE_LAG_2"": 4}",2317,validation,2009-06-02,2016-12-30,10.0,0.1,1890
multinomial_logistic_gam,0.2247818979666761,0.946242774566474,0.10062634560803768,2,2,1,6,0.05,15,STATE_LAG_0|SPXT_LAG_0|DBLCIX_LAG_0|IBOXIG_LAG_0|JPEICORE_LAG_0|LT11TRUU_LAG_0|LBUTTRUU_LAG_0|SPXT_LAG_1|DBLCIX_LAG_1|IBOXIG_LAG_1|JPEICORE_LAG_1|LT11TRUU_LAG_1|LBUTTRUU_LAG_1|DURATION_STATE_0|DURATION_STATE_1,0.02,True,"{""DBLCIX_LAG_0"": 0.02, ""DBLCIX_LAG_1"": 0.02, ""DURATION_STATE_0"": 0.02, ""DURATION_STATE_1"": 0.02, ""IBOXIG_LAG_0"": 0.02, ""IBOXIG_LAG_1"": 0.02, ""JPEICORE_LAG_0"": 0.02, ""JPEICORE_LAG_1"": 0.02, ""LBUTTRUU_LAG_0"": 0.02, ""LBUTTRUU_LAG_1"": 0.02, ""LT11TRUU_LAG_0"": 0.02, ""LT11TRUU_LAG_1"": 0.02, ""SPXT_LAG_0"": 0.02, ""SPXT_LAG_1"": 0.02, ""STATE_LAG_0"": 0.02, ""STATE_LAG_1"": 0.42857142857142855, ""STATE_LAG_2"": 0.6}",regularized_bootstrap,1.0,49,"{""DBLCIX_LAG_0"": 46.92938665214365, ""DBLCIX_LAG_1"": 48.08017779808927, ""DURATION_STATE_0"": 876.1316626897587, ""DURATION_STATE_1"": 874.4554396003598, ""IBOXIG_LAG_0"": 53.641997535122755, ""IBOXIG_LAG_1"": 46.21415863581524, ""JPEICORE_LAG_0"": 34.8672409468943, ""JPEICORE_LAG_1"": 31.891071070606586, ""LBUTTRUU_LAG_0"": 52.697866295007884, ""LBUTTRUU_LAG_1"": 42.64779900816893, ""LT11TRUU_LAG_0"": 104.40754348929693, ""LT11TRUU_LAG_1"": 92.44055249345149, ""SPXT_LAG_0"": 186.00796460837876, ""SPXT_LAG_1"": 175.81694900385924, ""STATE_LAG_0"": 885.1788996992818, ""STATE_LAG_1"": -1.777516445145011e-08, ""STATE_LAG_2"": -1.777516445145011e-08}","{""DBLCIX_LAG_0"": 49, ""DBLCIX_LAG_1"": 49, ""DURATION_STATE_0"": 49, ""DURATION_STATE_1"": 49, ""IBOXIG_LAG_0"": 49, ""IBOXIG_LAG_1"": 49, ""JPEICORE_LAG_0"": 49, ""JPEICORE_LAG_1"": 49, ""LBUTTRUU_LAG_0"": 49, ""LBUTTRUU_LAG_1"": 49, ""LT11TRUU_LAG_0"": 49, ""LT11TRUU_LAG_1"": 49, ""SPXT_LAG_0"": 49, ""SPXT_LAG_1"": 49, ""STATE_LAG_0"": 49, ""STATE_LAG_1"": 6, ""STATE_LAG_2"": 4}",2317,prediction,2017-01-03,2023-12-05,10.0,0.1,1730
multinomial_logistic_gam,0.16961961279520682,0.9502645502645503,0.08829270386859042,2,2,2,4,0.05,21,STATE_LAG_0|SPXT_LAG_0|DBLCIX_LAG_0|IBOXIG_LAG_0|JPEICORE_LAG_0|LT11TRUU_LAG_0|LBUTTRUU_LAG_0|SPXT_LAG_1|DBLCIX_LAG_1|IBOXIG_LAG_1|JPEICORE_LAG_1|LT11TRUU_LAG_1|LBUTTRUU_LAG_1|SPXT_LAG_2|DBLCIX_LAG_2|IBOXIG_LAG_2|JPEICORE_LAG_2|LT11TRUU_LAG_2|LBUTTRUU_LAG_2|DURATION_STATE_0|DURATION_STATE_1,0.02,True,"{""DBLCIX_LAG_0"": 0.02, ""DBLCIX_LAG_1"": 0.02, ""DBLCIX_LAG_2"": 0.02, ""DURATION_STATE_0"": 0.02, ""DURATION_STATE_1"": 0.02, ""IBOXIG_LAG_0"": 0.02, ""IBOXIG_LAG_1"": 0.02, ""IBOXIG_LAG_2"": 0.02, ""JPEICORE_LAG_0"": 0.02, ""JPEICORE_LAG_1"": 0.02, ""JPEICORE_LAG_2"": 0.02, ""LBUTTRUU_LAG_0"": 0.02, ""LBUTTRUU_LAG_1"": 0.02, ""LBUTTRUU_LAG_2"": 0.02, ""LT11TRUU_LAG_0"": 0.02, ""LT11TRUU_LAG_1"": 0.02, ""LT11TRUU_LAG_2"": 0.02, ""SPXT_LAG_0"": 0.02, ""SPXT_LAG_1"": 0.02, ""SPXT_LAG_2"": 0.02, ""STATE_LAG_0"": 0.02, ""STATE_LAG_1"": 0.42857142857142855, ""STATE_LAG_2"": 0.6}",regularized_bootstrap,1.0,49,"{""DBLCIX_LAG_0"": 41.81039392880621, ""DBLCIX_LAG_1"": 42.73454401726781, ""DBLCIX_LAG_2"": 41.999164767364505, ""DURATION_STATE_0"": 858.5121506439631, ""DURATION_STATE_1"": 857.1496573878414, ""IBOXIG_LAG_0"": 28.192118828185585, ""IBOXIG_LAG_1"": 24.705631964458462, ""IBOXIG_LAG_2"": 25.339453031969924, ""JPEICORE_LAG_0"": 15.653246281577367, ""JPEICORE_LAG_1"": 14.746443334182686, ""JPEICORE_LAG_2"": 15.313701090846735, ""LBUTTRUU_LAG_0"": 24.883594136038028, ""LBUTTRUU_LAG_1"": 20.547698742425155, ""LBUTTRUU_LAG_2"": 17.76852270239192, ""LT11TRUU_LAG_0"": 79.43469285563663, ""LT11TRUU_LAG_1"": 70.78468184753365, ""LT11TRUU_LAG_2"": 61.541891844427255, ""SPXT_LAG_0"": 105.63590501824592, ""SPXT_LAG_1"": 100.37626564107018, ""SPXT_LAG_2"": 92.71551990533499, ""STATE_LAG_0"": 888.0851344943634, ""STATE_LAG_1"": -1.7556885723024607e-08, ""STATE_LAG_2"": -1.7556885723024607e-08}","{""DBLCIX_LAG_0"": 49, ""DBLCIX_LAG_1"": 49, ""DBLCIX_LAG_2"": 49, ""DURATION_STATE_0"": 49, ""DURATION_STATE_1"": 49, ""IBOXIG_LAG_0"": 49, ""IBOXIG_LAG_1"": 49, ""IBOXIG_LAG_2"": 49, ""JPEICORE_LAG_0"": 49, ""JPEICORE_LAG_1"": 49, ""JPEICORE_LAG_2"": 49, ""LBUTTRUU_LAG_0"": 49, ""LBUTTRUU_LAG_1"": 49, ""LBUTTRUU_LAG_2"": 49, ""LT11TRUU_LAG_0"": 49, ""LT11TRUU_LAG_1"": 49, ""LT11TRUU_LAG_2"": 49, ""SPXT_LAG_0"": 49, ""SPXT_LAG_1"": 49, ""SPXT_LAG_2"": 49, ""STATE_LAG_0"": 49, ""STATE_LAG_1"": 6, ""STATE_LAG_2"": 4}",2316,validation,2009-06-02,2016-12-30,0.01,100.0,1890
multinomial_logistic_gam,0.17357622625918964,0.9520231213872833,0.08998203500961771,2,2,2,4,0.05,21,STATE_LAG_0|SPXT_LAG_0|DBLCIX_LAG_0|IBOXIG_LAG_0|JPEICORE_LAG_0|LT11TRUU_LAG_0|LBUTTRUU_LAG_0|SPXT_LAG_1|DBLCIX_LAG_1|IBOXIG_LAG_1|JPEICORE_LAG_1|LT11TRUU_LAG_1|LBUTTRUU_LAG_1|SPXT_LAG_2|DBLCIX_LAG_2|IBOXIG_LAG_2|JPEICORE_LAG_2|LT11TRUU_LAG_2|LBUTTRUU_LAG_2|DURATION_STATE_0|DURATION_STATE_1,0.02,True,"{""DBLCIX_LAG_0"": 0.02, ""DBLCIX_LAG_1"": 0.02, ""DBLCIX_LAG_2"": 0.02, ""DURATION_STATE_0"": 0.02, ""DURATION_STATE_1"": 0.02, ""IBOXIG_LAG_0"": 0.02, ""IBOXIG_LAG_1"": 0.02, ""IBOXIG_LAG_2"": 0.02, ""JPEICORE_LAG_0"": 0.02, ""JPEICORE_LAG_1"": 0.02, ""JPEICORE_LAG_2"": 0.02, ""LBUTTRUU_LAG_0"": 0.02, ""LBUTTRUU_LAG_1"": 0.02, ""LBUTTRUU_LAG_2"": 0.02, ""LT11TRUU_LAG_0"": 0.02, ""LT11TRUU_LAG_1"": 0.02, ""LT11TRUU_LAG_2"": 0.02, ""SPXT_LAG_0"": 0.02, ""SPXT_LAG_1"": 0.02, ""SPXT_LAG_2"": 0.02, ""STATE_LAG_0"": 0.02, ""STATE_LAG_1"": 0.42857142857142855, ""STATE_LAG_2"": 0.6}",regularized_bootstrap,1.0,49,"{""DBLCIX_LAG_0"": 41.81039392880621, ""DBLCIX_LAG_1"": 42.73454401726781, ""DBLCIX_LAG_2"": 41.999164767364505, ""DURATION_STATE_0"": 858.5121506439631, ""DURATION_STATE_1"": 857.1496573878414, ""IBOXIG_LAG_0"": 28.192118828185585, ""IBOXIG_LAG_1"": 24.705631964458462, ""IBOXIG_LAG_2"": 25.339453031969924, ""JPEICORE_LAG_0"": 15.653246281577367, ""JPEICORE_LAG_1"": 14.746443334182686, ""JPEICORE_LAG_2"": 15.313701090846735, ""LBUTTRUU_LAG_0"": 24.883594136038028, ""LBUTTRUU_LAG_1"": 20.547698742425155, ""LBUTTRUU_LAG_2"": 17.76852270239192, ""LT11TRUU_LAG_0"": 79.43469285563663, ""LT11TRUU_LAG_1"": 70.78468184753365, ""LT11TRUU_LAG_2"": 61.541891844427255, ""SPXT_LAG_0"": 105.63590501824592, ""SPXT_LAG_1"": 100.37626564107018, ""SPXT_LAG_2"": 92.71551990533499, ""STATE_LAG_0"": 888.0851344943634, ""STATE_LAG_1"": -1.7556885723024607e-08, ""STATE_LAG_2"": -1.7556885723024607e-08}","{""DBLCIX_LAG_0"": 49, ""DBLCIX_LAG_1"": 49, ""DBLCIX_LAG_2"": 49, ""DURATION_STATE_0"": 49, ""DURATION_STATE_1"": 49, ""IBOXIG_LAG_0"": 49, ""IBOXIG_LAG_1"": 49, ""IBOXIG_LAG_2"": 49, ""JPEICORE_LAG_0"": 49, ""JPEICORE_LAG_1"": 49, ""JPEICORE_LAG_2"": 49, ""LBUTTRUU_LAG_0"": 49, ""LBUTTRUU_LAG_1"": 49, ""LBUTTRUU_LAG_2"": 49, ""LT11TRUU_LAG_0"": 49, ""LT11TRUU_LAG_1"": 49, ""LT11TRUU_LAG_2"": 49, ""SPXT_LAG_0"": 49, ""SPXT_LAG_1"": 49, ""SPXT_LAG_2"": 49, ""STATE_LAG_0"": 49, ""STATE_LAG_1"": 6, ""STATE_LAG_2"": 4}",2316,prediction,2017-01-03,2023-12-05,0.01,100.0,1730
multinomial_logistic_gam,0.17027678941781946,0.9507936507936507,0.08670356396218123,2,2,2,4,0.05,21,STATE_LAG_0|SPXT_LAG_0|DBLCIX_LAG_0|IBOXIG_LAG_0|JPEICORE_LAG_0|LT11TRUU_LAG_0|LBUTTRUU_LAG_0|SPXT_LAG_1|DBLCIX_LAG_1|IBOXIG_LAG_1|JPEICORE_LAG_1|LT11TRUU_LAG_1|LBUTTRUU_LAG_1|SPXT_LAG_2|DBLCIX_LAG_2|IBOXIG_LAG_2|JPEICORE_LAG_2|LT11TRUU_LAG_2|LBUTTRUU_LAG_2|DURATION_STATE_0|DURATION_STATE_1,0.02,True,"{""DBLCIX_LAG_0"": 0.02, ""DBLCIX_LAG_1"": 0.02, ""DBLCIX_LAG_2"": 0.02, ""DURATION_STATE_0"": 0.02, ""DURATION_STATE_1"": 0.02, ""IBOXIG_LAG_0"": 0.02, ""IBOXIG_LAG_1"": 0.02, ""IBOXIG_LAG_2"": 0.02, ""JPEICORE_LAG_0"": 0.02, ""JPEICORE_LAG_1"": 0.02, ""JPEICORE_LAG_2"": 0.02, ""LBUTTRUU_LAG_0"": 0.02, ""LBUTTRUU_LAG_1"": 0.02, ""LBUTTRUU_LAG_2"": 0.02, ""LT11TRUU_LAG_0"": 0.02, ""LT11TRUU_LAG_1"": 0.02, ""LT11TRUU_LAG_2"": 0.02, ""SPXT_LAG_0"": 0.02, ""SPXT_LAG_1"": 0.02, ""SPXT_LAG_2"": 0.02, ""STATE_LAG_0"": 0.02, ""STATE_LAG_1"": 0.42857142857142855, ""STATE_LAG_2"": 0.6}",regularized_bootstrap,1.0,49,"{""DBLCIX_LAG_0"": 41.81039392880621, ""DBLCIX_LAG_1"": 42.73454401726781, ""DBLCIX_LAG_2"": 41.999164767364505, ""DURATION_STATE_0"": 858.5121506439631, ""DURATION_STATE_1"": 857.1496573878414, ""IBOXIG_LAG_0"": 28.192118828185585, ""IBOXIG_LAG_1"": 24.705631964458462, ""IBOXIG_LAG_2"": 25.339453031969924, ""JPEICORE_LAG_0"": 15.653246281577367, ""JPEICORE_LAG_1"": 14.746443334182686, ""JPEICORE_LAG_2"": 15.313701090846735, ""LBUTTRUU_LAG_0"": 24.883594136038028, ""LBUTTRUU_LAG_1"": 20.547698742425155, ""LBUTTRUU_LAG_2"": 17.76852270239192, ""LT11TRUU_LAG_0"": 79.43469285563663, ""LT11TRUU_LAG_1"": 70.78468184753365, ""LT11TRUU_LAG_2"": 61.541891844427255, ""SPXT_LAG_0"": 105.63590501824592, ""SPXT_LAG_1"": 100.37626564107018, ""SPXT_LAG_2"": 92.71551990533499, ""STATE_LAG_0"": 888.0851344943634, ""STATE_LAG_1"": -1.7556885723024607e-08, ""STATE_LAG_2"": -1.7556885723024607e-08}","{""DBLCIX_LAG_0"": 49, ""DBLCIX_LAG_1"": 49, ""DBLCIX_LAG_2"": 49, ""DURATION_STATE_0"": 49, ""DURATION_STATE_1"": 49, ""IBOXIG_LAG_0"": 49, ""IBOXIG_LAG_1"": 49, ""IBOXIG_LAG_2"": 49, ""JPEICORE_LAG_0"": 49, ""JPEICORE_LAG_1"": 49, ""JPEICORE_LAG_2"": 49, ""LBUTTRUU_LAG_0"": 49, ""LBUTTRUU_LAG_1"": 49, ""LBUTTRUU_LAG_2"": 49, ""LT11TRUU_LAG_0"": 49, ""LT11TRUU_LAG_1"": 49, ""LT11TRUU_LAG_2"": 49, ""SPXT_LAG_0"": 49, ""SPXT_LAG_1"": 49, ""SPXT_LAG_2"": 49, ""STATE_LAG_0"": 49, ""STATE_LAG_1"": 6, ""STATE_LAG_2"": 4}",2316,validation,2009-06-02,2016-12-30,0.1,10.0,1890
multinomial_logistic_gam,0.1728134509862902,0.9520231213872833,0.08721965872201687,2,2,2,4,0.05,21,STATE_LAG_0|SPXT_LAG_0|DBLCIX_LAG_0|IBOXIG_LAG_0|JPEICORE_LAG_0|LT11TRUU_LAG_0|LBUTTRUU_LAG_0|SPXT_LAG_1|DBLCIX_LAG_1|IBOXIG_LAG_1|JPEICORE_LAG_1|LT11TRUU_LAG_1|LBUTTRUU_LAG_1|SPXT_LAG_2|DBLCIX_LAG_2|IBOXIG_LAG_2|JPEICORE_LAG_2|LT11TRUU_LAG_2|LBUTTRUU_LAG_2|DURATION_STATE_0|DURATION_STATE_1,0.02,True,"{""DBLCIX_LAG_0"": 0.02, ""DBLCIX_LAG_1"": 0.02, ""DBLCIX_LAG_2"": 0.02, ""DURATION_STATE_0"": 0.02, ""DURATION_STATE_1"": 0.02, ""IBOXIG_LAG_0"": 0.02, ""IBOXIG_LAG_1"": 0.02, ""IBOXIG_LAG_2"": 0.02, ""JPEICORE_LAG_0"": 0.02, ""JPEICORE_LAG_1"": 0.02, ""JPEICORE_LAG_2"": 0.02, ""LBUTTRUU_LAG_0"": 0.02, ""LBUTTRUU_LAG_1"": 0.02, ""LBUTTRUU_LAG_2"": 0.02, ""LT11TRUU_LAG_0"": 0.02, ""LT11TRUU_LAG_1"": 0.02, ""LT11TRUU_LAG_2"": 0.02, ""SPXT_LAG_0"": 0.02, ""SPXT_LAG_1"": 0.02, ""SPXT_LAG_2"": 0.02, ""STATE_LAG_0"": 0.02, ""STATE_LAG_1"": 0.42857142857142855, ""STATE_LAG_2"": 0.6}",regularized_bootstrap,1.0,49,"{""DBLCIX_LAG_0"": 41.81039392880621, ""DBLCIX_LAG_1"": 42.73454401726781, ""DBLCIX_LAG_2"": 41.999164767364505, ""DURATION_STATE_0"": 858.5121506439631, ""DURATION_STATE_1"": 857.1496573878414, ""IBOXIG_LAG_0"": 28.192118828185585, ""IBOXIG_LAG_1"": 24.705631964458462, ""IBOXIG_LAG_2"": 25.339453031969924, ""JPEICORE_LAG_0"": 15.653246281577367, ""JPEICORE_LAG_1"": 14.746443334182686, ""JPEICORE_LAG_2"": 15.313701090846735, ""LBUTTRUU_LAG_0"": 24.883594136038028, ""LBUTTRUU_LAG_1"": 20.547698742425155, ""LBUTTRUU_LAG_2"": 17.76852270239192, ""LT11TRUU_LAG_0"": 79.43469285563663, ""LT11TRUU_LAG_1"": 70.78468184753365, ""LT11TRUU_LAG_2"": 61.541891844427255, ""SPXT_LAG_0"": 105.63590501824592, ""SPXT_LAG_1"": 100.37626564107018, ""SPXT_LAG_2"": 92.71551990533499, ""STATE_LAG_0"": 888.0851344943634, ""STATE_LAG_1"": -1.7556885723024607e-08, ""STATE_LAG_2"": -1.7556885723024607e-08}","{""DBLCIX_LAG_0"": 49, ""DBLCIX_LAG_1"": 49, ""DBLCIX_LAG_2"": 49, ""DURATION_STATE_0"": 49, ""DURATION_STATE_1"": 49, ""IBOXIG_LAG_0"": 49, ""IBOXIG_LAG_1"": 49, ""IBOXIG_LAG_2"": 49, ""JPEICORE_LAG_0"": 49, ""JPEICORE_LAG_1"": 49, ""JPEICORE_LAG_2"": 49, ""LBUTTRUU_LAG_0"": 49, ""LBUTTRUU_LAG_1"": 49, ""LBUTTRUU_LAG_2"": 49, ""LT11TRUU_LAG_0"": 49, ""LT11TRUU_LAG_1"": 49, ""LT11TRUU_LAG_2"": 49, ""SPXT_LAG_0"": 49, ""SPXT_LAG_1"": 49, ""SPXT_LAG_2"": 49, ""STATE_LAG_0"": 49, ""STATE_LAG_1"": 6, ""STATE_LAG_2"": 4}",2316,prediction,2017-01-03,2023-12-05,0.1,10.0,1730
multinomial_logistic_gam,0.17753122940665936,0.9507936507936507,0.08856973975148047,2,2,2,4,0.05,21,STATE_LAG_0|SPXT_LAG_0|DBLCIX_LAG_0|IBOXIG_LAG_0|JPEICORE_LAG_0|LT11TRUU_LAG_0|LBUTTRUU_LAG_0|SPXT_LAG_1|DBLCIX_LAG_1|IBOXIG_LAG_1|JPEICORE_LAG_1|LT11TRUU_LAG_1|LBUTTRUU_LAG_1|SPXT_LAG_2|DBLCIX_LAG_2|IBOXIG_LAG_2|JPEICORE_LAG_2|LT11TRUU_LAG_2|LBUTTRUU_LAG_2|DURATION_STATE_0|DURATION_STATE_1,0.02,True,"{""DBLCIX_LAG_0"": 0.02, ""DBLCIX_LAG_1"": 0.02, ""DBLCIX_LAG_2"": 0.02, ""DURATION_STATE_0"": 0.02, ""DURATION_STATE_1"": 0.02, ""IBOXIG_LAG_0"": 0.02, ""IBOXIG_LAG_1"": 0.02, ""IBOXIG_LAG_2"": 0.02, ""JPEICORE_LAG_0"": 0.02, ""JPEICORE_LAG_1"": 0.02, ""JPEICORE_LAG_2"": 0.02, ""LBUTTRUU_LAG_0"": 0.02, ""LBUTTRUU_LAG_1"": 0.02, ""LBUTTRUU_LAG_2"": 0.02, ""LT11TRUU_LAG_0"": 0.02, ""LT11TRUU_LAG_1"": 0.02, ""LT11TRUU_LAG_2"": 0.02, ""SPXT_LAG_0"": 0.02, ""SPXT_LAG_1"": 0.02, ""SPXT_LAG_2"": 0.02, ""STATE_LAG_0"": 0.02, ""STATE_LAG_1"": 0.42857142857142855, ""STATE_LAG_2"": 0.6}",regularized_bootstrap,1.0,49,"{""DBLCIX_LAG_0"": 41.81039392880621, ""DBLCIX_LAG_1"": 42.73454401726781, ""DBLCIX_LAG_2"": 41.999164767364505, ""DURATION_STATE_0"": 858.5121506439631, ""DURATION_STATE_1"": 857.1496573878414, ""IBOXIG_LAG_0"": 28.192118828185585, ""IBOXIG_LAG_1"": 24.705631964458462, ""IBOXIG_LAG_2"": 25.339453031969924, ""JPEICORE_LAG_0"": 15.653246281577367, ""JPEICORE_LAG_1"": 14.746443334182686, ""JPEICORE_LAG_2"": 15.313701090846735, ""LBUTTRUU_LAG_0"": 24.883594136038028, ""LBUTTRUU_LAG_1"": 20.547698742425155, ""LBUTTRUU_LAG_2"": 17.76852270239192, ""LT11TRUU_LAG_0"": 79.43469285563663, ""LT11TRUU_LAG_1"": 70.78468184753365, ""LT11TRUU_LAG_2"": 61.541891844427255, ""SPXT_LAG_0"": 105.63590501824592, ""SPXT_LAG_1"": 100.37626564107018, ""SPXT_LAG_2"": 92.71551990533499, ""STATE_LAG_0"": 888.0851344943634, ""STATE_LAG_1"": -1.7556885723024607e-08, ""STATE_LAG_2"": -1.7556885723024607e-08}","{""DBLCIX_LAG_0"": 49, ""DBLCIX_LAG_1"": 49, ""DBLCIX_LAG_2"": 49, ""DURATION_STATE_0"": 49, ""DURATION_STATE_1"": 49, ""IBOXIG_LAG_0"": 49, ""IBOXIG_LAG_1"": 49, ""IBOXIG_LAG_2"": 49, ""JPEICORE_LAG_0"": 49, ""JPEICORE_LAG_1"": 49, ""JPEICORE_LAG_2"": 49, ""LBUTTRUU_LAG_0"": 49, ""LBUTTRUU_LAG_1"": 49, ""LBUTTRUU_LAG_2"": 49, ""LT11TRUU_LAG_0"": 49, ""LT11TRUU_LAG_1"": 49, ""LT11TRUU_LAG_2"": 49, ""SPXT_LAG_0"": 49, ""SPXT_LAG_1"": 49, ""SPXT_LAG_2"": 49, ""STATE_LAG_0"": 49, ""STATE_LAG_1"": 6, ""STATE_LAG_2"": 4}",2316,validation,2009-06-02,2016-12-30,1.0,1.0,1890
multinomial_logistic_gam,0.18094461466507242,0.9531791907514451,0.08890858023329323,2,2,2,4,0.05,21,STATE_LAG_0|SPXT_LAG_0|DBLCIX_LAG_0|IBOXIG_LAG_0|JPEICORE_LAG_0|LT11TRUU_LAG_0|LBUTTRUU_LAG_0|SPXT_LAG_1|DBLCIX_LAG_1|IBOXIG_LAG_1|JPEICORE_LAG_1|LT11TRUU_LAG_1|LBUTTRUU_LAG_1|SPXT_LAG_2|DBLCIX_LAG_2|IBOXIG_LAG_2|JPEICORE_LAG_2|LT11TRUU_LAG_2|LBUTTRUU_LAG_2|DURATION_STATE_0|DURATION_STATE_1,0.02,True,"{""DBLCIX_LAG_0"": 0.02, ""DBLCIX_LAG_1"": 0.02, ""DBLCIX_LAG_2"": 0.02, ""DURATION_STATE_0"": 0.02, ""DURATION_STATE_1"": 0.02, ""IBOXIG_LAG_0"": 0.02, ""IBOXIG_LAG_1"": 0.02, ""IBOXIG_LAG_2"": 0.02, ""JPEICORE_LAG_0"": 0.02, ""JPEICORE_LAG_1"": 0.02, ""JPEICORE_LAG_2"": 0.02, ""LBUTTRUU_LAG_0"": 0.02, ""LBUTTRUU_LAG_1"": 0.02, ""LBUTTRUU_LAG_2"": 0.02, ""LT11TRUU_LAG_0"": 0.02, ""LT11TRUU_LAG_1"": 0.02, ""LT11TRUU_LAG_2"": 0.02, ""SPXT_LAG_0"": 0.02, ""SPXT_LAG_1"": 0.02, ""SPXT_LAG_2"": 0.02, ""STATE_LAG_0"": 0.02, ""STATE_LAG_1"": 0.42857142857142855, ""STATE_LAG_2"": 0.6}",regularized_bootstrap,1.0,49,"{""DBLCIX_LAG_0"": 41.81039392880621, ""DBLCIX_LAG_1"": 42.73454401726781, ""DBLCIX_LAG_2"": 41.999164767364505, ""DURATION_STATE_0"": 858.5121506439631, ""DURATION_STATE_1"": 857.1496573878414, ""IBOXIG_LAG_0"": 28.192118828185585, ""IBOXIG_LAG_1"": 24.705631964458462, ""IBOXIG_LAG_2"": 25.339453031969924, ""JPEICORE_LAG_0"": 15.653246281577367, ""JPEICORE_LAG_1"": 14.746443334182686, ""JPEICORE_LAG_2"": 15.313701090846735, ""LBUTTRUU_LAG_0"": 24.883594136038028, ""LBUTTRUU_LAG_1"": 20.547698742425155, ""LBUTTRUU_LAG_2"": 17.76852270239192, ""LT11TRUU_LAG_0"": 79.43469285563663, ""LT11TRUU_LAG_1"": 70.78468184753365, ""LT11TRUU_LAG_2"": 61.541891844427255, ""SPXT_LAG_0"": 105.63590501824592, ""SPXT_LAG_1"": 100.37626564107018, ""SPXT_LAG_2"": 92.71551990533499, ""STATE_LAG_0"": 888.0851344943634, ""STATE_LAG_1"": -1.7556885723024607e-08, ""STATE_LAG_2"": -1.7556885723024607e-08}","{""DBLCIX_LAG_0"": 49, ""DBLCIX_LAG_1"": 49, ""DBLCIX_LAG_2"": 49, ""DURATION_STATE_0"": 49, ""DURATION_STATE_1"": 49, ""IBOXIG_LAG_0"": 49, ""IBOXIG_LAG_1"": 49, ""IBOXIG_LAG_2"": 49, ""JPEICORE_LAG_0"": 49, ""JPEICORE_LAG_1"": 49, ""JPEICORE_LAG_2"": 49, ""LBUTTRUU_LAG_0"": 49, ""LBUTTRUU_LAG_1"": 49, ""LBUTTRUU_LAG_2"": 49, ""LT11TRUU_LAG_0"": 49, ""LT11TRUU_LAG_1"": 49, ""LT11TRUU_LAG_2"": 49, ""SPXT_LAG_0"": 49, ""SPXT_LAG_1"": 49, ""SPXT_LAG_2"": 49, ""STATE_LAG_0"": 49, ""STATE_LAG_1"": 6, ""STATE_LAG_2"": 4}",2316,prediction,2017-01-03,2023-12-05,1.0,1.0,1730
multinomial_logistic_gam,0.1965382174249095,0.9513227513227513,0.09222809460457186,2,2,2,4,0.05,21,STATE_LAG_0|SPXT_LAG_0|DBLCIX_LAG_0|IBOXIG_LAG_0|JPEICORE_LAG_0|LT11TRUU_LAG_0|LBUTTRUU_LAG_0|SPXT_LAG_1|DBLCIX_LAG_1|IBOXIG_LAG_1|JPEICORE_LAG_1|LT11TRUU_LAG_1|LBUTTRUU_LAG_1|SPXT_LAG_2|DBLCIX_LAG_2|IBOXIG_LAG_2|JPEICORE_LAG_2|LT11TRUU_LAG_2|LBUTTRUU_LAG_2|DURATION_STATE_0|DURATION_STATE_1,0.02,True,"{""DBLCIX_LAG_0"": 0.02, ""DBLCIX_LAG_1"": 0.02, ""DBLCIX_LAG_2"": 0.02, ""DURATION_STATE_0"": 0.02, ""DURATION_STATE_1"": 0.02, ""IBOXIG_LAG_0"": 0.02, ""IBOXIG_LAG_1"": 0.02, ""IBOXIG_LAG_2"": 0.02, ""JPEICORE_LAG_0"": 0.02, ""JPEICORE_LAG_1"": 0.02, ""JPEICORE_LAG_2"": 0.02, ""LBUTTRUU_LAG_0"": 0.02, ""LBUTTRUU_LAG_1"": 0.02, ""LBUTTRUU_LAG_2"": 0.02, ""LT11TRUU_LAG_0"": 0.02, ""LT11TRUU_LAG_1"": 0.02, ""LT11TRUU_LAG_2"": 0.02, ""SPXT_LAG_0"": 0.02, ""SPXT_LAG_1"": 0.02, ""SPXT_LAG_2"": 0.02, ""STATE_LAG_0"": 0.02, ""STATE_LAG_1"": 0.42857142857142855, ""STATE_LAG_2"": 0.6}",regularized_bootstrap,1.0,49,"{""DBLCIX_LAG_0"": 41.81039392880621, ""DBLCIX_LAG_1"": 42.73454401726781, ""DBLCIX_LAG_2"": 41.999164767364505, ""DURATION_STATE_0"": 858.5121506439631, ""DURATION_STATE_1"": 857.1496573878414, ""IBOXIG_LAG_0"": 28.192118828185585, ""IBOXIG_LAG_1"": 24.705631964458462, ""IBOXIG_LAG_2"": 25.339453031969924, ""JPEICORE_LAG_0"": 15.653246281577367, ""JPEICORE_LAG_1"": 14.746443334182686, ""JPEICORE_LAG_2"": 15.313701090846735, ""LBUTTRUU_LAG_0"": 24.883594136038028, ""LBUTTRUU_LAG_1"": 20.547698742425155, ""LBUTTRUU_LAG_2"": 17.76852270239192, ""LT11TRUU_LAG_0"": 79.43469285563663, ""LT11TRUU_LAG_1"": 70.78468184753365, ""LT11TRUU_LAG_2"": 61.541891844427255, ""SPXT_LAG_0"": 105.63590501824592, ""SPXT_LAG_1"": 100.37626564107018, ""SPXT_LAG_2"": 92.71551990533499, ""STATE_LAG_0"": 888.0851344943634, ""STATE_LAG_1"": -1.7556885723024607e-08, ""STATE_LAG_2"": -1.7556885723024607e-08}","{""DBLCIX_LAG_0"": 49, ""DBLCIX_LAG_1"": 49, ""DBLCIX_LAG_2"": 49, ""DURATION_STATE_0"": 49, ""DURATION_STATE_1"": 49, ""IBOXIG_LAG_0"": 49, ""IBOXIG_LAG_1"": 49, ""IBOXIG_LAG_2"": 49, ""JPEICORE_LAG_0"": 49, ""JPEICORE_LAG_1"": 49, ""JPEICORE_LAG_2"": 49, ""LBUTTRUU_LAG_0"": 49, ""LBUTTRUU_LAG_1"": 49, ""LBUTTRUU_LAG_2"": 49, ""LT11TRUU_LAG_0"": 49, ""LT11TRUU_LAG_1"": 49, ""LT11TRUU_LAG_2"": 49, ""SPXT_LAG_0"": 49, ""SPXT_LAG_1"": 49, ""SPXT_LAG_2"": 49, ""STATE_LAG_0"": 49, ""STATE_LAG_1"": 6, ""STATE_LAG_2"": 4}",2316,validation,2009-06-02,2016-12-30,10.0,0.1,1890
multinomial_logistic_gam,0.2090148674328491,0.9479768786127167,0.09840734489623944,2,2,2,4,0.05,21,STATE_LAG_0|SPXT_LAG_0|DBLCIX_LAG_0|IBOXIG_LAG_0|JPEICORE_LAG_0|LT11TRUU_LAG_0|LBUTTRUU_LAG_0|SPXT_LAG_1|DBLCIX_LAG_1|IBOXIG_LAG_1|JPEICORE_LAG_1|LT11TRUU_LAG_1|LBUTTRUU_LAG_1|SPXT_LAG_2|DBLCIX_LAG_2|IBOXIG_LAG_2|JPEICORE_LAG_2|LT11TRUU_LAG_2|LBUTTRUU_LAG_2|DURATION_STATE_0|DURATION_STATE_1,0.02,True,"{""DBLCIX_LAG_0"": 0.02, ""DBLCIX_LAG_1"": 0.02, ""DBLCIX_LAG_2"": 0.02, ""DURATION_STATE_0"": 0.02, ""DURATION_STATE_1"": 0.02, ""IBOXIG_LAG_0"": 0.02, ""IBOXIG_LAG_1"": 0.02, ""IBOXIG_LAG_2"": 0.02, ""JPEICORE_LAG_0"": 0.02, ""JPEICORE_LAG_1"": 0.02, ""JPEICORE_LAG_2"": 0.02, ""LBUTTRUU_LAG_0"": 0.02, ""LBUTTRUU_LAG_1"": 0.02, ""LBUTTRUU_LAG_2"": 0.02, ""LT11TRUU_LAG_0"": 0.02, ""LT11TRUU_LAG_1"": 0.02, ""LT11TRUU_LAG_2"": 0.02, ""SPXT_LAG_0"": 0.02, ""SPXT_LAG_1"": 0.02, ""SPXT_LAG_2"": 0.02, ""STATE_LAG_0"": 0.02, ""STATE_LAG_1"": 0.42857142857142855, ""STATE_LAG_2"": 0.6}",regularized_bootstrap,1.0,49,"{""DBLCIX_LAG_0"": 41.81039392880621, ""DBLCIX_LAG_1"": 42.73454401726781, ""DBLCIX_LAG_2"": 41.999164767364505, ""DURATION_STATE_0"": 858.5121506439631, ""DURATION_STATE_1"": 857.1496573878414, ""IBOXIG_LAG_0"": 28.192118828185585, ""IBOXIG_LAG_1"": 24.705631964458462, ""IBOXIG_LAG_2"": 25.339453031969924, ""JPEICORE_LAG_0"": 15.653246281577367, ""JPEICORE_LAG_1"": 14.746443334182686, ""JPEICORE_LAG_2"": 15.313701090846735, ""LBUTTRUU_LAG_0"": 24.883594136038028, ""LBUTTRUU_LAG_1"": 20.547698742425155, ""LBUTTRUU_LAG_2"": 17.76852270239192, ""LT11TRUU_LAG_0"": 79.43469285563663, ""LT11TRUU_LAG_1"": 70.78468184753365, ""LT11TRUU_LAG_2"": 61.541891844427255, ""SPXT_LAG_0"": 105.63590501824592, ""SPXT_LAG_1"": 100.37626564107018, ""SPXT_LAG_2"": 92.71551990533499, ""STATE_LAG_0"": 888.0851344943634, ""STATE_LAG_1"": -1.7556885723024607e-08, ""STATE_LAG_2"": -1.7556885723024607e-08}","{""DBLCIX_LAG_0"": 49, ""DBLCIX_LAG_1"": 49, ""DBLCIX_LAG_2"": 49, ""DURATION_STATE_0"": 49, ""DURATION_STATE_1"": 49, ""IBOXIG_LAG_0"": 49, ""IBOXIG_LAG_1"": 49, ""IBOXIG_LAG_2"": 49, ""JPEICORE_LAG_0"": 49, ""JPEICORE_LAG_1"": 49, ""JPEICORE_LAG_2"": 49, ""LBUTTRUU_LAG_0"": 49, ""LBUTTRUU_LAG_1"": 49, ""LBUTTRUU_LAG_2"": 49, ""LT11TRUU_LAG_0"": 49, ""LT11TRUU_LAG_1"": 49, ""LT11TRUU_LAG_2"": 49, ""SPXT_LAG_0"": 49, ""SPXT_LAG_1"": 49, ""SPXT_LAG_2"": 49, ""STATE_LAG_0"": 49, ""STATE_LAG_1"": 6, ""STATE_LAG_2"": 4}",2316,prediction,2017-01-03,2023-12-05,10.0,0.1,1730
multinomial_logistic_gam,0.16872661053185856,0.9507936507936507,0.08783313760081818,2,2,2,6,0.05,21,STATE_LAG_0|SPXT_LAG_0|DBLCIX_LAG_0|IBOXIG_LAG_0|JPEICORE_LAG_0|LT11TRUU_LAG_0|LBUTTRUU_LAG_0|SPXT_LAG_1|DBLCIX_LAG_1|IBOXIG_LAG_1|JPEICORE_LAG_1|LT11TRUU_LAG_1|LBUTTRUU_LAG_1|SPXT_LAG_2|DBLCIX_LAG_2|IBOXIG_LAG_2|JPEICORE_LAG_2|LT11TRUU_LAG_2|LBUTTRUU_LAG_2|DURATION_STATE_0|DURATION_STATE_1,0.02,True,"{""DBLCIX_LAG_0"": 0.02, ""DBLCIX_LAG_1"": 0.02, ""DBLCIX_LAG_2"": 0.02, ""DURATION_STATE_0"": 0.02, ""DURATION_STATE_1"": 0.02, ""IBOXIG_LAG_0"": 0.02, ""IBOXIG_LAG_1"": 0.02, ""IBOXIG_LAG_2"": 0.02, ""JPEICORE_LAG_0"": 0.02, ""JPEICORE_LAG_1"": 0.02, ""JPEICORE_LAG_2"": 0.02, ""LBUTTRUU_LAG_0"": 0.02, ""LBUTTRUU_LAG_1"": 0.02, ""LBUTTRUU_LAG_2"": 0.02, ""LT11TRUU_LAG_0"": 0.02, ""LT11TRUU_LAG_1"": 0.02, ""LT11TRUU_LAG_2"": 0.02, ""SPXT_LAG_0"": 0.02, ""SPXT_LAG_1"": 0.02, ""SPXT_LAG_2"": 0.02, ""STATE_LAG_0"": 0.02, ""STATE_LAG_1"": 0.42857142857142855, ""STATE_LAG_2"": 0.6}",regularized_bootstrap,1.0,49,"{""DBLCIX_LAG_0"": 46.79373313272629, ""DBLCIX_LAG_1"": 48.04544352943901, ""DBLCIX_LAG_2"": 47.177741400262335, ""DURATION_STATE_0"": 878.894128247989, ""DURATION_STATE_1"": 876.4635475533771, ""IBOXIG_LAG_0"": 53.58052025063671, ""IBOXIG_LAG_1"": 46.170513715367406, ""IBOXIG_LAG_2"": 40.250109352310346, ""JPEICORE_LAG_0"": 34.89737284809769, ""JPEICORE_LAG_1"": 31.869179040322024, ""JPEICORE_LAG_2"": 30.795923151905868, ""LBUTTRUU_LAG_0"": 52.64111208485099, ""LBUTTRUU_LAG_1"": 42.668848184626995, ""LBUTTRUU_LAG_2"": 36.56282547062028, ""LT11TRUU_LAG_0"": 104.42409072677731, ""LT11TRUU_LAG_1"": 92.53882057008923, ""LT11TRUU_LAG_2"": 80.29772451290592, ""SPXT_LAG_0"": 187.81338603369545, ""SPXT_LAG_1"": 175.79921677198627, ""SPXT_LAG_2"": 159.5414052723039, ""STATE_LAG_0"": 888.0851344943634, ""STATE_LAG_1"": -1.7556885723024607e-08, ""STATE_LAG_2"": -1.7556885723024607e-08}","{""DBLCIX_LAG_0"": 49, ""DBLCIX_LAG_1"": 49, ""DBLCIX_LAG_2"": 49, ""DURATION_STATE_0"": 49, ""DURATION_STATE_1"": 49, ""IBOXIG_LAG_0"": 49, ""IBOXIG_LAG_1"": 49, ""IBOXIG_LAG_2"": 49, ""JPEICORE_LAG_0"": 49, ""JPEICORE_LAG_1"": 49, ""JPEICORE_LAG_2"": 49, ""LBUTTRUU_LAG_0"": 49, ""LBUTTRUU_LAG_1"": 49, ""LBUTTRUU_LAG_2"": 49, ""LT11TRUU_LAG_0"": 49, ""LT11TRUU_LAG_1"": 49, ""LT11TRUU_LAG_2"": 49, ""SPXT_LAG_0"": 49, ""SPXT_LAG_1"": 49, ""SPXT_LAG_2"": 49, ""STATE_LAG_0"": 49, ""STATE_LAG_1"": 6, ""STATE_LAG_2"": 4}",2316,validation,2009-06-02,2016-12-30,0.01,100.0,1890
multinomial_logistic_gam,0.17240111308641792,0.9520231213872833,0.08926452724390485,2,2,2,6,0.05,21,STATE_LAG_0|SPXT_LAG_0|DBLCIX_LAG_0|IBOXIG_LAG_0|JPEICORE_LAG_0|LT11TRUU_LAG_0|LBUTTRUU_LAG_0|SPXT_LAG_1|DBLCIX_LAG_1|IBOXIG_LAG_1|JPEICORE_LAG_1|LT11TRUU_LAG_1|LBUTTRUU_LAG_1|SPXT_LAG_2|DBLCIX_LAG_2|IBOXIG_LAG_2|JPEICORE_LAG_2|LT11TRUU_LAG_2|LBUTTRUU_LAG_2|DURATION_STATE_0|DURATION_STATE_1,0.02,True,"{""DBLCIX_LAG_0"": 0.02, ""DBLCIX_LAG_1"": 0.02, ""DBLCIX_LAG_2"": 0.02, ""DURATION_STATE_0"": 0.02, ""DURATION_STATE_1"": 0.02, ""IBOXIG_LAG_0"": 0.02, ""IBOXIG_LAG_1"": 0.02, ""IBOXIG_LAG_2"": 0.02, ""JPEICORE_LAG_0"": 0.02, ""JPEICORE_LAG_1"": 0.02, ""JPEICORE_LAG_2"": 0.02, ""LBUTTRUU_LAG_0"": 0.02, ""LBUTTRUU_LAG_1"": 0.02, ""LBUTTRUU_LAG_2"": 0.02, ""LT11TRUU_LAG_0"": 0.02, ""LT11TRUU_LAG_1"": 0.02, ""LT11TRUU_LAG_2"": 0.02, ""SPXT_LAG_0"": 0.02, ""SPXT_LAG_1"": 0.02, ""SPXT_LAG_2"": 0.02, ""STATE_LAG_0"": 0.02, ""STATE_LAG_1"": 0.42857142857142855, ""STATE_LAG_2"": 0.6}",regularized_bootstrap,1.0,49,"{""DBLCIX_LAG_0"": 46.79373313272629, ""DBLCIX_LAG_1"": 48.04544352943901, ""DBLCIX_LAG_2"": 47.177741400262335, ""DURATION_STATE_0"": 878.894128247989, ""DURATION_STATE_1"": 876.4635475533771, ""IBOXIG_LAG_0"": 53.58052025063671, ""IBOXIG_LAG_1"": 46.170513715367406, ""IBOXIG_LAG_2"": 40.250109352310346, ""JPEICORE_LAG_0"": 34.89737284809769, ""JPEICORE_LAG_1"": 31.869179040322024, ""JPEICORE_LAG_2"": 30.795923151905868, ""LBUTTRUU_LAG_0"": 52.64111208485099, ""LBUTTRUU_LAG_1"": 42.668848184626995, ""LBUTTRUU_LAG_2"": 36.56282547062028, ""LT11TRUU_LAG_0"": 104.42409072677731, ""LT11TRUU_LAG_1"": 92.53882057008923, ""LT11TRUU_LAG_2"": 80.29772451290592, ""SPXT_LAG_0"": 187.81338603369545, ""SPXT_LAG_1"": 175.79921677198627, ""SPXT_LAG_2"": 159.5414052723039, ""STATE_LAG_0"": 888.0851344943634, ""STATE_LAG_1"": -1.7556885723024607e-08, ""STATE_LAG_2"": -1.7556885723024607e-08}","{""DBLCIX_LAG_0"": 49, ""DBLCIX_LAG_1"": 49, ""DBLCIX_LAG_2"": 49, ""DURATION_STATE_0"": 49, ""DURATION_STATE_1"": 49, ""IBOXIG_LAG_0"": 49, ""IBOXIG_LAG_1"": 49, ""IBOXIG_LAG_2"": 49, ""JPEICORE_LAG_0"": 49, ""JPEICORE_LAG_1"": 49, ""JPEICORE_LAG_2"": 49, ""LBUTTRUU_LAG_0"": 49, ""LBUTTRUU_LAG_1"": 49, ""LBUTTRUU_LAG_2"": 49, ""LT11TRUU_LAG_0"": 49, ""LT11TRUU_LAG_1"": 49, ""LT11TRUU_LAG_2"": 49, ""SPXT_LAG_0"": 49, ""SPXT_LAG_1"": 49, ""SPXT_LAG_2"": 49, ""STATE_LAG_0"": 49, ""STATE_LAG_1"": 6, ""STATE_LAG_2"": 4}",2316,prediction,2017-01-03,2023-12-05,0.01,100.0,1730
multinomial_logistic_gam,0.1706567263093065,0.9507936507936507,0.08707222743952063,2,2,2,6,0.05,21,STATE_LAG_0|SPXT_LAG_0|DBLCIX_LAG_0|IBOXIG_LAG_0|JPEICORE_LAG_0|LT11TRUU_LAG_0|LBUTTRUU_LAG_0|SPXT_LAG_1|DBLCIX_LAG_1|IBOXIG_LAG_1|JPEICORE_LAG_1|LT11TRUU_LAG_1|LBUTTRUU_LAG_1|SPXT_LAG_2|DBLCIX_LAG_2|IBOXIG_LAG_2|JPEICORE_LAG_2|LT11TRUU_LAG_2|LBUTTRUU_LAG_2|DURATION_STATE_0|DURATION_STATE_1,0.02,True,"{""DBLCIX_LAG_0"": 0.02, ""DBLCIX_LAG_1"": 0.02, ""DBLCIX_LAG_2"": 0.02, ""DURATION_STATE_0"": 0.02, ""DURATION_STATE_1"": 0.02, ""IBOXIG_LAG_0"": 0.02, ""IBOXIG_LAG_1"": 0.02, ""IBOXIG_LAG_2"": 0.02, ""JPEICORE_LAG_0"": 0.02, ""JPEICORE_LAG_1"": 0.02, ""JPEICORE_LAG_2"": 0.02, ""LBUTTRUU_LAG_0"": 0.02, ""LBUTTRUU_LAG_1"": 0.02, ""LBUTTRUU_LAG_2"": 0.02, ""LT11TRUU_LAG_0"": 0.02, ""LT11TRUU_LAG_1"": 0.02, ""LT11TRUU_LAG_2"": 0.02, ""SPXT_LAG_0"": 0.02, ""SPXT_LAG_1"": 0.02, ""SPXT_LAG_2"": 0.02, ""STATE_LAG_0"": 0.02, ""STATE_LAG_1"": 0.42857142857142855, ""STATE_LAG_2"": 0.6}",regularized_bootstrap,1.0,49,"{""DBLCIX_LAG_0"": 46.79373313272629, ""DBLCIX_LAG_1"": 48.04544352943901, ""DBLCIX_LAG_2"": 47.177741400262335, ""DURATION_STATE_0"": 878.894128247989, ""DURATION_STATE_1"": 876.4635475533771, ""IBOXIG_LAG_0"": 53.58052025063671, ""IBOXIG_LAG_1"": 46.170513715367406, ""IBOXIG_LAG_2"": 40.250109352310346, ""JPEICORE_LAG_0"": 34.89737284809769, ""JPEICORE_LAG_1"": 31.869179040322024, ""JPEICORE_LAG_2"": 30.795923151905868, ""LBUTTRUU_LAG_0"": 52.64111208485099, ""LBUTTRUU_LAG_1"": 42.668848184626995, ""LBUTTRUU_LAG_2"": 36.56282547062028, ""LT11TRUU_LAG_0"": 104.42409072677731, ""LT11TRUU_LAG_1"": 92.53882057008923, ""LT11TRUU_LAG_2"": 80.29772451290592, ""SPXT_LAG_0"": 187.81338603369545, ""SPXT_LAG_1"": 175.79921677198627, ""SPXT_LAG_2"": 159.5414052723039, ""STATE_LAG_0"": 888.0851344943634, ""STATE_LAG_1"": -1.7556885723024607e-08, ""STATE_LAG_2"": -1.7556885723024607e-08}","{""DBLCIX_LAG_0"": 49, ""DBLCIX_LAG_1"": 49, ""DBLCIX_LAG_2"": 49, ""DURATION_STATE_0"": 49, ""DURATION_STATE_1"": 49, ""IBOXIG_LAG_0"": 49, ""IBOXIG_LAG_1"": 49, ""IBOXIG_LAG_2"": 49, ""JPEICORE_LAG_0"": 49, ""JPEICORE_LAG_1"": 49, ""JPEICORE_LAG_2"": 49, ""LBUTTRUU_LAG_0"": 49, ""LBUTTRUU_LAG_1"": 49, ""LBUTTRUU_LAG_2"": 49, ""LT11TRUU_LAG_0"": 49, ""LT11TRUU_LAG_1"": 49, ""LT11TRUU_LAG_2"": 49, ""SPXT_LAG_0"": 49, ""SPXT_LAG_1"": 49, ""SPXT_LAG_2"": 49, ""STATE_LAG_0"": 49, ""STATE_LAG_1"": 6, ""STATE_LAG_2"": 4}",2316,validation,2009-06-02,2016-12-30,0.1,10.0,1890
multinomial_logistic_gam,0.1730086824191348,0.9520231213872833,0.0872895087195639,2,2,2,6,0.05,21,STATE_LAG_0|SPXT_LAG_0|DBLCIX_LAG_0|IBOXIG_LAG_0|JPEICORE_LAG_0|LT11TRUU_LAG_0|LBUTTRUU_LAG_0|SPXT_LAG_1|DBLCIX_LAG_1|IBOXIG_LAG_1|JPEICORE_LAG_1|LT11TRUU_LAG_1|LBUTTRUU_LAG_1|SPXT_LAG_2|DBLCIX_LAG_2|IBOXIG_LAG_2|JPEICORE_LAG_2|LT11TRUU_LAG_2|LBUTTRUU_LAG_2|DURATION_STATE_0|DURATION_STATE_1,0.02,True,"{""DBLCIX_LAG_0"": 0.02, ""DBLCIX_LAG_1"": 0.02, ""DBLCIX_LAG_2"": 0.02, ""DURATION_STATE_0"": 0.02, ""DURATION_STATE_1"": 0.02, ""IBOXIG_LAG_0"": 0.02, ""IBOXIG_LAG_1"": 0.02, ""IBOXIG_LAG_2"": 0.02, ""JPEICORE_LAG_0"": 0.02, ""JPEICORE_LAG_1"": 0.02, ""JPEICORE_LAG_2"": 0.02, ""LBUTTRUU_LAG_0"": 0.02, ""LBUTTRUU_LAG_1"": 0.02, ""LBUTTRUU_LAG_2"": 0.02, ""LT11TRUU_LAG_0"": 0.02, ""LT11TRUU_LAG_1"": 0.02, ""LT11TRUU_LAG_2"": 0.02, ""SPXT_LAG_0"": 0.02, ""SPXT_LAG_1"": 0.02, ""SPXT_LAG_2"": 0.02, ""STATE_LAG_0"": 0.02, ""STATE_LAG_1"": 0.42857142857142855, ""STATE_LAG_2"": 0.6}",regularized_bootstrap,1.0,49,"{""DBLCIX_LAG_0"": 46.79373313272629, ""DBLCIX_LAG_1"": 48.04544352943901, ""DBLCIX_LAG_2"": 47.177741400262335, ""DURATION_STATE_0"": 878.894128247989, ""DURATION_STATE_1"": 876.4635475533771, ""IBOXIG_LAG_0"": 53.58052025063671, ""IBOXIG_LAG_1"": 46.170513715367406, ""IBOXIG_LAG_2"": 40.250109352310346, ""JPEICORE_LAG_0"": 34.89737284809769, ""JPEICORE_LAG_1"": 31.869179040322024, ""JPEICORE_LAG_2"": 30.795923151905868, ""LBUTTRUU_LAG_0"": 52.64111208485099, ""LBUTTRUU_LAG_1"": 42.668848184626995, ""LBUTTRUU_LAG_2"": 36.56282547062028, ""LT11TRUU_LAG_0"": 104.42409072677731, ""LT11TRUU_LAG_1"": 92.53882057008923, ""LT11TRUU_LAG_2"": 80.29772451290592, ""SPXT_LAG_0"": 187.81338603369545, ""SPXT_LAG_1"": 175.79921677198627, ""SPXT_LAG_2"": 159.5414052723039, ""STATE_LAG_0"": 888.0851344943634, ""STATE_LAG_1"": -1.7556885723024607e-08, ""STATE_LAG_2"": -1.7556885723024607e-08}","{""DBLCIX_LAG_0"": 49, ""DBLCIX_LAG_1"": 49, ""DBLCIX_LAG_2"": 49, ""DURATION_STATE_0"": 49, ""DURATION_STATE_1"": 49, ""IBOXIG_LAG_0"": 49, ""IBOXIG_LAG_1"": 49, ""IBOXIG_LAG_2"": 49, ""JPEICORE_LAG_0"": 49, ""JPEICORE_LAG_1"": 49, ""JPEICORE_LAG_2"": 49, ""LBUTTRUU_LAG_0"": 49, ""LBUTTRUU_LAG_1"": 49, ""LBUTTRUU_LAG_2"": 49, ""LT11TRUU_LAG_0"": 49, ""LT11TRUU_LAG_1"": 49, ""LT11TRUU_LAG_2"": 49, ""SPXT_LAG_0"": 49, ""SPXT_LAG_1"": 49, ""SPXT_LAG_2"": 49, ""STATE_LAG_0"": 49, ""STATE_LAG_1"": 6, ""STATE_LAG_2"": 4}",2316,prediction,2017-01-03,2023-12-05,0.1,10.0,1730
multinomial_logistic_gam,0.181257309070541,0.9513227513227513,0.08951270131705626,2,2,2,6,0.05,21,STATE_LAG_0|SPXT_LAG_0|DBLCIX_LAG_0|IBOXIG_LAG_0|JPEICORE_LAG_0|LT11TRUU_LAG_0|LBUTTRUU_LAG_0|SPXT_LAG_1|DBLCIX_LAG_1|IBOXIG_LAG_1|JPEICORE_LAG_1|LT11TRUU_LAG_1|LBUTTRUU_LAG_1|SPXT_LAG_2|DBLCIX_LAG_2|IBOXIG_LAG_2|JPEICORE_LAG_2|LT11TRUU_LAG_2|LBUTTRUU_LAG_2|DURATION_STATE_0|DURATION_STATE_1,0.02,True,"{""DBLCIX_LAG_0"": 0.02, ""DBLCIX_LAG_1"": 0.02, ""DBLCIX_LAG_2"": 0.02, ""DURATION_STATE_0"": 0.02, ""DURATION_STATE_1"": 0.02, ""IBOXIG_LAG_0"": 0.02, ""IBOXIG_LAG_1"": 0.02, ""IBOXIG_LAG_2"": 0.02, ""JPEICORE_LAG_0"": 0.02, ""JPEICORE_LAG_1"": 0.02, ""JPEICORE_LAG_2"": 0.02, ""LBUTTRUU_LAG_0"": 0.02, ""LBUTTRUU_LAG_1"": 0.02, ""LBUTTRUU_LAG_2"": 0.02, ""LT11TRUU_LAG_0"": 0.02, ""LT11TRUU_LAG_1"": 0.02, ""LT11TRUU_LAG_2"": 0.02, ""SPXT_LAG_0"": 0.02, ""SPXT_LAG_1"": 0.02, ""SPXT_LAG_2"": 0.02, ""STATE_LAG_0"": 0.02, ""STATE_LAG_1"": 0.42857142857142855, ""STATE_LAG_2"": 0.6}",regularized_bootstrap,1.0,49,"{""DBLCIX_LAG_0"": 46.79373313272629, ""DBLCIX_LAG_1"": 48.04544352943901, ""DBLCIX_LAG_2"": 47.177741400262335, ""DURATION_STATE_0"": 878.894128247989, ""DURATION_STATE_1"": 876.4635475533771, ""IBOXIG_LAG_0"": 53.58052025063671, ""IBOXIG_LAG_1"": 46.170513715367406, ""IBOXIG_LAG_2"": 40.250109352310346, ""JPEICORE_LAG_0"": 34.89737284809769, ""JPEICORE_LAG_1"": 31.869179040322024, ""JPEICORE_LAG_2"": 30.795923151905868, ""LBUTTRUU_LAG_0"": 52.64111208485099, ""LBUTTRUU_LAG_1"": 42.668848184626995, ""LBUTTRUU_LAG_2"": 36.56282547062028, ""LT11TRUU_LAG_0"": 104.42409072677731, ""LT11TRUU_LAG_1"": 92.53882057008923, ""LT11TRUU_LAG_2"": 80.29772451290592, ""SPXT_LAG_0"": 187.81338603369545, ""SPXT_LAG_1"": 175.79921677198627, ""SPXT_LAG_2"": 159.5414052723039, ""STATE_LAG_0"": 888.0851344943634, ""STATE_LAG_1"": -1.7556885723024607e-08, ""STATE_LAG_2"": -1.7556885723024607e-08}","{""DBLCIX_LAG_0"": 49, ""DBLCIX_LAG_1"": 49, ""DBLCIX_LAG_2"": 49, ""DURATION_STATE_0"": 49, ""DURATION_STATE_1"": 49, ""IBOXIG_LAG_0"": 49, ""IBOXIG_LAG_1"": 49, ""IBOXIG_LAG_2"": 49, ""JPEICORE_LAG_0"": 49, ""JPEICORE_LAG_1"": 49, ""JPEICORE_LAG_2"": 49, ""LBUTTRUU_LAG_0"": 49, ""LBUTTRUU_LAG_1"": 49, ""LBUTTRUU_LAG_2"": 49, ""LT11TRUU_LAG_0"": 49, ""LT11TRUU_LAG_1"": 49, ""LT11TRUU_LAG_2"": 49, ""SPXT_LAG_0"": 49, ""SPXT_LAG_1"": 49, ""SPXT_LAG_2"": 49, ""STATE_LAG_0"": 49, ""STATE_LAG_1"": 6, ""STATE_LAG_2"": 4}",2316,validation,2009-06-02,2016-12-30,1.0,1.0,1890
multinomial_logistic_gam,0.1873441463642949,0.9514450867052023,0.09126917201483917,2,2,2,6,0.05,21,STATE_LAG_0|SPXT_LAG_0|DBLCIX_LAG_0|IBOXIG_LAG_0|JPEICORE_LAG_0|LT11TRUU_LAG_0|LBUTTRUU_LAG_0|SPXT_LAG_1|DBLCIX_LAG_1|IBOXIG_LAG_1|JPEICORE_LAG_1|LT11TRUU_LAG_1|LBUTTRUU_LAG_1|SPXT_LAG_2|DBLCIX_LAG_2|IBOXIG_LAG_2|JPEICORE_LAG_2|LT11TRUU_LAG_2|LBUTTRUU_LAG_2|DURATION_STATE_0|DURATION_STATE_1,0.02,True,"{""DBLCIX_LAG_0"": 0.02, ""DBLCIX_LAG_1"": 0.02, ""DBLCIX_LAG_2"": 0.02, ""DURATION_STATE_0"": 0.02, ""DURATION_STATE_1"": 0.02, ""IBOXIG_LAG_0"": 0.02, ""IBOXIG_LAG_1"": 0.02, ""IBOXIG_LAG_2"": 0.02, ""JPEICORE_LAG_0"": 0.02, ""JPEICORE_LAG_1"": 0.02, ""JPEICORE_LAG_2"": 0.02, ""LBUTTRUU_LAG_0"": 0.02, ""LBUTTRUU_LAG_1"": 0.02, ""LBUTTRUU_LAG_2"": 0.02, ""LT11TRUU_LAG_0"": 0.02, ""LT11TRUU_LAG_1"": 0.02, ""LT11TRUU_LAG_2"": 0.02, ""SPXT_LAG_0"": 0.02, ""SPXT_LAG_1"": 0.02, ""SPXT_LAG_2"": 0.02, ""STATE_LAG_0"": 0.02, ""STATE_LAG_1"": 0.42857142857142855, ""STATE_LAG_2"": 0.6}",regularized_bootstrap,1.0,49,"{""DBLCIX_LAG_0"": 46.79373313272629, ""DBLCIX_LAG_1"": 48.04544352943901, ""DBLCIX_LAG_2"": 47.177741400262335, ""DURATION_STATE_0"": 878.894128247989, ""DURATION_STATE_1"": 876.4635475533771, ""IBOXIG_LAG_0"": 53.58052025063671, ""IBOXIG_LAG_1"": 46.170513715367406, ""IBOXIG_LAG_2"": 40.250109352310346, ""JPEICORE_LAG_0"": 34.89737284809769, ""JPEICORE_LAG_1"": 31.869179040322024, ""JPEICORE_LAG_2"": 30.795923151905868, ""LBUTTRUU_LAG_0"": 52.64111208485099, ""LBUTTRUU_LAG_1"": 42.668848184626995, ""LBUTTRUU_LAG_2"": 36.56282547062028, ""LT11TRUU_LAG_0"": 104.42409072677731, ""LT11TRUU_LAG_1"": 92.53882057008923, ""LT11TRUU_LAG_2"": 80.29772451290592, ""SPXT_LAG_0"": 187.81338603369545, ""SPXT_LAG_1"": 175.79921677198627, ""SPXT_LAG_2"": 159.5414052723039, ""STATE_LAG_0"": 888.0851344943634, ""STATE_LAG_1"": -1.7556885723024607e-08, ""STATE_LAG_2"": -1.7556885723024607e-08}","{""DBLCIX_LAG_0"": 49, ""DBLCIX_LAG_1"": 49, ""DBLCIX_LAG_2"": 49, ""DURATION_STATE_0"": 49, ""DURATION_STATE_1"": 49, ""IBOXIG_LAG_0"": 49, ""IBOXIG_LAG_1"": 49, ""IBOXIG_LAG_2"": 49, ""JPEICORE_LAG_0"": 49, ""JPEICORE_LAG_1"": 49, ""JPEICORE_LAG_2"": 49, ""LBUTTRUU_LAG_0"": 49, ""LBUTTRUU_LAG_1"": 49, ""LBUTTRUU_LAG_2"": 49, ""LT11TRUU_LAG_0"": 49, ""LT11TRUU_LAG_1"": 49, ""LT11TRUU_LAG_2"": 49, ""SPXT_LAG_0"": 49, ""SPXT_LAG_1"": 49, ""SPXT_LAG_2"": 49, ""STATE_LAG_0"": 49, ""STATE_LAG_1"": 6, ""STATE_LAG_2"": 4}",2316,prediction,2017-01-03,2023-12-05,1.0,1.0,1730
multinomial_logistic_gam,0.21588439734192752,0.9507936507936507,0.0946375765376308,2,2,2,6,0.05,21,STATE_LAG_0|SPXT_LAG_0|DBLCIX_LAG_0|IBOXIG_LAG_0|JPEICORE_LAG_0|LT11TRUU_LAG_0|LBUTTRUU_LAG_0|SPXT_LAG_1|DBLCIX_LAG_1|IBOXIG_LAG_1|JPEICORE_LAG_1|LT11TRUU_LAG_1|LBUTTRUU_LAG_1|SPXT_LAG_2|DBLCIX_LAG_2|IBOXIG_LAG_2|JPEICORE_LAG_2|LT11TRUU_LAG_2|LBUTTRUU_LAG_2|DURATION_STATE_0|DURATION_STATE_1,0.02,True,"{""DBLCIX_LAG_0"": 0.02, ""DBLCIX_LAG_1"": 0.02, ""DBLCIX_LAG_2"": 0.02, ""DURATION_STATE_0"": 0.02, ""DURATION_STATE_1"": 0.02, ""IBOXIG_LAG_0"": 0.02, ""IBOXIG_LAG_1"": 0.02, ""IBOXIG_LAG_2"": 0.02, ""JPEICORE_LAG_0"": 0.02, ""JPEICORE_LAG_1"": 0.02, ""JPEICORE_LAG_2"": 0.02, ""LBUTTRUU_LAG_0"": 0.02, ""LBUTTRUU_LAG_1"": 0.02, ""LBUTTRUU_LAG_2"": 0.02, ""LT11TRUU_LAG_0"": 0.02, ""LT11TRUU_LAG_1"": 0.02, ""LT11TRUU_LAG_2"": 0.02, ""SPXT_LAG_0"": 0.02, ""SPXT_LAG_1"": 0.02, ""SPXT_LAG_2"": 0.02, ""STATE_LAG_0"": 0.02, ""STATE_LAG_1"": 0.42857142857142855, ""STATE_LAG_2"": 0.6}",regularized_bootstrap,1.0,49,"{""DBLCIX_LAG_0"": 46.79373313272629, ""DBLCIX_LAG_1"": 48.04544352943901, ""DBLCIX_LAG_2"": 47.177741400262335, ""DURATION_STATE_0"": 878.894128247989, ""DURATION_STATE_1"": 876.4635475533771, ""IBOXIG_LAG_0"": 53.58052025063671, ""IBOXIG_LAG_1"": 46.170513715367406, ""IBOXIG_LAG_2"": 40.250109352310346, ""JPEICORE_LAG_0"": 34.89737284809769, ""JPEICORE_LAG_1"": 31.869179040322024, ""JPEICORE_LAG_2"": 30.795923151905868, ""LBUTTRUU_LAG_0"": 52.64111208485099, ""LBUTTRUU_LAG_1"": 42.668848184626995, ""LBUTTRUU_LAG_2"": 36.56282547062028, ""LT11TRUU_LAG_0"": 104.42409072677731, ""LT11TRUU_LAG_1"": 92.53882057008923, ""LT11TRUU_LAG_2"": 80.29772451290592, ""SPXT_LAG_0"": 187.81338603369545, ""SPXT_LAG_1"": 175.79921677198627, ""SPXT_LAG_2"": 159.5414052723039, ""STATE_LAG_0"": 888.0851344943634, ""STATE_LAG_1"": -1.7556885723024607e-08, ""STATE_LAG_2"": -1.7556885723024607e-08}","{""DBLCIX_LAG_0"": 49, ""DBLCIX_LAG_1"": 49, ""DBLCIX_LAG_2"": 49, ""DURATION_STATE_0"": 49, ""DURATION_STATE_1"": 49, ""IBOXIG_LAG_0"": 49, ""IBOXIG_LAG_1"": 49, ""IBOXIG_LAG_2"": 49, ""JPEICORE_LAG_0"": 49, ""JPEICORE_LAG_1"": 49, ""JPEICORE_LAG_2"": 49, ""LBUTTRUU_LAG_0"": 49, ""LBUTTRUU_LAG_1"": 49, ""LBUTTRUU_LAG_2"": 49, ""LT11TRUU_LAG_0"": 49, ""LT11TRUU_LAG_1"": 49, ""LT11TRUU_LAG_2"": 49, ""SPXT_LAG_0"": 49, ""SPXT_LAG_1"": 49, ""SPXT_LAG_2"": 49, ""STATE_LAG_0"": 49, ""STATE_LAG_1"": 6, ""STATE_LAG_2"": 4}",2316,validation,2009-06-02,2016-12-30,10.0,0.1,1890
multinomial_logistic_gam,0.23337468036185877,0.9468208092485549,0.10221195043793929,2,2,2,6,0.05,21,STATE_LAG_0|SPXT_LAG_0|DBLCIX_LAG_0|IBOXIG_LAG_0|JPEICORE_LAG_0|LT11TRUU_LAG_0|LBUTTRUU_LAG_0|SPXT_LAG_1|DBLCIX_LAG_1|IBOXIG_LAG_1|JPEICORE_LAG_1|LT11TRUU_LAG_1|LBUTTRUU_LAG_1|SPXT_LAG_2|DBLCIX_LAG_2|IBOXIG_LAG_2|JPEICORE_LAG_2|LT11TRUU_LAG_2|LBUTTRUU_LAG_2|DURATION_STATE_0|DURATION_STATE_1,0.02,True,"{""DBLCIX_LAG_0"": 0.02, ""DBLCIX_LAG_1"": 0.02, ""DBLCIX_LAG_2"": 0.02, ""DURATION_STATE_0"": 0.02, ""DURATION_STATE_1"": 0.02, ""IBOXIG_LAG_0"": 0.02, ""IBOXIG_LAG_1"": 0.02, ""IBOXIG_LAG_2"": 0.02, ""JPEICORE_LAG_0"": 0.02, ""JPEICORE_LAG_1"": 0.02, ""JPEICORE_LAG_2"": 0.02, ""LBUTTRUU_LAG_0"": 0.02, ""LBUTTRUU_LAG_1"": 0.02, ""LBUTTRUU_LAG_2"": 0.02, ""LT11TRUU_LAG_0"": 0.02, ""LT11TRUU_LAG_1"": 0.02, ""LT11TRUU_LAG_2"": 0.02, ""SPXT_LAG_0"": 0.02, ""SPXT_LAG_1"": 0.02, ""SPXT_LAG_2"": 0.02, ""STATE_LAG_0"": 0.02, ""STATE_LAG_1"": 0.42857142857142855, ""STATE_LAG_2"": 0.6}",regularized_bootstrap,1.0,49,"{""DBLCIX_LAG_0"": 46.79373313272629, ""DBLCIX_LAG_1"": 48.04544352943901, ""DBLCIX_LAG_2"": 47.177741400262335, ""DURATION_STATE_0"": 878.894128247989, ""DURATION_STATE_1"": 876.4635475533771, ""IBOXIG_LAG_0"": 53.58052025063671, ""IBOXIG_LAG_1"": 46.170513715367406, ""IBOXIG_LAG_2"": 40.250109352310346, ""JPEICORE_LAG_0"": 34.89737284809769, ""JPEICORE_LAG_1"": 31.869179040322024, ""JPEICORE_LAG_2"": 30.795923151905868, ""LBUTTRUU_LAG_0"": 52.64111208485099, ""LBUTTRUU_LAG_1"": 42.668848184626995, ""LBUTTRUU_LAG_2"": 36.56282547062028, ""LT11TRUU_LAG_0"": 104.42409072677731, ""LT11TRUU_LAG_1"": 92.53882057008923, ""LT11TRUU_LAG_2"": 80.29772451290592, ""SPXT_LAG_0"": 187.81338603369545, ""SPXT_LAG_1"": 175.79921677198627, ""SPXT_LAG_2"": 159.5414052723039, ""STATE_LAG_0"": 888.0851344943634, ""STATE_LAG_1"": -1.7556885723024607e-08, ""STATE_LAG_2"": -1.7556885723024607e-08}","{""DBLCIX_LAG_0"": 49, ""DBLCIX_LAG_1"": 49, ""DBLCIX_LAG_2"": 49, ""DURATION_STATE_0"": 49, ""DURATION_STATE_1"": 49, ""IBOXIG_LAG_0"": 49, ""IBOXIG_LAG_1"": 49, ""IBOXIG_LAG_2"": 49, ""JPEICORE_LAG_0"": 49, ""JPEICORE_LAG_1"": 49, ""JPEICORE_LAG_2"": 49, ""LBUTTRUU_LAG_0"": 49, ""LBUTTRUU_LAG_1"": 49, ""LBUTTRUU_LAG_2"": 49, ""LT11TRUU_LAG_0"": 49, ""LT11TRUU_LAG_1"": 49, ""LT11TRUU_LAG_2"": 49, ""SPXT_LAG_0"": 49, ""SPXT_LAG_1"": 49, ""SPXT_LAG_2"": 49, ""STATE_LAG_0"": 49, ""STATE_LAG_1"": 6, ""STATE_LAG_2"": 4}",2316,prediction,2017-01-03,2023-12-05,10.0,0.1,1730
