MODEL,LOG_LOSS,ACCURACY,BRIER_SCORE,N_STATES,STATE_LAG,EXOG_LAG,N_KNOTS,SIGNIFICANCE_LEVEL,SELECTED_TERM_COUNT,SELECTED_TERMS,MAX_SELECTED_P_VALUE,ALL_TERMS_SIGNIFICANT,TERM_P_VALUES,INFERENCE_METHOD,BOOTSTRAP_C,BOOTSTRAP_REPLICATES,TERM_BOOTSTRAP_IMPROVEMENTS,TERM_BOOTSTRAP_VALID_REPLICATES,TRAIN_ROWS,SPLIT,SPLIT_START,SPLIT_END,REGULARIZATION_C,SMOOTHING_LAMBDA,EVAL_ROWS
multinomial_logistic_gam,0.5671371097105438,0.8084656084656084,0.31118537296271226,4,0,0,4,0.05,11,STATE_LAG_0|SPXT_LAG_0|DBLCIX_LAG_0|IBOXIG_LAG_0|JPEICORE_LAG_0|LT11TRUU_LAG_0|LBUTTRUU_LAG_0|DURATION_STATE_0|DURATION_STATE_1|DURATION_STATE_2|DURATION_STATE_3,0.02,True,"{""DBLCIX_LAG_0"": 0.02, ""DURATION_STATE_0"": 0.02, ""DURATION_STATE_1"": 0.02, ""DURATION_STATE_2"": 0.02, ""DURATION_STATE_3"": 0.02, ""IBOXIG_LAG_0"": 0.02, ""JPEICORE_LAG_0"": 0.02, ""LBUTTRUU_LAG_0"": 0.02, ""LT11TRUU_LAG_0"": 0.02, ""SPXT_LAG_0"": 0.02, ""STATE_LAG_0"": 0.02}",regularized_bootstrap,1.0,49,"{""DBLCIX_LAG_0"": 74.70288644923858, ""DURATION_STATE_0"": 1163.7321186567917, ""DURATION_STATE_1"": 446.90347146584327, ""DURATION_STATE_2"": 1062.4815885878938, ""DURATION_STATE_3"": 139.98343147815808, ""IBOXIG_LAG_0"": 41.86223325116316, ""JPEICORE_LAG_0"": 58.51353250848888, ""LBUTTRUU_LAG_0"": 40.13517820776633, ""LT11TRUU_LAG_0"": 93.13523852264188, ""SPXT_LAG_0"": 126.8013297535158, ""STATE_LAG_0"": 1648.7127126251366}","{""DBLCIX_LAG_0"": 49, ""DURATION_STATE_0"": 49, ""DURATION_STATE_1"": 49, ""DURATION_STATE_2"": 49, ""DURATION_STATE_3"": 49, ""IBOXIG_LAG_0"": 49, ""JPEICORE_LAG_0"": 49, ""LBUTTRUU_LAG_0"": 49, ""LT11TRUU_LAG_0"": 49, ""SPXT_LAG_0"": 49, ""STATE_LAG_0"": 49}",2318,validation,2009-06-02,2016-12-30,0.01,100.0,1890
multinomial_logistic_gam,0.41009167000931634,0.8763005780346821,0.20600031495841628,4,0,0,4,0.05,11,STATE_LAG_0|SPXT_LAG_0|DBLCIX_LAG_0|IBOXIG_LAG_0|JPEICORE_LAG_0|LT11TRUU_LAG_0|LBUTTRUU_LAG_0|DURATION_STATE_0|DURATION_STATE_1|DURATION_STATE_2|DURATION_STATE_3,0.02,True,"{""DBLCIX_LAG_0"": 0.02, ""DURATION_STATE_0"": 0.02, ""DURATION_STATE_1"": 0.02, ""DURATION_STATE_2"": 0.02, ""DURATION_STATE_3"": 0.02, ""IBOXIG_LAG_0"": 0.02, ""JPEICORE_LAG_0"": 0.02, ""LBUTTRUU_LAG_0"": 0.02, ""LT11TRUU_LAG_0"": 0.02, ""SPXT_LAG_0"": 0.02, ""STATE_LAG_0"": 0.02}",regularized_bootstrap,1.0,49,"{""DBLCIX_LAG_0"": 74.70288644923858, ""DURATION_STATE_0"": 1163.7321186567917, ""DURATION_STATE_1"": 446.90347146584327, ""DURATION_STATE_2"": 1062.4815885878938, ""DURATION_STATE_3"": 139.98343147815808, ""IBOXIG_LAG_0"": 41.86223325116316, ""JPEICORE_LAG_0"": 58.51353250848888, ""LBUTTRUU_LAG_0"": 40.13517820776633, ""LT11TRUU_LAG_0"": 93.13523852264188, ""SPXT_LAG_0"": 126.8013297535158, ""STATE_LAG_0"": 1648.7127126251366}","{""DBLCIX_LAG_0"": 49, ""DURATION_STATE_0"": 49, ""DURATION_STATE_1"": 49, ""DURATION_STATE_2"": 49, ""DURATION_STATE_3"": 49, ""IBOXIG_LAG_0"": 49, ""JPEICORE_LAG_0"": 49, ""LBUTTRUU_LAG_0"": 49, ""LT11TRUU_LAG_0"": 49, ""SPXT_LAG_0"": 49, ""STATE_LAG_0"": 49}",2318,prediction,2017-01-03,2023-12-05,0.01,100.0,1730
multinomial_logistic_gam,0.567088582689714,0.8174603174603174,0.31107236773003,4,0,0,4,0.05,11,STATE_LAG_0|SPXT_LAG_0|DBLCIX_LAG_0|IBOXIG_LAG_0|JPEICORE_LAG_0|LT11TRUU_LAG_0|LBUTTRUU_LAG_0|DURATION_STATE_0|DURATION_STATE_1|DURATION_STATE_2|DURATION_STATE_3,0.02,True,"{""DBLCIX_LAG_0"": 0.02, ""DURATION_STATE_0"": 0.02, ""DURATION_STATE_1"": 0.02, ""DURATION_STATE_2"": 0.02, ""DURATION_STATE_3"": 0.02, ""IBOXIG_LAG_0"": 0.02, ""JPEICORE_LAG_0"": 0.02, ""LBUTTRUU_LAG_0"": 0.02, ""LT11TRUU_LAG_0"": 0.02, ""SPXT_LAG_0"": 0.02, ""STATE_LAG_0"": 0.02}",regularized_bootstrap,1.0,49,"{""DBLCIX_LAG_0"": 74.70288644923858, ""DURATION_STATE_0"": 1163.7321186567917, ""DURATION_STATE_1"": 446.90347146584327, ""DURATION_STATE_2"": 1062.4815885878938, ""DURATION_STATE_3"": 139.98343147815808, ""IBOXIG_LAG_0"": 41.86223325116316, ""JPEICORE_LAG_0"": 58.51353250848888, ""LBUTTRUU_LAG_0"": 40.13517820776633, ""LT11TRUU_LAG_0"": 93.13523852264188, ""SPXT_LAG_0"": 126.8013297535158, ""STATE_LAG_0"": 1648.7127126251366}","{""DBLCIX_LAG_0"": 49, ""DURATION_STATE_0"": 49, ""DURATION_STATE_1"": 49, ""DURATION_STATE_2"": 49, ""DURATION_STATE_3"": 49, ""IBOXIG_LAG_0"": 49, ""JPEICORE_LAG_0"": 49, ""LBUTTRUU_LAG_0"": 49, ""LT11TRUU_LAG_0"": 49, ""SPXT_LAG_0"": 49, ""STATE_LAG_0"": 49}",2318,validation,2009-06-02,2016-12-30,0.1,10.0,1890
multinomial_logistic_gam,0.4065552294259461,0.8820809248554913,0.20438837278732602,4,0,0,4,0.05,11,STATE_LAG_0|SPXT_LAG_0|DBLCIX_LAG_0|IBOXIG_LAG_0|JPEICORE_LAG_0|LT11TRUU_LAG_0|LBUTTRUU_LAG_0|DURATION_STATE_0|DURATION_STATE_1|DURATION_STATE_2|DURATION_STATE_3,0.02,True,"{""DBLCIX_LAG_0"": 0.02, ""DURATION_STATE_0"": 0.02, ""DURATION_STATE_1"": 0.02, ""DURATION_STATE_2"": 0.02, ""DURATION_STATE_3"": 0.02, ""IBOXIG_LAG_0"": 0.02, ""JPEICORE_LAG_0"": 0.02, ""LBUTTRUU_LAG_0"": 0.02, ""LT11TRUU_LAG_0"": 0.02, ""SPXT_LAG_0"": 0.02, ""STATE_LAG_0"": 0.02}",regularized_bootstrap,1.0,49,"{""DBLCIX_LAG_0"": 74.70288644923858, ""DURATION_STATE_0"": 1163.7321186567917, ""DURATION_STATE_1"": 446.90347146584327, ""DURATION_STATE_2"": 1062.4815885878938, ""DURATION_STATE_3"": 139.98343147815808, ""IBOXIG_LAG_0"": 41.86223325116316, ""JPEICORE_LAG_0"": 58.51353250848888, ""LBUTTRUU_LAG_0"": 40.13517820776633, ""LT11TRUU_LAG_0"": 93.13523852264188, ""SPXT_LAG_0"": 126.8013297535158, ""STATE_LAG_0"": 1648.7127126251366}","{""DBLCIX_LAG_0"": 49, ""DURATION_STATE_0"": 49, ""DURATION_STATE_1"": 49, ""DURATION_STATE_2"": 49, ""DURATION_STATE_3"": 49, ""IBOXIG_LAG_0"": 49, ""JPEICORE_LAG_0"": 49, ""LBUTTRUU_LAG_0"": 49, ""LT11TRUU_LAG_0"": 49, ""SPXT_LAG_0"": 49, ""STATE_LAG_0"": 49}",2318,prediction,2017-01-03,2023-12-05,0.1,10.0,1730
multinomial_logistic_gam,0.5978639316611529,0.8201058201058201,0.3180853568899122,4,0,0,4,0.05,11,STATE_LAG_0|SPXT_LAG_0|DBLCIX_LAG_0|IBOXIG_LAG_0|JPEICORE_LAG_0|LT11TRUU_LAG_0|LBUTTRUU_LAG_0|DURATION_STATE_0|DURATION_STATE_1|DURATION_STATE_2|DURATION_STATE_3,0.02,True,"{""DBLCIX_LAG_0"": 0.02, ""DURATION_STATE_0"": 0.02, ""DURATION_STATE_1"": 0.02, ""DURATION_STATE_2"": 0.02, ""DURATION_STATE_3"": 0.02, ""IBOXIG_LAG_0"": 0.02, ""JPEICORE_LAG_0"": 0.02, ""LBUTTRUU_LAG_0"": 0.02, ""LT11TRUU_LAG_0"": 0.02, ""SPXT_LAG_0"": 0.02, ""STATE_LAG_0"": 0.02}",regularized_bootstrap,1.0,49,"{""DBLCIX_LAG_0"": 74.70288644923858, ""DURATION_STATE_0"": 1163.7321186567917, ""DURATION_STATE_1"": 446.90347146584327, ""DURATION_STATE_2"": 1062.4815885878938, ""DURATION_STATE_3"": 139.98343147815808, ""IBOXIG_LAG_0"": 41.86223325116316, ""JPEICORE_LAG_0"": 58.51353250848888, ""LBUTTRUU_LAG_0"": 40.13517820776633, ""LT11TRUU_LAG_0"": 93.13523852264188, ""SPXT_LAG_0"": 126.8013297535158, ""STATE_LAG_0"": 1648.7127126251366}","{""DBLCIX_LAG_0"": 49, ""DURATION_STATE_0"": 49, ""DURATION_STATE_1"": 49, ""DURATION_STATE_2"": 49, ""DURATION_STATE_3"": 49, ""IBOXIG_LAG_0"": 49, ""JPEICORE_LAG_0"": 49, ""LBUTTRUU_LAG_0"": 49, ""LT11TRUU_LAG_0"": 49, ""SPXT_LAG_0"": 49, ""STATE_LAG_0"": 49}",2318,validation,2009-06-02,2016-12-30,1.0,1.0,1890
multinomial_logistic_gam,0.4288621826656342,0.8820809248554913,0.21025614020012778,4,0,0,4,0.05,11,STATE_LAG_0|SPXT_LAG_0|DBLCIX_LAG_0|IBOXIG_LAG_0|JPEICORE_LAG_0|LT11TRUU_LAG_0|LBUTTRUU_LAG_0|DURATION_STATE_0|DURATION_STATE_1|DURATION_STATE_2|DURATION_STATE_3,0.02,True,"{""DBLCIX_LAG_0"": 0.02, ""DURATION_STATE_0"": 0.02, ""DURATION_STATE_1"": 0.02, ""DURATION_STATE_2"": 0.02, ""DURATION_STATE_3"": 0.02, ""IBOXIG_LAG_0"": 0.02, ""JPEICORE_LAG_0"": 0.02, ""LBUTTRUU_LAG_0"": 0.02, ""LT11TRUU_LAG_0"": 0.02, ""SPXT_LAG_0"": 0.02, ""STATE_LAG_0"": 0.02}",regularized_bootstrap,1.0,49,"{""DBLCIX_LAG_0"": 74.70288644923858, ""DURATION_STATE_0"": 1163.7321186567917, ""DURATION_STATE_1"": 446.90347146584327, ""DURATION_STATE_2"": 1062.4815885878938, ""DURATION_STATE_3"": 139.98343147815808, ""IBOXIG_LAG_0"": 41.86223325116316, ""JPEICORE_LAG_0"": 58.51353250848888, ""LBUTTRUU_LAG_0"": 40.13517820776633, ""LT11TRUU_LAG_0"": 93.13523852264188, ""SPXT_LAG_0"": 126.8013297535158, ""STATE_LAG_0"": 1648.7127126251366}","{""DBLCIX_LAG_0"": 49, ""DURATION_STATE_0"": 49, ""DURATION_STATE_1"": 49, ""DURATION_STATE_2"": 49, ""DURATION_STATE_3"": 49, ""IBOXIG_LAG_0"": 49, ""JPEICORE_LAG_0"": 49, ""LBUTTRUU_LAG_0"": 49, ""LT11TRUU_LAG_0"": 49, ""SPXT_LAG_0"": 49, ""STATE_LAG_0"": 49}",2318,prediction,2017-01-03,2023-12-05,1.0,1.0,1730
multinomial_logistic_gam,0.6536690725315004,0.8185185185185185,0.3242676438731245,4,0,0,4,0.05,11,STATE_LAG_0|SPXT_LAG_0|DBLCIX_LAG_0|IBOXIG_LAG_0|JPEICORE_LAG_0|LT11TRUU_LAG_0|LBUTTRUU_LAG_0|DURATION_STATE_0|DURATION_STATE_1|DURATION_STATE_2|DURATION_STATE_3,0.02,True,"{""DBLCIX_LAG_0"": 0.02, ""DURATION_STATE_0"": 0.02, ""DURATION_STATE_1"": 0.02, ""DURATION_STATE_2"": 0.02, ""DURATION_STATE_3"": 0.02, ""IBOXIG_LAG_0"": 0.02, ""JPEICORE_LAG_0"": 0.02, ""LBUTTRUU_LAG_0"": 0.02, ""LT11TRUU_LAG_0"": 0.02, ""SPXT_LAG_0"": 0.02, ""STATE_LAG_0"": 0.02}",regularized_bootstrap,1.0,49,"{""DBLCIX_LAG_0"": 74.70288644923858, ""DURATION_STATE_0"": 1163.7321186567917, ""DURATION_STATE_1"": 446.90347146584327, ""DURATION_STATE_2"": 1062.4815885878938, ""DURATION_STATE_3"": 139.98343147815808, ""IBOXIG_LAG_0"": 41.86223325116316, ""JPEICORE_LAG_0"": 58.51353250848888, ""LBUTTRUU_LAG_0"": 40.13517820776633, ""LT11TRUU_LAG_0"": 93.13523852264188, ""SPXT_LAG_0"": 126.8013297535158, ""STATE_LAG_0"": 1648.7127126251366}","{""DBLCIX_LAG_0"": 49, ""DURATION_STATE_0"": 49, ""DURATION_STATE_1"": 49, ""DURATION_STATE_2"": 49, ""DURATION_STATE_3"": 49, ""IBOXIG_LAG_0"": 49, ""JPEICORE_LAG_0"": 49, ""LBUTTRUU_LAG_0"": 49, ""LT11TRUU_LAG_0"": 49, ""SPXT_LAG_0"": 49, ""STATE_LAG_0"": 49}",2318,validation,2009-06-02,2016-12-30,10.0,0.1,1890
multinomial_logistic_gam,0.464916435521953,0.8820809248554913,0.21474797144746835,4,0,0,4,0.05,11,STATE_LAG_0|SPXT_LAG_0|DBLCIX_LAG_0|IBOXIG_LAG_0|JPEICORE_LAG_0|LT11TRUU_LAG_0|LBUTTRUU_LAG_0|DURATION_STATE_0|DURATION_STATE_1|DURATION_STATE_2|DURATION_STATE_3,0.02,True,"{""DBLCIX_LAG_0"": 0.02, ""DURATION_STATE_0"": 0.02, ""DURATION_STATE_1"": 0.02, ""DURATION_STATE_2"": 0.02, ""DURATION_STATE_3"": 0.02, ""IBOXIG_LAG_0"": 0.02, ""JPEICORE_LAG_0"": 0.02, ""LBUTTRUU_LAG_0"": 0.02, ""LT11TRUU_LAG_0"": 0.02, ""SPXT_LAG_0"": 0.02, ""STATE_LAG_0"": 0.02}",regularized_bootstrap,1.0,49,"{""DBLCIX_LAG_0"": 74.70288644923858, ""DURATION_STATE_0"": 1163.7321186567917, ""DURATION_STATE_1"": 446.90347146584327, ""DURATION_STATE_2"": 1062.4815885878938, ""DURATION_STATE_3"": 139.98343147815808, ""IBOXIG_LAG_0"": 41.86223325116316, ""JPEICORE_LAG_0"": 58.51353250848888, ""LBUTTRUU_LAG_0"": 40.13517820776633, ""LT11TRUU_LAG_0"": 93.13523852264188, ""SPXT_LAG_0"": 126.8013297535158, ""STATE_LAG_0"": 1648.7127126251366}","{""DBLCIX_LAG_0"": 49, ""DURATION_STATE_0"": 49, ""DURATION_STATE_1"": 49, ""DURATION_STATE_2"": 49, ""DURATION_STATE_3"": 49, ""IBOXIG_LAG_0"": 49, ""JPEICORE_LAG_0"": 49, ""LBUTTRUU_LAG_0"": 49, ""LT11TRUU_LAG_0"": 49, ""SPXT_LAG_0"": 49, ""STATE_LAG_0"": 49}",2318,prediction,2017-01-03,2023-12-05,10.0,0.1,1730
multinomial_logistic_gam,0.5670534554876949,0.81005291005291,0.3109336035575302,4,0,0,6,0.05,11,STATE_LAG_0|SPXT_LAG_0|DBLCIX_LAG_0|IBOXIG_LAG_0|JPEICORE_LAG_0|LT11TRUU_LAG_0|LBUTTRUU_LAG_0|DURATION_STATE_0|DURATION_STATE_1|DURATION_STATE_2|DURATION_STATE_3,0.02,True,"{""DBLCIX_LAG_0"": 0.02, ""DURATION_STATE_0"": 0.02, ""DURATION_STATE_1"": 0.02, ""DURATION_STATE_2"": 0.02, ""DURATION_STATE_3"": 0.02, ""IBOXIG_LAG_0"": 0.02, ""JPEICORE_LAG_0"": 0.02, ""LBUTTRUU_LAG_0"": 0.02, ""LT11TRUU_LAG_0"": 0.02, ""SPXT_LAG_0"": 0.02, ""STATE_LAG_0"": 0.02}",regularized_bootstrap,1.0,49,"{""DBLCIX_LAG_0"": 88.03167201825363, ""DURATION_STATE_0"": 1190.9086782738264, ""DURATION_STATE_1"": 454.14686056024266, ""DURATION_STATE_2"": 1081.1256693598361, ""DURATION_STATE_3"": 142.53901097433845, ""IBOXIG_LAG_0"": 70.86241459061057, ""JPEICORE_LAG_0"": 114.08364148949886, ""LBUTTRUU_LAG_0"": 72.16690569428465, ""LT11TRUU_LAG_0"": 126.6472243910116, ""SPXT_LAG_0"": 240.61684604629227, ""STATE_LAG_0"": 1648.7127126251366}","{""DBLCIX_LAG_0"": 49, ""DURATION_STATE_0"": 49, ""DURATION_STATE_1"": 49, ""DURATION_STATE_2"": 49, ""DURATION_STATE_3"": 49, ""IBOXIG_LAG_0"": 49, ""JPEICORE_LAG_0"": 49, ""LBUTTRUU_LAG_0"": 49, ""LT11TRUU_LAG_0"": 49, ""SPXT_LAG_0"": 49, ""STATE_LAG_0"": 49}",2318,validation,2009-06-02,2016-12-30,0.01,100.0,1890
multinomial_logistic_gam,0.40752329860495656,0.8774566473988439,0.20497864659237544,4,0,0,6,0.05,11,STATE_LAG_0|SPXT_LAG_0|DBLCIX_LAG_0|IBOXIG_LAG_0|JPEICORE_LAG_0|LT11TRUU_LAG_0|LBUTTRUU_LAG_0|DURATION_STATE_0|DURATION_STATE_1|DURATION_STATE_2|DURATION_STATE_3,0.02,True,"{""DBLCIX_LAG_0"": 0.02, ""DURATION_STATE_0"": 0.02, ""DURATION_STATE_1"": 0.02, ""DURATION_STATE_2"": 0.02, ""DURATION_STATE_3"": 0.02, ""IBOXIG_LAG_0"": 0.02, ""JPEICORE_LAG_0"": 0.02, ""LBUTTRUU_LAG_0"": 0.02, ""LT11TRUU_LAG_0"": 0.02, ""SPXT_LAG_0"": 0.02, ""STATE_LAG_0"": 0.02}",regularized_bootstrap,1.0,49,"{""DBLCIX_LAG_0"": 88.03167201825363, ""DURATION_STATE_0"": 1190.9086782738264, ""DURATION_STATE_1"": 454.14686056024266, ""DURATION_STATE_2"": 1081.1256693598361, ""DURATION_STATE_3"": 142.53901097433845, ""IBOXIG_LAG_0"": 70.86241459061057, ""JPEICORE_LAG_0"": 114.08364148949886, ""LBUTTRUU_LAG_0"": 72.16690569428465, ""LT11TRUU_LAG_0"": 126.6472243910116, ""SPXT_LAG_0"": 240.61684604629227, ""STATE_LAG_0"": 1648.7127126251366}","{""DBLCIX_LAG_0"": 49, ""DURATION_STATE_0"": 49, ""DURATION_STATE_1"": 49, ""DURATION_STATE_2"": 49, ""DURATION_STATE_3"": 49, ""IBOXIG_LAG_0"": 49, ""JPEICORE_LAG_0"": 49, ""LBUTTRUU_LAG_0"": 49, ""LT11TRUU_LAG_0"": 49, ""SPXT_LAG_0"": 49, ""STATE_LAG_0"": 49}",2318,prediction,2017-01-03,2023-12-05,0.01,100.0,1730
multinomial_logistic_gam,0.5713722421979833,0.817989417989418,0.3123689711248048,4,0,0,6,0.05,11,STATE_LAG_0|SPXT_LAG_0|DBLCIX_LAG_0|IBOXIG_LAG_0|JPEICORE_LAG_0|LT11TRUU_LAG_0|LBUTTRUU_LAG_0|DURATION_STATE_0|DURATION_STATE_1|DURATION_STATE_2|DURATION_STATE_3,0.02,True,"{""DBLCIX_LAG_0"": 0.02, ""DURATION_STATE_0"": 0.02, ""DURATION_STATE_1"": 0.02, ""DURATION_STATE_2"": 0.02, ""DURATION_STATE_3"": 0.02, ""IBOXIG_LAG_0"": 0.02, ""JPEICORE_LAG_0"": 0.02, ""LBUTTRUU_LAG_0"": 0.02, ""LT11TRUU_LAG_0"": 0.02, ""SPXT_LAG_0"": 0.02, ""STATE_LAG_0"": 0.02}",regularized_bootstrap,1.0,49,"{""DBLCIX_LAG_0"": 88.03167201825363, ""DURATION_STATE_0"": 1190.9086782738264, ""DURATION_STATE_1"": 454.14686056024266, ""DURATION_STATE_2"": 1081.1256693598361, ""DURATION_STATE_3"": 142.53901097433845, ""IBOXIG_LAG_0"": 70.86241459061057, ""JPEICORE_LAG_0"": 114.08364148949886, ""LBUTTRUU_LAG_0"": 72.16690569428465, ""LT11TRUU_LAG_0"": 126.6472243910116, ""SPXT_LAG_0"": 240.61684604629227, ""STATE_LAG_0"": 1648.7127126251366}","{""DBLCIX_LAG_0"": 49, ""DURATION_STATE_0"": 49, ""DURATION_STATE_1"": 49, ""DURATION_STATE_2"": 49, ""DURATION_STATE_3"": 49, ""IBOXIG_LAG_0"": 49, ""JPEICORE_LAG_0"": 49, ""LBUTTRUU_LAG_0"": 49, ""LT11TRUU_LAG_0"": 49, ""SPXT_LAG_0"": 49, ""STATE_LAG_0"": 49}",2318,validation,2009-06-02,2016-12-30,0.1,10.0,1890
multinomial_logistic_gam,0.4067687818265202,0.8815028901734104,0.20462441468814935,4,0,0,6,0.05,11,STATE_LAG_0|SPXT_LAG_0|DBLCIX_LAG_0|IBOXIG_LAG_0|JPEICORE_LAG_0|LT11TRUU_LAG_0|LBUTTRUU_LAG_0|DURATION_STATE_0|DURATION_STATE_1|DURATION_STATE_2|DURATION_STATE_3,0.02,True,"{""DBLCIX_LAG_0"": 0.02, ""DURATION_STATE_0"": 0.02, ""DURATION_STATE_1"": 0.02, ""DURATION_STATE_2"": 0.02, ""DURATION_STATE_3"": 0.02, ""IBOXIG_LAG_0"": 0.02, ""JPEICORE_LAG_0"": 0.02, ""LBUTTRUU_LAG_0"": 0.02, ""LT11TRUU_LAG_0"": 0.02, ""SPXT_LAG_0"": 0.02, ""STATE_LAG_0"": 0.02}",regularized_bootstrap,1.0,49,"{""DBLCIX_LAG_0"": 88.03167201825363, ""DURATION_STATE_0"": 1190.9086782738264, ""DURATION_STATE_1"": 454.14686056024266, ""DURATION_STATE_2"": 1081.1256693598361, ""DURATION_STATE_3"": 142.53901097433845, ""IBOXIG_LAG_0"": 70.86241459061057, ""JPEICORE_LAG_0"": 114.08364148949886, ""LBUTTRUU_LAG_0"": 72.16690569428465, ""LT11TRUU_LAG_0"": 126.6472243910116, ""SPXT_LAG_0"": 240.61684604629227, ""STATE_LAG_0"": 1648.7127126251366}","{""DBLCIX_LAG_0"": 49, ""DURATION_STATE_0"": 49, ""DURATION_STATE_1"": 49, ""DURATION_STATE_2"": 49, ""DURATION_STATE_3"": 49, ""IBOXIG_LAG_0"": 49, ""JPEICORE_LAG_0"": 49, ""LBUTTRUU_LAG_0"": 49, ""LT11TRUU_LAG_0"": 49, ""SPXT_LAG_0"": 49, ""STATE_LAG_0"": 49}",2318,prediction,2017-01-03,2023-12-05,0.1,10.0,1730
multinomial_logistic_gam,0.6126209217300981,0.8185185185185185,0.32113233719281575,4,0,0,6,0.05,11,STATE_LAG_0|SPXT_LAG_0|DBLCIX_LAG_0|IBOXIG_LAG_0|JPEICORE_LAG_0|LT11TRUU_LAG_0|LBUTTRUU_LAG_0|DURATION_STATE_0|DURATION_STATE_1|DURATION_STATE_2|DURATION_STATE_3,0.02,True,"{""DBLCIX_LAG_0"": 0.02, ""DURATION_STATE_0"": 0.02, ""DURATION_STATE_1"": 0.02, ""DURATION_STATE_2"": 0.02, ""DURATION_STATE_3"": 0.02, ""IBOXIG_LAG_0"": 0.02, ""JPEICORE_LAG_0"": 0.02, ""LBUTTRUU_LAG_0"": 0.02, ""LT11TRUU_LAG_0"": 0.02, ""SPXT_LAG_0"": 0.02, ""STATE_LAG_0"": 0.02}",regularized_bootstrap,1.0,49,"{""DBLCIX_LAG_0"": 88.03167201825363, ""DURATION_STATE_0"": 1190.9086782738264, ""DURATION_STATE_1"": 454.14686056024266, ""DURATION_STATE_2"": 1081.1256693598361, ""DURATION_STATE_3"": 142.53901097433845, ""IBOXIG_LAG_0"": 70.86241459061057, ""JPEICORE_LAG_0"": 114.08364148949886, ""LBUTTRUU_LAG_0"": 72.16690569428465, ""LT11TRUU_LAG_0"": 126.6472243910116, ""SPXT_LAG_0"": 240.61684604629227, ""STATE_LAG_0"": 1648.7127126251366}","{""DBLCIX_LAG_0"": 49, ""DURATION_STATE_0"": 49, ""DURATION_STATE_1"": 49, ""DURATION_STATE_2"": 49, ""DURATION_STATE_3"": 49, ""IBOXIG_LAG_0"": 49, ""JPEICORE_LAG_0"": 49, ""LBUTTRUU_LAG_0"": 49, ""LT11TRUU_LAG_0"": 49, ""SPXT_LAG_0"": 49, ""STATE_LAG_0"": 49}",2318,validation,2009-06-02,2016-12-30,1.0,1.0,1890
multinomial_logistic_gam,0.4344110216139003,0.8820809248554913,0.21096166032942582,4,0,0,6,0.05,11,STATE_LAG_0|SPXT_LAG_0|DBLCIX_LAG_0|IBOXIG_LAG_0|JPEICORE_LAG_0|LT11TRUU_LAG_0|LBUTTRUU_LAG_0|DURATION_STATE_0|DURATION_STATE_1|DURATION_STATE_2|DURATION_STATE_3,0.02,True,"{""DBLCIX_LAG_0"": 0.02, ""DURATION_STATE_0"": 0.02, ""DURATION_STATE_1"": 0.02, ""DURATION_STATE_2"": 0.02, ""DURATION_STATE_3"": 0.02, ""IBOXIG_LAG_0"": 0.02, ""JPEICORE_LAG_0"": 0.02, ""LBUTTRUU_LAG_0"": 0.02, ""LT11TRUU_LAG_0"": 0.02, ""SPXT_LAG_0"": 0.02, ""STATE_LAG_0"": 0.02}",regularized_bootstrap,1.0,49,"{""DBLCIX_LAG_0"": 88.03167201825363, ""DURATION_STATE_0"": 1190.9086782738264, ""DURATION_STATE_1"": 454.14686056024266, ""DURATION_STATE_2"": 1081.1256693598361, ""DURATION_STATE_3"": 142.53901097433845, ""IBOXIG_LAG_0"": 70.86241459061057, ""JPEICORE_LAG_0"": 114.08364148949886, ""LBUTTRUU_LAG_0"": 72.16690569428465, ""LT11TRUU_LAG_0"": 126.6472243910116, ""SPXT_LAG_0"": 240.61684604629227, ""STATE_LAG_0"": 1648.7127126251366}","{""DBLCIX_LAG_0"": 49, ""DURATION_STATE_0"": 49, ""DURATION_STATE_1"": 49, ""DURATION_STATE_2"": 49, ""DURATION_STATE_3"": 49, ""IBOXIG_LAG_0"": 49, ""JPEICORE_LAG_0"": 49, ""LBUTTRUU_LAG_0"": 49, ""LT11TRUU_LAG_0"": 49, ""SPXT_LAG_0"": 49, ""STATE_LAG_0"": 49}",2318,prediction,2017-01-03,2023-12-05,1.0,1.0,1730
multinomial_logistic_gam,0.6748667457338302,0.8195767195767196,0.3268737307535103,4,0,0,6,0.05,11,STATE_LAG_0|SPXT_LAG_0|DBLCIX_LAG_0|IBOXIG_LAG_0|JPEICORE_LAG_0|LT11TRUU_LAG_0|LBUTTRUU_LAG_0|DURATION_STATE_0|DURATION_STATE_1|DURATION_STATE_2|DURATION_STATE_3,0.02,True,"{""DBLCIX_LAG_0"": 0.02, ""DURATION_STATE_0"": 0.02, ""DURATION_STATE_1"": 0.02, ""DURATION_STATE_2"": 0.02, ""DURATION_STATE_3"": 0.02, ""IBOXIG_LAG_0"": 0.02, ""JPEICORE_LAG_0"": 0.02, ""LBUTTRUU_LAG_0"": 0.02, ""LT11TRUU_LAG_0"": 0.02, ""SPXT_LAG_0"": 0.02, ""STATE_LAG_0"": 0.02}",regularized_bootstrap,1.0,49,"{""DBLCIX_LAG_0"": 88.03167201825363, ""DURATION_STATE_0"": 1190.9086782738264, ""DURATION_STATE_1"": 454.14686056024266, ""DURATION_STATE_2"": 1081.1256693598361, ""DURATION_STATE_3"": 142.53901097433845, ""IBOXIG_LAG_0"": 70.86241459061057, ""JPEICORE_LAG_0"": 114.08364148949886, ""LBUTTRUU_LAG_0"": 72.16690569428465, ""LT11TRUU_LAG_0"": 126.6472243910116, ""SPXT_LAG_0"": 240.61684604629227, ""STATE_LAG_0"": 1648.7127126251366}","{""DBLCIX_LAG_0"": 49, ""DURATION_STATE_0"": 49, ""DURATION_STATE_1"": 49, ""DURATION_STATE_2"": 49, ""DURATION_STATE_3"": 49, ""IBOXIG_LAG_0"": 49, ""JPEICORE_LAG_0"": 49, ""LBUTTRUU_LAG_0"": 49, ""LT11TRUU_LAG_0"": 49, ""SPXT_LAG_0"": 49, ""STATE_LAG_0"": 49}",2318,validation,2009-06-02,2016-12-30,10.0,0.1,1890
multinomial_logistic_gam,0.47567493338507233,0.8815028901734104,0.21568804978024544,4,0,0,6,0.05,11,STATE_LAG_0|SPXT_LAG_0|DBLCIX_LAG_0|IBOXIG_LAG_0|JPEICORE_LAG_0|LT11TRUU_LAG_0|LBUTTRUU_LAG_0|DURATION_STATE_0|DURATION_STATE_1|DURATION_STATE_2|DURATION_STATE_3,0.02,True,"{""DBLCIX_LAG_0"": 0.02, ""DURATION_STATE_0"": 0.02, ""DURATION_STATE_1"": 0.02, ""DURATION_STATE_2"": 0.02, ""DURATION_STATE_3"": 0.02, ""IBOXIG_LAG_0"": 0.02, ""JPEICORE_LAG_0"": 0.02, ""LBUTTRUU_LAG_0"": 0.02, ""LT11TRUU_LAG_0"": 0.02, ""SPXT_LAG_0"": 0.02, ""STATE_LAG_0"": 0.02}",regularized_bootstrap,1.0,49,"{""DBLCIX_LAG_0"": 88.03167201825363, ""DURATION_STATE_0"": 1190.9086782738264, ""DURATION_STATE_1"": 454.14686056024266, ""DURATION_STATE_2"": 1081.1256693598361, ""DURATION_STATE_3"": 142.53901097433845, ""IBOXIG_LAG_0"": 70.86241459061057, ""JPEICORE_LAG_0"": 114.08364148949886, ""LBUTTRUU_LAG_0"": 72.16690569428465, ""LT11TRUU_LAG_0"": 126.6472243910116, ""SPXT_LAG_0"": 240.61684604629227, ""STATE_LAG_0"": 1648.7127126251366}","{""DBLCIX_LAG_0"": 49, ""DURATION_STATE_0"": 49, ""DURATION_STATE_1"": 49, ""DURATION_STATE_2"": 49, ""DURATION_STATE_3"": 49, ""IBOXIG_LAG_0"": 49, ""JPEICORE_LAG_0"": 49, ""LBUTTRUU_LAG_0"": 49, ""LT11TRUU_LAG_0"": 49, ""SPXT_LAG_0"": 49, ""STATE_LAG_0"": 49}",2318,prediction,2017-01-03,2023-12-05,10.0,0.1,1730
multinomial_logistic_gam,0.5683015579835211,0.8047619047619048,0.3119726267720331,4,0,1,4,0.05,17,STATE_LAG_0|SPXT_LAG_0|DBLCIX_LAG_0|IBOXIG_LAG_0|JPEICORE_LAG_0|LT11TRUU_LAG_0|LBUTTRUU_LAG_0|SPXT_LAG_1|DBLCIX_LAG_1|IBOXIG_LAG_1|JPEICORE_LAG_1|LT11TRUU_LAG_1|LBUTTRUU_LAG_1|DURATION_STATE_0|DURATION_STATE_1|DURATION_STATE_2|DURATION_STATE_3,0.02,True,"{""DBLCIX_LAG_0"": 0.02, ""DBLCIX_LAG_1"": 0.02, ""DURATION_STATE_0"": 0.02, ""DURATION_STATE_1"": 0.02, ""DURATION_STATE_2"": 0.02, ""DURATION_STATE_3"": 0.02, ""IBOXIG_LAG_0"": 0.02, ""IBOXIG_LAG_1"": 0.02, ""JPEICORE_LAG_0"": 0.02, ""JPEICORE_LAG_1"": 0.02, ""LBUTTRUU_LAG_0"": 0.02, ""LBUTTRUU_LAG_1"": 0.02, ""LT11TRUU_LAG_0"": 0.02, ""LT11TRUU_LAG_1"": 0.02, ""SPXT_LAG_0"": 0.02, ""SPXT_LAG_1"": 0.02, ""STATE_LAG_0"": 0.02}",regularized_bootstrap,1.0,49,"{""DBLCIX_LAG_0"": 74.60496011940631, ""DBLCIX_LAG_1"": 71.59707612514194, ""DURATION_STATE_0"": 1162.4139088475536, ""DURATION_STATE_1"": 446.88236052459297, ""DURATION_STATE_2"": 1062.0930509851778, ""DURATION_STATE_3"": 139.96865469885756, ""IBOXIG_LAG_0"": 40.354996199542256, ""IBOXIG_LAG_1"": 38.18948491552328, ""JPEICORE_LAG_0"": 58.94806319605959, ""JPEICORE_LAG_1"": 49.31828438624416, ""LBUTTRUU_LAG_0"": 40.17549928435437, ""LBUTTRUU_LAG_1"": 34.938716838456, ""LT11TRUU_LAG_0"": 92.94793924033866, ""LT11TRUU_LAG_1"": 84.42621877721103, ""SPXT_LAG_0"": 126.1285995090866, ""SPXT_LAG_1"": 119.54209708029703, ""STATE_LAG_0"": 1647.8849922413729}","{""DBLCIX_LAG_0"": 49, ""DBLCIX_LAG_1"": 49, ""DURATION_STATE_0"": 49, ""DURATION_STATE_1"": 49, ""DURATION_STATE_2"": 49, ""DURATION_STATE_3"": 49, ""IBOXIG_LAG_0"": 49, ""IBOXIG_LAG_1"": 49, ""JPEICORE_LAG_0"": 49, ""JPEICORE_LAG_1"": 49, ""LBUTTRUU_LAG_0"": 49, ""LBUTTRUU_LAG_1"": 49, ""LT11TRUU_LAG_0"": 49, ""LT11TRUU_LAG_1"": 49, ""SPXT_LAG_0"": 49, ""SPXT_LAG_1"": 49, ""STATE_LAG_0"": 49}",2317,validation,2009-06-02,2016-12-30,0.01,100.0,1890
multinomial_logistic_gam,0.4086542253349987,0.8774566473988439,0.20590296673831973,4,0,1,4,0.05,17,STATE_LAG_0|SPXT_LAG_0|DBLCIX_LAG_0|IBOXIG_LAG_0|JPEICORE_LAG_0|LT11TRUU_LAG_0|LBUTTRUU_LAG_0|SPXT_LAG_1|DBLCIX_LAG_1|IBOXIG_LAG_1|JPEICORE_LAG_1|LT11TRUU_LAG_1|LBUTTRUU_LAG_1|DURATION_STATE_0|DURATION_STATE_1|DURATION_STATE_2|DURATION_STATE_3,0.02,True,"{""DBLCIX_LAG_0"": 0.02, ""DBLCIX_LAG_1"": 0.02, ""DURATION_STATE_0"": 0.02, ""DURATION_STATE_1"": 0.02, ""DURATION_STATE_2"": 0.02, ""DURATION_STATE_3"": 0.02, ""IBOXIG_LAG_0"": 0.02, ""IBOXIG_LAG_1"": 0.02, ""JPEICORE_LAG_0"": 0.02, ""JPEICORE_LAG_1"": 0.02, ""LBUTTRUU_LAG_0"": 0.02, ""LBUTTRUU_LAG_1"": 0.02, ""LT11TRUU_LAG_0"": 0.02, ""LT11TRUU_LAG_1"": 0.02, ""SPXT_LAG_0"": 0.02, ""SPXT_LAG_1"": 0.02, ""STATE_LAG_0"": 0.02}",regularized_bootstrap,1.0,49,"{""DBLCIX_LAG_0"": 74.60496011940631, ""DBLCIX_LAG_1"": 71.59707612514194, ""DURATION_STATE_0"": 1162.4139088475536, ""DURATION_STATE_1"": 446.88236052459297, ""DURATION_STATE_2"": 1062.0930509851778, ""DURATION_STATE_3"": 139.96865469885756, ""IBOXIG_LAG_0"": 40.354996199542256, ""IBOXIG_LAG_1"": 38.18948491552328, ""JPEICORE_LAG_0"": 58.94806319605959, ""JPEICORE_LAG_1"": 49.31828438624416, ""LBUTTRUU_LAG_0"": 40.17549928435437, ""LBUTTRUU_LAG_1"": 34.938716838456, ""LT11TRUU_LAG_0"": 92.94793924033866, ""LT11TRUU_LAG_1"": 84.42621877721103, ""SPXT_LAG_0"": 126.1285995090866, ""SPXT_LAG_1"": 119.54209708029703, ""STATE_LAG_0"": 1647.8849922413729}","{""DBLCIX_LAG_0"": 49, ""DBLCIX_LAG_1"": 49, ""DURATION_STATE_0"": 49, ""DURATION_STATE_1"": 49, ""DURATION_STATE_2"": 49, ""DURATION_STATE_3"": 49, ""IBOXIG_LAG_0"": 49, ""IBOXIG_LAG_1"": 49, ""JPEICORE_LAG_0"": 49, ""JPEICORE_LAG_1"": 49, ""LBUTTRUU_LAG_0"": 49, ""LBUTTRUU_LAG_1"": 49, ""LT11TRUU_LAG_0"": 49, ""LT11TRUU_LAG_1"": 49, ""SPXT_LAG_0"": 49, ""SPXT_LAG_1"": 49, ""STATE_LAG_0"": 49}",2317,prediction,2017-01-03,2023-12-05,0.01,100.0,1730
multinomial_logistic_gam,0.5717231734553453,0.8174603174603174,0.3122481943050831,4,0,1,4,0.05,17,STATE_LAG_0|SPXT_LAG_0|DBLCIX_LAG_0|IBOXIG_LAG_0|JPEICORE_LAG_0|LT11TRUU_LAG_0|LBUTTRUU_LAG_0|SPXT_LAG_1|DBLCIX_LAG_1|IBOXIG_LAG_1|JPEICORE_LAG_1|LT11TRUU_LAG_1|LBUTTRUU_LAG_1|DURATION_STATE_0|DURATION_STATE_1|DURATION_STATE_2|DURATION_STATE_3,0.02,True,"{""DBLCIX_LAG_0"": 0.02, ""DBLCIX_LAG_1"": 0.02, ""DURATION_STATE_0"": 0.02, ""DURATION_STATE_1"": 0.02, ""DURATION_STATE_2"": 0.02, ""DURATION_STATE_3"": 0.02, ""IBOXIG_LAG_0"": 0.02, ""IBOXIG_LAG_1"": 0.02, ""JPEICORE_LAG_0"": 0.02, ""JPEICORE_LAG_1"": 0.02, ""LBUTTRUU_LAG_0"": 0.02, ""LBUTTRUU_LAG_1"": 0.02, ""LT11TRUU_LAG_0"": 0.02, ""LT11TRUU_LAG_1"": 0.02, ""SPXT_LAG_0"": 0.02, ""SPXT_LAG_1"": 0.02, ""STATE_LAG_0"": 0.02}",regularized_bootstrap,1.0,49,"{""DBLCIX_LAG_0"": 74.60496011940631, ""DBLCIX_LAG_1"": 71.59707612514194, ""DURATION_STATE_0"": 1162.4139088475536, ""DURATION_STATE_1"": 446.88236052459297, ""DURATION_STATE_2"": 1062.0930509851778, ""DURATION_STATE_3"": 139.96865469885756, ""IBOXIG_LAG_0"": 40.354996199542256, ""IBOXIG_LAG_1"": 38.18948491552328, ""JPEICORE_LAG_0"": 58.94806319605959, ""JPEICORE_LAG_1"": 49.31828438624416, ""LBUTTRUU_LAG_0"": 40.17549928435437, ""LBUTTRUU_LAG_1"": 34.938716838456, ""LT11TRUU_LAG_0"": 92.94793924033866, ""LT11TRUU_LAG_1"": 84.42621877721103, ""SPXT_LAG_0"": 126.1285995090866, ""SPXT_LAG_1"": 119.54209708029703, ""STATE_LAG_0"": 1647.8849922413729}","{""DBLCIX_LAG_0"": 49, ""DBLCIX_LAG_1"": 49, ""DURATION_STATE_0"": 49, ""DURATION_STATE_1"": 49, ""DURATION_STATE_2"": 49, ""DURATION_STATE_3"": 49, ""IBOXIG_LAG_0"": 49, ""IBOXIG_LAG_1"": 49, ""JPEICORE_LAG_0"": 49, ""JPEICORE_LAG_1"": 49, ""LBUTTRUU_LAG_0"": 49, ""LBUTTRUU_LAG_1"": 49, ""LT11TRUU_LAG_0"": 49, ""LT11TRUU_LAG_1"": 49, ""SPXT_LAG_0"": 49, ""SPXT_LAG_1"": 49, ""STATE_LAG_0"": 49}",2317,validation,2009-06-02,2016-12-30,0.1,10.0,1890
multinomial_logistic_gam,0.40597113926041273,0.8803468208092485,0.2044452070242661,4,0,1,4,0.05,17,STATE_LAG_0|SPXT_LAG_0|DBLCIX_LAG_0|IBOXIG_LAG_0|JPEICORE_LAG_0|LT11TRUU_LAG_0|LBUTTRUU_LAG_0|SPXT_LAG_1|DBLCIX_LAG_1|IBOXIG_LAG_1|JPEICORE_LAG_1|LT11TRUU_LAG_1|LBUTTRUU_LAG_1|DURATION_STATE_0|DURATION_STATE_1|DURATION_STATE_2|DURATION_STATE_3,0.02,True,"{""DBLCIX_LAG_0"": 0.02, ""DBLCIX_LAG_1"": 0.02, ""DURATION_STATE_0"": 0.02, ""DURATION_STATE_1"": 0.02, ""DURATION_STATE_2"": 0.02, ""DURATION_STATE_3"": 0.02, ""IBOXIG_LAG_0"": 0.02, ""IBOXIG_LAG_1"": 0.02, ""JPEICORE_LAG_0"": 0.02, ""JPEICORE_LAG_1"": 0.02, ""LBUTTRUU_LAG_0"": 0.02, ""LBUTTRUU_LAG_1"": 0.02, ""LT11TRUU_LAG_0"": 0.02, ""LT11TRUU_LAG_1"": 0.02, ""SPXT_LAG_0"": 0.02, ""SPXT_LAG_1"": 0.02, ""STATE_LAG_0"": 0.02}",regularized_bootstrap,1.0,49,"{""DBLCIX_LAG_0"": 74.60496011940631, ""DBLCIX_LAG_1"": 71.59707612514194, ""DURATION_STATE_0"": 1162.4139088475536, ""DURATION_STATE_1"": 446.88236052459297, ""DURATION_STATE_2"": 1062.0930509851778, ""DURATION_STATE_3"": 139.96865469885756, ""IBOXIG_LAG_0"": 40.354996199542256, ""IBOXIG_LAG_1"": 38.18948491552328, ""JPEICORE_LAG_0"": 58.94806319605959, ""JPEICORE_LAG_1"": 49.31828438624416, ""LBUTTRUU_LAG_0"": 40.17549928435437, ""LBUTTRUU_LAG_1"": 34.938716838456, ""LT11TRUU_LAG_0"": 92.94793924033866, ""LT11TRUU_LAG_1"": 84.42621877721103, ""SPXT_LAG_0"": 126.1285995090866, ""SPXT_LAG_1"": 119.54209708029703, ""STATE_LAG_0"": 1647.8849922413729}","{""DBLCIX_LAG_0"": 49, ""DBLCIX_LAG_1"": 49, ""DURATION_STATE_0"": 49, ""DURATION_STATE_1"": 49, ""DURATION_STATE_2"": 49, ""DURATION_STATE_3"": 49, ""IBOXIG_LAG_0"": 49, ""IBOXIG_LAG_1"": 49, ""JPEICORE_LAG_0"": 49, ""JPEICORE_LAG_1"": 49, ""LBUTTRUU_LAG_0"": 49, ""LBUTTRUU_LAG_1"": 49, ""LT11TRUU_LAG_0"": 49, ""LT11TRUU_LAG_1"": 49, ""SPXT_LAG_0"": 49, ""SPXT_LAG_1"": 49, ""STATE_LAG_0"": 49}",2317,prediction,2017-01-03,2023-12-05,0.1,10.0,1730
multinomial_logistic_gam,0.6049051408812525,0.819047619047619,0.31904353150983794,4,0,1,4,0.05,17,STATE_LAG_0|SPXT_LAG_0|DBLCIX_LAG_0|IBOXIG_LAG_0|JPEICORE_LAG_0|LT11TRUU_LAG_0|LBUTTRUU_LAG_0|SPXT_LAG_1|DBLCIX_LAG_1|IBOXIG_LAG_1|JPEICORE_LAG_1|LT11TRUU_LAG_1|LBUTTRUU_LAG_1|DURATION_STATE_0|DURATION_STATE_1|DURATION_STATE_2|DURATION_STATE_3,0.02,True,"{""DBLCIX_LAG_0"": 0.02, ""DBLCIX_LAG_1"": 0.02, ""DURATION_STATE_0"": 0.02, ""DURATION_STATE_1"": 0.02, ""DURATION_STATE_2"": 0.02, ""DURATION_STATE_3"": 0.02, ""IBOXIG_LAG_0"": 0.02, ""IBOXIG_LAG_1"": 0.02, ""JPEICORE_LAG_0"": 0.02, ""JPEICORE_LAG_1"": 0.02, ""LBUTTRUU_LAG_0"": 0.02, ""LBUTTRUU_LAG_1"": 0.02, ""LT11TRUU_LAG_0"": 0.02, ""LT11TRUU_LAG_1"": 0.02, ""SPXT_LAG_0"": 0.02, ""SPXT_LAG_1"": 0.02, ""STATE_LAG_0"": 0.02}",regularized_bootstrap,1.0,49,"{""DBLCIX_LAG_0"": 74.60496011940631, ""DBLCIX_LAG_1"": 71.59707612514194, ""DURATION_STATE_0"": 1162.4139088475536, ""DURATION_STATE_1"": 446.88236052459297, ""DURATION_STATE_2"": 1062.0930509851778, ""DURATION_STATE_3"": 139.96865469885756, ""IBOXIG_LAG_0"": 40.354996199542256, ""IBOXIG_LAG_1"": 38.18948491552328, ""JPEICORE_LAG_0"": 58.94806319605959, ""JPEICORE_LAG_1"": 49.31828438624416, ""LBUTTRUU_LAG_0"": 40.17549928435437, ""LBUTTRUU_LAG_1"": 34.938716838456, ""LT11TRUU_LAG_0"": 92.94793924033866, ""LT11TRUU_LAG_1"": 84.42621877721103, ""SPXT_LAG_0"": 126.1285995090866, ""SPXT_LAG_1"": 119.54209708029703, ""STATE_LAG_0"": 1647.8849922413729}","{""DBLCIX_LAG_0"": 49, ""DBLCIX_LAG_1"": 49, ""DURATION_STATE_0"": 49, ""DURATION_STATE_1"": 49, ""DURATION_STATE_2"": 49, ""DURATION_STATE_3"": 49, ""IBOXIG_LAG_0"": 49, ""IBOXIG_LAG_1"": 49, ""JPEICORE_LAG_0"": 49, ""JPEICORE_LAG_1"": 49, ""LBUTTRUU_LAG_0"": 49, ""LBUTTRUU_LAG_1"": 49, ""LT11TRUU_LAG_0"": 49, ""LT11TRUU_LAG_1"": 49, ""SPXT_LAG_0"": 49, ""SPXT_LAG_1"": 49, ""STATE_LAG_0"": 49}",2317,validation,2009-06-02,2016-12-30,1.0,1.0,1890
multinomial_logistic_gam,0.42897945220380695,0.8820809248554913,0.21021424531193167,4,0,1,4,0.05,17,STATE_LAG_0|SPXT_LAG_0|DBLCIX_LAG_0|IBOXIG_LAG_0|JPEICORE_LAG_0|LT11TRUU_LAG_0|LBUTTRUU_LAG_0|SPXT_LAG_1|DBLCIX_LAG_1|IBOXIG_LAG_1|JPEICORE_LAG_1|LT11TRUU_LAG_1|LBUTTRUU_LAG_1|DURATION_STATE_0|DURATION_STATE_1|DURATION_STATE_2|DURATION_STATE_3,0.02,True,"{""DBLCIX_LAG_0"": 0.02, ""DBLCIX_LAG_1"": 0.02, ""DURATION_STATE_0"": 0.02, ""DURATION_STATE_1"": 0.02, ""DURATION_STATE_2"": 0.02, ""DURATION_STATE_3"": 0.02, ""IBOXIG_LAG_0"": 0.02, ""IBOXIG_LAG_1"": 0.02, ""JPEICORE_LAG_0"": 0.02, ""JPEICORE_LAG_1"": 0.02, ""LBUTTRUU_LAG_0"": 0.02, ""LBUTTRUU_LAG_1"": 0.02, ""LT11TRUU_LAG_0"": 0.02, ""LT11TRUU_LAG_1"": 0.02, ""SPXT_LAG_0"": 0.02, ""SPXT_LAG_1"": 0.02, ""STATE_LAG_0"": 0.02}",regularized_bootstrap,1.0,49,"{""DBLCIX_LAG_0"": 74.60496011940631, ""DBLCIX_LAG_1"": 71.59707612514194, ""DURATION_STATE_0"": 1162.4139088475536, ""DURATION_STATE_1"": 446.88236052459297, ""DURATION_STATE_2"": 1062.0930509851778, ""DURATION_STATE_3"": 139.96865469885756, ""IBOXIG_LAG_0"": 40.354996199542256, ""IBOXIG_LAG_1"": 38.18948491552328, ""JPEICORE_LAG_0"": 58.94806319605959, ""JPEICORE_LAG_1"": 49.31828438624416, ""LBUTTRUU_LAG_0"": 40.17549928435437, ""LBUTTRUU_LAG_1"": 34.938716838456, ""LT11TRUU_LAG_0"": 92.94793924033866, ""LT11TRUU_LAG_1"": 84.42621877721103, ""SPXT_LAG_0"": 126.1285995090866, ""SPXT_LAG_1"": 119.54209708029703, ""STATE_LAG_0"": 1647.8849922413729}","{""DBLCIX_LAG_0"": 49, ""DBLCIX_LAG_1"": 49, ""DURATION_STATE_0"": 49, ""DURATION_STATE_1"": 49, ""DURATION_STATE_2"": 49, ""DURATION_STATE_3"": 49, ""IBOXIG_LAG_0"": 49, ""IBOXIG_LAG_1"": 49, ""JPEICORE_LAG_0"": 49, ""JPEICORE_LAG_1"": 49, ""LBUTTRUU_LAG_0"": 49, ""LBUTTRUU_LAG_1"": 49, ""LT11TRUU_LAG_0"": 49, ""LT11TRUU_LAG_1"": 49, ""SPXT_LAG_0"": 49, ""SPXT_LAG_1"": 49, ""STATE_LAG_0"": 49}",2317,prediction,2017-01-03,2023-12-05,1.0,1.0,1730
multinomial_logistic_gam,0.6648076708464705,0.817989417989418,0.3261328469550991,4,0,1,4,0.05,17,STATE_LAG_0|SPXT_LAG_0|DBLCIX_LAG_0|IBOXIG_LAG_0|JPEICORE_LAG_0|LT11TRUU_LAG_0|LBUTTRUU_LAG_0|SPXT_LAG_1|DBLCIX_LAG_1|IBOXIG_LAG_1|JPEICORE_LAG_1|LT11TRUU_LAG_1|LBUTTRUU_LAG_1|DURATION_STATE_0|DURATION_STATE_1|DURATION_STATE_2|DURATION_STATE_3,0.02,True,"{""DBLCIX_LAG_0"": 0.02, ""DBLCIX_LAG_1"": 0.02, ""DURATION_STATE_0"": 0.02, ""DURATION_STATE_1"": 0.02, ""DURATION_STATE_2"": 0.02, ""DURATION_STATE_3"": 0.02, ""IBOXIG_LAG_0"": 0.02, ""IBOXIG_LAG_1"": 0.02, ""JPEICORE_LAG_0"": 0.02, ""JPEICORE_LAG_1"": 0.02, ""LBUTTRUU_LAG_0"": 0.02, ""LBUTTRUU_LAG_1"": 0.02, ""LT11TRUU_LAG_0"": 0.02, ""LT11TRUU_LAG_1"": 0.02, ""SPXT_LAG_0"": 0.02, ""SPXT_LAG_1"": 0.02, ""STATE_LAG_0"": 0.02}",regularized_bootstrap,1.0,49,"{""DBLCIX_LAG_0"": 74.60496011940631, ""DBLCIX_LAG_1"": 71.59707612514194, ""DURATION_STATE_0"": 1162.4139088475536, ""DURATION_STATE_1"": 446.88236052459297, ""DURATION_STATE_2"": 1062.0930509851778, ""DURATION_STATE_3"": 139.96865469885756, ""IBOXIG_LAG_0"": 40.354996199542256, ""IBOXIG_LAG_1"": 38.18948491552328, ""JPEICORE_LAG_0"": 58.94806319605959, ""JPEICORE_LAG_1"": 49.31828438624416, ""LBUTTRUU_LAG_0"": 40.17549928435437, ""LBUTTRUU_LAG_1"": 34.938716838456, ""LT11TRUU_LAG_0"": 92.94793924033866, ""LT11TRUU_LAG_1"": 84.42621877721103, ""SPXT_LAG_0"": 126.1285995090866, ""SPXT_LAG_1"": 119.54209708029703, ""STATE_LAG_0"": 1647.8849922413729}","{""DBLCIX_LAG_0"": 49, ""DBLCIX_LAG_1"": 49, ""DURATION_STATE_0"": 49, ""DURATION_STATE_1"": 49, ""DURATION_STATE_2"": 49, ""DURATION_STATE_3"": 49, ""IBOXIG_LAG_0"": 49, ""IBOXIG_LAG_1"": 49, ""JPEICORE_LAG_0"": 49, ""JPEICORE_LAG_1"": 49, ""LBUTTRUU_LAG_0"": 49, ""LBUTTRUU_LAG_1"": 49, ""LT11TRUU_LAG_0"": 49, ""LT11TRUU_LAG_1"": 49, ""SPXT_LAG_0"": 49, ""SPXT_LAG_1"": 49, ""STATE_LAG_0"": 49}",2317,validation,2009-06-02,2016-12-30,10.0,0.1,1890
multinomial_logistic_gam,0.47177744119503284,0.8797687861271676,0.21639884327791373,4,0,1,4,0.05,17,STATE_LAG_0|SPXT_LAG_0|DBLCIX_LAG_0|IBOXIG_LAG_0|JPEICORE_LAG_0|LT11TRUU_LAG_0|LBUTTRUU_LAG_0|SPXT_LAG_1|DBLCIX_LAG_1|IBOXIG_LAG_1|JPEICORE_LAG_1|LT11TRUU_LAG_1|LBUTTRUU_LAG_1|DURATION_STATE_0|DURATION_STATE_1|DURATION_STATE_2|DURATION_STATE_3,0.02,True,"{""DBLCIX_LAG_0"": 0.02, ""DBLCIX_LAG_1"": 0.02, ""DURATION_STATE_0"": 0.02, ""DURATION_STATE_1"": 0.02, ""DURATION_STATE_2"": 0.02, ""DURATION_STATE_3"": 0.02, ""IBOXIG_LAG_0"": 0.02, ""IBOXIG_LAG_1"": 0.02, ""JPEICORE_LAG_0"": 0.02, ""JPEICORE_LAG_1"": 0.02, ""LBUTTRUU_LAG_0"": 0.02, ""LBUTTRUU_LAG_1"": 0.02, ""LT11TRUU_LAG_0"": 0.02, ""LT11TRUU_LAG_1"": 0.02, ""SPXT_LAG_0"": 0.02, ""SPXT_LAG_1"": 0.02, ""STATE_LAG_0"": 0.02}",regularized_bootstrap,1.0,49,"{""DBLCIX_LAG_0"": 74.60496011940631, ""DBLCIX_LAG_1"": 71.59707612514194, ""DURATION_STATE_0"": 1162.4139088475536, ""DURATION_STATE_1"": 446.88236052459297, ""DURATION_STATE_2"": 1062.0930509851778, ""DURATION_STATE_3"": 139.96865469885756, ""IBOXIG_LAG_0"": 40.354996199542256, ""IBOXIG_LAG_1"": 38.18948491552328, ""JPEICORE_LAG_0"": 58.94806319605959, ""JPEICORE_LAG_1"": 49.31828438624416, ""LBUTTRUU_LAG_0"": 40.17549928435437, ""LBUTTRUU_LAG_1"": 34.938716838456, ""LT11TRUU_LAG_0"": 92.94793924033866, ""LT11TRUU_LAG_1"": 84.42621877721103, ""SPXT_LAG_0"": 126.1285995090866, ""SPXT_LAG_1"": 119.54209708029703, ""STATE_LAG_0"": 1647.8849922413729}","{""DBLCIX_LAG_0"": 49, ""DBLCIX_LAG_1"": 49, ""DURATION_STATE_0"": 49, ""DURATION_STATE_1"": 49, ""DURATION_STATE_2"": 49, ""DURATION_STATE_3"": 49, ""IBOXIG_LAG_0"": 49, ""IBOXIG_LAG_1"": 49, ""JPEICORE_LAG_0"": 49, ""JPEICORE_LAG_1"": 49, ""LBUTTRUU_LAG_0"": 49, ""LBUTTRUU_LAG_1"": 49, ""LT11TRUU_LAG_0"": 49, ""LT11TRUU_LAG_1"": 49, ""SPXT_LAG_0"": 49, ""SPXT_LAG_1"": 49, ""STATE_LAG_0"": 49}",2317,prediction,2017-01-03,2023-12-05,10.0,0.1,1730
multinomial_logistic_gam,0.5680226784977621,0.8074074074074075,0.3116119770689268,4,0,1,6,0.05,17,STATE_LAG_0|SPXT_LAG_0|DBLCIX_LAG_0|IBOXIG_LAG_0|JPEICORE_LAG_0|LT11TRUU_LAG_0|LBUTTRUU_LAG_0|SPXT_LAG_1|DBLCIX_LAG_1|IBOXIG_LAG_1|JPEICORE_LAG_1|LT11TRUU_LAG_1|LBUTTRUU_LAG_1|DURATION_STATE_0|DURATION_STATE_1|DURATION_STATE_2|DURATION_STATE_3,0.02,True,"{""DBLCIX_LAG_0"": 0.02, ""DBLCIX_LAG_1"": 0.02, ""DURATION_STATE_0"": 0.02, ""DURATION_STATE_1"": 0.02, ""DURATION_STATE_2"": 0.02, ""DURATION_STATE_3"": 0.02, ""IBOXIG_LAG_0"": 0.02, ""IBOXIG_LAG_1"": 0.02, ""JPEICORE_LAG_0"": 0.02, ""JPEICORE_LAG_1"": 0.02, ""LBUTTRUU_LAG_0"": 0.02, ""LBUTTRUU_LAG_1"": 0.02, ""LT11TRUU_LAG_0"": 0.02, ""LT11TRUU_LAG_1"": 0.02, ""SPXT_LAG_0"": 0.02, ""SPXT_LAG_1"": 0.02, ""STATE_LAG_0"": 0.02}",regularized_bootstrap,1.0,49,"{""DBLCIX_LAG_0"": 87.99572927287454, ""DBLCIX_LAG_1"": 85.3125180051129, ""DURATION_STATE_0"": 1191.124436786458, ""DURATION_STATE_1"": 453.64396185728015, ""DURATION_STATE_2"": 1080.4551776755338, ""DURATION_STATE_3"": 142.51556197434206, ""IBOXIG_LAG_0"": 70.98182151048195, ""IBOXIG_LAG_1"": 66.13256048535959, ""JPEICORE_LAG_0"": 115.13517074446418, ""JPEICORE_LAG_1"": 98.4665358644977, ""LBUTTRUU_LAG_0"": 72.02940911939277, ""LBUTTRUU_LAG_1"": 66.23400769880573, ""LT11TRUU_LAG_0"": 126.52330541853007, ""LT11TRUU_LAG_1"": 114.40929061136421, ""SPXT_LAG_0"": 240.41525043371303, ""SPXT_LAG_1"": 215.91808762568462, ""STATE_LAG_0"": 1647.8849922413729}","{""DBLCIX_LAG_0"": 49, ""DBLCIX_LAG_1"": 49, ""DURATION_STATE_0"": 49, ""DURATION_STATE_1"": 49, ""DURATION_STATE_2"": 49, ""DURATION_STATE_3"": 49, ""IBOXIG_LAG_0"": 49, ""IBOXIG_LAG_1"": 49, ""JPEICORE_LAG_0"": 49, ""JPEICORE_LAG_1"": 49, ""LBUTTRUU_LAG_0"": 49, ""LBUTTRUU_LAG_1"": 49, ""LT11TRUU_LAG_0"": 49, ""LT11TRUU_LAG_1"": 49, ""SPXT_LAG_0"": 49, ""SPXT_LAG_1"": 49, ""STATE_LAG_0"": 49}",2317,validation,2009-06-02,2016-12-30,0.01,100.0,1890
multinomial_logistic_gam,0.4058772112275324,0.8774566473988439,0.20483390845245045,4,0,1,6,0.05,17,STATE_LAG_0|SPXT_LAG_0|DBLCIX_LAG_0|IBOXIG_LAG_0|JPEICORE_LAG_0|LT11TRUU_LAG_0|LBUTTRUU_LAG_0|SPXT_LAG_1|DBLCIX_LAG_1|IBOXIG_LAG_1|JPEICORE_LAG_1|LT11TRUU_LAG_1|LBUTTRUU_LAG_1|DURATION_STATE_0|DURATION_STATE_1|DURATION_STATE_2|DURATION_STATE_3,0.02,True,"{""DBLCIX_LAG_0"": 0.02, ""DBLCIX_LAG_1"": 0.02, ""DURATION_STATE_0"": 0.02, ""DURATION_STATE_1"": 0.02, ""DURATION_STATE_2"": 0.02, ""DURATION_STATE_3"": 0.02, ""IBOXIG_LAG_0"": 0.02, ""IBOXIG_LAG_1"": 0.02, ""JPEICORE_LAG_0"": 0.02, ""JPEICORE_LAG_1"": 0.02, ""LBUTTRUU_LAG_0"": 0.02, ""LBUTTRUU_LAG_1"": 0.02, ""LT11TRUU_LAG_0"": 0.02, ""LT11TRUU_LAG_1"": 0.02, ""SPXT_LAG_0"": 0.02, ""SPXT_LAG_1"": 0.02, ""STATE_LAG_0"": 0.02}",regularized_bootstrap,1.0,49,"{""DBLCIX_LAG_0"": 87.99572927287454, ""DBLCIX_LAG_1"": 85.3125180051129, ""DURATION_STATE_0"": 1191.124436786458, ""DURATION_STATE_1"": 453.64396185728015, ""DURATION_STATE_2"": 1080.4551776755338, ""DURATION_STATE_3"": 142.51556197434206, ""IBOXIG_LAG_0"": 70.98182151048195, ""IBOXIG_LAG_1"": 66.13256048535959, ""JPEICORE_LAG_0"": 115.13517074446418, ""JPEICORE_LAG_1"": 98.4665358644977, ""LBUTTRUU_LAG_0"": 72.02940911939277, ""LBUTTRUU_LAG_1"": 66.23400769880573, ""LT11TRUU_LAG_0"": 126.52330541853007, ""LT11TRUU_LAG_1"": 114.40929061136421, ""SPXT_LAG_0"": 240.41525043371303, ""SPXT_LAG_1"": 215.91808762568462, ""STATE_LAG_0"": 1647.8849922413729}","{""DBLCIX_LAG_0"": 49, ""DBLCIX_LAG_1"": 49, ""DURATION_STATE_0"": 49, ""DURATION_STATE_1"": 49, ""DURATION_STATE_2"": 49, ""DURATION_STATE_3"": 49, ""IBOXIG_LAG_0"": 49, ""IBOXIG_LAG_1"": 49, ""JPEICORE_LAG_0"": 49, ""JPEICORE_LAG_1"": 49, ""LBUTTRUU_LAG_0"": 49, ""LBUTTRUU_LAG_1"": 49, ""LT11TRUU_LAG_0"": 49, ""LT11TRUU_LAG_1"": 49, ""SPXT_LAG_0"": 49, ""SPXT_LAG_1"": 49, ""STATE_LAG_0"": 49}",2317,prediction,2017-01-03,2023-12-05,0.01,100.0,1730
multinomial_logistic_gam,0.5758036155026106,0.817989417989418,0.31338164602835794,4,0,1,6,0.05,17,STATE_LAG_0|SPXT_LAG_0|DBLCIX_LAG_0|IBOXIG_LAG_0|JPEICORE_LAG_0|LT11TRUU_LAG_0|LBUTTRUU_LAG_0|SPXT_LAG_1|DBLCIX_LAG_1|IBOXIG_LAG_1|JPEICORE_LAG_1|LT11TRUU_LAG_1|LBUTTRUU_LAG_1|DURATION_STATE_0|DURATION_STATE_1|DURATION_STATE_2|DURATION_STATE_3,0.02,True,"{""DBLCIX_LAG_0"": 0.02, ""DBLCIX_LAG_1"": 0.02, ""DURATION_STATE_0"": 0.02, ""DURATION_STATE_1"": 0.02, ""DURATION_STATE_2"": 0.02, ""DURATION_STATE_3"": 0.02, ""IBOXIG_LAG_0"": 0.02, ""IBOXIG_LAG_1"": 0.02, ""JPEICORE_LAG_0"": 0.02, ""JPEICORE_LAG_1"": 0.02, ""LBUTTRUU_LAG_0"": 0.02, ""LBUTTRUU_LAG_1"": 0.02, ""LT11TRUU_LAG_0"": 0.02, ""LT11TRUU_LAG_1"": 0.02, ""SPXT_LAG_0"": 0.02, ""SPXT_LAG_1"": 0.02, ""STATE_LAG_0"": 0.02}",regularized_bootstrap,1.0,49,"{""DBLCIX_LAG_0"": 87.99572927287454, ""DBLCIX_LAG_1"": 85.3125180051129, ""DURATION_STATE_0"": 1191.124436786458, ""DURATION_STATE_1"": 453.64396185728015, ""DURATION_STATE_2"": 1080.4551776755338, ""DURATION_STATE_3"": 142.51556197434206, ""IBOXIG_LAG_0"": 70.98182151048195, ""IBOXIG_LAG_1"": 66.13256048535959, ""JPEICORE_LAG_0"": 115.13517074446418, ""JPEICORE_LAG_1"": 98.4665358644977, ""LBUTTRUU_LAG_0"": 72.02940911939277, ""LBUTTRUU_LAG_1"": 66.23400769880573, ""LT11TRUU_LAG_0"": 126.52330541853007, ""LT11TRUU_LAG_1"": 114.40929061136421, ""SPXT_LAG_0"": 240.41525043371303, ""SPXT_LAG_1"": 215.91808762568462, ""STATE_LAG_0"": 1647.8849922413729}","{""DBLCIX_LAG_0"": 49, ""DBLCIX_LAG_1"": 49, ""DURATION_STATE_0"": 49, ""DURATION_STATE_1"": 49, ""DURATION_STATE_2"": 49, ""DURATION_STATE_3"": 49, ""IBOXIG_LAG_0"": 49, ""IBOXIG_LAG_1"": 49, ""JPEICORE_LAG_0"": 49, ""JPEICORE_LAG_1"": 49, ""LBUTTRUU_LAG_0"": 49, ""LBUTTRUU_LAG_1"": 49, ""LT11TRUU_LAG_0"": 49, ""LT11TRUU_LAG_1"": 49, ""SPXT_LAG_0"": 49, ""SPXT_LAG_1"": 49, ""STATE_LAG_0"": 49}",2317,validation,2009-06-02,2016-12-30,0.1,10.0,1890
multinomial_logistic_gam,0.4059795551007391,0.8826589595375722,0.20475936077866835,4,0,1,6,0.05,17,STATE_LAG_0|SPXT_LAG_0|DBLCIX_LAG_0|IBOXIG_LAG_0|JPEICORE_LAG_0|LT11TRUU_LAG_0|LBUTTRUU_LAG_0|SPXT_LAG_1|DBLCIX_LAG_1|IBOXIG_LAG_1|JPEICORE_LAG_1|LT11TRUU_LAG_1|LBUTTRUU_LAG_1|DURATION_STATE_0|DURATION_STATE_1|DURATION_STATE_2|DURATION_STATE_3,0.02,True,"{""DBLCIX_LAG_0"": 0.02, ""DBLCIX_LAG_1"": 0.02, ""DURATION_STATE_0"": 0.02, ""DURATION_STATE_1"": 0.02, ""DURATION_STATE_2"": 0.02, ""DURATION_STATE_3"": 0.02, ""IBOXIG_LAG_0"": 0.02, ""IBOXIG_LAG_1"": 0.02, ""JPEICORE_LAG_0"": 0.02, ""JPEICORE_LAG_1"": 0.02, ""LBUTTRUU_LAG_0"": 0.02, ""LBUTTRUU_LAG_1"": 0.02, ""LT11TRUU_LAG_0"": 0.02, ""LT11TRUU_LAG_1"": 0.02, ""SPXT_LAG_0"": 0.02, ""SPXT_LAG_1"": 0.02, ""STATE_LAG_0"": 0.02}",regularized_bootstrap,1.0,49,"{""DBLCIX_LAG_0"": 87.99572927287454, ""DBLCIX_LAG_1"": 85.3125180051129, ""DURATION_STATE_0"": 1191.124436786458, ""DURATION_STATE_1"": 453.64396185728015, ""DURATION_STATE_2"": 1080.4551776755338, ""DURATION_STATE_3"": 142.51556197434206, ""IBOXIG_LAG_0"": 70.98182151048195, ""IBOXIG_LAG_1"": 66.13256048535959, ""JPEICORE_LAG_0"": 115.13517074446418, ""JPEICORE_LAG_1"": 98.4665358644977, ""LBUTTRUU_LAG_0"": 72.02940911939277, ""LBUTTRUU_LAG_1"": 66.23400769880573, ""LT11TRUU_LAG_0"": 126.52330541853007, ""LT11TRUU_LAG_1"": 114.40929061136421, ""SPXT_LAG_0"": 240.41525043371303, ""SPXT_LAG_1"": 215.91808762568462, ""STATE_LAG_0"": 1647.8849922413729}","{""DBLCIX_LAG_0"": 49, ""DBLCIX_LAG_1"": 49, ""DURATION_STATE_0"": 49, ""DURATION_STATE_1"": 49, ""DURATION_STATE_2"": 49, ""DURATION_STATE_3"": 49, ""IBOXIG_LAG_0"": 49, ""IBOXIG_LAG_1"": 49, ""JPEICORE_LAG_0"": 49, ""JPEICORE_LAG_1"": 49, ""LBUTTRUU_LAG_0"": 49, ""LBUTTRUU_LAG_1"": 49, ""LT11TRUU_LAG_0"": 49, ""LT11TRUU_LAG_1"": 49, ""SPXT_LAG_0"": 49, ""SPXT_LAG_1"": 49, ""STATE_LAG_0"": 49}",2317,prediction,2017-01-03,2023-12-05,0.1,10.0,1730
multinomial_logistic_gam,0.6178800615114234,0.8185185185185185,0.32195415057711485,4,0,1,6,0.05,17,STATE_LAG_0|SPXT_LAG_0|DBLCIX_LAG_0|IBOXIG_LAG_0|JPEICORE_LAG_0|LT11TRUU_LAG_0|LBUTTRUU_LAG_0|SPXT_LAG_1|DBLCIX_LAG_1|IBOXIG_LAG_1|JPEICORE_LAG_1|LT11TRUU_LAG_1|LBUTTRUU_LAG_1|DURATION_STATE_0|DURATION_STATE_1|DURATION_STATE_2|DURATION_STATE_3,0.02,True,"{""DBLCIX_LAG_0"": 0.02, ""DBLCIX_LAG_1"": 0.02, ""DURATION_STATE_0"": 0.02, ""DURATION_STATE_1"": 0.02, ""DURATION_STATE_2"": 0.02, ""DURATION_STATE_3"": 0.02, ""IBOXIG_LAG_0"": 0.02, ""IBOXIG_LAG_1"": 0.02, ""JPEICORE_LAG_0"": 0.02, ""JPEICORE_LAG_1"": 0.02, ""LBUTTRUU_LAG_0"": 0.02, ""LBUTTRUU_LAG_1"": 0.02, ""LT11TRUU_LAG_0"": 0.02, ""LT11TRUU_LAG_1"": 0.02, ""SPXT_LAG_0"": 0.02, ""SPXT_LAG_1"": 0.02, ""STATE_LAG_0"": 0.02}",regularized_bootstrap,1.0,49,"{""DBLCIX_LAG_0"": 87.99572927287454, ""DBLCIX_LAG_1"": 85.3125180051129, ""DURATION_STATE_0"": 1191.124436786458, ""DURATION_STATE_1"": 453.64396185728015, ""DURATION_STATE_2"": 1080.4551776755338, ""DURATION_STATE_3"": 142.51556197434206, ""IBOXIG_LAG_0"": 70.98182151048195, ""IBOXIG_LAG_1"": 66.13256048535959, ""JPEICORE_LAG_0"": 115.13517074446418, ""JPEICORE_LAG_1"": 98.4665358644977, ""LBUTTRUU_LAG_0"": 72.02940911939277, ""LBUTTRUU_LAG_1"": 66.23400769880573, ""LT11TRUU_LAG_0"": 126.52330541853007, ""LT11TRUU_LAG_1"": 114.40929061136421, ""SPXT_LAG_0"": 240.41525043371303, ""SPXT_LAG_1"": 215.91808762568462, ""STATE_LAG_0"": 1647.8849922413729}","{""DBLCIX_LAG_0"": 49, ""DBLCIX_LAG_1"": 49, ""DURATION_STATE_0"": 49, ""DURATION_STATE_1"": 49, ""DURATION_STATE_2"": 49, ""DURATION_STATE_3"": 49, ""IBOXIG_LAG_0"": 49, ""IBOXIG_LAG_1"": 49, ""JPEICORE_LAG_0"": 49, ""JPEICORE_LAG_1"": 49, ""LBUTTRUU_LAG_0"": 49, ""LBUTTRUU_LAG_1"": 49, ""LT11TRUU_LAG_0"": 49, ""LT11TRUU_LAG_1"": 49, ""SPXT_LAG_0"": 49, ""SPXT_LAG_1"": 49, ""STATE_LAG_0"": 49}",2317,validation,2009-06-02,2016-12-30,1.0,1.0,1890
multinomial_logistic_gam,0.43565157174606917,0.8803468208092485,0.21221448722077488,4,0,1,6,0.05,17,STATE_LAG_0|SPXT_LAG_0|DBLCIX_LAG_0|IBOXIG_LAG_0|JPEICORE_LAG_0|LT11TRUU_LAG_0|LBUTTRUU_LAG_0|SPXT_LAG_1|DBLCIX_LAG_1|IBOXIG_LAG_1|JPEICORE_LAG_1|LT11TRUU_LAG_1|LBUTTRUU_LAG_1|DURATION_STATE_0|DURATION_STATE_1|DURATION_STATE_2|DURATION_STATE_3,0.02,True,"{""DBLCIX_LAG_0"": 0.02, ""DBLCIX_LAG_1"": 0.02, ""DURATION_STATE_0"": 0.02, ""DURATION_STATE_1"": 0.02, ""DURATION_STATE_2"": 0.02, ""DURATION_STATE_3"": 0.02, ""IBOXIG_LAG_0"": 0.02, ""IBOXIG_LAG_1"": 0.02, ""JPEICORE_LAG_0"": 0.02, ""JPEICORE_LAG_1"": 0.02, ""LBUTTRUU_LAG_0"": 0.02, ""LBUTTRUU_LAG_1"": 0.02, ""LT11TRUU_LAG_0"": 0.02, ""LT11TRUU_LAG_1"": 0.02, ""SPXT_LAG_0"": 0.02, ""SPXT_LAG_1"": 0.02, ""STATE_LAG_0"": 0.02}",regularized_bootstrap,1.0,49,"{""DBLCIX_LAG_0"": 87.99572927287454, ""DBLCIX_LAG_1"": 85.3125180051129, ""DURATION_STATE_0"": 1191.124436786458, ""DURATION_STATE_1"": 453.64396185728015, ""DURATION_STATE_2"": 1080.4551776755338, ""DURATION_STATE_3"": 142.51556197434206, ""IBOXIG_LAG_0"": 70.98182151048195, ""IBOXIG_LAG_1"": 66.13256048535959, ""JPEICORE_LAG_0"": 115.13517074446418, ""JPEICORE_LAG_1"": 98.4665358644977, ""LBUTTRUU_LAG_0"": 72.02940911939277, ""LBUTTRUU_LAG_1"": 66.23400769880573, ""LT11TRUU_LAG_0"": 126.52330541853007, ""LT11TRUU_LAG_1"": 114.40929061136421, ""SPXT_LAG_0"": 240.41525043371303, ""SPXT_LAG_1"": 215.91808762568462, ""STATE_LAG_0"": 1647.8849922413729}","{""DBLCIX_LAG_0"": 49, ""DBLCIX_LAG_1"": 49, ""DURATION_STATE_0"": 49, ""DURATION_STATE_1"": 49, ""DURATION_STATE_2"": 49, ""DURATION_STATE_3"": 49, ""IBOXIG_LAG_0"": 49, ""IBOXIG_LAG_1"": 49, ""JPEICORE_LAG_0"": 49, ""JPEICORE_LAG_1"": 49, ""LBUTTRUU_LAG_0"": 49, ""LBUTTRUU_LAG_1"": 49, ""LT11TRUU_LAG_0"": 49, ""LT11TRUU_LAG_1"": 49, ""SPXT_LAG_0"": 49, ""SPXT_LAG_1"": 49, ""STATE_LAG_0"": 49}",2317,prediction,2017-01-03,2023-12-05,1.0,1.0,1730
multinomial_logistic_gam,0.6963309884101426,0.8158730158730159,0.3303245058789589,4,0,1,6,0.05,17,STATE_LAG_0|SPXT_LAG_0|DBLCIX_LAG_0|IBOXIG_LAG_0|JPEICORE_LAG_0|LT11TRUU_LAG_0|LBUTTRUU_LAG_0|SPXT_LAG_1|DBLCIX_LAG_1|IBOXIG_LAG_1|JPEICORE_LAG_1|LT11TRUU_LAG_1|LBUTTRUU_LAG_1|DURATION_STATE_0|DURATION_STATE_1|DURATION_STATE_2|DURATION_STATE_3,0.02,True,"{""DBLCIX_LAG_0"": 0.02, ""DBLCIX_LAG_1"": 0.02, ""DURATION_STATE_0"": 0.02, ""DURATION_STATE_1"": 0.02, ""DURATION_STATE_2"": 0.02, ""DURATION_STATE_3"": 0.02, ""IBOXIG_LAG_0"": 0.02, ""IBOXIG_LAG_1"": 0.02, ""JPEICORE_LAG_0"": 0.02, ""JPEICORE_LAG_1"": 0.02, ""LBUTTRUU_LAG_0"": 0.02, ""LBUTTRUU_LAG_1"": 0.02, ""LT11TRUU_LAG_0"": 0.02, ""LT11TRUU_LAG_1"": 0.02, ""SPXT_LAG_0"": 0.02, ""SPXT_LAG_1"": 0.02, ""STATE_LAG_0"": 0.02}",regularized_bootstrap,1.0,49,"{""DBLCIX_LAG_0"": 87.99572927287454, ""DBLCIX_LAG_1"": 85.3125180051129, ""DURATION_STATE_0"": 1191.124436786458, ""DURATION_STATE_1"": 453.64396185728015, ""DURATION_STATE_2"": 1080.4551776755338, ""DURATION_STATE_3"": 142.51556197434206, ""IBOXIG_LAG_0"": 70.98182151048195, ""IBOXIG_LAG_1"": 66.13256048535959, ""JPEICORE_LAG_0"": 115.13517074446418, ""JPEICORE_LAG_1"": 98.4665358644977, ""LBUTTRUU_LAG_0"": 72.02940911939277, ""LBUTTRUU_LAG_1"": 66.23400769880573, ""LT11TRUU_LAG_0"": 126.52330541853007, ""LT11TRUU_LAG_1"": 114.40929061136421, ""SPXT_LAG_0"": 240.41525043371303, ""SPXT_LAG_1"": 215.91808762568462, ""STATE_LAG_0"": 1647.8849922413729}","{""DBLCIX_LAG_0"": 49, ""DBLCIX_LAG_1"": 49, ""DURATION_STATE_0"": 49, ""DURATION_STATE_1"": 49, ""DURATION_STATE_2"": 49, ""DURATION_STATE_3"": 49, ""IBOXIG_LAG_0"": 49, ""IBOXIG_LAG_1"": 49, ""JPEICORE_LAG_0"": 49, ""JPEICORE_LAG_1"": 49, ""LBUTTRUU_LAG_0"": 49, ""LBUTTRUU_LAG_1"": 49, ""LT11TRUU_LAG_0"": 49, ""LT11TRUU_LAG_1"": 49, ""SPXT_LAG_0"": 49, ""SPXT_LAG_1"": 49, ""STATE_LAG_0"": 49}",2317,validation,2009-06-02,2016-12-30,10.0,0.1,1890
multinomial_logistic_gam,0.5028326052202049,0.8786127167630058,0.21973346185710593,4,0,1,6,0.05,17,STATE_LAG_0|SPXT_LAG_0|DBLCIX_LAG_0|IBOXIG_LAG_0|JPEICORE_LAG_0|LT11TRUU_LAG_0|LBUTTRUU_LAG_0|SPXT_LAG_1|DBLCIX_LAG_1|IBOXIG_LAG_1|JPEICORE_LAG_1|LT11TRUU_LAG_1|LBUTTRUU_LAG_1|DURATION_STATE_0|DURATION_STATE_1|DURATION_STATE_2|DURATION_STATE_3,0.02,True,"{""DBLCIX_LAG_0"": 0.02, ""DBLCIX_LAG_1"": 0.02, ""DURATION_STATE_0"": 0.02, ""DURATION_STATE_1"": 0.02, ""DURATION_STATE_2"": 0.02, ""DURATION_STATE_3"": 0.02, ""IBOXIG_LAG_0"": 0.02, ""IBOXIG_LAG_1"": 0.02, ""JPEICORE_LAG_0"": 0.02, ""JPEICORE_LAG_1"": 0.02, ""LBUTTRUU_LAG_0"": 0.02, ""LBUTTRUU_LAG_1"": 0.02, ""LT11TRUU_LAG_0"": 0.02, ""LT11TRUU_LAG_1"": 0.02, ""SPXT_LAG_0"": 0.02, ""SPXT_LAG_1"": 0.02, ""STATE_LAG_0"": 0.02}",regularized_bootstrap,1.0,49,"{""DBLCIX_LAG_0"": 87.99572927287454, ""DBLCIX_LAG_1"": 85.3125180051129, ""DURATION_STATE_0"": 1191.124436786458, ""DURATION_STATE_1"": 453.64396185728015, ""DURATION_STATE_2"": 1080.4551776755338, ""DURATION_STATE_3"": 142.51556197434206, ""IBOXIG_LAG_0"": 70.98182151048195, ""IBOXIG_LAG_1"": 66.13256048535959, ""JPEICORE_LAG_0"": 115.13517074446418, ""JPEICORE_LAG_1"": 98.4665358644977, ""LBUTTRUU_LAG_0"": 72.02940911939277, ""LBUTTRUU_LAG_1"": 66.23400769880573, ""LT11TRUU_LAG_0"": 126.52330541853007, ""LT11TRUU_LAG_1"": 114.40929061136421, ""SPXT_LAG_0"": 240.41525043371303, ""SPXT_LAG_1"": 215.91808762568462, ""STATE_LAG_0"": 1647.8849922413729}","{""DBLCIX_LAG_0"": 49, ""DBLCIX_LAG_1"": 49, ""DURATION_STATE_0"": 49, ""DURATION_STATE_1"": 49, ""DURATION_STATE_2"": 49, ""DURATION_STATE_3"": 49, ""IBOXIG_LAG_0"": 49, ""IBOXIG_LAG_1"": 49, ""JPEICORE_LAG_0"": 49, ""JPEICORE_LAG_1"": 49, ""LBUTTRUU_LAG_0"": 49, ""LBUTTRUU_LAG_1"": 49, ""LT11TRUU_LAG_0"": 49, ""LT11TRUU_LAG_1"": 49, ""SPXT_LAG_0"": 49, ""SPXT_LAG_1"": 49, ""STATE_LAG_0"": 49}",2317,prediction,2017-01-03,2023-12-05,10.0,0.1,1730
multinomial_logistic_gam,0.5685569325195114,0.8042328042328042,0.31234593504146163,4,0,2,4,0.05,23,STATE_LAG_0|SPXT_LAG_0|DBLCIX_LAG_0|IBOXIG_LAG_0|JPEICORE_LAG_0|LT11TRUU_LAG_0|LBUTTRUU_LAG_0|SPXT_LAG_1|DBLCIX_LAG_1|IBOXIG_LAG_1|JPEICORE_LAG_1|LT11TRUU_LAG_1|LBUTTRUU_LAG_1|SPXT_LAG_2|DBLCIX_LAG_2|IBOXIG_LAG_2|JPEICORE_LAG_2|LT11TRUU_LAG_2|LBUTTRUU_LAG_2|DURATION_STATE_0|DURATION_STATE_1|DURATION_STATE_2|DURATION_STATE_3,0.02,True,"{""DBLCIX_LAG_0"": 0.02, ""DBLCIX_LAG_1"": 0.02, ""DBLCIX_LAG_2"": 0.02, ""DURATION_STATE_0"": 0.02, ""DURATION_STATE_1"": 0.02, ""DURATION_STATE_2"": 0.02, ""DURATION_STATE_3"": 0.02, ""IBOXIG_LAG_0"": 0.02, ""IBOXIG_LAG_1"": 0.02, ""IBOXIG_LAG_2"": 0.02, ""JPEICORE_LAG_0"": 0.02, ""JPEICORE_LAG_1"": 0.02, ""JPEICORE_LAG_2"": 0.02, ""LBUTTRUU_LAG_0"": 0.02, ""LBUTTRUU_LAG_1"": 0.02, ""LBUTTRUU_LAG_2"": 0.02, ""LT11TRUU_LAG_0"": 0.02, ""LT11TRUU_LAG_1"": 0.02, ""LT11TRUU_LAG_2"": 0.02, ""SPXT_LAG_0"": 0.02, ""SPXT_LAG_1"": 0.02, ""SPXT_LAG_2"": 0.02, ""STATE_LAG_0"": 0.02}",regularized_bootstrap,1.0,49,"{""DBLCIX_LAG_0"": 74.44843828034755, ""DBLCIX_LAG_1"": 71.80052339811255, ""DBLCIX_LAG_2"": 69.80330691601375, ""DURATION_STATE_0"": 1161.9068844923, ""DURATION_STATE_1"": 446.9032693740969, ""DURATION_STATE_2"": 1061.1595434511678, ""DURATION_STATE_3"": 139.95591949900654, ""IBOXIG_LAG_0"": 41.8652417161843, ""IBOXIG_LAG_1"": 38.28479318854261, ""IBOXIG_LAG_2"": 43.809309863992894, ""JPEICORE_LAG_0"": 58.618251284186954, ""JPEICORE_LAG_1"": 47.782468125230025, ""JPEICORE_LAG_2"": 44.43398727804515, ""LBUTTRUU_LAG_0"": 40.20546946570039, ""LBUTTRUU_LAG_1"": 34.99581042528234, ""LBUTTRUU_LAG_2"": 31.724727650129807, ""LT11TRUU_LAG_0"": 92.92315763309534, ""LT11TRUU_LAG_1"": 84.28797271630674, ""LT11TRUU_LAG_2"": 83.05991795973205, ""SPXT_LAG_0"": 125.4963199826957, ""SPXT_LAG_1"": 118.23341162199995, ""SPXT_LAG_2"": 115.7759825768926, ""STATE_LAG_0"": 1646.7190693613923}","{""DBLCIX_LAG_0"": 49, ""DBLCIX_LAG_1"": 49, ""DBLCIX_LAG_2"": 49, ""DURATION_STATE_0"": 49, ""DURATION_STATE_1"": 49, ""DURATION_STATE_2"": 49, ""DURATION_STATE_3"": 49, ""IBOXIG_LAG_0"": 49, ""IBOXIG_LAG_1"": 49, ""IBOXIG_LAG_2"": 49, ""JPEICORE_LAG_0"": 49, ""JPEICORE_LAG_1"": 49, ""JPEICORE_LAG_2"": 49, ""LBUTTRUU_LAG_0"": 49, ""LBUTTRUU_LAG_1"": 49, ""LBUTTRUU_LAG_2"": 49, ""LT11TRUU_LAG_0"": 49, ""LT11TRUU_LAG_1"": 49, ""LT11TRUU_LAG_2"": 49, ""SPXT_LAG_0"": 49, ""SPXT_LAG_1"": 49, ""SPXT_LAG_2"": 49, ""STATE_LAG_0"": 49}",2316,validation,2009-06-02,2016-12-30,0.01,100.0,1890
multinomial_logistic_gam,0.40898140320666476,0.8757225433526011,0.20625170015062003,4,0,2,4,0.05,23,STATE_LAG_0|SPXT_LAG_0|DBLCIX_LAG_0|IBOXIG_LAG_0|JPEICORE_LAG_0|LT11TRUU_LAG_0|LBUTTRUU_LAG_0|SPXT_LAG_1|DBLCIX_LAG_1|IBOXIG_LAG_1|JPEICORE_LAG_1|LT11TRUU_LAG_1|LBUTTRUU_LAG_1|SPXT_LAG_2|DBLCIX_LAG_2|IBOXIG_LAG_2|JPEICORE_LAG_2|LT11TRUU_LAG_2|LBUTTRUU_LAG_2|DURATION_STATE_0|DURATION_STATE_1|DURATION_STATE_2|DURATION_STATE_3,0.02,True,"{""DBLCIX_LAG_0"": 0.02, ""DBLCIX_LAG_1"": 0.02, ""DBLCIX_LAG_2"": 0.02, ""DURATION_STATE_0"": 0.02, ""DURATION_STATE_1"": 0.02, ""DURATION_STATE_2"": 0.02, ""DURATION_STATE_3"": 0.02, ""IBOXIG_LAG_0"": 0.02, ""IBOXIG_LAG_1"": 0.02, ""IBOXIG_LAG_2"": 0.02, ""JPEICORE_LAG_0"": 0.02, ""JPEICORE_LAG_1"": 0.02, ""JPEICORE_LAG_2"": 0.02, ""LBUTTRUU_LAG_0"": 0.02, ""LBUTTRUU_LAG_1"": 0.02, ""LBUTTRUU_LAG_2"": 0.02, ""LT11TRUU_LAG_0"": 0.02, ""LT11TRUU_LAG_1"": 0.02, ""LT11TRUU_LAG_2"": 0.02, ""SPXT_LAG_0"": 0.02, ""SPXT_LAG_1"": 0.02, ""SPXT_LAG_2"": 0.02, ""STATE_LAG_0"": 0.02}",regularized_bootstrap,1.0,49,"{""DBLCIX_LAG_0"": 74.44843828034755, ""DBLCIX_LAG_1"": 71.80052339811255, ""DBLCIX_LAG_2"": 69.80330691601375, ""DURATION_STATE_0"": 1161.9068844923, ""DURATION_STATE_1"": 446.9032693740969, ""DURATION_STATE_2"": 1061.1595434511678, ""DURATION_STATE_3"": 139.95591949900654, ""IBOXIG_LAG_0"": 41.8652417161843, ""IBOXIG_LAG_1"": 38.28479318854261, ""IBOXIG_LAG_2"": 43.809309863992894, ""JPEICORE_LAG_0"": 58.618251284186954, ""JPEICORE_LAG_1"": 47.782468125230025, ""JPEICORE_LAG_2"": 44.43398727804515, ""LBUTTRUU_LAG_0"": 40.20546946570039, ""LBUTTRUU_LAG_1"": 34.99581042528234, ""LBUTTRUU_LAG_2"": 31.724727650129807, ""LT11TRUU_LAG_0"": 92.92315763309534, ""LT11TRUU_LAG_1"": 84.28797271630674, ""LT11TRUU_LAG_2"": 83.05991795973205, ""SPXT_LAG_0"": 125.4963199826957, ""SPXT_LAG_1"": 118.23341162199995, ""SPXT_LAG_2"": 115.7759825768926, ""STATE_LAG_0"": 1646.7190693613923}","{""DBLCIX_LAG_0"": 49, ""DBLCIX_LAG_1"": 49, ""DBLCIX_LAG_2"": 49, ""DURATION_STATE_0"": 49, ""DURATION_STATE_1"": 49, ""DURATION_STATE_2"": 49, ""DURATION_STATE_3"": 49, ""IBOXIG_LAG_0"": 49, ""IBOXIG_LAG_1"": 49, ""IBOXIG_LAG_2"": 49, ""JPEICORE_LAG_0"": 49, ""JPEICORE_LAG_1"": 49, ""JPEICORE_LAG_2"": 49, ""LBUTTRUU_LAG_0"": 49, ""LBUTTRUU_LAG_1"": 49, ""LBUTTRUU_LAG_2"": 49, ""LT11TRUU_LAG_0"": 49, ""LT11TRUU_LAG_1"": 49, ""LT11TRUU_LAG_2"": 49, ""SPXT_LAG_0"": 49, ""SPXT_LAG_1"": 49, ""SPXT_LAG_2"": 49, ""STATE_LAG_0"": 49}",2316,prediction,2017-01-03,2023-12-05,0.01,100.0,1730
multinomial_logistic_gam,0.5757953504487857,0.8137566137566138,0.31423572462940597,4,0,2,4,0.05,23,STATE_LAG_0|SPXT_LAG_0|DBLCIX_LAG_0|IBOXIG_LAG_0|JPEICORE_LAG_0|LT11TRUU_LAG_0|LBUTTRUU_LAG_0|SPXT_LAG_1|DBLCIX_LAG_1|IBOXIG_LAG_1|JPEICORE_LAG_1|LT11TRUU_LAG_1|LBUTTRUU_LAG_1|SPXT_LAG_2|DBLCIX_LAG_2|IBOXIG_LAG_2|JPEICORE_LAG_2|LT11TRUU_LAG_2|LBUTTRUU_LAG_2|DURATION_STATE_0|DURATION_STATE_1|DURATION_STATE_2|DURATION_STATE_3,0.02,True,"{""DBLCIX_LAG_0"": 0.02, ""DBLCIX_LAG_1"": 0.02, ""DBLCIX_LAG_2"": 0.02, ""DURATION_STATE_0"": 0.02, ""DURATION_STATE_1"": 0.02, ""DURATION_STATE_2"": 0.02, ""DURATION_STATE_3"": 0.02, ""IBOXIG_LAG_0"": 0.02, ""IBOXIG_LAG_1"": 0.02, ""IBOXIG_LAG_2"": 0.02, ""JPEICORE_LAG_0"": 0.02, ""JPEICORE_LAG_1"": 0.02, ""JPEICORE_LAG_2"": 0.02, ""LBUTTRUU_LAG_0"": 0.02, ""LBUTTRUU_LAG_1"": 0.02, ""LBUTTRUU_LAG_2"": 0.02, ""LT11TRUU_LAG_0"": 0.02, ""LT11TRUU_LAG_1"": 0.02, ""LT11TRUU_LAG_2"": 0.02, ""SPXT_LAG_0"": 0.02, ""SPXT_LAG_1"": 0.02, ""SPXT_LAG_2"": 0.02, ""STATE_LAG_0"": 0.02}",regularized_bootstrap,1.0,49,"{""DBLCIX_LAG_0"": 74.44843828034755, ""DBLCIX_LAG_1"": 71.80052339811255, ""DBLCIX_LAG_2"": 69.80330691601375, ""DURATION_STATE_0"": 1161.9068844923, ""DURATION_STATE_1"": 446.9032693740969, ""DURATION_STATE_2"": 1061.1595434511678, ""DURATION_STATE_3"": 139.95591949900654, ""IBOXIG_LAG_0"": 41.8652417161843, ""IBOXIG_LAG_1"": 38.28479318854261, ""IBOXIG_LAG_2"": 43.809309863992894, ""JPEICORE_LAG_0"": 58.618251284186954, ""JPEICORE_LAG_1"": 47.782468125230025, ""JPEICORE_LAG_2"": 44.43398727804515, ""LBUTTRUU_LAG_0"": 40.20546946570039, ""LBUTTRUU_LAG_1"": 34.99581042528234, ""LBUTTRUU_LAG_2"": 31.724727650129807, ""LT11TRUU_LAG_0"": 92.92315763309534, ""LT11TRUU_LAG_1"": 84.28797271630674, ""LT11TRUU_LAG_2"": 83.05991795973205, ""SPXT_LAG_0"": 125.4963199826957, ""SPXT_LAG_1"": 118.23341162199995, ""SPXT_LAG_2"": 115.7759825768926, ""STATE_LAG_0"": 1646.7190693613923}","{""DBLCIX_LAG_0"": 49, ""DBLCIX_LAG_1"": 49, ""DBLCIX_LAG_2"": 49, ""DURATION_STATE_0"": 49, ""DURATION_STATE_1"": 49, ""DURATION_STATE_2"": 49, ""DURATION_STATE_3"": 49, ""IBOXIG_LAG_0"": 49, ""IBOXIG_LAG_1"": 49, ""IBOXIG_LAG_2"": 49, ""JPEICORE_LAG_0"": 49, ""JPEICORE_LAG_1"": 49, ""JPEICORE_LAG_2"": 49, ""LBUTTRUU_LAG_0"": 49, ""LBUTTRUU_LAG_1"": 49, ""LBUTTRUU_LAG_2"": 49, ""LT11TRUU_LAG_0"": 49, ""LT11TRUU_LAG_1"": 49, ""LT11TRUU_LAG_2"": 49, ""SPXT_LAG_0"": 49, ""SPXT_LAG_1"": 49, ""SPXT_LAG_2"": 49, ""STATE_LAG_0"": 49}",2316,validation,2009-06-02,2016-12-30,0.1,10.0,1890
multinomial_logistic_gam,0.41129019875544703,0.876878612716763,0.20687405112534324,4,0,2,4,0.05,23,STATE_LAG_0|SPXT_LAG_0|DBLCIX_LAG_0|IBOXIG_LAG_0|JPEICORE_LAG_0|LT11TRUU_LAG_0|LBUTTRUU_LAG_0|SPXT_LAG_1|DBLCIX_LAG_1|IBOXIG_LAG_1|JPEICORE_LAG_1|LT11TRUU_LAG_1|LBUTTRUU_LAG_1|SPXT_LAG_2|DBLCIX_LAG_2|IBOXIG_LAG_2|JPEICORE_LAG_2|LT11TRUU_LAG_2|LBUTTRUU_LAG_2|DURATION_STATE_0|DURATION_STATE_1|DURATION_STATE_2|DURATION_STATE_3,0.02,True,"{""DBLCIX_LAG_0"": 0.02, ""DBLCIX_LAG_1"": 0.02, ""DBLCIX_LAG_2"": 0.02, ""DURATION_STATE_0"": 0.02, ""DURATION_STATE_1"": 0.02, ""DURATION_STATE_2"": 0.02, ""DURATION_STATE_3"": 0.02, ""IBOXIG_LAG_0"": 0.02, ""IBOXIG_LAG_1"": 0.02, ""IBOXIG_LAG_2"": 0.02, ""JPEICORE_LAG_0"": 0.02, ""JPEICORE_LAG_1"": 0.02, ""JPEICORE_LAG_2"": 0.02, ""LBUTTRUU_LAG_0"": 0.02, ""LBUTTRUU_LAG_1"": 0.02, ""LBUTTRUU_LAG_2"": 0.02, ""LT11TRUU_LAG_0"": 0.02, ""LT11TRUU_LAG_1"": 0.02, ""LT11TRUU_LAG_2"": 0.02, ""SPXT_LAG_0"": 0.02, ""SPXT_LAG_1"": 0.02, ""SPXT_LAG_2"": 0.02, ""STATE_LAG_0"": 0.02}",regularized_bootstrap,1.0,49,"{""DBLCIX_LAG_0"": 74.44843828034755, ""DBLCIX_LAG_1"": 71.80052339811255, ""DBLCIX_LAG_2"": 69.80330691601375, ""DURATION_STATE_0"": 1161.9068844923, ""DURATION_STATE_1"": 446.9032693740969, ""DURATION_STATE_2"": 1061.1595434511678, ""DURATION_STATE_3"": 139.95591949900654, ""IBOXIG_LAG_0"": 41.8652417161843, ""IBOXIG_LAG_1"": 38.28479318854261, ""IBOXIG_LAG_2"": 43.809309863992894, ""JPEICORE_LAG_0"": 58.618251284186954, ""JPEICORE_LAG_1"": 47.782468125230025, ""JPEICORE_LAG_2"": 44.43398727804515, ""LBUTTRUU_LAG_0"": 40.20546946570039, ""LBUTTRUU_LAG_1"": 34.99581042528234, ""LBUTTRUU_LAG_2"": 31.724727650129807, ""LT11TRUU_LAG_0"": 92.92315763309534, ""LT11TRUU_LAG_1"": 84.28797271630674, ""LT11TRUU_LAG_2"": 83.05991795973205, ""SPXT_LAG_0"": 125.4963199826957, ""SPXT_LAG_1"": 118.23341162199995, ""SPXT_LAG_2"": 115.7759825768926, ""STATE_LAG_0"": 1646.7190693613923}","{""DBLCIX_LAG_0"": 49, ""DBLCIX_LAG_1"": 49, ""DBLCIX_LAG_2"": 49, ""DURATION_STATE_0"": 49, ""DURATION_STATE_1"": 49, ""DURATION_STATE_2"": 49, ""DURATION_STATE_3"": 49, ""IBOXIG_LAG_0"": 49, ""IBOXIG_LAG_1"": 49, ""IBOXIG_LAG_2"": 49, ""JPEICORE_LAG_0"": 49, ""JPEICORE_LAG_1"": 49, ""JPEICORE_LAG_2"": 49, ""LBUTTRUU_LAG_0"": 49, ""LBUTTRUU_LAG_1"": 49, ""LBUTTRUU_LAG_2"": 49, ""LT11TRUU_LAG_0"": 49, ""LT11TRUU_LAG_1"": 49, ""LT11TRUU_LAG_2"": 49, ""SPXT_LAG_0"": 49, ""SPXT_LAG_1"": 49, ""SPXT_LAG_2"": 49, ""STATE_LAG_0"": 49}",2316,prediction,2017-01-03,2023-12-05,0.1,10.0,1730
multinomial_logistic_gam,0.6202079042351586,0.8164021164021164,0.32345477213087265,4,0,2,4,0.05,23,STATE_LAG_0|SPXT_LAG_0|DBLCIX_LAG_0|IBOXIG_LAG_0|JPEICORE_LAG_0|LT11TRUU_LAG_0|LBUTTRUU_LAG_0|SPXT_LAG_1|DBLCIX_LAG_1|IBOXIG_LAG_1|JPEICORE_LAG_1|LT11TRUU_LAG_1|LBUTTRUU_LAG_1|SPXT_LAG_2|DBLCIX_LAG_2|IBOXIG_LAG_2|JPEICORE_LAG_2|LT11TRUU_LAG_2|LBUTTRUU_LAG_2|DURATION_STATE_0|DURATION_STATE_1|DURATION_STATE_2|DURATION_STATE_3,0.02,True,"{""DBLCIX_LAG_0"": 0.02, ""DBLCIX_LAG_1"": 0.02, ""DBLCIX_LAG_2"": 0.02, ""DURATION_STATE_0"": 0.02, ""DURATION_STATE_1"": 0.02, ""DURATION_STATE_2"": 0.02, ""DURATION_STATE_3"": 0.02, ""IBOXIG_LAG_0"": 0.02, ""IBOXIG_LAG_1"": 0.02, ""IBOXIG_LAG_2"": 0.02, ""JPEICORE_LAG_0"": 0.02, ""JPEICORE_LAG_1"": 0.02, ""JPEICORE_LAG_2"": 0.02, ""LBUTTRUU_LAG_0"": 0.02, ""LBUTTRUU_LAG_1"": 0.02, ""LBUTTRUU_LAG_2"": 0.02, ""LT11TRUU_LAG_0"": 0.02, ""LT11TRUU_LAG_1"": 0.02, ""LT11TRUU_LAG_2"": 0.02, ""SPXT_LAG_0"": 0.02, ""SPXT_LAG_1"": 0.02, ""SPXT_LAG_2"": 0.02, ""STATE_LAG_0"": 0.02}",regularized_bootstrap,1.0,49,"{""DBLCIX_LAG_0"": 74.44843828034755, ""DBLCIX_LAG_1"": 71.80052339811255, ""DBLCIX_LAG_2"": 69.80330691601375, ""DURATION_STATE_0"": 1161.9068844923, ""DURATION_STATE_1"": 446.9032693740969, ""DURATION_STATE_2"": 1061.1595434511678, ""DURATION_STATE_3"": 139.95591949900654, ""IBOXIG_LAG_0"": 41.8652417161843, ""IBOXIG_LAG_1"": 38.28479318854261, ""IBOXIG_LAG_2"": 43.809309863992894, ""JPEICORE_LAG_0"": 58.618251284186954, ""JPEICORE_LAG_1"": 47.782468125230025, ""JPEICORE_LAG_2"": 44.43398727804515, ""LBUTTRUU_LAG_0"": 40.20546946570039, ""LBUTTRUU_LAG_1"": 34.99581042528234, ""LBUTTRUU_LAG_2"": 31.724727650129807, ""LT11TRUU_LAG_0"": 92.92315763309534, ""LT11TRUU_LAG_1"": 84.28797271630674, ""LT11TRUU_LAG_2"": 83.05991795973205, ""SPXT_LAG_0"": 125.4963199826957, ""SPXT_LAG_1"": 118.23341162199995, ""SPXT_LAG_2"": 115.7759825768926, ""STATE_LAG_0"": 1646.7190693613923}","{""DBLCIX_LAG_0"": 49, ""DBLCIX_LAG_1"": 49, ""DBLCIX_LAG_2"": 49, ""DURATION_STATE_0"": 49, ""DURATION_STATE_1"": 49, ""DURATION_STATE_2"": 49, ""DURATION_STATE_3"": 49, ""IBOXIG_LAG_0"": 49, ""IBOXIG_LAG_1"": 49, ""IBOXIG_LAG_2"": 49, ""JPEICORE_LAG_0"": 49, ""JPEICORE_LAG_1"": 49, ""JPEICORE_LAG_2"": 49, ""LBUTTRUU_LAG_0"": 49, ""LBUTTRUU_LAG_1"": 49, ""LBUTTRUU_LAG_2"": 49, ""LT11TRUU_LAG_0"": 49, ""LT11TRUU_LAG_1"": 49, ""LT11TRUU_LAG_2"": 49, ""SPXT_LAG_0"": 49, ""SPXT_LAG_1"": 49, ""SPXT_LAG_2"": 49, ""STATE_LAG_0"": 49}",2316,validation,2009-06-02,2016-12-30,1.0,1.0,1890
multinomial_logistic_gam,0.44922287979322717,0.876878612716763,0.215615652704344,4,0,2,4,0.05,23,STATE_LAG_0|SPXT_LAG_0|DBLCIX_LAG_0|IBOXIG_LAG_0|JPEICORE_LAG_0|LT11TRUU_LAG_0|LBUTTRUU_LAG_0|SPXT_LAG_1|DBLCIX_LAG_1|IBOXIG_LAG_1|JPEICORE_LAG_1|LT11TRUU_LAG_1|LBUTTRUU_LAG_1|SPXT_LAG_2|DBLCIX_LAG_2|IBOXIG_LAG_2|JPEICORE_LAG_2|LT11TRUU_LAG_2|LBUTTRUU_LAG_2|DURATION_STATE_0|DURATION_STATE_1|DURATION_STATE_2|DURATION_STATE_3,0.02,True,"{""DBLCIX_LAG_0"": 0.02, ""DBLCIX_LAG_1"": 0.02, ""DBLCIX_LAG_2"": 0.02, ""DURATION_STATE_0"": 0.02, ""DURATION_STATE_1"": 0.02, ""DURATION_STATE_2"": 0.02, ""DURATION_STATE_3"": 0.02, ""IBOXIG_LAG_0"": 0.02, ""IBOXIG_LAG_1"": 0.02, ""IBOXIG_LAG_2"": 0.02, ""JPEICORE_LAG_0"": 0.02, ""JPEICORE_LAG_1"": 0.02, ""JPEICORE_LAG_2"": 0.02, ""LBUTTRUU_LAG_0"": 0.02, ""LBUTTRUU_LAG_1"": 0.02, ""LBUTTRUU_LAG_2"": 0.02, ""LT11TRUU_LAG_0"": 0.02, ""LT11TRUU_LAG_1"": 0.02, ""LT11TRUU_LAG_2"": 0.02, ""SPXT_LAG_0"": 0.02, ""SPXT_LAG_1"": 0.02, ""SPXT_LAG_2"": 0.02, ""STATE_LAG_0"": 0.02}",regularized_bootstrap,1.0,49,"{""DBLCIX_LAG_0"": 74.44843828034755, ""DBLCIX_LAG_1"": 71.80052339811255, ""DBLCIX_LAG_2"": 69.80330691601375, ""DURATION_STATE_0"": 1161.9068844923, ""DURATION_STATE_1"": 446.9032693740969, ""DURATION_STATE_2"": 1061.1595434511678, ""DURATION_STATE_3"": 139.95591949900654, ""IBOXIG_LAG_0"": 41.8652417161843, ""IBOXIG_LAG_1"": 38.28479318854261, ""IBOXIG_LAG_2"": 43.809309863992894, ""JPEICORE_LAG_0"": 58.618251284186954, ""JPEICORE_LAG_1"": 47.782468125230025, ""JPEICORE_LAG_2"": 44.43398727804515, ""LBUTTRUU_LAG_0"": 40.20546946570039, ""LBUTTRUU_LAG_1"": 34.99581042528234, ""LBUTTRUU_LAG_2"": 31.724727650129807, ""LT11TRUU_LAG_0"": 92.92315763309534, ""LT11TRUU_LAG_1"": 84.28797271630674, ""LT11TRUU_LAG_2"": 83.05991795973205, ""SPXT_LAG_0"": 125.4963199826957, ""SPXT_LAG_1"": 118.23341162199995, ""SPXT_LAG_2"": 115.7759825768926, ""STATE_LAG_0"": 1646.7190693613923}","{""DBLCIX_LAG_0"": 49, ""DBLCIX_LAG_1"": 49, ""DBLCIX_LAG_2"": 49, ""DURATION_STATE_0"": 49, ""DURATION_STATE_1"": 49, ""DURATION_STATE_2"": 49, ""DURATION_STATE_3"": 49, ""IBOXIG_LAG_0"": 49, ""IBOXIG_LAG_1"": 49, ""IBOXIG_LAG_2"": 49, ""JPEICORE_LAG_0"": 49, ""JPEICORE_LAG_1"": 49, ""JPEICORE_LAG_2"": 49, ""LBUTTRUU_LAG_0"": 49, ""LBUTTRUU_LAG_1"": 49, ""LBUTTRUU_LAG_2"": 49, ""LT11TRUU_LAG_0"": 49, ""LT11TRUU_LAG_1"": 49, ""LT11TRUU_LAG_2"": 49, ""SPXT_LAG_0"": 49, ""SPXT_LAG_1"": 49, ""SPXT_LAG_2"": 49, ""STATE_LAG_0"": 49}",2316,prediction,2017-01-03,2023-12-05,1.0,1.0,1730
multinomial_logistic_gam,0.7095934524669609,0.8126984126984127,0.33495374308657,4,0,2,4,0.05,23,STATE_LAG_0|SPXT_LAG_0|DBLCIX_LAG_0|IBOXIG_LAG_0|JPEICORE_LAG_0|LT11TRUU_LAG_0|LBUTTRUU_LAG_0|SPXT_LAG_1|DBLCIX_LAG_1|IBOXIG_LAG_1|JPEICORE_LAG_1|LT11TRUU_LAG_1|LBUTTRUU_LAG_1|SPXT_LAG_2|DBLCIX_LAG_2|IBOXIG_LAG_2|JPEICORE_LAG_2|LT11TRUU_LAG_2|LBUTTRUU_LAG_2|DURATION_STATE_0|DURATION_STATE_1|DURATION_STATE_2|DURATION_STATE_3,0.02,True,"{""DBLCIX_LAG_0"": 0.02, ""DBLCIX_LAG_1"": 0.02, ""DBLCIX_LAG_2"": 0.02, ""DURATION_STATE_0"": 0.02, ""DURATION_STATE_1"": 0.02, ""DURATION_STATE_2"": 0.02, ""DURATION_STATE_3"": 0.02, ""IBOXIG_LAG_0"": 0.02, ""IBOXIG_LAG_1"": 0.02, ""IBOXIG_LAG_2"": 0.02, ""JPEICORE_LAG_0"": 0.02, ""JPEICORE_LAG_1"": 0.02, ""JPEICORE_LAG_2"": 0.02, ""LBUTTRUU_LAG_0"": 0.02, ""LBUTTRUU_LAG_1"": 0.02, ""LBUTTRUU_LAG_2"": 0.02, ""LT11TRUU_LAG_0"": 0.02, ""LT11TRUU_LAG_1"": 0.02, ""LT11TRUU_LAG_2"": 0.02, ""SPXT_LAG_0"": 0.02, ""SPXT_LAG_1"": 0.02, ""SPXT_LAG_2"": 0.02, ""STATE_LAG_0"": 0.02}",regularized_bootstrap,1.0,49,"{""DBLCIX_LAG_0"": 74.44843828034755, ""DBLCIX_LAG_1"": 71.80052339811255, ""DBLCIX_LAG_2"": 69.80330691601375, ""DURATION_STATE_0"": 1161.9068844923, ""DURATION_STATE_1"": 446.9032693740969, ""DURATION_STATE_2"": 1061.1595434511678, ""DURATION_STATE_3"": 139.95591949900654, ""IBOXIG_LAG_0"": 41.8652417161843, ""IBOXIG_LAG_1"": 38.28479318854261, ""IBOXIG_LAG_2"": 43.809309863992894, ""JPEICORE_LAG_0"": 58.618251284186954, ""JPEICORE_LAG_1"": 47.782468125230025, ""JPEICORE_LAG_2"": 44.43398727804515, ""LBUTTRUU_LAG_0"": 40.20546946570039, ""LBUTTRUU_LAG_1"": 34.99581042528234, ""LBUTTRUU_LAG_2"": 31.724727650129807, ""LT11TRUU_LAG_0"": 92.92315763309534, ""LT11TRUU_LAG_1"": 84.28797271630674, ""LT11TRUU_LAG_2"": 83.05991795973205, ""SPXT_LAG_0"": 125.4963199826957, ""SPXT_LAG_1"": 118.23341162199995, ""SPXT_LAG_2"": 115.7759825768926, ""STATE_LAG_0"": 1646.7190693613923}","{""DBLCIX_LAG_0"": 49, ""DBLCIX_LAG_1"": 49, ""DBLCIX_LAG_2"": 49, ""DURATION_STATE_0"": 49, ""DURATION_STATE_1"": 49, ""DURATION_STATE_2"": 49, ""DURATION_STATE_3"": 49, ""IBOXIG_LAG_0"": 49, ""IBOXIG_LAG_1"": 49, ""IBOXIG_LAG_2"": 49, ""JPEICORE_LAG_0"": 49, ""JPEICORE_LAG_1"": 49, ""JPEICORE_LAG_2"": 49, ""LBUTTRUU_LAG_0"": 49, ""LBUTTRUU_LAG_1"": 49, ""LBUTTRUU_LAG_2"": 49, ""LT11TRUU_LAG_0"": 49, ""LT11TRUU_LAG_1"": 49, ""LT11TRUU_LAG_2"": 49, ""SPXT_LAG_0"": 49, ""SPXT_LAG_1"": 49, ""SPXT_LAG_2"": 49, ""STATE_LAG_0"": 49}",2316,validation,2009-06-02,2016-12-30,10.0,0.1,1890
multinomial_logistic_gam,0.5289699317452953,0.8751445086705202,0.22201377805599767,4,0,2,4,0.05,23,STATE_LAG_0|SPXT_LAG_0|DBLCIX_LAG_0|IBOXIG_LAG_0|JPEICORE_LAG_0|LT11TRUU_LAG_0|LBUTTRUU_LAG_0|SPXT_LAG_1|DBLCIX_LAG_1|IBOXIG_LAG_1|JPEICORE_LAG_1|LT11TRUU_LAG_1|LBUTTRUU_LAG_1|SPXT_LAG_2|DBLCIX_LAG_2|IBOXIG_LAG_2|JPEICORE_LAG_2|LT11TRUU_LAG_2|LBUTTRUU_LAG_2|DURATION_STATE_0|DURATION_STATE_1|DURATION_STATE_2|DURATION_STATE_3,0.02,True,"{""DBLCIX_LAG_0"": 0.02, ""DBLCIX_LAG_1"": 0.02, ""DBLCIX_LAG_2"": 0.02, ""DURATION_STATE_0"": 0.02, ""DURATION_STATE_1"": 0.02, ""DURATION_STATE_2"": 0.02, ""DURATION_STATE_3"": 0.02, ""IBOXIG_LAG_0"": 0.02, ""IBOXIG_LAG_1"": 0.02, ""IBOXIG_LAG_2"": 0.02, ""JPEICORE_LAG_0"": 0.02, ""JPEICORE_LAG_1"": 0.02, ""JPEICORE_LAG_2"": 0.02, ""LBUTTRUU_LAG_0"": 0.02, ""LBUTTRUU_LAG_1"": 0.02, ""LBUTTRUU_LAG_2"": 0.02, ""LT11TRUU_LAG_0"": 0.02, ""LT11TRUU_LAG_1"": 0.02, ""LT11TRUU_LAG_2"": 0.02, ""SPXT_LAG_0"": 0.02, ""SPXT_LAG_1"": 0.02, ""SPXT_LAG_2"": 0.02, ""STATE_LAG_0"": 0.02}",regularized_bootstrap,1.0,49,"{""DBLCIX_LAG_0"": 74.44843828034755, ""DBLCIX_LAG_1"": 71.80052339811255, ""DBLCIX_LAG_2"": 69.80330691601375, ""DURATION_STATE_0"": 1161.9068844923, ""DURATION_STATE_1"": 446.9032693740969, ""DURATION_STATE_2"": 1061.1595434511678, ""DURATION_STATE_3"": 139.95591949900654, ""IBOXIG_LAG_0"": 41.8652417161843, ""IBOXIG_LAG_1"": 38.28479318854261, ""IBOXIG_LAG_2"": 43.809309863992894, ""JPEICORE_LAG_0"": 58.618251284186954, ""JPEICORE_LAG_1"": 47.782468125230025, ""JPEICORE_LAG_2"": 44.43398727804515, ""LBUTTRUU_LAG_0"": 40.20546946570039, ""LBUTTRUU_LAG_1"": 34.99581042528234, ""LBUTTRUU_LAG_2"": 31.724727650129807, ""LT11TRUU_LAG_0"": 92.92315763309534, ""LT11TRUU_LAG_1"": 84.28797271630674, ""LT11TRUU_LAG_2"": 83.05991795973205, ""SPXT_LAG_0"": 125.4963199826957, ""SPXT_LAG_1"": 118.23341162199995, ""SPXT_LAG_2"": 115.7759825768926, ""STATE_LAG_0"": 1646.7190693613923}","{""DBLCIX_LAG_0"": 49, ""DBLCIX_LAG_1"": 49, ""DBLCIX_LAG_2"": 49, ""DURATION_STATE_0"": 49, ""DURATION_STATE_1"": 49, ""DURATION_STATE_2"": 49, ""DURATION_STATE_3"": 49, ""IBOXIG_LAG_0"": 49, ""IBOXIG_LAG_1"": 49, ""IBOXIG_LAG_2"": 49, ""JPEICORE_LAG_0"": 49, ""JPEICORE_LAG_1"": 49, ""JPEICORE_LAG_2"": 49, ""LBUTTRUU_LAG_0"": 49, ""LBUTTRUU_LAG_1"": 49, ""LBUTTRUU_LAG_2"": 49, ""LT11TRUU_LAG_0"": 49, ""LT11TRUU_LAG_1"": 49, ""LT11TRUU_LAG_2"": 49, ""SPXT_LAG_0"": 49, ""SPXT_LAG_1"": 49, ""SPXT_LAG_2"": 49, ""STATE_LAG_0"": 49}",2316,prediction,2017-01-03,2023-12-05,10.0,0.1,1730
multinomial_logistic_gam,0.5682702099013984,0.8068783068783069,0.3120059351783427,4,0,2,6,0.05,23,STATE_LAG_0|SPXT_LAG_0|DBLCIX_LAG_0|IBOXIG_LAG_0|JPEICORE_LAG_0|LT11TRUU_LAG_0|LBUTTRUU_LAG_0|SPXT_LAG_1|DBLCIX_LAG_1|IBOXIG_LAG_1|JPEICORE_LAG_1|LT11TRUU_LAG_1|LBUTTRUU_LAG_1|SPXT_LAG_2|DBLCIX_LAG_2|IBOXIG_LAG_2|JPEICORE_LAG_2|LT11TRUU_LAG_2|LBUTTRUU_LAG_2|DURATION_STATE_0|DURATION_STATE_1|DURATION_STATE_2|DURATION_STATE_3,0.02,True,"{""DBLCIX_LAG_0"": 0.02, ""DBLCIX_LAG_1"": 0.02, ""DBLCIX_LAG_2"": 0.02, ""DURATION_STATE_0"": 0.02, ""DURATION_STATE_1"": 0.02, ""DURATION_STATE_2"": 0.02, ""DURATION_STATE_3"": 0.02, ""IBOXIG_LAG_0"": 0.02, ""IBOXIG_LAG_1"": 0.02, ""IBOXIG_LAG_2"": 0.02, ""JPEICORE_LAG_0"": 0.02, ""JPEICORE_LAG_1"": 0.02, ""JPEICORE_LAG_2"": 0.02, ""LBUTTRUU_LAG_0"": 0.02, ""LBUTTRUU_LAG_1"": 0.02, ""LBUTTRUU_LAG_2"": 0.02, ""LT11TRUU_LAG_0"": 0.02, ""LT11TRUU_LAG_1"": 0.02, ""LT11TRUU_LAG_2"": 0.02, ""SPXT_LAG_0"": 0.02, ""SPXT_LAG_1"": 0.02, ""SPXT_LAG_2"": 0.02, ""STATE_LAG_0"": 0.02}",regularized_bootstrap,1.0,49,"{""DBLCIX_LAG_0"": 87.98905570592524, ""DBLCIX_LAG_1"": 85.25666597575582, ""DBLCIX_LAG_2"": 81.4079874184954, ""DURATION_STATE_0"": 1189.9950382354073, ""DURATION_STATE_1"": 453.7591866043979, ""DURATION_STATE_2"": 1079.7022503223131, ""DURATION_STATE_3"": 142.5118646316489, ""IBOXIG_LAG_0"": 71.1719226250516, ""IBOXIG_LAG_1"": 66.03535707106721, ""IBOXIG_LAG_2"": 64.16403691220194, ""JPEICORE_LAG_0"": 114.7015988833723, ""JPEICORE_LAG_1"": 98.6083034460953, ""JPEICORE_LAG_2"": 90.04955368622223, ""LBUTTRUU_LAG_0"": 72.17505126319793, ""LBUTTRUU_LAG_1"": 66.32534114506097, ""LBUTTRUU_LAG_2"": 63.39097312578815, ""LT11TRUU_LAG_0"": 126.44975145586773, ""LT11TRUU_LAG_1"": 114.12592100451457, ""LT11TRUU_LAG_2"": 111.03697816230397, ""SPXT_LAG_0"": 239.3868729541391, ""SPXT_LAG_1"": 216.27520210934472, ""SPXT_LAG_2"": 209.9006370275988, ""STATE_LAG_0"": 1646.7190693613923}","{""DBLCIX_LAG_0"": 49, ""DBLCIX_LAG_1"": 49, ""DBLCIX_LAG_2"": 49, ""DURATION_STATE_0"": 49, ""DURATION_STATE_1"": 49, ""DURATION_STATE_2"": 49, ""DURATION_STATE_3"": 49, ""IBOXIG_LAG_0"": 49, ""IBOXIG_LAG_1"": 49, ""IBOXIG_LAG_2"": 49, ""JPEICORE_LAG_0"": 49, ""JPEICORE_LAG_1"": 49, ""JPEICORE_LAG_2"": 49, ""LBUTTRUU_LAG_0"": 49, ""LBUTTRUU_LAG_1"": 49, ""LBUTTRUU_LAG_2"": 49, ""LT11TRUU_LAG_0"": 49, ""LT11TRUU_LAG_1"": 49, ""LT11TRUU_LAG_2"": 49, ""SPXT_LAG_0"": 49, ""SPXT_LAG_1"": 49, ""SPXT_LAG_2"": 49, ""STATE_LAG_0"": 49}",2316,validation,2009-06-02,2016-12-30,0.01,100.0,1890
multinomial_logistic_gam,0.4060465204344767,0.876878612716763,0.20521215839037596,4,0,2,6,0.05,23,STATE_LAG_0|SPXT_LAG_0|DBLCIX_LAG_0|IBOXIG_LAG_0|JPEICORE_LAG_0|LT11TRUU_LAG_0|LBUTTRUU_LAG_0|SPXT_LAG_1|DBLCIX_LAG_1|IBOXIG_LAG_1|JPEICORE_LAG_1|LT11TRUU_LAG_1|LBUTTRUU_LAG_1|SPXT_LAG_2|DBLCIX_LAG_2|IBOXIG_LAG_2|JPEICORE_LAG_2|LT11TRUU_LAG_2|LBUTTRUU_LAG_2|DURATION_STATE_0|DURATION_STATE_1|DURATION_STATE_2|DURATION_STATE_3,0.02,True,"{""DBLCIX_LAG_0"": 0.02, ""DBLCIX_LAG_1"": 0.02, ""DBLCIX_LAG_2"": 0.02, ""DURATION_STATE_0"": 0.02, ""DURATION_STATE_1"": 0.02, ""DURATION_STATE_2"": 0.02, ""DURATION_STATE_3"": 0.02, ""IBOXIG_LAG_0"": 0.02, ""IBOXIG_LAG_1"": 0.02, ""IBOXIG_LAG_2"": 0.02, ""JPEICORE_LAG_0"": 0.02, ""JPEICORE_LAG_1"": 0.02, ""JPEICORE_LAG_2"": 0.02, ""LBUTTRUU_LAG_0"": 0.02, ""LBUTTRUU_LAG_1"": 0.02, ""LBUTTRUU_LAG_2"": 0.02, ""LT11TRUU_LAG_0"": 0.02, ""LT11TRUU_LAG_1"": 0.02, ""LT11TRUU_LAG_2"": 0.02, ""SPXT_LAG_0"": 0.02, ""SPXT_LAG_1"": 0.02, ""SPXT_LAG_2"": 0.02, ""STATE_LAG_0"": 0.02}",regularized_bootstrap,1.0,49,"{""DBLCIX_LAG_0"": 87.98905570592524, ""DBLCIX_LAG_1"": 85.25666597575582, ""DBLCIX_LAG_2"": 81.4079874184954, ""DURATION_STATE_0"": 1189.9950382354073, ""DURATION_STATE_1"": 453.7591866043979, ""DURATION_STATE_2"": 1079.7022503223131, ""DURATION_STATE_3"": 142.5118646316489, ""IBOXIG_LAG_0"": 71.1719226250516, ""IBOXIG_LAG_1"": 66.03535707106721, ""IBOXIG_LAG_2"": 64.16403691220194, ""JPEICORE_LAG_0"": 114.7015988833723, ""JPEICORE_LAG_1"": 98.6083034460953, ""JPEICORE_LAG_2"": 90.04955368622223, ""LBUTTRUU_LAG_0"": 72.17505126319793, ""LBUTTRUU_LAG_1"": 66.32534114506097, ""LBUTTRUU_LAG_2"": 63.39097312578815, ""LT11TRUU_LAG_0"": 126.44975145586773, ""LT11TRUU_LAG_1"": 114.12592100451457, ""LT11TRUU_LAG_2"": 111.03697816230397, ""SPXT_LAG_0"": 239.3868729541391, ""SPXT_LAG_1"": 216.27520210934472, ""SPXT_LAG_2"": 209.9006370275988, ""STATE_LAG_0"": 1646.7190693613923}","{""DBLCIX_LAG_0"": 49, ""DBLCIX_LAG_1"": 49, ""DBLCIX_LAG_2"": 49, ""DURATION_STATE_0"": 49, ""DURATION_STATE_1"": 49, ""DURATION_STATE_2"": 49, ""DURATION_STATE_3"": 49, ""IBOXIG_LAG_0"": 49, ""IBOXIG_LAG_1"": 49, ""IBOXIG_LAG_2"": 49, ""JPEICORE_LAG_0"": 49, ""JPEICORE_LAG_1"": 49, ""JPEICORE_LAG_2"": 49, ""LBUTTRUU_LAG_0"": 49, ""LBUTTRUU_LAG_1"": 49, ""LBUTTRUU_LAG_2"": 49, ""LT11TRUU_LAG_0"": 49, ""LT11TRUU_LAG_1"": 49, ""LT11TRUU_LAG_2"": 49, ""SPXT_LAG_0"": 49, ""SPXT_LAG_1"": 49, ""SPXT_LAG_2"": 49, ""STATE_LAG_0"": 49}",2316,prediction,2017-01-03,2023-12-05,0.01,100.0,1730
multinomial_logistic_gam,0.5800868169787742,0.8132275132275132,0.31539311238171774,4,0,2,6,0.05,23,STATE_LAG_0|SPXT_LAG_0|DBLCIX_LAG_0|IBOXIG_LAG_0|JPEICORE_LAG_0|LT11TRUU_LAG_0|LBUTTRUU_LAG_0|SPXT_LAG_1|DBLCIX_LAG_1|IBOXIG_LAG_1|JPEICORE_LAG_1|LT11TRUU_LAG_1|LBUTTRUU_LAG_1|SPXT_LAG_2|DBLCIX_LAG_2|IBOXIG_LAG_2|JPEICORE_LAG_2|LT11TRUU_LAG_2|LBUTTRUU_LAG_2|DURATION_STATE_0|DURATION_STATE_1|DURATION_STATE_2|DURATION_STATE_3,0.02,True,"{""DBLCIX_LAG_0"": 0.02, ""DBLCIX_LAG_1"": 0.02, ""DBLCIX_LAG_2"": 0.02, ""DURATION_STATE_0"": 0.02, ""DURATION_STATE_1"": 0.02, ""DURATION_STATE_2"": 0.02, ""DURATION_STATE_3"": 0.02, ""IBOXIG_LAG_0"": 0.02, ""IBOXIG_LAG_1"": 0.02, ""IBOXIG_LAG_2"": 0.02, ""JPEICORE_LAG_0"": 0.02, ""JPEICORE_LAG_1"": 0.02, ""JPEICORE_LAG_2"": 0.02, ""LBUTTRUU_LAG_0"": 0.02, ""LBUTTRUU_LAG_1"": 0.02, ""LBUTTRUU_LAG_2"": 0.02, ""LT11TRUU_LAG_0"": 0.02, ""LT11TRUU_LAG_1"": 0.02, ""LT11TRUU_LAG_2"": 0.02, ""SPXT_LAG_0"": 0.02, ""SPXT_LAG_1"": 0.02, ""SPXT_LAG_2"": 0.02, ""STATE_LAG_0"": 0.02}",regularized_bootstrap,1.0,49,"{""DBLCIX_LAG_0"": 87.98905570592524, ""DBLCIX_LAG_1"": 85.25666597575582, ""DBLCIX_LAG_2"": 81.4079874184954, ""DURATION_STATE_0"": 1189.9950382354073, ""DURATION_STATE_1"": 453.7591866043979, ""DURATION_STATE_2"": 1079.7022503223131, ""DURATION_STATE_3"": 142.5118646316489, ""IBOXIG_LAG_0"": 71.1719226250516, ""IBOXIG_LAG_1"": 66.03535707106721, ""IBOXIG_LAG_2"": 64.16403691220194, ""JPEICORE_LAG_0"": 114.7015988833723, ""JPEICORE_LAG_1"": 98.6083034460953, ""JPEICORE_LAG_2"": 90.04955368622223, ""LBUTTRUU_LAG_0"": 72.17505126319793, ""LBUTTRUU_LAG_1"": 66.32534114506097, ""LBUTTRUU_LAG_2"": 63.39097312578815, ""LT11TRUU_LAG_0"": 126.44975145586773, ""LT11TRUU_LAG_1"": 114.12592100451457, ""LT11TRUU_LAG_2"": 111.03697816230397, ""SPXT_LAG_0"": 239.3868729541391, ""SPXT_LAG_1"": 216.27520210934472, ""SPXT_LAG_2"": 209.9006370275988, ""STATE_LAG_0"": 1646.7190693613923}","{""DBLCIX_LAG_0"": 49, ""DBLCIX_LAG_1"": 49, ""DBLCIX_LAG_2"": 49, ""DURATION_STATE_0"": 49, ""DURATION_STATE_1"": 49, ""DURATION_STATE_2"": 49, ""DURATION_STATE_3"": 49, ""IBOXIG_LAG_0"": 49, ""IBOXIG_LAG_1"": 49, ""IBOXIG_LAG_2"": 49, ""JPEICORE_LAG_0"": 49, ""JPEICORE_LAG_1"": 49, ""JPEICORE_LAG_2"": 49, ""LBUTTRUU_LAG_0"": 49, ""LBUTTRUU_LAG_1"": 49, ""LBUTTRUU_LAG_2"": 49, ""LT11TRUU_LAG_0"": 49, ""LT11TRUU_LAG_1"": 49, ""LT11TRUU_LAG_2"": 49, ""SPXT_LAG_0"": 49, ""SPXT_LAG_1"": 49, ""SPXT_LAG_2"": 49, ""STATE_LAG_0"": 49}",2316,validation,2009-06-02,2016-12-30,0.1,10.0,1890
multinomial_logistic_gam,0.41214927112785077,0.8780346820809248,0.2081004009927959,4,0,2,6,0.05,23,STATE_LAG_0|SPXT_LAG_0|DBLCIX_LAG_0|IBOXIG_LAG_0|JPEICORE_LAG_0|LT11TRUU_LAG_0|LBUTTRUU_LAG_0|SPXT_LAG_1|DBLCIX_LAG_1|IBOXIG_LAG_1|JPEICORE_LAG_1|LT11TRUU_LAG_1|LBUTTRUU_LAG_1|SPXT_LAG_2|DBLCIX_LAG_2|IBOXIG_LAG_2|JPEICORE_LAG_2|LT11TRUU_LAG_2|LBUTTRUU_LAG_2|DURATION_STATE_0|DURATION_STATE_1|DURATION_STATE_2|DURATION_STATE_3,0.02,True,"{""DBLCIX_LAG_0"": 0.02, ""DBLCIX_LAG_1"": 0.02, ""DBLCIX_LAG_2"": 0.02, ""DURATION_STATE_0"": 0.02, ""DURATION_STATE_1"": 0.02, ""DURATION_STATE_2"": 0.02, ""DURATION_STATE_3"": 0.02, ""IBOXIG_LAG_0"": 0.02, ""IBOXIG_LAG_1"": 0.02, ""IBOXIG_LAG_2"": 0.02, ""JPEICORE_LAG_0"": 0.02, ""JPEICORE_LAG_1"": 0.02, ""JPEICORE_LAG_2"": 0.02, ""LBUTTRUU_LAG_0"": 0.02, ""LBUTTRUU_LAG_1"": 0.02, ""LBUTTRUU_LAG_2"": 0.02, ""LT11TRUU_LAG_0"": 0.02, ""LT11TRUU_LAG_1"": 0.02, ""LT11TRUU_LAG_2"": 0.02, ""SPXT_LAG_0"": 0.02, ""SPXT_LAG_1"": 0.02, ""SPXT_LAG_2"": 0.02, ""STATE_LAG_0"": 0.02}",regularized_bootstrap,1.0,49,"{""DBLCIX_LAG_0"": 87.98905570592524, ""DBLCIX_LAG_1"": 85.25666597575582, ""DBLCIX_LAG_2"": 81.4079874184954, ""DURATION_STATE_0"": 1189.9950382354073, ""DURATION_STATE_1"": 453.7591866043979, ""DURATION_STATE_2"": 1079.7022503223131, ""DURATION_STATE_3"": 142.5118646316489, ""IBOXIG_LAG_0"": 71.1719226250516, ""IBOXIG_LAG_1"": 66.03535707106721, ""IBOXIG_LAG_2"": 64.16403691220194, ""JPEICORE_LAG_0"": 114.7015988833723, ""JPEICORE_LAG_1"": 98.6083034460953, ""JPEICORE_LAG_2"": 90.04955368622223, ""LBUTTRUU_LAG_0"": 72.17505126319793, ""LBUTTRUU_LAG_1"": 66.32534114506097, ""LBUTTRUU_LAG_2"": 63.39097312578815, ""LT11TRUU_LAG_0"": 126.44975145586773, ""LT11TRUU_LAG_1"": 114.12592100451457, ""LT11TRUU_LAG_2"": 111.03697816230397, ""SPXT_LAG_0"": 239.3868729541391, ""SPXT_LAG_1"": 216.27520210934472, ""SPXT_LAG_2"": 209.9006370275988, ""STATE_LAG_0"": 1646.7190693613923}","{""DBLCIX_LAG_0"": 49, ""DBLCIX_LAG_1"": 49, ""DBLCIX_LAG_2"": 49, ""DURATION_STATE_0"": 49, ""DURATION_STATE_1"": 49, ""DURATION_STATE_2"": 49, ""DURATION_STATE_3"": 49, ""IBOXIG_LAG_0"": 49, ""IBOXIG_LAG_1"": 49, ""IBOXIG_LAG_2"": 49, ""JPEICORE_LAG_0"": 49, ""JPEICORE_LAG_1"": 49, ""JPEICORE_LAG_2"": 49, ""LBUTTRUU_LAG_0"": 49, ""LBUTTRUU_LAG_1"": 49, ""LBUTTRUU_LAG_2"": 49, ""LT11TRUU_LAG_0"": 49, ""LT11TRUU_LAG_1"": 49, ""LT11TRUU_LAG_2"": 49, ""SPXT_LAG_0"": 49, ""SPXT_LAG_1"": 49, ""SPXT_LAG_2"": 49, ""STATE_LAG_0"": 49}",2316,prediction,2017-01-03,2023-12-05,0.1,10.0,1730
multinomial_logistic_gam,0.6391066593279291,0.8142857142857143,0.3279553568542866,4,0,2,6,0.05,23,STATE_LAG_0|SPXT_LAG_0|DBLCIX_LAG_0|IBOXIG_LAG_0|JPEICORE_LAG_0|LT11TRUU_LAG_0|LBUTTRUU_LAG_0|SPXT_LAG_1|DBLCIX_LAG_1|IBOXIG_LAG_1|JPEICORE_LAG_1|LT11TRUU_LAG_1|LBUTTRUU_LAG_1|SPXT_LAG_2|DBLCIX_LAG_2|IBOXIG_LAG_2|JPEICORE_LAG_2|LT11TRUU_LAG_2|LBUTTRUU_LAG_2|DURATION_STATE_0|DURATION_STATE_1|DURATION_STATE_2|DURATION_STATE_3,0.02,True,"{""DBLCIX_LAG_0"": 0.02, ""DBLCIX_LAG_1"": 0.02, ""DBLCIX_LAG_2"": 0.02, ""DURATION_STATE_0"": 0.02, ""DURATION_STATE_1"": 0.02, ""DURATION_STATE_2"": 0.02, ""DURATION_STATE_3"": 0.02, ""IBOXIG_LAG_0"": 0.02, ""IBOXIG_LAG_1"": 0.02, ""IBOXIG_LAG_2"": 0.02, ""JPEICORE_LAG_0"": 0.02, ""JPEICORE_LAG_1"": 0.02, ""JPEICORE_LAG_2"": 0.02, ""LBUTTRUU_LAG_0"": 0.02, ""LBUTTRUU_LAG_1"": 0.02, ""LBUTTRUU_LAG_2"": 0.02, ""LT11TRUU_LAG_0"": 0.02, ""LT11TRUU_LAG_1"": 0.02, ""LT11TRUU_LAG_2"": 0.02, ""SPXT_LAG_0"": 0.02, ""SPXT_LAG_1"": 0.02, ""SPXT_LAG_2"": 0.02, ""STATE_LAG_0"": 0.02}",regularized_bootstrap,1.0,49,"{""DBLCIX_LAG_0"": 87.98905570592524, ""DBLCIX_LAG_1"": 85.25666597575582, ""DBLCIX_LAG_2"": 81.4079874184954, ""DURATION_STATE_0"": 1189.9950382354073, ""DURATION_STATE_1"": 453.7591866043979, ""DURATION_STATE_2"": 1079.7022503223131, ""DURATION_STATE_3"": 142.5118646316489, ""IBOXIG_LAG_0"": 71.1719226250516, ""IBOXIG_LAG_1"": 66.03535707106721, ""IBOXIG_LAG_2"": 64.16403691220194, ""JPEICORE_LAG_0"": 114.7015988833723, ""JPEICORE_LAG_1"": 98.6083034460953, ""JPEICORE_LAG_2"": 90.04955368622223, ""LBUTTRUU_LAG_0"": 72.17505126319793, ""LBUTTRUU_LAG_1"": 66.32534114506097, ""LBUTTRUU_LAG_2"": 63.39097312578815, ""LT11TRUU_LAG_0"": 126.44975145586773, ""LT11TRUU_LAG_1"": 114.12592100451457, ""LT11TRUU_LAG_2"": 111.03697816230397, ""SPXT_LAG_0"": 239.3868729541391, ""SPXT_LAG_1"": 216.27520210934472, ""SPXT_LAG_2"": 209.9006370275988, ""STATE_LAG_0"": 1646.7190693613923}","{""DBLCIX_LAG_0"": 49, ""DBLCIX_LAG_1"": 49, ""DBLCIX_LAG_2"": 49, ""DURATION_STATE_0"": 49, ""DURATION_STATE_1"": 49, ""DURATION_STATE_2"": 49, ""DURATION_STATE_3"": 49, ""IBOXIG_LAG_0"": 49, ""IBOXIG_LAG_1"": 49, ""IBOXIG_LAG_2"": 49, ""JPEICORE_LAG_0"": 49, ""JPEICORE_LAG_1"": 49, ""JPEICORE_LAG_2"": 49, ""LBUTTRUU_LAG_0"": 49, ""LBUTTRUU_LAG_1"": 49, ""LBUTTRUU_LAG_2"": 49, ""LT11TRUU_LAG_0"": 49, ""LT11TRUU_LAG_1"": 49, ""LT11TRUU_LAG_2"": 49, ""SPXT_LAG_0"": 49, ""SPXT_LAG_1"": 49, ""SPXT_LAG_2"": 49, ""STATE_LAG_0"": 49}",2316,validation,2009-06-02,2016-12-30,1.0,1.0,1890
multinomial_logistic_gam,0.46636013187855374,0.8751445086705202,0.21711396499687916,4,0,2,6,0.05,23,STATE_LAG_0|SPXT_LAG_0|DBLCIX_LAG_0|IBOXIG_LAG_0|JPEICORE_LAG_0|LT11TRUU_LAG_0|LBUTTRUU_LAG_0|SPXT_LAG_1|DBLCIX_LAG_1|IBOXIG_LAG_1|JPEICORE_LAG_1|LT11TRUU_LAG_1|LBUTTRUU_LAG_1|SPXT_LAG_2|DBLCIX_LAG_2|IBOXIG_LAG_2|JPEICORE_LAG_2|LT11TRUU_LAG_2|LBUTTRUU_LAG_2|DURATION_STATE_0|DURATION_STATE_1|DURATION_STATE_2|DURATION_STATE_3,0.02,True,"{""DBLCIX_LAG_0"": 0.02, ""DBLCIX_LAG_1"": 0.02, ""DBLCIX_LAG_2"": 0.02, ""DURATION_STATE_0"": 0.02, ""DURATION_STATE_1"": 0.02, ""DURATION_STATE_2"": 0.02, ""DURATION_STATE_3"": 0.02, ""IBOXIG_LAG_0"": 0.02, ""IBOXIG_LAG_1"": 0.02, ""IBOXIG_LAG_2"": 0.02, ""JPEICORE_LAG_0"": 0.02, ""JPEICORE_LAG_1"": 0.02, ""JPEICORE_LAG_2"": 0.02, ""LBUTTRUU_LAG_0"": 0.02, ""LBUTTRUU_LAG_1"": 0.02, ""LBUTTRUU_LAG_2"": 0.02, ""LT11TRUU_LAG_0"": 0.02, ""LT11TRUU_LAG_1"": 0.02, ""LT11TRUU_LAG_2"": 0.02, ""SPXT_LAG_0"": 0.02, ""SPXT_LAG_1"": 0.02, ""SPXT_LAG_2"": 0.02, ""STATE_LAG_0"": 0.02}",regularized_bootstrap,1.0,49,"{""DBLCIX_LAG_0"": 87.98905570592524, ""DBLCIX_LAG_1"": 85.25666597575582, ""DBLCIX_LAG_2"": 81.4079874184954, ""DURATION_STATE_0"": 1189.9950382354073, ""DURATION_STATE_1"": 453.7591866043979, ""DURATION_STATE_2"": 1079.7022503223131, ""DURATION_STATE_3"": 142.5118646316489, ""IBOXIG_LAG_0"": 71.1719226250516, ""IBOXIG_LAG_1"": 66.03535707106721, ""IBOXIG_LAG_2"": 64.16403691220194, ""JPEICORE_LAG_0"": 114.7015988833723, ""JPEICORE_LAG_1"": 98.6083034460953, ""JPEICORE_LAG_2"": 90.04955368622223, ""LBUTTRUU_LAG_0"": 72.17505126319793, ""LBUTTRUU_LAG_1"": 66.32534114506097, ""LBUTTRUU_LAG_2"": 63.39097312578815, ""LT11TRUU_LAG_0"": 126.44975145586773, ""LT11TRUU_LAG_1"": 114.12592100451457, ""LT11TRUU_LAG_2"": 111.03697816230397, ""SPXT_LAG_0"": 239.3868729541391, ""SPXT_LAG_1"": 216.27520210934472, ""SPXT_LAG_2"": 209.9006370275988, ""STATE_LAG_0"": 1646.7190693613923}","{""DBLCIX_LAG_0"": 49, ""DBLCIX_LAG_1"": 49, ""DBLCIX_LAG_2"": 49, ""DURATION_STATE_0"": 49, ""DURATION_STATE_1"": 49, ""DURATION_STATE_2"": 49, ""DURATION_STATE_3"": 49, ""IBOXIG_LAG_0"": 49, ""IBOXIG_LAG_1"": 49, ""IBOXIG_LAG_2"": 49, ""JPEICORE_LAG_0"": 49, ""JPEICORE_LAG_1"": 49, ""JPEICORE_LAG_2"": 49, ""LBUTTRUU_LAG_0"": 49, ""LBUTTRUU_LAG_1"": 49, ""LBUTTRUU_LAG_2"": 49, ""LT11TRUU_LAG_0"": 49, ""LT11TRUU_LAG_1"": 49, ""LT11TRUU_LAG_2"": 49, ""SPXT_LAG_0"": 49, ""SPXT_LAG_1"": 49, ""SPXT_LAG_2"": 49, ""STATE_LAG_0"": 49}",2316,prediction,2017-01-03,2023-12-05,1.0,1.0,1730
multinomial_logistic_gam,0.758138404303162,0.8068783068783069,0.34268595219342085,4,0,2,6,0.05,23,STATE_LAG_0|SPXT_LAG_0|DBLCIX_LAG_0|IBOXIG_LAG_0|JPEICORE_LAG_0|LT11TRUU_LAG_0|LBUTTRUU_LAG_0|SPXT_LAG_1|DBLCIX_LAG_1|IBOXIG_LAG_1|JPEICORE_LAG_1|LT11TRUU_LAG_1|LBUTTRUU_LAG_1|SPXT_LAG_2|DBLCIX_LAG_2|IBOXIG_LAG_2|JPEICORE_LAG_2|LT11TRUU_LAG_2|LBUTTRUU_LAG_2|DURATION_STATE_0|DURATION_STATE_1|DURATION_STATE_2|DURATION_STATE_3,0.02,True,"{""DBLCIX_LAG_0"": 0.02, ""DBLCIX_LAG_1"": 0.02, ""DBLCIX_LAG_2"": 0.02, ""DURATION_STATE_0"": 0.02, ""DURATION_STATE_1"": 0.02, ""DURATION_STATE_2"": 0.02, ""DURATION_STATE_3"": 0.02, ""IBOXIG_LAG_0"": 0.02, ""IBOXIG_LAG_1"": 0.02, ""IBOXIG_LAG_2"": 0.02, ""JPEICORE_LAG_0"": 0.02, ""JPEICORE_LAG_1"": 0.02, ""JPEICORE_LAG_2"": 0.02, ""LBUTTRUU_LAG_0"": 0.02, ""LBUTTRUU_LAG_1"": 0.02, ""LBUTTRUU_LAG_2"": 0.02, ""LT11TRUU_LAG_0"": 0.02, ""LT11TRUU_LAG_1"": 0.02, ""LT11TRUU_LAG_2"": 0.02, ""SPXT_LAG_0"": 0.02, ""SPXT_LAG_1"": 0.02, ""SPXT_LAG_2"": 0.02, ""STATE_LAG_0"": 0.02}",regularized_bootstrap,1.0,49,"{""DBLCIX_LAG_0"": 87.98905570592524, ""DBLCIX_LAG_1"": 85.25666597575582, ""DBLCIX_LAG_2"": 81.4079874184954, ""DURATION_STATE_0"": 1189.9950382354073, ""DURATION_STATE_1"": 453.7591866043979, ""DURATION_STATE_2"": 1079.7022503223131, ""DURATION_STATE_3"": 142.5118646316489, ""IBOXIG_LAG_0"": 71.1719226250516, ""IBOXIG_LAG_1"": 66.03535707106721, ""IBOXIG_LAG_2"": 64.16403691220194, ""JPEICORE_LAG_0"": 114.7015988833723, ""JPEICORE_LAG_1"": 98.6083034460953, ""JPEICORE_LAG_2"": 90.04955368622223, ""LBUTTRUU_LAG_0"": 72.17505126319793, ""LBUTTRUU_LAG_1"": 66.32534114506097, ""LBUTTRUU_LAG_2"": 63.39097312578815, ""LT11TRUU_LAG_0"": 126.44975145586773, ""LT11TRUU_LAG_1"": 114.12592100451457, ""LT11TRUU_LAG_2"": 111.03697816230397, ""SPXT_LAG_0"": 239.3868729541391, ""SPXT_LAG_1"": 216.27520210934472, ""SPXT_LAG_2"": 209.9006370275988, ""STATE_LAG_0"": 1646.7190693613923}","{""DBLCIX_LAG_0"": 49, ""DBLCIX_LAG_1"": 49, ""DBLCIX_LAG_2"": 49, ""DURATION_STATE_0"": 49, ""DURATION_STATE_1"": 49, ""DURATION_STATE_2"": 49, ""DURATION_STATE_3"": 49, ""IBOXIG_LAG_0"": 49, ""IBOXIG_LAG_1"": 49, ""IBOXIG_LAG_2"": 49, ""JPEICORE_LAG_0"": 49, ""JPEICORE_LAG_1"": 49, ""JPEICORE_LAG_2"": 49, ""LBUTTRUU_LAG_0"": 49, ""LBUTTRUU_LAG_1"": 49, ""LBUTTRUU_LAG_2"": 49, ""LT11TRUU_LAG_0"": 49, ""LT11TRUU_LAG_1"": 49, ""LT11TRUU_LAG_2"": 49, ""SPXT_LAG_0"": 49, ""SPXT_LAG_1"": 49, ""SPXT_LAG_2"": 49, ""STATE_LAG_0"": 49}",2316,validation,2009-06-02,2016-12-30,10.0,0.1,1890
multinomial_logistic_gam,0.5767830685852118,0.8739884393063584,0.22367049888138685,4,0,2,6,0.05,23,STATE_LAG_0|SPXT_LAG_0|DBLCIX_LAG_0|IBOXIG_LAG_0|JPEICORE_LAG_0|LT11TRUU_LAG_0|LBUTTRUU_LAG_0|SPXT_LAG_1|DBLCIX_LAG_1|IBOXIG_LAG_1|JPEICORE_LAG_1|LT11TRUU_LAG_1|LBUTTRUU_LAG_1|SPXT_LAG_2|DBLCIX_LAG_2|IBOXIG_LAG_2|JPEICORE_LAG_2|LT11TRUU_LAG_2|LBUTTRUU_LAG_2|DURATION_STATE_0|DURATION_STATE_1|DURATION_STATE_2|DURATION_STATE_3,0.02,True,"{""DBLCIX_LAG_0"": 0.02, ""DBLCIX_LAG_1"": 0.02, ""DBLCIX_LAG_2"": 0.02, ""DURATION_STATE_0"": 0.02, ""DURATION_STATE_1"": 0.02, ""DURATION_STATE_2"": 0.02, ""DURATION_STATE_3"": 0.02, ""IBOXIG_LAG_0"": 0.02, ""IBOXIG_LAG_1"": 0.02, ""IBOXIG_LAG_2"": 0.02, ""JPEICORE_LAG_0"": 0.02, ""JPEICORE_LAG_1"": 0.02, ""JPEICORE_LAG_2"": 0.02, ""LBUTTRUU_LAG_0"": 0.02, ""LBUTTRUU_LAG_1"": 0.02, ""LBUTTRUU_LAG_2"": 0.02, ""LT11TRUU_LAG_0"": 0.02, ""LT11TRUU_LAG_1"": 0.02, ""LT11TRUU_LAG_2"": 0.02, ""SPXT_LAG_0"": 0.02, ""SPXT_LAG_1"": 0.02, ""SPXT_LAG_2"": 0.02, ""STATE_LAG_0"": 0.02}",regularized_bootstrap,1.0,49,"{""DBLCIX_LAG_0"": 87.98905570592524, ""DBLCIX_LAG_1"": 85.25666597575582, ""DBLCIX_LAG_2"": 81.4079874184954, ""DURATION_STATE_0"": 1189.9950382354073, ""DURATION_STATE_1"": 453.7591866043979, ""DURATION_STATE_2"": 1079.7022503223131, ""DURATION_STATE_3"": 142.5118646316489, ""IBOXIG_LAG_0"": 71.1719226250516, ""IBOXIG_LAG_1"": 66.03535707106721, ""IBOXIG_LAG_2"": 64.16403691220194, ""JPEICORE_LAG_0"": 114.7015988833723, ""JPEICORE_LAG_1"": 98.6083034460953, ""JPEICORE_LAG_2"": 90.04955368622223, ""LBUTTRUU_LAG_0"": 72.17505126319793, ""LBUTTRUU_LAG_1"": 66.32534114506097, ""LBUTTRUU_LAG_2"": 63.39097312578815, ""LT11TRUU_LAG_0"": 126.44975145586773, ""LT11TRUU_LAG_1"": 114.12592100451457, ""LT11TRUU_LAG_2"": 111.03697816230397, ""SPXT_LAG_0"": 239.3868729541391, ""SPXT_LAG_1"": 216.27520210934472, ""SPXT_LAG_2"": 209.9006370275988, ""STATE_LAG_0"": 1646.7190693613923}","{""DBLCIX_LAG_0"": 49, ""DBLCIX_LAG_1"": 49, ""DBLCIX_LAG_2"": 49, ""DURATION_STATE_0"": 49, ""DURATION_STATE_1"": 49, ""DURATION_STATE_2"": 49, ""DURATION_STATE_3"": 49, ""IBOXIG_LAG_0"": 49, ""IBOXIG_LAG_1"": 49, ""IBOXIG_LAG_2"": 49, ""JPEICORE_LAG_0"": 49, ""JPEICORE_LAG_1"": 49, ""JPEICORE_LAG_2"": 49, ""LBUTTRUU_LAG_0"": 49, ""LBUTTRUU_LAG_1"": 49, ""LBUTTRUU_LAG_2"": 49, ""LT11TRUU_LAG_0"": 49, ""LT11TRUU_LAG_1"": 49, ""LT11TRUU_LAG_2"": 49, ""SPXT_LAG_0"": 49, ""SPXT_LAG_1"": 49, ""SPXT_LAG_2"": 49, ""STATE_LAG_0"": 49}",2316,prediction,2017-01-03,2023-12-05,10.0,0.1,1730
multinomial_logistic_gam,0.5671371097105438,0.8084656084656084,0.31118537296271226,4,1,0,4,0.05,11,STATE_LAG_0|SPXT_LAG_0|DBLCIX_LAG_0|IBOXIG_LAG_0|JPEICORE_LAG_0|LT11TRUU_LAG_0|LBUTTRUU_LAG_0|DURATION_STATE_0|DURATION_STATE_1|DURATION_STATE_2|DURATION_STATE_3,0.02,True,"{""DBLCIX_LAG_0"": 0.02, ""DURATION_STATE_0"": 0.02, ""DURATION_STATE_1"": 0.02, ""DURATION_STATE_2"": 0.02, ""DURATION_STATE_3"": 0.02, ""IBOXIG_LAG_0"": 0.02, ""JPEICORE_LAG_0"": 0.02, ""LBUTTRUU_LAG_0"": 0.02, ""LT11TRUU_LAG_0"": 0.02, ""SPXT_LAG_0"": 0.02, ""STATE_LAG_0"": 0.02, ""STATE_LAG_1"": 0.2}",regularized_bootstrap,1.0,49,"{""DBLCIX_LAG_0"": 74.70288644923858, ""DURATION_STATE_0"": 1163.7321186567917, ""DURATION_STATE_1"": 446.90347146584327, ""DURATION_STATE_2"": 1062.4815885878938, ""DURATION_STATE_3"": 139.98343147815808, ""IBOXIG_LAG_0"": 41.86223325116316, ""JPEICORE_LAG_0"": 58.51353250848888, ""LBUTTRUU_LAG_0"": 40.13517820776633, ""LT11TRUU_LAG_0"": 93.13523852264188, ""SPXT_LAG_0"": 126.8013297535158, ""STATE_LAG_0"": 1648.7127126251366, ""STATE_LAG_1"": -4.282589088688837e-06}","{""DBLCIX_LAG_0"": 49, ""DURATION_STATE_0"": 49, ""DURATION_STATE_1"": 49, ""DURATION_STATE_2"": 49, ""DURATION_STATE_3"": 49, ""IBOXIG_LAG_0"": 49, ""JPEICORE_LAG_0"": 49, ""LBUTTRUU_LAG_0"": 49, ""LT11TRUU_LAG_0"": 49, ""SPXT_LAG_0"": 49, ""STATE_LAG_0"": 49, ""STATE_LAG_1"": 14}",2318,validation,2009-06-02,2016-12-30,0.01,100.0,1890
multinomial_logistic_gam,0.41009167000931634,0.8763005780346821,0.20600031495841628,4,1,0,4,0.05,11,STATE_LAG_0|SPXT_LAG_0|DBLCIX_LAG_0|IBOXIG_LAG_0|JPEICORE_LAG_0|LT11TRUU_LAG_0|LBUTTRUU_LAG_0|DURATION_STATE_0|DURATION_STATE_1|DURATION_STATE_2|DURATION_STATE_3,0.02,True,"{""DBLCIX_LAG_0"": 0.02, ""DURATION_STATE_0"": 0.02, ""DURATION_STATE_1"": 0.02, ""DURATION_STATE_2"": 0.02, ""DURATION_STATE_3"": 0.02, ""IBOXIG_LAG_0"": 0.02, ""JPEICORE_LAG_0"": 0.02, ""LBUTTRUU_LAG_0"": 0.02, ""LT11TRUU_LAG_0"": 0.02, ""SPXT_LAG_0"": 0.02, ""STATE_LAG_0"": 0.02, ""STATE_LAG_1"": 0.2}",regularized_bootstrap,1.0,49,"{""DBLCIX_LAG_0"": 74.70288644923858, ""DURATION_STATE_0"": 1163.7321186567917, ""DURATION_STATE_1"": 446.90347146584327, ""DURATION_STATE_2"": 1062.4815885878938, ""DURATION_STATE_3"": 139.98343147815808, ""IBOXIG_LAG_0"": 41.86223325116316, ""JPEICORE_LAG_0"": 58.51353250848888, ""LBUTTRUU_LAG_0"": 40.13517820776633, ""LT11TRUU_LAG_0"": 93.13523852264188, ""SPXT_LAG_0"": 126.8013297535158, ""STATE_LAG_0"": 1648.7127126251366, ""STATE_LAG_1"": -4.282589088688837e-06}","{""DBLCIX_LAG_0"": 49, ""DURATION_STATE_0"": 49, ""DURATION_STATE_1"": 49, ""DURATION_STATE_2"": 49, ""DURATION_STATE_3"": 49, ""IBOXIG_LAG_0"": 49, ""JPEICORE_LAG_0"": 49, ""LBUTTRUU_LAG_0"": 49, ""LT11TRUU_LAG_0"": 49, ""SPXT_LAG_0"": 49, ""STATE_LAG_0"": 49, ""STATE_LAG_1"": 14}",2318,prediction,2017-01-03,2023-12-05,0.01,100.0,1730
multinomial_logistic_gam,0.567088582689714,0.8174603174603174,0.31107236773003,4,1,0,4,0.05,11,STATE_LAG_0|SPXT_LAG_0|DBLCIX_LAG_0|IBOXIG_LAG_0|JPEICORE_LAG_0|LT11TRUU_LAG_0|LBUTTRUU_LAG_0|DURATION_STATE_0|DURATION_STATE_1|DURATION_STATE_2|DURATION_STATE_3,0.02,True,"{""DBLCIX_LAG_0"": 0.02, ""DURATION_STATE_0"": 0.02, ""DURATION_STATE_1"": 0.02, ""DURATION_STATE_2"": 0.02, ""DURATION_STATE_3"": 0.02, ""IBOXIG_LAG_0"": 0.02, ""JPEICORE_LAG_0"": 0.02, ""LBUTTRUU_LAG_0"": 0.02, ""LT11TRUU_LAG_0"": 0.02, ""SPXT_LAG_0"": 0.02, ""STATE_LAG_0"": 0.02, ""STATE_LAG_1"": 0.2}",regularized_bootstrap,1.0,49,"{""DBLCIX_LAG_0"": 74.70288644923858, ""DURATION_STATE_0"": 1163.7321186567917, ""DURATION_STATE_1"": 446.90347146584327, ""DURATION_STATE_2"": 1062.4815885878938, ""DURATION_STATE_3"": 139.98343147815808, ""IBOXIG_LAG_0"": 41.86223325116316, ""JPEICORE_LAG_0"": 58.51353250848888, ""LBUTTRUU_LAG_0"": 40.13517820776633, ""LT11TRUU_LAG_0"": 93.13523852264188, ""SPXT_LAG_0"": 126.8013297535158, ""STATE_LAG_0"": 1648.7127126251366, ""STATE_LAG_1"": -4.282589088688837e-06}","{""DBLCIX_LAG_0"": 49, ""DURATION_STATE_0"": 49, ""DURATION_STATE_1"": 49, ""DURATION_STATE_2"": 49, ""DURATION_STATE_3"": 49, ""IBOXIG_LAG_0"": 49, ""JPEICORE_LAG_0"": 49, ""LBUTTRUU_LAG_0"": 49, ""LT11TRUU_LAG_0"": 49, ""SPXT_LAG_0"": 49, ""STATE_LAG_0"": 49, ""STATE_LAG_1"": 14}",2318,validation,2009-06-02,2016-12-30,0.1,10.0,1890
multinomial_logistic_gam,0.4065552294259461,0.8820809248554913,0.20438837278732602,4,1,0,4,0.05,11,STATE_LAG_0|SPXT_LAG_0|DBLCIX_LAG_0|IBOXIG_LAG_0|JPEICORE_LAG_0|LT11TRUU_LAG_0|LBUTTRUU_LAG_0|DURATION_STATE_0|DURATION_STATE_1|DURATION_STATE_2|DURATION_STATE_3,0.02,True,"{""DBLCIX_LAG_0"": 0.02, ""DURATION_STATE_0"": 0.02, ""DURATION_STATE_1"": 0.02, ""DURATION_STATE_2"": 0.02, ""DURATION_STATE_3"": 0.02, ""IBOXIG_LAG_0"": 0.02, ""JPEICORE_LAG_0"": 0.02, ""LBUTTRUU_LAG_0"": 0.02, ""LT11TRUU_LAG_0"": 0.02, ""SPXT_LAG_0"": 0.02, ""STATE_LAG_0"": 0.02, ""STATE_LAG_1"": 0.2}",regularized_bootstrap,1.0,49,"{""DBLCIX_LAG_0"": 74.70288644923858, ""DURATION_STATE_0"": 1163.7321186567917, ""DURATION_STATE_1"": 446.90347146584327, ""DURATION_STATE_2"": 1062.4815885878938, ""DURATION_STATE_3"": 139.98343147815808, ""IBOXIG_LAG_0"": 41.86223325116316, ""JPEICORE_LAG_0"": 58.51353250848888, ""LBUTTRUU_LAG_0"": 40.13517820776633, ""LT11TRUU_LAG_0"": 93.13523852264188, ""SPXT_LAG_0"": 126.8013297535158, ""STATE_LAG_0"": 1648.7127126251366, ""STATE_LAG_1"": -4.282589088688837e-06}","{""DBLCIX_LAG_0"": 49, ""DURATION_STATE_0"": 49, ""DURATION_STATE_1"": 49, ""DURATION_STATE_2"": 49, ""DURATION_STATE_3"": 49, ""IBOXIG_LAG_0"": 49, ""JPEICORE_LAG_0"": 49, ""LBUTTRUU_LAG_0"": 49, ""LT11TRUU_LAG_0"": 49, ""SPXT_LAG_0"": 49, ""STATE_LAG_0"": 49, ""STATE_LAG_1"": 14}",2318,prediction,2017-01-03,2023-12-05,0.1,10.0,1730
multinomial_logistic_gam,0.5978639316611529,0.8201058201058201,0.3180853568899122,4,1,0,4,0.05,11,STATE_LAG_0|SPXT_LAG_0|DBLCIX_LAG_0|IBOXIG_LAG_0|JPEICORE_LAG_0|LT11TRUU_LAG_0|LBUTTRUU_LAG_0|DURATION_STATE_0|DURATION_STATE_1|DURATION_STATE_2|DURATION_STATE_3,0.02,True,"{""DBLCIX_LAG_0"": 0.02, ""DURATION_STATE_0"": 0.02, ""DURATION_STATE_1"": 0.02, ""DURATION_STATE_2"": 0.02, ""DURATION_STATE_3"": 0.02, ""IBOXIG_LAG_0"": 0.02, ""JPEICORE_LAG_0"": 0.02, ""LBUTTRUU_LAG_0"": 0.02, ""LT11TRUU_LAG_0"": 0.02, ""SPXT_LAG_0"": 0.02, ""STATE_LAG_0"": 0.02, ""STATE_LAG_1"": 0.2}",regularized_bootstrap,1.0,49,"{""DBLCIX_LAG_0"": 74.70288644923858, ""DURATION_STATE_0"": 1163.7321186567917, ""DURATION_STATE_1"": 446.90347146584327, ""DURATION_STATE_2"": 1062.4815885878938, ""DURATION_STATE_3"": 139.98343147815808, ""IBOXIG_LAG_0"": 41.86223325116316, ""JPEICORE_LAG_0"": 58.51353250848888, ""LBUTTRUU_LAG_0"": 40.13517820776633, ""LT11TRUU_LAG_0"": 93.13523852264188, ""SPXT_LAG_0"": 126.8013297535158, ""STATE_LAG_0"": 1648.7127126251366, ""STATE_LAG_1"": -4.282589088688837e-06}","{""DBLCIX_LAG_0"": 49, ""DURATION_STATE_0"": 49, ""DURATION_STATE_1"": 49, ""DURATION_STATE_2"": 49, ""DURATION_STATE_3"": 49, ""IBOXIG_LAG_0"": 49, ""JPEICORE_LAG_0"": 49, ""LBUTTRUU_LAG_0"": 49, ""LT11TRUU_LAG_0"": 49, ""SPXT_LAG_0"": 49, ""STATE_LAG_0"": 49, ""STATE_LAG_1"": 14}",2318,validation,2009-06-02,2016-12-30,1.0,1.0,1890
multinomial_logistic_gam,0.4288621826656342,0.8820809248554913,0.21025614020012778,4,1,0,4,0.05,11,STATE_LAG_0|SPXT_LAG_0|DBLCIX_LAG_0|IBOXIG_LAG_0|JPEICORE_LAG_0|LT11TRUU_LAG_0|LBUTTRUU_LAG_0|DURATION_STATE_0|DURATION_STATE_1|DURATION_STATE_2|DURATION_STATE_3,0.02,True,"{""DBLCIX_LAG_0"": 0.02, ""DURATION_STATE_0"": 0.02, ""DURATION_STATE_1"": 0.02, ""DURATION_STATE_2"": 0.02, ""DURATION_STATE_3"": 0.02, ""IBOXIG_LAG_0"": 0.02, ""JPEICORE_LAG_0"": 0.02, ""LBUTTRUU_LAG_0"": 0.02, ""LT11TRUU_LAG_0"": 0.02, ""SPXT_LAG_0"": 0.02, ""STATE_LAG_0"": 0.02, ""STATE_LAG_1"": 0.2}",regularized_bootstrap,1.0,49,"{""DBLCIX_LAG_0"": 74.70288644923858, ""DURATION_STATE_0"": 1163.7321186567917, ""DURATION_STATE_1"": 446.90347146584327, ""DURATION_STATE_2"": 1062.4815885878938, ""DURATION_STATE_3"": 139.98343147815808, ""IBOXIG_LAG_0"": 41.86223325116316, ""JPEICORE_LAG_0"": 58.51353250848888, ""LBUTTRUU_LAG_0"": 40.13517820776633, ""LT11TRUU_LAG_0"": 93.13523852264188, ""SPXT_LAG_0"": 126.8013297535158, ""STATE_LAG_0"": 1648.7127126251366, ""STATE_LAG_1"": -4.282589088688837e-06}","{""DBLCIX_LAG_0"": 49, ""DURATION_STATE_0"": 49, ""DURATION_STATE_1"": 49, ""DURATION_STATE_2"": 49, ""DURATION_STATE_3"": 49, ""IBOXIG_LAG_0"": 49, ""JPEICORE_LAG_0"": 49, ""LBUTTRUU_LAG_0"": 49, ""LT11TRUU_LAG_0"": 49, ""SPXT_LAG_0"": 49, ""STATE_LAG_0"": 49, ""STATE_LAG_1"": 14}",2318,prediction,2017-01-03,2023-12-05,1.0,1.0,1730
multinomial_logistic_gam,0.6536690725315004,0.8185185185185185,0.3242676438731245,4,1,0,4,0.05,11,STATE_LAG_0|SPXT_LAG_0|DBLCIX_LAG_0|IBOXIG_LAG_0|JPEICORE_LAG_0|LT11TRUU_LAG_0|LBUTTRUU_LAG_0|DURATION_STATE_0|DURATION_STATE_1|DURATION_STATE_2|DURATION_STATE_3,0.02,True,"{""DBLCIX_LAG_0"": 0.02, ""DURATION_STATE_0"": 0.02, ""DURATION_STATE_1"": 0.02, ""DURATION_STATE_2"": 0.02, ""DURATION_STATE_3"": 0.02, ""IBOXIG_LAG_0"": 0.02, ""JPEICORE_LAG_0"": 0.02, ""LBUTTRUU_LAG_0"": 0.02, ""LT11TRUU_LAG_0"": 0.02, ""SPXT_LAG_0"": 0.02, ""STATE_LAG_0"": 0.02, ""STATE_LAG_1"": 0.2}",regularized_bootstrap,1.0,49,"{""DBLCIX_LAG_0"": 74.70288644923858, ""DURATION_STATE_0"": 1163.7321186567917, ""DURATION_STATE_1"": 446.90347146584327, ""DURATION_STATE_2"": 1062.4815885878938, ""DURATION_STATE_3"": 139.98343147815808, ""IBOXIG_LAG_0"": 41.86223325116316, ""JPEICORE_LAG_0"": 58.51353250848888, ""LBUTTRUU_LAG_0"": 40.13517820776633, ""LT11TRUU_LAG_0"": 93.13523852264188, ""SPXT_LAG_0"": 126.8013297535158, ""STATE_LAG_0"": 1648.7127126251366, ""STATE_LAG_1"": -4.282589088688837e-06}","{""DBLCIX_LAG_0"": 49, ""DURATION_STATE_0"": 49, ""DURATION_STATE_1"": 49, ""DURATION_STATE_2"": 49, ""DURATION_STATE_3"": 49, ""IBOXIG_LAG_0"": 49, ""JPEICORE_LAG_0"": 49, ""LBUTTRUU_LAG_0"": 49, ""LT11TRUU_LAG_0"": 49, ""SPXT_LAG_0"": 49, ""STATE_LAG_0"": 49, ""STATE_LAG_1"": 14}",2318,validation,2009-06-02,2016-12-30,10.0,0.1,1890
multinomial_logistic_gam,0.464916435521953,0.8820809248554913,0.21474797144746835,4,1,0,4,0.05,11,STATE_LAG_0|SPXT_LAG_0|DBLCIX_LAG_0|IBOXIG_LAG_0|JPEICORE_LAG_0|LT11TRUU_LAG_0|LBUTTRUU_LAG_0|DURATION_STATE_0|DURATION_STATE_1|DURATION_STATE_2|DURATION_STATE_3,0.02,True,"{""DBLCIX_LAG_0"": 0.02, ""DURATION_STATE_0"": 0.02, ""DURATION_STATE_1"": 0.02, ""DURATION_STATE_2"": 0.02, ""DURATION_STATE_3"": 0.02, ""IBOXIG_LAG_0"": 0.02, ""JPEICORE_LAG_0"": 0.02, ""LBUTTRUU_LAG_0"": 0.02, ""LT11TRUU_LAG_0"": 0.02, ""SPXT_LAG_0"": 0.02, ""STATE_LAG_0"": 0.02, ""STATE_LAG_1"": 0.2}",regularized_bootstrap,1.0,49,"{""DBLCIX_LAG_0"": 74.70288644923858, ""DURATION_STATE_0"": 1163.7321186567917, ""DURATION_STATE_1"": 446.90347146584327, ""DURATION_STATE_2"": 1062.4815885878938, ""DURATION_STATE_3"": 139.98343147815808, ""IBOXIG_LAG_0"": 41.86223325116316, ""JPEICORE_LAG_0"": 58.51353250848888, ""LBUTTRUU_LAG_0"": 40.13517820776633, ""LT11TRUU_LAG_0"": 93.13523852264188, ""SPXT_LAG_0"": 126.8013297535158, ""STATE_LAG_0"": 1648.7127126251366, ""STATE_LAG_1"": -4.282589088688837e-06}","{""DBLCIX_LAG_0"": 49, ""DURATION_STATE_0"": 49, ""DURATION_STATE_1"": 49, ""DURATION_STATE_2"": 49, ""DURATION_STATE_3"": 49, ""IBOXIG_LAG_0"": 49, ""JPEICORE_LAG_0"": 49, ""LBUTTRUU_LAG_0"": 49, ""LT11TRUU_LAG_0"": 49, ""SPXT_LAG_0"": 49, ""STATE_LAG_0"": 49, ""STATE_LAG_1"": 14}",2318,prediction,2017-01-03,2023-12-05,10.0,0.1,1730
multinomial_logistic_gam,0.5670534554876949,0.81005291005291,0.3109336035575302,4,1,0,6,0.05,11,STATE_LAG_0|SPXT_LAG_0|DBLCIX_LAG_0|IBOXIG_LAG_0|JPEICORE_LAG_0|LT11TRUU_LAG_0|LBUTTRUU_LAG_0|DURATION_STATE_0|DURATION_STATE_1|DURATION_STATE_2|DURATION_STATE_3,0.02,True,"{""DBLCIX_LAG_0"": 0.02, ""DURATION_STATE_0"": 0.02, ""DURATION_STATE_1"": 0.02, ""DURATION_STATE_2"": 0.02, ""DURATION_STATE_3"": 0.02, ""IBOXIG_LAG_0"": 0.02, ""JPEICORE_LAG_0"": 0.02, ""LBUTTRUU_LAG_0"": 0.02, ""LT11TRUU_LAG_0"": 0.02, ""SPXT_LAG_0"": 0.02, ""STATE_LAG_0"": 0.02, ""STATE_LAG_1"": 0.2}",regularized_bootstrap,1.0,49,"{""DBLCIX_LAG_0"": 88.03167201825363, ""DURATION_STATE_0"": 1190.9086782738264, ""DURATION_STATE_1"": 454.14686056024266, ""DURATION_STATE_2"": 1081.1256693598361, ""DURATION_STATE_3"": 142.53901097433845, ""IBOXIG_LAG_0"": 70.86241459061057, ""JPEICORE_LAG_0"": 114.08364148949886, ""LBUTTRUU_LAG_0"": 72.16690569428465, ""LT11TRUU_LAG_0"": 126.6472243910116, ""SPXT_LAG_0"": 240.61684604629227, ""STATE_LAG_0"": 1648.7127126251366, ""STATE_LAG_1"": -4.282589088688837e-06}","{""DBLCIX_LAG_0"": 49, ""DURATION_STATE_0"": 49, ""DURATION_STATE_1"": 49, ""DURATION_STATE_2"": 49, ""DURATION_STATE_3"": 49, ""IBOXIG_LAG_0"": 49, ""JPEICORE_LAG_0"": 49, ""LBUTTRUU_LAG_0"": 49, ""LT11TRUU_LAG_0"": 49, ""SPXT_LAG_0"": 49, ""STATE_LAG_0"": 49, ""STATE_LAG_1"": 14}",2318,validation,2009-06-02,2016-12-30,0.01,100.0,1890
multinomial_logistic_gam,0.40752329860495656,0.8774566473988439,0.20497864659237544,4,1,0,6,0.05,11,STATE_LAG_0|SPXT_LAG_0|DBLCIX_LAG_0|IBOXIG_LAG_0|JPEICORE_LAG_0|LT11TRUU_LAG_0|LBUTTRUU_LAG_0|DURATION_STATE_0|DURATION_STATE_1|DURATION_STATE_2|DURATION_STATE_3,0.02,True,"{""DBLCIX_LAG_0"": 0.02, ""DURATION_STATE_0"": 0.02, ""DURATION_STATE_1"": 0.02, ""DURATION_STATE_2"": 0.02, ""DURATION_STATE_3"": 0.02, ""IBOXIG_LAG_0"": 0.02, ""JPEICORE_LAG_0"": 0.02, ""LBUTTRUU_LAG_0"": 0.02, ""LT11TRUU_LAG_0"": 0.02, ""SPXT_LAG_0"": 0.02, ""STATE_LAG_0"": 0.02, ""STATE_LAG_1"": 0.2}",regularized_bootstrap,1.0,49,"{""DBLCIX_LAG_0"": 88.03167201825363, ""DURATION_STATE_0"": 1190.9086782738264, ""DURATION_STATE_1"": 454.14686056024266, ""DURATION_STATE_2"": 1081.1256693598361, ""DURATION_STATE_3"": 142.53901097433845, ""IBOXIG_LAG_0"": 70.86241459061057, ""JPEICORE_LAG_0"": 114.08364148949886, ""LBUTTRUU_LAG_0"": 72.16690569428465, ""LT11TRUU_LAG_0"": 126.6472243910116, ""SPXT_LAG_0"": 240.61684604629227, ""STATE_LAG_0"": 1648.7127126251366, ""STATE_LAG_1"": -4.282589088688837e-06}","{""DBLCIX_LAG_0"": 49, ""DURATION_STATE_0"": 49, ""DURATION_STATE_1"": 49, ""DURATION_STATE_2"": 49, ""DURATION_STATE_3"": 49, ""IBOXIG_LAG_0"": 49, ""JPEICORE_LAG_0"": 49, ""LBUTTRUU_LAG_0"": 49, ""LT11TRUU_LAG_0"": 49, ""SPXT_LAG_0"": 49, ""STATE_LAG_0"": 49, ""STATE_LAG_1"": 14}",2318,prediction,2017-01-03,2023-12-05,0.01,100.0,1730
multinomial_logistic_gam,0.5713722421979833,0.817989417989418,0.3123689711248048,4,1,0,6,0.05,11,STATE_LAG_0|SPXT_LAG_0|DBLCIX_LAG_0|IBOXIG_LAG_0|JPEICORE_LAG_0|LT11TRUU_LAG_0|LBUTTRUU_LAG_0|DURATION_STATE_0|DURATION_STATE_1|DURATION_STATE_2|DURATION_STATE_3,0.02,True,"{""DBLCIX_LAG_0"": 0.02, ""DURATION_STATE_0"": 0.02, ""DURATION_STATE_1"": 0.02, ""DURATION_STATE_2"": 0.02, ""DURATION_STATE_3"": 0.02, ""IBOXIG_LAG_0"": 0.02, ""JPEICORE_LAG_0"": 0.02, ""LBUTTRUU_LAG_0"": 0.02, ""LT11TRUU_LAG_0"": 0.02, ""SPXT_LAG_0"": 0.02, ""STATE_LAG_0"": 0.02, ""STATE_LAG_1"": 0.2}",regularized_bootstrap,1.0,49,"{""DBLCIX_LAG_0"": 88.03167201825363, ""DURATION_STATE_0"": 1190.9086782738264, ""DURATION_STATE_1"": 454.14686056024266, ""DURATION_STATE_2"": 1081.1256693598361, ""DURATION_STATE_3"": 142.53901097433845, ""IBOXIG_LAG_0"": 70.86241459061057, ""JPEICORE_LAG_0"": 114.08364148949886, ""LBUTTRUU_LAG_0"": 72.16690569428465, ""LT11TRUU_LAG_0"": 126.6472243910116, ""SPXT_LAG_0"": 240.61684604629227, ""STATE_LAG_0"": 1648.7127126251366, ""STATE_LAG_1"": -4.282589088688837e-06}","{""DBLCIX_LAG_0"": 49, ""DURATION_STATE_0"": 49, ""DURATION_STATE_1"": 49, ""DURATION_STATE_2"": 49, ""DURATION_STATE_3"": 49, ""IBOXIG_LAG_0"": 49, ""JPEICORE_LAG_0"": 49, ""LBUTTRUU_LAG_0"": 49, ""LT11TRUU_LAG_0"": 49, ""SPXT_LAG_0"": 49, ""STATE_LAG_0"": 49, ""STATE_LAG_1"": 14}",2318,validation,2009-06-02,2016-12-30,0.1,10.0,1890
multinomial_logistic_gam,0.4067687818265202,0.8815028901734104,0.20462441468814935,4,1,0,6,0.05,11,STATE_LAG_0|SPXT_LAG_0|DBLCIX_LAG_0|IBOXIG_LAG_0|JPEICORE_LAG_0|LT11TRUU_LAG_0|LBUTTRUU_LAG_0|DURATION_STATE_0|DURATION_STATE_1|DURATION_STATE_2|DURATION_STATE_3,0.02,True,"{""DBLCIX_LAG_0"": 0.02, ""DURATION_STATE_0"": 0.02, ""DURATION_STATE_1"": 0.02, ""DURATION_STATE_2"": 0.02, ""DURATION_STATE_3"": 0.02, ""IBOXIG_LAG_0"": 0.02, ""JPEICORE_LAG_0"": 0.02, ""LBUTTRUU_LAG_0"": 0.02, ""LT11TRUU_LAG_0"": 0.02, ""SPXT_LAG_0"": 0.02, ""STATE_LAG_0"": 0.02, ""STATE_LAG_1"": 0.2}",regularized_bootstrap,1.0,49,"{""DBLCIX_LAG_0"": 88.03167201825363, ""DURATION_STATE_0"": 1190.9086782738264, ""DURATION_STATE_1"": 454.14686056024266, ""DURATION_STATE_2"": 1081.1256693598361, ""DURATION_STATE_3"": 142.53901097433845, ""IBOXIG_LAG_0"": 70.86241459061057, ""JPEICORE_LAG_0"": 114.08364148949886, ""LBUTTRUU_LAG_0"": 72.16690569428465, ""LT11TRUU_LAG_0"": 126.6472243910116, ""SPXT_LAG_0"": 240.61684604629227, ""STATE_LAG_0"": 1648.7127126251366, ""STATE_LAG_1"": -4.282589088688837e-06}","{""DBLCIX_LAG_0"": 49, ""DURATION_STATE_0"": 49, ""DURATION_STATE_1"": 49, ""DURATION_STATE_2"": 49, ""DURATION_STATE_3"": 49, ""IBOXIG_LAG_0"": 49, ""JPEICORE_LAG_0"": 49, ""LBUTTRUU_LAG_0"": 49, ""LT11TRUU_LAG_0"": 49, ""SPXT_LAG_0"": 49, ""STATE_LAG_0"": 49, ""STATE_LAG_1"": 14}",2318,prediction,2017-01-03,2023-12-05,0.1,10.0,1730
multinomial_logistic_gam,0.6126209217300981,0.8185185185185185,0.32113233719281575,4,1,0,6,0.05,11,STATE_LAG_0|SPXT_LAG_0|DBLCIX_LAG_0|IBOXIG_LAG_0|JPEICORE_LAG_0|LT11TRUU_LAG_0|LBUTTRUU_LAG_0|DURATION_STATE_0|DURATION_STATE_1|DURATION_STATE_2|DURATION_STATE_3,0.02,True,"{""DBLCIX_LAG_0"": 0.02, ""DURATION_STATE_0"": 0.02, ""DURATION_STATE_1"": 0.02, ""DURATION_STATE_2"": 0.02, ""DURATION_STATE_3"": 0.02, ""IBOXIG_LAG_0"": 0.02, ""JPEICORE_LAG_0"": 0.02, ""LBUTTRUU_LAG_0"": 0.02, ""LT11TRUU_LAG_0"": 0.02, ""SPXT_LAG_0"": 0.02, ""STATE_LAG_0"": 0.02, ""STATE_LAG_1"": 0.2}",regularized_bootstrap,1.0,49,"{""DBLCIX_LAG_0"": 88.03167201825363, ""DURATION_STATE_0"": 1190.9086782738264, ""DURATION_STATE_1"": 454.14686056024266, ""DURATION_STATE_2"": 1081.1256693598361, ""DURATION_STATE_3"": 142.53901097433845, ""IBOXIG_LAG_0"": 70.86241459061057, ""JPEICORE_LAG_0"": 114.08364148949886, ""LBUTTRUU_LAG_0"": 72.16690569428465, ""LT11TRUU_LAG_0"": 126.6472243910116, ""SPXT_LAG_0"": 240.61684604629227, ""STATE_LAG_0"": 1648.7127126251366, ""STATE_LAG_1"": -4.282589088688837e-06}","{""DBLCIX_LAG_0"": 49, ""DURATION_STATE_0"": 49, ""DURATION_STATE_1"": 49, ""DURATION_STATE_2"": 49, ""DURATION_STATE_3"": 49, ""IBOXIG_LAG_0"": 49, ""JPEICORE_LAG_0"": 49, ""LBUTTRUU_LAG_0"": 49, ""LT11TRUU_LAG_0"": 49, ""SPXT_LAG_0"": 49, ""STATE_LAG_0"": 49, ""STATE_LAG_1"": 14}",2318,validation,2009-06-02,2016-12-30,1.0,1.0,1890
multinomial_logistic_gam,0.4344110216139003,0.8820809248554913,0.21096166032942582,4,1,0,6,0.05,11,STATE_LAG_0|SPXT_LAG_0|DBLCIX_LAG_0|IBOXIG_LAG_0|JPEICORE_LAG_0|LT11TRUU_LAG_0|LBUTTRUU_LAG_0|DURATION_STATE_0|DURATION_STATE_1|DURATION_STATE_2|DURATION_STATE_3,0.02,True,"{""DBLCIX_LAG_0"": 0.02, ""DURATION_STATE_0"": 0.02, ""DURATION_STATE_1"": 0.02, ""DURATION_STATE_2"": 0.02, ""DURATION_STATE_3"": 0.02, ""IBOXIG_LAG_0"": 0.02, ""JPEICORE_LAG_0"": 0.02, ""LBUTTRUU_LAG_0"": 0.02, ""LT11TRUU_LAG_0"": 0.02, ""SPXT_LAG_0"": 0.02, ""STATE_LAG_0"": 0.02, ""STATE_LAG_1"": 0.2}",regularized_bootstrap,1.0,49,"{""DBLCIX_LAG_0"": 88.03167201825363, ""DURATION_STATE_0"": 1190.9086782738264, ""DURATION_STATE_1"": 454.14686056024266, ""DURATION_STATE_2"": 1081.1256693598361, ""DURATION_STATE_3"": 142.53901097433845, ""IBOXIG_LAG_0"": 70.86241459061057, ""JPEICORE_LAG_0"": 114.08364148949886, ""LBUTTRUU_LAG_0"": 72.16690569428465, ""LT11TRUU_LAG_0"": 126.6472243910116, ""SPXT_LAG_0"": 240.61684604629227, ""STATE_LAG_0"": 1648.7127126251366, ""STATE_LAG_1"": -4.282589088688837e-06}","{""DBLCIX_LAG_0"": 49, ""DURATION_STATE_0"": 49, ""DURATION_STATE_1"": 49, ""DURATION_STATE_2"": 49, ""DURATION_STATE_3"": 49, ""IBOXIG_LAG_0"": 49, ""JPEICORE_LAG_0"": 49, ""LBUTTRUU_LAG_0"": 49, ""LT11TRUU_LAG_0"": 49, ""SPXT_LAG_0"": 49, ""STATE_LAG_0"": 49, ""STATE_LAG_1"": 14}",2318,prediction,2017-01-03,2023-12-05,1.0,1.0,1730
multinomial_logistic_gam,0.6748667457338302,0.8195767195767196,0.3268737307535103,4,1,0,6,0.05,11,STATE_LAG_0|SPXT_LAG_0|DBLCIX_LAG_0|IBOXIG_LAG_0|JPEICORE_LAG_0|LT11TRUU_LAG_0|LBUTTRUU_LAG_0|DURATION_STATE_0|DURATION_STATE_1|DURATION_STATE_2|DURATION_STATE_3,0.02,True,"{""DBLCIX_LAG_0"": 0.02, ""DURATION_STATE_0"": 0.02, ""DURATION_STATE_1"": 0.02, ""DURATION_STATE_2"": 0.02, ""DURATION_STATE_3"": 0.02, ""IBOXIG_LAG_0"": 0.02, ""JPEICORE_LAG_0"": 0.02, ""LBUTTRUU_LAG_0"": 0.02, ""LT11TRUU_LAG_0"": 0.02, ""SPXT_LAG_0"": 0.02, ""STATE_LAG_0"": 0.02, ""STATE_LAG_1"": 0.2}",regularized_bootstrap,1.0,49,"{""DBLCIX_LAG_0"": 88.03167201825363, ""DURATION_STATE_0"": 1190.9086782738264, ""DURATION_STATE_1"": 454.14686056024266, ""DURATION_STATE_2"": 1081.1256693598361, ""DURATION_STATE_3"": 142.53901097433845, ""IBOXIG_LAG_0"": 70.86241459061057, ""JPEICORE_LAG_0"": 114.08364148949886, ""LBUTTRUU_LAG_0"": 72.16690569428465, ""LT11TRUU_LAG_0"": 126.6472243910116, ""SPXT_LAG_0"": 240.61684604629227, ""STATE_LAG_0"": 1648.7127126251366, ""STATE_LAG_1"": -4.282589088688837e-06}","{""DBLCIX_LAG_0"": 49, ""DURATION_STATE_0"": 49, ""DURATION_STATE_1"": 49, ""DURATION_STATE_2"": 49, ""DURATION_STATE_3"": 49, ""IBOXIG_LAG_0"": 49, ""JPEICORE_LAG_0"": 49, ""LBUTTRUU_LAG_0"": 49, ""LT11TRUU_LAG_0"": 49, ""SPXT_LAG_0"": 49, ""STATE_LAG_0"": 49, ""STATE_LAG_1"": 14}",2318,validation,2009-06-02,2016-12-30,10.0,0.1,1890
multinomial_logistic_gam,0.47567493338507233,0.8815028901734104,0.21568804978024544,4,1,0,6,0.05,11,STATE_LAG_0|SPXT_LAG_0|DBLCIX_LAG_0|IBOXIG_LAG_0|JPEICORE_LAG_0|LT11TRUU_LAG_0|LBUTTRUU_LAG_0|DURATION_STATE_0|DURATION_STATE_1|DURATION_STATE_2|DURATION_STATE_3,0.02,True,"{""DBLCIX_LAG_0"": 0.02, ""DURATION_STATE_0"": 0.02, ""DURATION_STATE_1"": 0.02, ""DURATION_STATE_2"": 0.02, ""DURATION_STATE_3"": 0.02, ""IBOXIG_LAG_0"": 0.02, ""JPEICORE_LAG_0"": 0.02, ""LBUTTRUU_LAG_0"": 0.02, ""LT11TRUU_LAG_0"": 0.02, ""SPXT_LAG_0"": 0.02, ""STATE_LAG_0"": 0.02, ""STATE_LAG_1"": 0.2}",regularized_bootstrap,1.0,49,"{""DBLCIX_LAG_0"": 88.03167201825363, ""DURATION_STATE_0"": 1190.9086782738264, ""DURATION_STATE_1"": 454.14686056024266, ""DURATION_STATE_2"": 1081.1256693598361, ""DURATION_STATE_3"": 142.53901097433845, ""IBOXIG_LAG_0"": 70.86241459061057, ""JPEICORE_LAG_0"": 114.08364148949886, ""LBUTTRUU_LAG_0"": 72.16690569428465, ""LT11TRUU_LAG_0"": 126.6472243910116, ""SPXT_LAG_0"": 240.61684604629227, ""STATE_LAG_0"": 1648.7127126251366, ""STATE_LAG_1"": -4.282589088688837e-06}","{""DBLCIX_LAG_0"": 49, ""DURATION_STATE_0"": 49, ""DURATION_STATE_1"": 49, ""DURATION_STATE_2"": 49, ""DURATION_STATE_3"": 49, ""IBOXIG_LAG_0"": 49, ""JPEICORE_LAG_0"": 49, ""LBUTTRUU_LAG_0"": 49, ""LT11TRUU_LAG_0"": 49, ""SPXT_LAG_0"": 49, ""STATE_LAG_0"": 49, ""STATE_LAG_1"": 14}",2318,prediction,2017-01-03,2023-12-05,10.0,0.1,1730
multinomial_logistic_gam,0.5683015579835211,0.8047619047619048,0.3119726267720331,4,1,1,4,0.05,17,STATE_LAG_0|SPXT_LAG_0|DBLCIX_LAG_0|IBOXIG_LAG_0|JPEICORE_LAG_0|LT11TRUU_LAG_0|LBUTTRUU_LAG_0|SPXT_LAG_1|DBLCIX_LAG_1|IBOXIG_LAG_1|JPEICORE_LAG_1|LT11TRUU_LAG_1|LBUTTRUU_LAG_1|DURATION_STATE_0|DURATION_STATE_1|DURATION_STATE_2|DURATION_STATE_3,0.02,True,"{""DBLCIX_LAG_0"": 0.02, ""DBLCIX_LAG_1"": 0.02, ""DURATION_STATE_0"": 0.02, ""DURATION_STATE_1"": 0.02, ""DURATION_STATE_2"": 0.02, ""DURATION_STATE_3"": 0.02, ""IBOXIG_LAG_0"": 0.02, ""IBOXIG_LAG_1"": 0.02, ""JPEICORE_LAG_0"": 0.02, ""JPEICORE_LAG_1"": 0.02, ""LBUTTRUU_LAG_0"": 0.02, ""LBUTTRUU_LAG_1"": 0.02, ""LT11TRUU_LAG_0"": 0.02, ""LT11TRUU_LAG_1"": 0.02, ""SPXT_LAG_0"": 0.02, ""SPXT_LAG_1"": 0.02, ""STATE_LAG_0"": 0.02, ""STATE_LAG_1"": 0.5}",regularized_bootstrap,1.0,49,"{""DBLCIX_LAG_0"": 74.60496011940631, ""DBLCIX_LAG_1"": 71.59707612514194, ""DURATION_STATE_0"": 1162.4139088475536, ""DURATION_STATE_1"": 446.88236052459297, ""DURATION_STATE_2"": 1062.0930509851778, ""DURATION_STATE_3"": 139.96865469885756, ""IBOXIG_LAG_0"": 40.354996199542256, ""IBOXIG_LAG_1"": 38.18948491552328, ""JPEICORE_LAG_0"": 58.94806319605959, ""JPEICORE_LAG_1"": 49.31828438624416, ""LBUTTRUU_LAG_0"": 40.17549928435437, ""LBUTTRUU_LAG_1"": 34.938716838456, ""LT11TRUU_LAG_0"": 92.94793924033866, ""LT11TRUU_LAG_1"": 84.42621877721103, ""SPXT_LAG_0"": 126.1285995090866, ""SPXT_LAG_1"": 119.54209708029703, ""STATE_LAG_0"": 1647.8849922413729, ""STATE_LAG_1"": -4.081328370375559e-06}","{""DBLCIX_LAG_0"": 49, ""DBLCIX_LAG_1"": 49, ""DURATION_STATE_0"": 49, ""DURATION_STATE_1"": 49, ""DURATION_STATE_2"": 49, ""DURATION_STATE_3"": 49, ""IBOXIG_LAG_0"": 49, ""IBOXIG_LAG_1"": 49, ""JPEICORE_LAG_0"": 49, ""JPEICORE_LAG_1"": 49, ""LBUTTRUU_LAG_0"": 49, ""LBUTTRUU_LAG_1"": 49, ""LT11TRUU_LAG_0"": 49, ""LT11TRUU_LAG_1"": 49, ""SPXT_LAG_0"": 49, ""SPXT_LAG_1"": 49, ""STATE_LAG_0"": 49, ""STATE_LAG_1"": 5}",2317,validation,2009-06-02,2016-12-30,0.01,100.0,1890
multinomial_logistic_gam,0.4086542253349987,0.8774566473988439,0.20590296673831973,4,1,1,4,0.05,17,STATE_LAG_0|SPXT_LAG_0|DBLCIX_LAG_0|IBOXIG_LAG_0|JPEICORE_LAG_0|LT11TRUU_LAG_0|LBUTTRUU_LAG_0|SPXT_LAG_1|DBLCIX_LAG_1|IBOXIG_LAG_1|JPEICORE_LAG_1|LT11TRUU_LAG_1|LBUTTRUU_LAG_1|DURATION_STATE_0|DURATION_STATE_1|DURATION_STATE_2|DURATION_STATE_3,0.02,True,"{""DBLCIX_LAG_0"": 0.02, ""DBLCIX_LAG_1"": 0.02, ""DURATION_STATE_0"": 0.02, ""DURATION_STATE_1"": 0.02, ""DURATION_STATE_2"": 0.02, ""DURATION_STATE_3"": 0.02, ""IBOXIG_LAG_0"": 0.02, ""IBOXIG_LAG_1"": 0.02, ""JPEICORE_LAG_0"": 0.02, ""JPEICORE_LAG_1"": 0.02, ""LBUTTRUU_LAG_0"": 0.02, ""LBUTTRUU_LAG_1"": 0.02, ""LT11TRUU_LAG_0"": 0.02, ""LT11TRUU_LAG_1"": 0.02, ""SPXT_LAG_0"": 0.02, ""SPXT_LAG_1"": 0.02, ""STATE_LAG_0"": 0.02, ""STATE_LAG_1"": 0.5}",regularized_bootstrap,1.0,49,"{""DBLCIX_LAG_0"": 74.60496011940631, ""DBLCIX_LAG_1"": 71.59707612514194, ""DURATION_STATE_0"": 1162.4139088475536, ""DURATION_STATE_1"": 446.88236052459297, ""DURATION_STATE_2"": 1062.0930509851778, ""DURATION_STATE_3"": 139.96865469885756, ""IBOXIG_LAG_0"": 40.354996199542256, ""IBOXIG_LAG_1"": 38.18948491552328, ""JPEICORE_LAG_0"": 58.94806319605959, ""JPEICORE_LAG_1"": 49.31828438624416, ""LBUTTRUU_LAG_0"": 40.17549928435437, ""LBUTTRUU_LAG_1"": 34.938716838456, ""LT11TRUU_LAG_0"": 92.94793924033866, ""LT11TRUU_LAG_1"": 84.42621877721103, ""SPXT_LAG_0"": 126.1285995090866, ""SPXT_LAG_1"": 119.54209708029703, ""STATE_LAG_0"": 1647.8849922413729, ""STATE_LAG_1"": -4.081328370375559e-06}","{""DBLCIX_LAG_0"": 49, ""DBLCIX_LAG_1"": 49, ""DURATION_STATE_0"": 49, ""DURATION_STATE_1"": 49, ""DURATION_STATE_2"": 49, ""DURATION_STATE_3"": 49, ""IBOXIG_LAG_0"": 49, ""IBOXIG_LAG_1"": 49, ""JPEICORE_LAG_0"": 49, ""JPEICORE_LAG_1"": 49, ""LBUTTRUU_LAG_0"": 49, ""LBUTTRUU_LAG_1"": 49, ""LT11TRUU_LAG_0"": 49, ""LT11TRUU_LAG_1"": 49, ""SPXT_LAG_0"": 49, ""SPXT_LAG_1"": 49, ""STATE_LAG_0"": 49, ""STATE_LAG_1"": 5}",2317,prediction,2017-01-03,2023-12-05,0.01,100.0,1730
multinomial_logistic_gam,0.5717231734553453,0.8174603174603174,0.3122481943050831,4,1,1,4,0.05,17,STATE_LAG_0|SPXT_LAG_0|DBLCIX_LAG_0|IBOXIG_LAG_0|JPEICORE_LAG_0|LT11TRUU_LAG_0|LBUTTRUU_LAG_0|SPXT_LAG_1|DBLCIX_LAG_1|IBOXIG_LAG_1|JPEICORE_LAG_1|LT11TRUU_LAG_1|LBUTTRUU_LAG_1|DURATION_STATE_0|DURATION_STATE_1|DURATION_STATE_2|DURATION_STATE_3,0.02,True,"{""DBLCIX_LAG_0"": 0.02, ""DBLCIX_LAG_1"": 0.02, ""DURATION_STATE_0"": 0.02, ""DURATION_STATE_1"": 0.02, ""DURATION_STATE_2"": 0.02, ""DURATION_STATE_3"": 0.02, ""IBOXIG_LAG_0"": 0.02, ""IBOXIG_LAG_1"": 0.02, ""JPEICORE_LAG_0"": 0.02, ""JPEICORE_LAG_1"": 0.02, ""LBUTTRUU_LAG_0"": 0.02, ""LBUTTRUU_LAG_1"": 0.02, ""LT11TRUU_LAG_0"": 0.02, ""LT11TRUU_LAG_1"": 0.02, ""SPXT_LAG_0"": 0.02, ""SPXT_LAG_1"": 0.02, ""STATE_LAG_0"": 0.02, ""STATE_LAG_1"": 0.5}",regularized_bootstrap,1.0,49,"{""DBLCIX_LAG_0"": 74.60496011940631, ""DBLCIX_LAG_1"": 71.59707612514194, ""DURATION_STATE_0"": 1162.4139088475536, ""DURATION_STATE_1"": 446.88236052459297, ""DURATION_STATE_2"": 1062.0930509851778, ""DURATION_STATE_3"": 139.96865469885756, ""IBOXIG_LAG_0"": 40.354996199542256, ""IBOXIG_LAG_1"": 38.18948491552328, ""JPEICORE_LAG_0"": 58.94806319605959, ""JPEICORE_LAG_1"": 49.31828438624416, ""LBUTTRUU_LAG_0"": 40.17549928435437, ""LBUTTRUU_LAG_1"": 34.938716838456, ""LT11TRUU_LAG_0"": 92.94793924033866, ""LT11TRUU_LAG_1"": 84.42621877721103, ""SPXT_LAG_0"": 126.1285995090866, ""SPXT_LAG_1"": 119.54209708029703, ""STATE_LAG_0"": 1647.8849922413729, ""STATE_LAG_1"": -4.081328370375559e-06}","{""DBLCIX_LAG_0"": 49, ""DBLCIX_LAG_1"": 49, ""DURATION_STATE_0"": 49, ""DURATION_STATE_1"": 49, ""DURATION_STATE_2"": 49, ""DURATION_STATE_3"": 49, ""IBOXIG_LAG_0"": 49, ""IBOXIG_LAG_1"": 49, ""JPEICORE_LAG_0"": 49, ""JPEICORE_LAG_1"": 49, ""LBUTTRUU_LAG_0"": 49, ""LBUTTRUU_LAG_1"": 49, ""LT11TRUU_LAG_0"": 49, ""LT11TRUU_LAG_1"": 49, ""SPXT_LAG_0"": 49, ""SPXT_LAG_1"": 49, ""STATE_LAG_0"": 49, ""STATE_LAG_1"": 5}",2317,validation,2009-06-02,2016-12-30,0.1,10.0,1890
multinomial_logistic_gam,0.40597113926041273,0.8803468208092485,0.2044452070242661,4,1,1,4,0.05,17,STATE_LAG_0|SPXT_LAG_0|DBLCIX_LAG_0|IBOXIG_LAG_0|JPEICORE_LAG_0|LT11TRUU_LAG_0|LBUTTRUU_LAG_0|SPXT_LAG_1|DBLCIX_LAG_1|IBOXIG_LAG_1|JPEICORE_LAG_1|LT11TRUU_LAG_1|LBUTTRUU_LAG_1|DURATION_STATE_0|DURATION_STATE_1|DURATION_STATE_2|DURATION_STATE_3,0.02,True,"{""DBLCIX_LAG_0"": 0.02, ""DBLCIX_LAG_1"": 0.02, ""DURATION_STATE_0"": 0.02, ""DURATION_STATE_1"": 0.02, ""DURATION_STATE_2"": 0.02, ""DURATION_STATE_3"": 0.02, ""IBOXIG_LAG_0"": 0.02, ""IBOXIG_LAG_1"": 0.02, ""JPEICORE_LAG_0"": 0.02, ""JPEICORE_LAG_1"": 0.02, ""LBUTTRUU_LAG_0"": 0.02, ""LBUTTRUU_LAG_1"": 0.02, ""LT11TRUU_LAG_0"": 0.02, ""LT11TRUU_LAG_1"": 0.02, ""SPXT_LAG_0"": 0.02, ""SPXT_LAG_1"": 0.02, ""STATE_LAG_0"": 0.02, ""STATE_LAG_1"": 0.5}",regularized_bootstrap,1.0,49,"{""DBLCIX_LAG_0"": 74.60496011940631, ""DBLCIX_LAG_1"": 71.59707612514194, ""DURATION_STATE_0"": 1162.4139088475536, ""DURATION_STATE_1"": 446.88236052459297, ""DURATION_STATE_2"": 1062.0930509851778, ""DURATION_STATE_3"": 139.96865469885756, ""IBOXIG_LAG_0"": 40.354996199542256, ""IBOXIG_LAG_1"": 38.18948491552328, ""JPEICORE_LAG_0"": 58.94806319605959, ""JPEICORE_LAG_1"": 49.31828438624416, ""LBUTTRUU_LAG_0"": 40.17549928435437, ""LBUTTRUU_LAG_1"": 34.938716838456, ""LT11TRUU_LAG_0"": 92.94793924033866, ""LT11TRUU_LAG_1"": 84.42621877721103, ""SPXT_LAG_0"": 126.1285995090866, ""SPXT_LAG_1"": 119.54209708029703, ""STATE_LAG_0"": 1647.8849922413729, ""STATE_LAG_1"": -4.081328370375559e-06}","{""DBLCIX_LAG_0"": 49, ""DBLCIX_LAG_1"": 49, ""DURATION_STATE_0"": 49, ""DURATION_STATE_1"": 49, ""DURATION_STATE_2"": 49, ""DURATION_STATE_3"": 49, ""IBOXIG_LAG_0"": 49, ""IBOXIG_LAG_1"": 49, ""JPEICORE_LAG_0"": 49, ""JPEICORE_LAG_1"": 49, ""LBUTTRUU_LAG_0"": 49, ""LBUTTRUU_LAG_1"": 49, ""LT11TRUU_LAG_0"": 49, ""LT11TRUU_LAG_1"": 49, ""SPXT_LAG_0"": 49, ""SPXT_LAG_1"": 49, ""STATE_LAG_0"": 49, ""STATE_LAG_1"": 5}",2317,prediction,2017-01-03,2023-12-05,0.1,10.0,1730
multinomial_logistic_gam,0.6049051408812525,0.819047619047619,0.31904353150983794,4,1,1,4,0.05,17,STATE_LAG_0|SPXT_LAG_0|DBLCIX_LAG_0|IBOXIG_LAG_0|JPEICORE_LAG_0|LT11TRUU_LAG_0|LBUTTRUU_LAG_0|SPXT_LAG_1|DBLCIX_LAG_1|IBOXIG_LAG_1|JPEICORE_LAG_1|LT11TRUU_LAG_1|LBUTTRUU_LAG_1|DURATION_STATE_0|DURATION_STATE_1|DURATION_STATE_2|DURATION_STATE_3,0.02,True,"{""DBLCIX_LAG_0"": 0.02, ""DBLCIX_LAG_1"": 0.02, ""DURATION_STATE_0"": 0.02, ""DURATION_STATE_1"": 0.02, ""DURATION_STATE_2"": 0.02, ""DURATION_STATE_3"": 0.02, ""IBOXIG_LAG_0"": 0.02, ""IBOXIG_LAG_1"": 0.02, ""JPEICORE_LAG_0"": 0.02, ""JPEICORE_LAG_1"": 0.02, ""LBUTTRUU_LAG_0"": 0.02, ""LBUTTRUU_LAG_1"": 0.02, ""LT11TRUU_LAG_0"": 0.02, ""LT11TRUU_LAG_1"": 0.02, ""SPXT_LAG_0"": 0.02, ""SPXT_LAG_1"": 0.02, ""STATE_LAG_0"": 0.02, ""STATE_LAG_1"": 0.5}",regularized_bootstrap,1.0,49,"{""DBLCIX_LAG_0"": 74.60496011940631, ""DBLCIX_LAG_1"": 71.59707612514194, ""DURATION_STATE_0"": 1162.4139088475536, ""DURATION_STATE_1"": 446.88236052459297, ""DURATION_STATE_2"": 1062.0930509851778, ""DURATION_STATE_3"": 139.96865469885756, ""IBOXIG_LAG_0"": 40.354996199542256, ""IBOXIG_LAG_1"": 38.18948491552328, ""JPEICORE_LAG_0"": 58.94806319605959, ""JPEICORE_LAG_1"": 49.31828438624416, ""LBUTTRUU_LAG_0"": 40.17549928435437, ""LBUTTRUU_LAG_1"": 34.938716838456, ""LT11TRUU_LAG_0"": 92.94793924033866, ""LT11TRUU_LAG_1"": 84.42621877721103, ""SPXT_LAG_0"": 126.1285995090866, ""SPXT_LAG_1"": 119.54209708029703, ""STATE_LAG_0"": 1647.8849922413729, ""STATE_LAG_1"": -4.081328370375559e-06}","{""DBLCIX_LAG_0"": 49, ""DBLCIX_LAG_1"": 49, ""DURATION_STATE_0"": 49, ""DURATION_STATE_1"": 49, ""DURATION_STATE_2"": 49, ""DURATION_STATE_3"": 49, ""IBOXIG_LAG_0"": 49, ""IBOXIG_LAG_1"": 49, ""JPEICORE_LAG_0"": 49, ""JPEICORE_LAG_1"": 49, ""LBUTTRUU_LAG_0"": 49, ""LBUTTRUU_LAG_1"": 49, ""LT11TRUU_LAG_0"": 49, ""LT11TRUU_LAG_1"": 49, ""SPXT_LAG_0"": 49, ""SPXT_LAG_1"": 49, ""STATE_LAG_0"": 49, ""STATE_LAG_1"": 5}",2317,validation,2009-06-02,2016-12-30,1.0,1.0,1890
multinomial_logistic_gam,0.42897945220380695,0.8820809248554913,0.21021424531193167,4,1,1,4,0.05,17,STATE_LAG_0|SPXT_LAG_0|DBLCIX_LAG_0|IBOXIG_LAG_0|JPEICORE_LAG_0|LT11TRUU_LAG_0|LBUTTRUU_LAG_0|SPXT_LAG_1|DBLCIX_LAG_1|IBOXIG_LAG_1|JPEICORE_LAG_1|LT11TRUU_LAG_1|LBUTTRUU_LAG_1|DURATION_STATE_0|DURATION_STATE_1|DURATION_STATE_2|DURATION_STATE_3,0.02,True,"{""DBLCIX_LAG_0"": 0.02, ""DBLCIX_LAG_1"": 0.02, ""DURATION_STATE_0"": 0.02, ""DURATION_STATE_1"": 0.02, ""DURATION_STATE_2"": 0.02, ""DURATION_STATE_3"": 0.02, ""IBOXIG_LAG_0"": 0.02, ""IBOXIG_LAG_1"": 0.02, ""JPEICORE_LAG_0"": 0.02, ""JPEICORE_LAG_1"": 0.02, ""LBUTTRUU_LAG_0"": 0.02, ""LBUTTRUU_LAG_1"": 0.02, ""LT11TRUU_LAG_0"": 0.02, ""LT11TRUU_LAG_1"": 0.02, ""SPXT_LAG_0"": 0.02, ""SPXT_LAG_1"": 0.02, ""STATE_LAG_0"": 0.02, ""STATE_LAG_1"": 0.5}",regularized_bootstrap,1.0,49,"{""DBLCIX_LAG_0"": 74.60496011940631, ""DBLCIX_LAG_1"": 71.59707612514194, ""DURATION_STATE_0"": 1162.4139088475536, ""DURATION_STATE_1"": 446.88236052459297, ""DURATION_STATE_2"": 1062.0930509851778, ""DURATION_STATE_3"": 139.96865469885756, ""IBOXIG_LAG_0"": 40.354996199542256, ""IBOXIG_LAG_1"": 38.18948491552328, ""JPEICORE_LAG_0"": 58.94806319605959, ""JPEICORE_LAG_1"": 49.31828438624416, ""LBUTTRUU_LAG_0"": 40.17549928435437, ""LBUTTRUU_LAG_1"": 34.938716838456, ""LT11TRUU_LAG_0"": 92.94793924033866, ""LT11TRUU_LAG_1"": 84.42621877721103, ""SPXT_LAG_0"": 126.1285995090866, ""SPXT_LAG_1"": 119.54209708029703, ""STATE_LAG_0"": 1647.8849922413729, ""STATE_LAG_1"": -4.081328370375559e-06}","{""DBLCIX_LAG_0"": 49, ""DBLCIX_LAG_1"": 49, ""DURATION_STATE_0"": 49, ""DURATION_STATE_1"": 49, ""DURATION_STATE_2"": 49, ""DURATION_STATE_3"": 49, ""IBOXIG_LAG_0"": 49, ""IBOXIG_LAG_1"": 49, ""JPEICORE_LAG_0"": 49, ""JPEICORE_LAG_1"": 49, ""LBUTTRUU_LAG_0"": 49, ""LBUTTRUU_LAG_1"": 49, ""LT11TRUU_LAG_0"": 49, ""LT11TRUU_LAG_1"": 49, ""SPXT_LAG_0"": 49, ""SPXT_LAG_1"": 49, ""STATE_LAG_0"": 49, ""STATE_LAG_1"": 5}",2317,prediction,2017-01-03,2023-12-05,1.0,1.0,1730
multinomial_logistic_gam,0.6648076708464705,0.817989417989418,0.3261328469550991,4,1,1,4,0.05,17,STATE_LAG_0|SPXT_LAG_0|DBLCIX_LAG_0|IBOXIG_LAG_0|JPEICORE_LAG_0|LT11TRUU_LAG_0|LBUTTRUU_LAG_0|SPXT_LAG_1|DBLCIX_LAG_1|IBOXIG_LAG_1|JPEICORE_LAG_1|LT11TRUU_LAG_1|LBUTTRUU_LAG_1|DURATION_STATE_0|DURATION_STATE_1|DURATION_STATE_2|DURATION_STATE_3,0.02,True,"{""DBLCIX_LAG_0"": 0.02, ""DBLCIX_LAG_1"": 0.02, ""DURATION_STATE_0"": 0.02, ""DURATION_STATE_1"": 0.02, ""DURATION_STATE_2"": 0.02, ""DURATION_STATE_3"": 0.02, ""IBOXIG_LAG_0"": 0.02, ""IBOXIG_LAG_1"": 0.02, ""JPEICORE_LAG_0"": 0.02, ""JPEICORE_LAG_1"": 0.02, ""LBUTTRUU_LAG_0"": 0.02, ""LBUTTRUU_LAG_1"": 0.02, ""LT11TRUU_LAG_0"": 0.02, ""LT11TRUU_LAG_1"": 0.02, ""SPXT_LAG_0"": 0.02, ""SPXT_LAG_1"": 0.02, ""STATE_LAG_0"": 0.02, ""STATE_LAG_1"": 0.5}",regularized_bootstrap,1.0,49,"{""DBLCIX_LAG_0"": 74.60496011940631, ""DBLCIX_LAG_1"": 71.59707612514194, ""DURATION_STATE_0"": 1162.4139088475536, ""DURATION_STATE_1"": 446.88236052459297, ""DURATION_STATE_2"": 1062.0930509851778, ""DURATION_STATE_3"": 139.96865469885756, ""IBOXIG_LAG_0"": 40.354996199542256, ""IBOXIG_LAG_1"": 38.18948491552328, ""JPEICORE_LAG_0"": 58.94806319605959, ""JPEICORE_LAG_1"": 49.31828438624416, ""LBUTTRUU_LAG_0"": 40.17549928435437, ""LBUTTRUU_LAG_1"": 34.938716838456, ""LT11TRUU_LAG_0"": 92.94793924033866, ""LT11TRUU_LAG_1"": 84.42621877721103, ""SPXT_LAG_0"": 126.1285995090866, ""SPXT_LAG_1"": 119.54209708029703, ""STATE_LAG_0"": 1647.8849922413729, ""STATE_LAG_1"": -4.081328370375559e-06}","{""DBLCIX_LAG_0"": 49, ""DBLCIX_LAG_1"": 49, ""DURATION_STATE_0"": 49, ""DURATION_STATE_1"": 49, ""DURATION_STATE_2"": 49, ""DURATION_STATE_3"": 49, ""IBOXIG_LAG_0"": 49, ""IBOXIG_LAG_1"": 49, ""JPEICORE_LAG_0"": 49, ""JPEICORE_LAG_1"": 49, ""LBUTTRUU_LAG_0"": 49, ""LBUTTRUU_LAG_1"": 49, ""LT11TRUU_LAG_0"": 49, ""LT11TRUU_LAG_1"": 49, ""SPXT_LAG_0"": 49, ""SPXT_LAG_1"": 49, ""STATE_LAG_0"": 49, ""STATE_LAG_1"": 5}",2317,validation,2009-06-02,2016-12-30,10.0,0.1,1890
multinomial_logistic_gam,0.47177744119503284,0.8797687861271676,0.21639884327791373,4,1,1,4,0.05,17,STATE_LAG_0|SPXT_LAG_0|DBLCIX_LAG_0|IBOXIG_LAG_0|JPEICORE_LAG_0|LT11TRUU_LAG_0|LBUTTRUU_LAG_0|SPXT_LAG_1|DBLCIX_LAG_1|IBOXIG_LAG_1|JPEICORE_LAG_1|LT11TRUU_LAG_1|LBUTTRUU_LAG_1|DURATION_STATE_0|DURATION_STATE_1|DURATION_STATE_2|DURATION_STATE_3,0.02,True,"{""DBLCIX_LAG_0"": 0.02, ""DBLCIX_LAG_1"": 0.02, ""DURATION_STATE_0"": 0.02, ""DURATION_STATE_1"": 0.02, ""DURATION_STATE_2"": 0.02, ""DURATION_STATE_3"": 0.02, ""IBOXIG_LAG_0"": 0.02, ""IBOXIG_LAG_1"": 0.02, ""JPEICORE_LAG_0"": 0.02, ""JPEICORE_LAG_1"": 0.02, ""LBUTTRUU_LAG_0"": 0.02, ""LBUTTRUU_LAG_1"": 0.02, ""LT11TRUU_LAG_0"": 0.02, ""LT11TRUU_LAG_1"": 0.02, ""SPXT_LAG_0"": 0.02, ""SPXT_LAG_1"": 0.02, ""STATE_LAG_0"": 0.02, ""STATE_LAG_1"": 0.5}",regularized_bootstrap,1.0,49,"{""DBLCIX_LAG_0"": 74.60496011940631, ""DBLCIX_LAG_1"": 71.59707612514194, ""DURATION_STATE_0"": 1162.4139088475536, ""DURATION_STATE_1"": 446.88236052459297, ""DURATION_STATE_2"": 1062.0930509851778, ""DURATION_STATE_3"": 139.96865469885756, ""IBOXIG_LAG_0"": 40.354996199542256, ""IBOXIG_LAG_1"": 38.18948491552328, ""JPEICORE_LAG_0"": 58.94806319605959, ""JPEICORE_LAG_1"": 49.31828438624416, ""LBUTTRUU_LAG_0"": 40.17549928435437, ""LBUTTRUU_LAG_1"": 34.938716838456, ""LT11TRUU_LAG_0"": 92.94793924033866, ""LT11TRUU_LAG_1"": 84.42621877721103, ""SPXT_LAG_0"": 126.1285995090866, ""SPXT_LAG_1"": 119.54209708029703, ""STATE_LAG_0"": 1647.8849922413729, ""STATE_LAG_1"": -4.081328370375559e-06}","{""DBLCIX_LAG_0"": 49, ""DBLCIX_LAG_1"": 49, ""DURATION_STATE_0"": 49, ""DURATION_STATE_1"": 49, ""DURATION_STATE_2"": 49, ""DURATION_STATE_3"": 49, ""IBOXIG_LAG_0"": 49, ""IBOXIG_LAG_1"": 49, ""JPEICORE_LAG_0"": 49, ""JPEICORE_LAG_1"": 49, ""LBUTTRUU_LAG_0"": 49, ""LBUTTRUU_LAG_1"": 49, ""LT11TRUU_LAG_0"": 49, ""LT11TRUU_LAG_1"": 49, ""SPXT_LAG_0"": 49, ""SPXT_LAG_1"": 49, ""STATE_LAG_0"": 49, ""STATE_LAG_1"": 5}",2317,prediction,2017-01-03,2023-12-05,10.0,0.1,1730
multinomial_logistic_gam,0.5680226784977621,0.8074074074074075,0.3116119770689268,4,1,1,6,0.05,17,STATE_LAG_0|SPXT_LAG_0|DBLCIX_LAG_0|IBOXIG_LAG_0|JPEICORE_LAG_0|LT11TRUU_LAG_0|LBUTTRUU_LAG_0|SPXT_LAG_1|DBLCIX_LAG_1|IBOXIG_LAG_1|JPEICORE_LAG_1|LT11TRUU_LAG_1|LBUTTRUU_LAG_1|DURATION_STATE_0|DURATION_STATE_1|DURATION_STATE_2|DURATION_STATE_3,0.02,True,"{""DBLCIX_LAG_0"": 0.02, ""DBLCIX_LAG_1"": 0.02, ""DURATION_STATE_0"": 0.02, ""DURATION_STATE_1"": 0.02, ""DURATION_STATE_2"": 0.02, ""DURATION_STATE_3"": 0.02, ""IBOXIG_LAG_0"": 0.02, ""IBOXIG_LAG_1"": 0.02, ""JPEICORE_LAG_0"": 0.02, ""JPEICORE_LAG_1"": 0.02, ""LBUTTRUU_LAG_0"": 0.02, ""LBUTTRUU_LAG_1"": 0.02, ""LT11TRUU_LAG_0"": 0.02, ""LT11TRUU_LAG_1"": 0.02, ""SPXT_LAG_0"": 0.02, ""SPXT_LAG_1"": 0.02, ""STATE_LAG_0"": 0.02, ""STATE_LAG_1"": 0.5}",regularized_bootstrap,1.0,49,"{""DBLCIX_LAG_0"": 87.99572927287454, ""DBLCIX_LAG_1"": 85.3125180051129, ""DURATION_STATE_0"": 1191.124436786458, ""DURATION_STATE_1"": 453.64396185728015, ""DURATION_STATE_2"": 1080.4551776755338, ""DURATION_STATE_3"": 142.51556197434206, ""IBOXIG_LAG_0"": 70.98182151048195, ""IBOXIG_LAG_1"": 66.13256048535959, ""JPEICORE_LAG_0"": 115.13517074446418, ""JPEICORE_LAG_1"": 98.4665358644977, ""LBUTTRUU_LAG_0"": 72.02940911939277, ""LBUTTRUU_LAG_1"": 66.23400769880573, ""LT11TRUU_LAG_0"": 126.52330541853007, ""LT11TRUU_LAG_1"": 114.40929061136421, ""SPXT_LAG_0"": 240.41525043371303, ""SPXT_LAG_1"": 215.91808762568462, ""STATE_LAG_0"": 1647.8849922413729, ""STATE_LAG_1"": -4.081328370375559e-06}","{""DBLCIX_LAG_0"": 49, ""DBLCIX_LAG_1"": 49, ""DURATION_STATE_0"": 49, ""DURATION_STATE_1"": 49, ""DURATION_STATE_2"": 49, ""DURATION_STATE_3"": 49, ""IBOXIG_LAG_0"": 49, ""IBOXIG_LAG_1"": 49, ""JPEICORE_LAG_0"": 49, ""JPEICORE_LAG_1"": 49, ""LBUTTRUU_LAG_0"": 49, ""LBUTTRUU_LAG_1"": 49, ""LT11TRUU_LAG_0"": 49, ""LT11TRUU_LAG_1"": 49, ""SPXT_LAG_0"": 49, ""SPXT_LAG_1"": 49, ""STATE_LAG_0"": 49, ""STATE_LAG_1"": 5}",2317,validation,2009-06-02,2016-12-30,0.01,100.0,1890
multinomial_logistic_gam,0.4058772112275324,0.8774566473988439,0.20483390845245045,4,1,1,6,0.05,17,STATE_LAG_0|SPXT_LAG_0|DBLCIX_LAG_0|IBOXIG_LAG_0|JPEICORE_LAG_0|LT11TRUU_LAG_0|LBUTTRUU_LAG_0|SPXT_LAG_1|DBLCIX_LAG_1|IBOXIG_LAG_1|JPEICORE_LAG_1|LT11TRUU_LAG_1|LBUTTRUU_LAG_1|DURATION_STATE_0|DURATION_STATE_1|DURATION_STATE_2|DURATION_STATE_3,0.02,True,"{""DBLCIX_LAG_0"": 0.02, ""DBLCIX_LAG_1"": 0.02, ""DURATION_STATE_0"": 0.02, ""DURATION_STATE_1"": 0.02, ""DURATION_STATE_2"": 0.02, ""DURATION_STATE_3"": 0.02, ""IBOXIG_LAG_0"": 0.02, ""IBOXIG_LAG_1"": 0.02, ""JPEICORE_LAG_0"": 0.02, ""JPEICORE_LAG_1"": 0.02, ""LBUTTRUU_LAG_0"": 0.02, ""LBUTTRUU_LAG_1"": 0.02, ""LT11TRUU_LAG_0"": 0.02, ""LT11TRUU_LAG_1"": 0.02, ""SPXT_LAG_0"": 0.02, ""SPXT_LAG_1"": 0.02, ""STATE_LAG_0"": 0.02, ""STATE_LAG_1"": 0.5}",regularized_bootstrap,1.0,49,"{""DBLCIX_LAG_0"": 87.99572927287454, ""DBLCIX_LAG_1"": 85.3125180051129, ""DURATION_STATE_0"": 1191.124436786458, ""DURATION_STATE_1"": 453.64396185728015, ""DURATION_STATE_2"": 1080.4551776755338, ""DURATION_STATE_3"": 142.51556197434206, ""IBOXIG_LAG_0"": 70.98182151048195, ""IBOXIG_LAG_1"": 66.13256048535959, ""JPEICORE_LAG_0"": 115.13517074446418, ""JPEICORE_LAG_1"": 98.4665358644977, ""LBUTTRUU_LAG_0"": 72.02940911939277, ""LBUTTRUU_LAG_1"": 66.23400769880573, ""LT11TRUU_LAG_0"": 126.52330541853007, ""LT11TRUU_LAG_1"": 114.40929061136421, ""SPXT_LAG_0"": 240.41525043371303, ""SPXT_LAG_1"": 215.91808762568462, ""STATE_LAG_0"": 1647.8849922413729, ""STATE_LAG_1"": -4.081328370375559e-06}","{""DBLCIX_LAG_0"": 49, ""DBLCIX_LAG_1"": 49, ""DURATION_STATE_0"": 49, ""DURATION_STATE_1"": 49, ""DURATION_STATE_2"": 49, ""DURATION_STATE_3"": 49, ""IBOXIG_LAG_0"": 49, ""IBOXIG_LAG_1"": 49, ""JPEICORE_LAG_0"": 49, ""JPEICORE_LAG_1"": 49, ""LBUTTRUU_LAG_0"": 49, ""LBUTTRUU_LAG_1"": 49, ""LT11TRUU_LAG_0"": 49, ""LT11TRUU_LAG_1"": 49, ""SPXT_LAG_0"": 49, ""SPXT_LAG_1"": 49, ""STATE_LAG_0"": 49, ""STATE_LAG_1"": 5}",2317,prediction,2017-01-03,2023-12-05,0.01,100.0,1730
multinomial_logistic_gam,0.5758036155026106,0.817989417989418,0.31338164602835794,4,1,1,6,0.05,17,STATE_LAG_0|SPXT_LAG_0|DBLCIX_LAG_0|IBOXIG_LAG_0|JPEICORE_LAG_0|LT11TRUU_LAG_0|LBUTTRUU_LAG_0|SPXT_LAG_1|DBLCIX_LAG_1|IBOXIG_LAG_1|JPEICORE_LAG_1|LT11TRUU_LAG_1|LBUTTRUU_LAG_1|DURATION_STATE_0|DURATION_STATE_1|DURATION_STATE_2|DURATION_STATE_3,0.02,True,"{""DBLCIX_LAG_0"": 0.02, ""DBLCIX_LAG_1"": 0.02, ""DURATION_STATE_0"": 0.02, ""DURATION_STATE_1"": 0.02, ""DURATION_STATE_2"": 0.02, ""DURATION_STATE_3"": 0.02, ""IBOXIG_LAG_0"": 0.02, ""IBOXIG_LAG_1"": 0.02, ""JPEICORE_LAG_0"": 0.02, ""JPEICORE_LAG_1"": 0.02, ""LBUTTRUU_LAG_0"": 0.02, ""LBUTTRUU_LAG_1"": 0.02, ""LT11TRUU_LAG_0"": 0.02, ""LT11TRUU_LAG_1"": 0.02, ""SPXT_LAG_0"": 0.02, ""SPXT_LAG_1"": 0.02, ""STATE_LAG_0"": 0.02, ""STATE_LAG_1"": 0.5}",regularized_bootstrap,1.0,49,"{""DBLCIX_LAG_0"": 87.99572927287454, ""DBLCIX_LAG_1"": 85.3125180051129, ""DURATION_STATE_0"": 1191.124436786458, ""DURATION_STATE_1"": 453.64396185728015, ""DURATION_STATE_2"": 1080.4551776755338, ""DURATION_STATE_3"": 142.51556197434206, ""IBOXIG_LAG_0"": 70.98182151048195, ""IBOXIG_LAG_1"": 66.13256048535959, ""JPEICORE_LAG_0"": 115.13517074446418, ""JPEICORE_LAG_1"": 98.4665358644977, ""LBUTTRUU_LAG_0"": 72.02940911939277, ""LBUTTRUU_LAG_1"": 66.23400769880573, ""LT11TRUU_LAG_0"": 126.52330541853007, ""LT11TRUU_LAG_1"": 114.40929061136421, ""SPXT_LAG_0"": 240.41525043371303, ""SPXT_LAG_1"": 215.91808762568462, ""STATE_LAG_0"": 1647.8849922413729, ""STATE_LAG_1"": -4.081328370375559e-06}","{""DBLCIX_LAG_0"": 49, ""DBLCIX_LAG_1"": 49, ""DURATION_STATE_0"": 49, ""DURATION_STATE_1"": 49, ""DURATION_STATE_2"": 49, ""DURATION_STATE_3"": 49, ""IBOXIG_LAG_0"": 49, ""IBOXIG_LAG_1"": 49, ""JPEICORE_LAG_0"": 49, ""JPEICORE_LAG_1"": 49, ""LBUTTRUU_LAG_0"": 49, ""LBUTTRUU_LAG_1"": 49, ""LT11TRUU_LAG_0"": 49, ""LT11TRUU_LAG_1"": 49, ""SPXT_LAG_0"": 49, ""SPXT_LAG_1"": 49, ""STATE_LAG_0"": 49, ""STATE_LAG_1"": 5}",2317,validation,2009-06-02,2016-12-30,0.1,10.0,1890
multinomial_logistic_gam,0.4059795551007391,0.8826589595375722,0.20475936077866835,4,1,1,6,0.05,17,STATE_LAG_0|SPXT_LAG_0|DBLCIX_LAG_0|IBOXIG_LAG_0|JPEICORE_LAG_0|LT11TRUU_LAG_0|LBUTTRUU_LAG_0|SPXT_LAG_1|DBLCIX_LAG_1|IBOXIG_LAG_1|JPEICORE_LAG_1|LT11TRUU_LAG_1|LBUTTRUU_LAG_1|DURATION_STATE_0|DURATION_STATE_1|DURATION_STATE_2|DURATION_STATE_3,0.02,True,"{""DBLCIX_LAG_0"": 0.02, ""DBLCIX_LAG_1"": 0.02, ""DURATION_STATE_0"": 0.02, ""DURATION_STATE_1"": 0.02, ""DURATION_STATE_2"": 0.02, ""DURATION_STATE_3"": 0.02, ""IBOXIG_LAG_0"": 0.02, ""IBOXIG_LAG_1"": 0.02, ""JPEICORE_LAG_0"": 0.02, ""JPEICORE_LAG_1"": 0.02, ""LBUTTRUU_LAG_0"": 0.02, ""LBUTTRUU_LAG_1"": 0.02, ""LT11TRUU_LAG_0"": 0.02, ""LT11TRUU_LAG_1"": 0.02, ""SPXT_LAG_0"": 0.02, ""SPXT_LAG_1"": 0.02, ""STATE_LAG_0"": 0.02, ""STATE_LAG_1"": 0.5}",regularized_bootstrap,1.0,49,"{""DBLCIX_LAG_0"": 87.99572927287454, ""DBLCIX_LAG_1"": 85.3125180051129, ""DURATION_STATE_0"": 1191.124436786458, ""DURATION_STATE_1"": 453.64396185728015, ""DURATION_STATE_2"": 1080.4551776755338, ""DURATION_STATE_3"": 142.51556197434206, ""IBOXIG_LAG_0"": 70.98182151048195, ""IBOXIG_LAG_1"": 66.13256048535959, ""JPEICORE_LAG_0"": 115.13517074446418, ""JPEICORE_LAG_1"": 98.4665358644977, ""LBUTTRUU_LAG_0"": 72.02940911939277, ""LBUTTRUU_LAG_1"": 66.23400769880573, ""LT11TRUU_LAG_0"": 126.52330541853007, ""LT11TRUU_LAG_1"": 114.40929061136421, ""SPXT_LAG_0"": 240.41525043371303, ""SPXT_LAG_1"": 215.91808762568462, ""STATE_LAG_0"": 1647.8849922413729, ""STATE_LAG_1"": -4.081328370375559e-06}","{""DBLCIX_LAG_0"": 49, ""DBLCIX_LAG_1"": 49, ""DURATION_STATE_0"": 49, ""DURATION_STATE_1"": 49, ""DURATION_STATE_2"": 49, ""DURATION_STATE_3"": 49, ""IBOXIG_LAG_0"": 49, ""IBOXIG_LAG_1"": 49, ""JPEICORE_LAG_0"": 49, ""JPEICORE_LAG_1"": 49, ""LBUTTRUU_LAG_0"": 49, ""LBUTTRUU_LAG_1"": 49, ""LT11TRUU_LAG_0"": 49, ""LT11TRUU_LAG_1"": 49, ""SPXT_LAG_0"": 49, ""SPXT_LAG_1"": 49, ""STATE_LAG_0"": 49, ""STATE_LAG_1"": 5}",2317,prediction,2017-01-03,2023-12-05,0.1,10.0,1730
multinomial_logistic_gam,0.6178800615114234,0.8185185185185185,0.32195415057711485,4,1,1,6,0.05,17,STATE_LAG_0|SPXT_LAG_0|DBLCIX_LAG_0|IBOXIG_LAG_0|JPEICORE_LAG_0|LT11TRUU_LAG_0|LBUTTRUU_LAG_0|SPXT_LAG_1|DBLCIX_LAG_1|IBOXIG_LAG_1|JPEICORE_LAG_1|LT11TRUU_LAG_1|LBUTTRUU_LAG_1|DURATION_STATE_0|DURATION_STATE_1|DURATION_STATE_2|DURATION_STATE_3,0.02,True,"{""DBLCIX_LAG_0"": 0.02, ""DBLCIX_LAG_1"": 0.02, ""DURATION_STATE_0"": 0.02, ""DURATION_STATE_1"": 0.02, ""DURATION_STATE_2"": 0.02, ""DURATION_STATE_3"": 0.02, ""IBOXIG_LAG_0"": 0.02, ""IBOXIG_LAG_1"": 0.02, ""JPEICORE_LAG_0"": 0.02, ""JPEICORE_LAG_1"": 0.02, ""LBUTTRUU_LAG_0"": 0.02, ""LBUTTRUU_LAG_1"": 0.02, ""LT11TRUU_LAG_0"": 0.02, ""LT11TRUU_LAG_1"": 0.02, ""SPXT_LAG_0"": 0.02, ""SPXT_LAG_1"": 0.02, ""STATE_LAG_0"": 0.02, ""STATE_LAG_1"": 0.5}",regularized_bootstrap,1.0,49,"{""DBLCIX_LAG_0"": 87.99572927287454, ""DBLCIX_LAG_1"": 85.3125180051129, ""DURATION_STATE_0"": 1191.124436786458, ""DURATION_STATE_1"": 453.64396185728015, ""DURATION_STATE_2"": 1080.4551776755338, ""DURATION_STATE_3"": 142.51556197434206, ""IBOXIG_LAG_0"": 70.98182151048195, ""IBOXIG_LAG_1"": 66.13256048535959, ""JPEICORE_LAG_0"": 115.13517074446418, ""JPEICORE_LAG_1"": 98.4665358644977, ""LBUTTRUU_LAG_0"": 72.02940911939277, ""LBUTTRUU_LAG_1"": 66.23400769880573, ""LT11TRUU_LAG_0"": 126.52330541853007, ""LT11TRUU_LAG_1"": 114.40929061136421, ""SPXT_LAG_0"": 240.41525043371303, ""SPXT_LAG_1"": 215.91808762568462, ""STATE_LAG_0"": 1647.8849922413729, ""STATE_LAG_1"": -4.081328370375559e-06}","{""DBLCIX_LAG_0"": 49, ""DBLCIX_LAG_1"": 49, ""DURATION_STATE_0"": 49, ""DURATION_STATE_1"": 49, ""DURATION_STATE_2"": 49, ""DURATION_STATE_3"": 49, ""IBOXIG_LAG_0"": 49, ""IBOXIG_LAG_1"": 49, ""JPEICORE_LAG_0"": 49, ""JPEICORE_LAG_1"": 49, ""LBUTTRUU_LAG_0"": 49, ""LBUTTRUU_LAG_1"": 49, ""LT11TRUU_LAG_0"": 49, ""LT11TRUU_LAG_1"": 49, ""SPXT_LAG_0"": 49, ""SPXT_LAG_1"": 49, ""STATE_LAG_0"": 49, ""STATE_LAG_1"": 5}",2317,validation,2009-06-02,2016-12-30,1.0,1.0,1890
multinomial_logistic_gam,0.43565157174606917,0.8803468208092485,0.21221448722077488,4,1,1,6,0.05,17,STATE_LAG_0|SPXT_LAG_0|DBLCIX_LAG_0|IBOXIG_LAG_0|JPEICORE_LAG_0|LT11TRUU_LAG_0|LBUTTRUU_LAG_0|SPXT_LAG_1|DBLCIX_LAG_1|IBOXIG_LAG_1|JPEICORE_LAG_1|LT11TRUU_LAG_1|LBUTTRUU_LAG_1|DURATION_STATE_0|DURATION_STATE_1|DURATION_STATE_2|DURATION_STATE_3,0.02,True,"{""DBLCIX_LAG_0"": 0.02, ""DBLCIX_LAG_1"": 0.02, ""DURATION_STATE_0"": 0.02, ""DURATION_STATE_1"": 0.02, ""DURATION_STATE_2"": 0.02, ""DURATION_STATE_3"": 0.02, ""IBOXIG_LAG_0"": 0.02, ""IBOXIG_LAG_1"": 0.02, ""JPEICORE_LAG_0"": 0.02, ""JPEICORE_LAG_1"": 0.02, ""LBUTTRUU_LAG_0"": 0.02, ""LBUTTRUU_LAG_1"": 0.02, ""LT11TRUU_LAG_0"": 0.02, ""LT11TRUU_LAG_1"": 0.02, ""SPXT_LAG_0"": 0.02, ""SPXT_LAG_1"": 0.02, ""STATE_LAG_0"": 0.02, ""STATE_LAG_1"": 0.5}",regularized_bootstrap,1.0,49,"{""DBLCIX_LAG_0"": 87.99572927287454, ""DBLCIX_LAG_1"": 85.3125180051129, ""DURATION_STATE_0"": 1191.124436786458, ""DURATION_STATE_1"": 453.64396185728015, ""DURATION_STATE_2"": 1080.4551776755338, ""DURATION_STATE_3"": 142.51556197434206, ""IBOXIG_LAG_0"": 70.98182151048195, ""IBOXIG_LAG_1"": 66.13256048535959, ""JPEICORE_LAG_0"": 115.13517074446418, ""JPEICORE_LAG_1"": 98.4665358644977, ""LBUTTRUU_LAG_0"": 72.02940911939277, ""LBUTTRUU_LAG_1"": 66.23400769880573, ""LT11TRUU_LAG_0"": 126.52330541853007, ""LT11TRUU_LAG_1"": 114.40929061136421, ""SPXT_LAG_0"": 240.41525043371303, ""SPXT_LAG_1"": 215.91808762568462, ""STATE_LAG_0"": 1647.8849922413729, ""STATE_LAG_1"": -4.081328370375559e-06}","{""DBLCIX_LAG_0"": 49, ""DBLCIX_LAG_1"": 49, ""DURATION_STATE_0"": 49, ""DURATION_STATE_1"": 49, ""DURATION_STATE_2"": 49, ""DURATION_STATE_3"": 49, ""IBOXIG_LAG_0"": 49, ""IBOXIG_LAG_1"": 49, ""JPEICORE_LAG_0"": 49, ""JPEICORE_LAG_1"": 49, ""LBUTTRUU_LAG_0"": 49, ""LBUTTRUU_LAG_1"": 49, ""LT11TRUU_LAG_0"": 49, ""LT11TRUU_LAG_1"": 49, ""SPXT_LAG_0"": 49, ""SPXT_LAG_1"": 49, ""STATE_LAG_0"": 49, ""STATE_LAG_1"": 5}",2317,prediction,2017-01-03,2023-12-05,1.0,1.0,1730
multinomial_logistic_gam,0.6963309884101426,0.8158730158730159,0.3303245058789589,4,1,1,6,0.05,17,STATE_LAG_0|SPXT_LAG_0|DBLCIX_LAG_0|IBOXIG_LAG_0|JPEICORE_LAG_0|LT11TRUU_LAG_0|LBUTTRUU_LAG_0|SPXT_LAG_1|DBLCIX_LAG_1|IBOXIG_LAG_1|JPEICORE_LAG_1|LT11TRUU_LAG_1|LBUTTRUU_LAG_1|DURATION_STATE_0|DURATION_STATE_1|DURATION_STATE_2|DURATION_STATE_3,0.02,True,"{""DBLCIX_LAG_0"": 0.02, ""DBLCIX_LAG_1"": 0.02, ""DURATION_STATE_0"": 0.02, ""DURATION_STATE_1"": 0.02, ""DURATION_STATE_2"": 0.02, ""DURATION_STATE_3"": 0.02, ""IBOXIG_LAG_0"": 0.02, ""IBOXIG_LAG_1"": 0.02, ""JPEICORE_LAG_0"": 0.02, ""JPEICORE_LAG_1"": 0.02, ""LBUTTRUU_LAG_0"": 0.02, ""LBUTTRUU_LAG_1"": 0.02, ""LT11TRUU_LAG_0"": 0.02, ""LT11TRUU_LAG_1"": 0.02, ""SPXT_LAG_0"": 0.02, ""SPXT_LAG_1"": 0.02, ""STATE_LAG_0"": 0.02, ""STATE_LAG_1"": 0.5}",regularized_bootstrap,1.0,49,"{""DBLCIX_LAG_0"": 87.99572927287454, ""DBLCIX_LAG_1"": 85.3125180051129, ""DURATION_STATE_0"": 1191.124436786458, ""DURATION_STATE_1"": 453.64396185728015, ""DURATION_STATE_2"": 1080.4551776755338, ""DURATION_STATE_3"": 142.51556197434206, ""IBOXIG_LAG_0"": 70.98182151048195, ""IBOXIG_LAG_1"": 66.13256048535959, ""JPEICORE_LAG_0"": 115.13517074446418, ""JPEICORE_LAG_1"": 98.4665358644977, ""LBUTTRUU_LAG_0"": 72.02940911939277, ""LBUTTRUU_LAG_1"": 66.23400769880573, ""LT11TRUU_LAG_0"": 126.52330541853007, ""LT11TRUU_LAG_1"": 114.40929061136421, ""SPXT_LAG_0"": 240.41525043371303, ""SPXT_LAG_1"": 215.91808762568462, ""STATE_LAG_0"": 1647.8849922413729, ""STATE_LAG_1"": -4.081328370375559e-06}","{""DBLCIX_LAG_0"": 49, ""DBLCIX_LAG_1"": 49, ""DURATION_STATE_0"": 49, ""DURATION_STATE_1"": 49, ""DURATION_STATE_2"": 49, ""DURATION_STATE_3"": 49, ""IBOXIG_LAG_0"": 49, ""IBOXIG_LAG_1"": 49, ""JPEICORE_LAG_0"": 49, ""JPEICORE_LAG_1"": 49, ""LBUTTRUU_LAG_0"": 49, ""LBUTTRUU_LAG_1"": 49, ""LT11TRUU_LAG_0"": 49, ""LT11TRUU_LAG_1"": 49, ""SPXT_LAG_0"": 49, ""SPXT_LAG_1"": 49, ""STATE_LAG_0"": 49, ""STATE_LAG_1"": 5}",2317,validation,2009-06-02,2016-12-30,10.0,0.1,1890
multinomial_logistic_gam,0.5028326052202049,0.8786127167630058,0.21973346185710593,4,1,1,6,0.05,17,STATE_LAG_0|SPXT_LAG_0|DBLCIX_LAG_0|IBOXIG_LAG_0|JPEICORE_LAG_0|LT11TRUU_LAG_0|LBUTTRUU_LAG_0|SPXT_LAG_1|DBLCIX_LAG_1|IBOXIG_LAG_1|JPEICORE_LAG_1|LT11TRUU_LAG_1|LBUTTRUU_LAG_1|DURATION_STATE_0|DURATION_STATE_1|DURATION_STATE_2|DURATION_STATE_3,0.02,True,"{""DBLCIX_LAG_0"": 0.02, ""DBLCIX_LAG_1"": 0.02, ""DURATION_STATE_0"": 0.02, ""DURATION_STATE_1"": 0.02, ""DURATION_STATE_2"": 0.02, ""DURATION_STATE_3"": 0.02, ""IBOXIG_LAG_0"": 0.02, ""IBOXIG_LAG_1"": 0.02, ""JPEICORE_LAG_0"": 0.02, ""JPEICORE_LAG_1"": 0.02, ""LBUTTRUU_LAG_0"": 0.02, ""LBUTTRUU_LAG_1"": 0.02, ""LT11TRUU_LAG_0"": 0.02, ""LT11TRUU_LAG_1"": 0.02, ""SPXT_LAG_0"": 0.02, ""SPXT_LAG_1"": 0.02, ""STATE_LAG_0"": 0.02, ""STATE_LAG_1"": 0.5}",regularized_bootstrap,1.0,49,"{""DBLCIX_LAG_0"": 87.99572927287454, ""DBLCIX_LAG_1"": 85.3125180051129, ""DURATION_STATE_0"": 1191.124436786458, ""DURATION_STATE_1"": 453.64396185728015, ""DURATION_STATE_2"": 1080.4551776755338, ""DURATION_STATE_3"": 142.51556197434206, ""IBOXIG_LAG_0"": 70.98182151048195, ""IBOXIG_LAG_1"": 66.13256048535959, ""JPEICORE_LAG_0"": 115.13517074446418, ""JPEICORE_LAG_1"": 98.4665358644977, ""LBUTTRUU_LAG_0"": 72.02940911939277, ""LBUTTRUU_LAG_1"": 66.23400769880573, ""LT11TRUU_LAG_0"": 126.52330541853007, ""LT11TRUU_LAG_1"": 114.40929061136421, ""SPXT_LAG_0"": 240.41525043371303, ""SPXT_LAG_1"": 215.91808762568462, ""STATE_LAG_0"": 1647.8849922413729, ""STATE_LAG_1"": -4.081328370375559e-06}","{""DBLCIX_LAG_0"": 49, ""DBLCIX_LAG_1"": 49, ""DURATION_STATE_0"": 49, ""DURATION_STATE_1"": 49, ""DURATION_STATE_2"": 49, ""DURATION_STATE_3"": 49, ""IBOXIG_LAG_0"": 49, ""IBOXIG_LAG_1"": 49, ""JPEICORE_LAG_0"": 49, ""JPEICORE_LAG_1"": 49, ""LBUTTRUU_LAG_0"": 49, ""LBUTTRUU_LAG_1"": 49, ""LT11TRUU_LAG_0"": 49, ""LT11TRUU_LAG_1"": 49, ""SPXT_LAG_0"": 49, ""SPXT_LAG_1"": 49, ""STATE_LAG_0"": 49, ""STATE_LAG_1"": 5}",2317,prediction,2017-01-03,2023-12-05,10.0,0.1,1730
multinomial_logistic_gam,0.5685569325195114,0.8042328042328042,0.31234593504146163,4,1,2,4,0.05,23,STATE_LAG_0|SPXT_LAG_0|DBLCIX_LAG_0|IBOXIG_LAG_0|JPEICORE_LAG_0|LT11TRUU_LAG_0|LBUTTRUU_LAG_0|SPXT_LAG_1|DBLCIX_LAG_1|IBOXIG_LAG_1|JPEICORE_LAG_1|LT11TRUU_LAG_1|LBUTTRUU_LAG_1|SPXT_LAG_2|DBLCIX_LAG_2|IBOXIG_LAG_2|JPEICORE_LAG_2|LT11TRUU_LAG_2|LBUTTRUU_LAG_2|DURATION_STATE_0|DURATION_STATE_1|DURATION_STATE_2|DURATION_STATE_3,0.02,True,"{""DBLCIX_LAG_0"": 0.02, ""DBLCIX_LAG_1"": 0.02, ""DBLCIX_LAG_2"": 0.02, ""DURATION_STATE_0"": 0.02, ""DURATION_STATE_1"": 0.02, ""DURATION_STATE_2"": 0.02, ""DURATION_STATE_3"": 0.02, ""IBOXIG_LAG_0"": 0.02, ""IBOXIG_LAG_1"": 0.02, ""IBOXIG_LAG_2"": 0.02, ""JPEICORE_LAG_0"": 0.02, ""JPEICORE_LAG_1"": 0.02, ""JPEICORE_LAG_2"": 0.02, ""LBUTTRUU_LAG_0"": 0.02, ""LBUTTRUU_LAG_1"": 0.02, ""LBUTTRUU_LAG_2"": 0.02, ""LT11TRUU_LAG_0"": 0.02, ""LT11TRUU_LAG_1"": 0.02, ""LT11TRUU_LAG_2"": 0.02, ""SPXT_LAG_0"": 0.02, ""SPXT_LAG_1"": 0.02, ""SPXT_LAG_2"": 0.02, ""STATE_LAG_0"": 0.02, ""STATE_LAG_1"": 0.5}",regularized_bootstrap,1.0,49,"{""DBLCIX_LAG_0"": 74.44843828034755, ""DBLCIX_LAG_1"": 71.80052339811255, ""DBLCIX_LAG_2"": 69.80330691601375, ""DURATION_STATE_0"": 1161.9068844923, ""DURATION_STATE_1"": 446.9032693740969, ""DURATION_STATE_2"": 1061.1595434511678, ""DURATION_STATE_3"": 139.95591949900654, ""IBOXIG_LAG_0"": 41.8652417161843, ""IBOXIG_LAG_1"": 38.28479318854261, ""IBOXIG_LAG_2"": 43.809309863992894, ""JPEICORE_LAG_0"": 58.618251284186954, ""JPEICORE_LAG_1"": 47.782468125230025, ""JPEICORE_LAG_2"": 44.43398727804515, ""LBUTTRUU_LAG_0"": 40.20546946570039, ""LBUTTRUU_LAG_1"": 34.99581042528234, ""LBUTTRUU_LAG_2"": 31.724727650129807, ""LT11TRUU_LAG_0"": 92.92315763309534, ""LT11TRUU_LAG_1"": 84.28797271630674, ""LT11TRUU_LAG_2"": 83.05991795973205, ""SPXT_LAG_0"": 125.4963199826957, ""SPXT_LAG_1"": 118.23341162199995, ""SPXT_LAG_2"": 115.7759825768926, ""STATE_LAG_0"": 1646.7190693613923, ""STATE_LAG_1"": -3.8820044210297056e-06}","{""DBLCIX_LAG_0"": 49, ""DBLCIX_LAG_1"": 49, ""DBLCIX_LAG_2"": 49, ""DURATION_STATE_0"": 49, ""DURATION_STATE_1"": 49, ""DURATION_STATE_2"": 49, ""DURATION_STATE_3"": 49, ""IBOXIG_LAG_0"": 49, ""IBOXIG_LAG_1"": 49, ""IBOXIG_LAG_2"": 49, ""JPEICORE_LAG_0"": 49, ""JPEICORE_LAG_1"": 49, ""JPEICORE_LAG_2"": 49, ""LBUTTRUU_LAG_0"": 49, ""LBUTTRUU_LAG_1"": 49, ""LBUTTRUU_LAG_2"": 49, ""LT11TRUU_LAG_0"": 49, ""LT11TRUU_LAG_1"": 49, ""LT11TRUU_LAG_2"": 49, ""SPXT_LAG_0"": 49, ""SPXT_LAG_1"": 49, ""SPXT_LAG_2"": 49, ""STATE_LAG_0"": 49, ""STATE_LAG_1"": 5}",2316,validation,2009-06-02,2016-12-30,0.01,100.0,1890
multinomial_logistic_gam,0.40898140320666476,0.8757225433526011,0.20625170015062003,4,1,2,4,0.05,23,STATE_LAG_0|SPXT_LAG_0|DBLCIX_LAG_0|IBOXIG_LAG_0|JPEICORE_LAG_0|LT11TRUU_LAG_0|LBUTTRUU_LAG_0|SPXT_LAG_1|DBLCIX_LAG_1|IBOXIG_LAG_1|JPEICORE_LAG_1|LT11TRUU_LAG_1|LBUTTRUU_LAG_1|SPXT_LAG_2|DBLCIX_LAG_2|IBOXIG_LAG_2|JPEICORE_LAG_2|LT11TRUU_LAG_2|LBUTTRUU_LAG_2|DURATION_STATE_0|DURATION_STATE_1|DURATION_STATE_2|DURATION_STATE_3,0.02,True,"{""DBLCIX_LAG_0"": 0.02, ""DBLCIX_LAG_1"": 0.02, ""DBLCIX_LAG_2"": 0.02, ""DURATION_STATE_0"": 0.02, ""DURATION_STATE_1"": 0.02, ""DURATION_STATE_2"": 0.02, ""DURATION_STATE_3"": 0.02, ""IBOXIG_LAG_0"": 0.02, ""IBOXIG_LAG_1"": 0.02, ""IBOXIG_LAG_2"": 0.02, ""JPEICORE_LAG_0"": 0.02, ""JPEICORE_LAG_1"": 0.02, ""JPEICORE_LAG_2"": 0.02, ""LBUTTRUU_LAG_0"": 0.02, ""LBUTTRUU_LAG_1"": 0.02, ""LBUTTRUU_LAG_2"": 0.02, ""LT11TRUU_LAG_0"": 0.02, ""LT11TRUU_LAG_1"": 0.02, ""LT11TRUU_LAG_2"": 0.02, ""SPXT_LAG_0"": 0.02, ""SPXT_LAG_1"": 0.02, ""SPXT_LAG_2"": 0.02, ""STATE_LAG_0"": 0.02, ""STATE_LAG_1"": 0.5}",regularized_bootstrap,1.0,49,"{""DBLCIX_LAG_0"": 74.44843828034755, ""DBLCIX_LAG_1"": 71.80052339811255, ""DBLCIX_LAG_2"": 69.80330691601375, ""DURATION_STATE_0"": 1161.9068844923, ""DURATION_STATE_1"": 446.9032693740969, ""DURATION_STATE_2"": 1061.1595434511678, ""DURATION_STATE_3"": 139.95591949900654, ""IBOXIG_LAG_0"": 41.8652417161843, ""IBOXIG_LAG_1"": 38.28479318854261, ""IBOXIG_LAG_2"": 43.809309863992894, ""JPEICORE_LAG_0"": 58.618251284186954, ""JPEICORE_LAG_1"": 47.782468125230025, ""JPEICORE_LAG_2"": 44.43398727804515, ""LBUTTRUU_LAG_0"": 40.20546946570039, ""LBUTTRUU_LAG_1"": 34.99581042528234, ""LBUTTRUU_LAG_2"": 31.724727650129807, ""LT11TRUU_LAG_0"": 92.92315763309534, ""LT11TRUU_LAG_1"": 84.28797271630674, ""LT11TRUU_LAG_2"": 83.05991795973205, ""SPXT_LAG_0"": 125.4963199826957, ""SPXT_LAG_1"": 118.23341162199995, ""SPXT_LAG_2"": 115.7759825768926, ""STATE_LAG_0"": 1646.7190693613923, ""STATE_LAG_1"": -3.8820044210297056e-06}","{""DBLCIX_LAG_0"": 49, ""DBLCIX_LAG_1"": 49, ""DBLCIX_LAG_2"": 49, ""DURATION_STATE_0"": 49, ""DURATION_STATE_1"": 49, ""DURATION_STATE_2"": 49, ""DURATION_STATE_3"": 49, ""IBOXIG_LAG_0"": 49, ""IBOXIG_LAG_1"": 49, ""IBOXIG_LAG_2"": 49, ""JPEICORE_LAG_0"": 49, ""JPEICORE_LAG_1"": 49, ""JPEICORE_LAG_2"": 49, ""LBUTTRUU_LAG_0"": 49, ""LBUTTRUU_LAG_1"": 49, ""LBUTTRUU_LAG_2"": 49, ""LT11TRUU_LAG_0"": 49, ""LT11TRUU_LAG_1"": 49, ""LT11TRUU_LAG_2"": 49, ""SPXT_LAG_0"": 49, ""SPXT_LAG_1"": 49, ""SPXT_LAG_2"": 49, ""STATE_LAG_0"": 49, ""STATE_LAG_1"": 5}",2316,prediction,2017-01-03,2023-12-05,0.01,100.0,1730
multinomial_logistic_gam,0.5757953504487857,0.8137566137566138,0.31423572462940597,4,1,2,4,0.05,23,STATE_LAG_0|SPXT_LAG_0|DBLCIX_LAG_0|IBOXIG_LAG_0|JPEICORE_LAG_0|LT11TRUU_LAG_0|LBUTTRUU_LAG_0|SPXT_LAG_1|DBLCIX_LAG_1|IBOXIG_LAG_1|JPEICORE_LAG_1|LT11TRUU_LAG_1|LBUTTRUU_LAG_1|SPXT_LAG_2|DBLCIX_LAG_2|IBOXIG_LAG_2|JPEICORE_LAG_2|LT11TRUU_LAG_2|LBUTTRUU_LAG_2|DURATION_STATE_0|DURATION_STATE_1|DURATION_STATE_2|DURATION_STATE_3,0.02,True,"{""DBLCIX_LAG_0"": 0.02, ""DBLCIX_LAG_1"": 0.02, ""DBLCIX_LAG_2"": 0.02, ""DURATION_STATE_0"": 0.02, ""DURATION_STATE_1"": 0.02, ""DURATION_STATE_2"": 0.02, ""DURATION_STATE_3"": 0.02, ""IBOXIG_LAG_0"": 0.02, ""IBOXIG_LAG_1"": 0.02, ""IBOXIG_LAG_2"": 0.02, ""JPEICORE_LAG_0"": 0.02, ""JPEICORE_LAG_1"": 0.02, ""JPEICORE_LAG_2"": 0.02, ""LBUTTRUU_LAG_0"": 0.02, ""LBUTTRUU_LAG_1"": 0.02, ""LBUTTRUU_LAG_2"": 0.02, ""LT11TRUU_LAG_0"": 0.02, ""LT11TRUU_LAG_1"": 0.02, ""LT11TRUU_LAG_2"": 0.02, ""SPXT_LAG_0"": 0.02, ""SPXT_LAG_1"": 0.02, ""SPXT_LAG_2"": 0.02, ""STATE_LAG_0"": 0.02, ""STATE_LAG_1"": 0.5}",regularized_bootstrap,1.0,49,"{""DBLCIX_LAG_0"": 74.44843828034755, ""DBLCIX_LAG_1"": 71.80052339811255, ""DBLCIX_LAG_2"": 69.80330691601375, ""DURATION_STATE_0"": 1161.9068844923, ""DURATION_STATE_1"": 446.9032693740969, ""DURATION_STATE_2"": 1061.1595434511678, ""DURATION_STATE_3"": 139.95591949900654, ""IBOXIG_LAG_0"": 41.8652417161843, ""IBOXIG_LAG_1"": 38.28479318854261, ""IBOXIG_LAG_2"": 43.809309863992894, ""JPEICORE_LAG_0"": 58.618251284186954, ""JPEICORE_LAG_1"": 47.782468125230025, ""JPEICORE_LAG_2"": 44.43398727804515, ""LBUTTRUU_LAG_0"": 40.20546946570039, ""LBUTTRUU_LAG_1"": 34.99581042528234, ""LBUTTRUU_LAG_2"": 31.724727650129807, ""LT11TRUU_LAG_0"": 92.92315763309534, ""LT11TRUU_LAG_1"": 84.28797271630674, ""LT11TRUU_LAG_2"": 83.05991795973205, ""SPXT_LAG_0"": 125.4963199826957, ""SPXT_LAG_1"": 118.23341162199995, ""SPXT_LAG_2"": 115.7759825768926, ""STATE_LAG_0"": 1646.7190693613923, ""STATE_LAG_1"": -3.8820044210297056e-06}","{""DBLCIX_LAG_0"": 49, ""DBLCIX_LAG_1"": 49, ""DBLCIX_LAG_2"": 49, ""DURATION_STATE_0"": 49, ""DURATION_STATE_1"": 49, ""DURATION_STATE_2"": 49, ""DURATION_STATE_3"": 49, ""IBOXIG_LAG_0"": 49, ""IBOXIG_LAG_1"": 49, ""IBOXIG_LAG_2"": 49, ""JPEICORE_LAG_0"": 49, ""JPEICORE_LAG_1"": 49, ""JPEICORE_LAG_2"": 49, ""LBUTTRUU_LAG_0"": 49, ""LBUTTRUU_LAG_1"": 49, ""LBUTTRUU_LAG_2"": 49, ""LT11TRUU_LAG_0"": 49, ""LT11TRUU_LAG_1"": 49, ""LT11TRUU_LAG_2"": 49, ""SPXT_LAG_0"": 49, ""SPXT_LAG_1"": 49, ""SPXT_LAG_2"": 49, ""STATE_LAG_0"": 49, ""STATE_LAG_1"": 5}",2316,validation,2009-06-02,2016-12-30,0.1,10.0,1890
multinomial_logistic_gam,0.41129019875544703,0.876878612716763,0.20687405112534324,4,1,2,4,0.05,23,STATE_LAG_0|SPXT_LAG_0|DBLCIX_LAG_0|IBOXIG_LAG_0|JPEICORE_LAG_0|LT11TRUU_LAG_0|LBUTTRUU_LAG_0|SPXT_LAG_1|DBLCIX_LAG_1|IBOXIG_LAG_1|JPEICORE_LAG_1|LT11TRUU_LAG_1|LBUTTRUU_LAG_1|SPXT_LAG_2|DBLCIX_LAG_2|IBOXIG_LAG_2|JPEICORE_LAG_2|LT11TRUU_LAG_2|LBUTTRUU_LAG_2|DURATION_STATE_0|DURATION_STATE_1|DURATION_STATE_2|DURATION_STATE_3,0.02,True,"{""DBLCIX_LAG_0"": 0.02, ""DBLCIX_LAG_1"": 0.02, ""DBLCIX_LAG_2"": 0.02, ""DURATION_STATE_0"": 0.02, ""DURATION_STATE_1"": 0.02, ""DURATION_STATE_2"": 0.02, ""DURATION_STATE_3"": 0.02, ""IBOXIG_LAG_0"": 0.02, ""IBOXIG_LAG_1"": 0.02, ""IBOXIG_LAG_2"": 0.02, ""JPEICORE_LAG_0"": 0.02, ""JPEICORE_LAG_1"": 0.02, ""JPEICORE_LAG_2"": 0.02, ""LBUTTRUU_LAG_0"": 0.02, ""LBUTTRUU_LAG_1"": 0.02, ""LBUTTRUU_LAG_2"": 0.02, ""LT11TRUU_LAG_0"": 0.02, ""LT11TRUU_LAG_1"": 0.02, ""LT11TRUU_LAG_2"": 0.02, ""SPXT_LAG_0"": 0.02, ""SPXT_LAG_1"": 0.02, ""SPXT_LAG_2"": 0.02, ""STATE_LAG_0"": 0.02, ""STATE_LAG_1"": 0.5}",regularized_bootstrap,1.0,49,"{""DBLCIX_LAG_0"": 74.44843828034755, ""DBLCIX_LAG_1"": 71.80052339811255, ""DBLCIX_LAG_2"": 69.80330691601375, ""DURATION_STATE_0"": 1161.9068844923, ""DURATION_STATE_1"": 446.9032693740969, ""DURATION_STATE_2"": 1061.1595434511678, ""DURATION_STATE_3"": 139.95591949900654, ""IBOXIG_LAG_0"": 41.8652417161843, ""IBOXIG_LAG_1"": 38.28479318854261, ""IBOXIG_LAG_2"": 43.809309863992894, ""JPEICORE_LAG_0"": 58.618251284186954, ""JPEICORE_LAG_1"": 47.782468125230025, ""JPEICORE_LAG_2"": 44.43398727804515, ""LBUTTRUU_LAG_0"": 40.20546946570039, ""LBUTTRUU_LAG_1"": 34.99581042528234, ""LBUTTRUU_LAG_2"": 31.724727650129807, ""LT11TRUU_LAG_0"": 92.92315763309534, ""LT11TRUU_LAG_1"": 84.28797271630674, ""LT11TRUU_LAG_2"": 83.05991795973205, ""SPXT_LAG_0"": 125.4963199826957, ""SPXT_LAG_1"": 118.23341162199995, ""SPXT_LAG_2"": 115.7759825768926, ""STATE_LAG_0"": 1646.7190693613923, ""STATE_LAG_1"": -3.8820044210297056e-06}","{""DBLCIX_LAG_0"": 49, ""DBLCIX_LAG_1"": 49, ""DBLCIX_LAG_2"": 49, ""DURATION_STATE_0"": 49, ""DURATION_STATE_1"": 49, ""DURATION_STATE_2"": 49, ""DURATION_STATE_3"": 49, ""IBOXIG_LAG_0"": 49, ""IBOXIG_LAG_1"": 49, ""IBOXIG_LAG_2"": 49, ""JPEICORE_LAG_0"": 49, ""JPEICORE_LAG_1"": 49, ""JPEICORE_LAG_2"": 49, ""LBUTTRUU_LAG_0"": 49, ""LBUTTRUU_LAG_1"": 49, ""LBUTTRUU_LAG_2"": 49, ""LT11TRUU_LAG_0"": 49, ""LT11TRUU_LAG_1"": 49, ""LT11TRUU_LAG_2"": 49, ""SPXT_LAG_0"": 49, ""SPXT_LAG_1"": 49, ""SPXT_LAG_2"": 49, ""STATE_LAG_0"": 49, ""STATE_LAG_1"": 5}",2316,prediction,2017-01-03,2023-12-05,0.1,10.0,1730
multinomial_logistic_gam,0.6202079042351586,0.8164021164021164,0.32345477213087265,4,1,2,4,0.05,23,STATE_LAG_0|SPXT_LAG_0|DBLCIX_LAG_0|IBOXIG_LAG_0|JPEICORE_LAG_0|LT11TRUU_LAG_0|LBUTTRUU_LAG_0|SPXT_LAG_1|DBLCIX_LAG_1|IBOXIG_LAG_1|JPEICORE_LAG_1|LT11TRUU_LAG_1|LBUTTRUU_LAG_1|SPXT_LAG_2|DBLCIX_LAG_2|IBOXIG_LAG_2|JPEICORE_LAG_2|LT11TRUU_LAG_2|LBUTTRUU_LAG_2|DURATION_STATE_0|DURATION_STATE_1|DURATION_STATE_2|DURATION_STATE_3,0.02,True,"{""DBLCIX_LAG_0"": 0.02, ""DBLCIX_LAG_1"": 0.02, ""DBLCIX_LAG_2"": 0.02, ""DURATION_STATE_0"": 0.02, ""DURATION_STATE_1"": 0.02, ""DURATION_STATE_2"": 0.02, ""DURATION_STATE_3"": 0.02, ""IBOXIG_LAG_0"": 0.02, ""IBOXIG_LAG_1"": 0.02, ""IBOXIG_LAG_2"": 0.02, ""JPEICORE_LAG_0"": 0.02, ""JPEICORE_LAG_1"": 0.02, ""JPEICORE_LAG_2"": 0.02, ""LBUTTRUU_LAG_0"": 0.02, ""LBUTTRUU_LAG_1"": 0.02, ""LBUTTRUU_LAG_2"": 0.02, ""LT11TRUU_LAG_0"": 0.02, ""LT11TRUU_LAG_1"": 0.02, ""LT11TRUU_LAG_2"": 0.02, ""SPXT_LAG_0"": 0.02, ""SPXT_LAG_1"": 0.02, ""SPXT_LAG_2"": 0.02, ""STATE_LAG_0"": 0.02, ""STATE_LAG_1"": 0.5}",regularized_bootstrap,1.0,49,"{""DBLCIX_LAG_0"": 74.44843828034755, ""DBLCIX_LAG_1"": 71.80052339811255, ""DBLCIX_LAG_2"": 69.80330691601375, ""DURATION_STATE_0"": 1161.9068844923, ""DURATION_STATE_1"": 446.9032693740969, ""DURATION_STATE_2"": 1061.1595434511678, ""DURATION_STATE_3"": 139.95591949900654, ""IBOXIG_LAG_0"": 41.8652417161843, ""IBOXIG_LAG_1"": 38.28479318854261, ""IBOXIG_LAG_2"": 43.809309863992894, ""JPEICORE_LAG_0"": 58.618251284186954, ""JPEICORE_LAG_1"": 47.782468125230025, ""JPEICORE_LAG_2"": 44.43398727804515, ""LBUTTRUU_LAG_0"": 40.20546946570039, ""LBUTTRUU_LAG_1"": 34.99581042528234, ""LBUTTRUU_LAG_2"": 31.724727650129807, ""LT11TRUU_LAG_0"": 92.92315763309534, ""LT11TRUU_LAG_1"": 84.28797271630674, ""LT11TRUU_LAG_2"": 83.05991795973205, ""SPXT_LAG_0"": 125.4963199826957, ""SPXT_LAG_1"": 118.23341162199995, ""SPXT_LAG_2"": 115.7759825768926, ""STATE_LAG_0"": 1646.7190693613923, ""STATE_LAG_1"": -3.8820044210297056e-06}","{""DBLCIX_LAG_0"": 49, ""DBLCIX_LAG_1"": 49, ""DBLCIX_LAG_2"": 49, ""DURATION_STATE_0"": 49, ""DURATION_STATE_1"": 49, ""DURATION_STATE_2"": 49, ""DURATION_STATE_3"": 49, ""IBOXIG_LAG_0"": 49, ""IBOXIG_LAG_1"": 49, ""IBOXIG_LAG_2"": 49, ""JPEICORE_LAG_0"": 49, ""JPEICORE_LAG_1"": 49, ""JPEICORE_LAG_2"": 49, ""LBUTTRUU_LAG_0"": 49, ""LBUTTRUU_LAG_1"": 49, ""LBUTTRUU_LAG_2"": 49, ""LT11TRUU_LAG_0"": 49, ""LT11TRUU_LAG_1"": 49, ""LT11TRUU_LAG_2"": 49, ""SPXT_LAG_0"": 49, ""SPXT_LAG_1"": 49, ""SPXT_LAG_2"": 49, ""STATE_LAG_0"": 49, ""STATE_LAG_1"": 5}",2316,validation,2009-06-02,2016-12-30,1.0,1.0,1890
multinomial_logistic_gam,0.44922287979322717,0.876878612716763,0.215615652704344,4,1,2,4,0.05,23,STATE_LAG_0|SPXT_LAG_0|DBLCIX_LAG_0|IBOXIG_LAG_0|JPEICORE_LAG_0|LT11TRUU_LAG_0|LBUTTRUU_LAG_0|SPXT_LAG_1|DBLCIX_LAG_1|IBOXIG_LAG_1|JPEICORE_LAG_1|LT11TRUU_LAG_1|LBUTTRUU_LAG_1|SPXT_LAG_2|DBLCIX_LAG_2|IBOXIG_LAG_2|JPEICORE_LAG_2|LT11TRUU_LAG_2|LBUTTRUU_LAG_2|DURATION_STATE_0|DURATION_STATE_1|DURATION_STATE_2|DURATION_STATE_3,0.02,True,"{""DBLCIX_LAG_0"": 0.02, ""DBLCIX_LAG_1"": 0.02, ""DBLCIX_LAG_2"": 0.02, ""DURATION_STATE_0"": 0.02, ""DURATION_STATE_1"": 0.02, ""DURATION_STATE_2"": 0.02, ""DURATION_STATE_3"": 0.02, ""IBOXIG_LAG_0"": 0.02, ""IBOXIG_LAG_1"": 0.02, ""IBOXIG_LAG_2"": 0.02, ""JPEICORE_LAG_0"": 0.02, ""JPEICORE_LAG_1"": 0.02, ""JPEICORE_LAG_2"": 0.02, ""LBUTTRUU_LAG_0"": 0.02, ""LBUTTRUU_LAG_1"": 0.02, ""LBUTTRUU_LAG_2"": 0.02, ""LT11TRUU_LAG_0"": 0.02, ""LT11TRUU_LAG_1"": 0.02, ""LT11TRUU_LAG_2"": 0.02, ""SPXT_LAG_0"": 0.02, ""SPXT_LAG_1"": 0.02, ""SPXT_LAG_2"": 0.02, ""STATE_LAG_0"": 0.02, ""STATE_LAG_1"": 0.5}",regularized_bootstrap,1.0,49,"{""DBLCIX_LAG_0"": 74.44843828034755, ""DBLCIX_LAG_1"": 71.80052339811255, ""DBLCIX_LAG_2"": 69.80330691601375, ""DURATION_STATE_0"": 1161.9068844923, ""DURATION_STATE_1"": 446.9032693740969, ""DURATION_STATE_2"": 1061.1595434511678, ""DURATION_STATE_3"": 139.95591949900654, ""IBOXIG_LAG_0"": 41.8652417161843, ""IBOXIG_LAG_1"": 38.28479318854261, ""IBOXIG_LAG_2"": 43.809309863992894, ""JPEICORE_LAG_0"": 58.618251284186954, ""JPEICORE_LAG_1"": 47.782468125230025, ""JPEICORE_LAG_2"": 44.43398727804515, ""LBUTTRUU_LAG_0"": 40.20546946570039, ""LBUTTRUU_LAG_1"": 34.99581042528234, ""LBUTTRUU_LAG_2"": 31.724727650129807, ""LT11TRUU_LAG_0"": 92.92315763309534, ""LT11TRUU_LAG_1"": 84.28797271630674, ""LT11TRUU_LAG_2"": 83.05991795973205, ""SPXT_LAG_0"": 125.4963199826957, ""SPXT_LAG_1"": 118.23341162199995, ""SPXT_LAG_2"": 115.7759825768926, ""STATE_LAG_0"": 1646.7190693613923, ""STATE_LAG_1"": -3.8820044210297056e-06}","{""DBLCIX_LAG_0"": 49, ""DBLCIX_LAG_1"": 49, ""DBLCIX_LAG_2"": 49, ""DURATION_STATE_0"": 49, ""DURATION_STATE_1"": 49, ""DURATION_STATE_2"": 49, ""DURATION_STATE_3"": 49, ""IBOXIG_LAG_0"": 49, ""IBOXIG_LAG_1"": 49, ""IBOXIG_LAG_2"": 49, ""JPEICORE_LAG_0"": 49, ""JPEICORE_LAG_1"": 49, ""JPEICORE_LAG_2"": 49, ""LBUTTRUU_LAG_0"": 49, ""LBUTTRUU_LAG_1"": 49, ""LBUTTRUU_LAG_2"": 49, ""LT11TRUU_LAG_0"": 49, ""LT11TRUU_LAG_1"": 49, ""LT11TRUU_LAG_2"": 49, ""SPXT_LAG_0"": 49, ""SPXT_LAG_1"": 49, ""SPXT_LAG_2"": 49, ""STATE_LAG_0"": 49, ""STATE_LAG_1"": 5}",2316,prediction,2017-01-03,2023-12-05,1.0,1.0,1730
multinomial_logistic_gam,0.7095934524669609,0.8126984126984127,0.33495374308657,4,1,2,4,0.05,23,STATE_LAG_0|SPXT_LAG_0|DBLCIX_LAG_0|IBOXIG_LAG_0|JPEICORE_LAG_0|LT11TRUU_LAG_0|LBUTTRUU_LAG_0|SPXT_LAG_1|DBLCIX_LAG_1|IBOXIG_LAG_1|JPEICORE_LAG_1|LT11TRUU_LAG_1|LBUTTRUU_LAG_1|SPXT_LAG_2|DBLCIX_LAG_2|IBOXIG_LAG_2|JPEICORE_LAG_2|LT11TRUU_LAG_2|LBUTTRUU_LAG_2|DURATION_STATE_0|DURATION_STATE_1|DURATION_STATE_2|DURATION_STATE_3,0.02,True,"{""DBLCIX_LAG_0"": 0.02, ""DBLCIX_LAG_1"": 0.02, ""DBLCIX_LAG_2"": 0.02, ""DURATION_STATE_0"": 0.02, ""DURATION_STATE_1"": 0.02, ""DURATION_STATE_2"": 0.02, ""DURATION_STATE_3"": 0.02, ""IBOXIG_LAG_0"": 0.02, ""IBOXIG_LAG_1"": 0.02, ""IBOXIG_LAG_2"": 0.02, ""JPEICORE_LAG_0"": 0.02, ""JPEICORE_LAG_1"": 0.02, ""JPEICORE_LAG_2"": 0.02, ""LBUTTRUU_LAG_0"": 0.02, ""LBUTTRUU_LAG_1"": 0.02, ""LBUTTRUU_LAG_2"": 0.02, ""LT11TRUU_LAG_0"": 0.02, ""LT11TRUU_LAG_1"": 0.02, ""LT11TRUU_LAG_2"": 0.02, ""SPXT_LAG_0"": 0.02, ""SPXT_LAG_1"": 0.02, ""SPXT_LAG_2"": 0.02, ""STATE_LAG_0"": 0.02, ""STATE_LAG_1"": 0.5}",regularized_bootstrap,1.0,49,"{""DBLCIX_LAG_0"": 74.44843828034755, ""DBLCIX_LAG_1"": 71.80052339811255, ""DBLCIX_LAG_2"": 69.80330691601375, ""DURATION_STATE_0"": 1161.9068844923, ""DURATION_STATE_1"": 446.9032693740969, ""DURATION_STATE_2"": 1061.1595434511678, ""DURATION_STATE_3"": 139.95591949900654, ""IBOXIG_LAG_0"": 41.8652417161843, ""IBOXIG_LAG_1"": 38.28479318854261, ""IBOXIG_LAG_2"": 43.809309863992894, ""JPEICORE_LAG_0"": 58.618251284186954, ""JPEICORE_LAG_1"": 47.782468125230025, ""JPEICORE_LAG_2"": 44.43398727804515, ""LBUTTRUU_LAG_0"": 40.20546946570039, ""LBUTTRUU_LAG_1"": 34.99581042528234, ""LBUTTRUU_LAG_2"": 31.724727650129807, ""LT11TRUU_LAG_0"": 92.92315763309534, ""LT11TRUU_LAG_1"": 84.28797271630674, ""LT11TRUU_LAG_2"": 83.05991795973205, ""SPXT_LAG_0"": 125.4963199826957, ""SPXT_LAG_1"": 118.23341162199995, ""SPXT_LAG_2"": 115.7759825768926, ""STATE_LAG_0"": 1646.7190693613923, ""STATE_LAG_1"": -3.8820044210297056e-06}","{""DBLCIX_LAG_0"": 49, ""DBLCIX_LAG_1"": 49, ""DBLCIX_LAG_2"": 49, ""DURATION_STATE_0"": 49, ""DURATION_STATE_1"": 49, ""DURATION_STATE_2"": 49, ""DURATION_STATE_3"": 49, ""IBOXIG_LAG_0"": 49, ""IBOXIG_LAG_1"": 49, ""IBOXIG_LAG_2"": 49, ""JPEICORE_LAG_0"": 49, ""JPEICORE_LAG_1"": 49, ""JPEICORE_LAG_2"": 49, ""LBUTTRUU_LAG_0"": 49, ""LBUTTRUU_LAG_1"": 49, ""LBUTTRUU_LAG_2"": 49, ""LT11TRUU_LAG_0"": 49, ""LT11TRUU_LAG_1"": 49, ""LT11TRUU_LAG_2"": 49, ""SPXT_LAG_0"": 49, ""SPXT_LAG_1"": 49, ""SPXT_LAG_2"": 49, ""STATE_LAG_0"": 49, ""STATE_LAG_1"": 5}",2316,validation,2009-06-02,2016-12-30,10.0,0.1,1890
multinomial_logistic_gam,0.5289699317452953,0.8751445086705202,0.22201377805599767,4,1,2,4,0.05,23,STATE_LAG_0|SPXT_LAG_0|DBLCIX_LAG_0|IBOXIG_LAG_0|JPEICORE_LAG_0|LT11TRUU_LAG_0|LBUTTRUU_LAG_0|SPXT_LAG_1|DBLCIX_LAG_1|IBOXIG_LAG_1|JPEICORE_LAG_1|LT11TRUU_LAG_1|LBUTTRUU_LAG_1|SPXT_LAG_2|DBLCIX_LAG_2|IBOXIG_LAG_2|JPEICORE_LAG_2|LT11TRUU_LAG_2|LBUTTRUU_LAG_2|DURATION_STATE_0|DURATION_STATE_1|DURATION_STATE_2|DURATION_STATE_3,0.02,True,"{""DBLCIX_LAG_0"": 0.02, ""DBLCIX_LAG_1"": 0.02, ""DBLCIX_LAG_2"": 0.02, ""DURATION_STATE_0"": 0.02, ""DURATION_STATE_1"": 0.02, ""DURATION_STATE_2"": 0.02, ""DURATION_STATE_3"": 0.02, ""IBOXIG_LAG_0"": 0.02, ""IBOXIG_LAG_1"": 0.02, ""IBOXIG_LAG_2"": 0.02, ""JPEICORE_LAG_0"": 0.02, ""JPEICORE_LAG_1"": 0.02, ""JPEICORE_LAG_2"": 0.02, ""LBUTTRUU_LAG_0"": 0.02, ""LBUTTRUU_LAG_1"": 0.02, ""LBUTTRUU_LAG_2"": 0.02, ""LT11TRUU_LAG_0"": 0.02, ""LT11TRUU_LAG_1"": 0.02, ""LT11TRUU_LAG_2"": 0.02, ""SPXT_LAG_0"": 0.02, ""SPXT_LAG_1"": 0.02, ""SPXT_LAG_2"": 0.02, ""STATE_LAG_0"": 0.02, ""STATE_LAG_1"": 0.5}",regularized_bootstrap,1.0,49,"{""DBLCIX_LAG_0"": 74.44843828034755, ""DBLCIX_LAG_1"": 71.80052339811255, ""DBLCIX_LAG_2"": 69.80330691601375, ""DURATION_STATE_0"": 1161.9068844923, ""DURATION_STATE_1"": 446.9032693740969, ""DURATION_STATE_2"": 1061.1595434511678, ""DURATION_STATE_3"": 139.95591949900654, ""IBOXIG_LAG_0"": 41.8652417161843, ""IBOXIG_LAG_1"": 38.28479318854261, ""IBOXIG_LAG_2"": 43.809309863992894, ""JPEICORE_LAG_0"": 58.618251284186954, ""JPEICORE_LAG_1"": 47.782468125230025, ""JPEICORE_LAG_2"": 44.43398727804515, ""LBUTTRUU_LAG_0"": 40.20546946570039, ""LBUTTRUU_LAG_1"": 34.99581042528234, ""LBUTTRUU_LAG_2"": 31.724727650129807, ""LT11TRUU_LAG_0"": 92.92315763309534, ""LT11TRUU_LAG_1"": 84.28797271630674, ""LT11TRUU_LAG_2"": 83.05991795973205, ""SPXT_LAG_0"": 125.4963199826957, ""SPXT_LAG_1"": 118.23341162199995, ""SPXT_LAG_2"": 115.7759825768926, ""STATE_LAG_0"": 1646.7190693613923, ""STATE_LAG_1"": -3.8820044210297056e-06}","{""DBLCIX_LAG_0"": 49, ""DBLCIX_LAG_1"": 49, ""DBLCIX_LAG_2"": 49, ""DURATION_STATE_0"": 49, ""DURATION_STATE_1"": 49, ""DURATION_STATE_2"": 49, ""DURATION_STATE_3"": 49, ""IBOXIG_LAG_0"": 49, ""IBOXIG_LAG_1"": 49, ""IBOXIG_LAG_2"": 49, ""JPEICORE_LAG_0"": 49, ""JPEICORE_LAG_1"": 49, ""JPEICORE_LAG_2"": 49, ""LBUTTRUU_LAG_0"": 49, ""LBUTTRUU_LAG_1"": 49, ""LBUTTRUU_LAG_2"": 49, ""LT11TRUU_LAG_0"": 49, ""LT11TRUU_LAG_1"": 49, ""LT11TRUU_LAG_2"": 49, ""SPXT_LAG_0"": 49, ""SPXT_LAG_1"": 49, ""SPXT_LAG_2"": 49, ""STATE_LAG_0"": 49, ""STATE_LAG_1"": 5}",2316,prediction,2017-01-03,2023-12-05,10.0,0.1,1730
multinomial_logistic_gam,0.5682702099013984,0.8068783068783069,0.3120059351783427,4,1,2,6,0.05,23,STATE_LAG_0|SPXT_LAG_0|DBLCIX_LAG_0|IBOXIG_LAG_0|JPEICORE_LAG_0|LT11TRUU_LAG_0|LBUTTRUU_LAG_0|SPXT_LAG_1|DBLCIX_LAG_1|IBOXIG_LAG_1|JPEICORE_LAG_1|LT11TRUU_LAG_1|LBUTTRUU_LAG_1|SPXT_LAG_2|DBLCIX_LAG_2|IBOXIG_LAG_2|JPEICORE_LAG_2|LT11TRUU_LAG_2|LBUTTRUU_LAG_2|DURATION_STATE_0|DURATION_STATE_1|DURATION_STATE_2|DURATION_STATE_3,0.02,True,"{""DBLCIX_LAG_0"": 0.02, ""DBLCIX_LAG_1"": 0.02, ""DBLCIX_LAG_2"": 0.02, ""DURATION_STATE_0"": 0.02, ""DURATION_STATE_1"": 0.02, ""DURATION_STATE_2"": 0.02, ""DURATION_STATE_3"": 0.02, ""IBOXIG_LAG_0"": 0.02, ""IBOXIG_LAG_1"": 0.02, ""IBOXIG_LAG_2"": 0.02, ""JPEICORE_LAG_0"": 0.02, ""JPEICORE_LAG_1"": 0.02, ""JPEICORE_LAG_2"": 0.02, ""LBUTTRUU_LAG_0"": 0.02, ""LBUTTRUU_LAG_1"": 0.02, ""LBUTTRUU_LAG_2"": 0.02, ""LT11TRUU_LAG_0"": 0.02, ""LT11TRUU_LAG_1"": 0.02, ""LT11TRUU_LAG_2"": 0.02, ""SPXT_LAG_0"": 0.02, ""SPXT_LAG_1"": 0.02, ""SPXT_LAG_2"": 0.02, ""STATE_LAG_0"": 0.02, ""STATE_LAG_1"": 0.5}",regularized_bootstrap,1.0,49,"{""DBLCIX_LAG_0"": 87.98905570592524, ""DBLCIX_LAG_1"": 85.25666597575582, ""DBLCIX_LAG_2"": 81.4079874184954, ""DURATION_STATE_0"": 1189.9950382354073, ""DURATION_STATE_1"": 453.7591866043979, ""DURATION_STATE_2"": 1079.7022503223131, ""DURATION_STATE_3"": 142.5118646316489, ""IBOXIG_LAG_0"": 71.1719226250516, ""IBOXIG_LAG_1"": 66.03535707106721, ""IBOXIG_LAG_2"": 64.16403691220194, ""JPEICORE_LAG_0"": 114.7015988833723, ""JPEICORE_LAG_1"": 98.6083034460953, ""JPEICORE_LAG_2"": 90.04955368622223, ""LBUTTRUU_LAG_0"": 72.17505126319793, ""LBUTTRUU_LAG_1"": 66.32534114506097, ""LBUTTRUU_LAG_2"": 63.39097312578815, ""LT11TRUU_LAG_0"": 126.44975145586773, ""LT11TRUU_LAG_1"": 114.12592100451457, ""LT11TRUU_LAG_2"": 111.03697816230397, ""SPXT_LAG_0"": 239.3868729541391, ""SPXT_LAG_1"": 216.27520210934472, ""SPXT_LAG_2"": 209.9006370275988, ""STATE_LAG_0"": 1646.7190693613923, ""STATE_LAG_1"": -3.8820044210297056e-06}","{""DBLCIX_LAG_0"": 49, ""DBLCIX_LAG_1"": 49, ""DBLCIX_LAG_2"": 49, ""DURATION_STATE_0"": 49, ""DURATION_STATE_1"": 49, ""DURATION_STATE_2"": 49, ""DURATION_STATE_3"": 49, ""IBOXIG_LAG_0"": 49, ""IBOXIG_LAG_1"": 49, ""IBOXIG_LAG_2"": 49, ""JPEICORE_LAG_0"": 49, ""JPEICORE_LAG_1"": 49, ""JPEICORE_LAG_2"": 49, ""LBUTTRUU_LAG_0"": 49, ""LBUTTRUU_LAG_1"": 49, ""LBUTTRUU_LAG_2"": 49, ""LT11TRUU_LAG_0"": 49, ""LT11TRUU_LAG_1"": 49, ""LT11TRUU_LAG_2"": 49, ""SPXT_LAG_0"": 49, ""SPXT_LAG_1"": 49, ""SPXT_LAG_2"": 49, ""STATE_LAG_0"": 49, ""STATE_LAG_1"": 5}",2316,validation,2009-06-02,2016-12-30,0.01,100.0,1890
multinomial_logistic_gam,0.4060465204344767,0.876878612716763,0.20521215839037596,4,1,2,6,0.05,23,STATE_LAG_0|SPXT_LAG_0|DBLCIX_LAG_0|IBOXIG_LAG_0|JPEICORE_LAG_0|LT11TRUU_LAG_0|LBUTTRUU_LAG_0|SPXT_LAG_1|DBLCIX_LAG_1|IBOXIG_LAG_1|JPEICORE_LAG_1|LT11TRUU_LAG_1|LBUTTRUU_LAG_1|SPXT_LAG_2|DBLCIX_LAG_2|IBOXIG_LAG_2|JPEICORE_LAG_2|LT11TRUU_LAG_2|LBUTTRUU_LAG_2|DURATION_STATE_0|DURATION_STATE_1|DURATION_STATE_2|DURATION_STATE_3,0.02,True,"{""DBLCIX_LAG_0"": 0.02, ""DBLCIX_LAG_1"": 0.02, ""DBLCIX_LAG_2"": 0.02, ""DURATION_STATE_0"": 0.02, ""DURATION_STATE_1"": 0.02, ""DURATION_STATE_2"": 0.02, ""DURATION_STATE_3"": 0.02, ""IBOXIG_LAG_0"": 0.02, ""IBOXIG_LAG_1"": 0.02, ""IBOXIG_LAG_2"": 0.02, ""JPEICORE_LAG_0"": 0.02, ""JPEICORE_LAG_1"": 0.02, ""JPEICORE_LAG_2"": 0.02, ""LBUTTRUU_LAG_0"": 0.02, ""LBUTTRUU_LAG_1"": 0.02, ""LBUTTRUU_LAG_2"": 0.02, ""LT11TRUU_LAG_0"": 0.02, ""LT11TRUU_LAG_1"": 0.02, ""LT11TRUU_LAG_2"": 0.02, ""SPXT_LAG_0"": 0.02, ""SPXT_LAG_1"": 0.02, ""SPXT_LAG_2"": 0.02, ""STATE_LAG_0"": 0.02, ""STATE_LAG_1"": 0.5}",regularized_bootstrap,1.0,49,"{""DBLCIX_LAG_0"": 87.98905570592524, ""DBLCIX_LAG_1"": 85.25666597575582, ""DBLCIX_LAG_2"": 81.4079874184954, ""DURATION_STATE_0"": 1189.9950382354073, ""DURATION_STATE_1"": 453.7591866043979, ""DURATION_STATE_2"": 1079.7022503223131, ""DURATION_STATE_3"": 142.5118646316489, ""IBOXIG_LAG_0"": 71.1719226250516, ""IBOXIG_LAG_1"": 66.03535707106721, ""IBOXIG_LAG_2"": 64.16403691220194, ""JPEICORE_LAG_0"": 114.7015988833723, ""JPEICORE_LAG_1"": 98.6083034460953, ""JPEICORE_LAG_2"": 90.04955368622223, ""LBUTTRUU_LAG_0"": 72.17505126319793, ""LBUTTRUU_LAG_1"": 66.32534114506097, ""LBUTTRUU_LAG_2"": 63.39097312578815, ""LT11TRUU_LAG_0"": 126.44975145586773, ""LT11TRUU_LAG_1"": 114.12592100451457, ""LT11TRUU_LAG_2"": 111.03697816230397, ""SPXT_LAG_0"": 239.3868729541391, ""SPXT_LAG_1"": 216.27520210934472, ""SPXT_LAG_2"": 209.9006370275988, ""STATE_LAG_0"": 1646.7190693613923, ""STATE_LAG_1"": -3.8820044210297056e-06}","{""DBLCIX_LAG_0"": 49, ""DBLCIX_LAG_1"": 49, ""DBLCIX_LAG_2"": 49, ""DURATION_STATE_0"": 49, ""DURATION_STATE_1"": 49, ""DURATION_STATE_2"": 49, ""DURATION_STATE_3"": 49, ""IBOXIG_LAG_0"": 49, ""IBOXIG_LAG_1"": 49, ""IBOXIG_LAG_2"": 49, ""JPEICORE_LAG_0"": 49, ""JPEICORE_LAG_1"": 49, ""JPEICORE_LAG_2"": 49, ""LBUTTRUU_LAG_0"": 49, ""LBUTTRUU_LAG_1"": 49, ""LBUTTRUU_LAG_2"": 49, ""LT11TRUU_LAG_0"": 49, ""LT11TRUU_LAG_1"": 49, ""LT11TRUU_LAG_2"": 49, ""SPXT_LAG_0"": 49, ""SPXT_LAG_1"": 49, ""SPXT_LAG_2"": 49, ""STATE_LAG_0"": 49, ""STATE_LAG_1"": 5}",2316,prediction,2017-01-03,2023-12-05,0.01,100.0,1730
multinomial_logistic_gam,0.5800868169787742,0.8132275132275132,0.31539311238171774,4,1,2,6,0.05,23,STATE_LAG_0|SPXT_LAG_0|DBLCIX_LAG_0|IBOXIG_LAG_0|JPEICORE_LAG_0|LT11TRUU_LAG_0|LBUTTRUU_LAG_0|SPXT_LAG_1|DBLCIX_LAG_1|IBOXIG_LAG_1|JPEICORE_LAG_1|LT11TRUU_LAG_1|LBUTTRUU_LAG_1|SPXT_LAG_2|DBLCIX_LAG_2|IBOXIG_LAG_2|JPEICORE_LAG_2|LT11TRUU_LAG_2|LBUTTRUU_LAG_2|DURATION_STATE_0|DURATION_STATE_1|DURATION_STATE_2|DURATION_STATE_3,0.02,True,"{""DBLCIX_LAG_0"": 0.02, ""DBLCIX_LAG_1"": 0.02, ""DBLCIX_LAG_2"": 0.02, ""DURATION_STATE_0"": 0.02, ""DURATION_STATE_1"": 0.02, ""DURATION_STATE_2"": 0.02, ""DURATION_STATE_3"": 0.02, ""IBOXIG_LAG_0"": 0.02, ""IBOXIG_LAG_1"": 0.02, ""IBOXIG_LAG_2"": 0.02, ""JPEICORE_LAG_0"": 0.02, ""JPEICORE_LAG_1"": 0.02, ""JPEICORE_LAG_2"": 0.02, ""LBUTTRUU_LAG_0"": 0.02, ""LBUTTRUU_LAG_1"": 0.02, ""LBUTTRUU_LAG_2"": 0.02, ""LT11TRUU_LAG_0"": 0.02, ""LT11TRUU_LAG_1"": 0.02, ""LT11TRUU_LAG_2"": 0.02, ""SPXT_LAG_0"": 0.02, ""SPXT_LAG_1"": 0.02, ""SPXT_LAG_2"": 0.02, ""STATE_LAG_0"": 0.02, ""STATE_LAG_1"": 0.5}",regularized_bootstrap,1.0,49,"{""DBLCIX_LAG_0"": 87.98905570592524, ""DBLCIX_LAG_1"": 85.25666597575582, ""DBLCIX_LAG_2"": 81.4079874184954, ""DURATION_STATE_0"": 1189.9950382354073, ""DURATION_STATE_1"": 453.7591866043979, ""DURATION_STATE_2"": 1079.7022503223131, ""DURATION_STATE_3"": 142.5118646316489, ""IBOXIG_LAG_0"": 71.1719226250516, ""IBOXIG_LAG_1"": 66.03535707106721, ""IBOXIG_LAG_2"": 64.16403691220194, ""JPEICORE_LAG_0"": 114.7015988833723, ""JPEICORE_LAG_1"": 98.6083034460953, ""JPEICORE_LAG_2"": 90.04955368622223, ""LBUTTRUU_LAG_0"": 72.17505126319793, ""LBUTTRUU_LAG_1"": 66.32534114506097, ""LBUTTRUU_LAG_2"": 63.39097312578815, ""LT11TRUU_LAG_0"": 126.44975145586773, ""LT11TRUU_LAG_1"": 114.12592100451457, ""LT11TRUU_LAG_2"": 111.03697816230397, ""SPXT_LAG_0"": 239.3868729541391, ""SPXT_LAG_1"": 216.27520210934472, ""SPXT_LAG_2"": 209.9006370275988, ""STATE_LAG_0"": 1646.7190693613923, ""STATE_LAG_1"": -3.8820044210297056e-06}","{""DBLCIX_LAG_0"": 49, ""DBLCIX_LAG_1"": 49, ""DBLCIX_LAG_2"": 49, ""DURATION_STATE_0"": 49, ""DURATION_STATE_1"": 49, ""DURATION_STATE_2"": 49, ""DURATION_STATE_3"": 49, ""IBOXIG_LAG_0"": 49, ""IBOXIG_LAG_1"": 49, ""IBOXIG_LAG_2"": 49, ""JPEICORE_LAG_0"": 49, ""JPEICORE_LAG_1"": 49, ""JPEICORE_LAG_2"": 49, ""LBUTTRUU_LAG_0"": 49, ""LBUTTRUU_LAG_1"": 49, ""LBUTTRUU_LAG_2"": 49, ""LT11TRUU_LAG_0"": 49, ""LT11TRUU_LAG_1"": 49, ""LT11TRUU_LAG_2"": 49, ""SPXT_LAG_0"": 49, ""SPXT_LAG_1"": 49, ""SPXT_LAG_2"": 49, ""STATE_LAG_0"": 49, ""STATE_LAG_1"": 5}",2316,validation,2009-06-02,2016-12-30,0.1,10.0,1890
multinomial_logistic_gam,0.41214927112785077,0.8780346820809248,0.2081004009927959,4,1,2,6,0.05,23,STATE_LAG_0|SPXT_LAG_0|DBLCIX_LAG_0|IBOXIG_LAG_0|JPEICORE_LAG_0|LT11TRUU_LAG_0|LBUTTRUU_LAG_0|SPXT_LAG_1|DBLCIX_LAG_1|IBOXIG_LAG_1|JPEICORE_LAG_1|LT11TRUU_LAG_1|LBUTTRUU_LAG_1|SPXT_LAG_2|DBLCIX_LAG_2|IBOXIG_LAG_2|JPEICORE_LAG_2|LT11TRUU_LAG_2|LBUTTRUU_LAG_2|DURATION_STATE_0|DURATION_STATE_1|DURATION_STATE_2|DURATION_STATE_3,0.02,True,"{""DBLCIX_LAG_0"": 0.02, ""DBLCIX_LAG_1"": 0.02, ""DBLCIX_LAG_2"": 0.02, ""DURATION_STATE_0"": 0.02, ""DURATION_STATE_1"": 0.02, ""DURATION_STATE_2"": 0.02, ""DURATION_STATE_3"": 0.02, ""IBOXIG_LAG_0"": 0.02, ""IBOXIG_LAG_1"": 0.02, ""IBOXIG_LAG_2"": 0.02, ""JPEICORE_LAG_0"": 0.02, ""JPEICORE_LAG_1"": 0.02, ""JPEICORE_LAG_2"": 0.02, ""LBUTTRUU_LAG_0"": 0.02, ""LBUTTRUU_LAG_1"": 0.02, ""LBUTTRUU_LAG_2"": 0.02, ""LT11TRUU_LAG_0"": 0.02, ""LT11TRUU_LAG_1"": 0.02, ""LT11TRUU_LAG_2"": 0.02, ""SPXT_LAG_0"": 0.02, ""SPXT_LAG_1"": 0.02, ""SPXT_LAG_2"": 0.02, ""STATE_LAG_0"": 0.02, ""STATE_LAG_1"": 0.5}",regularized_bootstrap,1.0,49,"{""DBLCIX_LAG_0"": 87.98905570592524, ""DBLCIX_LAG_1"": 85.25666597575582, ""DBLCIX_LAG_2"": 81.4079874184954, ""DURATION_STATE_0"": 1189.9950382354073, ""DURATION_STATE_1"": 453.7591866043979, ""DURATION_STATE_2"": 1079.7022503223131, ""DURATION_STATE_3"": 142.5118646316489, ""IBOXIG_LAG_0"": 71.1719226250516, ""IBOXIG_LAG_1"": 66.03535707106721, ""IBOXIG_LAG_2"": 64.16403691220194, ""JPEICORE_LAG_0"": 114.7015988833723, ""JPEICORE_LAG_1"": 98.6083034460953, ""JPEICORE_LAG_2"": 90.04955368622223, ""LBUTTRUU_LAG_0"": 72.17505126319793, ""LBUTTRUU_LAG_1"": 66.32534114506097, ""LBUTTRUU_LAG_2"": 63.39097312578815, ""LT11TRUU_LAG_0"": 126.44975145586773, ""LT11TRUU_LAG_1"": 114.12592100451457, ""LT11TRUU_LAG_2"": 111.03697816230397, ""SPXT_LAG_0"": 239.3868729541391, ""SPXT_LAG_1"": 216.27520210934472, ""SPXT_LAG_2"": 209.9006370275988, ""STATE_LAG_0"": 1646.7190693613923, ""STATE_LAG_1"": -3.8820044210297056e-06}","{""DBLCIX_LAG_0"": 49, ""DBLCIX_LAG_1"": 49, ""DBLCIX_LAG_2"": 49, ""DURATION_STATE_0"": 49, ""DURATION_STATE_1"": 49, ""DURATION_STATE_2"": 49, ""DURATION_STATE_3"": 49, ""IBOXIG_LAG_0"": 49, ""IBOXIG_LAG_1"": 49, ""IBOXIG_LAG_2"": 49, ""JPEICORE_LAG_0"": 49, ""JPEICORE_LAG_1"": 49, ""JPEICORE_LAG_2"": 49, ""LBUTTRUU_LAG_0"": 49, ""LBUTTRUU_LAG_1"": 49, ""LBUTTRUU_LAG_2"": 49, ""LT11TRUU_LAG_0"": 49, ""LT11TRUU_LAG_1"": 49, ""LT11TRUU_LAG_2"": 49, ""SPXT_LAG_0"": 49, ""SPXT_LAG_1"": 49, ""SPXT_LAG_2"": 49, ""STATE_LAG_0"": 49, ""STATE_LAG_1"": 5}",2316,prediction,2017-01-03,2023-12-05,0.1,10.0,1730
multinomial_logistic_gam,0.6391066593279291,0.8142857142857143,0.3279553568542866,4,1,2,6,0.05,23,STATE_LAG_0|SPXT_LAG_0|DBLCIX_LAG_0|IBOXIG_LAG_0|JPEICORE_LAG_0|LT11TRUU_LAG_0|LBUTTRUU_LAG_0|SPXT_LAG_1|DBLCIX_LAG_1|IBOXIG_LAG_1|JPEICORE_LAG_1|LT11TRUU_LAG_1|LBUTTRUU_LAG_1|SPXT_LAG_2|DBLCIX_LAG_2|IBOXIG_LAG_2|JPEICORE_LAG_2|LT11TRUU_LAG_2|LBUTTRUU_LAG_2|DURATION_STATE_0|DURATION_STATE_1|DURATION_STATE_2|DURATION_STATE_3,0.02,True,"{""DBLCIX_LAG_0"": 0.02, ""DBLCIX_LAG_1"": 0.02, ""DBLCIX_LAG_2"": 0.02, ""DURATION_STATE_0"": 0.02, ""DURATION_STATE_1"": 0.02, ""DURATION_STATE_2"": 0.02, ""DURATION_STATE_3"": 0.02, ""IBOXIG_LAG_0"": 0.02, ""IBOXIG_LAG_1"": 0.02, ""IBOXIG_LAG_2"": 0.02, ""JPEICORE_LAG_0"": 0.02, ""JPEICORE_LAG_1"": 0.02, ""JPEICORE_LAG_2"": 0.02, ""LBUTTRUU_LAG_0"": 0.02, ""LBUTTRUU_LAG_1"": 0.02, ""LBUTTRUU_LAG_2"": 0.02, ""LT11TRUU_LAG_0"": 0.02, ""LT11TRUU_LAG_1"": 0.02, ""LT11TRUU_LAG_2"": 0.02, ""SPXT_LAG_0"": 0.02, ""SPXT_LAG_1"": 0.02, ""SPXT_LAG_2"": 0.02, ""STATE_LAG_0"": 0.02, ""STATE_LAG_1"": 0.5}",regularized_bootstrap,1.0,49,"{""DBLCIX_LAG_0"": 87.98905570592524, ""DBLCIX_LAG_1"": 85.25666597575582, ""DBLCIX_LAG_2"": 81.4079874184954, ""DURATION_STATE_0"": 1189.9950382354073, ""DURATION_STATE_1"": 453.7591866043979, ""DURATION_STATE_2"": 1079.7022503223131, ""DURATION_STATE_3"": 142.5118646316489, ""IBOXIG_LAG_0"": 71.1719226250516, ""IBOXIG_LAG_1"": 66.03535707106721, ""IBOXIG_LAG_2"": 64.16403691220194, ""JPEICORE_LAG_0"": 114.7015988833723, ""JPEICORE_LAG_1"": 98.6083034460953, ""JPEICORE_LAG_2"": 90.04955368622223, ""LBUTTRUU_LAG_0"": 72.17505126319793, ""LBUTTRUU_LAG_1"": 66.32534114506097, ""LBUTTRUU_LAG_2"": 63.39097312578815, ""LT11TRUU_LAG_0"": 126.44975145586773, ""LT11TRUU_LAG_1"": 114.12592100451457, ""LT11TRUU_LAG_2"": 111.03697816230397, ""SPXT_LAG_0"": 239.3868729541391, ""SPXT_LAG_1"": 216.27520210934472, ""SPXT_LAG_2"": 209.9006370275988, ""STATE_LAG_0"": 1646.7190693613923, ""STATE_LAG_1"": -3.8820044210297056e-06}","{""DBLCIX_LAG_0"": 49, ""DBLCIX_LAG_1"": 49, ""DBLCIX_LAG_2"": 49, ""DURATION_STATE_0"": 49, ""DURATION_STATE_1"": 49, ""DURATION_STATE_2"": 49, ""DURATION_STATE_3"": 49, ""IBOXIG_LAG_0"": 49, ""IBOXIG_LAG_1"": 49, ""IBOXIG_LAG_2"": 49, ""JPEICORE_LAG_0"": 49, ""JPEICORE_LAG_1"": 49, ""JPEICORE_LAG_2"": 49, ""LBUTTRUU_LAG_0"": 49, ""LBUTTRUU_LAG_1"": 49, ""LBUTTRUU_LAG_2"": 49, ""LT11TRUU_LAG_0"": 49, ""LT11TRUU_LAG_1"": 49, ""LT11TRUU_LAG_2"": 49, ""SPXT_LAG_0"": 49, ""SPXT_LAG_1"": 49, ""SPXT_LAG_2"": 49, ""STATE_LAG_0"": 49, ""STATE_LAG_1"": 5}",2316,validation,2009-06-02,2016-12-30,1.0,1.0,1890
multinomial_logistic_gam,0.46636013187855374,0.8751445086705202,0.21711396499687916,4,1,2,6,0.05,23,STATE_LAG_0|SPXT_LAG_0|DBLCIX_LAG_0|IBOXIG_LAG_0|JPEICORE_LAG_0|LT11TRUU_LAG_0|LBUTTRUU_LAG_0|SPXT_LAG_1|DBLCIX_LAG_1|IBOXIG_LAG_1|JPEICORE_LAG_1|LT11TRUU_LAG_1|LBUTTRUU_LAG_1|SPXT_LAG_2|DBLCIX_LAG_2|IBOXIG_LAG_2|JPEICORE_LAG_2|LT11TRUU_LAG_2|LBUTTRUU_LAG_2|DURATION_STATE_0|DURATION_STATE_1|DURATION_STATE_2|DURATION_STATE_3,0.02,True,"{""DBLCIX_LAG_0"": 0.02, ""DBLCIX_LAG_1"": 0.02, ""DBLCIX_LAG_2"": 0.02, ""DURATION_STATE_0"": 0.02, ""DURATION_STATE_1"": 0.02, ""DURATION_STATE_2"": 0.02, ""DURATION_STATE_3"": 0.02, ""IBOXIG_LAG_0"": 0.02, ""IBOXIG_LAG_1"": 0.02, ""IBOXIG_LAG_2"": 0.02, ""JPEICORE_LAG_0"": 0.02, ""JPEICORE_LAG_1"": 0.02, ""JPEICORE_LAG_2"": 0.02, ""LBUTTRUU_LAG_0"": 0.02, ""LBUTTRUU_LAG_1"": 0.02, ""LBUTTRUU_LAG_2"": 0.02, ""LT11TRUU_LAG_0"": 0.02, ""LT11TRUU_LAG_1"": 0.02, ""LT11TRUU_LAG_2"": 0.02, ""SPXT_LAG_0"": 0.02, ""SPXT_LAG_1"": 0.02, ""SPXT_LAG_2"": 0.02, ""STATE_LAG_0"": 0.02, ""STATE_LAG_1"": 0.5}",regularized_bootstrap,1.0,49,"{""DBLCIX_LAG_0"": 87.98905570592524, ""DBLCIX_LAG_1"": 85.25666597575582, ""DBLCIX_LAG_2"": 81.4079874184954, ""DURATION_STATE_0"": 1189.9950382354073, ""DURATION_STATE_1"": 453.7591866043979, ""DURATION_STATE_2"": 1079.7022503223131, ""DURATION_STATE_3"": 142.5118646316489, ""IBOXIG_LAG_0"": 71.1719226250516, ""IBOXIG_LAG_1"": 66.03535707106721, ""IBOXIG_LAG_2"": 64.16403691220194, ""JPEICORE_LAG_0"": 114.7015988833723, ""JPEICORE_LAG_1"": 98.6083034460953, ""JPEICORE_LAG_2"": 90.04955368622223, ""LBUTTRUU_LAG_0"": 72.17505126319793, ""LBUTTRUU_LAG_1"": 66.32534114506097, ""LBUTTRUU_LAG_2"": 63.39097312578815, ""LT11TRUU_LAG_0"": 126.44975145586773, ""LT11TRUU_LAG_1"": 114.12592100451457, ""LT11TRUU_LAG_2"": 111.03697816230397, ""SPXT_LAG_0"": 239.3868729541391, ""SPXT_LAG_1"": 216.27520210934472, ""SPXT_LAG_2"": 209.9006370275988, ""STATE_LAG_0"": 1646.7190693613923, ""STATE_LAG_1"": -3.8820044210297056e-06}","{""DBLCIX_LAG_0"": 49, ""DBLCIX_LAG_1"": 49, ""DBLCIX_LAG_2"": 49, ""DURATION_STATE_0"": 49, ""DURATION_STATE_1"": 49, ""DURATION_STATE_2"": 49, ""DURATION_STATE_3"": 49, ""IBOXIG_LAG_0"": 49, ""IBOXIG_LAG_1"": 49, ""IBOXIG_LAG_2"": 49, ""JPEICORE_LAG_0"": 49, ""JPEICORE_LAG_1"": 49, ""JPEICORE_LAG_2"": 49, ""LBUTTRUU_LAG_0"": 49, ""LBUTTRUU_LAG_1"": 49, ""LBUTTRUU_LAG_2"": 49, ""LT11TRUU_LAG_0"": 49, ""LT11TRUU_LAG_1"": 49, ""LT11TRUU_LAG_2"": 49, ""SPXT_LAG_0"": 49, ""SPXT_LAG_1"": 49, ""SPXT_LAG_2"": 49, ""STATE_LAG_0"": 49, ""STATE_LAG_1"": 5}",2316,prediction,2017-01-03,2023-12-05,1.0,1.0,1730
multinomial_logistic_gam,0.758138404303162,0.8068783068783069,0.34268595219342085,4,1,2,6,0.05,23,STATE_LAG_0|SPXT_LAG_0|DBLCIX_LAG_0|IBOXIG_LAG_0|JPEICORE_LAG_0|LT11TRUU_LAG_0|LBUTTRUU_LAG_0|SPXT_LAG_1|DBLCIX_LAG_1|IBOXIG_LAG_1|JPEICORE_LAG_1|LT11TRUU_LAG_1|LBUTTRUU_LAG_1|SPXT_LAG_2|DBLCIX_LAG_2|IBOXIG_LAG_2|JPEICORE_LAG_2|LT11TRUU_LAG_2|LBUTTRUU_LAG_2|DURATION_STATE_0|DURATION_STATE_1|DURATION_STATE_2|DURATION_STATE_3,0.02,True,"{""DBLCIX_LAG_0"": 0.02, ""DBLCIX_LAG_1"": 0.02, ""DBLCIX_LAG_2"": 0.02, ""DURATION_STATE_0"": 0.02, ""DURATION_STATE_1"": 0.02, ""DURATION_STATE_2"": 0.02, ""DURATION_STATE_3"": 0.02, ""IBOXIG_LAG_0"": 0.02, ""IBOXIG_LAG_1"": 0.02, ""IBOXIG_LAG_2"": 0.02, ""JPEICORE_LAG_0"": 0.02, ""JPEICORE_LAG_1"": 0.02, ""JPEICORE_LAG_2"": 0.02, ""LBUTTRUU_LAG_0"": 0.02, ""LBUTTRUU_LAG_1"": 0.02, ""LBUTTRUU_LAG_2"": 0.02, ""LT11TRUU_LAG_0"": 0.02, ""LT11TRUU_LAG_1"": 0.02, ""LT11TRUU_LAG_2"": 0.02, ""SPXT_LAG_0"": 0.02, ""SPXT_LAG_1"": 0.02, ""SPXT_LAG_2"": 0.02, ""STATE_LAG_0"": 0.02, ""STATE_LAG_1"": 0.5}",regularized_bootstrap,1.0,49,"{""DBLCIX_LAG_0"": 87.98905570592524, ""DBLCIX_LAG_1"": 85.25666597575582, ""DBLCIX_LAG_2"": 81.4079874184954, ""DURATION_STATE_0"": 1189.9950382354073, ""DURATION_STATE_1"": 453.7591866043979, ""DURATION_STATE_2"": 1079.7022503223131, ""DURATION_STATE_3"": 142.5118646316489, ""IBOXIG_LAG_0"": 71.1719226250516, ""IBOXIG_LAG_1"": 66.03535707106721, ""IBOXIG_LAG_2"": 64.16403691220194, ""JPEICORE_LAG_0"": 114.7015988833723, ""JPEICORE_LAG_1"": 98.6083034460953, ""JPEICORE_LAG_2"": 90.04955368622223, ""LBUTTRUU_LAG_0"": 72.17505126319793, ""LBUTTRUU_LAG_1"": 66.32534114506097, ""LBUTTRUU_LAG_2"": 63.39097312578815, ""LT11TRUU_LAG_0"": 126.44975145586773, ""LT11TRUU_LAG_1"": 114.12592100451457, ""LT11TRUU_LAG_2"": 111.03697816230397, ""SPXT_LAG_0"": 239.3868729541391, ""SPXT_LAG_1"": 216.27520210934472, ""SPXT_LAG_2"": 209.9006370275988, ""STATE_LAG_0"": 1646.7190693613923, ""STATE_LAG_1"": -3.8820044210297056e-06}","{""DBLCIX_LAG_0"": 49, ""DBLCIX_LAG_1"": 49, ""DBLCIX_LAG_2"": 49, ""DURATION_STATE_0"": 49, ""DURATION_STATE_1"": 49, ""DURATION_STATE_2"": 49, ""DURATION_STATE_3"": 49, ""IBOXIG_LAG_0"": 49, ""IBOXIG_LAG_1"": 49, ""IBOXIG_LAG_2"": 49, ""JPEICORE_LAG_0"": 49, ""JPEICORE_LAG_1"": 49, ""JPEICORE_LAG_2"": 49, ""LBUTTRUU_LAG_0"": 49, ""LBUTTRUU_LAG_1"": 49, ""LBUTTRUU_LAG_2"": 49, ""LT11TRUU_LAG_0"": 49, ""LT11TRUU_LAG_1"": 49, ""LT11TRUU_LAG_2"": 49, ""SPXT_LAG_0"": 49, ""SPXT_LAG_1"": 49, ""SPXT_LAG_2"": 49, ""STATE_LAG_0"": 49, ""STATE_LAG_1"": 5}",2316,validation,2009-06-02,2016-12-30,10.0,0.1,1890
multinomial_logistic_gam,0.5767830685852118,0.8739884393063584,0.22367049888138685,4,1,2,6,0.05,23,STATE_LAG_0|SPXT_LAG_0|DBLCIX_LAG_0|IBOXIG_LAG_0|JPEICORE_LAG_0|LT11TRUU_LAG_0|LBUTTRUU_LAG_0|SPXT_LAG_1|DBLCIX_LAG_1|IBOXIG_LAG_1|JPEICORE_LAG_1|LT11TRUU_LAG_1|LBUTTRUU_LAG_1|SPXT_LAG_2|DBLCIX_LAG_2|IBOXIG_LAG_2|JPEICORE_LAG_2|LT11TRUU_LAG_2|LBUTTRUU_LAG_2|DURATION_STATE_0|DURATION_STATE_1|DURATION_STATE_2|DURATION_STATE_3,0.02,True,"{""DBLCIX_LAG_0"": 0.02, ""DBLCIX_LAG_1"": 0.02, ""DBLCIX_LAG_2"": 0.02, ""DURATION_STATE_0"": 0.02, ""DURATION_STATE_1"": 0.02, ""DURATION_STATE_2"": 0.02, ""DURATION_STATE_3"": 0.02, ""IBOXIG_LAG_0"": 0.02, ""IBOXIG_LAG_1"": 0.02, ""IBOXIG_LAG_2"": 0.02, ""JPEICORE_LAG_0"": 0.02, ""JPEICORE_LAG_1"": 0.02, ""JPEICORE_LAG_2"": 0.02, ""LBUTTRUU_LAG_0"": 0.02, ""LBUTTRUU_LAG_1"": 0.02, ""LBUTTRUU_LAG_2"": 0.02, ""LT11TRUU_LAG_0"": 0.02, ""LT11TRUU_LAG_1"": 0.02, ""LT11TRUU_LAG_2"": 0.02, ""SPXT_LAG_0"": 0.02, ""SPXT_LAG_1"": 0.02, ""SPXT_LAG_2"": 0.02, ""STATE_LAG_0"": 0.02, ""STATE_LAG_1"": 0.5}",regularized_bootstrap,1.0,49,"{""DBLCIX_LAG_0"": 87.98905570592524, ""DBLCIX_LAG_1"": 85.25666597575582, ""DBLCIX_LAG_2"": 81.4079874184954, ""DURATION_STATE_0"": 1189.9950382354073, ""DURATION_STATE_1"": 453.7591866043979, ""DURATION_STATE_2"": 1079.7022503223131, ""DURATION_STATE_3"": 142.5118646316489, ""IBOXIG_LAG_0"": 71.1719226250516, ""IBOXIG_LAG_1"": 66.03535707106721, ""IBOXIG_LAG_2"": 64.16403691220194, ""JPEICORE_LAG_0"": 114.7015988833723, ""JPEICORE_LAG_1"": 98.6083034460953, ""JPEICORE_LAG_2"": 90.04955368622223, ""LBUTTRUU_LAG_0"": 72.17505126319793, ""LBUTTRUU_LAG_1"": 66.32534114506097, ""LBUTTRUU_LAG_2"": 63.39097312578815, ""LT11TRUU_LAG_0"": 126.44975145586773, ""LT11TRUU_LAG_1"": 114.12592100451457, ""LT11TRUU_LAG_2"": 111.03697816230397, ""SPXT_LAG_0"": 239.3868729541391, ""SPXT_LAG_1"": 216.27520210934472, ""SPXT_LAG_2"": 209.9006370275988, ""STATE_LAG_0"": 1646.7190693613923, ""STATE_LAG_1"": -3.8820044210297056e-06}","{""DBLCIX_LAG_0"": 49, ""DBLCIX_LAG_1"": 49, ""DBLCIX_LAG_2"": 49, ""DURATION_STATE_0"": 49, ""DURATION_STATE_1"": 49, ""DURATION_STATE_2"": 49, ""DURATION_STATE_3"": 49, ""IBOXIG_LAG_0"": 49, ""IBOXIG_LAG_1"": 49, ""IBOXIG_LAG_2"": 49, ""JPEICORE_LAG_0"": 49, ""JPEICORE_LAG_1"": 49, ""JPEICORE_LAG_2"": 49, ""LBUTTRUU_LAG_0"": 49, ""LBUTTRUU_LAG_1"": 49, ""LBUTTRUU_LAG_2"": 49, ""LT11TRUU_LAG_0"": 49, ""LT11TRUU_LAG_1"": 49, ""LT11TRUU_LAG_2"": 49, ""SPXT_LAG_0"": 49, ""SPXT_LAG_1"": 49, ""SPXT_LAG_2"": 49, ""STATE_LAG_0"": 49, ""STATE_LAG_1"": 5}",2316,prediction,2017-01-03,2023-12-05,10.0,0.1,1730
multinomial_logistic_gam,0.5671371097105438,0.8084656084656084,0.31118537296271226,4,2,0,4,0.05,11,STATE_LAG_0|SPXT_LAG_0|DBLCIX_LAG_0|IBOXIG_LAG_0|JPEICORE_LAG_0|LT11TRUU_LAG_0|LBUTTRUU_LAG_0|DURATION_STATE_0|DURATION_STATE_1|DURATION_STATE_2|DURATION_STATE_3,0.02,True,"{""DBLCIX_LAG_0"": 0.02, ""DURATION_STATE_0"": 0.02, ""DURATION_STATE_1"": 0.02, ""DURATION_STATE_2"": 0.02, ""DURATION_STATE_3"": 0.02, ""IBOXIG_LAG_0"": 0.02, ""JPEICORE_LAG_0"": 0.02, ""LBUTTRUU_LAG_0"": 0.02, ""LT11TRUU_LAG_0"": 0.02, ""SPXT_LAG_0"": 0.02, ""STATE_LAG_0"": 0.02, ""STATE_LAG_1"": 0.2, ""STATE_LAG_2"": 0.17647058823529413}",regularized_bootstrap,1.0,49,"{""DBLCIX_LAG_0"": 74.70288644923858, ""DURATION_STATE_0"": 1163.7321186567917, ""DURATION_STATE_1"": 446.90347146584327, ""DURATION_STATE_2"": 1062.4815885878938, ""DURATION_STATE_3"": 139.98343147815808, ""IBOXIG_LAG_0"": 41.86223325116316, ""JPEICORE_LAG_0"": 58.51353250848888, ""LBUTTRUU_LAG_0"": 40.13517820776633, ""LT11TRUU_LAG_0"": 93.13523852264188, ""SPXT_LAG_0"": 126.8013297535158, ""STATE_LAG_0"": 1648.7127126251366, ""STATE_LAG_1"": -4.282589088688837e-06, ""STATE_LAG_2"": -4.282589088688837e-06}","{""DBLCIX_LAG_0"": 49, ""DURATION_STATE_0"": 49, ""DURATION_STATE_1"": 49, ""DURATION_STATE_2"": 49, ""DURATION_STATE_3"": 49, ""IBOXIG_LAG_0"": 49, ""JPEICORE_LAG_0"": 49, ""LBUTTRUU_LAG_0"": 49, ""LT11TRUU_LAG_0"": 49, ""SPXT_LAG_0"": 49, ""STATE_LAG_0"": 49, ""STATE_LAG_1"": 14, ""STATE_LAG_2"": 16}",2318,validation,2009-06-02,2016-12-30,0.01,100.0,1890
multinomial_logistic_gam,0.41009167000931634,0.8763005780346821,0.20600031495841628,4,2,0,4,0.05,11,STATE_LAG_0|SPXT_LAG_0|DBLCIX_LAG_0|IBOXIG_LAG_0|JPEICORE_LAG_0|LT11TRUU_LAG_0|LBUTTRUU_LAG_0|DURATION_STATE_0|DURATION_STATE_1|DURATION_STATE_2|DURATION_STATE_3,0.02,True,"{""DBLCIX_LAG_0"": 0.02, ""DURATION_STATE_0"": 0.02, ""DURATION_STATE_1"": 0.02, ""DURATION_STATE_2"": 0.02, ""DURATION_STATE_3"": 0.02, ""IBOXIG_LAG_0"": 0.02, ""JPEICORE_LAG_0"": 0.02, ""LBUTTRUU_LAG_0"": 0.02, ""LT11TRUU_LAG_0"": 0.02, ""SPXT_LAG_0"": 0.02, ""STATE_LAG_0"": 0.02, ""STATE_LAG_1"": 0.2, ""STATE_LAG_2"": 0.17647058823529413}",regularized_bootstrap,1.0,49,"{""DBLCIX_LAG_0"": 74.70288644923858, ""DURATION_STATE_0"": 1163.7321186567917, ""DURATION_STATE_1"": 446.90347146584327, ""DURATION_STATE_2"": 1062.4815885878938, ""DURATION_STATE_3"": 139.98343147815808, ""IBOXIG_LAG_0"": 41.86223325116316, ""JPEICORE_LAG_0"": 58.51353250848888, ""LBUTTRUU_LAG_0"": 40.13517820776633, ""LT11TRUU_LAG_0"": 93.13523852264188, ""SPXT_LAG_0"": 126.8013297535158, ""STATE_LAG_0"": 1648.7127126251366, ""STATE_LAG_1"": -4.282589088688837e-06, ""STATE_LAG_2"": -4.282589088688837e-06}","{""DBLCIX_LAG_0"": 49, ""DURATION_STATE_0"": 49, ""DURATION_STATE_1"": 49, ""DURATION_STATE_2"": 49, ""DURATION_STATE_3"": 49, ""IBOXIG_LAG_0"": 49, ""JPEICORE_LAG_0"": 49, ""LBUTTRUU_LAG_0"": 49, ""LT11TRUU_LAG_0"": 49, ""SPXT_LAG_0"": 49, ""STATE_LAG_0"": 49, ""STATE_LAG_1"": 14, ""STATE_LAG_2"": 16}",2318,prediction,2017-01-03,2023-12-05,0.01,100.0,1730
multinomial_logistic_gam,0.567088582689714,0.8174603174603174,0.31107236773003,4,2,0,4,0.05,11,STATE_LAG_0|SPXT_LAG_0|DBLCIX_LAG_0|IBOXIG_LAG_0|JPEICORE_LAG_0|LT11TRUU_LAG_0|LBUTTRUU_LAG_0|DURATION_STATE_0|DURATION_STATE_1|DURATION_STATE_2|DURATION_STATE_3,0.02,True,"{""DBLCIX_LAG_0"": 0.02, ""DURATION_STATE_0"": 0.02, ""DURATION_STATE_1"": 0.02, ""DURATION_STATE_2"": 0.02, ""DURATION_STATE_3"": 0.02, ""IBOXIG_LAG_0"": 0.02, ""JPEICORE_LAG_0"": 0.02, ""LBUTTRUU_LAG_0"": 0.02, ""LT11TRUU_LAG_0"": 0.02, ""SPXT_LAG_0"": 0.02, ""STATE_LAG_0"": 0.02, ""STATE_LAG_1"": 0.2, ""STATE_LAG_2"": 0.17647058823529413}",regularized_bootstrap,1.0,49,"{""DBLCIX_LAG_0"": 74.70288644923858, ""DURATION_STATE_0"": 1163.7321186567917, ""DURATION_STATE_1"": 446.90347146584327, ""DURATION_STATE_2"": 1062.4815885878938, ""DURATION_STATE_3"": 139.98343147815808, ""IBOXIG_LAG_0"": 41.86223325116316, ""JPEICORE_LAG_0"": 58.51353250848888, ""LBUTTRUU_LAG_0"": 40.13517820776633, ""LT11TRUU_LAG_0"": 93.13523852264188, ""SPXT_LAG_0"": 126.8013297535158, ""STATE_LAG_0"": 1648.7127126251366, ""STATE_LAG_1"": -4.282589088688837e-06, ""STATE_LAG_2"": -4.282589088688837e-06}","{""DBLCIX_LAG_0"": 49, ""DURATION_STATE_0"": 49, ""DURATION_STATE_1"": 49, ""DURATION_STATE_2"": 49, ""DURATION_STATE_3"": 49, ""IBOXIG_LAG_0"": 49, ""JPEICORE_LAG_0"": 49, ""LBUTTRUU_LAG_0"": 49, ""LT11TRUU_LAG_0"": 49, ""SPXT_LAG_0"": 49, ""STATE_LAG_0"": 49, ""STATE_LAG_1"": 14, ""STATE_LAG_2"": 16}",2318,validation,2009-06-02,2016-12-30,0.1,10.0,1890
multinomial_logistic_gam,0.4065552294259461,0.8820809248554913,0.20438837278732602,4,2,0,4,0.05,11,STATE_LAG_0|SPXT_LAG_0|DBLCIX_LAG_0|IBOXIG_LAG_0|JPEICORE_LAG_0|LT11TRUU_LAG_0|LBUTTRUU_LAG_0|DURATION_STATE_0|DURATION_STATE_1|DURATION_STATE_2|DURATION_STATE_3,0.02,True,"{""DBLCIX_LAG_0"": 0.02, ""DURATION_STATE_0"": 0.02, ""DURATION_STATE_1"": 0.02, ""DURATION_STATE_2"": 0.02, ""DURATION_STATE_3"": 0.02, ""IBOXIG_LAG_0"": 0.02, ""JPEICORE_LAG_0"": 0.02, ""LBUTTRUU_LAG_0"": 0.02, ""LT11TRUU_LAG_0"": 0.02, ""SPXT_LAG_0"": 0.02, ""STATE_LAG_0"": 0.02, ""STATE_LAG_1"": 0.2, ""STATE_LAG_2"": 0.17647058823529413}",regularized_bootstrap,1.0,49,"{""DBLCIX_LAG_0"": 74.70288644923858, ""DURATION_STATE_0"": 1163.7321186567917, ""DURATION_STATE_1"": 446.90347146584327, ""DURATION_STATE_2"": 1062.4815885878938, ""DURATION_STATE_3"": 139.98343147815808, ""IBOXIG_LAG_0"": 41.86223325116316, ""JPEICORE_LAG_0"": 58.51353250848888, ""LBUTTRUU_LAG_0"": 40.13517820776633, ""LT11TRUU_LAG_0"": 93.13523852264188, ""SPXT_LAG_0"": 126.8013297535158, ""STATE_LAG_0"": 1648.7127126251366, ""STATE_LAG_1"": -4.282589088688837e-06, ""STATE_LAG_2"": -4.282589088688837e-06}","{""DBLCIX_LAG_0"": 49, ""DURATION_STATE_0"": 49, ""DURATION_STATE_1"": 49, ""DURATION_STATE_2"": 49, ""DURATION_STATE_3"": 49, ""IBOXIG_LAG_0"": 49, ""JPEICORE_LAG_0"": 49, ""LBUTTRUU_LAG_0"": 49, ""LT11TRUU_LAG_0"": 49, ""SPXT_LAG_0"": 49, ""STATE_LAG_0"": 49, ""STATE_LAG_1"": 14, ""STATE_LAG_2"": 16}",2318,prediction,2017-01-03,2023-12-05,0.1,10.0,1730
multinomial_logistic_gam,0.5978639316611529,0.8201058201058201,0.3180853568899122,4,2,0,4,0.05,11,STATE_LAG_0|SPXT_LAG_0|DBLCIX_LAG_0|IBOXIG_LAG_0|JPEICORE_LAG_0|LT11TRUU_LAG_0|LBUTTRUU_LAG_0|DURATION_STATE_0|DURATION_STATE_1|DURATION_STATE_2|DURATION_STATE_3,0.02,True,"{""DBLCIX_LAG_0"": 0.02, ""DURATION_STATE_0"": 0.02, ""DURATION_STATE_1"": 0.02, ""DURATION_STATE_2"": 0.02, ""DURATION_STATE_3"": 0.02, ""IBOXIG_LAG_0"": 0.02, ""JPEICORE_LAG_0"": 0.02, ""LBUTTRUU_LAG_0"": 0.02, ""LT11TRUU_LAG_0"": 0.02, ""SPXT_LAG_0"": 0.02, ""STATE_LAG_0"": 0.02, ""STATE_LAG_1"": 0.2, ""STATE_LAG_2"": 0.17647058823529413}",regularized_bootstrap,1.0,49,"{""DBLCIX_LAG_0"": 74.70288644923858, ""DURATION_STATE_0"": 1163.7321186567917, ""DURATION_STATE_1"": 446.90347146584327, ""DURATION_STATE_2"": 1062.4815885878938, ""DURATION_STATE_3"": 139.98343147815808, ""IBOXIG_LAG_0"": 41.86223325116316, ""JPEICORE_LAG_0"": 58.51353250848888, ""LBUTTRUU_LAG_0"": 40.13517820776633, ""LT11TRUU_LAG_0"": 93.13523852264188, ""SPXT_LAG_0"": 126.8013297535158, ""STATE_LAG_0"": 1648.7127126251366, ""STATE_LAG_1"": -4.282589088688837e-06, ""STATE_LAG_2"": -4.282589088688837e-06}","{""DBLCIX_LAG_0"": 49, ""DURATION_STATE_0"": 49, ""DURATION_STATE_1"": 49, ""DURATION_STATE_2"": 49, ""DURATION_STATE_3"": 49, ""IBOXIG_LAG_0"": 49, ""JPEICORE_LAG_0"": 49, ""LBUTTRUU_LAG_0"": 49, ""LT11TRUU_LAG_0"": 49, ""SPXT_LAG_0"": 49, ""STATE_LAG_0"": 49, ""STATE_LAG_1"": 14, ""STATE_LAG_2"": 16}",2318,validation,2009-06-02,2016-12-30,1.0,1.0,1890
multinomial_logistic_gam,0.4288621826656342,0.8820809248554913,0.21025614020012778,4,2,0,4,0.05,11,STATE_LAG_0|SPXT_LAG_0|DBLCIX_LAG_0|IBOXIG_LAG_0|JPEICORE_LAG_0|LT11TRUU_LAG_0|LBUTTRUU_LAG_0|DURATION_STATE_0|DURATION_STATE_1|DURATION_STATE_2|DURATION_STATE_3,0.02,True,"{""DBLCIX_LAG_0"": 0.02, ""DURATION_STATE_0"": 0.02, ""DURATION_STATE_1"": 0.02, ""DURATION_STATE_2"": 0.02, ""DURATION_STATE_3"": 0.02, ""IBOXIG_LAG_0"": 0.02, ""JPEICORE_LAG_0"": 0.02, ""LBUTTRUU_LAG_0"": 0.02, ""LT11TRUU_LAG_0"": 0.02, ""SPXT_LAG_0"": 0.02, ""STATE_LAG_0"": 0.02, ""STATE_LAG_1"": 0.2, ""STATE_LAG_2"": 0.17647058823529413}",regularized_bootstrap,1.0,49,"{""DBLCIX_LAG_0"": 74.70288644923858, ""DURATION_STATE_0"": 1163.7321186567917, ""DURATION_STATE_1"": 446.90347146584327, ""DURATION_STATE_2"": 1062.4815885878938, ""DURATION_STATE_3"": 139.98343147815808, ""IBOXIG_LAG_0"": 41.86223325116316, ""JPEICORE_LAG_0"": 58.51353250848888, ""LBUTTRUU_LAG_0"": 40.13517820776633, ""LT11TRUU_LAG_0"": 93.13523852264188, ""SPXT_LAG_0"": 126.8013297535158, ""STATE_LAG_0"": 1648.7127126251366, ""STATE_LAG_1"": -4.282589088688837e-06, ""STATE_LAG_2"": -4.282589088688837e-06}","{""DBLCIX_LAG_0"": 49, ""DURATION_STATE_0"": 49, ""DURATION_STATE_1"": 49, ""DURATION_STATE_2"": 49, ""DURATION_STATE_3"": 49, ""IBOXIG_LAG_0"": 49, ""JPEICORE_LAG_0"": 49, ""LBUTTRUU_LAG_0"": 49, ""LT11TRUU_LAG_0"": 49, ""SPXT_LAG_0"": 49, ""STATE_LAG_0"": 49, ""STATE_LAG_1"": 14, ""STATE_LAG_2"": 16}",2318,prediction,2017-01-03,2023-12-05,1.0,1.0,1730
multinomial_logistic_gam,0.6536690725315004,0.8185185185185185,0.3242676438731245,4,2,0,4,0.05,11,STATE_LAG_0|SPXT_LAG_0|DBLCIX_LAG_0|IBOXIG_LAG_0|JPEICORE_LAG_0|LT11TRUU_LAG_0|LBUTTRUU_LAG_0|DURATION_STATE_0|DURATION_STATE_1|DURATION_STATE_2|DURATION_STATE_3,0.02,True,"{""DBLCIX_LAG_0"": 0.02, ""DURATION_STATE_0"": 0.02, ""DURATION_STATE_1"": 0.02, ""DURATION_STATE_2"": 0.02, ""DURATION_STATE_3"": 0.02, ""IBOXIG_LAG_0"": 0.02, ""JPEICORE_LAG_0"": 0.02, ""LBUTTRUU_LAG_0"": 0.02, ""LT11TRUU_LAG_0"": 0.02, ""SPXT_LAG_0"": 0.02, ""STATE_LAG_0"": 0.02, ""STATE_LAG_1"": 0.2, ""STATE_LAG_2"": 0.17647058823529413}",regularized_bootstrap,1.0,49,"{""DBLCIX_LAG_0"": 74.70288644923858, ""DURATION_STATE_0"": 1163.7321186567917, ""DURATION_STATE_1"": 446.90347146584327, ""DURATION_STATE_2"": 1062.4815885878938, ""DURATION_STATE_3"": 139.98343147815808, ""IBOXIG_LAG_0"": 41.86223325116316, ""JPEICORE_LAG_0"": 58.51353250848888, ""LBUTTRUU_LAG_0"": 40.13517820776633, ""LT11TRUU_LAG_0"": 93.13523852264188, ""SPXT_LAG_0"": 126.8013297535158, ""STATE_LAG_0"": 1648.7127126251366, ""STATE_LAG_1"": -4.282589088688837e-06, ""STATE_LAG_2"": -4.282589088688837e-06}","{""DBLCIX_LAG_0"": 49, ""DURATION_STATE_0"": 49, ""DURATION_STATE_1"": 49, ""DURATION_STATE_2"": 49, ""DURATION_STATE_3"": 49, ""IBOXIG_LAG_0"": 49, ""JPEICORE_LAG_0"": 49, ""LBUTTRUU_LAG_0"": 49, ""LT11TRUU_LAG_0"": 49, ""SPXT_LAG_0"": 49, ""STATE_LAG_0"": 49, ""STATE_LAG_1"": 14, ""STATE_LAG_2"": 16}",2318,validation,2009-06-02,2016-12-30,10.0,0.1,1890
multinomial_logistic_gam,0.464916435521953,0.8820809248554913,0.21474797144746835,4,2,0,4,0.05,11,STATE_LAG_0|SPXT_LAG_0|DBLCIX_LAG_0|IBOXIG_LAG_0|JPEICORE_LAG_0|LT11TRUU_LAG_0|LBUTTRUU_LAG_0|DURATION_STATE_0|DURATION_STATE_1|DURATION_STATE_2|DURATION_STATE_3,0.02,True,"{""DBLCIX_LAG_0"": 0.02, ""DURATION_STATE_0"": 0.02, ""DURATION_STATE_1"": 0.02, ""DURATION_STATE_2"": 0.02, ""DURATION_STATE_3"": 0.02, ""IBOXIG_LAG_0"": 0.02, ""JPEICORE_LAG_0"": 0.02, ""LBUTTRUU_LAG_0"": 0.02, ""LT11TRUU_LAG_0"": 0.02, ""SPXT_LAG_0"": 0.02, ""STATE_LAG_0"": 0.02, ""STATE_LAG_1"": 0.2, ""STATE_LAG_2"": 0.17647058823529413}",regularized_bootstrap,1.0,49,"{""DBLCIX_LAG_0"": 74.70288644923858, ""DURATION_STATE_0"": 1163.7321186567917, ""DURATION_STATE_1"": 446.90347146584327, ""DURATION_STATE_2"": 1062.4815885878938, ""DURATION_STATE_3"": 139.98343147815808, ""IBOXIG_LAG_0"": 41.86223325116316, ""JPEICORE_LAG_0"": 58.51353250848888, ""LBUTTRUU_LAG_0"": 40.13517820776633, ""LT11TRUU_LAG_0"": 93.13523852264188, ""SPXT_LAG_0"": 126.8013297535158, ""STATE_LAG_0"": 1648.7127126251366, ""STATE_LAG_1"": -4.282589088688837e-06, ""STATE_LAG_2"": -4.282589088688837e-06}","{""DBLCIX_LAG_0"": 49, ""DURATION_STATE_0"": 49, ""DURATION_STATE_1"": 49, ""DURATION_STATE_2"": 49, ""DURATION_STATE_3"": 49, ""IBOXIG_LAG_0"": 49, ""JPEICORE_LAG_0"": 49, ""LBUTTRUU_LAG_0"": 49, ""LT11TRUU_LAG_0"": 49, ""SPXT_LAG_0"": 49, ""STATE_LAG_0"": 49, ""STATE_LAG_1"": 14, ""STATE_LAG_2"": 16}",2318,prediction,2017-01-03,2023-12-05,10.0,0.1,1730
multinomial_logistic_gam,0.5670534554876949,0.81005291005291,0.3109336035575302,4,2,0,6,0.05,11,STATE_LAG_0|SPXT_LAG_0|DBLCIX_LAG_0|IBOXIG_LAG_0|JPEICORE_LAG_0|LT11TRUU_LAG_0|LBUTTRUU_LAG_0|DURATION_STATE_0|DURATION_STATE_1|DURATION_STATE_2|DURATION_STATE_3,0.02,True,"{""DBLCIX_LAG_0"": 0.02, ""DURATION_STATE_0"": 0.02, ""DURATION_STATE_1"": 0.02, ""DURATION_STATE_2"": 0.02, ""DURATION_STATE_3"": 0.02, ""IBOXIG_LAG_0"": 0.02, ""JPEICORE_LAG_0"": 0.02, ""LBUTTRUU_LAG_0"": 0.02, ""LT11TRUU_LAG_0"": 0.02, ""SPXT_LAG_0"": 0.02, ""STATE_LAG_0"": 0.02, ""STATE_LAG_1"": 0.2, ""STATE_LAG_2"": 0.17647058823529413}",regularized_bootstrap,1.0,49,"{""DBLCIX_LAG_0"": 88.03167201825363, ""DURATION_STATE_0"": 1190.9086782738264, ""DURATION_STATE_1"": 454.14686056024266, ""DURATION_STATE_2"": 1081.1256693598361, ""DURATION_STATE_3"": 142.53901097433845, ""IBOXIG_LAG_0"": 70.86241459061057, ""JPEICORE_LAG_0"": 114.08364148949886, ""LBUTTRUU_LAG_0"": 72.16690569428465, ""LT11TRUU_LAG_0"": 126.6472243910116, ""SPXT_LAG_0"": 240.61684604629227, ""STATE_LAG_0"": 1648.7127126251366, ""STATE_LAG_1"": -4.282589088688837e-06, ""STATE_LAG_2"": -4.282589088688837e-06}","{""DBLCIX_LAG_0"": 49, ""DURATION_STATE_0"": 49, ""DURATION_STATE_1"": 49, ""DURATION_STATE_2"": 49, ""DURATION_STATE_3"": 49, ""IBOXIG_LAG_0"": 49, ""JPEICORE_LAG_0"": 49, ""LBUTTRUU_LAG_0"": 49, ""LT11TRUU_LAG_0"": 49, ""SPXT_LAG_0"": 49, ""STATE_LAG_0"": 49, ""STATE_LAG_1"": 14, ""STATE_LAG_2"": 16}",2318,validation,2009-06-02,2016-12-30,0.01,100.0,1890
multinomial_logistic_gam,0.40752329860495656,0.8774566473988439,0.20497864659237544,4,2,0,6,0.05,11,STATE_LAG_0|SPXT_LAG_0|DBLCIX_LAG_0|IBOXIG_LAG_0|JPEICORE_LAG_0|LT11TRUU_LAG_0|LBUTTRUU_LAG_0|DURATION_STATE_0|DURATION_STATE_1|DURATION_STATE_2|DURATION_STATE_3,0.02,True,"{""DBLCIX_LAG_0"": 0.02, ""DURATION_STATE_0"": 0.02, ""DURATION_STATE_1"": 0.02, ""DURATION_STATE_2"": 0.02, ""DURATION_STATE_3"": 0.02, ""IBOXIG_LAG_0"": 0.02, ""JPEICORE_LAG_0"": 0.02, ""LBUTTRUU_LAG_0"": 0.02, ""LT11TRUU_LAG_0"": 0.02, ""SPXT_LAG_0"": 0.02, ""STATE_LAG_0"": 0.02, ""STATE_LAG_1"": 0.2, ""STATE_LAG_2"": 0.17647058823529413}",regularized_bootstrap,1.0,49,"{""DBLCIX_LAG_0"": 88.03167201825363, ""DURATION_STATE_0"": 1190.9086782738264, ""DURATION_STATE_1"": 454.14686056024266, ""DURATION_STATE_2"": 1081.1256693598361, ""DURATION_STATE_3"": 142.53901097433845, ""IBOXIG_LAG_0"": 70.86241459061057, ""JPEICORE_LAG_0"": 114.08364148949886, ""LBUTTRUU_LAG_0"": 72.16690569428465, ""LT11TRUU_LAG_0"": 126.6472243910116, ""SPXT_LAG_0"": 240.61684604629227, ""STATE_LAG_0"": 1648.7127126251366, ""STATE_LAG_1"": -4.282589088688837e-06, ""STATE_LAG_2"": -4.282589088688837e-06}","{""DBLCIX_LAG_0"": 49, ""DURATION_STATE_0"": 49, ""DURATION_STATE_1"": 49, ""DURATION_STATE_2"": 49, ""DURATION_STATE_3"": 49, ""IBOXIG_LAG_0"": 49, ""JPEICORE_LAG_0"": 49, ""LBUTTRUU_LAG_0"": 49, ""LT11TRUU_LAG_0"": 49, ""SPXT_LAG_0"": 49, ""STATE_LAG_0"": 49, ""STATE_LAG_1"": 14, ""STATE_LAG_2"": 16}",2318,prediction,2017-01-03,2023-12-05,0.01,100.0,1730
multinomial_logistic_gam,0.5713722421979833,0.817989417989418,0.3123689711248048,4,2,0,6,0.05,11,STATE_LAG_0|SPXT_LAG_0|DBLCIX_LAG_0|IBOXIG_LAG_0|JPEICORE_LAG_0|LT11TRUU_LAG_0|LBUTTRUU_LAG_0|DURATION_STATE_0|DURATION_STATE_1|DURATION_STATE_2|DURATION_STATE_3,0.02,True,"{""DBLCIX_LAG_0"": 0.02, ""DURATION_STATE_0"": 0.02, ""DURATION_STATE_1"": 0.02, ""DURATION_STATE_2"": 0.02, ""DURATION_STATE_3"": 0.02, ""IBOXIG_LAG_0"": 0.02, ""JPEICORE_LAG_0"": 0.02, ""LBUTTRUU_LAG_0"": 0.02, ""LT11TRUU_LAG_0"": 0.02, ""SPXT_LAG_0"": 0.02, ""STATE_LAG_0"": 0.02, ""STATE_LAG_1"": 0.2, ""STATE_LAG_2"": 0.17647058823529413}",regularized_bootstrap,1.0,49,"{""DBLCIX_LAG_0"": 88.03167201825363, ""DURATION_STATE_0"": 1190.9086782738264, ""DURATION_STATE_1"": 454.14686056024266, ""DURATION_STATE_2"": 1081.1256693598361, ""DURATION_STATE_3"": 142.53901097433845, ""IBOXIG_LAG_0"": 70.86241459061057, ""JPEICORE_LAG_0"": 114.08364148949886, ""LBUTTRUU_LAG_0"": 72.16690569428465, ""LT11TRUU_LAG_0"": 126.6472243910116, ""SPXT_LAG_0"": 240.61684604629227, ""STATE_LAG_0"": 1648.7127126251366, ""STATE_LAG_1"": -4.282589088688837e-06, ""STATE_LAG_2"": -4.282589088688837e-06}","{""DBLCIX_LAG_0"": 49, ""DURATION_STATE_0"": 49, ""DURATION_STATE_1"": 49, ""DURATION_STATE_2"": 49, ""DURATION_STATE_3"": 49, ""IBOXIG_LAG_0"": 49, ""JPEICORE_LAG_0"": 49, ""LBUTTRUU_LAG_0"": 49, ""LT11TRUU_LAG_0"": 49, ""SPXT_LAG_0"": 49, ""STATE_LAG_0"": 49, ""STATE_LAG_1"": 14, ""STATE_LAG_2"": 16}",2318,validation,2009-06-02,2016-12-30,0.1,10.0,1890
multinomial_logistic_gam,0.4067687818265202,0.8815028901734104,0.20462441468814935,4,2,0,6,0.05,11,STATE_LAG_0|SPXT_LAG_0|DBLCIX_LAG_0|IBOXIG_LAG_0|JPEICORE_LAG_0|LT11TRUU_LAG_0|LBUTTRUU_LAG_0|DURATION_STATE_0|DURATION_STATE_1|DURATION_STATE_2|DURATION_STATE_3,0.02,True,"{""DBLCIX_LAG_0"": 0.02, ""DURATION_STATE_0"": 0.02, ""DURATION_STATE_1"": 0.02, ""DURATION_STATE_2"": 0.02, ""DURATION_STATE_3"": 0.02, ""IBOXIG_LAG_0"": 0.02, ""JPEICORE_LAG_0"": 0.02, ""LBUTTRUU_LAG_0"": 0.02, ""LT11TRUU_LAG_0"": 0.02, ""SPXT_LAG_0"": 0.02, ""STATE_LAG_0"": 0.02, ""STATE_LAG_1"": 0.2, ""STATE_LAG_2"": 0.17647058823529413}",regularized_bootstrap,1.0,49,"{""DBLCIX_LAG_0"": 88.03167201825363, ""DURATION_STATE_0"": 1190.9086782738264, ""DURATION_STATE_1"": 454.14686056024266, ""DURATION_STATE_2"": 1081.1256693598361, ""DURATION_STATE_3"": 142.53901097433845, ""IBOXIG_LAG_0"": 70.86241459061057, ""JPEICORE_LAG_0"": 114.08364148949886, ""LBUTTRUU_LAG_0"": 72.16690569428465, ""LT11TRUU_LAG_0"": 126.6472243910116, ""SPXT_LAG_0"": 240.61684604629227, ""STATE_LAG_0"": 1648.7127126251366, ""STATE_LAG_1"": -4.282589088688837e-06, ""STATE_LAG_2"": -4.282589088688837e-06}","{""DBLCIX_LAG_0"": 49, ""DURATION_STATE_0"": 49, ""DURATION_STATE_1"": 49, ""DURATION_STATE_2"": 49, ""DURATION_STATE_3"": 49, ""IBOXIG_LAG_0"": 49, ""JPEICORE_LAG_0"": 49, ""LBUTTRUU_LAG_0"": 49, ""LT11TRUU_LAG_0"": 49, ""SPXT_LAG_0"": 49, ""STATE_LAG_0"": 49, ""STATE_LAG_1"": 14, ""STATE_LAG_2"": 16}",2318,prediction,2017-01-03,2023-12-05,0.1,10.0,1730
multinomial_logistic_gam,0.6126209217300981,0.8185185185185185,0.32113233719281575,4,2,0,6,0.05,11,STATE_LAG_0|SPXT_LAG_0|DBLCIX_LAG_0|IBOXIG_LAG_0|JPEICORE_LAG_0|LT11TRUU_LAG_0|LBUTTRUU_LAG_0|DURATION_STATE_0|DURATION_STATE_1|DURATION_STATE_2|DURATION_STATE_3,0.02,True,"{""DBLCIX_LAG_0"": 0.02, ""DURATION_STATE_0"": 0.02, ""DURATION_STATE_1"": 0.02, ""DURATION_STATE_2"": 0.02, ""DURATION_STATE_3"": 0.02, ""IBOXIG_LAG_0"": 0.02, ""JPEICORE_LAG_0"": 0.02, ""LBUTTRUU_LAG_0"": 0.02, ""LT11TRUU_LAG_0"": 0.02, ""SPXT_LAG_0"": 0.02, ""STATE_LAG_0"": 0.02, ""STATE_LAG_1"": 0.2, ""STATE_LAG_2"": 0.17647058823529413}",regularized_bootstrap,1.0,49,"{""DBLCIX_LAG_0"": 88.03167201825363, ""DURATION_STATE_0"": 1190.9086782738264, ""DURATION_STATE_1"": 454.14686056024266, ""DURATION_STATE_2"": 1081.1256693598361, ""DURATION_STATE_3"": 142.53901097433845, ""IBOXIG_LAG_0"": 70.86241459061057, ""JPEICORE_LAG_0"": 114.08364148949886, ""LBUTTRUU_LAG_0"": 72.16690569428465, ""LT11TRUU_LAG_0"": 126.6472243910116, ""SPXT_LAG_0"": 240.61684604629227, ""STATE_LAG_0"": 1648.7127126251366, ""STATE_LAG_1"": -4.282589088688837e-06, ""STATE_LAG_2"": -4.282589088688837e-06}","{""DBLCIX_LAG_0"": 49, ""DURATION_STATE_0"": 49, ""DURATION_STATE_1"": 49, ""DURATION_STATE_2"": 49, ""DURATION_STATE_3"": 49, ""IBOXIG_LAG_0"": 49, ""JPEICORE_LAG_0"": 49, ""LBUTTRUU_LAG_0"": 49, ""LT11TRUU_LAG_0"": 49, ""SPXT_LAG_0"": 49, ""STATE_LAG_0"": 49, ""STATE_LAG_1"": 14, ""STATE_LAG_2"": 16}",2318,validation,2009-06-02,2016-12-30,1.0,1.0,1890
multinomial_logistic_gam,0.4344110216139003,0.8820809248554913,0.21096166032942582,4,2,0,6,0.05,11,STATE_LAG_0|SPXT_LAG_0|DBLCIX_LAG_0|IBOXIG_LAG_0|JPEICORE_LAG_0|LT11TRUU_LAG_0|LBUTTRUU_LAG_0|DURATION_STATE_0|DURATION_STATE_1|DURATION_STATE_2|DURATION_STATE_3,0.02,True,"{""DBLCIX_LAG_0"": 0.02, ""DURATION_STATE_0"": 0.02, ""DURATION_STATE_1"": 0.02, ""DURATION_STATE_2"": 0.02, ""DURATION_STATE_3"": 0.02, ""IBOXIG_LAG_0"": 0.02, ""JPEICORE_LAG_0"": 0.02, ""LBUTTRUU_LAG_0"": 0.02, ""LT11TRUU_LAG_0"": 0.02, ""SPXT_LAG_0"": 0.02, ""STATE_LAG_0"": 0.02, ""STATE_LAG_1"": 0.2, ""STATE_LAG_2"": 0.17647058823529413}",regularized_bootstrap,1.0,49,"{""DBLCIX_LAG_0"": 88.03167201825363, ""DURATION_STATE_0"": 1190.9086782738264, ""DURATION_STATE_1"": 454.14686056024266, ""DURATION_STATE_2"": 1081.1256693598361, ""DURATION_STATE_3"": 142.53901097433845, ""IBOXIG_LAG_0"": 70.86241459061057, ""JPEICORE_LAG_0"": 114.08364148949886, ""LBUTTRUU_LAG_0"": 72.16690569428465, ""LT11TRUU_LAG_0"": 126.6472243910116, ""SPXT_LAG_0"": 240.61684604629227, ""STATE_LAG_0"": 1648.7127126251366, ""STATE_LAG_1"": -4.282589088688837e-06, ""STATE_LAG_2"": -4.282589088688837e-06}","{""DBLCIX_LAG_0"": 49, ""DURATION_STATE_0"": 49, ""DURATION_STATE_1"": 49, ""DURATION_STATE_2"": 49, ""DURATION_STATE_3"": 49, ""IBOXIG_LAG_0"": 49, ""JPEICORE_LAG_0"": 49, ""LBUTTRUU_LAG_0"": 49, ""LT11TRUU_LAG_0"": 49, ""SPXT_LAG_0"": 49, ""STATE_LAG_0"": 49, ""STATE_LAG_1"": 14, ""STATE_LAG_2"": 16}",2318,prediction,2017-01-03,2023-12-05,1.0,1.0,1730
multinomial_logistic_gam,0.6748667457338302,0.8195767195767196,0.3268737307535103,4,2,0,6,0.05,11,STATE_LAG_0|SPXT_LAG_0|DBLCIX_LAG_0|IBOXIG_LAG_0|JPEICORE_LAG_0|LT11TRUU_LAG_0|LBUTTRUU_LAG_0|DURATION_STATE_0|DURATION_STATE_1|DURATION_STATE_2|DURATION_STATE_3,0.02,True,"{""DBLCIX_LAG_0"": 0.02, ""DURATION_STATE_0"": 0.02, ""DURATION_STATE_1"": 0.02, ""DURATION_STATE_2"": 0.02, ""DURATION_STATE_3"": 0.02, ""IBOXIG_LAG_0"": 0.02, ""JPEICORE_LAG_0"": 0.02, ""LBUTTRUU_LAG_0"": 0.02, ""LT11TRUU_LAG_0"": 0.02, ""SPXT_LAG_0"": 0.02, ""STATE_LAG_0"": 0.02, ""STATE_LAG_1"": 0.2, ""STATE_LAG_2"": 0.17647058823529413}",regularized_bootstrap,1.0,49,"{""DBLCIX_LAG_0"": 88.03167201825363, ""DURATION_STATE_0"": 1190.9086782738264, ""DURATION_STATE_1"": 454.14686056024266, ""DURATION_STATE_2"": 1081.1256693598361, ""DURATION_STATE_3"": 142.53901097433845, ""IBOXIG_LAG_0"": 70.86241459061057, ""JPEICORE_LAG_0"": 114.08364148949886, ""LBUTTRUU_LAG_0"": 72.16690569428465, ""LT11TRUU_LAG_0"": 126.6472243910116, ""SPXT_LAG_0"": 240.61684604629227, ""STATE_LAG_0"": 1648.7127126251366, ""STATE_LAG_1"": -4.282589088688837e-06, ""STATE_LAG_2"": -4.282589088688837e-06}","{""DBLCIX_LAG_0"": 49, ""DURATION_STATE_0"": 49, ""DURATION_STATE_1"": 49, ""DURATION_STATE_2"": 49, ""DURATION_STATE_3"": 49, ""IBOXIG_LAG_0"": 49, ""JPEICORE_LAG_0"": 49, ""LBUTTRUU_LAG_0"": 49, ""LT11TRUU_LAG_0"": 49, ""SPXT_LAG_0"": 49, ""STATE_LAG_0"": 49, ""STATE_LAG_1"": 14, ""STATE_LAG_2"": 16}",2318,validation,2009-06-02,2016-12-30,10.0,0.1,1890
multinomial_logistic_gam,0.47567493338507233,0.8815028901734104,0.21568804978024544,4,2,0,6,0.05,11,STATE_LAG_0|SPXT_LAG_0|DBLCIX_LAG_0|IBOXIG_LAG_0|JPEICORE_LAG_0|LT11TRUU_LAG_0|LBUTTRUU_LAG_0|DURATION_STATE_0|DURATION_STATE_1|DURATION_STATE_2|DURATION_STATE_3,0.02,True,"{""DBLCIX_LAG_0"": 0.02, ""DURATION_STATE_0"": 0.02, ""DURATION_STATE_1"": 0.02, ""DURATION_STATE_2"": 0.02, ""DURATION_STATE_3"": 0.02, ""IBOXIG_LAG_0"": 0.02, ""JPEICORE_LAG_0"": 0.02, ""LBUTTRUU_LAG_0"": 0.02, ""LT11TRUU_LAG_0"": 0.02, ""SPXT_LAG_0"": 0.02, ""STATE_LAG_0"": 0.02, ""STATE_LAG_1"": 0.2, ""STATE_LAG_2"": 0.17647058823529413}",regularized_bootstrap,1.0,49,"{""DBLCIX_LAG_0"": 88.03167201825363, ""DURATION_STATE_0"": 1190.9086782738264, ""DURATION_STATE_1"": 454.14686056024266, ""DURATION_STATE_2"": 1081.1256693598361, ""DURATION_STATE_3"": 142.53901097433845, ""IBOXIG_LAG_0"": 70.86241459061057, ""JPEICORE_LAG_0"": 114.08364148949886, ""LBUTTRUU_LAG_0"": 72.16690569428465, ""LT11TRUU_LAG_0"": 126.6472243910116, ""SPXT_LAG_0"": 240.61684604629227, ""STATE_LAG_0"": 1648.7127126251366, ""STATE_LAG_1"": -4.282589088688837e-06, ""STATE_LAG_2"": -4.282589088688837e-06}","{""DBLCIX_LAG_0"": 49, ""DURATION_STATE_0"": 49, ""DURATION_STATE_1"": 49, ""DURATION_STATE_2"": 49, ""DURATION_STATE_3"": 49, ""IBOXIG_LAG_0"": 49, ""JPEICORE_LAG_0"": 49, ""LBUTTRUU_LAG_0"": 49, ""LT11TRUU_LAG_0"": 49, ""SPXT_LAG_0"": 49, ""STATE_LAG_0"": 49, ""STATE_LAG_1"": 14, ""STATE_LAG_2"": 16}",2318,prediction,2017-01-03,2023-12-05,10.0,0.1,1730
multinomial_logistic_gam,0.5683015579835211,0.8047619047619048,0.3119726267720331,4,2,1,4,0.05,17,STATE_LAG_0|SPXT_LAG_0|DBLCIX_LAG_0|IBOXIG_LAG_0|JPEICORE_LAG_0|LT11TRUU_LAG_0|LBUTTRUU_LAG_0|SPXT_LAG_1|DBLCIX_LAG_1|IBOXIG_LAG_1|JPEICORE_LAG_1|LT11TRUU_LAG_1|LBUTTRUU_LAG_1|DURATION_STATE_0|DURATION_STATE_1|DURATION_STATE_2|DURATION_STATE_3,0.02,True,"{""DBLCIX_LAG_0"": 0.02, ""DBLCIX_LAG_1"": 0.02, ""DURATION_STATE_0"": 0.02, ""DURATION_STATE_1"": 0.02, ""DURATION_STATE_2"": 0.02, ""DURATION_STATE_3"": 0.02, ""IBOXIG_LAG_0"": 0.02, ""IBOXIG_LAG_1"": 0.02, ""JPEICORE_LAG_0"": 0.02, ""JPEICORE_LAG_1"": 0.02, ""LBUTTRUU_LAG_0"": 0.02, ""LBUTTRUU_LAG_1"": 0.02, ""LT11TRUU_LAG_0"": 0.02, ""LT11TRUU_LAG_1"": 0.02, ""SPXT_LAG_0"": 0.02, ""SPXT_LAG_1"": 0.02, ""STATE_LAG_0"": 0.02, ""STATE_LAG_1"": 0.5, ""STATE_LAG_2"": 0.2727272727272727}",regularized_bootstrap,1.0,49,"{""DBLCIX_LAG_0"": 74.60496011940631, ""DBLCIX_LAG_1"": 71.59707612514194, ""DURATION_STATE_0"": 1162.4139088475536, ""DURATION_STATE_1"": 446.88236052459297, ""DURATION_STATE_2"": 1062.0930509851778, ""DURATION_STATE_3"": 139.96865469885756, ""IBOXIG_LAG_0"": 40.354996199542256, ""IBOXIG_LAG_1"": 38.18948491552328, ""JPEICORE_LAG_0"": 58.94806319605959, ""JPEICORE_LAG_1"": 49.31828438624416, ""LBUTTRUU_LAG_0"": 40.17549928435437, ""LBUTTRUU_LAG_1"": 34.938716838456, ""LT11TRUU_LAG_0"": 92.94793924033866, ""LT11TRUU_LAG_1"": 84.42621877721103, ""SPXT_LAG_0"": 126.1285995090866, ""SPXT_LAG_1"": 119.54209708029703, ""STATE_LAG_0"": 1647.8849922413729, ""STATE_LAG_1"": -4.081328370375559e-06, ""STATE_LAG_2"": -4.081328370375559e-06}","{""DBLCIX_LAG_0"": 49, ""DBLCIX_LAG_1"": 49, ""DURATION_STATE_0"": 49, ""DURATION_STATE_1"": 49, ""DURATION_STATE_2"": 49, ""DURATION_STATE_3"": 49, ""IBOXIG_LAG_0"": 49, ""IBOXIG_LAG_1"": 49, ""JPEICORE_LAG_0"": 49, ""JPEICORE_LAG_1"": 49, ""LBUTTRUU_LAG_0"": 49, ""LBUTTRUU_LAG_1"": 49, ""LT11TRUU_LAG_0"": 49, ""LT11TRUU_LAG_1"": 49, ""SPXT_LAG_0"": 49, ""SPXT_LAG_1"": 49, ""STATE_LAG_0"": 49, ""STATE_LAG_1"": 5, ""STATE_LAG_2"": 10}",2317,validation,2009-06-02,2016-12-30,0.01,100.0,1890
multinomial_logistic_gam,0.4086542253349987,0.8774566473988439,0.20590296673831973,4,2,1,4,0.05,17,STATE_LAG_0|SPXT_LAG_0|DBLCIX_LAG_0|IBOXIG_LAG_0|JPEICORE_LAG_0|LT11TRUU_LAG_0|LBUTTRUU_LAG_0|SPXT_LAG_1|DBLCIX_LAG_1|IBOXIG_LAG_1|JPEICORE_LAG_1|LT11TRUU_LAG_1|LBUTTRUU_LAG_1|DURATION_STATE_0|DURATION_STATE_1|DURATION_STATE_2|DURATION_STATE_3,0.02,True,"{""DBLCIX_LAG_0"": 0.02, ""DBLCIX_LAG_1"": 0.02, ""DURATION_STATE_0"": 0.02, ""DURATION_STATE_1"": 0.02, ""DURATION_STATE_2"": 0.02, ""DURATION_STATE_3"": 0.02, ""IBOXIG_LAG_0"": 0.02, ""IBOXIG_LAG_1"": 0.02, ""JPEICORE_LAG_0"": 0.02, ""JPEICORE_LAG_1"": 0.02, ""LBUTTRUU_LAG_0"": 0.02, ""LBUTTRUU_LAG_1"": 0.02, ""LT11TRUU_LAG_0"": 0.02, ""LT11TRUU_LAG_1"": 0.02, ""SPXT_LAG_0"": 0.02, ""SPXT_LAG_1"": 0.02, ""STATE_LAG_0"": 0.02, ""STATE_LAG_1"": 0.5, ""STATE_LAG_2"": 0.2727272727272727}",regularized_bootstrap,1.0,49,"{""DBLCIX_LAG_0"": 74.60496011940631, ""DBLCIX_LAG_1"": 71.59707612514194, ""DURATION_STATE_0"": 1162.4139088475536, ""DURATION_STATE_1"": 446.88236052459297, ""DURATION_STATE_2"": 1062.0930509851778, ""DURATION_STATE_3"": 139.96865469885756, ""IBOXIG_LAG_0"": 40.354996199542256, ""IBOXIG_LAG_1"": 38.18948491552328, ""JPEICORE_LAG_0"": 58.94806319605959, ""JPEICORE_LAG_1"": 49.31828438624416, ""LBUTTRUU_LAG_0"": 40.17549928435437, ""LBUTTRUU_LAG_1"": 34.938716838456, ""LT11TRUU_LAG_0"": 92.94793924033866, ""LT11TRUU_LAG_1"": 84.42621877721103, ""SPXT_LAG_0"": 126.1285995090866, ""SPXT_LAG_1"": 119.54209708029703, ""STATE_LAG_0"": 1647.8849922413729, ""STATE_LAG_1"": -4.081328370375559e-06, ""STATE_LAG_2"": -4.081328370375559e-06}","{""DBLCIX_LAG_0"": 49, ""DBLCIX_LAG_1"": 49, ""DURATION_STATE_0"": 49, ""DURATION_STATE_1"": 49, ""DURATION_STATE_2"": 49, ""DURATION_STATE_3"": 49, ""IBOXIG_LAG_0"": 49, ""IBOXIG_LAG_1"": 49, ""JPEICORE_LAG_0"": 49, ""JPEICORE_LAG_1"": 49, ""LBUTTRUU_LAG_0"": 49, ""LBUTTRUU_LAG_1"": 49, ""LT11TRUU_LAG_0"": 49, ""LT11TRUU_LAG_1"": 49, ""SPXT_LAG_0"": 49, ""SPXT_LAG_1"": 49, ""STATE_LAG_0"": 49, ""STATE_LAG_1"": 5, ""STATE_LAG_2"": 10}",2317,prediction,2017-01-03,2023-12-05,0.01,100.0,1730
multinomial_logistic_gam,0.5717231734553453,0.8174603174603174,0.3122481943050831,4,2,1,4,0.05,17,STATE_LAG_0|SPXT_LAG_0|DBLCIX_LAG_0|IBOXIG_LAG_0|JPEICORE_LAG_0|LT11TRUU_LAG_0|LBUTTRUU_LAG_0|SPXT_LAG_1|DBLCIX_LAG_1|IBOXIG_LAG_1|JPEICORE_LAG_1|LT11TRUU_LAG_1|LBUTTRUU_LAG_1|DURATION_STATE_0|DURATION_STATE_1|DURATION_STATE_2|DURATION_STATE_3,0.02,True,"{""DBLCIX_LAG_0"": 0.02, ""DBLCIX_LAG_1"": 0.02, ""DURATION_STATE_0"": 0.02, ""DURATION_STATE_1"": 0.02, ""DURATION_STATE_2"": 0.02, ""DURATION_STATE_3"": 0.02, ""IBOXIG_LAG_0"": 0.02, ""IBOXIG_LAG_1"": 0.02, ""JPEICORE_LAG_0"": 0.02, ""JPEICORE_LAG_1"": 0.02, ""LBUTTRUU_LAG_0"": 0.02, ""LBUTTRUU_LAG_1"": 0.02, ""LT11TRUU_LAG_0"": 0.02, ""LT11TRUU_LAG_1"": 0.02, ""SPXT_LAG_0"": 0.02, ""SPXT_LAG_1"": 0.02, ""STATE_LAG_0"": 0.02, ""STATE_LAG_1"": 0.5, ""STATE_LAG_2"": 0.2727272727272727}",regularized_bootstrap,1.0,49,"{""DBLCIX_LAG_0"": 74.60496011940631, ""DBLCIX_LAG_1"": 71.59707612514194, ""DURATION_STATE_0"": 1162.4139088475536, ""DURATION_STATE_1"": 446.88236052459297, ""DURATION_STATE_2"": 1062.0930509851778, ""DURATION_STATE_3"": 139.96865469885756, ""IBOXIG_LAG_0"": 40.354996199542256, ""IBOXIG_LAG_1"": 38.18948491552328, ""JPEICORE_LAG_0"": 58.94806319605959, ""JPEICORE_LAG_1"": 49.31828438624416, ""LBUTTRUU_LAG_0"": 40.17549928435437, ""LBUTTRUU_LAG_1"": 34.938716838456, ""LT11TRUU_LAG_0"": 92.94793924033866, ""LT11TRUU_LAG_1"": 84.42621877721103, ""SPXT_LAG_0"": 126.1285995090866, ""SPXT_LAG_1"": 119.54209708029703, ""STATE_LAG_0"": 1647.8849922413729, ""STATE_LAG_1"": -4.081328370375559e-06, ""STATE_LAG_2"": -4.081328370375559e-06}","{""DBLCIX_LAG_0"": 49, ""DBLCIX_LAG_1"": 49, ""DURATION_STATE_0"": 49, ""DURATION_STATE_1"": 49, ""DURATION_STATE_2"": 49, ""DURATION_STATE_3"": 49, ""IBOXIG_LAG_0"": 49, ""IBOXIG_LAG_1"": 49, ""JPEICORE_LAG_0"": 49, ""JPEICORE_LAG_1"": 49, ""LBUTTRUU_LAG_0"": 49, ""LBUTTRUU_LAG_1"": 49, ""LT11TRUU_LAG_0"": 49, ""LT11TRUU_LAG_1"": 49, ""SPXT_LAG_0"": 49, ""SPXT_LAG_1"": 49, ""STATE_LAG_0"": 49, ""STATE_LAG_1"": 5, ""STATE_LAG_2"": 10}",2317,validation,2009-06-02,2016-12-30,0.1,10.0,1890
multinomial_logistic_gam,0.40597113926041273,0.8803468208092485,0.2044452070242661,4,2,1,4,0.05,17,STATE_LAG_0|SPXT_LAG_0|DBLCIX_LAG_0|IBOXIG_LAG_0|JPEICORE_LAG_0|LT11TRUU_LAG_0|LBUTTRUU_LAG_0|SPXT_LAG_1|DBLCIX_LAG_1|IBOXIG_LAG_1|JPEICORE_LAG_1|LT11TRUU_LAG_1|LBUTTRUU_LAG_1|DURATION_STATE_0|DURATION_STATE_1|DURATION_STATE_2|DURATION_STATE_3,0.02,True,"{""DBLCIX_LAG_0"": 0.02, ""DBLCIX_LAG_1"": 0.02, ""DURATION_STATE_0"": 0.02, ""DURATION_STATE_1"": 0.02, ""DURATION_STATE_2"": 0.02, ""DURATION_STATE_3"": 0.02, ""IBOXIG_LAG_0"": 0.02, ""IBOXIG_LAG_1"": 0.02, ""JPEICORE_LAG_0"": 0.02, ""JPEICORE_LAG_1"": 0.02, ""LBUTTRUU_LAG_0"": 0.02, ""LBUTTRUU_LAG_1"": 0.02, ""LT11TRUU_LAG_0"": 0.02, ""LT11TRUU_LAG_1"": 0.02, ""SPXT_LAG_0"": 0.02, ""SPXT_LAG_1"": 0.02, ""STATE_LAG_0"": 0.02, ""STATE_LAG_1"": 0.5, ""STATE_LAG_2"": 0.2727272727272727}",regularized_bootstrap,1.0,49,"{""DBLCIX_LAG_0"": 74.60496011940631, ""DBLCIX_LAG_1"": 71.59707612514194, ""DURATION_STATE_0"": 1162.4139088475536, ""DURATION_STATE_1"": 446.88236052459297, ""DURATION_STATE_2"": 1062.0930509851778, ""DURATION_STATE_3"": 139.96865469885756, ""IBOXIG_LAG_0"": 40.354996199542256, ""IBOXIG_LAG_1"": 38.18948491552328, ""JPEICORE_LAG_0"": 58.94806319605959, ""JPEICORE_LAG_1"": 49.31828438624416, ""LBUTTRUU_LAG_0"": 40.17549928435437, ""LBUTTRUU_LAG_1"": 34.938716838456, ""LT11TRUU_LAG_0"": 92.94793924033866, ""LT11TRUU_LAG_1"": 84.42621877721103, ""SPXT_LAG_0"": 126.1285995090866, ""SPXT_LAG_1"": 119.54209708029703, ""STATE_LAG_0"": 1647.8849922413729, ""STATE_LAG_1"": -4.081328370375559e-06, ""STATE_LAG_2"": -4.081328370375559e-06}","{""DBLCIX_LAG_0"": 49, ""DBLCIX_LAG_1"": 49, ""DURATION_STATE_0"": 49, ""DURATION_STATE_1"": 49, ""DURATION_STATE_2"": 49, ""DURATION_STATE_3"": 49, ""IBOXIG_LAG_0"": 49, ""IBOXIG_LAG_1"": 49, ""JPEICORE_LAG_0"": 49, ""JPEICORE_LAG_1"": 49, ""LBUTTRUU_LAG_0"": 49, ""LBUTTRUU_LAG_1"": 49, ""LT11TRUU_LAG_0"": 49, ""LT11TRUU_LAG_1"": 49, ""SPXT_LAG_0"": 49, ""SPXT_LAG_1"": 49, ""STATE_LAG_0"": 49, ""STATE_LAG_1"": 5, ""STATE_LAG_2"": 10}",2317,prediction,2017-01-03,2023-12-05,0.1,10.0,1730
multinomial_logistic_gam,0.6049051408812525,0.819047619047619,0.31904353150983794,4,2,1,4,0.05,17,STATE_LAG_0|SPXT_LAG_0|DBLCIX_LAG_0|IBOXIG_LAG_0|JPEICORE_LAG_0|LT11TRUU_LAG_0|LBUTTRUU_LAG_0|SPXT_LAG_1|DBLCIX_LAG_1|IBOXIG_LAG_1|JPEICORE_LAG_1|LT11TRUU_LAG_1|LBUTTRUU_LAG_1|DURATION_STATE_0|DURATION_STATE_1|DURATION_STATE_2|DURATION_STATE_3,0.02,True,"{""DBLCIX_LAG_0"": 0.02, ""DBLCIX_LAG_1"": 0.02, ""DURATION_STATE_0"": 0.02, ""DURATION_STATE_1"": 0.02, ""DURATION_STATE_2"": 0.02, ""DURATION_STATE_3"": 0.02, ""IBOXIG_LAG_0"": 0.02, ""IBOXIG_LAG_1"": 0.02, ""JPEICORE_LAG_0"": 0.02, ""JPEICORE_LAG_1"": 0.02, ""LBUTTRUU_LAG_0"": 0.02, ""LBUTTRUU_LAG_1"": 0.02, ""LT11TRUU_LAG_0"": 0.02, ""LT11TRUU_LAG_1"": 0.02, ""SPXT_LAG_0"": 0.02, ""SPXT_LAG_1"": 0.02, ""STATE_LAG_0"": 0.02, ""STATE_LAG_1"": 0.5, ""STATE_LAG_2"": 0.2727272727272727}",regularized_bootstrap,1.0,49,"{""DBLCIX_LAG_0"": 74.60496011940631, ""DBLCIX_LAG_1"": 71.59707612514194, ""DURATION_STATE_0"": 1162.4139088475536, ""DURATION_STATE_1"": 446.88236052459297, ""DURATION_STATE_2"": 1062.0930509851778, ""DURATION_STATE_3"": 139.96865469885756, ""IBOXIG_LAG_0"": 40.354996199542256, ""IBOXIG_LAG_1"": 38.18948491552328, ""JPEICORE_LAG_0"": 58.94806319605959, ""JPEICORE_LAG_1"": 49.31828438624416, ""LBUTTRUU_LAG_0"": 40.17549928435437, ""LBUTTRUU_LAG_1"": 34.938716838456, ""LT11TRUU_LAG_0"": 92.94793924033866, ""LT11TRUU_LAG_1"": 84.42621877721103, ""SPXT_LAG_0"": 126.1285995090866, ""SPXT_LAG_1"": 119.54209708029703, ""STATE_LAG_0"": 1647.8849922413729, ""STATE_LAG_1"": -4.081328370375559e-06, ""STATE_LAG_2"": -4.081328370375559e-06}","{""DBLCIX_LAG_0"": 49, ""DBLCIX_LAG_1"": 49, ""DURATION_STATE_0"": 49, ""DURATION_STATE_1"": 49, ""DURATION_STATE_2"": 49, ""DURATION_STATE_3"": 49, ""IBOXIG_LAG_0"": 49, ""IBOXIG_LAG_1"": 49, ""JPEICORE_LAG_0"": 49, ""JPEICORE_LAG_1"": 49, ""LBUTTRUU_LAG_0"": 49, ""LBUTTRUU_LAG_1"": 49, ""LT11TRUU_LAG_0"": 49, ""LT11TRUU_LAG_1"": 49, ""SPXT_LAG_0"": 49, ""SPXT_LAG_1"": 49, ""STATE_LAG_0"": 49, ""STATE_LAG_1"": 5, ""STATE_LAG_2"": 10}",2317,validation,2009-06-02,2016-12-30,1.0,1.0,1890
multinomial_logistic_gam,0.42897945220380695,0.8820809248554913,0.21021424531193167,4,2,1,4,0.05,17,STATE_LAG_0|SPXT_LAG_0|DBLCIX_LAG_0|IBOXIG_LAG_0|JPEICORE_LAG_0|LT11TRUU_LAG_0|LBUTTRUU_LAG_0|SPXT_LAG_1|DBLCIX_LAG_1|IBOXIG_LAG_1|JPEICORE_LAG_1|LT11TRUU_LAG_1|LBUTTRUU_LAG_1|DURATION_STATE_0|DURATION_STATE_1|DURATION_STATE_2|DURATION_STATE_3,0.02,True,"{""DBLCIX_LAG_0"": 0.02, ""DBLCIX_LAG_1"": 0.02, ""DURATION_STATE_0"": 0.02, ""DURATION_STATE_1"": 0.02, ""DURATION_STATE_2"": 0.02, ""DURATION_STATE_3"": 0.02, ""IBOXIG_LAG_0"": 0.02, ""IBOXIG_LAG_1"": 0.02, ""JPEICORE_LAG_0"": 0.02, ""JPEICORE_LAG_1"": 0.02, ""LBUTTRUU_LAG_0"": 0.02, ""LBUTTRUU_LAG_1"": 0.02, ""LT11TRUU_LAG_0"": 0.02, ""LT11TRUU_LAG_1"": 0.02, ""SPXT_LAG_0"": 0.02, ""SPXT_LAG_1"": 0.02, ""STATE_LAG_0"": 0.02, ""STATE_LAG_1"": 0.5, ""STATE_LAG_2"": 0.2727272727272727}",regularized_bootstrap,1.0,49,"{""DBLCIX_LAG_0"": 74.60496011940631, ""DBLCIX_LAG_1"": 71.59707612514194, ""DURATION_STATE_0"": 1162.4139088475536, ""DURATION_STATE_1"": 446.88236052459297, ""DURATION_STATE_2"": 1062.0930509851778, ""DURATION_STATE_3"": 139.96865469885756, ""IBOXIG_LAG_0"": 40.354996199542256, ""IBOXIG_LAG_1"": 38.18948491552328, ""JPEICORE_LAG_0"": 58.94806319605959, ""JPEICORE_LAG_1"": 49.31828438624416, ""LBUTTRUU_LAG_0"": 40.17549928435437, ""LBUTTRUU_LAG_1"": 34.938716838456, ""LT11TRUU_LAG_0"": 92.94793924033866, ""LT11TRUU_LAG_1"": 84.42621877721103, ""SPXT_LAG_0"": 126.1285995090866, ""SPXT_LAG_1"": 119.54209708029703, ""STATE_LAG_0"": 1647.8849922413729, ""STATE_LAG_1"": -4.081328370375559e-06, ""STATE_LAG_2"": -4.081328370375559e-06}","{""DBLCIX_LAG_0"": 49, ""DBLCIX_LAG_1"": 49, ""DURATION_STATE_0"": 49, ""DURATION_STATE_1"": 49, ""DURATION_STATE_2"": 49, ""DURATION_STATE_3"": 49, ""IBOXIG_LAG_0"": 49, ""IBOXIG_LAG_1"": 49, ""JPEICORE_LAG_0"": 49, ""JPEICORE_LAG_1"": 49, ""LBUTTRUU_LAG_0"": 49, ""LBUTTRUU_LAG_1"": 49, ""LT11TRUU_LAG_0"": 49, ""LT11TRUU_LAG_1"": 49, ""SPXT_LAG_0"": 49, ""SPXT_LAG_1"": 49, ""STATE_LAG_0"": 49, ""STATE_LAG_1"": 5, ""STATE_LAG_2"": 10}",2317,prediction,2017-01-03,2023-12-05,1.0,1.0,1730
multinomial_logistic_gam,0.6648076708464705,0.817989417989418,0.3261328469550991,4,2,1,4,0.05,17,STATE_LAG_0|SPXT_LAG_0|DBLCIX_LAG_0|IBOXIG_LAG_0|JPEICORE_LAG_0|LT11TRUU_LAG_0|LBUTTRUU_LAG_0|SPXT_LAG_1|DBLCIX_LAG_1|IBOXIG_LAG_1|JPEICORE_LAG_1|LT11TRUU_LAG_1|LBUTTRUU_LAG_1|DURATION_STATE_0|DURATION_STATE_1|DURATION_STATE_2|DURATION_STATE_3,0.02,True,"{""DBLCIX_LAG_0"": 0.02, ""DBLCIX_LAG_1"": 0.02, ""DURATION_STATE_0"": 0.02, ""DURATION_STATE_1"": 0.02, ""DURATION_STATE_2"": 0.02, ""DURATION_STATE_3"": 0.02, ""IBOXIG_LAG_0"": 0.02, ""IBOXIG_LAG_1"": 0.02, ""JPEICORE_LAG_0"": 0.02, ""JPEICORE_LAG_1"": 0.02, ""LBUTTRUU_LAG_0"": 0.02, ""LBUTTRUU_LAG_1"": 0.02, ""LT11TRUU_LAG_0"": 0.02, ""LT11TRUU_LAG_1"": 0.02, ""SPXT_LAG_0"": 0.02, ""SPXT_LAG_1"": 0.02, ""STATE_LAG_0"": 0.02, ""STATE_LAG_1"": 0.5, ""STATE_LAG_2"": 0.2727272727272727}",regularized_bootstrap,1.0,49,"{""DBLCIX_LAG_0"": 74.60496011940631, ""DBLCIX_LAG_1"": 71.59707612514194, ""DURATION_STATE_0"": 1162.4139088475536, ""DURATION_STATE_1"": 446.88236052459297, ""DURATION_STATE_2"": 1062.0930509851778, ""DURATION_STATE_3"": 139.96865469885756, ""IBOXIG_LAG_0"": 40.354996199542256, ""IBOXIG_LAG_1"": 38.18948491552328, ""JPEICORE_LAG_0"": 58.94806319605959, ""JPEICORE_LAG_1"": 49.31828438624416, ""LBUTTRUU_LAG_0"": 40.17549928435437, ""LBUTTRUU_LAG_1"": 34.938716838456, ""LT11TRUU_LAG_0"": 92.94793924033866, ""LT11TRUU_LAG_1"": 84.42621877721103, ""SPXT_LAG_0"": 126.1285995090866, ""SPXT_LAG_1"": 119.54209708029703, ""STATE_LAG_0"": 1647.8849922413729, ""STATE_LAG_1"": -4.081328370375559e-06, ""STATE_LAG_2"": -4.081328370375559e-06}","{""DBLCIX_LAG_0"": 49, ""DBLCIX_LAG_1"": 49, ""DURATION_STATE_0"": 49, ""DURATION_STATE_1"": 49, ""DURATION_STATE_2"": 49, ""DURATION_STATE_3"": 49, ""IBOXIG_LAG_0"": 49, ""IBOXIG_LAG_1"": 49, ""JPEICORE_LAG_0"": 49, ""JPEICORE_LAG_1"": 49, ""LBUTTRUU_LAG_0"": 49, ""LBUTTRUU_LAG_1"": 49, ""LT11TRUU_LAG_0"": 49, ""LT11TRUU_LAG_1"": 49, ""SPXT_LAG_0"": 49, ""SPXT_LAG_1"": 49, ""STATE_LAG_0"": 49, ""STATE_LAG_1"": 5, ""STATE_LAG_2"": 10}",2317,validation,2009-06-02,2016-12-30,10.0,0.1,1890
multinomial_logistic_gam,0.47177744119503284,0.8797687861271676,0.21639884327791373,4,2,1,4,0.05,17,STATE_LAG_0|SPXT_LAG_0|DBLCIX_LAG_0|IBOXIG_LAG_0|JPEICORE_LAG_0|LT11TRUU_LAG_0|LBUTTRUU_LAG_0|SPXT_LAG_1|DBLCIX_LAG_1|IBOXIG_LAG_1|JPEICORE_LAG_1|LT11TRUU_LAG_1|LBUTTRUU_LAG_1|DURATION_STATE_0|DURATION_STATE_1|DURATION_STATE_2|DURATION_STATE_3,0.02,True,"{""DBLCIX_LAG_0"": 0.02, ""DBLCIX_LAG_1"": 0.02, ""DURATION_STATE_0"": 0.02, ""DURATION_STATE_1"": 0.02, ""DURATION_STATE_2"": 0.02, ""DURATION_STATE_3"": 0.02, ""IBOXIG_LAG_0"": 0.02, ""IBOXIG_LAG_1"": 0.02, ""JPEICORE_LAG_0"": 0.02, ""JPEICORE_LAG_1"": 0.02, ""LBUTTRUU_LAG_0"": 0.02, ""LBUTTRUU_LAG_1"": 0.02, ""LT11TRUU_LAG_0"": 0.02, ""LT11TRUU_LAG_1"": 0.02, ""SPXT_LAG_0"": 0.02, ""SPXT_LAG_1"": 0.02, ""STATE_LAG_0"": 0.02, ""STATE_LAG_1"": 0.5, ""STATE_LAG_2"": 0.2727272727272727}",regularized_bootstrap,1.0,49,"{""DBLCIX_LAG_0"": 74.60496011940631, ""DBLCIX_LAG_1"": 71.59707612514194, ""DURATION_STATE_0"": 1162.4139088475536, ""DURATION_STATE_1"": 446.88236052459297, ""DURATION_STATE_2"": 1062.0930509851778, ""DURATION_STATE_3"": 139.96865469885756, ""IBOXIG_LAG_0"": 40.354996199542256, ""IBOXIG_LAG_1"": 38.18948491552328, ""JPEICORE_LAG_0"": 58.94806319605959, ""JPEICORE_LAG_1"": 49.31828438624416, ""LBUTTRUU_LAG_0"": 40.17549928435437, ""LBUTTRUU_LAG_1"": 34.938716838456, ""LT11TRUU_LAG_0"": 92.94793924033866, ""LT11TRUU_LAG_1"": 84.42621877721103, ""SPXT_LAG_0"": 126.1285995090866, ""SPXT_LAG_1"": 119.54209708029703, ""STATE_LAG_0"": 1647.8849922413729, ""STATE_LAG_1"": -4.081328370375559e-06, ""STATE_LAG_2"": -4.081328370375559e-06}","{""DBLCIX_LAG_0"": 49, ""DBLCIX_LAG_1"": 49, ""DURATION_STATE_0"": 49, ""DURATION_STATE_1"": 49, ""DURATION_STATE_2"": 49, ""DURATION_STATE_3"": 49, ""IBOXIG_LAG_0"": 49, ""IBOXIG_LAG_1"": 49, ""JPEICORE_LAG_0"": 49, ""JPEICORE_LAG_1"": 49, ""LBUTTRUU_LAG_0"": 49, ""LBUTTRUU_LAG_1"": 49, ""LT11TRUU_LAG_0"": 49, ""LT11TRUU_LAG_1"": 49, ""SPXT_LAG_0"": 49, ""SPXT_LAG_1"": 49, ""STATE_LAG_0"": 49, ""STATE_LAG_1"": 5, ""STATE_LAG_2"": 10}",2317,prediction,2017-01-03,2023-12-05,10.0,0.1,1730
multinomial_logistic_gam,0.5680226784977621,0.8074074074074075,0.3116119770689268,4,2,1,6,0.05,17,STATE_LAG_0|SPXT_LAG_0|DBLCIX_LAG_0|IBOXIG_LAG_0|JPEICORE_LAG_0|LT11TRUU_LAG_0|LBUTTRUU_LAG_0|SPXT_LAG_1|DBLCIX_LAG_1|IBOXIG_LAG_1|JPEICORE_LAG_1|LT11TRUU_LAG_1|LBUTTRUU_LAG_1|DURATION_STATE_0|DURATION_STATE_1|DURATION_STATE_2|DURATION_STATE_3,0.02,True,"{""DBLCIX_LAG_0"": 0.02, ""DBLCIX_LAG_1"": 0.02, ""DURATION_STATE_0"": 0.02, ""DURATION_STATE_1"": 0.02, ""DURATION_STATE_2"": 0.02, ""DURATION_STATE_3"": 0.02, ""IBOXIG_LAG_0"": 0.02, ""IBOXIG_LAG_1"": 0.02, ""JPEICORE_LAG_0"": 0.02, ""JPEICORE_LAG_1"": 0.02, ""LBUTTRUU_LAG_0"": 0.02, ""LBUTTRUU_LAG_1"": 0.02, ""LT11TRUU_LAG_0"": 0.02, ""LT11TRUU_LAG_1"": 0.02, ""SPXT_LAG_0"": 0.02, ""SPXT_LAG_1"": 0.02, ""STATE_LAG_0"": 0.02, ""STATE_LAG_1"": 0.5, ""STATE_LAG_2"": 0.2727272727272727}",regularized_bootstrap,1.0,49,"{""DBLCIX_LAG_0"": 87.99572927287454, ""DBLCIX_LAG_1"": 85.3125180051129, ""DURATION_STATE_0"": 1191.124436786458, ""DURATION_STATE_1"": 453.64396185728015, ""DURATION_STATE_2"": 1080.4551776755338, ""DURATION_STATE_3"": 142.51556197434206, ""IBOXIG_LAG_0"": 70.98182151048195, ""IBOXIG_LAG_1"": 66.13256048535959, ""JPEICORE_LAG_0"": 115.13517074446418, ""JPEICORE_LAG_1"": 98.4665358644977, ""LBUTTRUU_LAG_0"": 72.02940911939277, ""LBUTTRUU_LAG_1"": 66.23400769880573, ""LT11TRUU_LAG_0"": 126.52330541853007, ""LT11TRUU_LAG_1"": 114.40929061136421, ""SPXT_LAG_0"": 240.41525043371303, ""SPXT_LAG_1"": 215.91808762568462, ""STATE_LAG_0"": 1647.8849922413729, ""STATE_LAG_1"": -4.081328370375559e-06, ""STATE_LAG_2"": -4.081328370375559e-06}","{""DBLCIX_LAG_0"": 49, ""DBLCIX_LAG_1"": 49, ""DURATION_STATE_0"": 49, ""DURATION_STATE_1"": 49, ""DURATION_STATE_2"": 49, ""DURATION_STATE_3"": 49, ""IBOXIG_LAG_0"": 49, ""IBOXIG_LAG_1"": 49, ""JPEICORE_LAG_0"": 49, ""JPEICORE_LAG_1"": 49, ""LBUTTRUU_LAG_0"": 49, ""LBUTTRUU_LAG_1"": 49, ""LT11TRUU_LAG_0"": 49, ""LT11TRUU_LAG_1"": 49, ""SPXT_LAG_0"": 49, ""SPXT_LAG_1"": 49, ""STATE_LAG_0"": 49, ""STATE_LAG_1"": 5, ""STATE_LAG_2"": 10}",2317,validation,2009-06-02,2016-12-30,0.01,100.0,1890
multinomial_logistic_gam,0.4058772112275324,0.8774566473988439,0.20483390845245045,4,2,1,6,0.05,17,STATE_LAG_0|SPXT_LAG_0|DBLCIX_LAG_0|IBOXIG_LAG_0|JPEICORE_LAG_0|LT11TRUU_LAG_0|LBUTTRUU_LAG_0|SPXT_LAG_1|DBLCIX_LAG_1|IBOXIG_LAG_1|JPEICORE_LAG_1|LT11TRUU_LAG_1|LBUTTRUU_LAG_1|DURATION_STATE_0|DURATION_STATE_1|DURATION_STATE_2|DURATION_STATE_3,0.02,True,"{""DBLCIX_LAG_0"": 0.02, ""DBLCIX_LAG_1"": 0.02, ""DURATION_STATE_0"": 0.02, ""DURATION_STATE_1"": 0.02, ""DURATION_STATE_2"": 0.02, ""DURATION_STATE_3"": 0.02, ""IBOXIG_LAG_0"": 0.02, ""IBOXIG_LAG_1"": 0.02, ""JPEICORE_LAG_0"": 0.02, ""JPEICORE_LAG_1"": 0.02, ""LBUTTRUU_LAG_0"": 0.02, ""LBUTTRUU_LAG_1"": 0.02, ""LT11TRUU_LAG_0"": 0.02, ""LT11TRUU_LAG_1"": 0.02, ""SPXT_LAG_0"": 0.02, ""SPXT_LAG_1"": 0.02, ""STATE_LAG_0"": 0.02, ""STATE_LAG_1"": 0.5, ""STATE_LAG_2"": 0.2727272727272727}",regularized_bootstrap,1.0,49,"{""DBLCIX_LAG_0"": 87.99572927287454, ""DBLCIX_LAG_1"": 85.3125180051129, ""DURATION_STATE_0"": 1191.124436786458, ""DURATION_STATE_1"": 453.64396185728015, ""DURATION_STATE_2"": 1080.4551776755338, ""DURATION_STATE_3"": 142.51556197434206, ""IBOXIG_LAG_0"": 70.98182151048195, ""IBOXIG_LAG_1"": 66.13256048535959, ""JPEICORE_LAG_0"": 115.13517074446418, ""JPEICORE_LAG_1"": 98.4665358644977, ""LBUTTRUU_LAG_0"": 72.02940911939277, ""LBUTTRUU_LAG_1"": 66.23400769880573, ""LT11TRUU_LAG_0"": 126.52330541853007, ""LT11TRUU_LAG_1"": 114.40929061136421, ""SPXT_LAG_0"": 240.41525043371303, ""SPXT_LAG_1"": 215.91808762568462, ""STATE_LAG_0"": 1647.8849922413729, ""STATE_LAG_1"": -4.081328370375559e-06, ""STATE_LAG_2"": -4.081328370375559e-06}","{""DBLCIX_LAG_0"": 49, ""DBLCIX_LAG_1"": 49, ""DURATION_STATE_0"": 49, ""DURATION_STATE_1"": 49, ""DURATION_STATE_2"": 49, ""DURATION_STATE_3"": 49, ""IBOXIG_LAG_0"": 49, ""IBOXIG_LAG_1"": 49, ""JPEICORE_LAG_0"": 49, ""JPEICORE_LAG_1"": 49, ""LBUTTRUU_LAG_0"": 49, ""LBUTTRUU_LAG_1"": 49, ""LT11TRUU_LAG_0"": 49, ""LT11TRUU_LAG_1"": 49, ""SPXT_LAG_0"": 49, ""SPXT_LAG_1"": 49, ""STATE_LAG_0"": 49, ""STATE_LAG_1"": 5, ""STATE_LAG_2"": 10}",2317,prediction,2017-01-03,2023-12-05,0.01,100.0,1730
multinomial_logistic_gam,0.5758036155026106,0.817989417989418,0.31338164602835794,4,2,1,6,0.05,17,STATE_LAG_0|SPXT_LAG_0|DBLCIX_LAG_0|IBOXIG_LAG_0|JPEICORE_LAG_0|LT11TRUU_LAG_0|LBUTTRUU_LAG_0|SPXT_LAG_1|DBLCIX_LAG_1|IBOXIG_LAG_1|JPEICORE_LAG_1|LT11TRUU_LAG_1|LBUTTRUU_LAG_1|DURATION_STATE_0|DURATION_STATE_1|DURATION_STATE_2|DURATION_STATE_3,0.02,True,"{""DBLCIX_LAG_0"": 0.02, ""DBLCIX_LAG_1"": 0.02, ""DURATION_STATE_0"": 0.02, ""DURATION_STATE_1"": 0.02, ""DURATION_STATE_2"": 0.02, ""DURATION_STATE_3"": 0.02, ""IBOXIG_LAG_0"": 0.02, ""IBOXIG_LAG_1"": 0.02, ""JPEICORE_LAG_0"": 0.02, ""JPEICORE_LAG_1"": 0.02, ""LBUTTRUU_LAG_0"": 0.02, ""LBUTTRUU_LAG_1"": 0.02, ""LT11TRUU_LAG_0"": 0.02, ""LT11TRUU_LAG_1"": 0.02, ""SPXT_LAG_0"": 0.02, ""SPXT_LAG_1"": 0.02, ""STATE_LAG_0"": 0.02, ""STATE_LAG_1"": 0.5, ""STATE_LAG_2"": 0.2727272727272727}",regularized_bootstrap,1.0,49,"{""DBLCIX_LAG_0"": 87.99572927287454, ""DBLCIX_LAG_1"": 85.3125180051129, ""DURATION_STATE_0"": 1191.124436786458, ""DURATION_STATE_1"": 453.64396185728015, ""DURATION_STATE_2"": 1080.4551776755338, ""DURATION_STATE_3"": 142.51556197434206, ""IBOXIG_LAG_0"": 70.98182151048195, ""IBOXIG_LAG_1"": 66.13256048535959, ""JPEICORE_LAG_0"": 115.13517074446418, ""JPEICORE_LAG_1"": 98.4665358644977, ""LBUTTRUU_LAG_0"": 72.02940911939277, ""LBUTTRUU_LAG_1"": 66.23400769880573, ""LT11TRUU_LAG_0"": 126.52330541853007, ""LT11TRUU_LAG_1"": 114.40929061136421, ""SPXT_LAG_0"": 240.41525043371303, ""SPXT_LAG_1"": 215.91808762568462, ""STATE_LAG_0"": 1647.8849922413729, ""STATE_LAG_1"": -4.081328370375559e-06, ""STATE_LAG_2"": -4.081328370375559e-06}","{""DBLCIX_LAG_0"": 49, ""DBLCIX_LAG_1"": 49, ""DURATION_STATE_0"": 49, ""DURATION_STATE_1"": 49, ""DURATION_STATE_2"": 49, ""DURATION_STATE_3"": 49, ""IBOXIG_LAG_0"": 49, ""IBOXIG_LAG_1"": 49, ""JPEICORE_LAG_0"": 49, ""JPEICORE_LAG_1"": 49, ""LBUTTRUU_LAG_0"": 49, ""LBUTTRUU_LAG_1"": 49, ""LT11TRUU_LAG_0"": 49, ""LT11TRUU_LAG_1"": 49, ""SPXT_LAG_0"": 49, ""SPXT_LAG_1"": 49, ""STATE_LAG_0"": 49, ""STATE_LAG_1"": 5, ""STATE_LAG_2"": 10}",2317,validation,2009-06-02,2016-12-30,0.1,10.0,1890
multinomial_logistic_gam,0.4059795551007391,0.8826589595375722,0.20475936077866835,4,2,1,6,0.05,17,STATE_LAG_0|SPXT_LAG_0|DBLCIX_LAG_0|IBOXIG_LAG_0|JPEICORE_LAG_0|LT11TRUU_LAG_0|LBUTTRUU_LAG_0|SPXT_LAG_1|DBLCIX_LAG_1|IBOXIG_LAG_1|JPEICORE_LAG_1|LT11TRUU_LAG_1|LBUTTRUU_LAG_1|DURATION_STATE_0|DURATION_STATE_1|DURATION_STATE_2|DURATION_STATE_3,0.02,True,"{""DBLCIX_LAG_0"": 0.02, ""DBLCIX_LAG_1"": 0.02, ""DURATION_STATE_0"": 0.02, ""DURATION_STATE_1"": 0.02, ""DURATION_STATE_2"": 0.02, ""DURATION_STATE_3"": 0.02, ""IBOXIG_LAG_0"": 0.02, ""IBOXIG_LAG_1"": 0.02, ""JPEICORE_LAG_0"": 0.02, ""JPEICORE_LAG_1"": 0.02, ""LBUTTRUU_LAG_0"": 0.02, ""LBUTTRUU_LAG_1"": 0.02, ""LT11TRUU_LAG_0"": 0.02, ""LT11TRUU_LAG_1"": 0.02, ""SPXT_LAG_0"": 0.02, ""SPXT_LAG_1"": 0.02, ""STATE_LAG_0"": 0.02, ""STATE_LAG_1"": 0.5, ""STATE_LAG_2"": 0.2727272727272727}",regularized_bootstrap,1.0,49,"{""DBLCIX_LAG_0"": 87.99572927287454, ""DBLCIX_LAG_1"": 85.3125180051129, ""DURATION_STATE_0"": 1191.124436786458, ""DURATION_STATE_1"": 453.64396185728015, ""DURATION_STATE_2"": 1080.4551776755338, ""DURATION_STATE_3"": 142.51556197434206, ""IBOXIG_LAG_0"": 70.98182151048195, ""IBOXIG_LAG_1"": 66.13256048535959, ""JPEICORE_LAG_0"": 115.13517074446418, ""JPEICORE_LAG_1"": 98.4665358644977, ""LBUTTRUU_LAG_0"": 72.02940911939277, ""LBUTTRUU_LAG_1"": 66.23400769880573, ""LT11TRUU_LAG_0"": 126.52330541853007, ""LT11TRUU_LAG_1"": 114.40929061136421, ""SPXT_LAG_0"": 240.41525043371303, ""SPXT_LAG_1"": 215.91808762568462, ""STATE_LAG_0"": 1647.8849922413729, ""STATE_LAG_1"": -4.081328370375559e-06, ""STATE_LAG_2"": -4.081328370375559e-06}","{""DBLCIX_LAG_0"": 49, ""DBLCIX_LAG_1"": 49, ""DURATION_STATE_0"": 49, ""DURATION_STATE_1"": 49, ""DURATION_STATE_2"": 49, ""DURATION_STATE_3"": 49, ""IBOXIG_LAG_0"": 49, ""IBOXIG_LAG_1"": 49, ""JPEICORE_LAG_0"": 49, ""JPEICORE_LAG_1"": 49, ""LBUTTRUU_LAG_0"": 49, ""LBUTTRUU_LAG_1"": 49, ""LT11TRUU_LAG_0"": 49, ""LT11TRUU_LAG_1"": 49, ""SPXT_LAG_0"": 49, ""SPXT_LAG_1"": 49, ""STATE_LAG_0"": 49, ""STATE_LAG_1"": 5, ""STATE_LAG_2"": 10}",2317,prediction,2017-01-03,2023-12-05,0.1,10.0,1730
multinomial_logistic_gam,0.6178800615114234,0.8185185185185185,0.32195415057711485,4,2,1,6,0.05,17,STATE_LAG_0|SPXT_LAG_0|DBLCIX_LAG_0|IBOXIG_LAG_0|JPEICORE_LAG_0|LT11TRUU_LAG_0|LBUTTRUU_LAG_0|SPXT_LAG_1|DBLCIX_LAG_1|IBOXIG_LAG_1|JPEICORE_LAG_1|LT11TRUU_LAG_1|LBUTTRUU_LAG_1|DURATION_STATE_0|DURATION_STATE_1|DURATION_STATE_2|DURATION_STATE_3,0.02,True,"{""DBLCIX_LAG_0"": 0.02, ""DBLCIX_LAG_1"": 0.02, ""DURATION_STATE_0"": 0.02, ""DURATION_STATE_1"": 0.02, ""DURATION_STATE_2"": 0.02, ""DURATION_STATE_3"": 0.02, ""IBOXIG_LAG_0"": 0.02, ""IBOXIG_LAG_1"": 0.02, ""JPEICORE_LAG_0"": 0.02, ""JPEICORE_LAG_1"": 0.02, ""LBUTTRUU_LAG_0"": 0.02, ""LBUTTRUU_LAG_1"": 0.02, ""LT11TRUU_LAG_0"": 0.02, ""LT11TRUU_LAG_1"": 0.02, ""SPXT_LAG_0"": 0.02, ""SPXT_LAG_1"": 0.02, ""STATE_LAG_0"": 0.02, ""STATE_LAG_1"": 0.5, ""STATE_LAG_2"": 0.2727272727272727}",regularized_bootstrap,1.0,49,"{""DBLCIX_LAG_0"": 87.99572927287454, ""DBLCIX_LAG_1"": 85.3125180051129, ""DURATION_STATE_0"": 1191.124436786458, ""DURATION_STATE_1"": 453.64396185728015, ""DURATION_STATE_2"": 1080.4551776755338, ""DURATION_STATE_3"": 142.51556197434206, ""IBOXIG_LAG_0"": 70.98182151048195, ""IBOXIG_LAG_1"": 66.13256048535959, ""JPEICORE_LAG_0"": 115.13517074446418, ""JPEICORE_LAG_1"": 98.4665358644977, ""LBUTTRUU_LAG_0"": 72.02940911939277, ""LBUTTRUU_LAG_1"": 66.23400769880573, ""LT11TRUU_LAG_0"": 126.52330541853007, ""LT11TRUU_LAG_1"": 114.40929061136421, ""SPXT_LAG_0"": 240.41525043371303, ""SPXT_LAG_1"": 215.91808762568462, ""STATE_LAG_0"": 1647.8849922413729, ""STATE_LAG_1"": -4.081328370375559e-06, ""STATE_LAG_2"": -4.081328370375559e-06}","{""DBLCIX_LAG_0"": 49, ""DBLCIX_LAG_1"": 49, ""DURATION_STATE_0"": 49, ""DURATION_STATE_1"": 49, ""DURATION_STATE_2"": 49, ""DURATION_STATE_3"": 49, ""IBOXIG_LAG_0"": 49, ""IBOXIG_LAG_1"": 49, ""JPEICORE_LAG_0"": 49, ""JPEICORE_LAG_1"": 49, ""LBUTTRUU_LAG_0"": 49, ""LBUTTRUU_LAG_1"": 49, ""LT11TRUU_LAG_0"": 49, ""LT11TRUU_LAG_1"": 49, ""SPXT_LAG_0"": 49, ""SPXT_LAG_1"": 49, ""STATE_LAG_0"": 49, ""STATE_LAG_1"": 5, ""STATE_LAG_2"": 10}",2317,validation,2009-06-02,2016-12-30,1.0,1.0,1890
multinomial_logistic_gam,0.43565157174606917,0.8803468208092485,0.21221448722077488,4,2,1,6,0.05,17,STATE_LAG_0|SPXT_LAG_0|DBLCIX_LAG_0|IBOXIG_LAG_0|JPEICORE_LAG_0|LT11TRUU_LAG_0|LBUTTRUU_LAG_0|SPXT_LAG_1|DBLCIX_LAG_1|IBOXIG_LAG_1|JPEICORE_LAG_1|LT11TRUU_LAG_1|LBUTTRUU_LAG_1|DURATION_STATE_0|DURATION_STATE_1|DURATION_STATE_2|DURATION_STATE_3,0.02,True,"{""DBLCIX_LAG_0"": 0.02, ""DBLCIX_LAG_1"": 0.02, ""DURATION_STATE_0"": 0.02, ""DURATION_STATE_1"": 0.02, ""DURATION_STATE_2"": 0.02, ""DURATION_STATE_3"": 0.02, ""IBOXIG_LAG_0"": 0.02, ""IBOXIG_LAG_1"": 0.02, ""JPEICORE_LAG_0"": 0.02, ""JPEICORE_LAG_1"": 0.02, ""LBUTTRUU_LAG_0"": 0.02, ""LBUTTRUU_LAG_1"": 0.02, ""LT11TRUU_LAG_0"": 0.02, ""LT11TRUU_LAG_1"": 0.02, ""SPXT_LAG_0"": 0.02, ""SPXT_LAG_1"": 0.02, ""STATE_LAG_0"": 0.02, ""STATE_LAG_1"": 0.5, ""STATE_LAG_2"": 0.2727272727272727}",regularized_bootstrap,1.0,49,"{""DBLCIX_LAG_0"": 87.99572927287454, ""DBLCIX_LAG_1"": 85.3125180051129, ""DURATION_STATE_0"": 1191.124436786458, ""DURATION_STATE_1"": 453.64396185728015, ""DURATION_STATE_2"": 1080.4551776755338, ""DURATION_STATE_3"": 142.51556197434206, ""IBOXIG_LAG_0"": 70.98182151048195, ""IBOXIG_LAG_1"": 66.13256048535959, ""JPEICORE_LAG_0"": 115.13517074446418, ""JPEICORE_LAG_1"": 98.4665358644977, ""LBUTTRUU_LAG_0"": 72.02940911939277, ""LBUTTRUU_LAG_1"": 66.23400769880573, ""LT11TRUU_LAG_0"": 126.52330541853007, ""LT11TRUU_LAG_1"": 114.40929061136421, ""SPXT_LAG_0"": 240.41525043371303, ""SPXT_LAG_1"": 215.91808762568462, ""STATE_LAG_0"": 1647.8849922413729, ""STATE_LAG_1"": -4.081328370375559e-06, ""STATE_LAG_2"": -4.081328370375559e-06}","{""DBLCIX_LAG_0"": 49, ""DBLCIX_LAG_1"": 49, ""DURATION_STATE_0"": 49, ""DURATION_STATE_1"": 49, ""DURATION_STATE_2"": 49, ""DURATION_STATE_3"": 49, ""IBOXIG_LAG_0"": 49, ""IBOXIG_LAG_1"": 49, ""JPEICORE_LAG_0"": 49, ""JPEICORE_LAG_1"": 49, ""LBUTTRUU_LAG_0"": 49, ""LBUTTRUU_LAG_1"": 49, ""LT11TRUU_LAG_0"": 49, ""LT11TRUU_LAG_1"": 49, ""SPXT_LAG_0"": 49, ""SPXT_LAG_1"": 49, ""STATE_LAG_0"": 49, ""STATE_LAG_1"": 5, ""STATE_LAG_2"": 10}",2317,prediction,2017-01-03,2023-12-05,1.0,1.0,1730
multinomial_logistic_gam,0.6963309884101426,0.8158730158730159,0.3303245058789589,4,2,1,6,0.05,17,STATE_LAG_0|SPXT_LAG_0|DBLCIX_LAG_0|IBOXIG_LAG_0|JPEICORE_LAG_0|LT11TRUU_LAG_0|LBUTTRUU_LAG_0|SPXT_LAG_1|DBLCIX_LAG_1|IBOXIG_LAG_1|JPEICORE_LAG_1|LT11TRUU_LAG_1|LBUTTRUU_LAG_1|DURATION_STATE_0|DURATION_STATE_1|DURATION_STATE_2|DURATION_STATE_3,0.02,True,"{""DBLCIX_LAG_0"": 0.02, ""DBLCIX_LAG_1"": 0.02, ""DURATION_STATE_0"": 0.02, ""DURATION_STATE_1"": 0.02, ""DURATION_STATE_2"": 0.02, ""DURATION_STATE_3"": 0.02, ""IBOXIG_LAG_0"": 0.02, ""IBOXIG_LAG_1"": 0.02, ""JPEICORE_LAG_0"": 0.02, ""JPEICORE_LAG_1"": 0.02, ""LBUTTRUU_LAG_0"": 0.02, ""LBUTTRUU_LAG_1"": 0.02, ""LT11TRUU_LAG_0"": 0.02, ""LT11TRUU_LAG_1"": 0.02, ""SPXT_LAG_0"": 0.02, ""SPXT_LAG_1"": 0.02, ""STATE_LAG_0"": 0.02, ""STATE_LAG_1"": 0.5, ""STATE_LAG_2"": 0.2727272727272727}",regularized_bootstrap,1.0,49,"{""DBLCIX_LAG_0"": 87.99572927287454, ""DBLCIX_LAG_1"": 85.3125180051129, ""DURATION_STATE_0"": 1191.124436786458, ""DURATION_STATE_1"": 453.64396185728015, ""DURATION_STATE_2"": 1080.4551776755338, ""DURATION_STATE_3"": 142.51556197434206, ""IBOXIG_LAG_0"": 70.98182151048195, ""IBOXIG_LAG_1"": 66.13256048535959, ""JPEICORE_LAG_0"": 115.13517074446418, ""JPEICORE_LAG_1"": 98.4665358644977, ""LBUTTRUU_LAG_0"": 72.02940911939277, ""LBUTTRUU_LAG_1"": 66.23400769880573, ""LT11TRUU_LAG_0"": 126.52330541853007, ""LT11TRUU_LAG_1"": 114.40929061136421, ""SPXT_LAG_0"": 240.41525043371303, ""SPXT_LAG_1"": 215.91808762568462, ""STATE_LAG_0"": 1647.8849922413729, ""STATE_LAG_1"": -4.081328370375559e-06, ""STATE_LAG_2"": -4.081328370375559e-06}","{""DBLCIX_LAG_0"": 49, ""DBLCIX_LAG_1"": 49, ""DURATION_STATE_0"": 49, ""DURATION_STATE_1"": 49, ""DURATION_STATE_2"": 49, ""DURATION_STATE_3"": 49, ""IBOXIG_LAG_0"": 49, ""IBOXIG_LAG_1"": 49, ""JPEICORE_LAG_0"": 49, ""JPEICORE_LAG_1"": 49, ""LBUTTRUU_LAG_0"": 49, ""LBUTTRUU_LAG_1"": 49, ""LT11TRUU_LAG_0"": 49, ""LT11TRUU_LAG_1"": 49, ""SPXT_LAG_0"": 49, ""SPXT_LAG_1"": 49, ""STATE_LAG_0"": 49, ""STATE_LAG_1"": 5, ""STATE_LAG_2"": 10}",2317,validation,2009-06-02,2016-12-30,10.0,0.1,1890
multinomial_logistic_gam,0.5028326052202049,0.8786127167630058,0.21973346185710593,4,2,1,6,0.05,17,STATE_LAG_0|SPXT_LAG_0|DBLCIX_LAG_0|IBOXIG_LAG_0|JPEICORE_LAG_0|LT11TRUU_LAG_0|LBUTTRUU_LAG_0|SPXT_LAG_1|DBLCIX_LAG_1|IBOXIG_LAG_1|JPEICORE_LAG_1|LT11TRUU_LAG_1|LBUTTRUU_LAG_1|DURATION_STATE_0|DURATION_STATE_1|DURATION_STATE_2|DURATION_STATE_3,0.02,True,"{""DBLCIX_LAG_0"": 0.02, ""DBLCIX_LAG_1"": 0.02, ""DURATION_STATE_0"": 0.02, ""DURATION_STATE_1"": 0.02, ""DURATION_STATE_2"": 0.02, ""DURATION_STATE_3"": 0.02, ""IBOXIG_LAG_0"": 0.02, ""IBOXIG_LAG_1"": 0.02, ""JPEICORE_LAG_0"": 0.02, ""JPEICORE_LAG_1"": 0.02, ""LBUTTRUU_LAG_0"": 0.02, ""LBUTTRUU_LAG_1"": 0.02, ""LT11TRUU_LAG_0"": 0.02, ""LT11TRUU_LAG_1"": 0.02, ""SPXT_LAG_0"": 0.02, ""SPXT_LAG_1"": 0.02, ""STATE_LAG_0"": 0.02, ""STATE_LAG_1"": 0.5, ""STATE_LAG_2"": 0.2727272727272727}",regularized_bootstrap,1.0,49,"{""DBLCIX_LAG_0"": 87.99572927287454, ""DBLCIX_LAG_1"": 85.3125180051129, ""DURATION_STATE_0"": 1191.124436786458, ""DURATION_STATE_1"": 453.64396185728015, ""DURATION_STATE_2"": 1080.4551776755338, ""DURATION_STATE_3"": 142.51556197434206, ""IBOXIG_LAG_0"": 70.98182151048195, ""IBOXIG_LAG_1"": 66.13256048535959, ""JPEICORE_LAG_0"": 115.13517074446418, ""JPEICORE_LAG_1"": 98.4665358644977, ""LBUTTRUU_LAG_0"": 72.02940911939277, ""LBUTTRUU_LAG_1"": 66.23400769880573, ""LT11TRUU_LAG_0"": 126.52330541853007, ""LT11TRUU_LAG_1"": 114.40929061136421, ""SPXT_LAG_0"": 240.41525043371303, ""SPXT_LAG_1"": 215.91808762568462, ""STATE_LAG_0"": 1647.8849922413729, ""STATE_LAG_1"": -4.081328370375559e-06, ""STATE_LAG_2"": -4.081328370375559e-06}","{""DBLCIX_LAG_0"": 49, ""DBLCIX_LAG_1"": 49, ""DURATION_STATE_0"": 49, ""DURATION_STATE_1"": 49, ""DURATION_STATE_2"": 49, ""DURATION_STATE_3"": 49, ""IBOXIG_LAG_0"": 49, ""IBOXIG_LAG_1"": 49, ""JPEICORE_LAG_0"": 49, ""JPEICORE_LAG_1"": 49, ""LBUTTRUU_LAG_0"": 49, ""LBUTTRUU_LAG_1"": 49, ""LT11TRUU_LAG_0"": 49, ""LT11TRUU_LAG_1"": 49, ""SPXT_LAG_0"": 49, ""SPXT_LAG_1"": 49, ""STATE_LAG_0"": 49, ""STATE_LAG_1"": 5, ""STATE_LAG_2"": 10}",2317,prediction,2017-01-03,2023-12-05,10.0,0.1,1730
multinomial_logistic_gam,0.5685569325195114,0.8042328042328042,0.31234593504146163,4,2,2,4,0.05,23,STATE_LAG_0|SPXT_LAG_0|DBLCIX_LAG_0|IBOXIG_LAG_0|JPEICORE_LAG_0|LT11TRUU_LAG_0|LBUTTRUU_LAG_0|SPXT_LAG_1|DBLCIX_LAG_1|IBOXIG_LAG_1|JPEICORE_LAG_1|LT11TRUU_LAG_1|LBUTTRUU_LAG_1|SPXT_LAG_2|DBLCIX_LAG_2|IBOXIG_LAG_2|JPEICORE_LAG_2|LT11TRUU_LAG_2|LBUTTRUU_LAG_2|DURATION_STATE_0|DURATION_STATE_1|DURATION_STATE_2|DURATION_STATE_3,0.02,True,"{""DBLCIX_LAG_0"": 0.02, ""DBLCIX_LAG_1"": 0.02, ""DBLCIX_LAG_2"": 0.02, ""DURATION_STATE_0"": 0.02, ""DURATION_STATE_1"": 0.02, ""DURATION_STATE_2"": 0.02, ""DURATION_STATE_3"": 0.02, ""IBOXIG_LAG_0"": 0.02, ""IBOXIG_LAG_1"": 0.02, ""IBOXIG_LAG_2"": 0.02, ""JPEICORE_LAG_0"": 0.02, ""JPEICORE_LAG_1"": 0.02, ""JPEICORE_LAG_2"": 0.02, ""LBUTTRUU_LAG_0"": 0.02, ""LBUTTRUU_LAG_1"": 0.02, ""LBUTTRUU_LAG_2"": 0.02, ""LT11TRUU_LAG_0"": 0.02, ""LT11TRUU_LAG_1"": 0.02, ""LT11TRUU_LAG_2"": 0.02, ""SPXT_LAG_0"": 0.02, ""SPXT_LAG_1"": 0.02, ""SPXT_LAG_2"": 0.02, ""STATE_LAG_0"": 0.02, ""STATE_LAG_1"": 0.5, ""STATE_LAG_2"": 0.2727272727272727}",regularized_bootstrap,1.0,49,"{""DBLCIX_LAG_0"": 74.44843828034755, ""DBLCIX_LAG_1"": 71.80052339811255, ""DBLCIX_LAG_2"": 69.80330691601375, ""DURATION_STATE_0"": 1161.9068844923, ""DURATION_STATE_1"": 446.9032693740969, ""DURATION_STATE_2"": 1061.1595434511678, ""DURATION_STATE_3"": 139.95591949900654, ""IBOXIG_LAG_0"": 41.8652417161843, ""IBOXIG_LAG_1"": 38.28479318854261, ""IBOXIG_LAG_2"": 43.809309863992894, ""JPEICORE_LAG_0"": 58.618251284186954, ""JPEICORE_LAG_1"": 47.782468125230025, ""JPEICORE_LAG_2"": 44.43398727804515, ""LBUTTRUU_LAG_0"": 40.20546946570039, ""LBUTTRUU_LAG_1"": 34.99581042528234, ""LBUTTRUU_LAG_2"": 31.724727650129807, ""LT11TRUU_LAG_0"": 92.92315763309534, ""LT11TRUU_LAG_1"": 84.28797271630674, ""LT11TRUU_LAG_2"": 83.05991795973205, ""SPXT_LAG_0"": 125.4963199826957, ""SPXT_LAG_1"": 118.23341162199995, ""SPXT_LAG_2"": 115.7759825768926, ""STATE_LAG_0"": 1646.7190693613923, ""STATE_LAG_1"": -3.8820044210297056e-06, ""STATE_LAG_2"": -3.8820044210297056e-06}","{""DBLCIX_LAG_0"": 49, ""DBLCIX_LAG_1"": 49, ""DBLCIX_LAG_2"": 49, ""DURATION_STATE_0"": 49, ""DURATION_STATE_1"": 49, ""DURATION_STATE_2"": 49, ""DURATION_STATE_3"": 49, ""IBOXIG_LAG_0"": 49, ""IBOXIG_LAG_1"": 49, ""IBOXIG_LAG_2"": 49, ""JPEICORE_LAG_0"": 49, ""JPEICORE_LAG_1"": 49, ""JPEICORE_LAG_2"": 49, ""LBUTTRUU_LAG_0"": 49, ""LBUTTRUU_LAG_1"": 49, ""LBUTTRUU_LAG_2"": 49, ""LT11TRUU_LAG_0"": 49, ""LT11TRUU_LAG_1"": 49, ""LT11TRUU_LAG_2"": 49, ""SPXT_LAG_0"": 49, ""SPXT_LAG_1"": 49, ""SPXT_LAG_2"": 49, ""STATE_LAG_0"": 49, ""STATE_LAG_1"": 5, ""STATE_LAG_2"": 10}",2316,validation,2009-06-02,2016-12-30,0.01,100.0,1890
multinomial_logistic_gam,0.40898140320666476,0.8757225433526011,0.20625170015062003,4,2,2,4,0.05,23,STATE_LAG_0|SPXT_LAG_0|DBLCIX_LAG_0|IBOXIG_LAG_0|JPEICORE_LAG_0|LT11TRUU_LAG_0|LBUTTRUU_LAG_0|SPXT_LAG_1|DBLCIX_LAG_1|IBOXIG_LAG_1|JPEICORE_LAG_1|LT11TRUU_LAG_1|LBUTTRUU_LAG_1|SPXT_LAG_2|DBLCIX_LAG_2|IBOXIG_LAG_2|JPEICORE_LAG_2|LT11TRUU_LAG_2|LBUTTRUU_LAG_2|DURATION_STATE_0|DURATION_STATE_1|DURATION_STATE_2|DURATION_STATE_3,0.02,True,"{""DBLCIX_LAG_0"": 0.02, ""DBLCIX_LAG_1"": 0.02, ""DBLCIX_LAG_2"": 0.02, ""DURATION_STATE_0"": 0.02, ""DURATION_STATE_1"": 0.02, ""DURATION_STATE_2"": 0.02, ""DURATION_STATE_3"": 0.02, ""IBOXIG_LAG_0"": 0.02, ""IBOXIG_LAG_1"": 0.02, ""IBOXIG_LAG_2"": 0.02, ""JPEICORE_LAG_0"": 0.02, ""JPEICORE_LAG_1"": 0.02, ""JPEICORE_LAG_2"": 0.02, ""LBUTTRUU_LAG_0"": 0.02, ""LBUTTRUU_LAG_1"": 0.02, ""LBUTTRUU_LAG_2"": 0.02, ""LT11TRUU_LAG_0"": 0.02, ""LT11TRUU_LAG_1"": 0.02, ""LT11TRUU_LAG_2"": 0.02, ""SPXT_LAG_0"": 0.02, ""SPXT_LAG_1"": 0.02, ""SPXT_LAG_2"": 0.02, ""STATE_LAG_0"": 0.02, ""STATE_LAG_1"": 0.5, ""STATE_LAG_2"": 0.2727272727272727}",regularized_bootstrap,1.0,49,"{""DBLCIX_LAG_0"": 74.44843828034755, ""DBLCIX_LAG_1"": 71.80052339811255, ""DBLCIX_LAG_2"": 69.80330691601375, ""DURATION_STATE_0"": 1161.9068844923, ""DURATION_STATE_1"": 446.9032693740969, ""DURATION_STATE_2"": 1061.1595434511678, ""DURATION_STATE_3"": 139.95591949900654, ""IBOXIG_LAG_0"": 41.8652417161843, ""IBOXIG_LAG_1"": 38.28479318854261, ""IBOXIG_LAG_2"": 43.809309863992894, ""JPEICORE_LAG_0"": 58.618251284186954, ""JPEICORE_LAG_1"": 47.782468125230025, ""JPEICORE_LAG_2"": 44.43398727804515, ""LBUTTRUU_LAG_0"": 40.20546946570039, ""LBUTTRUU_LAG_1"": 34.99581042528234, ""LBUTTRUU_LAG_2"": 31.724727650129807, ""LT11TRUU_LAG_0"": 92.92315763309534, ""LT11TRUU_LAG_1"": 84.28797271630674, ""LT11TRUU_LAG_2"": 83.05991795973205, ""SPXT_LAG_0"": 125.4963199826957, ""SPXT_LAG_1"": 118.23341162199995, ""SPXT_LAG_2"": 115.7759825768926, ""STATE_LAG_0"": 1646.7190693613923, ""STATE_LAG_1"": -3.8820044210297056e-06, ""STATE_LAG_2"": -3.8820044210297056e-06}","{""DBLCIX_LAG_0"": 49, ""DBLCIX_LAG_1"": 49, ""DBLCIX_LAG_2"": 49, ""DURATION_STATE_0"": 49, ""DURATION_STATE_1"": 49, ""DURATION_STATE_2"": 49, ""DURATION_STATE_3"": 49, ""IBOXIG_LAG_0"": 49, ""IBOXIG_LAG_1"": 49, ""IBOXIG_LAG_2"": 49, ""JPEICORE_LAG_0"": 49, ""JPEICORE_LAG_1"": 49, ""JPEICORE_LAG_2"": 49, ""LBUTTRUU_LAG_0"": 49, ""LBUTTRUU_LAG_1"": 49, ""LBUTTRUU_LAG_2"": 49, ""LT11TRUU_LAG_0"": 49, ""LT11TRUU_LAG_1"": 49, ""LT11TRUU_LAG_2"": 49, ""SPXT_LAG_0"": 49, ""SPXT_LAG_1"": 49, ""SPXT_LAG_2"": 49, ""STATE_LAG_0"": 49, ""STATE_LAG_1"": 5, ""STATE_LAG_2"": 10}",2316,prediction,2017-01-03,2023-12-05,0.01,100.0,1730
multinomial_logistic_gam,0.5757953504487857,0.8137566137566138,0.31423572462940597,4,2,2,4,0.05,23,STATE_LAG_0|SPXT_LAG_0|DBLCIX_LAG_0|IBOXIG_LAG_0|JPEICORE_LAG_0|LT11TRUU_LAG_0|LBUTTRUU_LAG_0|SPXT_LAG_1|DBLCIX_LAG_1|IBOXIG_LAG_1|JPEICORE_LAG_1|LT11TRUU_LAG_1|LBUTTRUU_LAG_1|SPXT_LAG_2|DBLCIX_LAG_2|IBOXIG_LAG_2|JPEICORE_LAG_2|LT11TRUU_LAG_2|LBUTTRUU_LAG_2|DURATION_STATE_0|DURATION_STATE_1|DURATION_STATE_2|DURATION_STATE_3,0.02,True,"{""DBLCIX_LAG_0"": 0.02, ""DBLCIX_LAG_1"": 0.02, ""DBLCIX_LAG_2"": 0.02, ""DURATION_STATE_0"": 0.02, ""DURATION_STATE_1"": 0.02, ""DURATION_STATE_2"": 0.02, ""DURATION_STATE_3"": 0.02, ""IBOXIG_LAG_0"": 0.02, ""IBOXIG_LAG_1"": 0.02, ""IBOXIG_LAG_2"": 0.02, ""JPEICORE_LAG_0"": 0.02, ""JPEICORE_LAG_1"": 0.02, ""JPEICORE_LAG_2"": 0.02, ""LBUTTRUU_LAG_0"": 0.02, ""LBUTTRUU_LAG_1"": 0.02, ""LBUTTRUU_LAG_2"": 0.02, ""LT11TRUU_LAG_0"": 0.02, ""LT11TRUU_LAG_1"": 0.02, ""LT11TRUU_LAG_2"": 0.02, ""SPXT_LAG_0"": 0.02, ""SPXT_LAG_1"": 0.02, ""SPXT_LAG_2"": 0.02, ""STATE_LAG_0"": 0.02, ""STATE_LAG_1"": 0.5, ""STATE_LAG_2"": 0.2727272727272727}",regularized_bootstrap,1.0,49,"{""DBLCIX_LAG_0"": 74.44843828034755, ""DBLCIX_LAG_1"": 71.80052339811255, ""DBLCIX_LAG_2"": 69.80330691601375, ""DURATION_STATE_0"": 1161.9068844923, ""DURATION_STATE_1"": 446.9032693740969, ""DURATION_STATE_2"": 1061.1595434511678, ""DURATION_STATE_3"": 139.95591949900654, ""IBOXIG_LAG_0"": 41.8652417161843, ""IBOXIG_LAG_1"": 38.28479318854261, ""IBOXIG_LAG_2"": 43.809309863992894, ""JPEICORE_LAG_0"": 58.618251284186954, ""JPEICORE_LAG_1"": 47.782468125230025, ""JPEICORE_LAG_2"": 44.43398727804515, ""LBUTTRUU_LAG_0"": 40.20546946570039, ""LBUTTRUU_LAG_1"": 34.99581042528234, ""LBUTTRUU_LAG_2"": 31.724727650129807, ""LT11TRUU_LAG_0"": 92.92315763309534, ""LT11TRUU_LAG_1"": 84.28797271630674, ""LT11TRUU_LAG_2"": 83.05991795973205, ""SPXT_LAG_0"": 125.4963199826957, ""SPXT_LAG_1"": 118.23341162199995, ""SPXT_LAG_2"": 115.7759825768926, ""STATE_LAG_0"": 1646.7190693613923, ""STATE_LAG_1"": -3.8820044210297056e-06, ""STATE_LAG_2"": -3.8820044210297056e-06}","{""DBLCIX_LAG_0"": 49, ""DBLCIX_LAG_1"": 49, ""DBLCIX_LAG_2"": 49, ""DURATION_STATE_0"": 49, ""DURATION_STATE_1"": 49, ""DURATION_STATE_2"": 49, ""DURATION_STATE_3"": 49, ""IBOXIG_LAG_0"": 49, ""IBOXIG_LAG_1"": 49, ""IBOXIG_LAG_2"": 49, ""JPEICORE_LAG_0"": 49, ""JPEICORE_LAG_1"": 49, ""JPEICORE_LAG_2"": 49, ""LBUTTRUU_LAG_0"": 49, ""LBUTTRUU_LAG_1"": 49, ""LBUTTRUU_LAG_2"": 49, ""LT11TRUU_LAG_0"": 49, ""LT11TRUU_LAG_1"": 49, ""LT11TRUU_LAG_2"": 49, ""SPXT_LAG_0"": 49, ""SPXT_LAG_1"": 49, ""SPXT_LAG_2"": 49, ""STATE_LAG_0"": 49, ""STATE_LAG_1"": 5, ""STATE_LAG_2"": 10}",2316,validation,2009-06-02,2016-12-30,0.1,10.0,1890
multinomial_logistic_gam,0.41129019875544703,0.876878612716763,0.20687405112534324,4,2,2,4,0.05,23,STATE_LAG_0|SPXT_LAG_0|DBLCIX_LAG_0|IBOXIG_LAG_0|JPEICORE_LAG_0|LT11TRUU_LAG_0|LBUTTRUU_LAG_0|SPXT_LAG_1|DBLCIX_LAG_1|IBOXIG_LAG_1|JPEICORE_LAG_1|LT11TRUU_LAG_1|LBUTTRUU_LAG_1|SPXT_LAG_2|DBLCIX_LAG_2|IBOXIG_LAG_2|JPEICORE_LAG_2|LT11TRUU_LAG_2|LBUTTRUU_LAG_2|DURATION_STATE_0|DURATION_STATE_1|DURATION_STATE_2|DURATION_STATE_3,0.02,True,"{""DBLCIX_LAG_0"": 0.02, ""DBLCIX_LAG_1"": 0.02, ""DBLCIX_LAG_2"": 0.02, ""DURATION_STATE_0"": 0.02, ""DURATION_STATE_1"": 0.02, ""DURATION_STATE_2"": 0.02, ""DURATION_STATE_3"": 0.02, ""IBOXIG_LAG_0"": 0.02, ""IBOXIG_LAG_1"": 0.02, ""IBOXIG_LAG_2"": 0.02, ""JPEICORE_LAG_0"": 0.02, ""JPEICORE_LAG_1"": 0.02, ""JPEICORE_LAG_2"": 0.02, ""LBUTTRUU_LAG_0"": 0.02, ""LBUTTRUU_LAG_1"": 0.02, ""LBUTTRUU_LAG_2"": 0.02, ""LT11TRUU_LAG_0"": 0.02, ""LT11TRUU_LAG_1"": 0.02, ""LT11TRUU_LAG_2"": 0.02, ""SPXT_LAG_0"": 0.02, ""SPXT_LAG_1"": 0.02, ""SPXT_LAG_2"": 0.02, ""STATE_LAG_0"": 0.02, ""STATE_LAG_1"": 0.5, ""STATE_LAG_2"": 0.2727272727272727}",regularized_bootstrap,1.0,49,"{""DBLCIX_LAG_0"": 74.44843828034755, ""DBLCIX_LAG_1"": 71.80052339811255, ""DBLCIX_LAG_2"": 69.80330691601375, ""DURATION_STATE_0"": 1161.9068844923, ""DURATION_STATE_1"": 446.9032693740969, ""DURATION_STATE_2"": 1061.1595434511678, ""DURATION_STATE_3"": 139.95591949900654, ""IBOXIG_LAG_0"": 41.8652417161843, ""IBOXIG_LAG_1"": 38.28479318854261, ""IBOXIG_LAG_2"": 43.809309863992894, ""JPEICORE_LAG_0"": 58.618251284186954, ""JPEICORE_LAG_1"": 47.782468125230025, ""JPEICORE_LAG_2"": 44.43398727804515, ""LBUTTRUU_LAG_0"": 40.20546946570039, ""LBUTTRUU_LAG_1"": 34.99581042528234, ""LBUTTRUU_LAG_2"": 31.724727650129807, ""LT11TRUU_LAG_0"": 92.92315763309534, ""LT11TRUU_LAG_1"": 84.28797271630674, ""LT11TRUU_LAG_2"": 83.05991795973205, ""SPXT_LAG_0"": 125.4963199826957, ""SPXT_LAG_1"": 118.23341162199995, ""SPXT_LAG_2"": 115.7759825768926, ""STATE_LAG_0"": 1646.7190693613923, ""STATE_LAG_1"": -3.8820044210297056e-06, ""STATE_LAG_2"": -3.8820044210297056e-06}","{""DBLCIX_LAG_0"": 49, ""DBLCIX_LAG_1"": 49, ""DBLCIX_LAG_2"": 49, ""DURATION_STATE_0"": 49, ""DURATION_STATE_1"": 49, ""DURATION_STATE_2"": 49, ""DURATION_STATE_3"": 49, ""IBOXIG_LAG_0"": 49, ""IBOXIG_LAG_1"": 49, ""IBOXIG_LAG_2"": 49, ""JPEICORE_LAG_0"": 49, ""JPEICORE_LAG_1"": 49, ""JPEICORE_LAG_2"": 49, ""LBUTTRUU_LAG_0"": 49, ""LBUTTRUU_LAG_1"": 49, ""LBUTTRUU_LAG_2"": 49, ""LT11TRUU_LAG_0"": 49, ""LT11TRUU_LAG_1"": 49, ""LT11TRUU_LAG_2"": 49, ""SPXT_LAG_0"": 49, ""SPXT_LAG_1"": 49, ""SPXT_LAG_2"": 49, ""STATE_LAG_0"": 49, ""STATE_LAG_1"": 5, ""STATE_LAG_2"": 10}",2316,prediction,2017-01-03,2023-12-05,0.1,10.0,1730
multinomial_logistic_gam,0.6202079042351586,0.8164021164021164,0.32345477213087265,4,2,2,4,0.05,23,STATE_LAG_0|SPXT_LAG_0|DBLCIX_LAG_0|IBOXIG_LAG_0|JPEICORE_LAG_0|LT11TRUU_LAG_0|LBUTTRUU_LAG_0|SPXT_LAG_1|DBLCIX_LAG_1|IBOXIG_LAG_1|JPEICORE_LAG_1|LT11TRUU_LAG_1|LBUTTRUU_LAG_1|SPXT_LAG_2|DBLCIX_LAG_2|IBOXIG_LAG_2|JPEICORE_LAG_2|LT11TRUU_LAG_2|LBUTTRUU_LAG_2|DURATION_STATE_0|DURATION_STATE_1|DURATION_STATE_2|DURATION_STATE_3,0.02,True,"{""DBLCIX_LAG_0"": 0.02, ""DBLCIX_LAG_1"": 0.02, ""DBLCIX_LAG_2"": 0.02, ""DURATION_STATE_0"": 0.02, ""DURATION_STATE_1"": 0.02, ""DURATION_STATE_2"": 0.02, ""DURATION_STATE_3"": 0.02, ""IBOXIG_LAG_0"": 0.02, ""IBOXIG_LAG_1"": 0.02, ""IBOXIG_LAG_2"": 0.02, ""JPEICORE_LAG_0"": 0.02, ""JPEICORE_LAG_1"": 0.02, ""JPEICORE_LAG_2"": 0.02, ""LBUTTRUU_LAG_0"": 0.02, ""LBUTTRUU_LAG_1"": 0.02, ""LBUTTRUU_LAG_2"": 0.02, ""LT11TRUU_LAG_0"": 0.02, ""LT11TRUU_LAG_1"": 0.02, ""LT11TRUU_LAG_2"": 0.02, ""SPXT_LAG_0"": 0.02, ""SPXT_LAG_1"": 0.02, ""SPXT_LAG_2"": 0.02, ""STATE_LAG_0"": 0.02, ""STATE_LAG_1"": 0.5, ""STATE_LAG_2"": 0.2727272727272727}",regularized_bootstrap,1.0,49,"{""DBLCIX_LAG_0"": 74.44843828034755, ""DBLCIX_LAG_1"": 71.80052339811255, ""DBLCIX_LAG_2"": 69.80330691601375, ""DURATION_STATE_0"": 1161.9068844923, ""DURATION_STATE_1"": 446.9032693740969, ""DURATION_STATE_2"": 1061.1595434511678, ""DURATION_STATE_3"": 139.95591949900654, ""IBOXIG_LAG_0"": 41.8652417161843, ""IBOXIG_LAG_1"": 38.28479318854261, ""IBOXIG_LAG_2"": 43.809309863992894, ""JPEICORE_LAG_0"": 58.618251284186954, ""JPEICORE_LAG_1"": 47.782468125230025, ""JPEICORE_LAG_2"": 44.43398727804515, ""LBUTTRUU_LAG_0"": 40.20546946570039, ""LBUTTRUU_LAG_1"": 34.99581042528234, ""LBUTTRUU_LAG_2"": 31.724727650129807, ""LT11TRUU_LAG_0"": 92.92315763309534, ""LT11TRUU_LAG_1"": 84.28797271630674, ""LT11TRUU_LAG_2"": 83.05991795973205, ""SPXT_LAG_0"": 125.4963199826957, ""SPXT_LAG_1"": 118.23341162199995, ""SPXT_LAG_2"": 115.7759825768926, ""STATE_LAG_0"": 1646.7190693613923, ""STATE_LAG_1"": -3.8820044210297056e-06, ""STATE_LAG_2"": -3.8820044210297056e-06}","{""DBLCIX_LAG_0"": 49, ""DBLCIX_LAG_1"": 49, ""DBLCIX_LAG_2"": 49, ""DURATION_STATE_0"": 49, ""DURATION_STATE_1"": 49, ""DURATION_STATE_2"": 49, ""DURATION_STATE_3"": 49, ""IBOXIG_LAG_0"": 49, ""IBOXIG_LAG_1"": 49, ""IBOXIG_LAG_2"": 49, ""JPEICORE_LAG_0"": 49, ""JPEICORE_LAG_1"": 49, ""JPEICORE_LAG_2"": 49, ""LBUTTRUU_LAG_0"": 49, ""LBUTTRUU_LAG_1"": 49, ""LBUTTRUU_LAG_2"": 49, ""LT11TRUU_LAG_0"": 49, ""LT11TRUU_LAG_1"": 49, ""LT11TRUU_LAG_2"": 49, ""SPXT_LAG_0"": 49, ""SPXT_LAG_1"": 49, ""SPXT_LAG_2"": 49, ""STATE_LAG_0"": 49, ""STATE_LAG_1"": 5, ""STATE_LAG_2"": 10}",2316,validation,2009-06-02,2016-12-30,1.0,1.0,1890
multinomial_logistic_gam,0.44922287979322717,0.876878612716763,0.215615652704344,4,2,2,4,0.05,23,STATE_LAG_0|SPXT_LAG_0|DBLCIX_LAG_0|IBOXIG_LAG_0|JPEICORE_LAG_0|LT11TRUU_LAG_0|LBUTTRUU_LAG_0|SPXT_LAG_1|DBLCIX_LAG_1|IBOXIG_LAG_1|JPEICORE_LAG_1|LT11TRUU_LAG_1|LBUTTRUU_LAG_1|SPXT_LAG_2|DBLCIX_LAG_2|IBOXIG_LAG_2|JPEICORE_LAG_2|LT11TRUU_LAG_2|LBUTTRUU_LAG_2|DURATION_STATE_0|DURATION_STATE_1|DURATION_STATE_2|DURATION_STATE_3,0.02,True,"{""DBLCIX_LAG_0"": 0.02, ""DBLCIX_LAG_1"": 0.02, ""DBLCIX_LAG_2"": 0.02, ""DURATION_STATE_0"": 0.02, ""DURATION_STATE_1"": 0.02, ""DURATION_STATE_2"": 0.02, ""DURATION_STATE_3"": 0.02, ""IBOXIG_LAG_0"": 0.02, ""IBOXIG_LAG_1"": 0.02, ""IBOXIG_LAG_2"": 0.02, ""JPEICORE_LAG_0"": 0.02, ""JPEICORE_LAG_1"": 0.02, ""JPEICORE_LAG_2"": 0.02, ""LBUTTRUU_LAG_0"": 0.02, ""LBUTTRUU_LAG_1"": 0.02, ""LBUTTRUU_LAG_2"": 0.02, ""LT11TRUU_LAG_0"": 0.02, ""LT11TRUU_LAG_1"": 0.02, ""LT11TRUU_LAG_2"": 0.02, ""SPXT_LAG_0"": 0.02, ""SPXT_LAG_1"": 0.02, ""SPXT_LAG_2"": 0.02, ""STATE_LAG_0"": 0.02, ""STATE_LAG_1"": 0.5, ""STATE_LAG_2"": 0.2727272727272727}",regularized_bootstrap,1.0,49,"{""DBLCIX_LAG_0"": 74.44843828034755, ""DBLCIX_LAG_1"": 71.80052339811255, ""DBLCIX_LAG_2"": 69.80330691601375, ""DURATION_STATE_0"": 1161.9068844923, ""DURATION_STATE_1"": 446.9032693740969, ""DURATION_STATE_2"": 1061.1595434511678, ""DURATION_STATE_3"": 139.95591949900654, ""IBOXIG_LAG_0"": 41.8652417161843, ""IBOXIG_LAG_1"": 38.28479318854261, ""IBOXIG_LAG_2"": 43.809309863992894, ""JPEICORE_LAG_0"": 58.618251284186954, ""JPEICORE_LAG_1"": 47.782468125230025, ""JPEICORE_LAG_2"": 44.43398727804515, ""LBUTTRUU_LAG_0"": 40.20546946570039, ""LBUTTRUU_LAG_1"": 34.99581042528234, ""LBUTTRUU_LAG_2"": 31.724727650129807, ""LT11TRUU_LAG_0"": 92.92315763309534, ""LT11TRUU_LAG_1"": 84.28797271630674, ""LT11TRUU_LAG_2"": 83.05991795973205, ""SPXT_LAG_0"": 125.4963199826957, ""SPXT_LAG_1"": 118.23341162199995, ""SPXT_LAG_2"": 115.7759825768926, ""STATE_LAG_0"": 1646.7190693613923, ""STATE_LAG_1"": -3.8820044210297056e-06, ""STATE_LAG_2"": -3.8820044210297056e-06}","{""DBLCIX_LAG_0"": 49, ""DBLCIX_LAG_1"": 49, ""DBLCIX_LAG_2"": 49, ""DURATION_STATE_0"": 49, ""DURATION_STATE_1"": 49, ""DURATION_STATE_2"": 49, ""DURATION_STATE_3"": 49, ""IBOXIG_LAG_0"": 49, ""IBOXIG_LAG_1"": 49, ""IBOXIG_LAG_2"": 49, ""JPEICORE_LAG_0"": 49, ""JPEICORE_LAG_1"": 49, ""JPEICORE_LAG_2"": 49, ""LBUTTRUU_LAG_0"": 49, ""LBUTTRUU_LAG_1"": 49, ""LBUTTRUU_LAG_2"": 49, ""LT11TRUU_LAG_0"": 49, ""LT11TRUU_LAG_1"": 49, ""LT11TRUU_LAG_2"": 49, ""SPXT_LAG_0"": 49, ""SPXT_LAG_1"": 49, ""SPXT_LAG_2"": 49, ""STATE_LAG_0"": 49, ""STATE_LAG_1"": 5, ""STATE_LAG_2"": 10}",2316,prediction,2017-01-03,2023-12-05,1.0,1.0,1730
multinomial_logistic_gam,0.7095934524669609,0.8126984126984127,0.33495374308657,4,2,2,4,0.05,23,STATE_LAG_0|SPXT_LAG_0|DBLCIX_LAG_0|IBOXIG_LAG_0|JPEICORE_LAG_0|LT11TRUU_LAG_0|LBUTTRUU_LAG_0|SPXT_LAG_1|DBLCIX_LAG_1|IBOXIG_LAG_1|JPEICORE_LAG_1|LT11TRUU_LAG_1|LBUTTRUU_LAG_1|SPXT_LAG_2|DBLCIX_LAG_2|IBOXIG_LAG_2|JPEICORE_LAG_2|LT11TRUU_LAG_2|LBUTTRUU_LAG_2|DURATION_STATE_0|DURATION_STATE_1|DURATION_STATE_2|DURATION_STATE_3,0.02,True,"{""DBLCIX_LAG_0"": 0.02, ""DBLCIX_LAG_1"": 0.02, ""DBLCIX_LAG_2"": 0.02, ""DURATION_STATE_0"": 0.02, ""DURATION_STATE_1"": 0.02, ""DURATION_STATE_2"": 0.02, ""DURATION_STATE_3"": 0.02, ""IBOXIG_LAG_0"": 0.02, ""IBOXIG_LAG_1"": 0.02, ""IBOXIG_LAG_2"": 0.02, ""JPEICORE_LAG_0"": 0.02, ""JPEICORE_LAG_1"": 0.02, ""JPEICORE_LAG_2"": 0.02, ""LBUTTRUU_LAG_0"": 0.02, ""LBUTTRUU_LAG_1"": 0.02, ""LBUTTRUU_LAG_2"": 0.02, ""LT11TRUU_LAG_0"": 0.02, ""LT11TRUU_LAG_1"": 0.02, ""LT11TRUU_LAG_2"": 0.02, ""SPXT_LAG_0"": 0.02, ""SPXT_LAG_1"": 0.02, ""SPXT_LAG_2"": 0.02, ""STATE_LAG_0"": 0.02, ""STATE_LAG_1"": 0.5, ""STATE_LAG_2"": 0.2727272727272727}",regularized_bootstrap,1.0,49,"{""DBLCIX_LAG_0"": 74.44843828034755, ""DBLCIX_LAG_1"": 71.80052339811255, ""DBLCIX_LAG_2"": 69.80330691601375, ""DURATION_STATE_0"": 1161.9068844923, ""DURATION_STATE_1"": 446.9032693740969, ""DURATION_STATE_2"": 1061.1595434511678, ""DURATION_STATE_3"": 139.95591949900654, ""IBOXIG_LAG_0"": 41.8652417161843, ""IBOXIG_LAG_1"": 38.28479318854261, ""IBOXIG_LAG_2"": 43.809309863992894, ""JPEICORE_LAG_0"": 58.618251284186954, ""JPEICORE_LAG_1"": 47.782468125230025, ""JPEICORE_LAG_2"": 44.43398727804515, ""LBUTTRUU_LAG_0"": 40.20546946570039, ""LBUTTRUU_LAG_1"": 34.99581042528234, ""LBUTTRUU_LAG_2"": 31.724727650129807, ""LT11TRUU_LAG_0"": 92.92315763309534, ""LT11TRUU_LAG_1"": 84.28797271630674, ""LT11TRUU_LAG_2"": 83.05991795973205, ""SPXT_LAG_0"": 125.4963199826957, ""SPXT_LAG_1"": 118.23341162199995, ""SPXT_LAG_2"": 115.7759825768926, ""STATE_LAG_0"": 1646.7190693613923, ""STATE_LAG_1"": -3.8820044210297056e-06, ""STATE_LAG_2"": -3.8820044210297056e-06}","{""DBLCIX_LAG_0"": 49, ""DBLCIX_LAG_1"": 49, ""DBLCIX_LAG_2"": 49, ""DURATION_STATE_0"": 49, ""DURATION_STATE_1"": 49, ""DURATION_STATE_2"": 49, ""DURATION_STATE_3"": 49, ""IBOXIG_LAG_0"": 49, ""IBOXIG_LAG_1"": 49, ""IBOXIG_LAG_2"": 49, ""JPEICORE_LAG_0"": 49, ""JPEICORE_LAG_1"": 49, ""JPEICORE_LAG_2"": 49, ""LBUTTRUU_LAG_0"": 49, ""LBUTTRUU_LAG_1"": 49, ""LBUTTRUU_LAG_2"": 49, ""LT11TRUU_LAG_0"": 49, ""LT11TRUU_LAG_1"": 49, ""LT11TRUU_LAG_2"": 49, ""SPXT_LAG_0"": 49, ""SPXT_LAG_1"": 49, ""SPXT_LAG_2"": 49, ""STATE_LAG_0"": 49, ""STATE_LAG_1"": 5, ""STATE_LAG_2"": 10}",2316,validation,2009-06-02,2016-12-30,10.0,0.1,1890
multinomial_logistic_gam,0.5289699317452953,0.8751445086705202,0.22201377805599767,4,2,2,4,0.05,23,STATE_LAG_0|SPXT_LAG_0|DBLCIX_LAG_0|IBOXIG_LAG_0|JPEICORE_LAG_0|LT11TRUU_LAG_0|LBUTTRUU_LAG_0|SPXT_LAG_1|DBLCIX_LAG_1|IBOXIG_LAG_1|JPEICORE_LAG_1|LT11TRUU_LAG_1|LBUTTRUU_LAG_1|SPXT_LAG_2|DBLCIX_LAG_2|IBOXIG_LAG_2|JPEICORE_LAG_2|LT11TRUU_LAG_2|LBUTTRUU_LAG_2|DURATION_STATE_0|DURATION_STATE_1|DURATION_STATE_2|DURATION_STATE_3,0.02,True,"{""DBLCIX_LAG_0"": 0.02, ""DBLCIX_LAG_1"": 0.02, ""DBLCIX_LAG_2"": 0.02, ""DURATION_STATE_0"": 0.02, ""DURATION_STATE_1"": 0.02, ""DURATION_STATE_2"": 0.02, ""DURATION_STATE_3"": 0.02, ""IBOXIG_LAG_0"": 0.02, ""IBOXIG_LAG_1"": 0.02, ""IBOXIG_LAG_2"": 0.02, ""JPEICORE_LAG_0"": 0.02, ""JPEICORE_LAG_1"": 0.02, ""JPEICORE_LAG_2"": 0.02, ""LBUTTRUU_LAG_0"": 0.02, ""LBUTTRUU_LAG_1"": 0.02, ""LBUTTRUU_LAG_2"": 0.02, ""LT11TRUU_LAG_0"": 0.02, ""LT11TRUU_LAG_1"": 0.02, ""LT11TRUU_LAG_2"": 0.02, ""SPXT_LAG_0"": 0.02, ""SPXT_LAG_1"": 0.02, ""SPXT_LAG_2"": 0.02, ""STATE_LAG_0"": 0.02, ""STATE_LAG_1"": 0.5, ""STATE_LAG_2"": 0.2727272727272727}",regularized_bootstrap,1.0,49,"{""DBLCIX_LAG_0"": 74.44843828034755, ""DBLCIX_LAG_1"": 71.80052339811255, ""DBLCIX_LAG_2"": 69.80330691601375, ""DURATION_STATE_0"": 1161.9068844923, ""DURATION_STATE_1"": 446.9032693740969, ""DURATION_STATE_2"": 1061.1595434511678, ""DURATION_STATE_3"": 139.95591949900654, ""IBOXIG_LAG_0"": 41.8652417161843, ""IBOXIG_LAG_1"": 38.28479318854261, ""IBOXIG_LAG_2"": 43.809309863992894, ""JPEICORE_LAG_0"": 58.618251284186954, ""JPEICORE_LAG_1"": 47.782468125230025, ""JPEICORE_LAG_2"": 44.43398727804515, ""LBUTTRUU_LAG_0"": 40.20546946570039, ""LBUTTRUU_LAG_1"": 34.99581042528234, ""LBUTTRUU_LAG_2"": 31.724727650129807, ""LT11TRUU_LAG_0"": 92.92315763309534, ""LT11TRUU_LAG_1"": 84.28797271630674, ""LT11TRUU_LAG_2"": 83.05991795973205, ""SPXT_LAG_0"": 125.4963199826957, ""SPXT_LAG_1"": 118.23341162199995, ""SPXT_LAG_2"": 115.7759825768926, ""STATE_LAG_0"": 1646.7190693613923, ""STATE_LAG_1"": -3.8820044210297056e-06, ""STATE_LAG_2"": -3.8820044210297056e-06}","{""DBLCIX_LAG_0"": 49, ""DBLCIX_LAG_1"": 49, ""DBLCIX_LAG_2"": 49, ""DURATION_STATE_0"": 49, ""DURATION_STATE_1"": 49, ""DURATION_STATE_2"": 49, ""DURATION_STATE_3"": 49, ""IBOXIG_LAG_0"": 49, ""IBOXIG_LAG_1"": 49, ""IBOXIG_LAG_2"": 49, ""JPEICORE_LAG_0"": 49, ""JPEICORE_LAG_1"": 49, ""JPEICORE_LAG_2"": 49, ""LBUTTRUU_LAG_0"": 49, ""LBUTTRUU_LAG_1"": 49, ""LBUTTRUU_LAG_2"": 49, ""LT11TRUU_LAG_0"": 49, ""LT11TRUU_LAG_1"": 49, ""LT11TRUU_LAG_2"": 49, ""SPXT_LAG_0"": 49, ""SPXT_LAG_1"": 49, ""SPXT_LAG_2"": 49, ""STATE_LAG_0"": 49, ""STATE_LAG_1"": 5, ""STATE_LAG_2"": 10}",2316,prediction,2017-01-03,2023-12-05,10.0,0.1,1730
multinomial_logistic_gam,0.5682702099013984,0.8068783068783069,0.3120059351783427,4,2,2,6,0.05,23,STATE_LAG_0|SPXT_LAG_0|DBLCIX_LAG_0|IBOXIG_LAG_0|JPEICORE_LAG_0|LT11TRUU_LAG_0|LBUTTRUU_LAG_0|SPXT_LAG_1|DBLCIX_LAG_1|IBOXIG_LAG_1|JPEICORE_LAG_1|LT11TRUU_LAG_1|LBUTTRUU_LAG_1|SPXT_LAG_2|DBLCIX_LAG_2|IBOXIG_LAG_2|JPEICORE_LAG_2|LT11TRUU_LAG_2|LBUTTRUU_LAG_2|DURATION_STATE_0|DURATION_STATE_1|DURATION_STATE_2|DURATION_STATE_3,0.02,True,"{""DBLCIX_LAG_0"": 0.02, ""DBLCIX_LAG_1"": 0.02, ""DBLCIX_LAG_2"": 0.02, ""DURATION_STATE_0"": 0.02, ""DURATION_STATE_1"": 0.02, ""DURATION_STATE_2"": 0.02, ""DURATION_STATE_3"": 0.02, ""IBOXIG_LAG_0"": 0.02, ""IBOXIG_LAG_1"": 0.02, ""IBOXIG_LAG_2"": 0.02, ""JPEICORE_LAG_0"": 0.02, ""JPEICORE_LAG_1"": 0.02, ""JPEICORE_LAG_2"": 0.02, ""LBUTTRUU_LAG_0"": 0.02, ""LBUTTRUU_LAG_1"": 0.02, ""LBUTTRUU_LAG_2"": 0.02, ""LT11TRUU_LAG_0"": 0.02, ""LT11TRUU_LAG_1"": 0.02, ""LT11TRUU_LAG_2"": 0.02, ""SPXT_LAG_0"": 0.02, ""SPXT_LAG_1"": 0.02, ""SPXT_LAG_2"": 0.02, ""STATE_LAG_0"": 0.02, ""STATE_LAG_1"": 0.5, ""STATE_LAG_2"": 0.2727272727272727}",regularized_bootstrap,1.0,49,"{""DBLCIX_LAG_0"": 87.98905570592524, ""DBLCIX_LAG_1"": 85.25666597575582, ""DBLCIX_LAG_2"": 81.4079874184954, ""DURATION_STATE_0"": 1189.9950382354073, ""DURATION_STATE_1"": 453.7591866043979, ""DURATION_STATE_2"": 1079.7022503223131, ""DURATION_STATE_3"": 142.5118646316489, ""IBOXIG_LAG_0"": 71.1719226250516, ""IBOXIG_LAG_1"": 66.03535707106721, ""IBOXIG_LAG_2"": 64.16403691220194, ""JPEICORE_LAG_0"": 114.7015988833723, ""JPEICORE_LAG_1"": 98.6083034460953, ""JPEICORE_LAG_2"": 90.04955368622223, ""LBUTTRUU_LAG_0"": 72.17505126319793, ""LBUTTRUU_LAG_1"": 66.32534114506097, ""LBUTTRUU_LAG_2"": 63.39097312578815, ""LT11TRUU_LAG_0"": 126.44975145586773, ""LT11TRUU_LAG_1"": 114.12592100451457, ""LT11TRUU_LAG_2"": 111.03697816230397, ""SPXT_LAG_0"": 239.3868729541391, ""SPXT_LAG_1"": 216.27520210934472, ""SPXT_LAG_2"": 209.9006370275988, ""STATE_LAG_0"": 1646.7190693613923, ""STATE_LAG_1"": -3.8820044210297056e-06, ""STATE_LAG_2"": -3.8820044210297056e-06}","{""DBLCIX_LAG_0"": 49, ""DBLCIX_LAG_1"": 49, ""DBLCIX_LAG_2"": 49, ""DURATION_STATE_0"": 49, ""DURATION_STATE_1"": 49, ""DURATION_STATE_2"": 49, ""DURATION_STATE_3"": 49, ""IBOXIG_LAG_0"": 49, ""IBOXIG_LAG_1"": 49, ""IBOXIG_LAG_2"": 49, ""JPEICORE_LAG_0"": 49, ""JPEICORE_LAG_1"": 49, ""JPEICORE_LAG_2"": 49, ""LBUTTRUU_LAG_0"": 49, ""LBUTTRUU_LAG_1"": 49, ""LBUTTRUU_LAG_2"": 49, ""LT11TRUU_LAG_0"": 49, ""LT11TRUU_LAG_1"": 49, ""LT11TRUU_LAG_2"": 49, ""SPXT_LAG_0"": 49, ""SPXT_LAG_1"": 49, ""SPXT_LAG_2"": 49, ""STATE_LAG_0"": 49, ""STATE_LAG_1"": 5, ""STATE_LAG_2"": 10}",2316,validation,2009-06-02,2016-12-30,0.01,100.0,1890
multinomial_logistic_gam,0.4060465204344767,0.876878612716763,0.20521215839037596,4,2,2,6,0.05,23,STATE_LAG_0|SPXT_LAG_0|DBLCIX_LAG_0|IBOXIG_LAG_0|JPEICORE_LAG_0|LT11TRUU_LAG_0|LBUTTRUU_LAG_0|SPXT_LAG_1|DBLCIX_LAG_1|IBOXIG_LAG_1|JPEICORE_LAG_1|LT11TRUU_LAG_1|LBUTTRUU_LAG_1|SPXT_LAG_2|DBLCIX_LAG_2|IBOXIG_LAG_2|JPEICORE_LAG_2|LT11TRUU_LAG_2|LBUTTRUU_LAG_2|DURATION_STATE_0|DURATION_STATE_1|DURATION_STATE_2|DURATION_STATE_3,0.02,True,"{""DBLCIX_LAG_0"": 0.02, ""DBLCIX_LAG_1"": 0.02, ""DBLCIX_LAG_2"": 0.02, ""DURATION_STATE_0"": 0.02, ""DURATION_STATE_1"": 0.02, ""DURATION_STATE_2"": 0.02, ""DURATION_STATE_3"": 0.02, ""IBOXIG_LAG_0"": 0.02, ""IBOXIG_LAG_1"": 0.02, ""IBOXIG_LAG_2"": 0.02, ""JPEICORE_LAG_0"": 0.02, ""JPEICORE_LAG_1"": 0.02, ""JPEICORE_LAG_2"": 0.02, ""LBUTTRUU_LAG_0"": 0.02, ""LBUTTRUU_LAG_1"": 0.02, ""LBUTTRUU_LAG_2"": 0.02, ""LT11TRUU_LAG_0"": 0.02, ""LT11TRUU_LAG_1"": 0.02, ""LT11TRUU_LAG_2"": 0.02, ""SPXT_LAG_0"": 0.02, ""SPXT_LAG_1"": 0.02, ""SPXT_LAG_2"": 0.02, ""STATE_LAG_0"": 0.02, ""STATE_LAG_1"": 0.5, ""STATE_LAG_2"": 0.2727272727272727}",regularized_bootstrap,1.0,49,"{""DBLCIX_LAG_0"": 87.98905570592524, ""DBLCIX_LAG_1"": 85.25666597575582, ""DBLCIX_LAG_2"": 81.4079874184954, ""DURATION_STATE_0"": 1189.9950382354073, ""DURATION_STATE_1"": 453.7591866043979, ""DURATION_STATE_2"": 1079.7022503223131, ""DURATION_STATE_3"": 142.5118646316489, ""IBOXIG_LAG_0"": 71.1719226250516, ""IBOXIG_LAG_1"": 66.03535707106721, ""IBOXIG_LAG_2"": 64.16403691220194, ""JPEICORE_LAG_0"": 114.7015988833723, ""JPEICORE_LAG_1"": 98.6083034460953, ""JPEICORE_LAG_2"": 90.04955368622223, ""LBUTTRUU_LAG_0"": 72.17505126319793, ""LBUTTRUU_LAG_1"": 66.32534114506097, ""LBUTTRUU_LAG_2"": 63.39097312578815, ""LT11TRUU_LAG_0"": 126.44975145586773, ""LT11TRUU_LAG_1"": 114.12592100451457, ""LT11TRUU_LAG_2"": 111.03697816230397, ""SPXT_LAG_0"": 239.3868729541391, ""SPXT_LAG_1"": 216.27520210934472, ""SPXT_LAG_2"": 209.9006370275988, ""STATE_LAG_0"": 1646.7190693613923, ""STATE_LAG_1"": -3.8820044210297056e-06, ""STATE_LAG_2"": -3.8820044210297056e-06}","{""DBLCIX_LAG_0"": 49, ""DBLCIX_LAG_1"": 49, ""DBLCIX_LAG_2"": 49, ""DURATION_STATE_0"": 49, ""DURATION_STATE_1"": 49, ""DURATION_STATE_2"": 49, ""DURATION_STATE_3"": 49, ""IBOXIG_LAG_0"": 49, ""IBOXIG_LAG_1"": 49, ""IBOXIG_LAG_2"": 49, ""JPEICORE_LAG_0"": 49, ""JPEICORE_LAG_1"": 49, ""JPEICORE_LAG_2"": 49, ""LBUTTRUU_LAG_0"": 49, ""LBUTTRUU_LAG_1"": 49, ""LBUTTRUU_LAG_2"": 49, ""LT11TRUU_LAG_0"": 49, ""LT11TRUU_LAG_1"": 49, ""LT11TRUU_LAG_2"": 49, ""SPXT_LAG_0"": 49, ""SPXT_LAG_1"": 49, ""SPXT_LAG_2"": 49, ""STATE_LAG_0"": 49, ""STATE_LAG_1"": 5, ""STATE_LAG_2"": 10}",2316,prediction,2017-01-03,2023-12-05,0.01,100.0,1730
multinomial_logistic_gam,0.5800868169787742,0.8132275132275132,0.31539311238171774,4,2,2,6,0.05,23,STATE_LAG_0|SPXT_LAG_0|DBLCIX_LAG_0|IBOXIG_LAG_0|JPEICORE_LAG_0|LT11TRUU_LAG_0|LBUTTRUU_LAG_0|SPXT_LAG_1|DBLCIX_LAG_1|IBOXIG_LAG_1|JPEICORE_LAG_1|LT11TRUU_LAG_1|LBUTTRUU_LAG_1|SPXT_LAG_2|DBLCIX_LAG_2|IBOXIG_LAG_2|JPEICORE_LAG_2|LT11TRUU_LAG_2|LBUTTRUU_LAG_2|DURATION_STATE_0|DURATION_STATE_1|DURATION_STATE_2|DURATION_STATE_3,0.02,True,"{""DBLCIX_LAG_0"": 0.02, ""DBLCIX_LAG_1"": 0.02, ""DBLCIX_LAG_2"": 0.02, ""DURATION_STATE_0"": 0.02, ""DURATION_STATE_1"": 0.02, ""DURATION_STATE_2"": 0.02, ""DURATION_STATE_3"": 0.02, ""IBOXIG_LAG_0"": 0.02, ""IBOXIG_LAG_1"": 0.02, ""IBOXIG_LAG_2"": 0.02, ""JPEICORE_LAG_0"": 0.02, ""JPEICORE_LAG_1"": 0.02, ""JPEICORE_LAG_2"": 0.02, ""LBUTTRUU_LAG_0"": 0.02, ""LBUTTRUU_LAG_1"": 0.02, ""LBUTTRUU_LAG_2"": 0.02, ""LT11TRUU_LAG_0"": 0.02, ""LT11TRUU_LAG_1"": 0.02, ""LT11TRUU_LAG_2"": 0.02, ""SPXT_LAG_0"": 0.02, ""SPXT_LAG_1"": 0.02, ""SPXT_LAG_2"": 0.02, ""STATE_LAG_0"": 0.02, ""STATE_LAG_1"": 0.5, ""STATE_LAG_2"": 0.2727272727272727}",regularized_bootstrap,1.0,49,"{""DBLCIX_LAG_0"": 87.98905570592524, ""DBLCIX_LAG_1"": 85.25666597575582, ""DBLCIX_LAG_2"": 81.4079874184954, ""DURATION_STATE_0"": 1189.9950382354073, ""DURATION_STATE_1"": 453.7591866043979, ""DURATION_STATE_2"": 1079.7022503223131, ""DURATION_STATE_3"": 142.5118646316489, ""IBOXIG_LAG_0"": 71.1719226250516, ""IBOXIG_LAG_1"": 66.03535707106721, ""IBOXIG_LAG_2"": 64.16403691220194, ""JPEICORE_LAG_0"": 114.7015988833723, ""JPEICORE_LAG_1"": 98.6083034460953, ""JPEICORE_LAG_2"": 90.04955368622223, ""LBUTTRUU_LAG_0"": 72.17505126319793, ""LBUTTRUU_LAG_1"": 66.32534114506097, ""LBUTTRUU_LAG_2"": 63.39097312578815, ""LT11TRUU_LAG_0"": 126.44975145586773, ""LT11TRUU_LAG_1"": 114.12592100451457, ""LT11TRUU_LAG_2"": 111.03697816230397, ""SPXT_LAG_0"": 239.3868729541391, ""SPXT_LAG_1"": 216.27520210934472, ""SPXT_LAG_2"": 209.9006370275988, ""STATE_LAG_0"": 1646.7190693613923, ""STATE_LAG_1"": -3.8820044210297056e-06, ""STATE_LAG_2"": -3.8820044210297056e-06}","{""DBLCIX_LAG_0"": 49, ""DBLCIX_LAG_1"": 49, ""DBLCIX_LAG_2"": 49, ""DURATION_STATE_0"": 49, ""DURATION_STATE_1"": 49, ""DURATION_STATE_2"": 49, ""DURATION_STATE_3"": 49, ""IBOXIG_LAG_0"": 49, ""IBOXIG_LAG_1"": 49, ""IBOXIG_LAG_2"": 49, ""JPEICORE_LAG_0"": 49, ""JPEICORE_LAG_1"": 49, ""JPEICORE_LAG_2"": 49, ""LBUTTRUU_LAG_0"": 49, ""LBUTTRUU_LAG_1"": 49, ""LBUTTRUU_LAG_2"": 49, ""LT11TRUU_LAG_0"": 49, ""LT11TRUU_LAG_1"": 49, ""LT11TRUU_LAG_2"": 49, ""SPXT_LAG_0"": 49, ""SPXT_LAG_1"": 49, ""SPXT_LAG_2"": 49, ""STATE_LAG_0"": 49, ""STATE_LAG_1"": 5, ""STATE_LAG_2"": 10}",2316,validation,2009-06-02,2016-12-30,0.1,10.0,1890
multinomial_logistic_gam,0.41214927112785077,0.8780346820809248,0.2081004009927959,4,2,2,6,0.05,23,STATE_LAG_0|SPXT_LAG_0|DBLCIX_LAG_0|IBOXIG_LAG_0|JPEICORE_LAG_0|LT11TRUU_LAG_0|LBUTTRUU_LAG_0|SPXT_LAG_1|DBLCIX_LAG_1|IBOXIG_LAG_1|JPEICORE_LAG_1|LT11TRUU_LAG_1|LBUTTRUU_LAG_1|SPXT_LAG_2|DBLCIX_LAG_2|IBOXIG_LAG_2|JPEICORE_LAG_2|LT11TRUU_LAG_2|LBUTTRUU_LAG_2|DURATION_STATE_0|DURATION_STATE_1|DURATION_STATE_2|DURATION_STATE_3,0.02,True,"{""DBLCIX_LAG_0"": 0.02, ""DBLCIX_LAG_1"": 0.02, ""DBLCIX_LAG_2"": 0.02, ""DURATION_STATE_0"": 0.02, ""DURATION_STATE_1"": 0.02, ""DURATION_STATE_2"": 0.02, ""DURATION_STATE_3"": 0.02, ""IBOXIG_LAG_0"": 0.02, ""IBOXIG_LAG_1"": 0.02, ""IBOXIG_LAG_2"": 0.02, ""JPEICORE_LAG_0"": 0.02, ""JPEICORE_LAG_1"": 0.02, ""JPEICORE_LAG_2"": 0.02, ""LBUTTRUU_LAG_0"": 0.02, ""LBUTTRUU_LAG_1"": 0.02, ""LBUTTRUU_LAG_2"": 0.02, ""LT11TRUU_LAG_0"": 0.02, ""LT11TRUU_LAG_1"": 0.02, ""LT11TRUU_LAG_2"": 0.02, ""SPXT_LAG_0"": 0.02, ""SPXT_LAG_1"": 0.02, ""SPXT_LAG_2"": 0.02, ""STATE_LAG_0"": 0.02, ""STATE_LAG_1"": 0.5, ""STATE_LAG_2"": 0.2727272727272727}",regularized_bootstrap,1.0,49,"{""DBLCIX_LAG_0"": 87.98905570592524, ""DBLCIX_LAG_1"": 85.25666597575582, ""DBLCIX_LAG_2"": 81.4079874184954, ""DURATION_STATE_0"": 1189.9950382354073, ""DURATION_STATE_1"": 453.7591866043979, ""DURATION_STATE_2"": 1079.7022503223131, ""DURATION_STATE_3"": 142.5118646316489, ""IBOXIG_LAG_0"": 71.1719226250516, ""IBOXIG_LAG_1"": 66.03535707106721, ""IBOXIG_LAG_2"": 64.16403691220194, ""JPEICORE_LAG_0"": 114.7015988833723, ""JPEICORE_LAG_1"": 98.6083034460953, ""JPEICORE_LAG_2"": 90.04955368622223, ""LBUTTRUU_LAG_0"": 72.17505126319793, ""LBUTTRUU_LAG_1"": 66.32534114506097, ""LBUTTRUU_LAG_2"": 63.39097312578815, ""LT11TRUU_LAG_0"": 126.44975145586773, ""LT11TRUU_LAG_1"": 114.12592100451457, ""LT11TRUU_LAG_2"": 111.03697816230397, ""SPXT_LAG_0"": 239.3868729541391, ""SPXT_LAG_1"": 216.27520210934472, ""SPXT_LAG_2"": 209.9006370275988, ""STATE_LAG_0"": 1646.7190693613923, ""STATE_LAG_1"": -3.8820044210297056e-06, ""STATE_LAG_2"": -3.8820044210297056e-06}","{""DBLCIX_LAG_0"": 49, ""DBLCIX_LAG_1"": 49, ""DBLCIX_LAG_2"": 49, ""DURATION_STATE_0"": 49, ""DURATION_STATE_1"": 49, ""DURATION_STATE_2"": 49, ""DURATION_STATE_3"": 49, ""IBOXIG_LAG_0"": 49, ""IBOXIG_LAG_1"": 49, ""IBOXIG_LAG_2"": 49, ""JPEICORE_LAG_0"": 49, ""JPEICORE_LAG_1"": 49, ""JPEICORE_LAG_2"": 49, ""LBUTTRUU_LAG_0"": 49, ""LBUTTRUU_LAG_1"": 49, ""LBUTTRUU_LAG_2"": 49, ""LT11TRUU_LAG_0"": 49, ""LT11TRUU_LAG_1"": 49, ""LT11TRUU_LAG_2"": 49, ""SPXT_LAG_0"": 49, ""SPXT_LAG_1"": 49, ""SPXT_LAG_2"": 49, ""STATE_LAG_0"": 49, ""STATE_LAG_1"": 5, ""STATE_LAG_2"": 10}",2316,prediction,2017-01-03,2023-12-05,0.1,10.0,1730
multinomial_logistic_gam,0.6391066593279291,0.8142857142857143,0.3279553568542866,4,2,2,6,0.05,23,STATE_LAG_0|SPXT_LAG_0|DBLCIX_LAG_0|IBOXIG_LAG_0|JPEICORE_LAG_0|LT11TRUU_LAG_0|LBUTTRUU_LAG_0|SPXT_LAG_1|DBLCIX_LAG_1|IBOXIG_LAG_1|JPEICORE_LAG_1|LT11TRUU_LAG_1|LBUTTRUU_LAG_1|SPXT_LAG_2|DBLCIX_LAG_2|IBOXIG_LAG_2|JPEICORE_LAG_2|LT11TRUU_LAG_2|LBUTTRUU_LAG_2|DURATION_STATE_0|DURATION_STATE_1|DURATION_STATE_2|DURATION_STATE_3,0.02,True,"{""DBLCIX_LAG_0"": 0.02, ""DBLCIX_LAG_1"": 0.02, ""DBLCIX_LAG_2"": 0.02, ""DURATION_STATE_0"": 0.02, ""DURATION_STATE_1"": 0.02, ""DURATION_STATE_2"": 0.02, ""DURATION_STATE_3"": 0.02, ""IBOXIG_LAG_0"": 0.02, ""IBOXIG_LAG_1"": 0.02, ""IBOXIG_LAG_2"": 0.02, ""JPEICORE_LAG_0"": 0.02, ""JPEICORE_LAG_1"": 0.02, ""JPEICORE_LAG_2"": 0.02, ""LBUTTRUU_LAG_0"": 0.02, ""LBUTTRUU_LAG_1"": 0.02, ""LBUTTRUU_LAG_2"": 0.02, ""LT11TRUU_LAG_0"": 0.02, ""LT11TRUU_LAG_1"": 0.02, ""LT11TRUU_LAG_2"": 0.02, ""SPXT_LAG_0"": 0.02, ""SPXT_LAG_1"": 0.02, ""SPXT_LAG_2"": 0.02, ""STATE_LAG_0"": 0.02, ""STATE_LAG_1"": 0.5, ""STATE_LAG_2"": 0.2727272727272727}",regularized_bootstrap,1.0,49,"{""DBLCIX_LAG_0"": 87.98905570592524, ""DBLCIX_LAG_1"": 85.25666597575582, ""DBLCIX_LAG_2"": 81.4079874184954, ""DURATION_STATE_0"": 1189.9950382354073, ""DURATION_STATE_1"": 453.7591866043979, ""DURATION_STATE_2"": 1079.7022503223131, ""DURATION_STATE_3"": 142.5118646316489, ""IBOXIG_LAG_0"": 71.1719226250516, ""IBOXIG_LAG_1"": 66.03535707106721, ""IBOXIG_LAG_2"": 64.16403691220194, ""JPEICORE_LAG_0"": 114.7015988833723, ""JPEICORE_LAG_1"": 98.6083034460953, ""JPEICORE_LAG_2"": 90.04955368622223, ""LBUTTRUU_LAG_0"": 72.17505126319793, ""LBUTTRUU_LAG_1"": 66.32534114506097, ""LBUTTRUU_LAG_2"": 63.39097312578815, ""LT11TRUU_LAG_0"": 126.44975145586773, ""LT11TRUU_LAG_1"": 114.12592100451457, ""LT11TRUU_LAG_2"": 111.03697816230397, ""SPXT_LAG_0"": 239.3868729541391, ""SPXT_LAG_1"": 216.27520210934472, ""SPXT_LAG_2"": 209.9006370275988, ""STATE_LAG_0"": 1646.7190693613923, ""STATE_LAG_1"": -3.8820044210297056e-06, ""STATE_LAG_2"": -3.8820044210297056e-06}","{""DBLCIX_LAG_0"": 49, ""DBLCIX_LAG_1"": 49, ""DBLCIX_LAG_2"": 49, ""DURATION_STATE_0"": 49, ""DURATION_STATE_1"": 49, ""DURATION_STATE_2"": 49, ""DURATION_STATE_3"": 49, ""IBOXIG_LAG_0"": 49, ""IBOXIG_LAG_1"": 49, ""IBOXIG_LAG_2"": 49, ""JPEICORE_LAG_0"": 49, ""JPEICORE_LAG_1"": 49, ""JPEICORE_LAG_2"": 49, ""LBUTTRUU_LAG_0"": 49, ""LBUTTRUU_LAG_1"": 49, ""LBUTTRUU_LAG_2"": 49, ""LT11TRUU_LAG_0"": 49, ""LT11TRUU_LAG_1"": 49, ""LT11TRUU_LAG_2"": 49, ""SPXT_LAG_0"": 49, ""SPXT_LAG_1"": 49, ""SPXT_LAG_2"": 49, ""STATE_LAG_0"": 49, ""STATE_LAG_1"": 5, ""STATE_LAG_2"": 10}",2316,validation,2009-06-02,2016-12-30,1.0,1.0,1890
multinomial_logistic_gam,0.46636013187855374,0.8751445086705202,0.21711396499687916,4,2,2,6,0.05,23,STATE_LAG_0|SPXT_LAG_0|DBLCIX_LAG_0|IBOXIG_LAG_0|JPEICORE_LAG_0|LT11TRUU_LAG_0|LBUTTRUU_LAG_0|SPXT_LAG_1|DBLCIX_LAG_1|IBOXIG_LAG_1|JPEICORE_LAG_1|LT11TRUU_LAG_1|LBUTTRUU_LAG_1|SPXT_LAG_2|DBLCIX_LAG_2|IBOXIG_LAG_2|JPEICORE_LAG_2|LT11TRUU_LAG_2|LBUTTRUU_LAG_2|DURATION_STATE_0|DURATION_STATE_1|DURATION_STATE_2|DURATION_STATE_3,0.02,True,"{""DBLCIX_LAG_0"": 0.02, ""DBLCIX_LAG_1"": 0.02, ""DBLCIX_LAG_2"": 0.02, ""DURATION_STATE_0"": 0.02, ""DURATION_STATE_1"": 0.02, ""DURATION_STATE_2"": 0.02, ""DURATION_STATE_3"": 0.02, ""IBOXIG_LAG_0"": 0.02, ""IBOXIG_LAG_1"": 0.02, ""IBOXIG_LAG_2"": 0.02, ""JPEICORE_LAG_0"": 0.02, ""JPEICORE_LAG_1"": 0.02, ""JPEICORE_LAG_2"": 0.02, ""LBUTTRUU_LAG_0"": 0.02, ""LBUTTRUU_LAG_1"": 0.02, ""LBUTTRUU_LAG_2"": 0.02, ""LT11TRUU_LAG_0"": 0.02, ""LT11TRUU_LAG_1"": 0.02, ""LT11TRUU_LAG_2"": 0.02, ""SPXT_LAG_0"": 0.02, ""SPXT_LAG_1"": 0.02, ""SPXT_LAG_2"": 0.02, ""STATE_LAG_0"": 0.02, ""STATE_LAG_1"": 0.5, ""STATE_LAG_2"": 0.2727272727272727}",regularized_bootstrap,1.0,49,"{""DBLCIX_LAG_0"": 87.98905570592524, ""DBLCIX_LAG_1"": 85.25666597575582, ""DBLCIX_LAG_2"": 81.4079874184954, ""DURATION_STATE_0"": 1189.9950382354073, ""DURATION_STATE_1"": 453.7591866043979, ""DURATION_STATE_2"": 1079.7022503223131, ""DURATION_STATE_3"": 142.5118646316489, ""IBOXIG_LAG_0"": 71.1719226250516, ""IBOXIG_LAG_1"": 66.03535707106721, ""IBOXIG_LAG_2"": 64.16403691220194, ""JPEICORE_LAG_0"": 114.7015988833723, ""JPEICORE_LAG_1"": 98.6083034460953, ""JPEICORE_LAG_2"": 90.04955368622223, ""LBUTTRUU_LAG_0"": 72.17505126319793, ""LBUTTRUU_LAG_1"": 66.32534114506097, ""LBUTTRUU_LAG_2"": 63.39097312578815, ""LT11TRUU_LAG_0"": 126.44975145586773, ""LT11TRUU_LAG_1"": 114.12592100451457, ""LT11TRUU_LAG_2"": 111.03697816230397, ""SPXT_LAG_0"": 239.3868729541391, ""SPXT_LAG_1"": 216.27520210934472, ""SPXT_LAG_2"": 209.9006370275988, ""STATE_LAG_0"": 1646.7190693613923, ""STATE_LAG_1"": -3.8820044210297056e-06, ""STATE_LAG_2"": -3.8820044210297056e-06}","{""DBLCIX_LAG_0"": 49, ""DBLCIX_LAG_1"": 49, ""DBLCIX_LAG_2"": 49, ""DURATION_STATE_0"": 49, ""DURATION_STATE_1"": 49, ""DURATION_STATE_2"": 49, ""DURATION_STATE_3"": 49, ""IBOXIG_LAG_0"": 49, ""IBOXIG_LAG_1"": 49, ""IBOXIG_LAG_2"": 49, ""JPEICORE_LAG_0"": 49, ""JPEICORE_LAG_1"": 49, ""JPEICORE_LAG_2"": 49, ""LBUTTRUU_LAG_0"": 49, ""LBUTTRUU_LAG_1"": 49, ""LBUTTRUU_LAG_2"": 49, ""LT11TRUU_LAG_0"": 49, ""LT11TRUU_LAG_1"": 49, ""LT11TRUU_LAG_2"": 49, ""SPXT_LAG_0"": 49, ""SPXT_LAG_1"": 49, ""SPXT_LAG_2"": 49, ""STATE_LAG_0"": 49, ""STATE_LAG_1"": 5, ""STATE_LAG_2"": 10}",2316,prediction,2017-01-03,2023-12-05,1.0,1.0,1730
multinomial_logistic_gam,0.758138404303162,0.8068783068783069,0.34268595219342085,4,2,2,6,0.05,23,STATE_LAG_0|SPXT_LAG_0|DBLCIX_LAG_0|IBOXIG_LAG_0|JPEICORE_LAG_0|LT11TRUU_LAG_0|LBUTTRUU_LAG_0|SPXT_LAG_1|DBLCIX_LAG_1|IBOXIG_LAG_1|JPEICORE_LAG_1|LT11TRUU_LAG_1|LBUTTRUU_LAG_1|SPXT_LAG_2|DBLCIX_LAG_2|IBOXIG_LAG_2|JPEICORE_LAG_2|LT11TRUU_LAG_2|LBUTTRUU_LAG_2|DURATION_STATE_0|DURATION_STATE_1|DURATION_STATE_2|DURATION_STATE_3,0.02,True,"{""DBLCIX_LAG_0"": 0.02, ""DBLCIX_LAG_1"": 0.02, ""DBLCIX_LAG_2"": 0.02, ""DURATION_STATE_0"": 0.02, ""DURATION_STATE_1"": 0.02, ""DURATION_STATE_2"": 0.02, ""DURATION_STATE_3"": 0.02, ""IBOXIG_LAG_0"": 0.02, ""IBOXIG_LAG_1"": 0.02, ""IBOXIG_LAG_2"": 0.02, ""JPEICORE_LAG_0"": 0.02, ""JPEICORE_LAG_1"": 0.02, ""JPEICORE_LAG_2"": 0.02, ""LBUTTRUU_LAG_0"": 0.02, ""LBUTTRUU_LAG_1"": 0.02, ""LBUTTRUU_LAG_2"": 0.02, ""LT11TRUU_LAG_0"": 0.02, ""LT11TRUU_LAG_1"": 0.02, ""LT11TRUU_LAG_2"": 0.02, ""SPXT_LAG_0"": 0.02, ""SPXT_LAG_1"": 0.02, ""SPXT_LAG_2"": 0.02, ""STATE_LAG_0"": 0.02, ""STATE_LAG_1"": 0.5, ""STATE_LAG_2"": 0.2727272727272727}",regularized_bootstrap,1.0,49,"{""DBLCIX_LAG_0"": 87.98905570592524, ""DBLCIX_LAG_1"": 85.25666597575582, ""DBLCIX_LAG_2"": 81.4079874184954, ""DURATION_STATE_0"": 1189.9950382354073, ""DURATION_STATE_1"": 453.7591866043979, ""DURATION_STATE_2"": 1079.7022503223131, ""DURATION_STATE_3"": 142.5118646316489, ""IBOXIG_LAG_0"": 71.1719226250516, ""IBOXIG_LAG_1"": 66.03535707106721, ""IBOXIG_LAG_2"": 64.16403691220194, ""JPEICORE_LAG_0"": 114.7015988833723, ""JPEICORE_LAG_1"": 98.6083034460953, ""JPEICORE_LAG_2"": 90.04955368622223, ""LBUTTRUU_LAG_0"": 72.17505126319793, ""LBUTTRUU_LAG_1"": 66.32534114506097, ""LBUTTRUU_LAG_2"": 63.39097312578815, ""LT11TRUU_LAG_0"": 126.44975145586773, ""LT11TRUU_LAG_1"": 114.12592100451457, ""LT11TRUU_LAG_2"": 111.03697816230397, ""SPXT_LAG_0"": 239.3868729541391, ""SPXT_LAG_1"": 216.27520210934472, ""SPXT_LAG_2"": 209.9006370275988, ""STATE_LAG_0"": 1646.7190693613923, ""STATE_LAG_1"": -3.8820044210297056e-06, ""STATE_LAG_2"": -3.8820044210297056e-06}","{""DBLCIX_LAG_0"": 49, ""DBLCIX_LAG_1"": 49, ""DBLCIX_LAG_2"": 49, ""DURATION_STATE_0"": 49, ""DURATION_STATE_1"": 49, ""DURATION_STATE_2"": 49, ""DURATION_STATE_3"": 49, ""IBOXIG_LAG_0"": 49, ""IBOXIG_LAG_1"": 49, ""IBOXIG_LAG_2"": 49, ""JPEICORE_LAG_0"": 49, ""JPEICORE_LAG_1"": 49, ""JPEICORE_LAG_2"": 49, ""LBUTTRUU_LAG_0"": 49, ""LBUTTRUU_LAG_1"": 49, ""LBUTTRUU_LAG_2"": 49, ""LT11TRUU_LAG_0"": 49, ""LT11TRUU_LAG_1"": 49, ""LT11TRUU_LAG_2"": 49, ""SPXT_LAG_0"": 49, ""SPXT_LAG_1"": 49, ""SPXT_LAG_2"": 49, ""STATE_LAG_0"": 49, ""STATE_LAG_1"": 5, ""STATE_LAG_2"": 10}",2316,validation,2009-06-02,2016-12-30,10.0,0.1,1890
multinomial_logistic_gam,0.5767830685852118,0.8739884393063584,0.22367049888138685,4,2,2,6,0.05,23,STATE_LAG_0|SPXT_LAG_0|DBLCIX_LAG_0|IBOXIG_LAG_0|JPEICORE_LAG_0|LT11TRUU_LAG_0|LBUTTRUU_LAG_0|SPXT_LAG_1|DBLCIX_LAG_1|IBOXIG_LAG_1|JPEICORE_LAG_1|LT11TRUU_LAG_1|LBUTTRUU_LAG_1|SPXT_LAG_2|DBLCIX_LAG_2|IBOXIG_LAG_2|JPEICORE_LAG_2|LT11TRUU_LAG_2|LBUTTRUU_LAG_2|DURATION_STATE_0|DURATION_STATE_1|DURATION_STATE_2|DURATION_STATE_3,0.02,True,"{""DBLCIX_LAG_0"": 0.02, ""DBLCIX_LAG_1"": 0.02, ""DBLCIX_LAG_2"": 0.02, ""DURATION_STATE_0"": 0.02, ""DURATION_STATE_1"": 0.02, ""DURATION_STATE_2"": 0.02, ""DURATION_STATE_3"": 0.02, ""IBOXIG_LAG_0"": 0.02, ""IBOXIG_LAG_1"": 0.02, ""IBOXIG_LAG_2"": 0.02, ""JPEICORE_LAG_0"": 0.02, ""JPEICORE_LAG_1"": 0.02, ""JPEICORE_LAG_2"": 0.02, ""LBUTTRUU_LAG_0"": 0.02, ""LBUTTRUU_LAG_1"": 0.02, ""LBUTTRUU_LAG_2"": 0.02, ""LT11TRUU_LAG_0"": 0.02, ""LT11TRUU_LAG_1"": 0.02, ""LT11TRUU_LAG_2"": 0.02, ""SPXT_LAG_0"": 0.02, ""SPXT_LAG_1"": 0.02, ""SPXT_LAG_2"": 0.02, ""STATE_LAG_0"": 0.02, ""STATE_LAG_1"": 0.5, ""STATE_LAG_2"": 0.2727272727272727}",regularized_bootstrap,1.0,49,"{""DBLCIX_LAG_0"": 87.98905570592524, ""DBLCIX_LAG_1"": 85.25666597575582, ""DBLCIX_LAG_2"": 81.4079874184954, ""DURATION_STATE_0"": 1189.9950382354073, ""DURATION_STATE_1"": 453.7591866043979, ""DURATION_STATE_2"": 1079.7022503223131, ""DURATION_STATE_3"": 142.5118646316489, ""IBOXIG_LAG_0"": 71.1719226250516, ""IBOXIG_LAG_1"": 66.03535707106721, ""IBOXIG_LAG_2"": 64.16403691220194, ""JPEICORE_LAG_0"": 114.7015988833723, ""JPEICORE_LAG_1"": 98.6083034460953, ""JPEICORE_LAG_2"": 90.04955368622223, ""LBUTTRUU_LAG_0"": 72.17505126319793, ""LBUTTRUU_LAG_1"": 66.32534114506097, ""LBUTTRUU_LAG_2"": 63.39097312578815, ""LT11TRUU_LAG_0"": 126.44975145586773, ""LT11TRUU_LAG_1"": 114.12592100451457, ""LT11TRUU_LAG_2"": 111.03697816230397, ""SPXT_LAG_0"": 239.3868729541391, ""SPXT_LAG_1"": 216.27520210934472, ""SPXT_LAG_2"": 209.9006370275988, ""STATE_LAG_0"": 1646.7190693613923, ""STATE_LAG_1"": -3.8820044210297056e-06, ""STATE_LAG_2"": -3.8820044210297056e-06}","{""DBLCIX_LAG_0"": 49, ""DBLCIX_LAG_1"": 49, ""DBLCIX_LAG_2"": 49, ""DURATION_STATE_0"": 49, ""DURATION_STATE_1"": 49, ""DURATION_STATE_2"": 49, ""DURATION_STATE_3"": 49, ""IBOXIG_LAG_0"": 49, ""IBOXIG_LAG_1"": 49, ""IBOXIG_LAG_2"": 49, ""JPEICORE_LAG_0"": 49, ""JPEICORE_LAG_1"": 49, ""JPEICORE_LAG_2"": 49, ""LBUTTRUU_LAG_0"": 49, ""LBUTTRUU_LAG_1"": 49, ""LBUTTRUU_LAG_2"": 49, ""LT11TRUU_LAG_0"": 49, ""LT11TRUU_LAG_1"": 49, ""LT11TRUU_LAG_2"": 49, ""SPXT_LAG_0"": 49, ""SPXT_LAG_1"": 49, ""SPXT_LAG_2"": 49, ""STATE_LAG_0"": 49, ""STATE_LAG_1"": 5, ""STATE_LAG_2"": 10}",2316,prediction,2017-01-03,2023-12-05,10.0,0.1,1730
